date,period,symbol,pnl,return_contribution,security_close_return
2021-08-23 00:00:00-04:00,2021-08-23 00:00:00-04:00,__cash_interest__,0.0,0.0,
2021-08-23 00:00:00-04:00,2021-08-23 00:00:00-04:00,__costs__,-2.0,-0.0002,
2021-08-23 00:00:00-04:00,2021-08-23 00:00:00-04:00,GS,-2.189665955204954,-0.0002189665955204954,
2021-08-23 00:00:00-04:00,2021-08-23 00:00:00-04:00,MSFT,9.233265599237448,0.0009233265599237449,
2021-08-23 00:00:00-04:00,2021-08-23 00:00:00-04:00,CSCO,23.854881922422944,0.0023854881922422944,
2021-08-23 00:00:00-04:00,2021-08-23 00:00:00-04:00,AXP,-9.67560379540029,-0.000967560379540029,
2021-08-23 00:00:00-04:00,2021-08-23 00:00:00-04:00,JPM,17.63980043826433,0.001763980043826433,
2021-08-24 00:00:00-04:00,2021-08-23 00:00:00-04:00,__cash_interest__,-0.0002861558636153886,-2.8510489063146348e-08,
2021-08-24 00:00:00-04:00,2021-08-23 00:00:00-04:00,GS,35.38279525203684,0.0035252843828236474,0.01771078798075898
2021-08-24 00:00:00-04:00,2021-08-23 00:00:00-04:00,MSFT,-13.388438531615588,-0.0013339266423045477,-0.006663456533814949
2021-08-24 00:00:00-04:00,2021-08-23 00:00:00-04:00,CSCO,26.96607428635757,0.0026867035199059433,0.013324114553481703
2021-08-24 00:00:00-04:00,2021-08-23 00:00:00-04:00,AXP,9.304361605955254,0.0009270189205791992,0.0046747965425626425
2021-08-24 00:00:00-04:00,2021-08-23 00:00:00-04:00,JPM,12.490096118776604,0.0012444223378579656,0.006190448917623215
2021-08-25 00:00:00-04:00,2021-08-23 00:00:00-04:00,__cash_interest__,-0.0002861968062045293,-2.8314962691415148e-08,
2021-08-25 00:00:00-04:00,2021-08-23 00:00:00-04:00,GS,22.692646020800026,0.002245103409676954,0.011161087303422246
2021-08-25 00:00:00-04:00,2021-08-23 00:00:00-04:00,MSFT,-4.022748420140217,-0.00039799176288437854,-0.002015561713808456
2021-08-25 00:00:00-04:00,2021-08-23 00:00:00-04:00,CSCO,1.0372733728044785,0.0001026229371363696,0.0005057844614198004
2021-08-25 00:00:00-04:00,2021-08-23 00:00:00-04:00,AXP,61.77470156825176,0.006111697727780833,0.030893085192418734
2021-08-25 00:00:00-04:00,2021-08-23 00:00:00-04:00,JPM,41.8458408622784,0.004140030206904373,0.020612395755190915
2021-08-26 00:00:00-04:00,2021-08-23 00:00:00-04:00,__cash_interest__,-0.000286237754651651,-2.7977646524474844e-08,
2021-08-26 00:00:00-04:00,2021-08-23 00:00:00-04:00,GS,-3.532965248785016,-0.0003453215074092965,-0.0017184637839323669
2021-08-26 00:00:00-04:00,2021-08-23 00:00:00-04:00,MSFT,-19.25803414245708,-0.0018823319539018905,-0.009668551397690073
2021-08-26 00:00:00-04:00,2021-08-23 00:00:00-04:00,CSCO,-5.186215193694449,-0.0005069145950562227,-0.0025275699455863387
2021-08-26 00:00:00-04:00,2021-08-23 00:00:00-04:00,AXP,-8.311531633042566,-0.0008123914135270234,-0.004031977144128396
2021-08-26 00:00:00-04:00,2021-08-23 00:00:00-04:00,JPM,10.68728476926176,0.001044603902600815,0.005158016368750129
2021-08-27 00:00:00-04:00,2021-08-23 00:00:00-04:00,__cash_interest__,-0.00028627870895759185,-2.8051845986077166e-08,
2021-08-27 00:00:00-04:00,2021-08-23 00:00:00-04:00,GS,36.228622343962954,0.0035499661779987636,0.017652239013792093
2021-08-27 00:00:00-04:00,2021-08-23 00:00:00-04:00,MSFT,4.15545850955477,0.00040718460180296586,0.002106627929841176
2021-08-27 00:00:00-04:00,2021-08-23 00:00:00-04:00,CSCO,-6.222578544531267,-0.0006097373276659465,-0.0030403398789777825
2021-08-27 00:00:00-04:00,2021-08-23 00:00:00-04:00,AXP,38.95107720512865,0.0038167337792204816,0.018971910940147607
2021-08-27 00:00:00-04:00,2021-08-23 00:00:00-04:00,JPM,16.738291814558153,0.0016401498587223164,0.008036965959557163
2021-08-30 00:00:00-04:00,2021-08-23 00:00:00-04:00,__cash_interest__,-0.0002863196691231901,-2.7811004024528924e-08,
2021-08-30 00:00:00-04:00,2021-08-23 00:00:00-04:00,GS,-30.306289846036034,-0.002943731918445357,-0.01451046599175454
2021-08-30 00:00:00-04:00,2021-08-23 00:00:00-04:00,MSFT,25.523457480558704,0.0024791624720909506,0.012912027954211203
2021-08-30 00:00:00-04:00,2021-08-23 00:00:00-04:00,CSCO,3.802678462195333,0.00036936444617991583,0.0018636474863802377
2021-08-30 00:00:00-04:00,2021-08-23 00:00:00-04:00,AXP,-54.45680447049863,-0.0052895367367877325,-0.02603044217620032
2021-08-30 00:00:00-04:00,2021-08-23 00:00:00-04:00,JPM,-33.605499001645526,-0.0032641930288727396,-0.0160071820368477
2021-08-31 00:00:00-04:00,2021-08-23 00:00:00-04:00,__cash_interest__,-0.0002863606351492841,-2.8057652754130665e-08,
2021-08-31 00:00:00-04:00,2021-08-23 00:00:00-04:00,GS,9.550954722247969,0.0009358038018303646,0.004640271130290863
2021-08-31 00:00:00-04:00,2021-08-23 00:00:00-04:00,MSFT,-11.278473703068737,-0.0011050663391367602,-0.005632919643418166
2021-08-31 00:00:00-04:00,2021-08-23 00:00:00-04:00,CSCO,-3.802678462195333,-0.0003725869366516349,-0.001860180765172914
2021-08-31 00:00:00-04:00,2021-08-23 00:00:00-04:00,AXP,21.088183316467784,0.0020662229792878144,0.01034959076160602
2021-08-31 00:00:00-04:00,2021-08-23 00:00:00-04:00,JPM,-6.309283093886886,-0.0006181843886590778,-0.003054165880320703
2021-09-01 00:00:00-04:00,2021-09-01 00:00:00-04:00,__cash_interest__,-0.0002864016070367124,-2.8036261816359688e-08,
2021-09-01 00:00:00-04:00,2021-09-01 00:00:00-04:00,GS,0.7251370455228321,7.098469967179213e-05,0.00036261620879529666
2021-09-01 00:00:00-04:00,2021-09-01 00:00:00-04:00,MSFT,-0.4947034743745782,-4.8427228717507094e-05,-0.00016537882158595973
2021-09-01 00:00:00-04:00,2021-09-01 00:00:00-04:00,CSCO,0.693235357470976,6.786179792602426e-05,0.00033887878471627886
2021-09-01 00:00:00-04:00,2021-09-01 00:00:00-04:00,AXP,-18.652983421215318,-0.0018259671524342171,-0.009158962548321936
2021-09-01 00:00:00-04:00,2021-09-01 00:00:00-04:00,JPM,-2.9077593810149596,-0.0002846447132353605,-0.0014380835930684066
2021-09-01 00:00:00-04:00,2021-09-01 00:00:00-04:00,__costs__,-0.01871525555897947,-1.8320630608206403e-06,
2021-09-02 00:00:00-04:00,2021-09-01 00:00:00-04:00,__cash_interest__,-2.677740058491795e-06,-2.6265890381445697e-10,
2021-09-02 00:00:00-04:00,2021-09-01 00:00:00-04:00,GS,4.159367375765248,0.0004079913851292381,0.0020307931388776623
2021-09-02 00:00:00-04:00,2021-09-01 00:00:00-04:00,MSFT,-4.5931070621423125,-0.00045053681077775805,-0.0022530150875038624
2021-09-02 00:00:00-04:00,2021-09-01 00:00:00-04:00,CSCO,16.983886476199046,0.001665945501394265,0.0082995318607193
2021-09-02 00:00:00-04:00,2021-09-01 00:00:00-04:00,AXP,-29.392596718259757,-0.0028831130227878945,-0.014534190031613381
2021-09-02 00:00:00-04:00,2021-09-01 00:00:00-04:00,JPM,9.448527444835454,0.0009268038745773937,0.004633244511887069
2021-09-03 00:00:00-04:00,2021-09-01 00:00:00-04:00,__cash_interest__,-2.678123184001283e-06,-2.627839677431682e-10,
2021-09-03 00:00:00-04:00,2021-09-01 00:00:00-04:00,GS,-15.79473295865477,-0.0015498176563028111,-0.007696080932782734
2021-09-03 00:00:00-04:00,2021-09-01 00:00:00-04:00,MSFT,-0.06731240630601541,-6.604857204890435e-06,-3.309270161544475e-05
2021-09-03 00:00:00-04:00,2021-09-01 00:00:00-04:00,CSCO,-3.813326753244337,-0.00037417290605040374,-0.001848123430296278
2021-09-03 00:00:00-04:00,2021-09-01 00:00:00-04:00,AXP,-33.81918420054837,-0.003318420699670441,-0.016969710917647984
2021-09-03 00:00:00-04:00,2021-09-01 00:00:00-04:00,JPM,-12.384757529865638,-0.0012152225643230952,-0.006045066100331065
2021-09-07 00:00:00-04:00,2021-09-01 00:00:00-04:00,__cash_interest__,-2.6785063643275757e-06,-2.645315615525077e-10,
2021-09-07 00:00:00-04:00,2021-09-01 00:00:00-04:00,GS,-4.90162052957963,-0.0004840882030732237,-0.0024068682508423533
2021-09-07 00:00:00-04:00,2021-09-01 00:00:00-04:00,MSFT,-6.484071189611618,-0.0006403723731439368,-0.003187860099241324
2021-09-07 00:00:00-04:00,2021-09-01 00:00:00-04:00,CSCO,-18.716290643186557,-0.0018484367467820684,-0.009087618892643312
2021-09-07 00:00:00-04:00,2021-09-01 00:00:00-04:00,AXP,5.1646179477337055,0.0005100620512727746,0.002636225869967701
2021-09-07 00:00:00-04:00,2021-09-01 00:00:00-04:00,JPM,-3.5754049174358067,-0.00035311002377597437,-0.0017557880342947696
2021-09-08 00:00:00-04:00,2021-09-01 00:00:00-04:00,__cash_interest__,-2.6788895994785172e-06,-2.6531652707766046e-10,
2021-09-08 00:00:00-04:00,2021-09-01 00:00:00-04:00,GS,-26.341075848913817,-0.0026088132803544803,-0.012965602125306397
2021-09-08 00:00:00-04:00,2021-09-01 00:00:00-04:00,MSFT,0.20193721891804622,1.999980948131898e-05,9.959889768751395e-05
2021-09-08 00:00:00-04:00,2021-09-01 00:00:00-04:00,CSCO,-6.9325057822458955,-0.0006865935641578241,-0.00339691993518354
2021-09-08 00:00:00-04:00,2021-09-01 00:00:00-04:00,AXP,-9.715440226015913,-0.0009622146654714404,-0.0049461070269744
2021-09-08 00:00:00-04:00,2021-09-01 00:00:00-04:00,JPM,-9.064580973832559,-0.0008977537349279548,-0.004459208549133509
2021-09-09 00:00:00-04:00,2021-09-01 00:00:00-04:00,__cash_interest__,-2.679272889461952e-06,-2.6672421708082685e-10,
2021-09-09 00:00:00-04:00,2021-09-01 00:00:00-04:00,GS,-2.0795988201540836,-0.00020702608134074734,-0.0010370661422536287
2021-09-09 00:00:00-04:00,2021-09-01 00:00:00-04:00,MSFT,-19.992213414328017,-0.001990244253066843,-0.009859520336344296
2021-09-09 00:00:00-04:00,2021-09-01 00:00:00-04:00,CSCO,-2.7726373721451965,-0.0002760187419665863,-0.0013632199023825287
2021-09-09 00:00:00-04:00,2021-09-01 00:00:00-04:00,AXP,5.657369441955489,0.0005631966199029465,0.002894469400499977
2021-09-09 00:00:00-04:00,2021-09-01 00:00:00-04:00,JPM,8.809573398209592,0.0008770015837861897,0.004353172428547936
2021-09-10 00:00:00-04:00,2021-09-01 00:00:00-04:00,__cash_interest__,-2.6796562342857248e-06,-2.6703825428455445e-10,
2021-09-10 00:00:00-04:00,2021-09-01 00:00:00-04:00,GS,-5.445962140437787,-0.0005427114882405532,-0.0027186427206932207
2021-09-10 00:00:00-04:00,2021-09-01 00:00:00-04:00,MSFT,-10.40169611076586,-0.0010365698164853413,-0.005180864733112078
2021-09-10 00:00:00-04:00,2021-09-01 00:00:00-04:00,CSCO,-24.609323513510518,-0.0024524156143944285,-0.012116158988717207
2021-09-10 00:00:00-04:00,2021-09-01 00:00:00-04:00,AXP,-8.239977536518955,-0.0008211460815541847,-0.00420363707538518
2021-09-10 00:00:00-04:00,2021-09-01 00:00:00-04:00,JPM,-23.365979857796027,-0.0023285115422788964,-0.011496047083053629
2021-09-13 00:00:00-04:00,2021-09-01 00:00:00-04:00,__cash_interest__,-2.680039633957682e-06,-2.6900830565543743e-10,
2021-09-13 00:00:00-04:00,2021-09-01 00:00:00-04:00,GS,28.618077005652882,0.0028725322972328387,0.014325185900137205
2021-09-13 00:00:00-04:00,2021-09-01 00:00:00-04:00,MSFT,8.645571166629304,0.0008677970360923313,0.004328601959237011
2021-09-13 00:00:00-04:00,2021-09-01 00:00:00-04:00,CSCO,7.278895380455107,0.0007306172970464128,0.0036276458610098317
2021-09-13 00:00:00-04:00,2021-09-01 00:00:00-04:00,AXP,33.574702884516036,0.003370052375871319,0.01720049037135407
2021-09-13 00:00:00-04:00,2021-09-01 00:00:00-04:00,JPM,31.92054568038265,0.003204016761646263,0.015887531786986653
2021-09-14 00:00:00-04:00,2021-09-01 00:00:00-04:00,__cash_interest__,-2.680423088485671e-06,-2.6610763188886663e-10,
2021-09-14 00:00:00-04:00,2021-09-01 00:00:00-04:00,GS,-27.57827759557584,-0.002737922298184123,-0.01360973748161809
2021-09-14 00:00:00-04:00,2021-09-01 00:00:00-04:00,MSFT,18.912213723341694,0.0018775709063668165,0.009428020055942676
2021-09-14 00:00:00-04:00,2021-09-01 00:00:00-04:00,CSCO,-7.972282811462132,-0.0007914740433403205,-0.003958854014115221
2021-09-14 00:00:00-04:00,2021-09-01 00:00:00-04:00,AXP,-24.227978770526054,-0.002405310595843604,-0.012202231886797366
2021-09-14 00:00:00-04:00,2021-09-01 00:00:00-04:00,JPM,-35.62224006384126,-0.003536512570230452,-0.01745266374791965
2021-09-15 00:00:00-04:00,2021-09-01 00:00:00-04:00,__cash_interest__,-2.6808065978775413e-06,-2.68182187381929e-10,
2021-09-15 00:00:00-04:00,2021-09-01 00:00:00-04:00,GS,-8.615602065964833,-0.0008618864969565629,-0.004310418765942514
2021-09-15 00:00:00-04:00,2021-09-01 00:00:00-04:00,MSFT,33.97411493183516,0.003398698161962972,0.016778414778954254
2021-09-15 00:00:00-04:00,2021-09-01 00:00:00-04:00,CSCO,-10.744464007665876,-0.0010748533154549729,-0.005356662282380853
2021-09-15 00:00:00-04:00,2021-09-01 00:00:00-04:00,AXP,22.874756739045264,0.0022883419874315403,0.011663006916566854
2021-09-15 00:00:00-04:00,2021-09-01 00:00:00-04:00,JPM,13.916127698282011,0.0013921398018664523,0.006939136299367377
2021-09-16 00:00:00-04:00,2021-09-01 00:00:00-04:00,__cash_interest__,-2.681190162141142e-06,-2.6684830696150834e-10,
2021-09-16 00:00:00-04:00,2021-09-01 00:00:00-04:00,GS,-26.093431817032915,-0.002596976597001345,-0.013111158625403352
2021-09-16 00:00:00-04:00,2021-09-01 00:00:00-04:00,MSFT,2.7019285639522876,0.0002689123184928547,0.0013123519452202803
2021-09-16 00:00:00-04:00,2021-09-01 00:00:00-04:00,CSCO,-7.9716745768735295,-0.0007933894039011542,-0.003995689152532789
2021-09-16 00:00:00-04:00,2021-09-01 00:00:00-04:00,AXP,15.864564093204473,0.0015789376407278851,0.007995512800348159
2021-09-16 00:00:00-04:00,2021-09-01 00:00:00-04:00,JPM,-0.8932992649095512,-8.890656090603888e-05,-0.0004423650106114563
2021-09-17 00:00:00-04:00,2021-09-01 00:00:00-04:00,__cash_interest__,-2.681573781284324e-06,-2.673226032738729e-10,
2021-09-17 00:00:00-04:00,2021-09-01 00:00:00-04:00,GS,-25.84527857878077,-0.0025764822136309443,-0.013158998865910432
2021-09-17 00:00:00-04:00,2021-09-01 00:00:00-04:00,MSFT,-36.13604365029428,-0.0036023552020218444,-0.017528610281971946
2021-09-17 00:00:00-04:00,2021-09-01 00:00:00-04:00,CSCO,-16.63764893663699,-0.0016585855877396076,-0.008372841525057684
2021-09-17 00:00:00-04:00,2021-09-01 00:00:00-04:00,AXP,15.864564093204473,0.0015815177649780895,0.00793209165994746
2021-09-17 00:00:00-04:00,2021-09-01 00:00:00-04:00,JPM,-5.234610052333305,-0.0005218314692960349,-0.002593344940253761
2021-09-20 00:00:00-04:00,2021-09-01 00:00:00-04:00,__cash_interest__,-2.68195745531494e-06,-2.691853185255816e-10,
2021-09-20 00:00:00-04:00,2021-09-01 00:00:00-04:00,GS,-66.00061407313046,-0.0066244139283236,-0.034051984174975125
2021-09-20 00:00:00-04:00,2021-09-01 00:00:00-04:00,MSFT,-37.62163274488246,-0.0037760446847559742,-0.018574819856592262
2021-09-20 00:00:00-04:00,2021-09-01 00:00:00-04:00,CSCO,-33.27408140409677,-0.0033396854165817186,-0.01688645850704429
2021-09-20 00:00:00-04:00,2021-09-01 00:00:00-04:00,AXP,-41.19869119980832,-0.004135070372380378,-0.020436745049777993
2021-09-20 00:00:00-04:00,2021-09-01 00:00:00-04:00,JPM,-60.264140942871165,-0.006048650004954071,-0.029933855624662664
2021-09-21 00:00:00-04:00,2021-09-01 00:00:00-04:00,__cash_interest__,-2.682341184240842e-06,-2.758225749622622e-10,
2021-09-21 00:00:00-04:00,2021-09-01 00:00:00-04:00,GS,-11.338837739369348,-0.0011659618249634707,-0.0060563258338293124
2021-09-21 00:00:00-04:00,2021-09-01 00:00:00-04:00,MSFT,3.377410704940359,0.00034729590807271274,0.0016990793049984632
2021-09-21 00:00:00-04:00,2021-09-01 00:00:00-04:00,CSCO,-21.83607790677672,-0.0022453829776424654,-0.011272064349897692
2021-09-21 00:00:00-04:00,2021-09-01 00:00:00-04:00,AXP,33.20518911729913,0.0034144577946501773,0.016815190040104566
2021-09-21 00:00:00-04:00,2021-09-01 00:00:00-04:00,JPM,0.2547867898432086,2.6199481577438515e-05,0.00013046056309451437
2021-09-22 00:00:00-04:00,2021-09-01 00:00:00-04:00,__cash_interest__,-2.682724968069886e-06,-2.75758186317606e-10,
2021-09-22 00:00:00-04:00,2021-09-01 00:00:00-04:00,GS,47.68123592585573,0.004901170003183617,0.025622790277760377
2021-09-22 00:00:00-04:00,2021-09-01 00:00:00-04:00,MSFT,25.530909725565344,0.0026243306506464896,0.01282208908637239
2021-09-22 00:00:00-04:00,2021-09-01 00:00:00-04:00,CSCO,9.011451606089766,0.0009262900895771053,0.004704860749999096
2021-09-22 00:00:00-04:00,2021-09-01 00:00:00-04:00,AXP,51.89823851768361,0.005334637093645649,0.02584677808600322
2021-09-22 00:00:00-04:00,2021-09-01 00:00:00-04:00,JPM,37.4097217367794,0.0038453576641524264,0.019152707003111447
2021-09-23 00:00:00-04:00,2021-09-01 00:00:00-04:00,__cash_interest__,-2.683108806809926e-06,-2.710190908271235e-10,
2021-09-23 00:00:00-04:00,2021-09-01 00:00:00-04:00,GS,31.638519464405896,0.0031957864543534224,0.01657705611070126
2021-09-23 00:00:00-04:00,2021-09-01 00:00:00-04:00,MSFT,6.619553485106528,0.0006686368300315368,0.0032823737518099527
2021-09-23 00:00:00-04:00,2021-09-01 00:00:00-04:00,CSCO,40.55328090184618,0.00409626075997368,0.021073637822950575
2021-09-23 00:00:00-04:00,2021-09-01 00:00:00-04:00,AXP,72.1893900931767,0.007291803754197616,0.03504650141993282
2021-09-23 00:00:00-04:00,2021-09-01 00:00:00-04:00,JPM,67.28711581126166,0.006796628189383511,0.033801684039512114
2021-09-24 00:00:00-04:00,2021-09-01 00:00:00-04:00,__cash_interest__,-2.683492700468819e-06,-2.6521021691602827e-10,
2021-09-24 00:00:00-04:00,2021-09-01 00:00:00-04:00,GS,-5.000406565600661,-0.0004941913610197624,-0.002577248338610838
2021-09-24 00:00:00-04:00,2021-09-01 00:00:00-04:00,MSFT,-1.4182766882821591,-0.00014016861982912938,-0.0007009662654686721
2021-09-24 00:00:00-04:00,2021-09-01 00:00:00-04:00,CSCO,1.3861666274254476,0.00013699517493639404,0.0007054591830417678
2021-09-24 00:00:00-04:00,2021-09-01 00:00:00-04:00,AXP,29.02348177863834,0.0028683975539886167,0.013613222627221866
2021-09-24 00:00:00-04:00,2021-09-01 00:00:00-04:00,JPM,23.74860161412036,0.0023470799024095886,0.011540037807345582
2021-09-27 00:00:00-04:00,2021-09-01 00:00:00-04:00,__cash_interest__,-2.6838766490544237e-06,-2.640025688554973e-10,
2021-09-27 00:00:00-04:00,2021-09-01 00:00:00-04:00,GS,44.363416946297136,0.0043638577954602745,0.02292433097314217
2021-09-27 00:00:00-04:00,2021-09-01 00:00:00-04:00,MSFT,-34.98765969939835,-0.00344160080610911,-0.01730436150785475
2021-09-27 00:00:00-04:00,2021-09-01 00:00:00-04:00,CSCO,-17.67666567261747,-0.0017387852560269317,-0.008989810377941887
2021-09-27 00:00:00-04:00,2021-09-01 00:00:00-04:00,AXP,12.913239886615074,0.0012702254790713818,0.005975501881808842
2021-09-27 00:00:00-04:00,2021-09-01 00:00:00-04:00,JPM,50.30537756101002,0.004948345486753787,0.02416576373091628
2021-09-28 00:00:00-04:00,2021-09-01 00:00:00-04:00,__cash_interest__,-2.6842606525745974e-06,-2.626216485074158e-10,
2021-09-28 00:00:00-04:00,2021-09-01 00:00:00-04:00,GS,-51.04776898159651,-0.004994391744227243,-0.02578724453608705
2021-09-28 00:00:00-04:00,2021-09-01 00:00:00-04:00,MSFT,-71.93295282040985,-0.007037748228206836,-0.03620341556353923
2021-09-28 00:00:00-04:00,2021-09-01 00:00:00-04:00,CSCO,-24.262781856654154,-0.0023738126036526,-0.012451241507280497
2021-09-28 00:00:00-04:00,2021-09-01 00:00:00-04:00,AXP,-44.64216865922628,-0.004367683114151776,-0.020535110675703794
2021-09-28 00:00:00-04:00,2021-09-01 00:00:00-04:00,JPM,-11.491016693396565,-0.0011242536167832805,-0.005389820647571764
2021-09-29 00:00:00-04:00,2021-09-01 00:00:00-04:00,__cash_interest__,-2.6846447110372006e-06,-2.679916929822752e-10,
2021-09-29 00:00:00-04:00,2021-09-01 00:00:00-04:00,GS,-22.825345326399,-0.0022785148857047285,-0.011835639201176251
2021-09-29 00:00:00-04:00,2021-09-01 00:00:00-04:00,MSFT,3.2421427801661693,0.00032364332195425186,0.0016930446470559968
2021-09-29 00:00:00-04:00,2021-09-01 00:00:00-04:00,CSCO,-1.3863186860725982,-0.00013838773159299096,-0.0007204047921102186
2021-09-29 00:00:00-04:00,2021-09-01 00:00:00-04:00,AXP,-19.67655825085062,-0.001964190693848853,-0.009240852261462429
2021-09-29 00:00:00-04:00,2021-09-01 00:00:00-04:00,JPM,-1.6594259206772584,-0.0001656503596295826,-0.00078256573484492
2021-09-30 00:00:00-04:00,2021-09-01 00:00:00-04:00,__cash_interest__,-2.6850288244500943e-06,-2.691667549683814e-10,
2021-09-30 00:00:00-04:00,2021-09-01 00:00:00-04:00,GS,-33.96593205189796,-0.0034049912710930894,-0.017823324363376636
2021-09-30 00:00:00-04:00,2021-09-01 00:00:00-04:00,MSFT,-14.049428294533879,-0.0014084165461334076,-0.007324201233708472
2021-09-30 00:00:00-04:00,2021-09-01 00:00:00-04:00,CSCO,-36.39356455039263,-0.0036483547523061535,-0.018925662495844597
2021-09-30 00:00:00-04:00,2021-09-01 00:00:00-04:00,AXP,-49.31642807831111,-0.004943836278997569,-0.02337687282632195
2021-09-30 00:00:00-04:00,2021-09-01 00:00:00-04:00,JPM,-28.85603905731182,-0.0028927385522158136,-0.01361882604692044
2021-10-01 00:00:00-04:00,2021-10-01 00:00:00-04:00,__cash_interest__,-2.6854129928211403e-06,-2.7366556050472567e-10,
2021-10-01 00:00:00-04:00,2021-10-01 00:00:00-04:00,GS,9.886463703969769,0.0010075115590001602,0.005211125628527213
2021-10-01 00:00:00-04:00,2021-10-01 00:00:00-04:00,MSFT,50.05600518812717,0.005101116570544822,0.025468317008355168
2021-10-01 00:00:00-04:00,2021-10-01 00:00:00-04:00,CSCO,5.892070046834983,0.0006004501565348601,0.013044162661042025
2021-10-01 00:00:00-04:00,2021-10-01 00:00:00-04:00,AXP,75.48506122201373,0.007692545483424571,0.038262169390419265
2021-10-01 00:00:00-04:00,2021-10-01 00:00:00-04:00,JPM,41.52962480698259,0.004232208632614903,0.021015641935447027
2021-10-01 00:00:00-04:00,2021-10-01 00:00:00-04:00,__costs__,-0.852658017677133,-8.689282987393461e-05,
2021-10-01 00:00:00-04:00,2021-10-01 00:00:00-04:00,HD,10.258247337872847,0.001045399353849802,0.0048738759161433
2021-10-04 00:00:00-04:00,2021-10-01 00:00:00-04:00,__cash_interest__,-0.00012199654570881165,-1.2193546298851722e-08,
2021-10-04 00:00:00-04:00,2021-10-01 00:00:00-04:00,GS,-30.350381662680064,-0.003033518546295851,-0.015394728995917206
2021-10-04 00:00:00-04:00,2021-10-01 00:00:00-04:00,MSFT,-41.79691257130191,-0.004177598518270307,-0.020719455736905812
2021-10-04 00:00:00-04:00,2021-10-01 00:00:00-04:00,AXP,-14.954237907433413,-0.0014946750436980794,-0.007358903238159797
2021-10-04 00:00:00-04:00,2021-10-01 00:00:00-04:00,JPM,-2.1613990496187077,-0.00021603168539481216,-0.001077389532653239
2021-10-04 00:00:00-04:00,2021-10-01 00:00:00-04:00,HD,-20.335969003386385,-0.0020325786942088394,-0.010276755164074669
2021-10-05 00:00:00-04:00,2021-10-01 00:00:00-04:00,__cash_interest__,-0.00012201400072225933,-1.2330362833892318e-08,
2021-10-05 00:00:00-04:00,2021-10-01 00:00:00-04:00,GS,60.4930301800434,0.006113241157786713,0.031163847781579657
2021-10-05 00:00:00-04:00,2021-10-01 00:00:00-04:00,MSFT,39.42481099470458,0.003984151174002526,0.01995706326162261
2021-10-05 00:00:00-04:00,2021-10-01 00:00:00-04:00,AXP,24.533740092676545,0.0024793049586474634,0.012162428924620272
2021-10-05 00:00:00-04:00,2021-10-01 00:00:00-04:00,JPM,32.72610978182402,0.0033072008569756425,0.01633053208232549
2021-10-05 00:00:00-04:00,2021-10-01 00:00:00-04:00,HD,18.05709448948489,0.0018247949043818832,0.009219879371498152
2021-10-06 00:00:00-04:00,2021-10-01 00:00:00-04:00,__cash_interest__,-0.00012203145823313427,-1.2117541365534048e-08,
2021-10-06 00:00:00-04:00,2021-10-01 00:00:00-04:00,GS,11.62185135335796,0.0011540324647219935,0.005806218469310398
2021-10-06 00:00:00-04:00,2021-10-01 00:00:00-04:00,MSFT,30.352978590432656,0.003014005396330421,0.0150642127235312
2021-10-06 00:00:00-04:00,2021-10-01 00:00:00-04:00,AXP,-15.888356822071799,-0.001577690079340087,-0.0077818942985105055
2021-10-06 00:00:00-04:00,2021-10-01 00:00:00-04:00,JPM,4.346875914444922,0.0004316382797253829,0.0021342644115331932
2021-10-06 00:00:00-04:00,2021-10-01 00:00:00-04:00,HD,5.2789353499356615,0.0005241903882408632,0.0026707787684046025
2021-10-07 00:00:00-04:00,2021-10-01 00:00:00-04:00,__cash_interest__,-0.00012204891824179373,-1.2076450041893822e-08,
2021-10-07 00:00:00-04:00,2021-10-01 00:00:00-04:00,GS,13.333159850136752,0.0013192844406188532,0.006622726587676153
2021-10-07 00:00:00-04:00,2021-10-01 00:00:00-04:00,MSFT,12.142431634924714,0.0012014647170880514,0.005936866383149164
2021-10-07 00:00:00-04:00,2021-10-01 00:00:00-04:00,AXP,15.459848003391606,0.0015297151728813781,0.007631403465116593
2021-10-07 00:00:00-04:00,2021-10-01 00:00:00-04:00,JPM,12.920861369414668,0.0012784884870248626,0.006330478453552724
2021-10-07 00:00:00-04:00,2021-10-01 00:00:00-04:00,HD,42.71337388887372,0.004226386708875221,0.02155247206092592
2021-10-08 00:00:00-04:00,2021-10-01 00:00:00-04:00,__cash_interest__,-0.00012206638074859512,-1.1963859322001476e-08,
2021-10-08 00:00:00-04:00,2021-10-01 00:00:00-04:00,GS,11.361829214271427,0.0011135852929080505,0.00560641530546202
2021-10-08 00:00:00-04:00,2021-10-01 00:00:00-04:00,MSFT,0.0,0.0,0.0
2021-10-08 00:00:00-04:00,2021-10-01 00:00:00-04:00,AXP,10.07223049531704,0.0009871903137107898,0.004934272802392892
2021-10-08 00:00:00-04:00,2021-10-01 00:00:00-04:00,JPM,1.5698320380549589,0.00015386095292807764,0.0007642890368735333
2021-10-08 00:00:00-04:00,2021-10-01 00:00:00-04:00,HD,-18.837279463828644,-0.0018462623380194473,-0.009304450189680735
2021-10-11 00:00:00-04:00,2021-10-01 00:00:00-04:00,__cash_interest__,-0.0001220838457538959,-1.1960686793187577e-08,
2021-10-11 00:00:00-04:00,2021-10-01 00:00:00-04:00,GS,-39.27401422528443,-0.003847717774280798,-0.01927144441492734
2021-10-11 00:00:00-04:00,2021-10-01 00:00:00-04:00,MSFT,-4.326964858888871,-0.0004239174406958534,-0.002103120957011484
2021-10-11 00:00:00-04:00,2021-10-01 00:00:00-04:00,AXP,-19.7932428872596,-0.0019391654754490322,-0.009648877599050754
2021-10-11 00:00:00-04:00,2021-10-01 00:00:00-04:00,JPM,-43.23150963770629,-0.004235437892541768,-0.02103163535538699
2021-10-11 00:00:00-04:00,2021-10-01 00:00:00-04:00,HD,15.777601108602157,0.001545748694616441,0.007866350516507303
2021-10-12 00:00:00-04:00,2021-10-01 00:00:00-04:00,__cash_interest__,-0.00012210131325805348,-1.206982560866443e-08,
2021-10-12 00:00:00-04:00,2021-10-01 00:00:00-04:00,GS,6.692991202533731,0.0006616082535015578,0.00334873211442277
2021-10-12 00:00:00-04:00,2021-10-01 00:00:00-04:00,MSFT,-9.419530982860087,-0.0009311291848127101,-0.004588011496726385
2021-10-12 00:00:00-04:00,2021-10-01 00:00:00-04:00,AXP,16.98198255604207,0.0016786843848896108,0.008359090660289281
2021-10-12 00:00:00-04:00,2021-10-01 00:00:00-04:00,JPM,-15.456919526357083,-0.0015279305205833634,-0.0076811620961722005
2021-10-12 00:00:00-04:00,2021-10-01 00:00:00-04:00,HD,4.978578575042879,0.0004921370096388966,0.002462831742180427
2021-10-13 00:00:00-04:00,2021-10-01 00:00:00-04:00,__cash_interest__,-0.00012211878326142544,-1.206704720727341e-08,
2021-10-13 00:00:00-04:00,2021-10-01 00:00:00-04:00,GS,-1.141465176920214,-0.00011279275642525868,-0.0005692078928505317
2021-10-13 00:00:00-04:00,2021-10-01 00:00:00-04:00,MSFT,23.93295687406816,0.0023649115451041722,0.011710857860677715
2021-10-13 00:00:00-04:00,2021-10-01 00:00:00-04:00,AXP,-72.4967965764799,-0.007163699500605954,-0.03538948509849982
2021-10-13 00:00:00-04:00,2021-10-01 00:00:00-04:00,JPM,-52.65070943340852,-0.00520262795993698,-0.02636677272722543
2021-10-13 00:00:00-04:00,2021-10-01 00:00:00-04:00,HD,2.8795880636870614,0.00028454365638106506,0.001420991440560071
2021-10-14 00:00:00-04:00,2021-10-01 00:00:00-04:00,__cash_interest__,-0.00012213625576436936,-1.2188583576077122e-08,
2021-10-14 00:00:00-04:00,2021-10-01 00:00:00-04:00,GS,25.36976607924696,0.002531774960900977,0.01265820088917291
2021-10-14 00:00:00-04:00,2021-10-01 00:00:00-04:00,MSFT,44.93771590986072,0.0044845578625076505,0.02173436393898509
2021-10-14 00:00:00-04:00,2021-10-01 00:00:00-04:00,AXP,32.67673371379417,0.003260973552621283,0.016536442093308956
2021-10-14 00:00:00-04:00,2021-10-01 00:00:00-04:00,JPM,29.82805412727909,0.002976689668164485,0.015342010801318917
2021-10-14 00:00:00-04:00,2021-10-01 00:00:00-04:00,HD,34.61405541645582,0.0034543085074130457,0.01705677384491122
2021-10-15 00:00:00-04:00,2021-10-01 00:00:00-04:00,__cash_interest__,-0.00012215373076724287,-1.1989995149025695e-08,
2021-10-15 00:00:00-04:00,2021-10-01 00:00:00-04:00,GS,77.14689684200273,0.007572350947352703,0.038011157824042074
2021-10-15 00:00:00-04:00,2021-10-01 00:00:00-04:00,MSFT,10.187568352633177,0.0009999604134988509,0.004822458244971628
2021-10-15 00:00:00-04:00,2021-10-01 00:00:00-04:00,AXP,50.36058416250207,0.00494314136799515,0.025070976055624916
2021-10-15 00:00:00-04:00,2021-10-01 00:00:00-04:00,JPM,37.91778490225647,0.0037218188440444337,0.019208257288884756
2021-10-15 00:00:00-04:00,2021-10-01 00:00:00-04:00,HD,38.15376826012702,0.003744981782239994,0.018485731785228054
2021-10-18 00:00:00-04:00,2021-10-01 00:00:00-04:00,__cash_interest__,-0.00012217120827040363,-1.1745268592233408e-08,
2021-10-18 00:00:00-04:00,2021-10-01 00:00:00-04:00,GS,39.53332494948974,0.0038006460478649823,0.018765232822104183
2021-10-18 00:00:00-04:00,2021-10-01 00:00:00-04:00,MSFT,21.4910941176904,0.0020661060517184917,0.010124349602792293
2021-10-18 00:00:00-04:00,2021-10-01 00:00:00-04:00,AXP,11.829647078383417,0.0011372759936974584,0.005745109811767346
2021-10-18 00:00:00-04:00,2021-10-01 00:00:00-04:00,JPM,-0.7248252646949512,-6.968309094100401e-05,-0.0003602594610923049
2021-10-18 00:00:00-04:00,2021-10-01 00:00:00-04:00,HD,27.595897560255697,0.0026530082944876726,0.013127704271457263
2021-10-19 00:00:00-04:00,2021-10-01 00:00:00-04:00,__cash_interest__,-0.0001221886882742094,-1.163539656006295e-08,
2021-10-19 00:00:00-04:00,2021-10-01 00:00:00-04:00,GS,-7.937967244671703,-0.000755891548367169,-0.0036985015235022622
2021-10-19 00:00:00-04:00,2021-10-01 00:00:00-04:00,MSFT,6.5599870040509405,0.0006246736199483588,0.0030594034075563936
2021-10-19 00:00:00-04:00,2021-10-01 00:00:00-04:00,AXP,5.738835611449048,0.0005464796216027064,0.002771165100480477
2021-10-19 00:00:00-04:00,2021-10-01 00:00:00-04:00,JPM,24.393525181046783,0.002322869186895665,0.012128668473016413
2021-10-19 00:00:00-04:00,2021-10-01 00:00:00-04:00,HD,17.877004197945464,0.0017023346112220257,0.008394113001072734
2021-10-20 00:00:00-04:00,2021-10-01 00:00:00-04:00,__cash_interest__,-0.00012220617077901796,-1.1585615935584328e-08,
2021-10-20 00:00:00-04:00,2021-10-01 00:00:00-04:00,GS,-22.15257013264214,-0.002100149017900114,-0.010359763379361397
2021-10-20 00:00:00-04:00,2021-10-01 00:00:00-04:00,MSFT,-5.722188454497424,-0.0005424855170752511,-0.0026605367986692885
2021-10-20 00:00:00-04:00,2021-10-01 00:00:00-04:00,AXP,26.820067649109454,0.002542645769589256,0.012915066540730491
2021-10-20 00:00:00-04:00,2021-10-01 00:00:00-04:00,JPM,27.411969911629253,0.0025987603850889766,0.013466138570005226
2021-10-20 00:00:00-04:00,2021-10-01 00:00:00-04:00,HD,1.4398971763404034,0.00013650780124661646,0.0006704729293192102
2021-10-21 00:00:00-04:00,2021-10-01 00:00:00-04:00,__cash_interest__,-0.00012222365578518717,-1.1556818270085158e-08,
2021-10-21 00:00:00-04:00,2021-10-01 00:00:00-04:00,GS,-1.556397906392769,-0.00014716470101119465,-0.0007354768534902911
2021-10-21 00:00:00-04:00,2021-10-01 00:00:00-04:00,MSFT,23.37531036395033,0.00221024491656346,0.010897364949860266
2021-10-21 00:00:00-04:00,2021-10-01 00:00:00-04:00,AXP,-24.94633611702909,-0.0023587927488903293,-0.011859613004092773
2021-10-21 00:00:00-04:00,2021-10-01 00:00:00-04:00,JPM,-16.181744791052033,-0.0015300596487783176,-0.007843663202706574
2021-10-21 00:00:00-04:00,2021-10-01 00:00:00-04:00,HD,38.333445973678955,0.003624606594672207,0.0178376050703708
2021-10-22 00:00:00-04:00,2021-10-01 00:00:00-04:00,__cash_interest__,-0.0001222411432930749,-1.1537717485824975e-08,
2021-10-22 00:00:00-04:00,2021-10-01 00:00:00-04:00,GS,34.915708809200005,0.003295515513071136,0.01651158503209338
2021-10-22 00:00:00-04:00,2021-10-01 00:00:00-04:00,MSFT,-11.164003405496368,-0.0010537132902511234,-0.005148455999391288
2021-10-22 00:00:00-04:00,2021-10-01 00:00:00-04:00,AXP,112.55252034563695,0.010623257825330678,0.05415023210341108
2021-10-22 00:00:00-04:00,2021-10-01 00:00:00-04:00,JPM,27.532774122411745,0.0025986779971765486,0.013451274988599105
2021-10-22 00:00:00-04:00,2021-10-01 00:00:00-04:00,HD,8.218553510802531,0.0007757073109373188,0.0037572974468673692
2021-10-25 00:00:00-04:00,2021-10-01 00:00:00-04:00,__cash_interest__,-0.00012225863330303906,-1.135496999483787e-08,
2021-10-25 00:00:00-04:00,2021-10-01 00:00:00-04:00,GS,2.230997067511244,0.00020720749182079836,0.0010378977473797235
2021-10-25 00:00:00-04:00,2021-10-01 00:00:00-04:00,MSFT,-7.187394693949199,-0.0006675410061926594,-0.0033317335454977615
2021-10-25 00:00:00-04:00,2021-10-01 00:00:00-04:00,AXP,-55.866410999867725,-0.005188684050233119,-0.02549725112543566
2021-10-25 00:00:00-04:00,2021-10-01 00:00:00-04:00,JPM,-10.14319479090727,-0.0009420657616633511,-0.004889735547828122
2021-10-25 00:00:00-04:00,2021-10-01 00:00:00-04:00,HD,31.614819736396633,0.0029362779527330797,0.01439932666905075
2021-10-26 00:00:00-04:00,2021-10-01 00:00:00-04:00,__cash_interest__,-0.0001222761258154377,-1.1398253166810265e-08,
2021-10-26 00:00:00-04:00,2021-10-01 00:00:00-04:00,GS,14.837802323920643,0.0013831402180864703,0.006895640811395598
2021-10-26 00:00:00-04:00,2021-10-01 00:00:00-04:00,MSFT,13.815592629341001,0.0012878525663827102,0.006425658714223514
2021-10-26 00:00:00-04:00,2021-10-01 00:00:00-04:00,AXP,-15.928138807890916,-0.0014847784667504941,-0.00745975479985328
2021-10-26 00:00:00-04:00,2021-10-01 00:00:00-04:00,JPM,5.554087752779927,0.0005177371943597615,0.002690618581839388
2021-10-26 00:00:00-04:00,2021-10-01 00:00:00-04:00,HD,-12.357535881303082,-0.00115193641893462,-0.005548484822943345
2021-10-27 00:00:00-04:00,2021-10-01 00:00:00-04:00,__cash_interest__,-0.00012229362083062884,-1.1393594698927702e-08,
2021-10-27 00:00:00-04:00,2021-10-01 00:00:00-04:00,GS,-34.345154074460204,-0.0031997970355181343,-0.015852072822555408
2021-10-27 00:00:00-04:00,2021-10-01 00:00:00-04:00,MSFT,91.13046866358076,0.008490251720604254,0.04211434391683633
2021-10-27 00:00:00-04:00,2021-10-01 00:00:00-04:00,AXP,-34.19943658052776,-0.003186221134705539,-0.01613728045111551
2021-10-27 00:00:00-04:00,2021-10-01 00:00:00-04:00,JPM,-43.11029029217884,-0.004016408800443213,-0.0208282794388871
2021-10-27 00:00:00-04:00,2021-10-01 00:00:00-04:00,HD,18.716600402487792,0.0017437488372600706,0.008450567532962472
2021-10-28 00:00:00-04:00,2021-10-01 00:00:00-04:00,__cash_interest__,-0.00012231111834897055,-1.1397144580925482e-08,
2021-10-28 00:00:00-04:00,2021-10-01 00:00:00-04:00,GS,19.870351193682932,0.0018515509340862445,0.00931892358812969
2021-10-28 00:00:00-04:00,2021-10-01 00:00:00-04:00,MSFT,8.233369462530023,0.0007671984642058601,0.003651141515738754
2021-10-28 00:00:00-04:00,2021-10-01 00:00:00-04:00,AXP,-40.05477657901851,-0.003732367800981553,-0.019210169833382862
2021-10-28 00:00:00-04:00,2021-10-01 00:00:00-04:00,JPM,30.552049122484128,0.0028468885395930145,0.01507488229709364
2021-10-28 00:00:00-04:00,2021-10-01 00:00:00-04:00,HD,-4.499369242573143,-0.0004192583836431489,-0.0020144473864966983
2021-10-29 00:00:00-04:00,2021-10-01 00:00:00-04:00,__cash_interest__,-0.000122328618370821,-1.1383816921312068e-08,
2021-10-29 00:00:00-04:00,2021-10-01 00:00:00-04:00,GS,-7.626901087857515,-0.0007097541590630416,-0.003543887329456208
2021-10-29 00:00:00-04:00,2021-10-01 00:00:00-04:00,MSFT,50.7283367597618,0.004720744058804314,0.022413975986234957
2021-10-29 00:00:00-04:00,2021-10-01 00:00:00-04:00,AXP,-9.720633515887139,-0.000904595455893945,-0.0047533030792303865
2021-10-29 00:00:00-04:00,2021-10-01 00:00:00-04:00,JPM,-5.676344935169769,-0.0005282367477437568,-0.002759207000659125
2021-10-29 00:00:00-04:00,2021-10-01 00:00:00-04:00,HD,1.0196864960817498,9.489132259583886e-05,0.00045745323945012295
2021-11-01 00:00:00-04:00,2021-11-01 00:00:00-04:00,__cash_interest__,-0.00012234612089653837,-1.1355093103081117e-08,
2021-11-01 00:00:00-04:00,2021-11-01 00:00:00-04:00,GS,17.37739492229295,0.0016128172743499582,0.008104550207084005
2021-11-01 00:00:00-04:00,2021-11-01 00:00:00-04:00,MSFT,-14.827748116230671,-0.0013761814361994923,-0.00678468580894287
2021-11-01 00:00:00-04:00,2021-11-01 00:00:00-04:00,AXP,4.776800292610463,0.0004433406769249813,0.0024743303582854814
2021-11-01 00:00:00-04:00,2021-11-01 00:00:00-04:00,JPM,25.96353174633087,0.002409707133368793,-0.0005294504136754696
2021-11-01 00:00:00-04:00,2021-11-01 00:00:00-04:00,HD,-30.319561603650794,-0.0028139955916150275,-0.014149497813174539
2021-11-01 00:00:00-04:00,2021-11-01 00:00:00-04:00,__costs__,-0.9148788404624901,-8.491102403054939e-05,
2021-11-01 00:00:00-04:00,2021-11-01 00:00:00-04:00,UNH,-36.177558294187655,-0.00335768342847614,-0.013811981419831643
2021-11-02 00:00:00-04:00,2021-11-01 00:00:00-04:00,__cash_interest__,-0.0001308989723479414,-1.2187490485916699e-08,
2021-11-02 00:00:00-04:00,2021-11-01 00:00:00-04:00,GS,37.14974630232682,0.0034588673348049212,0.017158721235915664
2021-11-02 00:00:00-04:00,2021-11-01 00:00:00-04:00,MSFT,24.58931502100381,0.0022894147868259065,0.01141579285697003
2021-11-02 00:00:00-04:00,2021-11-01 00:00:00-04:00,AXP,-12.909117172894042,-0.001201917325279172,-0.005969824430636983
2021-11-02 00:00:00-04:00,2021-11-01 00:00:00-04:00,HD,4.705933617231371,0.00043815104243073814,0.0022102833724779725
2021-11-02 00:00:00-04:00,2021-11-01 00:00:00-04:00,UNH,-9.712610637803603,-0.0009043031249091876,-0.004558178109047684
2021-11-03 00:00:00-04:00,2021-11-01 00:00:00-04:00,__cash_interest__,-0.00013091770110218069,-1.2139701829056303e-08,
2021-11-03 00:00:00-04:00,2021-11-01 00:00:00-04:00,GS,-30.914810144793172,-0.0028666603072013673,-0.014038054462145011
2021-11-03 00:00:00-04:00,2021-11-01 00:00:00-04:00,MSFT,5.688986447177687,0.0005275268248437729,0.0026113483947862726
2021-11-03 00:00:00-04:00,2021-11-01 00:00:00-04:00,AXP,-6.951063093096792,-0.0006445563329842745,-0.0032338262220509284
2021-11-03 00:00:00-04:00,2021-11-01 00:00:00-04:00,HD,9.760077554331746,0.0009050298801502472,0.004574004357077444
2021-11-03 00:00:00-04:00,2021-11-01 00:00:00-04:00,UNH,24.821618034190557,0.0023016524069164306,0.011702253919748662
2021-11-04 00:00:00-04:00,2021-11-01 00:00:00-04:00,__cash_interest__,-0.0001309364325360914,-1.2138732053983032e-08,
2021-11-04 00:00:00-04:00,2021-11-01 00:00:00-04:00,GS,-51.07375427773134,-0.004734897737476247,-0.023522201654121555
2021-11-04 00:00:00-04:00,2021-11-01 00:00:00-04:00,MSFT,15.95693345516339,0.0014793204294921915,0.007305446020480444
2021-11-04 00:00:00-04:00,2021-11-01 00:00:00-04:00,AXP,-0.9930090132995417,-9.205894880564029e-05,-0.00046347396885237924
2021-11-04 00:00:00-04:00,2021-11-01 00:00:00-04:00,HD,18.648730315049836,0.0017288690096164277,0.008699827434969443
2021-11-04 00:00:00-04:00,2021-11-01 00:00:00-04:00,UNH,-2.6745976140445573,-0.0002479540885624801,-0.0012463647694225255
2021-11-05 00:00:00-04:00,2021-11-01 00:00:00-04:00,__cash_interest__,-0.00013095516665005696,-1.2163174243175606e-08,
2021-11-05 00:00:00-04:00,2021-11-01 00:00:00-04:00,GS,-5.143978181104749,-0.0004777749860535447,-0.002426145990646722
2021-11-05 00:00:00-04:00,2021-11-01 00:00:00-04:00,MSFT,-2.4844820231572444,-0.00023075979760654882,-0.001129202884646352
2021-11-05 00:00:00-04:00,2021-11-01 00:00:00-04:00,AXP,51.63646869157617,0.00479601822565929,0.024111821581970228
2021-11-05 00:00:00-04:00,2021-11-01 00:00:00-04:00,HD,-21.960623994217,-0.002039712544097688,-0.010156500618670128
2021-11-05 00:00:00-04:00,2021-11-01 00:00:00-04:00,UNH,-4.457351128816875,-0.00041400075941785334,-0.0020797215195246244
2021-11-08 00:00:00-05:00,2021-11-01 00:00:00-04:00,__cash_interest__,-0.00013097390344446078,-1.214507241607007e-08,
2021-11-08 00:00:00-05:00,2021-11-01 00:00:00-04:00,GS,6.546816552101321,0.0006070794183339999,0.003095301274390616
2021-11-08 00:00:00-05:00,2021-11-01 00:00:00-04:00,MSFT,6.081065523346779,0.0005638908149304088,0.0027669829742431595
2021-11-08 00:00:00-05:00,2021-11-01 00:00:00-04:00,AXP,41.70597701834084,0.003867351416959893,0.019016229385544037
2021-11-08 00:00:00-05:00,2021-11-01 00:00:00-04:00,HD,1.104364112585117,0.00010240652350063601,0.000515994619766591
2021-11-08 00:00:00-05:00,2021-11-01 00:00:00-04:00,UNH,31.954813022081538,0.0029631362278190743,0.014940625205078772
2021-11-09 00:00:00-05:00,2021-11-01 00:00:00-04:00,__cash_interest__,-0.00013099264291968637,-1.2049165451282042e-08,
2021-11-09 00:00:00-05:00,2021-11-01 00:00:00-04:00,GS,-15.5354196999355,-0.0014290027145600662,-0.007322401683276802
2021-11-09 00:00:00-05:00,2021-11-01 00:00:00-04:00,MSFT,-6.801295483276239,-0.0006256071542223745,-0.0030861598801852352
2021-11-09 00:00:00-05:00,2021-11-01 00:00:00-04:00,AXP,-2.358647369236356,-0.00021695670657309024,-0.001055377967341009
2021-11-09 00:00:00-05:00,2021-11-01 00:00:00-04:00,HD,11.967407344482426,0.0011008043497905927,0.0055886759155721055
2021-11-09 00:00:00-05:00,2021-11-01 00:00:00-04:00,UNH,8.117105438721284,0.0007466399962371889,0.003739323523033189
2021-11-10 00:00:00-05:00,2021-11-01 00:00:00-04:00,__cash_interest__,-0.00013101138507611737,-1.2056002784997549e-08,
2021-11-10 00:00:00-05:00,2021-11-01 00:00:00-04:00,GS,-32.37001449865833,-0.0029787715374469145,-0.01536969436181801
2021-11-10 00:00:00-05:00,2021-11-01 00:00:00-04:00,MSFT,-33.67894920981961,-0.0030992230578546407,-0.015329489262026375
2021-11-10 00:00:00-05:00,2021-11-01 00:00:00-04:00,AXP,18.991447956943702,0.0017476416215813871,0.008506710861670319
2021-11-10 00:00:00-05:00,2021-11-01 00:00:00-04:00,HD,-12.026141615303704,-0.0011066763146015065,-0.005584892160684696
2021-11-10 00:00:00-05:00,2021-11-01 00:00:00-04:00,UNH,-20.88052390886507,-0.001921479222979188,-0.009583238719721998
2021-11-11 00:00:00-05:00,2021-11-01 00:00:00-04:00,__cash_interest__,-0.0001310301299141373,-1.2147112510181414e-08,
2021-11-11 00:00:00-05:00,2021-11-01 00:00:00-04:00,GS,16.730753410925598,0.0015510199386644084,0.008067976732289095
2021-11-11 00:00:00-05:00,2021-11-01 00:00:00-04:00,MSFT,10.660026084154797,0.0009882348150806952,0.004927611819437017
2021-11-11 00:00:00-05:00,2021-11-01 00:00:00-04:00,AXP,-1.1170849474319955,-0.0001035590558353136,-0.0004961477214745491
2021-11-11 00:00:00-05:00,2021-11-01 00:00:00-04:00,HD,-5.518624140023746,-0.0005116025480108977,-0.0025772205202880816
2021-11-11 00:00:00-05:00,2021-11-01 00:00:00-04:00,UNH,-11.777327090511774,-0.0010918139005998096,-0.005457574472625293
2021-11-12 00:00:00-05:00,2021-11-01 00:00:00-04:00,__cash_interest__,-0.0001310488774341299,-1.2138747813449931e-08,
2021-11-12 00:00:00-05:00,2021-11-01 00:00:00-04:00,GS,13.35296940031374,0.0012368539989409215,0.006387592080230986
2021-11-12 00:00:00-05:00,2021-11-01 00:00:00-04:00,MSFT,28.05492875038196,0.002598661748906371,0.012904839625149878
2021-11-12 00:00:00-05:00,2021-11-01 00:00:00-04:00,AXP,7.323491665614109,0.0006783577256316108,0.003254307003098811
2021-11-12 00:00:00-05:00,2021-11-01 00:00:00-04:00,HD,29.047892673317868,0.002690637650450674,0.01360053877596834
2021-11-12 00:00:00-05:00,2021-11-01 00:00:00-04:00,UNH,7.507380058013589,0.0006953908728425052,0.0034979856387482577
2021-11-15 00:00:00-05:00,2021-11-01 00:00:00-04:00,__cash_interest__,-0.0001310676276364789,-1.2045327837164422e-08,
2021-11-15 00:00:00-05:00,2021-11-01 00:00:00-04:00,GS,-0.519028823398173,-4.769959178713846e-05,-0.000246709300923742
2021-11-15 00:00:00-05:00,2021-11-01 00:00:00-04:00,MSFT,-4.250602117981387,-0.0003906372377352868,-0.0019303019514816944
2021-11-15 00:00:00-05:00,2021-11-01 00:00:00-04:00,AXP,15.391840476262852,0.0014145351365337626,0.0068174168531516255
2021-11-15 00:00:00-05:00,2021-11-01 00:00:00-04:00,HD,-9.005122420203824,-0.0008275853749790858,-0.004159721646738945
2021-11-15 00:00:00-05:00,2021-11-01 00:00:00-04:00,UNH,-38.43014641499843,-0.003531792867135479,-0.0178437098922668
2021-11-16 00:00:00-05:00,2021-11-01 00:00:00-04:00,__cash_interest__,-0.00013108638052156807,-1.2087947103459612e-08,
2021-11-16 00:00:00-05:00,2021-11-01 00:00:00-04:00,GS,-8.937127742905536,-0.0008241247258736292,-0.004249121696315528
2021-11-16 00:00:00-05:00,2021-11-01 00:00:00-04:00,MSFT,22.49608183775061,0.002074444699806828,0.010235776827880017
2021-11-16 00:00:00-05:00,2021-11-01 00:00:00-04:00,AXP,-27.432024569989807,-0.0025296057502196614,-0.012068031569392623
2021-11-16 00:00:00-05:00,2021-11-01 00:00:00-04:00,HD,123.45444285554208,0.011384178653703352,0.05726531906569288
2021-11-16 00:00:00-05:00,2021-11-01 00:00:00-04:00,UNH,-5.536443543779112,-0.0005105353922521427,-0.0026173595599536803
2021-11-17 00:00:00-05:00,2021-11-01 00:00:00-04:00,__cash_interest__,-0.00013110513608978125,-1.1974786385292581e-08,
2021-11-17 00:00:00-05:00,2021-11-01 00:00:00-04:00,GS,-59.95887226894427,-0.005476480241261986,-0.028628853867819548
2021-11-17 00:00:00-05:00,2021-11-01 00:00:00-04:00,MSFT,1.507293939195314,0.0001376721269664805,0.0006788739330545468
2021-11-17 00:00:00-05:00,2021-11-01 00:00:00-04:00,AXP,-16.26037201519003,-0.001485178134393979,-0.0072407243585245196
2021-11-17 00:00:00-05:00,2021-11-01 00:00:00-04:00,HD,14.639816666850571,0.0013371610185075407,0.006422980634293918
2021-11-17 00:00:00-05:00,2021-11-01 00:00:00-04:00,UNH,-3.143653087041713,-0.0002871327188967712,-0.0014900653694187582
2021-11-18 00:00:00-05:00,2021-11-01 00:00:00-04:00,__cash_interest__,-0.00013112389434150236,-1.2046053262199642e-08,
2021-11-18 00:00:00-05:00,2021-11-01 00:00:00-04:00,GS,-0.9352849525270441,-8.592249650648647e-05,-0.00045973678471245005
2021-11-18 00:00:00-05:00,2021-11-01 00:00:00-04:00,MSFT,14.085996031876892,0.0012940483449126463,0.0063399234033743035
2021-11-18 00:00:00-05:00,2021-11-01 00:00:00-04:00,AXP,-42.203083835350476,-0.003877101105506136,-0.01893005041715612
2021-11-18 00:00:00-05:00,2021-11-01 00:00:00-04:00,HD,63.906682405746324,0.005870961230492055,0.027859075617005846
2021-11-18 00:00:00-05:00,2021-11-01 00:00:00-04:00,UNH,2.439836206602939,0.00022414219043279056,0.0011581878080433317
2021-11-19 00:00:00-05:00,2021-11-01 00:00:00-04:00,__cash_interest__,-0.0001311426552771153,-1.2006640641564488e-08,
2021-11-19 00:00:00-05:00,2021-11-01 00:00:00-04:00,GS,-20.678863534276285,-0.0018932336150077448,-0.01016931455887271
2021-11-19 00:00:00-05:00,2021-11-01 00:00:00-04:00,MSFT,12.054615450369795,0.0011036488126536952,0.005391444111088051
2021-11-19 00:00:00-05:00,2021-11-01 00:00:00-04:00,AXP,-33.14052139068246,-0.003034148806665506,-0.015151894838229207
2021-11-19 00:00:00-05:00,2021-11-01 00:00:00-04:00,HD,16.498536584269516,0.0015105077707969546,0.0069973287548144025
2021-11-19 00:00:00-05:00,2021-11-01 00:00:00-04:00,UNH,-44.43626855428948,-0.004068320157587265,-0.02106944987750503
2021-11-22 00:00:00-05:00,2021-11-01 00:00:00-04:00,__cash_interest__,-0.00013116141889700413,-1.2085482735942475e-08,
2021-11-22 00:00:00-05:00,2021-11-01 00:00:00-04:00,GS,45.56677652830625,0.004198616450603009,0.02263874813679223
2021-11-22 00:00:00-05:00,2021-11-01 00:00:00-04:00,MSFT,-21.48962792544572,-0.001980098488403389,-0.00955972629091395
2021-11-22 00:00:00-05:00,2021-11-01 00:00:00-04:00,AXP,-32.77050205960461,-0.0030195414186584787,-0.015213230731203287
2021-11-22 00:00:00-05:00,2021-11-01 00:00:00-04:00,HD,0.5815491917031974,5.358513788227117e-05,0.00024493169762829226
2021-11-22 00:00:00-05:00,2021-11-01 00:00:00-04:00,UNH,-11.542565683070155,-0.0010635557274717214,-0.005590698683033746
2021-11-23 00:00:00-05:00,2021-11-01 00:00:00-04:00,__cash_interest__,-0.00013118018520155288,-1.2109141631559559e-08,
2021-11-23 00:00:00-05:00,2021-11-01 00:00:00-04:00,GS,52.89231443109282,0.0048824487149718,0.025696526834743993
2021-11-23 00:00:00-05:00,2021-11-01 00:00:00-04:00,MSFT,-14.085580913744367,-0.001300229100799467,-0.006326493018045665
2021-11-23 00:00:00-05:00,2021-11-01 00:00:00-04:00,AXP,-0.619777360302403,-5.721116969308163e-05,-0.0002921674699774002
2021-11-23 00:00:00-05:00,2021-11-01 00:00:00-04:00,HD,-2.4402691091221427,-0.0002252593577000827,-0.0010275190894372122
2021-11-23 00:00:00-05:00,2021-11-01 00:00:00-04:00,UNH,44.99863662387424,0.00415378941010312,0.0219178479248463
2021-11-24 00:00:00-05:00,2021-11-01 00:00:00-04:00,__cash_interest__,-0.00013119895419114565,-1.2021273304709278e-08,
2021-11-24 00:00:00-05:00,2021-11-01 00:00:00-04:00,GS,-37.149211955562855,-0.003403844434017092,-0.017595944246551087
2021-11-24 00:00:00-05:00,2021-11-01 00:00:00-04:00,MSFT,1.507293939195314,0.00013810775021270386,0.0006813064684805248
2021-11-24 00:00:00-05:00,2021-11-01 00:00:00-04:00,AXP,9.433384856225691,0.0008643460479111647,0.0044482645699692736
2021-11-24 00:00:00-05:00,2021-11-01 00:00:00-04:00,HD,21.7278844516769,0.0019908454220314126,0.009158325924611077
2021-11-24 00:00:00-05:00,2021-11-01 00:00:00-04:00,UNH,14.21794220025818,0.0013027372822717062,0.006776716441094122
2021-11-26 00:00:00-05:00,2021-11-01 00:00:00-04:00,__cash_interest__,-0.00013121772586616664,-1.2012276170511386e-08,
2021-11-26 00:00:00-05:00,2021-11-01 00:00:00-04:00,GS,-50.91808125382949,-0.004661276135187503,-0.02454962455616838
2021-11-26 00:00:00-05:00,2021-11-01 00:00:00-04:00,MSFT,-53.92073202889764,-0.004936152643796609,-0.024355920738370118
2021-11-26 00:00:00-05:00,2021-11-01 00:00:00-04:00,AXP,-183.5819892159229,-0.01680594248861396,-0.086183783474023
2021-11-26 00:00:00-05:00,2021-11-01 00:00:00-04:00,HD,-54.66802133727694,-0.005004562955682964,-0.022833511189501943
2021-11-26 00:00:00-05:00,2021-11-01 00:00:00-04:00,UNH,-48.09633442545127,-0.004402960408695527,-0.022769913718234336
2021-11-29 00:00:00-05:00,2021-11-01 00:00:00-04:00,__cash_interest__,-0.00013123650022700008,-1.2460206141026611e-08,
2021-11-29 00:00:00-05:00,2021-11-01 00:00:00-04:00,GS,-14.808351869766888,-0.001405974074186648,-0.0073193812662611935
2021-11-29 00:00:00-05:00,2021-11-01 00:00:00-04:00,MSFT,45.533685279379014,0.004323180700188812,0.02108094914576686
2021-11-29 00:00:00-05:00,2021-11-01 00:00:00-04:00,AXP,12.909117172894042,0.0012256518635798985,0.0066318266619689314
2021-11-29 00:00:00-05:00,2021-11-01 00:00:00-04:00,HD,23.935414018258946,0.0022725399734255165,0.010230850149140602
2021-11-29 00:00:00-05:00,2021-11-01 00:00:00-04:00,UNH,56.729852648292635,0.00538619711075138,0.027483005990995624
2021-11-30 00:00:00-05:00,2021-11-01 00:00:00-04:00,__cash_interest__,-0.00013125527727403025,-1.2316633151731863e-08,
2021-11-30 00:00:00-05:00,2021-11-01 00:00:00-04:00,GS,-28.836201232968644,-0.0027059095790449004,-0.01435807275314993
2021-11-30 00:00:00-05:00,2021-11-01 00:00:00-04:00,MSFT,-39.57113598286789,-0.00371324624365951,-0.017942200422425225
2021-11-30 00:00:00-05:00,2021-11-01 00:00:00-04:00,AXP,-69.01372488407824,-0.006476057568771919,-0.03522097989828754
2021-11-30 00:00:00-05:00,2021-11-01 00:00:00-04:00,HD,-36.07782551661702,-0.003385443625802938,-0.01526477849584229
2021-11-30 00:00:00-05:00,2021-11-01 00:00:00-04:00,UNH,-36.50563252811472,-0.0034255878556563035,-0.017212256413409066
2021-12-01 00:00:00-05:00,2021-12-01 00:00:00-05:00,__cash_interest__,-0.00013127405700764144,-1.2566024704813578e-08,
2021-12-01 00:00:00-05:00,2021-12-01 00:00:00-05:00,GS,25.22759223454267,0.0024148758291501057,-0.006622989690573178
2021-12-01 00:00:00-05:00,2021-12-01 00:00:00-05:00,MSFT,-2.225128006105262,-0.00021299725272041903,-0.0015428642671390103
2021-12-01 00:00:00-05:00,2021-12-01 00:00:00-05:00,AXP,47.167194712820674,0.004515013457560437,-0.01470817352864362
2021-12-01 00:00:00-05:00,2021-12-01 00:00:00-05:00,HD,9.442203317595125,0.000903841649000506,0.0036595780403687606
2021-12-01 00:00:00-05:00,2021-12-01 00:00:00-05:00,UNH,0.6293584385867703,6.02444524663689e-05,0.00026994755080522737
2021-12-01 00:00:00-05:00,2021-12-01 00:00:00-05:00,__costs__,-1.6716213196566163,-0.00016001360267760585,
2021-12-01 00:00:00-05:00,2021-12-01 00:00:00-05:00,CRM,-154.5451339313256,-0.014793615854172286,-0.11742005167793124
2021-12-01 00:00:00-05:00,2021-12-01 00:00:00-05:00,AAPL,-34.32882460742523,-0.003286078513433979,-0.003206097160261323
2021-12-02 00:00:00-05:00,2021-12-01 00:00:00-05:00,__cash_interest__,-0.00023917212118216636,-2.313873123480553e-08,
2021-12-02 00:00:00-05:00,2021-12-01 00:00:00-05:00,MSFT,-3.7349250963047895,-0.00036133570902146855,-0.0017874012732654876
2021-12-02 00:00:00-05:00,2021-12-01 00:00:00-05:00,HD,38.781812539121184,0.003751950405866313,0.018355694891414753
2021-12-02 00:00:00-05:00,2021-12-01 00:00:00-05:00,UNH,7.870176520428213,0.0007614010294199956,0.0037810102802684487
2021-12-02 00:00:00-05:00,2021-12-01 00:00:00-05:00,CRM,75.86468747926413,0.007339536920602014,0.03856856702029776
2021-12-02 00:00:00-05:00,2021-12-01 00:00:00-05:00,AAPL,-12.794303457894907,-0.0012377861917413455,-0.006129816614613093
2021-12-03 00:00:00-05:00,2021-12-01 00:00:00-05:00,__cash_interest__,-0.00023920634143461113,-2.290715776082758e-08,
2021-12-03 00:00:00-05:00,2021-12-01 00:00:00-05:00,MSFT,-41.0214025236633,-0.00392833958140209,-0.019666524813339192
2021-12-03 00:00:00-05:00,2021-12-01 00:00:00-05:00,HD,0.21105158296615295,2.0210968813298074e-05,9.809160597029631e-05
2021-12-03 00:00:00-05:00,2021-12-01 00:00:00-05:00,UNH,22.32374286965292,0.0021377924040825525,0.010684431550369133
2021-12-03 00:00:00-05:00,2021-12-01 00:00:00-05:00,CRM,-22.5251669432606,-0.002157081412071586,-0.011026220531542119
2021-12-03 00:00:00-05:00,2021-12-01 00:00:00-05:00,AAPL,-24.321168261251692,-0.002329072193265497,-0.011724264439698429
2021-12-06 00:00:00-05:00,2021-12-01 00:00:00-05:00,__cash_interest__,-0.0002392405665832189,-2.305467715045398e-08,
2021-12-06 00:00:00-05:00,2021-12-01 00:00:00-05:00,MSFT,20.13065062243426,0.0019399120205952614,0.00984466853945043
2021-12-06 00:00:00-05:00,2021-12-01 00:00:00-05:00,HD,41.63100890916425,0.0040118174085438645,0.019347175377391057
2021-12-06 00:00:00-05:00,2021-12-01 00:00:00-05:00,UNH,50.71049990092809,0.004886772423469219,0.02401412270536407
2021-12-06 00:00:00-05:00,2021-12-01 00:00:00-05:00,CRM,3.363046990601669,0.0003240836774358559,0.0016645882098649256
2021-12-06 00:00:00-05:00,2021-12-01 00:00:00-05:00,AAPL,44.08292137196273,0.004248098617196372,0.021502720404500852
2021-12-07 00:00:00-05:00,2021-12-01 00:00:00-05:00,__cash_interest__,-0.0002392747966286901,-2.270803001139381e-08,
2021-12-07 00:00:00-05:00,2021-12-01 00:00:00-05:00,MSFT,55.26578071004829,0.005244919333958838,0.02676363013365357
2021-12-07 00:00:00-05:00,2021-12-01 00:00:00-05:00,HD,2.5327996904422654,0.00024037170731635522,0.0011547270862628523
2021-12-07 00:00:00-05:00,2021-12-01 00:00:00-05:00,UNH,21.713009084538378,0.0020606418598048196,0.010041137204422013
2021-12-07 00:00:00-05:00,2021-12-01 00:00:00-05:00,CRM,64.44652317234066,0.006116204476807082,0.03184571841929351
2021-12-07 00:00:00-05:00,2021-12-01 00:00:00-05:00,AAPL,74.2309434382932,0.007044780792298134,0.03544610283835481
2021-12-08 00:00:00-05:00,2021-12-01 00:00:00-05:00,__cash_interest__,-0.00023930903157172545,-2.225053943529995e-08,
2021-12-08 00:00:00-05:00,2021-12-01 00:00:00-05:00,MSFT,0.3162743315723918,2.940663977788666e-05,0.0001491702370095549
2021-12-08 00:00:00-05:00,2021-12-01 00:00:00-05:00,HD,-26.0130110748205,-0.0024186447329202013,-0.011845896457249094
2021-12-08 00:00:00-05:00,2021-12-01 00:00:00-05:00,UNH,19.409576924790084,0.00180466885830044,0.008886687208092159
2021-12-08 00:00:00-05:00,2021-12-01 00:00:00-05:00,CRM,-5.319249877124347,-0.0004945746442574028,-0.0025473415763308527
2021-12-08 00:00:00-05:00,2021-12-01 00:00:00-05:00,AAPL,49.40378912869584,0.004593478779474399,0.022783281406861366
2021-12-09 00:00:00-05:00,2021-12-01 00:00:00-05:00,__cash_interest__,-0.00023934327141302564,-2.217579033596617e-08,
2021-12-09 00:00:00-05:00,2021-12-01 00:00:00-05:00,MSFT,-11.838126169767643,-0.001096833858589912,-0.005582598808650863
2021-12-09 00:00:00-05:00,2021-12-01 00:00:00-05:00,HD,0.47486606167384415,4.3997602937301756e-05,0.0002188385154122674
2021-12-09 00:00:00-05:00,2021-12-01 00:00:00-05:00,UNH,20.96106157982006,0.001942098075576268,0.009512500830179738
2021-12-09 00:00:00-05:00,2021-12-01 00:00:00-05:00,CRM,-15.563425360571472,-0.0014419927314769242,-0.00747222063224473
2021-12-09 00:00:00-05:00,2021-12-01 00:00:00-05:00,AAPL,-6.587712763189486,-0.0006103690994427844,-0.0029703460585654984
2021-12-10 00:00:00-05:00,2021-12-01 00:00:00-05:00,__cash_interest__,-0.00023937751615329148,-2.2204790086185813e-08,
2021-12-10 00:00:00-05:00,2021-12-01 00:00:00-05:00,MSFT,59.76020542186649,0.00554338953057786,0.02833980257864388
2021-12-10 00:00:00-05:00,2021-12-01 00:00:00-05:00,HD,21.422458450458244,0.0019871590309168724,0.009870221687030556
2021-12-10 00:00:00-05:00,2021-12-01 00:00:00-05:00,UNH,23.075845896088865,0.002140528159945067,0.010373548998636517
2021-12-10 00:00:00-05:00,2021-12-01 00:00:00-05:00,CRM,13.374488598701934,0.0012406249200701232,0.006469623589167028
2021-12-10 00:00:00-05:00,2021-12-01 00:00:00-05:00,AAPL,61.944604855683124,0.005746015623753715,0.028013527950348394
2021-12-13 00:00:00-05:00,2021-12-01 00:00:00-05:00,__cash_interest__,-0.00023941176579322395,-2.1844094831059713e-08,
2021-12-13 00:00:00-05:00,2021-12-01 00:00:00-05:00,MSFT,-19.87775148983262,-0.0018136597720396232,-0.009166749211248382
2021-12-13 00:00:00-05:00,2021-12-01 00:00:00-05:00,HD,-53.60872832703872,-0.004891297390788029,-0.024458371485862496
2021-12-13 00:00:00-05:00,2021-12-01 00:00:00-05:00,UNH,-0.42301907194081095,-3.859655222961259e-05,-0.00018821217462905437
2021-12-13 00:00:00-05:00,2021-12-01 00:00:00-05:00,CRM,-2.1122086402111058,-0.00019271937486817098,-0.0010151681218304454
2021-12-13 00:00:00-05:00,2021-12-01 00:00:00-05:00,AAPL,-46.99634827450212,-0.00428797926877322,-0.02067424235895421
2021-12-14 00:00:00-05:00,2021-12-01 00:00:00-05:00,__cash_interest__,-0.00023944602033352407,-2.2095223081407965e-08,
2021-12-14 00:00:00-05:00,2021-12-01 00:00:00-05:00,MSFT,-70.01555605278232,-0.006460785307687392,-0.03258682609578345
2021-12-14 00:00:00-05:00,2021-12-01 00:00:00-05:00,HD,-16.040101000276056,-0.0014801232000254496,-0.007501589996685598
2021-12-14 00:00:00-05:00,2021-12-01 00:00:00-05:00,UNH,6.203761316073143,0.0005724609247274842,0.0027607341795017337
2021-12-14 00:00:00-05:00,2021-12-01 00:00:00-05:00,CRM,-79.54047440877738,-0.0073397107357014634,-0.03826753073043376
2021-12-14 00:00:00-05:00,2021-12-01 00:00:00-05:00,AAPL,-17.861287718332562,-0.0016481758022458002,-0.008023263927623314
2021-12-15 00:00:00-05:00,2021-12-01 00:00:00-05:00,__cash_interest__,-0.00023948027977489295,-2.246584376352194e-08,
2021-12-15 00:00:00-05:00,2021-12-01 00:00:00-05:00,MSFT,39.9456285765775,0.003747332563168117,0.019217849280908306
2021-12-15 00:00:00-05:00,2021-12-01 00:00:00-05:00,HD,29.600707290396674,0.00277686691322095,0.013948210533378358
2021-12-15 00:00:00-05:00,2021-12-01 00:00:00-05:00,UNH,70.1202323474358,0.00657803718143353,0.031118276727532646
2021-12-15 00:00:00-05:00,2021-12-01 00:00:00-05:00,CRM,34.8037302979583,0.003264966818965859,0.017410601631230316
2021-12-15 00:00:00-05:00,2021-12-01 00:00:00-05:00,AAPL,62.95697271776229,0.005906045851587669,0.028508913218933785
2021-12-16 00:00:00-05:00,2021-12-01 00:00:00-05:00,__cash_interest__,-0.00023951454411803188,-2.197950365866856e-08,
2021-12-16 00:00:00-05:00,2021-12-01 00:00:00-05:00,MSFT,-61.72323215454282,-0.00566414875539697,-0.029135143583566947
2021-12-16 00:00:00-05:00,2021-12-01 00:00:00-05:00,HD,-43.6891232327811,-0.004009214753429414,-0.02030364267926732
2021-12-16 00:00:00-05:00,2021-12-01 00:00:00-05:00,UNH,-7.143423533965195,-0.000655529726924782,-0.003074468922508844
2021-12-16 00:00:00-05:00,2021-12-01 00:00:00-05:00,CRM,-54.121977409561445,-0.004966605284318831,-0.026611256495356783
2021-12-16 00:00:00-05:00,2021-12-01 00:00:00-05:00,AAPL,-89.17920001947421,-0.008183697404777354,-0.039263800794673176
2021-12-17 00:00:00-05:00,2021-12-01 00:00:00-05:00,__cash_interest__,-0.00023954881336364214,-2.2511193661868254e-08,
2021-12-17 00:00:00-05:00,2021-12-01 00:00:00-05:00,MSFT,-6.963049155270686,-0.0006543407408721357,-0.0033853937115670973
2021-12-17 00:00:00-05:00,2021-12-01 00:00:00-05:00,HD,-60.94277083511253,-0.00572699358137708,-0.02890888458620533
2021-12-17 00:00:00-05:00,2021-12-01 00:00:00-05:00,UNH,-26.97710818271947,-0.002535128010909782,-0.011646525513425487
2021-12-17 00:00:00-05:00,2021-12-01 00:00:00-05:00,CRM,-1.485878925597409,-0.00013963295322793178,-0.0007505658987231323
2021-12-17 00:00:00-05:00,2021-12-01 00:00:00-05:00,AAPL,-14.1873976230703,-0.0013332366416945838,-0.0065017063623880045
2021-12-20 00:00:00-05:00,2021-12-01 00:00:00-05:00,__cash_interest__,-0.0002395830875124252,-2.2750780438647148e-08,
2021-12-20 00:00:00-05:00,2021-12-01 00:00:00-05:00,MSFT,-24.62607810638807,-0.0023384893394628884,-0.012013726115026713
2021-12-20 00:00:00-05:00,2021-12-01 00:00:00-05:00,HD,7.49251189014686,0.0007114880049195625,0.0036599621937776217
2021-12-20 00:00:00-05:00,2021-12-01 00:00:00-05:00,UNH,-15.931644753535542,-0.0015128670206965848,-0.0069590396253585984
2021-12-20 00:00:00-05:00,2021-12-01 00:00:00-05:00,CRM,-44.73686551607488,-0.004248207231308511,-0.022615023673564827
2021-12-20 00:00:00-05:00,2021-12-01 00:00:00-05:00,AAPL,-17.607602104731022,-0.0016720157240440513,-0.008121901174773072
2021-12-21 00:00:00-05:00,2021-12-01 00:00:00-05:00,__cash_interest__,-0.0002396173665650826,-2.296207458811338e-08,
2021-12-21 00:00:00-05:00,2021-12-01 00:00:00-05:00,MSFT,46.71955490707154,0.004477045716167895,0.023069079192661546
2021-12-21 00:00:00-05:00,2021-12-01 00:00:00-05:00,HD,5.645629844344592,0.0005410099252864843,0.002747735716791544
2021-12-21 00:00:00-05:00,2021-12-01 00:00:00-05:00,UNH,16.354663825476354,0.0015672361983083056,0.0071938794287746965
2021-12-21 00:00:00-05:00,2021-12-01 00:00:00-05:00,CRM,41.76498625962427,0.0040022588655090055,0.0216012149470739
2021-12-21 00:00:00-05:00,2021-12-01 00:00:00-05:00,AAPL,41.04245377992866,0.0039330199579584585,0.019086772723311496
2021-12-22 00:00:00-05:00,2021-12-01 00:00:00-05:00,__cash_interest__,-0.0002396516505223159,-2.2636663206372336e-08,
2021-12-22 00:00:00-05:00,2021-12-01 00:00:00-05:00,MSFT,37.41362893415426,0.003533961546539708,0.018057450746885362
2021-12-22 00:00:00-05:00,2021-12-01 00:00:00-05:00,HD,27.27932057261742,0.0025767099494418168,0.01324050099363605
2021-12-22 00:00:00-05:00,2021-12-01 00:00:00-05:00,UNH,32.52270158980235,0.003071981523370113,0.014203489988753759
2021-12-22 00:00:00-05:00,2021-12-01 00:00:00-05:00,CRM,1.9551102392205797,0.00018467292806082788,0.0009898187698624827
2021-12-22 00:00:00-05:00,2021-12-01 00:00:00-05:00,AAPL,33.568622313379024,0.003170775565090955,0.01531868682212223
2021-12-23 00:00:00-05:00,2021-12-01 00:00:00-05:00,__cash_interest__,-0.00023968593938482696,-2.235955613487904e-08,
2021-12-23 00:00:00-05:00,2021-12-01 00:00:00-05:00,MSFT,9.43227526200454,0.0008799076355572499,0.004471680686762625
2021-12-23 00:00:00-05:00,2021-12-01 00:00:00-05:00,HD,7.545636175585258,0.0007039089404843621,0.0036145496030046687
2021-12-23 00:00:00-05:00,2021-12-01 00:00:00-05:00,UNH,5.874988405013263,0.0005480594037798333,0.0025298243494522588
2021-12-23 00:00:00-05:00,2021-12-01 00:00:00-05:00,CRM,2.6591393175390188,0.0002480628400380064,0.0013449181858322667
2021-12-23 00:00:00-05:00,2021-12-01 00:00:00-05:00,AAPL,8.107056087083897,0.0007562820586514568,0.003643752062278738
2021-12-27 00:00:00-05:00,2021-12-01 00:00:00-05:00,__cash_interest__,-0.0002397202331533175,-2.2292840520503257e-08,
2021-12-27 00:00:00-05:00,2021-12-01 00:00:00-05:00,MSFT,49.125004705980395,0.004568391583279408,0.023185647324595715
2021-12-27 00:00:00-05:00,2021-12-01 00:00:00-05:00,HD,37.04045628480199,0.003444586107321396,0.01767940753385
2021-12-27 00:00:00-05:00,2021-12-01 00:00:00-05:00,UNH,19.36245384434962,0.001800616034615757,0.008316612155560232
2021-12-27 00:00:00-05:00,2021-12-01 00:00:00-05:00,CRM,40.35680669773161,0.003752990908589302,0.020383927741406405
2021-12-27 00:00:00-05:00,2021-12-01 00:00:00-05:00,AAPL,51.30425452107432,0.004771051441995438,0.022975207182816204
2021-12-28 00:00:00-05:00,2021-12-01 00:00:00-05:00,__cash_interest__,-0.0002397545318284895,-2.189453657828947e-08,
2021-12-28 00:00:00-05:00,2021-12-01 00:00:00-05:00,MSFT,-7.597001699405328,-0.0006937630347356472,-0.00350432522358346
2021-12-28 00:00:00-05:00,2021-12-01 00:00:00-05:00,HD,11.238316098099215,0.001026290185264286,0.005270861875537047
2021-12-28 00:00:00-05:00,2021-12-01 00:00:00-05:00,UNH,16.167415677455494,0.0014764186988535475,0.006886994487675047
2021-12-28 00:00:00-05:00,2021-12-01 00:00:00-05:00,CRM,-22.289883557542176,-0.0020355263658813102,-0.011033549987121472
2021-12-28 00:00:00-05:00,2021-12-01 00:00:00-05:00,AAPL,-13.174633995603303,-0.0012031159691640759,-0.005767392463442711
2021-12-29 00:00:00-05:00,2021-12-01 00:00:00-05:00,__cash_interest__,-0.00023978883541104503,-2.1929021528439987e-08,
2021-12-29 00:00:00-05:00,2021-12-01 00:00:00-05:00,MSFT,4.432052284983061,0.0004053173276644073,0.0020515950294937024
2021-12-29 00:00:00-05:00,2021-12-01 00:00:00-05:00,HD,24.377361306832817,0.0022293434971137676,0.011373234452649594
2021-12-29 00:00:00-05:00,2021-12-01 00:00:00-05:00,UNH,12.407211588711036,0.0011346567056400244,0.005249072704177182
2021-12-29 00:00:00-05:00,2021-12-01 00:00:00-05:00,CRM,-7.117140310098612,-0.0006508723511398796,-0.003562307754149119
2021-12-29 00:00:00-05:00,2021-12-01 00:00:00-05:00,AAPL,1.1402000823495184,0.00010427287871727133,0.0005020350192515011
2021-12-30 00:00:00-05:00,2021-12-01 00:00:00-05:00,__cash_interest__,-0.00023982314390168623,-2.186170545394763e-08,
2021-12-30 00:00:00-05:00,2021-12-01 00:00:00-05:00,MSFT,-16.649426876439602,-0.0015177220197687628,-0.007691232993116914
2021-12-30 00:00:00-05:00,2021-12-01 00:00:00-05:00,HD,-4.748479921890012,-0.00043286009730945647,-0.0021904858279009343
2021-12-30 00:00:00-05:00,2021-12-01 00:00:00-05:00,UNH,-5.4046907309143615,-0.0004926787085960636,-0.0022746027823041803
2021-12-30 00:00:00-05:00,2021-12-01 00:00:00-05:00,CRM,6.178434872340693,0.0005632113779681005,0.0031035177551390625
2021-12-30 00:00:00-05:00,2021-12-01 00:00:00-05:00,AAPL,-14.94805869848709,-0.001362629357025733,-0.00657839220228007
2021-12-31 00:00:00-05:00,2021-12-01 00:00:00-05:00,__cash_interest__,-0.00023985745730111527,-2.1935965150361796e-08,
2021-12-31 00:00:00-05:00,2021-12-01 00:00:00-05:00,MSFT,-18.99170203080483,-0.0017368703836912265,-0.00884125138027847
2021-12-31 00:00:00-05:00,2021-12-01 00:00:00-05:00,HD,26.751691615202038,0.0024465538056947004,0.012367714475202352
2021-12-31 00:00:00-05:00,2021-12-01 00:00:00-05:00,UNH,-10.762569424823509,-0.0009842818751092468,-0.004539830695272529
2021-12-31 00:00:00-05:00,2021-12-01 00:00:00-05:00,CRM,-9.385233298742357,-0.0008583187401623061,-0.004699753506880566
2021-12-31 00:00:00-05:00,2021-12-01 00:00:00-05:00,AAPL,-7.9802132802831265,-0.000729823797760784,-0.003535215269170555
2022-01-03 00:00:00-05:00,2022-01-03 00:00:00-05:00,__cash_interest__,-0.00023989177561003456,-2.1980047320169296e-08,
2022-01-03 00:00:00-05:00,2022-01-03 00:00:00-05:00,MSFT,-10.046580205872575,-0.0009205163777266168,-0.004668046030498307
2022-01-03 00:00:00-05:00,2022-01-03 00:00:00-05:00,HD,-33.33038273340093,-0.003053891229978714,-0.015349149393843464
2022-01-03 00:00:00-05:00,2022-01-03 00:00:00-05:00,UNH,-0.10178639307058823,-9.326162727136435e-06,0.0002788263880344477
2022-01-03 00:00:00-05:00,2022-01-03 00:00:00-05:00,CRM,6.8824093939439335,0.0006305997101025149,0.005233507396727122
2022-01-03 00:00:00-05:00,2022-01-03 00:00:00-05:00,AAPL,54.612174469770295,0.005003832149102994,0.02500417649723352
2022-01-03 00:00:00-05:00,2022-01-03 00:00:00-05:00,__costs__,-1.103115446728102,-0.00010107278441303576,
2022-01-03 00:00:00-05:00,2022-01-03 00:00:00-05:00,NKE,-37.27161063731921,-0.0034150056350365915,-0.011999992071624943
2022-01-04 00:00:00-05:00,2022-01-03 00:00:00-05:00,__cash_interest__,-0.00015783147666284712,-1.448831148557384e-08,
2022-01-04 00:00:00-05:00,2022-01-03 00:00:00-05:00,MSFT,-37.36953288984043,-0.0034303767792464228,-0.01714710400816777
2022-01-04 00:00:00-05:00,2022-01-03 00:00:00-05:00,HD,22.012571824250337,0.0020206678916752405,0.010278110269134944
2022-01-04 00:00:00-05:00,2022-01-03 00:00:00-05:00,UNH,-49.690961046368365,-0.00456143563298975,-0.022656712618361108
2022-01-04 00:00:00-05:00,2022-01-03 00:00:00-05:00,AAPL,-28.360131096974904,-0.0026033489757078553,-0.012691513334697424
2022-01-04 00:00:00-05:00,2022-01-03 00:00:00-05:00,NKE,22.415476570834635,0.0020576529696264474,0.010445313070504003
2022-01-05 00:00:00-05:00,2022-01-03 00:00:00-05:00,__cash_interest__,-0.0001578540588641022,-1.4585435612432749e-08,
2022-01-05 00:00:00-05:00,2022-01-03 00:00:00-05:00,MSFT,-82.22621372560377,-0.007597556594863481,-0.03838794676881141
2022-01-05 00:00:00-05:00,2022-01-03 00:00:00-05:00,HD,-29.349976110989935,-0.002711885838563216,-0.013564671962158381
2022-01-05 00:00:00-05:00,2022-01-03 00:00:00-05:00,UNH,-5.283139695542741,-0.00048815275587664865,-0.002464702239054928
2022-01-05 00:00:00-05:00,2022-01-03 00:00:00-05:00,AAPL,-58.68472398457097,-0.005422364614946234,-0.026599738828085306
2022-01-05 00:00:00-05:00,2022-01-03 00:00:00-05:00,NKE,-53.952389436108504,-0.004985105279647717,-0.024881201835966205
2022-01-06 00:00:00-05:00,2022-01-03 00:00:00-05:00,__cash_interest__,-0.00015787664429637191,-1.490355350584224e-08,
2022-01-06 00:00:00-05:00,2022-01-03 00:00:00-05:00,MSFT,-16.276157488900054,-0.0015364690900699063,-0.007901991829848742
2022-01-06 00:00:00-05:00,2022-01-03 00:00:00-05:00,HD,-7.756494793565189,-0.0007322130242183142,-0.003634113032889963
2022-01-06 00:00:00-05:00,2022-01-03 00:00:00-05:00,UNH,-87.50536972735533,-0.00826050595129173,-0.040924067965802835
2022-01-06 00:00:00-05:00,2022-01-03 00:00:00-05:00,AAPL,-35.849557767437375,-0.0033841978636485583,-0.01669339425622207
2022-01-06 00:00:00-05:00,2022-01-03 00:00:00-05:00,NKE,-15.768886953064294,-0.0014885827569998081,-0.007457687511134847
2022-01-07 00:00:00-05:00,2022-01-03 00:00:00-05:00,__cash_interest__,-0.00015789923296011856,-1.5138854260340302e-08,
2022-01-07 00:00:00-05:00,2022-01-03 00:00:00-05:00,MSFT,1.0415717783783014,9.986244428771373e-05,0.0005097054992277972
2022-01-07 00:00:00-05:00,2022-01-03 00:00:00-05:00,HD,-63.67950126753413,-0.0061053791775153585,-0.02994426994574184
2022-01-07 00:00:00-05:00,2022-01-03 00:00:00-05:00,UNH,-48.24963187581237,-0.004626014524513145,-0.02352800505563113
2022-01-07 00:00:00-05:00,2022-01-03 00:00:00-05:00,AAPL,2.0866293353468963,0.00020005909345453284,0.000988137087309715
2022-01-07 00:00:00-05:00,2022-01-03 00:00:00-05:00,NKE,-53.040116650536376,-0.005085310301201581,-0.02527310388897064
2022-01-10 00:00:00-05:00,2022-01-03 00:00:00-05:00,__cash_interest__,-0.00015792182485580453,-1.5379663420821603e-08,
2022-01-10 00:00:00-05:00,2022-01-03 00:00:00-05:00,MSFT,1.496975835142517,0.00014578722424602868,0.000732189672836947
2022-01-10 00:00:00-05:00,2022-01-03 00:00:00-05:00,HD,-32.231739356211214,-0.003138979069034975,-0.015624320282644044
2022-01-10 00:00:00-05:00,2022-01-03 00:00:00-05:00,UNH,27.945602563713393,0.002721561518899608,0.013955480255177788
2022-01-10 00:00:00-05:00,2022-01-03 00:00:00-05:00,AAPL,0.24548580415845841,2.390732912309079e-05,0.00011613666309240323
2022-01-10 00:00:00-05:00,2022-01-03 00:00:00-05:00,NKE,-85.09925079419581,-0.008287631147714103,-0.04160034178338745
2022-01-11 00:00:00-05:00,2022-01-03 00:00:00-05:00,__cash_interest__,-0.00015794441998389218,-1.5514284058598425e-08,
2022-01-11 00:00:00-05:00,2022-01-03 00:00:00-05:00,MSFT,4.622516177626632,0.0004540523118985778,0.0022592764710447355
2022-01-11 00:00:00-05:00,2022-01-03 00:00:00-05:00,HD,-4.139932175776903,-0.0004066499073844112,-0.002038683187077117
2022-01-11 00:00:00-05:00,2022-01-03 00:00:00-05:00,UNH,17.46587516993749,0.0017156069758340682,0.008602066058623903
2022-01-11 00:00:00-05:00,2022-01-03 00:00:00-05:00,AAPL,35.48209620433768,0.0034852723481130377,0.0167842444073536
2022-01-11 00:00:00-05:00,2022-01-03 00:00:00-05:00,NKE,-1.8243303109305835,-0.00017919707871525144,-0.0009305248720240522
2022-01-12 00:00:00-05:00,2022-01-03 00:00:00-05:00,__cash_interest__,-0.00015796701834484405,-1.5438246272588965e-08,
2022-01-12 00:00:00-05:00,2022-01-03 00:00:00-05:00,MSFT,21.41904705204123,0.0020933010370033115,0.010445061465026217
2022-01-12 00:00:00-05:00,2022-01-03 00:00:00-05:00,HD,14.307588369211464,0.001398292346877899,0.007060073863485394
2022-01-12 00:00:00-05:00,2022-01-03 00:00:00-05:00,UNH,20.610212421112326,0.0020142529650898455,0.010064102143471754
2022-01-12 00:00:00-05:00,2022-01-03 00:00:00-05:00,AAPL,5.52400595091881,0.0005398656325547788,0.0025699096529938625
2022-01-12 00:00:00-05:00,2022-01-03 00:00:00-05:00,NKE,24.89139954857193,0.0024326568946270543,0.012708027265430077
2022-01-13 00:00:00-05:00,2022-01-03 00:00:00-05:00,__cash_interest__,-0.00015798961993912267,-1.531064607614017e-08,
2022-01-13 00:00:00-05:00,2022-01-03 00:00:00-05:00,MSFT,-87.6945686880085,-0.008498409607537649,-0.04232245441608018
2022-01-13 00:00:00-05:00,2022-01-03 00:00:00-05:00,HD,-12.683096644466959,-0.0012291086208558477,-0.006214593570065707
2022-01-13 00:00:00-05:00,2022-01-03 00:00:00-05:00,UNH,-27.46530400101383,-0.0026616403602664077,-0.013277858676960075
2022-01-13 00:00:00-05:00,2022-01-03 00:00:00-05:00,AAPL,-41.00533501211849,-0.003973793796364717,-0.01902783673694597
2022-01-13 00:00:00-05:00,2022-01-03 00:00:00-05:00,NKE,-34.14435983356911,-0.003308902250094595,-0.01721327646614912
2022-01-14 00:00:00-05:00,2022-01-03 00:00:00-05:00,__cash_interest__,-0.0001580122247671906,-1.5620113533688183e-08,
2022-01-14 00:00:00-05:00,2022-01-03 00:00:00-05:00,MSFT,35.156038171908556,0.0034753090050404123,0.017716534410053608
2022-01-14 00:00:00-05:00,2022-01-03 00:00:00-05:00,HD,-78.51081815876574,-0.007761095035966518,-0.038710102192439755
2022-01-14 00:00:00-05:00,2022-01-03 00:00:00-05:00,UNH,5.501614854027019,0.0005438556970205444,0.00269549755274312
2022-01-14 00:00:00-05:00,2022-01-03 00:00:00-05:00,AAPL,10.803676812386156,0.0010679848261068603,0.005110506585361163
2022-01-14 00:00:00-05:00,2022-01-03 00:00:00-05:00,NKE,-18.375257620291137,-0.001816464584702902,-0.009425810951775748
2022-01-18 00:00:00-05:00,2022-01-03 00:00:00-05:00,__cash_interest__,-0.00015803483282951066,-1.569281585102798e-08,
2022-01-18 00:00:00-05:00,2022-01-03 00:00:00-05:00,MSFT,-49.153112858614506,-0.004880890717473487,-0.024339017400871632
2022-01-18 00:00:00-05:00,2022-01-03 00:00:00-05:00,HD,-27.672537191592948,-0.002747875405081578,-0.01419349719098928
2022-01-18 00:00:00-05:00,2022-01-03 00:00:00-05:00,UNH,-33.62205534218881,-0.0033386609367774414,-0.016428728472278165
2022-01-18 00:00:00-05:00,2022-01-03 00:00:00-05:00,AAPL,-40.14690184070189,-0.003986576416701118,-0.018894290644540734
2022-01-18 00:00:00-05:00,2022-01-03 00:00:00-05:00,NKE,-16.029567071829714,-0.0015917316437528601,-0.008300802368536586
2022-01-19 00:00:00-05:00,2022-01-03 00:00:00-05:00,__cash_interest__,-0.00015805744412654548,-1.5959116715020137e-08,
2022-01-19 00:00:00-05:00,2022-01-03 00:00:00-05:00,MSFT,4.426783184026432,0.00044697388279544593,0.0022466805642713528
2022-01-19 00:00:00-05:00,2022-01-03 00:00:00-05:00,HD,-36.844427161529275,-0.0037201950001047083,-0.019169931739533852
2022-01-19 00:00:00-05:00,2022-01-03 00:00:00-05:00,UNH,6.680831632062856,0.0006745659615002145,0.003318978085527613
2022-01-19 00:00:00-05:00,2022-01-03 00:00:00-05:00,AAPL,-43.82938068886326,-0.00442546825824031,-0.02102461668504485
2022-01-19 00:00:00-05:00,2022-01-03 00:00:00-05:00,NKE,-23.978265722145082,-0.002421094073728672,-0.012520915589704362
2022-01-20 00:00:00-05:00,2022-01-03 00:00:00-05:00,__cash_interest__,-0.0001580800586587579,-1.6113596795839035e-08,
2022-01-20 00:00:00-05:00,2022-01-03 00:00:00-05:00,MSFT,-11.262587827747629,-0.0011480309450403634,-0.005703174251054932
2022-01-20 00:00:00-05:00,2022-01-03 00:00:00-05:00,HD,-52.98703965998478,-0.005401135347053618,-0.028107656871072084
2022-01-20 00:00:00-05:00,2022-01-03 00:00:00-05:00,UNH,2.096032175246643,0.00021365514176546432,0.001037845665352366
2022-01-20 00:00:00-05:00,2022-01-03 00:00:00-05:00,AAPL,-21.116765588024393,-0.0021524982290916077,-0.010347093654137773
2022-01-20 00:00:00-05:00,2022-01-03 00:00:00-05:00,NKE,-31.017059449238786,-0.0031616662721292168,-0.016401782020930455
2022-01-21 00:00:00-05:00,2022-01-03 00:00:00-05:00,__cash_interest__,-0.00015810267642661082,-1.6305860545260306e-08,
2022-01-21 00:00:00-05:00,2022-01-03 00:00:00-05:00,MSFT,-36.26278553087449,-0.0037399488561067743,-0.018468157035111732
2022-01-21 00:00:00-05:00,2022-01-03 00:00:00-05:00,HD,-2.515260969016627,-0.00025941050159741824,-0.0013728398515796547
2022-01-21 00:00:00-05:00,2022-01-03 00:00:00-05:00,UNH,-7.990671123901461,-0.0008241148850497593,-0.003952460973548622
2022-01-21 00:00:00-05:00,2022-01-03 00:00:00-05:00,AAPL,-25.782146581742094,-0.00265903206840708,-0.012765186077142832
2022-01-21 00:00:00-05:00,2022-01-03 00:00:00-05:00,NKE,2.8670507859922645,0.00029569221311866547,0.0015413741317402696
2022-01-24 00:00:00-05:00,2022-01-03 00:00:00-05:00,__cash_interest__,-0.00015812529743056722,-1.642624619967328e-08,
2022-01-24 00:00:00-05:00,2022-01-03 00:00:00-05:00,MSFT,2.213494717931867,0.00022994049522272436,0.0011485145293723686
2022-01-24 00:00:00-05:00,2022-01-03 00:00:00-05:00,HD,77.09524350037884,0.008008746678355204,0.04213675013289642
2022-01-24 00:00:00-05:00,2022-01-03 00:00:00-05:00,UNH,4.802552144538306,0.0004988948966094105,0.0023849339509558476
2022-01-24 00:00:00-05:00,2022-01-03 00:00:00-05:00,AAPL,-9.698607122104095,-0.0010075029800436601,-0.004864038252097247
2022-01-24 00:00:00-05:00,2022-01-03 00:00:00-05:00,NKE,39.748013716064094,0.0041290715012552125,0.021336305262926736
2022-01-25 00:00:00-05:00,2022-01-03 00:00:00-05:00,__cash_interest__,-0.00015814792167109004,-1.6236050926754256e-08,
2022-01-25 00:00:00-05:00,2022-01-03 00:00:00-05:00,MSFT,-51.30163824779604,-0.005266816044218707,-0.026588309793632803
2022-01-25 00:00:00-05:00,2022-01-03 00:00:00-05:00,HD,-25.313605058312977,-0.002598788378144361,-0.013275862361094237
2022-01-25 00:00:00-05:00,2022-01-03 00:00:00-05:00,UNH,-23.709611990879353,-0.0024341165136403478,-0.011746113238925604
2022-01-25 00:00:00-05:00,2022-01-03 00:00:00-05:00,AAPL,-22.59025577032864,-0.002319199261424805,-0.011384824544726335
2022-01-25 00:00:00-05:00,2022-01-03 00:00:00-05:00,NKE,-6.776606786832531,-0.0006957115322098759,-0.0035616177059724086
2022-01-26 00:00:00-05:00,2022-01-03 00:00:00-05:00,__cash_interest__,-0.0001581705491486424,-1.645749976308243e-08,
2022-01-26 00:00:00-05:00,2022-01-03 00:00:00-05:00,MSFT,53.514720462053305,0.005568157309095516,0.0284928702210121
2022-01-26 00:00:00-05:00,2022-01-03 00:00:00-05:00,HD,-8.910025708926247,-0.0009270799575710438,-0.004735784656546116
2022-01-26 00:00:00-05:00,2022-01-03 00:00:00-05:00,UNH,6.94265503627814,0.0007223768535274839,0.0034803810252304057
2022-01-26 00:00:00-05:00,2022-01-03 00:00:00-05:00,AAPL,-1.1050696902820605,-0.00011498148210205342,-0.0005633361073220655
2022-01-26 00:00:00-05:00,2022-01-03 00:00:00-05:00,NKE,-19.41797809535282,-0.002020422712217357,-0.010242089678318855
2022-01-27 00:00:00-05:00,2022-01-03 00:00:00-05:00,__cash_interest__,-0.0001581931798636875,-1.6406892468717958e-08,
2022-01-27 00:00:00-05:00,2022-01-03 00:00:00-05:00,MSFT,20.377887777337534,0.002113478051269166,0.010549231419393346
2022-01-27 00:00:00-05:00,2022-01-03 00:00:00-05:00,HD,-4.455102595471009,-0.0004620577782429266,-0.0023792074407791297
2022-01-27 00:00:00-05:00,2022-01-03 00:00:00-05:00,UNH,13.841672838520399,0.0014355791952881006,0.006914820319266601
2022-01-27 00:00:00-05:00,2022-01-03 00:00:00-05:00,AAPL,-5.769875326646266,-0.0005984184913898697,-0.0029429919423551443
2022-01-27 00:00:00-05:00,2022-01-03 00:00:00-05:00,NKE,8.47135044912828,0.0008786000509215217,0.004514485206554841
2022-01-28 00:00:00-05:00,2022-01-03 00:00:00-05:00,__cash_interest__,-0.00015821581381668848,-1.6354172741100976e-08,
2022-01-28 00:00:00-05:00,2022-01-03 00:00:00-05:00,MSFT,54.817407066456745,0.00566626889409914,0.028081652853128025
2022-01-28 00:00:00-05:00,2022-01-03 00:00:00-05:00,HD,52.98721914200055,0.005477089261904393,0.028364833267743084
2022-01-28 00:00:00-05:00,2022-01-03 00:00:00-05:00,UNH,19.47419939465506,0.0020129746402204416,0.009661825705467475
2022-01-28 00:00:00-05:00,2022-01-03 00:00:00-05:00,AAPL,136.39958422181945,0.014099111260537558,0.06977754732521602
2022-01-28 00:00:00-05:00,2022-01-03 00:00:00-05:00,NKE,16.550712049146878,0.0017107847648755003,0.008780435663183983
2022-01-31 00:00:00-05:00,2022-01-03 00:00:00-05:00,__cash_interest__,-0.00015823845100810862,-1.589606389804601e-08,
2022-01-31 00:00:00-05:00,2022-01-03 00:00:00-05:00,MSFT,17.708163995292242,0.0017788982677277266,0.00882368719686144
2022-01-31 00:00:00-05:00,2022-01-03 00:00:00-05:00,HD,2.3059849386274887,0.0002316509274378317,0.0012003789116370456
2022-01-31 00:00:00-05:00,2022-01-03 00:00:00-05:00,UNH,28.426334608870267,0.0028556070187181204,0.013968330876408475
2022-01-31 00:00:00-05:00,2022-01-03 00:00:00-05:00,AAPL,54.632865715464916,0.005488220586170269,0.026125412508564816
2022-01-31 00:00:00-05:00,2022-01-03 00:00:00-05:00,NKE,28.149147622391805,0.0028277618140874036,0.014803621752339957
2022-02-01 00:00:00-05:00,2022-02-01 00:00:00-05:00,__cash_interest__,-0.00015826109143841132,-1.5691491112517596e-08,
2022-02-01 00:00:00-05:00,2022-02-01 00:00:00-05:00,MSFT,-14.464456022764287,-0.001434142031157003,-0.007138852806035989
2022-02-01 00:00:00-05:00,2022-02-01 00:00:00-05:00,HD,13.049660404478367,0.0012938659047345982,0.004686671080571525
2022-02-01 00:00:00-05:00,2022-02-01 00:00:00-05:00,UNH,-17.455438888375372,-0.0017306961660164429,-0.008802840078505736
2022-02-01 00:00:00-05:00,2022-02-01 00:00:00-05:00,AAPL,-2.4773598182801697,-0.0002456287216127246,-0.0009723309764950727
2022-02-01 00:00:00-05:00,2022-02-01 00:00:00-05:00,NKE,18.635113748746367,0.001847660212067999,0.0010126856785630522
2022-02-01 00:00:00-05:00,2022-02-01 00:00:00-05:00,__costs__,-1.802729717317252,-0.00017873955676947514,
2022-02-01 00:00:00-05:00,2022-02-01 00:00:00-05:00,CVX,61.23213848391466,0.006071129347636948,0.026345960577308203
2022-02-01 00:00:00-05:00,2022-02-01 00:00:00-05:00,PG,-13.210454473997132,-0.0013098085390856392,-0.004424680382741131
2022-02-02 00:00:00-05:00,2022-02-01 00:00:00-05:00,__cash_interest__,-0.00025793083956183847,-2.5463844644083888e-08,
2022-02-02 00:00:00-05:00,2022-02-01 00:00:00-05:00,MSFT,30.63087762229269,0.003023988563798738,0.015222345588225439
2022-02-02 00:00:00-05:00,2022-02-01 00:00:00-05:00,UNH,48.42365905588174,0.00478055487041299,0.024273506906135944
2022-02-02 00:00:00-05:00,2022-02-01 00:00:00-05:00,AAPL,14.299272355562712,0.0014116747357703868,0.007044115881463142
2022-02-02 00:00:00-05:00,2022-02-01 00:00:00-05:00,CVX,9.586809414533834,0.0009464437287872423,0.004599718603695679
2022-02-02 00:00:00-05:00,2022-02-01 00:00:00-05:00,PG,35.98270859283056,0.003552340243755569,0.017903858959412933
2022-02-03 00:00:00-05:00,2022-02-01 00:00:00-05:00,__cash_interest__,-0.0002579677437729124,-2.512292759228309e-08,
2022-02-03 00:00:00-05:00,2022-02-01 00:00:00-05:00,MSFT,-79.5742540023824,-0.0077495666406712715,-0.03895233932239617
2022-02-03 00:00:00-05:00,2022-02-01 00:00:00-05:00,UNH,38.2878551499702,0.0037287724369263874,0.01873786133887423
2022-02-03 00:00:00-05:00,2022-02-01 00:00:00-05:00,AAPL,-34.17935982328924,-0.0033286548520848466,-0.01671968078703423
2022-02-03 00:00:00-05:00,2022-02-01 00:00:00-05:00,CVX,-18.70981159188594,-0.0018221085900646074,-0.008935801895697648
2022-02-03 00:00:00-05:00,2022-02-01 00:00:00-05:00,PG,19.375819186802325,0.0018869696472583472,0.00947122400958933
2022-02-04 00:00:00-05:00,2022-02-01 00:00:00-05:00,__cash_interest__,-0.0002580046532641645,-2.531090225952228e-08,
2022-02-04 00:00:00-05:00,2022-02-01 00:00:00-05:00,MSFT,30.565221445450934,0.0029985247272046643,0.015568385954632058
2022-02-04 00:00:00-05:00,2022-02-01 00:00:00-05:00,UNH,-23.849771097841916,-0.0023397222396271456,-0.011457259527676067
2022-02-04 00:00:00-05:00,2022-02-01 00:00:00-05:00,AAPL,-3.3757302735080037,-0.0003311675891356455,-0.0016794011617574656
2022-02-04 00:00:00-05:00,2022-02-01 00:00:00-05:00,CVX,25.977584820511158,0.002548466091645228,0.012518753893834944
2022-02-04 00:00:00-05:00,2022-02-01 00:00:00-05:00,PG,-32.83788451045825,-0.00322147866225765,-0.01590110345382456
2022-02-07 00:00:00-05:00,2022-02-01 00:00:00-05:00,__cash_interest__,-0.0002580415680363503,-2.532327042421544e-08,
2022-02-07 00:00:00-05:00,2022-02-01 00:00:00-05:00,MSFT,-32.520867065089625,-0.0031914808043765055,-0.016310564277677186
2022-02-07 00:00:00-05:00,2022-02-01 00:00:00-05:00,UNH,2.2570516769306215,0.0002214989251975539,0.0010968382498830476
2022-02-07 00:00:00-05:00,2022-02-01 00:00:00-05:00,AAPL,-8.497440257017404,-0.0008339081923101384,-0.004234525948032863
2022-02-07 00:00:00-05:00,2022-02-01 00:00:00-05:00,CVX,41.28534277896028,0.004051594894977403,0.01964966492430631
2022-02-07 00:00:00-05:00,2022-02-01 00:00:00-05:00,PG,-15.223503431547048,-0.0014939798154796943,-0.007490795770965342
2022-02-08 00:00:00-05:00,2022-02-01 00:00:00-05:00,__cash_interest__,-0.0002580784880902253,-2.5358497929338246e-08,
2022-02-08 00:00:00-05:00,2022-02-01 00:00:00-05:00,MSFT,23.52762256548849,0.0023117973625938516,0.011995736215493435
2022-02-08 00:00:00-05:00,2022-02-01 00:00:00-05:00,UNH,41.35400665064473,0.004063397533751798,0.0200744006632243
2022-02-08 00:00:00-05:00,2022-02-01 00:00:00-05:00,AAPL,36.90021149951567,0.003625772701270146,0.018466664964077895
2022-02-08 00:00:00-05:00,2022-02-01 00:00:00-05:00,CVX,-32.62614783878989,-0.0032058080800713303,-0.01522909420389007
2022-02-08 00:00:00-05:00,2022-02-01 00:00:00-05:00,PG,-4.529720539121695,-0.0004450851745211731,-0.002245692110604991
2022-02-09 00:00:00-05:00,2022-02-01 00:00:00-05:00,__cash_interest__,-0.00025811541342654534,-2.520209165425868e-08,
2022-02-09 00:00:00-05:00,2022-02-01 00:00:00-05:00,MSFT,43.33844483064593,0.004231515833461827,0.02183451264763625
2022-02-09 00:00:00-05:00,2022-02-01 00:00:00-05:00,UNH,19.974519773423477,0.0019502891028353045,0.009505380200788727
2022-02-09 00:00:00-05:00,2022-02-01 00:00:00-05:00,AAPL,16.878288151457223,0.0016479766136905452,0.008293563854275376
2022-02-09 00:00:00-05:00,2022-02-01 00:00:00-05:00,CVX,20.874433732640853,0.0020381556652387827,0.009894361351743486
2022-02-09 00:00:00-05:00,2022-02-01 00:00:00-05:00,PG,-4.5290731895781855,-0.0004422134893741159,-0.002250424936711126
2022-02-10 00:00:00-05:00,2022-02-01 00:00:00-05:00,__cash_interest__,-0.0002581523440460661,-2.4970334670765757e-08,
2022-02-10 00:00:00-05:00,2022-02-01 00:00:00-05:00,MSFT,-57.546193740043805,-0.005566278013192096,-0.02837306261109951
2022-02-10 00:00:00-05:00,2022-02-01 00:00:00-05:00,UNH,-48.46678473887523,-0.004688052862032958,-0.022846975594916663
2022-02-10 00:00:00-05:00,2022-02-01 00:00:00-05:00,AAPL,-48.424149766432514,-0.004683928903621859,-0.02359868508449925
2022-02-10 00:00:00-05:00,2022-02-01 00:00:00-05:00,CVX,-27.06003716631876,-0.002617439662394714,-0.012700637057552089
2022-02-10 00:00:00-05:00,2022-02-01 00:00:00-05:00,PG,-30.573240024078572,-0.0029572616827940284,-0.015225624225339907
2022-02-11 00:00:00-05:00,2022-02-01 00:00:00-05:00,__cash_interest__,-0.0002581892799495435,-2.549692545184999e-08,
2022-02-11 00:00:00-05:00,2022-02-01 00:00:00-05:00,MSFT,-47.835892944306146,-0.004723930430271945,-0.024274145539893266
2022-02-11 00:00:00-05:00,2022-02-01 00:00:00-05:00,UNH,-36.58354507009995,-0.003612729086192185,-0.017648496583739792
2022-02-11 00:00:00-05:00,2022-02-01 00:00:00-05:00,AAPL,-40.50876328209604,-0.004000355544397834,-0.020218383486507285
2022-02-11 00:00:00-05:00,2022-02-01 00:00:00-05:00,CVX,42.83160236194961,0.004229742507587181,0.020361631899052712
2022-02-11 00:00:00-05:00,2022-02-01 00:00:00-05:00,PG,-11.07183502583528,-0.001093375187087828,-0.00559907787083147
2022-02-14 00:00:00-05:00,2022-02-01 00:00:00-05:00,__cash_interest__,-0.0002582262211377336,-2.5737374673568247e-08,
2022-02-14 00:00:00-05:00,2022-02-01 00:00:00-05:00,MSFT,-0.26035358175299667,-2.594940843597851e-05,-0.00013540222783370304
2022-02-14 00:00:00-05:00,2022-02-01 00:00:00-05:00,UNH,-15.88617683891955,-0.001583373228452082,-0.0078014334106987215
2022-02-14 00:00:00-05:00,2022-02-01 00:00:00-05:00,AAPL,2.7938581088684704,0.0002784634829720909,0.001423221528168428
2022-02-14 00:00:00-05:00,2022-02-01 00:00:00-05:00,CVX,-33.08981380054147,-0.0032980575400547406,-0.01541659500466308
2022-02-14 00:00:00-05:00,2022-02-01 00:00:00-05:00,PG,5.661934890720949,0.0005643243316568821,0.0028793884226836486
2022-02-15 00:00:00-05:00,2022-02-01 00:00:00-05:00,__cash_interest__,-0.0002582631676113925,-2.584611169731819e-08,
2022-02-15 00:00:00-05:00,2022-02-01 00:00:00-05:00,MSFT,35.648413501564164,0.0035675736719066316,0.018542200312466006
2022-02-15 00:00:00-05:00,2022-02-01 00:00:00-05:00,UNH,16.31179632467231,0.0016324298725622364,0.008073432303522754
2022-02-15 00:00:00-05:00,2022-02-01 00:00:00-05:00,AAPL,45.514062511069255,0.004554894739113108,0.023152404545766947
2022-02-15 00:00:00-05:00,2022-02-01 00:00:00-05:00,CVX,-15.46867067338972,-0.0015480526849072254,-0.00731972259218705
2022-02-15 00:00:00-05:00,2022-02-01 00:00:00-05:00,PG,1.0061969737959444,0.00010069681873245304,0.0005102343401388598
2022-02-16 00:00:00-05:00,2022-02-01 00:00:00-05:00,__cash_interest__,-0.0002583001193712764,-2.5636831304626422e-08,
2022-02-16 00:00:00-05:00,2022-02-01 00:00:00-05:00,MSFT,-2.2861976294614847,-0.0002269099336779423,-0.0011674970836296206
2022-02-16 00:00:00-05:00,2022-02-01 00:00:00-05:00,UNH,7.751348250464201,0.0007693376525115923,0.0038057608840436075
2022-02-16 00:00:00-05:00,2022-02-01 00:00:00-05:00,AAPL,-2.7936765008270723,-0.0002772782813485882,-0.0013889489575930059
2022-02-16 00:00:00-05:00,2022-02-01 00:00:00-05:00,CVX,0.6250025029826209,6.203281583042323e-05,0.00029792983213705604
2022-02-16 00:00:00-05:00,2022-02-01 00:00:00-05:00,PG,14.972116025483938,0.001486014074453073,0.007588366990204376
2022-02-17 00:00:00-05:00,2022-02-01 00:00:00-05:00,__cash_interest__,-0.00025833707641814176,-2.5594092910301508e-08,
2022-02-17 00:00:00-05:00,2022-02-01 00:00:00-05:00,MSFT,-57.27303926846631,-0.005674181610385113,-0.029281923262586163
2022-02-17 00:00:00-05:00,2022-02-01 00:00:00-05:00,UNH,-41.35442945145839,-0.004097085576365246,-0.02022723865228493
2022-02-17 00:00:00-05:00,2022-02-01 00:00:00-05:00,AAPL,-42.72038601024219,-0.004232414270030424,-0.021269093078435275
2022-02-17 00:00:00-05:00,2022-02-01 00:00:00-05:00,CVX,-10.781717002740661,-0.0010681713617215166,-0.0051379608845234515
2022-02-17 00:00:00-05:00,2022-02-01 00:00:00-05:00,PG,22.772678024781257,0.002256145518343036,0.011455026633059084
2022-02-18 00:00:00-05:00,2022-02-01 00:00:00-05:00,__cash_interest__,-0.0002583740387527449,-2.5930067681517822e-08,
2022-02-18 00:00:00-05:00,2022-02-01 00:00:00-05:00,MSFT,-18.285658182358567,-0.001835123824972994,-0.009630899435641105
2022-02-18 00:00:00-05:00,2022-02-01 00:00:00-05:00,UNH,-10.774937802563455,-0.0010813581265104837,-0.005379030112760974
2022-02-18 00:00:00-05:00,2022-02-01 00:00:00-05:00,AAPL,-18.39217278455184,-0.0018458134858122728,-0.009355856218724257
2022-02-18 00:00:00-05:00,2022-02-01 00:00:00-05:00,CVX,-2.96847933830715,-0.0002979125554760246,-0.0014219163103585952
2022-02-18 00:00:00-05:00,2022-02-01 00:00:00-05:00,PG,1.0059811906147744,0.00010095890626200872,0.0005002939844209742
2022-02-22 00:00:00-05:00,2022-02-01 00:00:00-05:00,__cash_interest__,-0.0002584110063758424,-2.6063031442663193e-08,
2022-02-22 00:00:00-05:00,2022-02-01 00:00:00-05:00,MSFT,-1.371553404904962,-0.00013833327000529645,-0.0007294102998268714
2022-02-22 00:00:00-05:00,2022-02-01 00:00:00-05:00,UNH,-22.572348906165416,-0.002276620673116774,-0.01132943747383175
2022-02-22 00:00:00-05:00,2022-02-01 00:00:00-05:00,AAPL,-34.68822555528673,-0.003498613801390114,-0.017812091139089437
2022-02-22 00:00:00-05:00,2022-02-01 00:00:00-05:00,CVX,-15.937705101486985,-0.0016074582697139374,-0.007645110414049583
2022-02-22 00:00:00-05:00,2022-02-01 00:00:00-05:00,PG,-24.784856189191974,-0.0024997715663135326,-0.012319826823092517
2022-02-23 00:00:00-05:00,2022-02-01 00:00:00-05:00,__cash_interest__,-0.00025844797928819104,-2.633061493599908e-08,
2022-02-23 00:00:00-05:00,2022-02-01 00:00:00-05:00,MSFT,-48.65246583552986,-0.00495670094666792,-0.02589291345711997
2022-02-23 00:00:00-05:00,2022-02-01 00:00:00-05:00,UNH,-12.30801355290072,-0.0012539373160550553,-0.006248387497901908
2022-02-23 00:00:00-05:00,2022-02-01 00:00:00-05:00,AAPL,-49.47239138138239,-0.005040234754451953,-0.025864324734077293
2022-02-23 00:00:00-05:00,2022-02-01 00:00:00-05:00,CVX,49.21908838531155,0.005014428309108309,0.02379164806900258
2022-02-23 00:00:00-05:00,2022-02-01 00:00:00-05:00,PG,-24.785935105097824,-0.0025251848162188843,-0.012474041147340298
2022-02-24 00:00:00-05:00,2022-02-01 00:00:00-05:00,__cash_interest__,-0.0002584849574905475,-2.6567154530971674e-08,
2022-02-24 00:00:00-05:00,2022-02-01 00:00:00-05:00,MSFT,93.51793294265887,0.009611798690434513,0.051093335980426646
2022-02-24 00:00:00-05:00,2022-02-01 00:00:00-05:00,UNH,-15.885613104501333,-0.0016327276537241012,-0.00811532886171995
2022-02-24 00:00:00-05:00,2022-02-01 00:00:00-05:00,AAPL,31.080400204871946,0.003194452022058082,0.016680359038051762
2022-02-24 00:00:00-05:00,2022-02-01 00:00:00-05:00,CVX,-10.936978700475269,-0.0011241056580559349,-0.00516388718184535
2022-02-24 00:00:00-05:00,2022-02-01 00:00:00-05:00,PG,-52.842495887190104,-0.005431166160176083,-0.026930019361171564
2022-02-25 00:00:00-05:00,2022-02-01 00:00:00-05:00,__cash_interest__,-0.0002585219409836686,-2.6448809161445032e-08,
2022-02-25 00:00:00-05:00,2022-02-01 00:00:00-05:00,MSFT,17.763505757098194,0.0018173450656453183,0.009233296014945713
2022-02-25 00:00:00-05:00,2022-02-01 00:00:00-05:00,UNH,84.58158464022893,0.008653355232480429,0.04356289981974615
2022-02-25 00:00:00-05:00,2022-02-01 00:00:00-05:00,AAPL,24.56085312672132,0.0025127666716380165,0.012965157786164916
2022-02-25 00:00:00-05:00,2022-02-01 00:00:00-05:00,CVX,86.405324558476,0.00883993803808018,0.04100797679234769
2022-02-25 00:00:00-05:00,2022-02-01 00:00:00-05:00,PG,81.52806464239308,0.008340956341360705,0.0426988719421475
2022-02-28 00:00:00-05:00,2022-02-01 00:00:00-05:00,__cash_interest__,-0.00025855892976831143,-2.5678032626625803e-08,
2022-02-28 00:00:00-05:00,2022-02-01 00:00:00-05:00,MSFT,9.665704147316843,0.0009599214642345443,0.004978173238514572
2022-02-28 00:00:00-05:00,2022-02-01 00:00:00-05:00,UNH,0.5115889845306373,5.080698101578415e-05,0.00025248961366930445
2022-02-28 00:00:00-05:00,2022-02-01 00:00:00-05:00,AAPL,3.143090372477029,0.00031214693379656033,0.0016379352116984158
2022-02-28 00:00:00-05:00,2022-02-01 00:00:00-05:00,CVX,56.56286779535735,0.005617377694153477,0.025787260079866092
2022-02-28 00:00:00-05:00,2022-02-01 00:00:00-05:00,PG,-29.56617991755795,-0.002936279683892736,-0.014850654020340581
2022-03-01 00:00:00-05:00,2022-03-01 00:00:00-05:00,__cash_interest__,-0.0002585959238452331,-2.5579288452969595e-08,
2022-03-01 00:00:00-05:00,2022-03-01 00:00:00-05:00,MSFT,-25.455056939287722,-0.0025179137952170342,-0.012852048388788062
2022-03-01 00:00:00-05:00,2022-03-01 00:00:00-05:00,UNH,-21.2096600580528,-0.002097975886654183,0.0007983750727289518
2022-03-01 00:00:00-05:00,2022-03-01 00:00:00-05:00,AAPL,-23.22014634757869,-0.0022968452577015845,-0.011627925654067228
2022-03-01 00:00:00-05:00,2022-03-01 00:00:00-05:00,CVX,81.15676010349634,0.008027706491762843,0.039722289563355107
2022-03-01 00:00:00-05:00,2022-03-01 00:00:00-05:00,PG,-32.92318531949951,-0.0032566315878283943,-0.016550529260696334
2022-03-01 00:00:00-05:00,2022-03-01 00:00:00-05:00,__costs__,-1.0870537642946196,-0.00010752706921018651,
2022-03-01 00:00:00-05:00,2022-03-01 00:00:00-05:00,AXP,-171.73610150285901,-0.016987457546930214,-0.08471264480303109
2022-03-02 00:00:00-05:00,2022-03-01 00:00:00-05:00,__cash_interest__,-0.00015553340435895871,-1.568650683499004e-08,
2022-03-02 00:00:00-05:00,2022-03-01 00:00:00-05:00,MSFT,35.582995013375005,0.0035887653638603896,0.017765657913410227
2022-03-02 00:00:00-05:00,2022-03-01 00:00:00-05:00,AAPL,41.061645761074104,0.004141321213547576,0.020588220954586456
2022-03-02 00:00:00-05:00,2022-03-01 00:00:00-05:00,CVX,61.3498289324512,0.00618751010331713,0.029521640944006
2022-03-02 00:00:00-05:00,2022-03-01 00:00:00-05:00,PG,6.261358967300782,0.0006314968198741964,0.0031311308283317185
2022-03-02 00:00:00-05:00,2022-03-01 00:00:00-05:00,AXP,23.263307410516312,0.0023462485901570842,0.012636102642985536
2022-03-03 00:00:00-05:00,2022-03-01 00:00:00-05:00,__cash_interest__,-0.0001555556577567814,-1.5428088634668856e-08,
2022-03-03 00:00:00-05:00,2022-03-01 00:00:00-05:00,MSFT,-28.99573017567214,-0.002875811150994346,-0.014224108378732891
2022-03-03 00:00:00-05:00,2022-03-01 00:00:00-05:00,AAPL,-4.033046190346623,-0.0003999995563624474,-0.0019813678547629943
2022-03-03 00:00:00-05:00,2022-03-01 00:00:00-05:00,CVX,28.871688895515778,0.002863508674233248,0.013494719042056458
2022-03-03 00:00:00-05:00,2022-03-01 00:00:00-05:00,PG,7.435601463258544,0.0007374667053678747,0.0037067304625484354
2022-03-03 00:00:00-05:00,2022-03-01 00:00:00-05:00,AXP,-4.342248281840174,-0.00043066637583002494,-0.002329179346809651
2022-03-04 00:00:00-05:00,2022-03-01 00:00:00-05:00,__cash_interest__,-0.00015557791433857423,-1.5431924386079885e-08,
2022-03-04 00:00:00-05:00,2022-03-01 00:00:00-05:00,MSFT,-41.151995759391106,-0.004081906417084209,-0.020478762643979742
2022-03-04 00:00:00-05:00,2022-03-01 00:00:00-05:00,AAPL,-37.3950494727672,-0.0037092512669992662,-0.018408032807733177
2022-03-04 00:00:00-05:00,2022-03-01 00:00:00-05:00,CVX,33.72772886023345,0.0033454861745519445,0.015554543344652227
2022-03-04 00:00:00-05:00,2022-03-01 00:00:00-05:00,PG,10.17311440344432,0.0010090810955547588,0.005052682338222425
2022-03-04 00:00:00-05:00,2022-03-01 00:00:00-05:00,AXP,-71.75519411047169,-0.007117467376580796,-0.03857930074496074
2022-03-07 00:00:00-05:00,2022-03-01 00:00:00-05:00,__cash_interest__,-0.00015560017410479274,-1.559876283908873e-08,
2022-03-07 00:00:00-05:00,2022-03-01 00:00:00-05:00,MSFT,-74.35775309887882,-0.0074542908612413895,-0.03777680390174776
2022-03-07 00:00:00-05:00,2022-03-01 00:00:00-05:00,AAPL,-47.29396334581624,-0.004741172830919214,-0.023717449377650413
2022-03-07 00:00:00-05:00,2022-03-01 00:00:00-05:00,CVX,47.05341334706994,0.004717057932571739,0.021367713285605383
2022-03-07 00:00:00-05:00,2022-03-01 00:00:00-05:00,PG,-30.00034100217483,-0.003007504375088617,-0.01482536623977615
2022-03-07 00:00:00-05:00,2022-03-01 00:00:00-05:00,AXP,-142.88899464238577,-0.014324479728674944,-0.07990727498095285
2022-03-08 00:00:00-05:00,2022-03-01 00:00:00-05:00,__cash_interest__,-0.00015562243705589257,-1.599790929394338e-08,
2022-03-08 00:00:00-05:00,2022-03-01 00:00:00-05:00,MSFT,-20.779199853716534,-0.0021360914322469263,-0.01097114491856821
2022-03-08 00:00:00-05:00,2022-03-01 00:00:00-05:00,AAPL,-22.730570926730223,-0.0023366914100874346,-0.011676080723027726
2022-03-08 00:00:00-05:00,2022-03-01 00:00:00-05:00,CVX,117.8426139119768,0.012114162224871878,0.052394675651582734
2022-03-08 00:00:00-05:00,2022-03-01 00:00:00-05:00,PG,-78.91316721120147,-0.008112234424713285,-0.03958361854404513
2022-03-08 00:00:00-05:00,2022-03-01 00:00:00-05:00,AXP,9.511575587167231,0.0009777852497666302,0.005781072376860541
2022-03-09 00:00:00-05:00,2022-03-01 00:00:00-05:00,__cash_interest__,-0.00015564470319232937,-1.5992091623232057e-08,
2022-03-09 00:00:00-05:00,2022-03-01 00:00:00-05:00,MSFT,85.90172916341359,0.0088261810084076,0.04585810192770112
2022-03-09 00:00:00-05:00,2022-03-01 00:00:00-05:00,AAPL,67.33583681231538,0.006918583477260403,0.03499723229625862
2022-03-09 00:00:00-05:00,2022-03-01 00:00:00-05:00,CVX,-59.12888151797845,-0.006075339998215535,-0.024980769422459193
2022-03-09 00:00:00-05:00,2022-03-01 00:00:00-05:00,PG,25.8263999677721,0.002653595953551239,0.01348870733932106
2022-03-09 00:00:00-05:00,2022-03-01 00:00:00-05:00,AXP,88.9180013416989,0.009136095191456533,0.05373313464841467
2022-03-10 00:00:00-05:00,2022-03-01 00:00:00-05:00,__cash_interest__,-0.00015566697251455895,-1.5658365317082232e-08,
2022-03-10 00:00:00-05:00,2022-03-01 00:00:00-05:00,MSFT,-19.761365137569182,-0.001987773446672327,-0.010086914670029867
2022-03-10 00:00:00-05:00,2022-03-01 00:00:00-05:00,AAPL,-54.137729856594476,-0.005445653229061053,-0.027186186428563963
2022-03-10 00:00:00-05:00,2022-03-01 00:00:00-05:00,CVX,63.153870243579966,0.006352576628732837,0.027364841423086705
2022-03-10 00:00:00-05:00,2022-03-01 00:00:00-05:00,PG,-49.95709444509653,-0.0050251278249028725,-0.025744515136549184
2022-03-10 00:00:00-05:00,2022-03-01 00:00:00-05:00,AXP,9.822856236184279,0.0009880700377144392,0.005633257919006596
2022-03-11 00:00:00-05:00,2022-03-01 00:00:00-05:00,__cash_interest__,-0.00015568924502303708,-1.5741167775968152e-08,
2022-03-11 00:00:00-05:00,2022-03-01 00:00:00-05:00,MSFT,-37.48384052629815,-0.0037898534515006894,-0.019328066916555753
2022-03-11 00:00:00-05:00,2022-03-01 00:00:00-05:00,AAPL,-46.316636499897605,-0.004682905012838479,-0.02390867644802419
2022-03-11 00:00:00-05:00,2022-03-01 00:00:00-05:00,CVX,1.110912952077345,0.00011232032861716315,0.0004685417511351986
2022-03-11 00:00:00-05:00,2022-03-01 00:00:00-05:00,PG,-22.434988986876753,-0.0022683193411476127,-0.011866989187688581
2022-03-11 00:00:00-05:00,2022-03-01 00:00:00-05:00,AXP,-17.576680377106797,-0.0017771136003624768,-0.010023492635184872
2022-03-14 00:00:00-04:00,2022-03-01 00:00:00-05:00,__cash_interest__,-0.00015571152071821966,-1.5941184520611708e-08,
2022-03-14 00:00:00-04:00,2022-03-01 00:00:00-05:00,MSFT,-24.65002034140622,-0.0025235802777257817,-0.012960981033087848
2022-03-14 00:00:00-04:00,2022-03-01 00:00:00-05:00,AAPL,-50.22727850860557,-0.005142087823564292,-0.026562424692675557
2022-03-14 00:00:00-04:00,2022-03-01 00:00:00-05:00,CVX,-58.01922355116102,-0.005939799085549983,-0.024458889849658605
2022-03-14 00:00:00-04:00,2022-03-01 00:00:00-05:00,PG,23.869403710458613,0.0024436635593198712,0.012777351662478287
2022-03-14 00:00:00-04:00,2022-03-01 00:00:00-05:00,AXP,50.559083807468376,0.0051760568546911565,0.029124369140647532
2022-03-15 00:00:00-04:00,2022-03-01 00:00:00-05:00,__cash_interest__,-0.00015573379960056265,-1.6039473836768e-08,
2022-03-15 00:00:00-04:00,2022-03-01 00:00:00-05:00,MSFT,72.72762886354727,0.007490428560524412,0.03874232681547474
2022-03-15 00:00:00-04:00,2022-03-01 00:00:00-05:00,AAPL,54.626774600991915,0.005626169298167352,0.029677377521375004
2022-03-15 00:00:00-04:00,2022-03-01 00:00:00-05:00,CVX,-117.14810506913948,-0.012065421707444316,-0.050623774282639755
2022-03-15 00:00:00-04:00,2022-03-01 00:00:00-05:00,PG,68.08794442983434,0.007012574059598658,0.035987818383429016
2022-03-15 00:00:00-04:00,2022-03-01 00:00:00-05:00,AXP,33.60296292357884,0.0034608662090890177,0.018809057846751465
2022-03-16 00:00:00-04:00,2022-03-01 00:00:00-05:00,__cash_interest__,-0.00015575608167052205,-1.5859000093006256e-08,
2022-03-16 00:00:00-04:00,2022-03-01 00:00:00-05:00,MSFT,49.16500207567118,0.005005953951384533,0.025213579464662628
2022-03-16 00:00:00-04:00,2022-03-01 00:00:00-05:00,AAPL,54.9934151637507,0.005599399823382387,0.029015461479891647
2022-03-16 00:00:00-04:00,2022-03-01 00:00:00-05:00,CVX,-7.91142707850834,-0.000805537231215682,-0.0036011045519926954
2022-03-16 00:00:00-04:00,2022-03-01 00:00:00-05:00,PG,-6.652400286206129,-0.0006773438033760228,-0.00339397799170138
2022-03-16 00:00:00-04:00,2022-03-01 00:00:00-05:00,AXP,47.25060089645277,0.0048110306575159896,0.025959959332623184
2022-03-17 00:00:00-04:00,2022-03-01 00:00:00-05:00,__cash_interest__,-0.00015577836692855395,-1.564330339304909e-08,
2022-03-17 00:00:00-04:00,2022-03-01 00:00:00-05:00,MSFT,5.635768642392784,0.0005659453264548425,0.0028191439321660905
2022-03-17 00:00:00-04:00,2022-03-01 00:00:00-05:00,AAPL,12.587230011841994,0.001264012852591053,0.006453971740716824
2022-03-17 00:00:00-04:00,2022-03-01 00:00:00-05:00,CVX,37.89227194673758,0.0038051516266478895,0.017310049476285227
2022-03-17 00:00:00-04:00,2022-03-01 00:00:00-05:00,PG,6.130266168171186,0.0006156028942890944,0.0031382423048760266
2022-03-17 00:00:00-04:00,2022-03-01 00:00:00-05:00,AXP,65.75778687924932,0.006603413753074891,0.035213845020704904
2022-03-18 00:00:00-04:00,2022-03-01 00:00:00-05:00,__cash_interest__,-0.00015580065537511447,-1.544698435595719e-08,
2022-03-18 00:00:00-04:00,2022-03-01 00:00:00-05:00,MSFT,35.37947100769947,0.0035077268055270735,0.01764789097556063
2022-03-18 00:00:00-04:00,2022-03-01 00:00:00-05:00,AAPL,41.06126443963598,0.004071052897099614,0.020918728917408647
2022-03-18 00:00:00-04:00,2022-03-01 00:00:00-05:00,CVX,17.905878691424697,0.0017752930971963268,0.008040627944200018
2022-03-18 00:00:00-04:00,2022-03-01 00:00:00-05:00,PG,-1.0431496968281662,-0.0001034239362410277,-0.0005323447680715132
2022-03-18 00:00:00-04:00,2022-03-01 00:00:00-05:00,AXP,38.77245704597397,0.003844127202091637,0.020056701548687217
2022-03-21 00:00:00-04:00,2022-03-01 00:00:00-05:00,__cash_interest__,-0.0001558229470106598,-1.5249505849874103e-08,
2022-03-21 00:00:00-04:00,2022-03-01 00:00:00-05:00,MSFT,-8.624007708846067,-0.0008439826003060434,-0.0042272027283084546
2022-03-21 00:00:00-04:00,2022-03-01 00:00:00-05:00,AAPL,17.109511607305123,0.0016744106201908727,0.008537867580564296
2022-03-21 00:00:00-04:00,2022-03-01 00:00:00-05:00,CVX,40.391198596281654,0.003952856951391679,0.01799297736853922
2022-03-21 00:00:00-04:00,2022-03-01 00:00:00-05:00,PG,7.434930339713512,0.0007276143590142179,0.003796247454795232
2022-03-21 00:00:00-04:00,2022-03-01 00:00:00-05:00,AXP,-16.85286111875472,-0.001649293696133117,-0.008546445293436067
2022-03-22 00:00:00-04:00,2022-03-01 00:00:00-05:00,__cash_interest__,-0.00015584524183564626,-1.5193018503465374e-08,
2022-03-22 00:00:00-04:00,2022-03-01 00:00:00-05:00,MSFT,33.274028050252284,0.0032438136570473015,0.01637906327331007
2022-03-22 00:00:00-04:00,2022-03-01 00:00:00-05:00,AAPL,42.039353928430856,0.0040983264845644435,0.020800588661196606
2022-03-22 00:00:00-04:00,2022-03-01 00:00:00-05:00,CVX,-7.6343263331189615,-0.0007442541066662162,-0.0033407365678302936
2022-03-22 00:00:00-04:00,2022-03-01 00:00:00-05:00,PG,15.130704030596151,0.00147505989659753,0.00769646286561354
2022-03-22 00:00:00-04:00,2022-03-01 00:00:00-05:00,AXP,23.159880828313437,0.0022578071285211136,0.011846111642737744
2022-03-23 00:00:00-04:00,2022-03-01 00:00:00-05:00,__cash_interest__,-0.00015586753985053015,-1.5039819852665286e-08,
2022-03-23 00:00:00-04:00,2022-03-01 00:00:00-05:00,MSFT,-31.03290242235475,-0.002994396796055982,-0.015029701932590789
2022-03-23 00:00:00-04:00,2022-03-01 00:00:00-05:00,AAPL,16.98672610422834,0.0016390667405102569,0.008233573469214717
2022-03-23 00:00:00-04:00,2022-03-01 00:00:00-05:00,CVX,24.567842445161006,0.002370576483713126,0.0107867800038417
2022-03-23 00:00:00-04:00,2022-03-01 00:00:00-05:00,PG,-13.826263566902169,-0.0013341104471212369,-0.006979224034051379
2022-03-23 00:00:00-04:00,2022-03-01 00:00:00-05:00,AXP,-54.90166572344469,-0.005297518411361827,-0.02775303957987052
2022-03-24 00:00:00-04:00,2022-03-01 00:00:00-05:00,__cash_interest__,-0.00015588984105576793,-1.512693057358899e-08,
2022-03-24 00:00:00-04:00,2022-03-01 00:00:00-05:00,MSFT,31.304482451025155,0.003037662553709246,0.015392578090568376
2022-03-24 00:00:00-04:00,2022-03-01 00:00:00-05:00,AAPL,47.1725124677729,0.004577433117187462,0.022678093095526375
2022-03-24 00:00:00-04:00,2022-03-01 00:00:00-05:00,CVX,6.107260268853583,0.0005926242624670915,0.0026528437935970928
2022-03-24 00:00:00-04:00,2022-03-01 00:00:00-05:00,PG,3.3914109808953463,0.0003290890420252506,0.0017239489256251073
2022-03-24 00:00:00-04:00,2022-03-01 00:00:00-05:00,AXP,29.674087336414043,0.00287945549198405,0.01542857479880344
2022-03-25 00:00:00-04:00,2022-03-01 00:00:00-05:00,__cash_interest__,-0.00015591214545181603,-1.4958326913766645e-08,
2022-03-25 00:00:00-04:00,2022-03-01 00:00:00-05:00,MSFT,-2.8523417082332303,-0.0002736557797847127,-0.0013812503632202322
2022-03-25 00:00:00-04:00,2022-03-01 00:00:00-05:00,AAPL,7.9431162168973986,0.000762068463249466,0.0037339585248368223
2022-03-25 00:00:00-04:00,2022-03-01 00:00:00-05:00,CVX,41.778208305540446,0.004008232302202829,0.01809941220324185
2022-03-25 00:00:00-04:00,2022-03-01 00:00:00-05:00,PG,22.826254013630447,0.0021899677460219644,0.011583253527899684
2022-03-25 00:00:00-04:00,2022-03-01 00:00:00-05:00,AXP,14.37179086536214,0.0013788402787825798,0.007358849958146063
2022-03-28 00:00:00-04:00,2022-03-01 00:00:00-05:00,__cash_interest__,-0.00015593445303913096,-1.4840769810690497e-08,
2022-03-28 00:00:00-04:00,2022-03-01 00:00:00-05:00,MSFT,47.670989886329394,0.004536997268802631,0.023116671793918853
2022-03-28 00:00:00-04:00,2022-03-01 00:00:00-05:00,AAPL,10.754217858767138,0.001023512563294328,0.0050366153587613205
2022-03-28 00:00:00-04:00,2022-03-01 00:00:00-05:00,CVX,-41.084452453859065,-0.003910135892245528,-0.017482437191766342
2022-03-28 00:00:00-04:00,2022-03-01 00:00:00-05:00,PG,13.69561818346926,0.0013034548357633896,0.006870303536319344
2022-03-28 00:00:00-04:00,2022-03-01 00:00:00-05:00,AXP,-5.996906780018149,-0.0005707443824238427,-0.00304819082086627
2022-03-29 00:00:00-04:00,2022-03-01 00:00:00-05:00,__cash_interest__,-0.00015595676381816934,-1.48076056431889e-08,
2022-03-29 00:00:00-04:00,2022-03-01 00:00:00-05:00,MSFT,31.983754554355727,0.0030367571936900546,0.015159169858957267
2022-03-29 00:00:00-04:00,2022-03-01 00:00:00-05:00,AAPL,41.06183642179317,0.0038986925980840814,0.01913447010384539
2022-03-29 00:00:00-04:00,2022-03-01 00:00:00-05:00,CVX,-28.176176064470518,-0.0026752395566644245,-0.012202988540233162
2022-03-29 00:00:00-04:00,2022-03-01 00:00:00-05:00,PG,20.609309236541208,0.0019567892810922714,0.010267960488090866
2022-03-29 00:00:00-04:00,2022-03-01 00:00:00-05:00,AXP,12.820392132318974,0.0012172560281371028,0.006536450793886317
2022-03-30 00:00:00-04:00,2022-03-01 00:00:00-05:00,__cash_interest__,-0.00015597907778938785,-1.4700437692041363e-08,
2022-03-30 00:00:00-04:00,2022-03-01 00:00:00-05:00,MSFT,-10.525497285078321,-0.0009919882795176491,-0.004914218436593565
2022-03-30 00:00:00-04:00,2022-03-01 00:00:00-05:00,AAPL,-14.543027667993636,-0.0013706253115282833,-0.006649690168742062
2022-03-30 00:00:00-04:00,2022-03-01 00:00:00-05:00,CVX,16.100205899458043,0.001517383465836355,0.007059076253100205
2022-03-30 00:00:00-04:00,2022-03-01 00:00:00-05:00,PG,-13.957356366031766,-0.0013154280081172935,-0.006883151684955013
2022-03-30 00:00:00-04:00,2022-03-01 00:00:00-05:00,AXP,-12.200499907373985,-0.0011498509366896005,-0.006180004709975262
2022-03-31 00:00:00-04:00,2022-03-01 00:00:00-05:00,__cash_interest__,-0.00015600139495324325,-1.4751375780431029e-08,
2022-03-31 00:00:00-04:00,2022-03-01 00:00:00-05:00,MSFT,-37.68800859528279,-0.003563750038079854,-0.01768294120171232
2022-03-31 00:00:00-04:00,2022-03-01 00:00:00-05:00,AAPL,-38.61756600340127,-0.0036516482946355026,-0.01777579553192543
2022-03-31 00:00:00-04:00,2022-03-01 00:00:00-05:00,CVX,-36.78236298286817,-0.0034781128631261897,-0.01601404782063831
2022-03-31 00:00:00-04:00,2022-03-01 00:00:00-05:00,PG,-20.73928349642908,-0.001961091209244707,-0.010298585323391118
2022-03-31 00:00:00-04:00,2022-03-01 00:00:00-05:00,AXP,-28.536394932182386,-0.0026983802624943034,-0.01454462594334649
2022-04-01 00:00:00-04:00,2022-04-01 00:00:00-04:00,__cash_interest__,-0.00015602371531019227,-1.4983528450394783e-08,
2022-04-01 00:00:00-04:00,2022-04-01 00:00:00-04:00,MSFT,7.1980296547569145,0.0006912531335663568,0.0036002922891809064
2022-04-01 00:00:00-04:00,2022-04-01 00:00:00-04:00,AAPL,-3.730456451054092,-0.0003582493869999285,-0.001718111887155871
2022-04-01 00:00:00-04:00,2022-04-01 00:00:00-04:00,CVX,17.767382036795027,0.0017062667281578364,0.008536747751092477
2022-04-01 00:00:00-04:00,2022-04-01 00:00:00-04:00,PG,9.391812319750123,0.0009019301124445886,0.014987076854971138
2022-04-01 00:00:00-04:00,2022-04-01 00:00:00-04:00,AXP,12.40723715969169,0.0011915123967112169,0.0009091257345825721
2022-04-01 00:00:00-04:00,2022-04-01 00:00:00-04:00,__costs__,-3.319682151903524,-0.00031880122755969853,
2022-04-01 00:00:00-04:00,2022-04-01 00:00:00-04:00,UNH,7.805176677413665,0.0007495596843971947,0.0051375663634940505
2022-04-01 00:00:00-04:00,2022-04-01 00:00:00-04:00,TRV,9.505683695895506,0.0009128655974813847,0.013790829937174731
2022-04-01 00:00:00-04:00,2022-04-01 00:00:00-04:00,KO,18.079429879791174,0.0017362338246605798,0.01403214542890785
2022-04-04 00:00:00-04:00,2022-04-01 00:00:00-04:00,__cash_interest__,-0.0004749732565534293,-4.528678681650149e-08,
2022-04-04 00:00:00-04:00,2022-04-01 00:00:00-04:00,AAPL,49.52432540726648,0.004721944943225736,0.023693539650369466
2022-04-04 00:00:00-04:00,2022-04-01 00:00:00-04:00,CVX,1.9225454194732088,0.0001833069617192872,0.0009131900184025099
2022-04-04 00:00:00-04:00,2022-04-01 00:00:00-04:00,UNH,-10.502144045532713,-0.001001337132025937,-0.005013790918082961
2022-04-04 00:00:00-04:00,2022-04-01 00:00:00-04:00,TRV,-38.815549630766846,-0.003700906307966277,-0.018515760615006926
2022-04-04 00:00:00-04:00,2022-04-01 00:00:00-04:00,KO,-11.048676846236617,-0.0010534468331348016,-0.005248963047891464
2022-04-05 00:00:00-04:00,2022-04-01 00:00:00-04:00,__cash_interest__,-0.0004750412147446409,-4.533182032853682e-08,
2022-04-05 00:00:00-04:00,2022-04-01 00:00:00-04:00,AAPL,-40.5305832423875,-0.003867717284998886,-0.018941931792538336
2022-04-05 00:00:00-04:00,2022-04-01 00:00:00-04:00,CVX,-12.947565618904946,-0.0012355490431364955,-0.006144354372475513
2022-04-05 00:00:00-04:00,2022-04-01 00:00:00-04:00,UNH,31.628989059305784,0.0030182636889315964,0.01517597136250326
2022-04-05 00:00:00-04:00,2022-04-01 00:00:00-04:00,TRV,-4.865724244988234,-0.00046432210594733546,-0.002364830290495834
2022-04-05 00:00:00-04:00,2022-04-01 00:00:00-04:00,KO,-2.343465751824251,-0.00022363021378025568,-0.0011191993632618802
2022-04-06 00:00:00-04:00,2022-04-01 00:00:00-04:00,__cash_interest__,-0.00047510918265917,-4.5464379047953316e-08,
2022-04-06 00:00:00-04:00,2022-04-01 00:00:00-04:00,AAPL,-38.73217155559252,-0.0037063778037248734,-0.018450942189234265
2022-04-06 00:00:00-04:00,2022-04-01 00:00:00-04:00,CVX,18.588855892323622,0.0017788138415389349,0.008876003938544041
2022-04-06 00:00:00-04:00,2022-04-01 00:00:00-04:00,UNH,57.168692247139575,0.005470614311119921,0.027020172378832807
2022-04-06 00:00:00-04:00,2022-04-01 00:00:00-04:00,TRV,13.466092122083339,0.0012886038386091348,0.006560279112543643
2022-04-06 00:00:00-04:00,2022-04-01 00:00:00-04:00,KO,21.09278379478227,0.002018420928543591,0.010084841543244627
2022-04-07 00:00:00-04:00,2022-04-01 00:00:00-04:00,__cash_interest__,-0.0004751771602984077,-4.516152620366693e-08,
2022-04-07 00:00:00-04:00,2022-04-01 00:00:00-04:00,AAPL,3.71749075505076,0.0003533157107986468,0.0018041996239608338
2022-04-07 00:00:00-04:00,2022-04-01 00:00:00-04:00,CVX,29.35793853681765,0.002790221040261089,0.013894809281434606
2022-04-07 00:00:00-04:00,2022-04-01 00:00:00-04:00,UNH,21.249401936480716,0.00201957396640017,0.00977907090449981
2022-04-07 00:00:00-04:00,2022-04-01 00:00:00-04:00,TRV,-5.544410047124229,-0.0005269487688966984,-0.0026834671896266427
2022-04-07 00:00:00-04:00,2022-04-01 00:00:00-04:00,KO,11.383292262381485,0.0010818845995642925,0.005388218646091847
2022-04-08 00:00:00-04:00,2022-04-01 00:00:00-04:00,__cash_interest__,-0.0004752451476637454,-4.4911185599899286e-08,
2022-04-08 00:00:00-04:00,2022-04-01 00:00:00-04:00,AAPL,-24.582471199922995,-0.0023230703816571395,-0.011909057218669639
2022-04-08 00:00:00-04:00,2022-04-01 00:00:00-04:00,CVX,36.28053937739277,0.0034285506030992813,0.016935883928084428
2022-04-08 00:00:00-04:00,2022-04-01 00:00:00-04:00,UNH,36.818580381571934,0.0034793960657364792,0.016779984601459796
2022-04-08 00:00:00-04:00,2022-04-01 00:00:00-04:00,TRV,31.345888022481326,0.0029622206595728974,0.015212076719929968
2022-04-08 00:00:00-04:00,2022-04-01 00:00:00-04:00,KO,13.057671911767276,0.0012339642595296902,0.0061476521298768905
2022-04-11 00:00:00-04:00,2022-04-01 00:00:00-04:00,__cash_interest__,-0.0004753131447565748,-4.4526622402567434e-08,
2022-04-11 00:00:00-04:00,2022-04-01 00:00:00-04:00,AAPL,-52.04187727132557,-0.004875204996840174,-0.0255157229918056
2022-04-11 00:00:00-04:00,2022-04-01 00:00:00-04:00,CVX,-56.02366436938564,-0.00524821283926695,-0.025716512537785507
2022-04-11 00:00:00-04:00,2022-04-01 00:00:00-04:00,UNH,-34.81681731068041,-0.003261587218350111,-0.015605820194070974
2022-04-11 00:00:00-04:00,2022-04-01 00:00:00-04:00,TRV,8.827033212557513,0.000826903230273085,0.004219547833755222
2022-04-11 00:00:00-04:00,2022-04-01 00:00:00-04:00,KO,-0.6698097516948267,-6.274677278396571e-05,-0.00031342474436890644
2022-04-12 00:00:00-04:00,2022-04-01 00:00:00-04:00,__cash_interest__,-0.00047538115157828755,-4.5102223522322706e-08,
2022-04-12 00:00:00-04:00,2022-04-01 00:00:00-04:00,AAPL,22.903230244896292,0.002172965012304276,0.011523298902931467
2022-04-12 00:00:00-04:00,2022-04-01 00:00:00-04:00,CVX,44.22897688517746,0.004196264818274779,0.020838291671640974
2022-04-12 00:00:00-04:00,2022-04-01 00:00:00-04:00,UNH,-15.24182068014715,-0.0014460817407691167,-0.006940093806189762
2022-04-12 00:00:00-04:00,2022-04-01 00:00:00-04:00,TRV,-7.92168207495911,-0.0007515768650721184,-0.003770855509224069
2022-04-12 00:00:00-04:00,2022-04-01 00:00:00-04:00,KO,25.11019500643849,0.002382352821750426,0.01175352240866423
2022-04-13 00:00:00-04:00,2022-04-01 00:00:00-04:00,__cash_interest__,-0.0004754491681302757,-4.481496480098705e-08,
2022-04-13 00:00:00-04:00,2022-04-01 00:00:00-04:00,AAPL,32.855950700268465,0.00309694152989251,0.0163424902979723
2022-04-13 00:00:00-04:00,2022-04-01 00:00:00-04:00,CVX,34.10205640298185,0.0032143971633201997,0.015739061613781136
2022-04-13 00:00:00-04:00,2022-04-01 00:00:00-04:00,UNH,13.443914668808938,0.0012671986892719958,0.006164229393432974
2022-04-13 00:00:00-04:00,2022-04-01 00:00:00-04:00,TRV,-13.918861276900486,-0.001311966283687344,-0.006650693697295207
2022-04-13 00:00:00-04:00,2022-04-01 00:00:00-04:00,KO,5.691790861042016,0.0005364977461108631,0.002633250426153033
2022-04-14 00:00:00-04:00,2022-04-01 00:00:00-04:00,__cash_interest__,-0.00047551719441393147,-4.451851629731674e-08,
2022-04-14 00:00:00-04:00,2022-04-01 00:00:00-04:00,AAPL,-61.27527046822206,-0.005736667693634329,-0.029988127729045244
2022-04-14 00:00:00-04:00,2022-04-01 00:00:00-04:00,CVX,-1.0260684947049827,-9.606181972028549e-05,-0.00046622168093035654
2022-04-14 00:00:00-04:00,2022-04-01 00:00:00-04:00,UNH,-8.907690615455046,-0.0008339491704907584,-0.004059282681471155
2022-04-14 00:00:00-04:00,2022-04-01 00:00:00-04:00,TRV,5.997366373977266,0.0005614809638796608,0.002884840640509978
2022-04-14 00:00:00-04:00,2022-04-01 00:00:00-04:00,KO,9.70963626225206,0.0009090283280183776,0.004480268965729506
2022-04-18 00:00:00-04:00,2022-04-01 00:00:00-04:00,__cash_interest__,-0.00047558523043064716,-4.4757455225997983e-08,
2022-04-18 00:00:00-04:00,2022-04-01 00:00:00-04:00,AAPL,-2.638032164308327,-0.0002482659235903047,-0.0013309665832149653
2022-04-18 00:00:00-04:00,2022-04-01 00:00:00-04:00,CVX,29.486139141781916,0.002774948564384195,0.013404065713750857
2022-04-18 00:00:00-04:00,2022-04-01 00:00:00-04:00,UNH,-3.024149368902595,-0.0002846035186013331,-0.0013837381708277086
2022-04-18 00:00:00-04:00,2022-04-01 00:00:00-04:00,TRV,11.089943126463798,0.001043677560154908,0.005319116464680862
2022-04-18 00:00:00-04:00,2022-04-01 00:00:00-04:00,KO,-19.418693605099023,-0.0018274985301595381,-0.008920305435959897
2022-04-19 00:00:00-04:00,2022-04-01 00:00:00-04:00,__cash_interest__,-0.00047565327618181546,-4.469867881794552e-08,
2022-04-19 00:00:00-04:00,2022-04-01 00:00:00-04:00,AAPL,27.939082297860732,0.0026255260473027056,0.014114893924694227
2022-04-19 00:00:00-04:00,2022-04-01 00:00:00-04:00,CVX,-26.40909279514404,-0.0024817479786941325,-0.011846484157509996
2022-04-19 00:00:00-04:00,2022-04-01 00:00:00-04:00,UNH,14.792580122983377,0.0013901066615448184,0.006777912835778999
2022-04-19 00:00:00-04:00,2022-04-01 00:00:00-04:00,TRV,-102.52572872300527,-0.009634674768882894,-0.04891466736343797
2022-04-19 00:00:00-04:00,2022-04-01 00:00:00-04:00,KO,21.09249433507972,0.0019821300030164867,0.009776402616298085
2022-04-20 00:00:00-04:00,2022-04-01 00:00:00-04:00,__cash_interest__,-0.0004757213316688291,-4.4980295358630515e-08,
2022-04-20 00:00:00-04:00,2022-04-01 00:00:00-04:00,AAPL,-2.0382498000240568,-0.00019272013238955395,-0.0010153966566189832
2022-04-20 00:00:00-04:00,2022-04-01 00:00:00-04:00,CVX,8.973810520003429,0.0008484896951460125,0.0040736946291826115
2022-04-20 00:00:00-04:00,2022-04-01 00:00:00-04:00,UNH,33.95837954733655,0.003210824994080794,0.015454868994293491
2022-04-20 00:00:00-04:00,2022-04-01 00:00:00-04:00,TRV,17.54045299932999,0.0016584809301410095,0.00879888336346002
2022-04-20 00:00:00-04:00,2022-04-01 00:00:00-04:00,KO,29.79813961904591,0.002817466932795559,0.013677762886445954
2022-04-21 00:00:00-04:00,2022-04-01 00:00:00-04:00,__cash_interest__,-0.00047578939689308107,-4.4614534407206884e-08,
2022-04-21 00:00:00-04:00,2022-04-01 00:00:00-04:00,AAPL,-9.71232109850839,-0.0009107195045807569,-0.004843313242345104
2022-04-21 00:00:00-04:00,2022-04-01 00:00:00-04:00,CVX,-101.91971277408943,-0.009556960625909189,-0.0460791200489179
2022-04-21 00:00:00-04:00,2022-04-01 00:00:00-04:00,UNH,-35.02067437023372,-0.0032838711662283816,-0.01569575635022291
2022-04-21 00:00:00-04:00,2022-04-01 00:00:00-04:00,TRV,-16.408998042376847,-0.0015386635610837801,-0.00815951275977922
2022-04-21 00:00:00-04:00,2022-04-01 00:00:00-04:00,KO,8.370016758862405,0.000784852296237868,0.0037901144806988807
2022-04-22 00:00:00-04:00,2022-04-01 00:00:00-04:00,__cash_interest__,-0.00047585747185596456,-4.527768907859627e-08,
2022-04-22 00:00:00-04:00,2022-04-01 00:00:00-04:00,AAPL,-55.520091156781945,-0.00528271924618007,-0.027821351990023002
2022-04-22 00:00:00-04:00,2022-04-01 00:00:00-04:00,CVX,-46.536587774534304,-0.0044279417192212315,-0.022056071808974065
2022-04-22 00:00:00-04:00,2022-04-01 00:00:00-04:00,UNH,-67.42518314286664,-0.0064154850117267535,-0.03070085856689264
2022-04-22 00:00:00-04:00,2022-04-01 00:00:00-04:00,TRV,-35.6465398911186,-0.0033917570814279026,-0.01787136442473547
2022-04-22 00:00:00-04:00,2022-04-01 00:00:00-04:00,KO,-32.14146064101889,-0.003058249891002004,-0.014499355399943847
2022-04-25 00:00:00-04:00,2022-04-01 00:00:00-04:00,__cash_interest__,-0.0004759255565588729,-4.63301254118989e-08,
2022-04-25 00:00:00-04:00,2022-04-01 00:00:00-04:00,AAPL,13.070615927350229,0.0012723907484678016,0.006737178209482053
2022-04-25 00:00:00-04:00,2022-04-01 00:00:00-04:00,CVX,-44.35717749014173,-0.004318056821522903,-0.021497283304795722
2022-04-25 00:00:00-04:00,2022-04-01 00:00:00-04:00,UNH,13.606919420793032,0.0013245985103070652,0.006391905874401083
2022-04-25 00:00:00-04:00,2022-04-01 00:00:00-04:00,TRV,15.050877749961296,0.0014651641293581324,0.0076830522160338255
2022-04-25 00:00:00-04:00,2022-04-01 00:00:00-04:00,KO,23.10148940061038,0.0022488704092097534,0.010574653704239267
2022-04-26 00:00:00-04:00,2022-04-01 00:00:00-04:00,__cash_interest__,-0.0004759936510031998,-4.624459242742289e-08,
2022-04-26 00:00:00-04:00,2022-04-01 00:00:00-04:00,AAPL,-72.90779312225564,-0.007083269221376469,-0.03732843886394388
2022-04-26 00:00:00-04:00,2022-04-01 00:00:00-04:00,CVX,-12.306794421579015,-0.0011956518556802713,-0.006095405275098664
2022-04-26 00:00:00-04:00,2022-04-01 00:00:00-04:00,UNH,-42.86593533669401,-0.004164588549632468,-0.020008555091383884
2022-04-26 00:00:00-04:00,2022-04-01 00:00:00-04:00,TRV,-20.142892986340158,-0.0019569586159379967,-0.010203985847524799
2022-04-26 00:00:00-04:00,2022-04-01 00:00:00-04:00,KO,-29.79770542949209,-0.0028949603423386937,-0.01349710400797477
2022-04-27 00:00:00-04:00,2022-04-01 00:00:00-04:00,__cash_interest__,-0.0004760617551903389,-4.7065224412234e-08,
2022-04-27 00:00:00-04:00,2022-04-01 00:00:00-04:00,AAPL,-2.7577641397113006,-0.00027264275421500574,-0.0014667120248595955
2022-04-27 00:00:00-04:00,2022-04-01 00:00:00-04:00,CVX,-3.718281198954636,-0.0003676030202985352,-0.0018529136168413674
2022-04-27 00:00:00-04:00,2022-04-01 00:00:00-04:00,UNH,0.12215244441487969,1.20764420712406e-05,5.818128389001309e-05
2022-04-27 00:00:00-04:00,2022-04-01 00:00:00-04:00,TRV,10.071727251223914,0.000995728176291205,0.0051547339827728855
2022-04-27 00:00:00-04:00,2022-04-01 00:00:00-04:00,KO,17.075517312977322,0.0016881487444185559,0.007840310768223224
2022-04-28 00:00:00-04:00,2022-04-01 00:00:00-04:00,__cash_interest__,-0.00047612986912168423,-4.697539294636868e-08,
2022-04-28 00:00:00-04:00,2022-04-01 00:00:00-04:00,AAPL,84.77884432103733,0.008364355575646389,0.04515571020454123
2022-04-28 00:00:00-04:00,2022-04-01 00:00:00-04:00,CVX,71.15156758266482,0.007019876430166954,0.03552244672431604
2022-04-28 00:00:00-04:00,2022-04-01 00:00:00-04:00,UNH,43.356837158012524,0.004277623804964098,0.02064968659707067
2022-04-28 00:00:00-04:00,2022-04-01 00:00:00-04:00,TRV,10.750600225395798,0.0010606637028021052,0.005473965948704862
2022-04-28 00:00:00-04:00,2022-04-01 00:00:00-04:00,KO,21.09278379478227,0.002081032658002529,0.009609517536138146
2022-04-29 00:00:00-04:00,2022-04-01 00:00:00-04:00,__cash_interest__,-0.00047619799279862996,-4.59346432132391e-08,
2022-04-29 00:00:00-04:00,2022-04-01 00:00:00-04:00,AAPL,-71.8277732878785,-0.00692859522441401,-0.03660467798210587
2022-04-29 00:00:00-04:00,2022-04-01 00:00:00-04:00,CVX,-65.63917339669666,-0.006331635278572454,-0.031646230334412495
2022-04-29 00:00:00-04:00,2022-04-01 00:00:00-04:00,UNH,-64.85108328771335,-0.006255615138791354,-0.03026191449872595
2022-04-29 00:00:00-04:00,2022-04-01 00:00:00-04:00,TRV,-38.928975884516,-0.0037551368232419313,-0.019713853630193512
2022-04-29 00:00:00-04:00,2022-04-01 00:00:00-04:00,KO,-52.89977374950757,-0.005102777143103684,-0.023870859750510842
2022-05-02 00:00:00-04:00,2022-05-02 00:00:00-04:00,__cash_interest__,-0.0004762661262225706,-4.728280866558143e-08,
2022-05-02 00:00:00-04:00,2022-05-02 00:00:00-04:00,AAPL,-11.271638617257063,-0.0011190271630577438,0.0019664800798269155
2022-05-02 00:00:00-04:00,2022-05-02 00:00:00-04:00,CVX,39.81032779592393,0.003952294753813932,0.019659421069373906
2022-05-02 00:00:00-04:00,2022-05-02 00:00:00-04:00,UNH,-28.93958316854054,-0.002873067594944434,-0.014551332980655585
2022-05-02 00:00:00-04:00,2022-05-02 00:00:00-04:00,TRV,-11.606365727421109,-0.0011522582434005716,-0.005670548171038847
2022-05-02 00:00:00-04:00,2022-05-02 00:00:00-04:00,KO,-34.46553722650599,-0.003421673960234142,-0.0181086449112432
2022-05-02 00:00:00-04:00,2022-05-02 00:00:00-04:00,__costs__,-0.697539675615182,-6.925043206484788e-05,
2022-05-02 00:00:00-04:00,2022-05-02 00:00:00-04:00,MRK,-24.345464672719146,-0.0024169721183507067,-0.011726224372183291
2022-05-03 00:00:00-04:00,2022-05-02 00:00:00-04:00,__cash_interest__,-9.980253414098259e-05,-9.979059942603011e-09,
2022-05-03 00:00:00-04:00,2022-05-02 00:00:00-04:00,CVX,35.385097702422435,0.0035380866236174825,0.017151824926914472
2022-05-03 00:00:00-04:00,2022-05-02 00:00:00-04:00,UNH,-6.045971012384147,-0.0006045248015305318,-0.003052823993866749
2022-05-03 00:00:00-04:00,2022-05-02 00:00:00-04:00,TRV,19.660337735133716,0.001965798668734963,0.009818483164008018
2022-05-03 00:00:00-04:00,2022-05-02 00:00:00-04:00,KO,-11.132075175731073,-0.0011130743965605044,-0.005674624773877701
2022-05-03 00:00:00-04:00,2022-05-02 00:00:00-04:00,MRK,-12.513797126472218,-0.0012512300685495414,-0.0062748416067570645
2022-05-04 00:00:00-04:00,2022-05-02 00:00:00-04:00,__cash_interest__,-9.981681368115665e-05,-9.955250706912996e-09,
2022-05-04 00:00:00-04:00,2022-05-02 00:00:00-04:00,CVX,65.86253956466057,0.006568814104351146,0.03138648098464181
2022-05-04 00:00:00-04:00,2022-05-02 00:00:00-04:00,UNH,31.614548013215096,0.0031530835322256846,0.01601218265127846
2022-05-04 00:00:00-04:00,2022-05-02 00:00:00-04:00,TRV,43.4402940211318,0.004332526773933879,0.02148339265713739
2022-05-04 00:00:00-04:00,2022-05-02 00:00:00-04:00,KO,60.29946459218155,0.006013979663038614,0.030913341563642227
2022-05-04 00:00:00-04:00,2022-05-02 00:00:00-04:00,MRK,32.308535618945626,0.003222298530658779,0.01630289181702116
2022-05-05 00:00:00-04:00,2022-05-02 00:00:00-04:00,__cash_interest__,-9.983109526441779e-05,-9.730055354867214e-09,
2022-05-05 00:00:00-04:00,2022-05-02 00:00:00-04:00,CVX,-17.17574455074356,-0.001674036980132779,-0.007935938456445468
2022-05-05 00:00:00-04:00,2022-05-02 00:00:00-04:00,UNH,-50.97834458408407,-0.004968613370301542,-0.02541267435863359
2022-05-05 00:00:00-04:00,2022-05-02 00:00:00-04:00,TRV,-40.4971530088751,-0.003947062179846957,-0.01960664533107681
2022-05-05 00:00:00-04:00,2022-05-02 00:00:00-04:00,KO,-16.07994633928594,-0.0015672348136634368,-0.007996407752049794
2022-05-05 00:00:00-04:00,2022-05-02 00:00:00-04:00,MRK,-11.603383289867612,-0.0011309258043810519,-0.0057611455786237276
2022-05-06 00:00:00-04:00,2022-05-02 00:00:00-04:00,__cash_interest__,-9.984537889105833e-05,-9.862499245931829e-09,
2022-05-06 00:00:00-04:00,2022-05-02 00:00:00-04:00,CVX,57.20927858430417,0.0056510023114202754,0.026644616449672087
2022-05-06 00:00:00-04:00,2022-05-02 00:00:00-04:00,UNH,19.363535800068355,0.0019126859885535547,0.009904408552217747
2022-05-06 00:00:00-04:00,2022-05-02 00:00:00-04:00,TRV,-4.355420321677653,-0.00043021850500593264,-0.0021508420284994667
2022-05-06 00:00:00-04:00,2022-05-02 00:00:00-04:00,KO,7.111754410768865,0.0007024829120032681,0.0035651174536097674
2022-05-06 00:00:00-04:00,2022-05-02 00:00:00-04:00,MRK,8.645476179441756,0.0008539804570575066,0.004317401107337915
2022-05-09 00:00:00-04:00,2022-05-02 00:00:00-04:00,__cash_interest__,-9.985966456137061e-05,-9.778932181300035e-09,
2022-05-09 00:00:00-04:00,2022-05-02 00:00:00-04:00,CVX,-147.73853944896322,-0.014467554684683009,-0.06702188970605372
2022-05-09 00:00:00-04:00,2022-05-02 00:00:00-04:00,UNH,-52.16380864370444,-0.005108232130417412,-0.026420005807363922
2022-05-09 00:00:00-04:00,2022-05-02 00:00:00-04:00,TRV,3.2957727273209922,0.0003227443044898596,0.0016310632458602647
2022-05-09 00:00:00-04:00,2022-05-02 00:00:00-04:00,KO,-4.01991974879334,-0.0003936576671911384,-0.0020080240837359042
2022-05-09 00:00:00-04:00,2022-05-02 00:00:00-04:00,MRK,-17.063891870465532,-0.0016710114347296696,-0.0084847799400104
2022-05-10 00:00:00-04:00,2022-05-02 00:00:00-04:00,__cash_interest__,-9.987395227564706e-05,-9.993367147300581e-09,
2022-05-10 00:00:00-04:00,2022-05-02 00:00:00-04:00,CVX,19.758364866546476,0.0019770179295274548,0.009607323490540054
2022-05-10 00:00:00-04:00,2022-05-02 00:00:00-04:00,UNH,6.283402826349027,0.0006287159959865037,0.0032687889228950606
2022-05-10 00:00:00-04:00,2022-05-02 00:00:00-04:00,TRV,12.597188738865153,0.0012604721173332003,0.006224140641430509
2022-05-10 00:00:00-04:00,2022-05-02 00:00:00-04:00,KO,-18.55328039681007,-0.0018564374250496878,-0.009286353094713928
2022-05-10 00:00:00-04:00,2022-05-02 00:00:00-04:00,MRK,3.867926059224519,0.00038702388688654387,0.0019397299468162377
2022-05-11 00:00:00-04:00,2022-05-02 00:00:00-04:00,__cash_interest__,-9.988824203418012e-05,-9.970898901494602e-09,
2022-05-11 00:00:00-04:00,2022-05-02 00:00:00-04:00,CVX,30.73642784019503,0.0030681270222254965,0.014803087755667965
2022-05-11 00:00:00-04:00,2022-05-02 00:00:00-04:00,UNH,-7.350346557087424,-0.0007337156097570437,-0.003811382087437143
2022-05-11 00:00:00-04:00,2022-05-02 00:00:00-04:00,TRV,-7.181341956535833,-0.0007168454781812896,-0.0035262787170468046
2022-05-11 00:00:00-04:00,2022-05-02 00:00:00-04:00,KO,9.27670703443318,0.0009260059652212724,0.004686732654652248
2022-05-11 00:00:00-04:00,2022-05-02 00:00:00-04:00,MRK,31.398121782341022,0.0031341776730980137,0.015715390573750154
2022-05-12 00:00:00-04:00,2022-05-02 00:00:00-04:00,__cash_interest__,-9.990253383726228e-05,-9.916024909765994e-09,
2022-05-12 00:00:00-04:00,2022-05-02 00:00:00-04:00,CVX,20.017350844503383,0.001986862014180324,0.009500002992441026
2022-05-12 00:00:00-04:00,2022-05-02 00:00:00-04:00,UNH,-29.045825241703774,-0.002883001216872212,-0.015118782434742295
2022-05-12 00:00:00-04:00,2022-05-02 00:00:00-04:00,TRV,11.654565805333254,0.0011567971341592401,0.005743032540716619
2022-05-12 00:00:00-04:00,2022-05-02 00:00:00-04:00,KO,6.184738700401366,0.0006138785540061966,0.0031100475413530226
2022-05-12 00:00:00-04:00,2022-05-02 00:00:00-04:00,MRK,37.31512066661057,0.0037037865990844636,0.018387992866675695
2022-05-13 00:00:00-04:00,2022-05-02 00:00:00-04:00,__cash_interest__,-9.991682768518606e-05,-9.87224544278813e-09,
2022-05-13 00:00:00-04:00,2022-05-02 00:00:00-04:00,CVX,40.80885724980672,0.004032104144450606,0.01918515224873607
2022-05-13 00:00:00-04:00,2022-05-02 00:00:00-04:00,UNH,26.08177393645191,0.0025770000894668427,0.013784352434984548
2022-05-13 00:00:00-04:00,2022-05-02 00:00:00-04:00,TRV,-6.945929618870048,-0.0006862900235570989,-0.0034032082431061372
2022-05-13 00:00:00-04:00,2022-05-02 00:00:00-04:00,KO,37.41614527598656,0.0036968884846043043,0.018756687149970697
2022-05-13 00:00:00-04:00,2022-05-02 00:00:00-04:00,MRK,-9.556087459949335,-0.0009441857098847498,-0.0046239839922773696
2022-05-16 00:00:00-04:00,2022-05-02 00:00:00-04:00,__cash_interest__,-9.993112357824405e-05,-9.788735697082685e-09,
2022-05-16 00:00:00-04:00,2022-05-02 00:00:00-04:00,CVX,66.37934386512822,0.0065021769952656495,0.030618977492344435
2022-05-16 00:00:00-04:00,2022-05-02 00:00:00-04:00,UNH,15.096021647915387,0.0014787281549294366,0.007869844811527082
2022-05-16 00:00:00-04:00,2022-05-02 00:00:00-04:00,TRV,20.248187071290047,0.0019834076160542232,0.009954622742313513
2022-05-16 00:00:00-04:00,2022-05-02 00:00:00-04:00,KO,7.421606237247865,0.0007269821383260808,0.0036519475178813376
2022-05-16 00:00:00-04:00,2022-05-02 00:00:00-04:00,MRK,43.45760048807431,0.004256881639823606,0.021125878469257175
2022-05-17 00:00:00-04:00,2022-05-02 00:00:00-04:00,__cash_interest__,-9.994542151672884e-05,-9.645947024502673e-09,
2022-05-17 00:00:00-04:00,2022-05-02 00:00:00-04:00,CVX,13.172321088060727,0.0012712889642864332,0.005895517076199841
2022-05-17 00:00:00-04:00,2022-05-02 00:00:00-04:00,UNH,13.080524129920258,0.0012624294429417237,0.006765880973719884
2022-05-17 00:00:00-04:00,2022-05-02 00:00:00-04:00,TRV,34.02321636477913,0.0032836535949064987,0.016561976608951978
2022-05-17 00:00:00-04:00,2022-05-02 00:00:00-04:00,KO,-5.566238095949971,-0.000537209578833135,-0.002729010877901228
2022-05-17 00:00:00-04:00,2022-05-02 00:00:00-04:00,MRK,15.471506792995102,0.0014931883086758979,0.007365502201877039
2022-05-18 00:00:00-04:00,2022-05-02 00:00:00-04:00,__cash_interest__,-9.995972150093309e-05,-9.582422133115347e-09,
2022-05-18 00:00:00-04:00,2022-05-02 00:00:00-04:00,CVX,-59.24356790259328,-0.005679256282334006,-0.026360152970060557
2022-05-18 00:00:00-04:00,2022-05-02 00:00:00-04:00,UNH,-83.58069239004926,-0.008012281993523135,-0.04294144777365683
2022-05-18 00:00:00-04:00,2022-05-02 00:00:00-04:00,TRV,-36.14173268719745,-0.003464648900884607,-0.017306606052706064
2022-05-18 00:00:00-04:00,2022-05-02 00:00:00-04:00,KO,-141.625409966641,-0.013576613086734215,-0.06962600580758327
2022-05-18 00:00:00-04:00,2022-05-02 00:00:00-04:00,MRK,-20.47730206504815,-0.0019630121971955907,-0.009677326948218434
2022-05-19 00:00:00-04:00,2022-05-02 00:00:00-04:00,__cash_interest__,-9.997402353114951e-05,-9.907734696751018e-09,
2022-05-19 00:00:00-04:00,2022-05-02 00:00:00-04:00,CVX,-15.624163993894422,-0.001548402937507099,-0.007140114392948371
2022-05-19 00:00:00-04:00,2022-05-02 00:00:00-04:00,UNH,28.33405134141037,0.002807992052929116,0.015210408788397967
2022-05-19 00:00:00-04:00,2022-05-02 00:00:00-04:00,TRV,-59.09784314965216,-0.005856778895114913,-0.028797615783196395
2022-05-19 00:00:00-04:00,2022-05-02 00:00:00-04:00,KO,-37.1070954818453,-0.003677427839908649,-0.019607837597338862
2022-05-19 00:00:00-04:00,2022-05-02 00:00:00-04:00,MRK,-0.22804770793283916,-2.2600232626395662e-05,-0.00010882574943493761
2022-05-20 00:00:00-04:00,2022-05-02 00:00:00-04:00,__cash_interest__,-9.998832760767083e-05,-9.992058661445246e-09,
2022-05-20 00:00:00-04:00,2022-05-02 00:00:00-04:00,CVX,12.499518019986922,0.0012491049733881097,0.005753255796305146
2022-05-20 00:00:00-04:00,2022-05-02 00:00:00-04:00,UNH,28.374340430106223,0.0028355117126260265,0.015003822676091128
2022-05-20 00:00:00-04:00,2022-05-02 00:00:00-04:00,TRV,-12.47880106202413,-0.0012470346811429673,-0.006261062273277385
2022-05-20 00:00:00-04:00,2022-05-02 00:00:00-04:00,KO,30.304123521105115,0.00302835928104207,0.016333326224734712
2022-05-20 00:00:00-04:00,2022-05-02 00:00:00-04:00,MRK,33.21973923116212,0.0033197233222872794,0.015854386418877597
2022-05-23 00:00:00-04:00,2022-05-02 00:00:00-04:00,__cash_interest__,-0.00010000263373078986,-9.902527110667458e-09,
2022-05-23 00:00:00-04:00,2022-05-02 00:00:00-04:00,CVX,50.77970063560303,0.005028341189186247,0.023239089353193965
2022-05-23 00:00:00-04:00,2022-05-02 00:00:00-04:00,UNH,25.09410452910212,0.0024848850589906765,0.013073147842228572
2022-05-23 00:00:00-04:00,2022-05-02 00:00:00-04:00,TRV,45.441785682725346,0.004499766635063941,0.022943424688616876
2022-05-23 00:00:00-04:00,2022-05-02 00:00:00-04:00,KO,58.134645640573524,0.005756647430652406,0.03082987555691097
2022-05-23 00:00:00-04:00,2022-05-02 00:00:00-04:00,MRK,6.371119861105501,0.0006308852556798636,0.0029932123983258396
2022-05-24 00:00:00-04:00,2022-05-02 00:00:00-04:00,__cash_interest__,-0.00010001694190079938,-9.724998948256717e-09,
2022-05-24 00:00:00-04:00,2022-05-02 00:00:00-04:00,CVX,11.979210753180801,0.001164780783751375,0.005357720487128903
2022-05-24 00:00:00-04:00,2022-05-02 00:00:00-04:00,UNH,21.656102293722668,0.0021056989748664727,0.011136480470409715
2022-05-24 00:00:00-04:00,2022-05-02 00:00:00-04:00,TRV,21.308418815367965,0.0020718924877147324,0.01051725645813728
2022-05-24 00:00:00-04:00,2022-05-02 00:00:00-04:00,KO,35.86955958471735,0.003487723405718525,0.018453374249751464
2022-05-24 00:00:00-04:00,2022-05-02 00:00:00-04:00,MRK,18.42961134732393,0.0017919759149131994,0.008632566697978739
2022-05-25 00:00:00-04:00,2022-05-02 00:00:00-04:00,__cash_interest__,-0.00010003125211799226,-9.624161937713579e-09,
2022-05-25 00:00:00-04:00,2022-05-02 00:00:00-04:00,CVX,36.066541420797776,0.003470017897582417,0.01604485244792575
2022-05-25 00:00:00-04:00,2022-05-02 00:00:00-04:00,UNH,2.094380685182802,0.00020150361458679878,0.0010651567165613773
2022-05-25 00:00:00-04:00,2022-05-02 00:00:00-04:00,TRV,-3.767570985521321,-0.00036248384888472703,-0.0018402166222851735
2022-05-25 00:00:00-04:00,2022-05-02 00:00:00-04:00,KO,1.5463183471566309,0.00014877368687476667,0.0007811015557614986
2022-05-25 00:00:00-04:00,2022-05-02 00:00:00-04:00,MRK,-20.250636464436116,-0.0019483451476305735,-0.00940436456996152
2022-05-26 00:00:00-04:00,2022-05-02 00:00:00-04:00,__cash_interest__,-0.00010004556438266144,-9.611031508164121e-09,
2022-05-26 00:00:00-04:00,2022-05-02 00:00:00-04:00,CVX,15.364010360491362,0.0014759673612479878,0.006727023441923219
2022-05-26 00:00:00-04:00,2022-05-02 00:00:00-04:00,UNH,16.360108103922812,0.001571659027904126,0.008311544027535422
2022-05-26 00:00:00-04:00,2022-05-02 00:00:00-04:00,TRV,15.069310359216525,0.0014476565509168571,0.0073739606413385506
2022-05-26 00:00:00-04:00,2022-05-02 00:00:00-04:00,KO,7.112289098994022,0.0006832530262326191,0.003589871471171957
2022-05-26 00:00:00-04:00,2022-05-02 00:00:00-04:00,MRK,-32.76344637139348,-0.003147471028171648,-0.015359742955852185
2022-05-27 00:00:00-04:00,2022-05-02 00:00:00-04:00,__cash_interest__,-0.00010005987869509985,-9.592922877561934e-09,
2022-05-27 00:00:00-04:00,2022-05-02 00:00:00-04:00,CVX,22.005167476035567,0.0021096754988948543,0.009570426703022106
2022-05-27 00:00:00-04:00,2022-05-02 00:00:00-04:00,UNH,19.28530455988223,0.0018489172855883514,0.00971689037434631
2022-05-27 00:00:00-04:00,2022-05-02 00:00:00-04:00,TRV,34.846088605453744,0.003340758003469153,0.016926639845675995
2022-05-27 00:00:00-04:00,2022-05-02 00:00:00-04:00,KO,11.750442108126178,0.00112653629397245,0.0059097272274823975
2022-05-27 00:00:00-04:00,2022-05-02 00:00:00-04:00,MRK,17.519394954622296,0.0016796163142807179,0.008341341168759842
2022-05-31 00:00:00-04:00,2022-05-02 00:00:00-04:00,__cash_interest__,-0.00010007419505560047,-9.498310297276461e-09,
2022-05-31 00:00:00-04:00,2022-05-02 00:00:00-04:00,CVX,-47.134046801621714,-0.0044736188169129795,-0.02030508125020436
2022-05-31 00:00:00-04:00,2022-05-02 00:00:00-04:00,UNH,-40.82236498312168,-0.0038745601647151426,-0.020370389889093343
2022-05-31 00:00:00-04:00,2022-05-02 00:00:00-04:00,TRV,14.244880385951898,0.0013520198086848009,0.006804338324905235
2022-05-31 00:00:00-04:00,2022-05-02 00:00:00-04:00,KO,-40.19906381587711,-0.003815400978954475,-0.02009880144633258
2022-05-31 00:00:00-04:00,2022-05-02 00:00:00-04:00,MRK,-23.890317371824825,-0.0022674941064670336,-0.01128057213770095
2022-06-01 00:00:00-04:00,2022-06-01 00:00:00-04:00,__cash_interest__,-0.00010008851346445635,-9.62556264337605e-09,
2022-06-01 00:00:00-04:00,2022-06-01 00:00:00-04:00,CVX,22.12096626747846,0.00212738444372278,0.009504070745315563
2022-06-01 00:00:00-04:00,2022-06-01 00:00:00-04:00,UNH,-18.027040528263363,-0.0017336695478157825,-0.008514841963428
2022-06-01 00:00:00-04:00,2022-06-01 00:00:00-04:00,TRV,-11.890571554470368,-0.0011435222424773532,-0.015359899784566422
2022-06-01 00:00:00-04:00,2022-06-01 00:00:00-04:00,KO,-10.255822160504906,-0.0009863075716507795,-0.004891144030356398
2022-06-01 00:00:00-04:00,2022-06-01 00:00:00-04:00,MRK,-20.230947113155533,-0.001945620351746566,-0.009670699299242025
2022-06-01 00:00:00-04:00,2022-06-01 00:00:00-04:00,__costs__,-1.7761032046329477,-0.00017080873784149623,
2022-06-01 00:00:00-04:00,2022-06-01 00:00:00-04:00,AMGN,-36.01623768535107,-0.0034636996796058974,-0.012931539798171743
2022-06-02 00:00:00-04:00,2022-06-01 00:00:00-04:00,__cash_interest__,-0.000254121173195989,-2.46190803733968e-08,
2022-06-02 00:00:00-04:00,2022-06-01 00:00:00-04:00,CVX,-3.7705681984400905,-0.00036528999281448197,-0.0018148259100704278
2022-06-02 00:00:00-04:00,2022-06-01 00:00:00-04:00,UNH,-1.2116984756389,-0.00011738849535795903,-0.0005886702282510425
2022-06-02 00:00:00-04:00,2022-06-01 00:00:00-04:00,KO,21.67182757183013,0.0020995513995120496,0.010464498784517495
2022-06-02 00:00:00-04:00,2022-06-01 00:00:00-04:00,MRK,-25.897947734284987,-0.0025089749459194415,-0.0125084371394667
2022-06-02 00:00:00-04:00,2022-06-01 00:00:00-04:00,AMGN,-41.50707194332297,-0.004021175911418153,-0.02028235514986254
2022-06-03 00:00:00-04:00,2022-06-01 00:00:00-04:00,__cash_interest__,-0.0002541575323278784,-2.4744178455978145e-08,
2022-06-03 00:00:00-04:00,2022-06-01 00:00:00-04:00,CVX,18.85305233507352,0.001835488750406726,0.009090729363750771
2022-06-03 00:00:00-04:00,2022-06-01 00:00:00-04:00,UNH,-27.790748515688907,-0.002705641789952125,-0.013509319913290962
2022-06-03 00:00:00-04:00,2022-06-01 00:00:00-04:00,KO,-24.955291563967663,-0.002429588382543674,-0.011925167387132785
2022-06-03 00:00:00-04:00,2022-06-01 00:00:00-04:00,MRK,-2.044284307192821,-0.00019902670303974406,-0.0009998747505013394
2022-06-03 00:00:00-04:00,2022-06-01 00:00:00-04:00,AMGN,1.3727588044205763,0.00013364856245841046,0.0006846830762679001
2022-06-06 00:00:00-04:00,2022-06-01 00:00:00-04:00,__cash_interest__,-0.00025419389666195725,-2.4831279641172166e-08,
2022-06-06 00:00:00-04:00,2022-06-01 00:00:00-04:00,CVX,-9.072738198017747,-0.0008862828819439541,-0.004335360520942078
2022-06-06 00:00:00-04:00,2022-06-01 00:00:00-04:00,UNH,19.098176975158776,0.0018656316274085305,0.009410921892854196
2022-06-06 00:00:00-04:00,2022-06-01 00:00:00-04:00,KO,-3.283889826132711,-0.0003207912843475654,-0.0015881831212551933
2022-06-06 00:00:00-04:00,2022-06-01 00:00:00-04:00,MRK,-1.5900865209081287,-0.00015532978396737984,-0.0007785016189185701
2022-06-06 00:00:00-04:00,2022-06-01 00:00:00-04:00,AMGN,-24.306891353489483,-0.0023744520396913917,-0.01211511449757019
2022-06-07 00:00:00-04:00,2022-06-01 00:00:00-04:00,__cash_interest__,-0.00025423026619896975,-2.4881391733529882e-08,
2022-06-07 00:00:00-04:00,2022-06-01 00:00:00-04:00,CVX,39.709635106849696,0.0038863625541570627,0.019057663398528657
2022-06-07 00:00:00-04:00,2022-06-01 00:00:00-04:00,UNH,28.91861532619485,0.002830250729310022,0.014117238450183756
2022-06-07 00:00:00-04:00,2022-06-01 00:00:00-04:00,KO,12.47792967131395,0.001221208870278311,0.006044283398624506
2022-06-07 00:00:00-04:00,2022-06-01 00:00:00-04:00,MRK,14.539257522506475,0.0014229500182682056,0.007123923111896691
2022-06-07 00:00:00-04:00,2022-06-01 00:00:00-04:00,AMGN,7.833506485797107,0.0007666614460755134,0.003952282411219699
2022-06-08 00:00:00-04:00,2022-06-01 00:00:00-04:00,__cash_interest__,-0.0002542666409396604,-2.463545835541841e-08,
2022-06-08 00:00:00-04:00,2022-06-01 00:00:00-04:00,CVX,10.958550654420469,0.0010617551609799435,0.005160931750628928
2022-06-08 00:00:00-04:00,2022-06-01 00:00:00-04:00,UNH,-14.919003011046911,-0.0014454765911279235,-0.007181644321900049
2022-06-08 00:00:00-04:00,2022-06-01 00:00:00-04:00,KO,-11.821151706087408,-0.001145331096097299,-0.005691739023104048
2022-06-08 00:00:00-04:00,2022-06-01 00:00:00-04:00,MRK,-22.71738042355702,-0.002201047991590634,-0.01105229155845
2022-06-08 00:00:00-04:00,2022-06-01 00:00:00-04:00,AMGN,-7.510594748318739,-0.0007276886321495037,-0.0037744442941470835
2022-06-09 00:00:00-04:00,2022-06-01 00:00:00-04:00,__cash_interest__,-0.0002543030208847738,-2.4749310965451063e-08,
2022-06-09 00:00:00-04:00,2022-06-01 00:00:00-04:00,CVX,-42.537825434271106,-0.0041398716609971796,-0.019930338775358658
2022-06-09 00:00:00-04:00,2022-06-01 00:00:00-04:00,UNH,-17.134061728745923,-0.0016675233363354707,-0.008307581681938458
2022-06-09 00:00:00-04:00,2022-06-01 00:00:00-04:00,KO,-35.791489239212844,-0.003483303871168884,-0.017331809597337267
2022-06-09 00:00:00-04:00,2022-06-01 00:00:00-04:00,MRK,-33.621675714594986,-0.0032721330031588607,-0.016540175328651485
2022-06-09 00:00:00-04:00,2022-06-01 00:00:00-04:00,AMGN,-30.121257130618353,-0.0029314648202066204,-0.015194769140668085
2022-06-10 00:00:00-04:00,2022-06-01 00:00:00-04:00,__cash_interest__,-0.0002543394060350544,-2.5142416732336535e-08,
2022-06-10 00:00:00-04:00,2022-06-01 00:00:00-04:00,CVX,-24.98093893973528,-0.0024694607374419683,-0.011942388867766995
2022-06-10 00:00:00-04:00,2022-06-01 00:00:00-04:00,UNH,-20.058794098483332,-0.0019828880165847825,-0.009807134247094673
2022-06-10 00:00:00-04:00,2022-06-01 00:00:00-04:00,KO,-12.80624768159469,-0.0012659462448528142,-0.006310723312275002
2022-06-10 00:00:00-04:00,2022-06-01 00:00:00-04:00,MRK,-18.627629002436265,-0.0018414119086605923,-0.009317978634087565
2022-06-10 00:00:00-04:00,2022-06-01 00:00:00-04:00,AMGN,-14.051058210975057,-0.001389000495746866,-0.007197467274146718
2022-06-13 00:00:00-04:00,2022-06-01 00:00:00-04:00,__cash_interest__,-0.0002543757963912471,-2.537307088251405e-08,
2022-06-13 00:00:00-04:00,2022-06-01 00:00:00-04:00,CVX,-95.09224633769013,-0.00948510959349559,-0.04600926437204733
2022-06-13 00:00:00-04:00,2022-06-01 00:00:00-04:00,UNH,-62.392544061374444,-0.0062234318888371555,-0.030807056232630137
2022-06-13 00:00:00-04:00,2022-06-01 00:00:00-04:00,KO,-2.2985099612953097,-0.00022926810254545615,-0.0011398639779682807
2022-06-13 00:00:00-04:00,2022-06-01 00:00:00-04:00,MRK,-49.52372373041139,-0.004939813340751506,-0.025005937489237406
2022-06-13 00:00:00-04:00,2022-06-01 00:00:00-04:00,AMGN,-26.164227175111712,-0.0026097875667354686,-0.013499438378762219
2022-06-14 00:00:00-04:00,2022-06-01 00:00:00-04:00,__cash_interest__,-0.0002544121919540967,-2.598707086939498e-08,
2022-06-14 00:00:00-04:00,2022-06-01 00:00:00-04:00,CVX,2.5925430239484664,0.00026481670857763105,0.0013148675212286687
2022-06-14 00:00:00-04:00,2022-06-01 00:00:00-04:00,UNH,-33.222847382865254,-0.003393565704498111,-0.016925601615284336
2022-06-14 00:00:00-04:00,2022-06-01 00:00:00-04:00,KO,-55.23279834431078,-0.005641784042910893,-0.027421992337078316
2022-06-14 00:00:00-04:00,2022-06-01 00:00:00-04:00,MRK,4.3517431129490385,0.0004445111526023592,0.0022536741780292413
2022-06-14 00:00:00-04:00,2022-06-01 00:00:00-04:00,AMGN,-8.640297203863467,-0.0008825678283922335,-0.0045189666264566775
2022-06-15 00:00:00-04:00,2022-06-01 00:00:00-04:00,__cash_interest__,-0.0002544485927243482,-2.6232352700720906e-08,
2022-06-15 00:00:00-04:00,2022-06-01 00:00:00-04:00,CVX,-38.76725723583101,-0.003996706580930448,-0.019635883055418857
2022-06-15 00:00:00-04:00,2022-06-01 00:00:00-04:00,UNH,10.781331236416989,0.0011115002859669063,0.005587187760248247
2022-06-15 00:00:00-04:00,2022-06-01 00:00:00-04:00,KO,14.552309006481593,0.001500268869167826,0.0074286418594089465
2022-06-15 00:00:00-04:00,2022-06-01 00:00:00-04:00,MRK,2.9773216867437973,0.00030694668716355994,0.0015384237711173476
2022-06-15 00:00:00-04:00,2022-06-01 00:00:00-04:00,AMGN,-0.9695728563714942,-9.995801849427423e-05,-0.0005093987928018739
2022-06-16 00:00:00-04:00,2022-06-01 00:00:00-04:00,__cash_interest__,-0.0002544849987027465,-2.6267047896961838e-08,
2022-06-16 00:00:00-04:00,2022-06-01 00:00:00-04:00,CVX,-103.45804262528907,-0.010678575848545915,-0.05345178483627566
2022-06-16 00:00:00-04:00,2022-06-01 00:00:00-04:00,UNH,-27.637562693381806,-0.0028526521670155748,-0.014242980724847643
2022-06-16 00:00:00-04:00,2022-06-01 00:00:00-04:00,KO,-19.844148064534483,-0.0020482432769814356,-0.010055314949104832
2022-06-16 00:00:00-04:00,2022-06-01 00:00:00-04:00,MRK,5.954446239031742,0.0006145970307005097,0.003072019612106791
2022-06-16 00:00:00-04:00,2022-06-01 00:00:00-04:00,AMGN,-39.32654516957692,-0.004059147890276653,-0.02067209744580778
2022-06-17 00:00:00-04:00,2022-06-01 00:00:00-04:00,__cash_interest__,-0.00025452140989003696,-2.6780275387500058e-08,
2022-06-17 00:00:00-04:00,2022-06-01 00:00:00-04:00,CVX,-83.66197839057764,-0.008802759743200881,-0.04566498753455506
2022-06-17 00:00:00-04:00,2022-06-01 00:00:00-04:00,UNH,-16.901594315235776,-0.0017783547185495038,-0.008836065790020942
2022-06-17 00:00:00-04:00,2022-06-01 00:00:00-04:00,KO,11.906460449787678,0.0012527759054668558,0.00609445626153593
2022-06-17 00:00:00-04:00,2022-06-01 00:00:00-04:00,MRK,-6.1827279389092045,-0.0006505352807903821,-0.0031800256709785257
2022-06-17 00:00:00-04:00,2022-06-01 00:00:00-04:00,AMGN,32.38205811493513,0.0034071806937839046,0.017381012328138823
2022-06-21 00:00:00-04:00,2022-06-01 00:00:00-04:00,__cash_interest__,-0.00025455782628696483,-2.6961289094623892e-08,
2022-06-21 00:00:00-04:00,2022-06-01 00:00:00-04:00,CVX,73.17472234310306,0.007750242340957094,0.041851925049302574
2022-06-21 00:00:00-04:00,2022-06-01 00:00:00-04:00,UNH,118.51991208331376,0.012552941937622365,0.06251397250168034
2022-06-21 00:00:00-04:00,2022-06-01 00:00:00-04:00,KO,42.0035555608412,0.004448773078386108,0.02136975728176016
2022-06-21 00:00:00-04:00,2022-06-01 00:00:00-04:00,MRK,78.09875737517646,0.008271767583171125,0.040297479355386745
2022-06-21 00:00:00-04:00,2022-06-01 00:00:00-04:00,AMGN,29.798066178494523,0.0031560384075304503,0.015720815545018585
2022-06-22 00:00:00-04:00,2022-06-01 00:00:00-04:00,__cash_interest__,-0.00025459424789427544,-2.6023618985395276e-08,
2022-06-22 00:00:00-04:00,2022-06-01 00:00:00-04:00,CVX,-79.18446828171874,-0.00809392375973982,-0.04346987205919106
2022-06-22 00:00:00-04:00,2022-06-01 00:00:00-04:00,UNH,39.25486660364935,0.00401247750200588,0.019486984184523326
2022-06-22 00:00:00-04:00,2022-06-01 00:00:00-04:00,KO,14.882898131403275,0.0015212710953741808,0.007413410516705854
2022-06-22 00:00:00-04:00,2022-06-01 00:00:00-04:00,MRK,25.88040276771409,0.0026453926056304454,0.012836518238527272
2022-06-22 00:00:00-04:00,2022-06-01 00:00:00-04:00,AMGN,13.97050478575888,0.0014280098493395894,0.0072564588611283565
2022-06-23 00:00:00-04:00,2022-06-01 00:00:00-04:00,__cash_interest__,-0.00025463067471271424,-2.5988017290235697e-08,
2022-06-23 00:00:00-04:00,2022-06-01 00:00:00-04:00,CVX,-64.10187847364877,-0.006542341090637619,-0.03678920983267686
2022-06-23 00:00:00-04:00,2022-06-01 00:00:00-04:00,UNH,42.484040283606454,0.004335989663048659,0.020686892292620218
2022-06-23 00:00:00-04:00,2022-06-01 00:00:00-04:00,KO,24.143510024497036,0.0024641255680271676,0.011937770394980785
2022-06-23 00:00:00-04:00,2022-06-01 00:00:00-04:00,MRK,65.04451370860862,0.006638547962854255,0.03185279385059103
2022-06-23 00:00:00-04:00,2022-06-01 00:00:00-04:00,AMGN,23.82245394361057,0.0024313580666621946,0.012284544959833443
2022-06-24 00:00:00-04:00,2022-06-01 00:00:00-04:00,__cash_interest__,-0.00025466710674302694,-2.5751534196363352e-08,
2022-06-24 00:00:00-04:00,2022-06-01 00:00:00-04:00,CVX,27.57337629224721,0.002788176107939549,0.01642927171296038
2022-06-24 00:00:00-04:00,2022-06-01 00:00:00-04:00,UNH,-17.488553852194674,-0.0017684148468540468,-0.00834316442061811
2022-06-24 00:00:00-04:00,2022-06-01 00:00:00-04:00,KO,38.36579768471719,0.0038794886535765947,0.01874619968929614
2022-06-24 00:00:00-04:00,2022-06-01 00:00:00-04:00,MRK,25.880599902169944,0.0026170052423598903,0.012282688962448551
2022-06-24 00:00:00-04:00,2022-06-01 00:00:00-04:00,AMGN,18.411553329176243,0.0018617470910480339,0.009379083493834317
2022-06-27 00:00:00-04:00,2022-06-01 00:00:00-04:00,__cash_interest__,-0.00025470354398595915,-2.551593087260651e-08,
2022-06-27 00:00:00-04:00,2022-06-01 00:00:00-04:00,CVX,32.99368695787094,0.0033052725630541785,0.019341139192596613
2022-06-27 00:00:00-04:00,2022-06-01 00:00:00-04:00,UNH,42.02310400640335,0.004209829985478534,0.020216390693235553
2022-06-27 00:00:00-04:00,2022-06-01 00:00:00-04:00,KO,-4.29978779395773,-0.0004307481804161733,-0.002062291384643644
2022-06-27 00:00:00-04:00,2022-06-01 00:00:00-04:00,MRK,29.315864929859636,0.0029368322533517774,0.013744217442374085
2022-06-27 00:00:00-04:00,2022-06-01 00:00:00-04:00,AMGN,-4.198829838477906,-0.00042063431952225156,-0.002119063376242347
2022-06-28 00:00:00-04:00,2022-06-01 00:00:00-04:00,__cash_interest__,-0.00025473998644225674,-2.5276909987818164e-08,
2022-06-28 00:00:00-04:00,2022-06-01 00:00:00-04:00,CVX,27.926318890273944,0.002771025698553095,0.01605999263346014
2022-06-28 00:00:00-04:00,2022-06-01 00:00:00-04:00,UNH,11.658806099749484,0.0011568603597126826,0.005497652394434116
2022-06-28 00:00:00-04:00,2022-06-01 00:00:00-04:00,KO,-20.83648321795976,-0.002067527435008474,-0.010014378276658853
2022-06-28 00:00:00-04:00,2022-06-01 00:00:00-04:00,MRK,-57.71584317782749,-0.005726930401669257,-0.026692174787640188
2022-06-28 00:00:00-04:00,2022-06-01 00:00:00-04:00,AMGN,-10.821242799577718,-0.0010737520403505765,-0.0054728568203867844
2022-06-29 00:00:00-04:00,2022-06-01 00:00:00-04:00,__cash_interest__,-0.00025477643411266564,-2.540604126882879e-08,
2022-06-29 00:00:00-04:00,2022-06-01 00:00:00-04:00,CVX,-34.878654042781385,-0.0034780631383680006,-0.01974113028642388
2022-06-29 00:00:00-04:00,2022-06-01 00:00:00-04:00,UNH,30.48976964229695,0.0030404081464878736,0.014298690951160875
2022-06-29 00:00:00-04:00,2022-06-01 00:00:00-04:00,KO,14.883182020733392,0.0014841354458357485,0.007225476246967011
2022-06-29 00:00:00-04:00,2022-06-01 00:00:00-04:00,MRK,14.199989123983924,0.0014160081600848534,0.0067472486031203704
2022-06-29 00:00:00-04:00,2022-06-01 00:00:00-04:00,AMGN,15.504649655257275,0.0015461075525768809,0.007884647127626154
2022-06-30 00:00:00-04:00,2022-06-01 00:00:00-04:00,__cash_interest__,-0.00025481288699793185,-2.5308226495935316e-08,
2022-06-30 00:00:00-04:00,2022-06-01 00:00:00-04:00,CVX,-25.923528153627036,-0.0025747462375836343,-0.01496806377421911
2022-06-30 00:00:00-04:00,2022-06-01 00:00:00-04:00,UNH,-8.723319009814096,-0.0008664072523869846,-0.004033276780630812
2022-06-30 00:00:00-04:00,2022-06-01 00:00:00-04:00,KO,5.953301197226368,0.0005912867942944764,0.0028694709865701995
2022-06-30 00:00:00-04:00,2022-06-01 00:00:00-04:00,MRK,-30.689892087153172,-0.0030481454420466163,-0.014484836930677147
2022-06-30 00:00:00-04:00,2022-06-01 00:00:00-04:00,AMGN,-17.20045980447895,-0.0017083638810211261,-0.008678597184355041
2022-07-01 00:00:00-04:00,2022-07-01 00:00:00-04:00,__cash_interest__,-0.00025484934509880145,-2.5505855316363977e-08,
2022-07-01 00:00:00-04:00,2022-07-01 00:00:00-04:00,CVX,20.21582041452408,0.0020232415758986914,0.011949178825340523
2022-07-01 00:00:00-04:00,2022-07-01 00:00:00-04:00,UNH,14.371671373043814,0.0014383469204249859,0.0073399540907224115
2022-07-01 00:00:00-04:00,2022-07-01 00:00:00-04:00,KO,46.9381272047796,0.004697665912549472,0.023366609761182433
2022-07-01 00:00:00-04:00,2022-07-01 00:00:00-04:00,MRK,27.553929042898062,0.002757654830515876,0.013710486984133796
2022-07-01 00:00:00-04:00,2022-07-01 00:00:00-04:00,AMGN,18.539483993211114,0.0018554703218388315,0.009247848128033365
2022-07-01 00:00:00-04:00,2022-07-01 00:00:00-04:00,__costs__,-0.13873342932405372,-1.3884731681419428e-05,
2022-07-05 00:00:00-04:00,2022-07-01 00:00:00-04:00,__cash_interest__,-1.9849692140476893e-05,-1.961572036054305e-09,
2022-07-05 00:00:00-04:00,2022-07-01 00:00:00-04:00,CVX,-52.61428483976614,-0.005199411109667803,-0.026277928064546874
2022-07-05 00:00:00-04:00,2022-07-01 00:00:00-04:00,UNH,-47.55250730436589,-0.004699199761506789,-0.023502226316012176
2022-07-05 00:00:00-04:00,2022-07-01 00:00:00-04:00,KO,-34.914381434036656,-0.003450283953647983,-0.01708602717319818
2022-07-05 00:00:00-04:00,2022-07-01 00:00:00-04:00,MRK,4.828061793132012,0.0004771152587519388,0.002380665442650809
2022-07-05 00:00:00-04:00,2022-07-01 00:00:00-04:00,AMGN,9.718798443000667,0.0009604241272318396,0.004805584210513025
2022-07-06 00:00:00-04:00,2022-07-01 00:00:00-04:00,__cash_interest__,-1.9852532193375373e-05,-1.9855027263169665e-09,
2022-07-06 00:00:00-04:00,2022-07-01 00:00:00-04:00,CVX,-25.692526784394897,-0.0025695755825753167,-0.01317829579189056
2022-07-06 00:00:00-04:00,2022-07-01 00:00:00-04:00,UNH,39.30117597499556,0.003930611535381637,0.019891607041950365
2022-07-06 00:00:00-04:00,2022-07-01 00:00:00-04:00,KO,4.126333004367504,0.000412685160263699,0.002054402359561669
2022-07-06 00:00:00-04:00,2022-07-01 00:00:00-04:00,MRK,10.752174074705657,0.0010753525409865096,0.005289189824002838
2022-07-06 00:00:00-04:00,2022-07-01 00:00:00-04:00,AMGN,-12.189790417037141,-0.0012191322432075428,-0.005998571161510036
2022-07-07 00:00:00-04:00,2022-07-01 00:00:00-04:00,__cash_interest__,-1.9855372652622748e-05,-1.9825553627919007e-09,
2022-07-07 00:00:00-04:00,2022-07-01 00:00:00-04:00,CVX,37.4448601342459,0.0037388625016985394,0.01946282838275515
2022-07-07 00:00:00-04:00,2022-07-01 00:00:00-04:00,UNH,-3.5585634133007367,-0.0003553219122252287,-0.0017659768942158705
2022-07-07 00:00:00-04:00,2022-07-01 00:00:00-04:00,KO,-15.869851397306455,-0.001584601787379923,-0.00788501985654555
2022-07-07 00:00:00-04:00,2022-07-01 00:00:00-04:00,MRK,-2.633127668337899,-0.00026291732072273487,-0.0012884683973111155
2022-07-07 00:00:00-04:00,2022-07-01 00:00:00-04:00,AMGN,17.872616317450287,0.001784577501878445,0.008848154555557874
2022-07-08 00:00:00-04:00,2022-07-01 00:00:00-04:00,__cash_interest__,-1.9858213518277154e-05,-1.976276604547302e-09,
2022-07-08 00:00:00-04:00,2022-07-01 00:00:00-04:00,CVX,-10.24955829055769,-0.0010200294320498553,-0.005225736351628485
2022-07-08 00:00:00-04:00,2022-07-01 00:00:00-04:00,UNH,16.61952866339004,0.0016539647761280873,0.008262217864360988
2022-07-08 00:00:00-04:00,2022-07-01 00:00:00-04:00,KO,7.30005808230333,0.0007264970731941328,0.003655899424664266
2022-07-08 00:00:00-04:00,2022-07-01 00:00:00-04:00,MRK,-5.047158564903905,-0.0005022899659166063,-0.002472912437874064
2022-07-08 00:00:00-04:00,2022-07-01 00:00:00-04:00,AMGN,8.730487085861842,0.0008688524452721269,0.004284273999847432
2022-07-11 00:00:00-04:00,2022-07-01 00:00:00-04:00,__cash_interest__,-1.9861054790396743e-05,-1.9731517470186803e-09,
2022-07-11 00:00:00-04:00,2022-07-01 00:00:00-04:00,CVX,-17.218919675065344,-0.0017106614828461897,-0.00882518269043353
2022-07-11 00:00:00-04:00,2022-07-01 00:00:00-04:00,UNH,-6.569566525389441,-0.0006526718647891448,-0.0032392253396308357
2022-07-11 00:00:00-04:00,2022-07-01 00:00:00-04:00,KO,-6.347995048150463,-0.0006306592299106089,-0.0031675221582109225
2022-07-11 00:00:00-04:00,2022-07-01 00:00:00-04:00,MRK,33.3544614778325,0.003313691776716447,0.016382909243391808
2022-07-11 00:00:00-04:00,2022-07-01 00:00:00-04:00,AMGN,-5.7654106269857595,-0.000572780759681383,-0.0028171654018609438
2022-07-12 00:00:00-04:00,2022-07-01 00:00:00-04:00,__cash_interest__,-1.9863896469039674e-05,-1.9739336315884844e-09,
2022-07-12 00:00:00-04:00,2022-07-01 00:00:00-04:00,CVX,-35.39548772016151,-0.003517353391677329,-0.01830271199686584
2022-07-12 00:00:00-04:00,2022-07-01 00:00:00-04:00,UNH,-9.89349797115978,-0.0009831459003908545,-0.0048939933677050185
2022-07-12 00:00:00-04:00,2022-07-01 00:00:00-04:00,KO,-8.569793315003126,-0.0008516054877054369,-0.004289742768858185
2022-07-12 00:00:00-04:00,2022-07-01 00:00:00-04:00,MRK,-15.360572466483607,-0.0015264251220450473,-0.007423131260522964
2022-07-12 00:00:00-04:00,2022-07-01 00:00:00-04:00,AMGN,-6.671279645011578,-0.0006629446180181728,-0.0032690115386276863
2022-07-13 00:00:00-04:00,2022-07-01 00:00:00-04:00,__cash_interest__,-1.9866738554264108e-05,-1.989217696428627e-09,
2022-07-13 00:00:00-04:00,2022-07-01 00:00:00-04:00,CVX,-12.709491498038965,-0.0012725765394985722,-0.006694499734877013
2022-07-13 00:00:00-04:00,2022-07-01 00:00:00-04:00,UNH,-51.54125075238263,-0.005160724686272117,-0.02562117914367823
2022-07-13 00:00:00-04:00,2022-07-01 00:00:00-04:00,KO,-9.204729042887875,-0.000921651525887377,-0.0046274201230559475
2022-07-13 00:00:00-04:00,2022-07-01 00:00:00-04:00,MRK,3.730311415943871,0.00037350879015783867,0.0018161874813094059
2022-07-13 00:00:00-04:00,2022-07-01 00:00:00-04:00,AMGN,0.9881689696792169,9.894342728568478e-05,0.00048580341033988006
2022-07-14 00:00:00-04:00,2022-07-01 00:00:00-04:00,__cash_interest__,-1.9869581046128213e-05,-2.0032899577720794e-09,
2022-07-14 00:00:00-04:00,2022-07-01 00:00:00-04:00,CVX,-28.015075320414113,-0.002824534595134305,-0.01485589796520781
2022-07-14 00:00:00-04:00,2022-07-01 00:00:00-04:00,UNH,4.6536840157248,0.0004691935090982985,0.002374177667880284
2022-07-14 00:00:00-04:00,2022-07-01 00:00:00-04:00,KO,-6.347995048150463,-0.0006400172556443872,-0.0032061130255290893
2022-07-14 00:00:00-04:00,2022-07-01 00:00:00-04:00,MRK,2.4136531435112265,0.0002433492227498802,0.001173011860096329
2022-07-14 00:00:00-04:00,2022-07-01 00:00:00-04:00,AMGN,-12.35424793288433,-0.0012455793990984157,-0.0060706434973063494
2022-07-15 00:00:00-04:00,2022-07-01 00:00:00-04:00,__cash_interest__,-1.9872423944690177e-05,-2.0116182102458404e-09,
2022-07-15 00:00:00-04:00,2022-07-01 00:00:00-04:00,CVX,23.3685075828471,0.0023655149231296313,0.012578774428904538
2022-07-15 00:00:00-04:00,2022-07-01 00:00:00-04:00,UNH,106.83622728886662,0.010814669661154831,0.05437571708689748
2022-07-15 00:00:00-04:00,2022-07-01 00:00:00-04:00,KO,10.156519630901336,0.0010281101036846373,0.005146142353459782
2022-07-15 00:00:00-04:00,2022-07-01 00:00:00-04:00,MRK,23.699282274205427,0.002398998125504782,0.011504125302777002
2022-07-15 00:00:00-04:00,2022-07-01 00:00:00-04:00,AMGN,25.532349707060295,0.0025845533370281713,0.012622741334536114
2022-07-18 00:00:00-04:00,2022-07-01 00:00:00-04:00,__cash_interest__,-1.987526725000819e-05,-1.9740209264712177e-09,
2022-07-18 00:00:00-04:00,2022-07-01 00:00:00-04:00,CVX,26.375773477883744,0.002619654273941176,0.01402115326632325
2022-07-18 00:00:00-04:00,2022-07-01 00:00:00-04:00,UNH,-40.59145894822025,-0.004031562866142146,-0.01959411802854849
2022-07-18 00:00:00-04:00,2022-07-01 00:00:00-04:00,KO,-26.979115177709172,-0.0026795784564080873,-0.013599889361115336
2022-07-18 00:00:00-04:00,2022-07-01 00:00:00-04:00,MRK,-57.49250392516388,-0.005710182632309276,-0.027590652722808584
2022-07-18 00:00:00-04:00,2022-07-01 00:00:00-04:00,AMGN,-39.94566269333529,-0.00396742207722374,-0.01950225597936195
2022-07-19 00:00:00-04:00,2022-07-01 00:00:00-04:00,__cash_interest__,-1.9878110962140445e-05,-2.0018672632903156e-09,
2022-07-19 00:00:00-04:00,2022-07-01 00:00:00-04:00,CVX,68.74013236071005,0.006922620610642331,0.03603644005023465
2022-07-19 00:00:00-04:00,2022-07-01 00:00:00-04:00,UNH,55.060344568953596,0.005544968609341349,0.027109660284021952
2022-07-19 00:00:00-04:00,2022-07-01 00:00:00-04:00,KO,27.931586881071148,0.0028129096117564235,0.014274147192401054
2022-07-19 00:00:00-04:00,2022-07-01 00:00:00-04:00,MRK,0.4389490496533446,4.420529367337865e-05,0.0002166285733460338
2022-07-19 00:00:00-04:00,2022-07-01 00:00:00-04:00,AMGN,28.66231084416239,0.002886498716022929,0.014271835291883805
2022-07-20 00:00:00-04:00,2022-07-01 00:00:00-04:00,__cash_interest__,-1.9880955081145152e-05,-1.9663441972227557e-09,
2022-07-20 00:00:00-04:00,2022-07-01 00:00:00-04:00,CVX,26.103087577791783,0.0025817499500749223,0.01320834387311498
2022-07-20 00:00:00-04:00,2022-07-01 00:00:00-04:00,UNH,-54.66924843458238,-0.005407112434342783,-0.02620664586610766
2022-07-20 00:00:00-04:00,2022-07-01 00:00:00-04:00,KO,-32.69231072104459,-0.0032334631418736905,-0.016471942699649467
2022-07-20 00:00:00-04:00,2022-07-01 00:00:00-04:00,MRK,-59.46701914249438,-0.005881640370883177,-0.029341595494803308
2022-07-20 00:00:00-04:00,2022-07-01 00:00:00-04:00,AMGN,-5.683253062791969,-0.0005621073854730395,-0.0027900452828389932
2022-07-21 00:00:00-04:00,2022-07-01 00:00:00-04:00,__cash_interest__,-1.9883799607080522e-05,-1.9915247256249234e-09,
2022-07-21 00:00:00-04:00,2022-07-01 00:00:00-04:00,CVX,-15.30631915513944,-0.0015330527192052251,-0.007644137557385466
2022-07-21 00:00:00-04:00,2022-07-01 00:00:00-04:00,UNH,11.692514476175035,0.0011711007022892107,0.005755849722615336
2022-07-21 00:00:00-04:00,2022-07-01 00:00:00-04:00,KO,-4.444277649053839,-0.0004451306591563701,-0.002276741029971774
2022-07-21 00:00:00-04:00,2022-07-01 00:00:00-04:00,MRK,10.752362951233048,0.0010769368581168316,0.005465690712646243
2022-07-21 00:00:00-04:00,2022-07-01 00:00:00-04:00,AMGN,-7.000621839084781,-0.0007011693822503884,-0.0034463888026501355
2022-07-22 00:00:00-04:00,2022-07-01 00:00:00-04:00,__cash_interest__,-1.9886644540004782e-05,-1.992669141321893e-09,
2022-07-22 00:00:00-04:00,2022-07-01 00:00:00-04:00,CVX,-16.536285758880076,-0.0016569585823045586,-0.008322010471514152
2022-07-22 00:00:00-04:00,2022-07-01 00:00:00-04:00,UNH,-4.10638084543609,-0.00041146500993444294,-0.00200987102152983
2022-07-22 00:00:00-04:00,2022-07-01 00:00:00-04:00,KO,7.300466751512438,0.0007315168118845365,0.0037484608732363256
2022-07-22 00:00:00-04:00,2022-07-01 00:00:00-04:00,MRK,-0.6584235744800169,-6.597494796801308e-05,-0.00033287352353017496
2022-07-22 00:00:00-04:00,2022-07-01 00:00:00-04:00,AMGN,1.4000958903250345,0.00014029153434758518,0.0006916474270792783
2022-07-25 00:00:00-04:00,2022-07-01 00:00:00-04:00,__cash_interest__,-1.988948987997616e-05,-1.9954737178261916e-09,
2022-07-25 00:00:00-04:00,2022-07-01 00:00:00-04:00,CVX,58.62783618615371,0.005882016429203126,0.029752501169101997
2022-07-25 00:00:00-04:00,2022-07-01 00:00:00-04:00,UNH,31.519108580686026,0.0031622506741809083,0.015458118907840657
2022-07-25 00:00:00-04:00,2022-07-01 00:00:00-04:00,KO,19.044257590590796,0.001910673211171439,0.00974185159428198
2022-07-25 00:00:00-04:00,2022-07-01 00:00:00-04:00,MRK,9.216607907028509,0.0009246842908977864,0.004661112469624529
2022-07-25 00:00:00-04:00,2022-07-01 00:00:00-04:00,AMGN,22.814457878063624,0.002288930050838651,0.011262553408702969
2022-07-26 00:00:00-04:00,2022-07-01 00:00:00-04:00,__cash_interest__,-1.9892335627052895e-05,-1.9678772535813206e-09,
2022-07-26 00:00:00-04:00,2022-07-01 00:00:00-04:00,CVX,-15.8527939544698,-0.0015682599174672391,-0.007812545770029433
2022-07-26 00:00:00-04:00,2022-07-01 00:00:00-04:00,UNH,8.290672360638437,0.0008201664128976317,0.004004151063904171
2022-07-26 00:00:00-04:00,2022-07-01 00:00:00-04:00,KO,32.37518341477647,0.0032027605112301596,0.016401340412748766
2022-07-26 00:00:00-04:00,2022-07-01 00:00:00-04:00,MRK,16.676852985861473,0.0016497811150725393,0.008394850727203584
2022-07-26 00:00:00-04:00,2022-07-01 00:00:00-04:00,AMGN,19.931538983381333,0.0019717555006926284,0.009729793376475504
2022-07-27 00:00:00-04:00,2022-07-01 00:00:00-04:00,__cash_interest__,-1.9895181781293236e-05,-1.9562721095599598e-09,
2022-07-27 00:00:00-04:00,2022-07-01 00:00:00-04:00,CVX,26.512422816581513,0.0026069383976027255,0.013168686102607685
2022-07-27 00:00:00-04:00,2022-07-01 00:00:00-04:00,UNH,11.809637611747743,0.0011612291326533765,0.005680960424132797
2022-07-27 00:00:00-04:00,2022-07-01 00:00:00-04:00,KO,-6.348267494289869,-0.0006242184052212314,-0.0031641502227880425
2022-07-27 00:00:00-04:00,2022-07-01 00:00:00-04:00,MRK,-1.316280519377865,-0.0001294284664861521,-0.0006570776760287389
2022-07-27 00:00:00-04:00,2022-07-01 00:00:00-04:00,AMGN,4.77667210746811,0.0004696850987880466,0.002309314293978737
2022-07-28 00:00:00-04:00,2022-07-01 00:00:00-04:00,__cash_interest__,-1.9898028342755445e-05,-1.94975865241953e-09,
2022-07-28 00:00:00-04:00,2022-07-01 00:00:00-04:00,CVX,15.442600827455061,0.0015131823143750738,0.007570624666507708
2022-07-28 00:00:00-04:00,2022-07-01 00:00:00-04:00,UNH,26.90476559622934,0.002636331530388361,0.01286927784231473
2022-07-28 00:00:00-04:00,2022-07-01 00:00:00-04:00,KO,33.32738267199904,0.003265667914825599,0.016664006860868552
2022-07-28 00:00:00-04:00,2022-07-01 00:00:00-04:00,MRK,-28.307491789455987,-0.0027737812055575557,-0.014140185523596749
2022-07-28 00:00:00-04:00,2022-07-01 00:00:00-04:00,AMGN,-16.22533579724584,-0.001589880580837065,-0.007826174746932923
2022-07-29 00:00:00-04:00,2022-07-01 00:00:00-04:00,__cash_interest__,-1.9900875311497775e-05,-1.9441051479565983e-09,
2022-07-29 00:00:00-04:00,2022-07-01 00:00:00-04:00,CVX,182.98927417074512,0.017876117726874627,0.08903513202371238
2022-07-29 00:00:00-04:00,2022-07-01 00:00:00-04:00,UNH,3.323674314847019,0.0003246878463628191,0.0015696037479115965
2022-07-29 00:00:00-04:00,2022-07-01 00:00:00-04:00,KO,3.4916697226221607,0.00034109922184136535,0.0017172516256005466
2022-07-29 00:00:00-04:00,2022-07-01 00:00:00-04:00,MRK,-13.166204971271663,-0.0012861990471802298,-0.006671126333952504
2022-07-29 00:00:00-04:00,2022-07-01 00:00:00-04:00,AMGN,-18.778342948016498,-0.0018344456022113416,-0.009129044999251712
2022-08-01 00:00:00-04:00,2022-08-01 00:00:00-04:00,__cash_interest__,-1.9903722687578508e-05,-1.9148538508481615e-09,
2022-08-01 00:00:00-04:00,2022-08-01 00:00:00-04:00,CVX,-44.14087383572837,-0.004246608715911046,-0.01996588084710471
2022-08-01 00:00:00-04:00,2022-08-01 00:00:00-04:00,UNH,-26.587594533433617,-0.002557881185156764,-0.012833340132858084
2022-08-01 00:00:00-04:00,2022-08-01 00:00:00-04:00,KO,11.355568551426074,0.0010924717205208364,0.005454189887938554
2022-08-01 00:00:00-04:00,2022-08-01 00:00:00-04:00,MRK,-0.00012462897084568038,-1.1990031638655636e-08,-0.009066523615487543
2022-08-01 00:00:00-04:00,2022-08-01 00:00:00-04:00,AMGN,-15.304675227125223,-0.0014723987444283768,-0.007394721002483062
2022-08-01 00:00:00-04:00,2022-08-01 00:00:00-04:00,__costs__,-1.07082682924386,-0.00010301976719404311,
2022-08-01 00:00:00-04:00,2022-08-01 00:00:00-04:00,IBM,20.43263767963726,0.0019657385484101453,0.009557304974866732
2022-08-02 00:00:00-04:00,2022-08-01 00:00:00-04:00,__cash_interest__,-0.00015321168805249838,-1.4818716165808093e-08,
2022-08-02 00:00:00-04:00,2022-08-01 00:00:00-04:00,CVX,-17.6027974050232,-0.001702551951388205,-0.008535167744992855
2022-08-02 00:00:00-04:00,2022-08-01 00:00:00-04:00,UNH,0.306114005805074,2.960750987124152e-05,0.0001497124667069194
2022-08-02 00:00:00-04:00,2022-08-01 00:00:00-04:00,KO,-28.43621037572544,-0.0027503654306366802,-0.013639201567607229
2022-08-02 00:00:00-04:00,2022-08-01 00:00:00-04:00,AMGN,-14.48578859906227,-0.0014010731975869135,-0.0070430167917028275
2022-08-02 00:00:00-04:00,2022-08-01 00:00:00-04:00,IBM,-3.642908247968927,-0.00035234402825870103,-0.0017418299567656392
2022-08-03 00:00:00-04:00,2022-08-01 00:00:00-04:00,__cash_interest__,-0.0001532336092639537,-1.4912949839444312e-08,
2022-08-03 00:00:00-04:00,2022-08-01 00:00:00-04:00,CVX,-48.56918377516279,-0.004726833785753163,-0.02375274799708682
2022-08-03 00:00:00-04:00,2022-08-01 00:00:00-04:00,UNH,19.82094465561722,0.001929007316602801,0.009692461840854927
2022-08-03 00:00:00-04:00,2022-08-01 00:00:00-04:00,KO,9.047891423373164,0.0008805558493181246,0.004399758165374745
2022-08-03 00:00:00-04:00,2022-08-01 00:00:00-04:00,AMGN,27.0451954462227,0.002632083424940665,0.013242691768687198
2022-08-03 00:00:00-04:00,2022-08-01 00:00:00-04:00,IBM,8.394392862396629,0.0008169562819203171,0.004020721014101003
2022-08-04 00:00:00-04:00,2022-08-01 00:00:00-04:00,__cash_interest__,-0.00015325553361185062,-1.4892272253279014e-08,
2022-08-04 00:00:00-04:00,2022-08-01 00:00:00-04:00,CVX,-54.222460330713425,-0.005268949332248876,-0.0271626696245425
2022-08-04 00:00:00-04:00,2022-08-01 00:00:00-04:00,UNH,-26.35179531105,-0.00256067824036138,-0.012762355723810903
2022-08-04 00:00:00-04:00,2022-08-01 00:00:00-04:00,KO,-8.0784893441687,-0.0007850095841450965,-0.003911154595987676
2022-08-04 00:00:00-04:00,2022-08-01 00:00:00-04:00,AMGN,-1.3398399079954468,-0.00013019602108601183,-0.0006474788338217685
2022-08-04 00:00:00-04:00,2022-08-01 00:00:00-04:00,IBM,-11.087173349692597,-0.0010773718909302342,-0.005289234367017226
2022-08-05 00:00:00-04:00,2022-08-01 00:00:00-04:00,__cash_interest__,-0.0001532774610966379,-1.5042150317902455e-08,
2022-08-05 00:00:00-04:00,2022-08-01 00:00:00-04:00,CVX,32.12211511850233,0.003152359653431639,0.016540823922569725
2022-08-05 00:00:00-04:00,2022-08-01 00:00:00-04:00,UNH,5.0029173754319824,0.0004909700007481699,0.002454269557454758
2022-08-05 00:00:00-04:00,2022-08-01 00:00:00-04:00,KO,-9.370886765643148,-0.0009196282762798114,-0.004554675485269777
2022-08-05 00:00:00-04:00,2022-08-01 00:00:00-04:00,AMGN,-6.112368188744138,-0.0005998478865427347,-0.0029557211606844325
2022-08-05 00:00:00-04:00,2022-08-01 00:00:00-04:00,IBM,13.305171893673059,0.0013057261922154253,0.006381101382263221
2022-08-08 00:00:00-04:00,2022-08-01 00:00:00-04:00,__cash_interest__,-0.00015329939171876433,-1.4992883454690704e-08,
2022-08-08 00:00:00-04:00,2022-08-01 00:00:00-04:00,CVX,-2.954655689483294,-0.0002889692379369012,-0.0014967010355733112
2022-08-08 00:00:00-04:00,2022-08-01 00:00:00-04:00,UNH,5.881331479046542,0.0005752020046205783,0.0028781274236062693
2022-08-08 00:00:00-04:00,2022-08-01 00:00:00-04:00,KO,-13.248633766592505,-0.0012957339215070595,-0.006468899936246109
2022-08-08 00:00:00-04:00,2022-08-01 00:00:00-04:00,AMGN,8.707946126326934,0.0008516486591235736,0.004223332181500616
2022-08-08 00:00:00-04:00,2022-08-01 00:00:00-04:00,IBM,2.0589860641527027,0.0002013715628520344,0.0009812193171625516
2022-08-09 00:00:00-04:00,2022-08-01 00:00:00-04:00,__cash_interest__,-0.00015332132547867883,-1.4994376288987547e-08,
2022-08-09 00:00:00-04:00,2022-08-01 00:00:00-04:00,CVX,25.697507731292657,0.0025131409437609636,0.013036760325074948
2022-08-09 00:00:00-04:00,2022-08-01 00:00:00-04:00,UNH,2.5206065080134783,0.0002465079292761582,0.0012299607533767798
2022-08-09 00:00:00-04:00,2022-08-01 00:00:00-04:00,KO,2.585072211211903,0.0002528124861176381,0.0012704294460463839
2022-08-09 00:00:00-04:00,2022-08-01 00:00:00-04:00,AMGN,8.959527993234463,0.000876215579814805,0.004327074089058192
2022-08-09 00:00:00-04:00,2022-08-01 00:00:00-04:00,IBM,-23.898109645603135,-0.0023371650845236615,-0.011377590600159082
2022-08-10 00:00:00-04:00,2022-08-01 00:00:00-04:00,__cash_interest__,-0.00015334326237683034,-1.4973290639922973e-08,
2022-08-10 00:00:00-04:00,2022-08-01 00:00:00-04:00,CVX,5.268417730073908,0.0005144376652889004,0.0026383576884103643
2022-08-10 00:00:00-04:00,2022-08-01 00:00:00-04:00,UNH,1.7567026477517598,0.00017153423570753323,0.0008561514953064897
2022-08-10 00:00:00-04:00,2022-08-01 00:00:00-04:00,KO,19.388457636483782,0.0018931970453158328,0.009516335480793447
2022-08-10 00:00:00-04:00,2022-08-01 00:00:00-04:00,AMGN,31.231181883065002,0.0030495866340332083,0.015018357905440372
2022-08-10 00:00:00-04:00,2022-08-01 00:00:00-04:00,IBM,32.55893299281755,0.003179235651248908,0.015679292663407285
2022-08-11 00:00:00-04:00,2022-08-01 00:00:00-04:00,__cash_interest__,-0.00015336520241366786,-1.484468138616863e-08,
2022-08-11 00:00:00-04:00,2022-08-01 00:00:00-04:00,CVX,48.824988144192226,0.004725918143602314,0.024386602654482115
2022-08-11 00:00:00-04:00,2022-08-01 00:00:00-04:00,UNH,-18.560955300303885,-0.0017965709516865852,-0.009038180820477248
2022-08-11 00:00:00-04:00,2022-08-01 00:00:00-04:00,KO,-13.894901819395482,-0.0013449295352192514,-0.006755672898154708
2022-08-11 00:00:00-04:00,2022-08-01 00:00:00-04:00,AMGN,-31.31499425414639,-0.00303107292264804,-0.014835851225763252
2022-08-11 00:00:00-04:00,2022-08-01 00:00:00-04:00,IBM,16.6806628772508,0.001614571766123208,0.007908844004369753
2022-08-12 00:00:00-04:00,2022-08-01 00:00:00-04:00,__cash_interest__,-0.00015338714558964047,-1.484431294776116e-08,
2022-08-12 00:00:00-04:00,2022-08-01 00:00:00-04:00,CVX,2.955807961415859,0.0002860535556879438,0.0014411907970990345
2022-08-12 00:00:00-04:00,2022-08-01 00:00:00-04:00,UNH,41.40009867271453,0.004006567945465908,0.020343475733653138
2022-08-12 00:00:00-04:00,2022-08-01 00:00:00-04:00,KO,15.510571951402921,0.0015010630986078,0.007592500870305718
2022-08-12 00:00:00-04:00,2022-08-01 00:00:00-04:00,AMGN,0.3349599769988617,3.2416345609874896e-05,0.0001610810501508908
2022-08-12 00:00:00-04:00,2022-08-01 00:00:00-04:00,IBM,23.57740628424839,0.0022817452925046906,0.011091096287291435
2022-08-15 00:00:00-04:00,2022-08-01 00:00:00-04:00,__cash_interest__,-0.00015340909190519734,-1.4727032544558041e-08,
2022-08-15 00:00:00-04:00,2022-08-01 00:00:00-04:00,CVX,-39.060405333249506,-0.003749737733288188,-0.019017637314975744
2022-08-15 00:00:00-04:00,2022-08-01 00:00:00-04:00,UNH,3.5892432198293047,0.00034456172741981835,0.0017285433506046832
2022-08-15 00:00:00-04:00,2022-08-01 00:00:00-04:00,KO,25.85113816451354,0.0024816687742205404,0.0125589051344277
2022-08-15 00:00:00-04:00,2022-08-01 00:00:00-04:00,AMGN,22.52338051040142,0.0021622092515555026,0.010829668355239574
2022-08-15 00:00:00-04:00,2022-08-01 00:00:00-04:00,IBM,14.755596898059418,0.0014165141911301454,0.006865069602674856
2022-08-16 00:00:00-04:00,2022-08-01 00:00:00-04:00,__cash_interest__,-0.0001534310413607876,-1.4690134391280214e-08,
2022-08-16 00:00:00-04:00,2022-08-01 00:00:00-04:00,CVX,-5.139824182399649,-0.0004921084241972664,-0.0025509789752117262
2022-08-16 00:00:00-04:00,2022-08-01 00:00:00-04:00,UNH,5.65243655181822,0.0005411880923700454,0.002717459213664508
2022-08-16 00:00:00-04:00,2022-08-01 00:00:00-04:00,KO,17.12624208341036,0.0016397385795700863,0.00821701145142284
2022-08-16 00:00:00-04:00,2022-08-01 00:00:00-04:00,AMGN,17.33236938889918,0.0016594740763280268,0.008244447166497526
2022-08-16 00:00:00-04:00,2022-08-01 00:00:00-04:00,IBM,26.143174143596834,0.0025030576484259617,0.012080230017730731
2022-08-17 00:00:00-04:00,2022-08-01 00:00:00-04:00,__cash_interest__,-0.0001534529939568606,-1.4606767133437755e-08,
2022-08-17 00:00:00-04:00,2022-08-01 00:00:00-04:00,CVX,16.57520129556169,0.0015777476820177812,0.00824758345598342
2022-08-17 00:00:00-04:00,2022-08-01 00:00:00-04:00,UNH,-4.2769324773331565,-0.0004071094028924905,-0.002050600954968562
2022-08-17 00:00:00-04:00,2022-08-01 00:00:00-04:00,KO,-4.847010396022318,-0.0004613735471850963,-0.002306597111929265
2022-08-17 00:00:00-04:00,2022-08-01 00:00:00-04:00,AMGN,-5.315499271985826,-0.0005059677107745582,-0.0025077360731561305
2022-08-17 00:00:00-04:00,2022-08-01 00:00:00-04:00,IBM,19.727979168418056,0.001877851909539171,0.009007090929616268
2022-08-18 00:00:00-04:00,2022-08-01 00:00:00-04:00,__cash_interest__,-0.00015347494969386566,-1.457851718695971e-08,
2022-08-18 00:00:00-04:00,2022-08-01 00:00:00-04:00,CVX,35.52592640729948,0.003374591943144857,0.017532592121570323
2022-08-18 00:00:00-04:00,2022-08-01 00:00:00-04:00,UNH,0.8396162251101434,7.975477165905012e-05,0.00040338622436353333
2022-08-18 00:00:00-04:00,2022-08-01 00:00:00-04:00,KO,10.986834265913593,0.0010436344986292,0.005240506518352062
2022-08-18 00:00:00-04:00,2022-08-01 00:00:00-04:00,AMGN,-7.4258629300093375,-0.000705379415787977,-0.0035121669885468387
2022-08-18 00:00:00-04:00,2022-08-01 00:00:00-04:00,IBM,20.529949024570648,0.0019501307236074155,0.009289569733486491
2022-08-19 00:00:00-04:00,2022-08-01 00:00:00-04:00,__cash_interest__,-0.00015349690857225214,-1.4497348865595096e-08,
2022-08-19 00:00:00-04:00,2022-08-01 00:00:00-04:00,CVX,-17.24444083399547,-0.0016286886627744019,-0.008363758907618979
2022-08-19 00:00:00-04:00,2022-08-01 00:00:00-04:00,UNH,11.839379798760394,0.0011181959356146671,0.005685832217991349
2022-08-19 00:00:00-04:00,2022-08-01 00:00:00-04:00,KO,-1.6159475002704449,-0.00015262167087149982,-0.0007667573697905938
2022-08-19 00:00:00-04:00,2022-08-01 00:00:00-04:00,AMGN,9.787663701277024,0.0009244171532597587,0.00464552997248302
2022-08-19 00:00:00-04:00,2022-08-01 00:00:00-04:00,IBM,-11.227014112094315,-0.0010603597285177727,-0.0050333393478247945
2022-08-22 00:00:00-04:00,2022-08-01 00:00:00-04:00,__cash_interest__,-0.00015351887059246956,-1.4511018457146492e-08,
2022-08-22 00:00:00-04:00,2022-08-01 00:00:00-04:00,CVX,-10.24300611734373,-0.0009681966148644285,-0.005009881234693925
2022-08-22 00:00:00-04:00,2022-08-01 00:00:00-04:00,UNH,-14.321439547224177,-0.0013537011626039912,-0.0068389500151245786
2022-08-22 00:00:00-04:00,2022-08-01 00:00:00-04:00,KO,-31.344555297470336,-0.002962772059860059,-0.014884215549340718
2022-08-22 00:00:00-04:00,2022-08-01 00:00:00-04:00,AMGN,-33.413198604448255,-0.0031583058147200403,-0.01578561198379258
2022-08-22 00:00:00-04:00,2022-08-01 00:00:00-04:00,IBM,-45.230592400368316,-0.004275317806966784,-0.020380540159012916
2022-08-23 00:00:00-04:00,2022-08-01 00:00:00-04:00,__cash_interest__,-0.0001535408357549674,-1.4700054483756456e-08,
2022-08-23 00:00:00-04:00,2022-08-01 00:00:00-04:00,CVX,65.99568357450353,0.006318450329306395,0.0324411889317604
2022-08-23 00:00:00-04:00,2022-08-01 00:00:00-04:00,UNH,-33.49412062122877,-0.0032067390775658475,-0.01610466356002538
2022-08-23 00:00:00-04:00,2022-08-01 00:00:00-04:00,KO,2.262076868941918,0.000216572047796839,0.0010903951701464187
2022-08-23 00:00:00-04:00,2022-08-01 00:00:00-04:00,AMGN,-20.5039221529636,-0.0019630528341025694,-0.00984216419634576
2022-08-23 00:00:00-04:00,2022-08-01 00:00:00-04:00,IBM,-12.990812115290167,-0.0012437449942487415,-0.005975335740611487
2022-08-24 00:00:00-04:00,2022-08-01 00:00:00-04:00,__cash_interest__,-0.00015356280406019523,-1.470037207161799e-08,
2022-08-24 00:00:00-04:00,2022-08-01 00:00:00-04:00,CVX,15.558666996652805,0.0014894114182725131,0.007407783719444172
2022-08-24 00:00:00-04:00,2022-08-01 00:00:00-04:00,UNH,2.52098318644556,0.0002413305165521456,0.001231981322088238
2022-08-24 00:00:00-04:00,2022-08-01 00:00:00-04:00,KO,2.908206237613391,0.00027839888712346536,0.0014003237906530241
2022-08-24 00:00:00-04:00,2022-08-01 00:00:00-04:00,AMGN,0.16921703245966696,1.6198931461534555e-05,8.203389031224972e-05
2022-08-24 00:00:00-04:00,2022-08-01 00:00:00-04:00,IBM,-24.219094943978853,-0.0023184631792394906,-0.011206932597219721
2022-08-25 00:00:00-04:00,2022-08-01 00:00:00-04:00,__cash_interest__,-0.00015358477550860274,-1.4706786490285012e-08,
2022-08-25 00:00:00-04:00,2022-08-01 00:00:00-04:00,CVX,18.540516303744635,0.001775380494556555,0.008762588760530265
2022-08-25 00:00:00-04:00,2022-08-01 00:00:00-04:00,UNH,19.51520732824423,0.0018687137871556628,0.009525167699786508
2022-08-25 00:00:00-04:00,2022-08-01 00:00:00-04:00,KO,10.017154818446125,0.0009592106813136895,0.004816592711774481
2022-08-25 00:00:00-04:00,2022-08-01 00:00:00-04:00,AMGN,10.040693104818084,0.0009614646322725213,0.004867178799634608
2022-08-25 00:00:00-04:00,2022-08-01 00:00:00-04:00,IBM,12.029406873778361,0.0011518974970765627,0.005629471849276202
2022-08-26 00:00:00-04:00,2022-08-01 00:00:00-04:00,__cash_interest__,-0.00015360675010063965,-1.4610755342155439e-08,
2022-08-26 00:00:00-04:00,2022-08-01 00:00:00-04:00,CVX,-15.687951907486603,-0.001492205433612862,-0.007350009290893689
2022-08-26 00:00:00-04:00,2022-08-01 00:00:00-04:00,UNH,-47.051279629759144,-0.004475420088995751,-0.022748551569375275
2022-08-26 00:00:00-04:00,2022-08-01 00:00:00-04:00,KO,-50.40946285515812,-0.00479484350930956,-0.024122416398709157
2022-08-26 00:00:00-04:00,2022-08-01 00:00:00-04:00,AMGN,-42.44162934143875,-0.004036959718397329,-0.020473731072994106
2022-08-26 00:00:00-04:00,2022-08-01 00:00:00-04:00,IBM,-57.73971511532918,-0.0054920818943380275,-0.02686953071720044
2022-08-29 00:00:00-04:00,2022-08-01 00:00:00-04:00,__cash_interest__,-0.00015362872783675574,-1.4915504147926754e-08,
2022-08-29 00:00:00-04:00,2022-08-01 00:00:00-04:00,CVX,15.81792818147994,0.0015357308279814097,0.007465778404585066
2022-08-29 00:00:00-04:00,2022-08-01 00:00:00-04:00,UNH,1.986225372366885,0.0001928386259354789,0.0009826627944073962
2022-08-29 00:00:00-04:00,2022-08-01 00:00:00-04:00,KO,-12.279231687388043,-0.001192165903770317,-0.006021221335257065
2022-08-29 00:00:00-04:00,2022-08-01 00:00:00-04:00,AMGN,-10.716113698023221,-0.0010404059225326682,-0.005277474841993035
2022-08-29 00:00:00-04:00,2022-08-01 00:00:00-04:00,IBM,-1.12281418601782,-0.00010901177068064601,-0.0005369356807680692
2022-08-30 00:00:00-04:00,2022-08-01 00:00:00-04:00,__cash_interest__,-0.00015365070871740087,-1.4926788782687044e-08,
2022-08-30 00:00:00-04:00,2022-08-01 00:00:00-04:00,CVX,-51.99212277804052,-0.005050906966519267,-0.024357501753610178
2022-08-30 00:00:00-04:00,2022-08-01 00:00:00-04:00,UNH,-26.466682232834923,-0.002571173141769454,-0.013081240654428172
2022-08-30 00:00:00-04:00,2022-08-01 00:00:00-04:00,KO,-18.7419122154178,-0.0018207307168217532,-0.00924592114151046
2022-08-30 00:00:00-04:00,2022-08-01 00:00:00-04:00,AMGN,-2.1937417681148443,-0.00021311662204328178,-0.001086106494193051
2022-08-30 00:00:00-04:00,2022-08-01 00:00:00-04:00,IBM,-11.70856254391313,-0.0011374580794372832,-0.005602104488711679
2022-08-31 00:00:00-04:00,2022-08-01 00:00:00-04:00,__cash_interest__,-0.00015367269274302493,-1.5091816495762287e-08,
2022-08-31 00:00:00-04:00,2022-08-01 00:00:00-04:00,CVX,-33.19234528946875,-0.0032597384429926893,-0.01593831563110215
2022-08-31 00:00:00-04:00,2022-08-01 00:00:00-04:00,UNH,-13.404980921969363,-0.0013164701456872105,-0.006713271762625261
2022-08-31 00:00:00-04:00,2022-08-01 00:00:00-04:00,KO,-14.218313214059975,-0.0013963455059949473,-0.007079759317324519
2022-08-31 00:00:00-04:00,2022-08-01 00:00:00-04:00,AMGN,9.956591226409985,0.0009778122907208352,0.004934799704154447
2022-08-31 00:00:00-04:00,2022-08-01 00:00:00-04:00,IBM,-18.124180424623365,-0.0017799311004584317,-0.008720588726050194
2022-09-01 00:00:00-04:00,2022-09-01 00:00:00-04:00,__cash_interest__,-0.00015369467991407796,-1.5196930262683857e-08,
2022-09-01 00:00:00-04:00,2022-09-01 00:00:00-04:00,CVX,-32.614246285698684,-0.0032248118584901012,-0.01594333049504515
2022-09-01 00:00:00-04:00,2022-09-01 00:00:00-04:00,UNH,18.155188583695082,0.0017951378340911358,0.00899219649485139
2022-09-01 00:00:00-04:00,2022-09-01 00:00:00-04:00,KO,9.569686637760055,0.0009462257285097882,0.004699477745394143
2022-09-01 00:00:00-04:00,2022-09-01 00:00:00-04:00,AMGN,43.59438263330414,0.0043104991863963426,0.021639606657747334
2022-09-01 00:00:00-04:00,2022-09-01 00:00:00-04:00,IBM,-0.8016156627576161,-7.926167211001005e-05,0.009420245676460048
2022-09-01 00:00:00-04:00,2022-09-01 00:00:00-04:00,__costs__,-1.0441003635314816,-0.00010323792873443117,
2022-09-01 00:00:00-04:00,2022-09-01 00:00:00-04:00,MRK,35.59882977178614,0.003519919712103416,0.020969926007655237
2022-09-02 00:00:00-04:00,2022-09-01 00:00:00-04:00,__cash_interest__,-0.00014938772061362992,-1.4665995451177174e-08,
2022-09-02 00:00:00-04:00,2022-09-01 00:00:00-04:00,CVX,29.80493412166179,0.002926070673382006,0.014851492502775399
2022-09-02 00:00:00-04:00,2022-09-01 00:00:00-04:00,UNH,-29.740738699024874,-0.002919768349653442,-0.014599200534909151
2022-09-02 00:00:00-04:00,2022-09-01 00:00:00-04:00,KO,-27.868160417670502,-0.0027359297821760915,-0.013709496157153112
2022-09-02 00:00:00-04:00,2022-09-01 00:00:00-04:00,AMGN,-26.208527540619123,-0.002572996924472131,-0.012749393808591303
2022-09-02 00:00:00-04:00,2022-09-01 00:00:00-04:00,MRK,-21.688836039153728,-0.002129280568610096,-0.010556274782549613
2022-09-06 00:00:00-04:00,2022-09-01 00:00:00-04:00,__cash_interest__,-0.00014940909469973276,-1.4777922161089485e-08,
2022-09-06 00:00:00-04:00,2022-09-01 00:00:00-04:00,CVX,-9.418445411364132,-0.0009315701527228285,-0.004624434838527591
2022-09-06 00:00:00-04:00,2022-09-01 00:00:00-04:00,UNH,5.1708353022405555,0.0005114427723285123,0.0025758769783159607
2022-09-06 00:00:00-04:00,2022-09-01 00:00:00-04:00,KO,0.9831599941341267,9.724349039401084e-05,0.0004903797625248618
2022-09-06 00:00:00-04:00,2022-09-01 00:00:00-04:00,AMGN,-1.256076366370363,-0.0001242374087595522,-0.00061892147129472
2022-09-06 00:00:00-04:00,2022-09-01 00:00:00-04:00,MRK,4.478878671596054,0.0004430019505226863,0.0022031934926336483
2022-09-07 00:00:00-04:00,2022-09-01 00:00:00-04:00,__cash_interest__,-0.00014943047184399564,-1.4780097658417075e-08,
2022-09-07 00:00:00-04:00,2022-09-01 00:00:00-04:00,CVX,-25.934494052325004,-0.0025651686037314924,-0.01279293649177582
2022-09-07 00:00:00-04:00,2022-09-01 00:00:00-04:00,UNH,15.55059442066441,0.001538101977110842,0.007726701881568099
2022-09-07 00:00:00-04:00,2022-09-01 00:00:00-04:00,KO,37.04882317096762,0.0036644816672198022,0.018470125277023186
2022-09-07 00:00:00-04:00,2022-09-01 00:00:00-04:00,AMGN,21.51950137970176,0.0021284837558733388,0.010610127106213563
2022-09-07 00:00:00-04:00,2022-09-01 00:00:00-04:00,MRK,10.608927864702487,0.0010493240632680598,0.005207137626058733
2022-09-08 00:00:00-04:00,2022-09-01 00:00:00-04:00,__cash_interest__,-0.00014945185204685613,-1.4696747718146916e-08,
2022-09-08 00:00:00-04:00,2022-09-01 00:00:00-04:00,CVX,10.83801192372976,0.0010657848988006242,0.00541544107156966
2022-09-08 00:00:00-04:00,2022-09-01 00:00:00-04:00,UNH,22.665477699647077,0.0022288703893650094,0.011175559422356152
2022-09-08 00:00:00-04:00,2022-09-01 00:00:00-04:00,KO,-6.229212792374933,-0.000612566305725575,-0.003049160576817478
2022-09-08 00:00:00-04:00,2022-09-01 00:00:00-04:00,AMGN,5.526506171889364,0.0005434637701617459,0.002696220434662555
2022-09-08 00:00:00-04:00,2022-09-01 00:00:00-04:00,MRK,12.96646739019193,0.0012750922616166962,0.006331311311386756
2022-09-09 00:00:00-04:00,2022-09-01 00:00:00-04:00,__cash_interest__,-0.0001494732353087518,-1.4632992807350633e-08,
2022-09-09 00:00:00-04:00,2022-09-01 00:00:00-04:00,CVX,51.86830010795581,0.005077754962896572,0.025777492793457757
2022-09-09 00:00:00-04:00,2022-09-01 00:00:00-04:00,UNH,-5.927876470303904,-0.0005803217785019819,-0.002890526640005664
2022-09-09 00:00:00-04:00,2022-09-01 00:00:00-04:00,KO,6.5569327904196415,0.0006419045534292675,0.0032193939085762846
2022-09-09 00:00:00-04:00,2022-09-01 00:00:00-04:00,AMGN,18.756679244020017,0.0018362240698181875,0.00912622791036899
2022-09-09 00:00:00-04:00,2022-09-01 00:00:00-04:00,MRK,-1.8863562944525607,-0.00018466876716629637,-0.0009152816090918225
2022-09-12 00:00:00-04:00,2022-09-01 00:00:00-04:00,__cash_interest__,-0.0001494946216301204,-1.4536371732774422e-08,
2022-09-12 00:00:00-04:00,2022-09-01 00:00:00-04:00,CVX,32.643608481930244,0.0031741585243550948,0.015815526486634646
2022-09-12 00:00:00-04:00,2022-09-01 00:00:00-04:00,UNH,26.948262683517864,0.00262036158658127,0.013178493328934726
2022-09-12 00:00:00-04:00,2022-09-01 00:00:00-04:00,KO,5.901633507081638,0.0005738556849342275,0.002888349232074816
2022-09-12 00:00:00-04:00,2022-09-01 00:00:00-04:00,AMGN,-84.320446696467,-0.008199046524135802,-0.0406558235899428
2022-09-12 00:00:00-04:00,2022-09-01 00:00:00-04:00,MRK,19.332108198816805,0.001879791447290417,0.00938875295021524
2022-09-13 00:00:00-04:00,2022-09-01 00:00:00-04:00,__cash_interest__,-0.00014951601101139957,-1.4537737673976347e-08,
2022-09-13 00:00:00-04:00,2022-09-01 00:00:00-04:00,CVX,-39.86917909664815,-0.0038765591929794127,-0.019015508365613942
2022-09-13 00:00:00-04:00,2022-09-01 00:00:00-04:00,UNH,-67.42919543156572,-0.006556274128237998,-0.03254595384448533
2022-09-13 00:00:00-04:00,2022-09-01 00:00:00-04:00,KO,-66.55628714261874,-0.006471399527636307,-0.032479846445973015
2022-09-13 00:00:00-04:00,2022-09-01 00:00:00-04:00,AMGN,-90.09762227129738,-0.00876037013540487,-0.04528232849769853
2022-09-13 00:00:00-04:00,2022-09-01 00:00:00-04:00,MRK,-44.32186483197438,-0.004309502639817985,-0.021324961605715842
2022-09-14 00:00:00-04:00,2022-09-01 00:00:00-04:00,__cash_interest__,-0.00014953740345302721,-1.4989102874081415e-08,
2022-09-14 00:00:00-04:00,2022-09-01 00:00:00-04:00,CVX,49.803851360893546,0.004992162725417316,0.02421427293960865
2022-09-14 00:00:00-04:00,2022-09-01 00:00:00-04:00,UNH,-16.340483736658246,-0.001637912562912476,-0.008152364521125888
2022-09-14 00:00:00-04:00,2022-09-01 00:00:00-04:00,KO,10.491402032724539,0.0010516212046657114,0.00529173868737276
2022-09-14 00:00:00-04:00,2022-09-01 00:00:00-04:00,AMGN,10.55038068710788,0.0010575330173461053,0.005554034719428502
2022-09-14 00:00:00-04:00,2022-09-01 00:00:00-04:00,MRK,32.321099851991114,0.003239753262381158,0.015889778831605028
2022-09-15 00:00:00-04:00,2022-09-01 00:00:00-04:00,__cash_interest__,-0.0001495587989554412,-1.486190222865808e-08,
2022-09-15 00:00:00-04:00,2022-09-01 00:00:00-04:00,CVX,-34.19160104387984,-0.003397675264207104,-0.016230695077894652
2022-09-15 00:00:00-04:00,2022-09-01 00:00:00-04:00,UNH,51.24400546819753,0.005092200555181472,0.025776075061253456
2022-09-15 00:00:00-04:00,2022-09-01 00:00:00-04:00,KO,-27.080731860754145,-0.002691056574444304,-0.013587299354989146
2022-09-15 00:00:00-04:00,2022-09-01 00:00:00-04:00,AMGN,-3.851689800032999,-0.0003827487090228964,-0.002016444858734978
2022-09-15 00:00:00-04:00,2022-09-01 00:00:00-04:00,MRK,-4.7532282531472445,-0.0004723360582068884,-0.002300243438502547
2022-09-16 00:00:00-04:00,2022-09-01 00:00:00-04:00,__cash_interest__,-0.00014958019751907937,-1.4891602390215584e-08,
2022-09-16 00:00:00-04:00,2022-09-01 00:00:00-04:00,CVX,-53.8034054765085,-0.005356450485322527,-0.02596176286665297
2022-09-16 00:00:00-04:00,2022-09-01 00:00:00-04:00,UNH,-7.370638703141836,-0.0007337911217500711,-0.0036143173019231867
2022-09-16 00:00:00-04:00,2022-09-01 00:00:00-04:00,KO,0.33011211481875785,3.286463341811739e-05,0.00016790961052048914
2022-09-16 00:00:00-04:00,2022-09-01 00:00:00-04:00,AMGN,29.139563928933494,0.0029010176951972284,0.015286030091741454
2022-09-16 00:00:00-04:00,2022-09-01 00:00:00-04:00,MRK,23.05307585924888,0.0022950714416834707,0.011181862402245057
2022-09-19 00:00:00-04:00,2022-09-01 00:00:00-04:00,__cash_interest__,-0.00014960159914437977,-1.490657212112554e-08,
2022-09-19 00:00:00-04:00,2022-09-01 00:00:00-04:00,CVX,5.806004102352278,0.0005785206801415158,0.0028762441343570533
2022-09-19 00:00:00-04:00,2022-09-01 00:00:00-04:00,UNH,9.867353573469279,0.0009832008382852332,0.0048561754088223275
2022-09-19 00:00:00-04:00,2022-09-01 00:00:00-04:00,KO,14.861377240657763,0.0014808143290187625,0.007557884204612453
2022-09-19 00:00:00-04:00,2022-09-01 00:00:00-04:00,AMGN,-3.1822803916059756,-0.00031708813567786124,-0.0016442266920494442
2022-09-19 00:00:00-04:00,2022-09-01 00:00:00-04:00,MRK,-25.666702050357852,-0.002557476306492234,-0.01231192787000901
2022-09-20 00:00:00-04:00,2022-09-01 00:00:00-04:00,__cash_interest__,-0.0001496230038317805,-1.490620132925075e-08,
2022-09-20 00:00:00-04:00,2022-09-01 00:00:00-04:00,CVX,-8.000025560155503,-0.0007970030582523352,-0.003951777081890651
2022-09-20 00:00:00-04:00,2022-09-01 00:00:00-04:00,UNH,-2.9255301866962644,-0.00029145613201779887,-0.0014328289667699945
2022-09-20 00:00:00-04:00,2022-09-01 00:00:00-04:00,KO,-2.972134735380138,-0.00029609911316207354,-0.0015001671903023261
2022-09-20 00:00:00-04:00,2022-09-01 00:00:00-04:00,AMGN,-25.538687181929163,-0.002544293344401716,-0.013217109444987551
2022-09-20 00:00:00-04:00,2022-09-01 00:00:00-04:00,MRK,-15.210370994328807,-0.001515334183431913,-0.007387134242885951
2022-09-21 00:00:00-04:00,2022-09-01 00:00:00-04:00,__cash_interest__,-0.0001496444115817196,-1.4989942332810923e-08,
2022-09-21 00:00:00-04:00,2022-09-01 00:00:00-04:00,CVX,-16.385787933525705,-0.0016413711250893403,-0.008126209761755931
2022-09-21 00:00:00-04:00,2022-09-01 00:00:00-04:00,UNH,-41.80648972153848,-0.004187773291626673,-0.020504830739498936
2022-09-21 00:00:00-04:00,2022-09-01 00:00:00-04:00,KO,-16.512641378508626,-0.0016540780869124618,-0.008347178909598796
2022-09-21 00:00:00-04:00,2022-09-01 00:00:00-04:00,AMGN,-27.21350355378553,-0.0027259878577037514,-0.014272523431685946
2022-09-21 00:00:00-04:00,2022-09-01 00:00:00-04:00,MRK,-34.93513188567634,-0.003499466547532632,-0.017093014908942217
2022-09-22 00:00:00-04:00,2022-09-01 00:00:00-04:00,__cash_interest__,-0.0001496658223946353,-1.5200465561863837e-08,
2022-09-22 00:00:00-04:00,2022-09-01 00:00:00-04:00,CVX,-1.5486805586437942,-0.00015728818457911903,-0.0007743300806424269
2022-09-22 00:00:00-04:00,2022-09-01 00:00:00-04:00,UNH,20.981403002634977,0.0021309280146819365,0.010506176977458814
2022-09-22 00:00:00-04:00,2022-09-01 00:00:00-04:00,KO,-4.62368029873383,-0.0004695934718125139,-0.002356955151645912
2022-09-22 00:00:00-04:00,2022-09-01 00:00:00-04:00,AMGN,27.548639208261974,0.002797914279034543,0.014657489634336995
2022-09-22 00:00:00-04:00,2022-09-01 00:00:00-04:00,MRK,70.82115292752789,0.007192787764783413,0.035253874604943336
2022-09-23 00:00:00-04:00,2022-09-01 00:00:00-04:00,__cash_interest__,-0.00014968723627096584,-1.5029875998383752e-08,
2022-09-23 00:00:00-04:00,2022-09-01 00:00:00-04:00,CVX,-130.5737459310268,-0.013110718447865793,-0.06533660518405648
2022-09-23 00:00:00-04:00,2022-09-01 00:00:00-04:00,UNH,-15.01454332175209,-0.0015075882882211137,-0.007440178267360431
2022-09-23 00:00:00-04:00,2022-09-01 00:00:00-04:00,KO,-21.797249470637045,-0.0021886298712634838,-0.011137559493582083
2022-09-23 00:00:00-04:00,2022-09-01 00:00:00-04:00,AMGN,-6.531338534968126,-0.0006558021293568167,-0.0034248548784879818
2022-09-23 00:00:00-04:00,2022-09-01 00:00:00-04:00,MRK,-17.348958449926435,-0.0017419834897044147,-0.008342004219788035
2022-09-26 00:00:00-04:00,2022-09-01 00:00:00-04:00,__cash_interest__,-0.0001497086532111495,-1.532636525986656e-08,
2022-09-26 00:00:00-04:00,2022-09-01 00:00:00-04:00,CVX,-49.15862512784982,-0.00503259516548887,-0.026317534173549317
2022-09-26 00:00:00-04:00,2022-09-01 00:00:00-04:00,UNH,-20.474621265108187,-0.0020960814043520432,-0.01022187109419792
2022-09-26 00:00:00-04:00,2022-09-01 00:00:00-04:00,KO,-24.108456412622594,-0.0024680938670277753,-0.01245724096808043
2022-09-26 00:00:00-04:00,2022-09-01 00:00:00-04:00,AMGN,-0.8373363608843601,-8.572198491546772e-05,-0.0004405851732998123
2022-09-26 00:00:00-04:00,2022-09-01 00:00:00-04:00,MRK,-14.259481838153603,-0.0014598089180572456,-0.006914150438437683
2022-09-27 00:00:00-04:00,2022-09-01 00:00:00-04:00,__cash_interest__,-0.00014973007321562466,-1.550127827578991e-08,
2022-09-27 00:00:00-04:00,2022-09-01 00:00:00-04:00,CVX,0.7741109470904971,8.014227836451013e-05,0.0004256291143176494
2022-09-27 00:00:00-04:00,2022-09-01 00:00:00-04:00,UNH,0.038983210578983817,4.035859879653664e-06,1.9663203493003323e-05
2022-09-27 00:00:00-04:00,2022-09-01 00:00:00-04:00,KO,-49.207952733458534,-0.005094408573518677,-0.025747309198011825
2022-09-27 00:00:00-04:00,2022-09-01 00:00:00-04:00,AMGN,-7.368674895852486,-0.0007628653191129082,-0.0038789189872615593
2022-09-27 00:00:00-04:00,2022-09-01 00:00:00-04:00,MRK,-8.080122772031682,-0.0008365202053393487,-0.003945174762651993
2022-09-28 00:00:00-04:00,2022-09-01 00:00:00-04:00,__cash_interest__,-0.00014975149628482977,-1.5606650373938477e-08,
2022-09-28 00:00:00-04:00,2022-09-01 00:00:00-04:00,CVX,61.41620356394521,0.006400611947770073,0.03375408007245784
2022-09-28 00:00:00-04:00,2022-09-01 00:00:00-04:00,UNH,21.7224674450512,0.002263850199061536,0.010956637299873728
2022-09-28 00:00:00-04:00,2022-09-01 00:00:00-04:00,KO,19.815310366961764,0.002065092026593518,0.010642062783190243
2022-09-28 00:00:00-04:00,2022-09-01 00:00:00-04:00,AMGN,41.78321369320845,0.004354520814731399,0.02208060771545939
2022-09-28 00:00:00-04:00,2022-09-01 00:00:00-04:00,MRK,22.339604610185283,0.0023281663775836657,0.01095066580326609
2022-09-29 00:00:00-04:00,2022-09-01 00:00:00-04:00,__cash_interest__,-0.00014977292241920333,-1.534174933818066e-08,
2022-09-29 00:00:00-04:00,2022-09-01 00:00:00-04:00,CVX,-13.031574717070185,-0.0013348684766361306,-0.006928240756122417
2022-09-29 00:00:00-04:00,2022-09-01 00:00:00-04:00,UNH,-19.928345061781705,-0.0020413280967229424,-0.009942757261518609
2022-09-29 00:00:00-04:00,2022-09-01 00:00:00-04:00,KO,-13.540365930377073,-0.0013869856893735262,-0.007195450162233552
2022-09-29 00:00:00-04:00,2022-09-01 00:00:00-04:00,AMGN,-21.51964502978941,-0.0022043303593261786,-0.011126514469274262
2022-09-29 00:00:00-04:00,2022-09-01 00:00:00-04:00,MRK,-3.3273003614606966,-0.0003408266814444084,-0.0016133444057870872
2022-09-30 00:00:00-04:00,2022-09-01 00:00:00-04:00,__cash_interest__,-0.00014979435161918385,-1.5456908976465677e-08,
2022-09-30 00:00:00-04:00,2022-09-01 00:00:00-04:00,CVX,-14.192913136879481,-0.0014645316335114382,-0.007598309606929754
2022-09-30 00:00:00-04:00,2022-09-01 00:00:00-04:00,UNH,-14.780771872083363,-0.0015251913236990018,-0.007448561558020317
2022-09-30 00:00:00-04:00,2022-09-01 00:00:00-04:00,KO,-18.16390551635949,-0.0018742885241577784,-0.00972239011801157
2022-09-30 00:00:00-04:00,2022-09-01 00:00:00-04:00,AMGN,-25.203838827628005,-0.0026007218456845045,-0.013178014925414594
2022-09-30 00:00:00-04:00,2022-09-01 00:00:00-04:00,MRK,-12.357703525803194,-0.0012751608888570832,-0.006001697256607708
2022-10-03 00:00:00-04:00,2022-10-03 00:00:00-04:00,__cash_interest__,-0.00014981578388520997,-1.5595423108310187e-08,
2022-10-03 00:00:00-04:00,2022-10-03 00:00:00-04:00,CVX,158.53978119267992,0.016503567935760403,0.05610106739614085
2022-10-03 00:00:00-04:00,2022-10-03 00:00:00-04:00,UNH,7.955776183058088,0.0008281750594775392,0.02073108172957583
2022-10-03 00:00:00-04:00,2022-10-03 00:00:00-04:00,KO,11.228209819740881,0.001168826663964272,0.011245740797079407
2022-10-03 00:00:00-04:00,2022-10-03 00:00:00-04:00,AMGN,24.03170066237031,0.0025016358765581467,0.02236026990970741
2022-10-03 00:00:00-04:00,2022-10-03 00:00:00-04:00,MRK,60.833276468877116,0.006332581661247828,0.016604792513710054
2022-10-03 00:00:00-04:00,2022-10-03 00:00:00-04:00,__costs__,-2.6771695532697706,-0.00027868620270290236,
2022-10-04 00:00:00-04:00,2022-10-03 00:00:00-04:00,__cash_interest__,-0.0003830438827801299,-3.882343532443061e-08,
2022-10-04 00:00:00-04:00,2022-10-03 00:00:00-04:00,CVX,192.72341927914977,0.01953349352450572,0.03888467368144344
2022-10-04 00:00:00-04:00,2022-10-03 00:00:00-04:00,MRK,47.13557734249914,0.004777429220783631,0.009594636623581954
2022-10-05 00:00:00-04:00,2022-10-03 00:00:00-04:00,__cash_interest__,-0.0003830986879066697,-3.7907427042652434e-08,
2022-10-05 00:00:00-04:00,2022-10-03 00:00:00-04:00,CVX,29.39786772884479,0.002908904575554744,0.005709426134679951
2022-10-05 00:00:00-04:00,2022-10-03 00:00:00-04:00,MRK,0.0,0.0,0.0
2022-10-06 00:00:00-04:00,2022-10-03 00:00:00-04:00,__cash_interest__,-0.0003831535008746136,-3.780288720037767e-08,
2022-10-06 00:00:00-04:00,2022-10-03 00:00:00-04:00,CVX,94.4030710413354,0.009314044208910143,0.018230149456348155
2022-10-06 00:00:00-04:00,2022-10-03 00:00:00-04:00,MRK,-53.30763141223022,-0.005259464868768912,-0.010747861266315772
2022-10-07 00:00:00-04:00,2022-10-03 00:00:00-04:00,__cash_interest__,-0.0003832083216850836,-3.765561968517009e-08,
2022-10-07 00:00:00-04:00,2022-10-03 00:00:00-04:00,CVX,-45.40546363578439,-0.00446172688207692,-0.008611251411213439
2022-10-07 00:00:00-04:00,2022-10-03 00:00:00-04:00,MRK,8.977315409451268,0.0008821477920041539,0.001829667407146296
2022-10-10 00:00:00-04:00,2022-10-03 00:00:00-04:00,__cash_interest__,-0.00038326315033920176,-3.779630365484374e-08,
2022-10-10 00:00:00-04:00,2022-10-03 00:00:00-04:00,CVX,-94.40132925512087,-0.009309586123240923,-0.01805894096063343
2022-10-10 00:00:00-04:00,2022-10-03 00:00:00-04:00,MRK,161.6055719181761,0.015937074209008063,0.03287669176625996
2022-10-11 00:00:00-04:00,2022-10-03 00:00:00-04:00,__cash_interest__,-0.0003833179868380904,-3.755283194485753e-08,
2022-10-11 00:00:00-04:00,2022-10-03 00:00:00-04:00,CVX,0.9800450433757951,9.601288767027583e-05,0.00019093026927952117
2022-10-11 00:00:00-04:00,2022-10-03 00:00:00-04:00,MRK,31.985728740970128,0.0031335724836486895,0.006299985533219754
2022-10-12 00:00:00-04:00,2022-10-03 00:00:00-04:00,__cash_interest__,-0.00038337283118287187,-3.743729937784995e-08,
2022-10-12 00:00:00-04:00,2022-10-03 00:00:00-04:00,CVX,15.352684290276155,0.0014992273611442112,0.0029904060022083456
2022-10-12 00:00:00-04:00,2022-10-03 00:00:00-04:00,MRK,-35.35347971567435,-0.0034523542006895825,-0.006919711725567268
2022-10-13 00:00:00-04:00,2022-10-03 00:00:00-04:00,__cash_interest__,-0.0003834276833746688,-3.7515930604687054e-08,
2022-10-13 00:00:00-04:00,2022-10-03 00:00:00-04:00,CVX,249.5608064363023,0.024417918428611275,0.04846468986831187
2022-10-13 00:00:00-04:00,2022-10-03 00:00:00-04:00,MRK,116.15506786889574,0.011365025673678567,0.022893365246218433
2022-10-14 00:00:00-04:00,2022-10-03 00:00:00-04:00,__cash_interest__,-0.00038348254341460383,-3.622506035565614e-08,
2022-10-14 00:00:00-04:00,2022-10-03 00:00:00-04:00,CVX,-167.89890155425707,-0.015860299111126918,-0.031098762207235287
2022-10-14 00:00:00-04:00,2022-10-03 00:00:00-04:00,MRK,-17.395015917998492,-0.0016431921409153193,-0.0033517062027244027
2022-10-17 00:00:00-04:00,2022-10-03 00:00:00-04:00,__cash_interest__,-0.0003835374113038,-3.687569815832299e-08,
2022-10-17 00:00:00-04:00,2022-10-03 00:00:00-04:00,CVX,38.2176925238221,0.0036744892474120374,0.007306008952344456
2022-10-17 00:00:00-04:00,2022-10-03 00:00:00-04:00,MRK,108.85899277388992,0.010466388000333402,0.02104570587661536
2022-10-18 00:00:00-04:00,2022-10-03 00:00:00-04:00,__cash_interest__,-0.0003835922870433802,-3.6366718298633265e-08,
2022-10-18 00:00:00-04:00,2022-10-03 00:00:00-04:00,CVX,46.05979465704299,0.004366729034351377,0.008741305743839689
2022-10-18 00:00:00-04:00,2022-10-03 00:00:00-04:00,MRK,27.495394108031167,0.0026067188674301738,0.005206117321664205
2022-10-19 00:00:00-04:00,2022-10-03 00:00:00-04:00,__cash_interest__,-0.0003836471706344677,-3.6120041658326916e-08,
2022-10-19 00:00:00-04:00,2022-10-03 00:00:00-04:00,CVX,172.47050977199464,0.016237945890477633,0.03244810627443506
2022-10-19 00:00:00-04:00,2022-10-03 00:00:00-04:00,MRK,-75.75211774172506,-0.007131994858746316,-0.014269003926850488
2022-10-20 00:00:00-04:00,2022-10-03 00:00:00-04:00,__cash_interest__,-0.000383702062078186,-3.579922494294927e-08,
2022-10-20 00:00:00-04:00,2022-10-03 00:00:00-04:00,CVX,31.35911900640607,0.0029257913007887113,0.005714393326563538
2022-10-20 00:00:00-04:00,2022-10-03 00:00:00-04:00,MRK,-17.95606818594253,-0.0016752928576873462,-0.0034312448642797033
2022-10-21 00:00:00-04:00,2022-10-03 00:00:00-04:00,__cash_interest__,-0.00038375696137565846,-3.5759630939365936e-08,
2022-10-21 00:00:00-04:00,2022-10-03 00:00:00-04:00,CVX,138.1741586124854,0.012875484785025449,0.02503562511584878
2022-10-21 00:00:00-04:00,2022-10-03 00:00:00-04:00,MRK,153.1864340425889,0.014274373881437456,0.02937335171493305
2022-10-24 00:00:00-04:00,2022-10-03 00:00:00-04:00,__cash_interest__,-0.00038381186852800886,-3.4819406629686e-08,
2022-10-24 00:00:00-04:00,2022-10-03 00:00:00-04:00,CVX,-1.9600900867515902,-0.00017781934160391815,-0.00034647243137542194
2022-10-24 00:00:00-04:00,2022-10-03 00:00:00-04:00,MRK,95.39373834323303,0.008654118430567782,0.01776970206937012
2022-10-25 00:00:00-04:00,2022-10-03 00:00:00-04:00,__cash_interest__,-0.00038386678353636113,-3.453168879844363e-08,
2022-10-25 00:00:00-04:00,2022-10-03 00:00:00-04:00,CVX,58.79631605309443,0.005289168470728263,0.010396646183555402
2022-10-25 00:00:00-04:00,2022-10-03 00:00:00-04:00,MRK,19.0796100888706,0.0017163536576800904,0.0034920484035685373
2022-10-26 00:00:00-04:00,2022-10-03 00:00:00-04:00,__cash_interest__,-0.00038392170640183916,-3.4296366749184776e-08,
2022-10-26 00:00:00-04:00,2022-10-03 00:00:00-04:00,CVX,70.55685657360397,0.006302961748104895,0.012347825309440008
2022-10-26 00:00:00-04:00,2022-10-03 00:00:00-04:00,MRK,39.279408224242616,0.0035088950889886855,0.0071641019958677
2022-10-27 00:00:00-04:00,2022-10-03 00:00:00-04:00,__cash_interest__,-0.0003839766371255672,-3.3967985952179086e-08,
2022-10-27 00:00:00-04:00,2022-10-03 00:00:00-04:00,CVX,26.457732598717406,0.0023405483624407268,0.004573767890463154
2022-10-27 00:00:00-04:00,2022-10-03 00:00:00-04:00,MRK,74.62905496114365,0.006601960758658185,0.01351464145446779
2022-10-28 00:00:00-04:00,2022-10-03 00:00:00-04:00,__cash_interest__,-0.0003840315757086696,-3.367173734677115e-08,
2022-10-28 00:00:00-04:00,2022-10-03 00:00:00-04:00,CVX,67.94417725180831,0.005957318708607703,0.01169208352278961
2022-10-28 00:00:00-04:00,2022-10-03 00:00:00-04:00,MRK,57.796528678129185,0.005067576877275924,0.010326860589864761
2022-10-31 00:00:00-04:00,2022-10-03 00:00:00-04:00,__cash_interest__,-0.0003840865221522708,-3.330932432813984e-08,
2022-10-31 00:00:00-04:00,2022-10-03 00:00:00-04:00,CVX,30.052198750103393,0.0026062316098247767,0.005111725989918492
2022-10-31 00:00:00-04:00,2022-10-03 00:00:00-04:00,MRK,24.128601378020274,0.0020925165621048527,0.004267139181437951
2022-11-01 00:00:00-04:00,2022-11-01 00:00:00-04:00,__cash_interest__,-0.00038414147645749553,-3.315828881291084e-08,
2022-11-01 00:00:00-04:00,2022-11-01 00:00:00-04:00,CVX,76.10425772523936,0.006569160354192855,0.007296838822542728
2022-11-01 00:00:00-04:00,2022-11-01 00:00:00-04:00,MRK,-51.4671895666131,-0.0044425401593608345,-0.014229199055228459
2022-11-01 00:00:00-04:00,2022-11-01 00:00:00-04:00,__costs__,-3.7289320240898847,-0.0003218736132289679,
2022-11-01 00:00:00-04:00,2022-11-01 00:00:00-04:00,AMGN,21.262563942131692,0.0018353400486661503,0.006325179203469311
2022-11-01 00:00:00-04:00,2022-11-01 00:00:00-04:00,UNH,-32.2875748780816,-0.0027869959337608104,-0.014122306580436672
2022-11-01 00:00:00-04:00,2022-11-01 00:00:00-04:00,TRV,-25.34652071122871,-0.002187858655347105,-0.00910757829658937
2022-11-02 00:00:00-04:00,2022-11-01 00:00:00-04:00,__cash_interest__,-0.0005335278818584435,-4.611456465670588e-08,
2022-11-02 00:00:00-04:00,2022-11-01 00:00:00-04:00,CVX,-47.14492103264635,-0.004074890147488281,-0.020414925536190176
2022-11-02 00:00:00-04:00,2022-11-01 00:00:00-04:00,MRK,-8.334930540307445,-0.0007204153829248978,-0.0036087549217783677
2022-11-02 00:00:00-04:00,2022-11-01 00:00:00-04:00,AMGN,-26.36247993484002,-0.002278595602598407,-0.011210875722958868
2022-11-02 00:00:00-04:00,2022-11-01 00:00:00-04:00,UNH,-16.291211794347145,-0.0014081028661700515,-0.007089425772740299
2022-11-02 00:00:00-04:00,2022-11-01 00:00:00-04:00,TRV,-5.926841914208691,-0.0005122763850894061,-0.00257140918772647
2022-11-03 00:00:00-04:00,2022-11-01 00:00:00-04:00,__cash_interest__,-0.0005336042179243416,-4.6539756397458207e-08,
2022-11-03 00:00:00-04:00,2022-11-01 00:00:00-04:00,CVX,33.33119989813156,0.0029070720799923865,0.014734034295869725
2022-11-03 00:00:00-04:00,2022-11-01 00:00:00-04:00,MRK,-15.048658477359398,-0.0013125100516805756,-0.006539179931430716
2022-11-03 00:00:00-04:00,2022-11-01 00:00:00-04:00,AMGN,-27.05376715750661,-0.0023595685544645266,-0.011635293504677402
2022-11-03 00:00:00-04:00,2022-11-01 00:00:00-04:00,UNH,0.7566907421773188,6.599685989389515e-05,0.00033163927320645215
2022-11-03 00:00:00-04:00,2022-11-01 00:00:00-04:00,TRV,-6.179346421796281,-0.0005389486580233141,-0.0026878719670585527
2022-11-04 00:00:00-04:00,2022-11-01 00:00:00-04:00,__cash_interest__,-0.000533680564912246,-4.6604111326056245e-08,
2022-11-04 00:00:00-04:00,2022-11-01 00:00:00-04:00,CVX,29.021563984858822,0.002534332872003729,0.012642684911913227
2022-11-04 00:00:00-04:00,2022-11-01 00:00:00-04:00,MRK,10.418514912739209,0.0009098057166936822,0.004557016225253507
2022-11-04 00:00:00-04:00,2022-11-01 00:00:00-04:00,AMGN,27.31296279569219,0.0023851278132719254,0.011885054552127405
2022-11-04 00:00:00-04:00,2022-11-01 00:00:00-04:00,UNH,-22.84135473276914,-0.001994640818480906,-0.010007495131058697
2022-11-04 00:00:00-04:00,2022-11-01 00:00:00-04:00,TRV,15.63753814064905,0.0013655613793844869,0.0068202974614945955
2022-11-07 00:00:00-05:00,2022-11-01 00:00:00-04:00,__cash_interest__,-0.0005337569228237196,-4.6369650654130284e-08,
2022-11-07 00:00:00-05:00,2022-11-01 00:00:00-04:00,CVX,27.755163550799693,0.002411204768811739,0.011940047713676849
2022-11-07 00:00:00-05:00,2022-11-01 00:00:00-04:00,MRK,20.141776861736243,0.001749798675567922,0.008769966739387458
2022-11-07 00:00:00-05:00,2022-11-01 00:00:00-04:00,AMGN,68.97376835252584,0.005992033837960746,0.02966095561515103
2022-11-07 00:00:00-05:00,2022-11-01 00:00:00-04:00,UNH,28.760990855287066,0.0024985851075635577,0.012728448399758951
2022-11-07 00:00:00-05:00,2022-11-01 00:00:00-04:00,TRV,13.492281298816257,0.0011721297534533122,0.005844782564401463
2022-11-08 00:00:00-05:00,2022-11-01 00:00:00-04:00,__cash_interest__,-0.0005338332916603253,-4.574393443725222e-08,
2022-11-08 00:00:00-05:00,2022-11-01 00:00:00-04:00,CVX,-3.422119422665657,-0.00029323987273253727,-0.0014547978451525667
2022-11-08 00:00:00-05:00,2022-11-01 00:00:00-04:00,MRK,33.10783938429786,0.002836995852102184,0.014290218249659592
2022-11-08 00:00:00-05:00,2022-11-01 00:00:00-04:00,AMGN,132.8490339456849,0.011383773911819807,0.055483690534963825
2022-11-08 00:00:00-05:00,2022-11-01 00:00:00-04:00,UNH,33.71477640145609,0.002889004011866962,0.014733261466307379
2022-11-08 00:00:00-05:00,2022-11-01 00:00:00-04:00,TRV,9.709871048310989,0.0008320344788663582,0.0041818212672104504
2022-11-09 00:00:00-05:00,2022-11-01 00:00:00-04:00,__cash_interest__,-0.0005339096714236262,-4.495705380300467e-08,
2022-11-09 00:00:00-05:00,2022-11-01 00:00:00-04:00,CVX,-93.90960657388541,-0.007907515936363955,-0.0399806434833444
2022-11-09 00:00:00-05:00,2022-11-01 00:00:00-04:00,MRK,2.0831890053781716,0.00017541176946072817,0.0008864912628705479
2022-11-09 00:00:00-05:00,2022-11-01 00:00:00-04:00,AMGN,-23.683482454806303,-0.0019942317061314952,-0.009371324474658382
2022-11-09 00:00:00-05:00,2022-11-01 00:00:00-04:00,UNH,-52.021215677015604,-0.0043803675364285765,-0.022403053358031277
2022-11-09 00:00:00-05:00,2022-11-01 00:00:00-04:00,TRV,-34.6783171813573,-0.002920035082269446,-0.014872968703867895
2022-11-10 00:00:00-05:00,2022-11-01 00:00:00-04:00,__cash_interest__,-0.0005339860621151856,-4.5742330928444314e-08,
2022-11-10 00:00:00-05:00,2022-11-01 00:00:00-04:00,CVX,42.709140643551294,0.0036585517555426045,0.01894002735900502
2022-11-10 00:00:00-05:00,2022-11-01 00:00:00-04:00,MRK,6.945610713983874,0.0005949751244830548,0.0029530540470665834
2022-11-10 00:00:00-05:00,2022-11-01 00:00:00-04:00,AMGN,11.755441535512986,0.0010069950043217109,0.004695517503741087
2022-11-10 00:00:00-05:00,2022-11-01 00:00:00-04:00,UNH,14.737236789544733,0.001262421643606096,0.0064920662256464645
2022-11-10 00:00:00-05:00,2022-11-01 00:00:00-04:00,TRV,14.502299329166615,0.0012422964234504695,0.006313704886230509
2022-11-11 00:00:00-05:00,2022-11-01 00:00:00-04:00,__cash_interest__,-0.0005340624637365671,-4.5396364063213e-08,
2022-11-11 00:00:00-05:00,2022-11-01 00:00:00-04:00,CVX,65.39464781424874,0.005558674202996542,0.02846120943326702
2022-11-11 00:00:00-05:00,2022-11-01 00:00:00-04:00,MRK,-90.98720382789855,-0.007734092003332524,-0.03857097975552981
2022-11-11 00:00:00-05:00,2022-11-01 00:00:00-04:00,AMGN,-51.7738838837977,-0.004400882371157868,-0.02058357464228111
2022-11-11 00:00:00-05:00,2022-11-01 00:00:00-04:00,UNH,-92.74780030876583,-0.007883746180963113,-0.04059384062093074
2022-11-11 00:00:00-05:00,2022-11-01 00:00:00-04:00,TRV,-19.798705152535703,-0.001682929035671866,-0.008565462425462855
2022-11-14 00:00:00-05:00,2022-11-01 00:00:00-04:00,__cash_interest__,-0.0005341388762893346,-4.614782457232492e-08,
2022-11-14 00:00:00-05:00,2022-11-01 00:00:00-04:00,CVX,1.1407064742218858,9.855325009593946e-05,0.00048272204904442617
2022-11-14 00:00:00-05:00,2022-11-01 00:00:00-04:00,MRK,55.333398301992666,0.00478062180302289,0.024397788841704404
2022-11-14 00:00:00-05:00,2022-11-01 00:00:00-04:00,AMGN,2.419801841848135,0.00020906284087231902,0.0009822509853207873
2022-11-14 00:00:00-05:00,2022-11-01 00:00:00-04:00,UNH,-34.97441398172363,-0.003021673187619048,-0.01595528139494229
2022-11-14 00:00:00-05:00,2022-11-01 00:00:00-04:00,TRV,12.232234295266425,0.0010568244092380118,0.00533771981467468
2022-11-15 00:00:00-05:00,2022-11-01 00:00:00-04:00,__cash_interest__,-0.0005342152997750521,-4.601072004871523e-08,
2022-11-15 00:00:00-05:00,2022-11-01 00:00:00-04:00,CVX,19.009747248431903,0.0016372652734070597,0.0080406281772325
2022-11-15 00:00:00-05:00,2022-11-01 00:00:00-04:00,MRK,-17.36432331024988,-0.001495548740366867,-0.007473987309562835
2022-11-15 00:00:00-05:00,2022-11-01 00:00:00-04:00,AMGN,-14.693189809959659,-0.0012654902307241268,-0.005958437418578044
2022-11-15 00:00:00-05:00,2022-11-01 00:00:00-04:00,UNH,-45.093346590698225,-0.0038837849588320528,-0.020905071362181005
2022-11-15 00:00:00-05:00,2022-11-01 00:00:00-04:00,TRV,-40.35265458797841,-0.0034754801935694855,-0.01751499891967845
2022-11-16 00:00:00-05:00,2022-11-01 00:00:00-04:00,__cash_interest__,-0.000534291734195284,-4.641101171826265e-08,
2022-11-16 00:00:00-05:00,2022-11-01 00:00:00-04:00,CVX,-38.779965479678395,-0.003368604298215365,-0.016272078052439465
2022-11-16 00:00:00-05:00,2022-11-01 00:00:00-04:00,MRK,7.640468310672456,0.0006636858510149187,0.0033133901253259435
2022-11-16 00:00:00-05:00,2022-11-01 00:00:00-04:00,AMGN,18.362557809124677,0.001595055343575785,0.0074910884684142864
2022-11-16 00:00:00-05:00,2022-11-01 00:00:00-04:00,UNH,35.73014148782252,0.0031036827058238074,0.016918003939153214
2022-11-16 00:00:00-05:00,2022-11-01 00:00:00-04:00,TRV,20.680407983768838,0.0017963943588210948,0.009136317387939297
2022-11-17 00:00:00-05:00,2022-11-01 00:00:00-04:00,__cash_interest__,-0.0005343681795515946,-4.624238572004133e-08,
2022-11-17 00:00:00-05:00,2022-11-01 00:00:00-04:00,CVX,6.640830878067814,0.0005746746807095809,0.0028325854651787274
2022-11-17 00:00:00-05:00,2022-11-01 00:00:00-04:00,MRK,55.10151552506074,0.004768295778402887,0.02381658725981417
2022-11-17 00:00:00-05:00,2022-11-01 00:00:00-04:00,AMGN,30.721652344096192,0.0026585462084303267,0.012439848945763554
2022-11-17 00:00:00-05:00,2022-11-01 00:00:00-04:00,UNH,15.913072830989575,0.0013770626320961181,0.007409390768333468
2022-11-17 00:00:00-05:00,2022-11-01 00:00:00-04:00,TRV,22.5729540234817,0.0019533858615430814,0.009882131685110318
2022-11-18 00:00:00-05:00,2022-11-01 00:00:00-04:00,__cash_interest__,-0.0005344446358455487,-4.5730784443544804e-08,
2022-11-18 00:00:00-05:00,2022-11-01 00:00:00-04:00,CVX,-14.048665220733875,-0.0012021010930579753,-0.0059754033782917215
2022-11-18 00:00:00-05:00,2022-11-01 00:00:00-04:00,MRK,44.452106253023594,0.0038036300727434897,0.018766624693210998
2022-11-18 00:00:00-05:00,2022-11-01 00:00:00-04:00,AMGN,-0.08689281692033868,-7.435151208861192e-06,-3.4752430446260973e-05
2022-11-18 00:00:00-05:00,2022-11-01 00:00:00-04:00,UNH,61.67793257350182,0.0052775910735446754,0.02850704901124579
2022-11-18 00:00:00-05:00,2022-11-01 00:00:00-04:00,TRV,20.554362024507387,0.0017587735680613613,0.008910366201777986
2022-11-21 00:00:00-05:00,2022-11-01 00:00:00-04:00,__cash_interest__,-0.0005345211030787112,-4.5301059608049866e-08,
2022-11-21 00:00:00-05:00,2022-11-01 00:00:00-04:00,CVX,-22.349422245827967,-0.0018941300980115639,-0.00956315807736352
2022-11-21 00:00:00-05:00,2022-11-01 00:00:00-04:00,MRK,31.949611600799024,0.002707753260339859,0.013239899825027157
2022-11-21 00:00:00-05:00,2022-11-01 00:00:00-04:00,AMGN,7.571241010157838,0.0006416682864952582,0.0030281924359951695
2022-11-21 00:00:00-05:00,2022-11-01 00:00:00-04:00,UNH,-53.78476333145178,-0.004558298551075471,-0.024169877203051082
2022-11-21 00:00:00-05:00,2022-11-01 00:00:00-04:00,TRV,12.483913624724643,0.0010580209312561395,0.005364011775563782
2022-11-22 00:00:00-05:00,2022-11-01 00:00:00-04:00,__cash_interest__,-0.0005345975812526472,-4.540038640901718e-08,
2022-11-22 00:00:00-05:00,2022-11-01 00:00:00-04:00,CVX,59.386341379232874,0.005043350251823887,0.02565634682123452
2022-11-22 00:00:00-05:00,2022-11-01 00:00:00-04:00,MRK,29.866027228367262,0.002536354866202246,0.012214741757414105
2022-11-22 00:00:00-05:00,2022-11-01 00:00:00-04:00,AMGN,-9.66052392894209,-0.0008204143353208558,-0.0038521566519266193
2022-11-22 00:00:00-05:00,2022-11-01 00:00:00-04:00,UNH,24.7725054648507,0.0021037905143311804,0.011408036307802627
2022-11-22 00:00:00-05:00,2022-11-01 00:00:00-04:00,TRV,19.924544817264813,0.0016920802963754972,0.008515380152127605
2022-11-23 00:00:00-05:00,2022-11-01 00:00:00-04:00,__cash_interest__,-0.0005346740703689222,-4.493261324871142e-08,
2022-11-23 00:00:00-05:00,2022-11-01 00:00:00-04:00,CVX,-21.072885202104544,-0.001770910267197602,-0.008876267394352988
2022-11-23 00:00:00-05:00,2022-11-01 00:00:00-04:00,MRK,-1.8518992790266382,-0.0001556287815166659,-0.0007482582906467306
2022-11-23 00:00:00-05:00,2022-11-01 00:00:00-04:00,AMGN,-31.765107553427974,-0.0026694567243873996,-0.01271539307957159
2022-11-23 00:00:00-05:00,2022-11-01 00:00:00-04:00,UNH,27.794589858321924,0.0023357847812758396,0.012655369553732587
2022-11-23 00:00:00-05:00,2022-11-01 00:00:00-04:00,TRV,11.096995483783987,0.0009325625346886939,0.0047026051586334106
2022-11-25 00:00:00-05:00,2022-11-01 00:00:00-04:00,__cash_interest__,-0.0005347505704291018,-4.4998786705741766e-08,
2022-11-25 00:00:00-05:00,2022-11-01 00:00:00-04:00,CVX,-6.896048183615483,-0.0005802963446640643,-0.0029307500916637697
2022-11-25 00:00:00-05:00,2022-11-01 00:00:00-04:00,MRK,15.743318390521184,0.0013247862937802502,0.006365837373514038
2022-11-25 00:00:00-05:00,2022-11-01 00:00:00-04:00,AMGN,2.9591007755328986,0.00024900570845983605,0.0011997668282388574
2022-11-25 00:00:00-05:00,2022-11-01 00:00:00-04:00,UNH,33.21127914274963,0.0027946997142429043,0.014932705317273642
2022-11-25 00:00:00-05:00,2022-11-01 00:00:00-04:00,TRV,11.349499991371577,0.0009550503684712926,0.004787097876730373
2022-11-28 00:00:00-05:00,2022-11-01 00:00:00-04:00,__cash_interest__,-0.0005348270814347517,-4.479276396781136e-08,
2022-11-28 00:00:00-05:00,2022-11-01 00:00:00-04:00,CVX,-68.19910982137009,-0.005711802440610258,-0.029069119907335184
2022-11-28 00:00:00-05:00,2022-11-01 00:00:00-04:00,MRK,21.994664558396863,0.001842094112871975,0.008837322792067281
2022-11-28 00:00:00-05:00,2022-11-01 00:00:00-04:00,AMGN,-9.747268464604886,-0.0008163518842289651,-0.00394729225419177
2022-11-28 00:00:00-05:00,2022-11-01 00:00:00-04:00,UNH,-22.46266534879533,-0.001881290050528743,-0.009951233833512263
2022-11-28 00:00:00-05:00,2022-11-01 00:00:00-04:00,TRV,-32.66096294957705,-0.002735416464770619,-0.013710412247628811
2022-11-29 00:00:00-05:00,2022-11-01 00:00:00-04:00,__cash_interest__,-0.0005349036033874382,-4.5219844514321655e-08,
2022-11-29 00:00:00-05:00,2022-11-01 00:00:00-04:00,CVX,34.099329652692504,0.0028826995652532273,0.014969617547379466
2022-11-29 00:00:00-05:00,2022-11-01 00:00:00-04:00,MRK,9.028799719362047,0.0007632794336679372,0.003595938486170791
2022-11-29 00:00:00-05:00,2022-11-01 00:00:00-04:00,AMGN,-5.483144341433931,-0.00046353573428749837,-0.002229275344442616
2022-11-29 00:00:00-05:00,2022-11-01 00:00:00-04:00,UNH,-17.928300312201948,-0.0015156281382098379,-0.008022286647247245
2022-11-29 00:00:00-05:00,2022-11-01 00:00:00-04:00,TRV,11.223454032110125,0.000948811791566957,0.004776872089580664
2022-11-30 00:00:00-05:00,2022-11-01 00:00:00-04:00,__cash_interest__,-0.0005349801362887273,-4.5108329953890096e-08,
2022-11-30 00:00:00-05:00,2022-11-01 00:00:00-04:00,CVX,29.118424921650966,0.002455200539248666,0.012594464328252952
2022-11-30 00:00:00-05:00,2022-11-01 00:00:00-04:00,MRK,29.634737502015728,0.0024987348625901003,0.011760463113245967
2022-11-30 00:00:00-05:00,2022-11-01 00:00:00-04:00,AMGN,38.380082733689456,0.0032361228355486213,0.01563900733966861
2022-11-30 00:00:00-05:00,2022-11-01 00:00:00-04:00,UNH,82.96531230146856,0.006995449789938375,0.03742430077139902
2022-11-30 00:00:00-05:00,2022-11-01 00:00:00-04:00,TRV,32.78639002524147,0.0027644751626018198,0.013888042956897495
2022-12-01 00:00:00-05:00,2022-12-01 00:00:00-05:00,__cash_interest__,-0.0005350566801401857,-4.431925605837686e-08,
2022-12-01 00:00:00-05:00,2022-12-01 00:00:00-05:00,CVX,-11.160153053476371,-0.0009244061408561559,-0.004473272650543203
2022-12-01 00:00:00-05:00,2022-12-01 00:00:00-05:00,MRK,-7.461475976262412,-0.0006180411844942497,-0.002905901802276345
2022-12-01 00:00:00-05:00,2022-12-01 00:00:00-05:00,AMGN,-3.4200198018912964,-0.000283283507992139,-0.0016062529165388195
2022-12-01 00:00:00-05:00,2022-12-01 00:00:00-05:00,UNH,19.313236738491295,0.0015997338526919933,-0.01980818853576749
2022-12-01 00:00:00-05:00,2022-12-01 00:00:00-05:00,TRV,14.627768013038395,0.0012116320012349525,-0.0035299024260709855
2022-12-01 00:00:00-05:00,2022-12-01 00:00:00-05:00,__costs__,-2.9423541848083166,-0.0002437180085234908,
2022-12-01 00:00:00-05:00,2022-12-01 00:00:00-05:00,CAT,-12.38513618647742,-0.0010258726642241886,-0.0030455506664534004
2022-12-01 00:00:00-05:00,2022-12-01 00:00:00-05:00,IBM,-13.25744535544714,-0.0010981268661743632,0.0017463380158617703
2022-12-02 00:00:00-05:00,2022-12-01 00:00:00-05:00,__cash_interest__,-0.0004209859514078136,-3.491893099547726e-08,
2022-12-02 00:00:00-05:00,2022-12-01 00:00:00-05:00,CVX,-19.213425616011964,-0.0015936690548192117,-0.008000428354476119
2022-12-02 00:00:00-05:00,2022-12-01 00:00:00-05:00,MRK,5.3022520381702,0.00043979845983539256,0.0021856419205279476
2022-12-02 00:00:00-05:00,2022-12-01 00:00:00-05:00,AMGN,-3.620075124459406,-0.0003002692917583557,-0.0015036668377198525
2022-12-02 00:00:00-05:00,2022-12-01 00:00:00-05:00,CAT,4.5035253960968715,0.0003735476018066651,0.0018667792812865347
2022-12-02 00:00:00-05:00,2022-12-01 00:00:00-05:00,IBM,-7.922043739964787,-0.0006570986461042477,-0.0032849945613058207
2022-12-05 00:00:00-05:00,2022-12-01 00:00:00-05:00,__cash_interest__,-0.0004210461852070611,-3.498472097790234e-08,
2022-12-05 00:00:00-05:00,2022-12-01 00:00:00-05:00,CVX,-58.82404130726564,-0.004887688676992144,-0.024691746541288695
2022-12-05 00:00:00-05:00,2022-12-01 00:00:00-05:00,MRK,-0.6627343417808266,-5.5066586147250885e-05,-0.0002725900148407012
2022-12-05 00:00:00-05:00,2022-12-01 00:00:00-05:00,AMGN,-5.0523251756820216,-0.0004197976202395544,-0.002101739367012412
2022-12-05 00:00:00-05:00,2022-12-01 00:00:00-05:00,CAT,-36.43919327561672,-0.0030277320023226915,-0.015076451448454709
2022-12-05 00:00:00-05:00,2022-12-01 00:00:00-05:00,IBM,-20.37145108074612,-0.0016926635533448789,-0.00847516940348636
2022-12-06 00:00:00-05:00,2022-12-01 00:00:00-05:00,__cash_interest__,-0.00042110642762443605,-3.534612087025399e-08,
2022-12-06 00:00:00-05:00,2022-12-01 00:00:00-05:00,CVX,-59.877823786658396,-0.005025923752696913,-0.025770394140552155
2022-12-06 00:00:00-05:00,2022-12-01 00:00:00-05:00,MRK,-23.86183203942204,-0.002002874200256373,-0.009817313339604228
2022-12-06 00:00:00-05:00,2022-12-01 00:00:00-05:00,AMGN,-13.639943847190379,-0.0011448865945979966,-0.00568609198477632
2022-12-06 00:00:00-05:00,2022-12-01 00:00:00-05:00,CAT,-43.80922995210841,-0.003677185232852806,-0.01840320560807729
2022-12-06 00:00:00-05:00,2022-12-01 00:00:00-05:00,IBM,1.4553845024461136,0.00012215960897664932,0.0006106615472598609
2022-12-07 00:00:00-05:00,2022-12-01 00:00:00-05:00,__cash_interest__,-0.0004211666786611715,-3.5770723836988054e-08,
2022-12-07 00:00:00-05:00,2022-12-01 00:00:00-05:00,CVX,6.711480262476122,0.000570022556792935,0.00296491363349638
2022-12-07 00:00:00-05:00,2022-12-01 00:00:00-05:00,MRK,25.62950092142783,0.002176776668217335,0.010649119219169112
2022-12-07 00:00:00-05:00,2022-12-01 00:00:00-05:00,AMGN,20.79703392186461,0.001766343338016014,0.008719251096965808
2022-12-07 00:00:00-05:00,2022-12-01 00:00:00-05:00,CAT,7.062910467877962,0.0005998703901148074,0.00302258434252467
2022-12-07 00:00:00-05:00,2022-12-01 00:00:00-05:00,IBM,-3.718504595211606,-0.0003158217582281594,-0.001559286878282884
2022-12-08 00:00:00-05:00,2022-12-01 00:00:00-05:00,__cash_interest__,-0.0004212269383185006,-3.560503893253026e-08,
2022-12-08 00:00:00-05:00,2022-12-01 00:00:00-05:00,CVX,13.422728414273964,0.001134582630633275,0.0059121955787708735
2022-12-08 00:00:00-05:00,2022-12-01 00:00:00-05:00,MRK,16.791533815322463,0.0014193375609310981,0.006903407440568277
2022-12-08 00:00:00-05:00,2022-12-01 00:00:00-05:00,AMGN,-1.600091854100266,-0.000135250924331404,-0.0006650470776893291
2022-12-08 00:00:00-05:00,2022-12-01 00:00:00-05:00,CAT,19.85718961281582,0.0016784681722334426,0.00847230922291553
2022-12-08 00:00:00-05:00,2022-12-01 00:00:00-05:00,IBM,8.245306488385372,0.0006969508163497994,0.0034629181248342356
2022-12-09 00:00:00-05:00,2022-12-01 00:00:00-05:00,__cash_interest__,-0.0004212872065976569,-3.544023089499634e-08,
2022-12-09 00:00:00-05:00,2022-12-01 00:00:00-05:00,CVX,-72.90526771582094,-0.006133059539540707,-0.03192322984457174
2022-12-09 00:00:00-05:00,2022-12-01 00:00:00-05:00,MRK,-45.73489509761622,-0.003847387760260009,-0.018673813394815775
2022-12-09 00:00:00-05:00,2022-12-01 00:00:00-05:00,AMGN,-58.26319759653025,-0.00490131469260076,-0.02423208107637731
2022-12-09 00:00:00-05:00,2022-12-01 00:00:00-05:00,CAT,-37.15565570734245,-0.0031256705560983172,-0.01571972584644743
2022-12-09 00:00:00-05:00,2022-12-01 00:00:00-05:00,IBM,-11.802600990118771,-0.0009928782495662143,-0.004939827879488656
2022-12-12 00:00:00-05:00,2022-12-01 00:00:00-05:00,__cash_interest__,-0.00042134748349987396,-3.613181867497957e-08,
2022-12-12 00:00:00-05:00,2022-12-01 00:00:00-05:00,CVX,23.029789388297367,0.0019748739624338542,0.010416650262534466
2022-12-12 00:00:00-05:00,2022-12-01 00:00:00-05:00,MRK,4.197883453830616,0.00035998117874732754,0.0017466356345536838
2022-12-12 00:00:00-05:00,2022-12-01 00:00:00-05:00,AMGN,-15.745282564312085,-0.0013502055117892064,-0.006711202158042995
2022-12-12 00:00:00-05:00,2022-12-01 00:00:00-05:00,CAT,59.06018798921016,0.005064589411121963,0.025386105532550163
2022-12-12 00:00:00-05:00,2022-12-01 00:00:00-05:00,IBM,34.92304927463613,0.0029947569010908945,0.014689158083933451
2022-12-13 00:00:00-05:00,2022-12-01 00:00:00-05:00,__cash_interest__,-0.00042140776902638554,-3.581309613872539e-08,
2022-12-13 00:00:00-05:00,2022-12-01 00:00:00-05:00,CVX,49.7441036836169,0.004227473953961564,0.022267898470718528
2022-12-13 00:00:00-05:00,2022-12-01 00:00:00-05:00,MRK,42.86266897930905,0.00364265919554569,0.01780300267047008
2022-12-13 00:00:00-05:00,2022-12-01 00:00:00-05:00,AMGN,-38.056048711787774,-0.003234171345070614,-0.016330444984203774
2022-12-13 00:00:00-05:00,2022-12-01 00:00:00-05:00,CAT,24.87292280001486,0.0021138109948614942,0.010426550470228113
2022-12-13 00:00:00-05:00,2022-12-01 00:00:00-05:00,IBM,21.98776482284905,0.001868617508632293,0.009114499200826742
2022-12-14 00:00:00-05:00,2022-12-01 00:00:00-05:00,__cash_interest__,-0.0004214680631784255,-3.5512163786065616e-08,
2022-12-14 00:00:00-05:00,2022-12-01 00:00:00-05:00,CVX,-15.791882107481426,-0.0013305964387002845,-0.006915232599859489
2022-12-14 00:00:00-05:00,2022-12-01 00:00:00-05:00,MRK,30.469744305165566,0.0025673275031197393,0.012434236650900488
2022-12-14 00:00:00-05:00,2022-12-01 00:00:00-05:00,AMGN,-9.514765314241908,-0.0008016975276304421,-0.004150717492252265
2022-12-14 00:00:00-05:00,2022-12-01 00:00:00-05:00,CAT,-10.33793102951991,-0.0008710560348529715,-0.004288868284804681
2022-12-14 00:00:00-05:00,2022-12-01 00:00:00-05:00,IBM,-11.479619095519576,-0.0009672526797105266,-0.00471561955238875
2022-12-15 00:00:00-05:00,2022-12-01 00:00:00-05:00,__cash_interest__,-0.000421528365957228,-3.5567156564031147e-08,
2022-12-15 00:00:00-05:00,2022-12-01 00:00:00-05:00,CVX,-16.976110788067736,-0.0014323875663181571,-0.00748556834252867
2022-12-15 00:00:00-05:00,2022-12-01 00:00:00-05:00,MRK,-42.70212615982272,-0.0036030628764317485,-0.017212065707182922
2022-12-15 00:00:00-05:00,2022-12-01 00:00:00-05:00,AMGN,-42.01309853279385,-0.0035449250250636027,-0.01840416814343926
2022-12-15 00:00:00-05:00,2022-12-01 00:00:00-05:00,CAT,-39.100457585150124,-0.0032991661035627804,-0.016291368074966117
2022-12-15 00:00:00-05:00,2022-12-01 00:00:00-05:00,IBM,-121.2580756777508,-0.010231351696794979,-0.0500466215273222
2022-12-16 00:00:00-05:00,2022-12-01 00:00:00-05:00,__cash_interest__,-0.0004215886773640275,-3.637656508101256e-08,
2022-12-16 00:00:00-05:00,2022-12-01 00:00:00-05:00,CVX,-30.530445956926652,-0.002634304035982257,-0.013563847449356459
2022-12-16 00:00:00-05:00,2022-12-01 00:00:00-05:00,MRK,-9.56371120312525,-0.0008251999678257467,-0.003922384221577868
2022-12-16 00:00:00-05:00,2022-12-01 00:00:00-05:00,AMGN,10.692957388630063,0.0009226364018788166,0.004771957975221008
2022-12-16 00:00:00-05:00,2022-12-01 00:00:00-05:00,CAT,21.08552905889777,0.001819354174486715,0.008930869350861403
2022-12-16 00:00:00-05:00,2022-12-01 00:00:00-05:00,IBM,-35.569153490745215,-0.003069066358524126,-0.015453801557210323
2022-12-19 00:00:00-05:00,2022-12-01 00:00:00-05:00,__cash_interest__,-0.00042164899740005827,-3.652005720357425e-08,
2022-12-19 00:00:00-05:00,2022-12-01 00:00:00-05:00,CVX,15.264758757106765,0.0013221183174766944,0.006874968507804002
2022-12-19 00:00:00-05:00,2022-12-01 00:00:00-05:00,MRK,5.338284562872772,0.0004623619617435004,0.0021980229367426496
2022-12-19 00:00:00-05:00,2022-12-01 00:00:00-05:00,AMGN,-14.39752723265779,-0.001247005261174156,-0.0063946853062730735
2022-12-19 00:00:00-05:00,2022-12-01 00:00:00-05:00,CAT,-4.401480769971577,-0.00038122308007596797,-0.001847764557594278
2022-12-19 00:00:00-05:00,2022-12-01 00:00:00-05:00,IBM,-20.856485630287693,-0.0018064315413537035,-0.009203792789050591
2022-12-20 00:00:00-05:00,2022-12-01 00:00:00-05:00,__cash_interest__,-0.00042170932606655503,-3.658565665833269e-08,
2022-12-20 00:00:00-05:00,2022-12-01 00:00:00-05:00,CVX,36.71665975445436,0.003185376809061335,0.016423601121596576
2022-12-20 00:00:00-05:00,2022-12-01 00:00:00-05:00,MRK,6.004603291927676,0.0005209331186886995,0.0024669552854763577
2022-12-20 00:00:00-05:00,2022-12-01 00:00:00-05:00,AMGN,-7.998737816112841,-0.0006939355080663816,-0.0035755168092831413
2022-12-20 00:00:00-05:00,2022-12-01 00:00:00-05:00,CAT,29.171697390369243,0.0025308088744909352,0.012269100949931389
2022-12-20 00:00:00-05:00,2022-12-01 00:00:00-05:00,IBM,38.964114483714845,0.003380356151460069,0.017354263099132128
2022-12-21 00:00:00-05:00,2022-12-01 00:00:00-05:00,__cash_interest__,-0.0004217696633647527,-3.6267260257787264e-08,
2022-12-21 00:00:00-05:00,2022-12-01 00:00:00-05:00,CVX,26.714314295319532,0.0022971187197946955,0.011756404335813153
2022-12-21 00:00:00-05:00,2022-12-01 00:00:00-05:00,MRK,31.137006294029437,0.0026774185272242547,0.01276097172963464
2022-12-21 00:00:00-05:00,2022-12-01 00:00:00-05:00,AMGN,12.713657931651074,0.0010932259502905825,0.005703526906585266
2022-12-21 00:00:00-05:00,2022-12-01 00:00:00-05:00,CAT,67.45348252929537,0.005800210917655354,0.028025891493184796
2022-12-21 00:00:00-05:00,2022-12-01 00:00:00-05:00,IBM,13.904510989406058,0.00119562539132632,0.006087302402128625
2022-12-22 00:00:00-05:00,2022-12-01 00:00:00-05:00,__cash_interest__,-0.0004218300092958861,-3.5804712180551336e-08,
2022-12-22 00:00:00-05:00,2022-12-01 00:00:00-05:00,CVX,-34.47864859447529,-0.0029265297918471206,-0.014997012591537962
2022-12-22 00:00:00-05:00,2022-12-01 00:00:00-05:00,MRK,2.8914686184101135,0.0002454263551189225,0.0011700877119185105
2022-12-22 00:00:00-05:00,2022-12-01 00:00:00-05:00,AMGN,-8.419633414098334,-0.0007146541128279174,-0.0037557457304084885
2022-12-22 00:00:00-05:00,2022-12-01 00:00:00-05:00,CAT,-42.888016714640194,-0.0036403125918555716,-0.017333528158419043
2022-12-22 00:00:00-05:00,2022-12-01 00:00:00-05:00,IBM,-20.37088937310334,-0.0017290705136964518,-0.008864280281962622
2022-12-23 00:00:00-05:00,2022-12-01 00:00:00-05:00,__cash_interest__,-0.00042189036386119054,-3.6126490105366583e-08,
2022-12-23 00:00:00-05:00,2022-12-01 00:00:00-05:00,CVX,70.01084755766506,0.005995031904526936,0.030915929523730235
2022-12-23 00:00:00-05:00,2022-12-01 00:00:00-05:00,MRK,13.789137843377727,0.0011807644699470372,0.005573515108836968
2022-12-23 00:00:00-05:00,2022-12-01 00:00:00-05:00,AMGN,-11.282125153090329,-0.0009660888648424487,-0.005051589857613115
2022-12-23 00:00:00-05:00,2022-12-01 00:00:00-05:00,CAT,23.84949954804837,0.0020422336778566376,0.0098089865453026
2022-12-23 00:00:00-05:00,2022-12-01 00:00:00-05:00,IBM,12.448705206227858,0.0010659831652504504,0.005465432613754206
2022-12-27 00:00:00-05:00,2022-12-01 00:00:00-05:00,__cash_interest__,-0.0004219507270619014,-3.579809634836777e-08,
2022-12-27 00:00:00-05:00,2022-12-01 00:00:00-05:00,CVX,29.34575305498378,0.0024896795476397004,0.01257010720532703
2022-12-27 00:00:00-05:00,2022-12-01 00:00:00-05:00,MRK,5.782559932896639,0.0004905895981254626,0.002324333202552209
2022-12-27 00:00:00-05:00,2022-12-01 00:00:00-05:00,AMGN,-4.462440138559886,-0.00037859127093186663,-0.002008209468894573
2022-12-27 00:00:00-05:00,2022-12-01 00:00:00-05:00,CAT,33.4706373690966,0.0028396327450916363,0.013632315220816427
2022-12-27 00:00:00-05:00,2022-12-01 00:00:00-05:00,IBM,12.44954776769203,0.0010562136332474316,0.005436091934612808
2022-12-28 00:00:00-05:00,2022-12-01 00:00:00-05:00,__cash_interest__,-0.00042201109889925415,-3.5572089028172456e-08,
2022-12-28 00:00:00-05:00,2022-12-01 00:00:00-05:00,CVX,-34.873468858230154,-0.0029395486094604116,-0.014752437031508636
2022-12-28 00:00:00-05:00,2022-12-01 00:00:00-05:00,MRK,-23.130239731586556,-0.001949690302271865,-0.009275772823456374
2022-12-28 00:00:00-05:00,2022-12-01 00:00:00-05:00,AMGN,-16.586499942153573,-0.0013981064814338393,-0.007479359182281264
2022-12-28 00:00:00-05:00,2022-12-01 00:00:00-05:00,CAT,-38.48603977954969,-0.0032440588338809397,-0.015464234045225567
2022-12-28 00:00:00-05:00,2022-12-01 00:00:00-05:00,IBM,-38.802763963325944,-0.003270756095853554,-0.01685161032529492
2022-12-29 00:00:00-05:00,2022-12-01 00:00:00-05:00,__cash_interest__,-0.0004220714793744845,-3.603855120135201e-08,
2022-12-29 00:00:00-05:00,2022-12-01 00:00:00-05:00,CVX,17.633912450314227,0.0015056706927050088,0.0075713257513772
2022-12-29 00:00:00-05:00,2022-12-01 00:00:00-05:00,MRK,-5.782937236820227,-0.0004937757936457002,-0.0023408073104908
2022-12-29 00:00:00-05:00,2022-12-01 00:00:00-05:00,AMGN,14.649720300571389,0.0012508656020067117,0.006655787137862967
2022-12-29 00:00:00-05:00,2022-12-01 00:00:00-05:00,CAT,8.39345992845818,0.0007166751371983908,0.0034255847236877024
2022-12-29 00:00:00-05:00,2022-12-01 00:00:00-05:00,IBM,16.814297005923418,0.0014356878708335278,0.007427426935648684
2022-12-30 00:00:00-05:00,2022-12-01 00:00:00-05:00,__cash_interest__,-0.0004221318684888284,-3.588527091273923e-08,
2022-12-30 00:00:00-05:00,2022-12-01 00:00:00-05:00,CVX,15.397293954404843,0.0013089181512281926,0.006561329579216846
2022-12-30 00:00:00-05:00,2022-12-01 00:00:00-05:00,MRK,2.8914686184101135,0.00024580265659349706,0.0011731497728098006
2022-12-30 00:00:00-05:00,2022-12-01 00:00:00-05:00,AMGN,-4.378088873523939,-0.0003721796837298337,-0.0019759396218010927
2022-12-30 00:00:00-05:00,2022-12-01 00:00:00-05:00,CAT,-6.550868065148769,-0.0005568868232408679,-0.002664448770424377
2022-12-30 00:00:00-05:00,2022-12-01 00:00:00-05:00,IBM,-2.748575923039153,-0.00023365540245891815,-0.0012051847883304267
2023-01-03 00:00:00-05:00,2023-01-03 00:00:00-05:00,__cash_interest__,-0.0004221922662435219,-3.587634310354115e-08,
2023-01-03 00:00:00-05:00,2023-01-03 00:00:00-05:00,CVX,-72.47921104209351,-0.006159016285059707,-0.030642416505035852
2023-01-03 00:00:00-05:00,2023-01-03 00:00:00-05:00,MRK,3.510305088493743,0.00029829279174968846,0.0017125179327004414
2023-01-03 00:00:00-05:00,2023-01-03 00:00:00-05:00,AMGN,-7.883941074066814,-0.0006699482619564961,-0.0037693667075991977
2023-01-03 00:00:00-05:00,2023-01-03 00:00:00-05:00,CAT,11.463637038877446,0.0009741376346861026,-0.002838636920086346
2023-01-03 00:00:00-05:00,2023-01-03 00:00:00-05:00,IBM,10.88127670735716,0.0009246507995779895,0.00468439543828425
2023-01-03 00:00:00-05:00,2023-01-03 00:00:00-05:00,__costs__,-1.2845517364408436,-0.00010915647328371305,
2023-01-03 00:00:00-05:00,2023-01-03 00:00:00-05:00,HON,-9.273767048140353,-0.0007880505520427742,0.0
2023-01-04 00:00:00-05:00,2023-01-03 00:00:00-05:00,__cash_interest__,-0.0001837910057501781,-1.5704715796807618e-08,
2023-01-04 00:00:00-05:00,2023-01-03 00:00:00-05:00,CVX,-24.390922174155467,-0.0020841743544721494,-0.010632612408955189
2023-01-04 00:00:00-05:00,2023-01-03 00:00:00-05:00,MRK,19.984887430447003,0.001707684095014856,0.00845781605190754
2023-01-04 00:00:00-05:00,2023-01-03 00:00:00-05:00,AMGN,24.655426956566533,0.002106775963390426,0.010472115502516921
2023-01-04 00:00:00-05:00,2023-01-03 00:00:00-05:00,IBM,17.46850826192416,0.001492662584482532,0.007418079169539293
2023-01-04 00:00:00-05:00,2023-01-03 00:00:00-05:00,HON,-53.33403339637081,-0.004557327674271341,-0.02281088270473597
2023-01-05 00:00:00-05:00,2023-01-03 00:00:00-05:00,__cash_interest__,-0.0001838173021871657,-1.5727950094454243e-08,
2023-01-05 00:00:00-05:00,2023-01-03 00:00:00-05:00,CVX,40.87160181419257,0.003497094701996497,0.018008429098124612
2023-01-05 00:00:00-05:00,2023-01-03 00:00:00-05:00,MRK,33.1661595233754,0.002837794351247843,0.013918549493868948
2023-01-05 00:00:00-05:00,2023-01-03 00:00:00-05:00,AMGN,22.225100385896187,0.001901645087564653,0.0093420307802079
2023-01-05 00:00:00-05:00,2023-01-03 00:00:00-05:00,IBM,-24.78764459728886,-0.0021209039222448555,-0.010448673645321205
2023-01-05 00:00:00-05:00,2023-01-03 00:00:00-05:00,HON,-60.58885905907148,-0.005184161339669217,-0.02651867467649005
2023-01-06 00:00:00-05:00,2023-01-03 00:00:00-05:00,__cash_interest__,-0.0001838436023865931,-1.5715562107181732e-08,
2023-01-06 00:00:00-05:00,2023-01-03 00:00:00-05:00,CVX,17.40364978990528,0.0014877218223223986,0.007532569253288379
2023-01-06 00:00:00-05:00,2023-01-03 00:00:00-05:00,MRK,25.51243040259646,0.002180887337346883,0.010559602188055184
2023-01-06 00:00:00-05:00,2023-01-03 00:00:00-05:00,AMGN,75.04545502633273,0.0064151348973678106,0.03125241620589958
2023-01-06 00:00:00-05:00,2023-01-03 00:00:00-05:00,IBM,43.08758062210344,0.003683269586346225,0.01835437868384937
2023-01-06 00:00:00-05:00,2023-01-03 00:00:00-05:00,HON,63.09118663544628,0.00539324430719193,0.028366131523269056
2023-01-09 00:00:00-05:00,2023-01-03 00:00:00-05:00,__cash_interest__,-0.00018386990634899864,-1.542231535919822e-08,
2023-01-09 00:00:00-05:00,2023-01-03 00:00:00-05:00,CVX,-18.194534516461506,-0.0015260890414230343,-0.007816001840493025
2023-01-09 00:00:00-05:00,2023-01-03 00:00:00-05:00,MRK,-94.82177073361999,-0.007953293065782017,-0.03883665817130155
2023-01-09 00:00:00-05:00,2023-01-03 00:00:00-05:00,AMGN,-45.71120481189858,-0.003834083728306845,-0.018459370779730144
2023-01-09 00:00:00-05:00,2023-01-03 00:00:00-05:00,IBM,-2.4954392535831706,-0.00020930804769886405,-0.0010438441121872755
2023-01-09 00:00:00-05:00,2023-01-03 00:00:00-05:00,HON,4.350934781121211,0.00036494002544599016,0.0019022440082130387
2023-01-10 00:00:00-05:00,2023-01-03 00:00:00-05:00,__cash_interest__,-0.00018389621407492073,-1.563018152490854e-08,
2023-01-10 00:00:00-05:00,2023-01-03 00:00:00-05:00,CVX,11.338882466004561,0.0009637435557050104,0.004909324494669853
2023-01-10 00:00:00-05:00,2023-01-03 00:00:00-05:00,MRK,9.142420101011028,0.0007770561589569072,0.0038958099832051563
2023-01-10 00:00:00-05:00,2023-01-03 00:00:00-05:00,AMGN,33.83369660580642,0.002875680841324924,0.013919876895160277
2023-01-10 00:00:00-05:00,2023-01-03 00:00:00-05:00,IBM,20.79523078278376,0.0017674819115898444,0.008707750173560846
2023-01-10 00:00:00-05:00,2023-01-03 00:00:00-05:00,HON,14.185968064470094,0.0012057304010831284,0.006190379581499261
2023-01-11 00:00:00-05:00,2023-01-03 00:00:00-05:00,__cash_interest__,-0.00018392252556489785,-1.551466654739754e-08,
2023-01-11 00:00:00-05:00,2023-01-03 00:00:00-05:00,CVX,-11.075409253658721,-0.0009342590360735598,-0.00477182372696594
2023-01-11 00:00:00-05:00,2023-01-03 00:00:00-05:00,MRK,5.527542972149461,0.0004662723381810541,0.0023462812960939328
2023-01-11 00:00:00-05:00,2023-01-03 00:00:00-05:00,AMGN,-8.72860097451266,-0.0007362955305714804,-0.0035418237608453307
2023-01-11 00:00:00-05:00,2023-01-03 00:00:00-05:00,IBM,7.652487716836405,0.0006455206876923809,0.0031767241136273494
2023-01-11 00:00:00-05:00,2023-01-03 00:00:00-05:00,HON,10.474412108362815,0.0008835623077823114,0.004542634535926737
2023-01-12 00:00:00-05:00,2023-01-03 00:00:00-05:00,__cash_interest__,-0.00018394884081946852,-1.551184833422427e-08,
2023-01-12 00:00:00-05:00,2023-01-03 00:00:00-05:00,CVX,24.786713354572605,0.0020901884271038508,0.010730523022014937
2023-01-12 00:00:00-05:00,2023-01-03 00:00:00-05:00,MRK,14.88240134992771,0.0012549878083531823,0.006302359606491503
2023-01-12 00:00:00-05:00,2023-01-03 00:00:00-05:00,AMGN,-17.90610405594702,-0.0015099674949584753,-0.007291625175729122
2023-01-12 00:00:00-05:00,2023-01-03 00:00:00-05:00,IBM,4.824275064237482,0.0004068164973786112,0.0019963260473341293
2023-01-12 00:00:00-05:00,2023-01-03 00:00:00-05:00,HON,40.14943205500602,0.003385679942140638,0.017333616111057104
2023-01-13 00:00:00-05:00,2023-01-03 00:00:00-05:00,__cash_interest__,-0.0001839751598391714,-1.5427247973374402e-08,
2023-01-13 00:00:00-05:00,2023-01-03 00:00:00-05:00,CVX,6.328705625765261,0.0005306939867562614,0.0027107000289445793
2023-01-13 00:00:00-05:00,2023-01-03 00:00:00-05:00,MRK,10.204972161038585,0.0008557385476786754,0.004294508837370259
2023-01-13 00:00:00-05:00,2023-01-03 00:00:00-05:00,AMGN,7.288833322155531,0.0006112055518570391,0.002989919978667599
2023-01-13 00:00:00-05:00,2023-01-03 00:00:00-05:00,IBM,5.6562808095838575,0.0004743077637914344,0.0023359537747897896
2023-01-13 00:00:00-05:00,2023-01-03 00:00:00-05:00,HON,6.873957753876357,0.000576416136397188,0.002917112855635118
2023-01-17 00:00:00-05:00,2023-01-03 00:00:00-05:00,__cash_interest__,-0.00018400148262454516,-1.5382563886412593e-08,
2023-01-17 00:00:00-05:00,2023-01-03 00:00:00-05:00,CVX,38.63103305783584,0.003229562748811278,0.016501644919662217
2023-01-17 00:00:00-05:00,2023-01-03 00:00:00-05:00,MRK,-38.26918661818188,-0.0031993123079145282,-0.016035770056330834
2023-01-17 00:00:00-05:00,2023-01-03 00:00:00-05:00,AMGN,-20.786252614905703,-0.001737735230429305,-0.008501218499624597
2023-01-17 00:00:00-05:00,2023-01-03 00:00:00-05:00,IBM,-11.64504602695549,-0.0009735283755043098,-0.004798010377481288
2023-01-17 00:00:00-05:00,2023-01-03 00:00:00-05:00,HON,-47.67856248902867,-0.003985938173097976,-0.02017457913615317
2023-01-18 00:00:00-05:00,2023-01-03 00:00:00-05:00,__cash_interest__,-0.00018402780917612865,-1.548802292525143e-08,
2023-01-18 00:00:00-05:00,2023-01-03 00:00:00-05:00,CVX,-42.98194550531217,-0.003617417173732975,-0.018062127315262688
2023-01-18 00:00:00-05:00,2023-01-03 00:00:00-05:00,MRK,-35.2918046577177,-0.0029702047862184174,-0.015029175098744685
2023-01-18 00:00:00-05:00,2023-01-03 00:00:00-05:00,AMGN,-45.26092288292692,-0.003809218912984486,-0.01866965093043438
2023-01-18 00:00:00-05:00,2023-01-03 00:00:00-05:00,IBM,-79.52113822003172,-0.006692603782590161,-0.03292238775130396
2023-01-18 00:00:00-05:00,2023-01-03 00:00:00-05:00,HON,-93.94947494706416,-0.007906911614661625,-0.04057205310732315
2023-01-19 00:00:00-05:00,2023-01-03 00:00:00-05:00,__cash_interest__,-0.00018405413949446064,-1.5887365411626926e-08,
2023-01-19 00:00:00-05:00,2023-01-03 00:00:00-05:00,CVX,23.33679678001275,0.0020144084724163444,0.009987115293689675
2023-01-19 00:00:00-05:00,2023-01-03 00:00:00-05:00,MRK,23.598862868829933,0.002037029749647437,0.010203025860416215
2023-01-19 00:00:00-05:00,2023-01-03 00:00:00-05:00,AMGN,-21.236074603194044,-0.0018330762788395102,-0.008926306704995834
2023-01-19 00:00:00-05:00,2023-01-03 00:00:00-05:00,IBM,3.4930369725604846,0.0003015153852655494,0.0014953766361596177
2023-01-19 00:00:00-05:00,2023-01-03 00:00:00-05:00,HON,-32.392470722234776,-0.0027960850017451477,-0.01458022876429843
2023-01-20 00:00:00-05:00,2023-01-03 00:00:00-05:00,__cash_interest__,-0.00018408047358008014,-1.5894028848252968e-08,
2023-01-20 00:00:00-05:00,2023-01-03 00:00:00-05:00,CVX,25.05065165643715,0.002162944131723668,0.010614560425023845
2023-01-20 00:00:00-05:00,2023-01-03 00:00:00-05:00,MRK,0.8502941213560636,7.341679990003914e-05,0.0003639137140902804
2023-01-20 00:00:00-05:00,2023-01-03 00:00:00-05:00,AMGN,10.887869169145585,0.0009400894255909305,0.0046177934961919576
2023-01-20 00:00:00-05:00,2023-01-03 00:00:00-05:00,IBM,9.649272606544908,0.0008331454944153188,0.004124706354249108
2023-01-20 00:00:00-05:00,2023-01-03 00:00:00-05:00,HON,14.94661465073028,0.0012905329925668703,0.006827187485333175
2023-01-23 00:00:00-05:00,2023-01-03 00:00:00-05:00,__cash_interest__,-0.00018410681143352615,-1.5812494923907998e-08,
2023-01-23 00:00:00-05:00,2023-01-03 00:00:00-05:00,CVX,-3.1642365405029547,-0.00027176872949544667,-0.0013266805928966452
2023-01-23 00:00:00-05:00,2023-01-03 00:00:00-05:00,MRK,-1.275711689177687,-0.00010956783430457524,-0.0005457877246831666
2023-01-23 00:00:00-05:00,2023-01-03 00:00:00-05:00,AMGN,-20.42550580562061,-0.0017542979771079474,-0.008623102889209089
2023-01-23 00:00:00-05:00,2023-01-03 00:00:00-05:00,IBM,10.979788220151962,0.0009430278225171719,0.004674172868181836
2023-01-23 00:00:00-05:00,2023-01-03 00:00:00-05:00,HON,19.838897431905874,0.0017039155829995398,0.009000395407279704
2023-01-24 00:00:00-05:00,2023-01-03 00:00:00-05:00,__cash_interest__,-0.00018413315305533775,-1.5806675499618456e-08,
2023-01-24 00:00:00-05:00,2023-01-03 00:00:00-05:00,CVX,2.24103384587543,0.00019237869008178598,0.000940854362539767
2023-01-24 00:00:00-05:00,2023-01-03 00:00:00-05:00,MRK,-28.91396756421217,-0.0024820826402545903,-0.012377017801979306
2023-01-24 00:00:00-05:00,2023-01-03 00:00:00-05:00,AMGN,-11.428452785609352,-0.000981060942298359,-0.004866753978316596
2023-01-24 00:00:00-05:00,2023-01-03 00:00:00-05:00,IBM,-6.154790677844537,-0.0005283501498696848,-0.0026079475694473775
2023-01-24 00:00:00-05:00,2023-01-03 00:00:00-05:00,HON,26.86825219719959,0.002306470815689609,0.012080701038666097
2023-01-25 00:00:00-05:00,2023-01-03 00:00:00-05:00,__cash_interest__,-0.00018415949844605416,-1.5832569730118702e-08,
2023-01-25 00:00:00-05:00,2023-01-03 00:00:00-05:00,CVX,-23.072625933388856,-0.001983600965628885,-0.009677487001893748
2023-01-25 00:00:00-05:00,2023-01-03 00:00:00-05:00,MRK,1.4879696278491794,0.00012792380022756125,0.0006449279593350177
2023-01-25 00:00:00-05:00,2023-01-03 00:00:00-05:00,AMGN,-28.43429961073526,-0.0024445550466457564,-0.0121678333698656
2023-01-25 00:00:00-05:00,2023-01-03 00:00:00-05:00,IBM,-12.14456736451409,-0.0010440933607186041,-0.005159429869739829
2023-01-25 00:00:00-05:00,2023-01-03 00:00:00-05:00,HON,-2.82837083864766,-0.00024316084102846806,-0.001256533084887157
2023-01-26 00:00:00-05:00,2023-01-03 00:00:00-05:00,__cash_interest__,-0.00018418584760621453,-1.5923809341919533e-08,
2023-01-26 00:00:00-05:00,2023-01-03 00:00:00-05:00,CVX,114.83711342129001,0.00992825628713132,0.04863749363872816
2023-01-26 00:00:00-05:00,2023-01-03 00:00:00-05:00,MRK,-36.56751634689538,-0.003161448971152336,-0.01583917672400592
2023-01-26 00:00:00-05:00,2023-01-03 00:00:00-05:00,AMGN,-14.9371869451073,-0.0012913962723511265,-0.006470776073384088
2023-01-26 00:00:00-05:00,2023-01-03 00:00:00-05:00,IBM,-104.97490759780804,-0.009075618110719136,-0.04482823900397159
2023-01-26 00:00:00-05:00,2023-01-03 00:00:00-05:00,HON,29.152915034451244,0.002520418733595023,0.012967779362667686
2023-01-27 00:00:00-05:00,2023-01-03 00:00:00-05:00,__cash_interest__,-0.00018421220053635828,-1.5943303334442724e-08,
2023-01-27 00:00:00-05:00,2023-01-03 00:00:00-05:00,CVX,-109.95855691484395,-0.009516756338649398,-0.04441120628079198
2023-01-27 00:00:00-05:00,2023-01-03 00:00:00-05:00,MRK,-31.67837023362195,-0.002741717781476324,-0.013942283118012044
2023-01-27 00:00:00-05:00,2023-01-03 00:00:00-05:00,AMGN,-11.067705976324257,-0.0009578941735845275,-0.004825746692217692
2023-01-27 00:00:00-05:00,2023-01-03 00:00:00-05:00,IBM,-0.9978867102052911,-8.636567213186289e-05,-0.00044613463679243903
2023-01-27 00:00:00-05:00,2023-01-03 00:00:00-05:00,HON,-13.271013698180992,-0.001148587315767304,-0.005827631629715224
2023-01-30 00:00:00-05:00,2023-01-03 00:00:00-05:00,__cash_interest__,-0.00018423855723702476,-1.6179398411855943e-08,
2023-01-30 00:00:00-05:00,2023-01-03 00:00:00-05:00,CVX,-69.21904052396333,-0.006078653953432847,-0.0292562100116609
2023-01-30 00:00:00-05:00,2023-01-03 00:00:00-05:00,MRK,15.095019964790657,0.0013256092845487575,0.006737556541053902
2023-01-30 00:00:00-05:00,2023-01-03 00:00:00-05:00,AMGN,-18.53637610565846,-0.00162782111748531,-0.008121431948741265
2023-01-30 00:00:00-05:00,2023-01-03 00:00:00-05:00,IBM,15.13866098197193,0.0013294417364234543,0.006771205022308324
2023-01-30 00:00:00-05:00,2023-01-03 00:00:00-05:00,HON,-25.56262683959022,-0.002244849993908968,-0.011290983851385716
2023-01-31 00:00:00-05:00,2023-01-03 00:00:00-05:00,__cash_interest__,-0.00018426491770875348,-1.6300647582306082e-08,
2023-01-31 00:00:00-05:00,2023-01-03 00:00:00-05:00,CVX,-22.223139927475923,-0.001965928059635475,-0.009675942739964971
2023-01-31 00:00:00-05:00,2023-01-03 00:00:00-05:00,MRK,28.06385378095184,0.0024826157684976,0.012442274245416662
2023-01-31 00:00:00-05:00,2023-01-03 00:00:00-05:00,AMGN,7.28837338147221,0.0006447521721276365,0.0032194366503934813
2023-01-31 00:00:00-05:00,2023-01-03 00:00:00-05:00,IBM,-9.482669163616048,-0.0008388664000600663,-0.004212872480459762
2023-01-31 00:00:00-05:00,2023-01-03 00:00:00-05:00,HON,29.369672080750686,0.0025981325156691423,0.013120697080117427
2023-02-01 00:00:00-05:00,2023-02-01 00:00:00-05:00,__cash_interest__,-0.00018429128195208397,-1.6255502566401092e-08,
2023-02-01 00:00:00-05:00,2023-02-01 00:00:00-05:00,CVX,-9.279977822014729,-0.0008185449778418008,-0.015285566126626016
2023-02-01 00:00:00-05:00,2023-02-01 00:00:00-05:00,MRK,-9.143881366680505,-0.0008065405235044613,-0.004003374604560683
2023-02-01 00:00:00-05:00,2023-02-01 00:00:00-05:00,AMGN,-29.154074837623625,-0.0025715494152743416,-0.023732081472482403
2023-02-01 00:00:00-05:00,2023-02-01 00:00:00-05:00,IBM,-3.9926657412157835,-0.0003521750324575295,0.002671953972793295
2023-02-01 00:00:00-05:00,2023-02-01 00:00:00-05:00,HON,-11.639145554641884,-0.001026636520350373,-0.008442074301204805
2023-02-01 00:00:00-05:00,2023-02-01 00:00:00-05:00,__costs__,-4.281410999184275,-0.00037764394901302516,
2023-02-01 00:00:00-05:00,2023-02-01 00:00:00-05:00,BA,28.063431715110752,0.002475348705782043,0.008215962441314506
2023-02-01 00:00:00-05:00,2023-02-01 00:00:00-05:00,GS,41.50335265557043,0.0036608234988689636,-0.000273291293642397
2023-02-01 00:00:00-05:00,2023-02-01 00:00:00-05:00,CAT,-19.793482427825662,-0.0017458937883301027,-0.010900128432153156
2023-02-01 00:00:00-05:00,2023-02-01 00:00:00-05:00,JPM,22.51305482620242,0.0019857750004691616,-0.0026438190403897943
2023-02-02 00:00:00-05:00,2023-02-01 00:00:00-05:00,__cash_interest__,-0.000612575430982038,-5.4009671969635596e-08,
2023-02-02 00:00:00-05:00,2023-02-01 00:00:00-05:00,MRK,-74.19587559382077,-0.0065417166599351486,-0.03290342157303727
2023-02-02 00:00:00-05:00,2023-02-01 00:00:00-05:00,BA,-57.50882706466213,-0.005070449658977555,-0.025192100871289314
2023-02-02 00:00:00-05:00,2023-02-01 00:00:00-05:00,GS,23.608549303422038,0.002081523252593821,0.010281341675614675
2023-02-02 00:00:00-05:00,2023-02-01 00:00:00-05:00,CAT,-41.55745122521834,-0.0036640455934870606,-0.018594312603121943
2023-02-02 00:00:00-05:00,2023-02-01 00:00:00-05:00,JPM,-10.603696618060988,-0.0009349088243530962,-0.004656336841227127
2023-02-03 00:00:00-05:00,2023-02-01 00:00:00-05:00,__cash_interest__,-0.0006126630770077791,-5.479158557070715e-08,
2023-02-03 00:00:00-05:00,2023-02-01 00:00:00-05:00,MRK,-10.960368318752142,-0.0009802058931907048,-0.005025931896663338
2023-02-03 00:00:00-05:00,2023-02-01 00:00:00-05:00,BA,-35.39821992513479,-0.0031657278998292026,-0.01590714574046237
2023-02-03 00:00:00-05:00,2023-02-01 00:00:00-05:00,GS,3.0140437782064136,0.0002695514774515412,0.0012992350088441018
2023-02-03 00:00:00-05:00,2023-02-01 00:00:00-05:00,CAT,25.615351786098984,0.0022908280129536646,0.011678390102710656
2023-02-03 00:00:00-05:00,2023-02-01 00:00:00-05:00,JPM,35.074554504499275,0.003136781906090454,0.015474128674007437
2023-02-06 00:00:00-05:00,2023-02-01 00:00:00-05:00,__cash_interest__,-0.0006127507355737324,-5.471455330994198e-08,
2023-02-06 00:00:00-05:00,2023-02-01 00:00:00-05:00,MRK,22.975078942415728,0.002051521293430854,0.010588555105254693
2023-02-06 00:00:00-05:00,2023-02-01 00:00:00-05:00,BA,8.50410462324967,0.0007593598159069509,0.0038833215527864784
2023-02-06 00:00:00-05:00,2023-02-01 00:00:00-05:00,GS,5.336951964137229,0.00047655421005895874,0.0022975637364459622
2023-02-06 00:00:00-05:00,2023-02-01 00:00:00-05:00,CAT,32.77976903835186,0.002927014716444469,0.014772230294443744
2023-02-06 00:00:00-05:00,2023-02-01 00:00:00-05:00,JPM,13.541192581625014,0.0012091381705054845,0.005883043933027521
2023-02-07 00:00:00-05:00,2023-02-01 00:00:00-05:00,__cash_interest__,-0.0006128384066816918,-5.4319141786769776e-08,
2023-02-07 00:00:00-05:00,2023-02-01 00:00:00-05:00,MRK,34.779171415293206,0.0030826637539949735,0.01586078011535874
2023-02-07 00:00:00-05:00,2023-02-01 00:00:00-05:00,BA,84.50918487600248,0.007490500506356493,0.03844106688309301
2023-02-07 00:00:00-05:00,2023-02-01 00:00:00-05:00,GS,22.603450817583273,0.0020034645943270693,0.009708504723970446
2023-02-07 00:00:00-05:00,2023-02-01 00:00:00-05:00,CAT,-15.76278376698348,-0.0013971397305679795,-0.007000104513539385
2023-02-07 00:00:00-05:00,2023-02-01 00:00:00-05:00,JPM,28.222735883626804,0.002501531848132909,0.012189806203176667
2023-02-08 00:00:00-05:00,2023-02-01 00:00:00-05:00,__cash_interest__,-0.0006129260903334521,-5.359370003424929e-08,
2023-02-08 00:00:00-05:00,2023-02-01 00:00:00-05:00,MRK,20.2352550522236,0.0017693523028125707,0.009084055991630757
2023-02-08 00:00:00-05:00,2023-02-01 00:00:00-05:00,BA,-13.393855295062686,-0.0011711465286054473,-0.005866988913504678
2023-02-08 00:00:00-05:00,2023-02-01 00:00:00-05:00,GS,4.3954805098843535,0.0003843368191831633,0.0018697689508671012
2023-02-08 00:00:00-05:00,2023-02-01 00:00:00-05:00,CAT,-7.075263516468051,-0.0006186546086797592,-0.003164207992117918
2023-02-08 00:00:00-05:00,2023-02-01 00:00:00-05:00,JPM,-16.477069495420402,-0.0014407399748648693,-0.007030977430449559
2023-02-09 00:00:00-05:00,2023-02-01 00:00:00-05:00,__cash_interest__,-0.000613013786530808,-5.365915395252448e-08,
2023-02-09 00:00:00-05:00,2023-02-01 00:00:00-05:00,MRK,1.6863755502670417,0.0001476141112350084,0.0007502362981852695
2023-02-09 00:00:00-05:00,2023-02-01 00:00:00-05:00,BA,-16.051377852184174,-0.0014050309703388802,-0.007072573802510251
2023-02-09 00:00:00-05:00,2023-02-01 00:00:00-05:00,GS,-44.64302010606273,-0.003907753367723771,-0.018955003976140694
2023-02-09 00:00:00-05:00,2023-02-01 00:00:00-05:00,CAT,-23.196966685027917,-0.0020305083408119055,-0.010407106023531454
2023-02-09 00:00:00-05:00,2023-02-01 00:00:00-05:00,JPM,-36.217333799529,-0.003170224769490118,-0.015563830991246363
2023-02-10 00:00:00-05:00,2023-02-01 00:00:00-05:00,__cash_interest__,-0.0006131014952755544,-5.422896652827961e-08,
2023-02-10 00:00:00-05:00,2023-02-01 00:00:00-05:00,MRK,38.99528908395808,0.003449142177583702,0.017335254359367003
2023-02-10 00:00:00-05:00,2023-02-01 00:00:00-05:00,BA,9.56701632471556,0.0008462047671492454,0.00424545437597712
2023-02-10 00:00:00-05:00,2023-02-01 00:00:00-05:00,GS,20.657923943583203,0.001827198065430956,0.008940628717832189
2023-02-10 00:00:00-05:00,2023-02-01 00:00:00-05:00,CAT,12.449116563103901,0.001101127187927983,0.005643918652349589
2023-02-10 00:00:00-05:00,2023-02-01 00:00:00-05:00,JPM,10.115283271188778,0.0008946991031082458,0.004415608066076437
2023-02-13 00:00:00-05:00,2023-02-01 00:00:00-05:00,__cash_interest__,-0.0006131892165694866,-5.379996035997864e-08,
2023-02-13 00:00:00-05:00,2023-02-01 00:00:00-05:00,MRK,20.656670146793086,0.0018123737421280736,0.00902639415968065
2023-02-13 00:00:00-05:00,2023-02-01 00:00:00-05:00,BA,29.338990637791625,0.0025741426800451658,0.012964415964811904
2023-02-13 00:00:00-05:00,2023-02-01 00:00:00-05:00,GS,17.203914887951726,0.001509436099001202,0.007379773971379455
2023-02-13 00:00:00-05:00,2023-02-01 00:00:00-05:00,CAT,4.299255271691461,0.0003772078127669078,0.0019381670809106577
2023-02-13 00:00:00-05:00,2023-02-01 00:00:00-05:00,JPM,24.960080758194813,0.0021899461358524633,0.010847883238455314
2023-02-14 00:00:00-05:00,2023-02-01 00:00:00-05:00,__cash_interest__,-0.0006132769504144001,-5.335610244181617e-08,
2023-02-14 00:00:00-05:00,2023-02-01 00:00:00-05:00,MRK,-17.07383727446471,-0.0014854518991389894,-0.007394053537918555
2023-02-14 00:00:00-05:00,2023-02-01 00:00:00-05:00,BA,29.76428508022159,0.0025895417115784592,0.012984016373781326
2023-02-14 00:00:00-05:00,2023-02-01 00:00:00-05:00,GS,-14.064703178756671,-0.0012236522881096327,-0.005988983539267245
2023-02-14 00:00:00-05:00,2023-02-01 00:00:00-05:00,CAT,-33.944816806951934,-0.002953254841383785,-0.015273217242772197
2023-02-14 00:00:00-05:00,2023-02-01 00:00:00-05:00,JPM,10.277997772936812,0.0008942026953711814,0.004418976877319736
2023-02-15 00:00:00-05:00,2023-02-01 00:00:00-05:00,__cash_interest__,-0.0006133646968120907,-5.3480252235592415e-08,
2023-02-15 00:00:00-05:00,2023-02-01 00:00:00-05:00,MRK,-22.34304569706013,-0.0019481260101870755,-0.009748032175386223
2023-02-15 00:00:00-05:00,2023-02-01 00:00:00-05:00,BA,-10.736332737941195,-0.000936118080963256,-0.004623458553195792
2023-02-15 00:00:00-05:00,2023-02-01 00:00:00-05:00,GS,16.074065697560947,0.0014015235836444015,0.006885842574689605
2023-02-15 00:00:00-05:00,2023-02-01 00:00:00-05:00,CAT,38.87074074487889,0.003389202264859572,0.017760865550823013
2023-02-15 00:00:00-05:00,2023-02-01 00:00:00-05:00,JPM,9.787965376295965,0.0008534284087724738,0.004189775229699544
2023-02-16 00:00:00-05:00,2023-02-01 00:00:00-05:00,__cash_interest__,-0.0006134524557643543,-5.334069141564223e-08,
2023-02-16 00:00:00-05:00,2023-02-01 00:00:00-05:00,MRK,-24.66145449268277,-0.002144353684779123,-0.010865445884395197
2023-02-16 00:00:00-05:00,2023-02-01 00:00:00-05:00,BA,-55.595326478336304,-0.004834104299310127,-0.024052592295883524
2023-02-16 00:00:00-05:00,2023-02-01 00:00:00-05:00,GS,-25.994667294502115,-0.002260278712032656,-0.011059497106941318
2023-02-16 00:00:00-05:00,2023-02-01 00:00:00-05:00,CAT,-19.52466813687659,-0.0016977017343329578,-0.008765551043633413
2023-02-16 00:00:00-05:00,2023-02-01 00:00:00-05:00,JPM,-32.301122250823816,-0.002808635254729457,-0.01376892761696924
2023-02-17 00:00:00-05:00,2023-02-01 00:00:00-05:00,__cash_interest__,-0.0006135402272729874,-5.409182225946865e-08,
2023-02-17 00:00:00-05:00,2023-02-01 00:00:00-05:00,MRK,63.44558904686293,0.0055935819255470325,0.02826018017134091
2023-02-17 00:00:00-05:00,2023-02-01 00:00:00-05:00,BA,-5.84658206612818,-0.0005154548371702608,-0.002591786599862922
2023-02-17 00:00:00-05:00,2023-02-01 00:00:00-05:00,GS,-10.674112541492772,-0.0009410665718502154,-0.004592114723261931
2023-02-17 00:00:00-05:00,2023-02-01 00:00:00-05:00,CAT,11.374518788159513,0.0010028168019410972,0.005151719489284723
2023-02-17 00:00:00-05:00,2023-02-01 00:00:00-05:00,JPM,6.851548779244365,0.0006040561682747917,0.0029613693560377463
2023-02-21 00:00:00-05:00,2023-02-01 00:00:00-05:00,__cash_interest__,-0.0006136280113397864,-5.3790594915748175e-08,
2023-02-21 00:00:00-05:00,2023-02-01 00:00:00-05:00,MRK,-9.485147298263023,-0.000831467447066311,-0.004108795762931661
2023-02-21 00:00:00-05:00,2023-02-01 00:00:00-05:00,BA,-65.26874751481161,-0.005721454518612913,-0.029008784292804957
2023-02-21 00:00:00-05:00,2023-02-01 00:00:00-05:00,GS,-46.33821111808552,-0.004062004825906069,-0.020027149466504635
2023-02-21 00:00:00-05:00,2023-02-01 00:00:00-05:00,CAT,-63.410774612771895,-0.005558584724713113,-0.02857265608526871
2023-02-21 00:00:00-05:00,2023-02-01 00:00:00-05:00,JPM,-42.57965970701684,-0.0037325304331361176,-0.018349397317158678
2023-02-22 00:00:00-05:00,2023-02-01 00:00:00-05:00,__cash_interest__,-0.0006137158079665481,-5.4890955783915785e-08,
2023-02-22 00:00:00-05:00,2023-02-01 00:00:00-05:00,MRK,1.8969937010531503,0.0001696677778463724,0.0008251339695601878
2023-02-22 00:00:00-05:00,2023-02-01 00:00:00-05:00,BA,2.551117845361743,0.00022817286931762194,0.0011677220191999016
2023-02-22 00:00:00-05:00,2023-02-01 00:00:00-05:00,GS,-1.4440206971722587,-0.000129153714489072,-0.0006368530736164946
2023-02-22 00:00:00-05:00,2023-02-01 00:00:00-05:00,CAT,-25.256720441827234,-0.0022589698799067395,-0.011715320889118863
2023-02-22 00:00:00-05:00,2023-02-01 00:00:00-05:00,JPM,-17.4551104764913,-0.0015611911652448,-0.0076627610413578795
2023-02-23 00:00:00-05:00,2023-02-01 00:00:00-05:00,__cash_interest__,-0.0006138036171550696,-5.509447910882828e-08,
2023-02-23 00:00:00-05:00,2023-02-01 00:00:00-05:00,MRK,30.141817445056112,0.0027055033321988693,0.013099955179558309
2023-02-23 00:00:00-05:00,2023-02-01 00:00:00-05:00,BA,25.193424139078793,0.0022613398505920857,0.01151832445202472
2023-02-23 00:00:00-05:00,2023-02-01 00:00:00-05:00,GS,16.63878167953802,0.0014934825798005496,0.007342839311601956
2023-02-23 00:00:00-05:00,2023-02-01 00:00:00-05:00,CAT,0.5373709017983531,4.823394501981562e-05,0.000252214072490764
2023-02-23 00:00:00-05:00,2023-02-01 00:00:00-05:00,JPM,18.10812721650829,0.0016253697579267856,0.008010819168976502
2023-02-24 00:00:00-05:00,2023-02-01 00:00:00-05:00,__cash_interest__,-0.0006138914389071482,-5.465778237769238e-08,
2023-02-24 00:00:00-05:00,2023-02-01 00:00:00-05:00,MRK,-14.754534513855713,-0.001313668973749043,-0.006329561020402941
2023-02-24 00:00:00-05:00,2023-02-01 00:00:00-05:00,BA,-106.08841726594913,-0.00944557499293146,-0.0479508516417293
2023-02-24 00:00:00-05:00,2023-02-01 00:00:00-05:00,GS,1.946987166528271,0.00017334986953020204,0.000852959255910335
2023-02-24 00:00:00-05:00,2023-02-01 00:00:00-05:00,CAT,-15.942099439119355,-0.0014194037358431244,-0.007480509193929508
2023-02-24 00:00:00-05:00,2023-02-01 00:00:00-05:00,JPM,20.55572570424552,0.0018301776355739735,0.009021339185157906
2023-02-27 00:00:00-05:00,2023-02-01 00:00:00-05:00,__cash_interest__,-0.0006139792732245816,-5.522755270575814e-08,
2023-02-27 00:00:00-05:00,2023-02-01 00:00:00-05:00,MRK,-11.17116526253552,-0.0010048484455854661,-0.004822854778663954
2023-02-27 00:00:00-05:00,2023-02-01 00:00:00-05:00,BA,24.555644677738357,0.002208784921258428,0.011657900017850054
2023-02-27 00:00:00-05:00,2023-02-01 00:00:00-05:00,GS,10.548318770849189,0.0009488232848881908,0.004617194456262075
2023-02-27 00:00:00-05:00,2023-02-01 00:00:00-05:00,CAT,34.1232683071739,0.0030693944911685048,0.016132334715576402
2023-02-27 00:00:00-05:00,2023-02-01 00:00:00-05:00,JPM,20.065693307604672,0.0018049129393297374,0.008727543397407667
2023-02-28 00:00:00-05:00,2023-02-01 00:00:00-05:00,__cash_interest__,-0.0006140671201091673,-5.485002278347996e-08,
2023-02-28 00:00:00-05:00,2023-02-01 00:00:00-05:00,MRK,-65.76471301447465,-0.005874269911327734,-0.028529768258943822
2023-02-28 00:00:00-05:00,2023-02-01 00:00:00-05:00,BA,11.586759420496614,0.0010349585532082497,0.005437475313699203
2023-02-28 00:00:00-05:00,2023-02-01 00:00:00-05:00,GS,-87.15067530945929,-0.007784517961928479,-0.03797213965747248
2023-02-28 00:00:00-05:00,2023-02-01 00:00:00-05:00,CAT,-3.8511821343302506,-0.0003439972942596111,-0.0017918035391520926
2023-02-28 00:00:00-05:00,2023-02-01 00:00:00-05:00,JPM,19.413486092472002,0.0017340615050184705,0.008370810231693504
2023-03-01 00:00:00-05:00,2023-03-01 00:00:00-05:00,__cash_interest__,-0.0006141549795627036,-5.548113570090148e-08,
2023-03-01 00:00:00-05:00,2023-03-01 00:00:00-05:00,MRK,8.510418670873154,0.000768808702790941,0.003859277567702657
2023-03-01 00:00:00-05:00,2023-03-01 00:00:00-05:00,BA,32.984260051818396,0.0029797107714273955,0.014884643783555696
2023-03-01 00:00:00-05:00,2023-03-01 00:00:00-05:00,GS,1.5177686863589583,0.00013711120686576305,-0.008363157323370118
2023-03-01 00:00:00-05:00,2023-03-01 00:00:00-05:00,CAT,82.9387703002411,0.007492469039606263,0.03807135155281749
2023-03-01 00:00:00-05:00,2023-03-01 00:00:00-05:00,JPM,-13.383416659361469,-0.001209022446335028,-0.005580637880813755
2023-03-01 00:00:00-05:00,2023-03-01 00:00:00-05:00,__costs__,-0.933040868098266,-8.428844304788645e-05,
2023-03-01 00:00:00-05:00,2023-03-01 00:00:00-05:00,WMT,-14.277724905169206,-0.0012898118867779326,-0.013930910258397877
2023-03-02 00:00:00-05:00,2023-03-01 00:00:00-05:00,__cash_interest__,-0.00013349755769942367,-1.1954675672906747e-08,
2023-03-02 00:00:00-05:00,2023-03-01 00:00:00-05:00,MRK,7.519337666889267,0.0006733549634303203,0.0033755076265269413
2023-03-02 00:00:00-05:00,2023-03-01 00:00:00-05:00,BA,60.52884000496696,0.005420343739515222,0.026937151917038715
2023-03-02 00:00:00-05:00,2023-03-01 00:00:00-05:00,CAT,32.099379283859875,0.0028744920525375505,0.014115132875945902
2023-03-02 00:00:00-05:00,2023-03-01 00:00:00-05:00,JPM,-23.050454574865118,-0.002064162920313648,-0.010382089917311155
2023-03-02 00:00:00-05:00,2023-03-01 00:00:00-05:00,WMT,5.491521291235671,0.0004917644720916713,0.002497364157939108
2023-03-03 00:00:00-05:00,2023-03-01 00:00:00-05:00,__cash_interest__,-0.00013351665825388068,-1.1868608501608733e-08,
2023-03-03 00:00:00-05:00,2023-03-01 00:00:00-05:00,MRK,-2.715508315553634,-0.00024138789497626096,-0.0012149185048646594
2023-03-03 00:00:00-05:00,2023-03-01 00:00:00-05:00,BA,55.47570444311969,0.004931365314239406,0.02404076506927111
2023-03-03 00:00:00-05:00,2023-03-01 00:00:00-05:00,CAT,28.62409244775138,0.002544462626754981,0.012411743699622502
2023-03-03 00:00:00-05:00,2023-03-01 00:00:00-05:00,JPM,40.339261577035536,0.003585851452269305,0.01835970458445635
2023-03-03 00:00:00-05:00,2023-03-01 00:00:00-05:00,WMT,2.667508009832411,0.00023712103536478496,0.0012100733474431635
2023-03-06 00:00:00-05:00,2023-03-01 00:00:00-05:00,__cash_interest__,-0.0001335357615412055,-1.1740487364771416e-08,
2023-03-06 00:00:00-05:00,2023-03-01 00:00:00-05:00,MRK,88.14355379534125,0.007749596570061328,0.03948339782104182
2023-03-06 00:00:00-05:00,2023-03-01 00:00:00-05:00,BA,-35.043074389961845,-0.0030809931912593913,-0.014829633361326588
2023-03-06 00:00:00-05:00,2023-03-01 00:00:00-05:00,CAT,-12.163136264533415,-0.0010693850544723409,-0.0052094211751450015
2023-03-06 00:00:00-05:00,2023-03-01 00:00:00-05:00,JPM,-13.08343544050405,-0.0011502979179823806,-0.005847339826514086
2023-03-06 00:00:00-05:00,2023-03-01 00:00:00-05:00,WMT,-0.3143194283280726,-2.7635018770976912e-05,-0.00014241376850554488
2023-03-07 00:00:00-05:00,2023-03-01 00:00:00-05:00,__cash_interest__,-0.00013355486756178918,-1.1713804842449814e-08,
2023-03-07 00:00:00-05:00,2023-03-01 00:00:00-05:00,MRK,3.5512265072719416,0.0003114702969419869,0.001530328898555533
2023-03-07 00:00:00-05:00,2023-03-01 00:00:00-05:00,BA,-43.94112548015956,-0.0038539798498475075,-0.01887504735070422
2023-03-07 00:00:00-05:00,2023-03-01 00:00:00-05:00,CAT,-71.69729545568471,-0.006288412710310231,-0.030868463225130816
2023-03-07 00:00:00-05:00,2023-03-01 00:00:00-05:00,JPM,-65.414987441538,-0.005737405237641167,-0.029407677151196743
2023-03-07 00:00:00-05:00,2023-03-01 00:00:00-05:00,WMT,-21.96533723055047,-0.0019265316069309603,-0.00995360683100499
2023-03-08 00:00:00-05:00,2023-03-01 00:00:00-05:00,__cash_interest__,-0.0001335739763160228,-1.1924091265779976e-08,
2023-03-08 00:00:00-05:00,2023-03-01 00:00:00-05:00,MRK,-62.45297065522647,-0.005575149759337288,-0.026871716028547876
2023-03-08 00:00:00-05:00,2023-03-01 00:00:00-05:00,BA,-7.909415996196019,-0.0007060701552713166,-0.0034628762362631793
2023-03-08 00:00:00-05:00,2023-03-01 00:00:00-05:00,CAT,23.59447839016133,0.002106268911446704,0.010481897043304933
2023-03-08 00:00:00-05:00,2023-03-01 00:00:00-05:00,JPM,-12.771330095799394,-0.0011400911303817123,-0.005915381214218418
2023-03-08 00:00:00-05:00,2023-03-01 00:00:00-05:00,WMT,-18.043543244974625,-0.0016107393247176745,-0.008258646661327917
2023-03-09 00:00:00-05:00,2023-03-01 00:00:00-05:00,__cash_interest__,-0.0001335930878042974,-1.2008968977973496e-08,
2023-03-09 00:00:00-05:00,2023-03-01 00:00:00-05:00,MRK,-14.202957142060226,-0.0012767342571222589,-0.006279874742487146
2023-03-09 00:00:00-05:00,2023-03-01 00:00:00-05:00,BA,-65.47218309706666,-0.005885434857862325,-0.028764437948167076
2023-03-09 00:00:00-05:00,2023-03-01 00:00:00-05:00,CAT,-70.9659425109948,-0.006379280665745436,-0.0311997379617448
2023-03-09 00:00:00-05:00,2023-03-01 00:00:00-05:00,JPM,-116.189877003135,-0.010444557060685887,-0.05413667089383256
2023-03-09 00:00:00-05:00,2023-03-01 00:00:00-05:00,WMT,-14.591826024905489,-0.0013116905144207576,-0.006734390273095858
2023-03-10 00:00:00-05:00,2023-03-01 00:00:00-05:00,__cash_interest__,-0.00013361220202700422,-1.2322416097525405e-08,
2023-03-10 00:00:00-05:00,2023-03-01 00:00:00-05:00,MRK,1.8796129522873692,0.0001733477373249339,0.0008363278294727383
2023-03-10 00:00:00-05:00,2023-03-01 00:00:00-05:00,BA,20.103085021823947,0.001854011645079984,0.009093628409371446
2023-03-10 00:00:00-05:00,2023-03-01 00:00:00-05:00,CAT,-127.57424872917082,-0.011765564464331817,-0.05789349164553004
2023-03-10 00:00:00-05:00,2023-03-01 00:00:00-05:00,JPM,51.553929233397966,0.004754572994373037,0.02539549230868121
2023-03-10 00:00:00-05:00,2023-03-01 00:00:00-05:00,WMT,-3.137584775339118,-0.00028936447836684344,-0.0014578696944250735
2023-03-13 00:00:00-04:00,2023-03-01 00:00:00-05:00,__cash_interest__,-0.00013363131898453453,-1.2389509155233188e-08,
2023-03-13 00:00:00-04:00,2023-03-01 00:00:00-05:00,MRK,-40.93902958667569,-0.0037956257988382347,-0.018200469981236367
2023-03-13 00:00:00-04:00,2023-03-01 00:00:00-05:00,BA,3.295450313338993,0.0003055347514189752,0.0014772629248482883
2023-03-13 00:00:00-04:00,2023-03-01 00:00:00-05:00,CAT,-21.125261430309372,-0.001958609866956438,-0.01017580584319333
2023-03-13 00:00:00-04:00,2023-03-01 00:00:00-05:00,JPM,-37.380379252144635,-0.003465688691018108,-0.01795755332133886
2023-03-13 00:00:00-04:00,2023-03-01 00:00:00-05:00,WMT,6.276291452266558,0.000581900792416542,0.0029205184124652117
2023-03-14 00:00:00-04:00,2023-03-01 00:00:00-05:00,__cash_interest__,-0.00013365043867727958,-1.249539975405545e-08,
2023-03-14 00:00:00-04:00,2023-03-01 00:00:00-05:00,MRK,41.43404689167059,0.003873799326539113,0.018762019890321113
2023-03-14 00:00:00-04:00,2023-03-01 00:00:00-05:00,BA,42.95249038615786,0.004015763383337895,0.01922605967441915
2023-03-14 00:00:00-04:00,2023-03-01 00:00:00-05:00,CAT,8.870945027889821,0.000829372543904546,0.004316965150597429
2023-03-14 00:00:00-04:00,2023-03-01 00:00:00-05:00,JPM,52.4877978875906,0.004907249263873958,0.02567624754916098
2023-03-14 00:00:00-04:00,2023-03-01 00:00:00-05:00,WMT,11.453119347978049,0.001070788140317727,0.005313909034573738
2023-03-15 00:00:00-04:00,2023-03-01 00:00:00-05:00,__cash_interest__,-0.0001336695611056307,-1.2316177204282828e-08,
2023-03-15 00:00:00-04:00,2023-03-01 00:00:00-05:00,MRK,13.88103643942038,0.001278984558286299,0.006169804277945223
2023-03-15 00:00:00-04:00,2023-03-01 00:00:00-05:00,BA,-99.63641486277437,-0.009180397775673376,-0.04375719856640403
2023-03-15 00:00:00-04:00,2023-03-01 00:00:00-05:00,CAT,-76.91044630695524,-0.007086450181641531,-0.03726689307899844
2023-03-15 00:00:00-04:00,2023-03-01 00:00:00-05:00,JPM,-99.05718707805168,-0.009127028317591207,-0.047244242994650354
2023-03-15 00:00:00-04:00,2023-03-01 00:00:00-05:00,WMT,24.16258149127812,0.002226315646569218,0.011151466135219668
2023-03-16 00:00:00-04:00,2023-03-01 00:00:00-05:00,__cash_interest__,-0.00013368868626997935,-1.2593595403535676e-08,
2023-03-16 00:00:00-04:00,2023-03-01 00:00:00-05:00,MRK,-6.099130538457223,-0.0005745436241295995,-0.002694301183191472
2023-03-16 00:00:00-04:00,2023-03-01 00:00:00-05:00,BA,54.706654288613116,0.005153416412519586,0.025124845158438935
2023-03-16 00:00:00-04:00,2023-03-01 00:00:00-05:00,CAT,13.260533343414613,0.0012491542584599268,0.006674103555931898
2023-03-16 00:00:00-04:00,2023-03-01 00:00:00-05:00,JPM,38.78182628078131,0.003653283182123995,0.01941375651181576
2023-03-16 00:00:00-04:00,2023-03-01 00:00:00-05:00,WMT,-12.44581527004452,-0.0011724070776008757,-0.0056806204482535705
2023-03-17 00:00:00-04:00,2023-03-01 00:00:00-05:00,__cash_interest__,-0.00013370781417071693,-1.2491605882947732e-08,
2023-03-17 00:00:00-04:00,2023-03-01 00:00:00-05:00,MRK,-68.14478380492805,-0.0063664026485616455,-0.030184398828397074
2023-03-17 00:00:00-04:00,2023-03-01 00:00:00-05:00,BA,-23.50849542700172,-0.0021962729822225914,-0.010532011240393269
2023-03-17 00:00:00-04:00,2023-03-01 00:00:00-05:00,CAT,-33.83694916954486,-0.003161205169113143,-0.01691742467094648
2023-03-17 00:00:00-04:00,2023-03-01 00:00:00-05:00,JPM,-76.94034353844012,-0.007188124747545896,-0.03778200080482652
2023-03-17 00:00:00-04:00,2023-03-01 00:00:00-05:00,WMT,17.64433326313023,0.0016484156783013104,0.008099379905575965
2023-03-20 00:00:00-04:00,2023-03-01 00:00:00-05:00,__cash_interest__,-0.000133726944808235,-1.2712862967215099e-08,
2023-03-20 00:00:00-04:00,2023-03-01 00:00:00-05:00,MRK,36.806680402101215,0.003499057612517739,0.016810761878397473
2023-03-20 00:00:00-04:00,2023-03-01 00:00:00-05:00,BA,40.86526010631569,0.0038848898596777117,0.01850286577586102
2023-03-20 00:00:00-04:00,2023-03-01 00:00:00-05:00,CAT,48.46900826445318,0.004607746487489218,0.024650014977320778
2023-03-20 00:00:00-04:00,2023-03-01 00:00:00-05:00,JPM,20.714881273096722,0.0019692773762583697,0.010571577642537688
2023-03-20 00:00:00-04:00,2023-03-01 00:00:00-05:00,WMT,23.631361089207893,0.0022465349499062107,0.010760486497752852
2023-03-21 00:00:00-04:00,2023-03-01 00:00:00-05:00,__cash_interest__,-0.00013374607818292513,-1.2511895432546921e-08,
2023-03-21 00:00:00-04:00,2023-03-01 00:00:00-05:00,MRK,-6.520267307953602,-0.0006099685602578276,-0.0029287750276288937
2023-03-21 00:00:00-04:00,2023-03-01 00:00:00-05:00,BA,-0.7690501545065769,-7.194435340683346e-05,-0.00034188271112989277
2023-03-21 00:00:00-04:00,2023-03-01 00:00:00-05:00,CAT,42.159048593255555,0.003943963177843824,0.020925136741137162
2023-03-21 00:00:00-04:00,2023-03-01 00:00:00-05:00,JPM,53.11084929177402,0.004968500024079747,0.02682091081463822
2023-03-21 00:00:00-04:00,2023-03-01 00:00:00-05:00,WMT,-7.561803688884939,-0.0007074038979099931,-0.003406593499160615
2023-03-22 00:00:00-04:00,2023-03-01 00:00:00-05:00,__cash_interest__,-0.00013376521429517895,-1.2420246431957405e-08,
2023-03-22 00:00:00-04:00,2023-03-01 00:00:00-05:00,MRK,-23.97697992826414,-0.002226288807387423,-0.01080162035479526
2023-03-22 00:00:00-04:00,2023-03-01 00:00:00-05:00,BA,-93.81422914642053,-0.008710753770793002,-0.041719557466784574
2023-03-22 00:00:00-04:00,2023-03-01 00:00:00-05:00,CAT,-45.45123982989915,-0.0042201973233462016,-0.022096797753198616
2023-03-22 00:00:00-04:00,2023-03-01 00:00:00-05:00,JPM,-52.487926697060146,-0.004873561394230868,-0.025813981214838688
2023-03-22 00:00:00-04:00,2023-03-01 00:00:00-05:00,WMT,-14.178966240403177,-0.0013165325214341552,-0.006409460475233275
2023-03-23 00:00:00-04:00,2023-03-01 00:00:00-05:00,__cash_interest__,-0.00013378435314538811,-1.269298504159907e-08,
2023-03-23 00:00:00-04:00,2023-03-01 00:00:00-05:00,MRK,-3.5753218377942417,-0.0003392138582656758,-0.0016282690749341855
2023-03-23 00:00:00-04:00,2023-03-01 00:00:00-05:00,BA,19.11428230573103,0.0018134953279916456,0.008870260001484276
2023-03-23 00:00:00-04:00,2023-03-01 00:00:00-05:00,CAT,-4.664011117614353,-0.00044250483676066215,-0.0023187146977076134
2023-03-23 00:00:00-04:00,2023-03-01 00:00:00-05:00,JPM,-5.29561491188519,-0.0005024291651623898,-0.0026734377455829295
2023-03-23 00:00:00-04:00,2023-03-01 00:00:00-05:00,WMT,17.80214741988745,0.0016890046227110856,0.008099194912446261
2023-03-24 00:00:00-04:00,2023-03-01 00:00:00-05:00,__cash_interest__,-0.00013380349473394437,-1.2666702083378966e-08,
2023-03-24 00:00:00-04:00,2023-03-01 00:00:00-05:00,MRK,11.98831279258411,0.001134891035005984,0.005468608377570128
2023-03-24 00:00:00-04:00,2023-03-01 00:00:00-05:00,BA,-4.06450046784557,-0.00038477183758410034,-0.001869606511362698
2023-03-24 00:00:00-04:00,2023-03-01 00:00:00-05:00,CAT,-22.222511444452042,-0.0021037263082781346,-0.01107360557995929
2023-03-24 00:00:00-04:00,2023-03-01 00:00:00-05:00,JPM,-30.059493050622095,-0.0028456255496668837,-0.015215910499430718
2023-03-24 00:00:00-04:00,2023-03-01 00:00:00-05:00,WMT,18.117027799009684,0.0017150747386879236,0.008176230763609293
2023-03-27 00:00:00-04:00,2023-03-01 00:00:00-05:00,__cash_interest__,-0.00013382263906123955,-1.2700063533217654e-08,
2023-03-27 00:00:00-04:00,2023-03-01 00:00:00-05:00,MRK,44.79906610203858,0.004251530157497086,0.020324468728995848
2023-03-27 00:00:00-04:00,2023-03-01 00:00:00-05:00,BA,33.39534923329235,0.003169292280827897,0.015390110685509217
2023-03-27 00:00:00-04:00,2023-03-01 00:00:00-05:00,CAT,9.053452368400619,0.0008591925931234336,0.004561904242472492
2023-03-27 00:00:00-04:00,2023-03-01 00:00:00-05:00,JPM,55.75827031930798,0.005291582803366189,0.028660552798537742
2023-03-27 00:00:00-04:00,2023-03-01 00:00:00-05:00,WMT,37.33744581013356,0.00354340593851068,0.016713766896508275
2023-03-28 00:00:00-04:00,2023-03-01 00:00:00-05:00,__cash_interest__,-0.00013384178612766548,-1.248814612263139e-08,
2023-03-28 00:00:00-04:00,2023-03-01 00:00:00-05:00,MRK,-29.445379755990565,-0.0027474095771438155,-0.013092696467452702
2023-03-28 00:00:00-04:00,2023-03-01 00:00:00-05:00,BA,48.22537850959147,0.004499682730418225,0.021887616439840274
2023-03-28 00:00:00-04:00,2023-03-01 00:00:00-05:00,CAT,19.753588614077138,0.0018431142335745647,0.009908347837825682
2023-03-28 00:00:00-04:00,2023-03-01 00:00:00-05:00,JPM,6.074139345807988,0.0005667493083760887,0.003035204341096609
2023-03-28 00:00:00-04:00,2023-03-01 00:00:00-05:00,WMT,-8.82226012336414,-0.0008231635032675509,-0.0038842832327590227
2023-03-29 00:00:00-04:00,2023-03-01 00:00:00-05:00,__cash_interest__,-0.00013386093593361405,-1.2448368288209822e-08,
2023-03-29 00:00:00-04:00,2023-03-01 00:00:00-05:00,MRK,-12.829523302289118,-0.0011930786970462276,-0.005780243004407715
2023-03-29 00:00:00-04:00,2023-03-01 00:00:00-05:00,BA,33.06563657986723,0.0030749315994206268,0.014685765067514067
2023-03-29 00:00:00-04:00,2023-03-01 00:00:00-05:00,CAT,25.972074017911574,0.0024152673095304555,0.012899708877653904
2023-03-29 00:00:00-04:00,2023-03-01 00:00:00-05:00,JPM,4.049383294048811,0.00037657150857994077,0.0020173251117350244
2023-03-29 00:00:00-04:00,2023-03-01 00:00:00-05:00,WMT,9.767462211525,0.0009083229995533235,0.004317208053939758
2023-03-30 00:00:00-04:00,2023-03-01 00:00:00-05:00,__cash_interest__,-0.00013388008847947728,-1.2381038390577047e-08,
2023-03-30 00:00:00-04:00,2023-03-01 00:00:00-05:00,MRK,21.032565972748653,0.0019450615077899617,0.009531153140829307
2023-03-30 00:00:00-04:00,2023-03-01 00:00:00-05:00,BA,33.72472664253503,0.0031188143062584645,0.014761706243256345
2023-03-30 00:00:00-04:00,2023-03-01 00:00:00-05:00,CAT,14.083213490729197,0.0013023953664188044,0.006905714092244608
2023-03-30 00:00:00-04:00,2023-03-01 00:00:00-05:00,JPM,-6.073752917399357,-0.0005616919506049492,-0.0030197354534220455
2023-03-30 00:00:00-04:00,2023-03-01 00:00:00-05:00,WMT,22.68615900104703,0.00209798341722604,0.009984154812949786
2023-03-31 00:00:00-04:00,2023-03-01 00:00:00-05:00,__cash_interest__,-0.00013389924376564717,-1.228572131370735e-08,
2023-03-31 00:00:00-04:00,2023-03-01 00:00:00-05:00,MRK,9.885109346773634,0.0009069931627286931,0.004437260646475094
2023-03-31 00:00:00-04:00,2023-03-01 00:00:00-05:00,BA,15.2695343994718,0.0014010328882089452,0.00658642643038676
2023-03-31 00:00:00-04:00,2023-03-01 00:00:00-05:00,CAT,39.3242286934279,0.0036081347513024485,0.01915041715400223
2023-03-31 00:00:00-04:00,2023-03-01 00:00:00-05:00,JPM,24.296557383231953,0.002229293642728317,0.012116298323891828
2023-03-31 00:00:00-04:00,2023-03-01 00:00:00-05:00,WMT,28.042117183693854,0.0025729617813836764,0.01221930694658524
2023-04-03 00:00:00-04:00,2023-04-03 00:00:00-04:00,__cash_interest__,-0.00013391840179251575,-1.2157173631544402e-08,
2023-04-03 00:00:00-04:00,2023-04-03 00:00:00-04:00,MRK,-9.25449453177336,-0.0008401272371011426,0.023310404434982557
2023-04-03 00:00:00-04:00,2023-04-03 00:00:00-04:00,BA,30.887872196855653,0.0028040151344392236,0.013934033874326124
2023-04-03 00:00:00-04:00,2023-04-03 00:00:00-04:00,CAT,9.35809708539092,0.0008495323242000124,0.004500843029656032
2023-04-03 00:00:00-04:00,2023-04-03 00:00:00-04:00,JPM,-6.2299619397657295,-0.0005655587880819372,-0.0011510867161089733
2023-04-03 00:00:00-04:00,2023-04-03 00:00:00-04:00,WMT,18.73293770427813,0.0017005846340121243,0.008409794117530955
2023-04-03 00:00:00-04:00,2023-04-03 00:00:00-04:00,__costs__,-1.583042961856782,-0.000143709362536335,
2023-04-03 00:00:00-04:00,2023-04-03 00:00:00-04:00,CSCO,10.583247863690639,0.0009607520709805019,0.0005736480286511192
2023-04-03 00:00:00-04:00,2023-04-03 00:00:00-04:00,AAPL,25.49042470956356,0.0023140323882904403,0.007701541135793688
2023-04-04 00:00:00-04:00,2023-04-03 00:00:00-04:00,__cash_interest__,-0.00022649851294543079,-2.0417095362605412e-08,
2023-04-04 00:00:00-04:00,2023-04-03 00:00:00-04:00,BA,-15.43118840705393,-0.0013910027097663864,-0.006917709723693322
2023-04-04 00:00:00-04:00,2023-04-03 00:00:00-04:00,CAT,-119.00300261324989,-0.010727203552883719,-0.0540305273350421
2023-04-04 00:00:00-04:00,2023-04-03 00:00:00-04:00,WMT,-21.780849813416122,-0.001963375749960191,-0.009819256960359124
2023-04-04 00:00:00-04:00,2023-04-03 00:00:00-04:00,CSCO,-4.265115146550272,-0.00038446726005918517,-0.001926047839896916
2023-04-04 00:00:00-04:00,2023-04-03 00:00:00-04:00,AAPL,-7.244893288889066,-0.0006530712950278203,-0.0032497841207501654
2023-04-05 00:00:00-04:00,2023-04-03 00:00:00-04:00,__cash_interest__,-0.00022653091988422051,-2.073348914385604e-08,
2023-04-05 00:00:00-04:00,2023-04-03 00:00:00-04:00,BA,-40.39014680087778,-0.003696752172474995,-0.01823279106016129
2023-04-05 00:00:00-04:00,2023-04-03 00:00:00-04:00,CAT,-37.55944297817607,-0.003437668922349784,-0.018026993751785958
2023-04-05 00:00:00-04:00,2023-04-03 00:00:00-04:00,WMT,36.400275618366244,0.003331574867362443,0.01657272793889608
2023-04-05 00:00:00-04:00,2023-04-03 00:00:00-04:00,CSCO,0.00035487915684571887,3.248070130824567e-08,1.60566182128008e-07
2023-04-05 00:00:00-04:00,2023-04-03 00:00:00-04:00,AAPL,-25.087806970507334,-0.0022961888546253256,-0.011290128379730868
2023-04-06 00:00:00-04:00,2023-04-03 00:00:00-04:00,__cash_interest__,-0.00022656333145972804,-2.086370386532847e-08,
2023-04-06 00:00:00-04:00,2023-04-03 00:00:00-04:00,BA,14.188305255956847,0.0013065688843112073,0.00652378627232153
2023-04-06 00:00:00-04:00,2023-04-03 00:00:00-04:00,CAT,-41.77594345855755,-0.003847051980558377,-0.02041883137031386
2023-04-06 00:00:00-04:00,2023-04-03 00:00:00-04:00,WMT,16.857304409583502,0.0015523509691671453,0.0075498618311686805
2023-04-06 00:00:00-04:00,2023-04-03 00:00:00-04:00,CSCO,-23.45839946539413,-0.0021602308566316237,-0.0106138243446392
2023-04-06 00:00:00-04:00,2023-04-03 00:00:00-04:00,AAPL,12.074336700283313,0.0011118983096775159,0.0054957958619978875
2023-04-10 00:00:00-04:00,2023-04-03 00:00:00-04:00,__cash_interest__,-0.00022659574767261675,-2.090927042775815e-08,
2023-04-10 00:00:00-04:00,2023-04-03 00:00:00-04:00,BA,-6.1102758957812915,-0.0005638296940933402,-0.0027912965488007258
2023-04-10 00:00:00-04:00,2023-04-03 00:00:00-04:00,CAT,60.9387170285602,0.005623159864904985,0.030405874225680085
2023-04-10 00:00:00-04:00,2023-04-03 00:00:00-04:00,WMT,-4.325963293646873,-0.00039918108480174573,-0.0019229463012995218
2023-04-10 00:00:00-04:00,2023-04-03 00:00:00-04:00,CSCO,2.5592110395929017,0.00023615286808411137,0.0011703446686552876
2023-04-10 00:00:00-04:00,2023-04-03 00:00:00-04:00,AAPL,-35.284084579994285,-0.0032558619208728776,-0.015972242889222832
2023-04-11 00:00:00-04:00,2023-04-03 00:00:00-04:00,__cash_interest__,-0.00022662816852355016,-2.0878013390490703e-08,
2023-04-11 00:00:00-04:00,2023-04-03 00:00:00-04:00,BA,15.949043217752614,0.0014692981019751381,0.007306236615621131
2023-04-11 00:00:00-04:00,2023-04-03 00:00:00-04:00,CAT,48.57904702916975,0.004475321849794189,0.023523657811386656
2023-04-11 00:00:00-04:00,2023-04-03 00:00:00-04:00,WMT,-6.564196021012218,-0.0006047234698022878,-0.0029234912413943492
2023-04-11 00:00:00-04:00,2023-04-03 00:00:00-04:00,CSCO,-30.282015893223615,-0.0027897164656479,-0.013831984278347198
2023-04-11 00:00:00-04:00,2023-04-03 00:00:00-04:00,AAPL,-16.5016212302652,-0.0015202040913748173,-0.0075911280389850955
2023-04-12 00:00:00-04:00,2023-04-03 00:00:00-04:00,__cash_interest__,-0.00022666059401319185,-2.0859516209470385e-08,
2023-04-12 00:00:00-04:00,2023-04-03 00:00:00-04:00,BA,0.20701550259849716,1.9051583495866442e-05,9.414569038401766e-05
2023-04-12 00:00:00-04:00,2023-04-03 00:00:00-04:00,CAT,-0.9584006207919888,-8.820136279804081e-05,-0.0004534245839373785
2023-04-12 00:00:00-04:00,2023-04-03 00:00:00-04:00,WMT,-10.890513437391052,-0.0010022511525029012,-0.004864521490750007
2023-04-12 00:00:00-04:00,2023-04-03 00:00:00-04:00,CSCO,-21.75231791885834,-0.0020018602271710735,-0.010075215233521617
2023-04-12 00:00:00-04:00,2023-04-03 00:00:00-04:00,AAPL,-9.39133569940707,-0.0008642822106032168,-0.004353278272174799
2023-04-13 00:00:00-04:00,2023-04-03 00:00:00-04:00,__cash_interest__,-0.00022669302414220555,-2.0944972922065443e-08,
2023-04-13 00:00:00-04:00,2023-04-03 00:00:00-04:00,BA,12.945580131960984,0.0011960880858612607,0.0058867854457853586
2023-04-13 00:00:00-04:00,2023-04-03 00:00:00-04:00,CAT,11.210051505543339,0.0010357364375327082,0.005305942622188642
2023-04-13 00:00:00-04:00,2023-04-03 00:00:00-04:00,WMT,2.2382327273653453,0.0002067982640636528,0.0010046500331293284
2023-04-13 00:00:00-04:00,2023-04-03 00:00:00-04:00,CSCO,29.429063839744927,0.0027190556373650385,0.013769654389595098
2023-04-13 00:00:00-04:00,2023-04-03 00:00:00-04:00,AAPL,73.25137820994988,0.006767954765775828,0.03410355057125325
2023-04-14 00:00:00-04:00,2023-04-03 00:00:00-04:00,__cash_interest__,-0.00022672545891125505,-2.0701096436314118e-08,
2023-04-14 00:00:00-04:00,2023-04-03 00:00:00-04:00,BA,-123.03468611572835,-0.011233643167043976,-0.05562053386259613
2023-04-14 00:00:00-04:00,2023-04-03 00:00:00-04:00,CAT,19.259229966886217,0.001758457910938518,0.009067667994741901
2023-04-14 00:00:00-04:00,2023-04-03 00:00:00-04:00,WMT,-15.067745183613916,-0.0013757557162819135,-0.006756499257014492
2023-04-14 00:00:00-04:00,2023-04-03 00:00:00-04:00,CSCO,-11.088731574379755,-0.0010124531350821377,-0.005117869129371733
2023-04-14 00:00:00-04:00,2023-04-03 00:00:00-04:00,AAPL,-4.695251751533425,-0.00042869847862701214,-0.0021138718248835398
2023-04-17 00:00:00-04:00,2023-04-03 00:00:00-04:00,__cash_interest__,-0.0002267578983210042,-2.0961722169986513e-08,
2023-04-17 00:00:00-04:00,2023-04-03 00:00:00-04:00,BA,34.383378656395735,0.003178433192393242,0.016459233329654266
2023-04-17 00:00:00-04:00,2023-04-03 00:00:00-04:00,CAT,14.947043508126635,0.0013817193385542556,0.00697415666811807
2023-04-17 00:00:00-04:00,2023-04-03 00:00:00-04:00,WMT,15.515356316813788,0.0014342547311008945,0.007004537877717931
2023-04-17 00:00:00-04:00,2023-04-03 00:00:00-04:00,CSCO,-11.08961877227187,-0.0010251352186478513,-0.005144608035410503
2023-04-17 00:00:00-04:00,2023-04-03 00:00:00-04:00,AAPL,0.2681752706365909,2.479038462416574e-05,0.00012099223772366052
2023-04-18 00:00:00-04:00,2023-04-03 00:00:00-04:00,__cash_interest__,-0.00022679034237211703,-2.0860542913522006e-08,
2023-04-18 00:00:00-04:00,2023-04-03 00:00:00-04:00,BA,34.59055218609545,0.0031816949995891086,0.01629028121629128
2023-04-18 00:00:00-04:00,2023-04-03 00:00:00-04:00,CAT,-0.38289799721351964,-3.5219577777560085e-05,-0.0001774194262348372
2023-04-18 00:00:00-04:00,2023-04-03 00:00:00-04:00,WMT,4.922837158368696,0.0004528105329544078,0.0022069971724907322
2023-04-18 00:00:00-04:00,2023-04-03 00:00:00-04:00,CSCO,1.2793393604288166,0.00011767570589665584,0.0005965700942969221
2023-04-18 00:00:00-04:00,2023-04-03 00:00:00-04:00,AAPL,16.63560484104097,0.0015301698698859379,0.007504553084435983
2023-04-19 00:00:00-04:00,2023-04-03 00:00:00-04:00,__cash_interest__,-0.00022682279106525757,-2.0754625778484204e-08,
2023-04-19 00:00:00-04:00,2023-04-03 00:00:00-04:00,BA,3.5213178964903147,0.00032220587201798993,0.0016317685110491809
2023-04-19 00:00:00-04:00,2023-04-03 00:00:00-04:00,CAT,-5.2702789121493865,-0.0004822384296401133,-0.0024424671660475683
2023-04-19 00:00:00-04:00,2023-04-03 00:00:00-04:00,WMT,2.3866101520573917,0.00021837841053120452,0.0010676044118145267
2023-04-19 00:00:00-04:00,2023-04-03 00:00:00-04:00,CSCO,-96.81742181233533,-0.008858939391035712,-0.04512011735748844
2023-04-19 00:00:00-04:00,2023-04-03 00:00:00-04:00,AAPL,15.563111807579661,0.0014240480861647399,0.0069684414976489695
2023-04-20 00:00:00-04:00,2023-04-03 00:00:00-04:00,__cash_interest__,-0.00022685524440109006,-2.0911852975391438e-08,
2023-04-20 00:00:00-04:00,2023-04-03 00:00:00-04:00,BA,-15.327680655754683,-0.0014129283419173763,-0.007091231559190003
2023-04-20 00:00:00-04:00,2023-04-03 00:00:00-04:00,CAT,-22.803771426805657,-0.002102085480195761,-0.010594094963882084
2023-04-20 00:00:00-04:00,2023-04-03 00:00:00-04:00,WMT,14.321608587370141,0.0013201871261158675,0.006399665415032452
2023-04-20 00:00:00-04:00,2023-04-03 00:00:00-04:00,CSCO,-62.27011333298302,-0.005740151426598652,-0.030391183969903368
2023-04-20 00:00:00-04:00,2023-04-03 00:00:00-04:00,AAPL,-13.14828607734001,-0.0012120285164824664,-0.00584645357889213
2023-04-21 00:00:00-04:00,2023-04-03 00:00:00-04:00,__cash_interest__,-0.0002268877023802787,-2.1107919723317453e-08,
2023-04-21 00:00:00-04:00,2023-04-03 00:00:00-04:00,BA,-21.541464302835223,-0.0020040552857503707,-0.010037165825112604
2023-04-21 00:00:00-04:00,2023-04-03 00:00:00-04:00,CAT,-7.70726672861982,-0.0007170259370039942,-0.003618954087540649
2023-04-21 00:00:00-04:00,2023-04-03 00:00:00-04:00,WMT,11.337416325127002,0.0010547476621695056,0.005033952112713402
2023-04-21 00:00:00-04:00,2023-04-03 00:00:00-04:00,CSCO,19.192397120951746,0.0017855158013283807,0.009660522782696468
2023-04-21 00:00:00-04:00,2023-04-03 00:00:00-04:00,AAPL,-21.86762323201769,-0.002034398651309636,-0.009780734666166357
2023-04-24 00:00:00-04:00,2023-04-03 00:00:00-04:00,__cash_interest__,-0.00022692016500348787,-2.1151449851141507e-08,
2023-04-24 00:00:00-04:00,2023-04-03 00:00:00-04:00,BA,6.421115203881477,0.0005985184094203958,0.003022229560920353
2023-04-24 00:00:00-04:00,2023-04-03 00:00:00-04:00,CAT,30.442162741037368,0.0028375436734211935,0.014346062887294675
2023-04-24 00:00:00-04:00,2023-04-03 00:00:00-04:00,WMT,15.365916523925858,0.0014322720625892758,0.00678848278821631
2023-04-24 00:00:00-04:00,2023-04-03 00:00:00-04:00,CSCO,15.354556479243719,0.0014312131817472084,0.00765479048047446
2023-04-24 00:00:00-04:00,2023-04-03 00:00:00-04:00,AAPL,4.158693161175187,0.00038763584471891287,0.0018784316688411629
2023-04-25 00:00:00-04:00,2023-04-03 00:00:00-04:00,__cash_interest__,-0.00022695263227138205,-2.1013952452103753e-08,
2023-04-25 00:00:00-04:00,2023-04-03 00:00:00-04:00,BA,-37.0761604611884,-0.0034329483876897344,-0.017398074338932257
2023-04-25 00:00:00-04:00,2023-04-03 00:00:00-04:00,CAT,-46.240826865099265,-0.00428152133493314,-0.021483086173302968
2023-04-25 00:00:00-04:00,2023-04-03 00:00:00-04:00,WMT,-17.752349614617266,-0.0016437219827819091,-0.007789899508501508
2023-04-25 00:00:00-04:00,2023-04-03 00:00:00-04:00,CSCO,-12.795700318807663,-0.0011847769087307428,-0.006330650212635458
2023-04-25 00:00:00-04:00,2023-04-03 00:00:00-04:00,AAPL,-20.92890576024709,-0.0019378450301228334,-0.009435610792029037
2023-04-26 00:00:00-04:00,2023-04-03 00:00:00-04:00,__cash_interest__,-0.00022698510418462574,-2.128258349060552e-08,
2023-04-26 00:00:00-04:00,2023-04-03 00:00:00-04:00,BA,8.699391922173488,0.0008156726211891082,0.004154489973529074
2023-04-26 00:00:00-04:00,2023-04-03 00:00:00-04:00,CAT,-23.505930852681715,-0.0022039637256975695,-0.011160411204232612
2023-04-26 00:00:00-04:00,2023-04-03 00:00:00-04:00,WMT,-9.846205500835335,-0.0009232001870340392,-0.004354529779066918
2023-04-26 00:00:00-04:00,2023-04-03 00:00:00-04:00,CSCO,-23.45751226750202,-0.0021994239010016473,-0.011679501749981669
2023-04-26 00:00:00-04:00,2023-04-03 00:00:00-04:00,AAPL,-0.13377556169071214,-1.2543067841004478e-05,-6.0886017492989275e-05
2023-04-27 00:00:00-04:00,2023-04-03 00:00:00-04:00,__cash_interest__,-0.00022701758074388363,-2.1382351186808982e-08,
2023-04-27 00:00:00-04:00,2023-04-03 00:00:00-04:00,BA,31.172900068005607,0.002936115760644039,0.014825368294997254
2023-04-27 00:00:00-04:00,2023-04-03 00:00:00-04:00,CAT,-17.918701767386167,-0.0016877282047781164,-0.008603663933304917
2023-04-27 00:00:00-04:00,2023-04-03 00:00:00-04:00,WMT,7.011453031480128,0.0006603953339546094,0.0031144092174368865
2023-04-27 00:00:00-04:00,2023-04-03 00:00:00-04:00,CSCO,0.8529520534786853,8.033792049597683e-05,0.00042970378597018133
2023-04-27 00:00:00-04:00,2023-04-03 00:00:00-04:00,AAPL,62.38435035024386,0.005875862492142178,0.02839506617093779
2023-04-28 00:00:00-04:00,2023-04-03 00:00:00-04:00,__cash_interest__,-0.00022705006194982045,-2.121852761768017e-08,
2023-04-28 00:00:00-04:00,2023-04-03 00:00:00-04:00,BA,7.663840327877342,0.0007162094837503082,0.0035915624018507675
2023-04-28 00:00:00-04:00,2023-04-03 00:00:00-04:00,CAT,43.06223419527323,0.004024298419937687,0.020855766019727273
2023-04-28 00:00:00-04:00,2023-04-03 00:00:00-04:00,WMT,-6.1164078264463635,-0.0005715971503021646,-0.0027084050407820692
2023-04-28 00:00:00-04:00,2023-04-03 00:00:00-04:00,CSCO,29.428708960588082,0.002750203494641257,0.014819351292842065
2023-04-28 00:00:00-04:00,2023-04-03 00:00:00-04:00,AAPL,17.03817982062344,0.001592270382902599,0.007541026054684652
2023-05-01 00:00:00-04:00,2023-05-01 00:00:00-04:00,__cash_interest__,-0.00022708254780310106,-2.104246346706731e-08,
2023-05-01 00:00:00-04:00,2023-05-01 00:00:00-04:00,BA,-30.379188295519754,-0.002815068643768773,-0.014072945542548898
2023-05-01 00:00:00-04:00,2023-05-01 00:00:00-04:00,CAT,-15.154267927060955,-0.0014042608395508558,-0.006992745772802289
2023-05-01 00:00:00-04:00,2023-05-01 00:00:00-04:00,WMT,1.0446623836919653,9.680299193805963e-05,0.00410689580187662
2023-05-01 00:00:00-04:00,2023-05-01 00:00:00-04:00,CSCO,-2.1320289263900083,-0.00019756313828745862,0.0019050076007478545
2023-05-01 00:00:00-04:00,2023-05-01 00:00:00-04:00,AAPL,-5.366461238231286,-0.0004972798026329549,-0.0005304417737337364
2023-05-01 00:00:00-04:00,2023-05-01 00:00:00-04:00,__costs__,-3.0346413527317067,-0.0002812031590198524,
2023-05-01 00:00:00-04:00,2023-05-01 00:00:00-04:00,MRK,10.05832334471045,0.00093204829507435,0.007534320926266602
2023-05-01 00:00:00-04:00,2023-05-01 00:00:00-04:00,JPM,-16.07192439797419,-0.0014892949073439154,0.02141198124994359
2023-05-01 00:00:00-04:00,2023-05-01 00:00:00-04:00,TRV,17.828128528813213,0.0016520324740191658,0.0034227101066361953
2023-05-02 00:00:00-04:00,2023-05-01 00:00:00-04:00,__cash_interest__,-0.0004341902085269198,-4.0395703040136214e-08,
2023-05-02 00:00:00-04:00,2023-05-01 00:00:00-04:00,BA,-6.483956841086277,-0.0006032471251855547,-0.003041129798581288
2023-05-02 00:00:00-04:00,2023-05-01 00:00:00-04:00,CAT,-20.847973780579036,-0.0019396304690657302,-0.009757444904844204
2023-05-02 00:00:00-04:00,2023-05-01 00:00:00-04:00,MRK,28.8716995561444,0.0026861328943619685,0.013323124042879053
2023-05-02 00:00:00-04:00,2023-05-01 00:00:00-04:00,JPM,-34.570187139701325,-0.0032163024092025983,-0.0161474529341602
2023-05-02 00:00:00-04:00,2023-05-01 00:00:00-04:00,TRV,-14.717135612112239,-0.0013692364040296862,-0.006767100968492756
2023-05-03 00:00:00-04:00,2023-05-01 00:00:00-04:00,__cash_interest__,-0.00043425233156396697,-4.058176009692185e-08,
2023-05-03 00:00:00-04:00,2023-05-01 00:00:00-04:00,BA,-24.262815858095145,-0.0022674092937690284,-0.011414550180658067
2023-05-03 00:00:00-04:00,2023-05-01 00:00:00-04:00,CAT,4.8188506082084706,0.0004503313514078756,0.0022775825791880866
2023-05-03 00:00:00-04:00,2023-05-01 00:00:00-04:00,MRK,6.146837477850911,0.0005744344146236762,0.002799223005718776
2023-05-03 00:00:00-04:00,2023-05-01 00:00:00-04:00,JPM,-44.5769929617645,-0.004165810296749154,-0.021163283581384196
2023-05-03 00:00:00-04:00,2023-05-01 00:00:00-04:00,TRV,-16.511898796216347,-0.001543070392459134,-0.0076440811069117265
2023-05-04 00:00:00-04:00,2023-05-01 00:00:00-04:00,__cash_interest__,-0.00043431446348944977,-4.08716886432618e-08,
2023-05-04 00:00:00-04:00,2023-05-01 00:00:00-04:00,BA,-40.577231285552706,-0.0038185694986623874,-0.019310156599090522
2023-05-04 00:00:00-04:00,2023-05-01 00:00:00-04:00,CAT,-51.726712970215054,-0.004867804977232488,-0.024392568560870687
2023-05-04 00:00:00-04:00,2023-05-01 00:00:00-04:00,MRK,-15.832872560051667,-0.0014899716495824105,-0.007190043130568147
2023-05-04 00:00:00-04:00,2023-05-01 00:00:00-04:00,JPM,-28.201529836101237,-0.0026539391238873337,-0.013678381079280433
2023-05-04 00:00:00-04:00,2023-05-01 00:00:00-04:00,TRV,-0.11954754232886043,-1.1250166270944454e-05,-5.5770104241292806e-05
2023-05-05 00:00:00-04:00,2023-05-01 00:00:00-04:00,__cash_interest__,-0.00043437660430463996,-4.140929712801626e-08,
2023-05-05 00:00:00-04:00,2023-05-01 00:00:00-04:00,BA,13.490849461071937,0.0012860881279210701,0.006546527613064734
2023-05-05 00:00:00-04:00,2023-05-01 00:00:00-04:00,CAT,46.31787285156529,0.0044155015261894874,0.02238804438272779
2023-05-05 00:00:00-04:00,2023-05-01 00:00:00-04:00,MRK,5.77433991122888,0.0005504701559261339,0.002641240821219748
2023-05-05 00:00:00-04:00,2023-05-01 00:00:00-04:00,JPM,39.72525733447856,0.0037870248262649314,0.019534855263660944
2023-05-05 00:00:00-04:00,2023-05-01 00:00:00-04:00,TRV,37.81034943310071,0.0036044758826175665,0.017639883651831223
2023-05-08 00:00:00-04:00,2023-05-01 00:00:00-04:00,__cash_interest__,-0.0004344387540108095,-4.0857778009556864e-08,
2023-05-08 00:00:00-04:00,2023-05-01 00:00:00-04:00,BA,-11.294742598327565,-0.001062239686255225,-0.0054452044519290865
2023-05-08 00:00:00-04:00,2023-05-01 00:00:00-04:00,CAT,-2.950262129391464,-0.000277464093706704,-0.0013948014662927832
2023-05-08 00:00:00-04:00,2023-05-01 00:00:00-04:00,MRK,13.038670088945885,0.0012262513026651965,0.005948307179121093
2023-05-08 00:00:00-04:00,2023-05-01 00:00:00-04:00,JPM,5.003154072173926,0.0004705329728098025,0.002413155333222061
2023-05-08 00:00:00-04:00,2023-05-01 00:00:00-04:00,TRV,3.230496228928833,0.0003038193452212155,0.0014810173424617545
2023-05-09 00:00:00-04:00,2023-05-01 00:00:00-04:00,__cash_interest__,-0.00043450091260923047,-4.0836636597803336e-08,
2023-05-09 00:00:00-04:00,2023-05-01 00:00:00-04:00,BA,48.31642548911153,0.004541026847458396,0.023420919115033634
2023-05-09 00:00:00-04:00,2023-05-01 00:00:00-04:00,CAT,-12.78441679783218,-0.0012015454231219364,-0.0060525570154519315
2023-05-09 00:00:00-04:00,2023-05-01 00:00:00-04:00,MRK,-17.69520348601497,-0.001663086482242811,-0.008024906634632067
2023-05-09 00:00:00-04:00,2023-05-01 00:00:00-04:00,JPM,-10.00693024149201,-0.0009405029123584314,-0.004814991398401469
2023-05-09 00:00:00-04:00,2023-05-01 00:00:00-04:00,TRV,14.118622875882338,0.0013269409911743227,0.006463094733901054
2023-05-10 00:00:00-04:00,2023-05-01 00:00:00-04:00,__cash_interest__,-0.00043456308010117516,-4.0758403303531775e-08,
2023-05-10 00:00:00-04:00,2023-05-01 00:00:00-04:00,BA,-10.876489721765074,-0.0010201242924346167,-0.0051516173953214395
2023-05-10 00:00:00-04:00,2023-05-01 00:00:00-04:00,CAT,-3.1465582928227454,-0.0002951210026564681,-0.0014987539103017422
2023-05-10 00:00:00-04:00,2023-05-01 00:00:00-04:00,MRK,8.754320444205128,0.000821082461101373,0.004002267375247781
2023-05-10 00:00:00-04:00,2023-05-01 00:00:00-04:00,JPM,1.06092446964655,9.950589313379341e-05,0.0005129502955554255
2023-05-10 00:00:00-04:00,2023-05-01 00:00:00-04:00,TRV,-7.059311437941169,-0.0006621047111638025,-0.0032107956902334145
2023-05-11 00:00:00-04:00,2023-05-01 00:00:00-04:00,__cash_interest__,-0.000434625256487916,-4.0807360248253576e-08,
2023-05-11 00:00:00-04:00,2023-05-01 00:00:00-04:00,BA,10.458077267607557,0.0009819183772519636,0.004979087921897829
2023-05-11 00:00:00-04:00,2023-05-01 00:00:00-04:00,CAT,-30.878424612451035,-0.002899203344143124,-0.014729943163699799
2023-05-11 00:00:00-04:00,2023-05-01 00:00:00-04:00,MRK,-6.5193350444729425,-0.0006121062910348108,-0.002968603988770857
2023-05-11 00:00:00-04:00,2023-05-01 00:00:00-04:00,JPM,-6.519453651343916,-0.0006121174271416971,-0.003150498708210714
2023-05-11 00:00:00-04:00,2023-05-01 00:00:00-04:00,TRV,-4.187651592145317,-0.00039318241304183804,-0.0019108101744961248
2023-05-12 00:00:00-04:00,2023-05-01 00:00:00-04:00,__cash_interest__,-0.00043468744177072564,-4.095797433964217e-08,
2023-05-12 00:00:00-04:00,2023-05-01 00:00:00-04:00,BA,-11.922201701968813,-0.0011233571169944998,-0.005648035128478779
2023-05-12 00:00:00-04:00,2023-05-01 00:00:00-04:00,CAT,-4.8188506082084706,-0.0004540512114947961,-0.0023331040869644104
2023-05-12 00:00:00-04:00,2023-05-01 00:00:00-04:00,MRK,-7.636827744339035,-0.0007195721908016037,-0.0034878124706190228
2023-05-12 00:00:00-04:00,2023-05-01 00:00:00-04:00,JPM,-29.566535389812074,-0.0027858761984818855,-0.014333060849403112
2023-05-12 00:00:00-04:00,2023-05-01 00:00:00-04:00,TRV,-8.615367049680355,-0.0008117740441499243,-0.003938686699330063
2023-05-15 00:00:00-04:00,2023-05-01 00:00:00-04:00,__cash_interest__,-0.000434749635950877,-4.120673469558106e-08,
2023-05-15 00:00:00-04:00,2023-05-01 00:00:00-04:00,BA,21.648296541193254,0.002051883517356206,0.010313937995487743
2023-05-15 00:00:00-04:00,2023-05-01 00:00:00-04:00,CAT,17.20973134762313,0.0016311844224381588,0.008351782593973622
2023-05-15 00:00:00-04:00,2023-05-01 00:00:00-04:00,MRK,-14.342254664976142,-0.0013593973037458952,-0.0065731712412288035
2023-05-15 00:00:00-04:00,2023-05-01 00:00:00-04:00,JPM,17.13367512496268,0.001623975609986223,0.008426725476511798
2023-05-15 00:00:00-04:00,2023-05-01 00:00:00-04:00,TRV,8.614979537387555,0.0008165508302923572,0.003954083436202849
2023-05-16 00:00:00-04:00,2023-05-01 00:00:00-04:00,__cash_interest__,-0.00043481183902964297,-4.101721804983141e-08,
2023-05-16 00:00:00-04:00,2023-05-01 00:00:00-04:00,BA,-19.870442555011373,-0.0018744436141491228,-0.009370267373079555
2023-05-16 00:00:00-04:00,2023-05-01 00:00:00-04:00,CAT,-40.22120971794357,-0.0037941978141869735,-0.019357450081607275
2023-05-16 00:00:00-04:00,2023-05-01 00:00:00-04:00,MRK,-5.402313066047399,-0.0005096178004215126,-0.0024923060997797952
2023-05-16 00:00:00-04:00,2023-05-01 00:00:00-04:00,JPM,-13.797865818560233,-0.0013015976569663214,-0.006729392940769796
2023-05-16 00:00:00-04:00,2023-05-01 00:00:00-04:00,TRV,-15.555130945292664,-0.001467366204196782,-0.007111339291898999
2023-05-17 00:00:00-04:00,2023-05-01 00:00:00-04:00,__cash_interest__,-0.00043487405100829684,-4.13934447914115e-08,
2023-05-17 00:00:00-04:00,2023-05-01 00:00:00-04:00,BA,62.74846360564534,0.005972706483598902,0.02987006594240027
2023-05-17 00:00:00-04:00,2023-05-01 00:00:00-04:00,CAT,48.18677590756728,0.004586653638177066,0.023648857018355507
2023-05-17 00:00:00-04:00,2023-05-01 00:00:00-04:00,MRK,-24.587349911403646,-0.002340344540597539,-0.011371482831927349
2023-05-17 00:00:00-04:00,2023-05-01 00:00:00-04:00,JPM,62.62004969205692,0.005960483417563466,0.030747498922641947
2023-05-17 00:00:00-04:00,2023-05-01 00:00:00-04:00,TRV,2.0346332933474285,0.00019366637467485435,0.0009368354677468105
2023-05-18 00:00:00-04:00,2023-05-01 00:00:00-04:00,__cash_interest__,-0.00043493627188811193,-4.081276041448044e-08,
2023-05-18 00:00:00-04:00,2023-05-01 00:00:00-04:00,BA,3.8695971017794135,0.00036310822900537153,0.0017886130647750687
2023-05-18 00:00:00-04:00,2023-05-01 00:00:00-04:00,CAT,25.764815181910656,0.0024176719604871136,0.012352598105672463
2023-05-18 00:00:00-04:00,2023-05-01 00:00:00-04:00,MRK,-14.156319695958826,-0.0013283750320336296,-0.006622509750697003
2023-05-18 00:00:00-04:00,2023-05-01 00:00:00-04:00,JPM,15.920461274426321,0.0014939153473231743,0.007584024792728128
2023-05-18 00:00:00-04:00,2023-05-01 00:00:00-04:00,TRV,19.86194256747404,0.0018637689145894502,0.009136760214101924
2023-05-19 00:00:00-04:00,2023-05-01 00:00:00-04:00,__cash_interest__,-0.00043499850167036185,-4.0623200252063377e-08,
2023-05-19 00:00:00-04:00,2023-05-01 00:00:00-04:00,BA,-18.301635218313223,-0.0017091346051972143,-0.008444315545328984
2023-05-19 00:00:00-04:00,2023-05-01 00:00:00-04:00,CAT,0.5899895104412956,5.509734386955607e-05,0.0002794111731694304
2023-05-19 00:00:00-04:00,2023-05-01 00:00:00-04:00,MRK,27.753893041984607,0.0025918525017662305,0.013070188168856856
2023-05-19 00:00:00-04:00,2023-05-01 00:00:00-04:00,JPM,-4.851860046714772,-0.0004531006003833066,-0.0022938820830726847
2023-05-19 00:00:00-04:00,2023-05-01 00:00:00-04:00,TRV,4.547069243717498,0.00042463710504343506,0.0020727744502904155
2023-05-22 00:00:00-04:00,2023-05-01 00:00:00-04:00,__cash_interest__,-0.00043506074035632033,-4.059210168601453e-08,
2023-05-22 00:00:00-04:00,2023-05-01 00:00:00-04:00,BA,4.392373303083771,0.0004098178650081952,0.0020438861147400456
2023-05-22 00:00:00-04:00,2023-05-01 00:00:00-04:00,CAT,-5.1137667191328715,-0.0004771254204449451,-0.0024211353078186226
2023-05-22 00:00:00-04:00,2023-05-01 00:00:00-04:00,MRK,-18.6266043097169,-0.0017379021963368495,-0.008658687845298885
2023-05-22 00:00:00-04:00,2023-05-01 00:00:00-04:00,JPM,-17.436387595309817,-0.0016268524200227718,-0.008262599517976699
2023-05-22 00:00:00-04:00,2023-05-01 00:00:00-04:00,TRV,-31.348969462950247,-0.0029249261957069034,-0.014260819562590954
2023-05-23 00:00:00-04:00,2023-05-01 00:00:00-04:00,__cash_interest__,-0.0004351229879472612,-4.0857642738078655e-08,
2023-05-23 00:00:00-04:00,2023-05-01 00:00:00-04:00,BA,-34.61621022336581,-0.0032504298541540856,-0.016074972073845117
2023-05-23 00:00:00-04:00,2023-05-01 00:00:00-04:00,CAT,-15.242208344128017,-0.0014312291474226253,-0.007234004974208896
2023-05-23 00:00:00-04:00,2023-05-01 00:00:00-04:00,MRK,-22.72470517114664,-0.0021338286207103667,-0.010655981230392797
2023-05-23 00:00:00-04:00,2023-05-01 00:00:00-04:00,JPM,-21.83399230736063,-0.00205019151355024,-0.010432698344151614
2023-05-23 00:00:00-04:00,2023-05-01 00:00:00-04:00,TRV,-21.417998179213228,-0.002011130052906278,-0.009884121482211405
2023-05-24 00:00:00-04:00,2023-05-01 00:00:00-04:00,__cash_interest__,-0.0004351852444444587,-4.131284215420143e-08,
2023-05-24 00:00:00-04:00,2023-05-01 00:00:00-04:00,BA,-34.825416450444564,-0.0033060333527810304,-0.016436336282010133
2023-05-24 00:00:00-04:00,2023-05-01 00:00:00-04:00,CAT,-29.600926664222772,-0.002810064050903735,-0.014151071438265994
2023-05-24 00:00:00-04:00,2023-05-01 00:00:00-04:00,MRK,6.146837477850911,0.0005835292664717044,0.0029133964550640545
2023-05-24 00:00:00-04:00,2023-05-01 00:00:00-04:00,JPM,-18.95231391619331,-0.0017991739455139038,-0.009151249623243762
2023-05-24 00:00:00-04:00,2023-05-01 00:00:00-04:00,TRV,-39.72407889109448,-0.0037710713354810943,-0.018515140311423428
2023-05-25 00:00:00-04:00,2023-05-01 00:00:00-04:00,__cash_interest__,-0.00043524750984918705,-4.1782659913510526e-08,
2023-05-25 00:00:00-04:00,2023-05-01 00:00:00-04:00,BA,16.732827881615076,0.0016063091481237463,0.008029260854227172
2023-05-25 00:00:00-04:00,2023-05-01 00:00:00-04:00,CAT,2.7536513887751966,0.00026434356749663296,0.0013353115500673862
2023-05-25 00:00:00-04:00,2023-05-01 00:00:00-04:00,MRK,-24.215009251928464,-0.0023245796322336563,-0.0114437685011064
2023-05-25 00:00:00-04:00,2023-05-01 00:00:00-04:00,JPM,5.003029652745094,0.0004802781906559077,0.002438057094469759
2023-05-25 00:00:00-04:00,2023-05-01 00:00:00-04:00,TRV,-27.759830607034832,-0.0026648735151001655,-0.013182761013322164
2023-05-26 00:00:00-04:00,2023-05-01 00:00:00-04:00,__cash_interest__,-0.0004353097841627207,-4.189919179015673e-08,
2023-05-26 00:00:00-04:00,2023-05-01 00:00:00-04:00,BA,28.864395388257673,0.002778239502715718,0.013740278950147955
2023-05-26 00:00:00-04:00,2023-05-01 00:00:00-04:00,CAT,17.898026228372558,0.0017227107243872944,0.008667607889975226
2023-05-26 00:00:00-04:00,2023-05-01 00:00:00-04:00,MRK,-22.910483233017104,-0.002205166908507913,-0.010952601735172762
2023-05-26 00:00:00-04:00,2023-05-01 00:00:00-04:00,JPM,19.256395000257598,0.001853455669172859,0.009361129098419907
2023-05-26 00:00:00-04:00,2023-05-01 00:00:00-04:00,TRV,-16.51209255236275,-0.0015893126179990739,-0.007946116970653505
2023-05-30 00:00:00-04:00,2023-05-01 00:00:00-04:00,__cash_interest__,-0.0004353720673863343,-4.1798188107228517e-08,
2023-05-30 00:00:00-04:00,2023-05-01 00:00:00-04:00,BA,11.085536371248805,0.0010642743740925742,0.005205507701106171
2023-05-30 00:00:00-04:00,2023-05-01 00:00:00-04:00,CAT,-18.684783768022616,-0.0017938452307407113,-0.008970860806325476
2023-05-30 00:00:00-04:00,2023-05-01 00:00:00-04:00,MRK,-35.39087769347049,-0.0033977250125211632,-0.017106346897387548
2023-05-30 00:00:00-04:00,2023-05-01 00:00:00-04:00,JPM,7.883961527339426,0.0007569050282168598,0.0037970924312704657
2023-05-30 00:00:00-04:00,2023-05-01 00:00:00-04:00,TRV,11.965217064791648,0.0011487287106413942,0.005804143749224666
2023-05-31 00:00:00-04:00,2023-05-01 00:00:00-04:00,__cash_interest__,-0.00043543435952130276,-4.1897251794441246e-08,
2023-05-31 00:00:00-04:00,2023-05-01 00:00:00-04:00,BA,10.562600592349423,0.0010163275518916127,0.004934263983533027
2023-05-31 00:00:00-04:00,2023-05-01 00:00:00-04:00,CAT,-40.8105700740149,-0.003926770345237396,-0.01977116584140437
2023-05-31 00:00:00-04:00,2023-05-01 00:00:00-04:00,MRK,23.09704583062182,0.0022223848984658933,0.011358365689189132
2023-05-31 00:00:00-04:00,2023-05-01 00:00:00-04:00,JPM,-26.5335629731856,-0.0025530446658214006,-0.012730818048738435
2023-05-31 00:00:00-04:00,2023-05-01 00:00:00-04:00,TRV,-48.4589934831037,-0.004662697390024074,-0.02337106735814043
2023-06-01 00:00:00-04:00,2023-06-01 00:00:00-04:00,__cash_interest__,-0.00043549666056890107,-4.22370815795009e-08,
2023-06-01 00:00:00-04:00,2023-06-01 00:00:00-04:00,BA,23.007242473537065,0.002231380548371389,0.010986921726565013
2023-06-01 00:00:00-04:00,2023-06-01 00:00:00-04:00,CAT,18.979373189898862,0.001840733595298653,0.01613608378213649
2023-06-01 00:00:00-04:00,2023-06-01 00:00:00-04:00,MRK,9.714054442193262,0.0009421273389482543,0.0047097773561874945
2023-06-01 00:00:00-04:00,2023-06-01 00:00:00-04:00,JPM,28.37473534228311,0.0027519522420290676,0.013779301286559464
2023-06-01 00:00:00-04:00,2023-06-01 00:00:00-04:00,TRV,8.97402316303253,0.0008703546611314769,0.012172084769240366
2023-06-01 00:00:00-04:00,2023-06-01 00:00:00-04:00,__costs__,-2.0674095032480944,-0.0002005097897486859,
2023-06-01 00:00:00-04:00,2023-06-01 00:00:00-04:00,CRM,46.586875795618894,0.004518274998809818,-0.04691549663878225
2023-06-01 00:00:00-04:00,2023-06-01 00:00:00-04:00,MSFT,42.29000903363504,0.004101539054784262,0.012758994628965459
2023-06-02 00:00:00-04:00,2023-06-01 00:00:00-04:00,__cash_interest__,-0.0002958006759242554,-2.8207425522494724e-08,
2023-06-02 00:00:00-04:00,2023-06-01 00:00:00-04:00,BA,53.81083858475715,0.005131378476197927,0.02577418944656218
2023-06-02 00:00:00-04:00,2023-06-01 00:00:00-04:00,MRK,29.781384907744222,0.0028399400850492094,0.014333283720817214
2023-06-02 00:00:00-04:00,2023-06-01 00:00:00-04:00,JPM,43.87787692316469,0.004184175514569435,0.02100611456873236
2023-06-02 00:00:00-04:00,2023-06-01 00:00:00-04:00,CRM,1.2939594375405172,0.00012339141670149374,0.0006105575416943676
2023-06-02 00:00:00-04:00,2023-06-01 00:00:00-04:00,MSFT,17.933875729985385,0.001710166693847496,0.008479329528604973
2023-06-05 00:00:00-04:00,2023-06-01 00:00:00-04:00,__cash_interest__,-0.0002958429984731939,-2.7822255187632122e-08,
2023-06-05 00:00:00-04:00,2023-06-01 00:00:00-04:00,BA,-45.57866402335828,-0.004286399300012919,-0.021282619487358545
2023-06-05 00:00:00-04:00,2023-06-01 00:00:00-04:00,MRK,11.05116253860013,0.0010392953892968085,0.005243582411670555
2023-06-05 00:00:00-04:00,2023-06-01 00:00:00-04:00,JPM,-20.95215374039592,-0.001970424080016264,-0.009824273703351705
2023-06-05 00:00:00-04:00,2023-06-01 00:00:00-04:00,CRM,-31.555674766751167,-0.0029676214766259715,-0.014880527542594724
2023-06-05 00:00:00-04:00,2023-06-01 00:00:00-04:00,MSFT,3.4340320744205215,0.0003229500687531007,0.0016099956533011106
2023-06-06 00:00:00-04:00,2023-06-01 00:00:00-04:00,__cash_interest__,-0.00029588532707755527,-2.8046745826859085e-08,
2023-06-06 00:00:00-04:00,2023-06-01 00:00:00-04:00,BA,-14.95866342406889,-0.0014179203649879756,-0.00713672527002529
2023-06-06 00:00:00-04:00,2023-06-01 00:00:00-04:00,MRK,-58.0646360323613,-0.005503902827536508,-0.02740693882828027
2023-06-06 00:00:00-04:00,2023-06-01 00:00:00-04:00,JPM,3.7956421079055156,0.0003597860377248323,0.0017974001002238893
2023-06-06 00:00:00-04:00,2023-06-01 00:00:00-04:00,CRM,29.764002963755907,0.002821307275218602,0.014247651779197845
2023-06-06 00:00:00-04:00,2023-06-01 00:00:00-04:00,MSFT,-14.37225920302307,-0.0013623355534601012,-0.006727392201058557
2023-06-07 00:00:00-04:00,2023-06-01 00:00:00-04:00,__cash_interest__,-0.0002959276617382057,-2.8194638573515377e-08,
2023-06-07 00:00:00-04:00,2023-06-01 00:00:00-04:00,BA,46.58250555187289,0.004438168774657223,0.02238409735120994
2023-06-07 00:00:00-04:00,2023-06-01 00:00:00-04:00,MRK,-26.222942442144806,-0.0024984024141157745,-0.012726209760630325
2023-06-07 00:00:00-04:00,2023-06-01 00:00:00-04:00,JPM,20.496666720554046,0.0019528289675706677,0.009688640572741436
2023-06-07 00:00:00-04:00,2023-06-01 00:00:00-04:00,CRM,-70.87587876409386,-0.006752730628817478,-0.03345079153379149
2023-06-07 00:00:00-04:00,2023-06-01 00:00:00-04:00,MSFT,-65.5017783190735,-0.006240710837172718,-0.03086784696277345
2023-06-08 00:00:00-04:00,2023-06-01 00:00:00-04:00,__cash_interest__,-0.00029597000245601185,-2.8457662211676204e-08,
2023-06-08 00:00:00-04:00,2023-06-01 00:00:00-04:00,BA,62.043166334242166,0.005965481148195466,0.029160610334303838
2023-06-08 00:00:00-04:00,2023-06-01 00:00:00-04:00,MRK,32.0297689424532,0.0030796781353469764,0.01574468055402689
2023-06-08 00:00:00-04:00,2023-06-01 00:00:00-04:00,JPM,0.6067346243517318,5.833783440433632e-05,0.00028404746287291616
2023-06-08 00:00:00-04:00,2023-06-01 00:00:00-04:00,CRM,37.8267578588391,0.003637061488586834,0.01847068883521552
2023-06-08 00:00:00-04:00,2023-06-01 00:00:00-04:00,MSFT,11.955718113616037,0.001149548213508125,0.0058136102377301935
2023-06-09 00:00:00-04:00,2023-06-01 00:00:00-04:00,__cash_interest__,-0.0002960123492318404,-2.8071814176444568e-08,
2023-06-09 00:00:00-04:00,2023-06-01 00:00:00-04:00,BA,-8.031498168547634,-0.0007616531024161498,-0.0036678879900926553
2023-06-09 00:00:00-04:00,2023-06-01 00:00:00-04:00,MRK,7.304171376756697,0.0006926783363373413,0.0035348130175314463
2023-06-09 00:00:00-04:00,2023-06-01 00:00:00-04:00,JPM,4.25112912774739,0.00040314840655762484,0.001989633520724121
2023-06-09 00:00:00-04:00,2023-06-01 00:00:00-04:00,CRM,57.53684742355348,0.005456406441703624,0.027585540653438212
2023-06-09 00:00:00-04:00,2023-06-01 00:00:00-04:00,MSFT,9.729458984630147,0.0009226762510504685,0.004703719645145377
2023-06-12 00:00:00-04:00,2023-06-01 00:00:00-04:00,__cash_interest__,-0.000296054702066558,-2.7888608041880637e-08,
2023-06-12 00:00:00-04:00,2023-06-01 00:00:00-04:00,BA,42.66717125806777,0.004019284298360955,0.019557314655318958
2023-06-12 00:00:00-04:00,2023-06-01 00:00:00-04:00,MRK,-15.920610123104595,-0.0014997351922180979,-0.007677551802721561
2023-06-12 00:00:00-04:00,2023-06-01 00:00:00-04:00,JPM,-0.151496776840186,-1.4271126921518544e-05,-7.076344327927586e-05
2023-06-12 00:00:00-04:00,2023-06-01 00:00:00-04:00,CRM,-16.125818832305754,-0.001519066029451025,-0.007523834427483167
2023-06-12 00:00:00-04:00,2023-06-01 00:00:00-04:00,MSFT,36.151582082942056,0.0034055101836497157,0.01739570502408605
2023-06-13 00:00:00-04:00,2023-06-01 00:00:00-04:00,__cash_interest__,-0.00029609706096103163,-2.7770638134569922e-08,
2023-06-13 00:00:00-04:00,2023-06-01 00:00:00-04:00,BA,-11.846341077840995,-0.0011110561186377643,-0.005325838097056224
2023-06-13 00:00:00-04:00,2023-06-01 00:00:00-04:00,MRK,2.4348815735880014,0.0002283650329428416,0.0011832815021479703
2023-06-13 00:00:00-04:00,2023-06-01 00:00:00-04:00,JPM,15.486309502293421,0.0014524450051354668,0.007234095401691842
2023-06-13 00:00:00-04:00,2023-06-01 00:00:00-04:00,CRM,-46.88617365338925,-0.004397405897298787,-0.022041551399668236
2023-06-13 00:00:00-04:00,2023-06-01 00:00:00-04:00,MSFT,15.546195398173609,0.001458061641580474,0.007352735595887783
2023-06-14 00:00:00-04:00,2023-06-01 00:00:00-04:00,__cash_interest__,-0.0002961394259161283,-2.7840583049740958e-08,
2023-06-14 00:00:00-04:00,2023-06-01 00:00:00-04:00,BA,-34.93699405496928,-0.0032844876412070644,-0.015790956117723187
2023-06-14 00:00:00-04:00,2023-06-01 00:00:00-04:00,MRK,-11.313237337312524,-0.0010635771399789354,-0.005491405844929131
2023-06-14 00:00:00-04:00,2023-06-01 00:00:00-04:00,JPM,-8.047269580313564,-0.0007565378246455639,-0.0037321099433180738
2023-06-14 00:00:00-04:00,2023-06-01 00:00:00-04:00,CRM,4.181185624601009,0.0003930805405864998,0.0020099090842780054
2023-06-14 00:00:00-04:00,2023-06-01 00:00:00-04:00,MSFT,19.43244568815568,0.0018268780536972546,0.009123694177053165
2023-06-15 00:00:00-04:00,2023-06-01 00:00:00-04:00,__cash_interest__,-0.0002961817969327151,-2.7925121233975027e-08,
2023-06-15 00:00:00-04:00,2023-06-01 00:00:00-04:00,BA,25.198827418669275,0.002375839156584669,0.01157219841519641
2023-06-15 00:00:00-04:00,2023-06-01 00:00:00-04:00,MRK,13.952919084728755,0.0013155330984010807,0.006810095131250193
2023-06-15 00:00:00-04:00,2023-06-01 00:00:00-04:00,JPM,24.29230882845956,0.0022903692128048046,0.01130833171137291
2023-06-15 00:00:00-04:00,2023-06-01 00:00:00-04:00,CRM,25.085104973700155,0.002365116981570287,0.01203430103076708
2023-06-15 00:00:00-04:00,2023-06-01 00:00:00-04:00,MSFT,68.55584359177439,0.006463699874279037,0.03189652218605454
2023-06-16 00:00:00-04:00,2023-06-01 00:00:00-04:00,__cash_interest__,-0.00029622417401165935,-2.7521508563375697e-08,
2023-06-16 00:00:00-04:00,2023-06-01 00:00:00-04:00,BA,5.8228323424948805,0.00054098599721563,0.002643461197639363
2023-06-16 00:00:00-04:00,2023-06-01 00:00:00-04:00,MRK,-1.5082317886163625,-0.00014012635607628325,-0.0007311536149232634
2023-06-16 00:00:00-04:00,2023-06-01 00:00:00-04:00,JPM,2.5809269975504057,0.00023978800751668313,0.0011880148819567449
2023-06-16 00:00:00-04:00,2023-06-01 00:00:00-04:00,CRM,-1.5928031863109209,-0.00014798369065619442,-0.0007550432538409035
2023-06-16 00:00:00-04:00,2023-06-01 00:00:00-04:00,MSFT,-40.8610606033654,-0.003796307418380621,-0.01842350853006358
2023-06-20 00:00:00-04:00,2023-06-01 00:00:00-04:00,__cash_interest__,-0.0002962665571538284,-2.7616682717210063e-08,
2023-06-20 00:00:00-04:00,2023-06-01 00:00:00-04:00,BA,-76.49983240001067,-0.007130982381564902,-0.034637984388856013
2023-06-20 00:00:00-04:00,2023-06-01 00:00:00-04:00,MRK,17.158404702212803,0.0015994320221180353,0.008324058057143757
2023-06-20 00:00:00-04:00,2023-06-01 00:00:00-04:00,JPM,-11.083434425375517,-0.0010331496571301206,-0.005095711999765329
2023-06-20 00:00:00-04:00,2023-06-01 00:00:00-04:00,CRM,51.8629882657973,0.00483444269060459,0.024603409058422177
2023-06-20 00:00:00-04:00,2023-06-01 00:00:00-04:00,MSFT,-27.218082888818355,-0.002537151565577936,-0.012502477693444813
2023-06-21 00:00:00-04:00,2023-06-01 00:00:00-04:00,__cash_interest__,-0.0002963089463600897,-2.7739008512685856e-08,
2023-06-21 00:00:00-04:00,2023-06-01 00:00:00-04:00,BA,-2.911339577204367,-0.0002725455113908385,-0.0013655096896940666
2023-06-21 00:00:00-04:00,2023-06-01 00:00:00-04:00,MRK,17.53613322004391,0.0016416478633056552,0.008437074818441914
2023-06-21 00:00:00-04:00,2023-06-01 00:00:00-04:00,JPM,-3.187661621902137,-0.0002984134429679007,-0.0014730633672872528
2023-06-21 00:00:00-04:00,2023-06-01 00:00:00-04:00,CRM,-73.46410668131426,-0.0068773538755504664,-0.034013956832278036
2023-06-21 00:00:00-04:00,2023-06-01 00:00:00-04:00,MSFT,-24.560703753271586,-0.0022992541361259414,-0.011424661681562864
2023-06-22 00:00:00-04:00,2023-06-01 00:00:00-04:00,__cash_interest__,-0.00029635134163131106,-2.7969698239765234e-08,
2023-06-22 00:00:00-04:00,2023-06-01 00:00:00-04:00,BA,-64.95450591144653,-0.006130419115552459,-0.030507361207291916
2023-06-22 00:00:00-04:00,2023-06-01 00:00:00-04:00,MRK,48.270201833161664,0.004555751196583916,0.023029705008005275
2023-06-22 00:00:00-04:00,2023-06-01 00:00:00-04:00,JPM,-41.60031723779016,-0.003926246169207691,-0.019252453057774455
2023-06-22 00:00:00-04:00,2023-06-01 00:00:00-04:00,CRM,36.8314876489993,0.003476163089370365,0.017653481355783596
2023-06-22 00:00:00-04:00,2023-06-01 00:00:00-04:00,MSFT,35.11737176249407,0.003314384492959673,0.016523984333711272
2023-06-23 00:00:00-04:00,2023-06-01 00:00:00-04:00,__cash_interest__,-0.0002963937429683601,-2.793767151082189e-08,
2023-06-23 00:00:00-04:00,2023-06-01 00:00:00-04:00,BA,-2.0078362451153717,-0.00018925591647710104,-0.000972700489511702
2023-06-23 00:00:00-04:00,2023-06-01 00:00:00-04:00,MRK,16.592758613480754,0.0015640108828183694,0.0077381939617613416
2023-06-23 00:00:00-04:00,2023-06-01 00:00:00-04:00,JPM,-11.083683597705845,-0.0010447329568480318,-0.005230176195396563
2023-06-23 00:00:00-04:00,2023-06-01 00:00:00-04:00,CRM,-31.854363994451884,-0.003002549070538744,-0.015003069403451308
2023-06-23 00:00:00-04:00,2023-06-01 00:00:00-04:00,MSFT,-25.814852950566184,-0.0024332729652463605,-0.011949364112364247
2023-06-26 00:00:00-04:00,2023-06-01 00:00:00-04:00,__cash_interest__,-0.00029643615037210476,-2.808506629192425e-08,
2023-06-26 00:00:00-04:00,2023-06-01 00:00:00-04:00,BA,1.7066684677523734,0.00016169383185888478,0.0008276041376493737
2023-06-26 00:00:00-04:00,2023-06-01 00:00:00-04:00,MRK,-28.660348517105113,-0.002715349619276041,-0.013263396855195064
2023-06-26 00:00:00-04:00,2023-06-01 00:00:00-04:00,JPM,5.16210316743114,0.0004890699379312222,0.0024487039256091414
2023-06-26 00:00:00-04:00,2023-06-01 00:00:00-04:00,CRM,-27.175466004396135,-0.002574668316564471,-0.01299431237922355
2023-06-26 00:00:00-04:00,2023-06-01 00:00:00-04:00,MSFT,-44.838272039699426,-0.0042480845911322205,-0.021006069831314034
2023-06-27 00:00:00-04:00,2023-06-01 00:00:00-04:00,__cash_interest__,-0.000296478563843413,-2.8340961163647238e-08,
2023-06-27 00:00:00-04:00,2023-06-01 00:00:00-04:00,BA,38.65134557975088,0.0036947571176747162,0.018727457974684114
2023-06-27 00:00:00-04:00,2023-06-01 00:00:00-04:00,MRK,4.525484272527932,0.0004325998222325106,0.0021224482909452114
2023-06-27 00:00:00-04:00,2023-06-01 00:00:00-04:00,JPM,0.151496776840186,1.4481870841472089e-05,7.168872097063073e-05
2023-06-27 00:00:00-04:00,2023-06-01 00:00:00-04:00,CRM,14.533633730273571,0.0013892982473225378,0.007040943487625073
2023-06-27 00:00:00-04:00,2023-06-01 00:00:00-04:00,MSFT,37.9658290172922,0.0036292272593881,0.018168071304143663
2023-06-28 00:00:00-04:00,2023-06-01 00:00:00-04:00,__cash_interest__,-0.000296520983383153,-2.8087723148897213e-08,
2023-06-28 00:00:00-04:00,2023-06-01 00:00:00-04:00,BA,12.950827178953517,0.001226757190001708,0.006159617008242746
2023-06-28 00:00:00-04:00,2023-06-01 00:00:00-04:00,MRK,-16.592916394816523,-0.001571751302767612,-0.0077655816901696095
2023-06-28 00:00:00-04:00,2023-06-01 00:00:00-04:00,JPM,-9.261486346008017,-0.0008772872039812089,-0.004382248456946014
2023-06-28 00:00:00-04:00,2023-06-01 00:00:00-04:00,CRM,33.34750109081611,0.0031588165115993853,0.01604252832541886
2023-06-28 00:00:00-04:00,2023-06-01 00:00:00-04:00,MSFT,12.160729012396141,0.001151915746035366,0.0057155242946032025
2023-06-29 00:00:00-04:00,2023-06-01 00:00:00-04:00,__cash_interest__,-0.00029656340899219304,-2.8005249828655146e-08,
2023-06-29 00:00:00-04:00,2023-06-01 00:00:00-04:00,BA,11.14366732668938,0.0010523253308690323,0.005267656624531769
2023-06-29 00:00:00-04:00,2023-06-01 00:00:00-04:00,MRK,20.74130327485642,0.0019586549195607216,0.00978302181034274
2023-06-29 00:00:00-04:00,2023-06-01 00:00:00-04:00,JPM,73.4844086267214,0.0069393227879859225,0.03492358977091725
2023-06-29 00:00:00-04:00,2023-06-01 00:00:00-04:00,CRM,-17.320730264178312,-0.001635641362201333,-0.008200943716137443
2023-06-29 00:00:00-04:00,2023-06-01 00:00:00-04:00,MSFT,-5.097008831030007,-0.00048132372829452655,-0.0023819722428797263
2023-06-30 00:00:00-04:00,2023-06-01 00:00:00-04:00,__cash_interest__,-0.00029660584067140144,-2.7791556883026295e-08,
2023-06-30 00:00:00-04:00,2023-06-01 00:00:00-04:00,BA,-6.726335674583876,-0.0006302483460587869,-0.003162904985855919
2023-06-30 00:00:00-04:00,2023-06-01 00:00:00-04:00,MRK,34.882771055829195,0.0032684673836536953,0.016293706659626928
2023-06-30 00:00:00-04:00,2023-06-01 00:00:00-04:00,JPM,30.51688281241464,0.002859389695948234,0.014013788488630441
2023-06-30 00:00:00-04:00,2023-06-01 00:00:00-04:00,CRM,8.262087074976584,0.0007741461273890132,0.003944243421392324
2023-06-30 00:00:00-04:00,2023-06-01 00:00:00-04:00,MSFT,30.90210883592607,0.002895484841347278,0.01447588550534551
2023-07-03 00:00:00-04:00,2023-07-03 00:00:00-04:00,__cash_interest__,-0.0002966482784216468,-2.754304035391689e-08,
2023-07-03 00:00:00-04:00,2023-07-03 00:00:00-04:00,BA,-2.339297404806258,-0.00021719783159776526,-0.001136604892033044
2023-07-03 00:00:00-04:00,2023-07-03 00:00:00-04:00,MRK,-17.347167292539034,-0.0016106404908422507,-0.009186206860542834
2023-07-03 00:00:00-04:00,2023-07-03 00:00:00-04:00,JPM,17.55930337775508,0.001630336788379237,0.008044516678464397
2023-07-03 00:00:00-04:00,2023-07-03 00:00:00-04:00,CRM,4.150676940257115,0.0003853798278211473,0.0018460388601320155
2023-07-03 00:00:00-04:00,2023-07-03 00:00:00-04:00,MSFT,-16.18619052715863,-0.001502846742403969,-0.00748814175357293
2023-07-03 00:00:00-04:00,2023-07-03 00:00:00-04:00,__costs__,-0.8939538862533692,-8.30013512791068e-05,
2023-07-03 00:00:00-04:00,2023-07-03 00:00:00-04:00,CAT,12.054844235089769,0.0011192617162447403,0.005202144328481539
2023-07-05 00:00:00-04:00,2023-07-03 00:00:00-04:00,__cash_interest__,-0.00012790507317678206,-1.1878972771197167e-08,
2023-07-05 00:00:00-04:00,2023-07-03 00:00:00-04:00,BA,24.393464820679274,0.0022655028233282415,0.011331307654071088
2023-07-05 00:00:00-04:00,2023-07-03 00:00:00-04:00,JPM,-14.353417060393975,-0.0013330499424240789,-0.006661646457657433
2023-07-05 00:00:00-04:00,2023-07-03 00:00:00-04:00,CRM,22.14090474209447,0.0020563000202305777,0.01025287857068724
2023-07-05 00:00:00-04:00,2023-07-03 00:00:00-04:00,MSFT,5.045599352283166,0.0004686017202562514,0.0023568077908466822
2023-07-05 00:00:00-04:00,2023-07-03 00:00:00-04:00,CAT,-21.83851511101594,-0.002028216081848325,-0.010108002132248162
2023-07-06 00:00:00-04:00,2023-07-03 00:00:00-04:00,__cash_interest__,-0.0001279233735701199,-1.1863717634887774e-08,
2023-07-06 00:00:00-04:00,2023-07-03 00:00:00-04:00,BA,-7.042491455657672,-0.0006531263813976515,-0.0032347402808287073
2023-07-06 00:00:00-04:00,2023-07-03 00:00:00-04:00,JPM,-21.159893777656922,-0.0019623857466887253,-0.009886499648343539
2023-07-06 00:00:00-04:00,2023-07-03 00:00:00-04:00,CRM,-37.54748754626613,-0.0034821845118413494,-0.017210807049873877
2023-07-06 00:00:00-04:00,2023-07-03 00:00:00-04:00,MSFT,19.799383069868547,0.0018362108778904505,0.00922657925904291
2023-07-06 00:00:00-04:00,2023-07-03 00:00:00-04:00,CAT,-37.12512639543656,-0.0034430143954384883,-0.017358905810643477
2023-07-07 00:00:00-04:00,2023-07-03 00:00:00-04:00,__cash_interest__,-0.00012794167658184018,-1.1957542097907784e-08,
2023-07-07 00:00:00-04:00,2023-07-03 00:00:00-04:00,BA,-5.307253954575456,-0.0004960206422301272,-0.0024456261199012896
2023-07-07 00:00:00-04:00,2023-07-03 00:00:00-04:00,JPM,16.720971116264035,0.0015627567293346435,0.00789051930079121
2023-07-07 00:00:00-04:00,2023-07-03 00:00:00-04:00,CRM,-5.611882154901666,-0.0005244914628956707,-0.0026173905149159404
2023-07-07 00:00:00-04:00,2023-07-03 00:00:00-04:00,MSFT,-25.700817257867655,-0.002402021081183859,-0.011867174063725394
2023-07-07 00:00:00-04:00,2023-07-03 00:00:00-04:00,CAT,40.182700143489875,0.0037555106468065832,0.019120471602841915
2023-07-10 00:00:00-04:00,2023-07-03 00:00:00-04:00,__cash_interest__,-0.00012795998221231753,-1.1936624433982666e-08,
2023-07-10 00:00:00-04:00,2023-07-03 00:00:00-04:00,BA,12.349745410233128,0.0011520341771590512,0.005704815748508674
2023-07-10 00:00:00-04:00,2023-07-03 00:00:00-04:00,JPM,11.98562181116044,0.0011180672558252472,0.005611659350719833
2023-07-10 00:00:00-04:00,2023-07-03 00:00:00-04:00,CRM,32.854051602982864,0.003064758749878463,0.01536339246884344
2023-07-10 00:00:00-04:00,2023-07-03 00:00:00-04:00,MSFT,-38.16226411990904,-0.0035599302725282554,-0.017832785467416512
2023-07-10 00:00:00-04:00,2023-07-03 00:00:00-04:00,CAT,31.709264066986986,0.0029579683405830497,0.0148053991533732
2023-07-11 00:00:00-04:00,2023-07-03 00:00:00-04:00,__cash_interest__,-0.0001279782904619266,-1.1882095693426903e-08,
2023-07-11 00:00:00-04:00,2023-07-03 00:00:00-04:00,BA,55.62524802540262,0.005164504992392206,0.02554965548084609
2023-07-11 00:00:00-04:00,2023-07-03 00:00:00-04:00,JPM,33.58979376433821,0.003118631624080631,0.015638956335346732
2023-07-11 00:00:00-04:00,2023-07-03 00:00:00-04:00,CRM,85.29782126470977,0.00791944376698504,0.03928390272054472
2023-07-11 00:00:00-04:00,2023-07-03 00:00:00-04:00,MSFT,4.053766671466197,0.0003763704245097391,0.0019286719610824843
2023-07-11 00:00:00-04:00,2023-07-03 00:00:00-04:00,CAT,35.290777750847276,0.0032765588352329034,0.016237247784989695
2023-07-12 00:00:00-04:00,2023-07-03 00:00:00-04:00,__cash_interest__,-0.00012799660133104218,-1.1652430942611803e-08,
2023-07-12 00:00:00-04:00,2023-07-03 00:00:00-04:00,BA,-16.840618555198734,-0.001533119963379284,-0.007542484631177904
2023-07-12 00:00:00-04:00,2023-07-03 00:00:00-04:00,JPM,10.80184478322541,0.0009833679104010692,0.004951753435959549
2023-07-12 00:00:00-04:00,2023-07-03 00:00:00-04:00,CRM,62.340783856902306,0.005675320057304275,0.02762579257947273
2023-07-12 00:00:00-04:00,2023-07-03 00:00:00-04:00,MSFT,33.98181723995952,0.003093603850222321,0.016136502662916996
2023-07-12 00:00:00-04:00,2023-07-03 00:00:00-04:00,CAT,6.5519038265953204,0.000596465891188631,0.0029663582060661664
2023-07-13 00:00:00-04:00,2023-07-03 00:00:00-04:00,__cash_interest__,-0.00012801491482003903,-1.155225776335636e-08,
2023-07-13 00:00:00-04:00,2023-07-03 00:00:00-04:00,BA,-2.653626977287728,-0.0002394672752977166,-0.0011975243245591072
2023-07-13 00:00:00-04:00,2023-07-03 00:00:00-04:00,JPM,10.654234444778744,0.0009614540833022324,0.00486002066661273
2023-07-13 00:00:00-04:00,2023-07-03 00:00:00-04:00,CRM,31.527459868456962,0.0028450852272666224,0.013595540357880243
2023-07-13 00:00:00-04:00,2023-07-03 00:00:00-04:00,MSFT,30.562641096435584,0.0027580185353504147,0.014282414825384393
2023-07-13 00:00:00-04:00,2023-07-03 00:00:00-04:00,CAT,19.741777346574523,0.001781527573837968,0.00891160571117755
2023-07-14 00:00:00-04:00,2023-07-03 00:00:00-04:00,__cash_interest__,-0.00012803323092929202,-1.1461000811770919e-08,
2023-07-14 00:00:00-04:00,2023-07-03 00:00:00-04:00,BA,-38.070257327189694,-0.003407890646547957,-0.017200880245986983
2023-07-14 00:00:00-04:00,2023-07-03 00:00:00-04:00,JPM,13.317491564269087,0.0011921262981571808,0.00604550701619333
2023-07-14 00:00:00-04:00,2023-07-03 00:00:00-04:00,CRM,-10.611150075187025,-0.0009498658960868107,-0.004514454265360124
2023-07-14 00:00:00-04:00,2023-07-03 00:00:00-04:00,MSFT,16.341945141935717,0.0014628627675660013,0.007529317545076353
2023-07-14 00:00:00-04:00,2023-07-03 00:00:00-04:00,CAT,-2.0965980471252053,-0.0001876787123596817,-0.0009380624952411987
2023-07-17 00:00:00-04:00,2023-07-03 00:00:00-04:00,__cash_interest__,-0.00012805154965917604,-1.1484351307851853e-08,
2023-07-17 00:00:00-04:00,2023-07-03 00:00:00-04:00,BA,-12.758091553460337,-0.001144214230969102,-0.005865240374619329
2023-07-17 00:00:00-04:00,2023-07-03 00:00:00-04:00,JPM,53.41781778888649,0.004790797043996804,0.02410342817565203
2023-07-17 00:00:00-04:00,2023-07-03 00:00:00-04:00,CRM,-13.570007141138904,-0.0012170311852819505,-0.005799464822028977
2023-07-17 00:00:00-04:00,2023-07-03 00:00:00-04:00,MSFT,3.1039624792227234,0.00027838004032487815,0.001419419070765926
2023-07-17 00:00:00-04:00,2023-07-03 00:00:00-04:00,CAT,16.07308005739595,0.0014415202195496059,0.007198189740377003
2023-07-18 00:00:00-04:00,2023-07-03 00:00:00-04:00,__cash_interest__,-0.00012806987101006604,-1.1438530962555064e-08,
2023-07-18 00:00:00-04:00,2023-07-03 00:00:00-04:00,BA,-3.0618173820926544,-0.0002734655126185253,-0.0014159050355517788
2023-07-18 00:00:00-04:00,2023-07-03 00:00:00-04:00,JPM,4.143943177863029,0.00037011532824398247,0.001825839696566911
2023-07-18 00:00:00-04:00,2023-07-03 00:00:00-04:00,CRM,-3.7751481117668875,-0.0003371764820570702,-0.0016228106336716452
2023-07-18 00:00:00-04:00,2023-07-03 00:00:00-04:00,MSFT,91.4434840137826,0.008167253663692293,0.04175715760296783
2023-07-18 00:00:00-04:00,2023-07-03 00:00:00-04:00,CAT,55.46917171059428,0.004954216265502812,0.024663853194503593
2023-07-19 00:00:00-04:00,2023-07-03 00:00:00-04:00,__cash_interest__,-0.00012808819498233705,-1.1294681541002042e-08,
2023-07-19 00:00:00-04:00,2023-07-03 00:00:00-04:00,BA,-30.313237990095544,-0.0026729892604228423,-0.01403791235943841
2023-07-19 00:00:00-04:00,2023-07-03 00:00:00-04:00,JPM,8.730234984339107,0.0007698228860186726,0.0038395697170008347
2023-07-19 00:00:00-04:00,2023-07-03 00:00:00-04:00,CRM,68.76879867751695,0.006063959923293038,0.029609470262429216
2023-07-19 00:00:00-04:00,2023-07-03 00:00:00-04:00,MSFT,-32.2199909288621,-0.002841124717587399,-0.014123329293933451
2023-07-19 00:00:00-04:00,2023-07-03 00:00:00-04:00,CAT,2.107076845841345,0.000185799807386456,0.0009143410214937919
2023-07-20 00:00:00-04:00,2023-07-03 00:00:00-04:00,__cash_interest__,-0.00012810652157636409,-1.1279317030019135e-08,
2023-07-20 00:00:00-04:00,2023-07-03 00:00:00-04:00,BA,51.134374880437015,0.004502197220806512,0.024017230873664364
2023-07-20 00:00:00-04:00,2023-07-03 00:00:00-04:00,JPM,28.11470441345696,0.002475398288725119,0.012317592584569326
2023-07-20 00:00:00-04:00,2023-07-03 00:00:00-04:00,CRM,-63.361385234324096,-0.005578741368706192,-0.026496672310067027
2023-07-20 00:00:00-04:00,2023-07-03 00:00:00-04:00,MSFT,-52.00272120137134,-0.0045786519814631004,-0.023121454538274744
2023-07-20 00:00:00-04:00,2023-07-03 00:00:00-04:00,CAT,-14.572096929296118,-0.0012830205600401269,-0.0063176122833422665
2023-07-21 00:00:00-04:00,2023-07-03 00:00:00-04:00,__cash_interest__,-0.0001281248507925223,-1.1331501412193231e-08,
2023-07-21 00:00:00-04:00,2023-07-03 00:00:00-04:00,BA,-18.473691651263003,-0.001633833419042907,-0.008473374623950258
2023-07-21 00:00:00-04:00,2023-07-03 00:00:00-04:00,JPM,-17.75665541902545,-0.001570417953362866,-0.007684873023705241
2023-07-21 00:00:00-04:00,2023-07-03 00:00:00-04:00,CRM,-1.0199678570137085,-9.020706865726226e-05,-0.0004381428376947216
2023-07-21 00:00:00-04:00,2023-07-03 00:00:00-04:00,MSFT,-15.536266945885316,-0.001374044377406488,-0.007071233601280702
2023-07-21 00:00:00-04:00,2023-07-03 00:00:00-04:00,CAT,-30.198919878700735,-0.0026708253795849823,-0.013175731485562281
2023-07-24 00:00:00-04:00,2023-07-03 00:00:00-04:00,__cash_interest__,-0.00012814318263118686,-1.1416915317877658e-08,
2023-07-24 00:00:00-04:00,2023-07-03 00:00:00-04:00,BA,41.54026511408727,0.0037010294215550276,0.019216203998047687
2023-07-24 00:00:00-04:00,2023-07-03 00:00:00-04:00,JPM,45.131860980068225,0.004021022612109392,0.01968380975904349
2023-07-24 00:00:00-04:00,2023-07-03 00:00:00-04:00,CRM,-24.487464333634083,-0.0021817103407778876,-0.010523576733755702
2023-07-24 00:00:00-04:00,2023-07-03 00:00:00-04:00,MSFT,4.388210351765663,0.0003909675486001988,0.002011489891979412
2023-07-24 00:00:00-04:00,2023-07-03 00:00:00-04:00,CAT,15.099250363376045,0.0013452675298244315,0.006675731956914843
2023-07-25 00:00:00-04:00,2023-07-03 00:00:00-04:00,__cash_interest__,-0.000128161517092733,-1.1336061236063316e-08,
2023-07-25 00:00:00-04:00,2023-07-03 00:00:00-04:00,BA,-17.861328174844473,-0.0015798588729326207,-0.008106731086226171
2023-07-25 00:00:00-04:00,2023-07-03 00:00:00-04:00,JPM,-17.460952355405166,-0.0015444450848505166,-0.007468412907064792
2023-07-25 00:00:00-04:00,2023-07-03 00:00:00-04:00,CRM,3.7751481117668875,0.0003339170067660256,0.001639638473336813
2023-07-25 00:00:00-04:00,2023-07-03 00:00:00-04:00,MSFT,37.18093856123544,0.003288704799269046,0.017008971908913928
2023-07-25 00:00:00-04:00,2023-07-03 00:00:00-04:00,CAT,23.61502078669214,0.0020887808431227545,0.010371515897499073
2023-07-26 00:00:00-04:00,2023-07-03 00:00:00-04:00,__cash_interest__,-0.00012817985417753596,-1.1308427287017091e-08,
2023-07-26 00:00:00-04:00,2023-07-03 00:00:00-04:00,BA,190.65700115889086,0.016820356429644807,0.08724083859775345
2023-07-26 00:00:00-04:00,2023-07-03 00:00:00-04:00,JPM,13.909138884873126,0.0012271076973356047,0.005993993949047205
2023-07-26 00:00:00-04:00,2023-07-03 00:00:00-04:00,CRM,-4.591597537683916,-0.00040508508313816705,-0.0019909777959722375
2023-07-26 00:00:00-04:00,2023-07-03 00:00:00-04:00,MSFT,-83.67356631255144,-0.007381943493088472,-0.03763753834059036
2023-07-26 00:00:00-04:00,2023-07-03 00:00:00-04:00,CAT,-32.83245157204093,-0.00289658147638932,-0.014271713648419393
2023-07-27 00:00:00-04:00,2023-07-03 00:00:00-04:00,__cash_interest__,-0.0001281981938859711,-1.1227368695655307e-08,
2023-07-27 00:00:00-04:00,2023-07-03 00:00:00-04:00,BA,9.6961184329454,0.000849168722768804,0.004080742851326313
2023-07-27 00:00:00-04:00,2023-07-03 00:00:00-04:00,JPM,-25.746909164223425,-0.0022548682879058573,-0.011029244628786405
2023-07-27 00:00:00-04:00,2023-07-03 00:00:00-04:00,CRM,-4.387287206077133,-0.00038423077223828005,-0.0019061812818930157
2023-07-27 00:00:00-04:00,2023-07-03 00:00:00-04:00,MSFT,-44.65487261416363,-0.003910793933202207,-0.020871954127068326
2023-07-27 00:00:00-04:00,2023-07-03 00:00:00-04:00,CAT,-0.17562466648249922,-1.5380894401713504e-05,-7.744637670181742e-05
2023-07-28 00:00:00-04:00,2023-07-03 00:00:00-04:00,__cash_interest__,-0.00012821653621841378,-1.1293530217551948e-08,
2023-07-28 00:00:00-04:00,2023-07-03 00:00:00-04:00,BA,50.42000273742282,0.0044410794526077635,0.021133700284091006
2023-07-28 00:00:00-04:00,2023-07-03 00:00:00-04:00,JPM,13.16939883909547,0.0011599830109508024,0.00570431066653132
2023-07-28 00:00:00-04:00,2023-07-03 00:00:00-04:00,CRM,4.591597537683916,0.00040443570749981966,0.001998759694839425
2023-07-28 00:00:00-04:00,2023-07-03 00:00:00-04:00,MSFT,52.490410266893974,0.004623444463287029,0.025057326588843187
2023-07-28 00:00:00-04:00,2023-07-03 00:00:00-04:00,CAT,18.698787581028096,0.001647020960059269,0.008246367317241932
2023-07-31 00:00:00-04:00,2023-07-03 00:00:00-04:00,__cash_interest__,-0.00012823488117523946,-1.1158168923034018e-08,
2023-07-31 00:00:00-04:00,2023-07-03 00:00:00-04:00,BA,1.6330730960642712,0.00014209944519421255,0.0006703408625112761
2023-07-31 00:00:00-04:00,2023-07-03 00:00:00-04:00,JPM,15.536711701602055,0.001351904038013246,0.006691539019694215
2023-07-31 00:00:00-04:00,2023-07-03 00:00:00-04:00,CRM,-6.02002767780917,-0.0005238238233990355,-0.0026153394994153922
2023-07-31 00:00:00-04:00,2023-07-03 00:00:00-04:00,MSFT,-15.547765305966744,-0.001352865851082976,-0.007240600541646325
2023-07-31 00:00:00-04:00,2023-07-03 00:00:00-04:00,CAT,41.61061111520916,0.0036206859129045686,0.01820063983969855
2023-08-01 00:00:00-04:00,2023-08-01 00:00:00-04:00,__cash_interest__,-0.00012825322875682362,-1.1123746845697083e-08,
2023-08-01 00:00:00-04:00,2023-08-01 00:00:00-04:00,BA,-8.79186082618364,-0.0007625416925643264,-0.0035169000427641706
2023-08-01 00:00:00-04:00,2023-08-01 00:00:00-04:00,JPM,-7.841535230299587,-0.0006801174023373405,-0.0049375181936127666
2023-08-01 00:00:00-04:00,2023-08-01 00:00:00-04:00,CRM,-7.5037181991735515,-0.0006508176243057402,-0.003288750228002124
2023-08-01 00:00:00-04:00,2023-08-01 00:00:00-04:00,MSFT,3.2992740157811014,0.0002861548927997866,0.001250442202340718
2023-08-01 00:00:00-04:00,2023-08-01 00:00:00-04:00,CAT,201.3089495344404,0.017460065638115044,0.08854682686451665
2023-08-01 00:00:00-04:00,2023-08-01 00:00:00-04:00,__costs__,-0.9912864913409886,-8.597693865582137e-05,
2023-08-01 00:00:00-04:00,2023-08-01 00:00:00-04:00,INTC,-1.290822483599994,-0.00011195649941511791,0.0008386671818878533
2023-08-02 00:00:00-04:00,2023-08-01 00:00:00-04:00,__cash_interest__,-0.00014183122101012885,-1.211418034080127e-08,
2023-08-02 00:00:00-04:00,2023-08-01 00:00:00-04:00,BA,-64.52231956565959,-0.00551102225348106,-0.027855929486326758
2023-08-02 00:00:00-04:00,2023-08-01 00:00:00-04:00,CRM,-38.927393615412555,-0.0033248918192757175,-0.016809959492805948
2023-08-02 00:00:00-04:00,2023-08-01 00:00:00-04:00,MSFT,-60.96990036601779,-0.005207600718193619,-0.026283056185135267
2023-08-02 00:00:00-04:00,2023-08-01 00:00:00-04:00,CAT,-9.153490306726425,-0.0007818238574956728,-0.0037413450999649323
2023-08-02 00:00:00-04:00,2023-08-01 00:00:00-04:00,INTC,-91.00076080623786,-0.007772616069336087,-0.039385414483051995
2023-08-03 00:00:00-04:00,2023-08-01 00:00:00-04:00,__cash_interest__,-0.0001418515139278967,-1.2396038888315855e-08,
2023-08-03 00:00:00-04:00,2023-08-01 00:00:00-04:00,BA,-0.19467934847533783,-1.701252744950569e-05,-8.64563576747912e-05
2023-08-03 00:00:00-04:00,2023-08-01 00:00:00-04:00,CRM,-51.00870681877786,-0.0044575196686985966,-0.022403619248716145
2023-08-03 00:00:00-04:00,2023-08-01 00:00:00-04:00,MSFT,-5.79351409467922,-0.0005062802928853767,-0.0025648957544293083
2023-08-03 00:00:00-04:00,2023-08-01 00:00:00-04:00,CAT,-51.87247640057012,-0.004533002270399158,-0.021281680440618844
2023-08-03 00:00:00-04:00,2023-08-01 00:00:00-04:00,INTC,30.978629628671722,0.002707142750545069,0.01395736458281105
2023-08-04 00:00:00-04:00,2023-08-01 00:00:00-04:00,__cash_interest__,-0.00014187180974913332,-1.2482778823873207e-08,
2023-08-04 00:00:00-04:00,2023-08-01 00:00:00-04:00,BA,0.0,0.0,0.0
2023-08-04 00:00:00-04:00,2023-08-01 00:00:00-04:00,CRM,-10.016069811984051,-0.0008812771499042219,-0.004499990818549682
2023-08-04 00:00:00-04:00,2023-08-01 00:00:00-04:00,MSFT,7.724685459572294,0.0006796666670167669,0.0034286551489406403
2023-08-04 00:00:00-04:00,2023-08-01 00:00:00-04:00,CAT,-42.46510469028224,-0.003736348401551649,-0.01780095972161766
2023-08-04 00:00:00-04:00,2023-08-01 00:00:00-04:00,INTC,25.58524202063084,0.0022511513588466974,0.011368706537120632
2023-08-07 00:00:00-04:00,2023-08-01 00:00:00-04:00,__cash_interest__,-0.000141892108474254,-1.2505659630933875e-08,
2023-08-07 00:00:00-04:00,2023-08-01 00:00:00-04:00,BA,67.05270560533903,0.005909689570831437,0.029780426052350872
2023-08-07 00:00:00-04:00,2023-08-01 00:00:00-04:00,CRM,15.178457018007132,0.001337753164929525,0.00685015883372686
2023-08-07 00:00:00-04:00,2023-08-01 00:00:00-04:00,MSFT,16.069681346404117,0.0014163012126369324,0.007108267579578831
2023-08-07 00:00:00-04:00,2023-08-01 00:00:00-04:00,CAT,44.1597158441287,0.003892016135947653,0.018846815676217377
2023-08-07 00:00:00-04:00,2023-08-01 00:00:00-04:00,INTC,5.829249897851814,0.0005137608843089264,0.0025610891052390006
2023-08-08 00:00:00-04:00,2023-08-01 00:00:00-04:00,__cash_interest__,-0.00014191241010367436,-1.2346091566634722e-08,
2023-08-08 00:00:00-04:00,2023-08-01 00:00:00-04:00,BA,-2.0437619169077608,-0.0001778031374994653,-0.0008814552523281893
2023-08-08 00:00:00-04:00,2023-08-01 00:00:00-04:00,CRM,-46.258727159982094,-0.004024415347860577,-0.020734895558938815
2023-08-08 00:00:00-04:00,2023-08-01 00:00:00-04:00,MSFT,-32.22683960613486,-0.0028036696183929423,-0.01415461493233705
2023-08-08 00:00:00-04:00,2023-08-01 00:00:00-04:00,CAT,10.510042588455445,0.0009143523675731153,0.00440258040600261
2023-08-08 00:00:00-04:00,2023-08-01 00:00:00-04:00,INTC,-13.601918051598371,-0.0011833392557015507,-0.005960755716023836
2023-08-09 00:00:00-04:00,2023-08-01 00:00:00-04:00,__cash_interest__,-0.0001419327146378098,-1.2438345582666653e-08,
2023-08-09 00:00:00-04:00,2023-08-01 00:00:00-04:00,BA,-1.7516686457780968,-0.00015350837203465667,-0.000756144685170157
2023-08-09 00:00:00-04:00,2023-08-01 00:00:00-04:00,CRM,-59.06259505549693,-0.005175980535453429,-0.02703462932866607
2023-08-09 00:00:00-04:00,2023-08-01 00:00:00-04:00,MSFT,-22.12131697351019,-0.0019386128558336667,-0.009855587375056873
2023-08-09 00:00:00-04:00,2023-08-01 00:00:00-04:00,CAT,13.900883693620585,0.0012182110074265302,0.005797455321854272
2023-08-09 00:00:00-04:00,2023-08-01 00:00:00-04:00,INTC,-47.93128613646504,-0.004200482620996892,-0.02113083807015137
2023-08-10 00:00:00-04:00,2023-08-01 00:00:00-04:00,__cash_interest__,-0.00014195302207707604,-1.2568961944657512e-08,
2023-08-10 00:00:00-04:00,2023-08-01 00:00:00-04:00,BA,3.8926959885068695,0.000344671406256486,0.0016816358171107826
2023-08-10 00:00:00-04:00,2023-08-01 00:00:00-04:00,CRM,24.678095770074197,0.0021850753302896163,0.011609730982341304
2023-08-10 00:00:00-04:00,2023-08-01 00:00:00-04:00,MSFT,4.8276052216662055,0.00042745117664353907,0.002172224666936451
2023-08-10 00:00:00-04:00,2023-08-01 00:00:00-04:00,CAT,-6.017879603016268,-0.0005328417712500182,-0.0024953298567643722
2023-08-10 00:00:00-04:00,2023-08-01 00:00:00-04:00,INTC,25.908810106669158,0.0022940466042721272,0.011668645892638496
2023-08-11 00:00:00-04:00,2023-08-01 00:00:00-04:00,__cash_interest__,-0.0001419733324218887,-1.2511725084996032e-08,
2023-08-11 00:00:00-04:00,2023-08-01 00:00:00-04:00,BA,-24.71893137036858,-0.0021784124414427936,-0.010660594916029553
2023-08-11 00:00:00-04:00,2023-08-01 00:00:00-04:00,CRM,4.6464369943927935,0.00040947790198967636,0.002160814897569807
2023-08-11 00:00:00-04:00,2023-08-01 00:00:00-04:00,MSFT,-13.241979350101907,-0.0011669797586868914,-0.005945433651760035
2023-08-11 00:00:00-04:00,2023-08-01 00:00:00-04:00,CAT,11.86632507060576,0.0010457470746085364,0.004932712140436113
2023-08-11 00:00:00-04:00,2023-08-01 00:00:00-04:00,INTC,13.602169269056477,0.0011987223202473592,0.006055400568466096
2023-08-14 00:00:00-04:00,2023-08-01 00:00:00-04:00,__cash_interest__,-0.00014199364567266345,-1.252217378666136e-08,
2023-08-14 00:00:00-04:00,2023-08-01 00:00:00-04:00,BA,9.634623042279475,0.0008496607262448954,0.004199921466304213
2023-08-14 00:00:00-04:00,2023-08-01 00:00:00-04:00,CRM,34.694486147582715,0.003059646668840943,0.016099802741008196
2023-08-14 00:00:00-04:00,2023-08-01 00:00:00-04:00,MSFT,20.897932949203277,0.0018429525274334157,0.009438951127308082
2023-08-14 00:00:00-04:00,2023-08-01 00:00:00-04:00,CAT,-5.763728399876105,-0.000508293229182573,-0.0023841636092239993
2023-08-14 00:00:00-04:00,2023-08-01 00:00:00-04:00,INTC,51.169479171429266,0.004512547781431768,0.022642470055303843
2023-08-15 00:00:00-04:00,2023-08-01 00:00:00-04:00,__cash_interest__,-0.00014201396182981615,-1.2402955969256494e-08,
2023-08-15 00:00:00-04:00,2023-08-01 00:00:00-04:00,BA,-43.30702248051382,-0.0037822696167655353,-0.018799425798717406
2023-08-15 00:00:00-04:00,2023-08-01 00:00:00-04:00,CRM,-33.86822850826798,-0.002957921471468811,-0.015467360562772647
2023-08-15 00:00:00-04:00,2023-08-01 00:00:00-04:00,MSFT,-15.035686994053133,-0.0013131593637127177,-0.006727653621859675
2023-08-15 00:00:00-04:00,2023-08-01 00:00:00-04:00,CAT,-60.772894702471206,-0.005307672058485994,-0.02519875798354454
2023-08-15 00:00:00-04:00,2023-08-01 00:00:00-04:00,INTC,-58.942147325175824,-0.0051477815884304005,-0.02550438961692869
2023-08-16 00:00:00-04:00,2023-08-01 00:00:00-04:00,__cash_interest__,-0.00014203428089376257,-1.2638657144461118e-08,
2023-08-16 00:00:00-04:00,2023-08-01 00:00:00-04:00,BA,-22.480638601818796,-0.0020003979454047624,-0.009945740175782869
2023-08-16 00:00:00-04:00,2023-08-01 00:00:00-04:00,CRM,-18.482846444217138,-0.0016446618224293847,-0.008573585143580087
2023-08-16 00:00:00-04:00,2023-08-01 00:00:00-04:00,MSFT,-5.3908186488480085,-0.00047969200253647465,-0.002428436349052654
2023-08-16 00:00:00-04:00,2023-08-01 00:00:00-04:00,CAT,-24.24068274791314,-0.0021570122105077096,-0.010310933512054477
2023-08-16 00:00:00-04:00,2023-08-01 00:00:00-04:00,INTC,-80.31748718289506,-0.007146902683082048,-0.03566310942451656
2023-08-17 00:00:00-04:00,2023-08-01 00:00:00-04:00,__cash_interest__,-0.00014205460286491862,-1.2812520688773867e-08,
2023-08-17 00:00:00-04:00,2023-08-01 00:00:00-04:00,BA,-52.649552251663636,-0.004748691445926471,-0.023526869901751235
2023-08-17 00:00:00-04:00,2023-08-01 00:00:00-04:00,CRM,-32.52570009179849,-0.002933633947358267,-0.015218076999973462
2023-08-17 00:00:00-04:00,2023-08-01 00:00:00-04:00,MSFT,-24.328493082175218,-0.0021942922978600695,-0.010986089968131663
2023-08-17 00:00:00-04:00,2023-08-01 00:00:00-04:00,CAT,5.594024464870625,0.0005045493264151198,0.0024042450335479693
2023-08-17 00:00:00-04:00,2023-08-01 00:00:00-04:00,INTC,-61.5327017531472,-0.005549901223531903,-0.028332591294233045
2023-08-18 00:00:00-04:00,2023-08-01 00:00:00-04:00,__cash_interest__,-0.0001420749277437003,-1.3008465978121972e-08,
2023-08-18 00:00:00-04:00,2023-08-01 00:00:00-04:00,BA,20.53429060756536,0.001880132019037594,0.00939699239975833
2023-08-18 00:00:00-04:00,2023-08-01 00:00:00-04:00,CRM,10.221872878692125,0.0009359208390028565,0.00485650155063988
2023-08-18 00:00:00-04:00,2023-08-01 00:00:00-04:00,MSFT,-6.875125190491251,-0.00062949060440258,-0.003139107241796113
2023-08-18 00:00:00-04:00,2023-08-01 00:00:00-04:00,CAT,-11.611904067886892,-0.0010631929321183171,-0.004978687967247208
2023-08-18 00:00:00-04:00,2023-08-01 00:00:00-04:00,INTC,11.010861188710784,0.0010081610839989957,0.0052177583781449766
2023-08-21 00:00:00-04:00,2023-08-01 00:00:00-04:00,__cash_interest__,-0.0001420952555305236,-1.2982654448712757e-08,
2023-08-21 00:00:00-04:00,2023-08-01 00:00:00-04:00,BA,5.547247705297269,0.0005068290269819669,0.0025149231836250063
2023-08-21 00:00:00-04:00,2023-08-01 00:00:00-04:00,CRM,43.36818782585951,0.003962371540892578,0.020505024118542714
2023-08-21 00:00:00-04:00,2023-08-01 00:00:00-04:00,MSFT,37.25288383561838,0.003403641566005553,0.01706282283486682
2023-08-21 00:00:00-04:00,2023-08-01 00:00:00-04:00,CAT,-8.899878702743672,-0.0008131450230465926,-0.003834980622227868
2023-08-21 00:00:00-04:00,2023-08-01 00:00:00-04:00,INTC,25.261171499676312,0.0023080085209426283,0.011908471221362404
2023-08-22 00:00:00-04:00,2023-08-01 00:00:00-04:00,__cash_interest__,-0.00014211558622580458,-1.2864005926306534e-08,
2023-08-22 00:00:00-04:00,2023-08-01 00:00:00-04:00,BA,27.735941532819716,0.0025105994755774325,0.012542936749425415
2023-08-22 00:00:00-04:00,2023-08-01 00:00:00-04:00,CRM,-23.439590866294377,-0.002121702790115654,-0.01085985155824043
2023-08-22 00:00:00-04:00,2023-08-01 00:00:00-04:00,MSFT,4.00045283186095,0.00036211263172219776,0.0018015750464148717
2023-08-22 00:00:00-04:00,2023-08-01 00:00:00-04:00,CAT,-21.613644250062013,-0.0019564219175798904,-0.009349229006627824
2023-08-22 00:00:00-04:00,2023-08-01 00:00:00-04:00,INTC,-16.192974914485962,-0.0014657542553672223,-0.00754376125864642
2023-08-23 00:00:00-04:00,2023-08-01 00:00:00-04:00,__cash_interest__,-0.0001421359198299594,-1.2900305516142778e-08,
2023-08-23 00:00:00-04:00,2023-08-01 00:00:00-04:00,BA,-14.50056727632972,-0.0013160765290422167,-0.006476313494719554
2023-08-23 00:00:00-04:00,2023-08-01 00:00:00-04:00,CRM,24.471972137841654,0.0022210847021524585,0.011462649203819675
2023-08-23 00:00:00-04:00,2023-08-01 00:00:00-04:00,MSFT,31.320397797353746,0.002842650196771897,0.014079549624879562
2023-08-23 00:00:00-04:00,2023-08-01 00:00:00-04:00,CAT,23.987340943509093,0.0021770994064086203,0.01047392175141204
2023-08-23 00:00:00-04:00,2023-08-01 00:00:00-04:00,INTC,70.60140077325376,0.0064078076881072706,0.03314081956244319
2023-08-24 00:00:00-04:00,2023-08-01 00:00:00-04:00,__cash_interest__,-0.00014215625634340424,-1.274497321309724e-08,
2023-08-24 00:00:00-04:00,2023-08-01 00:00:00-04:00,BA,-109.67842461460583,-0.00983318370730796,-0.0493044193813188
2023-08-24 00:00:00-04:00,2023-08-01 00:00:00-04:00,CRM,-37.37890184947276,-0.0033511933632784136,-0.01730982671839587
2023-08-24 00:00:00-04:00,2023-08-01 00:00:00-04:00,MSFT,-48.49754548488811,-0.004348031764516444,-0.02149855290119862
2023-08-24 00:00:00-04:00,2023-08-01 00:00:00-04:00,CAT,-31.61592403139454,-0.0028345154497741985,-0.013661801994282907
2023-08-24 00:00:00-04:00,2023-08-01 00:00:00-04:00,INTC,-90.03307115762016,-0.008071885893117688,-0.040906513925212606
2023-08-25 00:00:00-04:00,2023-08-01 00:00:00-04:00,__cash_interest__,-0.00014217659576655538,-1.3119911579685178e-08,
2023-08-25 00:00:00-04:00,2023-08-01 00:00:00-04:00,BA,59.364579054146304,0.005478102946243444,0.028070526768428472
2023-08-25 00:00:00-04:00,2023-08-01 00:00:00-04:00,CRM,40.8894149079153,0.0037732335989936827,0.019269057168389336
2023-08-25 00:00:00-04:00,2023-08-01 00:00:00-04:00,MSFT,24.95979198869499,0.002303264205852118,0.01130756149494383
2023-08-25 00:00:00-04:00,2023-08-01 00:00:00-04:00,CAT,27.63206345223569,0.002549858697227731,0.012105690668676283
2023-08-25 00:00:00-04:00,2023-08-01 00:00:00-04:00,INTC,42.749423628147966,0.003944873310968249,0.020251618044408337
2023-08-28 00:00:00-04:00,2023-08-01 00:00:00-04:00,__cash_interest__,-0.0001421969380998291,-1.2889148390323234e-08,
2023-08-28 00:00:00-04:00,2023-08-01 00:00:00-04:00,BA,35.521333509833454,0.0032197580675680866,0.016337647538848366
2023-08-28 00:00:00-04:00,2023-08-01 00:00:00-04:00,CRM,23.23314666853737,0.0021059206969329387,0.010741594732319726
2023-08-28 00:00:00-04:00,2023-08-01 00:00:00-04:00,MSFT,0.772425453881699,7.001491332080912e-05,0.00034602009329520733
2023-08-28 00:00:00-04:00,2023-08-01 00:00:00-04:00,CAT,18.900809486182677,0.0017132249218587805,0.008181459648078704
2023-08-28 00:00:00-04:00,2023-08-01 00:00:00-04:00,INTC,23.96564306823252,0.002172316323429622,0.011127849894522424
2023-08-29 00:00:00-04:00,2023-08-01 00:00:00-04:00,__cash_interest__,-0.00014221728334364183,-1.277244861153665e-08,
2023-08-29 00:00:00-04:00,2023-08-01 00:00:00-04:00,BA,1.849082568432423,0.00016606499244346023,0.0008367939903515254
2023-08-29 00:00:00-04:00,2023-08-01 00:00:00-04:00,CRM,2.4779715041330364,0.00022254512920849126,0.0011334879256408303
2023-08-29 00:00:00-04:00,2023-08-01 00:00:00-04:00,MSFT,36.75754042739689,0.003301172580135613,0.01646042093715372
2023-08-29 00:00:00-04:00,2023-08-01 00:00:00-04:00,CAT,44.41413684684756,0.0039888068957933615,0.01906921906775949
2023-08-29 00:00:00-04:00,2023-08-01 00:00:00-04:00,INTC,44.69259066658461,0.004013814665732854,0.020523509618895375
2023-08-30 00:00:00-04:00,2023-08-01 00:00:00-04:00,__cash_interest__,-0.00014223763149840993,-1.2626640443784982e-08,
2023-08-30 00:00:00-04:00,2023-08-01 00:00:00-04:00,BA,15.571080947694107,0.0013822673955998913,0.0070407309285616115
2023-08-30 00:00:00-04:00,2023-08-01 00:00:00-04:00,CRM,31.802824834124493,0.002823182796612124,0.014530959716951841
2023-08-30 00:00:00-04:00,2023-08-01 00:00:00-04:00,MSFT,-1.6435317607279218,-0.0001458986934894533,-0.0007240726141936049
2023-08-30 00:00:00-04:00,2023-08-01 00:00:00-04:00,CAT,19.49490815849121,0.0017305912170270542,0.008213517583238739
2023-08-30 00:00:00-04:00,2023-08-01 00:00:00-04:00,INTC,14.250059093507426,0.0012649983733623844,0.006412239731672598
2023-08-31 00:00:00-04:00,2023-08-01 00:00:00-04:00,__cash_interest__,-0.00014225798256454995,-1.2539975896519116e-08,
2023-08-31 00:00:00-04:00,2023-08-01 00:00:00-04:00,BA,-46.90777369472434,-0.004134898730370432,-0.021061862336322235
2023-08-31 00:00:00-04:00,2023-08-01 00:00:00-04:00,CRM,66.29102706671243,0.005843523622267531,0.029855066626156113
2023-08-31 00:00:00-04:00,2023-08-01 00:00:00-04:00,MSFT,-7.105452334201024,-0.0006263423633490371,-0.003132638823120315
2023-08-31 00:00:00-04:00,2023-08-01 00:00:00-04:00,CAT,-10.1714441171806,-0.0008966081323721843,-0.004250481195059441
2023-08-31 00:00:00-04:00,2023-08-01 00:00:00-04:00,INTC,39.51072815826753,0.0034828525600226054,0.01766575524397518
2023-09-01 00:00:00-04:00,2023-09-01 00:00:00-04:00,__cash_interest__,-0.00014227833654247842,-1.2495928596136294e-08,
2023-09-01 00:00:00-04:00,2023-09-01 00:00:00-04:00,BA,-7.353321217277806,-0.0006458226818537758,-0.0028121451870075642
2023-09-01 00:00:00-04:00,2023-09-01 00:00:00-04:00,CRM,0.7415846317617216,6.513140954329208e-05,0.00031604886904768037
2023-09-01 00:00:00-04:00,2023-09-01 00:00:00-04:00,MSFT,10.351176915586294,0.0009091163895110822,0.004633680790307126
2023-09-01 00:00:00-04:00,2023-09-01 00:00:00-04:00,CAT,31.10651893462155,0.002732002980406939,0.018212195721773572
2023-09-01 00:00:00-04:00,2023-09-01 00:00:00-04:00,INTC,94.92733472347722,0.008337215807776533,0.04183270406154027
2023-09-01 00:00:00-04:00,2023-09-01 00:00:00-04:00,__costs__,-0.7391123921486938,-6.49142793010664e-05,
2023-09-01 00:00:00-04:00,2023-09-01 00:00:00-04:00,AAPL,-0.3650137713960098,-3.20581905496848e-05,0.008463406773738358
2023-09-05 00:00:00-04:00,2023-09-01 00:00:00-04:00,__cash_interest__,-0.00010575067244232094,-9.184015401457462e-09,
2023-09-05 00:00:00-04:00,2023-09-01 00:00:00-04:00,BA,-8.467488250215672,-0.000735366884253678,-0.0037152488582887777
2023-09-05 00:00:00-04:00,2023-09-01 00:00:00-04:00,CRM,-29.29733012135025,-0.0025443538546085394,-0.012819794146149421
2023-09-05 00:00:00-04:00,2023-09-01 00:00:00-04:00,MSFT,29.668009215943325,0.0025765458249773134,0.012971318262682718
2023-09-05 00:00:00-04:00,2023-09-01 00:00:00-04:00,INTC,6.442097543382954,0.0005594699465234137,0.002731475404591066
2023-09-05 00:00:00-04:00,2023-09-01 00:00:00-04:00,AAPL,2.920088420278979,0.00025359779192030217,0.0012666971300878682
2023-09-06 00:00:00-04:00,2023-09-01 00:00:00-04:00,__cash_interest__,-0.00010576580302982126,-9.18432022484457e-09,
2023-09-06 00:00:00-04:00,2023-09-01 00:00:00-04:00,BA,-47.133152368561795,-0.004092872669223797,-0.02075756042568022
2023-09-06 00:00:00-04:00,2023-09-01 00:00:00-04:00,CRM,30.22562736774126,0.002624684281590433,0.01339775069232818
2023-09-06 00:00:00-04:00,2023-09-01 00:00:00-04:00,MSFT,-0.3006826863609919,-2.611019817839624e-05,-0.00012977976486261422
2023-09-06 00:00:00-04:00,2023-09-01 00:00:00-04:00,INTC,17.393388522961548,0.0015103790205703235,0.007354777663062695
2023-09-06 00:00:00-04:00,2023-09-01 00:00:00-04:00,AAPL,-82.61829237661595,-0.007174274026953022,-0.03579342255139217
2023-09-07 00:00:00-04:00,2023-09-01 00:00:00-04:00,__cash_interest__,-0.00010578093578217474,-9.25186099545298e-09,
2023-09-07 00:00:00-04:00,2023-09-01 00:00:00-04:00,BA,-19.383658159730025,-0.001695342450424985,-0.00871756789671152
2023-09-07 00:00:00-04:00,2023-09-01 00:00:00-04:00,CRM,9.387860284573575,0.0008210853662370836,0.004106229793234384
2023-09-07 00:00:00-04:00,2023-09-01 00:00:00-04:00,MSFT,-20.668789017078485,-0.001807743158220187,-0.008922159025195664
2023-09-07 00:00:00-04:00,2023-09-01 00:00:00-04:00,INTC,77.30616995394973,0.006761387892971637,0.03245017602699729
2023-09-07 00:00:00-04:00,2023-09-01 00:00:00-04:00,AAPL,-65.09644463500769,-0.005693495265550298,-0.029249213509442318
2023-09-08 00:00:00-04:00,2023-09-01 00:00:00-04:00,__cash_interest__,-0.00010579607069969113,-9.268144601114621e-09,
2023-09-08 00:00:00-04:00,2023-09-01 00:00:00-04:00,BA,-48.76534735888263,-0.004272032863381445,-0.02212450225308149
2023-09-08 00:00:00-04:00,2023-09-01 00:00:00-04:00,CRM,23.00438114969699,0.0020152726802089974,0.010020918388985445
2023-09-08 00:00:00-04:00,2023-09-01 00:00:00-04:00,MSFT,30.341833475566155,0.0026580618566896205,0.01321566380408079
2023-09-08 00:00:00-04:00,2023-09-01 00:00:00-04:00,INTC,-10.952040554594308,-0.0009594410724891693,-0.004452755414786513
2023-09-08 00:00:00-04:00,2023-09-01 00:00:00-04:00,AAPL,7.543530390007972,0.0006608424112078161,0.003491594626978678
2023-09-11 00:00:00-04:00,2023-09-01 00:00:00-04:00,__cash_interest__,-0.00010581120778268023,-9.268518849173043e-09,
2023-09-11 00:00:00-04:00,2023-09-01 00:00:00-04:00,BA,-2.6526087396344273,-0.00023235491417202377,-0.0012306989178155758
2023-09-11 00:00:00-04:00,2023-09-01 00:00:00-04:00,CRM,5.674351030854834,0.000497044033315639,0.0024472751540485227
2023-09-11 00:00:00-04:00,2023-09-01 00:00:00-04:00,MSFT,25.539805147571524,0.0022371558776708377,0.010979001538119704
2023-09-11 00:00:00-04:00,2023-09-01 00:00:00-04:00,INTC,37.36456552496285,0.00327294420994187,0.01525920329659125
2023-09-11 00:00:00-04:00,2023-09-01 00:00:00-04:00,AAPL,14.358261807742425,0.0012577100573291568,0.006622733831682437
2023-09-12 00:00:00-04:00,2023-09-01 00:00:00-04:00,__cash_interest__,-0.00010582634703145183,-9.205110124820018e-09,
2023-09-12 00:00:00-04:00,2023-09-01 00:00:00-04:00,BA,-3.6727111498940754,-0.0003194640232775076,-0.0017060832174937701
2023-09-12 00:00:00-04:00,2023-09-01 00:00:00-04:00,CRM,-37.65376681372019,-0.0032752436407124143,-0.016199943175257525
2023-09-12 00:00:00-04:00,2023-09-01 00:00:00-04:00,MSFT,-42.93796488645498,-0.0037348798895799015,-0.01825763782107548
2023-09-12 00:00:00-04:00,2023-09-01 00:00:00-04:00,INTC,17.39363838130012,0.001512953638318241,0.006996573875845957
2023-09-12 00:00:00-04:00,2023-09-01 00:00:00-04:00,AAPL,-37.23291501418223,-0.0032386366211029764,-0.017060656452093204
2023-09-13 00:00:00-04:00,2023-09-01 00:00:00-04:00,__cash_interest__,-0.00010584148844631587,-9.290555754247121e-09,
2023-09-13 00:00:00-04:00,2023-09-01 00:00:00-04:00,BA,-22.95440576945623,-0.0020148921725993358,-0.010681225089926527
2023-09-13 00:00:00-04:00,2023-09-01 00:00:00-04:00,CRM,-29.503903081130208,-0.0025897940454812714,-0.012902613611733837
2023-09-13 00:00:00-04:00,2023-09-01 00:00:00-04:00,MSFT,29.855013888124546,0.002620613855143662,0.012930725057213266
2023-09-13 00:00:00-04:00,2023-09-01 00:00:00-04:00,INTC,-9.663021385905147,-0.0008482008355898072,-0.003859934500682227
2023-09-13 00:00:00-04:00,2023-09-01 00:00:00-04:00,AAPL,-25.430624401996543,-0.002232249728724314,-0.011854930264651675
2023-09-14 00:00:00-04:00,2023-09-01 00:00:00-04:00,__cash_interest__,-0.0001058566320275822,-9.33918362410206e-09,
2023-09-14 00:00:00-04:00,2023-09-01 00:00:00-04:00,BA,6.631366179559095,0.0005850511700903685,0.003119045941989418
2023-09-14 00:00:00-04:00,2023-09-01 00:00:00-04:00,CRM,-0.20657295977995585,-1.82248647647941e-05,-9.151908917937046e-05
2023-09-14 00:00:00-04:00,2023-09-01 00:00:00-04:00,MSFT,18.372232799316972,0.0016208871604082792,0.007855752550519846
2023-09-14 00:00:00-04:00,2023-09-01 00:00:00-04:00,INTC,-2.5767890456854676,-0.0002273367818084449,-0.0010332976743938627
2023-09-14 00:00:00-04:00,2023-09-01 00:00:00-04:00,AAPL,18.6168338556438,0.001642467047619223,0.008782680717677405
2023-09-15 00:00:00-04:00,2023-09-01 00:00:00-04:00,__cash_interest__,-0.00010587177777556084,-9.30698831757989e-09,
2023-09-15 00:00:00-04:00,2023-09-01 00:00:00-04:00,BA,-9.58986553969714,-0.0008430269937880095,-0.004496543543094367
2023-09-15 00:00:00-04:00,2023-09-01 00:00:00-04:00,CRM,-43.01793813675039,-0.0037816258128191183,-0.019060204496481825
2023-09-15 00:00:00-04:00,2023-09-01 00:00:00-04:00,MSFT,-59.013641468010434,-0.005187777925907335,-0.025036861685384326
2023-09-15 00:00:00-04:00,2023-09-01 00:00:00-04:00,INTC,-50.89314526690406,-0.004473920419548402,-0.020429364895168223
2023-09-15 00:00:00-04:00,2023-09-01 00:00:00-04:00,AAPL,-8.88276671473574,-0.000780867269623924,-0.00415405183073958
2023-09-18 00:00:00-04:00,2023-09-01 00:00:00-04:00,__cash_interest__,-0.00010588692569056176,-9.450716032886266e-09,
2023-09-18 00:00:00-04:00,2023-09-01 00:00:00-04:00,BA,-30.503910819107098,-0.002722562744774868,-0.014367428208134525
2023-09-18 00:00:00-04:00,2023-09-01 00:00:00-04:00,CRM,4.023368693388675,0.00035909735568241425,0.0018172950505273011
2023-09-18 00:00:00-04:00,2023-09-01 00:00:00-04:00,MSFT,-8.073091491739966,-0.0007205468918694397,-0.003513008127318251
2023-09-18 00:00:00-04:00,2023-09-01 00:00:00-04:00,INTC,7.08648219855825,0.0006324891434320598,0.0029039592425910143
2023-09-18 00:00:00-04:00,2023-09-01 00:00:00-04:00,AAPL,36.01636831762961,0.0032145656065269918,0.01691341918926681
2023-09-19 00:00:00-04:00,2023-09-01 00:00:00-04:00,__cash_interest__,-0.00010590207577289504,-9.444861480627541e-09,
2023-09-19 00:00:00-04:00,2023-09-01 00:00:00-04:00,BA,-6.529246969864248,-0.0005823099571288895,-0.0031201219036827155
2023-09-19 00:00:00-04:00,2023-09-01 00:00:00-04:00,CRM,7.221086083966922,0.0006440115295663606,0.0032557392023950804
2023-09-19 00:00:00-04:00,2023-09-01 00:00:00-04:00,MSFT,-7.150216926242376,-0.0006376910738711153,-0.003122387964117568
2023-09-19 00:00:00-04:00,2023-09-01 00:00:00-04:00,INTC,-106.29523411166518,-0.009479925250837302,-0.043432443480508676
2023-09-19 00:00:00-04:00,2023-09-01 00:00:00-04:00,AAPL,13.384271753394957,0.001193674361973609,0.006180765425322976
2023-09-20 00:00:00-04:00,2023-09-01 00:00:00-04:00,__cash_interest__,-0.00010591722802287076,-9.530676064253787e-09,
2023-09-20 00:00:00-04:00,2023-09-01 00:00:00-04:00,BA,-21.52613785947114,-0.0019369714510352257,-0.010318860790485607
2023-09-20 00:00:00-04:00,2023-09-01 00:00:00-04:00,CRM,-27.543861974380857,-0.0024784601234055844,-0.012378278997146719
2023-09-20 00:00:00-04:00,2023-09-01 00:00:00-04:00,MSFT,-50.540724441664906,-0.00454777076116655,-0.02213947236576319
2023-09-20 00:00:00-04:00,2023-09-01 00:00:00-04:00,INTC,-106.29548397000374,-0.009564712405355193,-0.045404577310934946
2023-09-20 00:00:00-04:00,2023-09-01 00:00:00-04:00,AAPL,-43.559898707637586,-0.00391961998745432,-0.01999209771200694
2023-09-21 00:00:00-04:00,2023-09-01 00:00:00-04:00,__cash_interest__,-0.00010593238244079908,-9.750923991540956e-09,
2023-09-21 00:00:00-04:00,2023-09-01 00:00:00-04:00,BA,-24.688719969471904,-0.0022725612916833773,-0.011958285454046425
2023-09-21 00:00:00-04:00,2023-09-01 00:00:00-04:00,CRM,-45.59689745245286,-0.004197129065396307,-0.02074818414587254
2023-09-21 00:00:00-04:00,2023-09-01 00:00:00-04:00,MSFT,-12.80765061666225,-0.0011789258845667872,-0.005737442680967986
2023-09-21 00:00:00-04:00,2023-09-01 00:00:00-04:00,INTC,-2.5767890456854676,-0.0002371897388483281,-0.0011530399143219183
2023-09-21 00:00:00-04:00,2023-09-01 00:00:00-04:00,AAPL,-18.981703777471417,-0.0017472386299581977,-0.00888949558481833
2023-09-22 00:00:00-04:00,2023-09-01 00:00:00-04:00,__cash_interest__,-0.00010594753902699018,-9.847177530031805e-09,
2023-09-22 00:00:00-04:00,2023-09-01 00:00:00-04:00,BA,-22.85228655976138,-0.002123980649175848,-0.011202752030823104
2023-09-22 00:00:00-04:00,2023-09-01 00:00:00-04:00,CRM,-22.48955009102059,-0.002090266506902119,-0.01045035834232766
2023-09-22 00:00:00-04:00,2023-09-01 00:00:00-04:00,MSFT,-13.358468322773765,-0.001241588151190079,-0.006018724551569488
2023-09-22 00:00:00-04:00,2023-09-01 00:00:00-04:00,INTC,-30.278083326404598,-0.0028141631653024733,-0.01356422244783051
2023-09-22 00:00:00-04:00,2023-09-01 00:00:00-04:00,AAPL,10.464183333115978,0.0009725820149700958,0.004944531952645104
2023-09-25 00:00:00-04:00,2023-09-01 00:00:00-04:00,__cash_interest__,-0.00010596269778175428,-9.920984094124698e-09,
2023-09-25 00:00:00-04:00,2023-09-01 00:00:00-04:00,BA,10.91601423998738,0.0010220351681608588,0.005411926706260228
2023-09-25 00:00:00-04:00,2023-09-01 00:00:00-04:00,CRM,-0.9279769782363133,-8.688382830492282e-05,-0.00043576267830647275
2023-09-25 00:00:00-04:00,2023-09-01 00:00:00-04:00,MSFT,3.6878102348127717,0.00034527911659142037,0.0016716223350927706
2023-09-25 00:00:00-04:00,2023-09-01 00:00:00-04:00,INTC,7.086232340219678,0.0006634636509480871,0.003218200483416478
2023-09-25 00:00:00-04:00,2023-09-01 00:00:00-04:00,AAPL,15.696180912535796,0.0014695884913434605,0.0073802615319849
2023-09-26 00:00:00-04:00,2023-09-01 00:00:00-04:00,__cash_interest__,-0.00010597785870540166,-9.888648935050676e-09,
2023-09-26 00:00:00-04:00,2023-09-01 00:00:00-04:00,BA,-32.03414226926006,-0.00298906196733747,-0.01579635480899033
2023-09-26 00:00:00-04:00,2023-09-01 00:00:00-04:00,CRM,-39.716934266282166,-0.0037059327725002494,-0.018658547741291276
2023-09-26 00:00:00-04:00,2023-09-01 00:00:00-04:00,MSFT,-41.66103971190895,-0.0038873345905721182,-0.01885273373818319
2023-09-26 00:00:00-04:00,2023-09-01 00:00:00-04:00,INTC,-29.633448812890734,-0.002765056546953376,-0.013414809326946497
2023-09-26 00:00:00-04:00,2023-09-01 00:00:00-04:00,AAPL,-50.1303799146798,-0.004677597132199062,-0.023398354428278534
2023-09-27 00:00:00-04:00,2023-09-01 00:00:00-04:00,__cash_interest__,-0.00010599302179824263,-1.0071604379910149e-08,
2023-09-27 00:00:00-04:00,2023-09-01 00:00:00-04:00,BA,-1.8362777401835508,-0.00017448566534849748,-0.0009200198136515292
2023-09-27 00:00:00-04:00,2023-09-01 00:00:00-04:00,CRM,2.475672835812494,0.00023524187680822495,0.0011851552028199208
2023-09-27 00:00:00-04:00,2023-09-01 00:00:00-04:00,MSFT,8.605035176413235,0.0008176624130691722,0.003968831688617058
2023-09-27 00:00:00-04:00,2023-09-01 00:00:00-04:00,INTC,50.248760611728756,0.004774707135206281,0.023056483333981026
2023-09-27 00:00:00-04:00,2023-09-01 00:00:00-04:00,AAPL,-18.616457507091116,-0.001768961689984942,-0.008897416293984883
2023-09-28 00:00:00-04:00,2023-09-01 00:00:00-04:00,__cash_interest__,-0.00010600818706058757,-1.0034071525202513e-08,
2023-09-28 00:00:00-04:00,2023-09-01 00:00:00-04:00,BA,-51.31599255834919,-0.004857250689731602,-0.02573423649498463
2023-09-28 00:00:00-04:00,2023-09-01 00:00:00-04:00,CRM,4.848699728044406,0.00045894757022512826,0.0023184240015343693
2023-09-28 00:00:00-04:00,2023-09-01 00:00:00-04:00,MSFT,5.915161707300725,0.0005598921866315097,0.0027174178451014885
2023-09-28 00:00:00-04:00,2023-09-01 00:00:00-04:00,INTC,36.719931011448985,0.00347567885449072,0.016469103467473323
2023-09-28 00:00:00-04:00,2023-09-01 00:00:00-04:00,AAPL,3.163585933865846,0.0002994452449072809,0.001525555089443964
2023-09-29 00:00:00-04:00,2023-09-01 00:00:00-04:00,__cash_interest__,-0.00010602335449274688,-1.0036142435782404e-08,
2023-09-29 00:00:00-04:00,2023-09-01 00:00:00-04:00,BA,12.752447649697904,0.0012071432905472,0.006564092044724301
2023-09-29 00:00:00-04:00,2023-09-01 00:00:00-04:00,CRM,-4.332427462671865,-0.00041010642717444624,-0.0020667748168052835
2023-09-29 00:00:00-04:00,2023-09-01 00:00:00-04:00,MSFT,10.554916839481486,0.0009991256106325255,0.004835774694028183
2023-09-29 00:00:00-04:00,2023-09-01 00:00:00-04:00,INTC,23.835735924683075,0.0022562844002278768,0.010517256946982467
2023-09-29 00:00:00-04:00,2023-09-01 00:00:00-04:00,AAPL,6.327171867731692,0.0005989284001061742,0.0030464626323143396
2023-10-02 00:00:00-04:00,2023-10-02 00:00:00-04:00,__cash_interest__,-0.00010603852409503101,-9.991106102668355e-09,
2023-10-02 00:00:00-04:00,2023-10-02 00:00:00-04:00,BA,-2.1423240302141426,-0.00020185292915792847,-0.020085512269601646
2023-10-02 00:00:00-04:00,2023-10-02 00:00:00-04:00,CRM,10.292146375225649,0.0009697412080812958,0.004586022815365798
2023-10-02 00:00:00-04:00,2023-10-02 00:00:00-04:00,MSFT,40.675857911944306,0.003832539312326599,0.019160689986229995
2023-10-02 00:00:00-04:00,2023-10-02 00:00:00-04:00,INTC,-5.063464389280289,-0.0004770870812483595,-0.0025316613131385335
2023-10-02 00:00:00-04:00,2023-10-02 00:00:00-04:00,AAPL,31.44249993751306,0.0029625587086378265,0.014835484012871047
2023-10-02 00:00:00-04:00,2023-10-02 00:00:00-04:00,__costs__,-0.8704822074039873,-8.201811717846935e-05,
2023-10-02 00:00:00-04:00,2023-10-02 00:00:00-04:00,CSCO,21.65344385767613,0.002040219410035644,0.011718918307811688
2023-10-03 00:00:00-04:00,2023-10-02 00:00:00-04:00,__cash_interest__,-0.00012454679391077028,-1.1629801598268668e-08,
2023-10-03 00:00:00-04:00,2023-10-02 00:00:00-04:00,CRM,-40.957548531128296,-0.0038244915698893117,-0.019046507973834004
2023-10-03 00:00:00-04:00,2023-10-02 00:00:00-04:00,MSFT,-52.40839020224375,-0.004893736410215498,-0.024300576760061587
2023-10-03 00:00:00-04:00,2023-10-02 00:00:00-04:00,INTC,13.690866513174655,0.0012784115612857437,0.0064862585099192405
2023-10-03 00:00:00-04:00,2023-10-02 00:00:00-04:00,AAPL,-16.713192454977623,-0.0015606271845449906,-0.007769966620162827
2023-10-03 00:00:00-04:00,2023-10-02 00:00:00-04:00,CSCO,-13.879272048966603,-0.0012960042983805715,-0.006481607723544558
2023-10-04 00:00:00-04:00,2023-10-02 00:00:00-04:00,__cash_interest__,-0.0001245646138084563,-1.1752474443734118e-08,
2023-10-04 00:00:00-04:00,2023-10-02 00:00:00-04:00,CRM,21.534448758015905,0.002031741206035055,0.010208613223680496
2023-10-04 00:00:00-04:00,2023-10-02 00:00:00-04:00,MSFT,37.39957871620984,0.0035285911434250346,0.017773232551868245
2023-10-04 00:00:00-04:00,2023-10-02 00:00:00-04:00,INTC,14.285810410588757,0.0013478436341210528,0.0067245054479916355
2023-10-04 00:00:00-04:00,2023-10-02 00:00:00-04:00,AAPL,15.599107262291733,0.001471751116469205,0.007308817451887384
2023-10-04 00:00:00-04:00,2023-10-02 00:00:00-04:00,CSCO,-7.930664263160816,-0.0007482456391504148,-0.0037277751454811714
2023-10-05 00:00:00-04:00,2023-10-02 00:00:00-04:00,__cash_interest__,-0.00012458243625577644,-1.1665131532509696e-08,
2023-10-05 00:00:00-04:00,2023-10-02 00:00:00-04:00,CRM,1.4780262199324563,0.00013839326619534452,0.0006935919790624911
2023-10-05 00:00:00-04:00,2023-10-02 00:00:00-04:00,MSFT,-1.343391611588833,-0.00012578691121981742,-0.0006272653829064723
2023-10-05 00:00:00-04:00,2023-10-02 00:00:00-04:00,INTC,-2.381160790814532,-0.00022295722141666197,-0.0011133547080741657
2023-10-05 00:00:00-04:00,2023-10-02 00:00:00-04:00,AAPL,15.475043470427073,0.0014489876982596505,0.007198079063633456
2023-10-05 00:00:00-04:00,2023-10-02 00:00:00-04:00,CSCO,-15.06853844676283,-0.0014109250731241631,-0.007109404935053076
2023-10-06 00:00:00-04:00,2023-10-02 00:00:00-04:00,__cash_interest__,-0.00012460026125309548,-1.1668811090462754e-08,
2023-10-06 00:00:00-04:00,2023-10-02 00:00:00-04:00,CRM,56.475185230419164,0.005288899566703612,0.026483688372267444
2023-10-06 00:00:00-04:00,2023-10-02 00:00:00-04:00,MSFT,57.073421185023484,0.005344924347643844,0.026665829527086515
2023-10-06 00:00:00-04:00,2023-10-02 00:00:00-04:00,INTC,17.857551596810556,0.0016723592232130823,0.008358927031484109
2023-10-06 00:00:00-04:00,2023-10-02 00:00:00-04:00,AAPL,31.93991688520645,0.0029911723509271253,0.014750394233034925
2023-10-06 00:00:00-04:00,2023-10-02 00:00:00-04:00,CSCO,15.068701003678877,0.0014111834407267505,0.007160387725980932
2023-10-09 00:00:00-04:00,2023-10-02 00:00:00-04:00,__cash_interest__,-0.00012461808880077826,-1.1478688657473159e-08,
2023-10-09 00:00:00-04:00,2023-10-02 00:00:00-04:00,CRM,-1.4780262199324563,-0.00013614237683671378,-0.0006752286962913301
2023-10-09 00:00:00-04:00,2023-10-02 00:00:00-04:00,MSFT,13.02847056405792,0.0012000646031970008,0.005929055563355989
2023-10-09 00:00:00-04:00,2023-10-02 00:00:00-04:00,INTC,-7.7377336692786365,-0.0007127298818238831,-0.0035919249206670667
2023-10-09 00:00:00-04:00,2023-10-02 00:00:00-04:00,AAPL,18.569745834162205,0.0017104766485347186,0.008451164923622523
2023-10-09 00:00:00-04:00,2023-10-02 00:00:00-04:00,CSCO,18.636987867815698,0.0017166703751151167,0.00879301491834461
2023-10-10 00:00:00-04:00,2023-10-02 00:00:00-04:00,__cash_interest__,-0.0001246359188991897,-1.1437117823259045e-08,
2023-10-10 00:00:00-04:00,2023-10-02 00:00:00-04:00,CRM,-3.588555899836008,-0.00032930103139025866,-0.0016405210804336656
2023-10-10 00:00:00-04:00,2023-10-02 00:00:00-04:00,MSFT,-9.583753245279885,-0.0008794456367266361,-0.004335711285907817
2023-10-10 00:00:00-04:00,2023-10-02 00:00:00-04:00,INTC,22.02400581358677,0.0020210157044204344,0.010260595042879572
2023-10-10 00:00:00-04:00,2023-10-02 00:00:00-04:00,AAPL,-7.428128081427594,-0.0006816363759652826,-0.0033522401938247404
2023-10-10 00:00:00-04:00,2023-10-02 00:00:00-04:00,CSCO,-1.9825441481031691,-0.00018192661643557785,-0.0009272202081090919
2023-10-11 00:00:00-04:00,2023-10-02 00:00:00-04:00,__cash_interest__,-0.00012465375154869477,-1.143934112231744e-08,
2023-10-11 00:00:00-04:00,2023-10-02 00:00:00-04:00,CRM,-0.3170710349855103,-2.9097268908016903e-05,-0.0001451883347813876
2023-10-11 00:00:00-04:00,2023-10-02 00:00:00-04:00,MSFT,27.008702059542205,0.002478559628503824,0.012272004758417943
2023-10-11 00:00:00-04:00,2023-10-02 00:00:00-04:00,INTC,26.78586566149646,0.002458110171186705,0.012352319236488496
2023-10-11 00:00:00-04:00,2023-10-02 00:00:00-04:00,AAPL,17.455469185007388,0.0016018696908564139,0.007903975351442716
2023-10-11 00:00:00-04:00,2023-10-02 00:00:00-04:00,CSCO,-8.327465695230334,-0.000764202597905154,-0.0038983043882634405
2023-10-12 00:00:00-04:00,2023-10-02 00:00:00-04:00,__cash_interest__,-0.0001246715867496584,-1.1375622293769294e-08,
2023-10-12 00:00:00-04:00,2023-10-02 00:00:00-04:00,CRM,-12.350859013435583,-0.0011269505009394148,-0.005656338312277853
2023-10-12 00:00:00-04:00,2023-10-02 00:00:00-04:00,MSFT,-8.444444965149312,-0.0007705108991429725,-0.0037904055939745884
2023-10-12 00:00:00-04:00,2023-10-02 00:00:00-04:00,INTC,-2.3809299239548447,-0.00021724725118987365,-0.0010845704110514776
2023-10-12 00:00:00-04:00,2023-10-02 00:00:00-04:00,AAPL,11.266064457537125,0.0010279687404921261,0.00506135878267977
2023-10-12 00:00:00-04:00,2023-10-02 00:00:00-04:00,CSCO,7.5346756156715315,0.0006874992622181237,0.0035409824543712887
2023-10-13 00:00:00-04:00,2023-10-02 00:00:00-04:00,__cash_interest__,-0.00012468942450244574,-1.1381794098612834e-08,
2023-10-13 00:00:00-04:00,2023-10-02 00:00:00-04:00,CRM,-11.505991697474192,-0.0010502801574678157,-0.005299388507712499
2023-10-13 00:00:00-04:00,2023-10-02 00:00:00-04:00,MSFT,-22.987527822983612,-0.0020983279821954848,-0.010357528155185425
2023-10-13 00:00:00-04:00,2023-10-02 00:00:00-04:00,INTC,-51.786437897031234,-0.004727125621091056,-0.023615571308417405
2023-10-13 00:00:00-04:00,2023-10-02 00:00:00-04:00,AAPL,-23.02646951784362,-0.0021018826248968706,-0.010292708471420275
2023-10-13 00:00:00-04:00,2023-10-02 00:00:00-04:00,CSCO,-3.1726233304796287,-0.00028960070706931645,-0.001485739315743806
2023-10-16 00:00:00-04:00,2023-10-02 00:00:00-04:00,__cash_interest__,-0.00012470726480742184,-1.1501511225729482e-08,
2023-10-16 00:00:00-04:00,2023-10-02 00:00:00-04:00,CRM,41.59119901809934,0.003835876307101471,0.01925798122760325
2023-10-16 00:00:00-04:00,2023-10-02 00:00:00-04:00,MSFT,37.10318692406123,0.003421955581949644,0.01689260953217042
2023-10-16 00:00:00-04:00,2023-10-02 00:00:00-04:00,INTC,35.11969756248763,0.0032390221723084117,0.01640258661440419
2023-10-16 00:00:00-04:00,2023-10-02 00:00:00-04:00,AAPL,-1.6091916213309687,-0.00014841264881936908,-0.0007267805713264686
2023-10-16 00:00:00-04:00,2023-10-02 00:00:00-04:00,CSCO,15.4651773219163,0.0014263235654361926,0.007253117856437008
2023-10-17 00:00:00-04:00,2023-10-02 00:00:00-04:00,__cash_interest__,-0.0001247251076649519,-1.1369286294843193e-08,
2023-10-17 00:00:00-04:00,2023-10-02 00:00:00-04:00,CRM,13.828557511368054,0.0012605387346210101,0.00628205996660669
2023-10-17 00:00:00-04:00,2023-10-02 00:00:00-04:00,MSFT,-3.8945379129357787,-0.00035500563877829575,-0.0017436783459815475
2023-10-17 00:00:00-04:00,2023-10-02 00:00:00-04:00,INTC,-29.762432083444466,-0.0027129871244247605,-0.013676161738042425
2023-10-17 00:00:00-04:00,2023-10-02 00:00:00-04:00,AAPL,-19.43723509487019,-0.0017717963504781233,-0.008785081309789944
2023-10-17 00:00:00-04:00,2023-10-02 00:00:00-04:00,CSCO,-8.723942013467758,-0.0007952287733209708,-0.004062037985470779
2023-10-18 00:00:00-04:00,2023-10-02 00:00:00-04:00,__cash_interest__,-0.00012474295307540108,-1.1420873491650776e-08,
2023-10-18 00:00:00-04:00,2023-10-02 00:00:00-04:00,CRM,-52.88630160858317,-0.004842019089830444,-0.023875290515706138
2023-10-18 00:00:00-04:00,2023-10-02 00:00:00-04:00,MSFT,-13.09356791388717,-0.0011987850135987519,-0.005872545282831099
2023-10-18 00:00:00-04:00,2023-10-02 00:00:00-04:00,INTC,-25.00034136867509,-0.002288912752026442,-0.01164721842516836
2023-10-18 00:00:00-04:00,2023-10-02 00:00:00-04:00,AAPL,-16.217320200456836,-0.0014847809661124188,-0.00739473405540203
2023-10-18 00:00:00-04:00,2023-10-02 00:00:00-04:00,CSCO,-6.741235308448543,-0.0006171955508276528,-0.003151653109314423
2023-10-19 00:00:00-04:00,2023-10-02 00:00:00-04:00,__cash_interest__,-0.00012476080103913467,-1.1542919899452844e-08,
2023-10-19 00:00:00-04:00,2023-10-02 00:00:00-04:00,CRM,36.8413602113164,0.0034085775849797624,0.01703867491910649
2023-10-19 00:00:00-04:00,2023-10-02 00:00:00-04:00,MSFT,8.12481907065007,0.0007517115548227577,0.003665557190945634
2023-10-19 00:00:00-04:00,2023-10-02 00:00:00-04:00,INTC,1.7855242928213682,0.00016519743155624087,0.0008416471472145748
2023-10-19 00:00:00-04:00,2023-10-02 00:00:00-04:00,AAPL,-4.704085441535027,-0.00043522389243708635,-0.0021609369442645576
2023-10-19 00:00:00-04:00,2023-10-02 00:00:00-04:00,CSCO,-17.84436034517294,-0.0016509674545668706,-0.008368946954966705
2023-10-20 00:00:00-04:00,2023-10-02 00:00:00-04:00,__cash_interest__,-0.00012477865155651803,-1.1518777625791568e-08,
2023-10-20 00:00:00-04:00,2023-10-02 00:00:00-04:00,CRM,-48.45336997578575,-0.004472909323903712,-0.022033661880776934
2023-10-20 00:00:00-04:00,2023-10-02 00:00:00-04:00,MSFT,-35.343674632534935,-0.0032627049859254072,-0.015887259199627524
2023-10-20 00:00:00-04:00,2023-10-02 00:00:00-04:00,INTC,-44.6436481251667,-0.004121219846048414,-0.021026093911638122
2023-10-20 00:00:00-04:00,2023-10-02 00:00:00-04:00,AAPL,-31.940299798144302,-0.0029485269001267786,-0.014704334706153954
2023-10-20 00:00:00-04:00,2023-10-02 00:00:00-04:00,CSCO,-15.4651773219163,-0.0014276475686540084,-0.007314331105469862
2023-10-23 00:00:00-04:00,2023-10-02 00:00:00-04:00,__cash_interest__,-0.00012479650462791648,-1.1710522862183205e-08,
2023-10-23 00:00:00-04:00,2023-10-02 00:00:00-04:00,CRM,-18.26198072716545,-0.0017136484988248704,-0.008491544038036758
2023-10-23 00:00:00-04:00,2023-10-02 00:00:00-04:00,MSFT,21.914991422581434,0.002056435866083386,0.010009992017667724
2023-10-23 00:00:00-04:00,2023-10-02 00:00:00-04:00,INTC,-63.69154925052484,-0.005976620465853116,-0.030641471679185517
2023-10-23 00:00:00-04:00,2023-10-02 00:00:00-04:00,AAPL,1.4857021988730896,0.0001394137569651709,0.0006941791823178445
2023-10-23 00:00:00-04:00,2023-10-02 00:00:00-04:00,CSCO,-28.94748538189734,-0.0027163436217875624,-0.013791731807369256
2023-10-24 00:00:00-04:00,2023-10-02 00:00:00-04:00,__cash_interest__,-0.00012481436025369547,-1.1809160737478486e-08,
2023-10-24 00:00:00-04:00,2023-10-02 00:00:00-04:00,CRM,23.434744774929065,0.002217250221259918,0.01099012398085697
2023-10-24 00:00:00-04:00,2023-10-02 00:00:00-04:00,MSFT,8.124191121937889,0.0007686605822114899,0.0036740654410190032
2023-10-24 00:00:00-04:00,2023-10-02 00:00:00-04:00,INTC,44.04847336089291,0.004167593385104278,0.02186121185150003
2023-10-24 00:00:00-04:00,2023-10-02 00:00:00-04:00,AAPL,5.446745084502645,0.0005153372421909133,0.002543170609390133
2023-10-24 00:00:00-04:00,2023-10-02 00:00:00-04:00,CSCO,32.11978359854488,0.0030389747349364887,0.01551714903691126
2023-10-25 00:00:00-04:00,2023-10-02 00:00:00-04:00,__cash_interest__,-0.00012483221843422049,-1.1685721943437901e-08,
2023-10-25 00:00:00-04:00,2023-10-02 00:00:00-04:00,CRM,-75.58236099554598,-0.007075372572088921,-0.03506032234040435
2023-10-25 00:00:00-04:00,2023-10-02 00:00:00-04:00,MSFT,68.0853391180364,0.006373565665480014,0.030678043471289884
2023-10-25 00:00:00-04:00,2023-10-02 00:00:00-04:00,INTC,-104.76345618946974,-0.009807056497267852,-0.050881660387513405
2023-10-25 00:00:00-04:00,2023-10-02 00:00:00-04:00,AAPL,-28.968129574522415,-0.0027117479099173945,-0.013491362679882712
2023-10-25 00:00:00-04:00,2023-10-02 00:00:00-04:00,CSCO,-24.18911933538406,-0.002264377947900407,-0.011507265041768022
2023-10-26 00:00:00-04:00,2023-10-02 00:00:00-04:00,__cash_interest__,-0.000124850079169857,-1.1871219761620935e-08,
2023-10-26 00:00:00-04:00,2023-10-02 00:00:00-04:00,CRM,-8.550266979609264,-0.0008129918620025869,-0.004110313633944984
2023-10-26 00:00:00-04:00,2023-10-02 00:00:00-04:00,MSFT,-85.81149399790738,-0.008159282798181193,-0.037514269360691466
2023-10-26 00:00:00-04:00,2023-10-02 00:00:00-04:00,INTC,-18.453072661373874,-0.001754588241328221,-0.009442778096161897
2023-10-26 00:00:00-04:00,2023-10-02 00:00:00-04:00,AAPL,-52.119428710106405,-0.004955713253702035,-0.024605608946475233
2023-10-26 00:00:00-04:00,2023-10-02 00:00:00-04:00,CSCO,-40.84388816892868,-0.0038835920297076174,-0.019656475784675997
2023-10-27 00:00:00-04:00,2023-10-02 00:00:00-04:00,__cash_interest__,-0.00012486794246097064,-1.2109862011769777e-08,
2023-10-27 00:00:00-04:00,2023-10-02 00:00:00-04:00,CRM,3.3779945148456303,0.00032760247862722566,0.0016305833042982165
2023-10-27 00:00:00-04:00,2023-10-02 00:00:00-04:00,MSFT,8.730789577903057,0.0008467237864134007,0.003965612282131881
2023-10-27 00:00:00-04:00,2023-10-02 00:00:00-04:00,INTC,179.76505746264422,0.017433858502881303,0.09286601319369381
2023-10-27 00:00:00-04:00,2023-10-02 00:00:00-04:00,AAPL,16.464873414779376,0.0015967857014746313,0.007969161223494892
2023-10-27 00:00:00-04:00,2023-10-02 00:00:00-04:00,CSCO,7.5346756156715315,0.0007307230359605581,0.0036988340983810097
2023-10-30 00:00:00-04:00,2023-10-02 00:00:00-04:00,__cash_interest__,-0.00012488580830792703,-1.1863229865005617e-08,
2023-10-30 00:00:00-04:00,2023-10-02 00:00:00-04:00,CRM,28.501818477697505,0.0027074623510294233,0.013735644573741768
2023-10-30 00:00:00-04:00,2023-10-02 00:00:00-04:00,MSFT,50.264363982626364,0.00477474351988765,0.0227403991615438
2023-10-30 00:00:00-04:00,2023-10-02 00:00:00-04:00,INTC,8.92854493154559,0.000848145856747703,0.004220513480892363
2023-10-30 00:00:00-04:00,2023-10-02 00:00:00-04:00,AAPL,25.626448365871525,0.0024343234167843756,0.012305390275772154
2023-10-30 00:00:00-04:00,2023-10-02 00:00:00-04:00,CSCO,0.396313761321378,3.764688168272881e-05,0.0001938367082361392
2023-10-31 00:00:00-04:00,2023-10-02 00:00:00-04:00,__cash_interest__,-0.00012490367671109186,-1.1738128328463255e-08,
2023-10-31 00:00:00-04:00,2023-10-02 00:00:00-04:00,CRM,16.467211194247472,0.0015475464237700723,0.007828378450276396
2023-10-31 00:00:00-04:00,2023-10-02 00:00:00-04:00,MSFT,5.361635420823926,0.0005038727944385358,0.002371754647514157
2023-10-31 00:00:00-04:00,2023-10-02 00:00:00-04:00,INTC,48.21515844452881,0.004531137370024346,0.022695466448975132
2023-10-31 00:00:00-04:00,2023-10-02 00:00:00-04:00,AAPL,5.942617339023432,0.0005584719903302365,0.0028188579316126283
2023-10-31 00:00:00-04:00,2023-10-02 00:00:00-04:00,CSCO,22.206250073448796,0.002086886630719503,0.010858952300212277
2023-11-01 00:00:00-04:00,2023-11-01 00:00:00-04:00,__cash_interest__,-0.00012492154767083087,-1.1632464535720531e-08,
2023-11-01 00:00:00-04:00,2023-11-01 00:00:00-04:00,CRM,32.94726213989381,0.0030679883938140883,0.015336498640723395
2023-11-01 00:00:00-04:00,2023-11-01 00:00:00-04:00,MSFT,50.9970664933505,0.004748752945110994,0.023542450531312875
2023-11-01 00:00:00-04:00,2023-11-01 00:00:00-04:00,INTC,46.53675979020638,0.00433341739643947,0.021643935122599878
2023-11-01 00:00:00-04:00,2023-11-01 00:00:00-04:00,AAPL,40.19100917794733,0.003742512782095931,0.018738505498342883
2023-11-01 00:00:00-04:00,2023-11-01 00:00:00-04:00,CSCO,-3.5685449202489754,-0.00033229633320188724,0.0011510901345725966
2023-11-01 00:00:00-04:00,2023-11-01 00:00:00-04:00,__costs__,-0.8691137355226122,-8.09302709938731e-05,
2023-11-01 00:00:00-04:00,2023-11-01 00:00:00-04:00,WMT,8.641848944749817,0.0008047130638962531,0.008934574504020798
2023-11-02 00:00:00-04:00,2023-11-01 00:00:00-04:00,__cash_interest__,-0.00012435099578409736,-1.1393797528058065e-08,
2023-11-02 00:00:00-04:00,2023-11-01 00:00:00-04:00,CRM,44.94528251929994,0.004118161222893565,0.02059722975865741
2023-11-02 00:00:00-04:00,2023-11-01 00:00:00-04:00,MSFT,18.38675301602187,0.001684706581897396,0.008396373520396017
2023-11-02 00:00:00-04:00,2023-11-01 00:00:00-04:00,INTC,24.15187561633117,0.0022129423167072987,0.010994902931453998
2023-11-02 00:00:00-04:00,2023-11-01 00:00:00-04:00,AAPL,45.26555390881188,0.00414750644319614,0.020693294987328414
2023-11-02 00:00:00-04:00,2023-11-01 00:00:00-04:00,WMT,8.510776773299035,0.0007798093352612265,0.003942459303369228
2023-11-03 00:00:00-04:00,2023-11-01 00:00:00-04:00,__cash_interest__,-0.00012436878766739238,-1.1249820020346795e-08,
2023-11-03 00:00:00-04:00,2023-11-01 00:00:00-04:00,CRM,-6.8485455011686405,-0.000619487459308112,-0.0030751666716020143
2023-11-03 00:00:00-04:00,2023-11-01 00:00:00-04:00,MSFT,24.199066595724386,0.00218893461107253,0.010958574073341554
2023-11-03 00:00:00-04:00,2023-11-01 00:00:00-04:00,INTC,25.918868701409405,0.0023444998820898216,0.01167098771153885
2023-11-03 00:00:00-04:00,2023-11-01 00:00:00-04:00,AAPL,-11.567526721883532,-0.0010463444739026004,-0.0051809220625133046
2023-11-03 00:00:00-04:00,2023-11-01 00:00:00-04:00,WMT,-11.260488294602725,-0.0010185712109238134,-0.005195728159320456
2023-11-06 00:00:00-05:00,2023-11-01 00:00:00-04:00,__cash_interest__,-0.00012438658209631325,-1.1230663898053565e-08,
2023-11-06 00:00:00-05:00,2023-11-01 00:00:00-04:00,CRM,-0.535385227279192,-4.833906875019632e-05,-0.00024114279087428248
2023-11-06 00:00:00-05:00,2023-11-01 00:00:00-04:00,MSFT,27.84949992216727,0.0025144864348194016,0.012474968971262435
2023-11-06 00:00:00-05:00,2023-11-01 00:00:00-04:00,INTC,-3.8415078526642668,-0.0003468435487808502,-0.0017098342007922929
2023-11-06 00:00:00-05:00,2023-11-01 00:00:00-04:00,AAPL,32.43990527977912,0.0029289467315678484,0.01460501542314141
2023-11-06 00:00:00-05:00,2023-11-01 00:00:00-04:00,WMT,2.880532625997672,0.0002600786453390002,0.0013360550541692273
2023-11-07 00:00:00-05:00,2023-11-01 00:00:00-04:00,__cash_interest__,-0.00012440437907122422,-1.1172961127955562e-08,
2023-11-07 00:00:00-05:00,2023-11-01 00:00:00-04:00,CRM,47.29961538502379,0.004248055960807901,0.02130935223586472
2023-11-07 00:00:00-05:00,2023-11-01 00:00:00-04:00,MSFT,25.358564853871773,0.0022774942609603533,0.011219214442518721
2023-11-07 00:00:00-05:00,2023-11-01 00:00:00-04:00,INTC,48.46276690207202,0.004352520504443153,0.02160745849397494
2023-11-07 00:00:00-05:00,2023-11-01 00:00:00-04:00,AAPL,32.56591192519375,0.0029247979110791416,0.014450693231696787
2023-11-07 00:00:00-05:00,2023-11-01 00:00:00-04:00,WMT,10.082481271674371,0.0009055241637214592,0.004670239208629079
2023-11-08 00:00:00-05:00,2023-11-01 00:00:00-04:00,__cash_interest__,-0.00012442217859248955,-1.1012582466498279e-08,
2023-11-08 00:00:00-05:00,2023-11-01 00:00:00-04:00,CRM,-3.958993522105176,-0.0003504097351430516,-0.001746385517625626
2023-11-08 00:00:00-05:00,2023-11-01 00:00:00-04:00,MSFT,12.600329034379234,0.0011152526355497363,0.00551282683150589
2023-11-08 00:00:00-05:00,2023-11-01 00:00:00-04:00,INTC,-50.23570022767418,-0.004446351910711057,-0.021924206646201982
2023-11-08 00:00:00-05:00,2023-11-01 00:00:00-04:00,AAPL,13.454126218508241,0.0011908220557789065,0.005885047764925488
2023-11-08 00:00:00-05:00,2023-11-01 00:00:00-04:00,WMT,-17.676584691091755,-0.00156455102168127,-0.008149791955617158
2023-11-09 00:00:00-05:00,2023-11-01 00:00:00-04:00,__cash_interest__,-0.0001244399806604736,-1.1059005143446424e-08,
2023-11-09 00:00:00-05:00,2023-11-01 00:00:00-04:00,CRM,-15.624012701511536,-0.0013885090298971022,-0.006904099187775903
2023-11-09 00:00:00-05:00,2023-11-01 00:00:00-04:00,MSFT,-11.585693947055441,-0.0010296228613251425,-0.0050411184415606325
2023-11-09 00:00:00-05:00,2023-11-01 00:00:00-04:00,INTC,-7.092190243987401,-0.000630284318353885,-0.003164603418367107
2023-11-09 00:00:00-05:00,2023-11-01 00:00:00-04:00,AAPL,-6.03548496972147,-0.0005363747163016419,-0.002624570932373782
2023-11-09 00:00:00-05:00,2023-11-01 00:00:00-04:00,WMT,-4.975521543148935,-0.0004421755616239032,-0.002312813886750753
2023-11-10 00:00:00-05:00,2023-11-01 00:00:00-04:00,__cash_interest__,-0.00012445778527554068,-1.1105308270080856e-08,
2023-11-10 00:00:00-05:00,2023-11-01 00:00:00-04:00,CRM,38.738933508562994,0.0034566563892673126,0.017237366265668408
2023-11-10 00:00:00-05:00,2023-11-01 00:00:00-04:00,MSFT,52.526832375181016,0.0046869439680756395,0.022971054274617986
2023-11-10 00:00:00-05:00,2023-11-01 00:00:00-04:00,INTC,62.646918919257445,0.005589954418912844,0.028042400117978206
2023-11-10 00:00:00-05:00,2023-11-01 00:00:00-04:00,AAPL,53.257253157655654,0.004752119062894306,0.023220215186315674
2023-11-10 00:00:00-05:00,2023-11-01 00:00:00-04:00,WMT,29.722153884029,0.002652093483763699,0.013848028839332338
2023-11-13 00:00:00-05:00,2023-11-01 00:00:00-04:00,__cash_interest__,-0.00012447559243805527,-1.0876982196565974e-08,
2023-11-13 00:00:00-05:00,2023-11-01 00:00:00-04:00,CRM,17.656748980200792,0.0015428899798364275,0.007723456191604416
2023-11-13 00:00:00-05:00,2023-11-01 00:00:00-04:00,MSFT,-18.920355418782727,-0.0016533070059113312,-0.008088456637885044
2023-11-13 00:00:00-05:00,2023-11-01 00:00:00-04:00,INTC,-37.23342760396041,-0.0032535481152013448,-0.016212032147510325
2023-11-13 00:00:00-05:00,2023-11-01 00:00:00-04:00,AAPL,-20.144729071565997,-0.001760295775054129,-0.008583804072907153
2023-11-13 00:00:00-05:00,2023-11-01 00:00:00-04:00,WMT,19.509468588343168,0.0017047851578250108,0.00896561859705658
2023-11-14 00:00:00-05:00,2023-11-01 00:00:00-04:00,__cash_interest__,-0.00012449340214838183,-1.091586510753296e-08,
2023-11-14 00:00:00-05:00,2023-11-01 00:00:00-04:00,CRM,63.13774895465909,0.005536061661813112,0.027406190434472455
2023-11-14 00:00:00-05:00,2023-11-01 00:00:00-04:00,MSFT,22.71644243812737,0.0019918294230732345,0.009790474610257949
2023-11-14 00:00:00-05:00,2023-11-01 00:00:00-04:00,INTC,69.73888069245547,0.006114863930554681,0.03086582604929622
2023-11-14 00:00:00-05:00,2023-11-01 00:00:00-04:00,AAPL,33.238141822104865,0.0029143959944375455,0.014285619964398366
2023-11-14 00:00:00-05:00,2023-11-01 00:00:00-04:00,WMT,-0.392463314081945,-3.441207744541936e-05,-0.00017875472041750662
2023-11-15 00:00:00-05:00,2023-11-01 00:00:00-04:00,__cash_interest__,-0.00012451121440688493,-1.0739973269696042e-08,
2023-11-15 00:00:00-05:00,2023-11-01 00:00:00-04:00,CRM,-18.834496811851263,-0.0016246086207659103,-0.007957404239616328
2023-11-15 00:00:00-05:00,2023-11-01 00:00:00-04:00,MSFT,5.363692300344313,0.000462656413777513,0.002289264706564653
2023-11-15 00:00:00-05:00,2023-11-01 00:00:00-04:00,INTC,70.9209885567165,0.006117437091814565,0.030449177752725154
2023-11-15 00:00:00-05:00,2023-11-01 00:00:00-04:00,AAPL,7.176545147642908,0.0006190277993962742,0.003041007624437153
2023-11-15 00:00:00-05:00,2023-11-01 00:00:00-04:00,WMT,27.889269986777588,0.002405646877641928,0.01270495812568595
2023-11-16 00:00:00-05:00,2023-11-01 00:00:00-04:00,__cash_interest__,-0.00012452902921392914,-1.0656469708667995e-08,
2023-11-16 00:00:00-05:00,2023-11-01 00:00:00-04:00,CRM,21.72404879091473,0.0018590176872920958,0.009251834353835697
2023-11-16 00:00:00-05:00,2023-11-01 00:00:00-04:00,MSFT,36.80176719633811,0.0031492810939648904,0.015671398424991434
2023-11-16 00:00:00-05:00,2023-11-01 00:00:00-04:00,INTC,161.93575456876601,0.013857519601697229,0.06747097114063183
2023-11-16 00:00:00-05:00,2023-11-01 00:00:00-04:00,AAPL,21.40343434281437,0.001831581368420025,0.009042049155447485
2023-11-16 00:00:00-05:00,2023-11-01 00:00:00-04:00,WMT,-179.9064790445969,-0.015395349634006591,-0.08092821458386967
2023-11-17 00:00:00-05:00,2023-11-01 00:00:00-04:00,__cash_interest__,-0.00012454684656987907,-1.0601783340686073e-08,
2023-11-17 00:00:00-05:00,2023-11-01 00:00:00-04:00,CRM,-2.461642470695112,-0.000209542038640843,-0.0010387535182089236
2023-11-17 00:00:00-05:00,2023-11-01 00:00:00-04:00,MSFT,-35.65788174923447,-0.0030353007491127765,-0.014950007001588439
2023-11-17 00:00:00-05:00,2023-11-01 00:00:00-04:00,INTC,27.186424640899197,0.002314186121838013,0.010611340105609601
2023-11-17 00:00:00-05:00,2023-11-01 00:00:00-04:00,AAPL,-0.25181883612956063,-2.143553863687297e-05,-0.00010542954847492236
2023-11-17 00:00:00-05:00,2023-11-01 00:00:00-04:00,WMT,-9.034524002586851,-0.0007690444896805447,-0.004421900818583624
2023-11-20 00:00:00-05:00,2023-11-01 00:00:00-04:00,__cash_interest__,-0.00012456466647509947,-1.0621581528246692e-08,
2023-11-20 00:00:00-05:00,2023-11-01 00:00:00-04:00,CRM,41.84227412787105,0.003567874731678197,0.01767478628994179
2023-11-20 00:00:00-05:00,2023-11-01 00:00:00-04:00,MSFT,48.21532496087329,0.004111302341785638,0.020521669145441956
2023-11-20 00:00:00-05:00,2023-11-01 00:00:00-04:00,INTC,54.96390321392891,0.004686751031554433,0.021228120162527064
2023-11-20 00:00:00-05:00,2023-11-01 00:00:00-04:00,AAPL,22.158696396503338,0.0018894635773955613,0.009278208573685776
2023-11-20 00:00:00-05:00,2023-11-01 00:00:00-04:00,WMT,-0.6550311444936866,-5.585425547758547e-05,-0.00032202555438864966
2023-11-21 00:00:00-05:00,2023-11-01 00:00:00-04:00,__cash_interest__,-0.00012458248892995504,-1.047437014255585e-08,
2023-11-21 00:00:00-05:00,2023-11-01 00:00:00-04:00,CRM,-8.667991481432056,-0.0007287681595451742,-0.003597893900293969
2023-11-21 00:00:00-05:00,2023-11-01 00:00:00-04:00,MSFT,-32.213379424153366,-0.0027083650561908613,-0.013435122809244415
2023-11-21 00:00:00-05:00,2023-11-01 00:00:00-04:00,INTC,-65.01090617699012,-0.005465842755667049,-0.024586540565182502
2023-11-21 00:00:00-05:00,2023-11-01 00:00:00-04:00,AAPL,-10.197787817098494,-0.000857386982303684,-0.004230726970600118
2023-11-21 00:00:00-05:00,2023-11-01 00:00:00-04:00,WMT,7.332769750370681,0.0006165083487672387,0.003606087924908463
2023-11-22 00:00:00-05:00,2023-11-01 00:00:00-04:00,__cash_interest__,-0.0001246003139348106,-1.0572542697746267e-08,
2023-11-22 00:00:00-05:00,2023-11-01 00:00:00-04:00,CRM,-5.136907467695232,-0.0004358750939022026,-0.002139917262622082
2023-11-22 00:00:00-05:00,2023-11-01 00:00:00-04:00,MSFT,30.308023585258027,0.0025716859237376244,0.012812601510272303
2023-11-22 00:00:00-05:00,2023-11-01 00:00:00-04:00,INTC,1.772704854812778,0.00015041693857862815,0.0006873198653245538
2023-11-22 00:00:00-05:00,2023-11-01 00:00:00-04:00,AAPL,8.435250418891282,0.0007157449480148915,0.0035143765050169584
2023-11-22 00:00:00-05:00,2023-11-01 00:00:00-04:00,WMT,-15.581287233599232,-0.0013220979896508404,-0.007634987139582328
2023-11-24 00:00:00-05:00,2023-11-01 00:00:00-04:00,__cash_interest__,-0.000124618141490031,-1.0556322208011614e-08,
2023-11-24 00:00:00-05:00,2023-11-01 00:00:00-04:00,CRM,5.778937844187344,0.000489530089069686,0.002412534946008016
2023-11-24 00:00:00-05:00,2023-11-01 00:00:00-04:00,MSFT,-2.663466511854838,-0.0002256205264595257,-0.0011117262162397834
2023-11-24 00:00:00-05:00,2023-11-01 00:00:00-04:00,INTC,17.13919320704861,0.0014518499771836392,0.006640708854529276
2023-11-24 00:00:00-05:00,2023-11-01 00:00:00-04:00,AAPL,-16.870889747181995,-0.0014291221645392589,-0.007004299296389238
2023-11-24 00:00:00-05:00,2023-11-01 00:00:00-04:00,WMT,18.19986910986768,0.0015416991472527294,0.00898673212683998
2023-11-27 00:00:00-05:00,2023-11-01 00:00:00-04:00,__cash_interest__,-0.00012463597159598108,-1.0538564653358575e-08,
2023-11-27 00:00:00-05:00,2023-11-01 00:00:00-04:00,CRM,4.387235258352696,0.00037096162390035933,0.0018271324218217533
2023-11-27 00:00:00-05:00,2023-11-01 00:00:00-04:00,MSFT,7.481896208785373,0.0006326299375400027,0.003126405966019652
2023-11-27 00:00:00-05:00,2023-11-01 00:00:00-04:00,INTC,7.092418714776784,0.0005996977615471615,0.0027298824294168522
2023-11-27 00:00:00-05:00,2023-11-01 00:00:00-04:00,AAPL,-2.266175070466332,-0.0001916158889775041,-0.0009474859913700673
2023-11-27 00:00:00-05:00,2023-11-01 00:00:00-04:00,WMT,9.296474752316072,0.000786061190610221,0.004549528298147587
2023-11-28 00:00:00-05:00,2023-11-01 00:00:00-04:00,__cash_interest__,-0.00012465380425302587,-1.0516959115034225e-08,
2023-11-28 00:00:00-05:00,2023-11-01 00:00:00-04:00,CRM,1.391536471895064,0.00011740301284582828,0.0005784700850792746
2023-11-28 00:00:00-05:00,2023-11-01 00:00:00-04:00,MSFT,25.934064926775335,0.002188039925102555,0.01080310563045761
2023-11-28 00:00:00-05:00,2023-11-01 00:00:00-04:00,INTC,8.86489509880018,0.0007479253430878396,0.0034028219015056482
2023-11-28 00:00:00-05:00,2023-11-01 00:00:00-04:00,AAPL,7.679988365202314,0.000647955544756755,0.0032140422764355137
2023-11-28 00:00:00-05:00,2023-11-01 00:00:00-04:00,WMT,24.48514440166273,0.002065795457596275,0.01192832304083713
2023-11-29 00:00:00-05:00,2023-11-01 00:00:00-04:00,__cash_interest__,-0.00012467163946153036,-1.0458150567972111e-08,
2023-11-29 00:00:00-05:00,2023-11-01 00:00:00-04:00,CRM,58.10798497799553,0.004874420988815633,0.02414187367435816
2023-11-29 00:00:00-05:00,2023-11-01 00:00:00-04:00,MSFT,-24.412112295789647,-0.002047823764685396,-0.010060436407794415
2023-11-29 00:00:00-05:00,2023-11-01 00:00:00-04:00,INTC,41.96140211942575,0.003519955807941308,0.016052411786114273
2023-11-29 00:00:00-05:00,2023-11-01 00:00:00-04:00,AAPL,-12.967989469223374,-0.0010878270873694825,-0.005409661236888241
2023-11-29 00:00:00-05:00,2023-11-01 00:00:00-04:00,WMT,-33.51951413407895,-0.0028118032881699296,-0.01613707010554999
2023-11-30 00:00:00-05:00,2023-11-01 00:00:00-04:00,__cash_interest__,-0.00012468947722185956,-1.0434115533946574e-08,
2023-11-30 00:00:00-05:00,2023-11-01 00:00:00-04:00,CRM,230.61315838747703,0.019297894191839728,0.09355330140455664
2023-11-30 00:00:00-05:00,2023-11-01 00:00:00-04:00,MSFT,4.903213189813648,0.0004103048152095166,0.002041190584261887
2023-11-30 00:00:00-05:00,2023-11-01 00:00:00-04:00,INTC,-14.184152017185422,-0.0011869412254816,-0.005340446473471316
2023-11-30 00:00:00-05:00,2023-11-01 00:00:00-04:00,AAPL,7.30235733835783,0.0006110671231945026,0.003062783264429658
2023-11-30 00:00:00-05:00,2023-11-01 00:00:00-04:00,WMT,-5.106651188184176,-0.000427328670199429,-0.002498783143487615
2023-12-01 00:00:00-05:00,2023-12-01 00:00:00-05:00,__cash_interest__,-0.00012470731753437867,-1.0243994651128205e-08,
2023-12-01 00:00:00-05:00,2023-12-01 00:00:00-05:00,CRM,76.63025271132138,0.00629473806677763,0.032155619656921486
2023-12-01 00:00:00-05:00,2023-12-01 00:00:00-05:00,MSFT,-28.13415641899855,-0.002311060437899117,-0.011612153260060931
2023-12-01 00:00:00-05:00,2023-12-01 00:00:00-05:00,INTC,-53.97405989096919,-0.004433661085447839,-0.021476393402216964
2023-12-01 00:00:00-05:00,2023-12-01 00:00:00-05:00,AAPL,16.37435391599636,0.0013450597546924663,0.006791329403299962
2023-12-01 00:00:00-05:00,2023-12-01 00:00:00-05:00,WMT,-4.059289871544382,-0.0003334475037522643,-0.00867116195023121
2023-12-01 00:00:00-05:00,2023-12-01 00:00:00-05:00,__costs__,-1.2297426491361767,-0.00010101634265801936,
2023-12-01 00:00:00-05:00,2023-12-01 00:00:00-05:00,IBM,32.747328317637006,0.0026900061901510616,0.012550469279233312
2023-12-04 00:00:00-05:00,2023-12-01 00:00:00-05:00,__cash_interest__,-0.00017594903489432198,-1.4407816000218185e-08,
2023-12-04 00:00:00-05:00,2023-12-01 00:00:00-05:00,CRM,-90.56309726017915,-0.00741587723125745,-0.03592304143195435
2023-12-04 00:00:00-05:00,2023-12-01 00:00:00-05:00,MSFT,-34.550612322156454,-0.0028292219126492394,-0.01433878291427737
2023-12-04 00:00:00-05:00,2023-12-01 00:00:00-05:00,INTC,-75.95735009158199,-0.006219866591714882,-0.03177881690312134
2023-12-04 00:00:00-05:00,2023-12-01 00:00:00-05:00,AAPL,-23.05251613074123,-0.0018876853229304051,-0.009464594468148402
2023-12-04 00:00:00-05:00,2023-12-01 00:00:00-05:00,IBM,8.416104625057752,0.0006891636941870515,0.0034256152485594438
2023-12-05 00:00:00-05:00,2023-12-01 00:00:00-05:00,__cash_interest__,-0.0001759742093183382,-1.4668983048812148e-08,
2023-12-05 00:00:00-05:00,2023-12-01 00:00:00-05:00,CRM,3.490548031831381,0.00029096758046727765,0.0014361630449752916
2023-12-05 00:00:00-05:00,2023-12-01 00:00:00-05:00,MSFT,21.746683149558056,0.0018127754500188162,0.009156339756469123
2023-12-05 00:00:00-05:00,2023-12-01 00:00:00-05:00,INTC,-23.49746073151201,-0.001958718010416765,-0.010153464904585796
2023-12-05 00:00:00-05:00,2023-12-01 00:00:00-05:00,AAPL,50.81735116062264,0.0042360688287691375,0.021063265213773663
2023-12-05 00:00:00-05:00,2023-12-01 00:00:00-05:00,IBM,4.438125765177297,0.0003699564377647576,0.0018002875529197215
2023-12-06 00:00:00-05:00,2023-12-01 00:00:00-05:00,__cash_interest__,-0.00017599938734425897,-1.4601708618842265e-08,
2023-12-06 00:00:00-05:00,2023-12-01 00:00:00-05:00,CRM,-18.325866334511733,-0.0015203971129796091,-0.007529244028799842
2023-12-06 00:00:00-05:00,2023-12-01 00:00:00-05:00,MSFT,-23.93428209788028,-0.0019856967599030714,-0.009985983061418291
2023-12-06 00:00:00-05:00,2023-12-01 00:00:00-05:00,INTC,-35.51933386846556,-0.002946845277752198,-0.015505660998874404
2023-12-06 00:00:00-05:00,2023-12-01 00:00:00-05:00,AAPL,-14.009883813431392,-0.0011623235984760537,-0.005687161406003782
2023-12-06 00:00:00-05:00,2023-12-01 00:00:00-05:00,IBM,-16.985929212424356,-0.001409229842913949,-0.006877814078861677
2023-12-07 00:00:00-05:00,2023-12-01 00:00:00-05:00,__cash_interest__,-0.0001760245689725996,-1.4736790069103472e-08,
2023-12-07 00:00:00-05:00,2023-12-01 00:00:00-05:00,CRM,-2.714954309782866,-0.0002272961777097481,-0.0011239103356571745
2023-12-07 00:00:00-05:00,2023-12-01 00:00:00-05:00,MSFT,13.832975397625805,0.0011580977340590276,0.005829679520310771
2023-12-07 00:00:00-05:00,2023-12-01 00:00:00-05:00,INTC,48.08791504243321,0.004025923841072056,0.021322994593799605
2023-12-07 00:00:00-05:00,2023-12-01 00:00:00-05:00,AAPL,24.83507723710324,0.002079194522272237,0.010139195297039993
2023-12-07 00:00:00-05:00,2023-12-01 00:00:00-05:00,IBM,-0.9182678473342585,-7.68774528030743e-05,-0.0003743930825870212
2023-12-08 00:00:00-05:00,2023-12-01 00:00:00-05:00,__cash_interest__,-0.00017604975420387555,-1.4637039018134285e-08,
2023-12-08 00:00:00-05:00,2023-12-01 00:00:00-05:00,CRM,19.004680168480064,0.0015800774412389489,0.00787622451974368
2023-12-08 00:00:00-05:00,2023-12-01 00:00:00-05:00,MSFT,16.579433918069512,0.001378438852441296,0.006946632561808608
2023-12-08 00:00:00-05:00,2023-12-01 00:00:00-05:00,INTC,30.055210960657643,0.002498835045347191,0.013048750277781851
2023-12-08 00:00:00-05:00,2023-12-01 00:00:00-05:00,AAPL,18.340393938851797,0.0015248476937948356,0.007412512013720063
2023-12-08 00:00:00-05:00,2023-12-01 00:00:00-05:00,IBM,26.625968891582072,0.0022137227474364578,0.010859916487129695
2023-12-11 00:00:00-05:00,2023-12-01 00:00:00-05:00,__cash_interest__,-0.00017607494303860228,-1.450573981898569e-08,
2023-12-11 00:00:00-05:00,2023-12-01 00:00:00-05:00,CRM,12.508236110444356,0.0010304772245348312,0.005143353717404375
2023-12-11 00:00:00-05:00,2023-12-01 00:00:00-05:00,MSFT,-14.327582132121572,-0.0011803620382153928,-0.005961713239419297
2023-12-11 00:00:00-05:00,2023-12-01 00:00:00-05:00,INTC,100.54717066057465,0.008283467664207546,0.04309120594248328
2023-12-11 00:00:00-05:00,2023-12-01 00:00:00-05:00,AAPL,-32.22241803929099,-0.0026546083409157897,-0.012927291374608574
2023-12-11 00:00:00-05:00,2023-12-01 00:00:00-05:00,IBM,23.718964859715015,0.001954060737394413,0.009570305934049506
2023-12-12 00:00:00-05:00,2023-12-01 00:00:00-05:00,__cash_interest__,-0.0001761001354772954,-1.4400774018270246e-08,
2023-12-12 00:00:00-05:00,2023-12-01 00:00:00-05:00,CRM,42.17887271580506,0.003449221732166166,0.017255092236119873
2023-12-12 00:00:00-05:00,2023-12-01 00:00:00-05:00,MSFT,15.290574038094508,0.001250402793475527,0.006400572976544616
2023-12-12 00:00:00-05:00,2023-12-01 00:00:00-05:00,INTC,-27.322727012134667,-0.002234344773206432,-0.011225884073088221
2023-12-12 00:00:00-05:00,2023-12-01 00:00:00-05:00,AAPL,19.48621367451266,0.0015935056428992027,0.007920046403211423
2023-12-12 00:00:00-05:00,2023-12-01 00:00:00-05:00,IBM,18.3638374742406,0.0015017221472204804,0.0073393392287044446
2023-12-13 00:00:00-05:00,2023-12-01 00:00:00-05:00,__cash_interest__,-0.00017612533152047054,-1.4323190448973273e-08,
2023-12-13 00:00:00-05:00,2023-12-01 00:00:00-05:00,CRM,8.435503619679606,0.0006860076505441891,0.003392371923811144
2023-12-13 00:00:00-05:00,2023-12-01 00:00:00-05:00,MSFT,-0.06405267302251921,-5.209010121072356e-06,-2.6641670119675886e-05
2023-12-13 00:00:00-05:00,2023-12-01 00:00:00-05:00,INTC,28.962217381248454,0.002355319088940769,0.012034588084334885
2023-12-13 00:00:00-05:00,2023-12-01 00:00:00-05:00,AAPL,41.39251665509151,0.0033661989112807773,0.01669152491068915
2023-12-13 00:00:00-05:00,2023-12-01 00:00:00-05:00,IBM,-16.680008760251223,-0.001356482568981583,-0.006617805529055221
2023-12-14 00:00:00-05:00,2023-12-01 00:00:00-05:00,__cash_interest__,-0.0001761505311686434,-1.425332009741078e-08,
2023-12-14 00:00:00-05:00,2023-12-01 00:00:00-05:00,CRM,-1.066535438469974,-8.62993196721677e-05,-0.0004274614352690609
2023-12-14 00:00:00-05:00,2023-12-01 00:00:00-05:00,MSFT,-49.77673335802205,-0.004027712600401449,-0.02070437623569643
2023-12-14 00:00:00-05:00,2023-12-01 00:00:00-05:00,INTC,33.33355795695668,0.0026972037404260343,0.013686289979277122
2023-12-14 00:00:00-05:00,2023-12-01 00:00:00-05:00,AAPL,1.9108142338557264,0.00015461461706158395,0.0007578852364829025
2023-12-14 00:00:00-05:00,2023-12-01 00:00:00-05:00,IBM,-10.864987714887395,-0.0008791466408151982,-0.00433940909270214
2023-12-15 00:00:00-05:00,2023-12-01 00:00:00-05:00,__cash_interest__,-0.00017617573442232985,-1.4285950717208509e-08,
2023-12-15 00:00:00-05:00,2023-12-01 00:00:00-05:00,CRM,42.56689534639716,0.0034517158171478908,0.01706786930091342
2023-12-15 00:00:00-05:00,2023-12-01 00:00:00-05:00,MSFT,26.40131083226325,0.002140861377170515,0.011213661320188528
2023-12-15 00:00:00-05:00,2023-12-01 00:00:00-05:00,INTC,53.55224919755063,0.004342509457051025,0.021690931794958956
2023-12-15 00:00:00-05:00,2023-12-01 00:00:00-05:00,AAPL,-6.87826243722804,-0.0005577528512678743,-0.0027260555464514447
2023-12-15 00:00:00-05:00,2023-12-01 00:00:00-05:00,IBM,-10.405853791220265,-0.0008438024391911264,-0.004174147167080755
2023-12-18 00:00:00-05:00,2023-12-01 00:00:00-05:00,__cash_interest__,-0.0001762009412820457,-1.4167099535700476e-08,
2023-12-18 00:00:00-05:00,2023-12-01 00:00:00-05:00,CRM,19.295471371856298,0.0015514154551295907,0.007606989045052748
2023-12-18 00:00:00-05:00,2023-12-01 00:00:00-05:00,MSFT,16.835044116350005,0.0013535895095047484,0.00707120251807658
2023-12-18 00:00:00-05:00,2023-12-01 00:00:00-05:00,INTC,-25.68323664302088,-0.0020650114992189455,-0.010181944077234717
2023-12-18 00:00:00-05:00,2023-12-01 00:00:00-05:00,AAPL,-21.39663449386687,-0.0017203554555273077,-0.00850328928467825
2023-12-18 00:00:00-05:00,2023-12-01 00:00:00-05:00,IBM,7.805023456933768,0.000627547976692477,0.0031439878067951454
2023-12-19 00:00:00-05:00,2023-12-01 00:00:00-05:00,__cash_interest__,-0.00017622615174830688,-1.4172709795432359e-08,
2023-12-19 00:00:00-05:00,2023-12-01 00:00:00-05:00,CRM,7.27279034531035,0.0005849026716211896,0.0028455570384016138
2023-12-19 00:00:00-05:00,2023-12-01 00:00:00-05:00,MSFT,-0.5880836041880045,-4.7295694622626156e-05,-0.00024527761284942606
2023-12-19 00:00:00-05:00,2023-12-01 00:00:00-05:00,INTC,53.00596365515555,0.004262920871044739,0.02123001576774075
2023-12-19 00:00:00-05:00,2023-12-01 00:00:00-05:00,AAPL,13.373339149980998,0.0010755296696217834,0.005360311977631538
2023-12-19 00:00:00-05:00,2023-12-01 00:00:00-05:00,IBM,-18.05741053125261,-0.0014522387090534997,-0.007251015568267238
2023-12-20 00:00:00-05:00,2023-12-01 00:00:00-05:00,__cash_interest__,-0.00017625136582162946,-1.4112307506069378e-08,
2023-12-20 00:00:00-05:00,2023-12-01 00:00:00-05:00,CRM,-39.65808023436347,-0.0031753911282259534,-0.015472619993754266
2023-12-20 00:00:00-05:00,2023-12-01 00:00:00-05:00,MSFT,-16.953341396838468,-0.0013574406412809738,-0.007072625830812473
2023-12-20 00:00:00-05:00,2023-12-01 00:00:00-05:00,INTC,-49.18069737453289,-0.003937859553467206,-0.01928842176880552
2023-12-20 00:00:00-05:00,2023-12-01 00:00:00-05:00,AAPL,-26.873161062198893,-0.0021517127586613027,-0.010713891073650061
2023-12-20 00:00:00-05:00,2023-12-01 00:00:00-05:00,IBM,-23.106617464553892,-0.0018501285908609985,-0.009346312308108451
2023-12-21 00:00:00-05:00,2023-12-01 00:00:00-05:00,__cash_interest__,-0.0001762765835025295,-1.42925916842989e-08,
2023-12-21 00:00:00-05:00,2023-12-01 00:00:00-05:00,CRM,67.87325569239076,0.005503196798010535,0.02689695122634972
2023-12-21 00:00:00-05:00,2023-12-01 00:00:00-05:00,MSFT,18.75182035654889,0.001520406774219286,0.007878641239248196
2023-12-21 00:00:00-05:00,2023-12-01 00:00:00-05:00,INTC,72.13187256364981,0.005848487538682842,0.028846153846153744
2023-12-21 00:00:00-05:00,2023-12-01 00:00:00-05:00,AAPL,-1.9106175266049692,-0.00015491380437514585,-0.0007699815483470651
2023-12-21 00:00:00-05:00,2023-12-01 00:00:00-05:00,IBM,11.170908167060528,0.0009057427027583893,0.004561109886961345
2023-12-22 00:00:00-05:00,2023-12-01 00:00:00-05:00,__cash_interest__,-0.00017630180479152318,-1.4102519347320718e-08,
2023-12-22 00:00:00-05:00,2023-12-01 00:00:00-05:00,CRM,-8.823676763316929,-0.0007058128101202755,-0.0034050782737024
2023-12-22 00:00:00-05:00,2023-12-01 00:00:00-05:00,MSFT,11.20721613290891,0.0008964739897634447,0.004671941507526034
2023-12-22 00:00:00-05:00,2023-12-01 00:00:00-05:00,INTC,50.27369095394208,0.0040214318859501524,0.019541191527817636
2023-12-22 00:00:00-05:00,2023-12-01 00:00:00-05:00,AAPL,-13.755147923700779,-0.0011002850478395985,-0.005547615505905434
2023-12-22 00:00:00-05:00,2023-12-01 00:00:00-05:00,IBM,20.811201091625673,0.0016647042631394802,0.008458684732062682
2023-12-26 00:00:00-05:00,2023-12-01 00:00:00-05:00,__cash_interest__,-0.0001763270296891267,-1.4037487075178667e-08,
2023-12-26 00:00:00-05:00,2023-12-01 00:00:00-05:00,CRM,-1.1631648135049335,-9.260015928734822e-05,-0.0004504017772686275
2023-12-26 00:00:00-05:00,2023-12-01 00:00:00-05:00,MSFT,0.5146231948153028,4.096942175310993e-05,0.00021353286765846136
2023-12-26 00:00:00-05:00,2023-12-01 00:00:00-05:00,INTC,136.61363506067335,0.010875882953614083,0.05208342561557422
2023-12-26 00:00:00-05:00,2023-12-01 00:00:00-05:00,AAPL,-7.004941906715696,-0.0005576670896757168,-0.0028409371941551242
2023-12-26 00:00:00-05:00,2023-12-01 00:00:00-05:00,IBM,16.373581817263233,0.001303509413953376,0.006599199787698851
2023-12-27 00:00:00-05:00,2023-12-01 00:00:00-05:00,__cash_interest__,-0.00017635225819585641,-1.3878915361768972e-08,
2023-12-27 00:00:00-05:00,2023-12-01 00:00:00-05:00,CRM,4.848025186722814,0.00038153937991269274,0.0018781027908223447
2023-12-27 00:00:00-05:00,2023-12-01 00:00:00-05:00,MSFT,-3.7959215349970448,-0.0002987388664205831,-0.001574707428593447
2023-12-27 00:00:00-05:00,2023-12-01 00:00:00-05:00,INTC,14.207437801152906,0.0011181247621496648,0.005148385731710725
2023-12-27 00:00:00-05:00,2023-12-01 00:00:00-05:00,AAPL,1.2738761559038176,0.00010025400031753101,0.0005181074804208041
2023-12-27 00:00:00-05:00,2023-12-01 00:00:00-05:00,IBM,3.825778370016173,0.0003010885980908211,0.0015318308405296577
2023-12-28 00:00:00-05:00,2023-12-01 00:00:00-05:00,__cash_interest__,-0.0001763774903122287,-1.3858695977277717e-08,
2023-12-28 00:00:00-05:00,2023-12-01 00:00:00-05:00,CRM,-11.053377015291835,-0.0008685087383088713,-0.004274000703972214
2023-12-28 00:00:00-05:00,2023-12-01 00:00:00-05:00,MSFT,7.785001912077624,0.0006116992281215673,0.0032346388545221316
2023-12-28 00:00:00-05:00,2023-12-01 00:00:00-05:00,INTC,-20.218479993284436,-0.0015886481140738509,-0.007289095456839534
2023-12-28 00:00:00-05:00,2023-12-01 00:00:00-05:00,AAPL,5.47672327558278,0.0004303283978790119,0.0022263246699754102
2023-12-28 00:00:00-05:00,2023-12-01 00:00:00-05:00,IBM,4.4373660289550125,0.00034866187644650907,0.0017739913550065545
2023-12-29 00:00:00-05:00,2023-12-01 00:00:00-05:00,__cash_interest__,-0.00017640272603876,-1.3875476786088864e-08,
2023-12-29 00:00:00-05:00,2023-12-01 00:00:00-05:00,CRM,-23.659446605132956,-0.0018610035656087243,-0.009187647852967662
2023-12-29 00:00:00-05:00,2023-12-01 00:00:00-05:00,MSFT,0.34368262368645464,2.703337059369311e-05,0.0001423384170891051
2023-12-29 00:00:00-05:00,2023-12-01 00:00:00-05:00,INTC,-7.650532561245315,-0.0006017752068720953,-0.002778395139250822
2023-12-29 00:00:00-05:00,2023-12-01 00:00:00-05:00,AAPL,-13.37314244273024,-0.0010519039681982658,-0.005424195894972339
2023-12-29 00:00:00-05:00,2023-12-01 00:00:00-05:00,IBM,-3.0602175033610535,-0.00024071043504701387,-0.0012212618412068554
2024-01-02 00:00:00-05:00,2024-01-02 00:00:00-05:00,__cash_interest__,-0.00017642796537596685,-1.3929396054245693e-08,
2024-01-02 00:00:00-05:00,2024-01-02 00:00:00-05:00,CRM,-67.50692726094407,-0.00532982809283668,-0.02663984012143561
2024-01-02 00:00:00-05:00,2024-01-02 00:00:00-05:00,MSFT,-29.46534687060862,-0.0023263573071412073,-0.011892062326899433
2024-01-02 00:00:00-05:00,2024-01-02 00:00:00-05:00,INTC,-128.48322084589577,-0.010144047547528947,-0.048756228244370314
2024-01-02 00:00:00-05:00,2024-01-02 00:00:00-05:00,AAPL,-68.52079664338696,-0.005409875426292152,-0.03578676477076648
2024-01-02 00:00:00-05:00,2024-01-02 00:00:00-05:00,IBM,-11.018178529524944,-0.0008699106868181684,-0.012534555683726967
2024-01-02 00:00:00-05:00,2024-01-02 00:00:00-05:00,__costs__,-2.0381762226264457,-0.00016091872834791295,
2024-01-02 00:00:00-05:00,2024-01-02 00:00:00-05:00,JPM,44.18702944488939,0.0034886682068052924,0.011640015253929548
2024-01-02 00:00:00-05:00,2024-01-02 00:00:00-05:00,CAT,-6.131538573854534,-0.00048409915647499175,-0.01001128347220337
2024-01-03 00:00:00-05:00,2024-01-02 00:00:00-05:00,__cash_interest__,-0.0002916180385932236,-2.3523472300617125e-08,
2024-01-03 00:00:00-05:00,2024-01-02 00:00:00-05:00,CRM,-41.14560458245551,-0.0033190247570303367,-0.016749300663001176
2024-01-03 00:00:00-05:00,2024-01-02 00:00:00-05:00,MSFT,-6.458631945674656,-0.0005209878319148982,-0.0026054760630904727
2024-01-03 00:00:00-05:00,2024-01-02 00:00:00-05:00,INTC,-38.092143871952025,-0.003072716268052589,-0.015690323611660784
2024-01-03 00:00:00-05:00,2024-01-02 00:00:00-05:00,JPM,-11.083374765789701,-0.0008940443484159393,-0.0043583168101682945
2024-01-03 00:00:00-05:00,2024-01-02 00:00:00-05:00,CAT,-71.61968501983527,-0.005777227241738149,-0.028731521672218707
2024-01-04 00:00:00-05:00,2024-01-02 00:00:00-05:00,__cash_interest__,-0.0002916597626990633,-2.3850828212541237e-08,
2024-01-04 00:00:00-05:00,2024-01-02 00:00:00-05:00,CRM,-5.754054273676124,-0.0004705447153116289,-0.002382225781305536
2024-01-04 00:00:00-05:00,2024-01-02 00:00:00-05:00,MSFT,-17.746058194068464,-0.0014512052726080274,-0.007177636710421709
2024-01-04 00:00:00-05:00,2024-01-02 00:00:00-05:00,INTC,-9.14208311452474,-0.0007476048524879493,-0.003825691057658731
2024-01-04 00:00:00-05:00,2024-01-02 00:00:00-05:00,JPM,16.80212928885558,0.0013740143500250099,0.006636025248760058
2024-01-04 00:00:00-05:00,2024-01-02 00:00:00-05:00,CAT,15.328987412829173,0.001253546399654839,0.006331409364306095
2024-01-05 00:00:00-05:00,2024-01-02 00:00:00-05:00,__cash_interest__,-0.0002917014927747018,-2.385523831667551e-08,
2024-01-05 00:00:00-05:00,2024-01-02 00:00:00-05:00,CRM,-1.1512872700027807,-9.415183973049915e-05,-0.00047778057730818446
2024-01-05 00:00:00-05:00,2024-01-02 00:00:00-05:00,MSFT,3.351377046633562,0.0002740743538060267,0.001365310127099173
2024-01-05 00:00:00-05:00,2024-01-02 00:00:00-05:00,INTC,1.015677933753629,8.306175923959034e-05,0.00042666342029673565
2024-01-05 00:00:00-05:00,2024-01-02 00:00:00-05:00,JPM,12.787810383803315,0.0010457823213462219,0.005017269467965324
2024-01-05 00:00:00-05:00,2024-01-02 00:00:00-05:00,CAT,24.09985100825225,0.0019708767470801563,0.009891456747346261
2024-01-08 00:00:00-05:00,2024-01-02 00:00:00-05:00,__cash_interest__,-0.0002917432288209932,-2.3780659959033087e-08,
2024-01-08 00:00:00-05:00,2024-01-02 00:00:00-05:00,CRM,93.51272415287424,0.00762243670199054,0.038826035212688126
2024-01-08 00:00:00-05:00,2024-01-02 00:00:00-05:00,MSFT,41.680841564156545,0.0033975010287272695,0.01695711468999339
2024-01-08 00:00:00-05:00,2024-01-02 00:00:00-05:00,INTC,79.2321069137586,0.006458390825275824,0.03326942844394698
2024-01-08 00:00:00-05:00,2024-01-02 00:00:00-05:00,JPM,-3.7173339110044377,-0.0003030084161645433,-0.0014512067438452458
2024-01-08 00:00:00-05:00,2024-01-02 00:00:00-05:00,CAT,28.273447693759973,0.0023046335923270368,0.011490792186217513
2024-01-09 00:00:00-05:00,2024-01-02 00:00:00-05:00,__cash_interest__,-0.0002917849708387918,-2.332960340652182e-08,
2024-01-09 00:00:00-05:00,2024-01-02 00:00:00-05:00,CRM,4.508079469246631,0.00036044250613823965,0.001801777142540928
2024-01-09 00:00:00-05:00,2024-01-02 00:00:00-05:00,MSFT,7.338220262809357,0.0005867257931376789,0.0029356453141518024
2024-01-09 00:00:00-05:00,2024-01-02 00:00:00-05:00,INTC,-20.31611112300198,-0.0016243702131057485,-0.00825602757514643
2024-01-09 00:00:00-05:00,2024-01-02 00:00:00-05:00,JPM,-20.22247820581219,-0.0016168838137289954,-0.007906109030657249
2024-01-09 00:00:00-05:00,2024-01-02 00:00:00-05:00,CAT,0.3406082071463072,2.7233254567179207e-05,0.00013685616785186205
2024-01-10 00:00:00-05:00,2024-01-02 00:00:00-05:00,__cash_interest__,-0.000291826718828952,-2.3385954412104508e-08,
2024-01-10 00:00:00-05:00,2024-01-02 00:00:00-05:00,CRM,26.7584590213552,0.0021443276521172904,0.010675514421257803
2024-01-10 00:00:00-05:00,2024-01-02 00:00:00-05:00,MSFT,46.56577980201195,0.0037316158300509618,0.018574051816211634
2024-01-10 00:00:00-05:00,2024-01-02 00:00:00-05:00,INTC,-29.457997895378305,-0.0023606590877546536,-0.012070748808967524
2024-01-10 00:00:00-05:00,2024-01-02 00:00:00-05:00,JPM,5.353381680147135,0.0004290009510606055,0.0021096181645774426
2024-01-10 00:00:00-05:00,2024-01-02 00:00:00-05:00,CAT,9.026791694062704,0.0007233749530955246,0.0036264630392646158
2024-01-11 00:00:00-05:00,2024-01-02 00:00:00-05:00,__cash_interest__,-0.0002918684727923282,-2.3280634875401594e-08,
2024-01-11 00:00:00-05:00,2024-01-02 00:00:00-05:00,CRM,69.53578589518928,0.005546461482161677,0.027448861465233065
2024-01-11 00:00:00-05:00,2024-01-02 00:00:00-05:00,MSFT,12.409265248616435,0.000989814249415713,0.004859518412825059
2024-01-11 00:00:00-05:00,2024-01-02 00:00:00-05:00,INTC,8.634342318722132,0.0006887108052071938,0.0035812480587593676
2024-01-11 00:00:00-05:00,2024-01-02 00:00:00-05:00,JPM,-10.706046005236182,-0.0008539584478673667,-0.00421007199521195
2024-01-11 00:00:00-05:00,2024-01-02 00:00:00-05:00,CAT,-10.984951782811187,-0.0008762051246332526,-0.004397196623875277
2024-01-12 00:00:00-05:00,2024-01-02 00:00:00-05:00,__cash_interest__,-0.0002919102327297752,-2.315672425935608e-08,
2024-01-12 00:00:00-05:00,2024-01-02 00:00:00-05:00,CRM,5.2745125309270025,0.00041841778254571093,0.002026460211928427
2024-01-12 00:00:00-05:00,2024-01-02 00:00:00-05:00,MSFT,25.61826966217378,0.002032252179107234,0.009983701930744271
2024-01-12 00:00:00-05:00,2024-01-02 00:00:00-05:00,INTC,-26.410964094117418,-0.0020951352312386685,-0.010915329694646703
2024-01-12 00:00:00-05:00,2024-01-02 00:00:00-05:00,JPM,-18.586669555022187,-0.001474447736074568,-0.007339969680722147
2024-01-12 00:00:00-05:00,2024-01-02 00:00:00-05:00,CAT,-14.051504374624853,-0.0011146810757180201,-0.005649557628057522
2024-01-16 00:00:00-05:00,2024-01-02 00:00:00-05:00,__cash_interest__,-0.0002919519986421477,-2.3211883939667023e-08,
2024-01-16 00:00:00-05:00,2024-01-02 00:00:00-05:00,CRM,-26.27936391791941,-0.0020893624572123647,-0.01007607547152578
2024-01-16 00:00:00-05:00,2024-01-02 00:00:00-05:00,MSFT,12.008355963643456,0.0009547342242241475,0.004633519565264921
2024-01-16 00:00:00-05:00,2024-01-02 00:00:00-05:00,INTC,-3.047033801260887,-0.0002422569301942075,-0.001273199338517217
2024-01-16 00:00:00-05:00,2024-01-02 00:00:00-05:00,JPM,-15.761486217924707,-0.001253129934060034,-0.0062703144298946745
2024-01-16 00:00:00-05:00,2024-01-02 00:00:00-05:00,CAT,-27.08145380968501,-0.0021531332742077422,-0.01095025224727153
2024-01-17 00:00:00-05:00,2024-01-02 00:00:00-05:00,__cash_interest__,-0.00029199377053030053,-2.332678104423592e-08,
2024-01-17 00:00:00-05:00,2024-01-02 00:00:00-05:00,CRM,21.58012282256602,0.0017239915737773527,0.008358505920094128
2024-01-17 00:00:00-05:00,2024-01-02 00:00:00-05:00,MSFT,-5.337416766953544,-0.0004263952345231245,-0.0020499860195554165
2024-01-17 00:00:00-05:00,2024-01-02 00:00:00-05:00,INTC,-50.7895906099855,-0.004057475806192135,-0.021249422924953132
2024-01-17 00:00:00-05:00,2024-01-02 00:00:00-05:00,JPM,-13.382497726957054,-0.0010691001857154954,-0.0053574862796141876
2024-01-17 00:00:00-05:00,2024-01-02 00:00:00-05:00,CAT,-73.2377762651859,-0.005850815132124358,-0.029941197191445168
2024-01-18 00:00:00-05:00,2024-01-02 00:00:00-05:00,__cash_interest__,-0.0002920355483950887,-2.3558157269233127e-08,
2024-01-18 00:00:00-05:00,2024-01-02 00:00:00-05:00,CRM,28.96485722922294,0.002336560277119995,0.011125797941116566
2024-01-18 00:00:00-05:00,2024-01-02 00:00:00-05:00,MSFT,34.30082526074575,0.0027670064154789805,0.013201265458397282
2024-01-18 00:00:00-05:00,2024-01-02 00:00:00-05:00,INTC,34.5369765905917,0.0027860564598945424,0.014763343111384053
2024-01-18 00:00:00-05:00,2024-01-02 00:00:00-05:00,JPM,4.906947715664613,0.0003958375842695021,0.0019750054642042603
2024-01-18 00:00:00-05:00,2024-01-02 00:00:00-05:00,CAT,27.847889696232755,0.0022464558465072845,0.011736219982919849
2024-01-19 00:00:00-05:00,2024-01-02 00:00:00-05:00,__cash_interest__,-0.0002920773322373674,-2.3315966655064177e-08,
2024-01-19 00:00:00-05:00,2024-01-02 00:00:00-05:00,CRM,61.574589014789865,0.004915379955269417,0.02339139414147917
2024-01-19 00:00:00-05:00,2024-01-02 00:00:00-05:00,MSFT,27.07593257071143,0.0021614191561446588,0.010284867366995076
2024-01-19 00:00:00-05:00,2024-01-02 00:00:00-05:00,INTC,71.61324618664167,0.005716746477236617,0.03016678214125701
2024-01-19 00:00:00-05:00,2024-01-02 00:00:00-05:00,JPM,42.97219828126325,0.003430387201039203,0.017261858564777244
2024-01-19 00:00:00-05:00,2024-01-02 00:00:00-05:00,CAT,40.03966786620129,0.003196288988593949,0.016678581811662152
2024-01-22 00:00:00-05:00,2024-01-02 00:00:00-05:00,__cash_interest__,-0.00029211912205799183,-2.2875064365534317e-08,
2024-01-22 00:00:00-05:00,2024-01-02 00:00:00-05:00,CRM,-5.562743767798254,-0.0004356035333835438,-0.0020649135791334094
2024-01-22 00:00:00-05:00,2024-01-02 00:00:00-05:00,MSFT,-14.410484625473257,-0.0011284463715483947,-0.005418137347877994
2024-01-22 00:00:00-05:00,2024-01-02 00:00:00-05:00,INTC,3.5553636235087405,0.00027841098233376244,0.001453824921199054
2024-01-22 00:00:00-05:00,2024-01-02 00:00:00-05:00,JPM,-2.973436715768698,-0.00023284184815038918,-0.0011741563235942998
2024-01-22 00:00:00-05:00,2024-01-02 00:00:00-05:00,CAT,29.002667481664655,0.002271121043844441,0.011882913130230044
2024-01-23 00:00:00-05:00,2024-01-02 00:00:00-05:00,__cash_interest__,-0.0002921609178578174,-2.286113159705508e-08,
2024-01-23 00:00:00-05:00,2024-01-02 00:00:00-05:00,CRM,-33.8567487483942,-0.0026492372568535853,-0.0125937707325664
2024-01-23 00:00:00-05:00,2024-01-02 00:00:00-05:00,MSFT,15.944669638196618,0.0012476452824117118,0.006027627615730058
2024-01-23 00:00:00-05:00,2024-01-02 00:00:00-05:00,INTC,34.02884311049226,0.0026627033695968017,0.013894545312280515
2024-01-23 00:00:00-05:00,2024-01-02 00:00:00-05:00,JPM,-16.653636791831666,-0.0013031208453859768,-0.006583950234010705
2024-01-23 00:00:00-05:00,2024-01-02 00:00:00-05:00,CAT,1.368635511692406,0.00010709357285230654,0.0005541693738158049
2024-01-24 00:00:00-05:00,2024-01-02 00:00:00-05:00,__cash_interest__,-0.0002922027196376995,-2.286291503038956e-08,
2024-01-24 00:00:00-05:00,2024-01-02 00:00:00-05:00,CRM,1.0558553367205121,8.26136419187179e-05,0.0003977581516023676
2024-01-24 00:00:00-05:00,2024-01-02 00:00:00-05:00,MSFT,29.473278601029623,0.002306087585898707,0.011075145242170237
2024-01-24 00:00:00-05:00,2024-01-02 00:00:00-05:00,INTC,10.157957390426784,0.0007947924543193812,0.004090823622213247
2024-01-24 00:00:00-05:00,2024-01-02 00:00:00-05:00,JPM,22.452495963050538,0.0017567581440031202,0.008935336359073842
2024-01-24 00:00:00-05:00,2024-01-02 00:00:00-05:00,CAT,15.827898880145618,0.001238427580876216,0.006405269059825303
2024-01-25 00:00:00-05:00,2024-01-02 00:00:00-05:00,__cash_interest__,-0.0002922445273984938,-2.2725771472359756e-08,
2024-01-25 00:00:00-05:00,2024-01-02 00:00:00-05:00,CRM,20.62014605844111,0.0016034816159682436,0.0077648611971212755
2024-01-25 00:00:00-05:00,2024-01-02 00:00:00-05:00,MSFT,15.439582162470806,0.0012006261296882781,0.005738165757640745
2024-01-25 00:00:00-05:00,2024-01-02 00:00:00-05:00,INTC,23.363341266411286,0.0018168003321657805,0.009370576768516825
2024-01-25 00:00:00-05:00,2024-01-02 00:00:00-05:00,JPM,36.28118853613742,0.002821329134056206,0.014310817768695472
2024-01-25 00:00:00-05:00,2024-01-02 00:00:00-05:00,CAT,86.32435889383332,0.006712829390451516,0.034711595017619556
2024-01-26 00:00:00-05:00,2024-01-02 00:00:00-05:00,__cash_interest__,-0.00029228634114105605,-2.2411783253436443e-08,
2024-01-26 00:00:00-05:00,2024-01-02 00:00:00-05:00,CRM,8.727927701622011,0.00066923559663028,0.0032613235641976157
2024-01-26 00:00:00-05:00,2024-01-02 00:00:00-05:00,MSFT,-6.282714282247716,-0.00048174276699797133,-0.0023216669836347847
2024-01-26 00:00:00-05:00,2024-01-02 00:00:00-05:00,INTC,-299.6591539911449,-0.022977112043414346,-0.11907162441308106
2024-01-26 00:00:00-05:00,2024-01-02 00:00:00-05:00,JPM,-9.813895431329225,-0.0007525048773069261,-0.003816394969447967
2024-01-26 00:00:00-05:00,2024-01-02 00:00:00-05:00,CAT,-11.464176473309198,-0.0008790442868315787,-0.004455174872687984
2024-01-29 00:00:00-05:00,2024-01-02 00:00:00-05:00,__cash_interest__,-0.00029232816086624216,-2.2976093446696298e-08,
2024-01-29 00:00:00-05:00,2024-01-02 00:00:00-05:00,CRM,75.96143681634796,0.005970335069553242,0.028291882710511196
2024-01-29 00:00:00-05:00,2024-01-02 00:00:00-05:00,MSFT,38.69959860842127,0.0030416693052831545,0.014334037472029326
2024-01-29 00:00:00-05:00,2024-01-02 00:00:00-05:00,INTC,9.65002025247576,0.0007584618821066818,0.00435279641198294
2024-01-29 00:00:00-05:00,2024-01-02 00:00:00-05:00,JPM,6.6910097451258315,0.0005258927662022577,0.0026119458016111707
2024-01-29 00:00:00-05:00,2024-01-02 00:00:00-05:00,CAT,32.68166760984353,0.002568678456336656,0.012757491339010274
2024-01-30 00:00:00-05:00,2024-01-02 00:00:00-05:00,__cash_interest__,-0.00029236998657490804,-2.268750572838627e-08,
2024-01-30 00:00:00-05:00,2024-01-02 00:00:00-05:00,CRM,-1.2470169628272716,-9.676678792845229e-05,-0.0004516735215780443
2024-01-30 00:00:00-05:00,2024-01-02 00:00:00-05:00,MSFT,-7.552814859330163,-0.0005860879647528092,-0.002757972394459407
2024-01-30 00:00:00-05:00,2024-01-02 00:00:00-05:00,INTC,-46.72648619067415,-0.0036259105646833274,-0.0209853859319038
2024-01-30 00:00:00-05:00,2024-01-02 00:00:00-05:00,JPM,52.637601215568566,0.0040846048977081105,0.02049442383196909
2024-01-30 00:00:00-05:00,2024-01-02 00:00:00-05:00,CAT,12.919110184753638,0.0010025050442281148,0.0049795283745803776
2024-01-31 00:00:00-05:00,2024-01-02 00:00:00-05:00,__cash_interest__,-0.0002924118182679098,-2.267310483490936e-08,
2024-01-31 00:00:00-05:00,2024-01-02 00:00:00-05:00,CRM,-63.685108650062,-0.004938032783348384,-0.023077372929379725
2024-01-31 00:00:00-05:00,2024-01-02 00:00:00-05:00,MSFT,-73.59014312859823,-0.00570605196415825,-0.026946362652204292
2024-01-31 00:00:00-05:00,2024-01-02 00:00:00-05:00,INTC,8.12640518077111,0.0006301073523155687,0.003727890391790112
2024-01-31 00:00:00-05:00,2024-01-02 00:00:00-05:00,JPM,-28.40008674964602,-0.0022020934311392363,-0.010835492464328689
2024-01-31 00:00:00-05:00,2024-01-02 00:00:00-05:00,CAT,-38.0717992299807,-0.0029520212291970303,-0.014601645336809188
2024-02-01 00:00:00-05:00,2024-02-01 00:00:00-05:00,__cash_interest__,-0.0002924536559461037,-2.3025603856853586e-08,
2024-02-01 00:00:00-05:00,2024-02-01 00:00:00-05:00,CRM,25.018047687912468,0.0019697331307764725,0.009641251519336702
2024-02-01 00:00:00-05:00,2024-02-01 00:00:00-05:00,MSFT,28.4073418329249,0.0022365806902126645,0.015594621990457025
2024-02-01 00:00:00-05:00,2024-02-01 00:00:00-05:00,INTC,15.971629537311355,0.0012574861253993924,0.006499511168202465
2024-02-01 00:00:00-05:00,2024-02-01 00:00:00-05:00,JPM,-10.706128796116595,-0.0008429201532883684,-0.0036133043976304124
2024-02-01 00:00:00-05:00,2024-02-01 00:00:00-05:00,CAT,62.50704335426118,0.004921335019329121,0.024574580295558368
2024-02-01 00:00:00-05:00,2024-02-01 00:00:00-05:00,__costs__,-2.4269862082789664,-0.0001910826616856425,
2024-02-01 00:00:00-05:00,2024-02-01 00:00:00-05:00,IBM,45.43183420092849,0.0035769613254334445,0.017641404262267013
2024-02-01 00:00:00-05:00,2024-02-01 00:00:00-05:00,AMGN,81.60839723578785,0.006425232128027465,0.03277544472681404
2024-02-02 00:00:00-05:00,2024-02-01 00:00:00-05:00,__cash_interest__,-0.000347248167206416,-2.6820643999618532e-08,
2024-02-02 00:00:00-05:00,2024-02-01 00:00:00-05:00,CRM,16.826699836843197,0.0012996553146503462,0.006553804402997798
2024-02-02 00:00:00-05:00,2024-02-01 00:00:00-05:00,INTC,-44.93571065679177,-0.003470730193024352,-0.017527724049144378
2024-02-02 00:00:00-05:00,2024-02-01 00:00:00-05:00,CAT,62.25864684351699,0.004808713653758028,0.024050003452428026
2024-02-02 00:00:00-05:00,2024-02-01 00:00:00-05:00,IBM,-15.422012665689891,-0.0011911605316499829,-0.005939061069978435
2024-02-02 00:00:00-05:00,2024-02-01 00:00:00-05:00,AMGN,-11.114130756891502,-0.0008584297126573579,-0.004221273946158011
2024-02-05 00:00:00-05:00,2024-02-01 00:00:00-05:00,__cash_interest__,-0.00034729785075600394,-2.6808717334070464e-08,
2024-02-05 00:00:00-05:00,2024-02-01 00:00:00-05:00,CRM,22.16475557116647,0.0017109482986798848,0.008576705144121233
2024-02-05 00:00:00-05:00,2024-02-01 00:00:00-05:00,INTC,10.051718731993528,0.0007759152140475408,0.003990744615938624
2024-02-05 00:00:00-05:00,2024-02-01 00:00:00-05:00,CAT,53.089235302208074,0.004098079788287451,0.020026302510483207
2024-02-05 00:00:00-05:00,2024-02-01 00:00:00-05:00,IBM,-32.927639882338916,-0.002541760014241691,-0.012756288423165896
2024-02-05 00:00:00-05:00,2024-02-01 00:00:00-05:00,AMGN,-9.896356099089356,-0.0007639224162207236,-0.0037746831782178303
2024-02-06 00:00:00-05:00,2024-02-01 00:00:00-05:00,__cash_interest__,-0.00034734754141421134,-2.672491581565865e-08,
2024-02-06 00:00:00-05:00,2024-02-01 00:00:00-05:00,CRM,-20.62647654049781,-0.0015870008662623822,-0.007913591852620971
2024-02-06 00:00:00-05:00,2024-02-01 00:00:00-05:00,INTC,5.633277846799747,0.00043342433232428963,0.0022276403290935054
2024-02-06 00:00:00-05:00,2024-02-01 00:00:00-05:00,CAT,11.105397202959107,0.0008544491322442115,0.004106927422967033
2024-02-06 00:00:00-05:00,2024-02-01 00:00:00-05:00,IBM,-0.13887697956072778,-1.0685193199820203e-05,-5.4496625765620976e-05
2024-02-06 00:00:00-05:00,2024-02-01 00:00:00-05:00,AMGN,-47.86217760479373,-0.003682515390880155,-0.018324834942176516
2024-02-07 00:00:00-05:00,2024-02-01 00:00:00-05:00,__cash_interest__,-0.0003473972391820554,-2.6835877904910457e-08,
2024-02-07 00:00:00-05:00,2024-02-01 00:00:00-05:00,CRM,27.230937268300178,0.0021035461003920575,0.010530807894516103
2024-02-07 00:00:00-05:00,2024-02-01 00:00:00-05:00,INTC,2.3718463124337004,0.00018322131229237104,0.0009358453103707198
2024-02-07 00:00:00-05:00,2024-02-01 00:00:00-05:00,CAT,7.319617022129465,0.0005654286406508581,0.0026958227055080553
2024-02-07 00:00:00-05:00,2024-02-01 00:00:00-05:00,IBM,4.585239613245089,0.00035420238432384203,0.0017993889729090995
2024-02-07 00:00:00-05:00,2024-02-01 00:00:00-05:00,AMGN,-163.86549992199383,-0.01265834627554199,-0.06390978266249514
2024-02-08 00:00:00-05:00,2024-02-01 00:00:00-05:00,__cash_interest__,-0.00034744694406055326,-2.709582659354615e-08,
2024-02-08 00:00:00-05:00,2024-02-01 00:00:00-05:00,CRM,28.13503078659896,0.0021941246812776866,0.010767055137223647
2024-02-08 00:00:00-05:00,2024-02-01 00:00:00-05:00,INTC,-16.603609889930507,-0.0012948409594474315,-0.00654506256020948
2024-02-08 00:00:00-05:00,2024-02-01 00:00:00-05:00,CAT,-13.377660922002777,-0.0010432636889351166,-0.004913760067300044
2024-02-08 00:00:00-05:00,2024-02-01 00:00:00-05:00,IBM,31.965847820248644,0.0024928728954432557,0.012521849625578563
2024-02-08 00:00:00-05:00,2024-02-01 00:00:00-05:00,AMGN,-8.274081478164689,-0.0006452584510691506,-0.003447322389261931
2024-02-09 00:00:00-05:00,2024-02-01 00:00:00-05:00,__cash_interest__,-0.00034749665605072235,-2.7053614670728014e-08,
2024-02-09 00:00:00-05:00,2024-02-01 00:00:00-05:00,CRM,-5.88011863905041,-0.0004577841573698929,-0.002226304442028204
2024-02-09 00:00:00-05:00,2024-02-01 00:00:00-05:00,INTC,48.03234492882143,0.0037394562762243034,0.019058859038721288
2024-02-09 00:00:00-05:00,2024-02-01 00:00:00-05:00,CAT,-40.72040855238575,-0.0031702009876321273,-0.015030906336907734
2024-02-09 00:00:00-05:00,2024-02-01 00:00:00-05:00,IBM,27.75999068428038,0.0021611951601799005,0.010739824107170337
2024-02-09 00:00:00-05:00,2024-02-01 00:00:00-05:00,AMGN,-30.25841401814924,-0.0023557046064779327,-0.012650509213881
2024-02-12 00:00:00-05:00,2024-02-01 00:00:00-05:00,__cash_interest__,-0.00034754637515358014,-2.7059733172675676e-08,
2024-02-12 00:00:00-05:00,2024-02-01 00:00:00-05:00,CRM,-36.00617736948909,-0.0028034173907175953,-0.013662917008641862
2024-02-12 00:00:00-05:00,2024-02-01 00:00:00-05:00,INTC,42.69506216485888,0.0033242095805526657,0.016624228134455077
2024-02-12 00:00:00-05:00,2024-02-01 00:00:00-05:00,CAT,37.60771489337366,0.002928112053532575,0.014093776632618349
2024-02-12 00:00:00-05:00,2024-02-01 00:00:00-05:00,IBM,-2.523238367052031,-0.0001964576868721875,-0.0009658212459727755
2024-02-12 00:00:00-05:00,2024-02-01 00:00:00-05:00,AMGN,26.850889229731386,0.0020905926516555638,0.01136971589625424
2024-02-13 00:00:00-05:00,2024-02-01 00:00:00-05:00,__cash_interest__,-0.0003475961013701444,-2.6919772153683516e-08,
2024-02-13 00:00:00-05:00,2024-02-01 00:00:00-05:00,CRM,-55.81927869128753,-0.004322954884215758,-0.021474609364448005
2024-02-13 00:00:00-05:00,2024-02-01 00:00:00-05:00,INTC,-51.59000011365621,-0.003995416067653908,-0.019759179798381266
2024-02-13 00:00:00-05:00,2024-02-01 00:00:00-05:00,CAT,-73.95359146097587,-0.005727376757762046,-0.027329493990384868
2024-02-13 00:00:00-05:00,2024-02-01 00:00:00-05:00,IBM,-34.489775973623,-0.002671079759473004,-0.013214432046438018
2024-02-13 00:00:00-05:00,2024-02-01 00:00:00-05:00,AMGN,-32.04339701261526,-0.0024816185889584203,-0.013415891749352427
2024-02-14 00:00:00-05:00,2024-02-01 00:00:00-05:00,__cash_interest__,-0.00034764583470143286,-2.7450634034748572e-08,
2024-02-14 00:00:00-05:00,2024-02-01 00:00:00-05:00,CRM,72.37494707576715,0.005714833854308774,0.028454909741524093
2024-02-14 00:00:00-05:00,2024-02-01 00:00:00-05:00,INTC,61.077842498654086,0.0048227976138488626,0.023864607069449928
2024-02-14 00:00:00-05:00,2024-02-01 00:00:00-05:00,CAT,32.56009638677257,0.002570993812760758,0.012370642480633576
2024-02-14 00:00:00-05:00,2024-02-01 00:00:00-05:00,IBM,-1.8226453923474986,-0.00014391880082044225,-0.0007076809766658476
2024-02-14 00:00:00-05:00,2024-02-01 00:00:00-05:00,AMGN,-3.3249683230249465,-0.0002625444619259616,-0.0014110239691531579
2024-02-15 00:00:00-05:00,2024-02-01 00:00:00-05:00,__cash_interest__,-0.0003476955751484635,-2.7110204153383365e-08,
2024-02-15 00:00:00-05:00,2024-02-01 00:00:00-05:00,CRM,25.240471047677794,0.00196802712469932,0.009648974375052077
2024-02-15 00:00:00-05:00,2024-02-01 00:00:00-05:00,INTC,-8.301804944965253,-0.0006473008084830387,-0.0031681124997874344
2024-02-15 00:00:00-05:00,2024-02-01 00:00:00-05:00,CAT,53.509052466919336,0.004172159325907071,0.02008141409717945
2024-02-15 00:00:00-05:00,2024-02-01 00:00:00-05:00,IBM,46.26649785461789,0.0036074494240117662,0.017976677070371982
2024-02-15 00:00:00-05:00,2024-02-01 00:00:00-05:00,AMGN,10.219101115900456,0.0007967944872402653,0.004342829789207636
2024-02-16 00:00:00-05:00,2024-02-01 00:00:00-05:00,__cash_interest__,-0.0003477453227122544,-2.684836203582461e-08,
2024-02-16 00:00:00-05:00,2024-02-01 00:00:00-05:00,CRM,-20.084132774162008,-0.0015506349983101296,-0.007604424856682557
2024-02-16 00:00:00-05:00,2024-02-01 00:00:00-05:00,INTC,-32.02141090745993,-0.0024722760502886012,-0.012258761939946239
2024-02-16 00:00:00-05:00,2024-02-01 00:00:00-05:00,CAT,-9.759754566354582,-0.0007535210594194034,-0.003590633618384187
2024-02-16 00:00:00-05:00,2024-02-01 00:00:00-05:00,IBM,10.795385873105515,0.0008334790126778883,0.004120435617743778
2024-02-16 00:00:00-05:00,2024-02-01 00:00:00-05:00,AMGN,-43.90320768831453,-0.0033896335552591147,-0.01857694864362558
2024-02-20 00:00:00-05:00,2024-02-01 00:00:00-05:00,__cash_interest__,-0.0003477950773938238,-2.7050554706532626e-08,
2024-02-20 00:00:00-05:00,2024-02-01 00:00:00-05:00,CRM,-30.12493528400401,-0.0023430354910054184,-0.011493560663495161
2024-02-20 00:00:00-05:00,2024-02-01 00:00:00-05:00,INTC,59.892033626253,0.0046582393984200155,0.02321304009571823
2024-02-20 00:00:00-05:00,2024-02-01 00:00:00-05:00,CAT,-68.73703831513215,-0.0053461797942673545,-0.02537962558134188
2024-02-20 00:00:00-05:00,2024-02-01 00:00:00-05:00,IBM,-58.88475904884501,-0.0045798963227650915,-0.02238319398826394
2024-02-20 00:00:00-05:00,2024-02-01 00:00:00-05:00,AMGN,-1.5530768068898364,-0.000120794087837675,-0.0006695990181211364
2024-02-21 00:00:00-05:00,2024-02-01 00:00:00-05:00,__cash_interest__,-0.0003478448391941902,-2.726523145260838e-08,
2024-02-21 00:00:00-05:00,2024-02-01 00:00:00-05:00,CRM,-25.69321996084885,-0.0020139197425442846,-0.009916707462333196
2024-02-21 00:00:00-05:00,2024-02-01 00:00:00-05:00,INTC,-62.26410850631824,-0.004880467203560695,-0.023584934247721012
2024-02-21 00:00:00-05:00,2024-02-01 00:00:00-05:00,CAT,28.605381566700302,0.002242184621778594,0.010836939635065379
2024-02-21 00:00:00-05:00,2024-02-01 00:00:00-05:00,IBM,-52.43617665023545,-0.004110121329298733,-0.020388323475350245
2024-02-21 00:00:00-05:00,2024-02-01 00:00:00-05:00,AMGN,-0.4085075585299432,-3.202017646506137e-05,-0.00017624340355171242
2024-02-22 00:00:00-05:00,2024-02-01 00:00:00-05:00,__cash_interest__,-0.0003478946081143721,-2.7511075109277128e-08,
2024-02-22 00:00:00-05:00,2024-02-01 00:00:00-05:00,CRM,91.37158370117089,0.007225551771788636,0.03561954663762146
2024-02-22 00:00:00-05:00,2024-02-01 00:00:00-05:00,INTC,-29.056431591194155,-0.002297746654498644,-0.011272096586556146
2024-02-22 00:00:00-05:00,2024-02-01 00:00:00-05:00,CAT,41.646234024279,0.003293332651720222,0.015608225828718902
2024-02-22 00:00:00-05:00,2024-02-01 00:00:00-05:00,IBM,63.23156252334097,0.005000273718771446,0.025097499732146034
2024-02-22 00:00:00-05:00,2024-02-01 00:00:00-05:00,AMGN,14.06158359253724,0.0011119726300629882,0.006067692394246649
2024-02-23 00:00:00-05:00,2024-02-01 00:00:00-05:00,__cash_interest__,-0.00034794438415538815,-2.7126201813032187e-08,
2024-02-23 00:00:00-05:00,2024-02-01 00:00:00-05:00,CRM,-7.689709983691306,-0.0005994999040080601,-0.002894589330733388
2024-02-23 00:00:00-05:00,2024-02-01 00:00:00-05:00,INTC,0.5929044362005415,4.6223609647441106e-05,0.00023263247047067281
2024-02-23 00:00:00-05:00,2024-02-01 00:00:00-05:00,CAT,15.060112023031374,0.0011741061407135093,0.00555750417201839
2024-02-23 00:00:00-05:00,2024-02-01 00:00:00-05:00,IBM,21.170691875917235,0.0016504949828165198,0.008197216801183016
2024-02-23 00:00:00-05:00,2024-02-01 00:00:00-05:00,AMGN,32.70224569759554,0.0025495100853134517,0.014026189340091477
2024-02-26 00:00:00-05:00,2024-02-01 00:00:00-05:00,__cash_interest__,-0.0003479941673182572,-2.699992154183354e-08,
2024-02-26 00:00:00-05:00,2024-02-01 00:00:00-05:00,CRM,68.66532694849462,0.005327556075266544,0.025922293027803356
2024-02-26 00:00:00-05:00,2024-02-01 00:00:00-05:00,INTC,0.0,0.0,0.0
2024-02-26 00:00:00-05:00,2024-02-01 00:00:00-05:00,CAT,12.620239682321554,0.000979170093245236,0.004631399951512627
2024-02-26 00:00:00-05:00,2024-02-01 00:00:00-05:00,IBM,-22.292054507237882,-0.0017295799160658009,-0.008561226207214001
2024-02-26 00:00:00-05:00,2024-02-01 00:00:00-05:00,AMGN,-22.973407086536444,-0.0017824442106749766,-0.009717137689491673
2024-02-27 00:00:00-05:00,2024-02-01 00:00:00-05:00,__cash_interest__,-0.00034804395760399824,-2.692852814923431e-08,
2024-02-27 00:00:00-05:00,2024-02-01 00:00:00-05:00,CRM,-8.051459735654285,-0.0006229499331825273,-0.0029627573331525436
2024-02-27 00:00:00-05:00,2024-02-01 00:00:00-05:00,INTC,-15.417801017529424,-0.001192891528868953,-0.006047934096221508
2024-02-27 00:00:00-05:00,2024-02-01 00:00:00-05:00,CAT,18.929696514694093,0.001464610588161369,0.0069148312658331434
2024-02-27 00:00:00-05:00,2024-02-01 00:00:00-05:00,IBM,10.374616216489402,0.000802695000788108,0.0040187594955785055
2024-02-27 00:00:00-05:00,2024-02-01 00:00:00-05:00,AMGN,-64.42343203945403,-0.004984508896771584,-0.02751677561315058
2024-02-28 00:00:00-05:00,2024-02-01 00:00:00-05:00,__cash_interest__,-0.0003480937550136304,-2.705502338816903e-08,
2024-02-28 00:00:00-05:00,2024-02-01 00:00:00-05:00,CRM,2.442372548967442,0.0001898294510694359,0.0009014091982091355
2024-02-28 00:00:00-05:00,2024-02-01 00:00:00-05:00,INTC,-43.881328172523034,-0.003410605168613391,-0.017318047920145574
2024-02-28 00:00:00-05:00,2024-02-01 00:00:00-05:00,CAT,16.23814603796975,0.001262083603943349,0.005890899868652877
2024-02-28 00:00:00-05:00,2024-02-01 00:00:00-05:00,IBM,6.0287324570898715,0.0004685734669994105,0.002325970274241751
2024-02-28 00:00:00-05:00,2024-02-01 00:00:00-05:00,AMGN,-8.421026643103518,-0.0006545106584076437,-0.00369859355110036
2024-02-29 00:00:00-05:00,2024-02-01 00:00:00-05:00,__cash_interest__,-0.0003481435595481729,-2.7117051121112636e-08,
2024-02-29 00:00:00-05:00,2024-02-01 00:00:00-05:00,CRM,81.87340581927336,0.0063771546828044375,0.030189897008154665
2024-02-29 00:00:00-05:00,2024-02-01 00:00:00-05:00,INTC,62.85701294251878,0.004895959688281603,0.025244102329106344
2024-02-29 00:00:00-05:00,2024-02-01 00:00:00-05:00,CAT,37.01843268238918,0.002883381593428309,0.013350955427598343
2024-02-29 00:00:00-05:00,2024-02-01 00:00:00-05:00,IBM,-3.785317408126261,-0.0002948399958885182,-0.0014570399776615561
2024-02-29 00:00:00-05:00,2024-02-01 00:00:00-05:00,AMGN,-29.677446270586543,-0.002311589014336521,-0.013083000279493162
2024-03-01 00:00:00-05:00,2024-03-01 00:00:00-05:00,__cash_interest__,-0.0003481933712086452,-2.6811259853311477e-08,
2024-03-01 00:00:00-05:00,2024-03-01 00:00:00-05:00,CRM,67.33986017569137,0.005185240843009175,0.02609928844158138
2024-03-01 00:00:00-05:00,2024-03-01 00:00:00-05:00,INTC,45.942605200247115,0.0035376294559720813,0.017886171436921172
2024-03-01 00:00:00-05:00,2024-03-01 00:00:00-05:00,CAT,21.387220172030087,0.0016468386965031528,0.008204524513428568
2024-03-01 00:00:00-05:00,2024-03-01 00:00:00-05:00,IBM,44.494284836009314,0.00342610724777601,0.017132238395982657
2024-03-01 00:00:00-05:00,2024-03-01 00:00:00-05:00,AMGN,21.829003754569065,0.0016808565021531109,0.023737394441378346
2024-03-01 00:00:00-05:00,2024-03-01 00:00:00-05:00,__costs__,-1.54225791632132,-0.00011875549960007668,
2024-03-01 00:00:00-05:00,2024-03-01 00:00:00-05:00,AXP,4.155939120266741,0.0003200117317030868,0.0010937942508824072
2024-03-04 00:00:00-05:00,2024-03-01 00:00:00-05:00,__cash_interest__,-0.0002206630729814847,-1.6729015406698752e-08,
2024-03-04 00:00:00-05:00,2024-03-01 00:00:00-05:00,CRM,-19.00033702788923,-0.0014404627225448742,-0.007068916547850468
2024-03-04 00:00:00-05:00,2024-03-01 00:00:00-05:00,INTC,107.37807213158145,0.008140598237665083,0.04084896217754164
2024-03-04 00:00:00-05:00,2024-03-01 00:00:00-05:00,CAT,15.203785139523147,0.0011526366981237574,0.005791660136725163
2024-03-04 00:00:00-05:00,2024-03-01 00:00:00-05:00,IBM,68.22914645994776,0.005172620986793492,0.02582372279114087
2024-03-04 00:00:00-05:00,2024-03-01 00:00:00-05:00,AXP,-8.90511517052151,-0.0006751188899584533,-0.0034142474589322624
2024-03-05 00:00:00-05:00,2024-03-01 00:00:00-05:00,__cash_interest__,-0.00022069464499759322,-1.6527292638422192e-08,
2024-03-05 00:00:00-05:00,2024-03-01 00:00:00-05:00,CRM,-134.7841016324502,-0.010093658098095835,-0.05050229472015544
2024-03-05 00:00:00-05:00,2024-03-01 00:00:00-05:00,INTC,-146.96973898116698,-0.011006211252478562,-0.05371624353912552
2024-03-05 00:00:00-05:00,2024-03-01 00:00:00-05:00,CAT,-39.9185376413175,-0.002989403541273603,-0.015118821456462261
2024-03-05 00:00:00-05:00,2024-03-01 00:00:00-05:00,IBM,-15.583156060277663,-0.0011669851819069731,-0.005749520073414227
2024-03-05 00:00:00-05:00,2024-03-01 00:00:00-05:00,AXP,-20.304638451003182,-0.0015205656739009175,-0.007811528847338045
2024-03-06 00:00:00-05:00,2024-03-01 00:00:00-05:00,__cash_interest__,-0.0002207262215309605,-1.6984447157978774e-08,
2024-03-06 00:00:00-05:00,2024-03-01 00:00:00-05:00,CRM,42.58116887592351,0.003276536913837625,0.016803358884384556
2024-03-06 00:00:00-05:00,2024-03-01 00:00:00-05:00,INTC,80.98316512135187,0.006231494741083765,0.031278871267136354
2024-03-06 00:00:00-05:00,2024-03-01 00:00:00-05:00,CAT,16.3728722646478,0.0012598602099671286,0.0062962846051819454
2024-03-06 00:00:00-05:00,2024-03-01 00:00:00-05:00,IBM,59.10382303862064,0.004547922545274825,0.021932893949803134
2024-03-06 00:00:00-05:00,2024-03-01 00:00:00-05:00,AXP,14.842044850782823,0.001142066061458461,0.0057549339481672845
2024-03-07 00:00:00-05:00,2024-03-01 00:00:00-05:00,__cash_interest__,-0.00022075780258223288,-1.6711836139743114e-08,
2024-03-07 00:00:00-05:00,2024-03-01 00:00:00-05:00,CRM,-11.450710375092962,-0.0008668431794202471,-0.00444399930299022
2024-03-07 00:00:00-05:00,2024-03-01 00:00:00-05:00,INTC,98.38007113027545,0.007447581054504287,0.03684574466933532
2024-03-07 00:00:00-05:00,2024-03-01 00:00:00-05:00,CAT,35.78679647091689,0.0027091367625183714,0.013675916211533856
2024-03-07 00:00:00-05:00,2024-03-01 00:00:00-05:00,IBM,5.334290862841634,0.0004038171868843967,0.0019370225633157379
2024-03-07 00:00:00-05:00,2024-03-01 00:00:00-05:00,AXP,59.013405067647184,0.00446744053439033,0.022751241798258492
2024-03-08 00:00:00-05:00,2024-03-01 00:00:00-05:00,__cash_interest__,-0.00022078938815205674,-1.6480840151351016e-08,
2024-03-08 00:00:00-05:00,2024-03-01 00:00:00-05:00,CRM,24.259189595343326,0.001810828995308517,0.009456972939190456
2024-03-08 00:00:00-05:00,2024-03-01 00:00:00-05:00,INTC,-128.97373697855502,-0.009627254102457433,-0.046587278400314625
2024-03-08 00:00:00-05:00,2024-03-01 00:00:00-05:00,CAT,-8.0312377889318,-0.0005994923366775124,-0.0030277287475983794
2024-03-08 00:00:00-05:00,2024-03-01 00:00:00-05:00,IBM,-8.282667089245448,-0.000618260295330405,-0.0030018415745253213
2024-03-08 00:00:00-05:00,2024-03-01 00:00:00-05:00,AXP,-0.5935253581038553,-4.430374409999418e-05,-0.00022372972831052884
2024-03-11 00:00:00-04:00,2024-03-01 00:00:00-05:00,__cash_interest__,-0.00022082097824107863,-1.66342118543282e-08,
2024-03-11 00:00:00-04:00,2024-03-01 00:00:00-05:00,CRM,6.10732642686006,0.00046005847115221653,0.002358517908647828
2024-03-11 00:00:00-04:00,2024-03-01 00:00:00-05:00,INTC,51.58954103580592,0.0038861858229804493,0.019545499700313496
2024-03-11 00:00:00-04:00,2024-03-01 00:00:00-05:00,CAT,-32.90131151483352,-0.002478421164430738,-0.012441266997256673
2024-03-11 00:00:00-04:00,2024-03-01 00:00:00-05:00,IBM,-59.24426576063425,-0.0044628081791242905,-0.021536222410904915
2024-03-11 00:00:00-04:00,2024-03-01 00:00:00-05:00,AXP,-37.75879082383328,-0.002844329967785938,-0.014236383224197069
2024-03-12 00:00:00-04:00,2024-03-01 00:00:00-05:00,__cash_interest__,-0.00022085257284994508,-1.6727578691184146e-08,
2024-03-12 00:00:00-04:00,2024-03-01 00:00:00-05:00,CRM,5.258852567454096,0.0003983103706344078,0.0020260770420614804
2024-03-12 00:00:00-04:00,2024-03-01 00:00:00-05:00,INTC,22.79547538778757,0.0017265504468958366,0.008470853200432726
2024-03-12 00:00:00-04:00,2024-03-01 00:00:00-05:00,CAT,17.69801789817148,0.0013404642891382212,0.006776619425531205
2024-03-12 00:00:00-04:00,2024-03-01 00:00:00-05:00,IBM,84.93515359442279,0.006433067303969479,0.031554836180577306
2024-03-12 00:00:00-04:00,2024-03-01 00:00:00-05:00,AXP,29.209194921783773,0.002212331512625147,0.01117193483918899
2024-03-13 00:00:00-04:00,2024-03-01 00:00:00-05:00,__cash_interest__,-0.0002208841719793029,-1.652978465656407e-08,
2024-03-13 00:00:00-04:00,2024-03-01 00:00:00-05:00,CRM,-13.079716984120056,-0.0009788157439210574,-0.005029030656340749
2024-03-13 00:00:00-04:00,2024-03-01 00:00:00-05:00,INTC,-120.57552563669623,-0.009023224506160466,-0.044429795570678166
2024-03-13 00:00:00-04:00,2024-03-01 00:00:00-05:00,CAT,33.36973280146115,0.002497211512769327,0.012691357396946712
2024-03-13 00:00:00-04:00,2024-03-01 00:00:00-05:00,IBM,-15.162058128207338,-0.0011346469670676907,-0.005460649369096182
2024-03-13 00:00:00-04:00,2024-03-01 00:00:00-05:00,AXP,1.9003240521153875,0.00014221004193138803,0.0007188056217588557
2024-03-14 00:00:00-04:00,2024-03-01 00:00:00-05:00,__cash_interest__,-0.00022091577562979872,-1.6673831959350433e-08,
2024-03-14 00:00:00-04:00,2024-03-01 00:00:00-05:00,CRM,-11.550778676326441,-0.0008718061989898769,-0.004463615625331041
2024-03-14 00:00:00-04:00,2024-03-01 00:00:00-05:00,INTC,-28.794065648018357,-0.0021732599705604843,-0.011103388660063551
2024-03-14 00:00:00-04:00,2024-03-01 00:00:00-05:00,CAT,3.118712553674976,0.00023538784815727284,0.0011712607500553585
2024-03-14 00:00:00-04:00,2024-03-01 00:00:00-05:00,IBM,-45.9065816147808,-0.0034648436739789495,-0.016624137302562736
2024-03-14 00:00:00-04:00,2024-03-01 00:00:00-05:00,AXP,-27.784696815685123,-0.002097076881112254,-0.010502130265610088
2024-03-15 00:00:00-04:00,2024-03-01 00:00:00-05:00,__cash_interest__,-0.00022094738380207954,-1.6817003101416018e-08,
2024-03-15 00:00:00-04:00,2024-03-01 00:00:00-05:00,CRM,-76.3558005680313,-0.005811681101931199,-0.02963878693118749
2024-03-15 00:00:00-04:00,2024-03-01 00:00:00-05:00,INTC,-6.598842363517192,-0.0005022587304877585,-0.0025731755532544254
2024-03-15 00:00:00-04:00,2024-03-01 00:00:00-05:00,CAT,39.37294726549729,0.0029967993505136277,0.014769567985895682
2024-03-15 00:00:00-04:00,2024-03-01 00:00:00-05:00,IBM,-33.13158929286385,-0.002521749885900613,-0.012200760088768914
2024-03-15 00:00:00-04:00,2024-03-01 00:00:00-05:00,AXP,-23.866907999108154,-0.0018165857360943093,-0.009117022658528762
2024-03-18 00:00:00-04:00,2024-03-01 00:00:00-05:00,__cash_interest__,-0.00022097899649679227,-1.6949163444201287e-08,
2024-03-18 00:00:00-04:00,2024-03-01 00:00:00-05:00,CRM,52.489510723846784,0.004025963147939038,0.020997011472700278
2024-03-18 00:00:00-04:00,2024-03-01 00:00:00-05:00,INTC,4.199221281889194,0.00032208168637484763,0.001641683298039709
2024-03-18 00:00:00-04:00,2024-03-01 00:00:00-05:00,CAT,38.43684197653369,0.0029481187228971024,0.014208562130651137
2024-03-18 00:00:00-04:00,2024-03-01 00:00:00-05:00,IBM,8.703995255286287,0.0006675993670807591,0.0032448496326982212
2024-03-18 00:00:00-04:00,2024-03-01 00:00:00-05:00,AXP,29.803837679369465,0.0022859643862099387,0.011489647291843541
2024-03-19 00:00:00-04:00,2024-03-01 00:00:00-05:00,__cash_interest__,-0.00022101061371458398,-1.67796024305611e-08,
2024-03-19 00:00:00-04:00,2024-03-01 00:00:00-05:00,CRM,7.983870412622599,0.0006061526599529409,0.003128052038041673
2024-03-19 00:00:00-04:00,2024-03-01 00:00:00-05:00,INTC,-39.59189807150514,-0.0030059022865258755,-0.01545306218885334
2024-03-19 00:00:00-04:00,2024-03-01 00:00:00-05:00,CAT,15.59380852980543,0.0011839155736037912,0.005683650406457463
2024-03-19 00:00:00-04:00,2024-03-01 00:00:00-05:00,IBM,23.164070007396074,0.0017586661512091093,0.008607635352672505
2024-03-19 00:00:00-04:00,2024-03-01 00:00:00-05:00,AXP,8.548850969061618,0.0006490472022498404,0.0032582230490179054
2024-03-20 00:00:00-04:00,2024-03-01 00:00:00-05:00,__cash_interest__,-0.00022104223545610182,-1.6762025191773176e-08,
2024-03-20 00:00:00-04:00,2024-03-01 00:00:00-05:00,CRM,39.323945670773796,0.002982004622842021,0.015358938523927446
2024-03-20 00:00:00-04:00,2024-03-01 00:00:00-05:00,INTC,8.99846344514519,0.000682369460494931,0.003567304327165788
2024-03-20 00:00:00-04:00,2024-03-01 00:00:00-05:00,CAT,19.88111668574396,0.0015076203786999977,0.007205341087340722
2024-03-20 00:00:00-04:00,2024-03-01 00:00:00-05:00,IBM,8.703995255286287,0.0006600394148074813,0.0032067520856187137
2024-03-20 00:00:00-04:00,2024-03-01 00:00:00-05:00,AXP,73.85582238492395,0.005600618148023921,0.028057248312912453
2024-03-21 00:00:00-04:00,2024-03-01 00:00:00-05:00,__cash_interest__,-0.000221073861721993,-1.657492835725428e-08,
2024-03-21 00:00:00-04:00,2024-03-01 00:00:00-05:00,CRM,19.619707144997495,0.0014709800506745845,0.007547046725664197
2024-03-21 00:00:00-04:00,2024-03-01 00:00:00-05:00,INTC,13.19722228319518,0.0009894567008278696,0.005213241355373377
2024-03-21 00:00:00-04:00,2024-03-01 00:00:00-05:00,CAT,63.23023813610393,0.004740662957414601,0.022752051777293225
2024-03-21 00:00:00-04:00,2024-03-01 00:00:00-05:00,IBM,-28.92037973819009,-0.0021682944265382672,-0.010620874690707494
2024-03-21 00:00:00-04:00,2024-03-01 00:00:00-05:00,AXP,14.366963837753977,0.0010771576271711963,0.005308942683238449
2024-03-22 00:00:00-04:00,2024-03-01 00:00:00-05:00,__cash_interest__,-0.00022110549251290495,-1.647662854752264e-08,
2024-03-22 00:00:00-04:00,2024-03-01 00:00:00-05:00,CRM,-5.265699345959545,-0.00039239627736178685,-0.0020103665178865526
2024-03-22 00:00:00-04:00,2024-03-01 00:00:00-05:00,INTC,8.998232223225587,0.0006705420486910043,0.0035360980308578593
2024-03-22 00:00:00-04:00,2024-03-01 00:00:00-05:00,CAT,-50.288195441929155,-0.0037474415818662997,-0.017692591163682492
2024-03-22 00:00:00-04:00,2024-03-01 00:00:00-05:00,IBM,-14.880712216239084,-0.001108900393757715,-0.005523537012176116
2024-03-22 00:00:00-04:00,2024-03-01 00:00:00-05:00,AXP,-37.5209709674484,-0.0027960368344849946,-0.013791692345584416
2024-03-25 00:00:00-04:00,2024-03-01 00:00:00-05:00,__cash_interest__,-0.00022113712782948503,-1.660140892115027e-08,
2024-03-25 00:00:00-04:00,2024-03-01 00:00:00-05:00,CRM,-14.523860573500038,-0.0010903485582048752,-0.005556166157706599
2024-03-25 00:00:00-04:00,2024-03-01 00:00:00-05:00,INTC,-44.39090901284153,-0.0033325549632353363,-0.01738313642725231
2024-03-25 00:00:00-04:00,2024-03-01 00:00:00-05:00,CAT,-16.84006474412267,-0.001264232758288318,-0.006031449942187073
2024-03-25 00:00:00-04:00,2024-03-01 00:00:00-05:00,IBM,-28.779706782205963,-0.002160576496637026,-0.010742006399383497
2024-03-25 00:00:00-04:00,2024-03-01 00:00:00-05:00,AXP,0.8313452144887387,6.241150907508858e-05,0.0003098533791023872
2024-03-26 00:00:00-04:00,2024-03-01 00:00:00-05:00,__cash_interest__,-0.00022116876767238076,-1.6734064225635604e-08,
2024-03-26 00:00:00-04:00,2024-03-01 00:00:00-05:00,CRM,-1.9534385751314214,-0.0001478010069916642,-0.0007514717419070394
2024-03-26 00:00:00-04:00,2024-03-01 00:00:00-05:00,INTC,9.598021882672786,0.0007262052246980059,0.0038250016148675403
2024-03-26 00:00:00-04:00,2024-03-01 00:00:00-05:00,CAT,3.429600763320275,0.0002594903432599688,0.0012358020031770778
2024-03-26 00:00:00-04:00,2024-03-01 00:00:00-05:00,IBM,-4.0712273006011745,-0.0003080370698015553,-0.00153608349872969
2024-03-26 00:00:00-04:00,2024-03-01 00:00:00-05:00,AXP,-18.642134255272676,-0.0014105005657614443,-0.0069460182504286205
2024-03-27 00:00:00-04:00,2024-03-01 00:00:00-05:00,__cash_interest__,-0.00022120041204223977,-1.67512106188742e-08,
2024-03-27 00:00:00-04:00,2024-03-01 00:00:00-05:00,CRM,-37.795270700615006,-0.0028621851743317233,-0.014550463823660431
2024-03-27 00:00:00-04:00,2024-03-01 00:00:00-05:00,INTC,106.77805125021465,0.00808615865337417,0.042391020280998504
2024-03-27 00:00:00-04:00,2024-03-01 00:00:00-05:00,CAT,64.40030830695079,0.00487694900027657,0.023176983070464674
2024-03-27 00:00:00-04:00,2024-03-01 00:00:00-05:00,IBM,32.28870272681166,0.002445180164871284,0.012201344677046588
2024-03-27 00:00:00-04:00,2024-03-01 00:00:00-05:00,AXP,39.06484458485692,0.002958328302343155,0.014657285001785647
2024-03-28 00:00:00-04:00,2024-03-01 00:00:00-05:00,__cash_interest__,-0.0002212320609397098,-1.6497818338603917e-08,
2024-03-28 00:00:00-04:00,2024-03-01 00:00:00-05:00,CRM,-1.6990544198905273,-0.00012670266256930505,-0.00066376183418837
2024-03-28 00:00:00-04:00,2024-03-01 00:00:00-05:00,INTC,23.994823484762364,0.0017893529411469747,0.009138581238212762
2024-03-28 00:00:00-04:00,2024-03-01 00:00:00-05:00,CAT,13.87814798313837,0.0010349275929065053,0.004881459711187253
2024-03-28 00:00:00-04:00,2024-03-01 00:00:00-05:00,IBM,2.2466230842767776,0.0001675362032170062,0.0008387265796045984
2024-03-28 00:00:00-04:00,2024-03-01 00:00:00-05:00,AXP,-0.7125284029197837,-5.31349936466473e-05,-0.0002634815652430289
2024-04-01 00:00:00-04:00,2024-04-01 00:00:00-04:00,__cash_interest__,-0.00022126371436543857,-1.6453911030166414e-08,
2024-04-01 00:00:00-04:00,2024-04-01 00:00:00-04:00,CRM,9.414797473703214,0.0007001158795675773,0.003586097533205601
2024-04-01 00:00:00-04:00,2024-04-01 00:00:00-04:00,INTC,7.198731401455919,0.0005353217826488877,0.007923998587705539
2024-04-01 00:00:00-04:00,2024-04-01 00:00:00-04:00,CAT,-19.19252730000849,-0.0014272206246922993,-0.007341159120155094
2024-04-01 00:00:00-04:00,2024-04-01 00:00:00-04:00,IBM,-15.884184002755712,-0.0011812011342107304,-0.005917436715812796
2024-04-01 00:00:00-04:00,2024-04-01 00:00:00-04:00,AXP,-2.9685177343453377,-0.00022074892321349718,-0.0003513783800278558
2024-04-01 00:00:00-04:00,2024-04-01 00:00:00-04:00,__costs__,-3.2920338207466955,-0.0002448066631720877,
2024-04-01 00:00:00-04:00,2024-04-01 00:00:00-04:00,JPM,-14.124040475246122,-0.0010503109650520687,-0.006789859504478635
2024-04-01 00:00:00-04:00,2024-04-01 00:00:00-04:00,TRV,-19.3147950433415,-0.0014363128636815535,-0.008603292581607302
2024-04-02 00:00:00-04:00,2024-04-01 00:00:00-04:00,__cash_interest__,-0.00047101739051345085,-3.517858476947472e-08,
2024-04-02 00:00:00-04:00,2024-04-01 00:00:00-04:00,CRM,15.515499658981772,0.0011587965348779613,0.00575664314259372
2024-04-02 00:00:00-04:00,2024-04-01 00:00:00-04:00,CAT,7.979276550387104,0.0005959432967451307,0.002996605020437748
2024-04-02 00:00:00-04:00,2024-04-01 00:00:00-04:00,IBM,-13.450843030700495,-0.0010045948011825753,-0.005004510089235081
2024-04-02 00:00:00-04:00,2024-04-01 00:00:00-04:00,JPM,-1.0759558944527645,-8.035925297781901e-05,-0.0004020721183517484
2024-04-02 00:00:00-04:00,2024-04-01 00:00:00-04:00,TRV,-3.629029374784661,-0.0002710390742741171,-0.0013587614039275442
2024-04-03 00:00:00-04:00,2024-04-01 00:00:00-04:00,__cash_interest__,-0.000471084782707531,-3.516959552557576e-08,
2024-04-03 00:00:00-04:00,2024-04-01 00:00:00-04:00,CRM,6.597957935880257,0.0004925812091954923,0.0024339977625373876
2024-04-03 00:00:00-04:00,2024-04-01 00:00:00-04:00,CAT,80.2332767660443,0.0059899448998020945,0.03004146113723638
2024-04-03 00:00:00-04:00,2024-04-01 00:00:00-04:00,IBM,28.60045639030247,0.0021352132779850165,0.01069458448823335
2024-04-03 00:00:00-04:00,2024-04-01 00:00:00-04:00,JPM,-7.5329891573025884,-0.0005623874756433403,-0.002816122121236053
2024-04-03 00:00:00-04:00,2024-04-01 00:00:00-04:00,TRV,14.163969988524642,0.0010574340624415208,0.00531041204656546
2024-04-04 00:00:00-04:00,2024-04-01 00:00:00-04:00,__cash_interest__,-0.0004711521845439469,-3.4856984504986777e-08,
2024-04-04 00:00:00-04:00,2024-04-01 00:00:00-04:00,CRM,-94.51930698348235,-0.006992768211686011,-0.03478366770369534
2024-04-04 00:00:00-04:00,2024-04-01 00:00:00-04:00,CAT,-43.92328795685195,-0.00324955166917464,-0.015966387259503056
2024-04-04 00:00:00-04:00,2024-04-01 00:00:00-04:00,IBM,-41.909425627815594,-0.003100561236144293,-0.015505391007510694
2024-04-04 00:00:00-04:00,2024-04-01 00:00:00-04:00,JPM,-20.294336571324784,-0.0015014243775403138,-0.0076082320847332685
2024-04-04 00:00:00-04:00,2024-04-01 00:00:00-04:00,TRV,-6.555432673889247,-0.00048498685272662225,-0.00244480600269692
2024-04-05 00:00:00-04:00,2024-04-01 00:00:00-04:00,__cash_interest__,-0.00047121959602407806,-3.540470203226052e-08,
2024-04-05 00:00:00-04:00,2024-04-01 00:00:00-04:00,CRM,69.28450243299123,0.005205634877646604,0.02641595312581857
2024-04-05 00:00:00-04:00,2024-04-01 00:00:00-04:00,CAT,69.61808604708459,0.005230698411844822,0.025717216573338142
2024-04-05 00:00:00-04:00,2024-04-01 00:00:00-04:00,IBM,16.990257481690822,0.0012765492111663195,0.006384951928958715
2024-04-05 00:00:00-04:00,2024-04-01 00:00:00-04:00,JPM,24.35350672802083,0.0018297809692578485,0.009199987677019239
2024-04-05 00:00:00-04:00,2024-04-01 00:00:00-04:00,TRV,27.977275973588995,0.0021020499314477288,0.010459514694768579
2024-04-08 00:00:00-04:00,2024-04-01 00:00:00-04:00,__cash_interest__,-0.0004712870171493044,-3.486432650210763e-08,
2024-04-08 00:00:00-04:00,2024-04-01 00:00:00-04:00,CRM,-1.6046322170479368,-0.00011870562840740598,-0.0005960494573167274
2024-04-08 00:00:00-04:00,2024-04-01 00:00:00-04:00,CAT,-42.678595579606,-0.0031572278395001975,-0.015370371247586112
2024-04-08 00:00:00-04:00,2024-04-01 00:00:00-04:00,IBM,9.628145392003798,0.000712259816930709,0.0035953086273099455
2024-04-08 00:00:00-04:00,2024-04-01 00:00:00-04:00,JPM,13.9357270985787,0.001030921120102054,0.005216487088702593
2024-04-08 00:00:00-04:00,2024-04-01 00:00:00-04:00,TRV,-3.5114614328524447,-0.0002597668372768732,-0.0012991972503343385
2024-04-09 00:00:00-04:00,2024-04-01 00:00:00-04:00,__cash_interest__,-0.00047135444792100595,-3.493193220075252e-08,
2024-04-09 00:00:00-04:00,2024-04-01 00:00:00-04:00,CRM,5.706618468657212,0.00042291572790271775,0.002121019030393967
2024-04-09 00:00:00-04:00,2024-04-01 00:00:00-04:00,CAT,-11.493213428529758,-0.0008517584888081161,-0.004203807388360126
2024-04-09 00:00:00-04:00,2024-04-01 00:00:00-04:00,IBM,-7.221167093836396,-0.0005351584575997731,-0.002686843117011062
2024-04-09 00:00:00-04:00,2024-04-01 00:00:00-04:00,JPM,-17.994897255274743,-0.0013335962642408567,-0.006700979233231319
2024-04-09 00:00:00-04:00,2024-04-01 00:00:00-04:00,TRV,-79.0152997749486,-0.005855799402625376,-0.029272713557876084
2024-04-10 00:00:00-04:00,2024-04-01 00:00:00-04:00,__cash_interest__,-0.0004714218883405628,-3.522412771299776e-08,
2024-04-10 00:00:00-04:00,2024-04-01 00:00:00-04:00,CRM,-24.521788270724294,-0.0018322411902416587,-0.009094895103546996
2024-04-10 00:00:00-04:00,2024-04-01 00:00:00-04:00,CAT,1.2446923772459597,9.300205260692826e-05,0.0004571859821387303
2024-04-10 00:00:00-04:00,2024-04-01 00:00:00-04:00,IBM,-46.29868964192503,-0.0034593874345382014,-0.0172731707355106
2024-04-10 00:00:00-04:00,2024-04-01 00:00:00-04:00,JPM,-22.730054981364617,-0.0016983648392003563,-0.008521369150904956
2024-04-10 00:00:00-04:00,2024-04-01 00:00:00-04:00,TRV,6.321223981995888,0.000472314939868542,0.0024124356215566856
2024-04-11 00:00:00-04:00,2024-04-01 00:00:00-04:00,__cash_interest__,-0.00047148933840935545,-3.545696830731635e-08,
2024-04-11 00:00:00-04:00,2024-04-01 00:00:00-04:00,CRM,-4.19073314025028,-0.0003151517543102224,-0.0015685685275489414
2024-04-11 00:00:00-04:00,2024-04-01 00:00:00-04:00,CAT,-0.6590362308888508,-4.956088048742088e-05,-0.00024195893204614904
2024-04-11 00:00:00-04:00,2024-04-01 00:00:00-04:00,IBM,-1.982750114610405,-0.00014910688799930249,-0.0007527288072108895
2024-04-11 00:00:00-04:00,2024-04-01 00:00:00-04:00,JPM,-0.5416553196038847,-4.0733594455130036e-05,-0.00020480876921791236
2024-04-11 00:00:00-04:00,2024-04-01 00:00:00-04:00,TRV,-46.59009847772216,-0.0035036712616502382,-0.017737880965583264
2024-04-12 00:00:00-04:00,2024-04-01 00:00:00-04:00,__cash_interest__,-0.00047155679812876445,-3.560654201636921e-08,
2024-04-12 00:00:00-04:00,2024-04-01 00:00:00-04:00,CRM,-43.068505646403786,-0.0032520378498756457,-0.016145631983649156
2024-04-12 00:00:00-04:00,2024-04-01 00:00:00-04:00,CAT,-46.4853605309272,-0.003510039404497276,-0.017070791810724684
2024-04-12 00:00:00-04:00,2024-04-01 00:00:00-04:00,IBM,-51.39546502729784,-0.0038807939832639347,-0.019526409022259217
2024-04-12 00:00:00-04:00,2024-04-01 00:00:00-04:00,JPM,-171.0170676798385,-0.012913240631928417,-0.06467760758242191
2024-04-12 00:00:00-04:00,2024-04-01 00:00:00-04:00,TRV,8.194522640354327,0.0006187560350220873,0.003176174622185002
2024-04-15 00:00:00-04:00,2024-04-01 00:00:00-04:00,__cash_interest__,-0.00047162426750017053,-3.644765055463939e-08,
2024-04-15 00:00:00-04:00,2024-04-01 00:00:00-04:00,CRM,-191.00127490921545,-0.014760792018360632,-0.0727780967380025
2024-04-15 00:00:00-04:00,2024-04-01 00:00:00-04:00,CAT,-12.591145636712234,-0.0009730578086703184,-0.00470414249900708
2024-04-15 00:00:00-04:00,2024-04-01 00:00:00-04:00,IBM,-14.441637589670234,-0.0011160658951987772,-0.005596005390592129
2024-04-15 00:00:00-04:00,2024-04-01 00:00:00-04:00,JPM,1.3528404028764756,0.0001045490184837054,0.0005470156160976014
2024-04-15 00:00:00-04:00,2024-04-01 00:00:00-04:00,TRV,-0.468602822180932,-3.6214149883121216e-05,-0.00018105411612234779
2024-04-16 00:00:00-04:00,2024-04-01 00:00:00-04:00,__cash_interest__,-0.00047169174652495475,-3.707504461932945e-08,
2024-04-16 00:00:00-04:00,2024-04-01 00:00:00-04:00,CRM,40.21533464710422,0.0031609315562696077,0.016526178245727996
2024-04-16 00:00:00-04:00,2024-04-01 00:00:00-04:00,CAT,-29.502024551519455,-0.0023188637169640827,-0.011074263308128884
2024-04-16 00:00:00-04:00,2024-04-01 00:00:00-04:00,IBM,35.39623430391094,0.0027821495199817107,0.013792909381058482
2024-04-16 00:00:00-04:00,2024-04-01 00:00:00-04:00,JPM,-28.277695686860312,-0.0022226312778332678,-0.011427722218336989
2024-04-16 00:00:00-04:00,2024-04-01 00:00:00-04:00,TRV,24.114408783699407,0.0018953962799031217,0.009318773573723904
2024-04-17 00:00:00-04:00,2024-04-01 00:00:00-04:00,__cash_interest__,-0.0004717592352044983,-3.6958499090669096e-08,
2024-04-17 00:00:00-04:00,2024-04-01 00:00:00-04:00,CRM,-9.719304891509342,-0.0007614284876459766,-0.003929138921186182
2024-04-17 00:00:00-04:00,2024-04-01 00:00:00-04:00,CAT,-11.419602589015211,-0.0008946329831126045,-0.004334613069566173
2024-04-17 00:00:00-04:00,2024-04-01 00:00:00-04:00,IBM,-9.202756211775872,-0.0007209610998651306,-0.00353726412661004
2024-04-17 00:00:00-04:00,2024-04-01 00:00:00-04:00,JPM,-9.741575744026095,-0.0007631732278038074,-0.003982322640115221
2024-04-17 00:00:00-04:00,2024-04-01 00:00:00-04:00,TRV,-193.61678371491004,-0.0151683002490961,-0.07413047636344372
2024-04-18 00:00:00-04:00,2024-04-01 00:00:00-04:00,__cash_interest__,-0.00047182673354018254,-3.765316118053665e-08,
2024-04-18 00:00:00-04:00,2024-04-01 00:00:00-04:00,CRM,-39.234695351124024,-0.003131044095023309,-0.015923635489645593
2024-04-18 00:00:00-04:00,2024-04-01 00:00:00-04:00,CAT,-2.855131402236607,-0.0002278478840599037,-0.001088458904760281
2024-04-18 00:00:00-04:00,2024-04-01 00:00:00-04:00,IBM,-23.078988422704295,-0.0018417711612981698,-0.008902362597268954
2024-04-18 00:00:00-04:00,2024-04-01 00:00:00-04:00,JPM,15.830006505036854,0.0012632810819150722,0.00649712583418105
2024-04-18 00:00:00-04:00,2024-04-01 00:00:00-04:00,TRV,44.95100851125708,0.003587222699321453,0.01858846124971758
2024-04-19 00:00:00-04:00,2024-04-01 00:00:00-04:00,__cash_interest__,-0.0004718942415333891,-3.7671741048127805e-08,
2024-04-19 00:00:00-04:00,2024-04-01 00:00:00-04:00,CRM,-13.821014673060546,-0.0011033440121965804,-0.00570010780844421
2024-04-19 00:00:00-04:00,2024-04-01 00:00:00-04:00,CAT,-14.474106296394664,-0.0011554809029435372,-0.005523961752784579
2024-04-19 00:00:00-04:00,2024-04-01 00:00:00-04:00,IBM,1.5575931337166642,0.00012434405853533676,0.0006062141833875767
2024-04-19 00:00:00-04:00,2024-04-01 00:00:00-04:00,JPM,61.56094412756803,0.00491446544953848,0.025103421460114017
2024-04-19 00:00:00-04:00,2024-04-01 00:00:00-04:00,TRV,42.726674972649924,0.0034109088303068517,0.017346199836226317
2024-04-22 00:00:00-04:00,2024-04-01 00:00:00-04:00,__cash_interest__,-0.00047196175918549964,-3.7445312514577e-08,
2024-04-22 00:00:00-04:00,2024-04-01 00:00:00-04:00,CRM,30.67407647299303,0.002433672553491378,0.012723226111712727
2024-04-22 00:00:00-04:00,2024-04-01 00:00:00-04:00,CAT,21.67412326985192,0.001719618811320012,0.008317754940291522
2024-04-22 00:00:00-04:00,2024-04-01 00:00:00-04:00,IBM,4.530673408628437,0.0003594623470773519,0.0017622666839112178
2024-04-22 00:00:00-04:00,2024-04-01 00:00:00-04:00,JPM,48.843076234009246,0.0038751958567832556,0.019429560260936674
2024-04-22 00:00:00-04:00,2024-04-01 00:00:00-04:00,TRV,2.3409742885682965,0.0001857322380849423,0.0009341855062716675
2024-04-23 00:00:00-04:00,2024-04-01 00:00:00-04:00,__cash_interest__,-0.00047202928649789616,-3.713231088460429e-08,
2024-04-23 00:00:00-04:00,2024-04-01 00:00:00-04:00,CRM,25.59145092540356,0.0020131583758297472,0.010481655658842737
2024-04-23 00:00:00-04:00,2024-04-01 00:00:00-04:00,CAT,41.43851830201612,0.0032597721967717046,0.015771441358751526
2024-04-23 00:00:00-04:00,2024-04-01 00:00:00-04:00,IBM,4.1059808264030675,0.00032299808696912847,0.001594267237524205
2024-04-23 00:00:00-04:00,2024-04-01 00:00:00-04:00,JPM,36.936393423723054,0.0029056113313254152,0.014413094279946748
2024-04-23 00:00:00-04:00,2024-04-01 00:00:00-04:00,TRV,0.5859853257189336,4.6096693384952774e-05,0.00023362413130256776
2024-04-24 00:00:00-04:00,2024-04-01 00:00:00-04:00,__cash_interest__,-0.00047209682347196095,-3.6822876496207655e-08,
2024-04-24 00:00:00-04:00,2024-04-01 00:00:00-04:00,CRM,-4.369056327706503,-0.00034078013992328054,-0.001770900616649529
2024-04-24 00:00:00-04:00,2024-04-01 00:00:00-04:00,CAT,1.9835698321850703,0.0001547156077327266,0.0007432221828822527
2024-04-24 00:00:00-04:00,2024-04-01 00:00:00-04:00,IBM,27.043095455919993,0.0021093227374948433,0.010483559763761807
2024-04-24 00:00:00-04:00,2024-04-01 00:00:00-04:00,JPM,12.718516841625402,0.0009920261090295701,0.0048924270976689055
2024-04-24 00:00:00-04:00,2024-04-01 00:00:00-04:00,TRV,-10.419041617355697,-0.0008126703328846334,-0.004152955541955272
2024-04-25 00:00:00-04:00,2024-04-01 00:00:00-04:00,__cash_interest__,-0.0004721643701090763,-3.675087349006215e-08,
2024-04-25 00:00:00-04:00,2024-04-01 00:00:00-04:00,CRM,-27.19663608256764,-0.002116847850664388,-0.011043112830682378
2024-04-25 00:00:00-04:00,2024-04-01 00:00:00-04:00,CAT,-187.50088429749974,-0.014594115342714915,-0.07020237936123275
2024-04-25 00:00:00-04:00,2024-04-01 00:00:00-04:00,IBM,-215.07045370134963,-0.016739990426644504,-0.08250948443241812
2024-04-25 00:00:00-04:00,2024-04-01 00:00:00-04:00,JPM,3.923323694750662,0.0003053715652729917,0.001501835830141296
2024-04-25 00:00:00-04:00,2024-04-01 00:00:00-04:00,TRV,6.555618112283462,0.0005102559768286471,0.0026239195592598907
2024-04-26 00:00:00-04:00,2024-04-01 00:00:00-04:00,__cash_interest__,-0.0004722319264106248,-3.7996149866007686e-08,
2024-04-26 00:00:00-04:00,2024-04-01 00:00:00-04:00,CRM,10.254550923936083,0.0008250891816570676,0.004210324859408088
2024-04-26 00:00:00-04:00,2024-04-01 00:00:00-04:00,CAT,39.52786704439718,0.0031804430749067416,0.01591708227647959
2024-04-26 00:00:00-04:00,2024-04-01 00:00:00-04:00,IBM,-25.202683533165327,-0.002027827613923413,-0.010538245815440939
2024-04-26 00:00:00-04:00,2024-04-01 00:00:00-04:00,JPM,1.623668062678418,0.00013064160128075468,0.0006206029257467272
2024-04-26 00:00:00-04:00,2024-04-01 00:00:00-04:00,TRV,-6.321409420390103,-0.0005086255423837669,-0.0025235547320963114
2024-04-29 00:00:00-04:00,2024-04-01 00:00:00-04:00,__cash_interest__,-0.00047229949237798916,-3.7940892886369886e-08,
2024-04-29 00:00:00-04:00,2024-04-01 00:00:00-04:00,CRM,12.928845795663287,0.0010386036008801667,0.005286083675978048
2024-04-29 00:00:00-04:00,2024-04-01 00:00:00-04:00,CAT,47.16931829995891,0.0037892186674415144,0.018696547532537355
2024-04-29 00:00:00-04:00,2024-04-01 00:00:00-04:00,IBM,4.248086818924623,0.0003412584802014288,0.0017952126941898072
2024-04-29 00:00:00-04:00,2024-04-01 00:00:00-04:00,JPM,-2.8413109516761286,-0.00022824897382726388,-0.0010853402142884105
2024-04-29 00:00:00-04:00,2024-04-01 00:00:00-04:00,TRV,-6.438050170351246,-0.0005171832192334485,-0.0025766208505906274
2024-04-30 00:00:00-04:00,2024-04-01 00:00:00-04:00,__cash_interest__,-0.0004723670680125524,-3.777920091667006e-08,
2024-04-30 00:00:00-04:00,2024-04-01 00:00:00-04:00,CRM,-60.63486019616116,-0.004849484058114102,-0.024660790166718183
2024-04-30 00:00:00-04:00,2024-04-01 00:00:00-04:00,CAT,-111.8981677713877,-0.008949445566197206,-0.04353915131507591
2024-04-30 00:00:00-04:00,2024-04-01 00:00:00-04:00,IBM,-17.41518226325038,-0.00139283983638394,-0.007346349716062517
2024-04-30 00:00:00-04:00,2024-04-01 00:00:00-04:00,JPM,-20.835991890928668,-0.0016664309966768992,-0.007967699062813915
2024-04-30 00:00:00-04:00,2024-04-01 00:00:00-04:00,TRV,-8.6623837089584,-0.0006928042971643668,-0.003475794036974067
2024-05-01 00:00:00-04:00,2024-05-01 00:00:00-04:00,__cash_interest__,-0.00047243465331569775,-3.845961258287569e-08,
2024-05-01 00:00:00-04:00,2024-05-01 00:00:00-04:00,CRM,0.7135680974458913,5.808962654763155e-05,-0.0009294367085536104
2024-05-01 00:00:00-04:00,2024-05-01 00:00:00-04:00,CAT,-25.75494627098929,-0.0020966397124410822,-0.010461117505951134
2024-05-01 00:00:00-04:00,2024-05-01 00:00:00-04:00,IBM,-7.220717541932853,-0.0005878188597810984,-0.010649787202592575
2024-05-01 00:00:00-04:00,2024-05-01 00:00:00-04:00,JPM,1.9357009702163257,0.00015758012006174488,0.0006259620925628262
2024-05-01 00:00:00-04:00,2024-05-01 00:00:00-04:00,TRV,11.456391200754032,0.0009326334638802116,0.004666236485468378
2024-05-01 00:00:00-04:00,2024-05-01 00:00:00-04:00,__costs__,-2.455718389460245,-0.00019991331543618216,
2024-05-01 00:00:00-04:00,2024-05-01 00:00:00-04:00,AXP,-18.527917721256443,-0.0015083070907814008,-0.010981473081841608
2024-05-01 00:00:00-04:00,2024-05-01 00:00:00-04:00,DIS,-17.86934600953475,-0.0014546945695298483,-0.0055804884881202055
2024-05-02 00:00:00-04:00,2024-05-01 00:00:00-04:00,__cash_interest__,-0.0003513591082663039,-2.873822777238332e-08,
2024-05-02 00:00:00-04:00,2024-05-01 00:00:00-04:00,CAT,32.182619718894365,0.0026322683375340247,0.013199576862206186
2024-05-02 00:00:00-04:00,2024-05-01 00:00:00-04:00,JPM,-2.5542057312741115,-0.00020891260353281659,-0.0010425619608130932
2024-05-02 00:00:00-04:00,2024-05-01 00:00:00-04:00,TRV,14.118379101114645,0.0011547649821480384,0.0057237668428054
2024-05-02 00:00:00-04:00,2024-05-01 00:00:00-04:00,AXP,10.948181461665431,0.0008954694076131896,0.0044931480050234285
2024-05-02 00:00:00-04:00,2024-05-01 00:00:00-04:00,DIS,47.21033029869801,0.0038614090069500197,0.01936994607777076
2024-05-03 00:00:00-04:00,2024-05-01 00:00:00-04:00,__cash_interest__,-0.0003514093800008364,-2.8504753303745012e-08,
2024-05-03 00:00:00-04:00,2024-05-01 00:00:00-04:00,CAT,9.647153125308071,0.0007825338069225834,0.003905195570160558
2024-05-03 00:00:00-04:00,2024-05-01 00:00:00-04:00,JPM,-14.684794504421353,-0.001191164688500133,-0.00600021605415868
2024-05-03 00:00:00-04:00,2024-05-01 00:00:00-04:00,TRV,-6.017657759828466,-0.00048812541631606133,-0.002425749031115476
2024-05-03 00:00:00-04:00,2024-05-01 00:00:00-04:00,AXP,-18.212402655510527,-0.001477308445103436,-0.0074409605560831205
2024-05-03 00:00:00-04:00,2024-05-01 00:00:00-04:00,DIS,22.94383777892354,0.0018611012481448382,0.009234759954324545
2024-05-06 00:00:00-04:00,2024-05-01 00:00:00-04:00,__cash_interest__,-0.0003514596589281448,-2.852346401373449e-08,
2024-05-06 00:00:00-04:00,2024-05-01 00:00:00-04:00,CAT,39.400232542870924,0.003197610555068325,0.015887285471049672
2024-05-06 00:00:00-04:00,2024-05-01 00:00:00-04:00,JPM,19.02618886742543,0.001544111250587304,0.007821040389546452
2024-05-06 00:00:00-04:00,2024-05-01 00:00:00-04:00,TRV,23.839098054769195,0.0019347132400880074,0.009633031294740135
2024-05-06 00:00:00-04:00,2024-05-01 00:00:00-04:00,AXP,37.47727132918124,0.0030415485047443685,0.015426712039880552
2024-05-06 00:00:00-04:00,2024-05-01 00:00:00-04:00,DIS,61.99122196898953,0.005031030856834142,0.024722793696044798
2024-05-07 00:00:00-04:00,2024-05-01 00:00:00-04:00,__cash_interest__,-0.000351509945049258,-2.8112908205693582e-08,
2024-05-07 00:00:00-04:00,2024-05-01 00:00:00-04:00,CAT,21.35677872462348,0.001708063081317696,0.008476979586118594
2024-05-07 00:00:00-04:00,2024-05-01 00:00:00-04:00,JPM,-3.192195732891216,-0.0002553040301627931,-0.0013020234823881705
2024-05-07 00:00:00-04:00,2024-05-01 00:00:00-04:00,TRV,12.266298544618362,0.000981028644751901,0.004909340234035886
2024-05-07 00:00:00-04:00,2024-05-01 00:00:00-04:00,AXP,3.474092552281668,0.00027784945033828835,0.0014083098286961082
2024-05-07 00:00:00-04:00,2024-05-01 00:00:00-04:00,DIS,-244.4357321859535,-0.019549373774253382,-0.0951317844825984
2024-05-08 00:00:00-04:00,2024-05-01 00:00:00-04:00,__cash_interest__,-0.00035156023836520545,-2.8598464764106163e-08,
2024-05-08 00:00:00-04:00,2024-05-01 00:00:00-04:00,CAT,-3.682474403798456,-0.0002995592305076103,-0.0014493695638400084
2024-05-08 00:00:00-04:00,2024-05-01 00:00:00-04:00,JPM,49.80098913422991,0.004051174386488488,0.020339164224482786
2024-05-08 00:00:00-04:00,2024-05-01 00:00:00-04:00,TRV,4.282168634979381,0.00034834271756921994,0.0017054794230502157
2024-05-08 00:00:00-04:00,2024-05-01 00:00:00-04:00,AXP,16.63288061762107,0.0013530393894388112,0.006733069627158805
2024-05-08 00:00:00-04:00,2024-05-01 00:00:00-04:00,DIS,1.1030774428211192,8.97323358503056e-05,0.0004744403538796682
2024-05-09 00:00:00-04:00,2024-05-01 00:00:00-04:00,__cash_interest__,-0.00035161053887701655,-2.844489502518584e-08,
2024-05-09 00:00:00-04:00,2024-05-01 00:00:00-04:00,CAT,53.613875973699564,0.004337301944463712,0.021132287736504773
2024-05-09 00:00:00-04:00,2024-05-01 00:00:00-04:00,JPM,23.62318754467738,0.001911089161362305,0.009455599638449552
2024-05-09 00:00:00-04:00,2024-05-01 00:00:00-04:00,TRV,24.06989775986954,0.0019472275126711195,0.009570109653922909
2024-05-09 00:00:00-04:00,2024-05-01 00:00:00-04:00,AXP,30.529086224617906,0.002469768555992698,0.012275667198847096
2024-05-09 00:00:00-04:00,2024-05-01 00:00:00-04:00,DIS,7.941811524800585,0.0006424835724613436,0.003414201868758182
2024-05-10 00:00:00-04:00,2024-05-01 00:00:00-04:00,__cash_interest__,-0.00035166084658572086,-2.813086547136597e-08,
2024-05-10 00:00:00-04:00,2024-05-01 00:00:00-04:00,CAT,22.167010986196622,0.0017732346663249742,0.00855646617714756
2024-05-10 00:00:00-04:00,2024-05-01 00:00:00-04:00,JPM,16.21719544910551,0.0012972832998922764,0.006430416554345841
2024-05-10 00:00:00-04:00,2024-05-01 00:00:00-04:00,TRV,-10.64648425211107,-0.0008516581221564795,-0.0041928796851600225
2024-05-10 00:00:00-04:00,2024-05-01 00:00:00-04:00,AXP,33.26641964376147,0.00266112416209675,0.013214129681309306
2024-05-10 00:00:00-04:00,2024-05-01 00:00:00-04:00,DIS,-0.22061548856422383,-1.7647982964140018e-05,-9.452036179868895e-05
2024-05-13 00:00:00-04:00,2024-05-01 00:00:00-04:00,__cash_interest__,-0.0003517111614923481,-2.7998751825441394e-08,
2024-05-13 00:00:00-04:00,2024-05-01 00:00:00-04:00,CAT,13.918508870232767,0.001108013956635068,0.005326964393364664
2024-05-13 00:00:00-04:00,2024-05-01 00:00:00-04:00,JPM,-0.5110044716952362,-4.0679651234204544e-05,-0.00020132805735317838
2024-05-13 00:00:00-04:00,2024-05-01 00:00:00-04:00,TRV,-22.218917122539743,-0.001768786477245691,-0.008787267477583738
2024-05-13 00:00:00-04:00,2024-05-01 00:00:00-04:00,AXP,-38.42455658637735,-0.0030588725683305196,-0.01506399385460755
2024-05-13 00:00:00-04:00,2024-05-01 00:00:00-04:00,DIS,0.8824619542568953,7.025035301067743e-05,0.00037811718696834085
2024-05-14 00:00:00-04:00,2024-05-01 00:00:00-04:00,__cash_interest__,-0.00035176148359792806,-2.8106473594215485e-08,
2024-05-14 00:00:00-04:00,2024-05-01 00:00:00-04:00,CAT,11.04672932136262,0.0008826566308442566,0.004205459595272076
2024-05-14 00:00:00-04:00,2024-05-01 00:00:00-04:00,JPM,35.4987844739783,0.0028364266554693784,0.013988802200364248
2024-05-14 00:00:00-04:00,2024-05-01 00:00:00-04:00,TRV,11.687924382909387,0.0009338894488372148,0.004663387220810833
2024-05-14 00:00:00-04:00,2024-05-01 00:00:00-04:00,AXP,30.318395498430068,0.0024225028100848776,0.012067837821918781
2024-05-14 00:00:00-04:00,2024-05-01 00:00:00-04:00,DIS,-10.589024355815534,-0.0008460850528633231,-0.004535468883008931
2024-05-15 00:00:00-04:00,2024-05-01 00:00:00-04:00,__cash_interest__,-0.00035181181290349083,-2.7936468623489742e-08,
2024-05-15 00:00:00-04:00,2024-05-01 00:00:00-04:00,CAT,13.697620543141031,0.0010876927166311504,0.005192808476288002
2024-05-15 00:00:00-04:00,2024-05-01 00:00:00-04:00,JPM,7.661800566620264,0.0006084038206742634,0.002977588861537317
2024-05-15 00:00:00-04:00,2024-05-01 00:00:00-04:00,TRV,-37.493677907350175,-0.0029772762540104165,-0.014890235060349477
2024-05-15 00:00:00-04:00,2024-05-01 00:00:00-04:00,AXP,1.7893897534281253,0.00014209082489095368,0.0007037502684137387
2024-05-15 00:00:00-04:00,2024-05-01 00:00:00-04:00,DIS,-56.91758482727959,-0.004519678601833369,-0.024489894678927593
2024-05-16 00:00:00-04:00,2024-05-01 00:00:00-04:00,__cash_interest__,-0.00035186214941006655,-2.8099474895771254e-08,
2024-05-16 00:00:00-04:00,2024-05-01 00:00:00-04:00,CAT,-68.63636388603584,-0.005481253914881893,-0.02588582848023846
2024-05-16 00:00:00-04:00,2024-05-01 00:00:00-04:00,JPM,4.5969986772519515,0.0003671132264266197,0.0017812178460989703
2024-05-16 00:00:00-04:00,2024-05-01 00:00:00-04:00,TRV,56.3567416529503,0.004500611531929775,0.022719813454281867
2024-05-16 00:00:00-04:00,2024-05-01 00:00:00-04:00,AXP,-3.999996357102095,-0.00031943702216340506,-0.0015720548537880852
2024-05-16 00:00:00-04:00,2024-05-01 00:00:00-04:00,DIS,13.236756282097694,0.0010570784651712398,0.005838351710262479
2024-05-17 00:00:00-04:00,2024-05-01 00:00:00-04:00,__cash_interest__,-0.0003519124931186855,-2.8100008543809157e-08,
2024-05-17 00:00:00-04:00,2024-05-01 00:00:00-04:00,CAT,40.87289848904169,0.003263677247073365,0.015824623142983052
2024-05-17 00:00:00-04:00,2024-05-01 00:00:00-04:00,JPM,29.624580852689032,0.002365505605356772,0.011458347481196007
2024-05-17 00:00:00-04:00,2024-05-01 00:00:00-04:00,TRV,5.6704499429420006,0.0004527821403321811,0.002235217230567965
2024-05-17 00:00:00-04:00,2024-05-01 00:00:00-04:00,AXP,15.790940723518883,0.0012608974615061885,0.006215833535864856
2024-05-17 00:00:00-04:00,2024-05-01 00:00:00-04:00,DIS,-2.647558894526423,-0.00021140604272704686,-0.0011609836941012253
2024-05-20 00:00:00-04:00,2024-05-01 00:00:00-04:00,__cash_interest__,-0.0003519628440303782,-2.790502634003995e-08,
2024-05-20 00:00:00-04:00,2024-05-01 00:00:00-04:00,CAT,47.72159311227342,0.0037835593596684345,0.018188384952836367
2024-05-20 00:00:00-04:00,2024-05-01 00:00:00-04:00,JPM,-117.60574987889373,-0.0093242556814532,-0.04497284130853563
2024-05-20 00:00:00-04:00,2024-05-01 00:00:00-04:00,TRV,-47.562337957335515,-0.0037709329720576282,-0.018706638379951013
2024-05-20 00:00:00-04:00,2024-05-01 00:00:00-04:00,AXP,-5.4741730318976325,-0.00043401440020144635,-0.0021415032893328245
2024-05-20 00:00:00-04:00,2024-05-01 00:00:00-04:00,DIS,-7.7211960362363605,-0.0006121673989803059,-0.00338976484422715
2024-05-21 00:00:00-04:00,2024-05-01 00:00:00-04:00,__cash_interest__,-0.0003520132021461752,-2.820112161070383e-08,
2024-05-21 00:00:00-04:00,2024-05-01 00:00:00-04:00,CAT,-27.10126300907411,-0.002171185652307423,-0.01014473241624303
2024-05-21 00:00:00-04:00,2024-05-01 00:00:00-04:00,JPM,50.31138113552359,0.004030636831672558,0.020145232711832772
2024-05-21 00:00:00-04:00,2024-05-01 00:00:00-04:00,TRV,7.522347179577204,0.0006026439528853241,0.003014998282874881
2024-05-21 00:00:00-04:00,2024-05-01 00:00:00-04:00,AXP,8.211012644651698,0.0006578155726179073,0.003219051955513974
2024-05-21 00:00:00-04:00,2024-05-01 00:00:00-04:00,DIS,2.426770374206462,0.00019441784008950497,0.0010690261617569696
2024-05-22 00:00:00-04:00,2024-05-01 00:00:00-04:00,__cash_interest__,-0.00035206356746710733,-2.8111985007282993e-08,
2024-05-22 00:00:00-04:00,2024-05-01 00:00:00-04:00,CAT,-23.05102688791873,-0.0018406054535483594,-0.00871705214941898
2024-05-22 00:00:00-04:00,2024-05-01 00:00:00-04:00,JPM,-15.450790819962915,-0.0012337328824063682,-0.006064496607757097
2024-05-22 00:00:00-04:00,2024-05-01 00:00:00-04:00,TRV,3.355486737217457,0.00026793284385385064,0.001340854935670599
2024-05-22 00:00:00-04:00,2024-05-01 00:00:00-04:00,AXP,-31.476371481814013,-0.002513362258828718,-0.012300426105846474
2024-05-22 00:00:00-04:00,2024-05-01 00:00:00-04:00,DIS,0.22026942505275054,1.7588331616347367e-05,9.692813201600536e-05
2024-05-23 00:00:00-04:00,2024-05-01 00:00:00-04:00,__cash_interest__,-0.0003521139399942054,-2.826587876723524e-08,
2024-05-23 00:00:00-04:00,2024-05-01 00:00:00-04:00,CAT,-38.58953768794262,-0.0030977677111817606,-0.01472147436395188
2024-05-23 00:00:00-04:00,2024-05-01 00:00:00-04:00,JPM,-17.749596393789666,-0.0014248454345274458,-0.007009294746806005
2024-05-23 00:00:00-04:00,2024-05-01 00:00:00-04:00,TRV,-49.7603430916907,-0.003994501965099444,-0.01985764299785442
2024-05-23 00:00:00-04:00,2024-05-01 00:00:00-04:00,AXP,-48.741159675868765,-0.003912687212540447,-0.019284415744690087
2024-05-23 00:00:00-04:00,2024-05-01 00:00:00-04:00,DIS,-52.06369801535519,-0.004179403338306327,-0.022908072234532728
2024-05-24 00:00:00-04:00,2024-05-01 00:00:00-04:00,__cash_interest__,-0.00035216431972850043,-2.8747395202434498e-08,
2024-05-24 00:00:00-04:00,2024-05-01 00:00:00-04:00,CAT,-13.256306482312727,-0.0010821206465931401,-0.005132692546047646
2024-05-24 00:00:00-04:00,2024-05-01 00:00:00-04:00,JPM,48.395777876268134,0.0039505778263138535,0.019246339045129846
2024-05-24 00:00:00-04:00,2024-05-01 00:00:00-04:00,TRV,12.613689681365907,0.0010296634324302048,0.005135672453861373
2024-05-24 00:00:00-04:00,2024-05-01 00:00:00-04:00,AXP,28.63385730170636,0.0023373998043210924,0.011551740052314186
2024-05-24 00:00:00-04:00,2024-05-01 00:00:00-04:00,DIS,24.267011615041675,0.001980931440804376,0.010927841927706128
2024-05-28 00:00:00-04:00,2024-05-01 00:00:00-04:00,__cash_interest__,-0.0003522147066710236,-2.8517198947820964e-08,
2024-05-28 00:00:00-04:00,2024-05-01 00:00:00-04:00,CAT,-17.895192647916762,-0.0014488911430574542,-0.00696456398088352
2024-05-28 00:00:00-04:00,2024-05-01 00:00:00-04:00,JPM,-15.450994976763432,-0.0012509957402366313,-0.006028620533856555
2024-05-28 00:00:00-04:00,2024-05-01 00:00:00-04:00,TRV,-34.25368268261343,-0.002773362569064976,-0.013875152292739501
2024-05-28 00:00:00-04:00,2024-05-01 00:00:00-04:00,AXP,-9.790205478281486,-0.0007926677452028396,-0.003904552409547013
2024-05-28 00:00:00-04:00,2024-05-01 00:00:00-04:00,DIS,15.001507158855748,0.0012146027864924603,0.006682405752396869
2024-05-29 00:00:00-04:00,2024-05-01 00:00:00-04:00,__cash_interest__,-0.00035226510082280636,-2.8666081336909733e-08,
2024-05-29 00:00:00-04:00,2024-05-01 00:00:00-04:00,CAT,-61.56701223238996,-0.005010104538320319,-0.02412908683450843
2024-05-29 00:00:00-04:00,2024-05-01 00:00:00-04:00,JPM,-17.74939223698915,-0.0014443824277732822,-0.006967405780141878
2024-05-29 00:00:00-04:00,2024-05-01 00:00:00-04:00,TRV,-3.471894849003574,-0.00028253045760782584,-0.0014261498149333862
2024-05-29 00:00:00-04:00,2024-05-01 00:00:00-04:00,AXP,-13.790695641773084,-0.0011222377750059525,-0.005521596519196925
2024-05-29 00:00:00-04:00,2024-05-01 00:00:00-04:00,DIS,-34.41515105724024,-0.002800582621226305,-0.015228430671151982
2024-05-30 00:00:00-04:00,2024-05-01 00:00:00-04:00,__cash_interest__,-0.0003523155021848801,-2.8979096116022644e-08,
2024-05-30 00:00:00-04:00,2024-05-01 00:00:00-04:00,CAT,8.394912912873876,0.0006905088952349032,0.0033714492726697465
2024-05-30 00:00:00-04:00,2024-05-01 00:00:00-04:00,JPM,15.57879713388737,0.001281406741160182,0.006158260218048994
2024-05-30 00:00:00-04:00,2024-05-01 00:00:00-04:00,TRV,28.004858577962455,0.002303490716172136,0.011519981491413311
2024-05-30 00:00:00-04:00,2024-05-01 00:00:00-04:00,AXP,13.47482415462116,0.001108348119516917,0.005425081220814532
2024-05-30 00:00:00-04:00,2024-05-01 00:00:00-04:00,DIS,18.089777935243408,0.0014879430801425062,0.008128365130024129
2024-05-31 00:00:00-04:00,2024-05-01 00:00:00-04:00,__cash_interest__,-0.0003523659107582765,-2.8785438392793043e-08,
2024-05-31 00:00:00-04:00,2024-05-01 00:00:00-04:00,CAT,-5.375797380383375,-0.0004391590661314537,-0.0021516993397795448
2024-05-31 00:00:00-04:00,2024-05-01 00:00:00-04:00,JPM,42.13898441080912,0.0034424134192831287,0.01655548399153961
2024-05-31 00:00:00-04:00,2024-05-01 00:00:00-04:00,TRV,37.14683673018587,0.0030345954234983876,0.015106566548654943
2024-05-31 00:00:00-04:00,2024-05-01 00:00:00-04:00,AXP,29.265600276010208,0.002390762295820104,0.01171900824376304
2024-05-31 00:00:00-04:00,2024-05-01 00:00:00-04:00,DIS,48.755157813914785,0.00398290115114486,0.021730749253128456
2024-06-03 00:00:00-04:00,2024-06-03 00:00:00-04:00,__cash_interest__,-0.00035241632654402737,-2.8436616332696795e-08,
2024-06-03 00:00:00-04:00,2024-06-03 00:00:00-04:00,CAT,17.30631686830402,0.0013964537277320434,-0.021150994488726704
2024-06-03 00:00:00-04:00,2024-06-03 00:00:00-04:00,JPM,-10.093398711878265,-0.0008144404360527281,-0.003997435669832683
2024-06-03 00:00:00-04:00,2024-06-03 00:00:00-04:00,TRV,-61.96426638426553,-0.004999921787920477,-0.02484931447090033
2024-06-03 00:00:00-04:00,2024-06-03 00:00:00-04:00,AXP,-32.18224714695306,-0.002596798575753839,-0.01299980253283084
2024-06-03 00:00:00-04:00,2024-06-03 00:00:00-04:00,DIS,5.735771537746867,0.0004628217318715316,-0.010971084425199562
2024-06-03 00:00:00-04:00,2024-06-03 00:00:00-04:00,__costs__,-1.742427586149958,-0.0001405971886738432,
2024-06-03 00:00:00-04:00,2024-06-03 00:00:00-04:00,GS,-21.02571499491354,-0.0016965734711961212,-0.003373372007369091
2024-06-03 00:00:00-04:00,2024-06-03 00:00:00-04:00,MSFT,-11.997434539854689,-0.000968077859309593,-0.0038783327306206594
2024-06-04 00:00:00-04:00,2024-06-03 00:00:00-04:00,__cash_interest__,-0.0002493029353511698,-2.0306364925692503e-08,
2024-06-04 00:00:00-04:00,2024-06-03 00:00:00-04:00,JPM,-32.61071191320019,-0.0026562263122304783,-0.013180163654068378
2024-06-04 00:00:00-04:00,2024-06-03 00:00:00-04:00,TRV,-8.090015177407444,-0.0006589525318481402,-0.0033278565702630214
2024-06-04 00:00:00-04:00,2024-06-03 00:00:00-04:00,AXP,3.820562906714367,0.00031119466963364973,0.0015618638550036756
2024-06-04 00:00:00-04:00,2024-06-03 00:00:00-04:00,GS,1.7295150050974655,0.00014087344294001018,0.000703281306444703
2024-06-04 00:00:00-04:00,2024-06-03 00:00:00-04:00,MSFT,15.220745110462348,0.0012397688146697067,0.0061666483546729545
2024-06-05 00:00:00-04:00,2024-06-03 00:00:00-04:00,__cash_interest__,-0.00024933860509955346,-2.0342293228749425e-08,
2024-06-05 00:00:00-04:00,2024-06-03 00:00:00-04:00,JPM,-23.292777633967464,-0.0019003415558254079,-0.009539902427871727
2024-06-05 00:00:00-04:00,2024-06-03 00:00:00-04:00,TRV,-14.215885180369305,-0.0011598031709924878,-0.005867280492142468
2024-06-05 00:00:00-04:00,2024-06-03 00:00:00-04:00,AXP,-26.43602835887174,-0.0021567837056960717,-0.010790318126788101
2024-06-05 00:00:00-04:00,2024-06-03 00:00:00-04:00,GS,34.48447103240128,0.002813416002304725,0.014012737430604494
2024-06-05 00:00:00-04:00,2024-06-03 00:00:00-04:00,MSFT,47.392809137301846,0.0038665429287222546,0.019083402257312976
2024-06-06 00:00:00-04:00,2024-06-03 00:00:00-04:00,__cash_interest__,-0.0002493742799514909,-2.0315482005490287e-08,
2024-06-06 00:00:00-04:00,2024-06-03 00:00:00-04:00,JPM,-4.291161681466628,-0.0003495830361472831,-0.0017744368434460256
2024-06-06 00:00:00-04:00,2024-06-03 00:00:00-04:00,TRV,15.025124709736334,0.001224034213673811,0.006237874905471452
2024-06-06 00:00:00-04:00,2024-06-03 00:00:00-04:00,AXP,-13.837632561420335,-0.0011272941834851828,-0.00570967614921547
2024-06-06 00:00:00-04:00,2024-06-03 00:00:00-04:00,GS,-19.349883284407227,-0.0015763542485182508,-0.007754152805622305
2024-06-06 00:00:00-04:00,2024-06-03 00:00:00-04:00,MSFT,3.0438895101678463,0.0002479729769346882,0.001202714394772375
2024-06-07 00:00:00-04:00,2024-06-03 00:00:00-04:00,__cash_interest__,-0.00024940995990771237,-2.035056792814065e-08,
2024-06-07 00:00:00-04:00,2024-06-03 00:00:00-04:00,JPM,37.26918903755123,0.0030409738384788057,0.015438564754151951
2024-06-07 00:00:00-04:00,2024-06-03 00:00:00-04:00,TRV,37.445819905728726,0.0030553860074330154,0.015449743011655137
2024-06-07 00:00:00-04:00,2024-06-03 00:00:00-04:00,AXP,-7.021911091627973,-0.0005729517726894936,-0.002914015079788501
2024-06-07 00:00:00-04:00,2024-06-03 00:00:00-04:00,GS,-17.242579117075795,-0.0014069056332322509,-0.0069636821950960215
2024-06-07 00:00:00-04:00,2024-06-03 00:00:00-04:00,MSFT,-3.9990787584410885,-0.00032630422599704353,-0.0015782346128343505
2024-06-10 00:00:00-04:00,2024-06-03 00:00:00-04:00,__cash_interest__,-0.0002494456449689482,-2.0276627620160073e-08,
2024-06-10 00:00:00-04:00,2024-06-03 00:00:00-04:00,JPM,-4.168265852924191,-0.0003388248150497631,-0.0017004299210738871
2024-06-10 00:00:00-04:00,2024-06-03 00:00:00-04:00,TRV,12.776281013081308,0.0010385424548302689,0.005191154290347777
2024-06-10 00:00:00-04:00,2024-06-03 00:00:00-04:00,AXP,-2.3749750568363464,-0.00019305402121024714,-0.0009884686719138225
2024-06-10 00:00:00-04:00,2024-06-03 00:00:00-04:00,GS,-7.350653522211201,-0.0005975107893875973,-0.002989492965615348
2024-06-10 00:00:00-04:00,2024-06-03 00:00:00-04:00,MSFT,23.994657916306977,0.0019504479362734417,0.009484449517992655
2024-06-11 00:00:00-04:00,2024-06-03 00:00:00-04:00,__cash_interest__,-0.0002494813351359288,-2.024188733935068e-08,
2024-06-11 00:00:00-04:00,2024-06-03 00:00:00-04:00,JPM,-64.36272107545234,-0.0052221259283926815,-0.026301277302500092
2024-06-11 00:00:00-04:00,2024-06-03 00:00:00-04:00,TRV,-41.69689063703484,-0.0033831138598654,-0.016854446467104656
2024-06-11 00:00:00-04:00,2024-06-03 00:00:00-04:00,AXP,-81.68322159752505,-0.006627439957347744,-0.034030334153017705
2024-06-11 00:00:00-04:00,2024-06-03 00:00:00-04:00,GS,-50.15937115657806,-0.004069724652591491,-0.02046086224029986
2024-06-11 00:00:00-04:00,2024-06-03 00:00:00-04:00,MSFT,28.709989586707664,0.002329410231877402,0.011241673516565909
2024-06-12 00:00:00-04:00,2024-06-03 00:00:00-04:00,__cash_interest__,-0.00024951703040938464,-2.0594331390139308e-08,
2024-06-12 00:00:00-04:00,2024-06-03 00:00:00-04:00,JPM,-34.69464883355616,-0.0028635844790652495,-0.014560635808727018
2024-06-12 00:00:00-04:00,2024-06-03 00:00:00-04:00,TRV,-24.97181365802863,-0.0020610930045234536,-0.010266988831448609
2024-06-12 00:00:00-04:00,2024-06-03 00:00:00-04:00,AXP,-5.0602840629037384,-0.00041765953509745096,-0.002182452317351369
2024-06-12 00:00:00-04:00,2024-06-03 00:00:00-04:00,GS,23.944514186992567,0.0019763030176086533,0.009971398782475438
2024-06-12 00:00:00-04:00,2024-06-03 00:00:00-04:00,MSFT,50.01906981448704,0.0041284127896839395,0.019367723914904378
2024-06-13 00:00:00-04:00,2024-06-03 00:00:00-04:00,__cash_interest__,-0.0002495527307900464,-2.0581587442643486e-08,
2024-06-13 00:00:00-04:00,2024-06-03 00:00:00-04:00,JPM,26.11310949504741,0.0021536500312785943,0.011121068776563936
2024-06-13 00:00:00-04:00,2024-06-03 00:00:00-04:00,TRV,-2.206733947389321,-0.00018199795913695797,-0.0009166951303812843
2024-06-13 00:00:00-04:00,2024-06-03 00:00:00-04:00,AXP,-19.103783318012724,-0.0015755635516398656,-0.008257300947967727
2024-06-13 00:00:00-04:00,2024-06-03 00:00:00-04:00,GS,-12.70172175145236,-0.0010475605539239023,-0.0052372532461612
2024-06-13 00:00:00-04:00,2024-06-03 00:00:00-04:00,MSFT,3.103947984152036,0.0002559947016047246,0.0011790345477893371
2024-06-14 00:00:00-04:00,2024-06-03 00:00:00-04:00,__cash_interest__,-0.0002495884362786448,-2.059267657422462e-08,
2024-06-14 00:00:00-04:00,2024-06-03 00:00:00-04:00,JPM,1.4706338142805513,0.0001213368974465941,0.0006194258484597537
2024-06-14 00:00:00-04:00,2024-06-03 00:00:00-04:00,TRV,-14.169747542043403,-0.0011690967443137123,-0.005891628564768658
2024-06-14 00:00:00-04:00,2024-06-03 00:00:00-04:00,AXP,27.15874155177401,0.0022407736082542605,0.011836665098090116
2024-06-14 00:00:00-04:00,2024-06-03 00:00:00-04:00,GS,0.5944295140197905,4.904431836223823e-05,0.0002463892930892886
2024-06-14 00:00:00-04:00,2024-06-03 00:00:00-04:00,MSFT,5.909086523666684,0.0004875382427378459,0.0022419230323729167
2024-06-17 00:00:00-04:00,2024-06-03 00:00:00-04:00,__cash_interest__,-0.0002496241468759106,-2.0560062746269905e-08,
2024-06-17 00:00:00-04:00,2024-06-03 00:00:00-04:00,JPM,14.711826313777106,0.001211726012523317,0.006192734143525502
2024-06-17 00:00:00-04:00,2024-06-03 00:00:00-04:00,TRV,26.481356626270973,0.0021811125271992793,0.011075918348843583
2024-06-17 00:00:00-04:00,2024-06-03 00:00:00-04:00,AXP,35.626563421426965,0.0029343490545512977,0.015345577506478358
2024-06-17 00:00:00-04:00,2024-06-03 00:00:00-04:00,GS,20.10683601237578,0.001656081013063642,0.008332171697014612
2024-06-17 00:00:00-04:00,2024-06-03 00:00:00-04:00,MSFT,34.619076110374344,0.0028513682909090303,0.013105188078721408
2024-06-18 00:00:00-04:00,2024-06-03 00:00:00-04:00,__cash_interest__,-0.0002496598625825749,-2.034260016936929e-08,
2024-06-18 00:00:00-04:00,2024-06-03 00:00:00-04:00,JPM,24.764587484884785,0.0020178497911243305,0.010360143434515523
2024-06-18 00:00:00-04:00,2024-06-03 00:00:00-04:00,TRV,4.4136509806450155,0.0003596298430097462,0.0018258022430548415
2024-06-18 00:00:00-04:00,2024-06-03 00:00:00-04:00,AXP,10.739782847608238,0.0008750910383221259,0.004556075622567102
2024-06-18 00:00:00-04:00,2024-06-03 00:00:00-04:00,GS,39.18716441022316,0.0031930195311424743,0.016104776043234015
2024-06-18 00:00:00-04:00,2024-06-03 00:00:00-04:00,MSFT,-7.101173085988675,-0.0005786125303741005,-0.0026534037804684107
2024-06-20 00:00:00-04:00,2024-06-03 00:00:00-04:00,__cash_interest__,-0.0002496955833993686,-2.0226840735003514e-08,
2024-06-20 00:00:00-04:00,2024-06-03 00:00:00-04:00,JPM,20.47322979731203,0.0016584544780634909,0.00847705157154377
2024-06-20 00:00:00-04:00,2024-06-03 00:00:00-04:00,TRV,40.18679841119339,0.0032553718413705682,0.016593841763498096
2024-06-20 00:00:00-04:00,2024-06-03 00:00:00-04:00,AXP,9.293872069583253,0.0007528594122639708,0.0039248035995822494
2024-06-20 00:00:00-04:00,2024-06-03 00:00:00-04:00,GS,3.3509675349583854,0.0002714484802454939,0.001355322282158511
2024-06-20 00:00:00-04:00,2024-06-03 00:00:00-04:00,MSFT,-8.835268839451935,-0.0007157097984416553,-0.003310144129192283
2024-06-21 00:00:00-04:00,2024-06-03 00:00:00-04:00,__cash_interest__,-0.00024973130932702287,-2.012463576745589e-08,
2024-06-21 00:00:00-04:00,2024-06-03 00:00:00-04:00,JPM,-29.05516114803303,-0.0023414146061405705,-0.011929321210227828
2024-06-21 00:00:00-04:00,2024-06-03 00:00:00-04:00,TRV,-25.203783450722753,-0.002031050745196822,-0.010237214450832033
2024-06-21 00:00:00-04:00,2024-06-03 00:00:00-04:00,AXP,1.755437406888623,0.0001414621919910708,0.0007384233195062428
2024-06-21 00:00:00-04:00,2024-06-03 00:00:00-04:00,GS,-42.53813194518155,-0.003427941870531512,-0.017181558757264237
2024-06-21 00:00:00-04:00,2024-06-03 00:00:00-04:00,MSFT,29.40659373866009,0.002369734855220439,0.011053805508459025
2024-06-24 00:00:00-04:00,2024-06-03 00:00:00-04:00,__cash_interest__,-0.000249767040366269,-2.0234540302379494e-08,
2024-06-24 00:00:00-04:00,2024-06-03 00:00:00-04:00,JPM,31.629505345921974,0.0025624217660098394,0.013143070347312769
2024-06-24 00:00:00-04:00,2024-06-03 00:00:00-04:00,TRV,14.982648788737883,0.0012137991077907518,0.006148561766696092
2024-06-24 00:00:00-04:00,2024-06-03 00:00:00-04:00,AXP,11.255822026454451,0.0009118752582274738,0.00473125872209379
2024-06-24 00:00:00-04:00,2024-06-03 00:00:00-04:00,GS,64.37482656352995,0.0052152398516964295,0.026456166967702588
2024-06-24 00:00:00-04:00,2024-06-03 00:00:00-04:00,MSFT,-12.617655140832783,-0.001022202333399578,-0.004691065343013778
2024-06-25 00:00:00-04:00,2024-06-03 00:00:00-04:00,__cash_interest__,-0.00024980277651783834,-2.0059286619053493e-08,
2024-06-25 00:00:00-04:00,2024-06-03 00:00:00-04:00,JPM,-9.930257354777499,-0.000797404581554847,-0.004072810071737876
2024-06-25 00:00:00-04:00,2024-06-03 00:00:00-04:00,TRV,-27.526593837392323,-0.002210399112161567,-0.01122729942033951
2024-06-25 00:00:00-04:00,2024-06-03 00:00:00-04:00,AXP,-9.087198055527198,-0.0007297065024691945,-0.0038017150274134437
2024-06-25 00:00:00-04:00,2024-06-03 00:00:00-04:00,GS,-25.45807604205452,-0.0020442961091778084,-0.010192859124360854
2024-06-25 00:00:00-04:00,2024-06-03 00:00:00-04:00,MSFT,19.614467359990904,0.0015750514391341473,0.007326751224408401
2024-06-26 00:00:00-04:00,2024-06-03 00:00:00-04:00,__cash_interest__,-0.00024983851778246236,-2.0146910176855102e-08,
2024-06-26 00:00:00-04:00,2024-06-03 00:00:00-04:00,JPM,-7.846124428315403,-0.0006327093416049526,-0.00323118077338469
2024-06-26 00:00:00-04:00,2024-06-03 00:00:00-04:00,TRV,-34.61183378014677,-0.002791088869779571,-0.014277460663668862
2024-06-26 00:00:00-04:00,2024-06-03 00:00:00-04:00,AXP,0.9293872069583254,7.494553179510575e-05,0.00039030172099607796
2024-06-26 00:00:00-04:00,2024-06-03 00:00:00-04:00,GS,-8.21584052585388,-0.0006625231472349184,-0.0033233176998460623
2024-06-26 00:00:00-04:00,2024-06-03 00:00:00-04:00,MSFT,7.235748555471766,0.0005834887970970493,0.0026831689865121078
2024-06-27 00:00:00-04:00,2024-06-03 00:00:00-04:00,__cash_interest__,-0.00024987426416087257,-2.0219101959808713e-08,
2024-06-27 00:00:00-04:00,2024-06-03 00:00:00-04:00,JPM,21.331736542153934,0.001726102356215065,0.00881328536040038
2024-06-27 00:00:00-04:00,2024-06-03 00:00:00-04:00,TRV,14.053671102763154,0.0011371823740657185,0.00588113923397926
2024-06-27 00:00:00-04:00,2024-06-03 00:00:00-04:00,AXP,-23.544529730968737,-0.001905155174042723,-0.009883808533685423
2024-06-27 00:00:00-04:00,2024-06-03 00:00:00-04:00,GS,-53.510510491974024,-0.004329915572505986,-0.021717241266307474
2024-06-27 00:00:00-04:00,2024-06-03 00:00:00-04:00,MSFT,-0.9620477777097085,-7.784612062007586e-05,-0.00035579306170618885
2024-06-28 00:00:00-04:00,2024-06-03 00:00:00-04:00,__cash_interest__,-0.00024991001565380063,-2.0291995196136222e-08,
2024-06-28 00:00:00-04:00,2024-06-03 00:00:00-04:00,JPM,37.88210013141439,0.003075920714402635,0.015514396110539952
2024-06-28 00:00:00-04:00,2024-06-03 00:00:00-04:00,TRV,-41.929226601461714,-0.0034045360789109647,-0.01744383068087796
2024-06-28 00:00:00-04:00,2024-06-03 00:00:00-04:00,AXP,32.528390779467905,0.002641214469568884,0.01379147509272971
2024-06-28 00:00:00-04:00,2024-06-03 00:00:00-04:00,GS,34.376580357602315,0.0027912823007557935,0.014261454971175036
2024-06-28 00:00:00-04:00,2024-06-03 00:00:00-04:00,MSFT,-35.21650963398868,-0.0028594822118195302,-0.013028718193277555
2024-07-01 00:00:00-04:00,2024-07-01 00:00:00-04:00,__cash_interest__,-0.00024994577226197844,-2.024945109203306e-08,
2024-07-01 00:00:00-04:00,2024-07-01 00:00:00-04:00,JPM,39.03392481188776,0.0031623481535824898,0.015771893673820703
2024-07-01 00:00:00-04:00,2024-07-01 00:00:00-04:00,TRV,19.16425202875139,0.0015525991124380738,-0.0018196633254620176
2024-07-01 00:00:00-04:00,2024-07-01 00:00:00-04:00,AXP,23.85913722901032,0.001932957009213009,0.009760374141035255
2024-07-01 00:00:00-04:00,2024-07-01 00:00:00-04:00,GS,61.78277080745277,0.005005354499393204,0.025070829552173324
2024-07-01 00:00:00-04:00,2024-07-01 00:00:00-04:00,MSFT,59.87309240438177,0.004850641182682384,0.023805518596254904
2024-07-01 00:00:00-04:00,2024-07-01 00:00:00-04:00,__costs__,-1.9854920556189224,-0.0001608553883909463,
2024-07-01 00:00:00-04:00,2024-07-01 00:00:00-04:00,MMM,-54.26927898452049,-0.004396646123084326,-0.01546150580332406
2024-07-02 00:00:00-04:00,2024-07-01 00:00:00-04:00,__cash_interest__,-0.0002840800969385466,-2.274315792514483e-08,
2024-07-02 00:00:00-04:00,2024-07-01 00:00:00-04:00,JPM,41.34053217303249,0.0033096801291369595,0.016451498483532445
2024-07-02 00:00:00-04:00,2024-07-01 00:00:00-04:00,AXP,23.0656103642191,0.0018466088430924917,0.009238237303877073
2024-07-02 00:00:00-04:00,2024-07-01 00:00:00-04:00,GS,10.643789545019223,0.0008521307516898798,0.004205542640314031
2024-07-02 00:00:00-04:00,2024-07-01 00:00:00-04:00,MSFT,9.328533787344812,0.0007468327398576181,0.00369362787432137
2024-07-02 00:00:00-04:00,2024-07-01 00:00:00-04:00,MMM,24.361525407899826,0.0019503584574217824,0.010039030951234373
2024-07-03 00:00:00-04:00,2024-07-01 00:00:00-04:00,__cash_interest__,-0.00028412074253128425,-2.2550100084434844e-08,
2024-07-03 00:00:00-04:00,2024-07-01 00:00:00-04:00,JPM,-1.7122394809374972,-0.00013589705320233666,-0.0006703586924300398
2024-07-03 00:00:00-04:00,2024-07-01 00:00:00-04:00,AXP,-2.7763418544144893,-0.00022035274907378013,-0.0011018016192534397
2024-07-03 00:00:00-04:00,2024-07-01 00:00:00-04:00,GS,12.60918121167466,0.0010007657159164674,0.0049612376853092055
2024-07-03 00:00:00-04:00,2024-07-01 00:00:00-04:00,MSFT,8.223487165872447,0.0006526818738447808,0.0032441027578018478
2024-07-03 00:00:00-04:00,2024-07-01 00:00:00-04:00,MMM,0.0,0.0,0.0
2024-07-05 00:00:00-04:00,2024-07-01 00:00:00-04:00,__cash_interest__,-0.0002841613939395093,-2.2524108789950485e-08,
2024-07-05 00:00:00-04:00,2024-07-01 00:00:00-04:00,JPM,-33.82200960986611,-0.0026809082450853445,-0.013250533904015871
2024-07-05 00:00:00-04:00,2024-07-01 00:00:00-04:00,AXP,6.640312457906196,0.0005263456732373072,0.002638139470214851
2024-07-05 00:00:00-04:00,2024-07-01 00:00:00-04:00,GS,-17.30353169937736,-0.0013715678440474556,-0.006774676933778201
2024-07-05 00:00:00-04:00,2024-07-01 00:00:00-04:00,MSFT,42.33406696310054,0.0033556181456546107,0.016646462625849567
2024-07-05 00:00:00-04:00,2024-07-01 00:00:00-04:00,MMM,-7.236322097088937,-0.000573588494532268,-0.002952344603776247
2024-07-08 00:00:00-04:00,2024-07-01 00:00:00-04:00,__cash_interest__,-0.00028420205116405373,-2.2544107087963168e-08,
2024-07-08 00:00:00-04:00,2024-07-01 00:00:00-04:00,JPM,4.673850597748643,0.0003707495704454407,0.0018556749055702593
2024-07-08 00:00:00-04:00,2024-07-01 00:00:00-04:00,AXP,-11.995473168553051,-0.0009515315972387072,-0.0047531596208957305
2024-07-08 00:00:00-04:00,2024-07-01 00:00:00-04:00,GS,0.38221732359127186,3.031909248586789e-05,0.00015066640304040035
2024-07-08 00:00:00-04:00,2024-07-01 00:00:00-04:00,MSFT,-7.29910118330684,-0.000578995535212945,-0.002823133385030707
2024-07-08 00:00:00-04:00,2024-07-01 00:00:00-04:00,MMM,-5.3060749378453504,-0.00042090027543992926,-0.0021712339492639954
2024-07-09 00:00:00-04:00,2024-07-01 00:00:00-04:00,__cash_interest__,-0.0002842427142057498,-2.2582343895618817e-08,
2024-07-09 00:00:00-04:00,2024-07-01 00:00:00-04:00,JPM,30.255365492367364,0.002403710048102466,0.011990141547666644
2024-07-09 00:00:00-04:00,2024-07-01 00:00:00-04:00,AXP,34.70143472627655,0.002756938677741821,0.013815978187781797
2024-07-09 00:00:00-04:00,2024-07-01 00:00:00-04:00,GS,43.722504145083285,0.0034736391655308687,0.01723239544007038
2024-07-09 00:00:00-04:00,2024-07-01 00:00:00-04:00,MSFT,-37.048629144002994,-0.0029434171656041604,-0.014370171856078251
2024-07-09 00:00:00-04:00,2024-07-01 00:00:00-04:00,MMM,-34.008743044884596,-0.0027019061264008403,-0.013946582577627598
2024-07-10 00:00:00-04:00,2024-07-01 00:00:00-04:00,__cash_interest__,-0.0002842833830654298,-2.251826912992563e-08,
2024-07-10 00:00:00-04:00,2024-07-01 00:00:00-04:00,JPM,2.0908250948131246,0.0001656155969473883,0.000818772652748434
2024-07-10 00:00:00-04:00,2024-07-01 00:00:00-04:00,AXP,12.638299493997831,0.0010010878099229075,0.0049632222041393614
2024-07-10 00:00:00-04:00,2024-07-01 00:00:00-04:00,GS,33.0788880986222,0.002620199945179453,0.012816556158058212
2024-07-10 00:00:00-04:00,2024-07-01 00:00:00-04:00,MSFT,37.104164292964846,0.0029390446545996605,0.01460153908023476
2024-07-10 00:00:00-04:00,2024-07-01 00:00:00-04:00,MMM,47.75639650885094,0.0037828148014343753,0.019861330056905047
2024-07-11 00:00:00-04:00,2024-07-01 00:00:00-04:00,__cash_interest__,-0.00028432405774392604,-2.228727976250997e-08,
2024-07-11 00:00:00-04:00,2024-07-01 00:00:00-04:00,JPM,-4.304846954472141,-0.00033744358170183453,-0.001684410336253106
2024-07-11 00:00:00-04:00,2024-07-01 00:00:00-04:00,AXP,-1.927811104827381,-0.00015111512463450392,-0.0007533371511289078
2024-07-11 00:00:00-04:00,2024-07-01 00:00:00-04:00,GS,1.8559140764665616,0.00014547933989688641,0.0007099822899341302
2024-07-11 00:00:00-04:00,2024-07-01 00:00:00-04:00,MSFT,-63.86799237783858,-0.005006413545478994,-0.024772151584838698
2024-07-11 00:00:00-04:00,2024-07-01 00:00:00-04:00,MMM,37.62738244571873,0.002949493637481702,0.015344037874807315
2024-07-12 00:00:00-04:00,2024-07-01 00:00:00-04:00,__cash_interest__,-0.0002843647382420712,-2.2344094889916847e-08,
2024-07-12 00:00:00-04:00,2024-07-01 00:00:00-04:00,JPM,-30.869980463654088,-0.002425623433460279,-0.012099256486885257
2024-07-12 00:00:00-04:00,2024-07-01 00:00:00-04:00,AXP,-1.285151747259341,-0.00010098141128968127,-0.0005025816319701448
2024-07-12 00:00:00-04:00,2024-07-01 00:00:00-04:00,GS,3.54804551404517,0.00027878936794224535,0.0013563463412142873
2024-07-12 00:00:00-04:00,2024-07-01 00:00:00-04:00,MSFT,-11.071891812316958,-0.0008699791781311036,-0.004403481773968876
2024-07-12 00:00:00-04:00,2024-07-01 00:00:00-04:00,MMM,19.536672873454318,0.0015351033859413448,0.007846446824653519
2024-07-15 00:00:00-04:00,2024-07-01 00:00:00-04:00,__cash_interest__,-0.0002844054245606979,-2.238271726812006e-08,
2024-07-15 00:00:00-04:00,2024-07-01 00:00:00-04:00,JPM,62.84716740755807,0.004946074363238335,0.02493415900493634
2024-07-15 00:00:00-04:00,2024-07-01 00:00:00-04:00,AXP,57.51458966086643,0.004526400300414704,0.022503421259551404
2024-07-15 00:00:00-04:00,2024-07-01 00:00:00-04:00,GS,67.41251776974194,0.005305367602966478,0.025735541525475414
2024-07-15 00:00:00-04:00,2024-07-01 00:00:00-04:00,MSFT,6.97994548155695,0.0005493219635381414,0.002788322678268784
2024-07-15 00:00:00-04:00,2024-07-01 00:00:00-04:00,MMM,-31.837980354399022,-0.0025056502131111306,-0.012687427472610646
2024-07-16 00:00:00-04:00,2024-07-01 00:00:00-04:00,__cash_interest__,-0.00028444611670063895,-2.2102532307931392e-08,
2024-07-16 00:00:00-04:00,2024-07-01 00:00:00-04:00,JPM,43.90674033981445,0.003411718740101624,0.016995903040337046
2024-07-16 00:00:00-04:00,2024-07-01 00:00:00-04:00,AXP,60.299279909117864,0.004685480673089752,0.023073733940475405
2024-07-16 00:00:00-04:00,2024-07-01 00:00:00-04:00,GS,58.89755553314983,0.004576561420944521,0.021920710657984177
2024-07-16 00:00:00-04:00,2024-07-01 00:00:00-04:00,MSFT,-24.5518493893408,-0.0019077709713241856,-0.00978061004420494
2024-07-16 00:00:00-04:00,2024-07-01 00:00:00-04:00,MMM,14.230406594693102,0.00110575607486751,0.00574368618893395
2024-07-17 00:00:00-04:00,2024-07-01 00:00:00-04:00,__cash_interest__,-0.0002844868146627272,-2.1846340965787438e-08,
2024-07-17 00:00:00-04:00,2024-07-01 00:00:00-04:00,JPM,39.9710925790392,0.003069464285337769,0.015213875744205518
2024-07-17 00:00:00-04:00,2024-07-01 00:00:00-04:00,AXP,3.5347099505625894,0.00027143781298511344,0.001322064373856069
2024-07-17 00:00:00-04:00,2024-07-01 00:00:00-04:00,GS,-4.585219894630111,-0.00035210868152170085,-0.0016699379201147169
2024-07-17 00:00:00-04:00,2024-07-01 00:00:00-04:00,MSFT,-37.78635532033572,-0.002901693715264494,-0.015201460326540683
2024-07-17 00:00:00-04:00,2024-07-01 00:00:00-04:00,MMM,32.07926124930447,0.002463433955678146,0.012873909100242331
2024-07-18 00:00:00-04:00,2024-07-01 00:00:00-04:00,__cash_interest__,-0.0002845275184477957,-2.179388114380832e-08,
2024-07-18 00:00:00-04:00,2024-07-01 00:00:00-04:00,JPM,-84.73903697025254,-0.0064907342180658256,-0.031770190907368656
2024-07-18 00:00:00-04:00,2024-07-01 00:00:00-04:00,AXP,-8.140017926775029,-0.0006234988593454918,-0.0030405377171494052
2024-07-18 00:00:00-04:00,2024-07-01 00:00:00-04:00,GS,-87.17261555388046,-0.006677138410866022,-0.03180138879482708
2024-07-18 00:00:00-04:00,2024-07-01 00:00:00-04:00,MSFT,-12.810450503428203,-0.0009812387820813846,-0.005233199764366647
2024-07-18 00:00:00-04:00,2024-07-01 00:00:00-04:00,MMM,-14.954440620325313,-0.0011454614415839256,-0.005925170725065487
2024-07-19 00:00:00-04:00,2024-07-01 00:00:00-04:00,__cash_interest__,-0.00028456822805667756,-2.2149578427776362e-08,
2024-07-19 00:00:00-04:00,2024-07-01 00:00:00-04:00,JPM,-2.459633187669237,-0.00019144736770469883,-0.0009524193177109508
2024-07-19 00:00:00-04:00,2024-07-01 00:00:00-04:00,AXP,-73.04477277998207,-0.00568549389535882,-0.02736759766219543
2024-07-19 00:00:00-04:00,2024-07-01 00:00:00-04:00,GS,-6.986786936459609,-0.0005438217269162352,-0.0026325647011447018
2024-07-19 00:00:00-04:00,2024-07-01 00:00:00-04:00,MSFT,-18.026812195884926,-0.0014031302554831334,-0.007402877486674897
2024-07-19 00:00:00-04:00,2024-07-01 00:00:00-04:00,MMM,-2.4118522444751593,-0.00018772830266410137,-0.0009613074696754875
2024-07-22 00:00:00-04:00,2024-07-01 00:00:00-04:00,__cash_interest__,-0.0002846089434902061,-2.2331660853585136e-08,
2024-07-22 00:00:00-04:00,2024-07-01 00:00:00-04:00,JPM,6.149669620434263,0.00048252993964632547,0.0023835455922824877
2024-07-22 00:00:00-04:00,2024-07-01 00:00:00-04:00,AXP,25.3836253969853,0.0019917101221361747,0.009778054430421346
2024-07-22 00:00:00-04:00,2024-07-01 00:00:00-04:00,GS,11.517701782390642,0.0009037291901754025,0.0043512315981280025
2024-07-22 00:00:00-04:00,2024-07-01 00:00:00-04:00,MSFT,27.636107014092424,0.002168449668460032,0.011433665479992916
2024-07-22 00:00:00-04:00,2024-07-01 00:00:00-04:00,MMM,25.32588362385816,0.0019871794504055297,0.010104013475071394
2024-07-23 00:00:00-04:00,2024-07-01 00:00:00-04:00,__cash_interest__,-0.00028464966474921465,-2.2167852816614968e-08,
2024-07-23 00:00:00-04:00,2024-07-01 00:00:00-04:00,JPM,0.6148105217071141,4.788001126689249e-05,0.00023772729080562272
2024-07-23 00:00:00-04:00,2024-07-01 00:00:00-04:00,AXP,23.02720775256915,0.0017933052992923873,0.008784441435347956
2024-07-23 00:00:00-04:00,2024-07-01 00:00:00-04:00,GS,27.892842697139358,0.002172229614575314,0.01049188522993405
2024-07-23 00:00:00-04:00,2024-07-01 00:00:00-04:00,MSFT,15.164009547857713,0.0011809377399506714,0.006202764036743025
2024-07-23 00:00:00-04:00,2024-07-01 00:00:00-04:00,MMM,-5.788636727656248,-0.00045080554407324114,-0.0022863331268909715
2024-07-24 00:00:00-04:00,2024-07-01 00:00:00-04:00,__cash_interest__,-0.00028469039183453675,-2.206635225460367e-08,
2024-07-24 00:00:00-04:00,2024-07-01 00:00:00-04:00,JPM,-21.40006025541286,-0.0016587186691574087,-0.008272742652880805
2024-07-24 00:00:00-04:00,2024-07-01 00:00:00-04:00,AXP,-63.29818994322531,-0.004906242698832717,-0.023936783312897947
2024-07-24 00:00:00-04:00,2024-07-01 00:00:00-04:00,GS,-29.748930272164063,-0.0023058395836721693,-0.011073866334206373
2024-07-24 00:00:00-04:00,2024-07-01 00:00:00-04:00,MSFT,-92.65491108986268,-0.007181682153208031,-0.03766640299724677
2024-07-24 00:00:00-04:00,2024-07-01 00:00:00-04:00,MMM,-35.69732662739101,-0.0027668997848212364,-0.014131653649806064
2024-07-25 00:00:00-04:00,2024-07-01 00:00:00-04:00,__cash_interest__,-0.00028473112474700595,-2.249281077726379e-08,
2024-07-25 00:00:00-04:00,2024-07-01 00:00:00-04:00,JPM,0.9840097154040071,7.773349103031021e-05,0.00038356737015554643
2024-07-25 00:00:00-04:00,2024-07-01 00:00:00-04:00,AXP,-8.675483907476693,-0.0006853343416721859,-0.0033611683014510563
2024-07-25 00:00:00-04:00,2024-07-01 00:00:00-04:00,GS,27.347016233218277,0.0021603232242456416,0.01029375951482625
2024-07-25 00:00:00-04:00,2024-07-01 00:00:00-04:00,MSFT,-53.60564534498711,-0.004234667489931957,-0.022644909303207617
2024-07-25 00:00:00-04:00,2024-07-01 00:00:00-04:00,MMM,3.376784483181088,0.0002667547303909261,0.001355943871545584
2024-07-26 00:00:00-04:00,2024-07-01 00:00:00-04:00,__cash_interest__,-0.00028477186348745603,-2.255049324381493e-08,
2024-07-26 00:00:00-04:00,2024-07-01 00:00:00-04:00,JPM,43.90693589023484,0.0034768991887886075,0.0171083784879571
2024-07-26 00:00:00-04:00,2024-07-01 00:00:00-04:00,AXP,61.15632602041866,0.00484284261742292,0.02377388367389832
2024-07-26 00:00:00-04:00,2024-07-01 00:00:00-04:00,GS,39.956544442009225,0.003164075883239111,0.014886901719131096
2024-07-26 00:00:00-04:00,2024-07-01 00:00:00-04:00,MSFT,33.570311928315284,0.002658363375725776,0.014509854386564935
2024-07-26 00:00:00-04:00,2024-07-01 00:00:00-04:00,MMM,573.3251186150037,0.04540042704888411,0.2299062927954223
2024-07-29 00:00:00-04:00,2024-07-01 00:00:00-04:00,__cash_interest__,-0.0002848126080567208,-2.128627959748616e-08,
2024-07-29 00:00:00-04:00,2024-07-01 00:00:00-04:00,JPM,-17.09579995220189,-0.0012777031895048257,-0.006549345698459663
2024-07-29 00:00:00-04:00,2024-07-01 00:00:00-04:00,AXP,21.420642842587423,0.0016009326125562546,0.008133682201087566
2024-07-29 00:00:00-04:00,2024-07-01 00:00:00-04:00,GS,-34.44362775698305,-0.002574242396744119,-0.012644674047928128
2024-07-29 00:00:00-04:00,2024-07-01 00:00:00-04:00,MSFT,8.058424362013616,0.0006022692438210273,0.003433219269989296
2024-07-29 00:00:00-04:00,2024-07-01 00:00:00-04:00,MMM,-48.2397236623253,-0.00360533282774205,-0.015728332321643723
2024-07-30 00:00:00-04:00,2024-07-01 00:00:00-04:00,__cash_interest__,-0.0002848533584556343,-2.1401772199515817e-08,
2024-07-30 00:00:00-04:00,2024-07-01 00:00:00-04:00,JPM,53.377442749737234,0.004010385822782908,0.02058353445438299
2024-07-30 00:00:00-04:00,2024-07-01 00:00:00-04:00,AXP,49.160518916112125,0.0036935573895172705,0.01851624988318501
2024-07-30 00:00:00-04:00,2024-07-01 00:00:00-04:00,GS,70.688170547501,0.005310985734766281,0.026282823613410278
2024-07-30 00:00:00-04:00,2024-07-01 00:00:00-04:00,MSFT,-21.028452716316764,-0.0015799222350155134,-0.008928330359357917
2024-07-30 00:00:00-04:00,2024-07-01 00:00:00-04:00,MMM,38.350459766771614,0.0028813695865305255,0.012703794392608714
2024-07-31 00:00:00-04:00,2024-07-01 00:00:00-04:00,__cash_interest__,-0.0002848941146850306,-2.110272028788962e-08,
2024-07-31 00:00:00-04:00,2024-07-01 00:00:00-04:00,JPM,-29.394161440968468,-0.0021772888066557902,-0.01110643565911007
2024-07-31 00:00:00-04:00,2024-07-01 00:00:00-04:00,AXP,5.997820068214895,0.00044427144230958185,0.0022180025714306772
2024-07-31 00:00:00-04:00,2024-07-01 00:00:00-04:00,GS,18.34035908284601,0.0013585098735108805,0.0066445573231590505
2024-07-31 00:00:00-04:00,2024-07-01 00:00:00-04:00,MSFT,-25.22341332030539,-0.001868352516136417,-0.0108059194970489
2024-07-31 00:00:00-04:00,2024-07-01 00:00:00-04:00,MMM,19.295583319464733,0.0014292653887656044,0.006311583850546754
2024-08-01 00:00:00-04:00,2024-08-01 00:00:00-04:00,__cash_interest__,-0.00028493487674574396,-2.1122925565776206e-08,
2024-08-01 00:00:00-04:00,2024-08-01 00:00:00-04:00,JPM,-61.54166235983317,-0.00456223530115923,-0.02274440682829082
2024-08-01 00:00:00-04:00,2024-08-01 00:00:00-04:00,AXP,-46.39737212126736,-0.003439551693209102,-0.017230490571617407
2024-08-01 00:00:00-04:00,2024-08-01 00:00:00-04:00,GS,-47.09035096492933,-0.003490923924999425,-0.0175037871171827
2024-08-01 00:00:00-04:00,2024-08-01 00:00:00-04:00,MSFT,13.467124042402816,0.0009983511389747722,-0.002964065026371032
2024-08-01 00:00:00-04:00,2024-08-01 00:00:00-04:00,MMM,-23.050797105320946,-0.0017088124733918757,-0.00846723409283856
2024-08-01 00:00:00-04:00,2024-08-01 00:00:00-04:00,__costs__,-0.9211771523536184,-6.828913555367283e-05,
2024-08-01 00:00:00-04:00,2024-08-01 00:00:00-04:00,CAT,-115.4104709787386,-0.008555663019695547,-0.04240343473278574
2024-08-02 00:00:00-04:00,2024-08-01 00:00:00-04:00,__cash_interest__,-0.00013180012178693137,-9.978491780431153e-09,
2024-08-02 00:00:00-04:00,2024-08-01 00:00:00-04:00,JPM,-111.867825380962,-0.008469432053053843,-0.04241205108061774
2024-08-02 00:00:00-04:00,2024-08-01 00:00:00-04:00,AXP,-174.6988110587672,-0.013226320481092707,-0.06594820666156509
2024-08-02 00:00:00-04:00,2024-08-01 00:00:00-04:00,GS,-156.3080270605995,-0.011833967541858947,-0.05894594680479204
2024-08-02 00:00:00-04:00,2024-08-01 00:00:00-04:00,MMM,-26.086652269643427,-0.001975001553279393,-0.009725629472767783
2024-08-02 00:00:00-04:00,2024-08-01 00:00:00-04:00,CAT,-83.16083844020775,-0.006296046859280344,-0.0321246440908346
2024-08-05 00:00:00-04:00,2024-08-01 00:00:00-04:00,__cash_interest__,-0.00013181897947576866,-1.0415286568936696e-08,
2024-08-05 00:00:00-04:00,2024-08-01 00:00:00-04:00,JPM,-53.77760939046904,-0.004249078660914963,-0.02129153145281082
2024-08-05 00:00:00-04:00,2024-08-01 00:00:00-04:00,AXP,-67.74899400821224,-0.0053529862707093374,-0.02738072435126737
2024-08-05 00:00:00-04:00,2024-08-01 00:00:00-04:00,GS,-61.61130094491571,-0.0048680346167014315,-0.024689851398137952
2024-08-05 00:00:00-04:00,2024-08-01 00:00:00-04:00,MMM,-13.36123034228833,-0.0010556980753601273,-0.005030258256957909
2024-08-05 00:00:00-04:00,2024-08-01 00:00:00-04:00,CAT,-31.780764092770603,-0.002511063025387977,-0.012684237585842029
2024-08-06 00:00:00-04:00,2024-08-01 00:00:00-04:00,__cash_interest__,-0.00013183783986272507,-1.060811395015312e-08,
2024-08-06 00:00:00-04:00,2024-08-01 00:00:00-04:00,JPM,68.99747063481816,0.005551767470770253,0.027911632105111384
2024-08-06 00:00:00-04:00,2024-08-01 00:00:00-04:00,AXP,55.39236265012937,0.0044570549363719845,0.02301702023360863
2024-08-06 00:00:00-04:00,2024-08-01 00:00:00-04:00,GS,59.38452858573826,0.004778277972163186,0.024399934854105965
2024-08-06 00:00:00-04:00,2024-08-01 00:00:00-04:00,MMM,5.938137654578844,0.0004778024348476709,0.002246902455823596
2024-08-06 00:00:00-04:00,2024-08-01 00:00:00-04:00,CAT,75.27451153938559,0.006056839195661658,0.030429296295308994
2024-08-07 00:00:00-04:00,2024-08-01 00:00:00-04:00,__cash_interest__,-0.0001318567029481866,-1.0388138635409651e-08,
2024-08-07 00:00:00-04:00,2024-08-01 00:00:00-04:00,JPM,0.7610838114795557,5.9960881548224245e-05,0.00029952202665461947
2024-08-07 00:00:00-04:00,2024-08-01 00:00:00-04:00,AXP,-24.713428779832185,-0.0019470115555831908,-0.010038050009682609
2024-08-07 00:00:00-04:00,2024-08-01 00:00:00-04:00,GS,14.792961278401531,0.0011654419468433651,0.005933363174659201
2024-08-07 00:00:00-04:00,2024-08-01 00:00:00-04:00,MMM,-43.689577755853875,-0.0034420198632500497,-0.0164944212847995
2024-08-07 00:00:00-04:00,2024-08-01 00:00:00-04:00,CAT,-4.997832663671432,-0.00039374698006212775,-0.0019606834201516543
2024-08-08 00:00:00-04:00,2024-08-01 00:00:00-04:00,__cash_interest__,-0.0001318755687325394,-1.0437191257686382e-08,
2024-08-08 00:00:00-04:00,2024-08-01 00:00:00-04:00,JPM,46.42107087458067,0.0036739602320673428,0.018263389223403204
2024-08-08 00:00:00-04:00,2024-08-01 00:00:00-04:00,AXP,50.49198991637852,0.00399615001325399,0.020716688458621846
2024-08-08 00:00:00-04:00,2024-08-01 00:00:00-04:00,GS,67.65558995285483,0.005354550041195895,0.0269761696658668
2024-08-08 00:00:00-04:00,2024-08-01 00:00:00-04:00,MMM,48.7792417834128,0.0038605958692088265,0.018724811439195133
2024-08-08 00:00:00-04:00,2024-08-01 00:00:00-04:00,CAT,80.89664584944272,0.006402503306343059,0.03179864617771555
2024-08-09 00:00:00-04:00,2024-08-01 00:00:00-04:00,__cash_interest__,-0.00013189443721616962,-1.0201123388189445e-08,
2024-08-09 00:00:00-04:00,2024-08-01 00:00:00-04:00,JPM,22.069413882638223,0.0017069166742250856,0.008527012308986448
2024-08-09 00:00:00-04:00,2024-08-01 00:00:00-04:00,AXP,45.91195399524096,0.0035509724108433627,0.01845518527077661
2024-08-09 00:00:00-04:00,2024-08-01 00:00:00-04:00,GS,23.806729508977945,0.0018412860338628584,0.009243064217579366
2024-08-09 00:00:00-04:00,2024-08-01 00:00:00-04:00,MMM,-20.36000209259067,-0.001574705483521714,-0.007671907221984964
2024-08-09 00:00:00-04:00,2024-08-01 00:00:00-04:00,CAT,16.398176695382123,0.001268285663456457,0.006247103815984145
2024-08-12 00:00:00-04:00,2024-08-01 00:00:00-04:00,__cash_interest__,-0.00013191330839946346,-1.013374698368078e-08,
2024-08-12 00:00:00-04:00,2024-08-01 00:00:00-04:00,JPM,4.9468431095902226,0.00038002273651379265,0.0018951635395567656
2024-08-12 00:00:00-04:00,2024-08-01 00:00:00-04:00,AXP,-8.522055235712026,-0.0006546750482380367,-0.003363528051095077
2024-08-12 00:00:00-04:00,2024-08-01 00:00:00-04:00,GS,-25.23821398781343,-0.001938831479368269,-0.00970910231259281
2024-08-12 00:00:00-04:00,2024-08-01 00:00:00-04:00,MMM,-17.17927753998079,-0.0013197338014251745,-0.006523416886122124
2024-08-12 00:00:00-04:00,2024-08-01 00:00:00-04:00,CAT,-17.41303324496451,-0.0013376912099614202,-0.006592542636944976
2024-08-13 00:00:00-04:00,2024-08-01 00:00:00-04:00,__cash_interest__,-0.00013193218228280714,-1.0184806264938348e-08,
2024-08-13 00:00:00-04:00,2024-08-01 00:00:00-04:00,JPM,22.195656189470817,0.001713444394699435,0.008487196641827177
2024-08-13 00:00:00-04:00,2024-08-01 00:00:00-04:00,AXP,20.665460846052294,0.0015953174688003292,0.008183875759607773
2024-08-13 00:00:00-04:00,2024-08-01 00:00:00-04:00,GS,34.14580901122404,0.00263596374683952,0.013264628123164313
2024-08-13 00:00:00-04:00,2024-08-01 00:00:00-04:00,MMM,42.205632209489465,0.003258160214628005,0.01613180681779669
2024-08-13 00:00:00-04:00,2024-08-01 00:00:00-04:00,CAT,21.629756102242567,0.0016697584444331326,0.008243330731577458
2024-08-14 00:00:00-04:00,2024-08-01 00:00:00-04:00,__cash_interest__,-0.00013195105886658706,-1.0076703179504778e-08,
2024-08-14 00:00:00-04:00,2024-08-01 00:00:00-04:00,JPM,29.172056129673187,0.002227781673596,0.011060962683626219
2024-08-14 00:00:00-04:00,2024-08-01 00:00:00-04:00,AXP,50.811994601658874,0.0038803583082816,0.019959075867892917
2024-08-14 00:00:00-04:00,2024-08-01 00:00:00-04:00,GS,35.84255797907378,0.0027371877198385606,0.013741488739783092
2024-08-14 00:00:00-04:00,2024-08-01 00:00:00-04:00,MMM,17.39110151309562,0.0013281058099676752,0.006541685286119092
2024-08-14 00:00:00-04:00,2024-08-01 00:00:00-04:00,CAT,-9.449035012549752,-0.0007215942181296328,-0.003571685432802618
2024-08-15 00:00:00-04:00,2024-08-01 00:00:00-04:00,__cash_interest__,-0.0001319699381511895,-9.983779950326037e-09,
2024-08-15 00:00:00-04:00,2024-08-01 00:00:00-04:00,JPM,16.615383230421852,0.0012569857369549276,0.006231016578885917
2024-08-15 00:00:00-04:00,2024-08-01 00:00:00-04:00,AXP,61.14447592918532,0.0046256973474946735,0.023547709310733245
2024-08-15 00:00:00-04:00,2024-08-01 00:00:00-04:00,GS,1.6967489678497398,0.0001283623267789032,0.0006416898393308834
2024-08-15 00:00:00-04:00,2024-08-01 00:00:00-04:00,MMM,20.996819994290135,0.0015884498652976693,0.007846650628850593
2024-08-15 00:00:00-04:00,2024-08-01 00:00:00-04:00,CAT,62.85979945703334,0.004755464875505728,0.023845842735982004
2024-08-16 00:00:00-04:00,2024-08-01 00:00:00-04:00,__cash_interest__,-0.00013198882013700097,-9.863347245206266e-09,
2024-08-16 00:00:00-04:00,2024-08-01 00:00:00-04:00,JPM,30.693618757551633,0.0022936929029554937,0.0114392865359354
2024-08-16 00:00:00-04:00,2024-08-01 00:00:00-04:00,AXP,23.542015676579666,0.0017592632105444537,0.008857822898151735
2024-08-16 00:00:00-04:00,2024-08-01 00:00:00-04:00,GS,27.783168910687777,0.002076198895132871,0.010500518761563438
2024-08-16 00:00:00-04:00,2024-08-01 00:00:00-04:00,MMM,-2.3330921645618186,-0.0001743488437146205,-0.0008651038193207006
2024-08-16 00:00:00-04:00,2024-08-01 00:00:00-04:00,CAT,-16.866647179641813,-0.0012604218889335256,-0.0062493359712882945
2024-08-19 00:00:00-04:00,2024-08-01 00:00:00-04:00,__cash_interest__,-0.00013200770482440792,-9.81866597819653e-09,
2024-08-19 00:00:00-04:00,2024-08-01 00:00:00-04:00,JPM,18.771182367866594,0.0013961910021165385,0.0069167591690288965
2024-08-19 00:00:00-04:00,2024-08-01 00:00:00-04:00,AXP,24.92632240024184,0.0018540071887346394,0.009296331249920353
2024-08-19 00:00:00-04:00,2024-08-01 00:00:00-04:00,GS,2.2269408880777175,0.00016563873118094358,0.0008329158458741936
2024-08-19 00:00:00-04:00,2024-08-01 00:00:00-04:00,MMM,0.6359766627276032,4.730362087240762e-05,0.00023602248907184098
2024-08-19 00:00:00-04:00,2024-08-01 00:00:00-04:00,CAT,9.135907191475235,0.0006795241326270914,0.0034062722801251333
2024-08-20 00:00:00-04:00,2024-08-01 00:00:00-04:00,__cash_interest__,-0.00013202659221379687,-9.779557481319815e-09,
2024-08-20 00:00:00-04:00,2024-08-01 00:00:00-04:00,JPM,-11.79538742274489,-0.0008737154188481424,-0.004316479335104262
2024-08-20 00:00:00-04:00,2024-08-01 00:00:00-04:00,AXP,-10.332647391192914,-0.0007653664114328376,-0.0038180911900403958
2024-08-20 00:00:00-04:00,2024-08-01 00:00:00-04:00,GS,-38.91753629327584,-0.002882724433234811,-0.014543743082393035
2024-08-20 00:00:00-04:00,2024-08-01 00:00:00-04:00,MMM,13.149574616967874,0.0009740236316430716,0.004878894411912915
2024-08-20 00:00:00-04:00,2024-08-01 00:00:00-04:00,CAT,-10.541807143195143,-0.00078085942525063,-0.003917111524140315
2024-08-21 00:00:00-04:00,2024-08-01 00:00:00-04:00,__cash_interest__,-0.00013204548230555442,-9.82347914120541e-09,
2024-08-21 00:00:00-04:00,2024-08-01 00:00:00-04:00,JPM,1.0147784153060744,7.549409810656866e-05,0.00037296438123446407
2024-08-21 00:00:00-04:00,2024-08-01 00:00:00-04:00,AXP,-72.2229152464779,-0.0053729994321129295,-0.02678989748888483
2024-08-21 00:00:00-04:00,2024-08-01 00:00:00-04:00,GS,-4.66639671938731,-0.00034715501081222794,-0.0017696002124875099
2024-08-21 00:00:00-04:00,2024-08-01 00:00:00-04:00,MMM,32.44927910942379,0.0024140531801076877,0.01198122002497426
2024-08-21 00:00:00-04:00,2024-08-01 00:00:00-04:00,CAT,-2.5765876634283034,-0.00019168437060652416,-0.0009611702350115214
2024-08-22 00:00:00-04:00,2024-08-01 00:00:00-04:00,__cash_interest__,-0.00013206437510006726,-9.858623846068355e-09,
2024-08-22 00:00:00-04:00,2024-08-01 00:00:00-04:00,JPM,25.74717897801519,0.0019220304677118115,0.009459405493261075
2024-08-22 00:00:00-04:00,2024-08-01 00:00:00-04:00,AXP,15.552194491891786,0.001160973467373634,0.005927630275169626
2024-08-22 00:00:00-04:00,2024-08-01 00:00:00-04:00,GS,6.840251003882125,0.0005106256824285005,0.002598571976243802
2024-08-22 00:00:00-04:00,2024-08-01 00:00:00-04:00,MMM,-13.361398590082702,-0.0009974302506425621,-0.004875009399808783
2024-08-22 00:00:00-04:00,2024-08-01 00:00:00-04:00,CAT,-4.76335317207117,-0.00035558497235794106,-0.0017786307844489535
2024-08-23 00:00:00-04:00,2024-08-01 00:00:00-04:00,__cash_interest__,-0.00013208327059772203,-9.837991349536904e-09,
2024-08-23 00:00:00-04:00,2024-08-01 00:00:00-04:00,JPM,21.30812840613178,0.0015870986687844886,0.007755157762313836
2024-08-23 00:00:00-04:00,2024-08-01 00:00:00-04:00,AXP,37.709405253809884,0.002808719083077894,0.014288030686439912
2024-08-23 00:00:00-04:00,2024-08-01 00:00:00-04:00,GS,61.87605984722918,0.0046087300743366585,0.02344543425975698
2024-08-23 00:00:00-04:00,2024-08-01 00:00:00-04:00,MMM,41.357158582469545,0.003080415608536411,0.015163400224911694
2024-08-23 00:00:00-04:00,2024-08-01 00:00:00-04:00,CAT,47.24175557016292,0.003518719520897564,0.017671450050031456
2024-08-26 00:00:00-04:00,2024-08-01 00:00:00-04:00,__cash_interest__,-0.00013210216879890556,-9.688227021459973e-09,
2024-08-26 00:00:00-04:00,2024-08-01 00:00:00-04:00,JPM,10.907657974378964,0.0007999555774825185,0.003939325014051143
2024-08-26 00:00:00-04:00,2024-08-01 00:00:00-04:00,AXP,27.48337073648826,0.0020156000270924682,0.010266712183732984
2024-08-26 00:00:00-04:00,2024-08-01 00:00:00-04:00,GS,-8.218311821334183,-0.0006027219036762204,-0.003042660894772564
2024-08-26 00:00:00-04:00,2024-08-01 00:00:00-04:00,MMM,42.64593668736199,0.0031276058517927573,0.015402372090844274
2024-08-26 00:00:00-04:00,2024-08-01 00:00:00-04:00,CAT,21.473436441175725,0.001574838089824953,0.007892963953585186
2024-08-27 00:00:00-04:00,2024-08-01 00:00:00-04:00,__cash_interest__,-0.00013212106970400463,-9.623067105369351e-09,
2024-08-27 00:00:00-04:00,2024-08-01 00:00:00-04:00,JPM,12.810367503077853,0.0009330459282742583,0.004608339060234945
2024-08-27 00:00:00-04:00,2024-08-01 00:00:00-04:00,AXP,12.25018454787803,0.0008922448798022096,0.004529684761744424
2024-08-27 00:00:00-04:00,2024-08-01 00:00:00-04:00,GS,-3.234069596050507,-0.00023555416873290323,-0.0012010019823730511
2024-08-27 00:00:00-04:00,2024-08-01 00:00:00-04:00,MMM,-9.595508208645679,-0.0006988909460753557,-0.0034130272891376157
2024-08-27 00:00:00-04:00,2024-08-01 00:00:00-04:00,CAT,-0.31239507266326666,-2.275336367136778e-05,-0.0001139274377531807
2024-08-28 00:00:00-04:00,2024-08-01 00:00:00-04:00,__cash_interest__,-0.00013213997331340608,-9.616096386930617e-09,
2024-08-28 00:00:00-04:00,2024-08-01 00:00:00-04:00,JPM,14.078437192156668,0.0010245166971241744,0.005041276348253021
2024-08-28 00:00:00-04:00,2024-08-01 00:00:00-04:00,AXP,21.94332075950964,0.0015968603760219814,0.00807727601815933
2024-08-28 00:00:00-04:00,2024-08-01 00:00:00-04:00,GS,-20.837755873041427,-0.0015164061558211835,-0.007747600355533013
2024-08-28 00:00:00-04:00,2024-08-01 00:00:00-04:00,MMM,4.477242056043452,0.000325818070633478,0.001597964578281763
2024-08-28 00:00:00-04:00,2024-08-01 00:00:00-04:00,CAT,-22.800932312891796,-0.0016592705245415998,-0.008316225195798888
2024-08-29 00:00:00-04:00,2024-08-01 00:00:00-04:00,__cash_interest__,-0.00013215887962749688,-9.619670247657004e-09,
2024-08-29 00:00:00-04:00,2024-08-01 00:00:00-04:00,JPM,11.669346780939186,0.0008493963353396724,0.004157657450843288
2024-08-29 00:00:00-04:00,2024-08-01 00:00:00-04:00,AXP,29.294627146635015,0.0021323172076896,0.010696870107667289
2024-08-29 00:00:00-04:00,2024-08-01 00:00:00-04:00,GS,35.89581311155695,0.002612808812983131,0.01345048369201085
2024-08-29 00:00:00-04:00,2024-08-01 00:00:00-04:00,MMM,27.720338352999256,0.0020177268062573006,0.009877832722240187
2024-08-29 00:00:00-04:00,2024-08-01 00:00:00-04:00,CAT,26.861824008043843,0.0019552366813059383,0.009879521882057984
2024-08-30 00:00:00-04:00,2024-08-01 00:00:00-04:00,__cash_interest__,-0.000132177788646664,-9.529869807381674e-09,
2024-08-30 00:00:00-04:00,2024-08-01 00:00:00-04:00,JPM,32.849619560023264,0.0023684206010276686,0.011655491680546914
2024-08-30 00:00:00-04:00,2024-08-01 00:00:00-04:00,AXP,-12.676802107029676,-0.0009139831653325479,-0.004579916259953687
2024-08-30 00:00:00-04:00,2024-08-01 00:00:00-04:00,GS,16.800477538336583,0.0012112955231092727,0.006211738989692739
2024-08-30 00:00:00-04:00,2024-08-01 00:00:00-04:00,MMM,37.95468343687687,0.002736489961265145,0.013392438924914707
2024-08-30 00:00:00-04:00,2024-08-01 00:00:00-04:00,CAT,34.82606648992902,0.0025109202003631616,0.012683388260820827
2024-09-03 00:00:00-04:00,2024-09-03 00:00:00-04:00,__cash_interest__,-0.0001321967003712945,-9.456403536969795e-09,
2024-09-03 00:00:00-04:00,2024-09-03 00:00:00-04:00,JPM,-56.60503192001089,-0.00404911788687058,-0.020017823735982376
2024-09-03 00:00:00-04:00,2024-09-03 00:00:00-04:00,AXP,-46.474762119377594,-0.0033244710620700395,-0.01677938044539251
2024-09-03 00:00:00-04:00,2024-09-03 00:00:00-04:00,GS,-123.94199729461126,-0.008865921299881124,-0.04466443078951221
2024-09-03 00:00:00-04:00,2024-09-03 00:00:00-04:00,MMM,-80.76071420278245,-0.0057770420993142405,-0.028509870346943966
2024-09-03 00:00:00-04:00,2024-09-03 00:00:00-04:00,CAT,-30.3750576834345,-0.002172813709468828,-0.04453797419709027
2024-09-03 00:00:00-04:00,2024-09-03 00:00:00-04:00,__costs__,-1.1595652190917085,-8.294697680326538e-05,
2024-09-03 00:00:00-04:00,2024-09-03 00:00:00-04:00,WMT,-5.72569500244218,-0.00040957514310592866,-0.0007769159427526429
2024-09-04 00:00:00-04:00,2024-09-03 00:00:00-04:00,__cash_interest__,-0.0001659081933440274,-1.2168216566409333e-08,
2024-09-04 00:00:00-04:00,2024-09-03 00:00:00-04:00,JPM,-12.074632334550978,-0.0008855906284382085,-0.004403039415091348
2024-09-04 00:00:00-04:00,2024-09-03 00:00:00-04:00,AXP,-27.805283462347738,-0.0020393249063876163,-0.010105718486209891
2024-09-04 00:00:00-04:00,2024-09-03 00:00:00-04:00,GS,17.3406818429602,0.0012718188765807443,0.006523659121957293
2024-09-04 00:00:00-04:00,2024-09-03 00:00:00-04:00,MMM,27.045607402695264,0.00198360793046347,0.009934841890247403
2024-09-04 00:00:00-04:00,2024-09-03 00:00:00-04:00,WMT,2.5043379555004486,0.0001836758389311052,0.0009068723449128235
2024-09-05 00:00:00-04:00,2024-09-03 00:00:00-04:00,__cash_interest__,-0.00016593193114520103,-1.2163703298220227e-08,
2024-09-05 00:00:00-04:00,2024-09-03 00:00:00-04:00,JPM,-21.16177982404225,-0.0015512723154934333,-0.0077508134990496025
2024-09-05 00:00:00-04:00,2024-09-03 00:00:00-04:00,AXP,1.081649224130515,7.929070760684754e-05,0.0003971343902033908
2024-09-05 00:00:00-04:00,2024-09-03 00:00:00-04:00,GS,-15.050416113065259,-0.0011032764751823555,-0.005625350787454408
2024-09-05 00:00:00-04:00,2024-09-03 00:00:00-04:00,MMM,-15.603102450448747,-0.0011437913572699388,-0.005675208547449517
2024-09-05 00:00:00-04:00,2024-09-03 00:00:00-04:00,WMT,-10.01929316925412,-0.0007344680950048499,-0.0036249050553213147
2024-09-06 00:00:00-04:00,2024-09-03 00:00:00-04:00,__cash_interest__,-0.00016595567234273012,-1.221986518826555e-08,
2024-09-06 00:00:00-04:00,2024-09-03 00:00:00-04:00,JPM,-64.35739845101459,-0.004738848162506566,-0.023755973057178803
2024-09-06 00:00:00-04:00,2024-09-03 00:00:00-04:00,AXP,-84.17332530760616,-0.006197960414289066,-0.03089250311939029
2024-09-06 00:00:00-04:00,2024-09-03 00:00:00-04:00,GS,-45.096455644183244,-0.003320601222370069,-0.01695092756792216
2024-09-06 00:00:00-04:00,2024-09-03 00:00:00-04:00,MMM,-58.25279725466749,-0.004289346180474712,-0.0213088190769527
2024-09-06 00:00:00-04:00,2024-09-03 00:00:00-04:00,WMT,-11.450898100183611,-0.0008431675102965503,-0.004157921041493262
2024-09-09 00:00:00-04:00,2024-09-03 00:00:00-04:00,__cash_interest__,-0.0001659794169371007,-1.246327569577834e-08,
2024-09-09 00:00:00-04:00,2024-09-03 00:00:00-04:00,JPM,54.14959777530839,0.004066054564735132,0.0204744002643249
2024-09-09 00:00:00-04:00,2024-09-03 00:00:00-04:00,AXP,74.21972366830502,0.005573105962247806,0.028107744330554407
2024-09-09 00:00:00-04:00,2024-09-03 00:00:00-04:00,GS,48.859231976521926,0.003668804781005749,0.018681962521834405
2024-09-09 00:00:00-04:00,2024-09-03 00:00:00-04:00,MMM,-2.9128286450226994,-0.00021872221946192183,-0.0010887091158098272
2024-09-09 00:00:00-04:00,2024-09-03 00:00:00-04:00,WMT,25.0489262614397,0.0018809059559346016,0.009133459953236445
2024-09-10 00:00:00-04:00,2024-09-03 00:00:00-04:00,__cash_interest__,-0.0001660031649287987,-1.2281207560919583e-08,
2024-09-10 00:00:00-04:00,2024-09-03 00:00:00-04:00,JPM,-140.04206321200445,-0.010360559368273084,-0.05188864625378353
2024-09-10 00:00:00-04:00,2024-09-03 00:00:00-04:00,AXP,-59.50588718530584,-0.004402350713812347,-0.02191936484445889
2024-09-10 00:00:00-04:00,2024-09-03 00:00:00-04:00,GS,-116.91244839837765,-0.008649389581527701,-0.043883170768697966
2024-09-10 00:00:00-04:00,2024-09-03 00:00:00-04:00,MMM,33.9113730276631,0.002508823316755027,0.012688648727735341
2024-09-10 00:00:00-04:00,2024-09-03 00:00:00-04:00,WMT,52.603577154988656,0.0038917056175667365,0.0190069698736397
2024-09-11 00:00:00-04:00,2024-09-03 00:00:00-04:00,__cash_interest__,-0.00016602691631831024,-1.2495536079074576e-08,
2024-09-11 00:00:00-04:00,2024-09-03 00:00:00-04:00,JPM,20.788294737078708,0.0015645709302435286,0.008124064413015164
2024-09-11 00:00:00-04:00,2024-09-03 00:00:00-04:00,AXP,94.77645620967459,0.007133076095590966,0.035693886340277814
2024-09-11 00:00:00-04:00,2024-09-03 00:00:00-04:00,GS,22.02993717241332,0.0016580195600927273,0.008648475117345011
2024-09-11 00:00:00-04:00,2024-09-03 00:00:00-04:00,MMM,2.9128286450226994,0.00021922563059751884,0.0010762396680932262
2024-09-11 00:00:00-04:00,2024-09-03 00:00:00-04:00,WMT,1.0735650305362388,8.079876968008786e-05,0.00038067013875342504
2024-09-12 00:00:00-04:00,2024-09-03 00:00:00-04:00,__cash_interest__,-0.00016605067110612146,-1.2365560477726031e-08,
2024-09-12 00:00:00-04:00,2024-09-03 00:00:00-04:00,JPM,-7.841999274288501,-0.0005839826821929856,-0.0030399560759684086
2024-09-12 00:00:00-04:00,2024-09-03 00:00:00-04:00,AXP,10.494679249001857,0.000781524037713358,0.003816200002686232
2024-09-12 00:00:00-04:00,2024-09-03 00:00:00-04:00,GS,15.759447370853227,0.001173583932312346,0.006133769188189531
2024-09-12 00:00:00-04:00,2024-09-03 00:00:00-04:00,MMM,37.448332337044256,0.0027887247622610366,0.013821633953513324
2024-09-12 00:00:00-04:00,2024-09-03 00:00:00-04:00,WMT,29.34374105422818,0.0021851872216577524,0.010400893364449049
2024-09-13 00:00:00-04:00,2024-09-03 00:00:00-04:00,__cash_interest__,-0.0001660744292927186,-1.228935346274274e-08,
2024-09-13 00:00:00-04:00,2024-09-03 00:00:00-04:00,JPM,-28.38229358001304,-0.002100263354049094,-0.011035963253526293
2024-09-13 00:00:00-04:00,2024-09-03 00:00:00-04:00,AXP,41.654542692439854,0.0030823974567091594,0.015089335973536455
2024-09-13 00:00:00-04:00,2024-09-03 00:00:00-04:00,GS,26.88339828283167,0.0019893464947279204,0.01039955811059623
2024-09-13 00:00:00-04:00,2024-09-03 00:00:00-04:00,MMM,23.925939031977762,0.0017704972580321206,0.008710324647232426
2024-09-13 00:00:00-04:00,2024-09-03 00:00:00-04:00,WMT,33.63772384105137,0.0024891603103821907,0.011800163952512488
2024-09-16 00:00:00-04:00,2024-09-03 00:00:00-04:00,__cash_interest__,-0.00016609819087858794,-1.2202871299597944e-08,
2024-09-16 00:00:00-04:00,2024-09-03 00:00:00-04:00,JPM,44.06688590456296,0.0032374978584837196,0.017325852783323548
2024-09-16 00:00:00-04:00,2024-09-03 00:00:00-04:00,AXP,22.61225399692525,0.0016612729124785989,0.008069513405320139
2024-09-16 00:00:00-04:00,2024-09-03 00:00:00-04:00,GS,33.6447823865638,0.002471808676509458,0.012881169522376057
2024-09-16 00:00:00-04:00,2024-09-03 00:00:00-04:00,MMM,29.750775529460878,0.002185724497834009,0.010737351624685587
2024-09-16 00:00:00-04:00,2024-09-03 00:00:00-04:00,WMT,-1.4318822662512531,-0.00010519726264816994,-0.0004964482746186993
2024-09-17 00:00:00-04:00,2024-09-03 00:00:00-04:00,__cash_interest__,-0.00016612195586421585,-1.2090350218972392e-08,
2024-09-17 00:00:00-04:00,2024-09-03 00:00:00-04:00,JPM,17.303027701391922,0.001259313759400979,0.006687199515093445
2024-09-17 00:00:00-04:00,2024-09-03 00:00:00-04:00,AXP,46.6306688517292,0.0033937784709394733,0.016507627349130027
2024-09-17 00:00:00-04:00,2024-09-03 00:00:00-04:00,GS,1.254545950900171,9.13058110426697e-05,0.00047420447493751183
2024-09-17 00:00:00-04:00,2024-09-03 00:00:00-04:00,MMM,-21.637076892801055,-0.0015747457100891901,-0.007726079230794158
2024-09-17 00:00:00-04:00,2024-09-03 00:00:00-04:00,WMT,-70.13782553799645,-0.005104628523906198,-0.024329582195254718
2024-09-18 00:00:00-04:00,2024-09-03 00:00:00-04:00,__cash_interest__,-0.00016614572425008875,-1.2115523477246982e-08,
2024-09-18 00:00:00-04:00,2024-09-03 00:00:00-04:00,JPM,-21.411165732666554,-0.0015613250493216298,-0.008219926692520918
2024-09-18 00:00:00-04:00,2024-09-03 00:00:00-04:00,AXP,-34.83844906300552,-0.002540456875666429,-0.012132804023208044
2024-09-18 00:00:00-04:00,2024-09-03 00:00:00-04:00,GS,-4.4171871991864835,-0.0003221060033695697,-0.0016688564603122291
2024-09-18 00:00:00-04:00,2024-09-03 00:00:00-04:00,MMM,-4.369242967534049,-0.0003186098588446026,-0.0015722991791861096
2024-09-18 00:00:00-04:00,2024-09-03 00:00:00-04:00,WMT,15.387395657257073,0.0011220653085153756,0.005470718105332839
2024-09-19 00:00:00-04:00,2024-09-03 00:00:00-04:00,__cash_interest__,-0.00016616949603669314,-1.2161286204185464e-08,
2024-09-19 00:00:00-04:00,2024-09-03 00:00:00-04:00,JPM,36.72187711960432,0.0026875285070842607,0.014214681266414786
2024-09-19 00:00:00-04:00,2024-09-03 00:00:00-04:00,AXP,71.08289031879943,0.005202274749613227,0.025059297045345152
2024-09-19 00:00:00-04:00,2024-09-03 00:00:00-04:00,GS,104.97005314265854,0.007682341762982413,0.03972500650602662
2024-09-19 00:00:00-04:00,2024-09-03 00:00:00-04:00,MMM,9.98609062973517,0.0007308423573862626,0.0035992156890587435
2024-09-19 00:00:00-04:00,2024-09-03 00:00:00-04:00,WMT,-35.4268140017306,-0.002592747975129892,-0.012526850255204947
2024-09-20 00:00:00-04:00,2024-09-03 00:00:00-04:00,__cash_interest__,-0.00016619327122451558,-1.1998523728986934e-08,
2024-09-20 00:00:00-04:00,2024-09-03 00:00:00-04:00,JPM,7.593602992285723,0.0005482293297444058,0.0028982126505177064
2024-09-20 00:00:00-04:00,2024-09-03 00:00:00-04:00,AXP,2.596430400166092,0.00018745242534500632,0.0008929589657686865
2024-09-20 00:00:00-04:00,2024-09-03 00:00:00-04:00,GS,-29.44607675113798,-0.0021258950378731218,-0.010717845944761994
2024-09-20 00:00:00-04:00,2024-09-03 00:00:00-04:00,MMM,19.348707229161715,0.0013969032627120703,0.006948707167639956
2024-09-20 00:00:00-04:00,2024-09-03 00:00:00-04:00,WMT,36.500379032266835,0.0026351889021068112,0.01307018899343726
2024-09-23 00:00:00-04:00,2024-09-03 00:00:00-04:00,__cash_interest__,-0.00016621704981404275,-1.1968620949618726e-08,
2024-09-23 00:00:00-04:00,2024-09-03 00:00:00-04:00,JPM,4.356930163926019,0.0003137250101257972,0.0016580823700793612
2024-09-23 00:00:00-04:00,2024-09-03 00:00:00-04:00,AXP,-18.284982440041965,-0.0013166280122293911,-0.006282922898492416
2024-09-23 00:00:00-04:00,2024-09-03 00:00:00-04:00,GS,-5.561803151916855,-0.00040048306594395866,-0.0020463292388364085
2024-09-23 00:00:00-04:00,2024-09-03 00:00:00-04:00,MMM,18.099789266394996,0.0013032929969567868,0.006455326701310327
2024-09-23 00:00:00-04:00,2024-09-03 00:00:00-04:00,WMT,45.446661841628234,0.0032724312554968456,0.016063750353268347
2024-09-24 00:00:00-04:00,2024-09-03 00:00:00-04:00,__cash_interest__,-0.0001662408318057613,-1.1932479677051951e-08,
2024-09-24 00:00:00-04:00,2024-09-03 00:00:00-04:00,JPM,1.8674254348176977,0.00013404057118414776,0.000709494891524054
2024-09-24 00:00:00-04:00,2024-09-03 00:00:00-04:00,AXP,-11.792388453813984,-0.0008464372683929321,-0.004077614888065018
2024-09-24 00:00:00-04:00,2024-09-03 00:00:00-04:00,GS,3.3261578129620797,0.00023874586089782845,0.0012262876846513837
2024-09-24 00:00:00-04:00,2024-09-03 00:00:00-04:00,MMM,32.87175716827803,0.0023594779339035452,0.011648583722464911
2024-09-24 00:00:00-04:00,2024-09-03 00:00:00-04:00,WMT,12.16725523629188,0.0008733445583464964,0.004232691521766085
2024-09-25 00:00:00-04:00,2024-09-03 00:00:00-04:00,__cash_interest__,-0.00016626461720015807,-1.1901349228120427e-08,
2024-09-25 00:00:00-04:00,2024-09-03 00:00:00-04:00,JPM,-17.427324805055463,-0.0012474613186470177,-0.0066165059618438216
2024-09-25 00:00:00-04:00,2024-09-03 00:00:00-04:00,AXP,-0.433131951905062,-3.100391838194845e-05,-0.00015038314322080026
2024-09-25 00:00:00-04:00,2024-09-03 00:00:00-04:00,GS,-37.51645489263808,-0.0026854567074893463,-0.013814623880885613
2024-09-25 00:00:00-04:00,2024-09-03 00:00:00-04:00,MMM,-12.898590957732956,-0.0009232910653133859,-0.0045181723982873345
2024-09-25 00:00:00-04:00,2024-09-03 00:00:00-04:00,WMT,26.1227686272977,0.0018698878779757743,0.0090491721129633
2024-09-26 00:00:00-04:00,2024-09-03 00:00:00-04:00,__cash_interest__,-0.00016628840599771985,-1.1939076265511897e-08,
2024-09-26 00:00:00-04:00,2024-09-03 00:00:00-04:00,JPM,-5.103900337853098,-0.0003664468067968348,-0.0019506674116224199
2024-09-26 00:00:00-04:00,2024-09-03 00:00:00-04:00,AXP,21.422490449908775,0.0015380792529947529,0.007438994005674493
2024-09-26 00:00:00-04:00,2024-09-03 00:00:00-04:00,GS,31.518205525416988,0.002262925411199093,0.011768475216796359
2024-09-26 00:00:00-04:00,2024-09-03 00:00:00-04:00,MMM,59.08491675430794,0.004242143780491689,0.020790446627864556
2024-09-26 00:00:00-04:00,2024-09-03 00:00:00-04:00,WMT,-52.96189439070367,-0.0038025266554378313,-0.018181965324523208
2024-09-27 00:00:00-04:00,2024-09-03 00:00:00-04:00,__cash_interest__,-0.00016631219819893361,-1.1894702467141525e-08,
2024-09-27 00:00:00-04:00,2024-09-03 00:00:00-04:00,JPM,8.962652460503424,0.0006410118168636274,0.0034321447110994274
2024-09-27 00:00:00-04:00,2024-09-03 00:00:00-04:00,AXP,31.483363086644346,0.0022517003601424477,0.010851920715900576
2024-09-27 00:00:00-04:00,2024-09-03 00:00:00-04:00,GS,8.6703409214801,0.0006201056005905691,0.0031997330334028184
2024-09-27 00:00:00-04:00,2024-09-03 00:00:00-04:00,MMM,-44.52175848026918,-0.0031842106362113642,-0.015346979166831698
2024-09-27 00:00:00-04:00,2024-09-03 00:00:00-04:00,WMT,-5.010062587609701,-0.00035832130455092906,-0.0017518199193125028
2024-09-30 00:00:00-04:00,2024-09-03 00:00:00-04:00,__cash_interest__,-0.0001663359938042863,-1.1896757980286156e-08,
2024-09-30 00:00:00-04:00,2024-09-03 00:00:00-04:00,JPM,4.48122726758956,0.00032050835804005176,0.0017101649254320783
2024-09-30 00:00:00-04:00,2024-09-03 00:00:00-04:00,AXP,1.5156245014871055,0.00010840117926850845,0.0005168084084370417
2024-09-30 00:00:00-04:00,2024-09-03 00:00:00-04:00,GS,-18.540435098847837,-0.0013260573624234522,-0.0068204037465030565
2024-09-30 00:00:00-04:00,2024-09-03 00:00:00-04:00,MMM,-12.482941604193874,-0.0008928105802636729,-0.0043700289641855905
2024-09-30 00:00:00-04:00,2024-09-03 00:00:00-04:00,WMT,34.711566206909374,0.002482656296064039,0.012158555781834668
2024-10-01 00:00:00-04:00,2024-10-01 00:00:00-04:00,__cash_interest__,-0.000166359792814265,-1.1890223952216828e-08,
2024-10-01 00:00:00-04:00,2024-10-01 00:00:00-04:00,JPM,-24.398676472188264,-0.0017438452073326107,-0.018116359761916168
2024-10-01 00:00:00-04:00,2024-10-01 00:00:00-04:00,AXP,-26.693097191740936,-0.0019078342081276902,-0.009587115182076555
2024-10-01 00:00:00-04:00,2024-10-01 00:00:00-04:00,GS,-2.8900657722620275,-0.00020656150556281163,-0.009977516794435703
2024-10-01 00:00:00-04:00,2024-10-01 00:00:00-04:00,MMM,7.1787406501543245,0.0005130857196998048,0.0026334566982118
2024-10-01 00:00:00-04:00,2024-10-01 00:00:00-04:00,WMT,17.894436517767566,0.0012789680372620599,0.006439535977182276
2024-10-01 00:00:00-04:00,2024-10-01 00:00:00-04:00,__costs__,-2.529375491287966,-0.0001807819097505123,
2024-10-01 00:00:00-04:00,2024-10-01 00:00:00-04:00,IBM,-16.183825952524533,-0.0011567056662186172,-0.007825204953992304
2024-10-01 00:00:00-04:00,2024-10-01 00:00:00-04:00,CAT,7.9852339207363165,0.000570728167078192,0.003247133645997158
2024-10-02 00:00:00-04:00,2024-10-01 00:00:00-04:00,__cash_interest__,-0.00036189781405841396,-2.5939386961159843e-08,
2024-10-02 00:00:00-04:00,2024-10-01 00:00:00-04:00,AXP,23.85690407724302,0.0017099674065867462,0.008637531071362226
2024-10-02 00:00:00-04:00,2024-10-01 00:00:00-04:00,MMM,-33.434215553555305,-0.0023964307638689275,-0.011892772421470021
2024-10-02 00:00:00-04:00,2024-10-01 00:00:00-04:00,WMT,-29.0433346337825,-0.002081709992275717,-0.010335843141981882
2024-10-02 00:00:00-04:00,2024-10-01 00:00:00-04:00,IBM,4.804224182344601,0.0003443475624140787,0.0017322635629763994
2024-10-02 00:00:00-04:00,2024-10-01 00:00:00-04:00,CAT,11.834642874514195,0.0008482598378436365,0.004230361974635555
2024-10-03 00:00:00-04:00,2024-10-01 00:00:00-04:00,__cash_interest__,-0.00036194959364917515,-2.598403855538179e-08,
2024-10-03 00:00:00-04:00,2024-10-01 00:00:00-04:00,AXP,-23.959819858630112,-0.001720054101207487,-0.008600505198545716
2024-10-03 00:00:00-04:00,2024-10-01 00:00:00-04:00,MMM,-13.33212448538436,-0.000957101327731153,-0.004799403395518431
2024-10-03 00:00:00-04:00,2024-10-01 00:00:00-04:00,WMT,0.0,0.0,0.0
2024-10-03 00:00:00-04:00,2024-10-01 00:00:00-04:00,IBM,37.80426179480189,0.0027139342418657183,0.013607545832855283
2024-10-03 00:00:00-04:00,2024-10-01 00:00:00-04:00,CAT,-21.10334392129491,-0.0015149902409613012,-0.007511735747566917
2024-10-04 00:00:00-04:00,2024-10-01 00:00:00-04:00,__cash_interest__,-0.0003620013806484531,-2.602622924364144e-08,
2024-10-04 00:00:00-04:00,2024-10-01 00:00:00-04:00,AXP,83.30375252967943,0.005989155500758936,0.030161732655021645
2024-10-04 00:00:00-04:00,2024-10-01 00:00:00-04:00,MMM,10.05088368931897,0.0007226121694088903,0.003635645365398066
2024-10-04 00:00:00-04:00,2024-10-01 00:00:00-04:00,WMT,17.633941248745906,0.0012677990249281856,0.006341047100006936
2024-10-04 00:00:00-04:00,2024-10-01 00:00:00-04:00,IBM,41.47133970927837,0.0029815980049059006,0.014727101296705625
2024-10-04 00:00:00-04:00,2024-10-01 00:00:00-04:00,CAT,42.776921916422125,0.0030754633425426675,0.015341689040646367
2024-10-07 00:00:00-04:00,2024-10-01 00:00:00-04:00,__cash_interest__,-0.0003620531750573078,-2.5669638522846503e-08,
2024-10-07 00:00:00-04:00,2024-10-01 00:00:00-04:00,AXP,-22.475395971333405,-0.0015935098211765399,-0.007899391888130713
2024-10-07 00:00:00-04:00,2024-10-01 00:00:00-04:00,MMM,-8.614349541845538,-0.0006107590102299809,-0.003104728863828843
2024-10-07 00:00:00-04:00,2024-10-01 00:00:00-04:00,WMT,-63.61933273745204,-0.004510622712193021,-0.022732935098191742
2024-10-07 00:00:00-04:00,2024-10-01 00:00:00-04:00,IBM,14.160697053992683,0.0010039960968440415,0.004955695128234128
2024-10-07 00:00:00-04:00,2024-10-01 00:00:00-04:00,CAT,8.270512656294443,0.00058638091007516,0.002921351784130888
2024-10-08 00:00:00-04:00,2024-10-01 00:00:00-04:00,__cash_interest__,-0.0003621049768767994,-2.5805552874890262e-08,
2024-10-08 00:00:00-04:00,2024-10-01 00:00:00-04:00,AXP,-48.2501885353602,-0.0034385685670823996,-0.017093445303473787
2024-10-08 00:00:00-04:00,2024-10-01 00:00:00-04:00,MMM,-3.2825355541974073,-0.0002339311807812265,-0.0011867550598877452
2024-10-08 00:00:00-04:00,2024-10-01 00:00:00-04:00,WMT,21.09095153716615,0.0015030549145400626,0.007711685562948212
2024-10-08 00:00:00-04:00,2024-10-01 00:00:00-04:00,IBM,18.96553183930911,0.0013515860480598206,0.006604471330785344
2024-10-08 00:00:00-04:00,2024-10-01 00:00:00-04:00,CAT,-73.36327855636043,-0.005228262754603306,-0.02583826098457931
2024-10-09 00:00:00-04:00,2024-10-01 00:00:00-04:00,__cash_interest__,-0.00036215678610798825,-2.596624079789549e-08,
2024-10-09 00:00:00-04:00,2024-10-01 00:00:00-04:00,AXP,23.815866008652527,0.0017075712379629082,0.008583901766596957
2024-10-09 00:00:00-04:00,2024-10-01 00:00:00-04:00,MMM,6.5634526607297925,0.0004705922925969395,0.0023757444192502586
2024-10-09 00:00:00-04:00,2024-10-01 00:00:00-04:00,WMT,23.857149289849055,0.0017105312035402386,0.008656361664036716
2024-10-09 00:00:00-04:00,2024-10-01 00:00:00-04:00,IBM,71.81566146293069,0.005149103455017295,0.024844676324866866
2024-10-09 00:00:00-04:00,2024-10-01 00:00:00-04:00,CAT,58.67612725854195,0.004207013392892634,0.02121362672221494
2024-10-10 00:00:00-04:00,2024-10-01 00:00:00-04:00,__cash_interest__,-0.0003622086027519347,-2.5630485705527915e-08,
2024-10-10 00:00:00-04:00,2024-10-01 00:00:00-04:00,AXP,-9.79431216696049,-0.0006930618877726755,-0.003500098533003926
2024-10-10 00:00:00-04:00,2024-10-01 00:00:00-04:00,MMM,-31.792138552624092,-0.0022496648244416727,-0.011480387680785853
2024-10-10 00:00:00-04:00,2024-10-01 00:00:00-04:00,WMT,-27.31442754279053,-0.0019328145145399399,-0.009825750130035726
2024-10-10 00:00:00-04:00,2024-10-01 00:00:00-04:00,IBM,-16.183624699659646,-0.0011451803142630893,-0.005463009142207986
2024-10-10 00:00:00-04:00,2024-10-01 00:00:00-04:00,CAT,3.208653834297698,0.0002270497045324946,0.001135951384944045
2024-10-11 00:00:00-04:00,2024-10-01 00:00:00-04:00,__cash_interest__,-0.0003622604268096994,-2.5783534863039433e-08,
2024-10-11 00:00:00-04:00,2024-10-01 00:00:00-04:00,AXP,58.6632778302867,0.0041753019573179265,0.021037561292101437
2024-10-11 00:00:00-04:00,2024-10-01 00:00:00-04:00,MMM,26.459677185909953,0.0018832418853910876,0.00966576123072449
2024-10-11 00:00:00-04:00,2024-10-01 00:00:00-04:00,WMT,16.941788890402407,0.001205815408392405,0.006154903532712419
2024-10-11 00:00:00-04:00,2024-10-01 00:00:00-04:00,IBM,3.034289701338473,0.00021596262939346626,0.0010298932953725082
2024-10-11 00:00:00-04:00,2024-10-01 00:00:00-04:00,CAT,38.35643704684686,0.0027299822410325556,0.013563821963983314
2024-10-14 00:00:00-04:00,2024-10-01 00:00:00-04:00,__cash_interest__,-0.00036231225828234315,-2.552659032563766e-08,
2024-10-14 00:00:00-04:00,2024-10-01 00:00:00-04:00,AXP,3.7110597182417644,0.0002614614850478285,0.0013034227374355556
2024-10-14 00:00:00-04:00,2024-10-01 00:00:00-04:00,MMM,20.716130112280254,0.0014595480953798995,0.007495187855172336
2024-10-14 00:00:00-04:00,2024-10-01 00:00:00-04:00,WMT,6.569686167056747,0.000462865066033122,0.002372147885719267
2024-10-14 00:00:00-04:00,2024-10-01 00:00:00-04:00,IBM,25.287307940970834,0.0017816089174227756,0.008574143313747173
2024-10-14 00:00:00-04:00,2024-10-01 00:00:00-04:00,CAT,-57.53499008380597,-0.004053608697154353,-0.020073576816440286
2024-10-15 00:00:00-04:00,2024-10-01 00:00:00-04:00,__cash_interest__,-0.00036236409717092674,-2.553249332352192e-08,
2024-10-15 00:00:00-04:00,2024-10-01 00:00:00-04:00,AXP,8.144774175569225,0.000573887959328438,0.0028569372157569717
2024-10-15 00:00:00-04:00,2024-10-01 00:00:00-04:00,MMM,-0.6156574917743288,-4.337976891482585e-05,-0.00022109049924601276
2024-10-15 00:00:00-04:00,2024-10-01 00:00:00-04:00,WMT,47.0229501149183,0.0033132784655956903,0.01693861972865318
2024-10-15 00:00:00-04:00,2024-10-01 00:00:00-04:00,IBM,-29.080170067643927,-0.0020490143860713915,-0.009776361522015775
2024-10-15 00:00:00-04:00,2024-10-01 00:00:00-04:00,CAT,-42.49191638401787,-0.0029940178396504614,-0.015128837968294562
2024-10-16 00:00:00-04:00,2024-10-01 00:00:00-04:00,__cash_interest__,-0.0003624159434765113,-2.5566807993863228e-08,
2024-10-16 00:00:00-04:00,2024-10-01 00:00:00-04:00,AXP,45.05338711414304,0.003178312981407622,0.015758327161908836
2024-10-16 00:00:00-04:00,2024-10-01 00:00:00-04:00,MMM,12.71776175174205,0.0008971806529796341,0.004568121280190018
2024-10-16 00:00:00-04:00,2024-10-01 00:00:00-04:00,WMT,-14.868011460584231,-0.0010488710585326432,-0.005266550980042584
2024-10-16 00:00:00-04:00,2024-10-01 00:00:00-04:00,IBM,8.976881357494857,0.0006332784365090609,0.003047702047858092
2024-10-16 00:00:00-04:00,2024-10-01 00:00:00-04:00,CAT,40.139394192051896,0.0028316529743529105,0.014510776260824754
2024-10-17 00:00:00-04:00,2024-10-01 00:00:00-04:00,__cash_interest__,-0.0003624677972001581,-2.5405545221048213e-08,
2024-10-17 00:00:00-04:00,2024-10-01 00:00:00-04:00,AXP,42.27081369776116,0.002962782010496647,0.014555692844134605
2024-10-17 00:00:00-04:00,2024-10-01 00:00:00-04:00,MMM,-13.743210192299921,-0.0009632683254066854,-0.004914006620217126
2024-10-17 00:00:00-04:00,2024-10-01 00:00:00-04:00,WMT,-11.40992931407906,-0.0007997275272366533,-0.004063026336292408
2024-10-17 00:00:00-04:00,2024-10-01 00:00:00-04:00,IBM,-9.988446947490312,-0.0007000951327887933,-0.0033808305290065066
2024-10-17 00:00:00-04:00,2024-10-01 00:00:00-04:00,CAT,6.202326969661355,0.00043472413141420373,0.0022101300275154667
2024-10-18 00:00:00-04:00,2024-10-01 00:00:00-04:00,__cash_interest__,-0.00036251965834292835,-2.5385460280006513e-08,
2024-10-18 00:00:00-04:00,2024-10-01 00:00:00-04:00,AXP,-92.68543974135896,-0.006490303339256422,-0.03145776742138273
2024-10-18 00:00:00-04:00,2024-10-01 00:00:00-04:00,MMM,-11.075684750810835,-0.0007755754725157979,-0.003979765850149919
2024-10-18 00:00:00-04:00,2024-10-01 00:00:00-04:00,WMT,14.521801299151866,0.0010168899853840374,0.005192246686952284
2024-10-18 00:00:00-04:00,2024-10-01 00:00:00-04:00,IBM,-8.597493377665577,-0.0006020399766566368,-0.002919900468590031
2024-10-18 00:00:00-04:00,2024-10-01 00:00:00-04:00,CAT,-4.4918477571882285,-0.00031454190193479876,-0.0015970900641603114
2024-10-21 00:00:00-04:00,2024-10-01 00:00:00-04:00,__cash_interest__,-0.0003625715269058837,-2.5572333391333734e-08,
2024-10-21 00:00:00-04:00,2024-10-01 00:00:00-04:00,AXP,-62.37433754852847,-0.0043992901716979034,-0.021857665029870632
2024-10-21 00:00:00-04:00,2024-10-01 00:00:00-04:00,MMM,-6.153338022413244,-0.0004339977072153489,-0.002219880247911976
2024-10-21 00:00:00-04:00,2024-10-01 00:00:00-04:00,WMT,-17.287463122792307,-0.001219292574458522,-0.006149176579942961
2024-10-21 00:00:00-04:00,2024-10-01 00:00:00-04:00,IBM,-5.689598491495551,-0.0004012899488522761,-0.0019379732102968728
2024-10-21 00:00:00-04:00,2024-10-01 00:00:00-04:00,CAT,-14.095062339654692,-0.00099413110675634,-0.005019558759469134
2024-10-22 00:00:00-04:00,2024-10-01 00:00:00-04:00,__cash_interest__,-0.00036262340289008573,-2.576791233682042e-08,
2024-10-22 00:00:00-04:00,2024-10-01 00:00:00-04:00,AXP,17.113836431967787,0.0012161041824961768,0.00613116693178517
2024-10-22 00:00:00-04:00,2024-10-01 00:00:00-04:00,MMM,-63.79062918253848,-0.0045329433444881795,-0.02306432840248973
2024-10-22 00:00:00-04:00,2024-10-01 00:00:00-04:00,WMT,41.83622884194239,0.002972870114588524,0.014973282751694406
2024-10-22 00:00:00-04:00,2024-10-01 00:00:00-04:00,IBM,6.321776101661723,0.0004492235501137848,0.0021574847145751086
2024-10-22 00:00:00-04:00,2024-10-01 00:00:00-04:00,CAT,-14.453660849909815,-0.00102707288817622,-0.005173230837187459
2024-10-23 00:00:00-04:00,2024-10-01 00:00:00-04:00,__cash_interest__,-0.0003626752862965963,-2.5795378475256163e-08,
2024-10-23 00:00:00-04:00,2024-10-01 00:00:00-04:00,AXP,-12.06198606649604,-0.0008579120428241094,-0.004294968509805042
2024-10-23 00:00:00-04:00,2024-10-01 00:00:00-04:00,MMM,-78.3540686514715,-0.005572954464528894,-0.028998765669696502
2024-10-23 00:00:00-04:00,2024-10-01 00:00:00-04:00,WMT,43.2197296650657,0.0030740150388876633,0.015240244397245473
2024-10-23 00:00:00-04:00,2024-10-01 00:00:00-04:00,IBM,6.321979635985666,0.0004496525227521214,0.0021529093074910133
2024-10-23 00:00:00-04:00,2024-10-01 00:00:00-04:00,CAT,-19.53313738478601,-0.0013892997143391493,-0.007027624359039919
2024-10-24 00:00:00-04:00,2024-10-01 00:00:00-04:00,__cash_interest__,-0.00036272717712647736,-2.5910393865551782e-08,
2024-10-24 00:00:00-04:00,2024-10-01 00:00:00-04:00,AXP,-12.88755658696883,-0.0009205862923706854,-0.0046087276554616086
2024-10-24 00:00:00-04:00,2024-10-01 00:00:00-04:00,MMM,-29.536831731416083,-0.0021098803507482054,-0.011258021836371368
2024-10-24 00:00:00-04:00,2024-10-01 00:00:00-04:00,WMT,-7.952115132095119,-0.0005680369383101257,-0.0027620002890811346
2024-10-24 00:00:00-04:00,2024-10-01 00:00:00-04:00,IBM,-181.56259013880356,-0.012969412049612735,-0.06169713832990453
2024-10-24 00:00:00-04:00,2024-10-01 00:00:00-04:00,CAT,9.515795045140589,0.0006797340070206204,0.00344781891314927
2024-10-25 00:00:00-04:00,2024-10-01 00:00:00-04:00,__cash_interest__,-0.00036277907538079105,-2.633247692946899e-08,
2024-10-25 00:00:00-04:00,2024-10-01 00:00:00-04:00,AXP,-27.114941991435053,-0.0019681498545193092,-0.009741488248947494
2024-10-25 00:00:00-04:00,2024-10-01 00:00:00-04:00,MMM,-35.279731425979776,-0.002560794645825002,-0.013600049063369424
2024-10-25 00:00:00-04:00,2024-10-01 00:00:00-04:00,WMT,-18.32555767804694,-0.0013301685723475316,-0.006382626652272738
2024-10-25 00:00:00-04:00,2024-10-01 00:00:00-04:00,IBM,-47.03454338560547,-0.0034140227831209254,-0.01703383917373913
2024-10-25 00:00:00-04:00,2024-10-01 00:00:00-04:00,CAT,-7.798848570977537,-0.0005660828146059111,-0.002816015641041947
2024-10-28 00:00:00-04:00,2024-10-01 00:00:00-04:00,__cash_interest__,-0.00036283098106059964,-2.6597948255265327e-08,
2024-10-28 00:00:00-04:00,2024-10-01 00:00:00-04:00,AXP,42.47664526053535,0.0031138234375533767,0.015410554183009184
2024-10-28 00:00:00-04:00,2024-10-01 00:00:00-04:00,MMM,113.63363823268477,0.008330109024691272,0.04440880374814693
2024-10-28 00:00:00-04:00,2024-10-01 00:00:00-04:00,WMT,8.298325293527485,0.0006083229886197049,0.002908797713539135
2024-10-28 00:00:00-04:00,2024-10-01 00:00:00-04:00,IBM,-22.252611170984476,-0.0016312658823683256,-0.00819856836443389
2024-10-28 00:00:00-04:00,2024-10-01 00:00:00-04:00,CAT,33.199799389739155,0.0024337683173366776,0.0120216682673
2024-10-29 00:00:00-04:00,2024-10-01 00:00:00-04:00,__cash_interest__,-0.0003628828941669655,-2.626413543121514e-08,
2024-10-29 00:00:00-04:00,2024-10-01 00:00:00-04:00,AXP,-10.722157248998647,-0.0007760304898056597,-0.0038309681937883644
2024-10-29 00:00:00-04:00,2024-10-01 00:00:00-04:00,MMM,-20.921511120971534,-0.0015142223850707253,-0.007828610543809567
2024-10-29 00:00:00-04:00,2024-10-01 00:00:00-04:00,WMT,-36.30463723014028,-0.0026275967380121855,-0.012688892716326672
2024-10-29 00:00:00-04:00,2024-10-01 00:00:00-04:00,IBM,-31.35649794661961,-0.0022694685309132094,-0.011648228049411014
2024-10-29 00:00:00-04:00,2024-10-01 00:00:00-04:00,CAT,-22.18070051522681,-0.0016053579037624767,-0.00793623879524219
2024-10-30 00:00:00-04:00,2024-10-01 00:00:00-04:00,__cash_interest__,-0.0003629348147009513,-2.6500907843047062e-08,
2024-10-30 00:00:00-04:00,2024-10-01 00:00:00-04:00,AXP,37.630626457837785,0.0027477269290271636,0.013496923485235568
2024-10-30 00:00:00-04:00,2024-10-01 00:00:00-04:00,MMM,-35.0746741068215,-0.002561095459788496,-0.013228133946712961
2024-10-30 00:00:00-04:00,2024-10-01 00:00:00-04:00,WMT,-10.718044920256792,-0.0007826141477317454,-0.0037942258102215964
2024-10-30 00:00:00-04:00,2024-10-01 00:00:00-04:00,IBM,-69.91912863243218,-0.005105380661485991,-0.02627948040948025
2024-10-30 00:00:00-04:00,2024-10-01 00:00:00-04:00,CAT,-59.17299136354719,-0.0043207152563054275,-0.021341424670535347
2024-10-31 00:00:00-04:00,2024-10-01 00:00:00-04:00,__cash_interest__,-0.0003629867426636197,-2.6773021574117467e-08,
2024-10-31 00:00:00-04:00,2024-10-01 00:00:00-04:00,AXP,-41.23941161451418,-0.003041718958541891,-0.014594303152318688
2024-10-31 00:00:00-04:00,2024-10-01 00:00:00-04:00,MMM,18.66523323116451,0.0013767023233875989,0.007133811040359372
2024-10-31 00:00:00-04:00,2024-10-01 00:00:00-04:00,WMT,19.361776481652946,0.0014280776638085422,0.006880242548665372
2024-10-31 00:00:00-04:00,2024-10-01 00:00:00-04:00,IBM,23.01159066496698,0.0016972791039337003,0.008882456410087558
2024-10-31 00:00:00-04:00,2024-10-01 00:00:00-04:00,CAT,-21.75118513540631,-0.0016043146496744541,-0.00801588729383862
2024-11-01 00:00:00-04:00,2024-11-01 00:00:00-04:00,__cash_interest__,-0.0003630386780560336,-2.678070865926948e-08,
2024-11-01 00:00:00-04:00,2024-11-01 00:00:00-04:00,AXP,26.791298896119514,0.001976345810265547,0.0096639611428877
2024-11-01 00:00:00-04:00,2024-11-01 00:00:00-04:00,MMM,-26.514846798455416,-0.001955952437511354,-0.009729806220742487
2024-11-01 00:00:00-04:00,2024-11-01 00:00:00-04:00,WMT,8.827614258014481,0.0006511971861130737,0.002928769588611324
2024-11-01 00:00:00-04:00,2024-11-01 00:00:00-04:00,IBM,13.275830061810128,0.0009793340450640164,0.007401303942110804
2024-11-01 00:00:00-04:00,2024-11-01 00:00:00-04:00,CAT,13.379720648288464,0.0009869978662959997,0.009117348413146598
2024-11-01 00:00:00-04:00,2024-11-01 00:00:00-04:00,__costs__,-2.4965231427841754,-0.00018416401058431422,
2024-11-01 00:00:00-04:00,2024-11-01 00:00:00-04:00,GS,-3.4065216994880525,-0.0002512929632290811,0.003012913751590851
2024-11-01 00:00:00-04:00,2024-11-01 00:00:00-04:00,JPM,-7.557514826940566,-0.0005575042412895899,0.004596218658779128
2024-11-04 00:00:00-05:00,2024-11-01 00:00:00-04:00,__cash_interest__,-0.0003571973679794232,-2.6306533224397426e-08,
2024-11-04 00:00:00-05:00,2024-11-01 00:00:00-04:00,AXP,-25.019612945213655,-0.0018426207419387876,-0.009167990572113038
2024-11-04 00:00:00-05:00,2024-11-01 00:00:00-04:00,MMM,-29.06057627645065,-0.002140225779548923,-0.010768760546845724
2024-11-04 00:00:00-05:00,2024-11-01 00:00:00-04:00,WMT,8.584867824878776,0.0006322502092883385,0.003163309047382601
2024-11-04 00:00:00-05:00,2024-11-01 00:00:00-04:00,GS,-41.29599233469466,-0.003041328105333876,-0.015172819794298742
2024-11-04 00:00:00-05:00,2024-11-01 00:00:00-04:00,JPM,-38.51920419410677,-0.002836825844047068,-0.01417420030576877
2024-11-05 00:00:00-05:00,2024-11-01 00:00:00-04:00,__cash_interest__,-0.0003572484750400809,-2.6555370691560044e-08,
2024-11-05 00:00:00-05:00,2024-11-01 00:00:00-04:00,AXP,57.544518462999214,0.0042774598796560875,0.02128126810585873
2024-11-05 00:00:00-05:00,2024-11-01 00:00:00-04:00,MMM,14.211778009363128,0.00105640488229504,0.0053236818102135874
2024-11-05 00:00:00-05:00,2024-11-01 00:00:00-04:00,WMT,40.614278556975606,0.0030189834185569637,0.014918154968223574
2024-11-05 00:00:00-05:00,2024-11-01 00:00:00-04:00,GS,81.17682986536379,0.0060341217926782875,0.030285200568562543
2024-11-05 00:00:00-05:00,2024-11-01 00:00:00-04:00,JPM,20.84430228010318,0.0015494206764436655,0.007780516761147327
2024-11-06 00:00:00-05:00,2024-11-01 00:00:00-04:00,__cash_interest__,-0.0003572995894130311,-2.6142552937117622e-08,
2024-11-06 00:00:00-05:00,2024-11-01 00:00:00-04:00,AXP,192.35004238311555,0.014073683022469271,0.06965310206203079
2024-11-06 00:00:00-05:00,2024-11-01 00:00:00-04:00,MMM,156.9692563229163,0.011484975674512104,0.058488753093547174
2024-11-06 00:00:00-05:00,2024-11-01 00:00:00-04:00,WMT,-7.924375266497635,-0.0005798030729291528,-0.0028679421288065887
2024-11-06 00:00:00-05:00,2024-11-01 00:00:00-04:00,GS,361.70667925460396,0.026465006650739916,0.13097772237747263
2024-11-06 00:00:00-05:00,2024-11-01 00:00:00-04:00,JPM,311.68903772954087,0.022805363930447874,0.11544540462588992
2024-11-07 00:00:00-05:00,2024-11-01 00:00:00-04:00,__cash_interest__,-0.00035735071109932004,-2.4339132259068282e-08,
2024-11-07 00:00:00-05:00,2024-11-01 00:00:00-04:00,AXP,-83.4654138468498,-0.005684823574093097,-0.028256070965786306
2024-11-07 00:00:00-05:00,2024-11-01 00:00:00-04:00,MMM,-18.02971523977594,-0.001228002660087838,-0.006346881383514358
2024-11-07 00:00:00-05:00,2024-11-01 00:00:00-04:00,WMT,13.537666342859632,0.0009220495198802607,0.00491356241123353
2024-11-07 00:00:00-05:00,2024-11-01 00:00:00-04:00,GS,-72.37259974361913,-0.004929292771444856,-0.023171867080352793
2024-11-07 00:00:00-05:00,2024-11-01 00:00:00-04:00,JPM,-130.18543645639423,-0.00886692108816329,-0.043228404523337094
2024-11-08 00:00:00-05:00,2024-11-01 00:00:00-04:00,__cash_interest__,-0.00035740184009999416,-2.4834005488729945e-08,
2024-11-08 00:00:00-05:00,2024-11-01 00:00:00-04:00,AXP,7.806238745970347,0.0005424151588294163,0.002719538523055176
2024-11-08 00:00:00-05:00,2024-11-01 00:00:00-04:00,MMM,26.938960725500987,0.001871849060235946,0.009543716973931637
2024-11-08 00:00:00-05:00,2024-11-01 00:00:00-04:00,WMT,32.359529058447734,0.002248496320067548,0.0116876219588391
2024-11-08 00:00:00-05:00,2024-11-01 00:00:00-04:00,GS,37.156010441944545,0.0025817790053805968,0.012178611383638183
2024-11-08 00:00:00-05:00,2024-11-01 00:00:00-04:00,JPM,7.314104570621471,0.0005082193001612399,0.0025383978724229372
2024-11-11 00:00:00-05:00,2024-11-01 00:00:00-04:00,__cash_interest__,-0.0003574529764160999,-2.464648107480184e-08,
2024-11-11 00:00:00-05:00,2024-11-01 00:00:00-04:00,AXP,53.741143917908765,0.003705466659673568,0.018671569024448553
2024-11-11 00:00:00-05:00,2024-11-01 00:00:00-04:00,MMM,-28.424225509275626,-0.001959858169609321,-0.009974708763125784
2024-11-11 00:00:00-05:00,2024-11-01 00:00:00-04:00,WMT,-20.472198441663252,-0.0014115637153478044,-0.007308731530947132
2024-11-11 00:00:00-05:00,2024-11-01 00:00:00-04:00,GS,68.54707829702447,0.00472633990887222,0.022197317232078406
2024-11-11 00:00:00-05:00,2024-11-01 00:00:00-04:00,JPM,28.157636316386572,0.001941476771409301,0.00974751045774136
2024-11-12 00:00:00-05:00,2024-11-01 00:00:00-04:00,__cash_interest__,-0.000357504120048684,-2.4478612194455808e-08,
2024-11-12 00:00:00-05:00,2024-11-01 00:00:00-04:00,AXP,-44.634332205410885,-0.003056150817131777,-0.015223298538799446
2024-11-12 00:00:00-05:00,2024-11-01 00:00:00-04:00,MMM,-56.2115981334642,-0.0038488560952872047,-0.01992467415139465
2024-11-12 00:00:00-05:00,2024-11-01 00:00:00-04:00,WMT,25.75511528599501,0.0017634747230983508,0.009262470185932292
2024-11-12 00:00:00-05:00,2024-11-01 00:00:00-04:00,GS,-51.0955998876349,-0.0034985593293922613,-0.016186774102168622
2024-11-12 00:00:00-05:00,2024-11-01 00:00:00-04:00,JPM,3.291144791515917,0.00022534749254456263,0.0011283185095549708
2024-11-13 00:00:00-05:00,2024-11-01 00:00:00-04:00,__cash_interest__,-0.0003575552709987933,-2.4689874118783848e-08,
2024-11-13 00:00:00-05:00,2024-11-01 00:00:00-04:00,AXP,-8.706276319360542,-0.0006011850021617665,-0.0030153269147918937
2024-11-13 00:00:00-05:00,2024-11-01 00:00:00-04:00,MMM,23.333084626600733,0.00161119404176158,0.008438747560757687
2024-11-13 00:00:00-05:00,2024-11-01 00:00:00-04:00,WMT,16.840129134765334,0.0011628430684855536,0.006000737348603513
2024-11-13 00:00:00-05:00,2024-11-01 00:00:00-04:00,GS,8.541600175666424,0.0005898138000345624,0.0027504476635911157
2024-11-13 00:00:00-05:00,2024-11-01 00:00:00-04:00,JPM,19.503765165431872,0.0013467722219048465,0.006679030648681694
2024-11-14 00:00:00-05:00,2024-11-01 00:00:00-04:00,__cash_interest__,-0.0003576064292674747,-2.4592346575367697e-08,
2024-11-14 00:00:00-05:00,2024-11-01 00:00:00-04:00,AXP,6.605254999181703,0.00045423881357865387,0.002294579261907348
2024-11-14 00:00:00-05:00,2024-11-01 00:00:00-04:00,MMM,18.45450699335043,0.0012691036701651904,0.00661848764615991
2024-11-14 00:00:00-05:00,2024-11-01 00:00:00-04:00,WMT,-34.01012069020223,-0.00233885245518881,-0.012046727171782456
2024-11-14 00:00:00-05:00,2024-11-01 00:00:00-04:00,GS,-29.399981807384737,-0.002021816395744736,-0.009441007528600442
2024-11-14 00:00:00-05:00,2024-11-01 00:00:00-04:00,JPM,8.654641685292777,0.0005951737172240559,0.0029441033204122835
2024-11-15 00:00:00-05:00,2024-11-01 00:00:00-04:00,__cash_interest__,-0.0003576575948557754,-2.4646197100281734e-08,
2024-11-15 00:00:00-05:00,2024-11-01 00:00:00-04:00,AXP,-14.311593309101479,-0.000986212384661996,-0.004960278723094458
2024-11-15 00:00:00-05:00,2024-11-01 00:00:00-04:00,MMM,-39.02460412270621,-0.002689186805487889,-0.013903684959529539
2024-11-15 00:00:00-05:00,2024-11-01 00:00:00-04:00,WMT,-7.26465042515452,-0.0005006073093881976,-0.0026045890973522834
2024-11-15 00:00:00-05:00,2024-11-01 00:00:00-04:00,GS,25.83642793626029,0.0017803891331905652,0.008375744226081006
2024-11-15 00:00:00-05:00,2024-11-01 00:00:00-04:00,JPM,41.93209341103903,0.0028895419918389706,0.014222428861394132
2024-11-18 00:00:00-05:00,2024-11-01 00:00:00-04:00,__cash_interest__,-0.00035770876776474266,-2.4637554939315376e-08,
2024-11-18 00:00:00-05:00,2024-11-01 00:00:00-04:00,AXP,-13.310099218102293,-0.0009167466114484654,-0.00463616590987137
2024-11-18 00:00:00-05:00,2024-11-01 00:00:00-04:00,MMM,8.10368098219706,0.0005581492638751141,0.0029278876811560384
2024-11-18 00:00:00-05:00,2024-11-01 00:00:00-04:00,WMT,-5.613035170682656,-0.0003866035022237831,-0.0020176921075802934
2024-11-18 00:00:00-05:00,2024-11-01 00:00:00-04:00,GS,-29.085355768577283,-0.002003283439642003,-0.009350674240447998
2024-11-18 00:00:00-05:00,2024-11-01 00:00:00-04:00,JPM,-3.4128892169322502,-0.0002350662135272748,-0.001141343070320433
2024-11-19 00:00:00-05:00,2024-11-01 00:00:00-04:00,__cash_interest__,-0.0003577599479954239,-2.4714818547943024e-08,
2024-11-19 00:00:00-05:00,2024-11-01 00:00:00-04:00,AXP,0.09958921973888735,6.8798352330074395e-06,3.485043066420168e-05
2024-11-19 00:00:00-05:00,2024-11-01 00:00:00-04:00,MMM,-42.22309522231556,-0.0029168612719202344,-0.015210813298255688
2024-11-19 00:00:00-05:00,2024-11-01 00:00:00-04:00,WMT,83.20952297773596,0.005748290923504788,0.029971420149246475
2024-11-19 00:00:00-05:00,2024-11-01 00:00:00-04:00,GS,-34.640326872700925,-0.0023930274976202443,-0.011241663467404295
2024-11-19 00:00:00-05:00,2024-11-01 00:00:00-04:00,JPM,-23.648084102784722,-0.0016336599747445633,-0.007917461103268186
2024-11-20 00:00:00-05:00,2024-11-01 00:00:00-04:00,__cash_interest__,-0.0003578111355488667,-2.4747765003824432e-08,
2024-11-20 00:00:00-05:00,2024-11-01 00:00:00-04:00,AXP,21.616462576948866,0.001495088002914419,0.007564240173827841
2024-11-20 00:00:00-05:00,2024-11-01 00:00:00-04:00,MMM,-7.464150134912533,-0.0005162528919306152,-0.0027304829188076196
2024-11-20 00:00:00-05:00,2024-11-01 00:00:00-04:00,WMT,19.151469230580314,0.0013245984065569896,0.006697476718173778
2024-11-20 00:00:00-05:00,2024-11-01 00:00:00-04:00,GS,2.882305700780307,0.00019935272289018188,0.0009460159986816041
2024-11-20 00:00:00-05:00,2024-11-01 00:00:00-04:00,JPM,-28.15802158355561,-0.0019475305039165867,-0.009502640702290788
2024-11-21 00:00:00-05:00,2024-11-01 00:00:00-04:00,__cash_interest__,-0.0003578623304261188,-2.4737570796965185e-08,
2024-11-21 00:00:00-05:00,2024-11-01 00:00:00-04:00,AXP,52.94162921319251,0.0036596400051622886,0.018386761428009102
2024-11-21 00:00:00-05:00,2024-11-01 00:00:00-04:00,MMM,-11.088939341832452,-0.000766533380881968,-0.00406758428850218
2024-11-21 00:00:00-05:00,2024-11-01 00:00:00-04:00,WMT,39.95378599859447,0.0027618431047776214,0.013879316345415837
2024-11-21 00:00:00-05:00,2024-11-01 00:00:00-04:00,GS,74.31168969858508,0.005136865572780298,0.02436716036426123
2024-11-21 00:00:00-05:00,2024-11-01 00:00:00-04:00,JPM,48.514575627655375,0.003353615754541161,0.016529552114632695
2024-11-22 00:00:00-05:00,2024-11-01 00:00:00-04:00,__cash_interest__,-0.00035791353262822805,-2.4396018601749796e-08,
2024-11-22 00:00:00-05:00,2024-11-01 00:00:00-04:00,AXP,83.06456723740078,0.005661827628000965,0.028327679535927963
2024-11-22 00:00:00-05:00,2024-11-01 00:00:00-04:00,MMM,23.457442496145987,0.0015989007157208557,0.008639673801780212
2024-11-22 00:00:00-05:00,2024-11-01 00:00:00-04:00,WMT,67.69012305405356,0.0046138783550739165,0.023192586004203042
2024-11-22 00:00:00-05:00,2024-11-01 00:00:00-04:00,GS,34.954952911508386,0.0023825913348133375,0.01118924695821999
2024-11-22 00:00:00-05:00,2024-11-01 00:00:00-04:00,JPM,46.19892730814628,0.0031490004910239965,0.015484626426317538
2024-11-25 00:00:00-05:00,2024-11-01 00:00:00-04:00,__cash_interest__,-0.0003579647421562425,-2.398207299511752e-08,
2024-11-25 00:00:00-05:00,2024-11-01 00:00:00-04:00,AXP,39.13016051696726,0.002621549709549263,0.01297702966769454
2024-11-25 00:00:00-05:00,2024-11-01 00:00:00-04:00,MMM,40.51756804779859,0.002714499949502923,0.014795307941403602
2024-11-25 00:00:00-05:00,2024-11-01 00:00:00-04:00,WMT,-31.038288036006108,-0.0020794296243792803,-0.010393558064348052
2024-11-25 00:00:00-05:00,2024-11-01 00:00:00-04:00,GS,1.3101690626550493,8.777560020931841e-05,0.00041475061179907513
2024-11-25 00:00:00-05:00,2024-11-01 00:00:00-04:00,JPM,21.20992082352122,0.00142097198273324,0.007000588251600881
2024-11-26 00:00:00-05:00,2024-11-01 00:00:00-04:00,__cash_interest__,-0.0003580159590112103,-2.38717472218293e-08,
2024-11-26 00:00:00-05:00,2024-11-01 00:00:00-04:00,AXP,3.602951240365934,0.00024023717127062143,0.0011795665691454182
2024-11-26 00:00:00-05:00,2024-11-01 00:00:00-04:00,MMM,56.08422755644679,0.003739577718984112,0.0201810115427441
2024-11-26 00:00:00-05:00,2024-11-01 00:00:00-04:00,WMT,59.76549188187658,0.003985036641195583,0.020223413975868798
2024-11-26 00:00:00-05:00,2024-11-01 00:00:00-04:00,GS,12.944046421842756,0.0008630816488272215,0.004095903069915252
2024-11-26 00:00:00-05:00,2024-11-01 00:00:00-04:00,JPM,-3.900637452935663,-0.00026008625855017983,-0.0012785018173616658
2024-11-27 00:00:00-05:00,2024-11-01 00:00:00-04:00,__cash_interest__,-0.0003580671831941797,-2.3672342302028095e-08,
2024-11-27 00:00:00-05:00,2024-11-01 00:00:00-04:00,AXP,-13.209887565740038,-0.0008733248812078958,-0.004319676407937623
2024-11-27 00:00:00-05:00,2024-11-01 00:00:00-04:00,MMM,-10.022608269325326,-0.000662609210914314,-0.00353513260141769
2024-11-27 00:00:00-05:00,2024-11-01 00:00:00-04:00,WMT,18.821094998550073,0.0012442899662856019,0.0062424284656843465
2024-11-27 00:00:00-05:00,2024-11-01 00:00:00-04:00,GS,-0.36695331684069626,-2.4259817522587007e-05,-0.00011564190336554869
2024-11-27 00:00:00-05:00,2024-11-01 00:00:00-04:00,JPM,-2.194289161261797,-0.00014506764812024172,-0.0007201371617581165
2024-11-29 00:00:00-05:00,2024-11-01 00:00:00-04:00,__cash_interest__,-0.00035811841470619933,-2.3686648724683607e-08,
2024-11-29 00:00:00-05:00,2024-11-01 00:00:00-04:00,AXP,4.302876725343301,0.00028460063854141525,0.0014131591425090573
2024-11-29 00:00:00-05:00,2024-11-01 00:00:00-04:00,MMM,22.39044193308949,0.0014809473936005773,0.007925480952091002
2024-11-29 00:00:00-05:00,2024-11-01 00:00:00-04:00,WMT,20.472454347342595,0.0013540879629310818,0.006748013975137024
2024-11-29 00:00:00-05:00,2024-11-01 00:00:00-04:00,GS,16.455935385541984,0.0010884275840246994,0.005186533800881188
2024-11-29 00:00:00-05:00,2024-11-01 00:00:00-04:00,JPM,-0.8529815122524131,-5.641785683081368e-05,-0.00028013917628078033
2024-12-02 00:00:00-05:00,2024-12-02 00:00:00-05:00,__cash_interest__,-0.00035816965354831776,-2.359209231108953e-08,
2024-12-02 00:00:00-05:00,2024-12-02 00:00:00-05:00,AXP,-23.950490940847544,-0.001577582543843747,-0.007942778517019411
2024-12-02 00:00:00-05:00,2024-12-02 00:00:00-05:00,MMM,-14.587420264599265,-0.0009608512671402456,-0.0047926868176837445
2024-12-02 00:00:00-05:00,2024-12-02 00:00:00-05:00,WMT,4.663818162769129,0.00030719863485961714,0.001513488513942729
2024-12-02 00:00:00-05:00,2024-12-02 00:00:00-05:00,GS,-18.69045552918542,-0.0012311119823035805,-0.006374221407905112
2024-12-02 00:00:00-05:00,2024-12-02 00:00:00-05:00,JPM,-42.32143735238318,-0.002787648944749931,-0.013895645241384313
2024-12-02 00:00:00-05:00,2024-12-02 00:00:00-05:00,__costs__,-0.10136233142628434,-6.676583167182123e-06,
2024-12-03 00:00:00-05:00,2024-12-02 00:00:00-05:00,__cash_interest__,-1.45027127440864e-05,-9.612861868370267e-10,
2024-12-03 00:00:00-05:00,2024-12-02 00:00:00-05:00,AXP,-1.4911154941388045,-9.88359042054926e-05,-0.0004963086018902052
2024-12-03 00:00:00-05:00,2024-12-02 00:00:00-05:00,MMM,-39.6618470923924,-0.002628914081602109,-0.01309366832145542
2024-12-03 00:00:00-05:00,2024-12-02 00:00:00-05:00,WMT,28.52837014088549,0.001890951619419576,0.009391216092085486
2024-12-03 00:00:00-05:00,2024-12-02 00:00:00-05:00,GS,1.8522971563889081,0.00012277617999985625,0.000614934484499674
2024-12-03 00:00:00-05:00,2024-12-02 00:00:00-05:00,JPM,-17.44105828174846,-0.0011560491272159226,-0.00580705618163857
2024-12-04 00:00:00-05:00,2024-12-02 00:00:00-05:00,__cash_interest__,-1.4504787762231424e-05,-9.632250260922902e-10,
2024-12-04 00:00:00-05:00,2024-12-02 00:00:00-05:00,AXP,4.870853639436004,0.00032346065318888153,0.0016220386446228474
2024-12-04 00:00:00-05:00,2024-12-02 00:00:00-05:00,MMM,-15.95544253562334,-0.0010595592162132748,-0.005337296363905897
2024-12-04 00:00:00-05:00,2024-12-02 00:00:00-05:00,WMT,30.823458293449132,0.0020469052636723755,0.010052329499395052
2024-12-04 00:00:00-05:00,2024-12-02 00:00:00-05:00,GS,-16.870259111298704,-0.0011203097928104053,-0.005597227518473025
2024-12-04 00:00:00-05:00,2024-12-02 00:00:00-05:00,JPM,-17.319243799893794,-0.0011501256919105045,-0.005800179628960511
2024-12-05 00:00:00-05:00,2024-12-02 00:00:00-05:00,__cash_interest__,-1.4506863077265753e-05,-9.642882019804778e-10,
2024-12-05 00:00:00-05:00,2024-12-02 00:00:00-05:00,AXP,-20.575477377145425,-0.0013676761115909784,-0.006840725526948588
2024-12-05 00:00:00-05:00,2024-12-02 00:00:00-05:00,MMM,65.6465782813436,0.004363605046792699,0.022077440590843267
2024-12-05 00:00:00-05:00,2024-12-02 00:00:00-05:00,WMT,27.872449144122477,0.0018527143826219906,0.008999463278298814
2024-12-05 00:00:00-05:00,2024-12-02 00:00:00-05:00,GS,-9.561492442386184,-0.0006355636160906185,-0.003190175440218046
2024-12-05 00:00:00-05:00,2024-12-02 00:00:00-05:00,JPM,25.368829568400788,0.0016862958532502482,0.008545535219338651
2024-12-06 00:00:00-05:00,2024-12-02 00:00:00-05:00,__cash_interest__,-1.4508938689231864e-05,-9.587700268076148e-10,
2024-12-06 00:00:00-05:00,2024-12-02 00:00:00-05:00,AXP,34.39178756724001,0.002272655208907648,0.011512989066369883
2024-12-06 00:00:00-05:00,2024-12-02 00:00:00-05:00,MMM,-5.015002132181348,-0.0003313980320476711,-0.0016501519997673686
2024-12-06 00:00:00-05:00,2024-12-02 00:00:00-05:00,WMT,13.116895128603682,0.0008667819310186795,0.0041974118914742675
2024-12-06 00:00:00-05:00,2024-12-02 00:00:00-05:00,GS,14.417004226910745,0.0009526948748759589,0.004825603081844543
2024-12-06 00:00:00-05:00,2024-12-02 00:00:00-05:00,JPM,22.93003425367438,0.001515247257362201,0.007658576062092637
2024-12-09 00:00:00-05:00,2024-12-02 00:00:00-05:00,__cash_interest__,-1.4511014598172245e-05,-9.538745821538082e-10,
2024-12-09 00:00:00-05:00,2024-12-02 00:00:00-05:00,AXP,-72.2628446208039,-0.004750163419075949,-0.02391536052112908
2024-12-09 00:00:00-05:00,2024-12-02 00:00:00-05:00,MMM,-36.92606610618674,-0.0024273172381798383,-0.012170351308830374
2024-12-09 00:00:00-05:00,2024-12-02 00:00:00-05:00,WMT,-61.3193372901809,-0.004030797215446743,-0.01954019516467087
2024-12-09 00:00:00-05:00,2024-12-02 00:00:00-05:00,GS,-27.833251713481527,-0.0018296054468529737,-0.009271496233779097
2024-12-09 00:00:00-05:00,2024-12-02 00:00:00-05:00,JPM,-43.2983022441678,-0.0028461931232794013,-0.014351615440772014
2024-12-10 00:00:00-05:00,2024-12-02 00:00:00-05:00,__cash_interest__,-1.4513090804129383e-05,-9.694092318235972e-10,
2024-12-10 00:00:00-05:00,2024-12-02 00:00:00-05:00,AXP,53.57598989481687,0.003578635309946912,0.018165384894727854
2024-12-10 00:00:00-05:00,2024-12-02 00:00:00-05:00,MMM,-39.20546615492113,-0.0026187489171992447,-0.013080809983065267
2024-12-10 00:00:00-05:00,2024-12-02 00:00:00-05:00,WMT,23.609343866827036,0.0015769980502904264,0.007673359900989052
2024-12-10 00:00:00-05:00,2024-12-02 00:00:00-05:00,GS,-45.50499766369359,-0.003039529306654955,-0.015299960773945132
2024-12-10 00:00:00-05:00,2024-12-02 00:00:00-05:00,JPM,-11.586638864258543,-0.0007739353961474861,-0.0038964165334999246
2024-12-11 00:00:00-05:00,2024-12-02 00:00:00-05:00,__cash_interest__,-1.4515167307145776e-05,-9.707872216362244e-10,
2024-12-11 00:00:00-05:00,2024-12-02 00:00:00-05:00,AXP,2.286129808177985,0.00015289838262410403,0.0007613019787262587
2024-12-11 00:00:00-05:00,2024-12-02 00:00:00-05:00,MMM,0.0,0.0,0.0
2024-12-11 00:00:00-05:00,2024-12-02 00:00:00-05:00,WMT,13.444474425321049,0.0008991783351536961,0.004336363725038428
2024-12-11 00:00:00-05:00,2024-12-02 00:00:00-05:00,GS,37.69569522342512,0.002521121421423741,0.012871199540891665
2024-12-11 00:00:00-05:00,2024-12-02 00:00:00-05:00,JPM,8.171785739228289,0.0005465362545071406,0.002758801002712863
2024-12-12 00:00:00-05:00,2024-12-02 00:00:00-05:00,__cash_interest__,-1.4517244107263925e-05,-9.66942574223049e-10,
2024-12-12 00:00:00-05:00,2024-12-02 00:00:00-05:00,AXP,-20.27719245760895,-0.0013505924766509913,-0.006747352384181116
2024-12-12 00:00:00-05:00,2024-12-02 00:00:00-05:00,MMM,-0.45584422919513673,-3.0362180946045983e-05,-0.00015410718323938255
2024-12-12 00:00:00-05:00,2024-12-02 00:00:00-05:00,WMT,-28.528624275328248,-0.0019001913305312001,-0.009161857136467888
2024-12-12 00:00:00-05:00,2024-12-02 00:00:00-05:00,GS,-4.756034234997217,-0.00031678271387474105,-0.0016033118981809702
2024-12-12 00:00:00-05:00,2024-12-02 00:00:00-05:00,JPM,-24.393542735830202,-0.001624768091872301,-0.008212621359538264
2024-12-13 00:00:00-05:00,2024-12-02 00:00:00-05:00,__cash_interest__,-1.451932120452634e-05,-9.721582108778582e-10,
2024-12-13 00:00:00-05:00,2024-12-02 00:00:00-05:00,AXP,18.28934756896744,0.001224584755741047,0.006127228134735541
2024-12-13 00:00:00-05:00,2024-12-02 00:00:00-05:00,MMM,3.875033753676084,0.00025945743798895093,0.001310233937248828
2024-12-13 00:00:00-05:00,2024-12-02 00:00:00-05:00,WMT,12.094258130938297,0.0008097852634324669,0.00391993804537516
2024-12-13 00:00:00-05:00,2024-12-02 00:00:00-05:00,GS,-30.686935214954243,-0.002054679803253783,-0.010361519010591902
2024-12-13 00:00:00-05:00,2024-12-02 00:00:00-05:00,JPM,-19.39240292462289,-0.0012984411231254218,-0.00658294111927793
2024-12-16 00:00:00-05:00,2024-12-02 00:00:00-05:00,__cash_interest__,-1.4521398598975534e-05,-9.733283465712159e-10,
2024-12-16 00:00:00-05:00,2024-12-02 00:00:00-05:00,AXP,14.214126450657737,0.0009527327620597732,0.00473296300569559
2024-12-16 00:00:00-05:00,2024-12-02 00:00:00-05:00,MMM,-10.25703186516671,-0.0006874998849460209,-0.0034635894187291516
2024-12-16 00:00:00-05:00,2024-12-02 00:00:00-05:00,WMT,20.37548308270874,0.0013657111003675503,0.006578226215629535
2024-12-16 00:00:00-05:00,2024-12-02 00:00:00-05:00,GS,4.254868858897431,0.0002851918458873625,0.001451708824329545
2024-12-16 00:00:00-05:00,2024-12-02 00:00:00-05:00,JPM,-4.391103679767411,-0.00029432328126798474,-0.0015004807307897883
2024-12-17 00:00:00-05:00,2024-12-02 00:00:00-05:00,__cash_interest__,-1.4523476290654032e-05,-9.718913836883574e-10,
2024-12-17 00:00:00-05:00,2024-12-02 00:00:00-05:00,AXP,-22.166124212310905,-0.0014833270424088462,-0.007346018996738923
2024-12-17 00:00:00-05:00,2024-12-02 00:00:00-05:00,MMM,-32.36762381423537,-0.002165997593548921,-0.010967871314060407
2024-12-17 00:00:00-05:00,2024-12-02 00:00:00-05:00,WMT,18.07505810684714,0.0012095584336799328,0.005797397251966485
2024-12-17 00:00:00-05:00,2024-12-02 00:00:00-05:00,GS,-58.32028742226532,-0.0039027147292830153,-0.019869318955122228
2024-12-17 00:00:00-05:00,2024-12-02 00:00:00-05:00,JPM,-14.879870251867443,-0.0009957407853859917,-0.0050922300484843586
2024-12-18 00:00:00-05:00,2024-12-02 00:00:00-05:00,__cash_interest__,-1.4525554279604356e-05,-9.79216146037607e-10,
2024-12-18 00:00:00-05:00,2024-12-02 00:00:00-05:00,AXP,-134.78429106627934,-0.009086259395254419,-0.04499908412386777
2024-12-18 00:00:00-05:00,2024-12-02 00:00:00-05:00,MMM,-57.440845447555,-0.003872279310075916,-0.019679857611520024
2024-12-18 00:00:00-05:00,2024-12-02 00:00:00-05:00,WMT,-61.45529921705738,-0.004142907051568569,-0.019597568372110463
2024-12-18 00:00:00-05:00,2024-12-02 00:00:00-05:00,GS,-122.29757346796855,-0.008244488041961118,-0.042510594821146164
2024-12-18 00:00:00-05:00,2024-12-02 00:00:00-05:00,JPM,-97.45119999486626,-0.006569510990689175,-0.033520712381603035
2024-12-19 00:00:00-05:00,2024-12-02 00:00:00-05:00,__cash_interest__,-1.4527632565869041e-05,-1.011643297042675e-09,
2024-12-19 00:00:00-05:00,2024-12-02 00:00:00-05:00,AXP,52.68113513620745,0.003668492921988735,0.018416866163265988
2024-12-19 00:00:00-05:00,2024-12-02 00:00:00-05:00,MMM,36.470400779750314,0.0025396454874536743,0.01274599483672656
2024-12-19 00:00:00-05:00,2024-12-02 00:00:00-05:00,WMT,-4.929445786211602,-0.0003432658945045334,-0.00160338038246699
2024-12-19 00:00:00-05:00,2024-12-02 00:00:00-05:00,GS,18.722556267687615,0.0013037601595327435,0.0067968941871205946
2024-12-19 00:00:00-05:00,2024-12-02 00:00:00-05:00,JPM,31.589270664754647,0.002199744093304316,0.011242764046698106
2024-12-20 00:00:00-05:00,2024-12-02 00:00:00-05:00,__cash_interest__,-1.452971114949063e-05,-1.0023972071795879e-09,
2024-12-20 00:00:00-05:00,2024-12-02 00:00:00-05:00,AXP,55.36508120494859,0.003819608126005805,0.019005135307141208
2024-12-20 00:00:00-05:00,2024-12-02 00:00:00-05:00,MMM,49.007190499168836,0.0033809805565065926,0.016911902798355305
2024-12-20 00:00:00-05:00,2024-12-02 00:00:00-05:00,WMT,-38.12219948951023,-0.0026300306941179504,-0.012419763293591957
2024-12-20 00:00:00-05:00,2024-12-02 00:00:00-05:00,GS,60.62306677287457,0.004182353812719911,0.02185955918551552
2024-12-20 00:00:00-05:00,2024-12-02 00:00:00-05:00,JPM,56.59227129872481,0.003904271331627953,0.01991751691116317
2024-12-23 00:00:00-05:00,2024-12-02 00:00:00-05:00,__cash_interest__,-1.4531790030511661e-05,-9.900098925776423e-10,
2024-12-23 00:00:00-05:00,2024-12-02 00:00:00-05:00,AXP,1.4908063905952433,0.00010156443710708453,0.0005022036881097147
2024-12-23 00:00:00-05:00,2024-12-02 00:00:00-05:00,MMM,-6.838557951720605,-0.0004658916767276274,-0.002320672569462001
2024-12-23 00:00:00-05:00,2024-12-02 00:00:00-05:00,WMT,-62.11274502047695,-0.004231566234876279,-0.02049008225157256
2024-12-23 00:00:00-05:00,2024-12-02 00:00:00-05:00,GS,23.42885172792116,0.001596141626989917,0.008267292230740297
2024-12-23 00:00:00-05:00,2024-12-02 00:00:00-05:00,JPM,9.635486965817426,0.0006564385664761982,0.0033249620104582878
2024-12-24 00:00:00-05:00,2024-12-02 00:00:00-05:00,__cash_interest__,-1.453386920897469e-05,-9.924772271957119e-10,
2024-12-24 00:00:00-05:00,2024-12-02 00:00:00-05:00,AXP,46.3194751061762,0.003163027240547298,0.015595676992528285
2024-12-24 00:00:00-05:00,2024-12-02 00:00:00-05:00,MMM,31.455935355845096,0.002148037735301672,0.010699438024989849
2024-12-24 00:00:00-05:00,2024-12-02 00:00:00-05:00,WMT,76.57299481350887,0.005228955378493062,0.02578871924018933
2024-12-24 00:00:00-05:00,2024-12-02 00:00:00-05:00,GS,60.122216199146706,0.0041055777761742854,0.02104125246263866
2024-12-24 00:00:00-05:00,2024-12-02 00:00:00-05:00,JPM,47.81083491692325,0.0032648680255742725,0.016443631277324178
2024-12-26 00:00:00-05:00,2024-12-02 00:00:00-05:00,__cash_interest__,-1.4535948684922273e-05,-9.751537711376187e-10,
2024-12-26 00:00:00-05:00,2024-12-02 00:00:00-05:00,AXP,5.268360796455593,0.00035343148285231664,0.0017466072891239026
2024-12-26 00:00:00-05:00,2024-12-02 00:00:00-05:00,MMM,18.691044619070293,0.0012539011413609264,0.006290279075592098
2024-12-26 00:00:00-05:00,2024-12-02 00:00:00-05:00,WMT,3.61506244825798,0.00024251886517550762,0.0011868942511015224
2024-12-26 00:00:00-05:00,2024-12-02 00:00:00-05:00,GS,-7.809617242640386,-0.0005239133592430446,-0.002676844025926828
2024-12-26 00:00:00-05:00,2024-12-02 00:00:00-05:00,JPM,10.123323126536034,0.0006791298550417984,0.003425399281541397
2024-12-27 00:00:00-05:00,2024-12-02 00:00:00-05:00,__cash_interest__,-1.4538028458396974e-05,-9.733416788326694e-10,
2024-12-27 00:00:00-05:00,2024-12-02 00:00:00-05:00,AXP,-29.222958111811096,-0.00195651860156995,-0.00967132670191917
2024-12-27 00:00:00-05:00,2024-12-02 00:00:00-05:00,MMM,-22.794358292861368,-0.0015261147020160302,-0.0076232547442214305
2024-12-27 00:00:00-05:00,2024-12-02 00:00:00-05:00,WMT,-37.1359037171595,-0.0024863015623106024,-0.012177974589488105
2024-12-27 00:00:00-05:00,2024-12-02 00:00:00-05:00,GS,-25.2802044771943,-0.0016925456390101646,-0.00868836379192417
2024-12-27 00:00:00-05:00,2024-12-02 00:00:00-05:00,JPM,-24.02713556809963,-0.0016086508936420769,-0.008102238290612185
2024-12-30 00:00:00-05:00,2024-12-02 00:00:00-05:00,__cash_interest__,-1.4540108529441362e-05,-9.825896789380277e-10,
2024-12-30 00:00:00-05:00,2024-12-02 00:00:00-05:00,AXP,-36.97620229495447,-0.0024987732841044194,-0.01235676619305126
2024-12-30 00:00:00-05:00,2024-12-02 00:00:00-05:00,MMM,-23.933074352055655,-0.0016173463764709481,-0.008065568306730442
2024-12-30 00:00:00-05:00,2024-12-02 00:00:00-05:00,WMT,-35.8220286480914,-0.0024207766783147454,-0.011891935306022616
2024-12-30 00:00:00-05:00,2024-12-02 00:00:00-05:00,GS,-13.166294403264734,-0.0008897502356541554,-0.004564684573027278
2024-12-30 00:00:00-05:00,2024-12-02 00:00:00-05:00,JPM,-22.563819830377124,-0.0015248150615831462,-0.007670942476974085
2024-12-31 00:00:00-05:00,2024-12-02 00:00:00-05:00,__cash_interest__,-1.4542188898098014e-05,-9.916065952065709e-10,
2024-12-31 00:00:00-05:00,2024-12-02 00:00:00-05:00,AXP,-5.367583033938711,-0.0003660061613880328,-0.0018161896811140776
2024-12-31 00:00:00-05:00,2024-12-02 00:00:00-05:00,MMM,-0.912046263907695,-6.219085013691915e-05,-0.0003098634746879769
2024-12-31 00:00:00-05:00,2024-12-02 00:00:00-05:00,WMT,-7.22961662763044,-0.0004929749970247645,-0.0024289198564027004
2024-12-31 00:00:00-05:00,2024-12-02 00:00:00-05:00,GS,-4.6556122783541065,-0.0003174581125503343,-0.001621477666225557
2024-12-31 00:00:00-05:00,2024-12-02 00:00:00-05:00,JPM,4.756547125331409,0.00032434068440043243,0.0016295669127790458
2025-01-02 00:00:00-05:00,2025-01-02 00:00:00-05:00,__cash_interest__,-1.454426956440951e-05,-9.926560481508046e-10,
2025-01-02 00:00:00-05:00,2025-01-02 00:00:00-05:00,AXP,16.471608451346814,0.0011241982060076832,0.005525855835494697
2025-01-02 00:00:00-05:00,2025-01-02 00:00:00-05:00,MMM,13.99695742692749,0.0009553016316163823,0.004725514672339504
2025-01-02 00:00:00-05:00,2025-01-02 00:00:00-05:00,WMT,-11.504331082608017,-0.0007851782297149537,-0.0038739261370960287
2025-01-02 00:00:00-05:00,2025-01-02 00:00:00-05:00,GS,11.39443951250443,0.0007776780571403854,0.004104040631221162
2025-01-02 00:00:00-05:00,2025-01-02 00:00:00-05:00,JPM,14.757756110163996,0.0010072266465506435,0.001209737576604919
2025-01-02 00:00:00-05:00,2025-01-02 00:00:00-05:00,__costs__,-0.9098990705799317,-6.210121530119172e-05,
2025-01-02 00:00:00-05:00,2025-01-02 00:00:00-05:00,AAPL,-60.19016387423654,-0.004108018621653943,-0.026236021389423825
2025-01-03 00:00:00-05:00,2025-01-02 00:00:00-05:00,__cash_interest__,-0.000130186477173028,-8.895016973341011e-09,
2025-01-03 00:00:00-05:00,2025-01-02 00:00:00-05:00,AXP,52.722032140367716,0.0036022433430955526,0.01796928265940889
2025-01-03 00:00:00-05:00,2025-01-02 00:00:00-05:00,MMM,3.8477340962791584,0.00026289719822295736,0.0013104967851498284
2025-01-03 00:00:00-05:00,2025-01-02 00:00:00-05:00,WMT,25.567801711410695,0.0017469251425533893,0.008666758545694764
2025-01-03 00:00:00-05:00,2025-01-02 00:00:00-05:00,GS,26.27105992511226,0.0017949754000252378,0.008974355468910122
2025-01-03 00:00:00-05:00,2025-01-02 00:00:00-05:00,AAPL,-5.805891341693278,-0.00039668868189049374,-0.002009477609564936
2025-01-06 00:00:00-05:00,2025-01-02 00:00:00-05:00,__cash_interest__,-0.00013020510398493125,-8.83435777133227e-09,
2025-01-06 00:00:00-05:00,2025-01-02 00:00:00-05:00,AXP,-11.825493964169718,-0.0008023544492871499,-0.003959343816994143
2025-01-06 00:00:00-05:00,2025-01-02 00:00:00-05:00,MMM,9.507755216110562,0.0006450969171768572,0.003234000860716124
2025-01-06 00:00:00-05:00,2025-01-02 00:00:00-05:00,WMT,21.30582548529677,0.0014455906810877698,0.007160015537474029
2025-01-06 00:00:00-05:00,2025-01-02 00:00:00-05:00,GS,16.597623759402165,0.0011261413105702308,0.005619419576318618
2025-01-06 00:00:00-05:00,2025-01-02 00:00:00-05:00,AAPL,19.431580064468392,0.0013184239718564993,0.006739007926836571
2025-01-07 00:00:00-05:00,2025-01-02 00:00:00-05:00,__cash_interest__,-0.00013022373346192022,-8.802762034148494e-09,
2025-01-07 00:00:00-05:00,2025-01-02 00:00:00-05:00,AXP,1.379472808664489,9.324852347903876e-05,0.00046370310504317835
2025-01-07 00:00:00-05:00,2025-01-02 00:00:00-05:00,MMM,56.14163151127596,0.0037950180759264455,0.019034651331589547
2025-01-07 00:00:00-05:00,2025-01-02 00:00:00-05:00,WMT,-20.322584984458427,-0.0013737501973037733,-0.0067810363402651674
2025-01-07 00:00:00-05:00,2025-01-02 00:00:00-05:00,GS,-16.648529841031472,-0.0011253942926761108,-0.005605157003142458
2025-01-07 00:00:00-05:00,2025-01-02 00:00:00-05:00,AAPL,-33.05690457600571,-0.0022345547684149603,-0.011387624510386551
2025-01-08 00:00:00-05:00,2025-01-02 00:00:00-05:00,__cash_interest__,-0.00013024236560437623,-8.811471098139924e-09,
2025-01-08 00:00:00-05:00,2025-01-02 00:00:00-05:00,AXP,8.1793076352396,0.0005533662759906696,0.0027481603258223686
2025-01-08 00:00:00-05:00,2025-01-02 00:00:00-05:00,MMM,39.84188648640739,0.0026954795364877364,0.01325594942309083
2025-01-08 00:00:00-05:00,2025-01-02 00:00:00-05:00,WMT,32.45099217293821,0.002195452902831812,0.010901847437491563
2025-01-08 00:00:00-05:00,2025-01-02 00:00:00-05:00,GS,-0.5087406522576733,-3.4418551390828844e-05,-0.0001722461296381761
2025-01-08 00:00:00-05:00,2025-01-02 00:00:00-05:00,AAPL,5.805345024836585,0.00039275722353248764,0.0020228931680921214
2025-01-10 00:00:00-05:00,2025-01-02 00:00:00-05:00,__cash_interest__,-0.00013026100041268064,-8.761889832876982e-09,
2025-01-10 00:00:00-05:00,2025-01-02 00:00:00-05:00,AXP,-94.11141388207261,-0.006330320186691405,-0.031533773717481006
2025-01-10 00:00:00-05:00,2025-01-02 00:00:00-05:00,MMM,-75.15625356750515,-0.005055318260446456,-0.024678394657586478
2025-01-10 00:00:00-05:00,2025-01-02 00:00:00-05:00,WMT,39.33468959012483,0.00264581275828691,0.013071904233939113
2025-01-10 00:00:00-05:00,2025-01-02 00:00:00-05:00,GS,-101.92806263943196,-0.006856100082879045,-0.03451609147075396
2025-01-10 00:00:00-05:00,2025-01-02 00:00:00-05:00,AAPL,-69.31358698166115,-0.004662316511701917,-0.024103807037823
2025-01-13 00:00:00-05:00,2025-01-02 00:00:00-05:00,__cash_interest__,-0.00013027963788721488,-8.944340154232184e-09,
2025-01-13 00:00:00-05:00,2025-01-02 00:00:00-05:00,AXP,36.6590618623483,0.0025168255327493623,0.012683248908799571
2025-01-13 00:00:00-05:00,2025-01-02 00:00:00-05:00,MMM,76.74076098672464,0.00526863200643925,0.025836283349942812
2025-01-13 00:00:00-05:00,2025-01-02 00:00:00-05:00,WMT,-48.18486800898815,-0.003308129011935681,-0.01580642055231296
2025-01-13 00:00:00-05:00,2025-01-02 00:00:00-05:00,GS,15.019535228893623,0.001031165224468909,0.005267921511203477
2025-01-13 00:00:00-05:00,2025-01-02 00:00:00-05:00,AAPL,-29.0285461803719,-0.001992952969710118,-0.010344009954856404
2025-01-14 00:00:00-05:00,2025-01-02 00:00:00-05:00,__cash_interest__,-0.00013029827802836044,-8.91428145166953e-09,
2025-01-14 00:00:00-05:00,2025-01-02 00:00:00-05:00,AXP,32.914429114005515,0.0022518216616754386,0.011245062391153748
2025-01-14 00:00:00-05:00,2025-01-02 00:00:00-05:00,MMM,59.08339977097738,0.004042156678120965,0.019390604977358894
2025-01-14 00:00:00-05:00,2025-01-02 00:00:00-05:00,WMT,-24.256307421300463,-0.0016594812656283073,-0.008084757907148243
2025-01-14 00:00:00-05:00,2025-01-02 00:00:00-05:00,GS,43.682860826547945,0.0029885376991490367,0.015240950423876631
2025-01-14 00:00:00-05:00,2025-01-02 00:00:00-05:00,AAPL,-13.270400660305896,-0.000907886798293987,-0.004778190072325272
2025-01-15 00:00:00-05:00,2025-01-02 00:00:00-05:00,__cash_interest__,-0.00013031692083649883,-8.85608703266481e-09,
2025-01-15 00:00:00-05:00,2025-01-02 00:00:00-05:00,AXP,117.8611539640465,0.008009617097886194,0.03981895124347079
2025-01-15 00:00:00-05:00,2025-01-02 00:00:00-05:00,MMM,12.903838958088757,0.0008769200510170301,0.0041543605856397825
2025-01-15 00:00:00-05:00,2025-01-02 00:00:00-05:00,WMT,18.028357149168958,0.0012251724407248868,0.006057925398186947
2025-01-15 00:00:00-05:00,2025-01-02 00:00:00-05:00,GS,175.09034718988016,0.01189880288254006,0.06017194562269479
2025-01-15 00:00:00-05:00,2025-01-02 00:00:00-05:00,AAPL,54.384386238817015,0.003695858179102459,0.01967586042276337
2025-01-16 00:00:00-05:00,2025-01-02 00:00:00-05:00,__cash_interest__,-0.00013033556631201167,-8.63537019286814e-09,
2025-01-16 00:00:00-05:00,2025-01-02 00:00:00-05:00,AXP,-8.277754054652268,-0.0005484417849255155,-0.0026895146774489342
2025-01-16 00:00:00-05:00,2025-01-02 00:00:00-05:00,MMM,31.69263583716746,0.0020997924863159815,0.01016115641700499
2025-01-16 00:00:00-05:00,2025-01-02 00:00:00-05:00,WMT,-1.3109873344511254,-8.68593375659701e-05,-0.0004378680701472293
2025-01-16 00:00:00-05:00,2025-01-02 00:00:00-05:00,GS,35.99540217245166,0.002384871848841185,0.011668165299631106
2025-01-16 00:00:00-05:00,2025-01-02 00:00:00-05:00,AAPL,-113.86390558876997,-0.007544041923376364,-0.04040019298646558
2025-01-17 00:00:00-05:00,2025-01-02 00:00:00-05:00,__cash_interest__,-0.00013035421445528058,-8.668633614699772e-09,
2025-01-17 00:00:00-05:00,2025-01-02 00:00:00-05:00,AXP,10.642608260108789,0.0007077398463653832,0.0034672015778804965
2025-01-17 00:00:00-05:00,2025-01-02 00:00:00-05:00,MMM,41.879465661514956,0.002785009639436072,0.013292150307068207
2025-01-17 00:00:00-05:00,2025-01-02 00:00:00-05:00,WMT,20.978332129513543,0.0013950716962866142,0.007009805104854383
2025-01-17 00:00:00-05:00,2025-01-02 00:00:00-05:00,GS,65.9326604669803,0.004384561551914589,0.021126038123587154
2025-01-17 00:00:00-05:00,2025-01-02 00:00:00-05:00,AAPL,20.3792577052115,0.001355232886978357,0.007535213685917919
2025-01-21 00:00:00-05:00,2025-01-02 00:00:00-05:00,__cash_interest__,-0.00013037286526668726,-8.578702823104018e-09,
2025-01-21 00:00:00-05:00,2025-01-02 00:00:00-05:00,AXP,53.11642928646195,0.003495129611064922,0.017244742152224823
2025-01-21 00:00:00-05:00,2025-01-02 00:00:00-05:00,MMM,132.65621197045334,0.008728949983612873,0.04155153050491478
2025-01-21 00:00:00-05:00,2025-01-02 00:00:00-05:00,WMT,37.36795511061859,0.0024588596817699863,0.01239939855502814
2025-01-21 00:00:00-05:00,2025-01-02 00:00:00-05:00,GS,44.80311478642812,0.0029481027859283664,0.01405873730762397
2025-01-21 00:00:00-05:00,2025-01-02 00:00:00-05:00,AAPL,-86.96799831130785,-0.005722606549351937,-0.03191585269610564
2025-01-22 00:00:00-05:00,2025-01-02 00:00:00-05:00,__cash_interest__,-0.00013039151874661347,-8.478959180284037e-09,
2025-01-22 00:00:00-05:00,2025-01-02 00:00:00-05:00,AXP,42.375068872718714,0.0027555203182479866,0.013524237727843058
2025-01-22 00:00:00-05:00,2025-01-02 00:00:00-05:00,MMM,50.48143271624617,0.0032826522114148098,0.015181348296427588
2025-01-22 00:00:00-05:00,2025-01-02 00:00:00-05:00,WMT,4.916962937680381,0.000319734967736498,0.0016115594957724078
2025-01-22 00:00:00-05:00,2025-01-02 00:00:00-05:00,GS,-10.233723227667884,-0.0006654675269051899,-0.0031667127017634966
2025-01-22 00:00:00-05:00,2025-01-02 00:00:00-05:00,AAPL,14.100073860003361,0.0009168844097159772,0.005345092887453218
2025-01-23 00:00:00-05:00,2025-01-02 00:00:00-05:00,__cash_interest__,-0.000130410174895441,-8.424492201957073e-09,
2025-01-23 00:00:00-05:00,2025-01-02 00:00:00-05:00,AXP,35.673068997112715,0.0023044788631485747,0.011233335085533369
2025-01-23 00:00:00-05:00,2025-01-02 00:00:00-05:00,MMM,11.54497904082135,0.0007458051948717802,0.003420016417426286
2025-01-23 00:00:00-05:00,2025-01-02 00:00:00-05:00,WMT,19.011090694348194,0.001228115715922056,0.006220955781538251
2025-01-23 00:00:00-05:00,2025-01-02 00:00:00-05:00,GS,34.46821972357243,0.0022266456471620776,0.010699693016665845
2025-01-23 00:00:00-05:00,2025-01-02 00:00:00-05:00,AAPL,-2.014270250626352,-0.00013012177947496217,-0.0007595151572747927
2025-01-24 00:00:00-05:00,2025-01-02 00:00:00-05:00,__cash_interest__,-0.0001304288337135517,-8.372324700740293e-09,
2025-01-24 00:00:00-05:00,2025-01-02 00:00:00-05:00,AXP,-44.640865190319005,-0.0028655306319471637,-0.01390110954107071
2025-01-24 00:00:00-05:00,2025-01-02 00:00:00-05:00,MMM,-4.527519405309637,-0.00029062486776048214,-0.001336634302163242
2025-01-24 00:00:00-05:00,2025-01-02 00:00:00-05:00,WMT,31.14025831631664,0.001998916546794533,0.010126956249211228
2025-01-24 00:00:00-05:00,2025-01-02 00:00:00-05:00,GS,-13.236861879761639,-0.0008496840960765357,-0.004065513132382237
2025-01-24 00:00:00-05:00,2025-01-02 00:00:00-05:00,AAPL,-10.426821421219874,-0.0006693054905850695,-0.003934600300697255
2025-01-27 00:00:00-05:00,2025-01-02 00:00:00-05:00,__cash_interest__,-0.00013044749520132754,-8.395992260041244e-09,
2025-01-27 00:00:00-05:00,2025-01-02 00:00:00-05:00,AXP,-48.48455582651802,-0.003120611513641698,-0.015310868047744619
2025-01-27 00:00:00-05:00,2025-01-02 00:00:00-05:00,MMM,47.312417877807164,0.0030451691977130685,0.013986476052612495
2025-01-27 00:00:00-05:00,2025-01-02 00:00:00-05:00,WMT,86.53631709827464,0.005569737061246344,0.027859875425563674
2025-01-27 00:00:00-05:00,2025-01-02 00:00:00-05:00,GS,-18.43056286209265,-0.0011862463353513183,-0.00568379176425815
2025-01-27 00:00:00-05:00,2025-01-02 00:00:00-05:00,AAPL,83.88749966203606,0.005399251222031127,0.03178030647978747
2025-01-28 00:00:00-05:00,2025-01-02 00:00:00-05:00,__cash_interest__,-0.00013046615935915042,-8.316463210808442e-09,
2025-01-28 00:00:00-05:00,2025-01-02 00:00:00-05:00,AXP,6.110098422242865,0.0003894834414732663,0.001959500838609518
2025-01-28 00:00:00-05:00,2025-01-02 00:00:00-05:00,MMM,-2.7162984329477173,-0.00017314831752653976,-0.0007919148436688062
2025-01-28 00:00:00-05:00,2025-01-02 00:00:00-05:00,WMT,-3.6054686475701483,-0.00022982777689268576,-0.0011292980353596604
2025-01-28 00:00:00-05:00,2025-01-02 00:00:00-05:00,GS,23.01211020873035,0.0014668889533809419,0.0071372594814256285
2025-01-28 00:00:00-05:00,2025-01-02 00:00:00-05:00,AAPL,99.52709442419973,0.006344276732933982,0.03654390239678551
2025-01-29 00:00:00-05:00,2025-01-02 00:00:00-05:00,__cash_interest__,-0.00013048482618740242,-8.253296672900168e-09,
2025-01-29 00:00:00-05:00,2025-01-02 00:00:00-05:00,AXP,-17.639947393952795,-0.001115744438572125,-0.005646045395195309
2025-01-29 00:00:00-05:00,2025-01-02 00:00:00-05:00,MMM,3.169370188835779,0.00020046585644479097,0.0009247365630924431
2025-01-29 00:00:00-05:00,2025-01-02 00:00:00-05:00,WMT,6.882936983697962,0.00043535269630316835,0.00215829779820087
2025-01-29 00:00:00-05:00,2025-01-02 00:00:00-05:00,GS,-2.1380554284309263,-0.00013523415917036897,-0.0006584235223036083
2025-01-29 00:00:00-05:00,2025-01-02 00:00:00-05:00,AAPL,13.033299144501221,0.0008243692972525077,0.004616791471198534
2025-01-30 00:00:00-05:00,2025-01-02 00:00:00-05:00,__cash_interest__,-0.0001305034956864656,-8.2527510537541e-09,
2025-01-30 00:00:00-05:00,2025-01-02 00:00:00-05:00,AXP,36.461863289301185,0.0023057672064628492,0.011736671064391802
2025-01-30 00:00:00-05:00,2025-01-02 00:00:00-05:00,MMM,64.743065540412,0.004094207588473958,0.018872824334554172
2025-01-30 00:00:00-05:00,2025-01-02 00:00:00-05:00,WMT,37.69620889989048,0.0023838244798324543,0.011795026555782684
2025-01-30 00:00:00-05:00,2025-01-02 00:00:00-05:00,GS,42.35994303225675,0.002678748662306337,0.013053524511801307
2025-01-30 00:00:00-05:00,2025-01-02 00:00:00-05:00,AAPL,-20.971647283485392,-0.001326200369632648,-0.007394656548055045
2025-01-31 00:00:00-05:00,2025-01-02 00:00:00-05:00,__cash_interest__,-0.0001305221678567221,-8.171106729915607e-09,
2025-01-31 00:00:00-05:00,2025-01-02 00:00:00-05:00,AXP,-14.781943888767591,-0.0009253971426779604,-0.004702947520245471
2025-01-31 00:00:00-05:00,2025-01-02 00:00:00-05:00,MMM,-49.80271345840601,-0.003117809746730174,-0.014248746673325208
2025-01-31 00:00:00-05:00,2025-01-02 00:00:00-05:00,WMT,-16.061622669662714,-0.001005509142581154,-0.004967045360925404
2025-01-31 00:00:00-05:00,2025-01-02 00:00:00-05:00,GS,-26.98374506792257,-0.0016892690685682153,-0.00820809274450418
2025-01-31 00:00:00-05:00,2025-01-02 00:00:00-05:00,AAPL,-18.839372591813397,-0.0011794052052624257,-0.006692298277531927
2025-02-03 00:00:00-05:00,2025-02-03 00:00:00-05:00,__cash_interest__,-0.0001305408426985541,-8.237495368249372e-09,
2025-02-03 00:00:00-05:00,2025-02-03 00:00:00-05:00,AXP,-51.835151038425586,-0.00327094423296738,-0.0028980988983334788
2025-02-03 00:00:00-05:00,2025-02-03 00:00:00-05:00,MMM,-50.45202396451478,-0.00318366501345636,-0.014191915899879892
2025-02-03 00:00:00-05:00,2025-02-03 00:00:00-05:00,WMT,43.384599140942946,0.0027376905732264868,0.014058688566846778
2025-02-03 00:00:00-05:00,2025-02-03 00:00:00-05:00,GS,-41.695211629851755,-0.0026310854563135547,-0.012539086757381024
2025-02-03 00:00:00-05:00,2025-02-03 00:00:00-05:00,AAPL,-71.20928941305414,-0.004493507009686706,-0.03385593403296361
2025-02-03 00:00:00-05:00,2025-02-03 00:00:00-05:00,__costs__,-2.8589346579345714,-0.00018040684061804732,
2025-02-03 00:00:00-05:00,2025-02-03 00:00:00-05:00,IBM,102.55336654268956,0.0064714066833823376,0.019671615875237025
2025-02-03 00:00:00-05:00,2025-02-03 00:00:00-05:00,JPM,59.10228702428625,0.0037295210108284024,-0.0018333350782464564
2025-02-04 00:00:00-05:00,2025-02-03 00:00:00-05:00,__cash_interest__,-0.00040905045803026253,-2.583344686128792e-08,
2025-02-04 00:00:00-05:00,2025-02-03 00:00:00-05:00,MMM,34.161054531655374,0.0021574301400825928,0.010930535644058548
2025-02-04 00:00:00-05:00,2025-02-03 00:00:00-05:00,WMT,39.496322779471235,0.002494377247865738,0.012356810307008859
2025-02-04 00:00:00-05:00,2025-02-03 00:00:00-05:00,GS,8.984281707435352,0.0005673993501767484,0.0028621544757931883
2025-02-04 00:00:00-05:00,2025-02-03 00:00:00-05:00,IBM,45.92094769095891,0.0029001223167108743,0.014305919932449118
2025-02-04 00:00:00-05:00,2025-02-03 00:00:00-05:00,JPM,13.410651721432865,0.0008469452895594718,0.0042351987834041704
2025-02-05 00:00:00-05:00,2025-02-03 00:00:00-05:00,__cash_interest__,-0.00040910898412380246,-2.560753949457401e-08,
2025-02-05 00:00:00-05:00,2025-02-03 00:00:00-05:00,MMM,16.038957932763104,0.001003933584090524,0.005076507237176786
2025-02-05 00:00:00-05:00,2025-02-03 00:00:00-05:00,WMT,54.26743448556537,0.0033967855162960496,0.016770862494045025
2025-02-05 00:00:00-05:00,2025-02-03 00:00:00-05:00,GS,55.94246455289561,0.0035016314137666805,0.01777092613142317
2025-02-05 00:00:00-05:00,2025-02-03 00:00:00-05:00,IBM,-14.281400180901516,-0.0008939219947797143,-0.004386385289130712
2025-02-05 00:00:00-05:00,2025-02-03 00:00:00-05:00,JPM,29.551050426261156,0.0018497019627113176,0.009293116869080187
2025-02-06 00:00:00-05:00,2025-02-03 00:00:00-05:00,__cash_interest__,-0.0004091675185911348,-2.538632860718149e-08,
2025-02-06 00:00:00-05:00,2025-02-03 00:00:00-05:00,MMM,-2.7079821743653607,-0.00016801364286573252,-0.0008527771219317692
2025-02-06 00:00:00-05:00,2025-02-03 00:00:00-05:00,WMT,12.523139506328299,0.0007769838031031697,0.003806328212165422
2025-02-06 00:00:00-05:00,2025-02-03 00:00:00-05:00,GS,63.38847441493309,0.003932865069412853,0.0197846661067842
2025-02-06 00:00:00-05:00,2025-02-03 00:00:00-05:00,IBM,-121.38944360071949,-0.007531468566472757,-0.03744778042068775
2025-02-06 00:00:00-05:00,2025-02-03 00:00:00-05:00,JPM,76.78556227455363,0.004764071994035479,0.023924933160411888
2025-02-07 00:00:00-05:00,2025-02-03 00:00:00-05:00,__cash_interest__,-0.0004092260614334577,-2.5344988346901645e-08,
2025-02-07 00:00:00-05:00,2025-02-03 00:00:00-05:00,MMM,-51.03248319804975,-0.0031606435021205056,-0.01608447741164365
2025-02-07 00:00:00-05:00,2025-02-03 00:00:00-05:00,WMT,-54.58899904965426,-0.003380912593729043,-0.01652906232307605
2025-02-07 00:00:00-05:00,2025-02-03 00:00:00-05:00,GS,-11.516124836092434,-0.0007132391538061608,-0.0035246525528341843
2025-02-07 00:00:00-05:00,2025-02-03 00:00:00-05:00,IBM,-13.542642653197058,-0.0008387494164697643,-0.004340345284071678
2025-02-07 00:00:00-05:00,2025-02-03 00:00:00-05:00,JPM,-13.054646441575143,-0.0008085258812101442,-0.003972538914881252
2025-02-10 00:00:00-05:00,2025-02-03 00:00:00-05:00,__cash_interest__,-0.00040928461265196946,-2.5576297306610044e-08,
2025-02-10 00:00:00-05:00,2025-02-03 00:00:00-05:00,MMM,-3.7497149934341896,-0.00023432062316175296,-0.0012011595567859024
2025-02-10 00:00:00-05:00,2025-02-03 00:00:00-05:00,WMT,56.83721956182479,0.003551771995959272,0.0174990462808009
2025-02-10 00:00:00-05:00,2025-02-03 00:00:00-05:00,GS,-26.655678970354195,-0.001665720012872933,-0.008187157378383936
2025-02-10 00:00:00-05:00,2025-02-03 00:00:00-05:00,IBM,-17.350281930937037,-0.0010842234359699535,-0.005584913972348837
2025-02-10 00:00:00-05:00,2025-02-03 00:00:00-05:00,JPM,-56.49102229574613,-0.003530138042641089,-0.017258822713910882
2025-02-11 00:00:00-05:00,2025-02-03 00:00:00-05:00,__cash_interest__,-0.00040934317224786837,-2.5655966505610127e-08,
2025-02-11 00:00:00-05:00,2025-02-03 00:00:00-05:00,MMM,7.91533838167552,0.0004961012425971762,0.0025385977917513625
2025-02-11 00:00:00-05:00,2025-02-03 00:00:00-05:00,WMT,-14.450292079219341,-0.0009056855829422359,-0.004372443134346149
2025-02-11 00:00:00-05:00,2025-02-03 00:00:00-05:00,GS,-16.331652384581254,-0.001023601601216805,-0.005057591975287434
2025-02-11 00:00:00-05:00,2025-02-03 00:00:00-05:00,IBM,67.29556062056494,0.0042178122570760935,0.021783550299368182
2025-02-11 00:00:00-05:00,2025-02-03 00:00:00-05:00,JPM,46.87813339728185,0.0029381308931614885,0.014573467289369368
2025-02-12 00:00:00-05:00,2025-02-03 00:00:00-05:00,__cash_interest__,-0.0004094017402223532,-2.5513629654786694e-08,
2025-02-12 00:00:00-05:00,2025-02-03 00:00:00-05:00,MMM,-24.995048217481965,-0.0015576738952746449,-0.007996082919350611
2025-02-12 00:00:00-05:00,2025-02-03 00:00:00-05:00,WMT,36.606711325955835,0.002281304605942484,0.01112529025957909
2025-02-12 00:00:00-05:00,2025-02-03 00:00:00-05:00,GS,8.736747297248561,0.0005444679712606845,0.002719352415403664
2025-02-12 00:00:00-05:00,2025-02-03 00:00:00-05:00,IBM,13.75658148474948,0.0008573005213098762,0.004358066628086021
2025-02-12 00:00:00-05:00,2025-02-03 00:00:00-05:00,JPM,5.45912079563796,0.00034020858373734545,0.0016727528693731841
2025-02-13 00:00:00-05:00,2025-02-03 00:00:00-05:00,__cash_interest__,-0.00040946031657662266,-2.5454519879160014e-08,
2025-02-13 00:00:00-05:00,2025-02-03 00:00:00-05:00,MMM,-3.12487148519799,-0.00019426083583586477,-0.0010077251193280068
2025-02-13 00:00:00-05:00,2025-02-03 00:00:00-05:00,WMT,46.23949444155462,0.00287452552253524,0.013898205857793444
2025-02-13 00:00:00-05:00,2025-02-03 00:00:00-05:00,GS,-0.2478465595060687,-1.5407635173720352e-05,-7.69341601527529e-05
2025-02-13 00:00:00-05:00,2025-02-03 00:00:00-05:00,IBM,41.88973446884843,0.002604118239552287,0.01321302863309759
2025-02-13 00:00:00-05:00,2025-02-03 00:00:00-05:00,JPM,10.3256458004855,0.0006419043449463042,0.0031586422655558444
2025-02-14 00:00:00-05:00,2025-02-03 00:00:00-05:00,__cash_interest__,-0.00040951890131187577,-2.5308566612430516e-08,
2025-02-14 00:00:00-05:00,2025-02-03 00:00:00-05:00,MMM,13.187435046667922,0.0008149930986250601,0.0042570438813702705
2025-02-14 00:00:00-05:00,2025-02-03 00:00:00-05:00,WMT,-32.431834865703664,-0.002004311035296785,-0.00961441420856557
2025-02-14 00:00:00-05:00,2025-02-03 00:00:00-05:00,GS,57.580312031142896,0.0035585052556460703,0.017874905314766876
2025-02-14 00:00:00-05:00,2025-02-03 00:00:00-05:00,IBM,25.901936144369785,0.0016007585344674153,0.008063549037728546
2025-02-14 00:00:00-05:00,2025-02-03 00:00:00-05:00,JPM,3.203674347566607,0.0001979894099397777,0.000976926664954414
2025-02-18 00:00:00-05:00,2025-02-03 00:00:00-05:00,__cash_interest__,-0.0004095774944293117,-2.5207126675594947e-08,
2025-02-18 00:00:00-05:00,2025-02-03 00:00:00-05:00,MMM,7.745312937257506,0.0004766792292228107,0.0024896705159445087
2025-02-18 00:00:00-05:00,2025-02-03 00:00:00-05:00,WMT,-8.349007983290235,-0.0005138331688453466,-0.002499089868380655
2025-02-18 00:00:00-05:00,2025-02-03 00:00:00-05:00,GS,57.77915114752245,0.0035559726840296672,0.01762164653833631
2025-02-18 00:00:00-05:00,2025-02-03 00:00:00-05:00,IBM,22.184355676235512,0.0013653188257486996,0.006850983339576899
2025-02-18 00:00:00-05:00,2025-02-03 00:00:00-05:00,JPM,39.876323055593765,0.00245415712603999,0.012147995963779579
2025-02-19 00:00:00-05:00,2025-02-03 00:00:00-05:00,__cash_interest__,-0.0004096360959301296,-2.5027077817597078e-08,
2025-02-19 00:00:00-05:00,2025-02-03 00:00:00-05:00,MMM,25.327905722131074,0.0015474306921738077,0.008121238808160847
2025-02-19 00:00:00-05:00,2025-02-03 00:00:00-05:00,WMT,7.063991288958171,0.00043158076509385235,0.0021197461341717627
2025-02-19 00:00:00-05:00,2025-02-03 00:00:00-05:00,GS,-20.053720867642163,-0.0012251997264724835,-0.006010131267912833
2025-02-19 00:00:00-05:00,2025-02-03 00:00:00-05:00,IBM,15.491491696869902,0.0009464663198878647,0.0047515371795434636
2025-02-19 00:00:00-05:00,2025-02-03 00:00:00-05:00,JPM,-8.307163034499736,-0.0005075334370517786,-0.0025003352724849437
2025-02-20 00:00:00-05:00,2025-02-03 00:00:00-05:00,__cash_interest__,-0.00040969470581552907,-2.500083964900076e-08,
2025-02-20 00:00:00-05:00,2025-02-03 00:00:00-05:00,MMM,-23.444219981184585,-0.0014306389028844485,-0.007456688889438956
2025-02-20 00:00:00-05:00,2025-02-03 00:00:00-05:00,WMT,-218.03294176009993,-0.01330504528803595,-0.06528842495417664
2025-02-20 00:00:00-05:00,2025-02-03 00:00:00-05:00,GS,-128.5140597916436,-0.007842325897517599,-0.038748748240006625
2025-02-20 00:00:00-05:00,2025-02-03 00:00:00-05:00,IBM,5.205123906272205,0.0003176327794494027,0.001588961176788084
2025-02-20 00:00:00-05:00,2025-02-03 00:00:00-05:00,JPM,-147.75562530245867,-0.009016505810274961,-0.044583768957019765
2025-02-21 00:00:00-05:00,2025-02-03 00:00:00-05:00,__cash_interest__,-0.0004097533240867097,-2.5811727754840457e-08,
2025-02-21 00:00:00-05:00,2025-02-03 00:00:00-05:00,MMM,-85.82295884606027,-0.005406274259731467,-0.02750199838410905
2025-02-21 00:00:00-05:00,2025-02-03 00:00:00-05:00,WMT,-78.0296900535087,-0.0049153502804275976,-0.02499748625074616
2025-02-21 00:00:00-05:00,2025-02-03 00:00:00-05:00,GS,-82.69834345473778,-0.005209444320647597,-0.02593981807897583
2025-02-21 00:00:00-05:00,2025-02-03 00:00:00-05:00,IBM,-40.40238766566597,-0.002545081076269709,-0.012314016069848166
2025-02-21 00:00:00-05:00,2025-02-03 00:00:00-05:00,JPM,-30.382102583748733,-0.0019138699173686412,-0.009595286929320768
2025-02-24 00:00:00-05:00,2025-02-03 00:00:00-05:00,__cash_interest__,-0.0004098119507448713,-2.6341998598383952e-08,
2025-02-24 00:00:00-05:00,2025-02-03 00:00:00-05:00,MMM,10.465720047945721,0.0006727182609803753,0.0034485868260492047
2025-02-24 00:00:00-05:00,2025-02-03 00:00:00-05:00,WMT,-35.64276257090326,-0.0022910547141895806,-0.011711218358334219
2025-02-24 00:00:00-05:00,2025-02-03 00:00:00-05:00,GS,2.681362652590844,0.00017235332231753137,0.0008634553432254055
2025-02-24 00:00:00-05:00,2025-02-03 00:00:00-05:00,IBM,4.833483840432061,0.000310687924836136,0.0014915371151302814
2025-02-24 00:00:00-05:00,2025-02-03 00:00:00-05:00,JPM,-34.41682908880291,-0.0022122538446480685,-0.010974842516578986
2025-02-25 00:00:00-05:00,2025-02-03 00:00:00-05:00,__cash_interest__,-0.00040987058579121393,-2.6434258229436287e-08,
2025-02-25 00:00:00-05:00,2025-02-03 00:00:00-05:00,MMM,22.18897444056775,0.0014310592185483512,0.0072864192385002635
2025-02-25 00:00:00-05:00,2025-02-03 00:00:00-05:00,WMT,129.0859485214698,0.008325289531136192,0.042916651118740656
2025-02-25 00:00:00-05:00,2025-02-03 00:00:00-05:00,GS,-55.74424973515461,-0.0035951784377517776,-0.017935338095615427
2025-02-25 00:00:00-05:00,2025-02-03 00:00:00-05:00,IBM,-51.06039552210381,-0.003293097205116342,-0.015732968916191248
2025-02-25 00:00:00-05:00,2025-02-03 00:00:00-05:00,JPM,-46.759651556239056,-0.0030157243452100923,-0.015076181922201615
2025-02-26 00:00:00-05:00,2025-02-03 00:00:00-05:00,__cash_interest__,-0.00040992922922693774,-2.6441945273370985e-08,
2025-02-26 00:00:00-05:00,2025-02-03 00:00:00-05:00,MMM,18.62923018406984,0.001201653968274375,0.0060732177970490575
2025-02-26 00:00:00-05:00,2025-02-03 00:00:00-05:00,WMT,-47.84557907516617,-0.0030862160911631627,-0.015252431006344769
2025-02-26 00:00:00-05:00,2025-02-03 00:00:00-05:00,GS,14.19623889140617,0.0009157097008236357,0.004650961112385499
2025-02-26 00:00:00-05:00,2025-02-03 00:00:00-05:00,IBM,-23.6715058444625,-0.0015268993217632887,-0.007410362577949026
2025-02-26 00:00:00-05:00,2025-02-03 00:00:00-05:00,JPM,16.49696374141535,0.0010641149284473254,0.005400344720528638
2025-02-27 00:00:00-05:00,2025-02-03 00:00:00-05:00,__cash_interest__,-0.00040998788105324306,-2.6483644192524213e-08,
2025-02-27 00:00:00-05:00,2025-02-03 00:00:00-05:00,MMM,64.68192969272278,0.004178204505136279,0.020959326694304226
2025-02-27 00:00:00-05:00,2025-02-03 00:00:00-05:00,WMT,18.9459881663463,0.0012238381490308704,0.00613323490018769
2025-02-27 00:00:00-05:00,2025-02-03 00:00:00-05:00,GS,-48.4967668401774,-0.0031327050794368975,-0.015814919714068454
2025-02-27 00:00:00-05:00,2025-02-03 00:00:00-05:00,IBM,-32.34645017497555,-0.0020894565837520844,-0.010201650980620536
2025-02-27 00:00:00-05:00,2025-02-03 00:00:00-05:00,JPM,3.084819335370921,0.00019926749411788803,0.0010044033851182022
2025-02-28 00:00:00-05:00,2025-02-03 00:00:00-05:00,__cash_interest__,-0.00041004654127133034,-2.64773952544799e-08,
2025-02-28 00:00:00-05:00,2025-02-03 00:00:00-05:00,MMM,96.28900586601449,0.006217543157590961,0.030560652393399
2025-02-28 00:00:00-05:00,2025-02-03 00:00:00-05:00,WMT,58.44156600860343,0.0037736702709477536,0.018803499653618605
2025-02-28 00:00:00-05:00,2025-02-03 00:00:00-05:00,GS,86.25060270811191,0.005569346571633831,0.02857850898441172
2025-02-28 00:00:00-05:00,2025-02-03 00:00:00-05:00,IBM,-9.790454432899894,-0.0006321861195003572,-0.003119607532194979
2025-02-28 00:00:00-05:00,2025-02-03 00:00:00-05:00,JPM,66.46084940195036,0.004291488895645855,0.021617642623064093
2025-03-03 00:00:00-05:00,2025-03-03 00:00:00-05:00,__cash_interest__,-0.0004101052098824003,-2.5981817309986112e-08,
2025-03-03 00:00:00-05:00,2025-03-03 00:00:00-05:00,MMM,-34.29696749216276,-0.0021728510689328524,-0.010959318214865621
2025-03-03 00:00:00-05:00,2025-03-03 00:00:00-05:00,WMT,-32.80270167771506,-0.00207818330937264,-0.01034378541626868
2025-03-03 00:00:00-05:00,2025-03-03 00:00:00-05:00,GS,-86.43698112403887,-0.005476130998275997,-0.027366766028117495
2025-03-03 00:00:00-05:00,2025-03-03 00:00:00-05:00,IBM,-27.913787470672936,-0.0017684508975166953,-0.008913079125920875
2025-03-03 00:00:00-05:00,2025-03-03 00:00:00-05:00,JPM,-7.714469883222723,-0.0004887427477616261,-0.015227781973839116
2025-03-03 00:00:00-05:00,2025-03-03 00:00:00-05:00,__costs__,-1.3009965509382013,-8.24233730585655e-05,
2025-03-03 00:00:00-05:00,2025-03-03 00:00:00-05:00,CSCO,-44.64038525500862,-0.0028281482565793814,-0.00982694772609749
2025-03-04 00:00:00-05:00,2025-03-03 00:00:00-05:00,__cash_interest__,-0.0001861438957975334,-1.197127740768879e-08,
2025-03-04 00:00:00-05:00,2025-03-03 00:00:00-05:00,MMM,-153.56615252241758,-0.009876139125598279,-0.04927639049571653
2025-03-04 00:00:00-05:00,2025-03-03 00:00:00-05:00,WMT,-84.46334921369619,-0.005432002913055227,-0.02684697826981841
2025-03-04 00:00:00-05:00,2025-03-03 00:00:00-05:00,GS,-122.40869132522323,-0.00787234195721509,-0.03985059773518773
2025-03-04 00:00:00-05:00,2025-03-03 00:00:00-05:00,IBM,37.44686770419704,0.0024082811816916174,0.012070844726391972
2025-03-04 00:00:00-05:00,2025-03-03 00:00:00-05:00,CSCO,-10.792086551131268,-0.0006940601589853035,-0.003465627572657448
2025-03-05 00:00:00-05:00,2025-03-03 00:00:00-05:00,__cash_interest__,-0.00018617052888116273,-1.223564393002557e-08,
2025-03-05 00:00:00-05:00,2025-03-03 00:00:00-05:00,MMM,35.54768817405572,0.0023362927400338712,0.01199776821570775
2025-03-05 00:00:00-05:00,2025-03-03 00:00:00-05:00,WMT,32.56040435998117,0.002139960155673666,0.010634957702816639
2025-03-05 00:00:00-05:00,2025-03-03 00:00:00-05:00,GS,60.544766114219065,0.003979170089123698,0.020528649274443422
2025-03-05 00:00:00-05:00,2025-03-03 00:00:00-05:00,IBM,-23.06340034165199,-0.001515790689815445,-0.007345723729330067
2025-03-05 00:00:00-05:00,2025-03-03 00:00:00-05:00,CSCO,34.33887925418565,0.002256846462409499,0.011065481189074688
2025-03-06 00:00:00-05:00,2025-03-03 00:00:00-05:00,__cash_interest__,-0.0001861971657753986,-1.212587933728095e-08,
2025-03-06 00:00:00-05:00,2025-03-03 00:00:00-05:00,MMM,-13.609485072805317,-0.0008863022868695448,-0.00453890658404954
2025-03-06 00:00:00-05:00,2025-03-03 00:00:00-05:00,WMT,-43.199063391159456,-0.0028132900304004586,-0.013961304261442709
2025-03-06 00:00:00-05:00,2025-03-03 00:00:00-05:00,GS,-128.9047718461274,-0.00839477713259798,-0.042827977172086085
2025-03-06 00:00:00-05:00,2025-03-03 00:00:00-05:00,IBM,-32.982958381986336,-0.002147977773243683,-0.010582854906466155
2025-03-06 00:00:00-05:00,2025-03-03 00:00:00-05:00,CSCO,-26.980506534481155,-0.0017570749014003799,-0.008599139672965217
2025-03-07 00:00:00-05:00,2025-03-03 00:00:00-05:00,__cash_interest__,-0.0001862238064807862,-1.2324804177098312e-08,
2025-03-07 00:00:00-05:00,2025-03-03 00:00:00-05:00,MMM,-13.000910225056538,-0.0008604360295061911,-0.00435571062748108
2025-03-07 00:00:00-05:00,2025-03-03 00:00:00-05:00,WMT,-94.1344948131228,-0.006230080013972428,-0.030853646449599537
2025-03-07 00:00:00-05:00,2025-03-03 00:00:00-05:00,GS,-40.59986812849811,-0.0026870110420140177,-0.014092667156969108
2025-03-07 00:00:00-05:00,2025-03-03 00:00:00-05:00,IBM,159.3353970938058,0.010545255221512027,0.05167090526737006
2025-03-07 00:00:00-05:00,2025-03-03 00:00:00-05:00,CSCO,25.999196734085235,0.0017206984142627095,0.008358253581078223
2025-03-10 00:00:00-04:00,2025-03-03 00:00:00-05:00,__cash_interest__,-0.0001862504509978708,-1.2295970117633133e-08,
2025-03-10 00:00:00-04:00,2025-03-03 00:00:00-05:00,MMM,26.813147814916842,0.0017701630386691878,0.009022540817107627
2025-03-10 00:00:00-04:00,2025-03-03 00:00:00-05:00,WMT,-125.7281336259942,-0.008300379224470621,-0.042520739119855655
2025-03-10 00:00:00-04:00,2025-03-03 00:00:00-05:00,GS,-142.15066618556006,-0.009384569724554766,-0.050047383169963156
2025-03-10 00:00:00-04:00,2025-03-03 00:00:00-05:00,IBM,-57.53485312345526,-0.0037983630693946865,-0.017741280111292723
2025-03-10 00:00:00-04:00,2025-03-03 00:00:00-05:00,CSCO,-92.22377746035106,-0.006088472837043966,-0.029402459618041
2025-03-11 00:00:00-04:00,2025-03-03 00:00:00-05:00,__cash_interest__,-0.00018627709932719785,-1.2623434641472822e-08,
2025-03-11 00:00:00-04:00,2025-03-03 00:00:00-05:00,MMM,-1.6245585091103987,-0.00011009140809618242,-0.0005417707353225776
2025-03-11 00:00:00-04:00,2025-03-03 00:00:00-05:00,WMT,-12.250350434495633,-0.0008301691329934456,-0.004327005755164204
2025-03-11 00:00:00-04:00,2025-03-03 00:00:00-05:00,GS,-1.1673637072176262,-7.910870157477018e-05,-0.0004326500107397768
2025-03-11 00:00:00-04:00,2025-03-03 00:00:00-05:00,IBM,-98.57665317867726,-0.00668024111965801,-0.030945828926998153
2025-03-11 00:00:00-04:00,2025-03-03 00:00:00-05:00,CSCO,-68.18739376482633,-0.004620853082164025,-0.022397815364274987
2025-03-12 00:00:00-04:00,2025-03-03 00:00:00-05:00,__cash_interest__,-0.00018630375146931272,-1.2782730096631879e-08,
2025-03-12 00:00:00-04:00,2025-03-03 00:00:00-05:00,MMM,54.8450318082503,0.003763044132052979,0.018300073305741682
2025-03-12 00:00:00-04:00,2025-03-03 00:00:00-05:00,WMT,-72.21324807408119,-0.004954717509723086,-0.025617639637891654
2025-03-12 00:00:00-04:00,2025-03-03 00:00:00-05:00,GS,21.72103106909097,0.0014903300410592077,0.008053764135946162
2025-03-12 00:00:00-04:00,2025-03-03 00:00:00-05:00,IBM,8.432047313792465,0.0005785422146584784,0.0027315743804325887
2025-03-12 00:00:00-04:00,2025-03-03 00:00:00-05:00,CSCO,-10.301721807586292,-0.0007068248940690429,-0.003461379548495902
2025-03-13 00:00:00-04:00,2025-03-03 00:00:00-05:00,__cash_interest__,-0.00018633040742476096,-1.2782381401366609e-08,
2025-03-13 00:00:00-04:00,2025-03-03 00:00:00-05:00,MMM,-84.09596927658417,-0.005769035599006909,-0.027555921712357878
2025-03-13 00:00:00-04:00,2025-03-03 00:00:00-05:00,WMT,-22.56692047989109,-0.0015481047275912655,-0.008216088677811761
2025-03-13 00:00:00-04:00,2025-03-03 00:00:00-05:00,GS,-55.317193299648075,-0.0037947937353957632,-0.020346743528183775
2025-03-13 00:00:00-04:00,2025-03-03 00:00:00-05:00,IBM,-47.49095878115366,-0.0032579091982204177,-0.015342857206416038
2025-03-13 00:00:00-04:00,2025-03-03 00:00:00-05:00,CSCO,-38.75332257270237,-0.0026585019404011916,-0.013066347814908674
2025-03-14 00:00:00-04:00,2025-03-03 00:00:00-05:00,__cash_interest__,-0.0001863570671940882,-1.3005675577607311e-08,
2025-03-14 00:00:00-04:00,2025-03-03 00:00:00-05:00,MMM,87.54942529477901,0.006109987882584494,0.02950043535976632
2025-03-14 00:00:00-04:00,2025-03-03 00:00:00-05:00,WMT,27.402243984723757,0.0019123755311763364,0.010059164016564148
2025-03-14 00:00:00-04:00,2025-03-03 00:00:00-05:00,GS,84.24469461027593,0.00587935399356086,0.03163041922411991
2025-03-14 00:00:00-04:00,2025-03-03 00:00:00-05:00,IBM,31.619587222756707,0.0022066997485463576,0.010374483065474394
2025-03-14 00:00:00-04:00,2025-03-03 00:00:00-05:00,CSCO,40.71594217349422,0.0028415253723304136,0.013909829365596149
2025-03-17 00:00:00-04:00,2025-03-03 00:00:00-05:00,__cash_interest__,-0.00018638373077784005,-1.2765628639737e-08,
2025-03-17 00:00:00-04:00,2025-03-03 00:00:00-05:00,MMM,56.87668183438973,0.003895547081969988,0.018615848800932477
2025-03-17 00:00:00-04:00,2025-03-03 00:00:00-05:00,WMT,68.02260113057547,0.0046589434684989285,0.02472191918054345
2025-03-17 00:00:00-04:00,2025-03-03 00:00:00-05:00,GS,50.39511664567104,0.003451617486515903,0.018341155925194474
2025-03-17 00:00:00-04:00,2025-03-03 00:00:00-05:00,IBM,57.28598378486572,0.003923580626955331,0.018602712580411573
2025-03-17 00:00:00-04:00,2025-03-03 00:00:00-05:00,CSCO,19.13157563346303,0.0013103428545538445,0.006446273375097844
2025-03-18 00:00:00-04:00,2025-03-03 00:00:00-05:00,__cash_interest__,-0.00018641039817656236,-1.2551074362109622e-08,
2025-03-18 00:00:00-04:00,2025-03-03 00:00:00-05:00,MMM,-46.51694837297283,-0.0031320016685689525,-0.014946839742134288
2025-03-18 00:00:00-04:00,2025-03-03 00:00:00-05:00,WMT,-60.28523592024903,-0.004059025067130089,-0.021381289119594693
2025-03-18 00:00:00-04:00,2025-03-03 00:00:00-05:00,GS,2.2324719428019346,0.00015031308145638307,0.0007978678428957053
2025-03-18 00:00:00-04:00,2025-03-03 00:00:00-05:00,IBM,-74.64604647773461,-0.005025943237845272,-0.02379742040165067
2025-03-18 00:00:00-04:00,2025-03-03 00:00:00-05:00,CSCO,-28.94254582196703,-0.0019487112757315408,-0.009689561278953152
2025-03-19 00:00:00-04:00,2025-03-03 00:00:00-05:00,__cash_interest__,-0.0001864370693908009,-1.2731304219556458e-08,
2025-03-19 00:00:00-04:00,2025-03-03 00:00:00-05:00,MMM,46.51694837297283,0.003176521831397871,0.01517363767273383
2025-03-19 00:00:00-04:00,2025-03-03 00:00:00-05:00,WMT,23.856273602544963,0.001629083088311836,0.00864593593577867
2025-03-19 00:00:00-04:00,2025-03-03 00:00:00-05:00,GS,28.216794026418647,0.0019268517254896545,0.010076419710426832
2025-03-19 00:00:00-04:00,2025-03-03 00:00:00-05:00,IBM,66.21399916394215,0.004521582374707714,0.021623846013981707
2025-03-19 00:00:00-04:00,2025-03-03 00:00:00-05:00,CSCO,40.22519055441193,0.0027468739983482916,0.013598598059213485
2025-03-20 00:00:00-04:00,2025-03-03 00:00:00-05:00,__cash_interest__,-0.0001864637444211016,-1.255731211346072e-08,
2025-03-20 00:00:00-04:00,2025-03-03 00:00:00-05:00,MMM,-39.40728381952816,-0.0026538647714163615,-0.01266236020472733
2025-03-20 00:00:00-04:00,2025-03-03 00:00:00-05:00,WMT,-16.763834248426104,-0.001128952438069704,-0.006023432131832762
2025-03-20 00:00:00-04:00,2025-03-03 00:00:00-05:00,GS,27.10055805501768,0.0018250741826640428,0.00958125904428564
2025-03-20 00:00:00-04:00,2025-03-03 00:00:00-05:00,IBM,-111.22433068005593,-0.007490349608157761,-0.03555428101020719
2025-03-20 00:00:00-04:00,2025-03-03 00:00:00-05:00,CSCO,-24.52771562791299,-0.0016518073340538143,-0.008180637117946588
2025-03-21 00:00:00-04:00,2025-03-03 00:00:00-05:00,__cash_interest__,-0.0001864904232680105,-1.2700078548674991e-08,
2025-03-21 00:00:00-04:00,2025-03-03 00:00:00-05:00,MMM,-18.485381676223188,-0.0012588624937211038,-0.006015903902494846
2025-03-21 00:00:00-04:00,2025-03-03 00:00:00-05:00,WMT,13.09246854128697,0.0008916027748590708,0.004732777153765966
2025-03-21 00:00:00-04:00,2025-03-03 00:00:00-05:00,GS,12.48501201013628,0.0008502347221444695,0.004372119588897272
2025-03-21 00:00:00-04:00,2025-03-03 00:00:00-05:00,IBM,6.819610081318292,0.0004644183984697656,0.0022603404347607547
2025-03-21 00:00:00-04:00,2025-03-03 00:00:00-05:00,CSCO,-15.697861802036254,-0.0010690311836849316,-0.005278833265444205
2025-03-24 00:00:00-04:00,2025-03-03 00:00:00-05:00,__cash_interest__,-0.0001865171059320736,-1.2703441029371954e-08,
2025-03-24 00:00:00-04:00,2025-03-03 00:00:00-05:00,MMM,56.673294724167114,0.003859945466507859,0.01855545011092463
2025-03-24 00:00:00-04:00,2025-03-03 00:00:00-05:00,WMT,48.81268551334042,0.0033245694479616507,0.017562108188463155
2025-03-24 00:00:00-04:00,2025-03-03 00:00:00-05:00,GS,75.92151205197332,0.005170916878606496,0.02647117799980747
2025-03-24 00:00:00-04:00,2025-03-03 00:00:00-05:00,IBM,56.79060592354679,0.0038679353819419285,0.018780634761330628
2025-03-24 00:00:00-04:00,2025-03-03 00:00:00-05:00,CSCO,32.86739814801341,0.0022385563623008088,0.01111121138178528
2025-03-25 00:00:00-04:00,2025-03-03 00:00:00-05:00,__cash_interest__,-0.00018654379241383714,-1.2474947247696968e-08,
2025-03-25 00:00:00-04:00,2025-03-03 00:00:00-05:00,MMM,7.109981850028479,0.00047547359986345477,0.002285476960723676
2025-03-25 00:00:00-04:00,2025-03-03 00:00:00-05:00,WMT,-88.25113563009275,-0.005901714805349344,-0.03120350089735746
2025-03-25 00:00:00-04:00,2025-03-03 00:00:00-05:00,GS,29.637891031260562,0.0019820071328224016,0.010067206035081266
2025-03-25 00:00:00-04:00,2025-03-03 00:00:00-05:00,IBM,17.978989917535042,0.0012023286751378843,0.005836041507693235
2025-03-25 00:00:00-04:00,2025-03-03 00:00:00-05:00,CSCO,0.9811163626272659,6.56112685887456e-05,0.00032803310650852957
2025-03-26 00:00:00-04:00,2025-03-03 00:00:00-05:00,__cash_interest__,-0.00018657048271384727,-1.2503944554457045e-08,
2025-03-26 00:00:00-04:00,2025-03-03 00:00:00-05:00,MMM,-16.65775335347399,-0.001116401808602924,-0.005342362403054635
2025-03-26 00:00:00-04:00,2025-03-03 00:00:00-05:00,WMT,14.546854874922449,0.0009749294966275142,0.0053090836171572064
2025-03-26 00:00:00-04:00,2025-03-03 00:00:00-05:00,GS,-61.001422537227484,-0.004088312331369054,-0.02051404726116457
2025-03-26 00:00:00-04:00,2025-03-03 00:00:00-05:00,IBM,5.4560421874336535,0.0003656636784452372,0.0017607739710459036
2025-03-26 00:00:00-04:00,2025-03-03 00:00:00-05:00,CSCO,39.73443893532964,0.0026630001387295855,0.013280725594730258
2025-03-27 00:00:00-04:00,2025-03-03 00:00:00-05:00,__cash_interest__,-0.00018659717683265032,-1.2520772710404584e-08,
2025-03-27 00:00:00-04:00,2025-03-03 00:00:00-05:00,MMM,-86.12635011638835,-0.005779125239130283,-0.027770221210921098
2025-03-27 00:00:00-04:00,2025-03-03 00:00:00-05:00,WMT,13.5768484943644,0.0009110139660579819,0.004928897925538633
2025-03-27 00:00:00-04:00,2025-03-03 00:00:00-05:00,GS,-76.12475274093396,-0.0051080125802750315,-0.02613599702480407
2025-03-27 00:00:00-04:00,2025-03-03 00:00:00-05:00,IBM,-51.21022743414588,-0.0034362342937595386,-0.01649751654070908
2025-03-27 00:00:00-04:00,2025-03-03 00:00:00-05:00,CSCO,-19.621746939239348,-0.0013166299607396007,-0.006472359133653183
2025-03-28 00:00:00-04:00,2025-03-03 00:00:00-05:00,__cash_interest__,-0.0001866238747707927,-1.2709766312677654e-08,
2025-03-28 00:00:00-04:00,2025-03-03 00:00:00-05:00,MMM,-73.12702637425087,-0.0049802171211976295,-0.024252264208661112
2025-03-28 00:00:00-04:00,2025-03-03 00:00:00-05:00,WMT,-15.516362665719225,-0.0010567208710367609,-0.005605384901565591
2025-03-28 00:00:00-04:00,2025-03-03 00:00:00-05:00,GS,-80.18480306649907,-0.005460877446977,-0.028268771191782283
2025-03-28 00:00:00-04:00,2025-03-03 00:00:00-05:00,IBM,-27.40317009655045,-0.0018662557970220695,-0.008976090309173457
2025-03-28 00:00:00-04:00,2025-03-03 00:00:00-05:00,CSCO,-26.489948353167524,-0.0018040620666416004,-0.008794802561521653
2025-03-31 00:00:00-04:00,2025-03-03 00:00:00-05:00,__cash_interest__,-0.00018665057652882081,-1.2907365605904334e-08,
2025-03-31 00:00:00-04:00,2025-03-03 00:00:00-05:00,MMM,41.03247692180618,0.002837500913177224,0.013946478411478225
2025-03-31 00:00:00-04:00,2025-03-03 00:00:00-05:00,WMT,85.34161507817987,0.005901591346235874,0.03100399165116907
2025-03-31 00:00:00-04:00,2025-03-03 00:00:00-05:00,GS,16.087770785539973,0.0011125105701502494,0.0058366623968935105
2025-03-31 00:00:00-04:00,2025-03-03 00:00:00-05:00,IBM,57.7821485848047,0.003995783624936193,0.01909835497400869
2025-03-31 00:00:00-04:00,2025-03-03 00:00:00-05:00,CSCO,41.69686509835283,0.002883445057890882,0.013966410949155073
2025-04-01 00:00:00-04:00,2025-04-01 00:00:00-04:00,__cash_interest__,-0.00018667728210728128,-1.2696784762354319e-08,
2025-04-01 00:00:00-04:00,2025-04-01 00:00:00-04:00,MMM,16.00377174261327,0.0010884904842627511,0.005515516698382017
2025-04-01 00:00:00-04:00,2025-04-01 00:00:00-04:00,WMT,35.04123415149398,0.002383316292193998,0.011846490273349719
2025-04-01 00:00:00-04:00,2025-04-01 00:00:00-04:00,GS,-15.42773683823132,-0.0010493116880322714,0.003954055071327733
2025-04-01 00:00:00-04:00,2025-04-01 00:00:00-04:00,IBM,19.44240355166306,0.0013223677266547824,0.006756248026774436
2025-04-01 00:00:00-04:00,2025-04-01 00:00:00-04:00,CSCO,3.835336528439761,0.00026085896389261545,0.001458383854068268
2025-04-01 00:00:00-04:00,2025-04-01 00:00:00-04:00,__costs__,-1.2276227058152054,-8.349629418836883e-05,
2025-04-01 00:00:00-04:00,2025-04-01 00:00:00-04:00,V,-34.15328629663847,-0.002322922854567155,-0.011727433353024064
2025-04-02 00:00:00-04:00,2025-04-01 00:00:00-04:00,__cash_interest__,-0.00017564571778824642,-1.1927401712590487e-08,
2025-04-02 00:00:00-04:00,2025-04-01 00:00:00-04:00,MMM,1.8070779128058045,0.00012271146978925493,0.0006092855756401061
2025-04-02 00:00:00-04:00,2025-04-01 00:00:00-04:00,WMT,31.088575148615547,0.0021111014213089354,0.010469463796247691
2025-04-02 00:00:00-04:00,2025-04-01 00:00:00-04:00,IBM,-4.247806918592965,-0.00028845166368735573,-0.0014381874123235994
2025-04-02 00:00:00-04:00,2025-04-01 00:00:00-04:00,CSCO,0.9538970502861533,6.477535265012548e-05,0.00032375514106441905
2025-04-02 00:00:00-04:00,2025-04-01 00:00:00-04:00,V,-0.1670237862578111,-1.134192065334867e-05,-5.7750207005047294e-05
2025-04-03 00:00:00-04:00,2025-04-01 00:00:00-04:00,__cash_interest__,-0.00017567084881427842,-1.190531212825826e-08,
2025-04-03 00:00:00-04:00,2025-04-01 00:00:00-04:00,MMM,-161.0784074527274,-0.010916374178136335,-0.05427712273064356
2025-04-03 00:00:00-04:00,2025-04-01 00:00:00-04:00,WMT,-83.5714108518445,-0.0056636814696670945,-0.02785211384983266
2025-04-03 00:00:00-04:00,2025-04-01 00:00:00-04:00,IBM,-76.57059462404992,-0.00518923222036344,-0.025961978234650962
2025-04-03 00:00:00-04:00,2025-04-01 00:00:00-04:00,CSCO,-196.77538808675897,-0.013335578612753913,-0.06676446342036557
2025-04-03 00:00:00-04:00,2025-04-01 00:00:00-04:00,V,-57.95209877632904,-0.003927446295596045,-0.02003869665584712
2025-04-04 00:00:00-04:00,2025-04-01 00:00:00-04:00,__cash_interest__,-0.0001756959834360057,-1.2390651445952905e-08,
2025-04-04 00:00:00-04:00,2025-04-01 00:00:00-04:00,MMM,-257.6857024848582,-0.018172832751514528,-0.09181336779482907
2025-04-04 00:00:00-04:00,2025-04-01 00:00:00-04:00,WMT,-136.0537309686039,-0.009594951036359017,-0.046642148510245396
2025-04-04 00:00:00-04:00,2025-04-01 00:00:00-04:00,IBM,-188.89075623581402,-0.01332118968293266,-0.06575224067990149
2025-04-04 00:00:00-04:00,2025-04-01 00:00:00-04:00,CSCO,-132.94286848601783,-0.009375562909412704,-0.04833351309211209
2025-04-04 00:00:00-04:00,2025-04-01 00:00:00-04:00,V,-219.2826421470066,-0.015464524196028775,-0.07737410364743702
2025-04-07 00:00:00-04:00,2025-04-01 00:00:00-04:00,__cash_interest__,-0.00017572112165394264,-1.3267112717122806e-08,
2025-04-07 00:00:00-04:00,2025-04-01 00:00:00-04:00,MMM,32.93885775735254,0.0024869152582618174,0.012922573914952773
2025-04-07 00:00:00-04:00,2025-04-01 00:00:00-04:00,WMT,21.39426055461341,0.0016152871300043963,0.007693242544604573
2025-04-07 00:00:00-04:00,2025-04-01 00:00:00-04:00,IBM,-20.057278684403332,-0.0015143437203227817,-0.007473254902529702
2025-04-07 00:00:00-04:00,2025-04-01 00:00:00-04:00,CSCO,-6.239246216968241,-0.0004710690556222184,-0.0023835851223149573
2025-04-07 00:00:00-04:00,2025-04-01 00:00:00-04:00,V,-6.763690085171638,-0.000510665069167823,-0.0025867200840810067
2025-04-08 00:00:00-04:00,2025-04-01 00:00:00-04:00,__cash_interest__,-0.0001757462634686038,-1.324773361383227e-08,
2025-04-08 00:00:00-04:00,2025-04-01 00:00:00-04:00,MMM,-27.91747138002384,-0.002104415859062704,-0.01081285352353989
2025-04-08 00:00:00-04:00,2025-04-01 00:00:00-04:00,WMT,-68.1940443970585,-0.005140459412290566,-0.02433493809185494
2025-04-08 00:00:00-04:00,2025-04-01 00:00:00-04:00,IBM,-56.04177417920521,-0.004224422647285955,-0.02103814501603518
2025-04-08 00:00:00-04:00,2025-04-01 00:00:00-04:00,CSCO,-58.55281034566894,-0.004413704271665712,-0.022422431185448066
2025-04-08 00:00:00-04:00,2025-04-01 00:00:00-04:00,V,-33.81948143688447,-0.0025493087146847334,-0.01296753811374396
2025-04-09 00:00:00-04:00,2025-04-01 00:00:00-04:00,__cash_interest__,-0.0001757714088805038,-1.349843663170954e-08,
2025-04-09 00:00:00-04:00,2025-04-01 00:00:00-04:00,MMM,224.14417169443274,0.01721324257030471,0.0877633568957028
2025-04-09 00:00:00-04:00,2025-04-01 00:00:00-04:00,WMT,261.0764894208575,0.0200494748885609,0.09548844227369258
2025-04-09 00:00:00-04:00,2025-04-01 00:00:00-04:00,IBM,168.4796808355575,0.012938465419228213,0.06460666595888598
2025-04-09 00:00:00-04:00,2025-04-01 00:00:00-04:00,CSCO,237.09022826247121,0.018207440234914645,0.09287469106526891
2025-04-09 00:00:00-04:00,2025-04-01 00:00:00-04:00,V,201.74669110647588,0.015493218964918374,0.07837283796417704
2025-04-10 00:00:00-04:00,2025-04-01 00:00:00-04:00,__cash_interest__,-0.00017579655789015737,-1.2455341991440664e-08,
2025-04-10 00:00:00-04:00,2025-04-01 00:00:00-04:00,MMM,-107.45274293260654,-0.0076131221066354365,-0.03867843176757935
2025-04-10 00:00:00-04:00,2025-04-01 00:00:00-04:00,WMT,33.762406579781356,0.002392096440636781,0.01127219880906316
2025-04-10 00:00:00-04:00,2025-04-01 00:00:00-04:00,IBM,-67.95798451839403,-0.004814883456105592,-0.02447829180381278
2025-04-10 00:00:00-04:00,2025-04-01 00:00:00-04:00,CSCO,-73.9106656535082,-0.005236636192300636,-0.026492349288661843
2025-04-10 00:00:00-04:00,2025-04-01 00:00:00-04:00,V,-65.30037211340301,-0.004626589260916965,-0.023523712806892583
2025-04-11 00:00:00-04:00,2025-04-01 00:00:00-04:00,__cash_interest__,-0.0001758217104980792,-1.2710043092271948e-08,
2025-04-11 00:00:00-04:00,2025-04-01 00:00:00-04:00,MMM,59.852240099193224,0.0043266815495920435,0.022411094876379822
2025-04-11 00:00:00-04:00,2025-04-01 00:00:00-04:00,WMT,73.20838060681614,0.005292188715444469,0.024169517271807495
2025-04-11 00:00:00-04:00,2025-04-01 00:00:00-04:00,IBM,69.96376854504322,0.005057637709166495,0.02583312073567745
2025-04-11 00:00:00-04:00,2025-04-01 00:00:00-04:00,CSCO,35.51565138980271,0.0025674045505286566,0.013076567930443206
2025-04-11 00:00:00-04:00,2025-04-01 00:00:00-04:00,V,73.40051024139372,0.0053060776483178085,0.027078686238081184
2025-04-14 00:00:00-04:00,2025-04-01 00:00:00-04:00,__cash_interest__,-0.00017584686670478415,-1.2431530877825153e-08,
2025-04-14 00:00:00-04:00,2025-04-01 00:00:00-04:00,MMM,1.204718608537203,8.516783302294313e-05,0.0004412073409088002
2025-04-14 00:00:00-04:00,2025-04-01 00:00:00-04:00,WMT,64.51713948935335,0.004561052617771938,0.0207974665461923
2025-04-14 00:00:00-04:00,2025-04-01 00:00:00-04:00,IBM,42.23752485795539,0.0029859906196457384,0.015202864432978247
2025-04-14 00:00:00-04:00,2025-04-01 00:00:00-04:00,CSCO,3.839275829906154,0.00027141840467418256,0.0013953431804942795
2025-04-14 00:00:00-04:00,2025-04-01 00:00:00-04:00,V,14.863570460405764,0.0010507832103910726,0.005338852721601173
2025-04-15 00:00:00-04:00,2025-04-01 00:00:00-04:00,__cash_interest__,-0.00017587202651078715,-1.2322964796449308e-08,
2025-04-15 00:00:00-04:00,2025-04-01 00:00:00-04:00,MMM,-15.063061081171023,-0.0010554354499272857,-0.005514152547463125
2025-04-15 00:00:00-04:00,2025-04-01 00:00:00-04:00,WMT,-25.406038874301252,-0.0017801450797863766,-0.008022924502189888
2025-04-15 00:00:00-04:00,2025-04-01 00:00:00-04:00,IBM,19.349685252696943,0.0013557897462262633,0.006860377802287099
2025-04-15 00:00:00-04:00,2025-04-01 00:00:00-04:00,CSCO,-10.078522046874395,-0.0007061797992999969,-0.003657825659063585
2025-04-15 00:00:00-04:00,2025-04-01 00:00:00-04:00,V,5.26099151436448,0.00036862606585110104,0.001879662723436093
2025-04-16 00:00:00-04:00,2025-04-01 00:00:00-04:00,__cash_interest__,-0.00017589718991660314,-1.2347167149438554e-08,
2025-04-16 00:00:00-04:00,2025-04-01 00:00:00-04:00,MMM,-96.40603800416814,-0.006767256861903011,-0.035487153689859774
2025-04-16 00:00:00-04:00,2025-04-01 00:00:00-04:00,WMT,-92.93085203386396,-0.006523314920186526,-0.029583804941844427
2025-04-16 00:00:00-04:00,2025-04-01 00:00:00-04:00,IBM,-25.13042407929087,-0.0017640392480993878,-0.008849213937498823
2025-04-16 00:00:00-04:00,2025-04-01 00:00:00-04:00,CSCO,-69.11147686759868,-0.0048513052268395,-0.025174903329110765
2025-04-16 00:00:00-04:00,2025-04-01 00:00:00-04:00,V,-37.41023508867084,-0.0026260250431437383,-0.013340963744455703
2025-04-17 00:00:00-04:00,2025-04-01 00:00:00-04:00,__cash_interest__,-0.00017592235692274718,-1.2633593295102568e-08,
2025-04-17 00:00:00-04:00,2025-04-01 00:00:00-04:00,MMM,-5.021072648524392,-0.0003605806041723083,-0.001916264354322017
2025-04-17 00:00:00-04:00,2025-04-01 00:00:00-04:00,WMT,67.85994436478018,0.004873257459308557,0.022261251431529905
2025-04-17 00:00:00-04:00,2025-04-01 00:00:00-04:00,IBM,2.831496891002873,0.0002033395911867314,0.0010059612146950947
2025-04-17 00:00:00-04:00,2025-04-01 00:00:00-04:00,CSCO,0.0,0.0,0.0
2025-04-17 00:00:00-04:00,2025-04-01 00:00:00-04:00,V,-14.36249910163233,-0.001031420767236418,-0.005191103446258505
2025-04-21 00:00:00-04:00,2025-04-01 00:00:00-04:00,__cash_interest__,-0.00017594752752973441,-1.2589015610026378e-08,
2025-04-21 00:00:00-04:00,2025-04-01 00:00:00-04:00,MMM,-82.74910942389913,-0.005920684677295047,-0.031641369026643384
2025-04-21 00:00:00-04:00,2025-04-01 00:00:00-04:00,WMT,-27.07705462216249,-0.0019373586437827848,-0.008689116045372591
2025-04-21 00:00:00-04:00,2025-04-01 00:00:00-04:00,IBM,-30.557740578090705,-0.0021864011307559236,-0.010845503611569107
2025-04-21 00:00:00-04:00,2025-04-01 00:00:00-04:00,CSCO,-66.7115064805366,-0.0047731969198028254,-0.024928243856101928
2025-04-21 00:00:00-04:00,2025-04-01 00:00:00-04:00,V,-79.41285104116177,-0.005681975958570573,-0.02885232373502722
2025-04-22 00:00:00-04:00,2025-04-01 00:00:00-04:00,__cash_interest__,-0.00017597270173808007,-1.2854325740892797e-08,
2025-04-22 00:00:00-04:00,2025-04-01 00:00:00-04:00,MMM,205.66664317159126,0.015023387146141131,0.08121188095507237
2025-04-22 00:00:00-04:00,2025-04-01 00:00:00-04:00,WMT,81.5652638987658,0.005958119986457727,0.026403989264090155
2025-04-22 00:00:00-04:00,2025-04-01 00:00:00-04:00,IBM,55.21587412082199,0.004033368954427932,0.019811999395496382
2025-04-22 00:00:00-04:00,2025-04-01 00:00:00-04:00,CSCO,32.15576804673725,0.0023488911225365747,0.012322909152946648
2025-04-22 00:00:00-04:00,2025-04-01 00:00:00-04:00,V,94.35993339469644,0.0068927356843660964,0.035301434913018515
2025-04-23 00:00:00-04:00,2025-04-01 00:00:00-04:00,__cash_interest__,-0.00017599787954829935,-1.2430344924151547e-08,
2025-04-23 00:00:00-04:00,2025-04-01 00:00:00-04:00,MMM,-5.422802382438946,-0.00038300066024788776,-0.001980471871341427
2025-04-23 00:00:00-04:00,2025-04-01 00:00:00-04:00,WMT,3.677162700939941,0.00025970995123474977,0.0011597351406902323
2025-04-23 00:00:00-04:00,2025-04-01 00:00:00-04:00,IBM,54.03636454061512,0.0038164701268614135,0.019012111795024156
2025-04-23 00:00:00-04:00,2025-04-01 00:00:00-04:00,CSCO,28.316680213884762,0.0019999451304121476,0.010719576565943578
2025-04-23 00:00:00-04:00,2025-04-01 00:00:00-04:00,V,24.800970237232384,0.001751638231628877,0.008962034022198528
2025-04-24 00:00:00-04:00,2025-04-01 00:00:00-04:00,__cash_interest__,-0.00017602306096090766,-1.2340253326925854e-08,
2025-04-24 00:00:00-04:00,2025-04-01 00:00:00-04:00,MMM,56.6387159566811,0.003970707583436846,0.020726179743303152
2025-04-24 00:00:00-04:00,2025-04-01 00:00:00-04:00,WMT,29.417043814284742,0.002062308034048853,0.009267052494050576
2025-04-24 00:00:00-04:00,2025-04-01 00:00:00-04:00,IBM,-190.5423691585509,-0.013358142348469573,-0.06578947963728521
2025-04-24 00:00:00-04:00,2025-04-01 00:00:00-04:00,CSCO,31.67599956578923,0.0022206741371929885,0.011864104001800824
2025-04-24 00:00:00-04:00,2025-04-01 00:00:00-04:00,V,11.18930491549049,0.0007844361781666481,0.004007432364943497
2025-04-25 00:00:00-04:00,2025-04-01 00:00:00-04:00,__cash_interest__,-0.0001760482459764204,-1.239556815572804e-08,
2025-04-25 00:00:00-04:00,2025-04-01 00:00:00-04:00,MMM,-31.332095686096476,-0.0022060948428354135,-0.011232748923710956
2025-04-25 00:00:00-04:00,2025-04-01 00:00:00-04:00,WMT,-25.071681048788133,-0.0017652986514875779,-0.007825641599213395
2025-04-25 00:00:00-04:00,2025-04-01 00:00:00-04:00,IBM,36.338853792743734,0.0025586209984126886,0.013430474649429147
2025-04-25 00:00:00-04:00,2025-04-01 00:00:00-04:00,CSCO,20.157232090802452,0.0014192719889173794,0.007461279749940264
2025-04-25 00:00:00-04:00,2025-04-01 00:00:00-04:00,V,-4.5088689706911875,-0.0003174697499623811,-0.001608398944725531
2025-04-28 00:00:00-04:00,2025-04-01 00:00:00-04:00,__cash_interest__,-0.0001760734345953531,-1.24011982455082e-08,
2025-04-28 00:00:00-04:00,2025-04-01 00:00:00-04:00,MMM,12.251423536975603,0.0008628918520325694,0.0044421077369525275
2025-04-28 00:00:00-04:00,2025-04-01 00:00:00-04:00,WMT,4.346393938435741,0.00030612507223187497,0.0013673433637619858
2025-04-28 00:00:00-04:00,2025-04-01 00:00:00-04:00,IBM,44.243683272663695,0.0031161696177320892,0.016135315130585415
2025-04-28 00:00:00-04:00,2025-04-01 00:00:00-04:00,CSCO,6.239246216968241,0.00043944238048731896,0.002292377767941778
2025-04-28 00:00:00-04:00,2025-04-01 00:00:00-04:00,V,19.539720970111333,0.0013762209726251322,0.006981417391288325
2025-04-29 00:00:00-04:00,2025-04-01 00:00:00-04:00,__cash_interest__,-0.00017609862681822126,-1.2327762905157278e-08,
2025-04-29 00:00:00-04:00,2025-04-01 00:00:00-04:00,MMM,9.038213123267782,0.0006327190079962471,0.003262572722450452
2025-04-29 00:00:00-04:00,2025-04-01 00:00:00-04:00,WMT,27.411412447675605,0.0019189325871305227,0.00861165238828776
2025-04-29 00:00:00-04:00,2025-04-01 00:00:00-04:00,IBM,38.10839895409836,0.0026677738236210824,0.01367714134262088
2025-04-29 00:00:00-04:00,2025-04-01 00:00:00-04:00,CSCO,23.997071911869597,0.0016799120941068436,0.008796661670824157
2025-04-29 00:00:00-04:00,2025-04-01 00:00:00-04:00,V,33.485176111612276,0.0023441256720729835,0.011881092498610801
2025-04-30 00:00:00-04:00,2025-04-01 00:00:00-04:00,__cash_interest__,-0.00017612382264554056,-1.2216603164980581e-08,
2025-04-30 00:00:00-04:00,2025-04-01 00:00:00-04:00,MMM,10.645132058925999,0.0007383859380819792,0.003830134856733114
2025-04-30 00:00:00-04:00,2025-04-01 00:00:00-04:00,WMT,40.44827412386979,0.0028056426794355713,0.012598855389708064
2025-04-30 00:00:00-04:00,2025-04-01 00:00:00-04:00,IBM,28.669888790059236,0.0019886500807853504,0.01015081673592344
2025-04-30 00:00:00-04:00,2025-04-01 00:00:00-04:00,CSCO,18.717550653851063,0.001298318904982676,0.006801504920832091
2025-04-30 00:00:00-04:00,2025-04-01 00:00:00-04:00,V,33.2351559377387,0.0023053139837575644,0.011653919918729327
2025-05-01 00:00:00-04:00,2025-05-01 00:00:00-04:00,__cash_interest__,-0.00017614902207782677,-1.2107731234044089e-08,
2025-05-01 00:00:00-04:00,2025-05-01 00:00:00-04:00,MMM,-12.653764200153104,-0.0008697656917262453,-0.007271091236052851
2025-05-01 00:00:00-04:00,2025-05-01 00:00:00-04:00,WMT,3.990171969281092,0.0002742673743617296,0.0016452067641969936
2025-05-01 00:00:00-04:00,2025-05-01 00:00:00-04:00,IBM,-25.902900101615533,-0.0017804546906544116,-0.00893230016029578
2025-05-01 00:00:00-04:00,2025-05-01 00:00:00-04:00,CSCO,2.3996078596030723,0.0001649387926680464,0.006755556966878906
2025-05-01 00:00:00-04:00,2025-05-01 00:00:00-04:00,V,-25.646037967489043,-0.0017627990849205777,-0.008827679514762599
2025-05-01 00:00:00-04:00,2025-05-01 00:00:00-04:00,__costs__,-3.800609100507853,-0.00026123763261245845,
2025-05-01 00:00:00-04:00,2025-05-01 00:00:00-04:00,TRV,-3.440744481775554,-0.00023650207613388013,-0.010146531147003035
2025-05-01 00:00:00-04:00,2025-05-01 00:00:00-04:00,MCD,4.546314876366369,0.000312494261841885,-0.018801702592340597
2025-05-02 00:00:00-04:00,2025-05-01 00:00:00-04:00,__cash_interest__,-0.0005437832897101462,-3.7533444439379646e-08,
2025-05-02 00:00:00-04:00,2025-05-01 00:00:00-04:00,WMT,40.127381543977954,0.00276970417108899,0.013756282003781095
2025-05-02 00:00:00-04:00,2025-05-01 00:00:00-04:00,IBM,70.87682866937638,0.00489211706435383,0.024576526123954112
2025-05-02 00:00:00-04:00,2025-05-01 00:00:00-04:00,V,43.29653444152369,0.0029884479729872346,0.01503858886543763
2025-05-02 00:00:00-04:00,2025-05-01 00:00:00-04:00,TRV,66.15188908321446,0.004565988511320941,0.022796041335551465
2025-05-02 00:00:00-04:00,2025-05-01 00:00:00-04:00,MCD,-15.586982121555776,-0.001075857126372638,-0.005356554557947479
2025-05-05 00:00:00-04:00,2025-05-01 00:00:00-04:00,__cash_interest__,-0.0005438610930985895,-3.701540340404059e-08,
2025-05-05 00:00:00-04:00,2025-05-01 00:00:00-04:00,WMT,17.36867153500565,0.001182118727775893,0.005873450224442189
2025-05-05 00:00:00-04:00,2025-05-01 00:00:00-04:00,IBM,43.68118922934375,0.002972959200446592,0.014783125727645174
2025-05-05 00:00:00-04:00,2025-05-01 00:00:00-04:00,V,8.743178288723696,0.0005950642094044588,0.0029918563113320307
2025-05-05 00:00:00-04:00,2025-05-01 00:00:00-04:00,TRV,1.442937000843581,9.82068690895663e-05,0.00048615585066902334
2025-05-05 00:00:00-04:00,2025-05-01 00:00:00-04:00,MCD,34.884636601702866,0.002374262312199108,0.012052864483746983
2025-05-06 00:00:00-04:00,2025-05-01 00:00:00-04:00,__cash_interest__,-0.0005439389076189807,-3.675523209654455e-08,
2025-05-06 00:00:00-04:00,2025-05-01 00:00:00-04:00,WMT,-23.35752619419062,-0.0015783230146683433,-0.007852540587207302
2025-05-06 00:00:00-04:00,2025-05-01 00:00:00-04:00,IBM,-0.7220757105502826,-4.879235509871596e-05,-0.0002408137697084145
2025-05-06 00:00:00-04:00,2025-05-01 00:00:00-04:00,V,-7.90238825977128,-0.0005339829722354776,-0.0026960773897806156
2025-05-06 00:00:00-04:00,2025-05-01 00:00:00-04:00,TRV,5.66014152557919,0.00038246908349067946,0.0019060941720596691
2025-05-06 00:00:00-04:00,2025-05-01 00:00:00-04:00,MCD,9.92749952166075,0.0006708245061090077,0.0033891652650934745
2025-05-07 00:00:00-04:00,2025-05-01 00:00:00-04:00,__cash_interest__,-0.0005440167332729126,-3.6801260923520416e-08,
2025-05-07 00:00:00-04:00,2025-05-01 00:00:00-04:00,WMT,8.384812207060033,0.0005672098723329832,0.0028411912000072537
2025-05-07 00:00:00-04:00,2025-05-01 00:00:00-04:00,IBM,51.14174725828686,0.0034596009089903875,0.017059988663359116
2025-05-07 00:00:00-04:00,2025-05-01 00:00:00-04:00,V,18.075428603904793,0.001222753867063607,0.0061835100008202915
2025-05-07 00:00:00-04:00,2025-05-01 00:00:00-04:00,TRV,8.990713783991852,0.0006081974755864558,0.003021928726846923
2025-05-07 00:00:00-04:00,2025-05-01 00:00:00-04:00,MCD,12.432196072441398,0.0008410044462451505,0.004229911838384837
2025-05-08 00:00:00-04:00,2025-05-01 00:00:00-04:00,__cash_interest__,-0.000544094570061978,-3.656161002633682e-08,
2025-05-08 00:00:00-04:00,2025-05-01 00:00:00-04:00,WMT,-41.9245229066347,-0.0028172088849885007,-0.014165864575233611
2025-05-08 00:00:00-04:00,2025-05-01 00:00:00-04:00,IBM,9.265747305318818,0.0006226319066941954,0.0030390444985097798
2025-05-08 00:00:00-04:00,2025-05-01 00:00:00-04:00,V,11.937920895647517,0.0008021943837120147,0.004058802925323679
2025-05-08 00:00:00-04:00,2025-05-01 00:00:00-04:00,TRV,21.75427936688482,0.0014618257971687296,0.007289946117688961
2025-05-08 00:00:00-04:00,2025-05-01 00:00:00-04:00,MCD,-43.049107403118036,-0.002892777769635529,-0.014585269653330957
2025-05-09 00:00:00-04:00,2025-05-01 00:00:00-04:00,__cash_interest__,-0.0005441724179877704,-3.667037526468235e-08,
2025-05-09 00:00:00-04:00,2025-05-01 00:00:00-04:00,WMT,-14.258660903947,-0.0009608543704825227,-0.004887084468604419
2025-05-09 00:00:00-04:00,2025-05-01 00:00:00-04:00,IBM,-39.49001894959764,-0.002661130491409264,-0.012912969063276547
2025-05-09 00:00:00-04:00,2025-05-01 00:00:00-04:00,V,10.67699535531425,0.000719495169980194,0.0036154234752792114
2025-05-09 00:00:00-04:00,2025-05-01 00:00:00-04:00,TRV,-11.875896723897002,-0.0008002860400023104,-0.003950858992842421
2025-05-09 00:00:00-04:00,2025-05-01 00:00:00-04:00,MCD,1.763028720245578,0.00011880595678274708,0.0006061647101434087
2025-05-12 00:00:00-04:00,2025-05-01 00:00:00-04:00,__cash_interest__,-0.0005442502770518829,-3.680754044834394e-08,
2025-05-12 00:00:00-04:00,2025-05-01 00:00:00-04:00,WMT,0.9006491023337593,6.09107237271177e-05,0.0003102089774478234
2025-05-12 00:00:00-04:00,2025-05-01 00:00:00-04:00,IBM,54.389751485648425,0.0036783683209637304,0.01801774337498041
2025-05-12 00:00:00-04:00,2025-05-01 00:00:00-04:00,V,27.82781443046674,0.0018819896808996402,0.009389055181832973
2025-05-12 00:00:00-04:00,2025-05-01 00:00:00-04:00,TRV,-18.75748994918454,-0.0012685653992753007,-0.006264971141386688
2025-05-12 00:00:00-04:00,2025-05-01 00:00:00-04:00,MCD,-16.328941602830344,-0.0011043231466605732,-0.005610817248382638
2025-05-13 00:00:00-04:00,2025-05-01 00:00:00-04:00,__cash_interest__,-0.0005443281472559092,-3.6693613339416203e-08,
2025-05-13 00:00:00-04:00,2025-05-01 00:00:00-04:00,WMT,-26.116052739671836,-0.0017605048462261317,-0.008992316359562214
2025-05-13 00:00:00-04:00,2025-05-01 00:00:00-04:00,IBM,59.35588350762711,0.004001229497001097,0.01931486819334438
2025-05-13 00:00:00-04:00,2025-05-01 00:00:00-04:00,V,7.41062989407226,0.0004995567275097483,0.002477075966091702
2025-05-13 00:00:00-04:00,2025-05-01 00:00:00-04:00,TRV,-34.85197332138117,-0.0023494005217576533,-0.011713889596663085
2025-05-13 00:00:00-04:00,2025-05-01 00:00:00-04:00,MCD,-29.9674051338219,-0.00202012771580803,-0.010355255893771287
2025-05-14 00:00:00-04:00,2025-05-01 00:00:00-04:00,__cash_interest__,-0.0005444060286014433,-3.6758753818745126e-08,
2025-05-14 00:00:00-04:00,2025-05-01 00:00:00-04:00,WMT,28.517321807894,0.0019255135998387956,0.009908222606756611
2025-05-14 00:00:00-04:00,2025-05-01 00:00:00-04:00,IBM,-9.327224930595706,-0.0006297820873082828,-0.002977639150825828
2025-05-14 00:00:00-04:00,2025-05-01 00:00:00-04:00,V,2.6946801421734197,0.00018194707398975203,0.0008984977073338563
2025-05-14 00:00:00-04:00,2025-05-01 00:00:00-04:00,TRV,-25.861259537389323,-0.0017461740370871574,-0.008795099045776689
2025-05-14 00:00:00-04:00,2025-05-01 00:00:00-04:00,MCD,-11.040438743572597,-0.0007454597276751115,-0.003854949615793246
2025-05-15 00:00:00-04:00,2025-05-01 00:00:00-04:00,__cash_interest__,-0.0005444839210900792,-3.680132943653672e-08,
2025-05-15 00:00:00-04:00,2025-05-01 00:00:00-04:00,WMT,-14.408769087669294,-0.000973879737180665,-0.004957149217715395
2025-05-15 00:00:00-04:00,2025-05-01 00:00:00-04:00,IBM,107.32523256218487,0.0072540456887439375,0.03436501640290923
2025-05-15 00:00:00-04:00,2025-05-01 00:00:00-04:00,V,49.17921011014169,0.003323992210951917,0.016383295441096735
2025-05-15 00:00:00-04:00,2025-05-01 00:00:00-04:00,TRV,92.23463392173902,0.006234081516340537,0.031646205907569946
2025-05-15 00:00:00-04:00,2025-05-01 00:00:00-04:00,MCD,64.75900514962595,0.004377020863577501,0.022699169125948604
2025-05-16 00:00:00-04:00,2025-05-01 00:00:00-04:00,__cash_interest__,-0.0005445618247234112,-3.6077284516174345e-08,
2025-05-16 00:00:00-04:00,2025-05-01 00:00:00-04:00,WMT,56.73465818401068,0.0037586777337395264,0.019616059469461877
2025-05-16 00:00:00-04:00,2025-05-01 00:00:00-04:00,IBM,0.9691317574704481,6.420509216869882e-05,0.00030000170213728694
2025-05-16 00:00:00-04:00,2025-05-01 00:00:00-04:00,V,23.74764726218933,0.0015732844058668747,0.007783640779432277
2025-05-16 00:00:00-04:00,2025-05-01 00:00:00-04:00,TRV,30.301331486824193,0.0020074667515011936,0.010077633227701721
2025-05-16 00:00:00-04:00,2025-05-01 00:00:00-04:00,MCD,38.31707415481622,0.0025385106398392488,0.013132706206128386
2025-05-19 00:00:00-04:00,2025-05-01 00:00:00-04:00,__cash_interest__,-0.0005446397395030341,-3.5727242258847496e-08,
2025-05-19 00:00:00-04:00,2025-05-01 00:00:00-04:00,WMT,-3.6021345380005068,-0.00023629258747357503,-0.0012214806431575242
2025-05-19 00:00:00-04:00,2025-05-01 00:00:00-04:00,IBM,19.987483338468532,0.0013111376338967367,0.006185413513044136
2025-05-19 00:00:00-04:00,2025-05-01 00:00:00-04:00,V,23.41081224441765,0.0015357009411320107,0.007613973710378641
2025-05-19 00:00:00-04:00,2025-05-01 00:00:00-04:00,TRV,10.10021347501406,0.0006625531475488174,0.003325620085193437
2025-05-19 00:00:00-04:00,2025-05-01 00:00:00-04:00,MCD,24.307922533926874,0.0015945495236380296,0.0082232481741491
2025-05-20 00:00:00-04:00,2025-05-01 00:00:00-04:00,__cash_interest__,-0.0005447176654305425,-3.55592652991742e-08,
2025-05-20 00:00:00-04:00,2025-05-01 00:00:00-04:00,WMT,-9.60576907989044,-0.0006270663001987459,-0.0032612914227917456
2025-05-20 00:00:00-04:00,2025-05-01 00:00:00-04:00,IBM,-17.68569995232517,-0.0011545256130242275,-0.005439448379146339
2025-05-20 00:00:00-04:00,2025-05-01 00:00:00-04:00,V,-8.926646977140164,-0.0005827330895195167,-0.0028813039150352715
2025-05-20 00:00:00-04:00,2025-05-01 00:00:00-04:00,TRV,-9.212544616018093,-0.0006013965378239376,-0.003023289831917242
2025-05-20 00:00:00-04:00,2025-05-01 00:00:00-04:00,MCD,-13.267483790354275,-0.0008661036825027631,-0.004451715604940953
2025-05-21 00:00:00-04:00,2025-05-01 00:00:00-04:00,__cash_interest__,-0.0005447956025075314,-3.5701154900657676e-08,
2025-05-21 00:00:00-04:00,2025-05-01 00:00:00-04:00,WMT,-41.12502362656304,-0.002694975568869128,-0.014008198981243392
2025-05-21 00:00:00-04:00,2025-05-01 00:00:00-04:00,IBM,-73.65038600601412,-0.00482640430134087,-0.022775944976440976
2025-05-21 00:00:00-04:00,2025-05-01 00:00:00-04:00,V,-71.91609281592062,-0.004712753843191609,-0.023279836946217602
2025-05-21 00:00:00-04:00,2025-05-01 00:00:00-04:00,TRV,-28.41404176014612,-0.001862008616743027,-0.00935294069476067
2025-05-21 00:00:00-04:00,2025-05-01 00:00:00-04:00,MCD,-31.173380941632566,-0.002042831654022113,-0.010506557087959778
2025-05-22 00:00:00-04:00,2025-05-01 00:00:00-04:00,__cash_interest__,-0.0005448735507355961,-3.629197955764433e-08,
2025-05-22 00:00:00-04:00,2025-05-01 00:00:00-04:00,WMT,-15.009432758225731,-0.0009997219099697056,-0.005185219165541488
2025-05-22 00:00:00-04:00,2025-05-01 00:00:00-04:00,IBM,-30.28326725362838,-0.0020170546260203375,-0.009583186894499218
2025-05-22 00:00:00-04:00,2025-05-01 00:00:00-04:00,V,-2.779018648164017,-0.00018509998848966342,-0.0009210329295289421
2025-05-22 00:00:00-04:00,2025-05-01 00:00:00-04:00,TRV,-0.7770989738738538,-5.1759642280345774e-05,-0.0002582096963539282
2025-05-22 00:00:00-04:00,2025-05-01 00:00:00-04:00,MCD,-19.76167080668319,-0.001316250627274556,-0.0067311188331853344
2025-05-23 00:00:00-04:00,2025-05-01 00:00:00-04:00,__cash_interest__,-0.0005449515101163321,-3.6463808941305524e-08,
2025-05-23 00:00:00-04:00,2025-05-01 00:00:00-04:00,WMT,12.307485451224453,0.0008235187713225057,0.004273954946480973
2025-05-23 00:00:00-04:00,2025-05-01 00:00:00-04:00,IBM,3.1491054388726503,0.00021071302111735723,0.0010061817282303043
2025-05-23 00:00:00-04:00,2025-05-01 00:00:00-04:00,V,-37.30564598214238,-0.0024961963078778036,-0.012375377202027416
2025-05-23 00:00:00-04:00,2025-05-01 00:00:00-04:00,TRV,-0.44366166405248036,-2.9686300252912136e-05,-0.00014745525984627417
2025-05-23 00:00:00-04:00,2025-05-01 00:00:00-04:00,MCD,2.412534917100318,0.0001614275961224424,0.0008273140038697058
2025-05-27 00:00:00-04:00,2025-05-01 00:00:00-04:00,__cash_interest__,-0.000545029480651335,-3.6517604004014754e-08,
2025-05-27 00:00:00-04:00,2025-05-01 00:00:00-04:00,WMT,37.222672721117945,0.0024939620161030973,0.012871108839694001
2025-05-27 00:00:00-04:00,2025-05-01 00:00:00-04:00,IBM,55.72240311432134,0.0037334652955820454,0.017786164421954798
2025-05-27 00:00:00-04:00,2025-05-01 00:00:00-04:00,V,48.505799577693686,0.0032499445328343004,0.016292421589485073
2025-05-27 00:00:00-04:00,2025-05-01 00:00:00-04:00,TRV,53.72037868657883,0.003599327349188217,0.017857122346878418
2025-05-27 00:00:00-04:00,2025-05-01 00:00:00-04:00,MCD,3.5254741390121667,0.0002362108346524463,0.0012079672273934694
2025-05-28 00:00:00-04:00,2025-05-01 00:00:00-04:00,__cash_interest__,-0.0005451074623422007,-3.604299305971715e-08,
2025-05-28 00:00:00-04:00,2025-05-01 00:00:00-04:00,WMT,-10.205970879112348,-0.0006748279247232082,-0.0034842439153649485
2025-05-28 00:00:00-04:00,2025-05-01 00:00:00-04:00,IBM,-36.21948565458803,-0.002394864793201669,-0.011358950339245832
2025-05-28 00:00:00-04:00,2025-05-01 00:00:00-04:00,V,3.6208466894978546,0.0002394136222958978,0.001196694847702462
2025-05-28 00:00:00-04:00,2025-05-01 00:00:00-04:00,TRV,-24.751414315476108,-0.0016365856569962862,-0.008083242513976074
2025-05-28 00:00:00-04:00,2025-05-01 00:00:00-04:00,MCD,-19.576472587104043,-0.0012944138804465396,-0.006699582851830699
2025-05-29 00:00:00-04:00,2025-05-01 00:00:00-04:00,__cash_interest__,-0.0005451854551905257,-3.6257038223045365e-08,
2025-05-29 00:00:00-04:00,2025-05-01 00:00:00-04:00,WMT,-4.202798208556945,-0.0002795030825577385,-0.0014398213004468419
2025-05-29 00:00:00-04:00,2025-05-01 00:00:00-04:00,IBM,-18.77568679302627,-0.0012486591255094653,-0.005955978414552088
2025-05-29 00:00:00-04:00,2025-05-01 00:00:00-04:00,V,22.48438619399786,0.001495302638572044,0.007422238635371725
2025-05-29 00:00:00-04:00,2025-05-01 00:00:00-04:00,TRV,8.43544564214424,0.0005609912593298402,0.0027772718528564777
2025-05-29 00:00:00-04:00,2025-05-01 00:00:00-04:00,MCD,-9.092211803747873,-0.0006046688659096856,-0.0031325805560549203
2025-05-30 00:00:00-04:00,2025-05-01 00:00:00-04:00,__cash_interest__,-0.000545263459197906,-3.626500274084952e-08,
2025-05-30 00:00:00-04:00,2025-05-01 00:00:00-04:00,WMT,48.629740005675906,0.003234322096673903,0.016683907002333465
2025-05-30 00:00:00-04:00,2025-05-01 00:00:00-04:00,IBM,4.481566143243465,0.00029806510178969064,0.0014301496231516886
2025-05-30 00:00:00-04:00,2025-05-01 00:00:00-04:00,V,23.49489124731289,0.0015626249679982875,0.007698671392885714
2025-05-30 00:00:00-04:00,2025-05-01 00:00:00-04:00,TRV,14.318109061531683,0.0009522850937490861,0.004701014011377014
2025-05-30 00:00:00-04:00,2025-05-01 00:00:00-04:00,MCD,18.462950063713205,0.001227954896610278,0.006381112431360636
2025-06-02 00:00:00-04:00,2025-06-02 00:00:00-04:00,__cash_interest__,-0.0005453414743659383,-3.600822385997643e-08,
2025-06-02 00:00:00-04:00,2025-06-02 00:00:00-04:00,WMT,31.971739886059805,0.0021110544881053055,0.010636105073970059
2025-06-02 00:00:00-04:00,2025-06-02 00:00:00-04:00,IBM,56.08714423994311,0.003703364846414479,0.018682937504536312
2025-06-02 00:00:00-04:00,2025-06-02 00:00:00-04:00,V,0.8152556523499541,5.38303235913975e-05,0.0003560956358117373
2025-06-02 00:00:00-04:00,2025-06-02 00:00:00-04:00,TRV,-25.306237473765396,-0.0016709395981087767,0.002321329447212417
2025-06-02 00:00:00-04:00,2025-06-02 00:00:00-04:00,MCD,-12.595914415727469,-0.0008316926683963719,0.0019225782400200675
2025-06-02 00:00:00-04:00,2025-06-02 00:00:00-04:00,__costs__,-3.6432874656871546,-0.0002405617705919768,
2025-06-02 00:00:00-04:00,2025-06-02 00:00:00-04:00,CSCO,53.83271574137631,0.003554507717682269,0.01284894755260746
2025-06-02 00:00:00-04:00,2025-06-02 00:00:00-04:00,DIS,7.224628008400863,0.0004770332623866953,-0.000796265884318248
2025-06-03 00:00:00-04:00,2025-06-02 00:00:00-04:00,__cash_interest__,-0.0005212740355712792,-3.4174508666286666e-08,
2025-06-03 00:00:00-04:00,2025-06-02 00:00:00-04:00,WMT,6.406077519884092,0.0004199797741321557,0.002104849203365733
2025-06-03 00:00:00-04:00,2025-06-02 00:00:00-04:00,IBM,15.20157426512468,0.0009966088775078964,0.00492620369836172
2025-06-03 00:00:00-04:00,2025-06-02 00:00:00-04:00,V,4.487500791857985,0.0002941986829120492,0.0014779456614353315
2025-06-03 00:00:00-04:00,2025-06-02 00:00:00-04:00,CSCO,24.51325956735177,0.00160707908769196,0.007987511411585047
2025-06-03 00:00:00-04:00,2025-06-02 00:00:00-04:00,DIS,17.392811414874114,0.0011402654724156655,0.00575474969515799
2025-06-04 00:00:00-04:00,2025-06-02 00:00:00-04:00,__cash_interest__,-0.0005213486183821938,-3.402769947485635e-08,
2025-06-04 00:00:00-04:00,2025-06-02 00:00:00-04:00,WMT,-19.218232559652275,-0.0012543473194712548,-0.006301284356738934
2025-06-04 00:00:00-04:00,2025-06-02 00:00:00-04:00,IBM,3.7416934692485784,0.0002442151305468422,0.0012065847601130386
2025-06-04 00:00:00-04:00,2025-06-02 00:00:00-04:00,V,17.78685391770798,0.0011609232256011097,0.005849404800509328
2025-06-04 00:00:00-04:00,2025-06-02 00:00:00-04:00,CSCO,1.4418124698867107,9.410509531347598e-05,0.0004660838488375063
2025-06-04 00:00:00-04:00,2025-06-02 00:00:00-04:00,DIS,-2.9432420636645413,-0.00019210131741581235,-0.0009682567649166307
2025-06-05 00:00:00-04:00,2025-06-02 00:00:00-04:00,__cash_interest__,-0.0005214232118642627,-3.4030772597381185e-08,
2025-06-05 00:00:00-04:00,2025-06-02 00:00:00-04:00,WMT,-42.40162926833051,-0.002767349382529312,-0.013990829044780773
2025-06-05 00:00:00-04:00,2025-06-02 00:00:00-04:00,IBM,15.668963420775079,0.0010226375022750057,0.005046685012132679
2025-06-05 00:00:00-04:00,2025-06-02 00:00:00-04:00,V,-10.223080538040723,-0.0006672110506759384,-0.003342422590238092
2025-06-05 00:00:00-04:00,2025-06-02 00:00:00-04:00,CSCO,11.054962495996081,0.0007215039649438453,0.0035719895477466235
2025-06-05 00:00:00-04:00,2025-06-02 00:00:00-04:00,DIS,-25.6880077419982,-0.0016765320953438414,-0.008458935122206523
2025-06-06 00:00:00-04:00,2025-06-02 00:00:00-04:00,__cash_interest__,-0.0005214978160190127,-3.415062629957888e-08,
2025-06-06 00:00:00-04:00,2025-06-02 00:00:00-04:00,WMT,-14.947514213062881,-0.000978847765643076,-0.005002060337131908
2025-06-06 00:00:00-04:00,2025-06-02 00:00:00-04:00,IBM,23.503629432880146,0.0015391505789485603,0.007532074869041505
2025-06-06 00:00:00-04:00,2025-06-02 00:00:00-04:00,V,28.6740569118464,0.0018777394113835034,0.009406384898297038
2025-06-06 00:00:00-04:00,2025-06-02 00:00:00-04:00,CSCO,69.21396474173707,0.004532521847648767,0.022284254097513445
2025-06-06 00:00:00-04:00,2025-06-02 00:00:00-04:00,DIS,36.658973212578175,0.002400636889078338,0.012174604502355413
2025-06-09 00:00:00-04:00,2025-06-02 00:00:00-04:00,__cash_interest__,-0.0005215724308479709,-3.38384071426149e-08,
2025-06-09 00:00:00-04:00,2025-06-02 00:00:00-04:00,WMT,-0.6104043531970005,-3.960161581302063e-05,-0.00020529359114607182
2025-06-09 00:00:00-04:00,2025-06-02 00:00:00-04:00,IBM,37.53562499857366,0.002435224114490197,0.011938904212311696
2025-06-09 00:00:00-04:00,2025-06-02 00:00:00-04:00,V,-29.58840984985981,-0.0019196272655253755,-0.009615883233337286
2025-06-09 00:00:00-04:00,2025-06-02 00:00:00-04:00,CSCO,-7.6910471918088446,-0.0004989772672730698,-0.002422245619144947
2025-06-09 00:00:00-04:00,2025-06-02 00:00:00-04:00,DIS,47.094576866193094,0.0030553866959887738,0.015452189582818354
2025-06-10 00:00:00-04:00,2025-06-02 00:00:00-04:00,__cash_interest__,-0.0005216470563526646,-3.374093364917048e-08,
2025-06-10 00:00:00-04:00,2025-06-02 00:00:00-04:00,WMT,-3.9653988296692493,-0.00025648809319440334,-0.0013339323674106396
2025-06-10 00:00:00-04:00,2025-06-02 00:00:00-04:00,IBM,48.6438581174068,0.0031463595340782986,0.015289544119756249
2025-06-10 00:00:00-04:00,2025-06-02 00:00:00-04:00,V,33.57826701186904,0.0021718939376812146,0.01101849215343309
2025-06-10 00:00:00-04:00,2025-06-02 00:00:00-04:00,CSCO,-36.048512427761665,-0.0023316732092399754,-0.011380813194936223
2025-06-10 00:00:00-04:00,2025-06-02 00:00:00-04:00,DIS,82.14767261614998,0.00531343776873809,0.02654329977296288
2025-06-11 00:00:00-04:00,2025-06-02 00:00:00-04:00,__cash_interest__,-0.0005217216925346211,-3.3476493186535134e-08,
2025-06-11 00:00:00-04:00,2025-06-02 00:00:00-04:00,WMT,-46.36773213992963,-0.002975205154910126,-0.015618614212213222
2025-06-11 00:00:00-04:00,2025-06-02 00:00:00-04:00,IBM,61.74070676836446,0.00396161857756348,0.01911385145150879
2025-06-11 00:00:00-04:00,2025-06-02 00:00:00-04:00,V,21.692703302779282,0.001391921487460154,0.007040742571109204
2025-06-11 00:00:00-04:00,2025-06-02 00:00:00-04:00,CSCO,-46.14232936894296,-0.0029607420907225837,-0.014735213305227979
2025-06-11 00:00:00-04:00,2025-06-02 00:00:00-04:00,DIS,21.138888215712363,0.001356385708031995,0.006653719948930714
2025-06-12 00:00:00-04:00,2025-06-02 00:00:00-04:00,__cash_interest__,-0.0005217963393953681,-3.345539030019467e-08,
2025-06-12 00:00:00-04:00,2025-06-02 00:00:00-04:00,WMT,-29.589708909205616,-0.0018971678903951486,-0.010125207748046483
2025-06-12 00:00:00-04:00,2025-06-02 00:00:00-04:00,IBM,-5.729571794502995,-0.00036735608544168725,-0.0017405081894247276
2025-06-12 00:00:00-04:00,2025-06-02 00:00:00-04:00,V,-15.875164749827835,-0.0010178489051893436,-0.005116535465829797
2025-06-12 00:00:00-04:00,2025-06-02 00:00:00-04:00,CSCO,43.73899479358335,0.0028043606895616015,0.014176621639433895
2025-06-12 00:00:00-04:00,2025-06-02 00:00:00-04:00,DIS,-24.350019176133312,-0.001561220985756107,-0.007613802030611683
2025-06-13 00:00:00-04:00,2025-06-02 00:00:00-04:00,__cash_interest__,-0.0005218709969364336,-3.352855068289408e-08,
2025-06-13 00:00:00-04:00,2025-06-02 00:00:00-04:00,WMT,-11.897135211580908,-0.0007643530743505208,-0.004112684388324683
2025-06-13 00:00:00-04:00,2025-06-02 00:00:00-04:00,IBM,-44.55125417798536,-0.0028622762952182673,-0.01355721213063421
2025-06-13 00:00:00-04:00,2025-06-02 00:00:00-04:00,V,-154.1755287466017,-0.009905287053674057,-0.04994603090920058
2025-06-13 00:00:00-04:00,2025-06-02 00:00:00-04:00,CSCO,-48.54566394430257,-0.003118904410373949,-0.01551460777785818
2025-06-13 00:00:00-04:00,2025-06-02 00:00:00-04:00,DIS,-17.927965243565293,-0.0011518147106060756,-0.005648752660232459
2025-06-16 00:00:00-04:00,2025-06-02 00:00:00-04:00,__cash_interest__,-0.0005219456651593457,-3.414115150050929e-08,
2025-06-16 00:00:00-04:00,2025-06-02 00:00:00-04:00,WMT,-4.57580318286625,-0.0002993092962177502,-0.001588327738044737
2025-06-16 00:00:00-04:00,2025-06-02 00:00:00-04:00,IBM,53.906040756259394,0.0035260649280231446,0.016629377429694392
2025-06-16 00:00:00-04:00,2025-06-02 00:00:00-04:00,V,21.85892600775707,0.0014298210604765174,0.007453599929993171
2025-06-16 00:00:00-04:00,2025-06-02 00:00:00-04:00,CSCO,68.25225436093513,0.004464469602744163,0.022156342996004774
2025-06-16 00:00:00-04:00,2025-06-02 00:00:00-04:00,DIS,41.207676762316254,0.002695448260685808,0.013057494893324861
2025-06-17 00:00:00-04:00,2025-06-02 00:00:00-04:00,__cash_interest__,-0.0005220203440656326,-3.374726314678181e-08,
2025-06-17 00:00:00-04:00,2025-06-02 00:00:00-04:00,WMT,-1.2203393451074211,-7.889177783181118e-05,-0.0004242713913964469
2025-06-17 00:00:00-04:00,2025-06-02 00:00:00-04:00,IBM,14.26532154008366,0.0009222160886245662,0.004328699768247235
2025-06-17 00:00:00-04:00,2025-06-02 00:00:00-04:00,V,19.61479142992135,0.0012680454612159163,0.0066388965270449685
2025-06-17 00:00:00-04:00,2025-06-02 00:00:00-04:00,CSCO,-8.651063094649318,-0.0005592688217489027,-0.0027474717179151176
2025-06-17 00:00:00-04:00,2025-06-02 00:00:00-04:00,DIS,-36.123819383886996,-0.00233531135802167,-0.011299033666608005
2025-06-18 00:00:00-04:00,2025-06-02 00:00:00-04:00,__cash_interest__,-0.0005220950336568231,-3.377854848606396e-08,
2025-06-18 00:00:00-04:00,2025-06-02 00:00:00-04:00,WMT,25.624310079536368,0.0016578437729643117,0.00891250145088951
2025-06-18 00:00:00-04:00,2025-06-02 00:00:00-04:00,IBM,1.871031036341817,0.00012105212366671327,0.0005653026457299593
2025-06-18 00:00:00-04:00,2025-06-02 00:00:00-04:00,V,-145.11677550721896,-0.009388777371197648,-0.04879284230875092
2025-06-18 00:00:00-04:00,2025-06-02 00:00:00-04:00,CSCO,24.512694741364612,0.0015859243901360732,0.007806379530971963
2025-06-18 00:00:00-04:00,2025-06-02 00:00:00-04:00,DIS,-7.224680681467848,-0.0004674229995753994,-0.002285605848403205
2025-06-20 00:00:00-04:00,2025-06-02 00:00:00-04:00,__cash_interest__,-0.0005221697339344457,-3.400411624248117e-08,
2025-06-20 00:00:00-04:00,2025-06-02 00:00:00-04:00,WMT,31.420452607510036,0.0020461253370753084,0.010831942994236288
2025-06-20 00:00:00-04:00,2025-06-02 00:00:00-04:00,IBM,-26.192960095045215,-0.0017057067882804645,-0.007909320409508203
2025-06-20 00:00:00-04:00,2025-06-02 00:00:00-04:00,V,-15.043282861125437,-0.0009796307710596896,-0.005317481772449284
2025-06-20 00:00:00-04:00,2025-06-02 00:00:00-04:00,CSCO,23.071258822136006,0.0015024190715480494,0.007290424104686055
2025-06-20 00:00:00-04:00,2025-06-02 00:00:00-04:00,DIS,-6.154373024085491,-0.00040077775885966245,-0.0019514627232039006
2025-06-23 00:00:00-04:00,2025-06-02 00:00:00-04:00,__cash_interest__,-0.0005222444449000297,-3.399326316325186e-08,
2025-06-23 00:00:00-04:00,2025-06-02 00:00:00-04:00,WMT,53.38350997108085,0.003474770714645715,0.01820631686113061
2025-06-23 00:00:00-04:00,2025-06-02 00:00:00-04:00,IBM,96.00165884990489,0.006248816402476506,0.029220117359754383
2025-06-23 00:00:00-04:00,2025-06-02 00:00:00-04:00,V,43.05270507433183,0.0028023312603387873,0.015299574302394703
2025-06-23 00:00:00-04:00,2025-06-02 00:00:00-04:00,CSCO,50.94881024433312,0.003316294374029634,0.015983093623548328
2025-06-23 00:00:00-04:00,2025-06-02 00:00:00-04:00,DIS,3.2111309604209493,0.0002090148030395044,0.00102019408070686
2025-06-24 00:00:00-04:00,2025-06-02 00:00:00-04:00,__cash_interest__,-0.0005223191665551041,-3.346103726316876e-08,
2025-06-24 00:00:00-04:00,2025-06-02 00:00:00-04:00,WMT,3.965868190955829,0.0002540631702137409,0.0013283651110433947
2025-06-24 00:00:00-04:00,2025-06-02 00:00:00-04:00,IBM,53.90677796312951,0.0034533994187083785,0.01594183561659368
2025-06-24 00:00:00-04:00,2025-06-02 00:00:00-04:00,V,65.4932824888756,0.004195659103036776,0.02292352793840835
2025-06-24 00:00:00-04:00,2025-06-02 00:00:00-04:00,CSCO,24.51307129202272,0.0015703670178271183,0.007568991956398152
2025-06-24 00:00:00-04:00,2025-06-02 00:00:00-04:00,DIS,37.621334955817225,0.002410114296875887,0.011940324912135258
2025-06-25 00:00:00-04:00,2025-06-02 00:00:00-04:00,__cash_interest__,-0.0005223938989011983,-3.307280185822563e-08,
2025-06-25 00:00:00-04:00,2025-06-02 00:00:00-04:00,WMT,-22.573696397411105,-0.0014291426253822325,-0.007551015217428181
2025-06-25 00:00:00-04:00,2025-06-02 00:00:00-04:00,IBM,-31.923269096418323,-0.002021064862574793,-0.009292519181928749
2025-06-25 00:00:00-04:00,2025-06-02 00:00:00-04:00,V,-52.94282795987468,-0.0033518149094276233,-0.018115430813531952
2025-06-25 00:00:00-04:00,2025-06-02 00:00:00-04:00,CSCO,14.420007452157636,0.0009129318896382167,0.004419071278425335
2025-06-25 00:00:00-04:00,2025-06-02 00:00:00-04:00,DIS,20.691713426872088,0.0013099941245744851,0.006489683174822014
2025-06-26 00:00:00-04:00,2025-06-02 00:00:00-04:00,__cash_interest__,-0.000522468641939842,-3.322969693034139e-08,
2025-06-26 00:00:00-04:00,2025-06-02 00:00:00-04:00,WMT,-37.82676480803742,-0.0024058322921725072,-0.012749515260715105
2025-06-26 00:00:00-04:00,2025-06-02 00:00:00-04:00,IBM,10.173454807532337,0.0006470451867382104,0.002989159747195158
2025-06-26 00:00:00-04:00,2025-06-02 00:00:00-04:00,V,6.399702202280434,0.00040702952781365834,0.002230184851772732
2025-06-26 00:00:00-04:00,2025-06-02 00:00:00-04:00,CSCO,36.52880279217548,0.002323280190568765,0.011145152371692335
2025-06-26 00:00:00-04:00,2025-06-02 00:00:00-04:00,DIS,54.819261358066534,0.003486577556330111,0.01708247886588543
2025-06-27 00:00:00-04:00,2025-06-02 00:00:00-04:00,__cash_interest__,-0.0005225433956725651,-3.308694753969442e-08,
2025-06-27 00:00:00-04:00,2025-06-02 00:00:00-04:00,WMT,38.131614963670984,0.0024144573529303317,0.013018241305569056
2025-06-27 00:00:00-04:00,2025-06-02 00:00:00-04:00,IBM,-26.076112806132617,-0.0016511144980507918,-0.00763883759833206
2025-06-27 00:00:00-04:00,2025-06-02 00:00:00-04:00,V,21.44298506340587,0.0013577492850602125,0.007455879161360146
2025-06-27 00:00:00-04:00,2025-06-02 00:00:00-04:00,CSCO,-14.419254350841424,-0.0009130133807427413,-0.004350907699355755
2025-06-27 00:00:00-04:00,2025-06-02 00:00:00-04:00,DIS,23.64764277524326,0.001497346100671399,0.007245183610031791
2025-06-30 00:00:00-04:00,2025-06-02 00:00:00-04:00,__cash_interest__,-0.0005226181601008977,-3.300239713801437e-08,
2025-06-30 00:00:00-04:00,2025-06-02 00:00:00-04:00,WMT,15.55768388561659,0.0009824397645150321,0.00524318033810145
2025-06-30 00:00:00-04:00,2025-06-02 00:00:00-04:00,IBM,59.40191797293719,0.003751124314784903,0.017535378093736842
2025-06-30 00:00:00-04:00,2025-06-02 00:00:00-04:00,V,53.52524773047482,0.0033800231552816606,0.018473375926711944
2025-06-30 00:00:00-04:00,2025-06-02 00:00:00-04:00,CSCO,35.08699032228877,0.002215680352114599,0.010633515842261021
2025-06-30 00:00:00-04:00,2025-06-02 00:00:00-04:00,DIS,44.87700589009307,0.0028339022326815577,0.013650552017727913
2025-07-01 00:00:00-04:00,2025-07-01 00:00:00-04:00,__cash_interest__,-0.0005226929352263701,-3.257828660884652e-08,
2025-07-01 00:00:00-04:00,2025-07-01 00:00:00-04:00,WMT,-5.491164864305291,-0.0003422520770981722,0.004704343957157908
2025-07-01 00:00:00-04:00,2025-07-01 00:00:00-04:00,IBM,-39.11144447584103,-0.0024377292324949964,-0.012144631137132267
2025-07-01 00:00:00-04:00,2025-07-01 00:00:00-04:00,V,-10.222776429491324,-0.0006371628885970964,0.0011829854577845023
2025-07-01 00:00:00-04:00,2025-07-01 00:00:00-04:00,CSCO,-12.92388515995173,-0.0008055169803632045,-0.00403566425125268
2025-07-01 00:00:00-04:00,2025-07-01 00:00:00-04:00,DIS,-13.704911545803185,-0.0008541966156376331,-0.004193235475152823
2025-07-01 00:00:00-04:00,2025-07-01 00:00:00-04:00,__costs__,-3.867819355757503,-0.00024107256676147803,
2025-07-01 00:00:00-04:00,2025-07-01 00:00:00-04:00,GS,-6.965617783948596,-0.0004341514439541387,-0.0018226520334868601
2025-07-01 00:00:00-04:00,2025-07-01 00:00:00-04:00,JPM,-5.284461492777216,-0.0003293687162818641,0.0017246336083325264
2025-07-01 00:00:00-04:00,2025-07-01 00:00:00-04:00,BA,4.432842384417072,0.00027628919382435954,0.0012408462193989056
2025-07-02 00:00:00-04:00,2025-07-01 00:00:00-04:00,__cash_interest__,-0.0005533995940275971,-3.469356715240583e-08,
2025-07-02 00:00:00-04:00,2025-07-01 00:00:00-04:00,IBM,-38.59700290476222,-0.002419712133166462,-0.01219109818933195
2025-07-02 00:00:00-04:00,2025-07-01 00:00:00-04:00,CSCO,-23.541085532115893,-0.001475830919580081,-0.007380815548316488
2025-07-02 00:00:00-04:00,2025-07-01 00:00:00-04:00,GS,42.65362485306666,0.002674028702051413,0.013348216390723477
2025-07-02 00:00:00-04:00,2025-07-01 00:00:00-04:00,JPM,17.50472741252738,0.0010974013037327829,0.005475127281993508
2025-07-02 00:00:00-04:00,2025-07-01 00:00:00-04:00,BA,34.24076268744071,0.0021466119824928454,0.010677370536491315
2025-07-03 00:00:00-04:00,2025-07-01 00:00:00-04:00,__cash_interest__,-0.0005534787732969738,-3.46284961410428e-08,
2025-07-03 00:00:00-04:00,2025-07-01 00:00:00-04:00,IBM,46.967986450600996,0.0029385602773324636,0.015018212777447637
2025-07-03 00:00:00-04:00,2025-07-01 00:00:00-04:00,CSCO,55.25886613884207,0.003457280613398649,0.017454088416960944
2025-07-03 00:00:00-04:00,2025-07-01 00:00:00-04:00,GS,35.23573783272409,0.0022045300929952635,0.010881579921248496
2025-07-03 00:00:00-04:00,2025-07-01 00:00:00-04:00,JPM,59.734680168097924,0.0037373107000392976,0.01858206943317864
2025-07-03 00:00:00-04:00,2025-07-01 00:00:00-04:00,BA,59.46259790956939,0.0037202878260031757,0.018346457633561464
2025-07-07 00:00:00-04:00,2025-07-01 00:00:00-04:00,__cash_interest__,-0.0005535579638951566,-3.4086098366722785e-08,
2025-07-07 00:00:00-04:00,2025-07-01 00:00:00-04:00,IBM,5.436598239002683,0.0003347660668650326,0.0017126543270189476
2025-07-07 00:00:00-04:00,2025-07-01 00:00:00-04:00,CSCO,-20.431612643978006,-0.0012581048486284903,-0.006342829354069157
2025-07-07 00:00:00-04:00,2025-07-01 00:00:00-04:00,GS,-57.67076945607765,-0.0035511575097432256,-0.017618301958220006
2025-07-07 00:00:00-04:00,2025-07-01 00:00:00-04:00,JPM,-44.580132455544486,-0.002745083404434633,-0.013614850080196472
2025-07-07 00:00:00-04:00,2025-07-01 00:00:00-04:00,BA,41.425209471172074,0.002550814651749647,0.012550975995038405
2025-07-08 00:00:00-04:00,2025-07-01 00:00:00-04:00,__cash_interest__,-0.0005536371658237663,-3.425088584120758e-08,
2025-07-08 00:00:00-04:00,2025-07-01 00:00:00-04:00,IBM,-22.287893631647382,-0.0013788454741521649,-0.0070091982254113505
2025-07-08 00:00:00-04:00,2025-07-01 00:00:00-04:00,CSCO,-15.788195809860248,-0.0009767402293477704,-0.004932604719420808
2025-07-08 00:00:00-04:00,2025-07-01 00:00:00-04:00,GS,-61.741468381322775,-0.0038196496112227487,-0.019200166473609337
2025-07-08 00:00:00-04:00,2025-07-01 00:00:00-04:00,JPM,-101.66015202270565,-0.006289227812855816,-0.031475724723864174
2025-07-08 00:00:00-04:00,2025-07-01 00:00:00-04:00,BA,-1.6814712312161364,-0.00010402459000375576,-0.0005031359277997138
2025-07-09 00:00:00-04:00,2025-07-01 00:00:00-04:00,__cash_interest__,-0.0005537163790844243,-3.469181117803338e-08,
2025-07-09 00:00:00-04:00,2025-07-01 00:00:00-04:00,IBM,-3.0443990516964528,-0.00019073973796237325,-0.0009641745599888729
2025-07-09 00:00:00-04:00,2025-07-01 00:00:00-04:00,CSCO,31.575668402395657,0.0019783000240075764,0.009913884763464997
2025-07-09 00:00:00-04:00,2025-07-01 00:00:00-04:00,GS,-3.256784445242472,-0.00020404625055290545,-0.001032610821268487
2025-07-09 00:00:00-04:00,2025-07-01 00:00:00-04:00,JPM,4.203556664365643,0.0002633640607082392,0.0013437899209156612
2025-07-09 00:00:00-04:00,2025-07-01 00:00:00-04:00,BA,123.51104765392037,0.0077382972681716315,0.036976028157953644
2025-07-10 00:00:00-04:00,2025-07-01 00:00:00-04:00,__cash_interest__,-0.0005537956036787518,-3.4367358841586414e-08,
2025-07-10 00:00:00-04:00,2025-07-01 00:00:00-04:00,IBM,-29.46380574967286,-0.0018284601363957264,-0.009340322477431218
2025-07-10 00:00:00-04:00,2025-07-01 00:00:00-04:00,CSCO,-23.681389693134324,-0.0014696158872425876,-0.00736231093529538
2025-07-10 00:00:00-04:00,2025-07-01 00:00:00-04:00,GS,56.81123070418557,0.0035255822525010225,0.018031445485094943
2025-07-10 00:00:00-04:00,2025-07-01 00:00:00-04:00,JPM,55.64225043142831,0.0034530378620332915,0.017763803113940435
2025-07-10 00:00:00-04:00,2025-07-01 00:00:00-04:00,BA,-7.796018092962705,-0.00048380404170158533,-0.0022507049950917235
2025-07-11 00:00:00-04:00,2025-07-01 00:00:00-04:00,__cash_interest__,-0.0005538748396083703,-3.4262748130586804e-08,
2025-07-11 00:00:00-04:00,2025-07-01 00:00:00-04:00,IBM,-41.7493593696394,-0.00258261918108925,-0.013359750801939296
2025-07-11 00:00:00-04:00,2025-07-01 00:00:00-04:00,CSCO,-37.61272502147485,-0.002326726602759259,-0.011780155113209068
2025-07-11 00:00:00-04:00,2025-07-01 00:00:00-04:00,GS,-18.861411956656763,-0.0011667686651285882,-0.005880433641151983
2025-07-11 00:00:00-04:00,2025-07-01 00:00:00-04:00,JPM,-14.713136417711304,-0.0009101559616743933,-0.00461518936359917
2025-07-11 00:00:00-04:00,2025-07-01 00:00:00-04:00,BA,11.464512963897286,0.0007091958183180917,0.0033172630905753397
2025-07-14 00:00:00-04:00,2025-07-01 00:00:00-04:00,__cash_interest__,-0.0005539540868749018,-3.448411089156443e-08,
2025-07-14 00:00:00-04:00,2025-07-01 00:00:00-04:00,IBM,2.174570751211752,0.00013536887027836483,0.0007052827400140238
2025-07-14 00:00:00-04:00,2025-07-01 00:00:00-04:00,CSCO,-6.03633340175436,-0.0003757668646852306,-0.001913092010752182
2025-07-14 00:00:00-04:00,2025-07-01 00:00:00-04:00,GS,37.76816655389499,0.002351100342923742,0.011844655495008682
2025-07-14 00:00:00-04:00,2025-07-01 00:00:00-04:00,JPM,20.355150310241356,0.0012671253397058882,0.006414570281578991
2025-07-14 00:00:00-04:00,2025-07-01 00:00:00-04:00,BA,56.09965544713712,0.003492251046167491,0.01617879663284172
2025-07-15 00:00:00-04:00,2025-07-01 00:00:00-04:00,__cash_interest__,-0.0005540333454799682,-3.4253720233092985e-08,
2025-07-15 00:00:00-04:00,2025-07-01 00:00:00-04:00,IBM,-11.850639469724186,-0.0007326788040664216,-0.0038408319603249197
2025-07-15 00:00:00-04:00,2025-07-01 00:00:00-04:00,CSCO,-29.718446312213523,-0.0018373755912811963,-0.00943670504394778
2025-07-15 00:00:00-04:00,2025-07-01 00:00:00-04:00,GS,-48.805015881515814,-0.0030174237229869897,-0.015126802873127065
2025-07-15 00:00:00-04:00,2025-07-01 00:00:00-04:00,JPM,-23.78391489667678,-0.0014704666669705265,-0.007447314264488525
2025-07-15 00:00:00-04:00,2025-07-01 00:00:00-04:00,BA,-7.795784846849345,-0.00048198296243347335,-0.0022124615807962433
2025-07-16 00:00:00-04:00,2025-07-01 00:00:00-04:00,__cash_interest__,-0.000554112615425192,-3.4518892320973234e-08,
2025-07-16 00:00:00-04:00,2025-07-01 00:00:00-04:00,IBM,-8.480311846805924,-0.0005282878666524198,-0.002759094703829401
2025-07-16 00:00:00-04:00,2025-07-01 00:00:00-04:00,CSCO,8.822166537027563,0.0005495839803171944,0.002828051413805488
2025-07-16 00:00:00-04:00,2025-07-01 00:00:00-04:00,GS,28.541080011221254,0.0017779896003191358,0.008981994266491489
2025-07-16 00:00:00-04:00,2025-07-01 00:00:00-04:00,JPM,-8.07545277672208,-0.0005030668443252711,-0.0025475906805850768
2025-07-16 00:00:00-04:00,2025-07-01 00:00:00-04:00,BA,-1.5286950269649824,-9.523128973867509e-05,-0.0004348091457201386
2025-07-17 00:00:00-04:00,2025-07-01 00:00:00-04:00,__cash_interest__,-0.0005541918967121956,-3.448241944551009e-08,
2025-07-17 00:00:00-04:00,2025-07-01 00:00:00-04:00,IBM,0.8694855785380953,5.41003334744588e-05,0.0002836724003079105
2025-07-17 00:00:00-04:00,2025-07-01 00:00:00-04:00,CSCO,43.1851145093461,0.002687024550788395,0.013804467249284302
2025-07-17 00:00:00-04:00,2025-07-01 00:00:00-04:00,GS,-13.47887439893676,-0.0008386701491574823,-0.004204095576151312
2025-07-17 00:00:00-04:00,2025-07-01 00:00:00-04:00,JPM,45.1333587705142,0.0028082464167060676,0.01427474110546334
2025-07-17 00:00:00-04:00,2025-07-01 00:00:00-04:00,BA,16.814712312161365,0.001046229593473541,0.004784715670810069
2025-07-18 00:00:00-04:00,2025-07-01 00:00:00-04:00,__cash_interest__,-0.0005542711893426017,-3.428994943700036e-08,
2025-07-18 00:00:00-04:00,2025-07-01 00:00:00-04:00,IBM,42.07563066280781,0.0026030060297176794,0.013723413673581097
2025-07-18 00:00:00-04:00,2025-07-01 00:00:00-04:00,CSCO,-11.609084498288023,-0.0007181952230428959,-0.0036604067447988387
2025-07-18 00:00:00-04:00,2025-07-01 00:00:00-04:00,GS,10.9461640464579,0.0006771836943704978,0.0034285506608562333
2025-07-18 00:00:00-04:00,2025-07-01 00:00:00-04:00,JPM,15.154547712553432,0.0009375350636940026,0.004725610851825435
2025-07-18 00:00:00-04:00,2025-07-01 00:00:00-04:00,BA,-25.3748446724932,-0.0015698130401176403,-0.007186163039434534
2025-07-21 00:00:00-04:00,2025-07-01 00:00:00-04:00,__cash_interest__,-0.0005543504933180335,-3.4228804855404073e-08,
2025-07-21 00:00:00-04:00,2025-07-01 00:00:00-04:00,IBM,-12.61182491313495,-0.0007787269949709566,-0.004057793816790722
2025-07-21 00:00:00-04:00,2025-07-01 00:00:00-04:00,CSCO,13.465944979807741,0.0008314653066304994,0.004261483599141469
2025-07-21 00:00:00-04:00,2025-07-01 00:00:00-04:00,GS,-10.222371585002248,-0.0006311883300548098,-0.0031909046601960034
2025-07-21 00:00:00-04:00,2025-07-01 00:00:00-04:00,JPM,-3.3179817049551694,-0.00020487137589242737,-0.001029772974780685
2025-07-21 00:00:00-04:00,2025-07-01 00:00:00-04:00,BA,-0.305552408502308,-1.8866572483997066e-05,-8.715886452892452e-05
2025-07-22 00:00:00-04:00,2025-07-01 00:00:00-04:00,__cash_interest__,-0.0005544298086401139,-3.426118732693149e-08,
2025-07-22 00:00:00-04:00,2025-07-01 00:00:00-04:00,IBM,-29.89871989991521,-0.0018476020361152259,-0.009658962953843053
2025-07-22 00:00:00-04:00,2025-07-01 00:00:00-04:00,CSCO,-8.35786101448203,-0.0005164769956578929,-0.0026337365089801335
2025-07-22 00:00:00-04:00,2025-07-01 00:00:00-04:00,GS,-25.2848588285947,-0.0015624868493025379,-0.007917912641382308
2025-07-22 00:00:00-04:00,2025-07-01 00:00:00-04:00,JPM,5.088099485128785,0.00031442091835869653,0.001580776796432648
2025-07-22 00:00:00-04:00,2025-07-01 00:00:00-04:00,BA,-12.840431786611115,-0.0007934790517104594,-0.0036630541158672036
2025-07-23 00:00:00-04:00,2025-07-01 00:00:00-04:00,__cash_interest__,-0.0005545091353104667,-3.44177220688158e-08,
2025-07-23 00:00:00-04:00,2025-07-01 00:00:00-04:00,IBM,0.5435570073162865,3.3737936519106615e-05,0.00017731204113102805
2025-07-23 00:00:00-04:00,2025-07-01 00:00:00-04:00,CSCO,21.360585297731493,0.0013258261067113542,0.0067489413470143145
2025-07-23 00:00:00-04:00,2025-07-01 00:00:00-04:00,GS,77.3922834272424,0.004803646922387448,0.024428692619574477
2025-07-23 00:00:00-04:00,2025-07-01 00:00:00-04:00,JPM,58.96126427503081,0.0036596554996480035,0.018289244460912624
2025-07-23 00:00:00-04:00,2025-07-01 00:00:00-04:00,BA,82.54463328772847,0.005123447146057746,0.023634494293815145
2025-07-24 00:00:00-04:00,2025-07-01 00:00:00-04:00,__cash_interest__,-0.0005545884733307154,-3.391573247862589e-08,
2025-07-24 00:00:00-04:00,2025-07-01 00:00:00-04:00,IBM,-233.7529895993457,-0.014295111136582921,-0.07623831789542657
2025-07-24 00:00:00-04:00,2025-07-01 00:00:00-04:00,CSCO,-15.323890287314713,-0.0009371290398357351,-0.004809172528851713
2025-07-24 00:00:00-04:00,2025-07-01 00:00:00-04:00,GS,7.508290670197535,0.0004591678153944041,0.002313459535761675
2025-07-24 00:00:00-04:00,2025-07-01 00:00:00-04:00,JPM,-2.3233440951433284,-0.00014208358192776042,-0.0007077361122115322
2025-07-24 00:00:00-04:00,2025-07-01 00:00:00-04:00,BA,-39.89651444420709,-0.0024398623047335887,-0.011159571386443745
2025-07-25 00:00:00-04:00,2025-07-01 00:00:00-04:00,__cash_interest__,-0.0005546678227024839,-3.451967584646435e-08,
2025-07-25 00:00:00-04:00,2025-07-01 00:00:00-04:00,IBM,-8.589126064853163,-0.000534543082233534,-0.0030325304122754693
2025-07-25 00:00:00-04:00,2025-07-01 00:00:00-04:00,CSCO,18.574028945133453,0.0011559521430771138,0.005857348671950424
2025-07-25 00:00:00-04:00,2025-07-01 00:00:00-04:00,GS,44.32679645365344,0.002758672095736607,0.013626477822180849
2025-07-25 00:00:00-04:00,2025-07-01 00:00:00-04:00,JPM,22.898683983482083,0.0014250964560538705,0.006980327823806753
2025-07-25 00:00:00-04:00,2025-07-01 00:00:00-04:00,BA,27.361868312211644,0.0017028621204115157,0.007739841972865591
2025-07-28 00:00:00-04:00,2025-07-01 00:00:00-04:00,__cash_interest__,-0.0005547471834273965,-3.430138128208156e-08,
2025-07-28 00:00:00-04:00,2025-07-01 00:00:00-04:00,IBM,37.94377487453218,0.0023461568226657505,0.013437415153658261
2025-07-28 00:00:00-04:00,2025-07-01 00:00:00-04:00,CSCO,-35.7551413226303,-0.0022108282330067313,-0.01120977936989287
2025-07-28 00:00:00-04:00,2025-07-01 00:00:00-04:00,GS,-24.108203223940336,-0.001490669435581755,-0.007311460959760541
2025-07-28 00:00:00-04:00,2025-07-01 00:00:00-04:00,JPM,-3.7611132308761834,-0.00023255887155711934,-0.0011385725724407658
2025-07-28 00:00:00-04:00,2025-07-01 00:00:00-04:00,BA,51.20825120385322,0.0031663319829398798,0.014374007288288082
2025-07-29 00:00:00-04:00,2025-07-01 00:00:00-04:00,__cash_interest__,-0.0005548265555070774,-3.425222540992136e-08,
2025-07-29 00:00:00-04:00,2025-07-01 00:00:00-04:00,IBM,-8.697597560953797,-0.0005369463109246787,-0.0030393280280224255
2025-07-29 00:00:00-04:00,2025-07-01 00:00:00-04:00,CSCO,1.8575836988445544,0.00011467795645157712,0.0005889830474465896
2025-07-29 00:00:00-04:00,2025-07-01 00:00:00-04:00,GS,37.67832616665594,0.0023260720095658344,0.011511128847102592
2025-07-29 00:00:00-04:00,2025-07-01 00:00:00-04:00,JPM,-13.7164345306048,-0.0008467842836637827,-0.004157002653858544
2025-07-29 00:00:00-04:00,2025-07-01 00:00:00-04:00,BA,-157.90458654561223,-0.009748241928826987,-0.04369528222595398
2025-07-30 00:00:00-04:00,2025-07-01 00:00:00-04:00,__cash_interest__,-0.0005549059389431513,-3.4557474028970494e-08,
2025-07-30 00:00:00-04:00,2025-07-01 00:00:00-04:00,IBM,-23.375007646279958,-0.0014557083696054324,-0.008193170659982485
2025-07-30 00:00:00-04:00,2025-07-01 00:00:00-04:00,CSCO,14.858861547444342,0.0009253545258568252,0.004708517867066941
2025-07-30 00:00:00-04:00,2025-07-01 00:00:00-04:00,GS,-5.5639081200458556,-0.00034649946389880094,-0.0016804887061223628
2025-07-30 00:00:00-04:00,2025-07-01 00:00:00-04:00,JPM,28.650448618845058,0.0017842431745275006,0.008719259831953652
2025-07-30 00:00:00-04:00,2025-07-01 00:00:00-04:00,BA,-3.6687281170479413,-0.0002284747156710942,-0.0010615954141022232
2025-07-31 00:00:00-04:00,2025-07-01 00:00:00-04:00,__cash_interest__,-0.0005549853337372431,-3.4538970604012405e-08,
2025-07-31 00:00:00-04:00,2025-07-01 00:00:00-04:00,IBM,-77.30230594465176,-0.004810833566835805,-0.027319050081816454
2025-07-31 00:00:00-04:00,2025-07-01 00:00:00-04:00,CSCO,-9.286833668235516,-0.0005779570298039649,-0.0029290465224786066
2025-07-31 00:00:00-04:00,2025-07-01 00:00:00-04:00,GS,-32.38534736486703,-0.002015470486586681,-0.009797937143649849
2025-07-31 00:00:00-04:00,2025-07-01 00:00:00-04:00,JPM,-37.50069347349736,-0.0023338190593058666,-0.011314026168440794
2025-07-31 00:00:00-04:00,2025-07-01 00:00:00-04:00,BA,-61.144069140785525,-0.0038052414690712298,-0.01771165455571211
2025-08-01 00:00:00-04:00,2025-08-01 00:00:00-04:00,__cash_interest__,-0.0005550647398909778,-3.5018175997774546e-08,
2025-08-01 00:00:00-04:00,2025-08-01 00:00:00-04:00,IBM,-18.917353892715084,-0.0011934666002336892,-0.012245577491278525
2025-08-01 00:00:00-04:00,2025-08-01 00:00:00-04:00,CSCO,-26.468161263153185,-0.0016698353594440643,-0.014247985011825781
2025-08-01 00:00:00-04:00,2025-08-01 00:00:00-04:00,GS,-63.303349045697324,-0.003993710388748861,-0.01937570796385546
2025-08-01 00:00:00-04:00,2025-08-01 00:00:00-04:00,JPM,-75.70051678728922,-0.0047758285285793,-0.023190619353001818
2025-08-01 00:00:00-04:00,2025-08-01 00:00:00-04:00,BA,-1.6004325455894488,-0.00010096881413333064,0.00027045419935167736
2025-08-01 00:00:00-04:00,2025-08-01 00:00:00-04:00,__costs__,-2.4644257550352924,-0.00015547680949833838,
2025-08-01 00:00:00-04:00,2025-08-01 00:00:00-04:00,DIS,-26.609534443977186,-0.0016787543747798833,-0.021156985353770974
2025-08-01 00:00:00-04:00,2025-08-01 00:00:00-04:00,MSFT,-63.69162582213804,-0.004018206170080459,-0.019446473418163523
2025-08-04 00:00:00-04:00,2025-08-01 00:00:00-04:00,__cash_interest__,-0.0003526049401240312,-2.2643515599321873e-08,
2025-08-04 00:00:00-04:00,2025-08-01 00:00:00-04:00,GS,72.48820577614956,0.00465503352755559,0.023197150905952313
2025-08-04 00:00:00-04:00,2025-08-01 00:00:00-04:00,JPM,52.689115482193756,0.0033835793903393883,0.016898819249443475
2025-08-04 00:00:00-04:00,2025-08-01 00:00:00-04:00,BA,6.273749299538757,0.0004028864146950693,0.0019828862258171043
2025-08-04 00:00:00-04:00,2025-08-01 00:00:00-04:00,DIS,73.44228218071096,0.004716302220904105,0.02367268934616451
2025-08-04 00:00:00-04:00,2025-08-01 00:00:00-04:00,MSFT,67.43450115438517,0.004330495705150056,0.021999147121134044
2025-08-05 00:00:00-04:00,2025-08-01 00:00:00-04:00,__cash_interest__,-0.00035265539010960933,-2.2257509940612296e-08,
2025-08-05 00:00:00-04:00,2025-08-01 00:00:00-04:00,GS,-22.54858970411488,-0.0014231328190677489,-0.007052244479523795
2025-08-05 00:00:00-04:00,2025-08-01 00:00:00-04:00,JPM,-31.13968681120341,-0.001965351751840494,-0.009821367231387601
2025-08-05 00:00:00-04:00,2025-08-01 00:00:00-04:00,BA,35.93133480954797,0.0022677720634141267,0.011334012386288173
2025-08-05 00:00:00-04:00,2025-08-01 00:00:00-04:00,DIS,-27.407783580146866,-0.0017298162245461932,-0.00863006833393909
2025-08-05 00:00:00-04:00,2025-08-01 00:00:00-04:00,MSFT,-46.14586556184217,-0.0029124524685178606,-0.014730108915694595
2025-08-06 00:00:00-04:00,2025-08-01 00:00:00-04:00,__cash_interest__,-0.0003527058473134671,-2.2389726570754248e-08,
2025-08-06 00:00:00-04:00,2025-08-01 00:00:00-04:00,GS,16.867638243146025,0.001070755733240766,0.005312951544741873
2025-08-06 00:00:00-04:00,2025-08-01 00:00:00-04:00,JPM,-0.21514241826880956,-1.3657215936452569e-05,-6.852833897663668e-05
2025-08-06 00:00:00-04:00,2025-08-01 00:00:00-04:00,BA,2.566415131688139,0.00016291573701775056,0.0008004655131756966
2025-08-06 00:00:00-04:00,2025-08-01 00:00:00-04:00,DIS,-83.81990866039145,-0.005320878149275025,-0.026622679192015664
2025-08-06 00:00:00-04:00,2025-08-01 00:00:00-04:00,MSFT,-16.434135958499272,-0.001043237058132406,-0.0053243282921936474
2025-08-07 00:00:00-04:00,2025-08-01 00:00:00-04:00,__cash_interest__,-0.0003527563117366371,-2.250871766649069e-08,
2025-08-07 00:00:00-04:00,2025-08-01 00:00:00-04:00,GS,-22.01992504455566,-0.0014050500568654,-0.006899158707282971
2025-08-07 00:00:00-04:00,2025-08-01 00:00:00-04:00,JPM,-47.516984510915236,-0.003031969530052549,-0.0151364068940818
2025-08-07 00:00:00-04:00,2025-08-01 00:00:00-04:00,BA,32.65195406353786,0.00208345985832878,0.010176006990944897
2025-08-07 00:00:00-04:00,2025-08-01 00:00:00-04:00,DIS,-60.93591180776267,-0.0038882060759698476,-0.019883675481663587
2025-08-07 00:00:00-04:00,2025-08-01 00:00:00-04:00,MSFT,-23.979411269693028,-0.0015300811923704201,-0.007810430471352325
2025-08-08 00:00:00-04:00,2025-08-01 00:00:00-04:00,__cash_interest__,-0.0003528067833801525,-2.2688268428799776e-08,
2025-08-08 00:00:00-04:00,2025-08-01 00:00:00-04:00,GS,6.738554983748899,0.00043334241714050413,0.002125953326781671
2025-08-08 00:00:00-04:00,2025-08-01 00:00:00-04:00,JPM,19.610130891361678,0.0012610866189262215,0.006342760762549027
2025-08-08 00:00:00-04:00,2025-08-01 00:00:00-04:00,BA,25.52251548687724,0.0016412997414523235,0.007873986151036405
2025-08-08 00:00:00-04:00,2025-08-01 00:00:00-04:00,DIS,-11.974184399631332,-0.0007700348254983852,-0.003986499111197195
2025-08-08 00:00:00-04:00,2025-08-01 00:00:00-04:00,MSFT,12.766043445771299,0.0008209576292621623,0.0041908113868600605
2025-08-11 00:00:00-04:00,2025-08-01 00:00:00-04:00,__cash_interest__,-0.00035285726224504625,-2.2614926256648704e-08,
2025-08-11 00:00:00-04:00,2025-08-01 00:00:00-04:00,GS,-8.940410386373667,-0.0005729986122592696,-0.002814635066442417
2025-08-11 00:00:00-04:00,2025-08-01 00:00:00-04:00,JPM,8.620106581197177,0.0005524700651416539,0.002770540781599884
2025-08-11 00:00:00-04:00,2025-08-01 00:00:00-04:00,BA,-45.05651143325634,-0.002887710676441509,-0.013791849121260968
2025-08-11 00:00:00-04:00,2025-08-01 00:00:00-04:00,DIS,3.193115839901689,0.0002046495480604987,0.001067321305086688
2025-08-11 00:00:00-04:00,2025-08-01 00:00:00-04:00,MSFT,-7.327172513139661,-0.00046960480563758923,-0.002395311341566453
2025-08-12 00:00:00-04:00,2025-08-01 00:00:00-04:00,__cash_interest__,-0.0003529077483323516,-2.2690162765926775e-08,
2025-08-12 00:00:00-04:00,2025-08-01 00:00:00-04:00,GS,106.31040482316789,0.006835215153387766,0.03356328923801177
2025-08-12 00:00:00-04:00,2025-08-01 00:00:00-04:00,JPM,35.44923743260044,0.0022792046110480715,0.011362064283958917
2025-08-12 00:00:00-04:00,2025-08-01 00:00:00-04:00,BA,94.81855240772589,0.006096347834603868,0.0294299597224974
2025-08-12 00:00:00-04:00,2025-08-01 00:00:00-04:00,DIS,31.133291347689543,0.0020017113578725495,0.010395425149204884
2025-08-12 00:00:00-04:00,2025-08-01 00:00:00-04:00,MSFT,43.6890547044229,0.002808982707286054,0.014316594372925096
2025-08-13 00:00:00-04:00,2025-08-01 00:00:00-04:00,__cash_interest__,-0.0003529582416431019,-2.224797279782014e-08,
2025-08-13 00:00:00-04:00,2025-08-01 00:00:00-04:00,GS,5.76897083634153,0.00036363481878438366,0.0017621789607944471
2025-08-13 00:00:00-04:00,2025-08-01 00:00:00-04:00,JPM,-24.998074506511088,-0.0015757005107168013,-0.00792228101710124
2025-08-13 00:00:00-04:00,2025-08-01 00:00:00-04:00,BA,10.836337611392942,0.0006830455163306347,0.0032672477745658846
2025-08-13 00:00:00-04:00,2025-08-01 00:00:00-04:00,DIS,77.69976996724654,0.004897639903748563,0.025677076899464968
2025-08-13 00:00:00-04:00,2025-08-01 00:00:00-04:00,MSFT,-50.648516715058136,-0.003192521633383354,-0.016362899874589387
2025-08-14 00:00:00-04:00,2025-08-01 00:00:00-04:00,__cash_interest__,-0.0003530087421783307,-2.2225017685260842e-08,
2025-08-14 00:00:00-04:00,2025-08-01 00:00:00-04:00,GS,11.053698006302568,0.0006959279029795295,0.003370502335447334
2025-08-14 00:00:00-04:00,2025-08-01 00:00:00-04:00,JPM,39.113025686389996,0.0024625103679866886,0.012494514996126416
2025-08-14 00:00:00-04:00,2025-08-01 00:00:00-04:00,BA,-2.566415131688139,-0.00016157849615145087,-0.0007712759975456729
2025-08-14 00:00:00-04:00,2025-08-01 00:00:00-04:00,DIS,-8.781480468377723,-0.0005528717433685354,-0.002829325663890825
2025-08-14 00:00:00-04:00,2025-08-01 00:00:00-04:00,MSFT,11.112067185486685,0.0006996027582582858,0.0036496691747287535
2025-08-15 00:00:00-04:00,2025-08-01 00:00:00-04:00,__cash_interest__,-0.0003530592499390716,-2.2158540702832873e-08,
2025-08-15 00:00:00-04:00,2025-08-01 00:00:00-04:00,GS,-72.57649935518383,-0.004555012551883273,-0.02205574462564086
2025-08-15 00:00:00-04:00,2025-08-01 00:00:00-04:00,JPM,-39.5439807485297,-0.002481840957628357,-0.012476296759548311
2025-08-15 00:00:00-04:00,2025-08-01 00:00:00-04:00,BA,29.514861847209332,0.0018523980541304066,0.008876847393789244
2025-08-15 00:00:00-04:00,2025-08-01 00:00:00-04:00,DIS,-24.480554772579612,-0.0015364372111755962,-0.007909826487431215
2025-08-15 00:00:00-04:00,2025-08-01 00:00:00-04:00,MSFT,-13.510837463589086,-0.0008479609071790725,-0.004421389388405972
2025-08-18 00:00:00-04:00,2025-08-01 00:00:00-04:00,__cash_interest__,-0.00035310976492635847,-2.2330729618502025e-08,
2025-08-18 00:00:00-04:00,2025-08-01 00:00:00-04:00,GS,1.0573293191184439,6.686571000910413e-05,0.00032856544203885285
2025-08-18 00:00:00-04:00,2025-08-01 00:00:00-04:00,JPM,11.206172066836436,0.0007086804822152759,0.0035802641365563215
2025-08-18 00:00:00-04:00,2025-08-01 00:00:00-04:00,BA,-40.63642921764289,-0.0025698556190022876,-0.012114217934506288
2025-08-18 00:00:00-04:00,2025-08-01 00:00:00-04:00,DIS,30.86719836103107,0.0019520475759842138,0.01005290934311387
2025-08-18 00:00:00-04:00,2025-08-01 00:00:00-04:00,MSFT,-17.954727036502867,-0.0011354603997138699,-0.0059017355403924165
2025-08-19 00:00:00-04:00,2025-08-01 00:00:00-04:00,__cash_interest__,-0.0003531602871412253,-2.2355782898700116e-08,
2025-08-19 00:00:00-04:00,2025-08-01 00:00:00-04:00,GS,-42.189249576992445,-0.002670667508618128,-0.013106017331585895
2025-08-19 00:00:00-04:00,2025-08-01 00:00:00-04:00,JPM,-9.374110383541137,-0.000593400742476724,-0.0029842536426766264
2025-08-19 00:00:00-04:00,2025-08-01 00:00:00-04:00,BA,-105.65510758567798,-0.006688188715793176,-0.031883324922977296
2025-08-19 00:00:00-04:00,2025-08-01 00:00:00-04:00,DIS,-7.451015535085352,-0.00047166482682861507,-0.002402513840453424
2025-08-19 00:00:00-04:00,2025-08-01 00:00:00-04:00,MSFT,-42.870718586104225,-0.0027138059184977272,-0.014175304121780807
2025-08-20 00:00:00-04:00,2025-08-01 00:00:00-04:00,__cash_interest__,-0.00035321081658470606,-2.2656638775494546e-08,
2025-08-20 00:00:00-04:00,2025-08-01 00:00:00-04:00,GS,-3.083145970997869,-0.00019776779554050823,-0.0009704932589817972
2025-08-20 00:00:00-04:00,2025-08-01 00:00:00-04:00,JPM,17.024400518523464,0.001092026842912459,0.00543595033363431
2025-08-20 00:00:00-04:00,2025-08-01 00:00:00-04:00,BA,8.840164431226896,0.0005670506191484381,0.002755533854166714
2025-08-20 00:00:00-04:00,2025-08-01 00:00:00-04:00,DIS,20.48957188135058,0.0013142995825241417,0.006622591500481612
2025-08-20 00:00:00-04:00,2025-08-01 00:00:00-04:00,MSFT,-23.68668486966009,-0.0015193777701090314,-0.007944676371573589
2025-08-21 00:00:00-04:00,2025-08-01 00:00:00-04:00,__cash_interest__,-0.0003532613532578351,-2.263145061259135e-08,
2025-08-21 00:00:00-04:00,2025-08-01 00:00:00-04:00,GS,-20.830155356885815,-0.0013344698701527457,-0.006563154530296766
2025-08-21 00:00:00-04:00,2025-08-01 00:00:00-04:00,JPM,-8.297057840992922,-0.0005315454210503295,-0.0026349559542299117
2025-08-21 00:00:00-04:00,2025-08-01 00:00:00-04:00,BA,-16.53962739285046,-0.0010596000865646803,-0.005141336886909431
2025-08-21 00:00:00-04:00,2025-08-01 00:00:00-04:00,DIS,-22.085923846977384,-0.0014149198324887415,-0.007091595906333792
2025-08-21 00:00:00-04:00,2025-08-01 00:00:00-04:00,MSFT,-3.807966703876715,-0.00024395482154618265,-0.0012874464645681316
2025-08-22 00:00:00-04:00,2025-08-01 00:00:00-04:00,__cash_interest__,-0.00035331189716164676,-2.2738935612000924e-08,
2025-08-22 00:00:00-04:00,2025-08-01 00:00:00-04:00,GS,114.23708427261705,0.007352228228502871,0.03623155446669357
2025-08-22 00:00:00-04:00,2025-08-01 00:00:00-04:00,JPM,51.39625029577464,0.003307830943601661,0.016365396613578165
2025-08-22 00:00:00-04:00,2025-08-01 00:00:00-04:00,BA,80.70261648376369,0.0051939705814795095,0.025216021714440373
2025-08-22 00:00:00-04:00,2025-08-01 00:00:00-04:00,DIS,70.51525932746775,0.004538318563264323,0.022803543116587832
2025-08-22 00:00:00-04:00,2025-08-01 00:00:00-04:00,MSFT,17.51617818719244,0.0011273304158922073,0.005929729498843628
2025-08-25 00:00:00-04:00,2025-08-01 00:00:00-04:00,__cash_interest__,-0.0003533624482971757,-2.2263094908100055e-08,
2025-08-25 00:00:00-04:00,2025-08-01 00:00:00-04:00,GS,-13.65232610725835,-0.0008601452511632208,-0.00417858939771798
2025-08-25 00:00:00-04:00,2025-08-01 00:00:00-04:00,JPM,-14.438670145685247,-0.0009096877309662639,-0.004523477389384745
2025-08-25 00:00:00-04:00,2025-08-01 00:00:00-04:00,BA,-46.339936565659556,-0.002919581327241049,-0.014123066525987715
2025-08-25 00:00:00-04:00,2025-08-01 00:00:00-04:00,DIS,-30.601105374372594,-0.001927978811912349,-0.009675292742364894
2025-08-25 00:00:00-04:00,2025-08-01 00:00:00-04:00,MSFT,-17.39883527683441,-0.0010961886949934282,-0.005855285294872559
2025-08-26 00:00:00-04:00,2025-08-01 00:00:00-04:00,__cash_interest__,-0.00035341300666545656,-2.2439368671397352e-08,
2025-08-26 00:00:00-04:00,2025-08-01 00:00:00-04:00,GS,44.74400509209269,0.0028409458824665387,0.013752334925290821
2025-08-26 00:00:00-04:00,2025-08-01 00:00:00-04:00,JPM,39.5439807485297,0.002510779020622922,0.012444991171061126
2025-08-26 00:00:00-04:00,2025-08-01 00:00:00-04:00,BA,113.49729421010143,0.007206321159530344,0.03508620304661947
2025-08-26 00:00:00-04:00,2025-08-01 00:00:00-04:00,DIS,-1.5963519656268053,-0.00010135770220793903,-0.0005096570509748322
2025-08-26 00:00:00-04:00,2025-08-01 00:00:00-04:00,MSFT,-13.005235522645501,-0.0008257457112415877,-0.004402470938755454
2025-08-27 00:00:00-04:00,2025-08-01 00:00:00-04:00,__cash_interest__,-0.00035346357226752415,-2.2184552489957072e-08,
2025-08-27 00:00:00-04:00,2025-08-01 00:00:00-04:00,GS,3.1703427353857485,0.00019898128221000077,0.0009612048031308884
2025-08-27 00:00:00-04:00,2025-08-01 00:00:00-04:00,JPM,7.650290134982327,0.0004801577202825937,0.0023780483295170463
2025-08-27 00:00:00-04:00,2025-08-01 00:00:00-04:00,BA,11.264073466674299,0.0007069708130574682,0.003364107141221151
2025-08-27 00:00:00-04:00,2025-08-01 00:00:00-04:00,DIS,11.70788545864882,0.0007348259336529768,0.003739807499943293
2025-08-27 00:00:00-04:00,2025-08-01 00:00:00-04:00,MSFT,27.533405376496834,0.0017280883370347846,0.00936169299976708
2025-08-28 00:00:00-04:00,2025-08-01 00:00:00-04:00,__cash_interest__,-0.0003535141451044136,-2.2102653454666118e-08,
2025-08-28 00:00:00-04:00,2025-08-01 00:00:00-04:00,GS,6.826025951798377,0.0004267814687884559,0.0020675708807882387
2025-08-28 00:00:00-04:00,2025-08-01 00:00:00-04:00,JPM,19.287082151157424,0.0012058801573917178,0.005981054417265375
2025-08-28 00:00:00-04:00,2025-08-01 00:00:00-04:00,BA,7.69968052818271,0.00048140469846205957,0.00229186213442234
2025-08-28 00:00:00-04:00,2025-08-01 00:00:00-04:00,DIS,-11.973978445307294,-0.0007486452797301792,-0.003810553882119372
2025-08-28 00:00:00-04:00,2025-08-01 00:00:00-04:00,MSFT,16.989306717182423,0.0010622170682703643,0.005722994184773844
2025-08-29 00:00:00-04:00,2025-08-01 00:00:00-04:00,__cash_interest__,-0.00035356472517715986,-2.2052281385250346e-08,
2025-08-29 00:00:00-04:00,2025-08-01 00:00:00-04:00,GS,-8.721595864419175,-0.0005439770215601585,-0.0026362793211168745
2025-08-29 00:00:00-04:00,2025-08-01 00:00:00-04:00,JPM,3.770689237321877,0.00023518268129291497,0.001162364032746277
2025-08-29 00:00:00-04:00,2025-08-01 00:00:00-04:00,BA,-21.102650837822935,-0.001316199159905397,-0.006266984092893613
2025-08-29 00:00:00-04:00,2025-08-01 00:00:00-04:00,DIS,19.69088101272708,0.0012281452811746501,0.006290321551305711
2025-08-29 00:00:00-04:00,2025-08-01 00:00:00-04:00,MSFT,-17.28203311721536,-0.0010779023756374091,-0.005788474187835346
2025-09-02 00:00:00-04:00,2025-09-02 00:00:00-04:00,__cash_interest__,-0.0003536153124867984,-2.2088011375063323e-08,
2025-09-02 00:00:00-04:00,2025-09-02 00:00:00-04:00,GS,-63.0559593192566,-0.003938689014665525,-0.019322458679882026
2025-09-02 00:00:00-04:00,2025-09-02 00:00:00-04:00,JPM,-18.406021201418014,-0.0011497024911265846,-0.0057063264766201716
2025-09-02 00:00:00-04:00,2025-09-02 00:00:00-04:00,BA,35.05910504294487,0.00218991057129919,0.011505080498112275
2025-09-02 00:00:00-04:00,2025-09-02 00:00:00-04:00,DIS,-36.18894098939306,-0.0022604839553011474,-0.0009292028136825836
2025-09-02 00:00:00-04:00,2025-09-02 00:00:00-04:00,MSFT,-7.010138091582107,-0.0004378769935575427,-0.003098606140361726
2025-09-02 00:00:00-04:00,2025-09-02 00:00:00-04:00,__costs__,-1.6547795043441962,-0.00010336313848552815,
2025-09-02 00:00:00-04:00,2025-09-02 00:00:00-04:00,MMM,6.583709549702634,0.00041124082099633016,-0.008101369286007243
2025-09-03 00:00:00-04:00,2025-09-02 00:00:00-04:00,__cash_interest__,-0.0002367624290795169,-1.4867618711184728e-08,
2025-09-03 00:00:00-04:00,2025-09-02 00:00:00-04:00,GS,-1.2471856422417529,-7.831766493951136e-05,-0.00039675309873321574
2025-09-03 00:00:00-04:00,2025-09-02 00:00:00-04:00,JPM,-2.0038812064618234,-0.00012583475273510243,-0.000633858438904622
2025-09-03 00:00:00-04:00,2025-09-02 00:00:00-04:00,BA,-68.47347319608893,-0.0042998270260526375,-0.021063273642059066
2025-09-03 00:00:00-04:00,2025-09-02 00:00:00-04:00,MSFT,1.4557619705752265,9.14153229332105e-05,0.0004553899382946369
2025-09-03 00:00:00-04:00,2025-09-02 00:00:00-04:00,MMM,-46.70219835355882,-0.002932688606018793,-0.014714485719647286
2025-09-04 00:00:00-04:00,2025-09-02 00:00:00-04:00,__cash_interest__,-0.00023679630455819938,-1.4979776405524158e-08,
2025-09-04 00:00:00-04:00,2025-09-02 00:00:00-04:00,GS,78.88276040945114,0.0049901374744371835,0.02510404279106293
2025-09-04 00:00:00-04:00,2025-09-02 00:00:00-04:00,JPM,45.46461322715774,0.0028760995311017273,0.014390277663408613
2025-09-04 00:00:00-04:00,2025-09-02 00:00:00-04:00,BA,-22.32241913055116,-0.0014121202103636158,-0.0070143938745267365
2025-09-04 00:00:00-04:00,2025-09-02 00:00:00-04:00,MSFT,16.581004221034124,0.0010489172805021418,0.00518449144724209
2025-09-04 00:00:00-04:00,2025-09-02 00:00:00-04:00,MMM,72.41944462571007,0.004581266966684221,0.023157989673379786
2025-09-05 00:00:00-04:00,2025-09-02 00:00:00-04:00,__cash_interest__,-0.00023683018488371527,-1.4803035564594023e-08,
2025-09-05 00:00:00-04:00,2025-09-02 00:00:00-04:00,GS,-45.979115620688695,-0.002873917799354116,-0.014274280741083611
2025-09-05 00:00:00-04:00,2025-09-02 00:00:00-04:00,JPM,-99.57859189753086,-0.006224145110789474,-0.031071096204988713
2025-09-05 00:00:00-04:00,2025-09-02 00:00:00-04:00,BA,-15.611943530130006,-0.0009758222138044661,-0.004940409055897876
2025-09-05 00:00:00-04:00,2025-09-02 00:00:00-04:00,MSFT,-82.0825039083127,-0.005130554727144625,-0.02553290028115618
2025-09-05 00:00:00-04:00,2025-09-02 00:00:00-04:00,MMM,-4.5263346628672405,-0.00028291787647160557,-0.0014146520303226495
2025-09-08 00:00:00-04:00,2025-09-02 00:00:00-04:00,__cash_interest__,-0.00023686407005675804,-1.503805348882358e-08,
2025-09-08 00:00:00-04:00,2025-09-02 00:00:00-04:00,GS,15.655882475752785,0.0009939624782631267,0.004930773857913406
2025-09-08 00:00:00-04:00,2025-09-02 00:00:00-04:00,JPM,-15.506457960611998,-0.0009844757973549998,-0.004993571694282495
2025-09-08 00:00:00-04:00,2025-09-02 00:00:00-04:00,BA,18.350840665082206,0.001165060295638163,0.005835966788592106
2025-09-08 00:00:00-04:00,2025-09-02 00:00:00-04:00,MSFT,26.187163869565033,0.0016625736900355668,0.008359317833219748
2025-09-08 00:00:00-04:00,2025-09-02 00:00:00-04:00,MMM,-26.745452261395304,-0.001698018368059216,-0.008370814592703613
2025-09-09 00:00:00-04:00,2025-09-02 00:00:00-04:00,__cash_interest__,-0.0002368979600780213,-1.5023092489147936e-08,
2025-09-09 00:00:00-04:00,2025-09-02 00:00:00-04:00,GS,94.92569131283683,0.006019796201366116,0.02974987567207421
2025-09-09 00:00:00-04:00,2025-09-02 00:00:00-04:00,JPM,52.10976938905758,0.0033045868561390472,0.01686521756857995
2025-09-09 00:00:00-04:00,2025-09-02 00:00:00-04:00,BA,-19.583313031142183,-0.001241893019314691,-0.006191784778857179
2025-09-09 00:00:00-04:00,2025-09-02 00:00:00-04:00,MSFT,-4.606602586663741,-0.0002921317545216725,-0.0014583031151171877
2025-09-09 00:00:00-04:00,2025-09-02 00:00:00-04:00,MMM,-18.927903442864203,-0.001200329643843954,-0.005974079367844776
2025-09-10 00:00:00-04:00,2025-09-02 00:00:00-04:00,__cash_interest__,-0.00023693185494819873,-1.492687366146633e-08,
2025-09-10 00:00:00-04:00,2025-09-02 00:00:00-04:00,GS,24.344893254113256,0.0015337454137835645,0.007409305686475021
2025-09-10 00:00:00-04:00,2025-09-02 00:00:00-04:00,JPM,28.375522172247802,0.0017876778731837624,0.009031362345783833
2025-09-10 00:00:00-04:00,2025-09-02 00:00:00-04:00,BA,-27.389389278435573,-0.0017255508066372671,-0.008713837411861602
2025-09-10 00:00:00-04:00,2025-09-02 00:00:00-04:00,MSFT,12.404159080740035,0.0007814707545991147,0.003932494998648561
2025-09-10 00:00:00-04:00,2025-09-02 00:00:00-04:00,MMM,10.081193645006163,0.0006351222967831168,0.0032009782546951193
2025-09-11 00:00:00-04:00,2025-09-02 00:00:00-04:00,__cash_interest__,-0.00023696575466798406,-1.4884171536131626e-08,
2025-09-11 00:00:00-04:00,2025-09-02 00:00:00-04:00,GS,65.1618536930414,0.004092912958408072,0.01968598321394932
2025-09-11 00:00:00-04:00,2025-09-02 00:00:00-04:00,JPM,52.953577912800185,0.0033260929968988336,0.016703214142683054
2025-09-11 00:00:00-04:00,2025-09-02 00:00:00-04:00,BA,-103.1210339161534,-0.006477185532322184,-0.033095985574435494
2025-09-11 00:00:00-04:00,2025-09-02 00:00:00-04:00,MSFT,4.050468800151857,0.00025441597039065685,0.0012790915541402992
2025-09-11 00:00:00-04:00,2025-09-02 00:00:00-04:00,MMM,121.38401448563344,0.0076243105079881555,0.03841884607545221
2025-09-12 00:00:00-04:00,2025-09-02 00:00:00-04:00,__cash_interest__,-0.0002369996592380712,-1.4756144091204916e-08,
2025-09-12 00:00:00-04:00,2025-09-02 00:00:00-04:00,GS,-20.086028656043812,-0.00125060235960475,-0.005951018611967784
2025-09-12 00:00:00-04:00,2025-09-02 00:00:00-04:00,JPM,14.240745174998096,0.0008866615607970748,0.004418178503694303
2025-09-12 00:00:00-04:00,2025-09-02 00:00:00-04:00,BA,-55.46355508172339,-0.003453288554201095,-0.018409941136547037
2025-09-12 00:00:00-04:00,2025-09-02 00:00:00-04:00,MSFT,56.261811952688625,0.0035029898636781895,0.017744138041324353
2025-09-12 00:00:00-04:00,2025-09-02 00:00:00-04:00,MMM,-32.91755316710829,-0.002049522599422037,-0.010033161526264656
2025-09-15 00:00:00-04:00,2025-09-02 00:00:00-04:00,__cash_interest__,-0.00023703356865915413,-1.4793223248358796e-08,
2025-09-15 00:00:00-04:00,2025-09-02 00:00:00-04:00,GS,28.817393667022063,0.001798488460362784,0.008589030507087925
2025-09-15 00:00:00-04:00,2025-09-02 00:00:00-04:00,JPM,20.99154143979262,0.001310078401986016,0.006483959739133738
2025-09-15 00:00:00-04:00,2025-09-02 00:00:00-04:00,BA,-2.6020254157644636,-0.00016239194765133857,-0.0008798853350842073
2025-09-15 00:00:00-04:00,2025-09-02 00:00:00-04:00,MSFT,34.55429015549961,0.0021565271592139577,0.010707906213677454
2025-09-15 00:00:00-04:00,2025-09-02 00:00:00-04:00,MMM,-24.89404482070075,-0.001553632950262946,-0.007664522060174761
2025-09-16 00:00:00-04:00,2025-09-02 00:00:00-04:00,__cash_interest__,-0.00023706748293192688,-1.4743016067129371e-08,
2025-09-16 00:00:00-04:00,2025-09-02 00:00:00-04:00,GS,-5.290017016078378,-0.00032898145666745065,-0.001563263812084048
2025-09-16 00:00:00-04:00,2025-09-02 00:00:00-04:00,JPM,3.059298010847496,0.00019025502430889185,0.0009388817671476257
2025-09-16 00:00:00-04:00,2025-09-02 00:00:00-04:00,BA,-9.997068576581087,-0.0006217088097697937,-0.0033835259677360563
2025-09-16 00:00:00-04:00,2025-09-02 00:00:00-04:00,MSFT,-39.996845944367664,-0.002487368301630948,-0.012263167642078465
2025-09-16 00:00:00-04:00,2025-09-02 00:00:00-04:00,MMM,-3.2918508157191178,-0.00020471727655992206,-0.0010213421093099306
2025-09-17 00:00:00-04:00,2025-09-02 00:00:00-04:00,__cash_interest__,-0.00023710140205708365,-1.47962099082878e-08,
2025-09-17 00:00:00-04:00,2025-09-02 00:00:00-04:00,GS,37.37641158049275,0.0023324587141428394,0.011062473849291932
2025-09-17 00:00:00-04:00,2025-09-02 00:00:00-04:00,JPM,27.00416928373922,0.0016851834432634308,0.008279657708563315
2025-09-17 00:00:00-04:00,2025-09-02 00:00:00-04:00,BA,-5.340922550716666,-0.00033329794964808275,-0.0018137818895875846
2025-09-17 00:00:00-04:00,2025-09-02 00:00:00-04:00,MSFT,6.201787453297269,0.0003870198496062858,0.0019250966991020135
2025-09-17 00:00:00-04:00,2025-09-02 00:00:00-04:00,MMM,-27.568653712845805,-0.0017204098486349611,-0.008562300016253799
2025-09-18 00:00:00-04:00,2025-09-02 00:00:00-04:00,__cash_interest__,-0.00023713532603531867,-1.4763618546687258e-08,
2025-09-18 00:00:00-04:00,2025-09-02 00:00:00-04:00,GS,43.39843759804066,0.002701908606076915,0.01270430046653126
2025-09-18 00:00:00-04:00,2025-09-02 00:00:00-04:00,JPM,15.612098063506679,0.0009719811230856357,0.004747465597410239
2025-09-18 00:00:00-04:00,2025-09-02 00:00:00-04:00,BA,14.105518761237779,0.0008781842076242949,0.004798950546822445
2025-09-18 00:00:00-04:00,2025-09-02 00:00:00-04:00,MSFT,-9.93563386659047,-0.0006185746800290812,-0.0030781940561728227
2025-09-18 00:00:00-04:00,2025-09-02 00:00:00-04:00,MMM,4.937617058564862,0.0003074071501747081,0.0015467739825256732
2025-09-19 00:00:00-04:00,2025-09-02 00:00:00-04:00,__cash_interest__,-0.00023716925486732632,-1.4703375472524974e-08,
2025-09-19 00:00:00-04:00,2025-09-02 00:00:00-04:00,GS,2.9677264502809413,0.0001839850461335487,0.0008578628780764319
2025-09-19 00:00:00-04:00,2025-09-02 00:00:00-04:00,JPM,16.34993840950089,0.0010136190861755245,0.004948342564394359
2025-09-19 00:00:00-04:00,2025-09-02 00:00:00-04:00,BA,-0.13708068364451398,-8.498356006486635e-06,-4.641456670229083e-05
2025-09-19 00:00:00-04:00,2025-09-02 00:00:00-04:00,MSFT,66.1660951401375,0.004101985904287962,0.020562448407493994
2025-09-19 00:00:00-04:00,2025-09-02 00:00:00-04:00,MMM,24.68872195287957,0.00153058434582099,0.007722124972830535
2025-09-22 00:00:00-04:00,2025-09-02 00:00:00-04:00,__cash_interest__,-0.0002372031885538011,-1.4605843086206667e-08,
2025-09-22 00:00:00-04:00,2025-09-02 00:00:00-04:00,GS,2.408597303961967,0.00014830995524982025,0.0006956420051753565
2025-09-22 00:00:00-04:00,2025-09-02 00:00:00-04:00,JPM,-24.683695843447065,-0.0015199044771494166,-0.007433786509294937
2025-09-22 00:00:00-04:00,2025-09-02 00:00:00-04:00,BA,-48.75307948130224,-0.003001982533264946,-0.016508220075826197
2025-09-22 00:00:00-04:00,2025-09-02 00:00:00-04:00,MSFT,-28.19399678405785,-0.0017360520974091494,-0.008585317919856617
2025-09-22 00:00:00-04:00,2025-09-02 00:00:00-04:00,MMM,-56.37210960286736,-0.003471126135857884,-0.017496924227915045
2025-09-23 00:00:00-04:00,2025-09-02 00:00:00-04:00,__cash_interest__,-0.00023723712709543756,-1.474924195329727e-08,
2025-09-23 00:00:00-04:00,2025-09-02 00:00:00-04:00,GS,3.269000897392309,0.0002032366761960857,0.0009434842044429015
2025-09-23 00:00:00-04:00,2025-09-02 00:00:00-04:00,JPM,3.164610038888466,0.00019674660422195408,0.0009601975900692672
2025-09-23 00:00:00-04:00,2025-09-02 00:00:00-04:00,BA,58.202452216675596,0.0036184979161108743,0.02003866317781977
2025-09-23 00:00:00-04:00,2025-09-02 00:00:00-04:00,MSFT,-26.968983600953415,-0.0016766855560721296,-0.008283406398817528
2025-09-23 00:00:00-04:00,2025-09-02 00:00:00-04:00,MMM,49.99341250922268,0.0031081346591795935,0.015793423719288935
2025-09-24 00:00:00-04:00,2025-09-02 00:00:00-04:00,__cash_interest__,-0.00023727107049293037,-1.4671394383932716e-08,
2025-09-24 00:00:00-04:00,2025-09-02 00:00:00-04:00,GS,-59.742642948537714,-0.003694120292101054,-0.01722639766458911
2025-09-24 00:00:00-04:00,2025-09-02 00:00:00-04:00,JPM,7.173356676373244,0.00044355658124290565,0.0021744329841544285
2025-09-24 00:00:00-04:00,2025-09-02 00:00:00-04:00,BA,-16.98128761537772,-0.0010500191499731196,-0.005731673547957006
2025-09-24 00:00:00-04:00,2025-09-02 00:00:00-04:00,MSFT,5.833173567489498,0.00036068784003366356,0.001806598765426548
2025-09-24 00:00:00-04:00,2025-09-02 00:00:00-04:00,MMM,-34.76896060780284,-0.0021499002484236503,-0.010813089954081812
2025-09-25 00:00:00-04:00,2025-09-02 00:00:00-04:00,__cash_interest__,-0.0002373050187469743,-1.476339983577509e-08,
2025-09-25 00:00:00-04:00,2025-09-02 00:00:00-04:00,GS,10.021704022302268,0.0006234778526736503,0.002940343890966979
2025-09-25 00:00:00-04:00,2025-09-02 00:00:00-04:00,JPM,0.31659223383033064,1.9696076204448024e-05,9.575920677629135e-05
2025-09-25 00:00:00-04:00,2025-09-02 00:00:00-04:00,BA,-21.500770886511177,-0.0013376222679614281,-0.007298964573079547
2025-09-25 00:00:00-04:00,2025-09-02 00:00:00-04:00,MSFT,-25.823223376921227,-0.0016065339611233283,-0.00798331699013044
2025-09-25 00:00:00-04:00,2025-09-02 00:00:00-04:00,MMM,-32.30062957356186,-0.0020095112689134196,-0.010155252695341899
2025-09-26 00:00:00-04:00,2025-09-02 00:00:00-04:00,__cash_interest__,-0.0002373389718582642,-1.4829434553700327e-08,
2025-09-26 00:00:00-04:00,2025-09-02 00:00:00-04:00,GS,33.33358020665612,0.0020827516957911494,0.009751320140602981
2025-09-26 00:00:00-04:00,2025-09-02 00:00:00-04:00,JPM,27.53138557365149,0.0017202184594486685,0.008326582046123798
2025-09-26 00:00:00-04:00,2025-09-02 00:00:00-04:00,BA,105.85993105110559,0.006614349540197257,0.03620098239933367
2025-09-26 00:00:00-04:00,2025-09-02 00:00:00-04:00,MSFT,34.129400827009086,0.002132476229918891,0.01063610485171318
2025-09-26 00:00:00-04:00,2025-09-02 00:00:00-04:00,MMM,-4.5263346628672405,-0.00028281484126096225,-0.0014376703814826808
2025-09-29 00:00:00-04:00,2025-09-02 00:00:00-04:00,__cash_interest__,-0.00023737292982749502,-1.4651822901425106e-08,
2025-09-29 00:00:00-04:00,2025-09-02 00:00:00-04:00,GS,6.924783843596028,0.0004274316645152122,0.0020061954674615023
2025-09-29 00:00:00-04:00,2025-09-02 00:00:00-04:00,JPM,-3.902778459736387,-0.00024089865199502912,-0.001170607709341298
2025-09-29 00:00:00-04:00,2025-09-02 00:00:00-04:00,BA,-57.24372328899109,-0.0035333637094086684,-0.018891768867200787
2025-09-29 00:00:00-04:00,2025-09-02 00:00:00-04:00,MSFT,13.778331395661032,0.0008504662752955045,0.004248697028415904
2025-09-29 00:00:00-04:00,2025-09-02 00:00:00-04:00,MMM,26.128528667848872,0.001612781099320564,0.008310983894734836
2025-09-30 00:00:00-04:00,2025-09-02 00:00:00-04:00,__cash_interest__,-0.00023740689265536188,-1.4666878878406315e-08,
2025-09-30 00:00:00-04:00,2025-09-02 00:00:00-04:00,GS,-33.419886944820654,-0.0020646638708223136,-0.009662768903167085
2025-09-30 00:00:00-04:00,2025-09-02 00:00:00-04:00,JPM,-2.7430338518708752,-0.00016946325700476587,-0.0008237156818382552
2025-09-30 00:00:00-04:00,2025-09-02 00:00:00-04:00,BA,-17.118368299022233,-0.0010575642165629386,-0.005758245759426628
2025-09-30 00:00:00-04:00,2025-09-02 00:00:00-04:00,MSFT,21.201432262474597,0.0013098138624553866,0.006510031058658106
2025-09-30 00:00:00-04:00,2025-09-02 00:00:00-04:00,MMM,22.631036654280944,0.0013981341054952546,0.007139165270074299
2025-10-01 00:00:00-04:00,2025-10-01 00:00:00-04:00,__cash_interest__,-0.0002374408603425599,-1.4677545520355987e-08,
2025-10-01 00:00:00-04:00,2025-10-01 00:00:00-04:00,GS,-44.626855439347814,-0.002758635144752996,-0.013612039946506505
2025-10-01 00:00:00-04:00,2025-10-01 00:00:00-04:00,JPM,-48.813942404509504,-0.0030174623720473468,-0.014963637299440169
2025-10-01 00:00:00-04:00,2025-10-01 00:00:00-04:00,BA,-24.924444546315623,-0.0015407191031499275,-0.0029189865980988605
2025-10-01 00:00:00-04:00,2025-10-01 00:00:00-04:00,MSFT,-19.935726173286838,-0.0012323385619796865,0.0033979490169828708
2025-10-01 00:00:00-04:00,2025-10-01 00:00:00-04:00,MMM,-15.018641577697478,-0.0009283861046179581,0.005284238318679524
2025-10-01 00:00:00-04:00,2025-10-01 00:00:00-04:00,__costs__,-3.853922597605999,-0.00023823247724373027,
2025-10-01 00:00:00-04:00,2025-10-01 00:00:00-04:00,INTC,231.29859426061336,0.014297857753533363,0.07123694318920748
2025-10-01 00:00:00-04:00,2025-10-01 00:00:00-04:00,CAT,46.23266829141309,0.0028578994044905865,0.007691520876833113
2025-10-01 00:00:00-04:00,2025-10-01 00:00:00-04:00,JNJ,0.8651134864656117,5.3477495657460316e-05,0.0033976181169679265
2025-10-02 00:00:00-04:00,2025-10-01 00:00:00-04:00,__cash_interest__,-0.0005514112746127332,-3.3832289690441157e-08,
2025-10-02 00:00:00-04:00,2025-10-01 00:00:00-04:00,GS,-24.856337709144196,-0.001525080927316577,-0.007803842623177237
2025-10-02 00:00:00-04:00,2025-10-01 00:00:00-04:00,JPM,-32.388276789449144,-0.001987209209105155,-0.01017024141097922
2025-10-02 00:00:00-04:00,2025-10-01 00:00:00-04:00,INTC,130.52541464086733,0.008008493557184148,0.03784086428264
2025-10-02 00:00:00-04:00,2025-10-01 00:00:00-04:00,CAT,66.19201014414577,0.004061264913312032,0.020277809389219303
2025-10-02 00:00:00-04:00,2025-10-01 00:00:00-04:00,JNJ,-1.210939446511644,-7.429818003039135e-05,-0.00037619773246566623
2025-10-03 00:00:00-04:00,2025-10-01 00:00:00-04:00,__cash_interest__,-0.0005514901693974803,-3.355249991377419e-08,
2025-10-03 00:00:00-04:00,2025-10-01 00:00:00-04:00,GS,42.9814569178398,0.0026149792136916706,0.013600502463846365
2025-10-03 00:00:00-04:00,2025-10-01 00:00:00-04:00,JPM,25.4186274314133,0.0015464618265680543,0.008063712011643354
2025-10-03 00:00:00-04:00,2025-10-01 00:00:00-04:00,INTC,-45.10777850547336,-0.0027443439945066686,-0.012600466906682373
2025-10-03 00:00:00-04:00,2025-10-01 00:00:00-04:00,CAT,49.42351530083147,0.00300691215345015,0.01483988915605905
2025-10-03 00:00:00-04:00,2025-10-01 00:00:00-04:00,JNJ,46.02107136960092,0.0027999084640934415,0.014302563448403527
2025-10-06 00:00:00-04:00,2025-10-01 00:00:00-04:00,__cash_interest__,-0.0005515690754703299,-3.3316625097402326e-08,
2025-10-06 00:00:00-04:00,2025-10-01 00:00:00-04:00,GS,27.573536044275286,0.001665534207503347,0.008607944687885505
2025-10-06 00:00:00-04:00,2025-10-01 00:00:00-04:00,JPM,6.694229624897218,0.0004043539579126061,0.002106665278273967
2025-10-06 00:00:00-04:00,2025-10-01 00:00:00-04:00,INTC,-23.03404745405583,-0.0013913338467138802,-0.006516472075340229
2025-10-06 00:00:00-04:00,2025-10-01 00:00:00-04:00,CAT,-16.76870389029915,-0.0010128860476923188,-0.004961340018880489
2025-10-06 00:00:00-04:00,2025-10-01 00:00:00-04:00,JNJ,-8.30439063640361,-0.0005016130921761953,-0.0025444704127021156
2025-10-07 00:00:00-04:00,2025-10-01 00:00:00-04:00,__cash_interest__,-0.0005516479928328972,-3.334927123287804e-08,
2025-10-07 00:00:00-04:00,2025-10-01 00:00:00-04:00,GS,-28.911291638660067,-0.0017478002622635768,-0.008948538557975283
2025-10-07 00:00:00-04:00,2025-10-01 00:00:00-04:00,JPM,-15.345724482978671,-0.0009277088554601078,-0.004819127069288998
2025-10-07 00:00:00-04:00,2025-10-01 00:00:00-04:00,INTC,55.66503500050879,0.0033651683220787968,0.015851271219970098
2025-10-07 00:00:00-04:00,2025-10-01 00:00:00-04:00,CAT,-58.86031429124329,-0.0035583354089094416,-0.017501775880300774
2025-10-07 00:00:00-04:00,2025-10-01 00:00:00-04:00,JNJ,12.62971161416104,0.0007635152917909229,0.0038796230138871124
2025-10-08 00:00:00-04:00,2025-10-01 00:00:00-04:00,__cash_interest__,-0.0005517269214867977,-3.342440764882756e-08,
2025-10-08 00:00:00-04:00,2025-10-01 00:00:00-04:00,GS,-53.2811955977905,-0.0032278511929022865,-0.016640346849053134
2025-10-08 00:00:00-04:00,2025-10-01 00:00:00-04:00,JPM,-37.695207017796236,-0.002283629666601136,-0.011895017724683932
2025-10-08 00:00:00-04:00,2025-10-01 00:00:00-04:00,INTC,24.953581918040804,0.0015117237565268353,0.006994946167301563
2025-10-08 00:00:00-04:00,2025-10-01 00:00:00-04:00,CAT,104.61777261863867,0.0063378946053503455,0.03166162762014557
2025-10-08 00:00:00-04:00,2025-10-01 00:00:00-04:00,JNJ,13.841188300888529,0.0008385190247131188,0.0042353356220108385
2025-10-09 00:00:00-04:00,2025-10-01 00:00:00-04:00,__cash_interest__,-0.0005518058614336466,-3.3323334270444055e-08,
2025-10-09 00:00:00-04:00,2025-10-01 00:00:00-04:00,GS,13.989302260333876,0.0008448083429563936,0.004442956706096179
2025-10-09 00:00:00-04:00,2025-10-01 00:00:00-04:00,JPM,15.448688110066374,0.0009329400680776932,0.004933640233045544
2025-10-09 00:00:00-04:00,2025-10-01 00:00:00-04:00,INTC,35.51047229931236,0.002144463154952591,0.00988509027165585
2025-10-09 00:00:00-04:00,2025-10-01 00:00:00-04:00,CAT,-11.94870756045277,-0.000721577648889525,-0.0035051888544831433
2025-10-09 00:00:00-04:00,2025-10-01 00:00:00-04:00,JNJ,24.04875240191836,0.0014522944953759512,0.007327764547671478
2025-10-10 00:00:00-04:00,2025-10-01 00:00:00-04:00,__cash_interest__,-0.0005518848126750598,-3.317374813440947e-08,
2025-10-10 00:00:00-04:00,2025-10-01 00:00:00-04:00,GS,-63.255975438031435,-0.0038023111870142557,-0.020001027493551815
2025-10-10 00:00:00-04:00,2025-10-01 00:00:00-04:00,JPM,-47.78851142794483,-0.002872563269398033,-0.015186650205699648
2025-10-10 00:00:00-04:00,2025-10-01 00:00:00-04:00,INTC,-137.2436022079328,-0.008249701003070918,-0.03783069666768024
2025-10-10 00:00:00-04:00,2025-10-01 00:00:00-04:00,CAT,-61.50768530747153,-0.0036972216191822524,-0.01810693039377642
2025-10-10 00:00:00-04:00,2025-10-01 00:00:00-04:00,JNJ,-6.22849444238365,-0.00037439425971277836,-0.0018840448290050604
2025-10-13 00:00:00-04:00,2025-10-01 00:00:00-04:00,__cash_interest__,-0.0005519637752126534,-3.382096521410685e-08,
2025-10-13 00:00:00-04:00,2025-10-01 00:00:00-04:00,GS,90.91037450115257,0.005570431886440982,0.029331790616734077
2025-10-13 00:00:00-04:00,2025-10-01 00:00:00-04:00,JPM,72.91864943980899,0.004468008983403475,0.023530067677695277
2025-10-13 00:00:00-04:00,2025-10-01 00:00:00-04:00,INTC,81.57856720742402,0.004998635793944971,0.02337097370858543
2025-10-13 00:00:00-04:00,2025-10-01 00:00:00-04:00,CAT,91.37945420860346,0.005599174222769536,0.027396798366937203
2025-10-13 00:00:00-04:00,2025-10-01 00:00:00-04:00,JNJ,3.114112911137864,0.00019081379824213555,0.0009437598732318087
2025-10-14 00:00:00-04:00,2025-10-01 00:00:00-04:00,__cash_interest__,-0.0005520427490480436,-3.31356862868704e-08,
2025-10-14 00:00:00-04:00,2025-10-01 00:00:00-04:00,GS,-64.95912138154891,-0.003899091277408325,-0.020361505474629227
2025-10-14 00:00:00-04:00,2025-10-01 00:00:00-04:00,JPM,-60.66279008797931,-0.003641209281541739,-0.019125215433917542
2025-10-14 00:00:00-04:00,2025-10-01 00:00:00-04:00,INTC,-152.59951180604872,-0.009159597801899117,-0.04271897099518296
2025-10-14 00:00:00-04:00,2025-10-01 00:00:00-04:00,CAT,154.17612322470285,0.009254231961037893,0.044991468312272964
2025-10-14 00:00:00-04:00,2025-10-01 00:00:00-04:00,JNJ,-0.8649567475083173,-5.191796375655872e-05,-0.0002618857498203342
2025-10-15 00:00:00-04:00,2025-10-01 00:00:00-04:00,__cash_interest__,-0.0005521217341828469,-3.339077855796325e-08,
2025-10-15 00:00:00-04:00,2025-10-01 00:00:00-04:00,GS,-11.475265981868317,-0.000693991997727442,-0.0036716955382972705
2025-10-15 00:00:00-04:00,2025-10-01 00:00:00-04:00,JPM,37.18038888235771,0.0022485659502377454,0.011950451466736567
2025-10-15 00:00:00-04:00,2025-10-01 00:00:00-04:00,INTC,145.88132423898327,0.008822494554784472,0.04266069077174128
2025-10-15 00:00:00-04:00,2025-10-01 00:00:00-04:00,CAT,44.67166828804845,0.002701617580457415,0.012474767859638414
2025-10-15 00:00:00-04:00,2025-10-01 00:00:00-04:00,JNJ,5.5362604242690745,0.00033481754913992207,0.00167667055693288
2025-10-16 00:00:00-04:00,2025-10-01 00:00:00-04:00,__cash_interest__,-0.0005522007306186799,-3.2953534783182296e-08,
2025-10-16 00:00:00-04:00,2025-10-01 00:00:00-04:00,GS,-39.8998727431269,-0.0023810939960402524,-0.01281365254059652
2025-10-16 00:00:00-04:00,2025-10-01 00:00:00-04:00,JPM,-73.6397136022622,-0.004394577422773225,-0.023389623273267435
2025-10-16 00:00:00-04:00,2025-10-01 00:00:00-04:00,INTC,-29.752235021121304,-0.001775516143463735,-0.008344585748538025
2025-10-16 00:00:00-04:00,2025-10-01 00:00:00-04:00,CAT,46.91181577777538,0.002799543838421111,0.012938929163041513
2025-10-16 00:00:00-04:00,2025-10-01 00:00:00-04:00,JNJ,16.43605854341348,0.0009808502540407079,0.00496937015606802
2025-10-17 00:00:00-04:00,2025-10-01 00:00:00-04:00,__cash_interest__,-0.0005522797383571595,-3.311624154699929e-08,
2025-10-17 00:00:00-04:00,2025-10-01 00:00:00-04:00,GS,-29.68175046418522,-0.001779800977007857,-0.009655878710778332
2025-10-17 00:00:00-04:00,2025-10-01 00:00:00-04:00,JPM,-10.093304410148601,-0.0006052228311836296,-0.003282639365214668
2025-10-17 00:00:00-04:00,2025-10-01 00:00:00-04:00,INTC,16.31549377322648,0.0009783227506407516,0.004614499680814177
2025-10-17 00:00:00-04:00,2025-10-01 00:00:00-04:00,CAT,-94.23043698808236,-0.005650321197115085,-0.025658072916281305
2025-10-17 00:00:00-04:00,2025-10-01 00:00:00-04:00,JNJ,19.031466026154277,0.0011411800617390248,0.005725627453983195
2025-10-20 00:00:00-04:00,2025-10-01 00:00:00-04:00,__cash_interest__,-0.000552358757399903,-3.331808538905093e-08,
2025-10-20 00:00:00-04:00,2025-10-01 00:00:00-04:00,GS,50.88845384759373,0.003069573584009231,0.016716117689915766
2025-10-20 00:00:00-04:00,2025-10-01 00:00:00-04:00,JPM,49.436248234187396,0.002981977053707637,0.016131073986504374
2025-10-20 00:00:00-04:00,2025-10-01 00:00:00-04:00,INTC,104.61224854771598,0.006310173928011,0.029451505053263105
2025-10-20 00:00:00-04:00,2025-10-01 00:00:00-04:00,CAT,38.194974603210845,0.0023039073939060796,0.010674011449018028
2025-10-20 00:00:00-04:00,2025-10-01 00:00:00-04:00,JNJ,8.65064195551486,0.0005218036710428759,0.002587734184961832
2025-10-21 00:00:00-04:00,2025-10-01 00:00:00-04:00,__cash_interest__,-0.0005524377877485276,-3.282433607419765e-08,
2025-10-21 00:00:00-04:00,2025-10-01 00:00:00-04:00,GS,-17.59800282187119,-0.0010456249946513875,-0.005685646298861369
2025-10-21 00:00:00-04:00,2025-10-01 00:00:00-04:00,JPM,-54.27713257150592,-0.003224998144916705,-0.017429500547240573
2025-10-21 00:00:00-04:00,2025-10-01 00:00:00-04:00,INTC,1.9195344639849752,0.00011405346583664362,0.0005249464190204556
2025-10-21 00:00:00-04:00,2025-10-01 00:00:00-04:00,CAT,-44.45885845746409,-0.002641623263011257,-0.012293304746026967
2025-10-21 00:00:00-04:00,2025-10-01 00:00:00-04:00,JNJ,-31.83416898981698,-0.0018914988886318063,-0.009498225063772958
2025-10-22 00:00:00-04:00,2025-10-01 00:00:00-04:00,__cash_interest__,-0.000552516829404651,-3.311680845910291e-08,
2025-10-22 00:00:00-04:00,2025-10-01 00:00:00-04:00,GS,-58.309268154721615,-0.0034949466913996043,-0.018946558611687814
2025-10-22 00:00:00-04:00,2025-10-01 00:00:00-04:00,JPM,-30.692086511635903,-0.0018396253220219214,-0.010030688393261489
2025-10-22 00:00:00-04:00,2025-10-01 00:00:00-04:00,INTC,-115.1695050427514,-0.0069030412031796445,-0.03147955919630774
2025-10-22 00:00:00-04:00,2025-10-01 00:00:00-04:00,CAT,-73.1229629270775,-0.004382851396268661,-0.02047086165454226
2025-10-22 00:00:00-04:00,2025-10-01 00:00:00-04:00,JNJ,18.339500628147622,0.0010992348055576706,0.0055243500091191056
2025-10-23 00:00:00-04:00,2025-10-01 00:00:00-04:00,__cash_interest__,-0.0005525958823698913,-3.3643740079083545e-08,
2025-10-23 00:00:00-04:00,2025-10-01 00:00:00-04:00,GS,25.05949976580973,0.0015256995636974626,0.008299892720551316
2025-10-23 00:00:00-04:00,2025-10-01 00:00:00-04:00,JPM,4.429029828967712,0.0002696529835315625,0.0014621475426208619
2025-10-23 00:00:00-04:00,2025-10-01 00:00:00-04:00,INTC,119.00857397072134,0.007245608694516564,0.03358617930565888
2025-10-23 00:00:00-04:00,2025-10-01 00:00:00-04:00,CAT,44.867754359844255,0.0027316871402316032,0.012823285648053018
2025-10-23 00:00:00-04:00,2025-10-01 00:00:00-04:00,JNJ,-8.13166790700987,-0.0004950809989744716,-0.0024360192876204945
2025-10-24 00:00:00-04:00,2025-10-01 00:00:00-04:00,__cash_interest__,-0.0005526749466458661,-3.3273312847576745e-08,
2025-10-24 00:00:00-04:00,2025-10-01 00:00:00-04:00,GS,134.216036876539,0.008080359370833772,0.04408742881267824
2025-10-24 00:00:00-04:00,2025-10-01 00:00:00-04:00,JPM,60.765753715067014,0.003658349172602841,0.020031198920174687
2025-10-24 00:00:00-04:00,2025-10-01 00:00:00-04:00,INTC,11.516840670145978,0.0006933613418865633,0.0031446261101832906
2025-10-24 00:00:00-04:00,2025-10-01 00:00:00-04:00,CAT,15.18308251015929,0.0009140842323630947,0.004284412301684526
2025-10-24 00:00:00-04:00,2025-10-01 00:00:00-04:00,JNJ,-35.813775888679004,-0.0021561371229671072,-0.01075500064171031
2025-10-27 00:00:00-04:00,2025-10-01 00:00:00-04:00,__cash_interest__,-0.0005527540222341942,-3.2909813249823327e-08,
2025-10-27 00:00:00-04:00,2025-10-01 00:00:00-04:00,GS,24.775223562910615,0.0014750647627717471,0.007794550514464316
2025-10-27 00:00:00-04:00,2025-10-01 00:00:00-04:00,JPM,38.21066269891332,0.0022749825835558365,0.012348641116870729
2025-10-27 00:00:00-04:00,2025-10-01 00:00:00-04:00,INTC,120.92810843470632,0.007199805528605302,0.03291541735659398
2025-10-27 00:00:00-04:00,2025-10-01 00:00:00-04:00,CAT,29.548373215558243,0.0017592480655854866,0.0083024861407901
2025-10-27 00:00:00-04:00,2025-10-01 00:00:00-04:00,JNJ,-1.7301821151245564,-0.00010301140834179004,-0.000525228500084074
2025-10-28 00:00:00-04:00,2025-10-01 00:00:00-04:00,__cash_interest__,-0.0005528331091364939,-3.250476500963126e-08,
2025-10-28 00:00:00-04:00,2025-10-01 00:00:00-04:00,GS,8.515478590199644,0.0005006820791745406,0.0026583401433586396
2025-10-28 00:00:00-04:00,2025-10-01 00:00:00-04:00,JPM,12.461786606005093,0.0007327119858307096,0.003978183439713678
2025-10-28 00:00:00-04:00,2025-10-01 00:00:00-04:00,INTC,190.98910274445663,0.011229529855412696,0.05032872578887715
2025-10-28 00:00:00-04:00,2025-10-01 00:00:00-04:00,CAT,-17.702098677685374,-0.0010408250667081538,-0.004932970323884289
2025-10-28 00:00:00-04:00,2025-10-01 00:00:00-04:00,JNJ,-58.30480028475863,-0.0034281301189608058,-0.01770879217752963
2025-10-29 00:00:00-04:00,2025-10-01 00:00:00-04:00,__cash_interest__,-0.0005529122073543839,-3.2251598502439186e-08,
2025-10-29 00:00:00-04:00,2025-10-01 00:00:00-04:00,GS,-36.615879893911625,-0.002135819469066403,-0.01140034495179798
2025-10-29 00:00:00-04:00,2025-10-01 00:00:00-04:00,JPM,1.5450919519941342,9.012585474193682e-05,0.000491286182563444
2025-10-29 00:00:00-04:00,2025-10-01 00:00:00-04:00,INTC,-18.235028237211456,-0.0010636567642469184,-0.004574973086772682
2025-10-29 00:00:00-04:00,2025-10-01 00:00:00-04:00,CAT,415.45119773131137,0.02423344076756798,0.11634599127661782
2025-10-29 00:00:00-04:00,2025-10-01 00:00:00-04:00,JNJ,-5.70952039387866,-0.00033303869391120065,-0.0017654035718379646
2025-10-30 00:00:00-04:00,2025-10-01 00:00:00-04:00,__cash_interest__,-0.0005529913168894834,-3.159923273231361e-08,
2025-10-30 00:00:00-04:00,2025-10-01 00:00:00-04:00,GS,28.789494855615835,0.001645099878431113,0.009066968516681762
2025-10-30 00:00:00-04:00,2025-10-01 00:00:00-04:00,JPM,40.47618126768211,0.00231290480144811,0.012863715932680986
2025-10-30 00:00:00-04:00,2025-10-01 00:00:00-04:00,INTC,-113.24997057876642,-0.0064713713722946275,-0.028543790537502334
2025-10-30 00:00:00-04:00,2025-10-01 00:00:00-04:00,CAT,-15.931052621977408,-0.0009103380543192264,-0.003996474661287164
2025-10-30 00:00:00-04:00,2025-10-01 00:00:00-04:00,JNJ,42.38798440995806,0.002422149758079535,0.013129691471096328
2025-10-31 00:00:00-04:00,2025-10-01 00:00:00-04:00,__cash_interest__,-0.0005530704377434115,-3.1635439517101924e-08,
2025-10-31 00:00:00-04:00,2025-10-01 00:00:00-04:00,GS,-3.203129830369414,-0.0001832179286738304,-0.0009997297476934675
2025-10-31 00:00:00-04:00,2025-10-01 00:00:00-04:00,JPM,17.302670943323623,0.000989706848815121,0.00542911503594512
2025-10-31 00:00:00-04:00,2025-10-01 00:00:00-04:00,INTC,-16.31549377322648,-0.0009332406529636612,-0.004233022151175825
2025-10-31 00:00:00-04:00,2025-10-01 00:00:00-04:00,CAT,-40.10231929304553,-0.0022938389216153043,-0.010100461242848358
2025-10-31 00:00:00-04:00,2025-10-01 00:00:00-04:00,JNJ,-3.114381531245786,-0.000178141556375527,-0.0009521788420835398
2025-11-03 00:00:00-05:00,2025-11-03 00:00:00-05:00,__cash_interest__,-0.0005531495699177878,-3.172240488930237e-08,
2025-11-03 00:00:00-05:00,2025-11-03 00:00:00-05:00,GS,-17.09540943881003,-0.000980399388264794,-0.004877255399137526
2025-11-03 00:00:00-05:00,2025-11-03 00:00:00-05:00,JPM,-1.2355625761350102,-7.085789890797467e-05,-0.005688993906809547
2025-11-03 00:00:00-05:00,2025-11-03 00:00:00-05:00,INTC,-40.09614293893173,-0.002299461393411511,-0.012253104723690122
2025-11-03 00:00:00-05:00,2025-11-03 00:00:00-05:00,CAT,-41.42328969825772,-0.0023755715255284384,-0.011554530443550037
2025-11-03 00:00:00-05:00,2025-11-03 00:00:00-05:00,JNJ,-48.36079898317177,-0.0027734286159570667,-0.013819012239522754
2025-11-03 00:00:00-05:00,2025-11-03 00:00:00-05:00,__costs__,-1.2522404712444608,-7.181435439512607e-05,
2025-11-03 00:00:00-05:00,2025-11-03 00:00:00-05:00,MSFT,-18.66993691906588,-0.001070696481409841,-0.0015063165468069961
2025-11-04 00:00:00-05:00,2025-11-03 00:00:00-05:00,__cash_interest__,-0.00017916797675188157,-1.0375088617269738e-08,
2025-11-04 00:00:00-05:00,2025-11-03 00:00:00-05:00,GS,23.47726479386188,0.001359499097680501,0.00675979059140408
2025-11-04 00:00:00-05:00,2025-11-03 00:00:00-05:00,INTC,-214.22932733557448,-0.012405387926005755,-0.06253167647349689
2025-11-04 00:00:00-05:00,2025-11-03 00:00:00-05:00,CAT,-139.47441595476997,-0.008076551689684033,-0.04032667636342502
2025-11-04 00:00:00-05:00,2025-11-03 00:00:00-05:00,JNJ,11.082584786897124,0.0006417597684417431,0.00322133313594386
2025-11-04 00:00:00-05:00,2025-11-03 00:00:00-05:00,MSFT,-18.132549309245224,-0.001050002401941265,-0.005222038705334331
2025-11-05 00:00:00-05:00,2025-11-03 00:00:00-05:00,__cash_interest__,-0.00017919361173544137,-1.0583271699564317e-08,
2025-11-05 00:00:00-05:00,2025-11-03 00:00:00-05:00,GS,9.992719962238466,0.0005901754496369312,0.002857877433371847
2025-11-05 00:00:00-05:00,2025-11-03 00:00:00-05:00,INTC,117.08904425266432,0.0069153423292665685,0.036456989827748254
2025-11-05 00:00:00-05:00,2025-11-03 00:00:00-05:00,CAT,130.7457725539721,0.0077219160945928445,0.03939146303730867
2025-11-05 00:00:00-05:00,2025-11-03 00:00:00-05:00,JNJ,-15.884990398007986,-0.0009381761308282096,-0.004602404390908643
2025-11-05 00:00:00-05:00,2025-11-03 00:00:00-05:00,MSFT,-48.15302524824404,-0.002843943734503979,-0.01394050932661528
2025-11-06 00:00:00-05:00,2025-11-03 00:00:00-05:00,__cash_interest__,-0.00017921925038680164,-1.0465010709278412e-08,
2025-11-06 00:00:00-05:00,2025-11-03 00:00:00-05:00,GS,-24.361995514767052,-0.0014225511121778755,-0.0069475767154780765
2025-11-06 00:00:00-05:00,2025-11-03 00:00:00-05:00,INTC,-98.87497235237349,-0.005773529586325044,-0.029702953567541934
2025-11-06 00:00:00-05:00,2025-11-03 00:00:00-05:00,CAT,3.818641903999362,0.00022297899547065388,0.0011068894399899332
2025-11-06 00:00:00-05:00,2025-11-03 00:00:00-05:00,JNJ,17.916821507211406,0.0010462030643724046,0.005215094692416544
2025-11-06 00:00:00-05:00,2025-11-03 00:00:00-05:00,MSFT,-67.56156876813985,-0.0039450702933321825,-0.01983588911777112
2025-11-07 00:00:00-05:00,2025-11-03 00:00:00-05:00,__cash_interest__,-0.0001792448927064871,-1.0570863366731947e-08,
2025-11-07 00:00:00-05:00,2025-11-03 00:00:00-05:00,GS,-5.482537447837628,-0.0003233294594283599,-0.0015744538067818947
2025-11-07 00:00:00-05:00,2025-11-03 00:00:00-05:00,INTC,77.19185277130394,0.004552344651774902,0.023899015830685544
2025-11-07 00:00:00-05:00,2025-11-03 00:00:00-05:00,CAT,-40.49048311892491,-0.00238790270807884,-0.0117237842797826
2025-11-07 00:00:00-05:00,2025-11-03 00:00:00-05:00,JNJ,-7.3882942648422985,-0.00043572036004811996,-0.0021393725260158147
2025-11-07 00:00:00-05:00,2025-11-03 00:00:00-05:00,MSFT,-1.8806191596973307,-0.0001109084218905572,-0.0005633184899747068
2025-11-10 00:00:00-05:00,2025-11-03 00:00:00-05:00,__cash_interest__,-0.00017927053869502265,-1.0558707860371635e-08,
2025-11-10 00:00:00-05:00,2025-11-03 00:00:00-05:00,GS,48.01615168767714,0.002828063785271314,0.013810836441932484
2025-11-10 00:00:00-05:00,2025-11-03 00:00:00-05:00,INTC,27.754366595117194,0.0016346815871739009,0.008392333749285052
2025-11-10 00:00:00-05:00,2025-11-03 00:00:00-05:00,CAT,46.97610711105717,0.0027668070560494754,0.013763013651124645
2025-11-10 00:00:00-05:00,2025-11-03 00:00:00-05:00,JNJ,33.9864977533954,0.002001742749185158,0.009862312428530862
2025-11-10 00:00:00-05:00,2025-11-03 00:00:00-05:00,MSFT,61.65170084512659,0.0036311727685838227,0.018477487941063186
2025-11-11 00:00:00-05:00,2025-11-03 00:00:00-05:00,__cash_interest__,-0.00017929618835293317,-1.0426113142442357e-08,
2025-11-11 00:00:00-05:00,2025-11-03 00:00:00-05:00,GS,57.96396424099315,0.0033706173840766475,0.016444996403856438
2025-11-11 00:00:00-05:00,2025-11-03 00:00:00-05:00,INTC,-49.437486176186745,-0.00287480079239744,-0.01482443910309672
2025-11-11 00:00:00-05:00,2025-11-03 00:00:00-05:00,CAT,-17.699232141063423,-0.001029214276846955,-0.005115104370719492
2025-11-11 00:00:00-05:00,2025-11-03 00:00:00-05:00,JNJ,100.11148766135672,0.005821505224421865,0.028766968184098518
2025-11-11 00:00:00-05:00,2025-11-03 00:00:00-05:00,MSFT,17.998647406653873,0.0010466253409877916,0.005296467361710189
2025-11-12 00:00:00-05:00,2025-11-03 00:00:00-05:00,__cash_interest__,-0.0001793218416807437,-1.0361964718575918e-08,
2025-11-12 00:00:00-05:00,2025-11-03 00:00:00-05:00,GS,126.71665964994168,0.007322217663178769,0.03536922442433399
2025-11-12 00:00:00-05:00,2025-11-03 00:00:00-05:00,INTC,0.867179205657704,5.0109235157786904e-05,0.00026394723472211723
2025-11-12 00:00:00-05:00,2025-11-03 00:00:00-05:00,CAT,30.85286968892671,0.001782807627821777,0.008962368604981119
2025-11-12 00:00:00-05:00,2025-11-03 00:00:00-05:00,JNJ,10.343267835658393,0.0005976772008547936,0.002889022587275303
2025-11-12 00:00:00-05:00,2025-11-03 00:00:00-05:00,MSFT,16.52118042590056,0.0009546627843985161,0.0048360785785346305
2025-11-13 00:00:00-05:00,2025-11-03 00:00:00-05:00,__cash_interest__,-0.00017934749867897932,-1.0253656626330145e-08,
2025-11-13 00:00:00-05:00,2025-11-03 00:00:00-05:00,GS,-147.98332985702933,-0.008460504116039696,-0.03989416359922304
2025-11-13 00:00:00-05:00,2025-11-03 00:00:00-05:00,INTC,-171.7302673790931,-0.009818164217639407,-0.052256520826898356
2025-11-13 00:00:00-05:00,2025-11-03 00:00:00-05:00,CAT,-118.01684213277451,-0.006747259840625332,-0.03397787840883659
2025-11-13 00:00:00-05:00,2025-11-03 00:00:00-05:00,JNJ,15.88527717727534,0.0009081931936023769,0.004424203408566196
2025-11-13 00:00:00-05:00,2025-11-03 00:00:00-05:00,MSFT,-52.71994800931103,-0.0030141052884882598,-0.015357906810924749
2025-11-14 00:00:00-05:00,2025-11-03 00:00:00-05:00,__cash_interest__,-0.00017937315934816517,-1.0541123896208445e-08,
2025-11-14 00:00:00-05:00,2025-11-03 00:00:00-05:00,GS,-64.50784996312,-0.003790897374001284,-0.01811298495272118
2025-11-14 00:00:00-05:00,2025-11-03 00:00:00-05:00,INTC,-33.82561360916483,-0.001987811248991798,-0.010860467594141276
2025-11-14 00:00:00-05:00,2025-11-03 00:00:00-05:00,CAT,2.9100440983981883,0.00017101296256428613,0.0008672908542748381
2025-11-14 00:00:00-05:00,2025-11-03 00:00:00-05:00,JNJ,12.560071572305171,0.0007381108247746806,0.0034826933273703897
2025-11-14 00:00:00-05:00,2025-11-03 00:00:00-05:00,MSFT,46.27261272728528,0.0027192772069807177,0.013689975756277395
2025-11-17 00:00:00-05:00,2025-11-03 00:00:00-05:00,__cash_interest__,-0.00017939882368882653,-1.0565350964563829e-08,
2025-11-17 00:00:00-05:00,2025-11-03 00:00:00-05:00,GS,-67.86796468804334,-0.0039969541128293505,-0.019407999289616007
2025-11-17 00:00:00-05:00,2025-11-03 00:00:00-05:00,INTC,-70.2534265515986,-0.004137441331657271,-0.02280409242263881
2025-11-17 00:00:00-05:00,2025-11-03 00:00:00-05:00,CAT,-12.002349955596006,-0.0007068554691325266,-0.0035740035989423324
2025-11-17 00:00:00-05:00,2025-11-03 00:00:00-05:00,JNJ,67.41865118299542,0.003970492652400915,0.01862916084263544
2025-11-17 00:00:00-05:00,2025-11-03 00:00:00-05:00,MSFT,-18.066011635426683,-0.0010639632386288875,-0.00527273312822496
2025-11-18 00:00:00-05:00,2025-11-03 00:00:00-05:00,__cash_interest__,-0.00017942449170148868,-1.0629948529518202e-08,
2025-11-18 00:00:00-05:00,2025-11-03 00:00:00-05:00,GS,3.2713952097350987,0.000193812797625487,0.000954026876614833
2025-11-18 00:00:00-05:00,2025-11-03 00:00:00-05:00,INTC,-32.95810354535923,-0.0019525926532960225,-0.010947774803830468
2025-11-18 00:00:00-05:00,2025-11-03 00:00:00-05:00,CAT,-31.337504815060562,-0.001856580782638264,-0.009365006090201744
2025-11-18 00:00:00-05:00,2025-11-03 00:00:00-05:00,JNJ,7.7573791819269555,0.000459583530909651,0.0021043217712586326
2025-11-18 00:00:00-05:00,2025-11-03 00:00:00-05:00,MSFT,-92.00713817934235,-0.005450934451144182,-0.026995476946809926
2025-11-19 00:00:00-05:00,2025-11-03 00:00:00-05:00,__cash_interest__,-0.00017945016338667696,-1.0723765914610498e-08,
2025-11-19 00:00:00-05:00,2025-11-03 00:00:00-05:00,GS,42.843584891670105,0.002560290649226146,0.012482433700807816
2025-11-19 00:00:00-05:00,2025-11-03 00:00:00-05:00,INTC,67.65122721832967,0.004042771044806726,0.02272061572077444
2025-11-19 00:00:00-05:00,2025-11-03 00:00:00-05:00,CAT,37.76282858412548,0.0022566696310948554,0.01139185641490914
2025-11-19 00:00:00-05:00,2025-11-03 00:00:00-05:00,JNJ,46.361883477524565,0.002770540725015208,0.012550044451179243
2025-11-19 00:00:00-05:00,2025-11-03 00:00:00-05:00,MSFT,-44.79514574653196,-0.0026769140135111933,-0.013507829718346964
2025-11-20 00:00:00-05:00,2025-11-03 00:00:00-05:00,__cash_interest__,-0.0001794758387449169,-1.0630125047330805e-08,
2025-11-20 00:00:00-05:00,2025-11-03 00:00:00-05:00,GS,-54.339060098825804,-0.003218433232263146,-0.015636447474525084
2025-11-20 00:00:00-05:00,2025-11-03 00:00:00-05:00,INTC,-129.2315382807596,-0.00765421920627352,-0.04243809890528727
2025-11-20 00:00:00-05:00,2025-11-03 00:00:00-05:00,CAT,-42.308795400924794,-0.0025058959961344806,-0.012619472257034192
2025-11-20 00:00:00-05:00,2025-11-03 00:00:00-05:00,JNJ,10.343554614925747,0.0006126355489377559,0.0027652697817071026
2025-11-20 00:00:00-05:00,2025-11-03 00:00:00-05:00,MSFT,-52.34737836367491,-0.0031004684630374143,-0.01600132392688336
2025-11-21 00:00:00-05:00,2025-11-03 00:00:00-05:00,__cash_interest__,-0.00017950151777673397,-1.0803051432229356e-08,
2025-11-21 00:00:00-05:00,2025-11-03 00:00:00-05:00,GS,1.4592169643155888,8.782096169175757e-05,0.0004265700041481413
2025-11-21 00:00:00-05:00,2025-11-03 00:00:00-05:00,INTC,76.32467356564624,0.004593495276755064,0.02617492849711711
2025-11-21 00:00:00-05:00,2025-11-03 00:00:00-05:00,CAT,26.064213085461287,0.0015686387390498136,0.007873550041957778
2025-11-21 00:00:00-05:00,2025-11-03 00:00:00-05:00,JNJ,15.330646074212614,0.0009226538030448366,0.004087228043133884
2025-11-21 00:00:00-05:00,2025-11-03 00:00:00-05:00,MSFT,-42.456615142170385,-0.0025551928624343006,-0.01318899894610226
2025-11-24 00:00:00-05:00,2025-11-03 00:00:00-05:00,__cash_interest__,-0.00017952720048265382,-1.075493720840729e-08,
2025-11-24 00:00:00-05:00,2025-11-03 00:00:00-05:00,GS,73.74864465157151,0.004418060551829471,0.021549602764537656
2025-11-24 00:00:00-05:00,2025-11-03 00:00:00-05:00,INTC,111.88497644427439,0.006702694037378285,0.03739133088485058
2025-11-24 00:00:00-05:00,2025-11-03 00:00:00-05:00,CAT,55.58377784212114,0.0033298577535376514,0.01665973110859964
2025-11-24 00:00:00-05:00,2025-11-03 00:00:00-05:00,JNJ,39.71233260538629,0.0023790469768484044,0.010544411987812419
2025-11-24 00:00:00-05:00,2025-11-03 00:00:00-05:00,MSFT,12.649803658849741,0.0007578118729855361,0.003982137656664442
2025-11-25 00:00:00-05:00,2025-11-03 00:00:00-05:00,__cash_interest__,-0.0001795528868632021,-1.0570566581032421e-08,
2025-11-25 00:00:00-05:00,2025-11-03 00:00:00-05:00,GS,51.331906655006364,0.0030219917179136646,0.014682944672065323
2025-11-25 00:00:00-05:00,2025-11-03 00:00:00-05:00,INTC,3.4693785389266254,0.00020424788195396468,0.0011176561750236846
2025-11-25 00:00:00-05:00,2025-11-03 00:00:00-05:00,CAT,42.4904405173252,0.002501480418345938,0.012526667163403893
2025-11-25 00:00:00-05:00,2025-11-03 00:00:00-05:00,JNJ,35.68939304294372,0.0021010918397792,0.009377362961868974
2025-11-25 00:00:00-05:00,2025-11-03 00:00:00-05:00,MSFT,20.117727670657406,0.001184362911211674,0.006307909050314198
2025-11-26 00:00:00-05:00,2025-11-03 00:00:00-05:00,__cash_interest__,-0.00017957857691890458,-1.0477642285503039e-08,
2025-11-26 00:00:00-05:00,2025-11-03 00:00:00-05:00,GS,60.52888923719208,0.0035316019329662595,0.017063106841082476
2025-11-26 00:00:00-05:00,2025-11-03 00:00:00-05:00,INTC,84.99778905481489,0.004959257635598532,0.027351367350111122
2025-11-26 00:00:00-05:00,2025-11-03 00:00:00-05:00,CAT,43.15783743065699,0.0025180753192989265,0.012566013131963816
2025-11-26 00:00:00-05:00,2025-11-03 00:00:00-05:00,JNJ,16.54314881658552,0.0009652220133936194,0.004306318820776589
2025-11-26 00:00:00-05:00,2025-11-03 00:00:00-05:00,MSFT,57.259181179410064,0.003340828445419704,0.01784106375486738
2025-11-28 00:00:00-05:00,2025-11-03 00:00:00-05:00,__cash_interest__,-0.0001796042706502871,-1.0321074409685694e-08,
2025-11-28 00:00:00-05:00,2025-11-03 00:00:00-05:00,GS,44.34606631092318,0.002548375094393461,0.012291435514438787
2025-11-28 00:00:00-05:00,2025-11-03 00:00:00-05:00,INTC,325.24679371604327,0.01869051524944688,0.10187448682685907
2025-11-28 00:00:00-05:00,2025-11-03 00:00:00-05:00,CAT,12.304967741730277,0.0007071128498857736,0.003538302569502605
2025-11-28 00:00:00-05:00,2025-11-03 00:00:00-05:00,JNJ,-11.896177568380553,-0.000683621460834641,-0.003083395585486093
2025-11-28 00:00:00-05:00,2025-11-03 00:00:00-05:00,MSFT,43.80245324645659,0.0025171360215800885,0.01340892861220655
2025-12-01 00:00:00-05:00,2025-12-01 00:00:00-05:00,__cash_interest__,-0.00017962996805787558,-1.0082787409512405e-08,
2025-12-01 00:00:00-05:00,2025-12-01 00:00:00-05:00,GS,-66.28748203866692,-0.003720774414948449,-0.01837680617427584
2025-12-01 00:00:00-05:00,2025-12-01 00:00:00-05:00,INTC,-47.42329142812548,-0.002661910876558646,-0.013560232572378372
2025-12-01 00:00:00-05:00,2025-12-01 00:00:00-05:00,CAT,-46.978341054864536,-0.002636935422463326,-0.013373676241654753
2025-12-01 00:00:00-05:00,2025-12-01 00:00:00-05:00,JNJ,-27.64524933437594,-0.0015517520541542843,-0.007635849085302682
2025-12-01 00:00:00-05:00,2025-12-01 00:00:00-05:00,MSFT,-36.31198123541542,-0.00203822330523899,-0.010711182333537073
2025-12-01 00:00:00-05:00,2025-12-01 00:00:00-05:00,__costs__,-0.13311736941488958,-7.471994516479647e-06,
2025-12-02 00:00:00-05:00,2025-12-01 00:00:00-05:00,__cash_interest__,-1.904615790359367e-05,-1.0827385184014587e-09,
2025-12-02 00:00:00-05:00,2025-12-01 00:00:00-05:00,GS,36.201985317497545,0.0020580152776357493,0.010348832191410695
2025-12-02 00:00:00-05:00,2025-12-01 00:00:00-05:00,INTC,306.5496218591665,0.017426773686765207,0.08647845649390495
2025-12-02 00:00:00-05:00,2025-12-01 00:00:00-05:00,CAT,89.21495832851367,0.0050717038202039025,0.02536699109730045
2025-12-02 00:00:00-05:00,2025-12-01 00:00:00-05:00,JNJ,1.3683187936926506,7.778636882476508e-05,0.0003896477519707009
2025-12-02 00:00:00-05:00,2025-12-01 00:00:00-05:00,MSFT,23.570401770898208,0.0013399333356747065,0.006697605418353403
2025-12-03 00:00:00-05:00,2025-12-01 00:00:00-05:00,__cash_interest__,-1.9048882988475402e-05,-1.0554782199690691e-09,
2025-12-03 00:00:00-05:00,2025-12-01 00:00:00-05:00,GS,92.60664171867364,0.005131234908507465,0.026201716804709063
2025-12-03 00:00:00-05:00,2025-12-01 00:00:00-05:00,INTC,25.69318702624278,0.001423631995860224,0.006671200659915444
2025-12-03 00:00:00-05:00,2025-12-01 00:00:00-05:00,CAT,55.844558994294104,0.0030942872481245025,0.015485770288608869
2025-12-03 00:00:00-05:00,2025-12-01 00:00:00-05:00,JNJ,-1.539292680756445,-8.529056006481685e-05,-0.00043816420763220787
2025-12-03 00:00:00-05:00,2025-12-01 00:00:00-05:00,MSFT,-88.71441807558567,-0.0049155709619645915,-0.02504077380157743
2025-12-04 00:00:00-05:00,2025-12-01 00:00:00-05:00,__cash_interest__,-1.905160846325664e-05,-1.0507450661713096e-09,
2025-12-04 00:00:00-05:00,2025-12-01 00:00:00-05:00,GS,5.463134853106944,0.00030130589780918683,0.0015062490883830382
2025-12-04 00:00:00-05:00,2025-12-01 00:00:00-05:00,INTC,-288.829599815443,-0.015929693157174678,-0.07449722227089395
2025-12-04 00:00:00-05:00,2025-12-01 00:00:00-05:00,CAT,47.42487567874574,0.0026156035186916575,0.012950433497956215
2025-12-04 00:00:00-05:00,2025-12-01 00:00:00-05:00,JNJ,-48.739958696965346,-0.002688133719785435,-0.013880054932037922
2025-12-04 00:00:00-05:00,2025-12-01 00:00:00-05:00,MSFT,22.4859190365688,0.0012401561018624593,0.006509951097902533
2025-12-05 00:00:00-05:00,2025-12-01 00:00:00-05:00,__cash_interest__,-1.905433432799317e-05,-1.0663151344144877e-09,
2025-12-05 00:00:00-05:00,2025-12-01 00:00:00-05:00,GS,72.5332882497505,0.004059094465238314,0.019968184422371138
2025-12-05 00:00:00-05:00,2025-12-01 00:00:00-05:00,INTC,80.62424143719815,0.004511878891453598,0.02246913203486689
2025-12-05 00:00:00-05:00,2025-12-01 00:00:00-05:00,CAT,24.888364891436044,0.0013927980740623203,0.006709440034437408
2025-12-05 00:00:00-05:00,2025-12-01 00:00:00-05:00,JNJ,-9.406202274420169,-0.0005263881524238257,-0.0027163804676014758
2025-12-05 00:00:00-05:00,2025-12-01 00:00:00-05:00,MSFT,16.77395469220153,0.0009387009508907476,0.004824857333882715
2025-12-08 00:00:00-05:00,2025-12-01 00:00:00-05:00,__cash_interest__,-1.9057060582740793e-05,-1.055515583108498e-09,
2025-12-08 00:00:00-05:00,2025-12-01 00:00:00-05:00,GS,52.59005395104611,0.002912811302710483,0.014194438056238212
2025-12-08 00:00:00-05:00,2025-12-01 00:00:00-05:00,INTC,-98.34392550605916,-0.005446986193123476,-0.02680513437434684
2025-12-08 00:00:00-05:00,2025-12-01 00:00:00-05:00,CAT,-41.29507552988878,-0.00228721504757746,-0.011058189654514217
2025-12-08 00:00:00-05:00,2025-12-01 00:00:00-05:00,JNJ,-5.301509741933365,-0.00029363532336566594,-0.0015351724331837957
2025-12-08 00:00:00-05:00,2025-12-01 00:00:00-05:00,MSFT,56.829204578704854,0.0031476056209218833,0.016267852196279575
2025-12-09 00:00:00-05:00,2025-12-01 00:00:00-05:00,__cash_interest__,-1.9059787227555308e-05,-1.0577476386905719e-09,
2025-12-09 00:00:00-05:00,2025-12-01 00:00:00-05:00,GS,42.87867514213145,0.0023796077490413343,0.011411289442358363
2025-12-09 00:00:00-05:00,2025-12-01 00:00:00-05:00,INTC,17.719684068861007,0.0009833768739602414,0.004962798181780803
2025-12-09 00:00:00-05:00,2025-12-01 00:00:00-05:00,CAT,-13.24923434767204,-0.0007352834624222435,-0.0035876148481484016
2025-12-09 00:00:00-05:00,2025-12-01 00:00:00-05:00,JNJ,-28.388789164550857,-0.0015754727136027798,-0.008233257493549861
2025-12-09 00:00:00-05:00,2025-12-01 00:00:00-05:00,MSFT,7.230328991653202,0.00040125649497390047,0.0020366130003734995
2025-12-10 00:00:00-05:00,2025-12-01 00:00:00-05:00,__cash_interest__,-1.906251426249252e-05,-1.0563635716078992e-09,
2025-12-10 00:00:00-05:00,2025-12-01 00:00:00-05:00,GS,54.88784627934463,0.003041651302399207,0.014442479379235706
2025-12-10 00:00:00-05:00,2025-12-01 00:00:00-05:00,INTC,24.807354911487877,0.0013747182389264522,0.006913550106095734
2025-12-10 00:00:00-05:00,2025-12-01 00:00:00-05:00,CAT,129.95305580108834,0.007201446371505485,0.03531526017510145
2025-12-10 00:00:00-05:00,2025-12-01 00:00:00-05:00,JNJ,112.52957718441182,0.006235911193516867,0.03290652141574579
2025-12-10 00:00:00-05:00,2025-12-01 00:00:00-05:00,MSFT,-97.3185584262266,-0.005392981143370887,-0.027356625781667865
2025-12-11 00:00:00-05:00,2025-12-01 00:00:00-05:00,__cash_interest__,-1.906524168760825e-05,-1.043511779827485e-09,
2025-12-11 00:00:00-05:00,2025-12-01 00:00:00-05:00,GS,94.47132691160333,0.0051707680449845144,0.024504066061598273
2025-12-11 00:00:00-05:00,2025-12-01 00:00:00-05:00,INTC,-112.51960516617545,-0.006158617623439711,-0.03114272917556893
2025-12-11 00:00:00-05:00,2025-12-01 00:00:00-05:00,CAT,63.52173163002372,0.003476781271231055,0.016673455974647533
2025-12-11 00:00:00-05:00,2025-12-01 00:00:00-05:00,JNJ,59.34324202942322,0.0032480769520538523,0.016800628837750464
2025-12-11 00:00:00-05:00,2025-12-01 00:00:00-05:00,MSFT,35.50037799270742,0.001943068083306629,0.010259972745232826
2025-12-12 00:00:00-05:00,2025-12-01 00:00:00-05:00,__cash_interest__,-1.9067969502958325e-05,-1.0357067769010808e-09,
2025-12-12 00:00:00-05:00,2025-12-01 00:00:00-05:00,GS,-100.0207625695987,-0.00543278515355688,-0.02532296847018156
2025-12-12 00:00:00-05:00,2025-12-01 00:00:00-05:00,INTC,-150.61646964816217,-0.008180970622137587,-0.04302700633919487
2025-12-12 00:00:00-05:00,2025-12-01 00:00:00-05:00,CAT,-171.6195767657866,-0.009321787444522795,-0.04430866246350884
2025-12-12 00:00:00-05:00,2025-12-01 00:00:00-05:00,JNJ,26.85002418097671,0.001458401325840229,0.00747589414780947
2025-12-12 00:00:00-05:00,2025-12-01 00:00:00-05:00,MSFT,-35.71709690112378,-0.001940030337576702,-0.01021777265984658
2025-12-15 00:00:00-05:00,2025-12-01 00:00:00-05:00,__cash_interest__,-1.907069770859858e-05,-1.0606934049318326e-09,
2025-12-15 00:00:00-05:00,2025-12-01 00:00:00-05:00,GS,7.067047335290198,0.0003930622054537427,0.001835700056188383
2025-12-15 00:00:00-05:00,2025-12-01 00:00:00-05:00,INTC,-26.579695090722787,-0.0014783364362761136,-0.007934489311331672
2025-12-15 00:00:00-05:00,2025-12-01 00:00:00-05:00,CAT,-50.334468219786636,-0.002799553498108589,-0.013597831298275409
2025-12-15 00:00:00-05:00,2025-12-01 00:00:00-05:00,JNJ,44.293318390350954,0.0024635507005078307,0.01224114428601486
2025-12-15 00:00:00-05:00,2025-12-01 00:00:00-05:00,MSFT,-26.824294070010243,-0.0014919407903562626,-0.007752981253103419
2025-12-16 00:00:00-05:00,2025-12-01 00:00:00-05:00,__cash_interest__,-1.9073426304584856e-05,-1.063944670451165e-09,
2025-12-16 00:00:00-05:00,2025-12-01 00:00:00-05:00,GS,-45.26330264562729,-0.0025248557258565115,-0.011735820452366097
2025-12-16 00:00:00-05:00,2025-12-01 00:00:00-05:00,INTC,-17.719346093998453,-0.0009884120209727393,-0.0053318303703409065
2025-12-16 00:00:00-05:00,2025-12-01 00:00:00-05:00,CAT,-5.138645339697991,-0.0002866414368977945,-0.0014073392177939015
2025-12-16 00:00:00-05:00,2025-12-01 00:00:00-05:00,JNJ,-83.28565473595084,-0.004645800238840696,-0.02273892959610102
2025-12-16 00:00:00-05:00,2025-12-01 00:00:00-05:00,MSFT,11.351541020554482,0.0006332061884090307,0.0033065527270068618
2025-12-17 00:00:00-05:00,2025-12-01 00:00:00-05:00,__cash_interest__,-1.9076155290973e-05,-1.072475617828064e-09,
2025-12-17 00:00:00-05:00,2025-12-01 00:00:00-05:00,GS,-29.568312302730625,-0.001662352477284048,-0.007757480628028834
2025-12-17 00:00:00-05:00,2025-12-01 00:00:00-05:00,INTC,-111.63377305142056,-0.006276133628480933,-0.033771162955047784
2025-12-17 00:00:00-05:00,2025-12-01 00:00:00-05:00,CAT,-167.41011529781264,-0.009411921013226937,-0.04591382465611793
2025-12-17 00:00:00-05:00,2025-12-01 00:00:00-05:00,JNJ,17.614795793620335,0.00099031690157281,0.00492115253789005
2025-12-17 00:00:00-05:00,2025-12-01 00:00:00-05:00,MSFT,-1.9522465602424592,-0.00010975675150010537,-0.0005667893055522066
2025-12-18 00:00:00-05:00,2025-12-01 00:00:00-05:00,__cash_interest__,-1.9078884667818876e-05,-1.0905909323525462e-09,
2025-12-18 00:00:00-05:00,2025-12-01 00:00:00-05:00,GS,17.21206764988259,0.000983879573299319,0.004551026601958608
2025-12-18 00:00:00-05:00,2025-12-01 00:00:00-05:00,INTC,20.377518387988264,0.0011648236867468785,0.006380015176252307
2025-12-18 00:00:00-05:00,2025-12-01 00:00:00-05:00,CAT,24.393357771556882,0.0013943778820658262,0.007012062176437572
2025-12-18 00:00:00-05:00,2025-12-01 00:00:00-05:00,JNJ,-34.54569603898549,-0.0019747078253202696,-0.009603978378175393
2025-12-18 00:00:00-05:00,2025-12-01 00:00:00-05:00,MSFT,56.829426626766754,0.003248494786201333,0.016508456832468488
2025-12-19 00:00:00-05:00,2025-12-01 00:00:00-05:00,__cash_interest__,-1.9081614435178344e-05,-1.0855181751583127e-09,
2025-12-19 00:00:00-05:00,2025-12-01 00:00:00-05:00,GS,74.4842742475686,0.004237274248144941,0.019605093523892725
2025-12-19 00:00:00-05:00,2025-12-01 00:00:00-05:00,INTC,47.84304559346595,0.002721703434636542,0.014884259473445516
2025-12-19 00:00:00-05:00,2025-12-01 00:00:00-05:00,CAT,64.32659343707763,0.0036594223491506457,0.018362425768518875
2025-12-19 00:00:00-05:00,2025-12-01 00:00:00-05:00,JNJ,-33.17711339670169,-0.0018873853527305812,-0.00931294281527384
2025-12-19 00:00:00-05:00,2025-12-01 00:00:00-05:00,MSFT,14.026554022287979,0.0007979450259702948,0.004008419781918793
2025-12-22 00:00:00-05:00,2025-12-01 00:00:00-05:00,__cash_interest__,-1.908434459310728e-05,-1.0754258008984842e-09,
2025-12-22 00:00:00-05:00,2025-12-01 00:00:00-05:00,GS,23.932308654692385,0.0013486144141212953,0.0061781283551480826
2025-12-22 00:00:00-05:00,2025-12-01 00:00:00-05:00,INTC,-39.86920466122163,-0.0022466776967266446,-0.012221639507582926
2025-12-22 00:00:00-05:00,2025-12-01 00:00:00-05:00,CAT,38.323131861612715,0.0021595546325493555,0.010742321025525081
2025-12-22 00:00:00-05:00,2025-12-01 00:00:00-05:00,JNJ,16.246476999927683,0.0009155085444085084,0.004603318770423748
2025-12-22 00:00:00-05:00,2025-12-01 00:00:00-05:00,MSFT,-7.229884895529398,-0.00040741272073795706,-0.0020578619459044045
2025-12-23 00:00:00-05:00,2025-12-01 00:00:00-05:00,__cash_interest__,-1.908707514166157e-05,-1.0736797019234582e-09,
2025-12-23 00:00:00-05:00,2025-12-01 00:00:00-05:00,GS,11.749467167084553,0.0006609270572933171,0.00301450237849199
2025-12-23 00:00:00-05:00,2025-12-01 00:00:00-05:00,INTC,-1.7720022043723562,-9.967806929441368e-05,-0.0005499163692891385
2025-12-23 00:00:00-05:00,2025-12-01 00:00:00-05:00,CAT,0.061970937434949136,3.4859682344856793e-06,1.718639339531869e-05
2025-12-23 00:00:00-05:00,2025-12-01 00:00:00-05:00,JNJ,-26.33657482260303,-0.0014814761085891394,-0.007428079340998983
2025-12-23 00:00:00-05:00,2025-12-01 00:00:00-05:00,MSFT,13.954166354107924,0.0007849450510605947,0.003980002896827539
2025-12-24 00:00:00-05:00,2025-12-01 00:00:00-05:00,__cash_interest__,-1.9089806080897096e-05,-1.073974868648315e-09,
2025-12-24 00:00:00-05:00,2025-12-01 00:00:00-05:00,GS,39.32324229182118,0.002212289312747167,0.010058646963812867
2025-12-24 00:00:00-05:00,2025-12-01 00:00:00-05:00,INTC,-16.833513979243552,-0.0009470379577526901,-0.00522692254978363
2025-12-24 00:00:00-05:00,2025-12-01 00:00:00-05:00,CAT,8.296501820278896,0.0004667535340545383,0.0023008284120993316
2025-12-24 00:00:00-05:00,2025-12-01 00:00:00-05:00,JNJ,34.203484416266754,0.0019242564606265784,0.009719090083901039
2025-12-24 00:00:00-05:00,2025-12-01 00:00:00-05:00,MSFT,8.458920918157016,0.00047589108257495966,0.002403086447399838
2025-12-26 00:00:00-05:00,2025-12-01 00:00:00-05:00,__cash_interest__,-1.909253741086976e-05,-1.0697083340060128e-09,
2025-12-26 00:00:00-05:00,2025-12-01 00:00:00-05:00,GS,-16.21519983861727,-0.0009084981232021414,-0.004106444531129183
2025-12-26 00:00:00-05:00,2025-12-01 00:00:00-05:00,INTC,3.5440044087447125,0.00019856192868476197,0.0011062200137206268
2025-12-26 00:00:00-05:00,2025-12-01 00:00:00-05:00,CAT,-4.705609157253776,-0.0002636438113890315,-0.0013019880011344576
2025-12-26 00:00:00-05:00,2025-12-01 00:00:00-05:00,JNJ,-2.5651360031392114,-0.00014371831786249138,-0.0007218801257238283
2025-12-26 00:00:00-05:00,2025-12-01 00:00:00-05:00,MSFT,-2.241353136838874,-0.00012557755306856518,-0.0006352173058014055
2025-12-29 00:00:00-05:00,2025-12-01 00:00:00-05:00,__cash_interest__,-1.9095269131635468e-05,-1.0711927464319274e-09,
2025-12-29 00:00:00-05:00,2025-12-01 00:00:00-05:00,GS,-64.42582192301909,-0.0036141136661184273,-0.01638289701864537
2025-12-29 00:00:00-05:00,2025-12-01 00:00:00-05:00,INTC,42.527038980348884,0.0023856514076309276,0.0132596555834259
2025-12-29 00:00:00-05:00,2025-12-01 00:00:00-05:00,CAT,-27.17938862752809,-0.0015246898982967585,-0.007530028634311403
2025-12-29 00:00:00-05:00,2025-12-01 00:00:00-05:00,JNJ,-1.1973449066288564,-6.71677979564666e-05,-0.00033720001236448027
2025-12-29 00:00:00-05:00,2025-12-01 00:00:00-05:00,MSFT,-4.410096557435792,-0.00024739444156684836,-0.001250650875590953
2025-12-30 00:00:00-05:00,2025-12-01 00:00:00-05:00,__cash_interest__,-1.909800124325013e-05,-1.0746427085336592e-09,
2025-12-30 00:00:00-05:00,2025-12-01 00:00:00-05:00,GS,-33.6439546487615,-0.0018931421193779175,-0.008697845735914256
2025-12-30 00:00:00-05:00,2025-12-01 00:00:00-05:00,INTC,54.93071643609282,0.0030909461749794717,0.016902915123402584
2025-12-30 00:00:00-05:00,2025-12-01 00:00:00-05:00,CAT,-7.553230760859721,-0.00042501957454311453,-0.0021084937689748173
2025-12-30 00:00:00-05:00,2025-12-01 00:00:00-05:00,JNJ,-11.11620499364926,-0.0006255077948124401,-0.0031316363582304385
2025-12-30 00:00:00-05:00,2025-12-01 00:00:00-05:00,MSFT,2.747622717975454,0.0001546084682928452,0.0007801688074968727
2025-12-31 00:00:00-05:00,2025-12-01 00:00:00-05:00,__cash_interest__,-1.9100733745769676e-05,-1.0744721001684952e-09,
2025-12-31 00:00:00-05:00,2025-12-01 00:00:00-05:00,GS,-23.4983999638602,-0.0013218536782839576,-0.006128256062826076
2025-12-31 00:00:00-05:00,2025-12-01 00:00:00-05:00,INTC,-35.43903016285946,-0.001993549026641744,-0.01072379944673596
2025-12-31 00:00:00-05:00,2025-12-01 00:00:00-05:00,CAT,-27.983870244781787,-0.001574174491564368,-0.007828238003535049
2025-12-31 00:00:00-05:00,2025-12-01 00:00:00-05:00,JNJ,0.6841593968463253,3.8485965710206824e-05,0.0001933455862588307
2025-12-31 00:00:00-05:00,2025-12-01 00:00:00-05:00,MSFT,-27.908776804339652,-0.001569950266058968,-0.007918329968719329
2026-01-02 00:00:00-05:00,2026-01-02 00:00:00-05:00,__cash_interest__,-1.910346663925003e-05,-1.0815706445670174e-09,
2026-01-02 00:00:00-05:00,2026-01-02 00:00:00-05:00,GS,143.82068542222433,0.008142618006021347,0.040204847692816736
2026-01-02 00:00:00-05:00,2026-01-02 00:00:00-05:00,INTC,228.77948761578688,0.012952684586363259,0.06720865690200695
2026-01-02 00:00:00-05:00,2026-01-02 00:00:00-05:00,CAT,157.50406029056168,0.008917322244559529,0.044582455326430015
2026-01-02 00:00:00-05:00,2026-01-02 00:00:00-05:00,JNJ,6.896703956131524,0.0003904669599545473,0.0019328584596236542
2026-01-02 00:00:00-05:00,2026-01-02 00:00:00-05:00,MSFT,5.567345237543641,0.00031520337595300366,-0.022083453247643603
2026-01-02 00:00:00-05:00,2026-01-02 00:00:00-05:00,__costs__,-1.5229147836296915,-8.62220431116302e-05,
2026-01-02 00:00:00-05:00,2026-01-02 00:00:00-05:00,AXP,31.109565217892385,0.0017613134380429114,0.009752575112774942
2026-01-05 00:00:00-05:00,2026-01-02 00:00:00-05:00,__cash_interest__,-0.00021789549756168314,-1.194939039527947e-08,
2026-01-05 00:00:00-05:00,2026-01-02 00:00:00-05:00,GS,137.2795313059833,0.007528410321520335,0.03729459848067629
2026-01-05 00:00:00-05:00,2026-01-02 00:00:00-05:00,INTC,-0.9424322951673924,-5.168299272859668e-05,-0.00025399024782069013
2026-01-05 00:00:00-05:00,2026-01-02 00:00:00-05:00,CAT,108.99628205767533,0.00597735676283286,0.029561615380676365
2026-01-05 00:00:00-05:00,2026-01-02 00:00:00-05:00,JNJ,-52.31016191822169,-0.0028686895938460698,-0.014661222215699321
2026-01-05 00:00:00-05:00,2026-01-02 00:00:00-05:00,AXP,68.09401149507241,0.0037342759994612837,0.018968134285519023
2026-01-06 00:00:00-05:00,2026-01-02 00:00:00-05:00,__cash_interest__,-0.0002179266735988245,-1.1782380424779876e-08,
2026-01-06 00:00:00-05:00,2026-01-02 00:00:00-05:00,GS,28.301420949882967,0.0015301390265205002,0.007412185382217107
2026-01-06 00:00:00-05:00,2026-01-02 00:00:00-05:00,INTC,63.129664769761746,0.003413155967201294,0.01701808488239398
2026-01-06 00:00:00-05:00,2026-01-02 00:00:00-05:00,CAT,43.06925625060813,0.0023285738885326186,0.01134570553134795
2026-01-06 00:00:00-05:00,2026-01-02 00:00:00-05:00,JNJ,8.259485277831303,0.0004465556971489608,0.0023493705511323792
2026-01-06 00:00:00-05:00,2026-01-02 00:00:00-05:00,AXP,36.21407284979071,0.001957942898868842,0.009899937755608379
2026-01-07 00:00:00-05:00,2026-01-02 00:00:00-05:00,__cash_interest__,-0.00021795785409656874,-1.1671132196891923e-08,
2026-01-07 00:00:00-05:00,2026-01-02 00:00:00-05:00,GS,-58.1727999250027,-0.003115017079803134,-0.015123447374078336
2026-01-07 00:00:00-05:00,2026-01-02 00:00:00-05:00,INTC,244.03784672036102,0.01306765467077986,0.06468531701715063
2026-01-07 00:00:00-05:00,2026-01-02 00:00:00-05:00,CAT,-163.71046934250086,-0.008766311898377373,-0.04264233271483997
2026-01-07 00:00:00-05:00,2026-01-02 00:00:00-05:00,JNJ,46.459604687801075,0.002487802930407005,0.013184234697382946
2026-01-07 00:00:00-05:00,2026-01-02 00:00:00-05:00,AXP,-51.43188358081458,-0.0027540568101798537,-0.013922241964842152
2026-01-08 00:00:00-05:00,2026-01-02 00:00:00-05:00,__cash_interest__,-0.00021798903905555412,-1.1662072270482879e-08,
2026-01-08 00:00:00-05:00,2026-01-02 00:00:00-05:00,GS,-24.919858389203892,-0.0013331734052510393,-0.006578011129389161
2026-01-08 00:00:00-05:00,2026-01-02 00:00:00-05:00,INTC,-143.21915709386118,-0.0076620006573844025,-0.035655651411666156
2026-01-08 00:00:00-05:00,2026-01-02 00:00:00-05:00,CAT,71.53476934471338,0.003826998153506999,0.019462896007441666
2026-01-08 00:00:00-05:00,2026-01-02 00:00:00-05:00,JNJ,-29.94063413213847,-0.0016017770461573529,-0.008385944543953472
2026-01-08 00:00:00-05:00,2026-01-02 00:00:00-05:00,AXP,45.84561359923375,0.0024526685442319,0.012585294263026237
2026-01-09 00:00:00-05:00,2026-01-02 00:00:00-05:00,__cash_interest__,-0.0002180202284764189,-1.1714315021907375e-08,
2026-01-09 00:00:00-05:00,2026-01-02 00:00:00-05:00,GS,16.707102303645605,0.0008976793614786405,0.004439319445426859
2026-01-09 00:00:00-05:00,2026-01-02 00:00:00-05:00,INTC,418.3504403352159,0.022478138298852597,0.10800288398903568
2026-01-09 00:00:00-05:00,2026-01-02 00:00:00-05:00,CAT,58.47210569896099,0.0031417298795555566,0.015605137187048257
2026-01-09 00:00:00-05:00,2026-01-02 00:00:00-05:00,JNJ,-23.4016979699418,-0.0012573826932626988,-0.00660991215378004
2026-01-09 00:00:00-05:00,2026-01-02 00:00:00-05:00,AXP,-70.98353285264567,-0.003813973918909733,-0.019243832995251897
2026-01-12 00:00:00-05:00,2026-01-02 00:00:00-05:00,__cash_interest__,-0.00021805142235980157,-1.1470003334777332e-08,
2026-01-12 00:00:00-05:00,2026-01-02 00:00:00-05:00,GS,42.552610723215864,0.002238364609671752,0.011256873107430065
2026-01-12 00:00:00-05:00,2026-01-02 00:00:00-05:00,INTC,-140.39221964096586,-0.007384951723917456,-0.032711259906174406
2026-01-12 00:00:00-05:00,2026-01-02 00:00:00-05:00,CAT,74.86210870575921,0.003937918070933985,0.019672340107365294
2026-01-12 00:00:00-05:00,2026-01-02 00:00:00-05:00,JNJ,91.71474535189681,0.0048244052877521775,0.026077602442412973
2026-01-12 00:00:00-05:00,2026-01-02 00:00:00-05:00,AXP,-154.29505941504016,-0.00811627288131113,-0.04265057997874577
2026-01-13 00:00:00-05:00,2026-01-02 00:00:00-05:00,__cash_interest__,-0.00021808262070634052,-1.1523506534651374e-08,
2026-01-13 00:00:00-05:00,2026-01-02 00:00:00-05:00,GS,-45.89373346750531,-0.0024250292655116183,-0.012005588758205565
2026-01-13 00:00:00-05:00,2026-01-02 00:00:00-05:00,INTC,304.34057403722744,0.016081385038012687,0.07330911124742578
2026-01-13 00:00:00-05:00,2026-01-02 00:00:00-05:00,CAT,41.651523639073126,0.002200870492469695,0.010734065033127127
2026-01-13 00:00:00-05:00,2026-01-02 00:00:00-05:00,JNJ,67.62440297430862,0.003573279920483305,0.01873922957209606
2026-01-13 00:00:00-05:00,2026-01-02 00:00:00-05:00,AXP,-15.313901434104942,-0.0008091880163368959,-0.004421689987926247
2026-01-14 00:00:00-05:00,2026-01-02 00:00:00-05:00,__cash_interest__,-0.0002181138235166744,-1.1314465168696154e-08,
2026-01-14 00:00:00-05:00,2026-01-02 00:00:00-05:00,GS,-22.061532471259383,-0.001144422837074519,-0.005841323552490119
2026-01-14 00:00:00-05:00,2026-01-02 00:00:00-05:00,INTC,134.7390636003889,0.006989471906867888,0.03023895702032542
2026-01-14 00:00:00-05:00,2026-01-02 00:00:00-05:00,CAT,13.67864141238676,0.0007095676437202209,0.0034877021645902673
2026-01-14 00:00:00-05:00,2026-01-02 00:00:00-05:00,JNJ,84.31540189394765,0.004373788247496189,0.022934652909384345
2026-01-14 00:00:00-05:00,2026-01-02 00:00:00-05:00,AXP,2.5042715541436213,0.000129906911975932,0.0007262872777449303
2026-01-15 00:00:00-05:00,2026-01-02 00:00:00-05:00,__cash_interest__,-0.00021814503079144182,-1.119231602442793e-08,
2026-01-15 00:00:00-05:00,2026-01-02 00:00:00-05:00,GS,173.87409178013772,0.008920917320936906,0.046307864429679935
2026-01-15 00:00:00-05:00,2026-01-02 00:00:00-05:00,INTC,-37.689384289344936,-0.0019337204161929812,-0.00821021173761649
2026-01-15 00:00:00-05:00,2026-01-02 00:00:00-05:00,CAT,51.94077387608479,0.0026649131252972744,0.013197533945360496
2026-01-15 00:00:00-05:00,2026-01-02 00:00:00-05:00,JNJ,17.551671691261852,0.0009005195104050699,0.004667193997325292
2026-01-15 00:00:00-05:00,2026-01-02 00:00:00-05:00,AXP,-8.572177705936955,-0.00043981071470808867,-0.0024842933332374084
2026-01-16 00:00:00-05:00,2026-01-02 00:00:00-05:00,__cash_interest__,-0.0002181762425312816,-1.1081848792792659e-08,
2026-01-16 00:00:00-05:00,2026-01-02 00:00:00-05:00,GS,-55.7975189304362,-0.0028341292371071238,-0.014202842703052942
2026-01-16 00:00:00-05:00,2026-01-02 00:00:00-05:00,INTC,-128.14347526464456,-0.00650880499265245,-0.02814570817344686
2026-01-16 00:00:00-05:00,2026-01-02 00:00:00-05:00,CAT,-1.786259850295361,-9.072968411201543e-05,-0.0004479555114990097
2026-01-16 00:00:00-05:00,2026-01-02 00:00:00-05:00,JNJ,-15.658828735780455,-0.0007953605319666072,-0.004144521715069183
2026-01-16 00:00:00-05:00,2026-01-02 00:00:00-05:00,AXP,71.46516902285818,0.003629937833167761,0.02076282247804384
2026-01-20 00:00:00-05:00,2026-01-02 00:00:00-05:00,__cash_interest__,-0.00021820745873683253,-1.1157060895632516e-08,
2026-01-20 00:00:00-05:00,2026-01-02 00:00:00-05:00,GS,-75.000477386718,-0.0038348134305267742,-0.019365863005207484
2026-01-20 00:00:00-05:00,2026-01-02 00:00:00-05:00,INTC,150.7571777247729,0.007708292934008077,0.034071599659536655
2026-01-20 00:00:00-05:00,2026-01-02 00:00:00-05:00,CAT,-101.16148376916314,-0.005172439298082433,-0.02538049140937315
2026-01-20 00:00:00-05:00,2026-01-02 00:00:00-05:00,JNJ,-7.743134710031678,-0.00039591050637320343,-0.0020579539068279473
2026-01-20 00:00:00-05:00,2026-01-02 00:00:00-05:00,AXP,-121.35575772625238,-0.006204983032318679,-0.03454041153759413
2026-01-21 00:00:00-05:00,2026-01-02 00:00:00-05:00,__cash_interest__,-0.0002182386794087336,-1.1247511037883557e-08,
2026-01-21 00:00:00-05:00,2026-01-02 00:00:00-05:00,GS,38.808578397228494,0.0020001033504692695,0.010218650708260224
2026-01-21 00:00:00-05:00,2026-01-02 00:00:00-05:00,INTC,536.1293169486603,0.02763085089430628,0.1171745977305223
2026-01-21 00:00:00-05:00,2026-01-02 00:00:00-05:00,CAT,101.16148376916314,0.005213626238872883,0.026041435848206174
2026-01-21 00:00:00-05:00,2026-01-02 00:00:00-05:00,JNJ,-3.441363707139598,-0.00017735983550803833,-0.0009165245062660032
2026-01-21 00:00:00-05:00,2026-01-02 00:00:00-05:00,AXP,71.4648733591564,0.003683132403961454,0.021068113522188403
2026-01-22 00:00:00-05:00,2026-01-02 00:00:00-05:00,__cash_interest__,-0.00021826990454762386,-1.0833646271017296e-08,
2026-01-22 00:00:00-05:00,2026-01-02 00:00:00-05:00,GS,6.602606340964947,0.0003277149074355462,0.0017209404496922875
2026-01-22 00:00:00-05:00,2026-01-02 00:00:00-05:00,INTC,6.595588335744337,0.0003273665745481249,0.0012903169552851423
2026-01-22 00:00:00-05:00,2026-01-02 00:00:00-05:00,CAT,18.712405667487264,0.000928774785976527,0.004694771503906514
2026-01-22 00:00:00-05:00,2026-01-02 00:00:00-05:00,JNJ,8.259485277831303,0.000409952723744266,0.0022017333200761158
2026-01-22 00:00:00-05:00,2026-01-02 00:00:00-05:00,AXP,81.00002774181658,0.004020369415179559,0.023386405460993798
2026-01-23 00:00:00-05:00,2026-01-02 00:00:00-05:00,__cash_interest__,-0.0002183011341541424,-1.0770421208735998e-08,
2026-01-23 00:00:00-05:00,2026-01-02 00:00:00-05:00,GS,-144.0032089990841,-0.007104751069385808,-0.037469323791000986
2026-01-23 00:00:00-05:00,2026-01-02 00:00:00-05:00,INTC,-871.5636869394883,-0.043000729496663864,-0.1702871879964567
2026-01-23 00:00:00-05:00,2026-01-02 00:00:00-05:00,CAT,-134.57222377353327,-0.006639450310935209,-0.03360517201500268
2026-01-23 00:00:00-05:00,2026-01-02 00:00:00-05:00,JNJ,28.391847904609932,0.0014007813656666472,0.007551795863194544
2026-01-23 00:00:00-05:00,2026-01-02 00:00:00-05:00,AXP,-60.96644663607119,-0.0030079289895340775,-0.017200043575245405
2026-01-26 00:00:00-05:00,2026-01-02 00:00:00-05:00,__cash_interest__,-0.00021833236822892842,-1.1439479762654588e-08,
2026-01-26 00:00:00-05:00,2026-01-02 00:00:00-05:00,GS,52.254941395297784,0.0027378869630701316,0.014125911167647276
2026-01-26 00:00:00-05:00,2026-01-02 00:00:00-05:00,INTC,-243.0954144251936,-0.012736934501600268,-0.05724424304031461
2026-01-26 00:00:00-05:00,2026-01-02 00:00:00-05:00,CAT,57.43538636199651,0.003009315317183701,0.014841426428863436
2026-01-26 00:00:00-05:00,2026-01-02 00:00:00-05:00,JNJ,23.229935081835706,0.0012171276957789615,0.006132494913357434
2026-01-26 00:00:00-05:00,2026-01-02 00:00:00-05:00,AXP,15.024742333756363,0.0007872183005219315,0.004313011022676783
2026-01-27 00:00:00-05:00,2026-01-02 00:00:00-05:00,__cash_interest__,-0.0002183636067726213,-1.1498440799668333e-08,
2026-01-27 00:00:00-05:00,2026-01-02 00:00:00-05:00,GS,-8.615169473190086,-0.0004536516758936701,-0.0022964714559013943
2026-01-27 00:00:00-05:00,2026-01-02 00:00:00-05:00,INTC,135.68113646294944,0.007144604077159594,0.033890293476706246
2026-01-27 00:00:00-05:00,2026-01-02 00:00:00-05:00,CAT,18.466090233777823,0.0009723746941747723,0.00470189431282253
2026-01-27 00:00:00-05:00,2026-01-02 00:00:00-05:00,JNJ,50.76137569069316,0.0026729576503878327,0.013318870872032207
2026-01-27 00:00:00-05:00,2026-01-02 00:00:00-05:00,AXP,-36.59902698951857,-0.0019272064213641997,-0.010461018874809658
2026-01-28 00:00:00-05:00,2026-01-02 00:00:00-05:00,__cash_interest__,-0.0002183948497858604,-1.1404187398863425e-08,
2026-01-28 00:00:00-05:00,2026-01-02 00:00:00-05:00,GS,28.542819363055433,0.001490454840063111,0.007625926014060758
2026-01-28 00:00:00-05:00,2026-01-02 00:00:00-05:00,INTC,456.9818974871214,0.02386277516132497,0.11040287822510386
2026-01-28 00:00:00-05:00,2026-01-02 00:00:00-05:00,CAT,26.988755586013156,0.0014093044165959224,0.00683980229874126
2026-01-28 00:00:00-05:00,2026-01-02 00:00:00-05:00,JNJ,56.43990455713734,0.00294719059984551,0.014614170340161214
2026-01-28 00:00:00-05:00,2026-01-02 00:00:00-05:00,AXP,-23.693602070177967,-0.001237237409340694,-0.006843883833405062
2026-01-29 00:00:00-05:00,2026-01-02 00:00:00-05:00,__cash_interest__,-0.00021842609726928518,-1.1090057682928879e-08,
2026-01-29 00:00:00-05:00,2026-01-02 00:00:00-05:00,GS,13.32553974296653,0.0006765721049507617,0.0035333055375490474
2026-01-29 00:00:00-05:00,2026-01-02 00:00:00-05:00,INTC,-11.30667151376074,-0.0005740689453190528,-0.0024600027652255108
2026-01-29 00:00:00-05:00,2026-01-02 00:00:00-05:00,CAT,135.62256424047246,0.006885908228627525,0.0341375433166915
2026-01-29 00:00:00-05:00,2026-01-02 00:00:00-05:00,JNJ,-7.399343457949153,-0.00037568379781694524,-0.0018883398469721202
2026-01-29 00:00:00-05:00,2026-01-02 00:00:00-05:00,AXP,14.54340182724564,0.0007384061116622231,0.004229801834183977
2026-01-30 00:00:00-05:00,2026-01-02 00:00:00-05:00,__cash_interest__,-0.0002184573492235353,-1.1010703394746121e-08,
2026-01-30 00:00:00-05:00,2026-01-02 00:00:00-05:00,GS,-18.961560043109344,-0.0009557019449261619,-0.005010010778720764
2026-01-30 00:00:00-05:00,2026-01-02 00:00:00-05:00,INTC,-206.34846243101606,-0.010400390391375556,-0.045006137147068914
2026-01-30 00:00:00-05:00,2026-01-02 00:00:00-05:00,CAT,-48.66602721133021,-0.0024528686854855953,-0.011845350132311805
2026-01-30 00:00:00-05:00,2026-01-02 00:00:00-05:00,JNJ,-0.6883789317760531,-3.469572558633666e-05,-0.00017600921737126463
2026-01-30 00:00:00-05:00,2026-01-02 00:00:00-05:00,AXP,-60.966742299772974,-0.0030728502327464925,-0.017656877403541715
2026-02-02 00:00:00-05:00,2026-02-02 00:00:00-05:00,__cash_interest__,-0.00021848860564925037,-1.1201773791284998e-08,
2026-02-02 00:00:00-05:00,2026-02-02 00:00:00-05:00,GS,45.99006227871949,0.002357881651367902,0.011674045132798128
2026-02-02 00:00:00-05:00,2026-02-02 00:00:00-05:00,INTC,191.65152661242917,0.009825853579354536,0.05035506974648807
2026-02-02 00:00:00-05:00,2026-02-02 00:00:00-05:00,CAT,198.282785168962,0.010165834046899153,0.05103740828360892
2026-02-02 00:00:00-05:00,2026-02-02 00:00:00-05:00,JNJ,59.76763622978031,0.0030642492275345153,0.01540165069088828
2026-02-02 00:00:00-05:00,2026-02-02 00:00:00-05:00,AXP,-17.529237644497034,-0.0008987130209552278,0.001874018927251253
2026-02-02 00:00:00-05:00,2026-02-02 00:00:00-05:00,__costs__,-1.9452819604766765,-9.97333861725887e-05,
2026-02-02 00:00:00-05:00,2026-02-02 00:00:00-05:00,CSCO,125.34528421553179,0.006426374114175828,0.029622168465576637
2026-02-03 00:00:00-05:00,2026-02-02 00:00:00-05:00,__cash_interest__,-0.0002783269196874629,-1.3842713329402992e-08,
2026-02-03 00:00:00-05:00,2026-02-02 00:00:00-05:00,GS,-30.598015079923805,-0.0015218059096682268,-0.007756340020806385
2026-02-03 00:00:00-05:00,2026-02-02 00:00:00-05:00,INTC,37.46891602269828,0.0018635332286510771,0.009014517810477907
2026-02-03 00:00:00-05:00,2026-02-02 00:00:00-05:00,CAT,70.55125717241793,0.0035088982020259805,0.01733957659532237
2026-02-03 00:00:00-05:00,2026-02-02 00:00:00-05:00,JNJ,39.993884074583946,0.001989113639440673,0.01018416803452693
2026-02-03 00:00:00-05:00,2026-02-02 00:00:00-05:00,CSCO,122.85808500028122,0.006110401583749232,0.030629872475306907
2026-02-04 00:00:00-05:00,2026-02-02 00:00:00-05:00,__cash_interest__,-0.00027836674212749823,-1.3681201818303216e-08,
2026-02-04 00:00:00-05:00,2026-02-02 00:00:00-05:00,GS,-107.09215363147943,-0.00526337793010464,-0.027359169165017128
2026-02-04 00:00:00-05:00,2026-02-02 00:00:00-05:00,INTC,-55.352110459860164,-0.0027204521218397075,-0.013198000525460052
2026-02-04 00:00:00-05:00,2026-02-02 00:00:00-05:00,CAT,-65.19170532632408,-0.003204049703036298,-0.01574925930342097
2026-02-04 00:00:00-05:00,2026-02-02 00:00:00-05:00,JNJ,23.315390188058647,0.0011459075757304933,0.0058772491656997605
2026-02-04 00:00:00-05:00,2026-02-02 00:00:00-05:00,CSCO,-96.99294281055361,-0.0047670207130366855,-0.023462746969396764
2026-02-05 00:00:00-05:00,2026-02-02 00:00:00-05:00,__cash_interest__,-0.00027840657026524586,-1.3888839207485805e-08,
2026-02-05 00:00:00-05:00,2026-02-02 00:00:00-05:00,GS,-95.4199247984637,-0.004760203724551562,-0.025062929086490437
2026-02-05 00:00:00-05:00,2026-02-02 00:00:00-05:00,INTC,-30.656208647061888,-0.001529343047488163,-0.007407341706934245
2026-02-05 00:00:00-05:00,2026-02-02 00:00:00-05:00,CAT,-79.56129340617773,-0.003969065852882799,-0.019528274726842487
2026-02-05 00:00:00-05:00,2026-02-02 00:00:00-05:00,JNJ,56.50197222863723,0.002818707929348507,0.014159569094184699
2026-02-05 00:00:00-05:00,2026-02-02 00:00:00-05:00,CSCO,59.687670212884676,0.0029776325086954326,0.014785449517832117
2026-02-06 00:00:00-05:00,2026-02-02 00:00:00-05:00,__cash_interest__,-0.0002784464041015211,-1.3953089068940403e-08,
2026-02-06 00:00:00-05:00,2026-02-02 00:00:00-05:00,GS,159.82540042570133,0.008008931035811837,0.04305880494810954
2026-02-06 00:00:00-05:00,2026-02-02 00:00:00-05:00,INTC,200.1185688666933,0.010028041930567715,0.04871472620968165
2026-02-06 00:00:00-05:00,2026-02-02 00:00:00-05:00,CAT,282.0264370933192,0.014132486319070062,0.07060196496062865
2026-02-06 00:00:00-05:00,2026-02-02 00:00:00-05:00,JNJ,37.44121145348543,0.001876197898641349,0.009251880811987023
2026-02-06 00:00:00-05:00,2026-02-02 00:00:00-05:00,CSCO,122.36137071469271,0.006131589702832929,0.02986895353632124
2026-02-09 00:00:00-05:00,2026-02-02 00:00:00-05:00,__cash_interest__,-0.0002784862436371392,-1.3416065076435289e-08,
2026-02-09 00:00:00-05:00,2026-02-02 00:00:00-05:00,GS,61.98753752277314,0.002986247458661157,0.016010753151226798
2026-02-09 00:00:00-05:00,2026-02-02 00:00:00-05:00,INTC,-29.804782648990987,-0.0014358443648257327,-0.00691833313037038
2026-02-09 00:00:00-05:00,2026-02-02 00:00:00-05:00,CAT,93.7533722629901,0.004516565439600035,0.021922285495808325
2026-02-09 00:00:00-05:00,2026-02-02 00:00:00-05:00,JNJ,-22.97536642295655,-0.001106837476277497,-0.00562526538288588
2026-02-09 00:00:00-05:00,2026-02-02 00:00:00-05:00,CSCO,97.49080601122058,0.004696616180097146,0.023107734488169385
2026-02-10 00:00:00-05:00,2026-02-02 00:00:00-05:00,__cash_interest__,-0.0002785260888729157,-1.3289650006589018e-08,
2026-02-10 00:00:00-05:00,2026-02-02 00:00:00-05:00,GS,22.385708727882125,0.001068116223319889,0.00569088647028293
2026-02-10 00:00:00-05:00,2026-02-02 00:00:00-05:00,INTC,-264.83798954416983,-0.01263653327317788,-0.06190287632264413
2026-02-10 00:00:00-05:00,2026-02-02 00:00:00-05:00,CAT,1.4723884943728718,7.02538417249387e-05,0.0003369019124239703
2026-02-10 00:00:00-05:00,2026-02-02 00:00:00-05:00,JNJ,-4.9349395097250195,-0.00023546669955882527,-0.00121510084270271
2026-02-10 00:00:00-05:00,2026-02-02 00:00:00-05:00,CSCO,-24.372701502805146,-0.0011629239975259047,-0.005646456797565258
2026-02-11 00:00:00-05:00,2026-02-02 00:00:00-05:00,__cash_interest__,-0.0002785659398096661,-1.3465206401374494e-08,
2026-02-11 00:00:00-05:00,2026-02-02 00:00:00-05:00,GS,-18.341853680880902,-0.0008866010172156082,-0.00463647351371399
2026-02-11 00:00:00-05:00,2026-02-02 00:00:00-05:00,INTC,98.78198301235665,0.004774883070440246,0.024612769385165212
2026-02-11 00:00:00-05:00,2026-02-02 00:00:00-05:00,CAT,192.15950659984262,0.009288527592860371,0.043953822103241835
2026-02-11 00:00:00-05:00,2026-02-02 00:00:00-05:00,JNJ,42.716699861540505,0.00206482235701254,0.01053067510851946
2026-02-11 00:00:00-05:00,2026-02-02 00:00:00-05:00,CSCO,-37.305272597668946,-0.0018032470004422344,-0.008691640044931392
2026-02-12 00:00:00-05:00,2026-02-02 00:00:00-05:00,__cash_interest__,-0.0002786057964482062,-1.3288556416930705e-08,
2026-02-12 00:00:00-05:00,2026-02-02 00:00:00-05:00,GS,-166.91248696287323,-0.007961162430835104,-0.042388852886275474
2026-02-12 00:00:00-05:00,2026-02-02 00:00:00-05:00,INTC,-154.13409347221682,-0.007351676178276482,-0.03748190803427842
2026-02-12 00:00:00-05:00,2026-02-02 00:00:00-05:00,CAT,-98.40613433685252,-0.004693640565193438,-0.02156133535125082
2026-02-12 00:00:00-05:00,2026-02-02 00:00:00-05:00,JNJ,62.799107331682464,0.0029953055225291673,0.015320131393375291
2026-02-12 00:00:00-05:00,2026-02-02 00:00:00-05:00,CSCO,-524.2622053964906,-0.025005538228171465,-0.12321718868855025
2026-02-13 00:00:00-05:00,2026-02-02 00:00:00-05:00,__cash_interest__,-0.0002786456587893516,-1.3873371347153488e-08,
2026-02-13 00:00:00-05:00,2026-02-02 00:00:00-05:00,GS,2.4598127231457156,0.00012247057966351308,0.0006523425194060462
2026-02-13 00:00:00-05:00,2026-02-02 00:00:00-05:00,INTC,26.398753808940082,0.0013143564349243117,0.006669564895527058
2026-02-13 00:00:00-05:00,2026-02-02 00:00:00-05:00,CAT,93.69492410418383,0.0046649371143562875,0.0209814713344334
2026-02-13 00:00:00-05:00,2026-02-02 00:00:00-05:00,JNJ,-18.720737010049703,-0.0009320788903054841,-0.004498098533082029
2026-02-13 00:00:00-05:00,2026-02-02 00:00:00-05:00,CSCO,92.01928943589058,0.0045815096455904085,0.024666617184987194
2026-02-17 00:00:00-05:00,2026-02-02 00:00:00-05:00,__cash_interest__,-0.0002786855268339184,-1.3741361814048566e-08,
2026-02-17 00:00:00-05:00,2026-02-02 00:00:00-05:00,GS,45.437814761648326,0.002240437312166634,0.012042256220567094
2026-02-17 00:00:00-05:00,2026-02-02 00:00:00-05:00,INTC,-51.94575677204197,-0.002561329418928102,-0.013036986501727799
2026-02-17 00:00:00-05:00,2026-02-02 00:00:00-05:00,CAT,-55.592497220152886,-0.002741142057599077,-0.01219321407298768
2026-02-17 00:00:00-05:00,2026-02-02 00:00:00-05:00,JNJ,-2.0422431235244054,-0.00010069845388607387,-0.0004929142467997583
2026-02-17 00:00:00-05:00,2026-02-02 00:00:00-05:00,CSCO,0.0003829716928207468,1.888348008371725e-08,1.0018779206255601e-07
2026-02-18 00:00:00-05:00,2026-02-02 00:00:00-05:00,__cash_interest__,-0.0002787254005827225,-1.378693220898602e-08,
2026-02-18 00:00:00-05:00,2026-02-02 00:00:00-05:00,GS,73.7432586936502,0.003647652156400189,0.019311415384911435
2026-02-18 00:00:00-05:00,2026-02-02 00:00:00-05:00,INTC,-61.31306698965836,-0.003032802522999899,-0.015591191337052224
2026-02-18 00:00:00-05:00,2026-02-02 00:00:00-05:00,CAT,-75.32127635499664,-0.0037257075560016657,-0.016724289670109305
2026-02-18 00:00:00-05:00,2026-02-02 00:00:00-05:00,JNJ,28.251117397625602,0.0013974192505414363,0.0068220308812356745
2026-02-18 00:00:00-05:00,2026-02-02 00:00:00-05:00,CSCO,66.15414724616298,0.0032722627414627694,0.017306337267941396
2026-02-19 00:00:00-05:00,2026-02-02 00:00:00-05:00,__cash_interest__,-0.0002787652800365801,-1.3767443981490768e-08,
2026-02-19 00:00:00-05:00,2026-02-02 00:00:00-05:00,GS,-71.20021053214427,-0.0035163809131575335,-0.018292209653940184
2026-02-19 00:00:00-05:00,2026-02-02 00:00:00-05:00,INTC,-71.53180320534565,-0.0035327573555623184,-0.018477786394738405
2026-02-19 00:00:00-05:00,2026-02-02 00:00:00-05:00,CAT,50.41045459710031,0.002489632531196106,0.011383486929178899
2026-02-19 00:00:00-05:00,2026-02-02 00:00:00-05:00,JNJ,32.675889976390486,0.0016137715741941742,0.007837052681773038
2026-02-19 00:00:00-05:00,2026-02-02 00:00:00-05:00,CSCO,18.901567899167958,0.0009334960120571385,0.004860647965589049
2026-02-20 00:00:00-05:00,2026-02-02 00:00:00-05:00,__cash_interest__,-0.00027880516519630756,-1.3797177195185799e-08,
2026-02-20 00:00:00-05:00,2026-02-02 00:00:00-05:00,GS,23.302583047350225,0.001153170412691055,0.006098270994585597
2026-02-20 00:00:00-05:00,2026-02-02 00:00:00-05:00,INTC,-43.42987255249648,-0.0021492056890309932,-0.011429814740958388
2026-02-20 00:00:00-05:00,2026-02-02 00:00:00-05:00,CAT,-4.652401282758682,-0.00023023248093748501,-0.0010387618892722106
2026-02-20 00:00:00-05:00,2026-02-02 00:00:00-05:00,JNJ,-75.22270923868693,-0.0037225316386708344,-0.017901276108735376
2026-02-20 00:00:00-05:00,2026-02-02 00:00:00-05:00,CSCO,31.833373050646117,0.0015753319648542637,0.008146539308507617
2026-02-23 00:00:00-05:00,2026-02-02 00:00:00-05:00,__cash_interest__,-0.00027884505606272115,-1.3845860015615622e-08,
2026-02-23 00:00:00-05:00,2026-02-02 00:00:00-05:00,GS,-124.76735310697515,-0.006195237348047119,-0.03245362505373395
2026-02-23 00:00:00-05:00,2026-02-02 00:00:00-05:00,INTC,-40.87526971051648,-0.002029633483568177,-0.010881875665258667
2026-02-23 00:00:00-05:00,2026-02-02 00:00:00-05:00,CAT,-19.257225162252396,-0.0009562043080504296,-0.004304115452060775
2026-02-23 00:00:00-05:00,2026-02-02 00:00:00-05:00,JNJ,57.01266429282532,0.0028309247438770718,0.013815010208115153
2026-02-23 00:00:00-05:00,2026-02-02 00:00:00-05:00,CSCO,-72.62062427944129,-0.003605927292444422,-0.018434306880502183
2026-02-24 00:00:00-05:00,2026-02-02 00:00:00-05:00,__cash_interest__,-0.0002788849526366374,-1.3987097879414525e-08,
2026-02-24 00:00:00-05:00,2026-02-02 00:00:00-05:00,GS,41.519840470191895,0.0020823714836666228,0.011162105900875963
2026-02-24 00:00:00-05:00,2026-02-02 00:00:00-05:00,INTC,212.0404819262897,0.010634603792931983,0.05707077246874559
2026-02-24 00:00:00-05:00,2026-02-02 00:00:00-05:00,CAT,69.2552955277751,0.0034734057469098206,0.015545921793211237
2026-02-24 00:00:00-05:00,2026-02-02 00:00:00-05:00,JNJ,29.770065259490952,0.0014930773880926678,0.007115426602084973
2026-02-24 00:00:00-05:00,2026-02-02 00:00:00-05:00,CSCO,19.896145385423438,0.0009978642816615704,0.00514536762904938
2026-02-25 00:00:00-05:00,2026-02-02 00:00:00-05:00,__cash_interest__,-0.00027892485491887295,-1.3732556988032664e-08,
2026-02-25 00:00:00-05:00,2026-02-02 00:00:00-05:00,GS,79.66248009876774,0.003922094171501977,0.021179880220281833
2026-02-25 00:00:00-05:00,2026-02-02 00:00:00-05:00,INTC,64.71942067747656,0.0031863891546861567,0.016478797784729382
2026-02-25 00:00:00-05:00,2026-02-02 00:00:00-05:00,CAT,-9.540399156261174,-0.00046971100922519644,-0.0021087760988256488
2026-02-25 00:00:00-05:00,2026-02-02 00:00:00-05:00,JNJ,-18.99118062244751,-0.0009350097905173659,-0.004507065528890575
2026-02-25 00:00:00-05:00,2026-02-02 00:00:00-05:00,CSCO,48.74540300561029,0.002399926047730171,0.01254158003492245
2026-02-26 00:00:00-05:00,2026-02-02 00:00:00-05:00,__cash_interest__,-0.0002789647629102445,-1.3624116404538202e-08,
2026-02-26 00:00:00-05:00,2026-02-02 00:00:00-05:00,GS,31.765109513474822,0.00155134843949351,0.008270233740049537
2026-02-26 00:00:00-05:00,2026-02-02 00:00:00-05:00,INTC,-120.92295713540763,-0.005905650687946712,-0.030290144012141917
2026-02-26 00:00:00-05:00,2026-02-02 00:00:00-05:00,CAT,-80.5617671368555,-0.003934485781564323,-0.017844718693064476
2026-02-26 00:00:00-05:00,2026-02-02 00:00:00-05:00,JNJ,-29.085554096849126,-0.0014204839728573953,-0.006933955783152812
2026-02-26 00:00:00-05:00,2026-02-02 00:00:00-05:00,CSCO,-50.734940949814074,-0.002477799468530135,-0.012891779873712594
2026-02-27 00:00:00-05:00,2026-02-02 00:00:00-05:00,__cash_interest__,-0.0002790046766115689,-1.379417651798338e-08,
2026-02-27 00:00:00-05:00,2026-02-02 00:00:00-05:00,GS,-289.42837284210435,-0.014309530982718836,-0.07473629842378737
2026-02-27 00:00:00-05:00,2026-02-02 00:00:00-05:00,INTC,12.773663905434589,0.0006315384273585737,0.0032996376792744364
2026-02-27 00:00:00-05:00,2026-02-02 00:00:00-05:00,CAT,-59.47966057187387,-0.002940713923230861,-0.013414331892079967
2026-02-27 00:00:00-05:00,2026-02-02 00:00:00-05:00,JNJ,84.86126707122196,0.0041955974062394185,0.020372067464276666
2026-02-27 00:00:00-05:00,2026-02-02 00:00:00-05:00,CSCO,67.64658793308543,0.0033444922361906128,0.01741353124322842
2026-03-02 00:00:00-05:00,2026-03-02 00:00:00-05:00,__cash_interest__,-0.00027904459602366314,-1.3922547829406954e-08,
2026-03-02 00:00:00-05:00,2026-03-02 00:00:00-05:00,GS,39.0557717068996,0.0019486342231748424,0.007753802607471494
2026-03-02 00:00:00-05:00,2026-03-02 00:00:00-05:00,INTC,-3.7059852693395356,-0.00018490505783914864,-0.002411765158507717
2026-03-02 00:00:00-05:00,2026-03-02 00:00:00-05:00,CAT,46.56492669976119,0.0023232932240525367,0.012775520669972895
2026-03-02 00:00:00-05:00,2026-03-02 00:00:00-05:00,JNJ,3.000398260144303,0.00014970076066474363,0.000523288532685573
2026-03-02 00:00:00-05:00,2026-03-02 00:00:00-05:00,CSCO,-35.31541813966529,-0.0017620144061965678,-0.0005033796688100889
2026-03-02 00:00:00-05:00,2026-03-02 00:00:00-05:00,__costs__,-1.8344876423321423,-9.15292476786018e-05,
2026-03-02 00:00:00-05:00,2026-03-02 00:00:00-05:00,MRK,-67.26965929551619,-0.003356327491575264,-0.019463720794056227
2026-03-03 00:00:00-05:00,2026-03-02 00:00:00-05:00,__cash_interest__,-0.00026247469779178796,-1.3108572221059297e-08,
2026-03-03 00:00:00-05:00,2026-03-02 00:00:00-05:00,GS,4.144920063560268,0.00020700655895906098,0.0010212615194280517
2026-03-03 00:00:00-05:00,2026-03-02 00:00:00-05:00,INTC,-214.82836300678593,-0.010729007920757015,-0.05274728628305292
2026-03-03 00:00:00-05:00,2026-03-02 00:00:00-05:00,CAT,-162.57420076996294,-0.008119318433369882,-0.040062756676427114
2026-03-03 00:00:00-05:00,2026-03-02 00:00:00-05:00,JNJ,-28.7376216000978,-0.0014352209617750887,-0.007281952172203288
2026-03-03 00:00:00-05:00,2026-03-02 00:00:00-05:00,MRK,-50.61234930457226,-0.0025276936852128965,-0.01301372950598867
2026-03-04 00:00:00-05:00,2026-03-02 00:00:00-05:00,__cash_interest__,-0.0002625122521286998,-1.3413653308404455e-08,
2026-03-04 00:00:00-05:00,2026-03-02 00:00:00-05:00,GS,21.995651388493943,0.0011239172252925356,0.005413951174442877
2026-03-04 00:00:00-05:00,2026-03-02 00:00:00-05:00,INTC,221.98946778847144,0.011343050600060852,0.05754068317247585
2026-03-04 00:00:00-05:00,2026-03-02 00:00:00-05:00,CAT,52.806882092024274,0.002698286281635862,0.01355616624105882
2026-03-04 00:00:00-05:00,2026-03-02 00:00:00-05:00,JNJ,-23.02162674570586,-0.0011763417412265957,-0.005876342371654575
2026-03-04 00:00:00-05:00,2026-03-02 00:00:00-05:00,MRK,14.414760513440692,0.0007365545740553747,0.003755273727347852
2026-03-05 00:00:00-05:00,2026-03-02 00:00:00-05:00,__cash_interest__,-0.0002625498118388086,-1.322088892079998e-08,
2026-03-05 00:00:00-05:00,2026-03-02 00:00:00-05:00,GS,-149.73166408916333,-0.007539848095814757,-0.03665609952075666
2026-03-05 00:00:00-05:00,2026-03-02 00:00:00-05:00,INTC,33.11925596462059,0.0016677444983910982,0.008117571676635515
2026-03-05 00:00:00-05:00,2026-03-02 00:00:00-05:00,CAT,-139.6495144504351,-0.007032154033789127,-0.0353702370107446
2026-03-05 00:00:00-05:00,2026-03-02 00:00:00-05:00,JNJ,-90.02320315798048,-0.004533184620893883,-0.023114533632765055
2026-03-05 00:00:00-05:00,2026-03-02 00:00:00-05:00,MRK,-134.859718414453,-0.0067909603307675995,-0.03500165468569527
2026-03-06 00:00:00-05:00,2026-03-02 00:00:00-05:00,__cash_interest__,-0.00026258737692288293,-1.3551102278854843e-08,
2026-03-06 00:00:00-05:00,2026-03-02 00:00:00-05:00,GS,-66.12872746755136,-0.0034126436692593913,-0.01680511207896318
2026-03-06 00:00:00-05:00,2026-03-02 00:00:00-05:00,INTC,-226.46498754688992,-0.011686967762082326,-0.055059903198841575
2026-03-06 00:00:00-05:00,2026-03-02 00:00:00-05:00,CAT,-135.82014143148382,-0.007009143583497892,-0.03566170151234882
2026-03-06 00:00:00-05:00,2026-03-02 00:00:00-05:00,JNJ,12.225099528087593,0.0006308893291658395,0.0032132123593111572
2026-03-06 00:00:00-05:00,2026-03-02 00:00:00-05:00,MRK,-8.969239424929466,-0.00046286718819104293,-0.002412322546398893
2026-03-09 00:00:00-04:00,2026-03-02 00:00:00-05:00,__cash_interest__,-0.0002626249473816919,-1.385707572726613e-08,
2026-03-09 00:00:00-04:00,2026-03-02 00:00:00-05:00,GS,49.97350088753067,0.002636789052445473,0.012916695182278337
2026-03-09 00:00:00-04:00,2026-03-02 00:00:00-05:00,INTC,193.3457315822693,0.01020164485815314,0.049746746964495436
2026-03-09 00:00:00-04:00,2026-03-02 00:00:00-05:00,CAT,129.02356610521778,0.006807766527691906,0.035129948128719946
2026-03-09 00:00:00-04:00,2026-03-02 00:00:00-05:00,JNJ,34.770860382211225,0.0018346408070602338,0.009109807903278533
2026-03-09 00:00:00-04:00,2026-03-02 00:00:00-05:00,MRK,42.28362813882424,0.0022310425684414423,0.011399897002736914
2026-03-10 00:00:00-04:00,2026-03-02 00:00:00-05:00,__cash_interest__,-0.00026266252321600436,-1.3538045983180856e-08,
2026-03-10 00:00:00-04:00,2026-03-02 00:00:00-05:00,GS,8.38368192584273,0.00043210835725918854,0.0021393049671882824
2026-03-10 00:00:00-04:00,2026-03-02 00:00:00-05:00,INTC,107.413840043123,0.00553628088213396,0.026327268539612092
2026-03-10 00:00:00-04:00,2026-03-02 00:00:00-05:00,CAT,63.972141514815696,0.0032972263529118416,0.016826914301082185
2026-03-10 00:00:00-04:00,2026-03-02 00:00:00-05:00,JNJ,17.782716077549452,0.0009165495900065472,0.004616931693298465
2026-03-10 00:00:00-04:00,2026-03-02 00:00:00-05:00,MRK,-0.6407662337301006,-3.3026115147663945e-05,-0.00017080689401482996
2026-03-11 00:00:00-04:00,2026-03-02 00:00:00-05:00,__cash_interest__,-0.0002627001044265895,-1.3403944661842459e-08,
2026-03-11 00:00:00-04:00,2026-03-02 00:00:00-05:00,GS,-47.335824483446864,-0.0024152513120759495,-0.012053127665206054
2026-03-11 00:00:00-04:00,2026-03-02 00:00:00-05:00,INTC,107.41418150339297,0.005480674428779758,0.02565200500754461
2026-03-11 00:00:00-04:00,2026-03-02 00:00:00-05:00,CAT,-49.03071316834837,-0.0025017308899580788,-0.012683373181783586
2026-03-11 00:00:00-04:00,2026-03-02 00:00:00-05:00,JNJ,-11.43174604985322,-0.0005832905615889785,-0.0029543873127021447
2026-03-11 00:00:00-04:00,2026-03-02 00:00:00-05:00,MRK,-28.18900276769994,-0.0014383086523528995,-0.0075155311081317455
2026-03-12 00:00:00-04:00,2026-03-02 00:00:00-05:00,__cash_interest__,-0.0002627376910142165,-1.3425435686970725e-08,
2026-03-12 00:00:00-04:00,2026-03-02 00:00:00-05:00,GS,-170.6910132757682,-0.008722011722915292,-0.043993334059175604
2026-03-12 00:00:00-04:00,2026-03-02 00:00:00-05:00,INTC,-244.36706658056377,-0.01248672896426396,-0.05689869879705056
2026-03-12 00:00:00-04:00,2026-03-02 00:00:00-05:00,CAT,-37.21841263655569,-0.0019017956780178146,-0.009751422114860131
2026-03-12 00:00:00-04:00,2026-03-02 00:00:00-05:00,JNJ,-15.083462443679556,-0.0007707385042197884,-0.003909677012704615
2026-03-12 00:00:00-04:00,2026-03-02 00:00:00-05:00,MRK,-9.610005658659565,-0.0004910544521561531,-0.0025815461219054203
2026-03-13 00:00:00-04:00,2026-03-02 00:00:00-05:00,__cash_interest__,-0.00026277528297965477,-1.3762787955754484e-08,
2026-03-13 00:00:00-04:00,2026-03-02 00:00:00-05:00,GS,-25.010427451442933,-0.0013099147141766778,-0.006742740002364966
2026-03-13 00:00:00-04:00,2026-03-02 00:00:00-05:00,INTC,46.54615670014595,0.002437843002414455,0.011491722823506523
2026-03-13 00:00:00-04:00,2026-03-02 00:00:00-05:00,CAT,-36.139790481407516,-0.001892812244443537,-0.009562061065618743
2026-03-13 00:00:00-04:00,2026-03-02 00:00:00-05:00,JNJ,-8.25589554760911,-0.0004324004088900516,-0.002148351321223707
2026-03-13 00:00:00-04:00,2026-03-02 00:00:00-05:00,MRK,-9.610005658659565,-0.0005033215781713096,-0.002588227751219141
2026-03-16 00:00:00-04:00,2026-03-02 00:00:00-05:00,__cash_interest__,-0.0002628128803236736,-1.3788205601147551e-08,
2026-03-16 00:00:00-04:00,2026-03-02 00:00:00-05:00,GS,59.15786991447076,0.003103656382069601,0.016057061819452878
2026-03-16 00:00:00-04:00,2026-03-02 00:00:00-05:00,INTC,-0.8953088278456713,-4.697145048467607e-05,-0.00021853039393560092
2026-03-16 00:00:00-04:00,2026-03-02 00:00:00-05:00,CAT,31.23113438686986,0.0016385091231178957,0.008343079343825055
2026-03-16 00:00:00-04:00,2026-03-02 00:00:00-05:00,JNJ,26.514721175671454,0.0013910673882383806,0.006914522575214965
2026-03-16 00:00:00-04:00,2026-03-02 00:00:00-05:00,MRK,21.621148871966408,0.0011343311850337747,0.005838255852618657
2026-03-17 00:00:00-04:00,2026-03-02 00:00:00-05:00,__cash_interest__,-0.00026285048304704276,-1.3691319139818795e-08,
2026-03-17 00:00:00-04:00,2026-03-02 00:00:00-05:00,GS,57.79182206907169,0.0030102523322267315,0.015438384033167774
2026-03-17 00:00:00-04:00,2026-03-02 00:00:00-05:00,INTC,-152.1697205478476,-0.007926195087359809,-0.037150284322502336
2026-03-17 00:00:00-04:00,2026-03-02 00:00:00-05:00,CAT,11.974556499371653,0.0006237290214960218,0.0031724130685628626
2026-03-17 00:00:00-04:00,2026-03-02 00:00:00-05:00,JNJ,-80.65573556869286,-0.004201184655727541,-0.020889006544951516
2026-03-17 00:00:00-04:00,2026-03-02 00:00:00-05:00,MRK,14.19927063065762,0.0007396096195196883,0.0038119065344297542
2026-03-18 00:00:00-04:00,2026-03-02 00:00:00-05:00,__cash_interest__,-0.0002628880911505318,-1.3800282731654505e-08,
2026-03-18 00:00:00-04:00,2026-03-02 00:00:00-05:00,GS,-7.347379723953646,-0.0003856999268533843,-0.0019329221474320146
2026-03-18 00:00:00-04:00,2026-03-02 00:00:00-05:00,INTC,86.8261759861821,0.004557930988329137,0.022015373939453964
2026-03-18 00:00:00-04:00,2026-03-02 00:00:00-05:00,CAT,-45.20134014939709,-0.0023728396032750617,-0.0119372976603479
2026-03-18 00:00:00-04:00,2026-03-02 00:00:00-05:00,JNJ,-13.178049605905356,-0.0006917803298633531,-0.003485794183459623
2026-03-18 00:00:00-04:00,2026-03-02 00:00:00-05:00,MRK,-44.21063835643903,-0.002320832816715264,-0.011823625073430488
2026-03-19 00:00:00-04:00,2026-03-02 00:00:00-05:00,__cash_interest__,-0.0002629257046349105,-1.381902297666001e-08,
2026-03-19 00:00:00-04:00,2026-03-02 00:00:00-05:00,GS,18.93438754217796,0.000995166055968803,0.004990837256617198
2026-03-19 00:00:00-04:00,2026-03-02 00:00:00-05:00,INTC,102.9386617449745,0.00541031822588699,0.025538564447122214
2026-03-19 00:00:00-04:00,2026-03-02 00:00:00-05:00,CAT,-26.8079243541927,-0.0014089886080996127,-0.0071652837880055165
2026-03-19 00:00:00-04:00,2026-03-02 00:00:00-05:00,JNJ,5.080776022156987,0.00026703878453779827,0.001348643485331369
2026-03-19 00:00:00-04:00,2026-03-02 00:00:00-05:00,MRK,-9.68117435412417,-0.0005088295609075647,-0.002620097417612488
2026-03-20 00:00:00-04:00,2026-03-02 00:00:00-05:00,__cash_interest__,-0.00026296332350094875,-1.375559656163793e-08,
2026-03-20 00:00:00-04:00,2026-03-02 00:00:00-05:00,GS,18.98145281353709,0.0009929187218225943,0.004978396630339388
2026-03-20 00:00:00-04:00,2026-03-02 00:00:00-05:00,INTC,-206.77229085752472,-0.010816246825962798,-0.050021683803066486
2026-03-20 00:00:00-04:00,2026-03-02 00:00:00-05:00,CAT,-41.91094774780079,-0.00219235930341653,-0.011282899858103046
2026-03-20 00:00:00-04:00,2026-03-02 00:00:00-05:00,JNJ,-35.40607921444618,-0.0018520899987847885,-0.0093855479226167
2026-03-20 00:00:00-04:00,2026-03-02 00:00:00-05:00,MRK,-0.6454777501545866,-3.3764904559430645e-05,-0.00017514996753364986
2026-03-23 00:00:00-04:00,2026-03-02 00:00:00-05:00,__cash_interest__,-0.00026300094774941654,-1.3951512416008329e-08,
2026-03-23 00:00:00-04:00,2026-03-02 00:00:00-05:00,GS,83.55558260625679,0.0044324051229986,0.02180613969852141
2026-03-23 00:00:00-04:00,2026-03-02 00:00:00-05:00,INTC,12.531591907679687,0.0006647681751281085,0.0031912330307053427
2026-03-23 00:00:00-04:00,2026-03-02 00:00:00-05:00,CAT,112.30227901866833,0.005957342182537662,0.03057804926593466
2026-03-23 00:00:00-04:00,2026-03-02 00:00:00-05:00,JNJ,0.7938407960956965,4.211117799322689e-05,0.0002124274075954169
2026-03-23 00:00:00-04:00,2026-03-02 00:00:00-05:00,MRK,48.4056237960722,0.0025677917405794886,0.013137135491498864
2026-03-24 00:00:00-04:00,2026-03-02 00:00:00-05:00,__cash_interest__,-0.00026303857738108397,-1.3765412407030999e-08,
2026-03-24 00:00:00-04:00,2026-03-02 00:00:00-05:00,GS,20.959637930600927,0.0010968659536155167,0.005353263075980497
2026-03-24 00:00:00-04:00,2026-03-02 00:00:00-05:00,INTC,4.475861218688428,0.00023423208932057325,0.001136174816288138
2026-03-24 00:00:00-04:00,2026-03-02 00:00:00-05:00,CAT,80.53183355422438,0.004214415664065234,0.02127687810602108
2026-03-24 00:00:00-04:00,2026-03-02 00:00:00-05:00,JNJ,-2.3815223882870895,-0.00012463053198411464,-0.0006371468753271214
2026-03-24 00:00:00-04:00,2026-03-02 00:00:00-05:00,MRK,22.266874596669652,0.0011652766483553915,0.005964800007652427
2026-03-25 00:00:00-04:00,2026-03-02 00:00:00-05:00,__cash_interest__,-0.0002630762123967213,-1.3677301230187939e-08,
2026-03-25 00:00:00-04:00,2026-03-02 00:00:00-05:00,GS,28.825601871493216,0.0014986396388562096,0.0073230922079792204
2026-03-25 00:00:00-04:00,2026-03-02 00:00:00-05:00,INTC,279.2765987406057,0.014519557403986692,0.07081250192098487
2026-03-25 00:00:00-04:00,2026-03-02 00:00:00-05:00,CAT,12.999313638806235,0.0006758327817017759,0.003362925458757271
2026-03-25 00:00:00-04:00,2026-03-02 00:00:00-05:00,JNJ,73.98727795434448,0.0038465898477251475,0.01980700157751003
2026-03-25 00:00:00-04:00,2026-03-02 00:00:00-05:00,MRK,96.8112475921444,0.00503320533515697,0.025779806663335902
2026-03-26 00:00:00-04:00,2026-03-02 00:00:00-05:00,__cash_interest__,-0.0002631138527970988,-1.3338150798155864e-08,
2026-03-26 00:00:00-04:00,2026-03-02 00:00:00-05:00,GS,-90.43259836061519,-0.004584341041644495,-0.022807219272501844
2026-03-26 00:00:00-04:00,2026-03-02 00:00:00-05:00,INTC,-275.69638781003295,-0.013976002996515836,-0.06528193749750366
2026-03-26 00:00:00-04:00,2026-03-02 00:00:00-05:00,CAT,-85.49435466447562,-0.004334004396891906,-0.02204327951050189
2026-03-26 00:00:00-04:00,2026-03-02 00:00:00-05:00,JNJ,-10.954905522548346,-0.0005553420326826344,-0.0028757579806601985
2026-03-26 00:00:00-04:00,2026-03-02 00:00:00-05:00,MRK,-14.199022656108962,-0.000719797545284173,-0.0036860238925932043
2026-03-27 00:00:00-04:00,2026-03-02 00:00:00-05:00,__cash_interest__,-0.000263151498582987,-1.3670467577778442e-08,
2026-03-27 00:00:00-04:00,2026-03-02 00:00:00-05:00,GS,-93.0229207493438,-0.0048324513785473555,-0.024008059024394846
2026-03-27 00:00:00-04:00,2026-03-02 00:00:00-05:00,INTC,-86.8261759861821,-0.004510536440465193,-0.02199540679292944
2026-03-27 00:00:00-04:00,2026-03-02 00:00:00-05:00,CAT,-42.01900823944707,-0.0021828471161323007,-0.011078091076052399
2026-03-27 00:00:00-04:00,2026-03-02 00:00:00-05:00,JNJ,19.21104472908812,0.0009979953202562894,0.005057610795283107
2026-03-27 00:00:00-04:00,2026-03-02 00:00:00-05:00,MRK,22.58924150992396,0.0011734893980496867,0.005885794839780578
2026-03-30 00:00:00-04:00,2026-03-02 00:00:00-05:00,__cash_interest__,-0.00026318914975515635,-1.3801528035450784e-08,
2026-03-30 00:00:00-04:00,2026-03-02 00:00:00-05:00,GS,22.183912473930466,0.001163315015948674,0.005866228698089504
2026-03-30 00:00:00-04:00,2026-03-02 00:00:00-05:00,INTC,-173.65303489290412,-0.009106291926339468,-0.04498034763185843
2026-03-30 00:00:00-04:00,2026-03-02 00:00:00-05:00,CAT,-150.86896934915922,-0.007911505136473398,-0.04022138846260681
2026-03-30 00:00:00-04:00,2026-03-02 00:00:00-05:00,JNJ,32.3895816528548,0.00169849600431577,0.008484159105459632
2026-03-30 00:00:00-04:00,2026-03-02 00:00:00-05:00,MRK,-49.373716434029745,-0.002589136870621727,-0.01278941307816861
2026-03-31 00:00:00-04:00,2026-03-02 00:00:00-05:00,__cash_interest__,-0.0002632268063143775,-1.4038580682344054e-08,
2026-03-31 00:00:00-04:00,2026-03-02 00:00:00-05:00,GS,180.8178427058752,0.009643493036199846,0.04753591997485285
2026-03-31 00:00:00-04:00,2026-03-02 00:00:00-05:00,INTC,263.16479590235326,0.014035273503320244,0.07137660935729806
2026-03-31 00:00:00-04:00,2026-03-02 00:00:00-05:00,CAT,221.31416563574035,0.01180326887646965,0.061474538939810586
2026-03-31 00:00:00-04:00,2026-03-02 00:00:00-05:00,JNJ,30.960278365593485,0.0016511934018760886,0.00804154027924775
2026-03-31 00:00:00-04:00,2026-03-02 00:00:00-05:00,MRK,70.67225041819319,0.0037691377386302226,0.018543594116004813
2026-04-01 00:00:00-04:00,2026-04-01 00:00:00-04:00,__cash_interest__,-0.0002632644682614213,-1.3488863061429136e-08,
2026-04-01 00:00:00-04:00,2026-04-01 00:00:00-04:00,GS,65.75211643676506,0.0033689365696473552,0.016808768133580232
2026-04-01 00:00:00-04:00,2026-04-01 00:00:00-04:00,INTC,344.12841561229925,0.017632083449755455,0.08837520092424067
2026-04-01 00:00:00-04:00,2026-04-01 00:00:00-04:00,CAT,118.60145260477377,0.006076774293307872,0.03085568017710294
2026-04-01 00:00:00-04:00,2026-04-01 00:00:00-04:00,JNJ,-5.411229962646992,-0.0002772548093636672,-0.0013091397378593994
2026-04-01 00:00:00-04:00,2026-04-01 00:00:00-04:00,MRK,17.73110570705423,0.0009084874171955524,0.004572290710938676
2026-04-01 00:00:00-04:00,2026-04-01 00:00:00-04:00,__costs__,-2.8355717832741085,-0.00014528599221166454,
2026-04-01 00:00:00-04:00,2026-04-01 00:00:00-04:00,DOW,-85.56956992687753,-0.004384322041601454,-0.02304930992054044
2026-04-02 00:00:00-04:00,2026-04-01 00:00:00-04:00,__cash_interest__,-0.000405707746243168,-2.031629954298512e-08,
2026-04-02 00:00:00-04:00,2026-04-01 00:00:00-04:00,INTC,206.50035229932706,0.010340751567830665,0.048927802384856944
2026-04-02 00:00:00-04:00,2026-04-01 00:00:00-04:00,CAT,-71.74660797978352,-0.0035927970131404774,-0.017937435280711456
2026-04-02 00:00:00-04:00,2026-04-01 00:00:00-04:00,JNJ,-17.388393332375927,-0.0008707445464944546,-0.0044240441335712255
2026-04-02 00:00:00-04:00,2026-04-01 00:00:00-04:00,MRK,0.9815978752479919,4.915468498928561e-05,0.00024832035602462277
2026-04-02 00:00:00-04:00,2026-04-01 00:00:00-04:00,DOW,67.50487642571373,0.0033803872437155615,0.017449033157320493
2026-04-06 00:00:00-04:00,2026-04-01 00:00:00-04:00,__cash_interest__,-0.0004057657940684188,-2.0131844681626197e-08,
2026-04-06 00:00:00-04:00,2026-04-01 00:00:00-04:00,INTC,35.14876077821459,0.0017438862592230636,0.00793961299526047
2026-04-06 00:00:00-04:00,2026-04-01 00:00:00-04:00,CAT,22.01685089258819,0.001092353838168456,0.0056049922759129345
2026-04-06 00:00:00-04:00,2026-04-01 00:00:00-04:00,JNJ,-33.327877429792174,-0.0016535441424412375,-0.008517129511906751
2026-04-06 00:00:00-04:00,2026-04-01 00:00:00-04:00,MRK,-0.654566163161529,-3.2475936915456035e-05,-0.00016554818860470277
2026-04-06 00:00:00-04:00,2026-04-01 00:00:00-04:00,DOW,-79.86465588840527,-0.00396244057877829,-0.02028981945947672
2026-04-07 00:00:00-04:00,2026-04-01 00:00:00-04:00,__cash_interest__,-0.0004058238501990324,-2.0191508486136165e-08,
2026-04-07 00:00:00-04:00,2026-04-01 00:00:00-04:00,INTC,187.16831598700463,0.009312440948785888,0.04194566993537707
2026-04-07 00:00:00-04:00,2026-04-01 00:00:00-04:00,CAT,17.52604009132632,0.0008719970180629412,0.004436864822787934
2026-04-07 00:00:00-04:00,2026-04-01 00:00:00-04:00,JNJ,-41.216822527642215,-0.0020507168847525765,-0.010623677748186844
2026-04-07 00:00:00-04:00,2026-04-01 00:00:00-04:00,MRK,-51.35830685874986,-0.002555300010739747,-0.012991326038638729
2026-04-07 00:00:00-04:00,2026-04-01 00:00:00-04:00,DOW,80.81540815476615,0.004020919418036237,0.020956565425861662
2026-04-08 00:00:00-04:00,2026-04-01 00:00:00-04:00,__cash_interest__,-0.0004058819146361971,-2.000238811517033e-08,
2026-04-08 00:00:00-04:00,2026-04-01 00:00:00-04:00,INTC,530.7494051726262,0.026156020288990445,0.11415613178881467
2026-04-08 00:00:00-04:00,2026-04-01 00:00:00-04:00,CAT,258.1769948145954,0.012723297753531657,0.06507097199218426
2026-04-08 00:00:00-04:00,2026-04-01 00:00:00-04:00,JNJ,46.53014861709872,0.002293066180418481,0.012121972862090713
2026-04-08 00:00:00-04:00,2026-04-01 00:00:00-04:00,MRK,127.57806218191135,0.0062872126663520616,0.03269624028539986
2026-04-08 00:00:00-04:00,2026-04-01 00:00:00-04:00,DOW,-202.51426289861848,-0.009980166002189624,-0.05143684073242871
2026-04-09 00:00:00-04:00,2026-04-01 00:00:00-04:00,__cash_interest__,-0.00040593998738110143,-1.9282551350521263e-08,
2026-04-09 00:00:00-04:00,2026-04-01 00:00:00-04:00,INTC,243.40660139744568,0.011562054580486033,0.04698898086367986
2026-04-09 00:00:00-04:00,2026-04-01 00:00:00-04:00,CAT,84.83585852948657,0.0040297872821398704,0.020075698445520374
2026-04-09 00:00:00-04:00,2026-04-01 00:00:00-04:00,JNJ,0.16085264528628085,7.640659922689572e-06,4.1403229871672664e-05
2026-04-09 00:00:00-04:00,2026-04-01 00:00:00-04:00,MRK,-16.356110255220575,-0.0007769314324656281,-0.004059095307330729
2026-04-09 00:00:00-04:00,2026-04-01 00:00:00-04:00,DOW,-117.89547929988612,-0.005600152003404741,-0.03156818185162602
2026-04-10 00:00:00-04:00,2026-04-01 00:00:00-04:00,__cash_interest__,-0.0004059980684349339,-1.9109079073168616e-08,
2026-04-10 00:00:00-04:00,2026-04-01 00:00:00-04:00,INTC,57.99577373034511,0.0027296825090693004,0.010693451626030193
2026-04-10 00:00:00-04:00,2026-04-01 00:00:00-04:00,CAT,19.661389758035117,0.0009254010813967526,0.004561135933557781
2026-04-10 00:00:00-04:00,2026-04-01 00:00:00-04:00,JNJ,-45.8859967795237,-0.002159712592208066,-0.011810497821746035
2026-04-10 00:00:00-04:00,2026-04-01 00:00:00-04:00,MRK,-41.2175587196322,-0.0019399835861599658,-0.01027064964496005
2026-04-10 00:00:00-04:00,2026-04-01 00:00:00-04:00,DOW,92.2244353510968,0.004340720226566471,0.025499365400408536
2026-04-13 00:00:00-04:00,2026-04-01 00:00:00-04:00,__cash_interest__,-0.00040605615779888346,-1.9037640826626166e-08,
2026-04-13 00:00:00-04:00,2026-04-01 00:00:00-04:00,INTC,246.0426662739907,0.01153552733676229,0.044886168469332244
2026-04-13 00:00:00-04:00,2026-04-01 00:00:00-04:00,CAT,5.860467831353846,0.00027476367370980943,0.0013533643027965336
2026-04-13 00:00:00-04:00,2026-04-01 00:00:00-04:00,JNJ,-8.05029191408958,-0.0003774319464595784,-0.0020968116762439815
2026-04-13 00:00:00-04:00,2026-04-01 00:00:00-04:00,MRK,-41.54459043171866,-0.001947787210556433,-0.01045956641210477
2026-04-13 00:00:00-04:00,2026-04-01 00:00:00-04:00,DOW,104.58494757083369,0.004903387448962695,0.028197925221602693
2026-04-14 00:00:00-04:00,2026-04-01 00:00:00-04:00,__cash_interest__,-0.0004061142554741391,-1.8770289503626615e-08,
2026-04-14 00:00:00-04:00,2026-04-01 00:00:00-04:00,INTC,-120.38510065713928,-0.005564107048198971,-0.0210187009124021
2026-04-14 00:00:00-04:00,2026-04-01 00:00:00-04:00,CAT,13.801592998229575,0.0006378990461330698,0.003182909463856909
2026-04-14 00:00:00-04:00,2026-04-01 00:00:00-04:00,JNJ,34.45483428870266,0.001592476022895022,0.008993102697498756
2026-04-14 00:00:00-04:00,2026-04-01 00:00:00-04:00,MRK,-6.215362116102906,-0.0002872692714342649,-0.0015813648881481956
2026-04-14 00:00:00-04:00,2026-04-01 00:00:00-04:00,DOW,-90.3232971968977,-0.004174673541879243,-0.02368487140727893
2026-04-15 00:00:00-04:00,2026-04-01 00:00:00-04:00,__cash_interest__,-0.00040617236146189,-1.892047332997132e-08,
2026-04-15 00:00:00-04:00,2026-04-01 00:00:00-04:00,INTC,99.29591123153494,0.004625439390975726,0.017708839426357148
2026-04-15 00:00:00-04:00,2026-04-01 00:00:00-04:00,CAT,-131.88166495923318,-0.006143361196691145,-0.030317917436574415
2026-04-15 00:00:00-04:00,2026-04-01 00:00:00-04:00,JNJ,-23.023671797881622,-0.0010724973177445138,-0.005955877761235295
2026-04-15 00:00:00-04:00,2026-04-01 00:00:00-04:00,MRK,-67.38713403238967,-0.003139052759902426,-0.017172359163658446
2026-04-15 00:00:00-04:00,2026-04-01 00:00:00-04:00,DOW,-30.424438902071074,-0.0014172426276227287,-0.008171538041279125
2026-04-16 00:00:00-04:00,2026-04-01 00:00:00-04:00,__cash_interest__,-0.0004062304757633254,-1.9059392832100664e-08,
2026-04-16 00:00:00-04:00,2026-04-01 00:00:00-04:00,INTC,312.8255463972339,0.014677049932056548,0.05481979403690107
2026-04-16 00:00:00-04:00,2026-04-01 00:00:00-04:00,CAT,13.636844933120521,0.0006398091725698398,0.0032329536311148654
2026-04-16 00:00:00-04:00,2026-04-01 00:00:00-04:00,JNJ,-66.49465512882144,-0.003119775174311729,-0.017304229491238332
2026-04-16 00:00:00-04:00,2026-04-01 00:00:00-04:00,MRK,-79.8181096340898,-0.0037448807940202752,-0.020695553831720837
2026-04-16 00:00:00-04:00,2026-04-01 00:00:00-04:00,DOW,102.68307665958923,0.0048176520769062986,0.027806321206788276
2026-04-17 00:00:00-04:00,2026-04-01 00:00:00-04:00,__cash_interest__,-0.00040628859837963483,-1.881248126655483e-08,
2026-04-17 00:00:00-04:00,2026-04-01 00:00:00-04:00,INTC,0.0,0.0,0.0
2026-04-17 00:00:00-04:00,2026-04-01 00:00:00-04:00,CAT,120.43553309555668,0.0055765562194552394,0.02846023120077379
2026-04-17 00:00:00-04:00,2026-04-01 00:00:00-04:00,JNJ,-5.7961311107919755,-0.00026837968964707053,-0.0015349161024201807
2026-04-17 00:00:00-04:00,2026-04-01 00:00:00-04:00,MRK,118.09137746696662,0.005468014202709957,0.03126627023448969
2026-04-17 00:00:00-04:00,2026-04-01 00:00:00-04:00,DOW,-410.73340577392497,-0.019018290280571008,-0.10821648026033814
2026-04-20 00:00:00-04:00,2026-04-01 00:00:00-04:00,__cash_interest__,-0.00040634672931200806,-1.897153858395704e-08,
2026-04-20 00:00:00-04:00,2026-04-01 00:00:00-04:00,INTC,-246.04300148061284,-0.011487269268304913,-0.04087595695996804
2026-04-20 00:00:00-04:00,2026-04-01 00:00:00-04:00,CAT,28.862787292628987,0.0013475474102861798,0.006631847795315338
2026-04-20 00:00:00-04:00,2026-04-01 00:00:00-04:00,JNJ,-56.19020241143426,-0.0026234112795586336,-0.014903015584690982
2026-04-20 00:00:00-04:00,2026-04-01 00:00:00-04:00,MRK,-64.4430945151286,-0.003008722762782734,-0.016544873924134396
2026-04-20 00:00:00-04:00,2026-04-01 00:00:00-04:00,DOW,111.24057981388259,0.005193606346023716,0.032865268117749924
2026-04-21 00:00:00-04:00,2026-04-01 00:00:00-04:00,__cash_interest__,-0.0004064048685616348,-1.9177113650203917e-08,
2026-04-21 00:00:00-04:00,2026-04-01 00:00:00-04:00,INTC,49.20900254406914,0.0023220357515418627,0.008523671445973546
2026-04-21 00:00:00-04:00,2026-04-01 00:00:00-04:00,CAT,11.24883682847462,0.0005308012747380297,0.0025676346757894652
2026-04-21 00:00:00-04:00,2026-04-01 00:00:00-04:00,JNJ,-72.93493807718843,-0.003441596557460299,-0.0196367760884244
2026-04-21 00:00:00-04:00,2026-04-01 00:00:00-04:00,MRK,-148.51387325381393,-0.0070079559728218055,-0.03877033482304715
2026-04-21 00:00:00-04:00,2026-04-01 00:00:00-04:00,DOW,146.4187800477581,0.00690909436060121,0.04188196466424721
2026-04-22 00:00:00-04:00,2026-04-01 00:00:00-04:00,__cash_interest__,-0.0004064630161297052,-1.9193055390723563e-08,
2026-04-22 00:00:00-04:00,2026-04-01 00:00:00-04:00,INTC,-86.99416340545088,-0.0041078369510933995,-0.014941223381318536
2026-04-22 00:00:00-04:00,2026-04-01 00:00:00-04:00,CAT,46.202605029300464,0.0021816724334892813,0.010519095491321906
2026-04-22 00:00:00-04:00,2026-04-01 00:00:00-04:00,JNJ,-0.9658571281475758,-4.5607468882595916e-05,-0.00026525308734171027
2026-04-22 00:00:00-04:00,2026-04-01 00:00:00-04:00,MRK,10.795062932784894,0.0005097394660604777,0.0029317743443768585
2026-04-22 00:00:00-04:00,2026-04-01 00:00:00-04:00,DOW,47.53871245361241,0.002244763004550224,0.013051461805365205
2026-04-23 00:00:00-04:00,2026-04-01 00:00:00-04:00,__cash_interest__,-0.00040652117201740934,-1.918078847368399e-08,
2026-04-23 00:00:00-04:00,2026-04-01 00:00:00-04:00,INTC,132.68751889646762,0.006260562569031706,0.023134705284083568
2026-04-23 00:00:00-04:00,2026-04-01 00:00:00-04:00,CAT,144.6984604603241,0.00682727187069692,0.03260102992239111
2026-04-23 00:00:00-04:00,2026-04-01 00:00:00-04:00,JNJ,73.25664336776099,0.0034564501862376653,0.020123790467088787
2026-04-23 00:00:00-04:00,2026-04-01 00:00:00-04:00,MRK,56.59232246909908,0.002670181631936791,0.015324682591214778
2026-04-23 00:00:00-04:00,2026-04-01 00:00:00-04:00,DOW,-26.62179621515021,-0.0012560896630752836,-0.007214688566572369
2026-04-24 00:00:00-04:00,2026-04-01 00:00:00-04:00,__cash_interest__,-0.0004065793362259376,-1.8845105677959114e-08,
2026-04-24 00:00:00-04:00,2026-04-01 00:00:00-04:00,INTC,1384.8692866619108,0.06418921408932796,0.2359988383395475
2026-04-24 00:00:00-04:00,2026-04-01 00:00:00-04:00,CAT,-24.418280428200205,-0.0011317965133568867,-0.005327824776105605
2026-04-24 00:00:00-04:00,2026-04-01 00:00:00-04:00,JNJ,-50.7162707621681,-0.002350718290252533,-0.013657059679457184
2026-04-24 00:00:00-04:00,2026-04-01 00:00:00-04:00,MRK,-88.97725989795946,-0.004124129576473319,-0.023730563674800198
2026-04-24 00:00:00-04:00,2026-04-01 00:00:00-04:00,DOW,12.360145841214218,0.0005728974244850203,0.0033740264769466233
2026-04-27 00:00:00-04:00,2026-04-01 00:00:00-04:00,__cash_interest__,-0.0004066375087564806,-1.7828789538204592e-08,
2026-04-27 00:00:00-04:00,2026-04-01 00:00:00-04:00,INTC,215.28712348560302,0.009439141083290704,0.029682540841616367
2026-04-27 00:00:00-04:00,2026-04-01 00:00:00-04:00,CAT,-10.974704100991733,-0.0004811796389836458,-0.0024073969530986616
2026-04-27 00:00:00-04:00,2026-04-01 00:00:00-04:00,JNJ,-34.77678666475185,-0.0015247683671803416,-0.009494484857008989
2026-04-27 00:00:00-04:00,2026-04-01 00:00:00-04:00,MRK,-54.6293780880974,-0.0023951939099621285,-0.014924012018208477
2026-04-27 00:00:00-04:00,2026-04-01 00:00:00-04:00,DOW,-53.24359243030042,-0.0023344349285452895,-0.014485363128847961
2026-04-28 00:00:00-04:00,2026-04-01 00:00:00-04:00,__cash_interest__,-0.0004066956896102289,-1.7783262568865235e-08,
2026-04-28 00:00:00-04:00,2026-04-01 00:00:00-04:00,INTC,-41.30013750118984,-0.0018058986315241839,-0.005530076862179545
2026-04-28 00:00:00-04:00,2026-04-01 00:00:00-04:00,CAT,-59.920314083991826,-0.0026200884488983274,-0.013175762193063711
2026-04-28 00:00:00-04:00,2026-04-01 00:00:00-04:00,JNJ,39.44596091663335,0.0017248225102507793,0.010872454453272784
2026-04-28 00:00:00-04:00,2026-04-01 00:00:00-04:00,MRK,-6.542645197683671,-0.0002860851010170322,-0.001814441498761532
2026-04-28 00:00:00-04:00,2026-04-01 00:00:00-04:00,DOW,-8.556770397247986,-0.00037415516958537004,-0.0023621574189037764
2026-04-29 00:00:00-04:00,2026-04-01 00:00:00-04:00,__cash_interest__,-0.00040675387878837344,-1.7845794217721736e-08,
2026-04-29 00:00:00-04:00,2026-04-01 00:00:00-04:00,INTC,898.9349956302824,0.03943959672840163,0.12103648560394031
2026-04-29 00:00:00-04:00,2026-04-01 00:00:00-04:00,CAT,-42.91032801331261,-0.0018826344958813106,-0.009561448564765929
2026-04-29 00:00:00-04:00,2026-04-01 00:00:00-04:00,JNJ,-7.084187700465374,-0.0003108094661046759,-0.001931606926378282
2026-04-29 00:00:00-04:00,2026-04-01 00:00:00-04:00,MRK,30.09521270526654,0.0013203880795840685,0.008361337149087378
2026-04-29 00:00:00-04:00,2026-04-01 00:00:00-04:00,DOW,146.4187800477581,0.0064239323940205794,0.04051565153486081
2026-04-30 00:00:00-04:00,2026-04-01 00:00:00-04:00,__cash_interest__,-0.00040681207629210517,-1.7079914428803584e-08,
2026-04-30 00:00:00-04:00,2026-04-01 00:00:00-04:00,INTC,-23.725254302149327,-0.000996099518420758,-0.0028495687922576174
2026-04-30 00:00:00-04:00,2026-04-01 00:00:00-04:00,CAT,439.30826516821116,0.01844425968208362,0.0988333910558572
2026-04-30 00:00:00-04:00,2026-04-01 00:00:00-04:00,JNJ,40.25121248497127,0.0016899381925065077,0.010996319732185178
2026-04-30 00:00:00-04:00,2026-04-01 00:00:00-04:00,MRK,-57.90070068693923,-0.002430948024243505,-0.015953131766797135
2026-04-30 00:00:00-04:00,2026-04-01 00:00:00-04:00,DOW,89.3729113090595,0.003752301778563038,0.02376749061790351
2026-05-01 00:00:00-04:00,2026-05-01 00:00:00-04:00,__cash_interest__,-0.0004068702821226154,-1.673986990685592e-08,
2026-05-01 00:00:00-04:00,2026-05-01 00:00:00-04:00,INTC,223.16815258999603,0.00918181053238996,0.05440303987109485
2026-05-01 00:00:00-04:00,2026-05-01 00:00:00-04:00,CAT,-2.026203884951279,-8.336413576804006e-05,-0.0004943476335546038
2026-05-01 00:00:00-04:00,2026-05-01 00:00:00-04:00,JNJ,-52.49852339647249,-0.002159947508022074,-0.01157283531794584
2026-05-01 00:00:00-04:00,2026-05-01 00:00:00-04:00,MRK,103.04387421431964,0.00423953560836941,0.027294463659393697
2026-05-01 00:00:00-04:00,2026-05-01 00:00:00-04:00,DOW,-34.57703809166541,-0.0014226035787112303,-0.004939486742968069
2026-05-01 00:00:00-04:00,2026-05-01 00:00:00-04:00,__costs__,-3.1095720745873394,-0.00012793716887609175,
2026-05-01 00:00:00-04:00,2026-05-01 00:00:00-04:00,UNH,-41.657294450929804,-0.0017139066685878143,-0.004588621306068297
2026-05-04 00:00:00-04:00,2026-05-01 00:00:00-04:00,__cash_interest__,-0.0004449111412385004,-1.8161265075451e-08,
2026-05-04 00:00:00-04:00,2026-05-01 00:00:00-04:00,INTC,-200.7598878211156,-0.008195015141872054,-0.0385465153725556
2026-05-04 00:00:00-04:00,2026-05-01 00:00:00-04:00,CAT,-80.89823712770016,-0.0033022646376600013,-0.016736472705813465
2026-05-04 00:00:00-04:00,2026-05-01 00:00:00-04:00,JNJ,-63.60375941793971,-0.0025963043572451165,-0.013160780695197993
2026-05-04 00:00:00-04:00,2026-05-01 00:00:00-04:00,DOW,34.515038315942824,0.001408903265942629,0.007197766221036961
2026-05-04 00:00:00-04:00,2026-05-01 00:00:00-04:00,UNH,25.806475946560447,0.0010534199009358891,0.005341907994777184
2026-05-05 00:00:00-04:00,2026-05-01 00:00:00-04:00,__cash_interest__,-0.000444974798204427,-1.8377618765322585e-08,
2026-05-05 00:00:00-04:00,2026-05-01 00:00:00-04:00,INTC,646.7181765716871,0.02670969265135519,0.1291501660496559
2026-05-05 00:00:00-04:00,2026-05-01 00:00:00-04:00,CAT,161.96026075220306,0.006689016859486974,0.034077161542996004
2026-05-05 00:00:00-04:00,2026-05-01 00:00:00-04:00,JNJ,28.71753874351914,0.001186044650250768,0.006021430537417105
2026-05-05 00:00:00-04:00,2026-05-01 00:00:00-04:00,DOW,26.183932875724086,0.0010814058191803155,0.005421375666359918
2026-05-05 00:00:00-04:00,2026-05-01 00:00:00-04:00,UNH,-90.12686370991767,-0.003722271797096521,-0.018557017314027258
2026-05-06 00:00:00-04:00,2026-05-01 00:00:00-04:00,__cash_interest__,-0.0004450384642782606,-1.781128677131474e-08,
2026-05-06 00:00:00-04:00,2026-05-01 00:00:00-04:00,INTC,254.08650242477177,0.010169025652080105,0.044937591694703904
2026-05-06 00:00:00-04:00,2026-05-01 00:00:00-04:00,CAT,121.3747641823945,0.004857649181311296,0.02469621505864783
2026-05-06 00:00:00-04:00,2026-05-01 00:00:00-04:00,JNJ,-19.78313532031261,-0.0007917587460608756,-0.0041232565207839356
2026-05-06 00:00:00-04:00,2026-05-01 00:00:00-04:00,DOW,-273.7418252276266,-0.010955669097814983,-0.05637254832513572
2026-05-06 00:00:00-04:00,2026-05-01 00:00:00-04:00,UNH,44.670621475751695,0.0017878033321182527,0.009371537231543048
2026-05-07 00:00:00-04:00,2026-05-01 00:00:00-04:00,__cash_interest__,-0.00044510213946130444,-1.7724026952605693e-08,
2026-05-07 00:00:00-04:00,2026-05-01 00:00:00-04:00,INTC,-177.23312344925282,-0.0070574467710060075,-0.0299973393997629
2026-05-07 00:00:00-04:00,2026-05-01 00:00:00-04:00,CAT,-169.7293220660622,-0.006758644392469626,-0.033702626214649034
2026-05-07 00:00:00-04:00,2026-05-01 00:00:00-04:00,JNJ,-44.8845389162558,-0.0017873083658276996,-0.009393694034258604
2026-05-07 00:00:00-04:00,2026-05-01 00:00:00-04:00,DOW,-140.44138637390705,-0.005592394861020072,-0.030649334582864007
2026-05-07 00:00:00-04:00,2026-05-01 00:00:00-04:00,UNH,32.22532723012443,0.001283216856864644,0.006697845451588691
2026-05-08 00:00:00-04:00,2026-05-01 00:00:00-04:00,__cash_interest__,-0.00044516582375486177,-1.8086716331572947e-08,
2026-05-08 00:00:00-04:00,2026-05-01 00:00:00-04:00,INTC,799.9016122967296,0.03249933571438229,0.13957302535134564
2026-05-08 00:00:00-04:00,2026-05-01 00:00:00-04:00,CAT,9.562074951271907,0.0003884991343812821,0.0019649351043009577
2026-05-08 00:00:00-04:00,2026-05-01 00:00:00-04:00,JNJ,-25.313598941788122,-0.001028470423739097,-0.005348012936037816
2026-05-08 00:00:00-04:00,2026-05-01 00:00:00-04:00,DOW,-53.55848230651604,-0.0021760364900809503,-0.012057944796631026
2026-05-08 00:00:00-04:00,2026-05-01 00:00:00-04:00,UNH,134.14253318185317,0.005450099302759633,0.02769524111519739
2026-05-11 00:00:00-04:00,2026-05-01 00:00:00-04:00,__cash_interest__,-0.000445229517160236,-1.747533601139939e-08,
2026-05-11 00:00:00-04:00,2026-05-01 00:00:00-04:00,INTC,236.31109718143566,0.00927525167874666,0.036183191952564364
2026-05-11 00:00:00-04:00,2026-05-01 00:00:00-04:00,CAT,159.4064538537795,0.006256731047950432,0.032692598841393306
2026-05-11 00:00:00-04:00,2026-05-01 00:00:00-04:00,JNJ,2.3396985287241003,9.183357432278102e-05,0.0004969667140473089
2026-05-11 00:00:00-04:00,2026-05-01 00:00:00-04:00,DOW,224.94443323627215,0.008829108141280111,0.051261204455663734
2026-05-11 00:00:00-04:00,2026-05-01 00:00:00-04:00,UNH,58.42501561359847,0.0022931920278579307,0.011737433337573933
2026-05-12 00:00:00-04:00,2026-05-01 00:00:00-04:00,__cash_interest__,-0.0004452932196787311,-1.7022549550900887e-08,
2026-05-12 00:00:00-04:00,2026-05-01 00:00:00-04:00,INTC,-461.6427983318133,-0.017647556850493816,-0.06821694734633343
2026-05-12 00:00:00-04:00,2026-05-01 00:00:00-04:00,CAT,-79.59425741177554,-0.003042707885237141,-0.01580717333458248
2026-05-12 00:00:00-04:00,2026-05-01 00:00:00-04:00,JNJ,60.200146070586925,0.0023013150081139305,0.012780538949712206
2026-05-12 00:00:00-04:00,2026-05-01 00:00:00-04:00,DOW,79.74241518224012,0.0030483716206762385,0.017285912243491186
2026-05-12 00:00:00-04:00,2026-05-01 00:00:00-04:00,UNH,156.5427762393216,0.005984275186790411,0.031084187105164585
2026-05-13 00:00:00-04:00,2026-05-01 00:00:00-04:00,__cash_interest__,-0.0004453569313116507,-1.7185780765390825e-08,
2026-05-13 00:00:00-04:00,2026-05-01 00:00:00-04:00,INTC,-16.72995741228898,-0.000645588650557513,-0.002653177126314965
2026-05-13 00:00:00-04:00,2026-05-01 00:00:00-04:00,CAT,-53.46183945638339,-0.002063027175766536,-0.010787881875706784
2026-05-13 00:00:00-04:00,2026-05-01 00:00:00-04:00,JNJ,131.036828692435,0.005056551390067811,0.02746816512514627
2026-05-13 00:00:00-04:00,2026-05-01 00:00:00-04:00,DOW,-70.22069318695353,-0.002709730900000896,-0.01496321791473676
2026-05-13 00:00:00-04:00,2026-05-01 00:00:00-04:00,UNH,62.48579844880023,0.0024112507465164183,0.012033547593429894
2026-05-14 00:00:00-04:00,2026-05-01 00:00:00-04:00,__cash_interest__,-0.00044542065206029896,-1.7153085482304056e-08,
2026-05-14 00:00:00-04:00,2026-05-01 00:00:00-04:00,INTC,-227.94591903846725,-0.008778164677644704,-0.036245744261098944
2026-05-14 00:00:00-04:00,2026-05-01 00:00:00-04:00,CAT,97.36060728910053,0.0037493430349809986,0.019860314942305557
2026-05-14 00:00:00-04:00,2026-05-01 00:00:00-04:00,JNJ,8.083663313557441,0.0003113007158205249,0.00164921060077039
2026-05-14 00:00:00-04:00,2026-05-01 00:00:00-04:00,DOW,-7.141406155224112,-0.0002750145276780486,-0.0015448672774370786
2026-05-14 00:00:00-04:00,2026-05-01 00:00:00-04:00,UNH,-27.116782011899314,-0.0010442633894580755,-0.005160070047501408
2026-05-15 00:00:00-04:00,2026-05-01 00:00:00-04:00,__cash_interest__,-0.0004454843819259802,-1.725973354587379e-08,
2026-05-15 00:00:00-04:00,2026-05-01 00:00:00-04:00,INTC,-374.33334555123173,-0.014503075895987918,-0.0617614391724427
2026-05-15 00:00:00-04:00,2026-05-01 00:00:00-04:00,CAT,-173.36916965018196,-0.006716970997489915,-0.03467640235216163
2026-05-15 00:00:00-04:00,2026-05-01 00:00:00-04:00,JNJ,-87.00335634020651,-0.0033708359012194996,-0.017721001185035057
2026-05-15 00:00:00-04:00,2026-05-01 00:00:00-04:00,DOW,-3.570473760093745,-0.00013833352690238994,-0.0007735791085745625
2026-05-15 00:00:00-04:00,2026-05-01 00:00:00-04:00,UNH,-68.64250810775515,-0.0026594678689705184,-0.013129777990102953
2026-05-18 00:00:00-04:00,2026-05-01 00:00:00-04:00,__cash_interest__,-0.0004455481209099988,-1.7748306089589457e-08,
2026-05-18 00:00:00-04:00,2026-05-01 00:00:00-04:00,INTC,-31.368620288835853,-0.0012495617159315252,-0.005516213042554563
2026-05-18 00:00:00-04:00,2026-05-01 00:00:00-04:00,CAT,-132.34978836470523,-0.00527212313227031,-0.02742284397418837
2026-05-18 00:00:00-04:00,2026-05-01 00:00:00-04:00,JNJ,47.011389190378516,0.0018726877881192975,0.00974811117907426
2026-05-18 00:00:00-04:00,2026-05-01 00:00:00-04:00,DOW,-22.61300048059372,-0.0009007836309889464,-0.004903127311159938
2026-05-18 00:00:00-04:00,2026-05-01 00:00:00-04:00,UNH,-35.63156011921644,-0.0014193749356496723,-0.0069061981146764095
2026-05-19 00:00:00-04:00,2026-05-01 00:00:00-04:00,__cash_interest__,-0.0004456118690136594,-1.787542239836389e-08,
2026-05-19 00:00:00-04:00,2026-05-01 00:00:00-04:00,INTC,137.4997238910964,0.005515709556058557,0.02431362602692122
2026-05-19 00:00:00-04:00,2026-05-01 00:00:00-04:00,CAT,-20.645736424565403,-0.0008281899226142044,-0.0043984084363603015
2026-05-19 00:00:00-04:00,2026-05-01 00:00:00-04:00,JNJ,22.973900413064023,0.0009215826654942124,0.0047177950854324635
2026-05-19 00:00:00-04:00,2026-05-01 00:00:00-04:00,DOW,-97.59524261774547,-0.0039149679512004406,-0.02126563055575159
2026-05-19 00:00:00-04:00,2026-05-01 00:00:00-04:00,UNH,-24.759115621243556,-0.0009931953808126504,-0.004832246174069632
2026-05-20 00:00:00-04:00,2026-05-01 00:00:00-04:00,__cash_interest__,-0.00044567562623826684,-1.7865457700719045e-08,
2026-05-20 00:00:00-04:00,2026-05-01 00:00:00-04:00,INTC,426.61411345019286,0.017101353427614843,0.07364617155202668
2026-05-20 00:00:00-04:00,2026-05-01 00:00:00-04:00,CAT,67.42422302865441,0.002702783220813356,0.014427648238881874
2026-05-20 00:00:00-04:00,2026-05-01 00:00:00-04:00,JNJ,-14.464867044682038,-0.0005798420535457659,-0.0029564782698280334
2026-05-20 00:00:00-04:00,2026-05-01 00:00:00-04:00,DOW,-174.9568833248865,-0.0070133626666389545,-0.038950748780316236
2026-05-20 00:00:00-04:00,2026-05-01 00:00:00-04:00,UNH,-77.81264027659493,-0.003119215751546548,-0.015260465430948722
2026-05-21 00:00:00-04:00,2026-05-01 00:00:00-04:00,__cash_interest__,-0.0004457393925851261,-1.7707026906831755e-08,
2026-05-21 00:00:00-04:00,2026-05-01 00:00:00-04:00,INTC,-24.049288850562416,-0.000955359593185948,-0.003866838332320599
2026-05-21 00:00:00-04:00,2026-05-01 00:00:00-04:00,CAT,-35.91243193689248,-0.0014266237383873948,-0.007575360990685676
2026-05-21 00:00:00-04:00,2026-05-01 00:00:00-04:00,JNJ,51.26574264738039,0.0020365350237302945,0.010509290139404381
2026-05-21 00:00:00-04:00,2026-05-01 00:00:00-04:00,DOW,-42.84660239119818,-0.0017020841191691988,-0.009925571494351915
2026-05-21 00:00:00-04:00,2026-05-01 00:00:00-04:00,UNH,-10.74177574337481,-0.00042671775319648377,-0.0021393031718570654
2026-05-22 00:00:00-04:00,2026-05-01 00:00:00-04:00,__cash_interest__,-0.00044580316805554234,-1.77534872750712e-08,
2026-05-22 00:00:00-04:00,2026-05-01 00:00:00-04:00,INTC,70.05657201594514,0.0027899049377442583,0.011307985973760593
2026-05-22 00:00:00-04:00,2026-05-01 00:00:00-04:00,CAT,75.73713524569025,0.00301612541853266,0.01609792327821702
2026-05-22 00:00:00-04:00,2026-05-01 00:00:00-04:00,JNJ,55.5204225587605,0.002211023128666338,0.011263116632473036
2026-05-22 00:00:00-04:00,2026-05-01 00:00:00-04:00,DOW,11.901579200312485,0.00047396373562709785,0.002784683745774119
2026-05-22 00:00:00-04:00,2026-05-01 00:00:00-04:00,UNH,78.4679943381176,0.003124878060105142,0.015660978328475572
2026-05-26 00:00:00-04:00,2026-05-01 00:00:00-04:00,__cash_interest__,-0.0004458669526508211,-1.7552143853965637e-08,
2026-05-26 00:00:00-04:00,2026-05-01 00:00:00-04:00,INTC,192.3947096781472,0.007573872880543876,0.030707613631762554
2026-05-26 00:00:00-04:00,2026-05-01 00:00:00-04:00,CAT,155.71212151210264,0.006129814152714307,0.03257225584568224
2026-05-26 00:00:00-04:00,2026-05-01 00:00:00-04:00,JNJ,-60.33268654814545,-0.002375076212967488,-0.012103035726260702
2026-05-26 00:00:00-04:00,2026-05-01 00:00:00-04:00,DOW,-86.882904067391,-0.003420260733778639,-0.020272061991387313
2026-05-26 00:00:00-04:00,2026-05-01 00:00:00-04:00,UNH,-152.0891830249127,-0.005987192374797909,-0.029886557697481164
2026-05-27 00:00:00-04:00,2026-05-01 00:00:00-04:00,__cash_interest__,-0.0004459307463722678,-1.75209948914854e-08,
2026-05-27 00:00:00-04:00,2026-05-01 00:00:00-04:00,INTC,-91.49204185206582,-0.003594799441264329,-0.014167746499029965
2026-05-27 00:00:00-04:00,2026-05-01 00:00:00-04:00,CAT,7.497634198467946,0.00029458836727063744,0.0015189001031086224
2026-05-27 00:00:00-04:00,2026-05-01 00:00:00-04:00,JNJ,23.747923743830707,0.0009330759405669877,0.004822315777527342
2026-05-27 00:00:00-04:00,2026-05-01 00:00:00-04:00,DOW,-94.02431022261511,-0.0036942943999439116,-0.0223922771225199
2026-05-27 00:00:00-04:00,2026-05-01 00:00:00-04:00,UNH,93.66416741131422,0.0036801440853303944,0.01897267310257389
2026-05-28 00:00:00-04:00,2026-05-01 00:00:00-04:00,__cash_interest__,-0.0004459945492211882,-1.756533013199308e-08,
2026-05-28 00:00:00-04:00,2026-05-01 00:00:00-04:00,INTC,-46.007283165382724,-0.0018119798071237112,-0.007226716577790726
2026-05-28 00:00:00-04:00,2026-05-01 00:00:00-04:00,CAT,-120.94054724259489,-0.004763198658749798,-0.0244634522274777
2026-05-28 00:00:00-04:00,2026-05-01 00:00:00-04:00,JNJ,-10.483102993496347,-0.0004128731286290353,-0.002118510305669896
2026-05-28 00:00:00-04:00,2026-05-01 00:00:00-04:00,DOW,33.3253390309482,0.0013125061345736057,0.00811835534647587
2026-05-28 00:00:00-04:00,2026-05-01 00:00:00-04:00,UNH,-19.388026720702925,-0.0007635902513870251,-0.003854127869895363
2026-05-29 00:00:00-04:00,2026-05-01 00:00:00-04:00,__cash_interest__,-0.0004460583611988883,-1.7681698509997206e-08,
2026-05-29 00:00:00-04:00,2026-05-01 00:00:00-04:00,INTC,-324.6659977930644,-0.012869720172927654,-0.05136900583857895
2026-05-29 00:00:00-04:00,2026-05-01 00:00:00-04:00,CAT,-64.11028731748293,-0.002541323894681107,-0.013293213898105338
2026-05-29 00:00:00-04:00,2026-05-01 00:00:00-04:00,JNJ,-117.02801841413046,-0.004638976239027202,-0.023700178285857576
2026-05-29 00:00:00-04:00,2026-05-01 00:00:00-04:00,DOW,-80.55328192698589,-0.003193122176200384,-0.01946548358599698
2026-05-29 00:00:00-04:00,2026-05-01 00:00:00-04:00,UNH,-29.08163802334793,-0.0011527925501130384,-0.005803479231211495
2026-06-01 00:00:00-04:00,2026-06-01 00:00:00-04:00,__cash_interest__,-0.0004461221823066741,-1.812644014757602e-08,
2026-06-01 00:00:00-04:00,2026-06-01 00:00:00-04:00,INTC,-278.9010559734955,-0.011332059912510841,-0.046651538715418384
2026-06-01 00:00:00-04:00,2026-06-01 00:00:00-04:00,CAT,-56.08027888616408,-0.002278604066342156,-0.011999498452981538
2026-06-01 00:00:00-04:00,2026-06-01 00:00:00-04:00,JNJ,-45.57041956490228,-0.001851576800041962,-0.008077074998576239
2026-06-01 00:00:00-04:00,2026-06-01 00:00:00-04:00,DOW,122.32134912485628,0.004970052379413565,0.02785181116174762
2026-06-01 00:00:00-04:00,2026-06-01 00:00:00-04:00,UNH,-55.01925069082158,-0.00223549331139533,-0.0011832566043101789
2026-06-01 00:00:00-04:00,2026-06-01 00:00:00-04:00,__costs__,-4.449142627031687,-0.00018077361031440582,
2026-06-01 00:00:00-04:00,2026-06-01 00:00:00-04:00,CSCO,61.84202873622238,0.002512710367137109,0.007556885706610839
2026-06-01 00:00:00-04:00,2026-06-01 00:00:00-04:00,MRK,-98.04031012319929,-0.003983486775549598,-0.029902329912310677
2026-06-02 00:00:00-04:00,2026-06-01 00:00:00-04:00,__cash_interest__,-0.0006365741253936817,-2.624205535997424e-08,
2026-06-02 00:00:00-04:00,2026-06-01 00:00:00-04:00,INTC,-61.950038643823795,-0.0025538209594026073,-0.012805282195479162
2026-06-02 00:00:00-04:00,2026-06-01 00:00:00-04:00,CAT,250.2314171139766,0.01031550991276743,0.0513658858357644
2026-06-02 00:00:00-04:00,2026-06-01 00:00:00-04:00,DOW,4.241775723384941,0.00017486245343198997,0.0008648773474162486
2026-06-02 00:00:00-04:00,2026-06-01 00:00:00-04:00,CSCO,269.59916373193505,0.011113923575327306,0.054974044880313544
2026-06-02 00:00:00-04:00,2026-06-01 00:00:00-04:00,MRK,19.77299777610418,0.0008151196876754546,0.004167794807797387
2026-06-03 00:00:00-04:00,2026-06-01 00:00:00-04:00,__cash_interest__,-0.0006366652051029853,-2.5734577998787495e-08,
2026-06-03 00:00:00-04:00,2026-06-01 00:00:00-04:00,INTC,211.51484739202,0.00854961963443736,0.04428795298602117
2026-06-03 00:00:00-04:00,2026-06-01 00:00:00-04:00,CAT,92.15519269738441,0.0037249954535846057,0.017992805163076886
2026-06-03 00:00:00-04:00,2026-06-01 00:00:00-04:00,DOW,96.1386467767518,0.0038860102363753287,0.019585261557257816
2026-06-03 00:00:00-04:00,2026-06-01 00:00:00-04:00,CSCO,-60.629415879816094,-0.002450695309676405,-0.011718735744199127
2026-06-03 00:00:00-04:00,2026-06-01 00:00:00-04:00,MRK,-39.13386026093811,-0.0015818256930121653,-0.008214482578625892
2026-06-04 00:00:00-04:00,2026-06-01 00:00:00-04:00,__cash_interest__,-0.0006367562978437853,-2.5429844891678674e-08,
2026-06-04 00:00:00-04:00,2026-06-01 00:00:00-04:00,INTC,-41.15249432191754,-0.001643488334635659,-0.008251267081270885
2026-06-04 00:00:00-04:00,2026-06-01 00:00:00-04:00,CAT,80.5018000770693,0.003214963552607097,0.01543973879001892
2026-06-04 00:00:00-04:00,2026-06-01 00:00:00-04:00,DOW,-86.24206896058985,-0.003444210044300641,-0.01723165491689671
2026-06-04 00:00:00-04:00,2026-06-01 00:00:00-04:00,CSCO,141.4687402299574,0.005649772343439903,0.027667970311666457
2026-06-04 00:00:00-04:00,2026-06-01 00:00:00-04:00,MRK,229.0348501886564,0.009146860007209963,0.04847427595453979
2026-06-05 00:00:00-04:00,2026-06-01 00:00:00-04:00,__cash_interest__,-0.0006368474036179463,-2.5108978119650616e-08,
2026-06-05 00:00:00-04:00,2026-06-01 00:00:00-04:00,INTC,-557.9922669152079,-0.021999957197459764,-0.11281088520361571
2026-06-05 00:00:00-04:00,2026-06-01 00:00:00-04:00,CAT,-203.78789879809108,-0.008034744057841126,-0.03849094672584885
2026-06-05 00:00:00-04:00,2026-06-01 00:00:00-04:00,DOW,-115.93180240907567,-0.004570842361174871,-0.02356998198462934
2026-06-05 00:00:00-04:00,2026-06-01 00:00:00-04:00,CSCO,-337.9083572117211,-0.013322710431848099,-0.06430769256144642
2026-06-05 00:00:00-04:00,2026-06-01 00:00:00-04:00,MRK,21.83240807180638,0.0008607862000535632,0.004407107268768584
2026-06-08 00:00:00-04:00,2026-06-01 00:00:00-04:00,__cash_interest__,-0.0006369385224273329,-2.6352937353603308e-08,
2026-06-08 00:00:00-04:00,2026-06-01 00:00:00-04:00,INTC,491.17470353219113,0.020322049516694533,0.11192899746969043
2026-06-08 00:00:00-04:00,2026-06-01 00:00:00-04:00,CAT,63.95097394098832,0.002645931986569481,0.012562439605931397
2026-06-08 00:00:00-04:00,2026-06-01 00:00:00-04:00,DOW,32.5174041563952,0.0013453874816200145,0.0067706662929454264
2026-06-08 00:00:00-04:00,2026-06-01 00:00:00-04:00,CSCO,101.45348051485857,0.004197574996915196,0.020634686999187135
2026-06-08 00:00:00-04:00,2026-06-01 00:00:00-04:00,MRK,-52.31554223817862,-0.002164523197574062,-0.01051412013641706
2026-06-09 00:00:00-04:00,2026-06-01 00:00:00-04:00,__cash_interest__,-0.0006370296542738105,-2.568012906790745e-08,
2026-06-09 00:00:00-04:00,2026-06-01 00:00:00-04:00,INTC,-103.98738400898067,-0.004191970381392753,-0.021311313554563838
2026-06-09 00:00:00-04:00,2026-06-01 00:00:00-04:00,CAT,-5.291582765470819,-0.00021331585975493248,-0.00102657481097157
2026-06-09 00:00:00-04:00,2026-06-01 00:00:00-04:00,DOW,-138.55262874930895,-0.005585374817497561,-0.02865495673609153
2026-06-09 00:00:00-04:00,2026-06-01 00:00:00-04:00,CSCO,-153.19068524268818,-0.006175468508633209,-0.030527621584608533
2026-06-09 00:00:00-04:00,2026-06-01 00:00:00-04:00,MRK,3.2954996293506964,0.00013284916213428198,0.0006693509282638122
2026-06-10 00:00:00-04:00,2026-06-01 00:00:00-04:00,__cash_interest__,-0.0006371207991592441,-2.6102309647778452e-08,
2026-06-10 00:00:00-04:00,2026-06-01 00:00:00-04:00,INTC,-38.93986031299322,-0.0015953337151640228,-0.008154162975803292
2026-06-10 00:00:00-04:00,2026-06-01 00:00:00-04:00,CAT,-329.5514579122363,-0.013501449349406648,-0.0639991657026231
2026-06-10 00:00:00-04:00,2026-06-01 00:00:00-04:00,DOW,144.20797016512768,0.005908080690341632,0.030704407594301708
2026-06-10 00:00:00-04:00,2026-06-01 00:00:00-04:00,CSCO,-63.05459251500874,-0.002583294252382235,-0.012961100981616847
2026-06-10 00:00:00-04:00,2026-06-01 00:00:00-04:00,MRK,-21.008770569590407,-0.0008607118704180311,-0.004264249851502977
2026-06-11 00:00:00-04:00,2026-06-01 00:00:00-04:00,__cash_interest__,-0.0006372119570854996,-2.6440054503594225e-08,
2026-06-11 00:00:00-04:00,2026-06-01 00:00:00-04:00,INTC,438.95971436675325,0.01821390613230729,0.09267561737759955
2026-06-11 00:00:00-04:00,2026-06-01 00:00:00-04:00,CAT,233.4558054232604,0.00968686188470765,0.048437254376381356
2026-06-11 00:00:00-04:00,2026-06-01 00:00:00-04:00,DOW,-86.24206896058985,-0.003578471776095014,-0.017815437513111654
2026-06-11 00:00:00-04:00,2026-06-01 00:00:00-04:00,CSCO,122.4715748428083,0.005081755102016051,0.025505051498006415
2026-06-11 00:00:00-04:00,2026-06-01 00:00:00-04:00,MRK,68.79304038493211,0.002854453242787328,0.01402304761640516
2026-06-12 00:00:00-04:00,2026-06-01 00:00:00-04:00,__cash_interest__,-0.0006373031280544425,-2.5617457305279516e-08,
2026-06-12 00:00:00-04:00,2026-06-01 00:00:00-04:00,INTC,336.74237004480193,0.013535918635510636,0.06506498520793724
2026-06-12 00:00:00-04:00,2026-06-01 00:00:00-04:00,CAT,72.84566604852154,0.0029281524877644008,0.014415712538092151
2026-06-12 00:00:00-04:00,2026-06-01 00:00:00-04:00,DOW,31.10329914091964,0.0012502487477635278,0.0065417008331420945
2026-06-12 00:00:00-04:00,2026-06-01 00:00:00-04:00,CSCO,-29.506367316703763,-0.0011860574218066316,-0.005991959136053104
2026-06-12 00:00:00-04:00,2026-06-01 00:00:00-04:00,MRK,-70.44031538936406,-0.0028314654245715637,-0.014160264655150412
2026-06-15 00:00:00-04:00,2026-06-01 00:00:00-04:00,__cash_interest__,-0.0006373943120679391,-2.5274937556052347e-08,
2026-06-15 00:00:00-04:00,2026-06-01 00:00:00-04:00,INTC,145.5824726527932,0.005772859650436986,0.026410860749677356
2026-06-15 00:00:00-04:00,2026-06-01 00:00:00-04:00,CAT,131.5054014591916,0.00521465401751245,0.025654291131499862
2026-06-15 00:00:00-04:00,2026-06-01 00:00:00-04:00,DOW,-87.65563465302367,-0.003475855762037558,-0.018316069714412686
2026-06-15 00:00:00-04:00,2026-06-01 00:00:00-04:00,CSCO,-37.59039261106576,-0.001490591942795544,-0.007679625862727191
2026-06-15 00:00:00-04:00,2026-06-01 00:00:00-04:00,MRK,-136.91564870618495,-0.005429189445177179,-0.02791880646324585
2026-06-16 00:00:00-04:00,2026-06-01 00:00:00-04:00,__cash_interest__,-0.0006374855091278557,-2.5263601547865634e-08,
2026-06-16 00:00:00-04:00,2026-06-01 00:00:00-04:00,INTC,-478.3421690016415,-0.01895673829156099,-0.08454557724848444
2026-06-16 00:00:00-04:00,2026-06-01 00:00:00-04:00,CAT,64.9082919003153,0.002572320782578345,0.01234569679547981
2026-06-16 00:00:00-04:00,2026-06-01 00:00:00-04:00,DOW,-38.172745572213955,-0.0015127889502050578,-0.008125201970601736
2026-06-16 00:00:00-04:00,2026-06-01 00:00:00-04:00,CSCO,-24.251766351926438,-0.0009610994339074811,-0.004992920694831038
2026-06-16 00:00:00-04:00,2026-06-01 00:00:00-04:00,MRK,11.202039802429335,0.00044393773041066293,0.0023498402043589106
2026-06-17 00:00:00-04:00,2026-06-01 00:00:00-04:00,__cash_interest__,-0.0006375767192360591,-2.5741225260954997e-08,
2026-06-17 00:00:00-04:00,2026-06-01 00:00:00-04:00,INTC,179.21221390469844,0.007235430385793783,0.034600558024525885
2026-06-17 00:00:00-04:00,2026-06-01 00:00:00-04:00,CAT,58.88417673015271,0.002377362302897304,0.01106331282118811
2026-06-17 00:00:00-04:00,2026-06-01 00:00:00-04:00,DOW,-65.0348083127904,-0.002625685035345134,-0.013956283290352367
2026-06-17 00:00:00-04:00,2026-06-01 00:00:00-04:00,CSCO,-90.5400308909119,-0.0036554210026509635,-0.018733794854676633
2026-06-17 00:00:00-04:00,2026-06-01 00:00:00-04:00,MRK,11.2023563425916,0.0004522787130835839,0.002344397644817642
2026-06-18 00:00:00-04:00,2026-06-01 00:00:00-04:00,__cash_interest__,-0.0006376679423944162,-2.5647858314916083e-08,
2026-06-18 00:00:00-04:00,2026-06-01 00:00:00-04:00,INTC,570.3825447244132,0.022941549542950863,0.1064410171879362
2026-06-18 00:00:00-04:00,2026-06-01 00:00:00-04:00,CAT,168.3223837331573,0.006770151613716684,0.03127880163696917
2026-06-18 00:00:00-04:00,2026-06-01 00:00:00-04:00,DOW,-108.86289530082311,-0.0043786113881510765,-0.023692321777343706
2026-06-18 00:00:00-04:00,2026-06-01 00:00:00-04:00,CSCO,89.32759733889536,0.0035928755514304574,0.01883579402639235
2026-06-18 00:00:00-04:00,2026-06-01 00:00:00-04:00,MRK,-65.13858421157184,-0.002619961060641291,-0.013600135668925484
2026-06-22 00:00:00-04:00,2026-06-01 00:00:00-04:00,__cash_interest__,-0.0006377591786047939,-2.4994035396875127e-08,
2026-06-22 00:00:00-04:00,2026-06-01 00:00:00-04:00,INTC,307.537221609644,0.012052505805692677,0.05186951760067471
2026-06-22 00:00:00-04:00,2026-06-01 00:00:00-04:00,CAT,205.25193090201688,0.008043904656088027,0.03698446950635126
2026-06-22 00:00:00-04:00,2026-06-01 00:00:00-04:00,DOW,-132.8972873334902,-0.005208297450188936,-0.029624917751975954
2026-06-22 00:00:00-04:00,2026-06-01 00:00:00-04:00,CSCO,80.43507665574928,0.003152282586480755,0.01664713745738222
2026-06-22 00:00:00-04:00,2026-06-01 00:00:00-04:00,MRK,66.79820428233215,0.002617848144393222,0.014138935378219086
2026-06-23 00:00:00-04:00,2026-06-01 00:00:00-04:00,__cash_interest__,-0.0006378504278690601,-2.4491657474154524e-08,
2026-06-23 00:00:00-04:00,2026-06-01 00:00:00-04:00,INTC,-383.20498342780746,-0.014713990594719128,-0.061444611267902016
2026-06-23 00:00:00-04:00,2026-06-01 00:00:00-04:00,CAT,-214.1466230095501,-0.008222626356963844,-0.037210981059840664
2026-06-23 00:00:00-04:00,2026-06-01 00:00:00-04:00,DOW,-65.03507797431128,-0.0024971635730857288,-0.014939947325214642
2026-06-23 00:00:00-04:00,2026-06-01 00:00:00-04:00,CSCO,-15.359555199939933,-0.0005897636004871058,-0.003126817129276649
2026-06-23 00:00:00-04:00,2026-06-01 00:00:00-04:00,MRK,170.9367522662036,0.006563489187009981,0.03567713021667607
2026-06-24 00:00:00-04:00,2026-06-01 00:00:00-04:00,__cash_interest__,-0.0006379416901890822,-2.498129976759203e-08,
2026-06-24 00:00:00-04:00,2026-06-01 00:00:00-04:00,INTC,-27.877703070023564,-0.0010916691414504735,-0.004762661692064518
2026-06-24 00:00:00-04:00,2026-06-01 00:00:00-04:00,CAT,57.47728766155531,0.0022507658223055657,0.01037349322139125
2026-06-24 00:00:00-04:00,2026-06-01 00:00:00-04:00,DOW,-134.31139234896574,-0.0052595295245208016,-0.03132214854365789
2026-06-24 00:00:00-04:00,2026-06-01 00:00:00-04:00,CSCO,-57.395743855839385,-0.002247572630378924,-0.011720971745598496
2026-06-24 00:00:00-04:00,2026-06-01 00:00:00-04:00,MRK,41.48955214852123,0.0016246985506436322,0.008361204120051813
2026-06-25 00:00:00-04:00,2026-06-01 00:00:00-04:00,__cash_interest__,-0.0006380329655667283,-2.5103445947458202e-08,
2026-06-25 00:00:00-04:00,2026-06-01 00:00:00-04:00,INTC,53.98502885246716,0.0021240442530522305,0.009267005524226546
2026-06-25 00:00:00-04:00,2026-06-01 00:00:00-04:00,CAT,352.18182107804535,0.01385661523187469,0.06290914061508968
2026-06-25 00:00:00-04:00,2026-06-01 00:00:00-04:00,DOW,-9.896577816161942,-0.0003893814578250855,-0.0023825628598960202
2026-06-25 00:00:00-04:00,2026-06-01 00:00:00-04:00,CSCO,-30.719110399879867,-0.001208645272415371,-0.006347650191285248
2026-06-25 00:00:00-04:00,2026-06-01 00:00:00-04:00,MRK,201.22426461229549,0.007917180964975524,0.04021557657947916
2026-06-26 00:00:00-04:00,2026-06-01 00:00:00-04:00,__cash_interest__,-0.0006381242540038668,-2.455936896022494e-08,
2026-06-26 00:00:00-04:00,2026-06-01 00:00:00-04:00,INTC,-201.3368659911884,-0.00774881435104173,-0.034243907279109864
2026-06-26 00:00:00-04:00,2026-06-01 00:00:00-04:00,CAT,-335.1807353623888,-0.012900038349074475,-0.05632869959847242
2026-06-26 00:00:00-04:00,2026-06-01 00:00:00-04:00,DOW,-38.17247591069308,-0.001469136949636033,-0.009211823791698492
2026-06-26 00:00:00-04:00,2026-06-01 00:00:00-04:00,CSCO,-210.18249093529508,-0.008089254265874944,-0.04370855223494963
2026-06-26 00:00:00-04:00,2026-06-01 00:00:00-04:00,MRK,133.18174095209594,0.005125740785254346,0.025587937759708135
2026-06-29 00:00:00-04:00,2026-06-01 00:00:00-04:00,__cash_interest__,-0.0006382155555023659,-2.5194807116266617e-08,
2026-06-29 00:00:00-04:00,2026-06-01 00:00:00-04:00,INTC,150.44965979143555,0.0059392945321889755,0.026496210274472576
2026-06-29 00:00:00-04:00,2026-06-01 00:00:00-04:00,CAT,201.08599708548502,0.007938262968791215,0.03581061318992251
2026-06-29 00:00:00-04:00,2026-06-01 00:00:00-04:00,DOW,-158.34605404315369,-0.006251020137074044,-0.03856752079627335
2026-06-29 00:00:00-04:00,2026-06-01 00:00:00-04:00,CSCO,158.8495339018575,0.006270895989076716,0.03454343803981064
2026-06-29 00:00:00-04:00,2026-06-01 00:00:00-04:00,MRK,29.872528193361244,0.0011792764676732844,0.005596154206508608
2026-06-30 00:00:00-04:00,2026-06-01 00:00:00-04:00,__cash_interest__,-0.0006383068700640947,-2.4824146115078076e-08,
2026-06-30 00:00:00-04:00,2026-06-01 00:00:00-04:00,INTC,350.0174988972465,0.013612395452655782,0.06005165190407036
2026-06-30 00:00:00-04:00,2026-06-01 00:00:00-04:00,CAT,178.51208848469918,0.006942444732589115,0.030691435592349547
2026-06-30 00:00:00-04:00,2026-06-01 00:00:00-04:00,DOW,-79.17289219081641,-0.0030790823916728295,-0.020057287407311386
2026-06-30 00:00:00-04:00,2026-06-01 00:00:00-04:00,CSCO,-9.700706540770575,-0.00037726643387592175,-0.0020390799364228274
2026-06-30 00:00:00-04:00,2026-06-01 00:00:00-04:00,MRK,-36.51100847640253,-0.0014199355384284995,-0.006801706984085998
2026-07-01 00:00:00-04:00,2026-07-01 00:00:00-04:00,__cash_interest__,-0.0006383981976909221,-2.4444444915251912e-08,
2026-07-01 00:00:00-04:00,2026-07-01 00:00:00-04:00,INTC,-507.53041713660673,-0.019433481124138553,-0.0903101611314081
2026-07-01 00:00:00-04:00,2026-07-01 00:00:00-04:00,CAT,-384.91579468686257,-0.014738533057057251,-0.0690112486833202
2026-07-01 00:00:00-04:00,2026-07-01 00:00:00-04:00,DOW,-79.17316185233729,-0.0030315624333932907,-0.01242690588461659
2026-07-01 00:00:00-04:00,2026-07-01 00:00:00-04:00,CSCO,-16.53694410063068,-0.0006332041985653852,-0.003831054174908255
2026-07-01 00:00:00-04:00,2026-07-01 00:00:00-04:00,MRK,-125.92285300792966,-0.00482162113717927,-0.02435795527951723
2026-07-01 00:00:00-04:00,2026-07-01 00:00:00-04:00,__costs__,-3.349438333031216,-0.00012825092728168113,
2026-07-01 00:00:00-04:00,2026-07-01 00:00:00-04:00,JNJ,14.75863696273596,0.0005651123226298074,3.9353099924754886e-05
2026-07-02 00:00:00-04:00,2026-07-01 00:00:00-04:00,__cash_interest__,-0.0004792307094076603,-1.9158791592417182e-08,
2026-07-02 00:00:00-04:00,2026-07-01 00:00:00-04:00,INTC,-252.96901625934993,-0.010113251439671216,-0.05251140249742248
2026-07-02 00:00:00-04:00,2026-07-01 00:00:00-04:00,CAT,-138.0639025824512,-0.00551954931953843,-0.028121496678258917
2026-07-02 00:00:00-04:00,2026-07-01 00:00:00-04:00,CSCO,-189.7948169972318,-0.007587659289750847,-0.03691994050881653
2026-07-02 00:00:00-04:00,2026-07-01 00:00:00-04:00,MRK,167.5888002742333,0.0066999022279809264,0.03342103150847975
2026-07-02 00:00:00-04:00,2026-07-01 00:00:00-04:00,JNJ,183.17016799571948,0.007322817602644097,0.035672151231556315
2026-07-06 00:00:00-04:00,2026-07-01 00:00:00-04:00,__cash_interest__,-0.00047929927674642106,-1.9339412051236544e-08,
2026-07-06 00:00:00-04:00,2026-07-01 00:00:00-04:00,INTC,70.16378149226874,0.0028310626516338507,0.01537181967242729
2026-07-06 00:00:00-04:00,2026-07-01 00:00:00-04:00,CAT,31.64357459213528,0.00127679751984085,0.006631806511861793
2026-07-06 00:00:00-04:00,2026-07-01 00:00:00-04:00,CSCO,75.4080803906264,0.003042666679087543,0.015231130483639888
2026-07-06 00:00:00-04:00,2026-07-01 00:00:00-04:00,MRK,-111.19265800773344,-0.004486550960145676,-0.021457230871277377
2026-07-06 00:00:00-04:00,2026-07-01 00:00:00-04:00,JNJ,-75.00710668923352,-0.0030264876527272572,-0.014104401810124845
2026-07-07 00:00:00-04:00,2026-07-01 00:00:00-04:00,__cash_interest__,-0.0004793678538956549,-1.9349193778853305e-08,
2026-07-07 00:00:00-04:00,2026-07-01 00:00:00-04:00,INTC,-447.9106873420913,-0.018079457382405132,-0.09664482695196686
2026-07-07 00:00:00-04:00,2026-07-01 00:00:00-04:00,CAT,-147.57220641495724,-0.005956601376356557,-0.030724175097013307
2026-07-07 00:00:00-04:00,2026-07-01 00:00:00-04:00,CSCO,-96.5754202191044,-0.003898168191520814,-0.019213918028657684
2026-07-07 00:00:00-04:00,2026-07-01 00:00:00-04:00,MRK,83.19461647908328,0.0033580657161912295,0.016406387845733006
2026-07-07 00:00:00-04:00,2026-07-01 00:00:00-04:00,JNJ,159.91993928038073,0.006455005001048922,0.030501693100212224
2026-07-08 00:00:00-04:00,2026-07-01 00:00:00-04:00,__cash_interest__,-0.00047943644085676534,-1.9709114546753452e-08,
2026-07-08 00:00:00-04:00,2026-07-01 00:00:00-04:00,INTC,-5.689017819473925,-0.00023386938143909534,-0.0013588325637129417
2026-07-08 00:00:00-04:00,2026-07-01 00:00:00-04:00,CAT,39.41858125466474,0.0016204553242351494,0.008466994332463562
2026-07-08 00:00:00-04:00,2026-07-01 00:00:00-04:00,CSCO,89.51952812846082,0.003680051167788188,0.01815903714707745
2026-07-08 00:00:00-04:00,2026-07-01 00:00:00-04:00,MRK,-114.79258057899759,-0.004718999072548207,-0.02227225464060323
2026-07-08 00:00:00-04:00,2026-07-01 00:00:00-04:00,JNJ,-77.63485422061007,-0.0031914850525758026,-0.014369093242829645
2026-07-09 00:00:00-04:00,2026-07-01 00:00:00-04:00,__cash_interest__,-0.00047950503763115635,-1.976815247711836e-08,
2026-07-09 00:00:00-04:00,2026-07-01 00:00:00-04:00,INTC,87.23083495069052,0.00359619255416046,0.02086359847902086
2026-07-09 00:00:00-04:00,2026-07-01 00:00:00-04:00,CAT,-47.98574469508705,-0.00197826809609084,-0.010220657379948372
2026-07-09 00:00:00-04:00,2026-07-01 00:00:00-04:00,CSCO,198.00134569621034,0.008162835601756742,0.039448232962644214
2026-07-09 00:00:00-04:00,2026-07-01 00:00:00-04:00,MRK,-36.79751319644477,-0.0015170202491295586,-0.007302152429116582
2026-07-09 00:00:00-04:00,2026-07-01 00:00:00-04:00,JNJ,-86.93469891195511,-0.003583984001781925,-0.01632493505166377
2026-07-10 00:00:00-04:00,2026-07-01 00:00:00-04:00,__cash_interest__,-0.00047957364422023197,-1.9678888858059233e-08,
2026-07-10 00:00:00-04:00,2026-07-01 00:00:00-04:00,INTC,-102.40145268413228,-0.004201954862535035,-0.023991510180130016
2026-07-10 00:00:00-04:00,2026-07-01 00:00:00-04:00,CAT,69.42818108628401,0.002848925239492037,0.014940460818970935
2026-07-10 00:00:00-04:00,2026-07-01 00:00:00-04:00,CSCO,132.29494870849248,0.005428608564071793,0.025357113193364977
2026-07-10 00:00:00-04:00,2026-07-01 00:00:00-04:00,MRK,-61.19593730959675,-0.002511122250761732,-0.012233139706005702
2026-07-10 00:00:00-04:00,2026-07-01 00:00:00-04:00,JNJ,-42.860851258432795,-0.0017587578851376005,-0.008182150008674727
2026-07-13 00:00:00-04:00,2026-07-01 00:00:00-04:00,__cash_interest__,-0.00047964226062539644,-1.968552978212499e-08,
2026-07-13 00:00:00-04:00,2026-07-01 00:00:00-04:00,INTC,-254.86516262886383,-0.010460203700180326,-0.06117984172756619
2026-07-13 00:00:00-04:00,2026-07-01 00:00:00-04:00,CAT,-103.69683484797326,-0.004255936764308939,-0.021986350134003074
2026-07-13 00:00:00-04:00,2026-07-01 00:00:00-04:00,CSCO,-90.84242378459331,-0.00372836462858866,-0.01698126782665832
2026-07-13 00:00:00-04:00,2026-07-01 00:00:00-04:00,MRK,19.598629070055107,0.0008043690640277213,0.003966309374601407
2026-07-13 00:00:00-04:00,2026-07-01 00:00:00-04:00,JNJ,15.971324864337411,0.0006554968506464841,0.0030740835612532713
2026-07-14 00:00:00-04:00,2026-07-01 00:00:00-04:00,__cash_interest__,-0.0004797108868480543,-2.0028523994609304e-08,
2026-07-14 00:00:00-04:00,2026-07-01 00:00:00-04:00,INTC,175.9784712548057,0.007347319251434736,0.044996113906738966
2026-07-14 00:00:00-04:00,2026-07-01 00:00:00-04:00,CAT,9.26060343330253,0.0003866416692919658,0.002007622294966538
2026-07-14 00:00:00-04:00,2026-07-01 00:00:00-04:00,CSCO,-95.25252456297191,-0.003976910939611153,-0.01811323825668243
2026-07-14 00:00:00-04:00,2026-07-01 00:00:00-04:00,MRK,-129.9914738151554,-0.005427305120190283,-0.026203338160013634
2026-07-14 00:00:00-04:00,2026-07-01 00:00:00-04:00,JNJ,-79.25197708507072,-0.0033088682541643753,-0.015207289743680463
2026-07-15 00:00:00-04:00,2026-07-01 00:00:00-04:00,__cash_interest__,-0.00047977952288961014,-2.0131627897012402e-08,
2026-07-15 00:00:00-04:00,2026-07-01 00:00:00-04:00,INTC,-180.9090883975673,-0.0075909751814178935,-0.04426507217799314
2026-07-15 00:00:00-04:00,2026-07-01 00:00:00-04:00,CAT,-94.2878534249278,-0.003956333877958006,-0.0203998721920563
2026-07-15 00:00:00-04:00,2026-07-01 00:00:00-04:00,CSCO,-234.60302891865524,-0.009843981779916612,-0.045435134180652925
2026-07-15 00:00:00-04:00,2026-07-01 00:00:00-04:00,MRK,113.1926488979653,0.004749582213443724,0.023431047024814022
2026-07-15 00:00:00-04:00,2026-07-01 00:00:00-04:00,JNJ,-138.08507868830512,-0.005794072672255842,-0.02690565951087487
2026-07-16 00:00:00-04:00,2026-07-01 00:00:00-04:00,__cash_interest__,-0.00047984816875146886,-2.0596609734832217e-08,
2026-07-16 00:00:00-04:00,2026-07-01 00:00:00-04:00,INTC,-227.9374535958511,-0.00978380054649485,-0.05835512798811482
2026-07-16 00:00:00-04:00,2026-07-01 00:00:00-04:00,CAT,-183.8709133261089,-0.007892324468422664,-0.040610271978891554
2026-07-16 00:00:00-04:00,2026-07-01 00:00:00-04:00,CSCO,-93.04713773032988,-0.003993879121725668,-0.018877990912849585
2026-07-16 00:00:00-04:00,2026-07-01 00:00:00-04:00,MRK,160.78931949667057,0.006901589041840093,0.03252161332591852
2026-07-16 00:00:00-04:00,2026-07-01 00:00:00-04:00,JNJ,59.64135454197667,0.0025599966480107485,0.011942340285074016
2026-07-17 00:00:00-04:00,2026-07-01 00:00:00-04:00,__cash_interest__,-0.00047991682443503553,-2.0854153314699602e-08,
2026-07-17 00:00:00-04:00,2026-07-01 00:00:00-04:00,INTC,-73.57730792613955,-0.003197204977718553,-0.020004149043654884
2026-07-17 00:00:00-04:00,2026-07-01 00:00:00-04:00,CAT,15.40102971086805,0.000669231455206385,0.0035455005673776796
2026-07-17 00:00:00-04:00,2026-07-01 00:00:00-04:00,CSCO,100.54410718750187,0.004369011710823205,0.020791525653438114
2026-07-17 00:00:00-04:00,2026-07-01 00:00:00-04:00,MRK,-5.199549096530463,-0.00022593955557611862,-0.0010185478039292928
2026-07-17 00:00:00-04:00,2026-07-01 00:00:00-04:00,JNJ,62.06734733215571,0.002697054804497064,0.012281441974787644
2026-07-20 00:00:00-04:00,2026-07-01 00:00:00-04:00,__cash_interest__,-0.0004799854899417154,-2.0767584506005284e-08,
2026-07-20 00:00:00-04:00,2026-07-01 00:00:00-04:00,INTC,76.611199988455,0.003314745139608093,0.021254173228194784
2026-07-20 00:00:00-04:00,2026-07-01 00:00:00-04:00,CAT,-71.19448478867278,-0.003080379532701725,-0.016331913984368507
2026-07-20 00:00:00-04:00,2026-07-01 00:00:00-04:00,CSCO,-54.68215437212953,-0.002365938732921956,-0.011077411703766304
2026-07-20 00:00:00-04:00,2026-07-01 00:00:00-04:00,MRK,-123.99180630022579,-0.005364766996820801,-0.024313713522518432
2026-07-20 00:00:00-04:00,2026-07-01 00:00:00-04:00,JNJ,-85.31726755400639,-0.0036914315138243956,-0.016677150149708497
2026-07-21 00:00:00-04:00,2026-07-01 00:00:00-04:00,__cash_interest__,-0.00048005416527291395,-2.1005561753275243e-08,
2026-07-21 00:00:00-04:00,2026-07-01 00:00:00-04:00,INTC,318.2024699643232,0.013923473883578098,0.08644137235407934
2026-07-21 00:00:00-04:00,2026-07-01 00:00:00-04:00,CAT,127.35585671859519,0.0055726655583185425,0.02970031617807356
2026-07-21 00:00:00-04:00,2026-07-01 00:00:00-04:00,CSCO,65.26565606464217,0.0028558064235407158,0.013369497721174906
2026-07-21 00:00:00-04:00,2026-07-01 00:00:00-04:00,MRK,74.39514481128867,0.0032552822608860536,0.014951773211711927
2026-07-21 00:00:00-04:00,2026-07-01 00:00:00-04:00,JNJ,36.18906259195236,0.001583512120213009,0.007193928275230688
2026-07-22 00:00:00-04:00,2026-07-01 00:00:00-04:00,__cash_interest__,-0.0004801228504300368,-2.0452450350341256e-08,
2026-07-22 00:00:00-04:00,2026-07-01 00:00:00-04:00,INTC,-107.33149111596163,-0.004572146464412405,-0.02683730946952234
2026-07-22 00:00:00-04:00,2026-07-01 00:00:00-04:00,CAT,-3.2743085777352774,-0.00013948020503053672,-0.0007415678801048209
2026-07-22 00:00:00-04:00,2026-07-01 00:00:00-04:00,CSCO,1.3228956561324883,5.635319731501612e-05,0.00026741646652927997
2026-07-22 00:00:00-04:00,2026-07-01 00:00:00-04:00,MRK,48.396789017104396,0.002061624277206749,0.009583391921434536
2026-07-22 00:00:00-04:00,2026-07-01 00:00:00-04:00,JNJ,101.49158113349357,0.004323375824023368,0.02003114105676107
2026-07-23 00:00:00-04:00,2026-07-01 00:00:00-04:00,__cash_interest__,-0.0004801915454144899,-2.0420055947737407e-08,
2026-07-23 00:00:00-04:00,2026-07-01 00:00:00-04:00,INTC,-90.6440720290952,-0.0038546222644698196,-0.023289800484126766
2026-07-23 00:00:00-04:00,2026-07-01 00:00:00-04:00,CAT,25.94737384712665,0.001103407235539379,0.005880941947248752
2026-07-23 00:00:00-04:00,2026-07-01 00:00:00-04:00,CSCO,24.254208507271382,0.0010314056951149836,0.004901551165184204
2026-07-23 00:00:00-04:00,2026-07-01 00:00:00-04:00,MRK,120.39188372896164,0.0051196424111900046,0.02361335591128144
2026-07-23 00:00:00-04:00,2026-07-01 00:00:00-04:00,JNJ,73.59112157899423,0.0031294487257219053,0.014239267931509314
2026-07-24 00:00:00-04:00,2026-07-01 00:00:00-04:00,__cash_interest__,-0.0004802602502276794,-2.029049565737138e-08,
2026-07-24 00:00:00-04:00,2026-07-01 00:00:00-04:00,INTC,-299.997960168566,-0.012674601541840731,-0.07891852137269417
2026-07-24 00:00:00-04:00,2026-07-01 00:00:00-04:00,CAT,-28.82499841146757,-0.0012178261782322098,-0.00649495573289649
2026-07-24 00:00:00-04:00,2026-07-01 00:00:00-04:00,CSCO,62.178450942396054,0.0026269748292319806,0.012504398776184589
2026-07-24 00:00:00-04:00,2026-07-01 00:00:00-04:00,MRK,23.598916006284806,0.000997029636571402,0.004521854812991499
2026-07-24 00:00:00-04:00,2026-07-01 00:00:00-04:00,JNJ,83.49808145486018,0.003527707026253986,0.015929359578114255
2026-07-27 00:00:00-04:00,2026-07-01 00:00:00-04:00,__cash_interest__,-0.0004803289648710114,-2.0431119573347517e-08,
2026-07-27 00:00:00-04:00,2026-07-01 00:00:00-04:00,INTC,-24.652217647409593,-0.0010485988631513622,-0.007040744454371417
2026-07-27 00:00:00-04:00,2026-07-01 00:00:00-04:00,CAT,-76.65146387674893,-0.003260422207431406,-0.01738430289448112
2026-07-27 00:00:00-04:00,2026-07-01 00:00:00-04:00,CSCO,17.639393783156212,0.0007503036251036995,0.0035035607628459697
2026-07-27 00:00:00-04:00,2026-07-01 00:00:00-04:00,MRK,-12.399699394824745,-0.000527429656625562,-0.0023652460521800256
2026-07-27 00:00:00-04:00,2026-07-01 00:00:00-04:00,JNJ,51.55481473920921,0.0021929191482371337,0.009681163134533044
2026-07-28 00:00:00-04:00,2026-07-01 00:00:00-04:00,__cash_interest__,-0.00048039768934589246,-2.0472802916738866e-08,
2026-07-28 00:00:00-04:00,2026-07-01 00:00:00-04:00,INTC,-203.66458096453076,-0.008679443968359494,-0.05857963591633053
2026-07-28 00:00:00-04:00,2026-07-01 00:00:00-04:00,CAT,-160.89443020830444,-0.006856735644462935,-0.03713591588376142
2026-07-28 00:00:00-04:00,2026-07-01 00:00:00-04:00,CSCO,44.53939360269257,0.0018981070214982734,0.00881558993559195
2026-07-28 00:00:00-04:00,2026-07-01 00:00:00-04:00,MRK,42.397731813706756,0.0018068371825864394,0.00810655293601581
2026-07-28 00:00:00-04:00,2026-07-01 00:00:00-04:00,JNJ,15.769570123139918,0.0006720417445228026,0.002932877396108813
2026-07-29 00:00:00-04:00,2026-07-01 00:00:00-04:00,__cash_interest__,-0.00048046642365372926,-2.0706803780518515e-08,
2026-07-29 00:00:00-04:00,2026-07-01 00:00:00-04:00,INTC,-167.63490638910557,-0.007224611216259453,-0.05121675135618453
2026-07-29 00:00:00-04:00,2026-07-01 00:00:00-04:00,CAT,-288.4483261213729,-0.012431342952944598,-0.06914426509053184
2026-07-29 00:00:00-04:00,2026-07-01 00:00:00-04:00,CSCO,-136.70471304341837,-0.005891603511720611,-0.026821235724259762
2026-07-29 00:00:00-04:00,2026-07-01 00:00:00-04:00,MRK,-58.396438312497715,-0.002516728599727321,-0.011075759617250047
2026-07-29 00:00:00-04:00,2026-07-01 00:00:00-04:00,JNJ,-24.261161875742705,-0.0010455904798260327,-0.004498977083957634
2026-07-30 00:00:00-04:00,2026-07-01 00:00:00-04:00,__cash_interest__,-0.00048053516779592866,-2.1330700985779053e-08,
2026-07-30 00:00:00-04:00,2026-07-01 00:00:00-04:00,INTC,350.81919681680984,0.015572677899296809,0.11297020408258351
2026-07-30 00:00:00-04:00,2026-07-01 00:00:00-04:00,CAT,131.12647453140937,0.00582063459034218,0.033767285372391154
2026-07-30 00:00:00-04:00,2026-07-01 00:00:00-04:00,CSCO,47.625925838033226,0.0021140895636870445,0.009601655133606224
2026-07-30 00:00:00-04:00,2026-07-01 00:00:00-04:00,MRK,-22.79879758788567,-0.0010120265212077372,-0.004372563068041901
2026-07-30 00:00:00-04:00,2026-07-01 00:00:00-04:00,JNJ,-196.31106510701863,-0.008714143959960752,-0.03656834067607129
2026-07-31 00:00:00-04:00,2026-07-01 00:00:00-04:00,__cash_interest__,-0.00048060392177389774,-2.1043744668811677e-08,
2026-07-31 00:00:00-04:00,2026-07-01 00:00:00-04:00,INTC,-35.271563254178986,-0.0015444022355272742,-0.0102052050170659
2026-07-31 00:00:00-04:00,2026-07-01 00:00:00-04:00,CAT,28.13034716969149,0.0012317166308154074,0.007007418750164973
2026-07-31 00:00:00-04:00,2026-07-01 00:00:00-04:00,CSCO,107.15892191161703,0.004692065315176692,0.021398382858558662
2026-07-31 00:00:00-04:00,2026-07-01 00:00:00-04:00,MRK,16.399070863756503,0.000718050445341546,0.0031589774506382007
2026-07-31 00:00:00-04:00,2026-07-01 00:00:00-04:00,JNJ,10.715212814608199,0.0004691767843057173,0.002071764381685659
2026-08-03 00:00:00-04:00,2026-08-03 00:00:00-04:00,__cash_interest__,-0.0004806726855890438,-2.0930245554564833e-08,
2026-08-03 00:00:00-04:00,2026-08-03 00:00:00-04:00,INTC,65.72533713673232,0.002861921400302931,0.008869213734196357
2026-08-03 00:00:00-04:00,2026-08-03 00:00:00-04:00,CAT,87.54317361819596,0.0038119497433255194,0.01867924029391488
2026-08-03 00:00:00-04:00,2026-08-03 00:00:00-04:00,CSCO,-11.207105496771732,-0.0004879983344921987,-0.0011207626158477035
2026-08-03 00:00:00-04:00,2026-08-03 00:00:00-04:00,MRK,-86.86577212287216,-0.003782453206365484,-0.018663597251402098
2026-08-03 00:00:00-04:00,2026-08-03 00:00:00-04:00,JNJ,-27.90015106101127,-0.0012148745502374536,-0.00756778777146927
2026-08-03 00:00:00-04:00,2026-08-03 00:00:00-04:00,__costs__,-3.882636626321804,-0.00016906418946705144,
2026-08-03 00:00:00-04:00,2026-08-03 00:00:00-04:00,TRV,-39.38597627468482,-0.001715009359904032,-0.0014424031639937995
2026-08-04 00:00:00-04:00,2026-08-03 00:00:00-04:00,__cash_interest__,-0.0005555196184555403,-2.4206191174119616e-08,
2026-08-04 00:00:00-04:00,2026-08-03 00:00:00-04:00,INTC,508.1418117612165,0.022141752388966124,0.1083516550588084
2026-08-04 00:00:00-04:00,2026-08-03 00:00:00-04:00,CAT,261.0807057342676,0.011376320952350914,0.056034055502627744
2026-08-04 00:00:00-04:00,2026-08-03 00:00:00-04:00,CSCO,233.75062123587665,0.010185440867841638,0.05075088229278513
2026-08-04 00:00:00-04:00,2026-08-03 00:00:00-04:00,MRK,8.068366413327183,0.0003515706977313067,0.0018001358924357724
2026-08-04 00:00:00-04:00,2026-08-03 00:00:00-04:00,TRV,40.231781293960886,0.0017530581403848782,0.00890799450810964
2026-08-05 00:00:00-04:00,2026-08-03 00:00:00-04:00,__cash_interest__,-0.0005555991010536275,-2.3149231785193803e-08,
2026-08-05 00:00:00-04:00,2026-08-03 00:00:00-04:00,INTC,10.306978228764617,0.00042944386981574396,0.001982916389370537
2026-08-05 00:00:00-04:00,2026-08-03 00:00:00-04:00,CAT,-30.64915128384547,-0.0012770076584784219,-0.0062289924867861
2026-08-05 00:00:00-04:00,2026-08-03 00:00:00-04:00,CSCO,-9.540761216988868,-0.0003975191687683185,-0.0019713969770074335
2026-08-05 00:00:00-04:00,2026-08-03 00:00:00-04:00,MRK,11.57624708402342,0.00048232840269636423,0.002578139305114746
2026-08-05 00:00:00-04:00,2026-08-03 00:00:00-04:00,TRV,64.03304424703283,0.0026679592900260246,0.014052812929387315
2026-08-06 00:00:00-04:00,2026-08-03 00:00:00-04:00,__cash_interest__,-0.0005556785950239205,-2.310851800641362e-08,
2026-08-06 00:00:00-04:00,2026-08-03 00:00:00-04:00,INTC,-64.41959689481936,-0.0026789612343188387,-0.012368890067261828
2026-08-06 00:00:00-04:00,2026-08-03 00:00:00-04:00,CAT,-79.26171476823666,-0.003296187363240383,-0.016209756670070852
2026-08-06 00:00:00-04:00,2026-08-03 00:00:00-04:00,CSCO,-24.647295047162807,-0.0010249854259407505,-0.0051029032640496075
2026-08-06 00:00:00-04:00,2026-08-03 00:00:00-04:00,MRK,1.4029381609666334,5.8342757926795196e-05,0.0003116440860451153
2026-08-06 00:00:00-04:00,2026-08-03 00:00:00-04:00,TRV,42.88976228086636,0.001783618899186741,0.009282226904589574
2026-08-07 00:00:00-04:00,2026-08-03 00:00:00-04:00,__cash_interest__,-0.0005557581003680463,-2.323165775729532e-08,
2026-08-07 00:00:00-04:00,2026-08-03 00:00:00-04:00,INTC,94.82585108590254,0.00396388593798821,0.01843506674975104
2026-08-07 00:00:00-04:00,2026-08-03 00:00:00-04:00,CAT,-82.91058640538738,-0.003465807095840878,-0.017235365889356813
2026-08-07 00:00:00-04:00,2026-08-03 00:00:00-04:00,CSCO,21.864560388235606,0.0009139767528657162,0.004549992258890967
2026-08-07 00:00:00-04:00,2026-08-03 00:00:00-04:00,MRK,7.366897332843867,0.0003079491553185116,0.0016359486005703694
2026-08-07 00:00:00-04:00,2026-08-03 00:00:00-04:00,TRV,-20.418042875967686,-0.0008535097983351607,-0.004378244666855546
2026-08-10 00:00:00-04:00,2026-08-03 00:00:00-04:00,__cash_interest__,-0.0005558376170876324,-2.321486666937926e-08,
2026-08-10 00:00:00-04:00,2026-08-03 00:00:00-04:00,INTC,-212.84259977953357,-0.00888948934643068,-0.04062965883734937
2026-08-10 00:00:00-04:00,2026-08-03 00:00:00-04:00,CAT,-25.877866174083888,-0.0010808034477175078,-0.005473806787303026
2026-08-10 00:00:00-04:00,2026-08-03 00:00:00-04:00,CSCO,45.31899489986046,0.0018927729823378814,0.009388119795630478
2026-08-10 00:00:00-04:00,2026-08-03 00:00:00-04:00,MRK,82.08553175767916,0.0034283478063687517,0.018198758007214932
2026-08-10 00:00:00-04:00,2026-08-03 00:00:00-04:00,TRV,-104.98969592804548,-0.004384952938951562,-0.02261196038773705
2026-08-11 00:00:00-04:00,2026-08-03 00:00:00-04:00,__cash_interest__,-0.0005559171451843062,-2.342985700401403e-08,
2026-08-11 00:00:00-04:00,2026-08-03 00:00:00-04:00,INTC,9.79190454753773,0.0004126926563304715,0.0019483433956799523
2026-08-11 00:00:00-04:00,2026-08-03 00:00:00-04:00,CAT,32.50168170094161,0.0013698259915883222,0.006912746136734427
2026-08-11 00:00:00-04:00,2026-08-03 00:00:00-04:00,CSCO,-85.07252048186653,-0.0035854929230512565,-0.017459406012699907
2026-08-11 00:00:00-04:00,2026-08-03 00:00:00-04:00,MRK,-17.539670987621,-0.000739232431842282,-0.0038191262373435952
2026-08-11 00:00:00-04:00,2026-08-03 00:00:00-04:00,TRV,-0.12093463222430209,-5.0969486449442504e-06,-2.6648649579685824e-05
2026-08-12 00:00:00-04:00,2026-08-03 00:00:00-04:00,__cash_interest__,-0.0005559966846596955,-2.3493053791740977e-08,
2026-08-12 00:00:00-04:00,2026-08-03 00:00:00-04:00,INTC,166.97548505928728,0.007055373099573162,0.03315932754198969
2026-08-12 00:00:00-04:00,2026-08-03 00:00:00-04:00,CAT,68.65223503903394,0.002900827820011973,0.01450132271666904
2026-08-12 00:00:00-04:00,2026-08-03 00:00:00-04:00,CSCO,137.14954193978866,0.005795109314862538,0.0286473215934544
2026-08-12 00:00:00-04:00,2026-08-03 00:00:00-04:00,MRK,87.69835493810501,0.0037056015383781053,0.0191688394042262
2026-08-12 00:00:00-04:00,2026-08-03 00:00:00-04:00,TRV,-65.84485151151522,-0.0027822047885339837,-0.014509682654874179
2026-08-13 00:00:00-04:00,2026-08-03 00:00:00-04:00,__cash_interest__,-0.0005560762355154285,-2.311104575615396e-08,
2026-08-13 00:00:00-04:00,2026-08-03 00:00:00-04:00,INTC,186.04382728711963,0.007732154568873552,0.0357602844921574
2026-08-13 00:00:00-04:00,2026-08-03 00:00:00-04:00,CAT,-5.613437831274863,-0.00023329969936167062,-0.0011687704868331705
2026-08-13 00:00:00-04:00,2026-08-03 00:00:00-04:00,CSCO,-413.8340435951112,-0.017199327908907675,-0.08403290493637483
2026-08-13 00:00:00-04:00,2026-08-03 00:00:00-04:00,MRK,92.25884068073596,0.003834363262090974,0.019786374654246375
2026-08-13 00:00:00-04:00,2026-08-03 00:00:00-04:00,TRV,-1.933110599853707,-8.034187521701005e-05,-0.0004322554044910998
2026-08-14 00:00:00-04:00,2026-08-03 00:00:00-04:00,__cash_interest__,-0.0005561557977531334,-2.3252623576064463e-08,
2026-08-14 00:00:00-04:00,2026-08-03 00:00:00-04:00,INTC,-106.16336986313713,-0.004438642709411773,-0.019701583843662163
2026-08-14 00:00:00-04:00,2026-08-03 00:00:00-04:00,CAT,11.05865068848015,0.00046235720774155366,0.0023052092143234226
2026-08-14 00:00:00-04:00,2026-08-03 00:00:00-04:00,CSCO,-71.15884718723055,-0.002975119372010616,-0.01577510263744275
2026-08-14 00:00:00-04:00,2026-08-03 00:00:00-04:00,MRK,10.172773654777133,0.00042531908769929836,0.0021393823652078314
2026-08-14 00:00:00-04:00,2026-08-03 00:00:00-04:00,TRV,4.349222322310571,0.00018183902769309005,0.0009729333826014042
2026-08-17 00:00:00-04:00,2026-08-03 00:00:00-04:00,__cash_interest__,-0.0005562353713744388,-2.3404434565692305e-08,
2026-08-17 00:00:00-04:00,2026-08-03 00:00:00-04:00,INTC,51.020210648612405,0.002146751614703517,0.009658515744092933
2026-08-17 00:00:00-04:00,2026-08-03 00:00:00-04:00,CAT,140.785116741149,0.005923744195644644,0.02927958821274812
2026-08-17 00:00:00-04:00,2026-08-03 00:00:00-04:00,CSCO,48.499349737300314,0.002040682624336669,0.010924079668422015
2026-08-17 00:00:00-04:00,2026-08-03 00:00:00-04:00,MRK,4.560485742630949,0.00019188925344218704,0.0009570442161168646
2026-08-17 00:00:00-04:00,2026-08-03 00:00:00-04:00,TRV,-70.67744365957597,-0.0029738590721290576,-0.015795376977306153
2026-08-18 00:00:00-04:00,2026-08-03 00:00:00-04:00,__cash_interest__,-0.0005563149563809734,-2.3237471491376375e-08,
2026-08-18 00:00:00-04:00,2026-08-03 00:00:00-04:00,INTC,-350.44237119620766,-0.014638101163085549,-0.06570678870159552
2026-08-18 00:00:00-04:00,2026-08-03 00:00:00-04:00,CAT,-228.9161592155754,-0.009561908524430314,-0.04625421444748112
2026-08-18 00:00:00-04:00,2026-08-03 00:00:00-04:00,CSCO,-51.28208439622751,-0.002142070711037332,-0.011426048698782831
2026-08-18 00:00:00-04:00,2026-08-03 00:00:00-04:00,MRK,-28.063580633849533,-0.0011722256384536854,-0.005883673196849237
2026-08-18 00:00:00-04:00,2026-08-03 00:00:00-04:00,TRV,41.319086874538534,0.001725912798647222,0.009382411507314226
2026-08-19 00:00:00-04:00,2026-08-03 00:00:00-04:00,__cash_interest__,-0.000556394552774366,-2.3856004849239428e-08,
2026-08-19 00:00:00-04:00,2026-08-03 00:00:00-04:00,INTC,-200.47375408179659,-0.008595524211503225,-0.04023166088971564
2026-08-19 00:00:00-04:00,2026-08-03 00:00:00-04:00,CAT,-138.76401873292815,-0.00594965404906674,-0.029398088701785507
2026-08-19 00:00:00-04:00,2026-08-03 00:00:00-04:00,CSCO,-42.13864006242062,-0.001806738755181744,-0.009497334941286906
2026-08-19 00:00:00-04:00,2026-08-03 00:00:00-04:00,MRK,597.4011510169089,0.025614206114235684,0.1259894873861842
2026-08-19 00:00:00-04:00,2026-08-03 00:00:00-04:00,TRV,-68.98620232417086,-0.0029578563790207076,-0.015519233464910132
2026-08-20 00:00:00-04:00,2026-08-03 00:00:00-04:00,__cash_interest__,-0.000556474160556246,-2.3709940955164633e-08,
2026-08-20 00:00:00-04:00,2026-08-03 00:00:00-04:00,INTC,-34.529202756995495,-0.0014712010307521223,-0.007219889830888837
2026-08-20 00:00:00-04:00,2026-08-03 00:00:00-04:00,CAT,-4.2662675704977175,-0.00018177475139963926,-0.0009312133099188546
2026-08-20 00:00:00-04:00,2026-08-03 00:00:00-04:00,CSCO,-38.16365145861682,-0.0016260555958479736,-0.008683913951750166
2026-08-20 00:00:00-04:00,2026-08-03 00:00:00-04:00,MRK,-112.60438799029022,-0.004797785018218065,-0.021090614450995915
2026-08-20 00:00:00-04:00,2026-08-03 00:00:00-04:00,TRV,27.425246185183727,0.0011685196075979089,0.006266879261282776
2026-08-21 00:00:00-04:00,2026-08-03 00:00:00-04:00,__cash_interest__,-0.0005565537797282428,-2.3878292220094488e-08,
2026-08-21 00:00:00-04:00,2026-08-03 00:00:00-04:00,INTC,-106.16336986313713,-0.0045548158345088685,-0.02235968327370519
2026-08-21 00:00:00-04:00,2026-08-03 00:00:00-04:00,CAT,70.22416208797736,0.003012885949794066,0.01534236321377902
2026-08-21 00:00:00-04:00,2026-08-03 00:00:00-04:00,CSCO,57.642794071107204,0.0024730969968162105,0.013231176440284154
2026-08-21 00:00:00-04:00,2026-08-03 00:00:00-04:00,MRK,124.88237178893678,0.005357932827571081,0.023894203821323456
2026-08-21 00:00:00-04:00,2026-08-03 00:00:00-04:00,TRV,-10.994359141147756,-0.0004717001840741808,-0.0024966492537263907
