ticker,required_rebalance_date
AABA,2000-01-01
AABA,2000-02-01
AABA,2000-03-01
AABA,2000-04-01
AABA,2000-05-01
AABA,2000-06-01
AABA,2000-07-01
AABA,2000-08-01
AABA,2000-09-01
AABA,2000-10-01
AABA,2000-11-01
AABA,2000-12-01
AABA,2001-01-01
AABA,2001-02-01
AABA,2001-03-01
AABA,2001-04-01
AABA,2001-05-01
AABA,2001-06-01
AABA,2001-07-01
AABA,2001-08-01
AABA,2001-09-01
AABA,2001-10-01
AABA,2001-11-01
AABA,2001-12-01
AABA,2002-01-01
AABA,2002-02-01
AABA,2002-03-01
AABA,2002-04-01
AABA,2002-05-01
AABA,2002-06-01
AABA,2002-07-01
AABA,2002-08-01
AABA,2002-09-01
AABA,2002-10-01
AABA,2002-11-01
AABA,2002-12-01
AABA,2003-01-01
AABA,2003-02-01
AABA,2003-03-01
AABA,2003-04-01
AABA,2003-05-01
AABA,2003-06-01
AABA,2003-07-01
AABA,2003-08-01
AABA,2003-09-01
AABA,2003-10-01
AABA,2003-11-01
AABA,2003-12-01
AABA,2004-01-01
AABA,2004-02-01
AABA,2004-03-01
AABA,2004-04-01
AABA,2004-05-01
AABA,2004-06-01
AABA,2004-07-01
AABA,2004-08-01
AABA,2004-09-01
AABA,2004-10-01
AABA,2004-11-01
AABA,2004-12-01
AABA,2005-01-01
AABA,2005-02-01
AABA,2005-03-01
AABA,2005-04-01
AABA,2005-05-01
AABA,2005-06-01
AABA,2005-07-01
AABA,2005-08-01
AABA,2005-09-01
AABA,2005-10-01
AABA,2005-11-01
AABA,2005-12-01
AABA,2006-01-01
AABA,2006-02-01
AABA,2006-03-01
AABA,2006-04-01
AABA,2006-05-01
AABA,2006-06-01
AABA,2006-07-01
AABA,2006-08-01
AABA,2006-09-01
AABA,2006-10-01
AABA,2006-11-01
AABA,2006-12-01
AABA,2007-01-01
AABA,2007-02-01
AABA,2007-03-01
AABA,2007-04-01
AABA,2007-05-01
AABA,2007-06-01
AABA,2007-07-01
AABA,2007-08-01
AABA,2007-09-01
AABA,2007-10-01
AABA,2007-11-01
AABA,2007-12-01
AABA,2008-01-01
AABA,2008-02-01
AABA,2008-03-01
AABA,2008-04-01
AABA,2008-05-01
AABA,2008-06-01
AABA,2008-07-01
AABA,2008-08-01
AABA,2008-09-01
AABA,2008-10-01
AABA,2008-11-01
AABA,2008-12-01
AABA,2009-01-01
AABA,2009-02-01
AABA,2009-03-01
AABA,2009-04-01
AABA,2009-05-01
AABA,2009-06-01
AABA,2009-07-01
AABA,2009-08-01
AABA,2009-09-01
AABA,2009-10-01
AABA,2009-11-01
AABA,2009-12-01
AABA,2010-01-01
AABA,2010-02-01
AABA,2010-03-01
AABA,2010-04-01
AABA,2010-05-01
AABA,2010-06-01
AABA,2010-07-01
AABA,2010-08-01
AABA,2010-09-01
AABA,2010-10-01
AABA,2010-11-01
AABA,2010-12-01
AABA,2011-01-01
AABA,2011-02-01
AABA,2011-03-01
AABA,2011-04-01
AABA,2011-05-01
AABA,2011-06-01
AABA,2011-07-01
AABA,2011-08-01
AABA,2011-09-01
AABA,2011-10-01
AABA,2011-11-01
AABA,2011-12-01
AABA,2012-01-01
AABA,2012-02-01
AABA,2012-03-01
AABA,2012-04-01
AABA,2012-05-01
AABA,2012-06-01
AABA,2012-07-01
AABA,2012-08-01
AABA,2012-09-01
AABA,2012-10-01
AABA,2012-11-01
AABA,2012-12-01
AABA,2013-01-01
AABA,2013-02-01
AABA,2013-03-01
AABA,2013-04-01
AABA,2013-05-01
AABA,2013-06-01
AABA,2013-07-01
AABA,2013-08-01
AABA,2013-09-01
AABA,2013-10-01
AABA,2013-11-01
AABA,2013-12-01
AABA,2014-01-01
AABA,2014-02-01
AABA,2014-03-01
AABA,2014-04-01
AABA,2014-05-01
AABA,2014-06-01
AABA,2014-07-01
AABA,2014-08-01
AABA,2014-09-01
AABA,2014-10-01
AABA,2014-11-01
AABA,2014-12-01
AABA,2015-01-01
AABA,2015-02-01
AABA,2015-03-01
AABA,2015-04-01
AABA,2015-05-01
AABA,2015-06-01
AABA,2015-07-01
AABA,2015-08-01
AABA,2015-09-01
AABA,2015-10-01
AABA,2015-11-01
AABA,2015-12-01
AABA,2016-01-01
AABA,2016-02-01
AABA,2016-03-01
AABA,2016-04-01
AABA,2016-05-01
AABA,2016-06-01
AABA,2016-07-01
AABA,2016-08-01
AABA,2016-09-01
AABA,2016-10-01
AABA,2016-11-01
AABA,2016-12-01
AABA,2017-01-01
AABA,2017-02-01
AABA,2017-03-01
AABA,2017-04-01
AABA,2017-05-01
AABA,2017-06-01
AAL,1996-02-01
AAL,1996-03-01
AAL,1996-04-01
AAL,1996-05-01
AAL,1996-06-01
AAL,1996-07-01
AAL,1996-08-01
AAL,1996-09-01
AAL,1996-10-01
AAL,1996-11-01
AAL,1996-12-01
AAL,1997-01-01
AAL,2015-04-01
AAL,2015-05-01
AAL,2015-06-01
AAL,2015-07-01
AAL,2015-08-01
AAL,2015-09-01
AAL,2015-10-01
AAL,2015-11-01
AAL,2015-12-01
AAL,2016-01-01
AAL,2016-02-01
AAL,2016-03-01
AAL,2016-04-01
AAL,2016-05-01
AAL,2016-06-01
AAL,2016-07-01
AAL,2016-08-01
AAL,2016-09-01
AAL,2016-10-01
AAL,2016-11-01
AAL,2016-12-01
AAL,2017-01-01
AAL,2017-02-01
AAL,2017-03-01
AAL,2017-04-01
AAL,2017-05-01
AAL,2017-06-01
AAL,2017-07-01
AAL,2017-08-01
AAL,2017-09-01
AAL,2017-10-01
AAL,2017-11-01
AAL,2017-12-01
AAL,2018-01-01
AAL,2018-02-01
AAL,2018-03-01
AAL,2018-04-01
AAL,2018-05-01
AAL,2018-06-01
AAL,2018-07-01
AAL,2018-08-01
AAL,2018-09-01
AAL,2018-10-01
AAL,2018-11-01
AAL,2018-12-01
AAL,2019-01-01
AAL,2019-02-01
AAL,2019-03-01
AAL,2019-04-01
AAL,2019-05-01
AAL,2019-06-01
AAL,2019-07-01
AAL,2019-08-01
AAL,2019-09-01
AAL,2019-10-01
AAL,2019-11-01
AAL,2019-12-01
AAL,2020-01-01
AAL,2020-02-01
AAL,2020-03-01
AAL,2020-04-01
AAL,2020-05-01
AAL,2020-06-01
AAL,2020-07-01
AAL,2020-08-01
AAL,2020-09-01
AAL,2020-10-01
AAL,2020-11-01
AAL,2020-12-01
AAL,2021-01-01
AAL,2021-02-01
AAL,2021-03-01
AAL,2021-04-01
AAL,2021-05-01
AAL,2021-06-01
AAL,2021-07-01
AAL,2021-08-01
AAL,2021-09-01
AAL,2021-10-01
AAL,2021-11-01
AAL,2021-12-01
AAL,2022-01-01
AAL,2022-02-01
AAL,2022-03-01
AAL,2022-04-01
AAL,2022-05-01
AAL,2022-06-01
AAL,2022-07-01
AAL,2022-08-01
AAL,2022-09-01
AAL,2022-10-01
AAL,2022-11-01
AAL,2022-12-01
AAL,2023-01-01
AAL,2023-02-01
AAL,2023-03-01
AAL,2023-04-01
AAL,2023-05-01
AAL,2023-06-01
AAL,2023-07-01
AAL,2023-08-01
AAL,2023-09-01
AAL,2023-10-01
AAL,2023-11-01
AAL,2023-12-01
AAL,2024-01-01
AAL,2024-02-01
AAL,2024-03-01
AAL,2024-04-01
AAL,2024-05-01
AAL,2024-06-01
AAL,2024-07-01
AAL,2024-08-01
AAL,2024-09-01
AAMRQ,1996-02-01
AAMRQ,1996-03-01
AAMRQ,1996-04-01
AAMRQ,1996-05-01
AAMRQ,1996-06-01
AAMRQ,1996-07-01
AAMRQ,1996-08-01
AAMRQ,1996-09-01
AAMRQ,1996-10-01
AAMRQ,1996-11-01
AAMRQ,1996-12-01
AAMRQ,1997-01-01
AAMRQ,1997-02-01
AAMRQ,1997-03-01
AAMRQ,1997-04-01
AAMRQ,1997-05-01
AAMRQ,1997-06-01
AAMRQ,1997-07-01
AAMRQ,1997-08-01
AAMRQ,1997-09-01
AAMRQ,1997-10-01
AAMRQ,1997-11-01
AAMRQ,1997-12-01
AAMRQ,1998-01-01
AAMRQ,1998-02-01
AAMRQ,1998-03-01
AAMRQ,1998-04-01
AAMRQ,1998-05-01
AAMRQ,1998-06-01
AAMRQ,1998-07-01
AAMRQ,1998-08-01
AAMRQ,1998-09-01
AAMRQ,1998-10-01
AAMRQ,1998-11-01
AAMRQ,1998-12-01
AAMRQ,1999-01-01
AAMRQ,1999-02-01
AAMRQ,1999-03-01
AAMRQ,1999-04-01
AAMRQ,1999-05-01
AAMRQ,1999-06-01
AAMRQ,1999-07-01
AAMRQ,1999-08-01
AAMRQ,1999-09-01
AAMRQ,1999-10-01
AAMRQ,1999-11-01
AAMRQ,1999-12-01
AAMRQ,2000-01-01
AAMRQ,2000-02-01
AAMRQ,2000-03-01
AAMRQ,2000-04-01
AAMRQ,2000-05-01
AAMRQ,2000-06-01
AAMRQ,2000-07-01
AAMRQ,2000-08-01
AAMRQ,2000-09-01
AAMRQ,2000-10-01
AAMRQ,2000-11-01
AAMRQ,2000-12-01
AAMRQ,2001-01-01
AAMRQ,2001-02-01
AAMRQ,2001-03-01
AAMRQ,2001-04-01
AAMRQ,2001-05-01
AAMRQ,2001-06-01
AAMRQ,2001-07-01
AAMRQ,2001-08-01
AAMRQ,2001-09-01
AAMRQ,2001-10-01
AAMRQ,2001-11-01
AAMRQ,2001-12-01
AAMRQ,2002-01-01
AAMRQ,2002-02-01
AAMRQ,2002-03-01
AAMRQ,2002-04-01
AAMRQ,2002-05-01
AAMRQ,2002-06-01
AAMRQ,2002-07-01
AAMRQ,2002-08-01
AAMRQ,2002-09-01
AAMRQ,2002-10-01
AAMRQ,2002-11-01
AAMRQ,2002-12-01
AAMRQ,2003-01-01
AAMRQ,2003-02-01
AAMRQ,2003-03-01
ABC,2001-09-01
ABC,2001-10-01
ABC,2001-11-01
ABC,2001-12-01
ABC,2002-01-01
ABC,2002-02-01
ABC,2002-03-01
ABC,2002-04-01
ABC,2002-05-01
ABC,2002-06-01
ABC,2002-07-01
ABC,2002-08-01
ABC,2002-09-01
ABC,2002-10-01
ABC,2002-11-01
ABC,2002-12-01
ABC,2003-01-01
ABC,2003-02-01
ABC,2003-03-01
ABC,2003-04-01
ABC,2003-05-01
ABC,2003-06-01
ABC,2003-07-01
ABC,2003-08-01
ABC,2003-09-01
ABC,2003-10-01
ABC,2003-11-01
ABC,2003-12-01
ABC,2004-01-01
ABC,2004-02-01
ABC,2004-03-01
ABC,2004-04-01
ABC,2004-05-01
ABC,2004-06-01
ABC,2004-07-01
ABC,2004-08-01
ABC,2004-09-01
ABC,2004-10-01
ABC,2004-11-01
ABC,2004-12-01
ABC,2005-01-01
ABC,2005-02-01
ABC,2005-03-01
ABC,2005-04-01
ABC,2005-05-01
ABC,2005-06-01
ABC,2005-07-01
ABC,2005-08-01
ABC,2005-09-01
ABC,2005-10-01
ABC,2005-11-01
ABC,2005-12-01
ABC,2006-01-01
ABC,2006-02-01
ABC,2006-03-01
ABC,2006-04-01
ABC,2006-05-01
ABC,2006-06-01
ABC,2006-07-01
ABC,2006-08-01
ABC,2006-09-01
ABC,2006-10-01
ABC,2006-11-01
ABC,2006-12-01
ABC,2007-01-01
ABC,2007-02-01
ABC,2007-03-01
ABC,2007-04-01
ABC,2007-05-01
ABC,2007-06-01
ABC,2007-07-01
ABC,2007-08-01
ABC,2007-09-01
ABC,2007-10-01
ABC,2007-11-01
ABC,2007-12-01
ABC,2008-01-01
ABC,2008-02-01
ABC,2008-03-01
ABC,2008-04-01
ABC,2008-05-01
ABC,2008-06-01
ABC,2008-07-01
ABC,2008-08-01
ABC,2008-09-01
ABC,2008-10-01
ABC,2008-11-01
ABC,2008-12-01
ABC,2009-01-01
ABC,2009-02-01
ABC,2009-03-01
ABC,2009-04-01
ABC,2009-05-01
ABC,2009-06-01
ABC,2009-07-01
ABC,2009-08-01
ABC,2009-09-01
ABC,2009-10-01
ABC,2009-11-01
ABC,2009-12-01
ABC,2010-01-01
ABC,2010-02-01
ABC,2010-03-01
ABC,2010-04-01
ABC,2010-05-01
ABC,2010-06-01
ABC,2010-07-01
ABC,2010-08-01
ABC,2010-09-01
ABC,2010-10-01
ABC,2010-11-01
ABC,2010-12-01
ABC,2011-01-01
ABC,2011-02-01
ABC,2011-03-01
ABC,2011-04-01
ABC,2011-05-01
ABC,2011-06-01
ABC,2011-07-01
ABC,2011-08-01
ABC,2011-09-01
ABC,2011-10-01
ABC,2011-11-01
ABC,2011-12-01
ABC,2012-01-01
ABC,2012-02-01
ABC,2012-03-01
ABC,2012-04-01
ABC,2012-05-01
ABC,2012-06-01
ABC,2012-07-01
ABC,2012-08-01
ABC,2012-09-01
ABC,2012-10-01
ABC,2012-11-01
ABC,2012-12-01
ABC,2013-01-01
ABC,2013-02-01
ABC,2013-03-01
ABC,2013-04-01
ABC,2013-05-01
ABC,2013-06-01
ABC,2013-07-01
ABC,2013-08-01
ABC,2013-09-01
ABC,2013-10-01
ABC,2013-11-01
ABC,2013-12-01
ABC,2014-01-01
ABC,2014-02-01
ABC,2014-03-01
ABC,2014-04-01
ABC,2014-05-01
ABC,2014-06-01
ABC,2014-07-01
ABC,2014-08-01
ABC,2014-09-01
ABC,2014-10-01
ABC,2014-11-01
ABC,2014-12-01
ABC,2015-01-01
ABC,2015-02-01
ABC,2015-03-01
ABC,2015-04-01
ABC,2015-05-01
ABC,2015-06-01
ABC,2015-07-01
ABC,2015-08-01
ABC,2015-09-01
ABC,2015-10-01
ABC,2015-11-01
ABC,2015-12-01
ABC,2016-01-01
ABC,2016-02-01
ABC,2016-03-01
ABC,2016-04-01
ABC,2016-05-01
ABC,2016-06-01
ABC,2016-07-01
ABC,2016-08-01
ABC,2016-09-01
ABC,2016-10-01
ABC,2016-11-01
ABC,2016-12-01
ABC,2017-01-01
ABC,2017-02-01
ABC,2017-03-01
ABC,2017-04-01
ABC,2017-05-01
ABC,2017-06-01
ABC,2017-07-01
ABC,2017-08-01
ABC,2017-09-01
ABC,2017-10-01
ABC,2017-11-01
ABC,2017-12-01
ABC,2018-01-01
ABC,2018-02-01
ABC,2018-03-01
ABC,2018-04-01
ABC,2018-05-01
ABC,2018-06-01
ABC,2018-07-01
ABC,2018-08-01
ABC,2018-09-01
ABC,2018-10-01
ABC,2018-11-01
ABC,2018-12-01
ABC,2019-01-01
ABC,2019-02-01
ABC,2019-03-01
ABC,2019-04-01
ABC,2019-05-01
ABC,2019-06-01
ABC,2019-07-01
ABC,2019-08-01
ABC,2019-09-01
ABC,2019-10-01
ABC,2019-11-01
ABC,2019-12-01
ABC,2020-01-01
ABC,2020-02-01
ABC,2020-03-01
ABC,2020-04-01
ABC,2020-05-01
ABC,2020-06-01
ABC,2020-07-01
ABC,2020-08-01
ABC,2020-09-01
ABC,2020-10-01
ABC,2020-11-01
ABC,2020-12-01
ABC,2021-01-01
ABC,2021-02-01
ABC,2021-03-01
ABC,2021-04-01
ABC,2021-05-01
ABC,2021-06-01
ABC,2021-07-01
ABC,2021-08-01
ABC,2021-09-01
ABC,2021-10-01
ABC,2021-11-01
ABC,2021-12-01
ABC,2022-01-01
ABC,2022-02-01
ABC,2022-03-01
ABC,2022-04-01
ABC,2022-05-01
ABC,2022-06-01
ABC,2022-07-01
ABC,2022-08-01
ABC,2022-09-01
ABC,2022-10-01
ABC,2022-11-01
ABC,2022-12-01
ABC,2023-01-01
ABC,2023-02-01
ABC,2023-03-01
ABC,2023-04-01
ABC,2023-05-01
ABC,2023-06-01
ABC,2023-07-01
ABC,2023-08-01
ABC,2023-09-01
ABI,1996-02-01
ABI,1996-03-01
ABI,1996-04-01
ABI,1996-05-01
ABI,1996-06-01
ABI,1996-07-01
ABI,1996-08-01
ABI,1996-09-01
ABI,1996-10-01
ABI,1996-11-01
ABI,1996-12-01
ABI,1997-01-01
ABI,1997-02-01
ABI,1997-03-01
ABI,1997-04-01
ABI,1997-05-01
ABI,1997-06-01
ABI,1997-07-01
ABI,1997-08-01
ABI,1997-09-01
ABI,1997-10-01
ABI,1997-11-01
ABI,1997-12-01
ABI,1998-01-01
ABI,1998-02-01
ABI,1998-03-01
ABI,1998-04-01
ABI,1998-05-01
ABI,1998-06-01
ABI,1998-07-01
ABI,1998-08-01
ABI,1998-09-01
ABI,1998-10-01
ABI,1998-11-01
ABI,1998-12-01
ABI,1999-01-01
ABI,1999-02-01
ABI,1999-03-01
ABI,1999-04-01
ABI,1999-05-01
ABI,1999-06-01
ABI,1999-07-01
ABI,1999-08-01
ABI,1999-09-01
ABI,1999-10-01
ABI,1999-11-01
ABI,1999-12-01
ABI,2000-01-01
ABI,2000-02-01
ABI,2000-03-01
ABI,2000-04-01
ABI,2000-05-01
ABI,2000-06-01
ABI,2000-07-01
ABI,2000-08-01
ABI,2000-09-01
ABI,2000-10-01
ABI,2000-11-01
ABI,2000-12-01
ABI,2001-01-01
ABI,2001-02-01
ABI,2001-03-01
ABI,2001-04-01
ABI,2001-05-01
ABI,2001-06-01
ABI,2001-07-01
ABI,2001-08-01
ABI,2001-09-01
ABI,2001-10-01
ABI,2001-11-01
ABI,2001-12-01
ABI,2002-01-01
ABI,2002-02-01
ABI,2002-03-01
ABI,2002-04-01
ABI,2002-05-01
ABI,2002-06-01
ABI,2002-07-01
ABI,2002-08-01
ABI,2002-09-01
ABI,2002-10-01
ABI,2002-11-01
ABI,2002-12-01
ABI,2003-01-01
ABI,2003-02-01
ABI,2003-03-01
ABI,2003-04-01
ABI,2003-05-01
ABI,2003-06-01
ABI,2003-07-01
ABI,2003-08-01
ABI,2003-09-01
ABI,2003-10-01
ABI,2003-11-01
ABI,2003-12-01
ABI,2004-01-01
ABI,2004-02-01
ABI,2004-03-01
ABI,2004-04-01
ABI,2004-05-01
ABI,2004-06-01
ABI,2004-07-01
ABI,2004-08-01
ABI,2004-09-01
ABI,2004-10-01
ABI,2004-11-01
ABI,2004-12-01
ABI,2005-01-01
ABI,2005-02-01
ABI,2005-03-01
ABI,2005-04-01
ABI,2005-05-01
ABI,2005-06-01
ABI,2005-07-01
ABI,2005-08-01
ABI,2005-09-01
ABI,2005-10-01
ABI,2005-11-01
ABI,2005-12-01
ABI,2006-01-01
ABI,2006-02-01
ABI,2006-03-01
ABI,2006-04-01
ABI,2006-05-01
ABI,2006-06-01
ABI,2006-07-01
ABI,2006-08-01
ABI,2006-09-01
ABI,2006-10-01
ABI,2006-11-01
ABI,2006-12-01
ABI,2007-01-01
ABI,2007-02-01
ABI,2007-03-01
ABI,2007-04-01
ABI,2007-05-01
ABI,2007-06-01
ABI,2007-07-01
ABI,2007-08-01
ABI,2007-09-01
ABI,2007-10-01
ABI,2007-11-01
ABI,2007-12-01
ABI,2008-01-01
ABI,2008-02-01
ABI,2008-03-01
ABI,2008-04-01
ABI,2008-05-01
ABI,2008-06-01
ABI,2008-07-01
ABI,2008-08-01
ABI,2008-09-01
ABI,2008-10-01
ABI,2008-11-01
ABKFQ,2001-01-01
ABKFQ,2001-02-01
ABKFQ,2001-03-01
ABKFQ,2001-04-01
ABKFQ,2001-05-01
ABKFQ,2001-06-01
ABKFQ,2001-07-01
ABKFQ,2001-08-01
ABKFQ,2001-09-01
ABKFQ,2001-10-01
ABKFQ,2001-11-01
ABKFQ,2001-12-01
ABKFQ,2002-01-01
ABKFQ,2002-02-01
ABKFQ,2002-03-01
ABKFQ,2002-04-01
ABKFQ,2002-05-01
ABKFQ,2002-06-01
ABKFQ,2002-07-01
ABKFQ,2002-08-01
ABKFQ,2002-09-01
ABKFQ,2002-10-01
ABKFQ,2002-11-01
ABKFQ,2002-12-01
ABKFQ,2003-01-01
ABKFQ,2003-02-01
ABKFQ,2003-03-01
ABKFQ,2003-04-01
ABKFQ,2003-05-01
ABKFQ,2003-06-01
ABKFQ,2003-07-01
ABKFQ,2003-08-01
ABKFQ,2003-09-01
ABKFQ,2003-10-01
ABKFQ,2003-11-01
ABKFQ,2003-12-01
ABKFQ,2004-01-01
ABKFQ,2004-02-01
ABKFQ,2004-03-01
ABKFQ,2004-04-01
ABKFQ,2004-05-01
ABKFQ,2004-06-01
ABKFQ,2004-07-01
ABKFQ,2004-08-01
ABKFQ,2004-09-01
ABKFQ,2004-10-01
ABKFQ,2004-11-01
ABKFQ,2004-12-01
ABKFQ,2005-01-01
ABKFQ,2005-02-01
ABKFQ,2005-03-01
ABKFQ,2005-04-01
ABKFQ,2005-05-01
ABKFQ,2005-06-01
ABKFQ,2005-07-01
ABKFQ,2005-08-01
ABKFQ,2005-09-01
ABKFQ,2005-10-01
ABKFQ,2005-11-01
ABKFQ,2005-12-01
ABKFQ,2006-01-01
ABKFQ,2006-02-01
ABKFQ,2006-03-01
ABKFQ,2006-04-01
ABKFQ,2006-05-01
ABKFQ,2006-06-01
ABKFQ,2006-07-01
ABKFQ,2006-08-01
ABKFQ,2006-09-01
ABKFQ,2006-10-01
ABKFQ,2006-11-01
ABKFQ,2006-12-01
ABKFQ,2007-01-01
ABKFQ,2007-02-01
ABKFQ,2007-03-01
ABKFQ,2007-04-01
ABKFQ,2007-05-01
ABKFQ,2007-06-01
ABKFQ,2007-07-01
ABKFQ,2007-08-01
ABKFQ,2007-09-01
ABKFQ,2007-10-01
ABKFQ,2007-11-01
ABKFQ,2007-12-01
ABKFQ,2008-01-01
ABKFQ,2008-02-01
ABKFQ,2008-03-01
ABKFQ,2008-04-01
ABKFQ,2008-05-01
ABKFQ,2008-06-01
ABMD,2018-06-01
ABMD,2018-07-01
ABMD,2018-08-01
ABMD,2018-09-01
ABMD,2018-10-01
ABMD,2018-11-01
ABMD,2018-12-01
ABMD,2019-01-01
ABMD,2019-02-01
ABMD,2019-03-01
ABMD,2019-04-01
ABMD,2019-05-01
ABMD,2019-06-01
ABMD,2019-07-01
ABMD,2019-08-01
ABMD,2019-09-01
ABMD,2019-10-01
ABMD,2019-11-01
ABMD,2019-12-01
ABMD,2020-01-01
ABMD,2020-02-01
ABMD,2020-03-01
ABMD,2020-04-01
ABMD,2020-05-01
ABMD,2020-06-01
ABMD,2020-07-01
ABMD,2020-08-01
ABMD,2020-09-01
ABMD,2020-10-01
ABMD,2020-11-01
ABMD,2020-12-01
ABMD,2021-01-01
ABMD,2021-02-01
ABMD,2021-03-01
ABMD,2021-04-01
ABMD,2021-05-01
ABMD,2021-06-01
ABMD,2021-07-01
ABMD,2021-08-01
ABMD,2021-09-01
ABMD,2021-10-01
ABMD,2021-11-01
ABMD,2021-12-01
ABMD,2022-01-01
ABMD,2022-02-01
ABMD,2022-03-01
ABMD,2022-04-01
ABMD,2022-05-01
ABMD,2022-06-01
ABMD,2022-07-01
ABMD,2022-08-01
ABMD,2022-09-01
ABMD,2022-10-01
ABMD,2022-11-01
ABMD,2022-12-01
ABS,1996-02-01
ABS,1996-03-01
ABS,1996-04-01
ABS,1996-05-01
ABS,1996-06-01
ABS,1996-07-01
ABS,1996-08-01
ABS,1996-09-01
ABS,1996-10-01
ABS,1996-11-01
ABS,1996-12-01
ABS,1997-01-01
ABS,1997-02-01
ABS,1997-03-01
ABS,1997-04-01
ABS,1997-05-01
ABS,1997-06-01
ABS,1997-07-01
ABS,1997-08-01
ABS,1997-09-01
ABS,1997-10-01
ABS,1997-11-01
ABS,1997-12-01
ABS,1998-01-01
ABS,1998-02-01
ABS,1998-03-01
ABS,1998-04-01
ABS,1998-05-01
ABS,1998-06-01
ABS,1998-07-01
ABS,1998-08-01
ABS,1998-09-01
ABS,1998-10-01
ABS,1998-11-01
ABS,1998-12-01
ABS,1999-01-01
ABS,1999-02-01
ABS,1999-03-01
ABS,1999-04-01
ABS,1999-05-01
ABS,1999-06-01
ABS,1999-07-01
ABS,1999-08-01
ABS,1999-09-01
ABS,1999-10-01
ABS,1999-11-01
ABS,1999-12-01
ABS,2000-01-01
ABS,2000-02-01
ABS,2000-03-01
ABS,2000-04-01
ABS,2000-05-01
ABS,2000-06-01
ABS,2000-07-01
ABS,2000-08-01
ABS,2000-09-01
ABS,2000-10-01
ABS,2000-11-01
ABS,2000-12-01
ABS,2001-01-01
ABS,2001-02-01
ABS,2001-03-01
ABS,2001-04-01
ABS,2001-05-01
ABS,2001-06-01
ABS,2001-07-01
ABS,2001-08-01
ABS,2001-09-01
ABS,2001-10-01
ABS,2001-11-01
ABS,2001-12-01
ABS,2002-01-01
ABS,2002-02-01
ABS,2002-03-01
ABS,2002-04-01
ABS,2002-05-01
ABS,2002-06-01
ABS,2002-07-01
ABS,2002-08-01
ABS,2002-09-01
ABS,2002-10-01
ABS,2002-11-01
ABS,2002-12-01
ABS,2003-01-01
ABS,2003-02-01
ABS,2003-03-01
ABS,2003-04-01
ABS,2003-05-01
ABS,2003-06-01
ABS,2003-07-01
ABS,2003-08-01
ABS,2003-09-01
ABS,2003-10-01
ABS,2003-11-01
ABS,2003-12-01
ABS,2004-01-01
ABS,2004-02-01
ABS,2004-03-01
ABS,2004-04-01
ABS,2004-05-01
ABS,2004-06-01
ABS,2004-07-01
ABS,2004-08-01
ABS,2004-09-01
ABS,2004-10-01
ABS,2004-11-01
ABS,2004-12-01
ABS,2005-01-01
ABS,2005-02-01
ABS,2005-03-01
ABS,2005-04-01
ABS,2005-05-01
ABS,2005-06-01
ABS,2005-07-01
ABS,2005-08-01
ABS,2005-09-01
ABS,2005-10-01
ABS,2005-11-01
ABS,2005-12-01
ABS,2006-01-01
ABS,2006-02-01
ABS,2006-03-01
ABS,2006-04-01
ABS,2006-05-01
ABS,2006-06-01
ABX,1996-02-01
ABX,1996-03-01
ABX,1996-04-01
ABX,1996-05-01
ABX,1996-06-01
ABX,1996-07-01
ABX,1996-08-01
ABX,1996-09-01
ABX,1996-10-01
ABX,1996-11-01
ABX,1996-12-01
ABX,1997-01-01
ABX,1997-02-01
ABX,1997-03-01
ABX,1997-04-01
ABX,1997-05-01
ABX,1997-06-01
ABX,1997-07-01
ABX,1997-08-01
ABX,1997-09-01
ABX,1997-10-01
ABX,1997-11-01
ABX,1997-12-01
ABX,1998-01-01
ABX,1998-02-01
ABX,1998-03-01
ABX,1998-04-01
ABX,1998-05-01
ABX,1998-06-01
ABX,1998-07-01
ABX,1998-08-01
ABX,1998-09-01
ABX,1998-10-01
ABX,1998-11-01
ABX,1998-12-01
ABX,1999-01-01
ABX,1999-02-01
ABX,1999-03-01
ABX,1999-04-01
ABX,1999-05-01
ABX,1999-06-01
ABX,1999-07-01
ABX,1999-08-01
ABX,1999-09-01
ABX,1999-10-01
ABX,1999-11-01
ABX,1999-12-01
ABX,2000-01-01
ABX,2000-02-01
ABX,2000-03-01
ABX,2000-04-01
ABX,2000-05-01
ABX,2000-06-01
ABX,2000-07-01
ABX,2000-08-01
ABX,2000-09-01
ABX,2000-10-01
ABX,2000-11-01
ABX,2000-12-01
ABX,2001-01-01
ABX,2001-02-01
ABX,2001-03-01
ABX,2001-04-01
ABX,2001-05-01
ABX,2001-06-01
ABX,2001-07-01
ABX,2001-08-01
ABX,2001-09-01
ABX,2001-10-01
ABX,2001-11-01
ABX,2001-12-01
ABX,2002-01-01
ABX,2002-02-01
ABX,2002-03-01
ABX,2002-04-01
ABX,2002-05-01
ABX,2002-06-01
ABX,2002-07-01
ACAS,2007-08-01
ACAS,2007-09-01
ACAS,2007-10-01
ACAS,2007-11-01
ACAS,2007-12-01
ACAS,2008-01-01
ACAS,2008-02-01
ACAS,2008-03-01
ACAS,2008-04-01
ACAS,2008-05-01
ACAS,2008-06-01
ACAS,2008-07-01
ACAS,2008-08-01
ACAS,2008-09-01
ACAS,2008-10-01
ACAS,2008-11-01
ACAS,2008-12-01
ACAS,2009-01-01
ACAS,2009-02-01
ACAS,2009-03-01
ACKH,1996-02-01
ACKH,1996-03-01
ACKH,1996-04-01
ACKH,1996-05-01
ACKH,1996-06-01
ACKH,1996-07-01
ACKH,1996-08-01
ACKH,1996-09-01
ACKH,1996-10-01
ACKH,1996-11-01
ACKH,1996-12-01
ACKH,1997-01-01
ACKH,1997-02-01
ACKH,1997-03-01
ACKH,1997-04-01
ACKH,1997-05-01
ACKH,1997-06-01
ACKH,1997-07-01
ACKH,1997-08-01
ACKH,1997-09-01
ACKH,1997-10-01
ACKH,1997-11-01
ACKH,1997-12-01
ACKH,1998-01-01
ACKH,1998-02-01
ACKH,1998-03-01
ACKH,1998-04-01
ACKH,1998-05-01
ACKH,1998-06-01
ACKH,1998-07-01
ACKH,1998-08-01
ACKH,1998-09-01
ACKH,1998-10-01
ACKH,1998-11-01
ACKH,1998-12-01
ACKH,1999-01-01
ACKH,1999-02-01
ACKH,1999-03-01
ACKH,1999-04-01
ACKH,1999-05-01
ACKH,1999-06-01
ACKH,1999-07-01
ACKH,1999-08-01
ACKH,1999-09-01
ACKH,1999-10-01
ACKH,1999-11-01
ACKH,1999-12-01
ACKH,2000-01-01
ACKH,2000-02-01
ACKH,2000-03-01
ACKH,2000-04-01
ACKH,2000-05-01
ACKH,2000-06-01
ACKH,2000-07-01
ACKH,2000-08-01
ACKH,2000-09-01
ACKH,2000-10-01
ACKH,2000-11-01
ACS,2004-05-01
ACS,2004-06-01
ACS,2004-07-01
ACS,2004-08-01
ACS,2004-09-01
ACS,2004-10-01
ACS,2004-11-01
ACS,2004-12-01
ACS,2005-01-01
ACS,2005-02-01
ACS,2005-03-01
ACS,2005-04-01
ACS,2005-05-01
ACS,2005-06-01
ACS,2005-07-01
ACS,2005-08-01
ACS,2005-09-01
ACS,2005-10-01
ACS,2005-11-01
ACS,2005-12-01
ACS,2006-01-01
ACS,2006-02-01
ACS,2006-03-01
ACS,2006-04-01
ACS,2006-05-01
ACS,2006-06-01
ACS,2006-07-01
ACS,2006-08-01
ACS,2006-09-01
ACS,2006-10-01
ACS,2006-11-01
ACS,2006-12-01
ACS,2007-01-01
ACS,2007-02-01
ACS,2007-03-01
ACS,2007-04-01
ACS,2007-05-01
ACS,2007-06-01
ACS,2007-07-01
ACS,2007-08-01
ACS,2007-09-01
ACS,2007-10-01
ACS,2007-11-01
ACS,2007-12-01
ACS,2008-01-01
ACS,2008-02-01
ACS,2008-03-01
ACS,2008-04-01
ACS,2008-05-01
ACS,2008-06-01
ACS,2008-07-01
ACS,2008-08-01
ACS,2008-09-01
ACS,2008-10-01
ACS,2008-11-01
ACS,2008-12-01
ACS,2009-01-01
ACS,2009-02-01
ACS,2009-03-01
ACS,2009-04-01
ACS,2009-05-01
ACS,2009-06-01
ACS,2009-07-01
ACS,2009-08-01
ACS,2009-09-01
ACS,2009-10-01
ACS,2009-11-01
ACS,2009-12-01
ACS,2010-01-01
ACS,2010-02-01
ACV,1996-02-01
ACV,1996-03-01
ACV,1996-04-01
ACV,1996-05-01
ACV,1996-06-01
ACV,1996-07-01
ACV,1996-08-01
ACV,1996-09-01
ACV,1996-10-01
ACV,1996-11-01
ACV,1996-12-01
ACV,1997-01-01
ACV,1997-02-01
ACV,1997-03-01
ACV,1997-04-01
ACV,1997-05-01
ACV,1997-06-01
ACV,1997-07-01
ACV,1997-08-01
ACV,1997-09-01
ACV,1997-10-01
ACV,1997-11-01
ACV,1997-12-01
ACV,1998-01-01
ACV,1998-02-01
ACV,1998-03-01
ACV,1998-04-01
ACV,1998-05-01
ACV,1998-06-01
ACV,1998-07-01
ACV,1998-08-01
ACV,1998-09-01
ACV,1998-10-01
ACV,1998-11-01
ACV,1998-12-01
ACV,1999-01-01
ACV,1999-02-01
ACV,1999-03-01
ACV,1999-04-01
ACV,1999-05-01
ACV,1999-06-01
ACV,1999-07-01
ACV,1999-08-01
ACV,1999-09-01
ACV,1999-10-01
ACV,1999-11-01
ACV,1999-12-01
ACV,2000-01-01
ACV,2000-02-01
ACV,2000-03-01
ACV,2000-04-01
ACV,2000-05-01
ACV,2000-06-01
ACV,2000-07-01
ACV,2000-08-01
ACV,2000-09-01
ACV,2000-10-01
ACV,2000-11-01
ACV,2000-12-01
ACV,2001-01-01
ACV,2001-02-01
ACV,2001-03-01
ACV,2001-04-01
ACV,2001-05-01
ACV,2001-06-01
ACV,2001-07-01
ACV,2001-08-01
ACV,2001-09-01
ACV,2001-10-01
ACV,2001-11-01
ACV,2001-12-01
ACV,2002-01-01
ACV,2002-02-01
ACV,2002-03-01
ACV,2002-04-01
ACV,2002-05-01
ACV,2002-06-01
ACV,2002-07-01
ACV,2002-08-01
ACV,2002-09-01
ACV,2002-10-01
ACV,2002-11-01
ACV,2002-12-01
ACV,2003-01-01
ACV,2003-02-01
ACV,2003-03-01
ACV,2003-04-01
ACV,2003-05-01
ACV,2003-06-01
ACV,2003-07-01
ACV,2003-08-01
ACV,2003-09-01
ACV,2003-10-01
ACV,2003-11-01
ACV,2003-12-01
ACV,2004-01-01
ACV,2004-02-01
ACV,2004-03-01
ACV,2004-04-01
ACV,2004-05-01
ACV,2004-06-01
ACV,2004-07-01
ACV,2004-08-01
ACV,2004-09-01
ACV,2004-10-01
ACV,2004-11-01
ACV,2004-12-01
ACV,2005-01-01
ACV,2005-02-01
ACV,2005-03-01
ACV,2005-04-01
ACV,2005-05-01
ACV,2005-06-01
ACV,2005-07-01
ACV,2005-08-01
ACV,2005-09-01
ACV,2005-10-01
ACV,2005-11-01
ACV,2005-12-01
ACV,2006-01-01
ACV,2006-02-01
ACV,2006-03-01
ACV,2006-04-01
ACV,2006-05-01
ACV,2006-06-01
ACV,2006-07-01
ACV,2006-08-01
ACV,2006-09-01
ACV,2006-10-01
ACV,2006-11-01
ADCT,1999-09-01
ADCT,1999-10-01
ADCT,1999-11-01
ADCT,1999-12-01
ADCT,2000-01-01
ADCT,2000-02-01
ADCT,2000-03-01
ADCT,2000-04-01
ADCT,2000-05-01
ADCT,2000-06-01
ADCT,2000-07-01
ADCT,2000-08-01
ADCT,2000-09-01
ADCT,2000-10-01
ADCT,2000-11-01
ADCT,2000-12-01
ADCT,2001-01-01
ADCT,2001-02-01
ADCT,2001-03-01
ADCT,2001-04-01
ADCT,2001-05-01
ADCT,2001-06-01
ADCT,2001-07-01
ADCT,2001-08-01
ADCT,2001-09-01
ADCT,2001-10-01
ADCT,2001-11-01
ADCT,2001-12-01
ADCT,2002-01-01
ADCT,2002-02-01
ADCT,2002-03-01
ADCT,2002-04-01
ADCT,2002-05-01
ADCT,2002-06-01
ADCT,2002-07-01
ADCT,2002-08-01
ADCT,2002-09-01
ADCT,2002-10-01
ADCT,2002-11-01
ADCT,2002-12-01
ADCT,2003-01-01
ADCT,2003-02-01
ADCT,2003-03-01
ADCT,2003-04-01
ADCT,2003-05-01
ADCT,2003-06-01
ADCT,2003-07-01
ADCT,2003-08-01
ADCT,2003-09-01
ADCT,2003-10-01
ADCT,2003-11-01
ADCT,2003-12-01
ADCT,2004-01-01
ADCT,2004-02-01
ADCT,2004-03-01
ADCT,2004-04-01
ADCT,2004-05-01
ADCT,2004-06-01
ADCT,2004-07-01
ADCT,2004-08-01
ADCT,2004-09-01
ADCT,2004-10-01
ADCT,2004-11-01
ADCT,2004-12-01
ADCT,2005-01-01
ADCT,2005-02-01
ADCT,2005-03-01
ADCT,2005-04-01
ADCT,2005-05-01
ADCT,2005-06-01
ADCT,2005-07-01
ADCT,2005-08-01
ADCT,2005-09-01
ADCT,2005-10-01
ADCT,2005-11-01
ADCT,2005-12-01
ADCT,2006-01-01
ADCT,2006-02-01
ADCT,2006-03-01
ADCT,2006-04-01
ADCT,2006-05-01
ADCT,2006-06-01
ADCT,2006-07-01
ADCT,2006-08-01
ADCT,2006-09-01
ADCT,2006-10-01
ADCT,2006-11-01
ADCT,2006-12-01
ADCT,2007-01-01
ADCT,2007-02-01
ADCT,2007-03-01
ADCT,2007-04-01
ADCT,2007-05-01
ADCT,2007-06-01
ADCT,2007-07-01
ADS,2014-01-01
ADS,2014-02-01
ADS,2014-03-01
ADS,2014-04-01
ADS,2014-05-01
ADS,2014-06-01
ADS,2014-07-01
ADS,2014-08-01
ADS,2014-09-01
ADS,2014-10-01
ADS,2014-11-01
ADS,2014-12-01
ADS,2015-01-01
ADS,2015-02-01
ADS,2015-03-01
ADS,2015-04-01
ADS,2015-05-01
ADS,2015-06-01
ADS,2015-07-01
ADS,2015-08-01
ADS,2015-09-01
ADS,2015-10-01
ADS,2015-11-01
ADS,2015-12-01
ADS,2016-01-01
ADS,2016-02-01
ADS,2016-03-01
ADS,2016-04-01
ADS,2016-05-01
ADS,2016-06-01
ADS,2016-07-01
ADS,2016-08-01
ADS,2016-09-01
ADS,2016-10-01
ADS,2016-11-01
ADS,2016-12-01
ADS,2017-01-01
ADS,2017-02-01
ADS,2017-03-01
ADS,2017-04-01
ADS,2017-05-01
ADS,2017-06-01
ADS,2017-07-01
ADS,2017-08-01
ADS,2017-09-01
ADS,2017-10-01
ADS,2017-11-01
ADS,2017-12-01
ADS,2018-01-01
ADS,2018-02-01
ADS,2018-03-01
ADS,2018-04-01
ADS,2018-05-01
ADS,2018-06-01
ADS,2018-07-01
ADS,2018-08-01
ADS,2018-09-01
ADS,2018-10-01
ADS,2018-11-01
ADS,2018-12-01
ADS,2019-01-01
ADS,2019-02-01
ADS,2019-03-01
ADS,2019-04-01
ADS,2019-05-01
ADS,2019-06-01
ADS,2019-07-01
ADS,2019-08-01
ADS,2019-09-01
ADS,2019-10-01
ADS,2019-11-01
ADS,2019-12-01
ADS,2020-01-01
ADS,2020-02-01
ADS,2020-03-01
ADS,2020-04-01
ADS,2020-05-01
ADS,2020-06-01
ADT,2012-11-01
ADT,2012-12-01
ADT,2013-01-01
ADT,2013-02-01
ADT,2013-03-01
ADT,2013-04-01
ADT,2013-05-01
ADT,2013-06-01
ADT,2013-07-01
ADT,2013-08-01
ADT,2013-09-01
ADT,2013-10-01
ADT,2013-11-01
ADT,2013-12-01
ADT,2014-01-01
ADT,2014-02-01
ADT,2014-03-01
ADT,2014-04-01
ADT,2014-05-01
ADT,2014-06-01
ADT,2014-07-01
ADT,2014-08-01
ADT,2014-09-01
ADT,2014-10-01
ADT,2014-11-01
ADT,2014-12-01
ADT,2015-01-01
ADT,2015-02-01
ADT,2015-03-01
ADT,2015-04-01
ADT,2015-05-01
ADT,2015-06-01
ADT,2015-07-01
ADT,2015-08-01
ADT,2015-09-01
ADT,2015-10-01
ADT,2015-11-01
ADT,2015-12-01
ADT,2016-01-01
ADT,2016-02-01
ADT,2016-03-01
ADT,2016-04-01
ADT,2016-05-01
AEE,1996-02-01
AEE,1996-03-01
AEE,1996-04-01
AEE,1996-05-01
AEE,1996-06-01
AEE,1996-07-01
AEE,1996-08-01
AEE,1996-09-01
AEE,1996-10-01
AEE,1996-11-01
AEE,1996-12-01
AEE,1997-01-01
AEE,1997-02-01
AEE,1997-03-01
AEE,1997-04-01
AEE,1997-05-01
AEE,1997-06-01
AEE,1997-07-01
AEE,1997-08-01
AEE,1997-09-01
AEE,1997-10-01
AEE,1997-11-01
AEE,1997-12-01
AEE,1998-01-01
AEE,1998-02-01
AEE,1998-03-01
AEE,1998-04-01
AEE,1998-05-01
AEE,1998-06-01
AEE,1998-07-01
AEE,1998-08-01
AEE,1998-09-01
AEE,1998-10-01
AEE,1998-11-01
AEE,1998-12-01
AEE,1999-01-01
AEE,1999-02-01
AEE,1999-03-01
AEE,1999-04-01
AEE,1999-05-01
AEE,1999-06-01
AEE,1999-07-01
AEE,1999-08-01
AEE,1999-09-01
AEE,1999-10-01
AEE,1999-11-01
AEE,1999-12-01
AEE,2000-01-01
AEE,2000-02-01
AEE,2000-03-01
AEE,2000-04-01
AEE,2000-05-01
AEE,2000-06-01
AEE,2000-07-01
AEE,2000-08-01
AEE,2000-09-01
AEE,2000-10-01
AEE,2000-11-01
AEE,2000-12-01
AEE,2001-01-01
AEE,2001-02-01
AEE,2001-03-01
AEE,2001-04-01
AEE,2001-05-01
AEE,2001-06-01
AEE,2001-07-01
AEE,2001-08-01
AEE,2001-09-01
AEE,2001-10-01
AEE,2001-11-01
AEE,2001-12-01
AEE,2002-01-01
AEE,2002-02-01
AEE,2002-03-01
AEE,2002-04-01
AEE,2002-05-01
AEE,2002-06-01
AEE,2002-07-01
AEE,2002-08-01
AEE,2002-09-01
AEE,2002-10-01
AEE,2002-11-01
AEE,2002-12-01
AEE,2003-01-01
AEE,2003-02-01
AEE,2003-03-01
AEE,2003-04-01
AEE,2003-05-01
AEE,2003-06-01
AEE,2003-07-01
AEE,2003-08-01
AEE,2003-09-01
AEE,2003-10-01
AEE,2003-11-01
AEE,2003-12-01
AEE,2004-01-01
AEE,2004-02-01
AEE,2004-03-01
AEE,2004-04-01
AEE,2004-05-01
AEE,2004-06-01
AEE,2004-07-01
AEE,2004-08-01
AEE,2004-09-01
AEE,2004-10-01
AEE,2004-11-01
AEE,2004-12-01
AEE,2005-01-01
AEE,2005-02-01
AEE,2005-03-01
AEE,2005-04-01
AEE,2005-05-01
AEE,2005-06-01
AEE,2005-07-01
AEE,2005-08-01
AEE,2005-09-01
AEE,2005-10-01
AEE,2005-11-01
AEE,2005-12-01
AEE,2006-01-01
AEE,2006-02-01
AEE,2006-03-01
AEE,2006-04-01
AEE,2006-05-01
AEE,2006-06-01
AEE,2006-07-01
AEE,2006-08-01
AEE,2006-09-01
AEE,2006-10-01
AEE,2006-11-01
AEE,2006-12-01
AEE,2007-01-01
AEE,2007-02-01
AEE,2007-03-01
AEE,2007-04-01
AEE,2007-05-01
AEE,2007-06-01
AEE,2007-07-01
AEE,2007-08-01
AEE,2007-09-01
AEE,2007-10-01
AEE,2007-11-01
AEE,2007-12-01
AEE,2008-01-01
AEE,2008-02-01
AEE,2008-03-01
AEE,2008-04-01
AEE,2008-05-01
AEE,2008-06-01
AEE,2008-07-01
AEE,2008-08-01
AEE,2008-09-01
AEE,2008-10-01
AEE,2008-11-01
AEE,2008-12-01
AEE,2009-01-01
AEE,2009-02-01
AEE,2009-03-01
AEE,2009-04-01
AEE,2009-05-01
AEE,2009-06-01
AEE,2009-07-01
AEE,2009-08-01
AEE,2009-09-01
AEE,2009-10-01
AEE,2009-11-01
AEE,2009-12-01
AEE,2010-01-01
AEE,2010-02-01
AEE,2010-03-01
AEE,2010-04-01
AEE,2010-05-01
AEE,2010-06-01
AEE,2010-07-01
AEE,2010-08-01
AEE,2010-09-01
AEE,2010-10-01
AEE,2010-11-01
AEE,2010-12-01
AEE,2011-01-01
AEE,2011-02-01
AEE,2011-03-01
AEE,2011-04-01
AEE,2011-05-01
AEE,2011-06-01
AEE,2011-07-01
AEE,2011-08-01
AEE,2011-09-01
AEE,2011-10-01
AEE,2011-11-01
AEE,2011-12-01
AEE,2012-01-01
AEE,2012-02-01
AEE,2012-03-01
AEE,2012-04-01
AEE,2012-05-01
AEE,2012-06-01
AEE,2012-07-01
AEE,2012-08-01
AEE,2012-09-01
AEE,2012-10-01
AEE,2012-11-01
AEE,2012-12-01
AEE,2013-01-01
AEE,2013-02-01
AEE,2013-03-01
AEE,2013-04-01
AEE,2013-05-01
AEE,2013-06-01
AEE,2013-07-01
AEE,2013-08-01
AEE,2013-09-01
AEE,2013-10-01
AEE,2013-11-01
AEE,2013-12-01
AEE,2014-01-01
AEE,2014-02-01
AEE,2014-03-01
AEE,2014-04-01
AEE,2014-05-01
AEE,2014-06-01
AEE,2014-07-01
AEE,2014-08-01
AEE,2014-09-01
AEE,2014-10-01
AEE,2014-11-01
AEE,2014-12-01
AEE,2015-01-01
AEE,2015-02-01
AEE,2015-03-01
AEE,2015-04-01
AEE,2015-05-01
AEE,2015-06-01
AEE,2015-07-01
AEE,2015-08-01
AEE,2015-09-01
AEE,2015-10-01
AEE,2015-11-01
AEE,2015-12-01
AEE,2016-01-01
AEE,2016-02-01
AEE,2016-03-01
AEE,2016-04-01
AEE,2016-05-01
AEE,2016-06-01
AEE,2016-07-01
AEE,2016-08-01
AEE,2016-09-01
AEE,2016-10-01
AEE,2016-11-01
AEE,2016-12-01
AEE,2017-01-01
AEE,2017-02-01
AEE,2017-03-01
AEE,2017-04-01
AEE,2017-05-01
AEE,2017-06-01
AEE,2017-07-01
AEE,2017-08-01
AEE,2017-09-01
AEE,2017-10-01
AEE,2017-11-01
AEE,2017-12-01
AEE,2018-01-01
AEE,2018-02-01
AEE,2018-03-01
AEE,2018-04-01
AEE,2018-05-01
AEE,2018-06-01
AEE,2018-07-01
AEE,2018-08-01
AEE,2018-09-01
AEE,2018-10-01
AEE,2018-11-01
AEE,2018-12-01
AEE,2019-01-01
AEE,2019-02-01
AEE,2019-03-01
AEE,2019-04-01
AEE,2019-05-01
AEE,2019-06-01
AEE,2019-07-01
AEE,2019-08-01
AEE,2019-09-01
AEE,2019-10-01
AEE,2019-11-01
AEE,2019-12-01
AEE,2020-01-01
AEE,2020-02-01
AEE,2020-03-01
AEE,2020-04-01
AEE,2020-05-01
AEE,2020-06-01
AEE,2020-07-01
AEE,2020-08-01
AEE,2020-09-01
AEE,2020-10-01
AEE,2020-11-01
AEE,2020-12-01
AEE,2021-01-01
AEE,2021-02-01
AEE,2021-03-01
AEE,2021-04-01
AEE,2021-05-01
AEE,2021-06-01
AEE,2021-07-01
AEE,2021-08-01
AEE,2021-09-01
AEE,2021-10-01
AEE,2021-11-01
AEE,2021-12-01
AEE,2022-01-01
AEE,2022-02-01
AEE,2022-03-01
AEE,2022-04-01
AEE,2022-05-01
AEE,2022-06-01
AEE,2022-07-01
AEE,2022-08-01
AEE,2022-09-01
AEE,2022-10-01
AEE,2022-11-01
AEE,2022-12-01
AEE,2023-01-01
AEE,2023-02-01
AEE,2023-03-01
AEE,2023-04-01
AEE,2023-05-01
AEE,2023-06-01
AEE,2023-07-01
AEE,2023-08-01
AEE,2023-09-01
AEE,2023-10-01
AEE,2023-11-01
AEE,2023-12-01
AEE,2024-01-01
AEE,2024-02-01
AEE,2024-03-01
AEE,2024-04-01
AEE,2024-05-01
AEE,2024-06-01
AEE,2024-07-01
AEE,2024-08-01
AEE,2024-09-01
AEE,2024-10-01
AEE,2024-11-01
AEE,2024-12-01
AEE,2025-01-01
AEE,2025-02-01
AEE,2025-03-01
AEE,2025-04-01
AEE,2025-05-01
AFS-A,1998-05-01
AFS-A,1998-06-01
AFS-A,1998-07-01
AFS-A,1998-08-01
AFS-A,1998-09-01
AFS-A,1998-10-01
AFS-A,1998-11-01
AFS-A,1998-12-01
AFS-A,1999-01-01
AFS-A,1999-02-01
AFS-A,1999-03-01
AFS-A,1999-04-01
AFS-A,1999-05-01
AFS-A,1999-06-01
AFS-A,1999-07-01
AFS-A,1999-08-01
AFS-A,1999-09-01
AFS-A,1999-10-01
AFS-A,1999-11-01
AFS-A,1999-12-01
AFS-A,2000-01-01
AFS-A,2000-02-01
AFS-A,2000-03-01
AFS-A,2000-04-01
AFS-A,2000-05-01
AFS-A,2000-06-01
AFS-A,2000-07-01
AFS-A,2000-08-01
AFS-A,2000-09-01
AFS-A,2000-10-01
AFS-A,2000-11-01
AGC,1996-02-01
AGC,1996-03-01
AGC,1996-04-01
AGC,1996-05-01
AGC,1996-06-01
AGC,1996-07-01
AGC,1996-08-01
AGC,1996-09-01
AGC,1996-10-01
AGC,1996-11-01
AGC,1996-12-01
AGC,1997-01-01
AGC,1997-02-01
AGC,1997-03-01
AGC,1997-04-01
AGC,1997-05-01
AGC,1997-06-01
AGC,1997-07-01
AGC,1997-08-01
AGC,1997-09-01
AGC,1997-10-01
AGC,1997-11-01
AGC,1997-12-01
AGC,1998-01-01
AGC,1998-02-01
AGC,1998-03-01
AGC,1998-04-01
AGC,1998-05-01
AGC,1998-06-01
AGC,1998-07-01
AGC,1998-08-01
AGC,1998-09-01
AGC,1998-10-01
AGC,1998-11-01
AGC,1998-12-01
AGC,1999-01-01
AGC,1999-02-01
AGC,1999-03-01
AGC,1999-04-01
AGC,1999-05-01
AGC,1999-06-01
AGC,1999-07-01
AGC,1999-08-01
AGC,1999-09-01
AGC,1999-10-01
AGC,1999-11-01
AGC,1999-12-01
AGC,2000-01-01
AGC,2000-02-01
AGC,2000-03-01
AGC,2000-04-01
AGC,2000-05-01
AGC,2000-06-01
AGC,2000-07-01
AGC,2000-08-01
AGC,2000-09-01
AGC,2000-10-01
AGC,2000-11-01
AGC,2000-12-01
AGC,2001-01-01
AGC,2001-02-01
AGC,2001-03-01
AGC,2001-04-01
AGC,2001-05-01
AGC,2001-06-01
AGC,2001-07-01
AGC,2001-08-01
AGN,1996-02-01
AGN,1996-03-01
AGN,1996-04-01
AGN,1996-05-01
AGN,1996-06-01
AGN,1996-07-01
AGN,1996-08-01
AGN,1996-09-01
AGN,1996-10-01
AGN,1996-11-01
AGN,1996-12-01
AGN,1997-01-01
AGN,1997-02-01
AGN,1997-03-01
AGN,1997-04-01
AGN,1997-05-01
AGN,1997-06-01
AGN,1997-07-01
AGN,1997-08-01
AGN,1997-09-01
AGN,1997-10-01
AGN,1997-11-01
AGN,1997-12-01
AGN,1998-01-01
AGN,1998-02-01
AGN,1998-03-01
AGN,1998-04-01
AGN,1998-05-01
AGN,1998-06-01
AGN,1998-07-01
AGN,1998-08-01
AGN,1998-09-01
AGN,1998-10-01
AGN,1998-11-01
AGN,1998-12-01
AGN,1999-01-01
AGN,1999-02-01
AGN,1999-03-01
AGN,1999-04-01
AGN,1999-05-01
AGN,1999-06-01
AGN,1999-07-01
AGN,1999-08-01
AGN,1999-09-01
AGN,1999-10-01
AGN,1999-11-01
AGN,1999-12-01
AGN,2000-01-01
AGN,2000-02-01
AGN,2000-03-01
AGN,2000-04-01
AGN,2000-05-01
AGN,2000-06-01
AGN,2000-07-01
AGN,2000-08-01
AGN,2000-09-01
AGN,2000-10-01
AGN,2000-11-01
AGN,2000-12-01
AGN,2001-01-01
AGN,2001-02-01
AGN,2001-03-01
AGN,2001-04-01
AGN,2001-05-01
AGN,2001-06-01
AGN,2001-07-01
AGN,2001-08-01
AGN,2001-09-01
AGN,2001-10-01
AGN,2001-11-01
AGN,2001-12-01
AGN,2002-01-01
AGN,2002-02-01
AGN,2002-03-01
AGN,2002-04-01
AGN,2002-05-01
AGN,2002-06-01
AGN,2002-07-01
AGN,2002-08-01
AGN,2002-09-01
AGN,2002-10-01
AGN,2002-11-01
AGN,2002-12-01
AGN,2003-01-01
AGN,2003-02-01
AGN,2003-03-01
AGN,2003-04-01
AGN,2003-05-01
AGN,2003-06-01
AGN,2003-07-01
AGN,2003-08-01
AGN,2003-09-01
AGN,2003-10-01
AGN,2003-11-01
AGN,2003-12-01
AGN,2004-01-01
AGN,2004-02-01
AGN,2004-03-01
AGN,2004-04-01
AGN,2004-05-01
AGN,2004-06-01
AGN,2004-07-01
AGN,2004-08-01
AGN,2004-09-01
AGN,2004-10-01
AGN,2004-11-01
AGN,2004-12-01
AGN,2005-01-01
AGN,2005-02-01
AGN,2005-03-01
AGN,2005-04-01
AGN,2005-05-01
AGN,2005-06-01
AGN,2005-07-01
AGN,2005-08-01
AGN,2005-09-01
AGN,2005-10-01
AGN,2005-11-01
AGN,2005-12-01
AGN,2006-01-01
AGN,2006-02-01
AGN,2006-03-01
AGN,2006-04-01
AGN,2006-05-01
AGN,2006-06-01
AGN,2006-07-01
AGN,2006-08-01
AGN,2006-09-01
AGN,2006-10-01
AGN,2006-11-01
AGN,2006-12-01
AGN,2007-01-01
AGN,2007-02-01
AGN,2007-03-01
AGN,2007-04-01
AGN,2007-05-01
AGN,2007-06-01
AGN,2007-07-01
AGN,2007-08-01
AGN,2007-09-01
AGN,2007-10-01
AGN,2007-11-01
AGN,2007-12-01
AGN,2008-01-01
AGN,2008-02-01
AGN,2008-03-01
AGN,2008-04-01
AGN,2008-05-01
AGN,2008-06-01
AGN,2008-07-01
AGN,2008-08-01
AGN,2008-09-01
AGN,2008-10-01
AGN,2008-11-01
AGN,2008-12-01
AGN,2009-01-01
AGN,2009-02-01
AGN,2009-03-01
AGN,2009-04-01
AGN,2009-05-01
AGN,2009-06-01
AGN,2009-07-01
AGN,2009-08-01
AGN,2009-09-01
AGN,2009-10-01
AGN,2009-11-01
AGN,2009-12-01
AGN,2010-01-01
AGN,2010-02-01
AGN,2010-03-01
AGN,2010-04-01
AGN,2010-05-01
AGN,2010-06-01
AGN,2010-07-01
AGN,2010-08-01
AGN,2010-09-01
AGN,2010-10-01
AGN,2010-11-01
AGN,2010-12-01
AGN,2011-01-01
AGN,2011-02-01
AGN,2011-03-01
AGN,2011-04-01
AGN,2011-05-01
AGN,2011-06-01
AGN,2011-07-01
AGN,2011-08-01
AGN,2011-09-01
AGN,2011-10-01
AGN,2011-11-01
AGN,2011-12-01
AGN,2012-01-01
AGN,2012-02-01
AGN,2012-03-01
AGN,2012-04-01
AGN,2012-05-01
AGN,2012-06-01
AGN,2012-07-01
AGN,2012-08-01
AGN,2012-09-01
AGN,2012-10-01
AGN,2012-11-01
AGN,2012-12-01
AGN,2013-01-01
AGN,2013-02-01
AGN,2013-03-01
AGN,2013-04-01
AGN,2013-05-01
AGN,2013-06-01
AGN,2013-07-01
AGN,2013-08-01
AGN,2013-09-01
AGN,2013-10-01
AGN,2013-11-01
AGN,2013-12-01
AGN,2014-01-01
AGN,2014-02-01
AGN,2014-03-01
AGN,2014-04-01
AGN,2014-05-01
AGN,2014-06-01
AGN,2014-07-01
AGN,2014-08-01
AGN,2014-09-01
AGN,2014-10-01
AGN,2014-11-01
AGN,2014-12-01
AGN,2015-01-01
AGN,2015-02-01
AGN,2015-03-01
AGN,2015-04-01
AGN,2015-05-01
AGN,2015-06-01
AGN,2015-07-01
AGN,2015-08-01
AGN,2015-09-01
AGN,2015-10-01
AGN,2015-11-01
AGN,2015-12-01
AGN,2016-01-01
AGN,2016-02-01
AGN,2016-03-01
AGN,2016-04-01
AGN,2016-05-01
AGN,2016-06-01
AGN,2016-07-01
AGN,2016-08-01
AGN,2016-09-01
AGN,2016-10-01
AGN,2016-11-01
AGN,2016-12-01
AGN,2017-01-01
AGN,2017-02-01
AGN,2017-03-01
AGN,2017-04-01
AGN,2017-05-01
AGN,2017-06-01
AGN,2017-07-01
AGN,2017-08-01
AGN,2017-09-01
AGN,2017-10-01
AGN,2017-11-01
AGN,2017-12-01
AGN,2018-01-01
AGN,2018-02-01
AGN,2018-03-01
AGN,2018-04-01
AGN,2018-05-01
AGN,2018-06-01
AGN,2018-07-01
AGN,2018-08-01
AGN,2018-09-01
AGN,2018-10-01
AGN,2018-11-01
AGN,2018-12-01
AGN,2019-01-01
AGN,2019-02-01
AGN,2019-03-01
AGN,2019-04-01
AGN,2019-05-01
AGN,2019-06-01
AGN,2019-07-01
AGN,2019-08-01
AGN,2019-09-01
AGN,2019-10-01
AGN,2019-11-01
AGN,2019-12-01
AGN,2020-01-01
AGN,2020-02-01
AGN,2020-03-01
AGN,2020-04-01
AGN,2020-05-01
AHM,1996-02-01
AHM,1996-03-01
AHM,1996-04-01
AHM,1996-05-01
AHM,1996-06-01
AHM,1996-07-01
AHM,1996-08-01
AHM,1996-09-01
AHM,1996-10-01
AHM,1996-11-01
AHM,1996-12-01
AHM,1997-01-01
AHM,1997-02-01
AHM,1997-03-01
AHM,1997-04-01
AHM,1997-05-01
AHM,1997-06-01
AHM,1997-07-01
AHM,1997-08-01
AHM,1997-09-01
AHM,1997-10-01
AHM,1997-11-01
AHM,1997-12-01
AHM,1998-01-01
AHM,1998-02-01
AHM,1998-03-01
AHM,1998-04-01
AHM,1998-05-01
AHM,1998-06-01
AHM,1998-07-01
AHM,1998-08-01
AHM,1998-09-01
AKS,2008-07-01
AKS,2008-08-01
AKS,2008-09-01
AKS,2008-10-01
AKS,2008-11-01
AKS,2008-12-01
AKS,2009-01-01
AKS,2009-02-01
AKS,2009-03-01
AKS,2009-04-01
AKS,2009-05-01
AKS,2009-06-01
AKS,2009-07-01
AKS,2009-08-01
AKS,2009-09-01
AKS,2009-10-01
AKS,2009-11-01
AKS,2009-12-01
AKS,2010-01-01
AKS,2010-02-01
AKS,2010-03-01
AKS,2010-04-01
AKS,2010-05-01
AKS,2010-06-01
AKS,2010-07-01
AKS,2010-08-01
AKS,2010-09-01
AKS,2010-10-01
AKS,2010-11-01
AKS,2010-12-01
AKS,2011-01-01
AKS,2011-02-01
AKS,2011-03-01
AKS,2011-04-01
AKS,2011-05-01
AKS,2011-06-01
AKS,2011-07-01
AKS,2011-08-01
AKS,2011-09-01
AKS,2011-10-01
AKS,2011-11-01
AKS,2011-12-01
AL,1996-02-01
AL,1996-03-01
AL,1996-04-01
AL,1996-05-01
AL,1996-06-01
AL,1996-07-01
AL,1996-08-01
AL,1996-09-01
AL,1996-10-01
AL,1996-11-01
AL,1996-12-01
AL,1997-01-01
AL,1997-02-01
AL,1997-03-01
AL,1997-04-01
AL,1997-05-01
AL,1997-06-01
AL,1997-07-01
AL,1997-08-01
AL,1997-09-01
AL,1997-10-01
AL,1997-11-01
AL,1997-12-01
AL,1998-01-01
AL,1998-02-01
AL,1998-03-01
AL,1998-04-01
AL,1998-05-01
AL,1998-06-01
AL,1998-07-01
AL,1998-08-01
AL,1998-09-01
AL,1998-10-01
AL,1998-11-01
AL,1998-12-01
AL,1999-01-01
AL,1999-02-01
AL,1999-03-01
AL,1999-04-01
AL,1999-05-01
AL,1999-06-01
AL,1999-07-01
AL,1999-08-01
AL,1999-09-01
AL,1999-10-01
AL,1999-11-01
AL,1999-12-01
AL,2000-01-01
AL,2000-02-01
AL,2000-03-01
AL,2000-04-01
AL,2000-05-01
AL,2000-06-01
AL,2000-07-01
AL,2000-08-01
AL,2000-09-01
AL,2000-10-01
AL,2000-11-01
AL,2000-12-01
AL,2001-01-01
AL,2001-02-01
AL,2001-03-01
AL,2001-04-01
AL,2001-05-01
AL,2001-06-01
AL,2001-07-01
AL,2001-08-01
AL,2001-09-01
AL,2001-10-01
AL,2001-11-01
AL,2001-12-01
AL,2002-01-01
AL,2002-02-01
AL,2002-03-01
AL,2002-04-01
AL,2002-05-01
AL,2002-06-01
AL,2002-07-01
ALTR,2000-05-01
ALTR,2000-06-01
ALTR,2000-07-01
ALTR,2000-08-01
ALTR,2000-09-01
ALTR,2000-10-01
ALTR,2000-11-01
ALTR,2000-12-01
ALTR,2001-01-01
ALTR,2001-02-01
ALTR,2001-03-01
ALTR,2001-04-01
ALTR,2001-05-01
ALTR,2001-06-01
ALTR,2001-07-01
ALTR,2001-08-01
ALTR,2001-09-01
ALTR,2001-10-01
ALTR,2001-11-01
ALTR,2001-12-01
ALTR,2002-01-01
ALTR,2002-02-01
ALTR,2002-03-01
ALTR,2002-04-01
ALTR,2002-05-01
ALTR,2002-06-01
ALTR,2002-07-01
ALTR,2002-08-01
ALTR,2002-09-01
ALTR,2002-10-01
ALTR,2002-11-01
ALTR,2002-12-01
ALTR,2003-01-01
ALTR,2003-02-01
ALTR,2003-03-01
ALTR,2003-04-01
ALTR,2003-05-01
ALTR,2003-06-01
ALTR,2003-07-01
ALTR,2003-08-01
ALTR,2003-09-01
ALTR,2003-10-01
ALTR,2003-11-01
ALTR,2003-12-01
ALTR,2004-01-01
ALTR,2004-02-01
ALTR,2004-03-01
ALTR,2004-04-01
ALTR,2004-05-01
ALTR,2004-06-01
ALTR,2004-07-01
ALTR,2004-08-01
ALTR,2004-09-01
ALTR,2004-10-01
ALTR,2004-11-01
ALTR,2004-12-01
ALTR,2005-01-01
ALTR,2005-02-01
ALTR,2005-03-01
ALTR,2005-04-01
ALTR,2005-05-01
ALTR,2005-06-01
ALTR,2005-07-01
ALTR,2005-08-01
ALTR,2005-09-01
ALTR,2005-10-01
ALTR,2005-11-01
ALTR,2005-12-01
ALTR,2006-01-01
ALTR,2006-02-01
ALTR,2006-03-01
ALTR,2006-04-01
ALTR,2006-05-01
ALTR,2006-06-01
ALTR,2006-07-01
ALTR,2006-08-01
ALTR,2006-09-01
ALTR,2006-10-01
ALTR,2006-11-01
ALTR,2006-12-01
ALTR,2007-01-01
ALTR,2007-02-01
ALTR,2007-03-01
ALTR,2007-04-01
ALTR,2007-05-01
ALTR,2007-06-01
ALTR,2007-07-01
ALTR,2007-08-01
ALTR,2007-09-01
ALTR,2007-10-01
ALTR,2007-11-01
ALTR,2007-12-01
ALTR,2008-01-01
ALTR,2008-02-01
ALTR,2008-03-01
ALTR,2008-04-01
ALTR,2008-05-01
ALTR,2008-06-01
ALTR,2008-07-01
ALTR,2008-08-01
ALTR,2008-09-01
ALTR,2008-10-01
ALTR,2008-11-01
ALTR,2008-12-01
ALTR,2009-01-01
ALTR,2009-02-01
ALTR,2009-03-01
ALTR,2009-04-01
ALTR,2009-05-01
ALTR,2009-06-01
ALTR,2009-07-01
ALTR,2009-08-01
ALTR,2009-09-01
ALTR,2009-10-01
ALTR,2009-11-01
ALTR,2009-12-01
ALTR,2010-01-01
ALTR,2010-02-01
ALTR,2010-03-01
ALTR,2010-04-01
ALTR,2010-05-01
ALTR,2010-06-01
ALTR,2010-07-01
ALTR,2010-08-01
ALTR,2010-09-01
ALTR,2010-10-01
ALTR,2010-11-01
ALTR,2010-12-01
ALTR,2011-01-01
ALTR,2011-02-01
ALTR,2011-03-01
ALTR,2011-04-01
ALTR,2011-05-01
ALTR,2011-06-01
ALTR,2011-07-01
ALTR,2011-08-01
ALTR,2011-09-01
ALTR,2011-10-01
ALTR,2011-11-01
ALTR,2011-12-01
ALTR,2012-01-01
ALTR,2012-02-01
ALTR,2012-03-01
ALTR,2012-04-01
ALTR,2012-05-01
ALTR,2012-06-01
ALTR,2012-07-01
ALTR,2012-08-01
ALTR,2012-09-01
ALTR,2012-10-01
ALTR,2012-11-01
ALTR,2012-12-01
ALTR,2013-01-01
ALTR,2013-02-01
ALTR,2013-03-01
ALTR,2013-04-01
ALTR,2013-05-01
ALTR,2013-06-01
ALTR,2013-07-01
ALTR,2013-08-01
ALTR,2013-09-01
ALTR,2013-10-01
ALTR,2013-11-01
ALTR,2013-12-01
ALTR,2014-01-01
ALTR,2014-02-01
ALTR,2014-03-01
ALTR,2014-04-01
ALTR,2014-05-01
ALTR,2014-06-01
ALTR,2014-07-01
ALTR,2014-08-01
ALTR,2014-09-01
ALTR,2014-10-01
ALTR,2014-11-01
ALTR,2014-12-01
ALTR,2015-01-01
ALTR,2015-02-01
ALTR,2015-03-01
ALTR,2015-04-01
ALTR,2015-05-01
ALTR,2015-06-01
ALTR,2015-07-01
ALTR,2015-08-01
ALTR,2015-09-01
ALTR,2015-10-01
ALTR,2015-11-01
ALTR,2015-12-01
ALXN,2012-06-01
ALXN,2012-07-01
ALXN,2012-08-01
ALXN,2012-09-01
ALXN,2012-10-01
ALXN,2012-11-01
ALXN,2012-12-01
ALXN,2013-01-01
ALXN,2013-02-01
ALXN,2013-03-01
ALXN,2013-04-01
ALXN,2013-05-01
ALXN,2013-06-01
ALXN,2013-07-01
ALXN,2013-08-01
ALXN,2013-09-01
ALXN,2013-10-01
ALXN,2013-11-01
ALXN,2013-12-01
ALXN,2014-01-01
ALXN,2014-02-01
ALXN,2014-03-01
ALXN,2014-04-01
ALXN,2014-05-01
ALXN,2014-06-01
ALXN,2014-07-01
ALXN,2014-08-01
ALXN,2014-09-01
ALXN,2014-10-01
ALXN,2014-11-01
ALXN,2014-12-01
ALXN,2015-01-01
ALXN,2015-02-01
ALXN,2015-03-01
ALXN,2015-04-01
ALXN,2015-05-01
ALXN,2015-06-01
ALXN,2015-07-01
ALXN,2015-08-01
ALXN,2015-09-01
ALXN,2015-10-01
ALXN,2015-11-01
ALXN,2015-12-01
ALXN,2016-01-01
ALXN,2016-02-01
ALXN,2016-03-01
ALXN,2016-04-01
ALXN,2016-05-01
ALXN,2016-06-01
ALXN,2016-07-01
ALXN,2016-08-01
ALXN,2016-09-01
ALXN,2016-10-01
ALXN,2016-11-01
ALXN,2016-12-01
ALXN,2017-01-01
ALXN,2017-02-01
ALXN,2017-03-01
ALXN,2017-04-01
ALXN,2017-05-01
ALXN,2017-06-01
ALXN,2017-07-01
ALXN,2017-08-01
ALXN,2017-09-01
ALXN,2017-10-01
ALXN,2017-11-01
ALXN,2017-12-01
ALXN,2018-01-01
ALXN,2018-02-01
ALXN,2018-03-01
ALXN,2018-04-01
ALXN,2018-05-01
ALXN,2018-06-01
ALXN,2018-07-01
ALXN,2018-08-01
ALXN,2018-09-01
ALXN,2018-10-01
ALXN,2018-11-01
ALXN,2018-12-01
ALXN,2019-01-01
ALXN,2019-02-01
ALXN,2019-03-01
ALXN,2019-04-01
ALXN,2019-05-01
ALXN,2019-06-01
ALXN,2019-07-01
ALXN,2019-08-01
ALXN,2019-09-01
ALXN,2019-10-01
ALXN,2019-11-01
ALXN,2019-12-01
ALXN,2020-01-01
ALXN,2020-02-01
ALXN,2020-03-01
ALXN,2020-04-01
ALXN,2020-05-01
ALXN,2020-06-01
ALXN,2020-07-01
ALXN,2020-08-01
ALXN,2020-09-01
ALXN,2020-10-01
ALXN,2020-11-01
ALXN,2020-12-01
ALXN,2021-01-01
ALXN,2021-02-01
ALXN,2021-03-01
ALXN,2021-04-01
ALXN,2021-05-01
ALXN,2021-06-01
ALXN,2021-07-01
AM,1996-02-01
AM,1996-03-01
AM,1996-04-01
AM,1996-05-01
AM,1996-06-01
AM,1996-07-01
AM,1996-08-01
AM,1996-09-01
AM,1996-10-01
AM,1996-11-01
AM,1996-12-01
AM,1997-01-01
AM,1997-02-01
AM,1997-03-01
AM,1997-04-01
AM,1997-05-01
AM,1997-06-01
AM,1997-07-01
AM,1997-08-01
AM,1997-09-01
AM,1997-10-01
AM,1997-11-01
AM,1997-12-01
AM,1998-01-01
AM,1998-02-01
AM,1998-03-01
AM,1998-04-01
AM,1998-05-01
AM,1998-06-01
AM,1998-07-01
AM,1998-08-01
AM,1998-09-01
AM,1998-10-01
AM,1998-11-01
AM,1998-12-01
AM,1999-01-01
AM,1999-02-01
AM,1999-03-01
AM,1999-04-01
AM,1999-05-01
AM,1999-06-01
AM,1999-07-01
AM,1999-08-01
AM,1999-09-01
AM,1999-10-01
AM,1999-11-01
AM,1999-12-01
AM,2000-01-01
AM,2000-02-01
AM,2000-03-01
AM,2000-04-01
AM,2000-05-01
AM,2000-06-01
AM,2000-07-01
AM,2000-08-01
AM,2000-09-01
AM,2000-10-01
AM,2000-11-01
AM,2000-12-01
AM,2001-01-01
AM,2001-02-01
AM,2001-03-01
AM,2001-04-01
AM,2001-05-01
AM,2001-06-01
AM,2001-07-01
AM,2001-08-01
AM,2001-09-01
AM,2001-10-01
AM,2001-11-01
AM,2001-12-01
AM,2002-01-01
AM,2002-02-01
AM,2002-03-01
AM,2002-04-01
AM,2002-05-01
AM,2002-06-01
AM,2002-07-01
AM,2002-08-01
AM,2002-09-01
AM,2002-10-01
AM,2002-11-01
AM,2002-12-01
AM,2003-01-01
AM,2003-02-01
AM,2003-03-01
AM,2003-04-01
AM,2003-05-01
AM,2003-06-01
AM,2003-07-01
AM,2003-08-01
AM,2003-09-01
AM,2003-10-01
AM,2003-11-01
AM,2003-12-01
AM,2004-01-01
AM,2004-02-01
AM,2004-03-01
AM,2004-04-01
AM,2004-05-01
AMCC,2001-02-01
AMCC,2001-03-01
AMCC,2001-04-01
AMCC,2001-05-01
AMCC,2001-06-01
AMCC,2001-07-01
AMCC,2001-08-01
AMCC,2001-09-01
AMCC,2001-10-01
AMCC,2001-11-01
AMCC,2001-12-01
AMCC,2002-01-01
AMCC,2002-02-01
AMCC,2002-03-01
AMCC,2002-04-01
AMCC,2002-05-01
AMCC,2002-06-01
AMCC,2002-07-01
AMCC,2002-08-01
AMCC,2002-09-01
AMCC,2002-10-01
AMCC,2002-11-01
AMCC,2002-12-01
AMCC,2003-01-01
AMCC,2003-02-01
AMCC,2003-03-01
AMCC,2003-04-01
AMCC,2003-05-01
AMCC,2003-06-01
AMCC,2003-07-01
AMCC,2003-08-01
AMCC,2003-09-01
AMCC,2003-10-01
AMCC,2003-11-01
AMCC,2003-12-01
AMCC,2004-01-01
AMCC,2004-02-01
AMCC,2004-03-01
AMCC,2004-04-01
AMCC,2004-05-01
AMCC,2004-06-01
AMCC,2004-07-01
AMCC,2004-08-01
AMCC,2004-09-01
AMCC,2004-10-01
AMCC,2004-11-01
AMCC,2004-12-01
AMCC,2005-01-01
AMCC,2005-02-01
AMCC,2005-03-01
AMCC,2005-04-01
AMCC,2005-05-01
AMCC,2005-06-01
AMCC,2005-07-01
AMCC,2005-08-01
AMCC,2005-09-01
AMCC,2005-10-01
AMCC,2005-11-01
AMCC,2005-12-01
AMCC,2006-01-01
AMCC,2006-02-01
AMCC,2006-03-01
AMCC,2006-04-01
AMCC,2006-05-01
AMH,1996-02-01
AMH,1996-03-01
AMH,1996-04-01
AMH,1996-05-01
AMH,1996-06-01
AMH,1996-07-01
AMH,1996-08-01
AMH,1996-09-01
AMH,1996-10-01
AMH,1996-11-01
AMH,1996-12-01
AMH,1997-01-01
AMH,1997-02-01
AMH,1997-03-01
AMH,1997-04-01
AMH,1997-05-01
AMH,1997-06-01
AMH,1997-07-01
AMH,1997-08-01
AMH,1997-09-01
AMP,1996-02-01
AMP,1996-03-01
AMP,1996-04-01
AMP,1996-05-01
AMP,1996-06-01
AMP,1996-07-01
AMP,1996-08-01
AMP,1996-09-01
AMP,1996-10-01
AMP,1996-11-01
AMP,1996-12-01
AMP,1997-01-01
AMP,1997-02-01
AMP,1997-03-01
AMP,1997-04-01
AMP,1997-05-01
AMP,1997-06-01
AMP,1997-07-01
AMP,1997-08-01
AMP,1997-09-01
AMP,1997-10-01
AMP,1997-11-01
AMP,1997-12-01
AMP,1998-01-01
AMP,1998-02-01
AMP,1998-03-01
AMP,1998-04-01
AMP,1998-05-01
AMP,1998-06-01
AMP,1998-07-01
AMP,1998-08-01
AMP,1998-09-01
AMP,1998-10-01
AMP,1998-11-01
AMP,1998-12-01
AMP,1999-01-01
AMP,1999-02-01
AMP,1999-03-01
AMP,1999-04-01
AMP,2005-11-01
AMP,2005-12-01
AMP,2006-01-01
AMP,2006-02-01
AMP,2006-03-01
AMP,2006-04-01
AMP,2006-05-01
AMP,2006-06-01
AMP,2006-07-01
AMP,2006-08-01
AMP,2006-09-01
AMP,2006-10-01
AMP,2006-11-01
AMP,2006-12-01
AMP,2007-01-01
AMP,2007-02-01
AMP,2007-03-01
AMP,2007-04-01
AMP,2007-05-01
AMP,2007-06-01
AMP,2007-07-01
AMP,2007-08-01
AMP,2007-09-01
AMP,2007-10-01
AMP,2007-11-01
AMP,2007-12-01
AMP,2008-01-01
AMP,2008-02-01
AMP,2008-03-01
AMP,2008-04-01
AMP,2008-05-01
AMP,2008-06-01
AMP,2008-07-01
AMP,2008-08-01
AMP,2008-09-01
AMP,2008-10-01
AMP,2008-11-01
AMP,2008-12-01
AMP,2009-01-01
AMP,2009-02-01
AMP,2009-03-01
AMP,2009-04-01
AMP,2009-05-01
AMP,2009-06-01
AMP,2009-07-01
AMP,2009-08-01
AMP,2009-09-01
AMP,2009-10-01
AMP,2009-11-01
AMP,2009-12-01
AMP,2010-01-01
AMP,2010-02-01
AMP,2010-03-01
AMP,2010-04-01
AMP,2010-05-01
AMP,2010-06-01
AMP,2010-07-01
AMP,2010-08-01
AMP,2010-09-01
AMP,2010-10-01
AMP,2010-11-01
AMP,2010-12-01
AMP,2011-01-01
AMP,2011-02-01
AMP,2011-03-01
AMP,2011-04-01
AMP,2011-05-01
AMP,2011-06-01
AMP,2011-07-01
AMP,2011-08-01
AMP,2011-09-01
AMP,2011-10-01
AMP,2011-11-01
AMP,2011-12-01
AMP,2012-01-01
AMP,2012-02-01
AMP,2012-03-01
AMP,2012-04-01
AMP,2012-05-01
AMP,2012-06-01
AMP,2012-07-01
AMP,2012-08-01
AMP,2012-09-01
AMP,2012-10-01
AMP,2012-11-01
AMP,2012-12-01
AMP,2013-01-01
AMP,2013-02-01
AMP,2013-03-01
AMP,2013-04-01
AMP,2013-05-01
AMP,2013-06-01
AMP,2013-07-01
AMP,2013-08-01
AMP,2013-09-01
AMP,2013-10-01
AMP,2013-11-01
AMP,2013-12-01
AMP,2014-01-01
AMP,2014-02-01
AMP,2014-03-01
AMP,2014-04-01
AMP,2014-05-01
AMP,2014-06-01
AMP,2014-07-01
AMP,2014-08-01
AMP,2014-09-01
AMP,2014-10-01
AMP,2014-11-01
AMP,2014-12-01
AMP,2015-01-01
AMP,2015-02-01
AMP,2015-03-01
AMP,2015-04-01
AMP,2015-05-01
AMP,2015-06-01
AMP,2015-07-01
AMP,2015-08-01
AMP,2015-09-01
AMP,2015-10-01
AMP,2015-11-01
AMP,2015-12-01
AMP,2016-01-01
AMP,2016-02-01
AMP,2016-03-01
AMP,2016-04-01
AMP,2016-05-01
AMP,2016-06-01
AMP,2016-07-01
AMP,2016-08-01
AMP,2016-09-01
AMP,2016-10-01
AMP,2016-11-01
AMP,2016-12-01
AMP,2017-01-01
AMP,2017-02-01
AMP,2017-03-01
AMP,2017-04-01
AMP,2017-05-01
AMP,2017-06-01
AMP,2017-07-01
AMP,2017-08-01
AMP,2017-09-01
AMP,2017-10-01
AMP,2017-11-01
AMP,2017-12-01
AMP,2018-01-01
AMP,2018-02-01
AMP,2018-03-01
AMP,2018-04-01
AMP,2018-05-01
AMP,2018-06-01
AMP,2018-07-01
AMP,2018-08-01
AMP,2018-09-01
AMP,2018-10-01
AMP,2018-11-01
AMP,2018-12-01
AMP,2019-01-01
AMP,2019-02-01
AMP,2019-03-01
AMP,2019-04-01
AMP,2019-05-01
AMP,2019-06-01
AMP,2019-07-01
AMP,2019-08-01
AMP,2019-09-01
AMP,2019-10-01
AMP,2019-11-01
AMP,2019-12-01
AMP,2020-01-01
AMP,2020-02-01
AMP,2020-03-01
AMP,2020-04-01
AMP,2020-05-01
AMP,2020-06-01
AMP,2020-07-01
AMP,2020-08-01
AMP,2020-09-01
AMP,2020-10-01
AMP,2020-11-01
AMP,2020-12-01
AMP,2021-01-01
AMP,2021-02-01
AMP,2021-03-01
AMP,2021-04-01
AMP,2021-05-01
AMP,2021-06-01
AMP,2021-07-01
AMP,2021-08-01
AMP,2021-09-01
AMP,2021-10-01
AMP,2021-11-01
AMP,2021-12-01
AMP,2022-01-01
AMP,2022-02-01
AMP,2022-03-01
AMP,2022-04-01
AMP,2022-05-01
AMP,2022-06-01
AMP,2022-07-01
AMP,2022-08-01
AMP,2022-09-01
AMP,2022-10-01
AMP,2022-11-01
AMP,2022-12-01
AMP,2023-01-01
AMP,2023-02-01
AMP,2023-03-01
AMP,2023-04-01
AMP,2023-05-01
AMP,2023-06-01
AMP,2023-07-01
AMP,2023-08-01
AMP,2023-09-01
AMP,2023-10-01
AMP,2023-11-01
AMP,2023-12-01
AMP,2024-01-01
AMP,2024-02-01
AMP,2024-03-01
AMP,2024-04-01
AMP,2024-05-01
AMP,2024-06-01
AMP,2024-07-01
AMP,2024-08-01
AMP,2024-09-01
AMP,2024-10-01
AMP,2024-11-01
AMP,2024-12-01
AMP,2025-01-01
AMP,2025-02-01
AMP,2025-03-01
AMP,2025-04-01
AMP,2025-05-01
ANDW,1996-02-01
ANDW,1996-03-01
ANDW,1996-04-01
ANDW,1996-05-01
ANDW,1996-06-01
ANDW,1996-07-01
ANDW,1996-08-01
ANDW,1996-09-01
ANDW,1996-10-01
ANDW,1996-11-01
ANDW,1996-12-01
ANDW,1997-01-01
ANDW,1997-02-01
ANDW,1997-03-01
ANDW,1997-04-01
ANDW,1997-05-01
ANDW,1997-06-01
ANDW,1997-07-01
ANDW,1997-08-01
ANDW,1997-09-01
ANDW,1997-10-01
ANDW,1997-11-01
ANDW,1997-12-01
ANDW,1998-01-01
ANDW,1998-02-01
ANDW,1998-03-01
ANDW,1998-04-01
ANDW,1998-05-01
ANDW,1998-06-01
ANDW,1998-07-01
ANDW,1998-08-01
ANDW,1998-09-01
ANDW,1998-10-01
ANDW,1998-11-01
ANDW,1998-12-01
ANDW,1999-01-01
ANDW,1999-02-01
ANDW,1999-03-01
ANDW,1999-04-01
ANDW,1999-05-01
ANDW,1999-06-01
ANDW,1999-07-01
ANDW,1999-08-01
ANDW,1999-09-01
ANDW,1999-10-01
ANDW,1999-11-01
ANDW,1999-12-01
ANDW,2000-01-01
ANDW,2000-02-01
ANDW,2000-03-01
ANDW,2000-04-01
ANDW,2000-05-01
ANDW,2000-06-01
ANDW,2000-07-01
ANDW,2000-08-01
ANDW,2000-09-01
ANDW,2000-10-01
ANDW,2000-11-01
ANDW,2000-12-01
ANDW,2001-01-01
ANDW,2001-02-01
ANDW,2001-03-01
ANDW,2001-04-01
ANDW,2001-05-01
ANDW,2001-06-01
ANDW,2001-07-01
ANDW,2001-08-01
ANDW,2001-09-01
ANDW,2001-10-01
ANDW,2001-11-01
ANDW,2001-12-01
ANDW,2002-01-01
ANDW,2002-02-01
ANDW,2002-03-01
ANDW,2002-04-01
ANDW,2002-05-01
ANDW,2002-06-01
ANDW,2002-07-01
ANDW,2002-08-01
ANDW,2002-09-01
ANDW,2002-10-01
ANDW,2002-11-01
ANDW,2002-12-01
ANDW,2003-01-01
ANDW,2003-02-01
ANDW,2003-03-01
ANDW,2003-04-01
ANDW,2003-05-01
ANDW,2003-06-01
ANDW,2003-07-01
ANDW,2003-08-01
ANDW,2003-09-01
ANDW,2003-10-01
ANDW,2003-11-01
ANDW,2003-12-01
ANDW,2004-01-01
ANDW,2004-02-01
ANDW,2004-03-01
ANDW,2004-04-01
ANDW,2004-05-01
ANDW,2004-06-01
ANDW,2004-07-01
ANDW,2004-08-01
ANDW,2004-09-01
ANDW,2004-10-01
ANDW,2004-11-01
ANDW,2004-12-01
ANDW,2005-01-01
ANDW,2005-02-01
ANDW,2005-03-01
ANDW,2005-04-01
ANDW,2005-05-01
ANDW,2005-06-01
ANDW,2005-07-01
ANDW,2005-08-01
ANDW,2005-09-01
ANDW,2005-10-01
ANDW,2005-11-01
ANDW,2005-12-01
ANDW,2006-01-01
ANDW,2006-02-01
ANDW,2006-03-01
ANDW,2006-04-01
ANDW,2006-05-01
ANDW,2006-06-01
ANDW,2006-07-01
ANDW,2006-08-01
ANDW,2006-09-01
ANDW,2006-10-01
ANRZQ,2011-07-01
ANRZQ,2011-08-01
ANRZQ,2011-09-01
ANRZQ,2011-10-01
ANRZQ,2011-11-01
ANRZQ,2011-12-01
ANRZQ,2012-01-01
ANRZQ,2012-02-01
ANRZQ,2012-03-01
ANRZQ,2012-04-01
ANRZQ,2012-05-01
ANRZQ,2012-06-01
ANRZQ,2012-07-01
ANRZQ,2012-08-01
ANRZQ,2012-09-01
ANRZQ,2012-10-01
ANSS,2017-07-01
ANSS,2017-08-01
ANSS,2017-09-01
ANSS,2017-10-01
ANSS,2017-11-01
ANSS,2017-12-01
ANSS,2018-01-01
ANSS,2018-02-01
ANSS,2018-03-01
ANSS,2018-04-01
ANSS,2018-05-01
ANSS,2018-06-01
ANSS,2018-07-01
ANSS,2018-08-01
ANSS,2018-09-01
ANSS,2018-10-01
ANSS,2018-11-01
ANSS,2018-12-01
ANSS,2019-01-01
ANSS,2019-02-01
ANSS,2019-03-01
ANSS,2019-04-01
ANSS,2019-05-01
ANSS,2019-06-01
ANSS,2019-07-01
ANSS,2019-08-01
ANSS,2019-09-01
ANSS,2019-10-01
ANSS,2019-11-01
ANSS,2019-12-01
ANSS,2020-01-01
ANSS,2020-02-01
ANSS,2020-03-01
ANSS,2020-04-01
ANSS,2020-05-01
ANSS,2020-06-01
ANSS,2020-07-01
ANSS,2020-08-01
ANSS,2020-09-01
ANSS,2020-10-01
ANSS,2020-11-01
ANSS,2020-12-01
ANSS,2021-01-01
ANSS,2021-02-01
ANSS,2021-03-01
ANSS,2021-04-01
ANSS,2021-05-01
ANSS,2021-06-01
ANSS,2021-07-01
ANSS,2021-08-01
ANSS,2021-09-01
ANSS,2021-10-01
ANSS,2021-11-01
ANSS,2021-12-01
ANSS,2022-01-01
ANSS,2022-02-01
ANSS,2022-03-01
ANSS,2022-04-01
ANSS,2022-05-01
ANSS,2022-06-01
ANSS,2022-07-01
ANSS,2022-08-01
ANSS,2022-09-01
ANSS,2022-10-01
ANSS,2022-11-01
ANSS,2022-12-01
ANSS,2023-01-01
ANSS,2023-02-01
ANSS,2023-03-01
ANSS,2023-04-01
ANSS,2023-05-01
ANSS,2023-06-01
ANSS,2023-07-01
ANSS,2023-08-01
ANSS,2023-09-01
ANSS,2023-10-01
ANSS,2023-11-01
ANSS,2023-12-01
ANSS,2024-01-01
ANSS,2024-02-01
ANSS,2024-03-01
ANSS,2024-04-01
ANSS,2024-05-01
ANSS,2024-06-01
ANSS,2024-07-01
ANSS,2024-08-01
ANSS,2024-09-01
ANSS,2024-10-01
ANSS,2024-11-01
ANSS,2024-12-01
ANSS,2025-01-01
ANSS,2025-02-01
ANSS,2025-03-01
ANSS,2025-04-01
ANSS,2025-05-01
ANTM,2002-08-01
ANTM,2002-09-01
ANTM,2002-10-01
ANTM,2002-11-01
ANTM,2002-12-01
ANTM,2003-01-01
ANTM,2003-02-01
ANTM,2003-03-01
ANTM,2003-04-01
ANTM,2003-05-01
ANTM,2003-06-01
ANTM,2003-07-01
ANTM,2003-08-01
ANTM,2003-09-01
ANTM,2003-10-01
ANTM,2003-11-01
ANTM,2003-12-01
ANTM,2004-01-01
ANTM,2004-02-01
ANTM,2004-03-01
ANTM,2004-04-01
ANTM,2004-05-01
ANTM,2004-06-01
ANTM,2004-07-01
ANTM,2004-08-01
ANTM,2004-09-01
ANTM,2004-10-01
ANTM,2004-11-01
ANTM,2004-12-01
ANTM,2005-01-01
ANTM,2005-02-01
ANTM,2005-03-01
ANTM,2005-04-01
ANTM,2005-05-01
ANTM,2005-06-01
ANTM,2005-07-01
ANTM,2005-08-01
ANTM,2005-09-01
ANTM,2005-10-01
ANTM,2005-11-01
ANTM,2005-12-01
ANTM,2006-01-01
ANTM,2006-02-01
ANTM,2006-03-01
ANTM,2006-04-01
ANTM,2006-05-01
ANTM,2006-06-01
ANTM,2006-07-01
ANTM,2006-08-01
ANTM,2006-09-01
ANTM,2006-10-01
ANTM,2006-11-01
ANTM,2006-12-01
ANTM,2007-01-01
ANTM,2007-02-01
ANTM,2007-03-01
ANTM,2007-04-01
ANTM,2007-05-01
ANTM,2007-06-01
ANTM,2007-07-01
ANTM,2007-08-01
ANTM,2007-09-01
ANTM,2007-10-01
ANTM,2007-11-01
ANTM,2007-12-01
ANTM,2008-01-01
ANTM,2008-02-01
ANTM,2008-03-01
ANTM,2008-04-01
ANTM,2008-05-01
ANTM,2008-06-01
ANTM,2008-07-01
ANTM,2008-08-01
ANTM,2008-09-01
ANTM,2008-10-01
ANTM,2008-11-01
ANTM,2008-12-01
ANTM,2009-01-01
ANTM,2009-02-01
ANTM,2009-03-01
ANTM,2009-04-01
ANTM,2009-05-01
ANTM,2009-06-01
ANTM,2009-07-01
ANTM,2009-08-01
ANTM,2009-09-01
ANTM,2009-10-01
ANTM,2009-11-01
ANTM,2009-12-01
ANTM,2010-01-01
ANTM,2010-02-01
ANTM,2010-03-01
ANTM,2010-04-01
ANTM,2010-05-01
ANTM,2010-06-01
ANTM,2010-07-01
ANTM,2010-08-01
ANTM,2010-09-01
ANTM,2010-10-01
ANTM,2010-11-01
ANTM,2010-12-01
ANTM,2011-01-01
ANTM,2011-02-01
ANTM,2011-03-01
ANTM,2011-04-01
ANTM,2011-05-01
ANTM,2011-06-01
ANTM,2011-07-01
ANTM,2011-08-01
ANTM,2011-09-01
ANTM,2011-10-01
ANTM,2011-11-01
ANTM,2011-12-01
ANTM,2012-01-01
ANTM,2012-02-01
ANTM,2012-03-01
ANTM,2012-04-01
ANTM,2012-05-01
ANTM,2012-06-01
ANTM,2012-07-01
ANTM,2012-08-01
ANTM,2012-09-01
ANTM,2012-10-01
ANTM,2012-11-01
ANTM,2012-12-01
ANTM,2013-01-01
ANTM,2013-02-01
ANTM,2013-03-01
ANTM,2013-04-01
ANTM,2013-05-01
ANTM,2013-06-01
ANTM,2013-07-01
ANTM,2013-08-01
ANTM,2013-09-01
ANTM,2013-10-01
ANTM,2013-11-01
ANTM,2013-12-01
ANTM,2014-01-01
ANTM,2014-02-01
ANTM,2014-03-01
ANTM,2014-04-01
ANTM,2014-05-01
ANTM,2014-06-01
ANTM,2014-07-01
ANTM,2014-08-01
ANTM,2014-09-01
ANTM,2014-10-01
ANTM,2014-11-01
ANTM,2014-12-01
ANTM,2015-01-01
ANTM,2015-02-01
ANTM,2015-03-01
ANTM,2015-04-01
ANTM,2015-05-01
ANTM,2015-06-01
ANTM,2015-07-01
ANTM,2015-08-01
ANTM,2015-09-01
ANTM,2015-10-01
ANTM,2015-11-01
ANTM,2015-12-01
ANTM,2016-01-01
ANTM,2016-02-01
ANTM,2016-03-01
ANTM,2016-04-01
ANTM,2016-05-01
ANTM,2016-06-01
ANTM,2016-07-01
ANTM,2016-08-01
ANTM,2016-09-01
ANTM,2016-10-01
ANTM,2016-11-01
ANTM,2016-12-01
ANTM,2017-01-01
ANTM,2017-02-01
ANTM,2017-03-01
ANTM,2017-04-01
ANTM,2017-05-01
ANTM,2017-06-01
ANTM,2017-07-01
ANTM,2017-08-01
ANTM,2017-09-01
ANTM,2017-10-01
ANTM,2017-11-01
ANTM,2017-12-01
ANTM,2018-01-01
ANTM,2018-02-01
ANTM,2018-03-01
ANTM,2018-04-01
ANTM,2018-05-01
ANTM,2018-06-01
ANTM,2018-07-01
ANTM,2018-08-01
ANTM,2018-09-01
ANTM,2018-10-01
ANTM,2018-11-01
ANTM,2018-12-01
ANTM,2019-01-01
ANTM,2019-02-01
ANTM,2019-03-01
ANTM,2019-04-01
ANTM,2019-05-01
ANTM,2019-06-01
ANTM,2019-07-01
ANTM,2019-08-01
ANTM,2019-09-01
ANTM,2019-10-01
ANTM,2019-11-01
ANTM,2019-12-01
ANTM,2020-01-01
ANTM,2020-02-01
ANTM,2020-03-01
ANTM,2020-04-01
ANTM,2020-05-01
ANTM,2020-06-01
ANTM,2020-07-01
ANTM,2020-08-01
ANTM,2020-09-01
ANTM,2020-10-01
ANTM,2020-11-01
ANTM,2020-12-01
ANTM,2021-01-01
ANTM,2021-02-01
ANTM,2021-03-01
ANTM,2021-04-01
ANTM,2021-05-01
ANTM,2021-06-01
ANTM,2021-07-01
ANTM,2021-08-01
ANTM,2021-09-01
ANTM,2021-10-01
ANTM,2021-11-01
ANTM,2021-12-01
ANTM,2022-01-01
ANTM,2022-02-01
ANTM,2022-03-01
ANTM,2022-04-01
ANTM,2022-05-01
ANTM,2022-06-01
ANV,1996-02-01
ANV,1996-03-01
ANV,1996-04-01
ANV,1996-05-01
ANV,1996-06-01
ANV,1996-07-01
ANV,1996-08-01
ANV,1996-09-01
ANV,1996-10-01
ANV,1996-11-01
ANV,1996-12-01
ANV,1997-01-01
ANV,1997-02-01
ANV,1997-03-01
ANV,1997-04-01
ANV,1997-05-01
ANV,1997-06-01
ANV,1997-07-01
ANV,1997-08-01
ANV,1997-09-01
ANV,1997-10-01
ANV,1997-11-01
ANV,1997-12-01
ANV,1998-01-01
ANV,1998-02-01
ANV,1998-03-01
ANV,1998-04-01
ANV,1998-05-01
ANV,1998-06-01
ANV,1998-07-01
ANV,1998-08-01
ANV,1998-09-01
ANV,1998-10-01
ANV,1998-11-01
ANV,1998-12-01
ANV,1999-01-01
ANV,1999-02-01
ANV,1999-03-01
ANV,1999-04-01
APC,1997-08-01
APC,1997-09-01
APC,1997-10-01
APC,1997-11-01
APC,1997-12-01
APC,1998-01-01
APC,1998-02-01
APC,1998-03-01
APC,1998-04-01
APC,1998-05-01
APC,1998-06-01
APC,1998-07-01
APC,1998-08-01
APC,1998-09-01
APC,1998-10-01
APC,1998-11-01
APC,1998-12-01
APC,1999-01-01
APC,1999-02-01
APC,1999-03-01
APC,1999-04-01
APC,1999-05-01
APC,1999-06-01
APC,1999-07-01
APC,1999-08-01
APC,1999-09-01
APC,1999-10-01
APC,1999-11-01
APC,1999-12-01
APC,2000-01-01
APC,2000-02-01
APC,2000-03-01
APC,2000-04-01
APC,2000-05-01
APC,2000-06-01
APC,2000-07-01
APC,2000-08-01
APC,2000-09-01
APC,2000-10-01
APC,2000-11-01
APC,2000-12-01
APC,2001-01-01
APC,2001-02-01
APC,2001-03-01
APC,2001-04-01
APC,2001-05-01
APC,2001-06-01
APC,2001-07-01
APC,2001-08-01
APC,2001-09-01
APC,2001-10-01
APC,2001-11-01
APC,2001-12-01
APC,2002-01-01
APC,2002-02-01
APC,2002-03-01
APC,2002-04-01
APC,2002-05-01
APC,2002-06-01
APC,2002-07-01
APC,2002-08-01
APC,2002-09-01
APC,2002-10-01
APC,2002-11-01
APC,2002-12-01
APC,2003-01-01
APC,2003-02-01
APC,2003-03-01
APC,2003-04-01
APC,2003-05-01
APC,2003-06-01
APC,2003-07-01
APC,2003-08-01
APC,2003-09-01
APC,2003-10-01
APC,2003-11-01
APC,2003-12-01
APC,2004-01-01
APC,2004-02-01
APC,2004-03-01
APC,2004-04-01
APC,2004-05-01
APC,2004-06-01
APC,2004-07-01
APC,2004-08-01
APC,2004-09-01
APC,2004-10-01
APC,2004-11-01
APC,2004-12-01
APC,2005-01-01
APC,2005-02-01
APC,2005-03-01
APC,2005-04-01
APC,2005-05-01
APC,2005-06-01
APC,2005-07-01
APC,2005-08-01
APC,2005-09-01
APC,2005-10-01
APC,2005-11-01
APC,2005-12-01
APC,2006-01-01
APC,2006-02-01
APC,2006-03-01
APC,2006-04-01
APC,2006-05-01
APC,2006-06-01
APC,2006-07-01
APC,2006-08-01
APC,2006-09-01
APC,2006-10-01
APC,2006-11-01
APC,2006-12-01
APC,2007-01-01
APC,2007-02-01
APC,2007-03-01
APC,2007-04-01
APC,2007-05-01
APC,2007-06-01
APC,2007-07-01
APC,2007-08-01
APC,2007-09-01
APC,2007-10-01
APC,2007-11-01
APC,2007-12-01
APC,2008-01-01
APC,2008-02-01
APC,2008-03-01
APC,2008-04-01
APC,2008-05-01
APC,2008-06-01
APC,2008-07-01
APC,2008-08-01
APC,2008-09-01
APC,2008-10-01
APC,2008-11-01
APC,2008-12-01
APC,2009-01-01
APC,2009-02-01
APC,2009-03-01
APC,2009-04-01
APC,2009-05-01
APC,2009-06-01
APC,2009-07-01
APC,2009-08-01
APC,2009-09-01
APC,2009-10-01
APC,2009-11-01
APC,2009-12-01
APC,2010-01-01
APC,2010-02-01
APC,2010-03-01
APC,2010-04-01
APC,2010-05-01
APC,2010-06-01
APC,2010-07-01
APC,2010-08-01
APC,2010-09-01
APC,2010-10-01
APC,2010-11-01
APC,2010-12-01
APC,2011-01-01
APC,2011-02-01
APC,2011-03-01
APC,2011-04-01
APC,2011-05-01
APC,2011-06-01
APC,2011-07-01
APC,2011-08-01
APC,2011-09-01
APC,2011-10-01
APC,2011-11-01
APC,2011-12-01
APC,2012-01-01
APC,2012-02-01
APC,2012-03-01
APC,2012-04-01
APC,2012-05-01
APC,2012-06-01
APC,2012-07-01
APC,2012-08-01
APC,2012-09-01
APC,2012-10-01
APC,2012-11-01
APC,2012-12-01
APC,2013-01-01
APC,2013-02-01
APC,2013-03-01
APC,2013-04-01
APC,2013-05-01
APC,2013-06-01
APC,2013-07-01
APC,2013-08-01
APC,2013-09-01
APC,2013-10-01
APC,2013-11-01
APC,2013-12-01
APC,2014-01-01
APC,2014-02-01
APC,2014-03-01
APC,2014-04-01
APC,2014-05-01
APC,2014-06-01
APC,2014-07-01
APC,2014-08-01
APC,2014-09-01
APC,2014-10-01
APC,2014-11-01
APC,2014-12-01
APC,2015-01-01
APC,2015-02-01
APC,2015-03-01
APC,2015-04-01
APC,2015-05-01
APC,2015-06-01
APC,2015-07-01
APC,2015-08-01
APC,2015-09-01
APC,2015-10-01
APC,2015-11-01
APC,2015-12-01
APC,2016-01-01
APC,2016-02-01
APC,2016-03-01
APC,2016-04-01
APC,2016-05-01
APC,2016-06-01
APC,2016-07-01
APC,2016-08-01
APC,2016-09-01
APC,2016-10-01
APC,2016-11-01
APC,2016-12-01
APC,2017-01-01
APC,2017-02-01
APC,2017-03-01
APC,2017-04-01
APC,2017-05-01
APC,2017-06-01
APC,2017-07-01
APC,2017-08-01
APC,2017-09-01
APC,2017-10-01
APC,2017-11-01
APC,2017-12-01
APC,2018-01-01
APC,2018-02-01
APC,2018-03-01
APC,2018-04-01
APC,2018-05-01
APC,2018-06-01
APC,2018-07-01
APC,2018-08-01
APC,2018-09-01
APC,2018-10-01
APC,2018-11-01
APC,2018-12-01
APC,2019-01-01
APC,2019-02-01
APC,2019-03-01
APC,2019-04-01
APC,2019-05-01
APC,2019-06-01
APC,2019-07-01
APC,2019-08-01
APCC,2000-06-01
APCC,2000-07-01
APCC,2000-08-01
APCC,2000-09-01
APCC,2000-10-01
APCC,2000-11-01
APCC,2000-12-01
APCC,2001-01-01
APCC,2001-02-01
APCC,2001-03-01
APCC,2001-04-01
APCC,2001-05-01
APCC,2001-06-01
APCC,2001-07-01
APCC,2001-08-01
APCC,2001-09-01
APCC,2001-10-01
APCC,2001-11-01
APCC,2001-12-01
APCC,2002-01-01
APCC,2002-02-01
APCC,2002-03-01
APCC,2002-04-01
APCC,2002-05-01
APCC,2002-06-01
APCC,2002-07-01
APCC,2002-08-01
APCC,2002-09-01
APCC,2002-10-01
APCC,2002-11-01
APCC,2002-12-01
APCC,2003-01-01
APCC,2003-02-01
APCC,2003-03-01
APCC,2003-04-01
APCC,2003-05-01
APCC,2003-06-01
APCC,2003-07-01
APCC,2003-08-01
APCC,2003-09-01
APCC,2003-10-01
APCC,2003-11-01
APCC,2003-12-01
APCC,2004-01-01
APCC,2004-02-01
APCC,2004-03-01
APCC,2004-04-01
APCC,2004-05-01
APCC,2004-06-01
APCC,2004-07-01
APCC,2004-08-01
APCC,2004-09-01
APCC,2004-10-01
APCC,2004-11-01
APCC,2004-12-01
APCC,2005-01-01
APCC,2005-02-01
APCC,2005-03-01
APCC,2005-04-01
APCC,2005-05-01
APCC,2005-06-01
APCC,2005-07-01
APCC,2005-08-01
APCC,2005-09-01
APCC,2005-10-01
APCC,2005-11-01
APCC,2005-12-01
APCC,2006-01-01
APCC,2006-02-01
APCC,2006-03-01
APCC,2006-04-01
APCC,2006-05-01
APCC,2006-06-01
APCC,2006-07-01
APCC,2006-08-01
APCC,2006-09-01
APCC,2006-10-01
APCC,2006-11-01
APCC,2006-12-01
APCC,2007-01-01
APCC,2007-02-01
APOL,2002-06-01
APOL,2002-07-01
APOL,2002-08-01
APOL,2002-09-01
APOL,2002-10-01
APOL,2002-11-01
APOL,2002-12-01
APOL,2003-01-01
APOL,2003-02-01
APOL,2003-03-01
APOL,2003-04-01
APOL,2003-05-01
APOL,2003-06-01
APOL,2003-07-01
APOL,2003-08-01
APOL,2003-09-01
APOL,2003-10-01
APOL,2003-11-01
APOL,2003-12-01
APOL,2004-01-01
APOL,2004-02-01
APOL,2004-03-01
APOL,2004-04-01
APOL,2004-05-01
APOL,2004-06-01
APOL,2004-07-01
APOL,2004-08-01
APOL,2004-09-01
APOL,2004-10-01
APOL,2004-11-01
APOL,2004-12-01
APOL,2005-01-01
APOL,2005-02-01
APOL,2005-03-01
APOL,2005-04-01
APOL,2005-05-01
APOL,2005-06-01
APOL,2005-07-01
APOL,2005-08-01
APOL,2005-09-01
APOL,2005-10-01
APOL,2005-11-01
APOL,2005-12-01
APOL,2006-01-01
APOL,2006-02-01
APOL,2006-03-01
APOL,2006-04-01
APOL,2006-05-01
APOL,2006-06-01
APOL,2006-07-01
APOL,2006-08-01
APOL,2006-09-01
APOL,2006-10-01
APOL,2006-11-01
APOL,2006-12-01
APOL,2007-01-01
APOL,2007-02-01
APOL,2007-03-01
APOL,2007-04-01
APOL,2007-05-01
APOL,2007-06-01
APOL,2007-07-01
APOL,2007-08-01
APOL,2007-09-01
APOL,2007-10-01
APOL,2007-11-01
APOL,2007-12-01
APOL,2008-01-01
APOL,2008-02-01
APOL,2008-03-01
APOL,2008-04-01
APOL,2008-05-01
APOL,2008-06-01
APOL,2008-07-01
APOL,2008-08-01
APOL,2008-09-01
APOL,2008-10-01
APOL,2008-11-01
APOL,2008-12-01
APOL,2009-01-01
APOL,2009-02-01
APOL,2009-03-01
APOL,2009-04-01
APOL,2009-05-01
APOL,2009-06-01
APOL,2009-07-01
APOL,2009-08-01
APOL,2009-09-01
APOL,2009-10-01
APOL,2009-11-01
APOL,2009-12-01
APOL,2010-01-01
APOL,2010-02-01
APOL,2010-03-01
APOL,2010-04-01
APOL,2010-05-01
APOL,2010-06-01
APOL,2010-07-01
APOL,2010-08-01
APOL,2010-09-01
APOL,2010-10-01
APOL,2010-11-01
APOL,2010-12-01
APOL,2011-01-01
APOL,2011-02-01
APOL,2011-03-01
APOL,2011-04-01
APOL,2011-05-01
APOL,2011-06-01
APOL,2011-07-01
APOL,2011-08-01
APOL,2011-09-01
APOL,2011-10-01
APOL,2011-11-01
APOL,2011-12-01
APOL,2012-01-01
APOL,2012-02-01
APOL,2012-03-01
APOL,2012-04-01
APOL,2012-05-01
APOL,2012-06-01
APOL,2012-07-01
APOL,2012-08-01
APOL,2012-09-01
APOL,2012-10-01
APOL,2012-11-01
APOL,2012-12-01
APOL,2013-01-01
APOL,2013-02-01
APOL,2013-03-01
APOL,2013-04-01
APOL,2013-05-01
APOL,2013-06-01
AR,1996-02-01
AR,1996-03-01
AR,1996-04-01
AR,1996-05-01
AR,1996-06-01
AR,1996-07-01
AR,1996-08-01
AR,1996-09-01
AR,1996-10-01
AR,1996-11-01
AR,1996-12-01
AR,1997-01-01
AR,1997-02-01
AR,1997-03-01
AR,1997-04-01
AR,1997-05-01
AR,1997-06-01
AR,1997-07-01
AR,1997-08-01
AR,1997-09-01
AR,1997-10-01
AR,1997-11-01
AR,1997-12-01
AR,1998-01-01
AR,1998-02-01
AR,1998-03-01
AR,1998-04-01
AR,1998-05-01
AR,1998-06-01
AR,1998-07-01
AR,1998-08-01
AR,1998-09-01
AR,1998-10-01
AR,1998-11-01
AR,1998-12-01
AR,1999-01-01
AR,1999-02-01
AR,1999-03-01
AR,1999-04-01
AR,1999-05-01
AR,1999-06-01
AR,1999-07-01
AR,1999-08-01
AR,1999-09-01
AR,1999-10-01
ARC,1996-02-01
ARC,1996-03-01
ARC,1996-04-01
ARC,1996-05-01
ARC,1996-06-01
ARC,1996-07-01
ARC,1996-08-01
ARC,1996-09-01
ARC,1996-10-01
ARC,1996-11-01
ARC,1996-12-01
ARC,1997-01-01
ARC,1997-02-01
ARC,1997-03-01
ARC,1997-04-01
ARC,1997-05-01
ARC,1997-06-01
ARC,1997-07-01
ARC,1997-08-01
ARC,1997-09-01
ARC,1997-10-01
ARC,1997-11-01
ARC,1997-12-01
ARC,1998-01-01
ARC,1998-02-01
ARC,1998-03-01
ARC,1998-04-01
ARC,1998-05-01
ARC,1998-06-01
ARC,1998-07-01
ARC,1998-08-01
ARC,1998-09-01
ARC,1998-10-01
ARC,1998-11-01
ARC,1998-12-01
ARC,1999-01-01
ARC,1999-02-01
ARC,1999-03-01
ARC,1999-04-01
ARC,1999-05-01
ARC,1999-06-01
ARC,1999-07-01
ARC,1999-08-01
ARC,1999-09-01
ARC,1999-10-01
ARC,1999-11-01
ARC,1999-12-01
ARC,2000-01-01
ARC,2000-02-01
ARC,2000-03-01
ARC,2000-04-01
ARG,2009-10-01
ARG,2009-11-01
ARG,2009-12-01
ARG,2010-01-01
ARG,2010-02-01
ARG,2010-03-01
ARG,2010-04-01
ARG,2010-05-01
ARG,2010-06-01
ARG,2010-07-01
ARG,2010-08-01
ARG,2010-09-01
ARG,2010-10-01
ARG,2010-11-01
ARG,2010-12-01
ARG,2011-01-01
ARG,2011-02-01
ARG,2011-03-01
ARG,2011-04-01
ARG,2011-05-01
ARG,2011-06-01
ARG,2011-07-01
ARG,2011-08-01
ARG,2011-09-01
ARG,2011-10-01
ARG,2011-11-01
ARG,2011-12-01
ARG,2012-01-01
ARG,2012-02-01
ARG,2012-03-01
ARG,2012-04-01
ARG,2012-05-01
ARG,2012-06-01
ARG,2012-07-01
ARG,2012-08-01
ARG,2012-09-01
ARG,2012-10-01
ARG,2012-11-01
ARG,2012-12-01
ARG,2013-01-01
ARG,2013-02-01
ARG,2013-03-01
ARG,2013-04-01
ARG,2013-05-01
ARG,2013-06-01
ARG,2013-07-01
ARG,2013-08-01
ARG,2013-09-01
ARG,2013-10-01
ARG,2013-11-01
ARG,2013-12-01
ARG,2014-01-01
ARG,2014-02-01
ARG,2014-03-01
ARG,2014-04-01
ARG,2014-05-01
ARG,2014-06-01
ARG,2014-07-01
ARG,2014-08-01
ARG,2014-09-01
ARG,2014-10-01
ARG,2014-11-01
ARG,2014-12-01
ARG,2015-01-01
ARG,2015-02-01
ARG,2015-03-01
ARG,2015-04-01
ARG,2015-05-01
ARG,2015-06-01
ARG,2015-07-01
ARG,2015-08-01
ARG,2015-09-01
ARG,2015-10-01
ARG,2015-11-01
ARG,2015-12-01
ARG,2016-01-01
ARG,2016-02-01
ARG,2016-03-01
ARG,2016-04-01
ARG,2016-05-01
ARNC,1996-02-01
ARNC,1996-03-01
ARNC,1996-04-01
ARNC,1996-05-01
ARNC,1996-06-01
ARNC,1996-07-01
ARNC,1996-08-01
ARNC,1996-09-01
ARNC,1996-10-01
ARNC,1996-11-01
ARNC,1996-12-01
ARNC,1997-01-01
ARNC,1997-02-01
ARNC,1997-03-01
ARNC,1997-04-01
ARNC,1997-05-01
ARNC,1997-06-01
ARNC,1997-07-01
ARNC,1997-08-01
ARNC,1997-09-01
ARNC,1997-10-01
ARNC,1997-11-01
ARNC,1997-12-01
ARNC,1998-01-01
ARNC,1998-02-01
ARNC,1998-03-01
ARNC,1998-04-01
ARNC,1998-05-01
ARNC,1998-06-01
ARNC,1998-07-01
ARNC,1998-08-01
ARNC,1998-09-01
ARNC,1998-10-01
ARNC,1998-11-01
ARNC,1998-12-01
ARNC,1999-01-01
ARNC,1999-02-01
ARNC,1999-03-01
ARNC,1999-04-01
ARNC,1999-05-01
ARNC,1999-06-01
ARNC,1999-07-01
ARNC,1999-08-01
ARNC,1999-09-01
ARNC,1999-10-01
ARNC,1999-11-01
ARNC,1999-12-01
ARNC,2000-01-01
ARNC,2000-02-01
ARNC,2000-03-01
ARNC,2000-04-01
ARNC,2000-05-01
ARNC,2000-06-01
ARNC,2000-07-01
ARNC,2000-08-01
ARNC,2000-09-01
ARNC,2000-10-01
ARNC,2000-11-01
ARNC,2000-12-01
ARNC,2001-01-01
ARNC,2001-02-01
ARNC,2001-03-01
ARNC,2001-04-01
ARNC,2001-05-01
ARNC,2001-06-01
ARNC,2001-07-01
ARNC,2001-08-01
ARNC,2001-09-01
ARNC,2001-10-01
ARNC,2001-11-01
ARNC,2001-12-01
ARNC,2002-01-01
ARNC,2002-02-01
ARNC,2002-03-01
ARNC,2002-04-01
ARNC,2002-05-01
ARNC,2002-06-01
ARNC,2002-07-01
ARNC,2002-08-01
ARNC,2002-09-01
ARNC,2002-10-01
ARNC,2002-11-01
ARNC,2002-12-01
ARNC,2003-01-01
ARNC,2003-02-01
ARNC,2003-03-01
ARNC,2003-04-01
ARNC,2003-05-01
ARNC,2003-06-01
ARNC,2003-07-01
ARNC,2003-08-01
ARNC,2003-09-01
ARNC,2003-10-01
ARNC,2003-11-01
ARNC,2003-12-01
ARNC,2004-01-01
ARNC,2004-02-01
ARNC,2004-03-01
ARNC,2004-04-01
ARNC,2004-05-01
ARNC,2004-06-01
ARNC,2004-07-01
ARNC,2004-08-01
ARNC,2004-09-01
ARNC,2004-10-01
ARNC,2004-11-01
ARNC,2004-12-01
ARNC,2005-01-01
ARNC,2005-02-01
ARNC,2005-03-01
ARNC,2005-04-01
ARNC,2005-05-01
ARNC,2005-06-01
ARNC,2005-07-01
ARNC,2005-08-01
ARNC,2005-09-01
ARNC,2005-10-01
ARNC,2005-11-01
ARNC,2005-12-01
ARNC,2006-01-01
ARNC,2006-02-01
ARNC,2006-03-01
ARNC,2006-04-01
ARNC,2006-05-01
ARNC,2006-06-01
ARNC,2006-07-01
ARNC,2006-08-01
ARNC,2006-09-01
ARNC,2006-10-01
ARNC,2006-11-01
ARNC,2006-12-01
ARNC,2007-01-01
ARNC,2007-02-01
ARNC,2007-03-01
ARNC,2007-04-01
ARNC,2007-05-01
ARNC,2007-06-01
ARNC,2007-07-01
ARNC,2007-08-01
ARNC,2007-09-01
ARNC,2007-10-01
ARNC,2007-11-01
ARNC,2007-12-01
ARNC,2008-01-01
ARNC,2008-02-01
ARNC,2008-03-01
ARNC,2008-04-01
ARNC,2008-05-01
ARNC,2008-06-01
ARNC,2008-07-01
ARNC,2008-08-01
ARNC,2008-09-01
ARNC,2008-10-01
ARNC,2008-11-01
ARNC,2008-12-01
ARNC,2009-01-01
ARNC,2009-02-01
ARNC,2009-03-01
ARNC,2009-04-01
ARNC,2009-05-01
ARNC,2009-06-01
ARNC,2009-07-01
ARNC,2009-08-01
ARNC,2009-09-01
ARNC,2009-10-01
ARNC,2009-11-01
ARNC,2009-12-01
ARNC,2010-01-01
ARNC,2010-02-01
ARNC,2010-03-01
ARNC,2010-04-01
ARNC,2010-05-01
ARNC,2010-06-01
ARNC,2010-07-01
ARNC,2010-08-01
ARNC,2010-09-01
ARNC,2010-10-01
ARNC,2010-11-01
ARNC,2010-12-01
ARNC,2011-01-01
ARNC,2011-02-01
ARNC,2011-03-01
ARNC,2011-04-01
ARNC,2011-05-01
ARNC,2011-06-01
ARNC,2011-07-01
ARNC,2011-08-01
ARNC,2011-09-01
ARNC,2011-10-01
ARNC,2011-11-01
ARNC,2011-12-01
ARNC,2012-01-01
ARNC,2012-02-01
ARNC,2012-03-01
ARNC,2012-04-01
ARNC,2012-05-01
ARNC,2012-06-01
ARNC,2012-07-01
ARNC,2012-08-01
ARNC,2012-09-01
ARNC,2012-10-01
ARNC,2012-11-01
ARNC,2012-12-01
ARNC,2013-01-01
ARNC,2013-02-01
ARNC,2013-03-01
ARNC,2013-04-01
ARNC,2013-05-01
ARNC,2013-06-01
ARNC,2013-07-01
ARNC,2013-08-01
ARNC,2013-09-01
ARNC,2013-10-01
ARNC,2013-11-01
ARNC,2013-12-01
ARNC,2014-01-01
ARNC,2014-02-01
ARNC,2014-03-01
ARNC,2014-04-01
ARNC,2014-05-01
ARNC,2014-06-01
ARNC,2014-07-01
ARNC,2014-08-01
ARNC,2014-09-01
ARNC,2014-10-01
ARNC,2014-11-01
ARNC,2014-12-01
ARNC,2015-01-01
ARNC,2015-02-01
ARNC,2015-03-01
ARNC,2015-04-01
ARNC,2015-05-01
ARNC,2015-06-01
ARNC,2015-07-01
ARNC,2015-08-01
ARNC,2015-09-01
ARNC,2015-10-01
ARNC,2015-11-01
ARNC,2015-12-01
ARNC,2016-01-01
ARNC,2016-02-01
ARNC,2016-03-01
ARNC,2016-04-01
ARNC,2016-05-01
ARNC,2016-06-01
ARNC,2016-07-01
ARNC,2016-08-01
ARNC,2016-09-01
ARNC,2016-10-01
ARNC,2016-11-01
ARNC,2016-12-01
ARNC,2017-01-01
ARNC,2017-02-01
ARNC,2017-03-01
ARNC,2017-04-01
ARNC,2017-05-01
ARNC,2017-06-01
ARNC,2017-07-01
ARNC,2017-08-01
ARNC,2017-09-01
ARNC,2017-10-01
ARNC,2017-11-01
ARNC,2017-12-01
ARNC,2018-01-01
ARNC,2018-02-01
ARNC,2018-03-01
ARNC,2018-04-01
ARNC,2018-05-01
ARNC,2018-06-01
ARNC,2018-07-01
ARNC,2018-08-01
ARNC,2018-09-01
ARNC,2018-10-01
ARNC,2018-11-01
ARNC,2018-12-01
ARNC,2019-01-01
ARNC,2019-02-01
ARNC,2019-03-01
ARNC,2019-04-01
ARNC,2019-05-01
ARNC,2019-06-01
ARNC,2019-07-01
ARNC,2019-08-01
ARNC,2019-09-01
ARNC,2019-10-01
ARNC,2019-11-01
ARNC,2019-12-01
ARNC,2020-01-01
ARNC,2020-02-01
ARNC,2020-03-01
ARNC,2020-04-01
AS,1996-02-01
AS,1996-03-01
AS,1996-04-01
AS,1996-05-01
AS,1996-06-01
AS,1996-07-01
AS,1996-08-01
AS,1996-09-01
AS,1996-10-01
AS,1996-11-01
AS,1996-12-01
AS,1997-01-01
AS,1997-02-01
AS,1997-03-01
AS,1997-04-01
AS,1997-05-01
AS,1997-06-01
AS,1997-07-01
AS,1997-08-01
AS,1997-09-01
AS,1997-10-01
AS,1997-11-01
AS,1997-12-01
AS,1998-01-01
AS,1998-02-01
AS,1998-03-01
AS,1998-04-01
AS,1998-05-01
AS,1998-06-01
AS,1998-07-01
AS,1998-08-01
AS,1998-09-01
AS,1998-10-01
AS,1998-11-01
ASC,1996-02-01
ASC,1996-03-01
ASC,1996-04-01
ASC,1996-05-01
ASC,1996-06-01
ASC,1996-07-01
ASC,1996-08-01
ASC,1996-09-01
ASC,1996-10-01
ASC,1996-11-01
ASC,1996-12-01
ASC,1997-01-01
ASC,1997-02-01
ASC,1997-03-01
ASC,1997-04-01
ASC,1997-05-01
ASC,1997-06-01
ASC,1997-07-01
ASC,1997-08-01
ASC,1997-09-01
ASC,1997-10-01
ASC,1997-11-01
ASC,1997-12-01
ASC,1998-01-01
ASC,1998-02-01
ASC,1998-03-01
ASC,1998-04-01
ASC,1998-05-01
ASC,1998-06-01
ASC,1998-07-01
ASC,1998-08-01
ASC,1998-09-01
ASC,1998-10-01
ASC,1998-11-01
ASC,1998-12-01
ASC,1999-01-01
ASC,1999-02-01
ASC,1999-03-01
ASC,1999-04-01
ASC,1999-05-01
ASC,1999-06-01
ASN,2005-01-01
ASN,2005-02-01
ASN,2005-03-01
ASN,2005-04-01
ASN,2005-05-01
ASN,2005-06-01
ASN,2005-07-01
ASN,2005-08-01
ASN,2005-09-01
ASN,2005-10-01
ASN,2005-11-01
ASN,2005-12-01
ASN,2006-01-01
ASN,2006-02-01
ASN,2006-03-01
ASN,2006-04-01
ASN,2006-05-01
ASN,2006-06-01
ASN,2006-07-01
ASN,2006-08-01
ASN,2006-09-01
ASN,2006-10-01
ASN,2006-11-01
ASN,2006-12-01
ASN,2007-01-01
ASN,2007-02-01
ASN,2007-03-01
ASN,2007-04-01
ASN,2007-05-01
ASN,2007-06-01
ASN,2007-07-01
ASN,2007-08-01
ASN,2007-09-01
ASN,2007-10-01
ASND,1998-07-01
ASND,1998-08-01
ASND,1998-09-01
ASND,1998-10-01
ASND,1998-11-01
ASND,1998-12-01
ASND,1999-01-01
ASND,1999-02-01
ASND,1999-03-01
ASND,1999-04-01
ASND,1999-05-01
ASND,1999-06-01
ASO,1999-04-01
ASO,1999-05-01
ASO,1999-06-01
ASO,1999-07-01
ASO,1999-08-01
ASO,1999-09-01
ASO,1999-10-01
ASO,1999-11-01
ASO,1999-12-01
ASO,2000-01-01
ASO,2000-02-01
ASO,2000-03-01
ASO,2000-04-01
ASO,2000-05-01
ASO,2000-06-01
ASO,2000-07-01
ASO,2000-08-01
ASO,2000-09-01
ASO,2000-10-01
ASO,2000-11-01
ASO,2000-12-01
ASO,2001-01-01
ASO,2001-02-01
ASO,2001-03-01
ASO,2001-04-01
ASO,2001-05-01
ASO,2001-06-01
ASO,2001-07-01
ASO,2001-08-01
ASO,2001-09-01
ASO,2001-10-01
ASO,2001-11-01
ASO,2001-12-01
ASO,2002-01-01
ASO,2002-02-01
ASO,2002-03-01
ASO,2002-04-01
ASO,2002-05-01
ASO,2002-06-01
ASO,2002-07-01
ASO,2002-08-01
ASO,2002-09-01
ASO,2002-10-01
ASO,2002-11-01
ASO,2002-12-01
ASO,2003-01-01
ASO,2003-02-01
ASO,2003-03-01
ASO,2003-04-01
ASO,2003-05-01
ASO,2003-06-01
ASO,2003-07-01
ASO,2003-08-01
ASO,2003-09-01
ASO,2003-10-01
ASO,2003-11-01
ASO,2003-12-01
ASO,2004-01-01
ASO,2004-02-01
ASO,2004-03-01
ASO,2004-04-01
ASO,2004-05-01
ASO,2004-06-01
ASO,2004-07-01
ASO,2004-08-01
ASO,2004-09-01
ASO,2004-10-01
ASO,2004-11-01
ASO,2004-12-01
ASO,2005-01-01
ASO,2005-02-01
ASO,2005-03-01
ASO,2005-04-01
ASO,2005-05-01
ASO,2005-06-01
ASO,2005-07-01
ASO,2005-08-01
ASO,2005-09-01
ASO,2005-10-01
ASO,2005-11-01
ASO,2005-12-01
ASO,2006-01-01
ASO,2006-02-01
ASO,2006-03-01
ASO,2006-04-01
ASO,2006-05-01
ASO,2006-06-01
ASO,2006-07-01
ASO,2006-08-01
ASO,2006-09-01
ASO,2006-10-01
ASO,2006-11-01
AT,1996-02-01
AT,1996-03-01
AT,1996-04-01
AT,1996-05-01
AT,1996-06-01
AT,1996-07-01
AT,1996-08-01
AT,1996-09-01
AT,1996-10-01
AT,1996-11-01
AT,1996-12-01
AT,1997-01-01
AT,1997-02-01
AT,1997-03-01
AT,1997-04-01
AT,1997-05-01
AT,1997-06-01
AT,1997-07-01
AT,1997-08-01
AT,1997-09-01
AT,1997-10-01
AT,1997-11-01
AT,1997-12-01
AT,1998-01-01
AT,1998-02-01
AT,1998-03-01
AT,1998-04-01
AT,1998-05-01
AT,1998-06-01
AT,1998-07-01
AT,1998-08-01
AT,1998-09-01
AT,1998-10-01
AT,1998-11-01
AT,1998-12-01
AT,1999-01-01
AT,1999-02-01
AT,1999-03-01
AT,1999-04-01
AT,1999-05-01
AT,1999-06-01
AT,1999-07-01
AT,1999-08-01
AT,1999-09-01
AT,1999-10-01
AT,1999-11-01
AT,1999-12-01
AT,2000-01-01
AT,2000-02-01
AT,2000-03-01
AT,2000-04-01
AT,2000-05-01
AT,2000-06-01
AT,2000-07-01
AT,2000-08-01
AT,2000-09-01
AT,2000-10-01
AT,2000-11-01
AT,2000-12-01
AT,2001-01-01
AT,2001-02-01
AT,2001-03-01
AT,2001-04-01
AT,2001-05-01
AT,2001-06-01
AT,2001-07-01
AT,2001-08-01
AT,2001-09-01
AT,2001-10-01
AT,2001-11-01
AT,2001-12-01
AT,2002-01-01
AT,2002-02-01
AT,2002-03-01
AT,2002-04-01
AT,2002-05-01
AT,2002-06-01
AT,2002-07-01
AT,2002-08-01
AT,2002-09-01
AT,2002-10-01
AT,2002-11-01
AT,2002-12-01
AT,2003-01-01
AT,2003-02-01
AT,2003-03-01
AT,2003-04-01
AT,2003-05-01
AT,2003-06-01
AT,2003-07-01
AT,2003-08-01
AT,2003-09-01
AT,2003-10-01
AT,2003-11-01
AT,2003-12-01
AT,2004-01-01
AT,2004-02-01
AT,2004-03-01
AT,2004-04-01
AT,2004-05-01
AT,2004-06-01
AT,2004-07-01
AT,2004-08-01
AT,2004-09-01
AT,2004-10-01
AT,2004-11-01
AT,2004-12-01
AT,2005-01-01
AT,2005-02-01
AT,2005-03-01
AT,2005-04-01
AT,2005-05-01
AT,2005-06-01
AT,2005-07-01
AT,2005-08-01
AT,2005-09-01
AT,2005-10-01
AT,2005-11-01
AT,2005-12-01
AT,2006-01-01
AT,2006-02-01
AT,2006-03-01
AT,2006-04-01
AT,2006-05-01
AT,2006-06-01
AT,2006-07-01
AT,2006-08-01
AT,2006-09-01
AT,2006-10-01
AT,2006-11-01
AT,2006-12-01
AT,2007-01-01
AT,2007-02-01
AT,2007-03-01
AT,2007-04-01
AT,2007-05-01
AT,2007-06-01
AT,2007-07-01
AT,2007-08-01
AT,2007-09-01
AT,2007-10-01
AT,2007-11-01
ATGE,2009-07-01
ATGE,2009-08-01
ATGE,2009-09-01
ATGE,2009-10-01
ATGE,2009-11-01
ATGE,2009-12-01
ATGE,2010-01-01
ATGE,2010-02-01
ATGE,2010-03-01
ATGE,2010-04-01
ATGE,2010-05-01
ATGE,2010-06-01
ATGE,2010-07-01
ATGE,2010-08-01
ATGE,2010-09-01
ATGE,2010-10-01
ATGE,2010-11-01
ATGE,2010-12-01
ATGE,2011-01-01
ATGE,2011-02-01
ATGE,2011-03-01
ATGE,2011-04-01
ATGE,2011-05-01
ATGE,2011-06-01
ATGE,2011-07-01
ATGE,2011-08-01
ATGE,2011-09-01
ATGE,2011-10-01
ATGE,2011-11-01
ATGE,2011-12-01
ATGE,2012-01-01
ATGE,2012-02-01
ATGE,2012-03-01
ATGE,2012-04-01
ATGE,2012-05-01
ATGE,2012-06-01
ATGE,2012-07-01
ATGE,2012-08-01
ATGE,2012-09-01
ATI,1996-02-01
ATI,1996-03-01
ATI,1996-04-01
ATI,1996-05-01
ATI,1996-06-01
ATI,1996-07-01
ATI,1996-08-01
ATI,1996-09-01
ATI,1996-10-01
ATI,1996-11-01
ATI,1996-12-01
ATI,1997-01-01
ATI,1997-02-01
ATI,1997-03-01
ATI,1997-04-01
ATI,1997-05-01
ATI,1997-06-01
ATI,1997-07-01
ATI,1997-08-01
ATI,1997-09-01
ATI,1997-10-01
ATI,1997-11-01
ATI,1997-12-01
ATI,1998-01-01
ATI,1998-02-01
ATI,1998-03-01
ATI,1998-04-01
ATI,1998-05-01
ATI,1998-06-01
ATI,1998-07-01
ATI,1998-08-01
ATI,1998-09-01
ATI,1998-10-01
ATI,1998-11-01
ATI,1998-12-01
ATI,1999-01-01
ATI,1999-02-01
ATI,1999-03-01
ATI,1999-04-01
ATI,1999-05-01
ATI,1999-06-01
ATI,1999-07-01
ATI,1999-08-01
ATI,1999-09-01
ATI,1999-10-01
ATI,1999-11-01
ATI,1999-12-01
ATI,2000-01-01
ATI,2000-02-01
ATI,2000-03-01
ATI,2000-04-01
ATI,2000-05-01
ATI,2000-06-01
ATI,2000-07-01
ATI,2000-08-01
ATI,2000-09-01
ATI,2000-10-01
ATI,2000-11-01
ATI,2000-12-01
ATI,2001-01-01
ATI,2001-02-01
ATI,2001-03-01
ATI,2001-04-01
ATI,2001-05-01
ATI,2001-06-01
ATI,2001-07-01
ATI,2001-08-01
ATI,2001-09-01
ATI,2001-10-01
ATI,2001-11-01
ATI,2001-12-01
ATI,2002-01-01
ATI,2002-02-01
ATI,2002-03-01
ATI,2002-04-01
ATI,2002-05-01
ATI,2002-06-01
ATI,2002-07-01
ATI,2002-08-01
ATI,2002-09-01
ATI,2002-10-01
ATI,2002-11-01
ATI,2002-12-01
ATI,2003-01-01
ATI,2003-02-01
ATI,2003-03-01
ATI,2003-04-01
ATI,2003-05-01
ATI,2003-06-01
ATI,2003-07-01
ATI,2003-08-01
ATI,2003-09-01
ATI,2003-10-01
ATI,2003-11-01
ATI,2003-12-01
ATI,2004-01-01
ATI,2004-02-01
ATI,2004-03-01
ATI,2004-04-01
ATI,2004-05-01
ATI,2004-06-01
ATI,2004-07-01
ATI,2004-08-01
ATI,2004-09-01
ATI,2004-10-01
ATI,2004-11-01
ATI,2004-12-01
ATI,2005-01-01
ATI,2005-02-01
ATI,2005-03-01
ATI,2005-04-01
ATI,2005-05-01
ATI,2005-06-01
ATI,2005-07-01
ATI,2005-08-01
ATI,2005-09-01
ATI,2005-10-01
ATI,2005-11-01
ATI,2005-12-01
ATI,2006-01-01
ATI,2006-02-01
ATI,2006-03-01
ATI,2006-04-01
ATI,2006-05-01
ATI,2006-06-01
ATI,2006-07-01
ATI,2006-08-01
ATI,2006-09-01
ATI,2006-10-01
ATI,2006-11-01
ATI,2006-12-01
ATI,2007-01-01
ATI,2007-02-01
ATI,2007-03-01
ATI,2007-04-01
ATI,2007-05-01
ATI,2007-06-01
ATI,2007-07-01
ATI,2007-08-01
ATI,2007-09-01
ATI,2007-10-01
ATI,2007-11-01
ATI,2007-12-01
ATI,2008-01-01
ATI,2008-02-01
ATI,2008-03-01
ATI,2008-04-01
ATI,2008-05-01
ATI,2008-06-01
ATI,2008-07-01
ATI,2008-08-01
ATI,2008-09-01
ATI,2008-10-01
ATI,2008-11-01
ATI,2008-12-01
ATI,2009-01-01
ATI,2009-02-01
ATI,2009-03-01
ATI,2009-04-01
ATI,2009-05-01
ATI,2009-06-01
ATI,2009-07-01
ATI,2009-08-01
ATI,2009-09-01
ATI,2009-10-01
ATI,2009-11-01
ATI,2009-12-01
ATI,2010-01-01
ATI,2010-02-01
ATI,2010-03-01
ATI,2010-04-01
ATI,2010-05-01
ATI,2010-06-01
ATI,2010-07-01
ATI,2010-08-01
ATI,2010-09-01
ATI,2010-10-01
ATI,2010-11-01
ATI,2010-12-01
ATI,2011-01-01
ATI,2011-02-01
ATI,2011-03-01
ATI,2011-04-01
ATI,2011-05-01
ATI,2011-06-01
ATI,2011-07-01
ATI,2011-08-01
ATI,2011-09-01
ATI,2011-10-01
ATI,2011-11-01
ATI,2011-12-01
ATI,2012-01-01
ATI,2012-02-01
ATI,2012-03-01
ATI,2012-04-01
ATI,2012-05-01
ATI,2012-06-01
ATI,2012-07-01
ATI,2012-08-01
ATI,2012-09-01
ATI,2012-10-01
ATI,2012-11-01
ATI,2012-12-01
ATI,2013-01-01
ATI,2013-02-01
ATI,2013-03-01
ATI,2013-04-01
ATI,2013-05-01
ATI,2013-06-01
ATI,2013-07-01
ATI,2013-08-01
ATI,2013-09-01
ATI,2013-10-01
ATI,2013-11-01
ATI,2013-12-01
ATI,2014-01-01
ATI,2014-02-01
ATI,2014-03-01
ATI,2014-04-01
ATI,2014-05-01
ATI,2014-06-01
ATI,2014-07-01
ATI,2014-08-01
ATI,2014-09-01
ATI,2014-10-01
ATI,2014-11-01
ATI,2014-12-01
ATI,2015-01-01
ATI,2015-02-01
ATI,2015-03-01
ATI,2015-04-01
ATI,2015-05-01
ATI,2015-06-01
ATI,2015-07-01
ATVI,2015-09-01
ATVI,2015-10-01
ATVI,2015-11-01
ATVI,2015-12-01
ATVI,2016-01-01
ATVI,2016-02-01
ATVI,2016-03-01
ATVI,2016-04-01
ATVI,2016-05-01
ATVI,2016-06-01
ATVI,2016-07-01
ATVI,2016-08-01
ATVI,2016-09-01
ATVI,2016-10-01
ATVI,2016-11-01
ATVI,2016-12-01
ATVI,2017-01-01
ATVI,2017-02-01
ATVI,2017-03-01
ATVI,2017-04-01
ATVI,2017-05-01
ATVI,2017-06-01
ATVI,2017-07-01
ATVI,2017-08-01
ATVI,2017-09-01
ATVI,2017-10-01
ATVI,2017-11-01
ATVI,2017-12-01
ATVI,2018-01-01
ATVI,2018-02-01
ATVI,2018-03-01
ATVI,2018-04-01
ATVI,2018-05-01
ATVI,2018-06-01
ATVI,2018-07-01
ATVI,2018-08-01
ATVI,2018-09-01
ATVI,2018-10-01
ATVI,2018-11-01
ATVI,2018-12-01
ATVI,2019-01-01
ATVI,2019-02-01
ATVI,2019-03-01
ATVI,2019-04-01
ATVI,2019-05-01
ATVI,2019-06-01
ATVI,2019-07-01
ATVI,2019-08-01
ATVI,2019-09-01
ATVI,2019-10-01
ATVI,2019-11-01
ATVI,2019-12-01
ATVI,2020-01-01
ATVI,2020-02-01
ATVI,2020-03-01
ATVI,2020-04-01
ATVI,2020-05-01
ATVI,2020-06-01
ATVI,2020-07-01
ATVI,2020-08-01
ATVI,2020-09-01
ATVI,2020-10-01
ATVI,2020-11-01
ATVI,2020-12-01
ATVI,2021-01-01
ATVI,2021-02-01
ATVI,2021-03-01
ATVI,2021-04-01
ATVI,2021-05-01
ATVI,2021-06-01
ATVI,2021-07-01
ATVI,2021-08-01
ATVI,2021-09-01
ATVI,2021-10-01
ATVI,2021-11-01
ATVI,2021-12-01
ATVI,2022-01-01
ATVI,2022-02-01
ATVI,2022-03-01
ATVI,2022-04-01
ATVI,2022-05-01
ATVI,2022-06-01
ATVI,2022-07-01
ATVI,2022-08-01
ATVI,2022-09-01
ATVI,2022-10-01
ATVI,2022-11-01
ATVI,2022-12-01
ATVI,2023-01-01
ATVI,2023-02-01
ATVI,2023-03-01
ATVI,2023-04-01
ATVI,2023-05-01
ATVI,2023-06-01
ATVI,2023-07-01
ATVI,2023-08-01
ATVI,2023-09-01
ATVI,2023-10-01
AV,2000-11-01
AV,2000-12-01
AV,2001-01-01
AV,2001-02-01
AV,2001-03-01
AV,2001-04-01
AV,2001-05-01
AV,2001-06-01
AV,2001-07-01
AV,2001-08-01
AV,2001-09-01
AV,2001-10-01
AV,2001-11-01
AV,2001-12-01
AV,2002-01-01
AV,2002-02-01
AV,2002-03-01
AV,2002-04-01
AV,2002-05-01
AV,2002-06-01
AV,2002-07-01
AV,2002-08-01
AV,2002-09-01
AV,2002-10-01
AV,2002-11-01
AV,2002-12-01
AV,2003-01-01
AV,2003-02-01
AV,2003-03-01
AV,2003-04-01
AV,2003-05-01
AV,2003-06-01
AV,2003-07-01
AV,2003-08-01
AV,2003-09-01
AV,2003-10-01
AV,2003-11-01
AV,2003-12-01
AV,2004-01-01
AV,2004-02-01
AV,2004-03-01
AV,2004-04-01
AV,2004-05-01
AV,2004-06-01
AV,2004-07-01
AV,2004-08-01
AV,2004-09-01
AV,2004-10-01
AV,2004-11-01
AV,2004-12-01
AV,2005-01-01
AV,2005-02-01
AV,2005-03-01
AV,2005-04-01
AV,2005-05-01
AV,2005-06-01
AV,2005-07-01
AV,2005-08-01
AV,2005-09-01
AV,2005-10-01
AV,2005-11-01
AV,2005-12-01
AV,2006-01-01
AV,2006-02-01
AV,2006-03-01
AV,2006-04-01
AV,2006-05-01
AV,2006-06-01
AV,2006-07-01
AV,2006-08-01
AV,2006-09-01
AV,2006-10-01
AV,2006-11-01
AV,2006-12-01
AV,2007-01-01
AV,2007-02-01
AV,2007-03-01
AV,2007-04-01
AV,2007-05-01
AV,2007-06-01
AV,2007-07-01
AV,2007-08-01
AV,2007-09-01
AV,2007-10-01
AVP,1996-02-01
AVP,1996-03-01
AVP,1996-04-01
AVP,1996-05-01
AVP,1996-06-01
AVP,1996-07-01
AVP,1996-08-01
AVP,1996-09-01
AVP,1996-10-01
AVP,1996-11-01
AVP,1996-12-01
AVP,1997-01-01
AVP,1997-02-01
AVP,1997-03-01
AVP,1997-04-01
AVP,1997-05-01
AVP,1997-06-01
AVP,1997-07-01
AVP,1997-08-01
AVP,1997-09-01
AVP,1997-10-01
AVP,1997-11-01
AVP,1997-12-01
AVP,1998-01-01
AVP,1998-02-01
AVP,1998-03-01
AVP,1998-04-01
AVP,1998-05-01
AVP,1998-06-01
AVP,1998-07-01
AVP,1998-08-01
AVP,1998-09-01
AVP,1998-10-01
AVP,1998-11-01
AVP,1998-12-01
AVP,1999-01-01
AVP,1999-02-01
AVP,1999-03-01
AVP,1999-04-01
AVP,1999-05-01
AVP,1999-06-01
AVP,1999-07-01
AVP,1999-08-01
AVP,1999-09-01
AVP,1999-10-01
AVP,1999-11-01
AVP,1999-12-01
AVP,2000-01-01
AVP,2000-02-01
AVP,2000-03-01
AVP,2000-04-01
AVP,2000-05-01
AVP,2000-06-01
AVP,2000-07-01
AVP,2000-08-01
AVP,2000-09-01
AVP,2000-10-01
AVP,2000-11-01
AVP,2000-12-01
AVP,2001-01-01
AVP,2001-02-01
AVP,2001-03-01
AVP,2001-04-01
AVP,2001-05-01
AVP,2001-06-01
AVP,2001-07-01
AVP,2001-08-01
AVP,2001-09-01
AVP,2001-10-01
AVP,2001-11-01
AVP,2001-12-01
AVP,2002-01-01
AVP,2002-02-01
AVP,2002-03-01
AVP,2002-04-01
AVP,2002-05-01
AVP,2002-06-01
AVP,2002-07-01
AVP,2002-08-01
AVP,2002-09-01
AVP,2002-10-01
AVP,2002-11-01
AVP,2002-12-01
AVP,2003-01-01
AVP,2003-02-01
AVP,2003-03-01
AVP,2003-04-01
AVP,2003-05-01
AVP,2003-06-01
AVP,2003-07-01
AVP,2003-08-01
AVP,2003-09-01
AVP,2003-10-01
AVP,2003-11-01
AVP,2003-12-01
AVP,2004-01-01
AVP,2004-02-01
AVP,2004-03-01
AVP,2004-04-01
AVP,2004-05-01
AVP,2004-06-01
AVP,2004-07-01
AVP,2004-08-01
AVP,2004-09-01
AVP,2004-10-01
AVP,2004-11-01
AVP,2004-12-01
AVP,2005-01-01
AVP,2005-02-01
AVP,2005-03-01
AVP,2005-04-01
AVP,2005-05-01
AVP,2005-06-01
AVP,2005-07-01
AVP,2005-08-01
AVP,2005-09-01
AVP,2005-10-01
AVP,2005-11-01
AVP,2005-12-01
AVP,2006-01-01
AVP,2006-02-01
AVP,2006-03-01
AVP,2006-04-01
AVP,2006-05-01
AVP,2006-06-01
AVP,2006-07-01
AVP,2006-08-01
AVP,2006-09-01
AVP,2006-10-01
AVP,2006-11-01
AVP,2006-12-01
AVP,2007-01-01
AVP,2007-02-01
AVP,2007-03-01
AVP,2007-04-01
AVP,2007-05-01
AVP,2007-06-01
AVP,2007-07-01
AVP,2007-08-01
AVP,2007-09-01
AVP,2007-10-01
AVP,2007-11-01
AVP,2007-12-01
AVP,2008-01-01
AVP,2008-02-01
AVP,2008-03-01
AVP,2008-04-01
AVP,2008-05-01
AVP,2008-06-01
AVP,2008-07-01
AVP,2008-08-01
AVP,2008-09-01
AVP,2008-10-01
AVP,2008-11-01
AVP,2008-12-01
AVP,2009-01-01
AVP,2009-02-01
AVP,2009-03-01
AVP,2009-04-01
AVP,2009-05-01
AVP,2009-06-01
AVP,2009-07-01
AVP,2009-08-01
AVP,2009-09-01
AVP,2009-10-01
AVP,2009-11-01
AVP,2009-12-01
AVP,2010-01-01
AVP,2010-02-01
AVP,2010-03-01
AVP,2010-04-01
AVP,2010-05-01
AVP,2010-06-01
AVP,2010-07-01
AVP,2010-08-01
AVP,2010-09-01
AVP,2010-10-01
AVP,2010-11-01
AVP,2010-12-01
AVP,2011-01-01
AVP,2011-02-01
AVP,2011-03-01
AVP,2011-04-01
AVP,2011-05-01
AVP,2011-06-01
AVP,2011-07-01
AVP,2011-08-01
AVP,2011-09-01
AVP,2011-10-01
AVP,2011-11-01
AVP,2011-12-01
AVP,2012-01-01
AVP,2012-02-01
AVP,2012-03-01
AVP,2012-04-01
AVP,2012-05-01
AVP,2012-06-01
AVP,2012-07-01
AVP,2012-08-01
AVP,2012-09-01
AVP,2012-10-01
AVP,2012-11-01
AVP,2012-12-01
AVP,2013-01-01
AVP,2013-02-01
AVP,2013-03-01
AVP,2013-04-01
AVP,2013-05-01
AVP,2013-06-01
AVP,2013-07-01
AVP,2013-08-01
AVP,2013-09-01
AVP,2013-10-01
AVP,2013-11-01
AVP,2013-12-01
AVP,2014-01-01
AVP,2014-02-01
AVP,2014-03-01
AVP,2014-04-01
AVP,2014-05-01
AVP,2014-06-01
AVP,2014-07-01
AVP,2014-08-01
AVP,2014-09-01
AVP,2014-10-01
AVP,2014-11-01
AVP,2014-12-01
AVP,2015-01-01
AVP,2015-02-01
AVP,2015-03-01
AW,1999-09-01
AW,1999-10-01
AW,1999-11-01
AW,1999-12-01
AW,2000-01-01
AW,2000-02-01
AW,2000-03-01
AW,2000-04-01
AW,2000-05-01
AW,2000-06-01
AW,2000-07-01
AW,2000-08-01
AW,2000-09-01
AW,2000-10-01
AW,2000-11-01
AW,2000-12-01
AW,2001-01-01
AW,2001-02-01
AW,2001-03-01
AW,2001-04-01
AW,2001-05-01
AW,2001-06-01
AW,2001-07-01
AW,2001-08-01
AW,2001-09-01
AW,2001-10-01
AW,2001-11-01
AW,2001-12-01
AW,2002-01-01
AW,2002-02-01
AW,2002-03-01
AW,2002-04-01
AW,2002-05-01
AW,2002-06-01
AW,2002-07-01
AW,2002-08-01
AW,2002-09-01
AW,2002-10-01
AW,2002-11-01
AW,2002-12-01
AW,2003-01-01
AW,2003-02-01
AW,2003-03-01
AW,2003-04-01
AW,2003-05-01
AW,2003-06-01
AW,2003-07-01
AW,2003-08-01
AW,2003-09-01
AW,2003-10-01
AW,2003-11-01
AW,2003-12-01
AW,2004-01-01
AW,2004-02-01
AW,2004-03-01
AW,2004-04-01
AW,2004-05-01
AW,2004-06-01
AW,2004-07-01
AW,2004-08-01
AW,2004-09-01
AW,2004-10-01
AW,2004-11-01
AW,2004-12-01
AW,2005-01-01
AW,2005-02-01
AW,2005-03-01
AW,2005-04-01
AW,2005-05-01
AW,2005-06-01
AW,2005-07-01
AW,2005-08-01
AW,2005-09-01
AW,2005-10-01
AW,2005-11-01
AW,2005-12-01
AW,2006-01-01
AW,2006-02-01
AW,2006-03-01
AW,2006-04-01
AW,2006-05-01
AW,2006-06-01
AW,2006-07-01
AW,2006-08-01
AW,2006-09-01
AW,2006-10-01
AW,2006-11-01
AW,2006-12-01
AW,2007-01-01
AW,2007-02-01
AW,2007-03-01
AW,2007-04-01
AW,2007-05-01
AW,2007-06-01
AW,2007-07-01
AW,2007-08-01
AW,2007-09-01
AW,2007-10-01
AW,2007-11-01
AW,2007-12-01
AW,2008-01-01
AW,2008-02-01
AW,2008-03-01
AW,2008-04-01
AW,2008-05-01
AW,2008-06-01
AW,2008-07-01
AW,2008-08-01
AW,2008-09-01
AW,2008-10-01
AW,2008-11-01
AW,2008-12-01
AWE,2001-08-01
AWE,2001-09-01
AWE,2001-10-01
AWE,2001-11-01
AWE,2001-12-01
AWE,2002-01-01
AWE,2002-02-01
AWE,2002-03-01
AWE,2002-04-01
AWE,2002-05-01
AWE,2002-06-01
AWE,2002-07-01
AWE,2002-08-01
AWE,2002-09-01
AWE,2002-10-01
AWE,2002-11-01
AWE,2002-12-01
AWE,2003-01-01
AWE,2003-02-01
AWE,2003-03-01
AWE,2003-04-01
AWE,2003-05-01
AWE,2003-06-01
AWE,2003-07-01
AWE,2003-08-01
AWE,2003-09-01
AWE,2003-10-01
AWE,2003-11-01
AWE,2003-12-01
AWE,2004-01-01
AWE,2004-02-01
AWE,2004-03-01
AWE,2004-04-01
AWE,2004-05-01
AWE,2004-06-01
AWE,2004-07-01
AWE,2004-08-01
AWE,2004-09-01
AWE,2004-10-01
AYE,2001-01-01
AYE,2001-02-01
AYE,2001-03-01
AYE,2001-04-01
AYE,2001-05-01
AYE,2001-06-01
AYE,2001-07-01
AYE,2001-08-01
AYE,2001-09-01
AYE,2001-10-01
AYE,2001-11-01
AYE,2001-12-01
AYE,2002-01-01
AYE,2002-02-01
AYE,2002-03-01
AYE,2002-04-01
AYE,2002-05-01
AYE,2002-06-01
AYE,2002-07-01
AYE,2002-08-01
AYE,2002-09-01
AYE,2002-10-01
AYE,2002-11-01
AYE,2002-12-01
AYE,2003-01-01
AYE,2003-02-01
AYE,2003-03-01
AYE,2003-04-01
AYE,2003-05-01
AYE,2003-06-01
AYE,2003-07-01
AYE,2003-08-01
AYE,2003-09-01
AYE,2003-10-01
AYE,2003-11-01
AYE,2003-12-01
AYE,2004-01-01
AYE,2004-02-01
AYE,2004-03-01
AYE,2004-04-01
AYE,2004-05-01
AYE,2004-06-01
AYE,2004-07-01
AYE,2004-08-01
AYE,2004-09-01
AYE,2004-10-01
AYE,2004-11-01
AYE,2004-12-01
AYE,2005-01-01
AYE,2005-02-01
AYE,2005-03-01
AYE,2005-04-01
AYE,2005-05-01
AYE,2005-06-01
AYE,2005-07-01
AYE,2005-08-01
AYE,2005-09-01
AYE,2005-10-01
AYE,2005-11-01
AYE,2005-12-01
AYE,2006-01-01
AYE,2006-02-01
AYE,2006-03-01
AYE,2006-04-01
AYE,2006-05-01
AYE,2006-06-01
AYE,2006-07-01
AYE,2006-08-01
AYE,2006-09-01
AYE,2006-10-01
AYE,2006-11-01
AYE,2006-12-01
AYE,2007-01-01
AYE,2007-02-01
AYE,2007-03-01
AYE,2007-04-01
AYE,2007-05-01
AYE,2007-06-01
AYE,2007-07-01
AYE,2007-08-01
AYE,2007-09-01
AYE,2007-10-01
AYE,2007-11-01
AYE,2007-12-01
AYE,2008-01-01
AYE,2008-02-01
AYE,2008-03-01
AYE,2008-04-01
AYE,2008-05-01
AYE,2008-06-01
AYE,2008-07-01
AYE,2008-08-01
AYE,2008-09-01
AYE,2008-10-01
AYE,2008-11-01
AYE,2008-12-01
AYE,2009-01-01
AYE,2009-02-01
AYE,2009-03-01
AYE,2009-04-01
AYE,2009-05-01
AYE,2009-06-01
AYE,2009-07-01
AYE,2009-08-01
AYE,2009-09-01
AYE,2009-10-01
AYE,2009-11-01
AYE,2009-12-01
AYE,2010-01-01
AYE,2010-02-01
AYE,2010-03-01
AYE,2010-04-01
AYE,2010-05-01
AYE,2010-06-01
AYE,2010-07-01
AYE,2010-08-01
AYE,2010-09-01
AYE,2010-10-01
AYE,2010-11-01
AYE,2010-12-01
AYE,2011-01-01
AYE,2011-02-01
AZA-A,1996-02-01
AZA-A,1996-03-01
AZA-A,1996-04-01
AZA-A,1996-05-01
AZA-A,1996-06-01
AZA-A,1996-07-01
AZA-A,1996-08-01
AZA-A,1996-09-01
AZA-A,1996-10-01
AZA-A,1996-11-01
AZA-A,1996-12-01
AZA-A,1997-01-01
AZA-A,1997-02-01
AZA-A,1997-03-01
AZA-A,1997-04-01
AZA-A,1997-05-01
AZA-A,1997-06-01
AZA-A,1997-07-01
AZA-A,1997-08-01
AZA-A,1997-09-01
AZA-A,1997-10-01
AZA-A,1997-11-01
AZA-A,1997-12-01
AZA-A,1998-01-01
AZA-A,1998-02-01
AZA-A,1998-03-01
AZA-A,1998-04-01
AZA-A,1998-05-01
AZA-A,1998-06-01
AZA-A,1998-07-01
AZA-A,1998-08-01
AZA-A,1998-09-01
AZA-A,1998-10-01
AZA-A,1998-11-01
AZA-A,1998-12-01
AZA-A,1999-01-01
AZA-A,1999-02-01
AZA-A,1999-03-01
AZA-A,1999-04-01
AZA-A,1999-05-01
AZA-A,1999-06-01
AZA-A,1999-07-01
AZA-A,1999-08-01
AZA-A,1999-09-01
AZA-A,1999-10-01
AZA-A,1999-11-01
AZA-A,1999-12-01
AZA-A,2000-01-01
AZA-A,2000-02-01
AZA-A,2000-03-01
AZA-A,2000-04-01
AZA-A,2000-05-01
AZA-A,2000-06-01
AZA-A,2000-07-01
AZA-A,2000-08-01
AZA-A,2000-09-01
AZA-A,2000-10-01
AZA-A,2000-11-01
AZA-A,2000-12-01
AZA-A,2001-01-01
AZA-A,2001-02-01
AZA-A,2001-03-01
AZA-A,2001-04-01
AZA-A,2001-05-01
AZA-A,2001-06-01
BAY,1996-03-01
BAY,1996-04-01
BAY,1996-05-01
BAY,1996-06-01
BAY,1996-07-01
BAY,1996-08-01
BAY,1996-09-01
BAY,1996-10-01
BAY,1996-11-01
BAY,1996-12-01
BAY,1997-01-01
BAY,1997-02-01
BAY,1997-03-01
BAY,1997-04-01
BAY,1997-05-01
BAY,1997-06-01
BAY,1997-07-01
BAY,1997-08-01
BAY,1997-09-01
BAY,1997-10-01
BAY,1997-11-01
BAY,1997-12-01
BAY,1998-01-01
BAY,1998-02-01
BAY,1998-03-01
BAY,1998-04-01
BAY,1998-05-01
BAY,1998-06-01
BAY,1998-07-01
BAY,1998-08-01
BBBY,1999-10-01
BBBY,1999-11-01
BBBY,1999-12-01
BBBY,2000-01-01
BBBY,2000-02-01
BBBY,2000-03-01
BBBY,2000-04-01
BBBY,2000-05-01
BBBY,2000-06-01
BBBY,2000-07-01
BBBY,2000-08-01
BBBY,2000-09-01
BBBY,2000-10-01
BBBY,2000-11-01
BBBY,2000-12-01
BBBY,2001-01-01
BBBY,2001-02-01
BBBY,2001-03-01
BBBY,2001-04-01
BBBY,2001-05-01
BBBY,2001-06-01
BBBY,2001-07-01
BBBY,2001-08-01
BBBY,2001-09-01
BBBY,2001-10-01
BBBY,2001-11-01
BBBY,2001-12-01
BBBY,2002-01-01
BBBY,2002-02-01
BBBY,2002-03-01
BBBY,2002-04-01
BBBY,2002-05-01
BBBY,2002-06-01
BBBY,2002-07-01
BBBY,2002-08-01
BBBY,2002-09-01
BBBY,2002-10-01
BBBY,2002-11-01
BBBY,2002-12-01
BBBY,2003-01-01
BBBY,2003-02-01
BBBY,2003-03-01
BBBY,2003-04-01
BBBY,2003-05-01
BBBY,2003-06-01
BBBY,2003-07-01
BBBY,2003-08-01
BBBY,2003-09-01
BBBY,2003-10-01
BBBY,2003-11-01
BBBY,2003-12-01
BBBY,2004-01-01
BBBY,2004-02-01
BBBY,2004-03-01
BBBY,2004-04-01
BBBY,2004-05-01
BBBY,2004-06-01
BBBY,2004-07-01
BBBY,2004-08-01
BBBY,2004-09-01
BBBY,2004-10-01
BBBY,2004-11-01
BBBY,2004-12-01
BBBY,2005-01-01
BBBY,2005-02-01
BBBY,2005-03-01
BBBY,2005-04-01
BBBY,2005-05-01
BBBY,2005-06-01
BBBY,2005-07-01
BBBY,2005-08-01
BBBY,2005-09-01
BBBY,2005-10-01
BBBY,2005-11-01
BBBY,2005-12-01
BBBY,2006-01-01
BBBY,2006-02-01
BBBY,2006-03-01
BBBY,2006-04-01
BBBY,2006-05-01
BBBY,2006-06-01
BBBY,2006-07-01
BBBY,2006-08-01
BBBY,2006-09-01
BBBY,2006-10-01
BBBY,2006-11-01
BBBY,2006-12-01
BBBY,2007-01-01
BBBY,2007-02-01
BBBY,2007-03-01
BBBY,2007-04-01
BBBY,2007-05-01
BBBY,2007-06-01
BBBY,2007-07-01
BBBY,2007-08-01
BBBY,2007-09-01
BBBY,2007-10-01
BBBY,2007-11-01
BBBY,2007-12-01
BBBY,2008-01-01
BBBY,2008-02-01
BBBY,2008-03-01
BBBY,2008-04-01
BBBY,2008-05-01
BBBY,2008-06-01
BBBY,2008-07-01
BBBY,2008-08-01
BBBY,2008-09-01
BBBY,2008-10-01
BBBY,2008-11-01
BBBY,2008-12-01
BBBY,2009-01-01
BBBY,2009-02-01
BBBY,2009-03-01
BBBY,2009-04-01
BBBY,2009-05-01
BBBY,2009-06-01
BBBY,2009-07-01
BBBY,2009-08-01
BBBY,2009-09-01
BBBY,2009-10-01
BBBY,2009-11-01
BBBY,2009-12-01
BBBY,2010-01-01
BBBY,2010-02-01
BBBY,2010-03-01
BBBY,2010-04-01
BBBY,2010-05-01
BBBY,2010-06-01
BBBY,2010-07-01
BBBY,2010-08-01
BBBY,2010-09-01
BBBY,2010-10-01
BBBY,2010-11-01
BBBY,2010-12-01
BBBY,2011-01-01
BBBY,2011-02-01
BBBY,2011-03-01
BBBY,2011-04-01
BBBY,2011-05-01
BBBY,2011-06-01
BBBY,2011-07-01
BBBY,2011-08-01
BBBY,2011-09-01
BBBY,2011-10-01
BBBY,2011-11-01
BBBY,2011-12-01
BBBY,2012-01-01
BBBY,2012-02-01
BBBY,2012-03-01
BBBY,2012-04-01
BBBY,2012-05-01
BBBY,2012-06-01
BBBY,2012-07-01
BBBY,2012-08-01
BBBY,2012-09-01
BBBY,2012-10-01
BBBY,2012-11-01
BBBY,2012-12-01
BBBY,2013-01-01
BBBY,2013-02-01
BBBY,2013-03-01
BBBY,2013-04-01
BBBY,2013-05-01
BBBY,2013-06-01
BBBY,2013-07-01
BBBY,2013-08-01
BBBY,2013-09-01
BBBY,2013-10-01
BBBY,2013-11-01
BBBY,2013-12-01
BBBY,2014-01-01
BBBY,2014-02-01
BBBY,2014-03-01
BBBY,2014-04-01
BBBY,2014-05-01
BBBY,2014-06-01
BBBY,2014-07-01
BBBY,2014-08-01
BBBY,2014-09-01
BBBY,2014-10-01
BBBY,2014-11-01
BBBY,2014-12-01
BBBY,2015-01-01
BBBY,2015-02-01
BBBY,2015-03-01
BBBY,2015-04-01
BBBY,2015-05-01
BBBY,2015-06-01
BBBY,2015-07-01
BBBY,2015-08-01
BBBY,2015-09-01
BBBY,2015-10-01
BBBY,2015-11-01
BBBY,2015-12-01
BBBY,2016-01-01
BBBY,2016-02-01
BBBY,2016-03-01
BBBY,2016-04-01
BBBY,2016-05-01
BBBY,2016-06-01
BBBY,2016-07-01
BBBY,2016-08-01
BBBY,2016-09-01
BBBY,2016-10-01
BBBY,2016-11-01
BBBY,2016-12-01
BBBY,2017-01-01
BBBY,2017-02-01
BBBY,2017-03-01
BBBY,2017-04-01
BBBY,2017-05-01
BBBY,2017-06-01
BBBY,2017-07-01
BBI,1996-02-01
BBI,1996-03-01
BBI,1996-04-01
BBI,1996-05-01
BBI,1996-06-01
BBI,1996-07-01
BBI,1996-08-01
BBI,1996-09-01
BBI,1996-10-01
BBI,1996-11-01
BBI,1996-12-01
BBI,1997-01-01
BBI,1997-02-01
BBI,1997-03-01
BBI,1997-04-01
BBI,1997-05-01
BBI,1997-06-01
BBI,1997-07-01
BBI,1997-08-01
BBI,1997-09-01
BBI,1997-10-01
BBI,1997-11-01
BBI,1997-12-01
BBI,1998-01-01
BBT,1998-01-01
BBT,1998-02-01
BBT,1998-03-01
BBT,1998-04-01
BBT,1998-05-01
BBT,1998-06-01
BBT,1998-07-01
BBT,1998-08-01
BBT,1998-09-01
BBT,1998-10-01
BBT,1998-11-01
BBT,1998-12-01
BBT,1999-01-01
BBT,1999-02-01
BBT,1999-03-01
BBT,1999-04-01
BBT,1999-05-01
BBT,1999-06-01
BBT,1999-07-01
BBT,1999-08-01
BBT,1999-09-01
BBT,1999-10-01
BBT,1999-11-01
BBT,1999-12-01
BBT,2000-01-01
BBT,2000-02-01
BBT,2000-03-01
BBT,2000-04-01
BBT,2000-05-01
BBT,2000-06-01
BBT,2000-07-01
BBT,2000-08-01
BBT,2000-09-01
BBT,2000-10-01
BBT,2000-11-01
BBT,2000-12-01
BBT,2001-01-01
BBT,2001-02-01
BBT,2001-03-01
BBT,2001-04-01
BBT,2001-05-01
BBT,2001-06-01
BBT,2001-07-01
BBT,2001-08-01
BBT,2001-09-01
BBT,2001-10-01
BBT,2001-11-01
BBT,2001-12-01
BBT,2002-01-01
BBT,2002-02-01
BBT,2002-03-01
BBT,2002-04-01
BBT,2002-05-01
BBT,2002-06-01
BBT,2002-07-01
BBT,2002-08-01
BBT,2002-09-01
BBT,2002-10-01
BBT,2002-11-01
BBT,2002-12-01
BBT,2003-01-01
BBT,2003-02-01
BBT,2003-03-01
BBT,2003-04-01
BBT,2003-05-01
BBT,2003-06-01
BBT,2003-07-01
BBT,2003-08-01
BBT,2003-09-01
BBT,2003-10-01
BBT,2003-11-01
BBT,2003-12-01
BBT,2004-01-01
BBT,2004-02-01
BBT,2004-03-01
BBT,2004-04-01
BBT,2004-05-01
BBT,2004-06-01
BBT,2004-07-01
BBT,2004-08-01
BBT,2004-09-01
BBT,2004-10-01
BBT,2004-11-01
BBT,2004-12-01
BBT,2005-01-01
BBT,2005-02-01
BBT,2005-03-01
BBT,2005-04-01
BBT,2005-05-01
BBT,2005-06-01
BBT,2005-07-01
BBT,2005-08-01
BBT,2005-09-01
BBT,2005-10-01
BBT,2005-11-01
BBT,2005-12-01
BBT,2006-01-01
BBT,2006-02-01
BBT,2006-03-01
BBT,2006-04-01
BBT,2006-05-01
BBT,2006-06-01
BBT,2006-07-01
BBT,2006-08-01
BBT,2006-09-01
BBT,2006-10-01
BBT,2006-11-01
BBT,2006-12-01
BBT,2007-01-01
BBT,2007-02-01
BBT,2007-03-01
BBT,2007-04-01
BBT,2007-05-01
BBT,2007-06-01
BBT,2007-07-01
BBT,2007-08-01
BBT,2007-09-01
BBT,2007-10-01
BBT,2007-11-01
BBT,2007-12-01
BBT,2008-01-01
BBT,2008-02-01
BBT,2008-03-01
BBT,2008-04-01
BBT,2008-05-01
BBT,2008-06-01
BBT,2008-07-01
BBT,2008-08-01
BBT,2008-09-01
BBT,2008-10-01
BBT,2008-11-01
BBT,2008-12-01
BBT,2009-01-01
BBT,2009-02-01
BBT,2009-03-01
BBT,2009-04-01
BBT,2009-05-01
BBT,2009-06-01
BBT,2009-07-01
BBT,2009-08-01
BBT,2009-09-01
BBT,2009-10-01
BBT,2009-11-01
BBT,2009-12-01
BBT,2010-01-01
BBT,2010-02-01
BBT,2010-03-01
BBT,2010-04-01
BBT,2010-05-01
BBT,2010-06-01
BBT,2010-07-01
BBT,2010-08-01
BBT,2010-09-01
BBT,2010-10-01
BBT,2010-11-01
BBT,2010-12-01
BBT,2011-01-01
BBT,2011-02-01
BBT,2011-03-01
BBT,2011-04-01
BBT,2011-05-01
BBT,2011-06-01
BBT,2011-07-01
BBT,2011-08-01
BBT,2011-09-01
BBT,2011-10-01
BBT,2011-11-01
BBT,2011-12-01
BBT,2012-01-01
BBT,2012-02-01
BBT,2012-03-01
BBT,2012-04-01
BBT,2012-05-01
BBT,2012-06-01
BBT,2012-07-01
BBT,2012-08-01
BBT,2012-09-01
BBT,2012-10-01
BBT,2012-11-01
BBT,2012-12-01
BBT,2013-01-01
BBT,2013-02-01
BBT,2013-03-01
BBT,2013-04-01
BBT,2013-05-01
BBT,2013-06-01
BBT,2013-07-01
BBT,2013-08-01
BBT,2013-09-01
BBT,2013-10-01
BBT,2013-11-01
BBT,2013-12-01
BBT,2014-01-01
BBT,2014-02-01
BBT,2014-03-01
BBT,2014-04-01
BBT,2014-05-01
BBT,2014-06-01
BBT,2014-07-01
BBT,2014-08-01
BBT,2014-09-01
BBT,2014-10-01
BBT,2014-11-01
BBT,2014-12-01
BBT,2015-01-01
BBT,2015-02-01
BBT,2015-03-01
BBT,2015-04-01
BBT,2015-05-01
BBT,2015-06-01
BBT,2015-07-01
BBT,2015-08-01
BBT,2015-09-01
BBT,2015-10-01
BBT,2015-11-01
BBT,2015-12-01
BBT,2016-01-01
BBT,2016-02-01
BBT,2016-03-01
BBT,2016-04-01
BBT,2016-05-01
BBT,2016-06-01
BBT,2016-07-01
BBT,2016-08-01
BBT,2016-09-01
BBT,2016-10-01
BBT,2016-11-01
BBT,2016-12-01
BBT,2017-01-01
BBT,2017-02-01
BBT,2017-03-01
BBT,2017-04-01
BBT,2017-05-01
BBT,2017-06-01
BBT,2017-07-01
BBT,2017-08-01
BBT,2017-09-01
BBT,2017-10-01
BBT,2017-11-01
BBT,2017-12-01
BBT,2018-01-01
BBT,2018-02-01
BBT,2018-03-01
BBT,2018-04-01
BBT,2018-05-01
BBT,2018-06-01
BBT,2018-07-01
BBT,2018-08-01
BBT,2018-09-01
BBT,2018-10-01
BBT,2018-11-01
BBT,2018-12-01
BBT,2019-01-01
BBT,2019-02-01
BBT,2019-03-01
BBT,2019-04-01
BBT,2019-05-01
BBT,2019-06-01
BBT,2019-07-01
BBT,2019-08-01
BBT,2019-09-01
BBT,2019-10-01
BBT,2019-11-01
BBT,2019-12-01
BCR,1996-02-01
BCR,1996-03-01
BCR,1996-04-01
BCR,1996-05-01
BCR,1996-06-01
BCR,1996-07-01
BCR,1996-08-01
BCR,1996-09-01
BCR,1996-10-01
BCR,1996-11-01
BCR,1996-12-01
BCR,1997-01-01
BCR,1997-02-01
BCR,1997-03-01
BCR,1997-04-01
BCR,1997-05-01
BCR,1997-06-01
BCR,1997-07-01
BCR,1997-08-01
BCR,1997-09-01
BCR,1997-10-01
BCR,1997-11-01
BCR,1997-12-01
BCR,1998-01-01
BCR,1998-02-01
BCR,1998-03-01
BCR,1998-04-01
BCR,1998-05-01
BCR,1998-06-01
BCR,1998-07-01
BCR,1998-08-01
BCR,1998-09-01
BCR,1998-10-01
BCR,1998-11-01
BCR,1998-12-01
BCR,1999-01-01
BCR,1999-02-01
BCR,1999-03-01
BCR,1999-04-01
BCR,1999-05-01
BCR,1999-06-01
BCR,1999-07-01
BCR,1999-08-01
BCR,1999-09-01
BCR,1999-10-01
BCR,1999-11-01
BCR,1999-12-01
BCR,2000-01-01
BCR,2000-02-01
BCR,2000-03-01
BCR,2000-04-01
BCR,2000-05-01
BCR,2000-06-01
BCR,2000-07-01
BCR,2000-08-01
BCR,2000-09-01
BCR,2000-10-01
BCR,2000-11-01
BCR,2000-12-01
BCR,2001-01-01
BCR,2001-02-01
BCR,2001-03-01
BCR,2001-04-01
BCR,2001-05-01
BCR,2001-06-01
BCR,2001-07-01
BCR,2001-08-01
BCR,2001-09-01
BCR,2001-10-01
BCR,2001-11-01
BCR,2001-12-01
BCR,2002-01-01
BCR,2002-02-01
BCR,2002-03-01
BCR,2002-04-01
BCR,2002-05-01
BCR,2002-06-01
BCR,2002-07-01
BCR,2002-08-01
BCR,2002-09-01
BCR,2002-10-01
BCR,2002-11-01
BCR,2002-12-01
BCR,2003-01-01
BCR,2003-02-01
BCR,2003-03-01
BCR,2003-04-01
BCR,2003-05-01
BCR,2003-06-01
BCR,2003-07-01
BCR,2003-08-01
BCR,2003-09-01
BCR,2003-10-01
BCR,2003-11-01
BCR,2003-12-01
BCR,2004-01-01
BCR,2004-02-01
BCR,2004-03-01
BCR,2004-04-01
BCR,2004-05-01
BCR,2004-06-01
BCR,2004-07-01
BCR,2004-08-01
BCR,2004-09-01
BCR,2004-10-01
BCR,2004-11-01
BCR,2004-12-01
BCR,2005-01-01
BCR,2005-02-01
BCR,2005-03-01
BCR,2005-04-01
BCR,2005-05-01
BCR,2005-06-01
BCR,2005-07-01
BCR,2005-08-01
BCR,2005-09-01
BCR,2005-10-01
BCR,2005-11-01
BCR,2005-12-01
BCR,2006-01-01
BCR,2006-02-01
BCR,2006-03-01
BCR,2006-04-01
BCR,2006-05-01
BCR,2006-06-01
BCR,2006-07-01
BCR,2006-08-01
BCR,2006-09-01
BCR,2006-10-01
BCR,2006-11-01
BCR,2006-12-01
BCR,2007-01-01
BCR,2007-02-01
BCR,2007-03-01
BCR,2007-04-01
BCR,2007-05-01
BCR,2007-06-01
BCR,2007-07-01
BCR,2007-08-01
BCR,2007-09-01
BCR,2007-10-01
BCR,2007-11-01
BCR,2007-12-01
BCR,2008-01-01
BCR,2008-02-01
BCR,2008-03-01
BCR,2008-04-01
BCR,2008-05-01
BCR,2008-06-01
BCR,2008-07-01
BCR,2008-08-01
BCR,2008-09-01
BCR,2008-10-01
BCR,2008-11-01
BCR,2008-12-01
BCR,2009-01-01
BCR,2009-02-01
BCR,2009-03-01
BCR,2009-04-01
BCR,2009-05-01
BCR,2009-06-01
BCR,2009-07-01
BCR,2009-08-01
BCR,2009-09-01
BCR,2009-10-01
BCR,2009-11-01
BCR,2009-12-01
BCR,2010-01-01
BCR,2010-02-01
BCR,2010-03-01
BCR,2010-04-01
BCR,2010-05-01
BCR,2010-06-01
BCR,2010-07-01
BCR,2010-08-01
BCR,2010-09-01
BCR,2010-10-01
BCR,2010-11-01
BCR,2010-12-01
BCR,2011-01-01
BCR,2011-02-01
BCR,2011-03-01
BCR,2011-04-01
BCR,2011-05-01
BCR,2011-06-01
BCR,2011-07-01
BCR,2011-08-01
BCR,2011-09-01
BCR,2011-10-01
BCR,2011-11-01
BCR,2011-12-01
BCR,2012-01-01
BCR,2012-02-01
BCR,2012-03-01
BCR,2012-04-01
BCR,2012-05-01
BCR,2012-06-01
BCR,2012-07-01
BCR,2012-08-01
BCR,2012-09-01
BCR,2012-10-01
BCR,2012-11-01
BCR,2012-12-01
BCR,2013-01-01
BCR,2013-02-01
BCR,2013-03-01
BCR,2013-04-01
BCR,2013-05-01
BCR,2013-06-01
BCR,2013-07-01
BCR,2013-08-01
BCR,2013-09-01
BCR,2013-10-01
BCR,2013-11-01
BCR,2013-12-01
BCR,2014-01-01
BCR,2014-02-01
BCR,2014-03-01
BCR,2014-04-01
BCR,2014-05-01
BCR,2014-06-01
BCR,2014-07-01
BCR,2014-08-01
BCR,2014-09-01
BCR,2014-10-01
BCR,2014-11-01
BCR,2014-12-01
BCR,2015-01-01
BCR,2015-02-01
BCR,2015-03-01
BCR,2015-04-01
BCR,2015-05-01
BCR,2015-06-01
BCR,2015-07-01
BCR,2015-08-01
BCR,2015-09-01
BCR,2015-10-01
BCR,2015-11-01
BCR,2015-12-01
BCR,2016-01-01
BCR,2016-02-01
BCR,2016-03-01
BCR,2016-04-01
BCR,2016-05-01
BCR,2016-06-01
BCR,2016-07-01
BCR,2016-08-01
BCR,2016-09-01
BCR,2016-10-01
BCR,2016-11-01
BCR,2016-12-01
BCR,2017-01-01
BCR,2017-02-01
BCR,2017-03-01
BCR,2017-04-01
BCR,2017-05-01
BCR,2017-06-01
BCR,2017-07-01
BCR,2017-08-01
BCR,2017-09-01
BCR,2017-10-01
BCR,2017-11-01
BCR,2017-12-01
BDK,1996-02-01
BDK,1996-03-01
BDK,1996-04-01
BDK,1996-05-01
BDK,1996-06-01
BDK,1996-07-01
BDK,1996-08-01
BDK,1996-09-01
BDK,1996-10-01
BDK,1996-11-01
BDK,1996-12-01
BDK,1997-01-01
BDK,1997-02-01
BDK,1997-03-01
BDK,1997-04-01
BDK,1997-05-01
BDK,1997-06-01
BDK,1997-07-01
BDK,1997-08-01
BDK,1997-09-01
BDK,1997-10-01
BDK,1997-11-01
BDK,1997-12-01
BDK,1998-01-01
BDK,1998-02-01
BDK,1998-03-01
BDK,1998-04-01
BDK,1998-05-01
BDK,1998-06-01
BDK,1998-07-01
BDK,1998-08-01
BDK,1998-09-01
BDK,1998-10-01
BDK,1998-11-01
BDK,1998-12-01
BDK,1999-01-01
BDK,1999-02-01
BDK,1999-03-01
BDK,1999-04-01
BDK,1999-05-01
BDK,1999-06-01
BDK,1999-07-01
BDK,1999-08-01
BDK,1999-09-01
BDK,1999-10-01
BDK,1999-11-01
BDK,1999-12-01
BDK,2000-01-01
BDK,2000-02-01
BDK,2000-03-01
BDK,2000-04-01
BDK,2000-05-01
BDK,2000-06-01
BDK,2000-07-01
BDK,2000-08-01
BDK,2000-09-01
BDK,2000-10-01
BDK,2000-11-01
BDK,2000-12-01
BDK,2001-01-01
BDK,2001-02-01
BDK,2001-03-01
BDK,2001-04-01
BDK,2001-05-01
BDK,2001-06-01
BDK,2001-07-01
BDK,2001-08-01
BDK,2001-09-01
BDK,2001-10-01
BDK,2001-11-01
BDK,2001-12-01
BDK,2002-01-01
BDK,2002-02-01
BDK,2002-03-01
BDK,2002-04-01
BDK,2002-05-01
BDK,2002-06-01
BDK,2002-07-01
BDK,2002-08-01
BDK,2002-09-01
BDK,2002-10-01
BDK,2002-11-01
BDK,2002-12-01
BDK,2003-01-01
BDK,2003-02-01
BDK,2003-03-01
BDK,2003-04-01
BDK,2003-05-01
BDK,2003-06-01
BDK,2003-07-01
BDK,2003-08-01
BDK,2003-09-01
BDK,2003-10-01
BDK,2003-11-01
BDK,2003-12-01
BDK,2004-01-01
BDK,2004-02-01
BDK,2004-03-01
BDK,2004-04-01
BDK,2004-05-01
BDK,2004-06-01
BDK,2004-07-01
BDK,2004-08-01
BDK,2004-09-01
BDK,2004-10-01
BDK,2004-11-01
BDK,2004-12-01
BDK,2005-01-01
BDK,2005-02-01
BDK,2005-03-01
BDK,2005-04-01
BDK,2005-05-01
BDK,2005-06-01
BDK,2005-07-01
BDK,2005-08-01
BDK,2005-09-01
BDK,2005-10-01
BDK,2005-11-01
BDK,2005-12-01
BDK,2006-01-01
BDK,2006-02-01
BDK,2006-03-01
BDK,2006-04-01
BDK,2006-05-01
BDK,2006-06-01
BDK,2006-07-01
BDK,2006-08-01
BDK,2006-09-01
BDK,2006-10-01
BDK,2006-11-01
BDK,2006-12-01
BDK,2007-01-01
BDK,2007-02-01
BDK,2007-03-01
BDK,2007-04-01
BDK,2007-05-01
BDK,2007-06-01
BDK,2007-07-01
BDK,2007-08-01
BDK,2007-09-01
BDK,2007-10-01
BDK,2007-11-01
BDK,2007-12-01
BDK,2008-01-01
BDK,2008-02-01
BDK,2008-03-01
BDK,2008-04-01
BDK,2008-05-01
BDK,2008-06-01
BDK,2008-07-01
BDK,2008-08-01
BDK,2008-09-01
BDK,2008-10-01
BDK,2008-11-01
BDK,2008-12-01
BDK,2009-01-01
BDK,2009-02-01
BDK,2009-03-01
BDK,2009-04-01
BDK,2009-05-01
BDK,2009-06-01
BDK,2009-07-01
BDK,2009-08-01
BDK,2009-09-01
BDK,2009-10-01
BDK,2009-11-01
BDK,2009-12-01
BDK,2010-01-01
BDK,2010-02-01
BDK,2010-03-01
BEAM,1996-02-01
BEAM,1996-03-01
BEAM,1996-04-01
BEAM,1996-05-01
BEAM,1996-06-01
BEAM,1996-07-01
BEAM,1996-08-01
BEAM,1996-09-01
BEAM,1996-10-01
BEAM,1996-11-01
BEAM,1996-12-01
BEAM,1997-01-01
BEAM,1997-02-01
BEAM,1997-03-01
BEAM,1997-04-01
BEAM,1997-05-01
BEAM,1997-06-01
BEAM,1997-07-01
BEAM,1997-08-01
BEAM,1997-09-01
BEAM,1997-10-01
BEAM,1997-11-01
BEAM,1997-12-01
BEAM,1998-01-01
BEAM,1998-02-01
BEAM,1998-03-01
BEAM,1998-04-01
BEAM,1998-05-01
BEAM,1998-06-01
BEAM,1998-07-01
BEAM,1998-08-01
BEAM,1998-09-01
BEAM,1998-10-01
BEAM,1998-11-01
BEAM,1998-12-01
BEAM,1999-01-01
BEAM,1999-02-01
BEAM,1999-03-01
BEAM,1999-04-01
BEAM,1999-05-01
BEAM,1999-06-01
BEAM,1999-07-01
BEAM,1999-08-01
BEAM,1999-09-01
BEAM,1999-10-01
BEAM,1999-11-01
BEAM,1999-12-01
BEAM,2000-01-01
BEAM,2000-02-01
BEAM,2000-03-01
BEAM,2000-04-01
BEAM,2000-05-01
BEAM,2000-06-01
BEAM,2000-07-01
BEAM,2000-08-01
BEAM,2000-09-01
BEAM,2000-10-01
BEAM,2000-11-01
BEAM,2000-12-01
BEAM,2001-01-01
BEAM,2001-02-01
BEAM,2001-03-01
BEAM,2001-04-01
BEAM,2001-05-01
BEAM,2001-06-01
BEAM,2001-07-01
BEAM,2001-08-01
BEAM,2001-09-01
BEAM,2001-10-01
BEAM,2001-11-01
BEAM,2001-12-01
BEAM,2002-01-01
BEAM,2002-02-01
BEAM,2002-03-01
BEAM,2002-04-01
BEAM,2002-05-01
BEAM,2002-06-01
BEAM,2002-07-01
BEAM,2002-08-01
BEAM,2002-09-01
BEAM,2002-10-01
BEAM,2002-11-01
BEAM,2002-12-01
BEAM,2003-01-01
BEAM,2003-02-01
BEAM,2003-03-01
BEAM,2003-04-01
BEAM,2003-05-01
BEAM,2003-06-01
BEAM,2003-07-01
BEAM,2003-08-01
BEAM,2003-09-01
BEAM,2003-10-01
BEAM,2003-11-01
BEAM,2003-12-01
BEAM,2004-01-01
BEAM,2004-02-01
BEAM,2004-03-01
BEAM,2004-04-01
BEAM,2004-05-01
BEAM,2004-06-01
BEAM,2004-07-01
BEAM,2004-08-01
BEAM,2004-09-01
BEAM,2004-10-01
BEAM,2004-11-01
BEAM,2004-12-01
BEAM,2005-01-01
BEAM,2005-02-01
BEAM,2005-03-01
BEAM,2005-04-01
BEAM,2005-05-01
BEAM,2005-06-01
BEAM,2005-07-01
BEAM,2005-08-01
BEAM,2005-09-01
BEAM,2005-10-01
BEAM,2005-11-01
BEAM,2005-12-01
BEAM,2006-01-01
BEAM,2006-02-01
BEAM,2006-03-01
BEAM,2006-04-01
BEAM,2006-05-01
BEAM,2006-06-01
BEAM,2006-07-01
BEAM,2006-08-01
BEAM,2006-09-01
BEAM,2006-10-01
BEAM,2006-11-01
BEAM,2006-12-01
BEAM,2007-01-01
BEAM,2007-02-01
BEAM,2007-03-01
BEAM,2007-04-01
BEAM,2007-05-01
BEAM,2007-06-01
BEAM,2007-07-01
BEAM,2007-08-01
BEAM,2007-09-01
BEAM,2007-10-01
BEAM,2007-11-01
BEAM,2007-12-01
BEAM,2008-01-01
BEAM,2008-02-01
BEAM,2008-03-01
BEAM,2008-04-01
BEAM,2008-05-01
BEAM,2008-06-01
BEAM,2008-07-01
BEAM,2008-08-01
BEAM,2008-09-01
BEAM,2008-10-01
BEAM,2008-11-01
BEAM,2008-12-01
BEAM,2009-01-01
BEAM,2009-02-01
BEAM,2009-03-01
BEAM,2009-04-01
BEAM,2009-05-01
BEAM,2009-06-01
BEAM,2009-07-01
BEAM,2009-08-01
BEAM,2009-09-01
BEAM,2009-10-01
BEAM,2009-11-01
BEAM,2009-12-01
BEAM,2010-01-01
BEAM,2010-02-01
BEAM,2010-03-01
BEAM,2010-04-01
BEAM,2010-05-01
BEAM,2010-06-01
BEAM,2010-07-01
BEAM,2010-08-01
BEAM,2010-09-01
BEAM,2010-10-01
BEAM,2010-11-01
BEAM,2010-12-01
BEAM,2011-01-01
BEAM,2011-02-01
BEAM,2011-03-01
BEAM,2011-04-01
BEAM,2011-05-01
BEAM,2011-06-01
BEAM,2011-07-01
BEAM,2011-08-01
BEAM,2011-09-01
BEAM,2011-10-01
BEAM,2011-11-01
BEAM,2011-12-01
BEAM,2012-01-01
BEAM,2012-02-01
BEAM,2012-03-01
BEAM,2012-04-01
BEAM,2012-05-01
BEAM,2012-06-01
BEAM,2012-07-01
BEAM,2012-08-01
BEAM,2012-09-01
BEAM,2012-10-01
BEAM,2012-11-01
BEAM,2012-12-01
BEAM,2013-01-01
BEAM,2013-02-01
BEAM,2013-03-01
BEAM,2013-04-01
BEAM,2013-05-01
BEAM,2013-06-01
BEAM,2013-07-01
BEAM,2013-08-01
BEAM,2013-09-01
BEAM,2013-10-01
BEAM,2013-11-01
BEAM,2013-12-01
BEAM,2014-01-01
BEAM,2014-02-01
BEAM,2014-03-01
BEAM,2014-04-01
BEV,1996-02-01
BEV,1996-03-01
BEV,1996-04-01
BEV,1996-05-01
BEV,1996-06-01
BEV,1996-07-01
BEV,1996-08-01
BEV,1996-09-01
BEV,1996-10-01
BEV,1996-11-01
BEV,1996-12-01
BEV,1997-01-01
BEV,1997-02-01
BEV,1997-03-01
BEV,1997-04-01
BEV,1997-05-01
BEV,1997-06-01
BEV,1997-07-01
BEV,1997-08-01
BEV,1997-09-01
BEV,1997-10-01
BEV,1997-11-01
BEV,1997-12-01
BFI,1996-02-01
BFI,1996-03-01
BFI,1996-04-01
BFI,1996-05-01
BFI,1996-06-01
BFI,1996-07-01
BFI,1996-08-01
BFI,1996-09-01
BFI,1996-10-01
BFI,1996-11-01
BFI,1996-12-01
BFI,1997-01-01
BFI,1997-02-01
BFI,1997-03-01
BFI,1997-04-01
BFI,1997-05-01
BFI,1997-06-01
BFI,1997-07-01
BFI,1997-08-01
BFI,1997-09-01
BFI,1997-10-01
BFI,1997-11-01
BFI,1997-12-01
BFI,1998-01-01
BFI,1998-02-01
BFI,1998-03-01
BFI,1998-04-01
BFI,1998-05-01
BFI,1998-06-01
BFI,1998-07-01
BFI,1998-08-01
BFI,1998-09-01
BFI,1998-10-01
BFI,1998-11-01
BFI,1998-12-01
BFI,1999-01-01
BFI,1999-02-01
BFI,1999-03-01
BFI,1999-04-01
BFI,1999-05-01
BFI,1999-06-01
BFI,1999-07-01
BFI,1999-08-01
BFO,1996-02-01
BFO,1996-03-01
BFO,1996-04-01
BFO,1996-05-01
BFO,1996-06-01
BFO,1996-07-01
BFO,1996-08-01
BFO,1996-09-01
BFO,1996-10-01
BFO,1996-11-01
BFO,1996-12-01
BFO,1997-01-01
BFO,1997-02-01
BFO,1997-03-01
BFO,1997-04-01
BFO,1997-05-01
BFO,1997-06-01
BFO,1997-07-01
BFO,1997-08-01
BFO,1997-09-01
BFO,1997-10-01
BFO,1997-11-01
BFO,1997-12-01
BFO,1998-01-01
BFO,1998-02-01
BFO,1998-03-01
BFO,1998-04-01
BFO,1998-05-01
BFO,1998-06-01
BFO,1998-07-01
BFO,1998-08-01
BFO,1998-09-01
BFO,1998-10-01
BFO,1998-11-01
BFO,1998-12-01
BFO,1999-01-01
BFO,1999-02-01
BFO,1999-03-01
BFO,1999-04-01
BFO,1999-05-01
BFO,1999-06-01
BFO,1999-07-01
BFO,1999-08-01
BFO,1999-09-01
BFO,1999-10-01
BFO,1999-11-01
BFO,1999-12-01
BFO,2000-01-01
BFO,2000-02-01
BFO,2000-03-01
BFO,2000-04-01
BFO,2000-05-01
BFO,2000-06-01
BFO,2000-07-01
BFO,2000-08-01
BFO,2000-09-01
BFO,2000-10-01
BGEN,2000-02-01
BGEN,2000-03-01
BGEN,2000-04-01
BGEN,2000-05-01
BGEN,2000-06-01
BGEN,2000-07-01
BGEN,2000-08-01
BGEN,2000-09-01
BGEN,2000-10-01
BGEN,2000-11-01
BGEN,2000-12-01
BGEN,2001-01-01
BGEN,2001-02-01
BGEN,2001-03-01
BGEN,2001-04-01
BGEN,2001-05-01
BGEN,2001-06-01
BGEN,2001-07-01
BGEN,2001-08-01
BGEN,2001-09-01
BGEN,2001-10-01
BGEN,2001-11-01
BGEN,2001-12-01
BGEN,2002-01-01
BGEN,2002-02-01
BGEN,2002-03-01
BGEN,2002-04-01
BGEN,2002-05-01
BGEN,2002-06-01
BGEN,2002-07-01
BGEN,2002-08-01
BGEN,2002-09-01
BGEN,2002-10-01
BGEN,2002-11-01
BGEN,2002-12-01
BGEN,2003-01-01
BGEN,2003-02-01
BGEN,2003-03-01
BGEN,2003-04-01
BGEN,2003-05-01
BGEN,2003-06-01
BGEN,2003-07-01
BGEN,2003-08-01
BGEN,2003-09-01
BGEN,2003-10-01
BGEN,2003-11-01
BGG,1996-02-01
BGG,1996-03-01
BGG,1996-04-01
BGG,1996-05-01
BGG,1996-06-01
BGG,1996-07-01
BGG,1996-08-01
BGG,1996-09-01
BGG,1996-10-01
BGG,1996-11-01
BGG,1996-12-01
BGG,1997-01-01
BGG,1997-02-01
BGG,1997-03-01
BGG,1997-04-01
BGG,1997-05-01
BGG,1997-06-01
BGG,1997-07-01
BGG,1997-08-01
BGG,1997-09-01
BGG,1997-10-01
BGG,1997-11-01
BGG,1997-12-01
BGG,1998-01-01
BGG,1998-02-01
BGG,1998-03-01
BGG,1998-04-01
BGG,1998-05-01
BGG,1998-06-01
BGG,1998-07-01
BGG,1998-08-01
BGG,1998-09-01
BGG,1998-10-01
BGG,1998-11-01
BGG,1998-12-01
BGG,1999-01-01
BGG,1999-02-01
BGG,1999-03-01
BGG,1999-04-01
BGG,1999-05-01
BGG,1999-06-01
BGG,1999-07-01
BGG,1999-08-01
BGG,1999-09-01
BGG,1999-10-01
BGG,1999-11-01
BGG,1999-12-01
BGG,2000-01-01
BGG,2000-02-01
BGG,2000-03-01
BGG,2000-04-01
BGG,2000-05-01
BGG,2000-06-01
BGG,2000-07-01
BGG,2000-08-01
BGG,2000-09-01
BGG,2000-10-01
BGG,2000-11-01
BGG,2000-12-01
BGG,2001-01-01
BGG,2001-02-01
BGG,2001-03-01
BGG,2001-04-01
BHGE,1996-02-01
BHGE,1996-03-01
BHGE,1996-04-01
BHGE,1996-05-01
BHGE,1996-06-01
BHGE,1996-07-01
BHGE,1996-08-01
BHGE,1996-09-01
BHGE,1996-10-01
BHGE,1996-11-01
BHGE,1996-12-01
BHGE,1997-01-01
BHGE,1997-02-01
BHGE,1997-03-01
BHGE,1997-04-01
BHGE,1997-05-01
BHGE,1997-06-01
BHGE,1997-07-01
BHGE,1997-08-01
BHGE,1997-09-01
BHGE,1997-10-01
BHGE,1997-11-01
BHGE,1997-12-01
BHGE,1998-01-01
BHGE,1998-02-01
BHGE,1998-03-01
BHGE,1998-04-01
BHGE,1998-05-01
BHGE,1998-06-01
BHGE,1998-07-01
BHGE,1998-08-01
BHGE,1998-09-01
BHGE,1998-10-01
BHGE,1998-11-01
BHGE,1998-12-01
BHGE,1999-01-01
BHGE,1999-02-01
BHGE,1999-03-01
BHGE,1999-04-01
BHGE,1999-05-01
BHGE,1999-06-01
BHGE,1999-07-01
BHGE,1999-08-01
BHGE,1999-09-01
BHGE,1999-10-01
BHGE,1999-11-01
BHGE,1999-12-01
BHGE,2000-01-01
BHGE,2000-02-01
BHGE,2000-03-01
BHGE,2000-04-01
BHGE,2000-05-01
BHGE,2000-06-01
BHGE,2000-07-01
BHGE,2000-08-01
BHGE,2000-09-01
BHGE,2000-10-01
BHGE,2000-11-01
BHGE,2000-12-01
BHGE,2001-01-01
BHGE,2001-02-01
BHGE,2001-03-01
BHGE,2001-04-01
BHGE,2001-05-01
BHGE,2001-06-01
BHGE,2001-07-01
BHGE,2001-08-01
BHGE,2001-09-01
BHGE,2001-10-01
BHGE,2001-11-01
BHGE,2001-12-01
BHGE,2002-01-01
BHGE,2002-02-01
BHGE,2002-03-01
BHGE,2002-04-01
BHGE,2002-05-01
BHGE,2002-06-01
BHGE,2002-07-01
BHGE,2002-08-01
BHGE,2002-09-01
BHGE,2002-10-01
BHGE,2002-11-01
BHGE,2002-12-01
BHGE,2003-01-01
BHGE,2003-02-01
BHGE,2003-03-01
BHGE,2003-04-01
BHGE,2003-05-01
BHGE,2003-06-01
BHGE,2003-07-01
BHGE,2003-08-01
BHGE,2003-09-01
BHGE,2003-10-01
BHGE,2003-11-01
BHGE,2003-12-01
BHGE,2004-01-01
BHGE,2004-02-01
BHGE,2004-03-01
BHGE,2004-04-01
BHGE,2004-05-01
BHGE,2004-06-01
BHGE,2004-07-01
BHGE,2004-08-01
BHGE,2004-09-01
BHGE,2004-10-01
BHGE,2004-11-01
BHGE,2004-12-01
BHGE,2005-01-01
BHGE,2005-02-01
BHGE,2005-03-01
BHGE,2005-04-01
BHGE,2005-05-01
BHGE,2005-06-01
BHGE,2005-07-01
BHGE,2005-08-01
BHGE,2005-09-01
BHGE,2005-10-01
BHGE,2005-11-01
BHGE,2005-12-01
BHGE,2006-01-01
BHGE,2006-02-01
BHGE,2006-03-01
BHGE,2006-04-01
BHGE,2006-05-01
BHGE,2006-06-01
BHGE,2006-07-01
BHGE,2006-08-01
BHGE,2006-09-01
BHGE,2006-10-01
BHGE,2006-11-01
BHGE,2006-12-01
BHGE,2007-01-01
BHGE,2007-02-01
BHGE,2007-03-01
BHGE,2007-04-01
BHGE,2007-05-01
BHGE,2007-06-01
BHGE,2007-07-01
BHGE,2007-08-01
BHGE,2007-09-01
BHGE,2007-10-01
BHGE,2007-11-01
BHGE,2007-12-01
BHGE,2008-01-01
BHGE,2008-02-01
BHGE,2008-03-01
BHGE,2008-04-01
BHGE,2008-05-01
BHGE,2008-06-01
BHGE,2008-07-01
BHGE,2008-08-01
BHGE,2008-09-01
BHGE,2008-10-01
BHGE,2008-11-01
BHGE,2008-12-01
BHGE,2009-01-01
BHGE,2009-02-01
BHGE,2009-03-01
BHGE,2009-04-01
BHGE,2009-05-01
BHGE,2009-06-01
BHGE,2009-07-01
BHGE,2009-08-01
BHGE,2009-09-01
BHGE,2009-10-01
BHGE,2009-11-01
BHGE,2009-12-01
BHGE,2010-01-01
BHGE,2010-02-01
BHGE,2010-03-01
BHGE,2010-04-01
BHGE,2010-05-01
BHGE,2010-06-01
BHGE,2010-07-01
BHGE,2010-08-01
BHGE,2010-09-01
BHGE,2010-10-01
BHGE,2010-11-01
BHGE,2010-12-01
BHGE,2011-01-01
BHGE,2011-02-01
BHGE,2011-03-01
BHGE,2011-04-01
BHGE,2011-05-01
BHGE,2011-06-01
BHGE,2011-07-01
BHGE,2011-08-01
BHGE,2011-09-01
BHGE,2011-10-01
BHGE,2011-11-01
BHGE,2011-12-01
BHGE,2012-01-01
BHGE,2012-02-01
BHGE,2012-03-01
BHGE,2012-04-01
BHGE,2012-05-01
BHGE,2012-06-01
BHGE,2012-07-01
BHGE,2012-08-01
BHGE,2012-09-01
BHGE,2012-10-01
BHGE,2012-11-01
BHGE,2012-12-01
BHGE,2013-01-01
BHGE,2013-02-01
BHGE,2013-03-01
BHGE,2013-04-01
BHGE,2013-05-01
BHGE,2013-06-01
BHGE,2013-07-01
BHGE,2013-08-01
BHGE,2013-09-01
BHGE,2013-10-01
BHGE,2013-11-01
BHGE,2013-12-01
BHGE,2014-01-01
BHGE,2014-02-01
BHGE,2014-03-01
BHGE,2014-04-01
BHGE,2014-05-01
BHGE,2014-06-01
BHGE,2014-07-01
BHGE,2014-08-01
BHGE,2014-09-01
BHGE,2014-10-01
BHGE,2014-11-01
BHGE,2014-12-01
BHGE,2015-01-01
BHGE,2015-02-01
BHGE,2015-03-01
BHGE,2015-04-01
BHGE,2015-05-01
BHGE,2015-06-01
BHGE,2015-07-01
BHGE,2015-08-01
BHGE,2015-09-01
BHGE,2015-10-01
BHGE,2015-11-01
BHGE,2015-12-01
BHGE,2016-01-01
BHGE,2016-02-01
BHGE,2016-03-01
BHGE,2016-04-01
BHGE,2016-05-01
BHGE,2016-06-01
BHGE,2016-07-01
BHGE,2016-08-01
BHGE,2016-09-01
BHGE,2016-10-01
BHGE,2016-11-01
BHGE,2016-12-01
BHGE,2017-01-01
BHGE,2017-02-01
BHGE,2017-03-01
BHGE,2017-04-01
BHGE,2017-05-01
BHGE,2017-06-01
BHGE,2017-07-01
BHGE,2017-08-01
BHGE,2017-09-01
BHGE,2017-10-01
BHGE,2017-11-01
BHGE,2017-12-01
BHGE,2018-01-01
BHGE,2018-02-01
BHGE,2018-03-01
BHGE,2018-04-01
BHGE,2018-05-01
BHGE,2018-06-01
BHGE,2018-07-01
BHGE,2018-08-01
BHGE,2018-09-01
BHGE,2018-10-01
BHGE,2018-11-01
BHGE,2018-12-01
BHGE,2019-01-01
BHGE,2019-02-01
BHGE,2019-03-01
BHGE,2019-04-01
BHGE,2019-05-01
BHGE,2019-06-01
BHGE,2019-07-01
BHGE,2019-08-01
BHGE,2019-09-01
BHGE,2019-10-01
BHMSQ,1996-02-01
BHMSQ,1996-03-01
BHMSQ,1996-04-01
BHMSQ,1996-05-01
BHMSQ,1996-06-01
BHMSQ,1996-07-01
BHMSQ,1996-08-01
BHMSQ,1996-09-01
BHMSQ,1996-10-01
BHMSQ,1996-11-01
BHMSQ,1996-12-01
BHMSQ,1997-01-01
BHMSQ,1997-02-01
BHMSQ,1997-03-01
BHMSQ,1997-04-01
BHMSQ,1997-05-01
BHMSQ,1997-06-01
BHMSQ,1997-07-01
BHMSQ,1997-08-01
BHMSQ,1997-09-01
BHMSQ,1997-10-01
BHMSQ,1997-11-01
BHMSQ,1997-12-01
BHMSQ,1998-01-01
BHMSQ,1998-02-01
BHMSQ,1998-03-01
BHMSQ,1998-04-01
BHMSQ,1998-05-01
BHMSQ,1998-06-01
BHMSQ,1998-07-01
BHMSQ,1998-08-01
BHMSQ,1998-09-01
BHMSQ,1998-10-01
BHMSQ,1998-11-01
BHMSQ,1998-12-01
BHMSQ,1999-01-01
BHMSQ,1999-02-01
BHMSQ,1999-03-01
BHMSQ,1999-04-01
BHMSQ,1999-05-01
BHMSQ,1999-06-01
BHMSQ,1999-07-01
BHMSQ,1999-08-01
BHMSQ,1999-09-01
BHMSQ,1999-10-01
BHMSQ,1999-11-01
BHMSQ,1999-12-01
BHMSQ,2000-01-01
BHMSQ,2000-02-01
BHMSQ,2000-03-01
BHMSQ,2000-04-01
BHMSQ,2000-05-01
BHMSQ,2000-06-01
BHMSQ,2000-07-01
BHMSQ,2000-08-01
BHMSQ,2000-09-01
BHMSQ,2000-10-01
BHMSQ,2000-11-01
BHMSQ,2000-12-01
BIG,1998-02-01
BIG,1998-03-01
BIG,1998-04-01
BIG,1998-05-01
BIG,1998-06-01
BIG,1998-07-01
BIG,1998-08-01
BIG,1998-09-01
BIG,1998-10-01
BIG,1998-11-01
BIG,1998-12-01
BIG,1999-01-01
BIG,1999-02-01
BIG,1999-03-01
BIG,1999-04-01
BIG,1999-05-01
BIG,1999-06-01
BIG,1999-07-01
BIG,1999-08-01
BIG,1999-09-01
BIG,1999-10-01
BIG,1999-11-01
BIG,1999-12-01
BIG,2000-01-01
BIG,2000-02-01
BIG,2000-03-01
BIG,2000-04-01
BIG,2000-05-01
BIG,2000-06-01
BIG,2000-07-01
BIG,2000-08-01
BIG,2000-09-01
BIG,2000-10-01
BIG,2000-11-01
BIG,2000-12-01
BIG,2001-01-01
BIG,2001-02-01
BIG,2001-03-01
BIG,2001-04-01
BIG,2001-05-01
BIG,2001-06-01
BIG,2001-07-01
BIG,2001-08-01
BIG,2001-09-01
BIG,2001-10-01
BIG,2001-11-01
BIG,2001-12-01
BIG,2002-01-01
BIG,2002-02-01
BIG,2002-03-01
BIG,2002-04-01
BIG,2002-05-01
BIG,2002-06-01
BIG,2002-07-01
BIG,2002-08-01
BIG,2002-09-01
BIG,2002-10-01
BIG,2002-11-01
BIG,2002-12-01
BIG,2003-01-01
BIG,2003-02-01
BIG,2003-03-01
BIG,2003-04-01
BIG,2003-05-01
BIG,2003-06-01
BIG,2003-07-01
BIG,2003-08-01
BIG,2003-09-01
BIG,2003-10-01
BIG,2003-11-01
BIG,2003-12-01
BIG,2004-01-01
BIG,2004-02-01
BIG,2004-03-01
BIG,2004-04-01
BIG,2004-05-01
BIG,2004-06-01
BIG,2004-07-01
BIG,2004-08-01
BIG,2004-09-01
BIG,2004-10-01
BIG,2004-11-01
BIG,2004-12-01
BIG,2005-01-01
BIG,2005-02-01
BIG,2005-03-01
BIG,2005-04-01
BIG,2005-05-01
BIG,2005-06-01
BIG,2005-07-01
BIG,2005-08-01
BIG,2005-09-01
BIG,2005-10-01
BIG,2005-11-01
BIG,2005-12-01
BIG,2006-01-01
BIG,2006-02-01
BIG,2006-03-01
BIG,2006-04-01
BIG,2006-05-01
BIG,2006-06-01
BIG,2006-07-01
BIG,2006-08-01
BIG,2006-09-01
BIG,2006-10-01
BIG,2006-11-01
BIG,2006-12-01
BIG,2007-01-01
BIG,2007-02-01
BIG,2007-03-01
BIG,2007-04-01
BIG,2007-05-01
BIG,2007-06-01
BIG,2007-07-01
BIG,2007-08-01
BIG,2007-09-01
BIG,2007-10-01
BIG,2007-11-01
BIG,2007-12-01
BIG,2008-01-01
BIG,2008-02-01
BIG,2008-03-01
BIG,2008-04-01
BIG,2008-05-01
BIG,2008-06-01
BIG,2008-07-01
BIG,2008-08-01
BIG,2008-09-01
BIG,2008-10-01
BIG,2008-11-01
BIG,2008-12-01
BIG,2009-01-01
BIG,2009-02-01
BIG,2009-03-01
BIG,2009-04-01
BIG,2009-05-01
BIG,2009-06-01
BIG,2009-07-01
BIG,2009-08-01
BIG,2009-09-01
BIG,2009-10-01
BIG,2009-11-01
BIG,2009-12-01
BIG,2010-01-01
BIG,2010-02-01
BIG,2010-03-01
BIG,2010-04-01
BIG,2010-05-01
BIG,2010-06-01
BIG,2010-07-01
BIG,2010-08-01
BIG,2010-09-01
BIG,2010-10-01
BIG,2010-11-01
BIG,2010-12-01
BIG,2011-01-01
BIG,2011-02-01
BIG,2011-03-01
BIG,2011-04-01
BIG,2011-05-01
BIG,2011-06-01
BIG,2011-07-01
BIG,2011-08-01
BIG,2011-09-01
BIG,2011-10-01
BIG,2011-11-01
BIG,2011-12-01
BIG,2012-01-01
BIG,2012-02-01
BIG,2012-03-01
BIG,2012-04-01
BIG,2012-05-01
BIG,2012-06-01
BIG,2012-07-01
BIG,2012-08-01
BIG,2012-09-01
BIG,2012-10-01
BIG,2012-11-01
BIG,2012-12-01
BIG,2013-01-01
BIG,2013-02-01
BJS,2002-06-01
BJS,2002-07-01
BJS,2002-08-01
BJS,2002-09-01
BJS,2002-10-01
BJS,2002-11-01
BJS,2002-12-01
BJS,2003-01-01
BJS,2003-02-01
BJS,2003-03-01
BJS,2003-04-01
BJS,2003-05-01
BJS,2003-06-01
BJS,2003-07-01
BJS,2003-08-01
BJS,2003-09-01
BJS,2003-10-01
BJS,2003-11-01
BJS,2003-12-01
BJS,2004-01-01
BJS,2004-02-01
BJS,2004-03-01
BJS,2004-04-01
BJS,2004-05-01
BJS,2004-06-01
BJS,2004-07-01
BJS,2004-08-01
BJS,2004-09-01
BJS,2004-10-01
BJS,2004-11-01
BJS,2004-12-01
BJS,2005-01-01
BJS,2005-02-01
BJS,2005-03-01
BJS,2005-04-01
BJS,2005-05-01
BJS,2005-06-01
BJS,2005-07-01
BJS,2005-08-01
BJS,2005-09-01
BJS,2005-10-01
BJS,2005-11-01
BJS,2005-12-01
BJS,2006-01-01
BJS,2006-02-01
BJS,2006-03-01
BJS,2006-04-01
BJS,2006-05-01
BJS,2006-06-01
BJS,2006-07-01
BJS,2006-08-01
BJS,2006-09-01
BJS,2006-10-01
BJS,2006-11-01
BJS,2006-12-01
BJS,2007-01-01
BJS,2007-02-01
BJS,2007-03-01
BJS,2007-04-01
BJS,2007-05-01
BJS,2007-06-01
BJS,2007-07-01
BJS,2007-08-01
BJS,2007-09-01
BJS,2007-10-01
BJS,2007-11-01
BJS,2007-12-01
BJS,2008-01-01
BJS,2008-02-01
BJS,2008-03-01
BJS,2008-04-01
BJS,2008-05-01
BJS,2008-06-01
BJS,2008-07-01
BJS,2008-08-01
BJS,2008-09-01
BJS,2008-10-01
BJS,2008-11-01
BJS,2008-12-01
BJS,2009-01-01
BJS,2009-02-01
BJS,2009-03-01
BJS,2009-04-01
BJS,2009-05-01
BJS,2009-06-01
BJS,2009-07-01
BJS,2009-08-01
BJS,2009-09-01
BJS,2009-10-01
BJS,2009-11-01
BJS,2009-12-01
BJS,2010-01-01
BJS,2010-02-01
BJS,2010-03-01
BJS,2010-04-01
BK,1996-02-01
BK,1996-03-01
BK,1996-04-01
BK,1996-05-01
BK,1996-06-01
BK,1996-07-01
BK,1996-08-01
BK,1996-09-01
BK,1996-10-01
BK,1996-11-01
BK,1996-12-01
BK,1997-01-01
BK,1997-02-01
BK,1997-03-01
BK,1997-04-01
BK,1997-05-01
BK,1997-06-01
BK,1997-07-01
BK,1997-08-01
BK,1997-09-01
BK,1997-10-01
BK,1997-11-01
BK,1997-12-01
BK,1998-01-01
BK,1998-02-01
BK,1998-03-01
BK,1998-04-01
BK,1998-05-01
BK,1998-06-01
BK,1998-07-01
BK,1998-08-01
BK,1998-09-01
BK,1998-10-01
BK,1998-11-01
BK,1998-12-01
BK,1999-01-01
BK,1999-02-01
BK,1999-03-01
BK,1999-04-01
BK,1999-05-01
BK,1999-06-01
BK,1999-07-01
BK,1999-08-01
BK,1999-09-01
BK,1999-10-01
BK,1999-11-01
BK,1999-12-01
BK,2000-01-01
BK,2000-02-01
BK,2000-03-01
BK,2000-04-01
BK,2000-05-01
BK,2000-06-01
BK,2000-07-01
BK,2000-08-01
BK,2000-09-01
BK,2000-10-01
BK,2000-11-01
BK,2000-12-01
BK,2001-01-01
BK,2001-02-01
BK,2001-03-01
BK,2001-04-01
BK,2001-05-01
BK,2001-06-01
BK,2001-07-01
BK,2001-08-01
BK,2001-09-01
BK,2001-10-01
BK,2001-11-01
BK,2001-12-01
BK,2002-01-01
BK,2002-02-01
BK,2002-03-01
BK,2002-04-01
BK,2002-05-01
BK,2002-06-01
BK,2002-07-01
BK,2002-08-01
BK,2002-09-01
BK,2002-10-01
BK,2002-11-01
BK,2002-12-01
BK,2003-01-01
BK,2003-02-01
BK,2003-03-01
BK,2003-04-01
BK,2003-05-01
BK,2003-06-01
BK,2003-07-01
BK,2003-08-01
BK,2003-09-01
BK,2003-10-01
BK,2003-11-01
BK,2003-12-01
BK,2004-01-01
BK,2004-02-01
BK,2004-03-01
BK,2004-04-01
BK,2004-05-01
BK,2004-06-01
BK,2004-07-01
BK,2004-08-01
BK,2004-09-01
BK,2004-10-01
BK,2004-11-01
BK,2004-12-01
BK,2005-01-01
BK,2005-02-01
BK,2005-03-01
BK,2005-04-01
BK,2005-05-01
BK,2005-06-01
BK,2005-07-01
BK,2005-08-01
BK,2005-09-01
BK,2005-10-01
BK,2005-11-01
BK,2005-12-01
BK,2006-01-01
BK,2006-02-01
BK,2006-03-01
BK,2006-04-01
BK,2006-05-01
BK,2006-06-01
BK,2006-07-01
BK,2006-08-01
BK,2006-09-01
BK,2006-10-01
BK,2006-11-01
BK,2006-12-01
BK,2007-01-01
BK,2007-02-01
BK,2007-03-01
BK,2007-04-01
BK,2007-05-01
BK,2007-06-01
BK,2007-07-01
BK,2007-08-01
BK,2007-09-01
BK,2007-10-01
BK,2007-11-01
BK,2007-12-01
BK,2008-01-01
BK,2008-02-01
BK,2008-03-01
BK,2008-04-01
BK,2008-05-01
BK,2008-06-01
BK,2008-07-01
BK,2008-08-01
BK,2008-09-01
BK,2008-10-01
BK,2008-11-01
BK,2008-12-01
BK,2009-01-01
BK,2009-02-01
BK,2009-03-01
BK,2009-04-01
BK,2009-05-01
BK,2009-06-01
BK,2009-07-01
BK,2009-08-01
BK,2009-09-01
BK,2009-10-01
BK,2009-11-01
BK,2009-12-01
BK,2010-01-01
BK,2010-02-01
BK,2010-03-01
BK,2010-04-01
BK,2010-05-01
BK,2010-06-01
BK,2010-07-01
BK,2010-08-01
BK,2010-09-01
BK,2010-10-01
BK,2010-11-01
BK,2010-12-01
BK,2011-01-01
BK,2011-02-01
BK,2011-03-01
BK,2011-04-01
BK,2011-05-01
BK,2011-06-01
BK,2011-07-01
BK,2011-08-01
BK,2011-09-01
BK,2011-10-01
BK,2011-11-01
BK,2011-12-01
BK,2012-01-01
BK,2012-02-01
BK,2012-03-01
BK,2012-04-01
BK,2012-05-01
BK,2012-06-01
BK,2012-07-01
BK,2012-08-01
BK,2012-09-01
BK,2012-10-01
BK,2012-11-01
BK,2012-12-01
BK,2013-01-01
BK,2013-02-01
BK,2013-03-01
BK,2013-04-01
BK,2013-05-01
BK,2013-06-01
BK,2013-07-01
BK,2013-08-01
BK,2013-09-01
BK,2013-10-01
BK,2013-11-01
BK,2013-12-01
BK,2014-01-01
BK,2014-02-01
BK,2014-03-01
BK,2014-04-01
BK,2014-05-01
BK,2014-06-01
BK,2014-07-01
BK,2014-08-01
BK,2014-09-01
BK,2014-10-01
BK,2014-11-01
BK,2014-12-01
BK,2015-01-01
BK,2015-02-01
BK,2015-03-01
BK,2015-04-01
BK,2015-05-01
BK,2015-06-01
BK,2015-07-01
BK,2015-08-01
BK,2015-09-01
BK,2015-10-01
BK,2015-11-01
BK,2015-12-01
BK,2016-01-01
BK,2016-02-01
BK,2016-03-01
BK,2016-04-01
BK,2016-05-01
BK,2016-06-01
BK,2016-07-01
BK,2016-08-01
BK,2016-09-01
BK,2016-10-01
BK,2016-11-01
BK,2016-12-01
BK,2017-01-01
BK,2017-02-01
BK,2017-03-01
BK,2017-04-01
BK,2017-05-01
BK,2017-06-01
BK,2017-07-01
BK,2017-08-01
BK,2017-09-01
BK,2017-10-01
BK,2017-11-01
BK,2017-12-01
BK,2018-01-01
BK,2018-02-01
BK,2018-03-01
BK,2018-04-01
BK,2018-05-01
BK,2018-06-01
BK,2018-07-01
BK,2018-08-01
BK,2018-09-01
BK,2018-10-01
BK,2018-11-01
BK,2018-12-01
BK,2019-01-01
BK,2019-02-01
BK,2019-03-01
BK,2019-04-01
BK,2019-05-01
BK,2019-06-01
BK,2019-07-01
BK,2019-08-01
BK,2019-09-01
BK,2019-10-01
BK,2019-11-01
BK,2019-12-01
BK,2020-01-01
BK,2020-02-01
BK,2020-03-01
BK,2020-04-01
BK,2020-05-01
BK,2020-06-01
BK,2020-07-01
BK,2020-08-01
BK,2020-09-01
BK,2020-10-01
BK,2020-11-01
BK,2020-12-01
BK,2021-01-01
BK,2021-02-01
BK,2021-03-01
BK,2021-04-01
BK,2021-05-01
BK,2021-06-01
BK,2021-07-01
BK,2021-08-01
BK,2021-09-01
BK,2021-10-01
BK,2021-11-01
BK,2021-12-01
BK,2022-01-01
BK,2022-02-01
BK,2022-03-01
BK,2022-04-01
BK,2022-05-01
BK,2022-06-01
BK,2022-07-01
BK,2022-08-01
BK,2022-09-01
BK,2022-10-01
BK,2022-11-01
BK,2022-12-01
BK,2023-01-01
BK,2023-02-01
BK,2023-03-01
BK,2023-04-01
BK,2023-05-01
BK,2023-06-01
BK,2023-07-01
BK,2023-08-01
BK,2023-09-01
BK,2023-10-01
BK,2023-11-01
BK,2023-12-01
BK,2024-01-01
BK,2024-02-01
BK,2024-03-01
BK,2024-04-01
BK,2024-05-01
BK,2024-06-01
BK,2024-07-01
BK,2024-08-01
BK,2024-09-01
BK,2024-10-01
BK,2024-11-01
BK,2024-12-01
BK,2025-01-01
BK,2025-02-01
BK,2025-03-01
BK,2025-04-01
BK,2025-05-01
BKB,1996-02-01
BKB,1996-03-01
BKB,1996-04-01
BKB,1996-05-01
BKB,1996-06-01
BKB,1996-07-01
BKB,1996-08-01
BKB,1996-09-01
BKB,1996-10-01
BKB,1996-11-01
BKB,1996-12-01
BKB,1997-01-01
BKB,1997-02-01
BKB,1997-03-01
BKB,1997-04-01
BKB,1997-05-01
BKB,1997-06-01
BKB,1997-07-01
BKB,1997-08-01
BKB,1997-09-01
BKB,1997-10-01
BKB,1997-11-01
BKB,1997-12-01
BKB,1998-01-01
BKB,1998-02-01
BKB,1998-03-01
BKB,1998-04-01
BKB,1998-05-01
BKB,1998-06-01
BKB,1998-07-01
BKB,1998-08-01
BKB,1998-09-01
BKB,1998-10-01
BKB,1998-11-01
BKB,1998-12-01
BKB,1999-01-01
BKB,1999-02-01
BKB,1999-03-01
BKB,1999-04-01
BKB,1999-05-01
BKB,1999-06-01
BKB,1999-07-01
BKB,1999-08-01
BKB,1999-09-01
BLL,1996-02-01
BLL,1996-03-01
BLL,1996-04-01
BLL,1996-05-01
BLL,1996-06-01
BLL,1996-07-01
BLL,1996-08-01
BLL,1996-09-01
BLL,1996-10-01
BLL,1996-11-01
BLL,1996-12-01
BLL,1997-01-01
BLL,1997-02-01
BLL,1997-03-01
BLL,1997-04-01
BLL,1997-05-01
BLL,1997-06-01
BLL,1997-07-01
BLL,1997-08-01
BLL,1997-09-01
BLL,1997-10-01
BLL,1997-11-01
BLL,1997-12-01
BLL,1998-01-01
BLL,1998-02-01
BLL,1998-03-01
BLL,1998-04-01
BLL,1998-05-01
BLL,1998-06-01
BLL,1998-07-01
BLL,1998-08-01
BLL,1998-09-01
BLL,1998-10-01
BLL,1998-11-01
BLL,1998-12-01
BLL,1999-01-01
BLL,1999-02-01
BLL,1999-03-01
BLL,1999-04-01
BLL,1999-05-01
BLL,1999-06-01
BLL,1999-07-01
BLL,1999-08-01
BLL,1999-09-01
BLL,1999-10-01
BLL,1999-11-01
BLL,1999-12-01
BLL,2000-01-01
BLL,2000-02-01
BLL,2000-03-01
BLL,2000-04-01
BLL,2000-05-01
BLL,2000-06-01
BLL,2000-07-01
BLL,2000-08-01
BLL,2000-09-01
BLL,2000-10-01
BLL,2000-11-01
BLL,2000-12-01
BLL,2001-01-01
BLL,2001-02-01
BLL,2001-03-01
BLL,2001-04-01
BLL,2001-05-01
BLL,2001-06-01
BLL,2001-07-01
BLL,2001-08-01
BLL,2001-09-01
BLL,2001-10-01
BLL,2001-11-01
BLL,2001-12-01
BLL,2002-01-01
BLL,2002-02-01
BLL,2002-03-01
BLL,2002-04-01
BLL,2002-05-01
BLL,2002-06-01
BLL,2002-07-01
BLL,2002-08-01
BLL,2002-09-01
BLL,2002-10-01
BLL,2002-11-01
BLL,2002-12-01
BLL,2003-01-01
BLL,2003-02-01
BLL,2003-03-01
BLL,2003-04-01
BLL,2003-05-01
BLL,2003-06-01
BLL,2003-07-01
BLL,2003-08-01
BLL,2003-09-01
BLL,2003-10-01
BLL,2003-11-01
BLL,2003-12-01
BLL,2004-01-01
BLL,2004-02-01
BLL,2004-03-01
BLL,2004-04-01
BLL,2004-05-01
BLL,2004-06-01
BLL,2004-07-01
BLL,2004-08-01
BLL,2004-09-01
BLL,2004-10-01
BLL,2004-11-01
BLL,2004-12-01
BLL,2005-01-01
BLL,2005-02-01
BLL,2005-03-01
BLL,2005-04-01
BLL,2005-05-01
BLL,2005-06-01
BLL,2005-07-01
BLL,2005-08-01
BLL,2005-09-01
BLL,2005-10-01
BLL,2005-11-01
BLL,2005-12-01
BLL,2006-01-01
BLL,2006-02-01
BLL,2006-03-01
BLL,2006-04-01
BLL,2006-05-01
BLL,2006-06-01
BLL,2006-07-01
BLL,2006-08-01
BLL,2006-09-01
BLL,2006-10-01
BLL,2006-11-01
BLL,2006-12-01
BLL,2007-01-01
BLL,2007-02-01
BLL,2007-03-01
BLL,2007-04-01
BLL,2007-05-01
BLL,2007-06-01
BLL,2007-07-01
BLL,2007-08-01
BLL,2007-09-01
BLL,2007-10-01
BLL,2007-11-01
BLL,2007-12-01
BLL,2008-01-01
BLL,2008-02-01
BLL,2008-03-01
BLL,2008-04-01
BLL,2008-05-01
BLL,2008-06-01
BLL,2008-07-01
BLL,2008-08-01
BLL,2008-09-01
BLL,2008-10-01
BLL,2008-11-01
BLL,2008-12-01
BLL,2009-01-01
BLL,2009-02-01
BLL,2009-03-01
BLL,2009-04-01
BLL,2009-05-01
BLL,2009-06-01
BLL,2009-07-01
BLL,2009-08-01
BLL,2009-09-01
BLL,2009-10-01
BLL,2009-11-01
BLL,2009-12-01
BLL,2010-01-01
BLL,2010-02-01
BLL,2010-03-01
BLL,2010-04-01
BLL,2010-05-01
BLL,2010-06-01
BLL,2010-07-01
BLL,2010-08-01
BLL,2010-09-01
BLL,2010-10-01
BLL,2010-11-01
BLL,2010-12-01
BLL,2011-01-01
BLL,2011-02-01
BLL,2011-03-01
BLL,2011-04-01
BLL,2011-05-01
BLL,2011-06-01
BLL,2011-07-01
BLL,2011-08-01
BLL,2011-09-01
BLL,2011-10-01
BLL,2011-11-01
BLL,2011-12-01
BLL,2012-01-01
BLL,2012-02-01
BLL,2012-03-01
BLL,2012-04-01
BLL,2012-05-01
BLL,2012-06-01
BLL,2012-07-01
BLL,2012-08-01
BLL,2012-09-01
BLL,2012-10-01
BLL,2012-11-01
BLL,2012-12-01
BLL,2013-01-01
BLL,2013-02-01
BLL,2013-03-01
BLL,2013-04-01
BLL,2013-05-01
BLL,2013-06-01
BLL,2013-07-01
BLL,2013-08-01
BLL,2013-09-01
BLL,2013-10-01
BLL,2013-11-01
BLL,2013-12-01
BLL,2014-01-01
BLL,2014-02-01
BLL,2014-03-01
BLL,2014-04-01
BLL,2014-05-01
BLL,2014-06-01
BLL,2014-07-01
BLL,2014-08-01
BLL,2014-09-01
BLL,2014-10-01
BLL,2014-11-01
BLL,2014-12-01
BLL,2015-01-01
BLL,2015-02-01
BLL,2015-03-01
BLL,2015-04-01
BLL,2015-05-01
BLL,2015-06-01
BLL,2015-07-01
BLL,2015-08-01
BLL,2015-09-01
BLL,2015-10-01
BLL,2015-11-01
BLL,2015-12-01
BLL,2016-01-01
BLL,2016-02-01
BLL,2016-03-01
BLL,2016-04-01
BLL,2016-05-01
BLL,2016-06-01
BLL,2016-07-01
BLL,2016-08-01
BLL,2016-09-01
BLL,2016-10-01
BLL,2016-11-01
BLL,2016-12-01
BLL,2017-01-01
BLL,2017-02-01
BLL,2017-03-01
BLL,2017-04-01
BLL,2017-05-01
BLL,2017-06-01
BLL,2017-07-01
BLL,2017-08-01
BLL,2017-09-01
BLL,2017-10-01
BLL,2017-11-01
BLL,2017-12-01
BLL,2018-01-01
BLL,2018-02-01
BLL,2018-03-01
BLL,2018-04-01
BLL,2018-05-01
BLL,2018-06-01
BLL,2018-07-01
BLL,2018-08-01
BLL,2018-09-01
BLL,2018-10-01
BLL,2018-11-01
BLL,2018-12-01
BLL,2019-01-01
BLL,2019-02-01
BLL,2019-03-01
BLL,2019-04-01
BLL,2019-05-01
BLL,2019-06-01
BLL,2019-07-01
BLL,2019-08-01
BLL,2019-09-01
BLL,2019-10-01
BLL,2019-11-01
BLL,2019-12-01
BLL,2020-01-01
BLL,2020-02-01
BLL,2020-03-01
BLL,2020-04-01
BLL,2020-05-01
BLL,2020-06-01
BLL,2020-07-01
BLL,2020-08-01
BLL,2020-09-01
BLL,2020-10-01
BLL,2020-11-01
BLL,2020-12-01
BLL,2021-01-01
BLL,2021-02-01
BLL,2021-03-01
BLL,2021-04-01
BLL,2021-05-01
BLL,2021-06-01
BLL,2021-07-01
BLL,2021-08-01
BLL,2021-09-01
BLL,2021-10-01
BLL,2021-11-01
BLL,2021-12-01
BLL,2022-01-01
BLL,2022-02-01
BLL,2022-03-01
BLL,2022-04-01
BLL,2022-05-01
BLS,1996-02-01
BLS,1996-03-01
BLS,1996-04-01
BLS,1996-05-01
BLS,1996-06-01
BLS,1996-07-01
BLS,1996-08-01
BLS,1996-09-01
BLS,1996-10-01
BLS,1996-11-01
BLS,1996-12-01
BLS,1997-01-01
BLS,1997-02-01
BLS,1997-03-01
BLS,1997-04-01
BLS,1997-05-01
BLS,1997-06-01
BLS,1997-07-01
BLS,1997-08-01
BLS,1997-09-01
BLS,1997-10-01
BLS,1997-11-01
BLS,1997-12-01
BLS,1998-01-01
BLS,1998-02-01
BLS,1998-03-01
BLS,1998-04-01
BLS,1998-05-01
BLS,1998-06-01
BLS,1998-07-01
BLS,1998-08-01
BLS,1998-09-01
BLS,1998-10-01
BLS,1998-11-01
BLS,1998-12-01
BLS,1999-01-01
BLS,1999-02-01
BLS,1999-03-01
BLS,1999-04-01
BLS,1999-05-01
BLS,1999-06-01
BLS,1999-07-01
BLS,1999-08-01
BLS,1999-09-01
BLS,1999-10-01
BLS,1999-11-01
BLS,1999-12-01
BLS,2000-01-01
BLS,2000-02-01
BLS,2000-03-01
BLS,2000-04-01
BLS,2000-05-01
BLS,2000-06-01
BLS,2000-07-01
BLS,2000-08-01
BLS,2000-09-01
BLS,2000-10-01
BLS,2000-11-01
BLS,2000-12-01
BLS,2001-01-01
BLS,2001-02-01
BLS,2001-03-01
BLS,2001-04-01
BLS,2001-05-01
BLS,2001-06-01
BLS,2001-07-01
BLS,2001-08-01
BLS,2001-09-01
BLS,2001-10-01
BLS,2001-11-01
BLS,2001-12-01
BLS,2002-01-01
BLS,2002-02-01
BLS,2002-03-01
BLS,2002-04-01
BLS,2002-05-01
BLS,2002-06-01
BLS,2002-07-01
BLS,2002-08-01
BLS,2002-09-01
BLS,2002-10-01
BLS,2002-11-01
BLS,2002-12-01
BLS,2003-01-01
BLS,2003-02-01
BLS,2003-03-01
BLS,2003-04-01
BLS,2003-05-01
BLS,2003-06-01
BLS,2003-07-01
BLS,2003-08-01
BLS,2003-09-01
BLS,2003-10-01
BLS,2003-11-01
BLS,2003-12-01
BLS,2004-01-01
BLS,2004-02-01
BLS,2004-03-01
BLS,2004-04-01
BLS,2004-05-01
BLS,2004-06-01
BLS,2004-07-01
BLS,2004-08-01
BLS,2004-09-01
BLS,2004-10-01
BLS,2004-11-01
BLS,2004-12-01
BLS,2005-01-01
BLS,2005-02-01
BLS,2005-03-01
BLS,2005-04-01
BLS,2005-05-01
BLS,2005-06-01
BLS,2005-07-01
BLS,2005-08-01
BLS,2005-09-01
BLS,2005-10-01
BLS,2005-11-01
BLS,2005-12-01
BLS,2006-01-01
BLS,2006-02-01
BLS,2006-03-01
BLS,2006-04-01
BLS,2006-05-01
BLS,2006-06-01
BLS,2006-07-01
BLS,2006-08-01
BLS,2006-09-01
BLS,2006-10-01
BLS,2006-11-01
BLS,2006-12-01
BLS,2007-01-01
BLY,1996-02-01
BLY,1996-03-01
BLY,1996-04-01
BLY,1996-05-01
BLY,1996-06-01
BLY,1996-07-01
BLY,1996-08-01
BLY,1996-09-01
BLY,1996-10-01
BLY,1996-11-01
BLY,1996-12-01
BMC,1998-10-01
BMC,1998-11-01
BMC,1998-12-01
BMC,1999-01-01
BMC,1999-02-01
BMC,1999-03-01
BMC,1999-04-01
BMC,1999-05-01
BMC,1999-06-01
BMC,1999-07-01
BMC,1999-08-01
BMC,1999-09-01
BMC,1999-10-01
BMC,1999-11-01
BMC,1999-12-01
BMC,2000-01-01
BMC,2000-02-01
BMC,2000-03-01
BMC,2000-04-01
BMC,2000-05-01
BMC,2000-06-01
BMC,2000-07-01
BMC,2000-08-01
BMC,2000-09-01
BMC,2000-10-01
BMC,2000-11-01
BMC,2000-12-01
BMC,2001-01-01
BMC,2001-02-01
BMC,2001-03-01
BMC,2001-04-01
BMC,2001-05-01
BMC,2001-06-01
BMC,2001-07-01
BMC,2001-08-01
BMC,2001-09-01
BMC,2001-10-01
BMC,2001-11-01
BMC,2001-12-01
BMC,2002-01-01
BMC,2002-02-01
BMC,2002-03-01
BMC,2002-04-01
BMC,2002-05-01
BMC,2002-06-01
BMC,2002-07-01
BMC,2002-08-01
BMC,2002-09-01
BMC,2002-10-01
BMC,2002-11-01
BMC,2002-12-01
BMC,2003-01-01
BMC,2003-02-01
BMC,2003-03-01
BMC,2003-04-01
BMC,2003-05-01
BMC,2003-06-01
BMC,2003-07-01
BMC,2003-08-01
BMC,2003-09-01
BMC,2003-10-01
BMC,2003-11-01
BMC,2003-12-01
BMC,2004-01-01
BMC,2004-02-01
BMC,2004-03-01
BMC,2004-04-01
BMC,2004-05-01
BMC,2004-06-01
BMC,2004-07-01
BMC,2004-08-01
BMC,2004-09-01
BMC,2004-10-01
BMC,2004-11-01
BMC,2004-12-01
BMC,2005-01-01
BMC,2005-02-01
BMC,2005-03-01
BMC,2005-04-01
BMC,2005-05-01
BMC,2005-06-01
BMC,2005-07-01
BMC,2005-08-01
BMC,2005-09-01
BMC,2005-10-01
BMC,2005-11-01
BMC,2005-12-01
BMC,2006-01-01
BMC,2006-02-01
BMC,2006-03-01
BMC,2006-04-01
BMC,2006-05-01
BMC,2006-06-01
BMC,2006-07-01
BMC,2006-08-01
BMC,2006-09-01
BMC,2006-10-01
BMC,2006-11-01
BMC,2006-12-01
BMC,2007-01-01
BMC,2007-02-01
BMC,2007-03-01
BMC,2007-04-01
BMC,2007-05-01
BMC,2007-06-01
BMC,2007-07-01
BMC,2007-08-01
BMC,2007-09-01
BMC,2007-10-01
BMC,2007-11-01
BMC,2007-12-01
BMC,2008-01-01
BMC,2008-02-01
BMC,2008-03-01
BMC,2008-04-01
BMC,2008-05-01
BMC,2008-06-01
BMC,2008-07-01
BMC,2008-08-01
BMC,2008-09-01
BMC,2008-10-01
BMC,2008-11-01
BMC,2008-12-01
BMC,2009-01-01
BMC,2009-02-01
BMC,2009-03-01
BMC,2009-04-01
BMC,2009-05-01
BMC,2009-06-01
BMC,2009-07-01
BMC,2009-08-01
BMC,2009-09-01
BMC,2009-10-01
BMC,2009-11-01
BMC,2009-12-01
BMC,2010-01-01
BMC,2010-02-01
BMC,2010-03-01
BMC,2010-04-01
BMC,2010-05-01
BMC,2010-06-01
BMC,2010-07-01
BMC,2010-08-01
BMC,2010-09-01
BMC,2010-10-01
BMC,2010-11-01
BMC,2010-12-01
BMC,2011-01-01
BMC,2011-02-01
BMC,2011-03-01
BMC,2011-04-01
BMC,2011-05-01
BMC,2011-06-01
BMC,2011-07-01
BMC,2011-08-01
BMC,2011-09-01
BMC,2011-10-01
BMC,2011-11-01
BMC,2011-12-01
BMC,2012-01-01
BMC,2012-02-01
BMC,2012-03-01
BMC,2012-04-01
BMC,2012-05-01
BMC,2012-06-01
BMC,2012-07-01
BMC,2012-08-01
BMC,2012-09-01
BMC,2012-10-01
BMC,2012-11-01
BMC,2012-12-01
BMC,2013-01-01
BMC,2013-02-01
BMC,2013-03-01
BMC,2013-04-01
BMC,2013-05-01
BMC,2013-06-01
BMC,2013-07-01
BMC,2013-08-01
BMC,2013-09-01
BMET,1996-02-01
BMET,1996-03-01
BMET,1996-04-01
BMET,1996-05-01
BMET,1996-06-01
BMET,1996-07-01
BMET,1996-08-01
BMET,1996-09-01
BMET,1996-10-01
BMET,1996-11-01
BMET,1996-12-01
BMET,1997-01-01
BMET,1997-02-01
BMET,1997-03-01
BMET,1997-04-01
BMET,1997-05-01
BMET,1997-06-01
BMET,1997-07-01
BMET,1997-08-01
BMET,1997-09-01
BMET,1997-10-01
BMET,1997-11-01
BMET,1997-12-01
BMET,1998-01-01
BMET,1998-02-01
BMET,1998-03-01
BMET,1998-04-01
BMET,1998-05-01
BMET,1998-06-01
BMET,1998-07-01
BMET,1998-08-01
BMET,1998-09-01
BMET,1998-10-01
BMET,1998-11-01
BMET,1998-12-01
BMET,1999-01-01
BMET,1999-02-01
BMET,1999-03-01
BMET,1999-04-01
BMET,1999-05-01
BMET,1999-06-01
BMET,1999-07-01
BMET,1999-08-01
BMET,1999-09-01
BMET,1999-10-01
BMET,1999-11-01
BMET,1999-12-01
BMET,2000-01-01
BMET,2000-02-01
BMET,2000-03-01
BMET,2000-04-01
BMET,2000-05-01
BMET,2000-06-01
BMET,2000-07-01
BMET,2000-08-01
BMET,2000-09-01
BMET,2000-10-01
BMET,2000-11-01
BMET,2000-12-01
BMET,2001-01-01
BMET,2001-02-01
BMET,2001-03-01
BMET,2001-04-01
BMET,2001-05-01
BMET,2001-06-01
BMET,2001-07-01
BMET,2001-08-01
BMET,2001-09-01
BMET,2001-10-01
BMET,2001-11-01
BMET,2001-12-01
BMET,2002-01-01
BMET,2002-02-01
BMET,2002-03-01
BMET,2002-04-01
BMET,2002-05-01
BMET,2002-06-01
BMET,2002-07-01
BMET,2002-08-01
BMET,2002-09-01
BMET,2002-10-01
BMET,2002-11-01
BMET,2002-12-01
BMET,2003-01-01
BMET,2003-02-01
BMET,2003-03-01
BMET,2003-04-01
BMET,2003-05-01
BMET,2003-06-01
BMET,2003-07-01
BMET,2003-08-01
BMET,2003-09-01
BMET,2003-10-01
BMET,2003-11-01
BMET,2003-12-01
BMET,2004-01-01
BMET,2004-02-01
BMET,2004-03-01
BMET,2004-04-01
BMET,2004-05-01
BMET,2004-06-01
BMET,2004-07-01
BMET,2004-08-01
BMET,2004-09-01
BMET,2004-10-01
BMET,2004-11-01
BMET,2004-12-01
BMET,2005-01-01
BMET,2005-02-01
BMET,2005-03-01
BMET,2005-04-01
BMET,2005-05-01
BMET,2005-06-01
BMET,2005-07-01
BMET,2005-08-01
BMET,2005-09-01
BMET,2005-10-01
BMET,2005-11-01
BMET,2005-12-01
BMET,2006-01-01
BMET,2006-02-01
BMET,2006-03-01
BMET,2006-04-01
BMET,2006-05-01
BMET,2006-06-01
BMET,2006-07-01
BMET,2006-08-01
BMET,2006-09-01
BMET,2006-10-01
BMET,2006-11-01
BMET,2006-12-01
BMET,2007-01-01
BMET,2007-02-01
BMET,2007-03-01
BMET,2007-04-01
BMET,2007-05-01
BMET,2007-06-01
BMET,2007-07-01
BMGCA,1996-08-01
BMGCA,1996-09-01
BMGCA,1996-10-01
BMGCA,1996-11-01
BMGCA,1996-12-01
BMGCA,1997-01-01
BMGCA,1997-02-01
BMGCA,1997-03-01
BMGCA,1997-04-01
BMGCA,1997-05-01
BMGCA,1997-06-01
BMGCA,1997-07-01
BMGCA,1997-08-01
BMGCA,1997-09-01
BMGCA,1997-10-01
BMGCA,1997-11-01
BMGCA,1997-12-01
BMGCA,1998-01-01
BMGCA,1998-02-01
BMGCA,1998-03-01
BMGCA,1998-04-01
BMGCA,1998-05-01
BMGCA,1998-06-01
BMGCA,1998-07-01
BMGCA,1998-08-01
BMGCA,1998-09-01
BMGCA,1998-10-01
BMGCA,1998-11-01
BMGCA,1998-12-01
BMGCA,1999-01-01
BMGCA,1999-02-01
BMGCA,1999-03-01
BMGCA,1999-04-01
BMGCA,1999-05-01
BMGCA,1999-06-01
BMGCA,1999-07-01
BMGCA,1999-08-01
BNI,1996-02-01
BNI,1996-03-01
BNI,1996-04-01
BNI,1996-05-01
BNI,1996-06-01
BNI,1996-07-01
BNI,1996-08-01
BNI,1996-09-01
BNI,1996-10-01
BNI,1996-11-01
BNI,1996-12-01
BNI,1997-01-01
BNI,1997-02-01
BNI,1997-03-01
BNI,1997-04-01
BNI,1997-05-01
BNI,1997-06-01
BNI,1997-07-01
BNI,1997-08-01
BNI,1997-09-01
BNI,1997-10-01
BNI,1997-11-01
BNI,1997-12-01
BNI,1998-01-01
BNI,1998-02-01
BNI,1998-03-01
BNI,1998-04-01
BNI,1998-05-01
BNI,1998-06-01
BNI,1998-07-01
BNI,1998-08-01
BNI,1998-09-01
BNI,1998-10-01
BNI,1998-11-01
BNI,1998-12-01
BNI,1999-01-01
BNI,1999-02-01
BNI,1999-03-01
BNI,1999-04-01
BNI,1999-05-01
BNI,1999-06-01
BNI,1999-07-01
BNI,1999-08-01
BNI,1999-09-01
BNI,1999-10-01
BNI,1999-11-01
BNI,1999-12-01
BNI,2000-01-01
BNI,2000-02-01
BNI,2000-03-01
BNI,2000-04-01
BNI,2000-05-01
BNI,2000-06-01
BNI,2000-07-01
BNI,2000-08-01
BNI,2000-09-01
BNI,2000-10-01
BNI,2000-11-01
BNI,2000-12-01
BNI,2001-01-01
BNI,2001-02-01
BNI,2001-03-01
BNI,2001-04-01
BNI,2001-05-01
BNI,2001-06-01
BNI,2001-07-01
BNI,2001-08-01
BNI,2001-09-01
BNI,2001-10-01
BNI,2001-11-01
BNI,2001-12-01
BNI,2002-01-01
BNI,2002-02-01
BNI,2002-03-01
BNI,2002-04-01
BNI,2002-05-01
BNI,2002-06-01
BNI,2002-07-01
BNI,2002-08-01
BNI,2002-09-01
BNI,2002-10-01
BNI,2002-11-01
BNI,2002-12-01
BNI,2003-01-01
BNI,2003-02-01
BNI,2003-03-01
BNI,2003-04-01
BNI,2003-05-01
BNI,2003-06-01
BNI,2003-07-01
BNI,2003-08-01
BNI,2003-09-01
BNI,2003-10-01
BNI,2003-11-01
BNI,2003-12-01
BNI,2004-01-01
BNI,2004-02-01
BNI,2004-03-01
BNI,2004-04-01
BNI,2004-05-01
BNI,2004-06-01
BNI,2004-07-01
BNI,2004-08-01
BNI,2004-09-01
BNI,2004-10-01
BNI,2004-11-01
BNI,2004-12-01
BNI,2005-01-01
BNI,2005-02-01
BNI,2005-03-01
BNI,2005-04-01
BNI,2005-05-01
BNI,2005-06-01
BNI,2005-07-01
BNI,2005-08-01
BNI,2005-09-01
BNI,2005-10-01
BNI,2005-11-01
BNI,2005-12-01
BNI,2006-01-01
BNI,2006-02-01
BNI,2006-03-01
BNI,2006-04-01
BNI,2006-05-01
BNI,2006-06-01
BNI,2006-07-01
BNI,2006-08-01
BNI,2006-09-01
BNI,2006-10-01
BNI,2006-11-01
BNI,2006-12-01
BNI,2007-01-01
BNI,2007-02-01
BNI,2007-03-01
BNI,2007-04-01
BNI,2007-05-01
BNI,2007-06-01
BNI,2007-07-01
BNI,2007-08-01
BNI,2007-09-01
BNI,2007-10-01
BNI,2007-11-01
BNI,2007-12-01
BNI,2008-01-01
BNI,2008-02-01
BNI,2008-03-01
BNI,2008-04-01
BNI,2008-05-01
BNI,2008-06-01
BNI,2008-07-01
BNI,2008-08-01
BNI,2008-09-01
BNI,2008-10-01
BNI,2008-11-01
BNI,2008-12-01
BNI,2009-01-01
BNI,2009-02-01
BNI,2009-03-01
BNI,2009-04-01
BNI,2009-05-01
BNI,2009-06-01
BNI,2009-07-01
BNI,2009-08-01
BNI,2009-09-01
BNI,2009-10-01
BNI,2009-11-01
BNI,2009-12-01
BNI,2010-01-01
BNI,2010-02-01
BNL,1996-02-01
BNL,1996-03-01
BNL,1996-04-01
BNL,1996-05-01
BNL,1996-06-01
BNL,1996-07-01
BNL,1996-08-01
BNL,1996-09-01
BNL,1996-10-01
BNL,1996-11-01
BNL,1996-12-01
BNL,1997-01-01
BNL,1997-02-01
BNL,1997-03-01
BNL,1997-04-01
BNL,1997-05-01
BNL,1997-06-01
BNL,1997-07-01
BNL,1997-08-01
BNL,1997-09-01
BNL,1997-10-01
BNL,1997-11-01
BNL,1997-12-01
BNL,1998-01-01
BNL,1998-02-01
BNL,1998-03-01
BNL,1998-04-01
BNL,1998-05-01
BNL,1998-06-01
BOAT,1996-02-01
BOAT,1996-03-01
BOAT,1996-04-01
BOAT,1996-05-01
BOAT,1996-06-01
BOAT,1996-07-01
BOAT,1996-08-01
BOAT,1996-09-01
BOAT,1996-10-01
BOAT,1996-11-01
BOAT,1996-12-01
BOAT,1997-01-01
BOL,1996-02-01
BOL,1996-03-01
BOL,1996-04-01
BOL,1996-05-01
BOL,1996-06-01
BOL,1996-07-01
BOL,1996-08-01
BOL,1996-09-01
BOL,1996-10-01
BOL,1996-11-01
BOL,1996-12-01
BOL,1997-01-01
BOL,1997-02-01
BOL,1997-03-01
BOL,1997-04-01
BOL,1997-05-01
BOL,1997-06-01
BOL,1997-07-01
BOL,1997-08-01
BOL,1997-09-01
BOL,1997-10-01
BOL,1997-11-01
BOL,1997-12-01
BOL,1998-01-01
BOL,1998-02-01
BOL,1998-03-01
BOL,1998-04-01
BOL,1998-05-01
BOL,1998-06-01
BOL,1998-07-01
BOL,1998-08-01
BOL,1998-09-01
BOL,1998-10-01
BOL,1998-11-01
BOL,1998-12-01
BOL,1999-01-01
BOL,1999-02-01
BOL,1999-03-01
BOL,1999-04-01
BOL,1999-05-01
BOL,1999-06-01
BOL,1999-07-01
BOL,1999-08-01
BOL,1999-09-01
BOL,1999-10-01
BOL,1999-11-01
BOL,1999-12-01
BOL,2000-01-01
BOL,2000-02-01
BOL,2000-03-01
BOL,2000-04-01
BOL,2000-05-01
BOL,2000-06-01
BOL,2000-07-01
BOL,2000-08-01
BOL,2000-09-01
BOL,2000-10-01
BOL,2000-11-01
BOL,2000-12-01
BOL,2001-01-01
BOL,2001-02-01
BOL,2001-03-01
BOL,2001-04-01
BOL,2001-05-01
BOL,2001-06-01
BOL,2001-07-01
BOL,2001-08-01
BOL,2001-09-01
BOL,2001-10-01
BOL,2001-11-01
BOL,2001-12-01
BOL,2002-01-01
BOL,2002-02-01
BOL,2002-03-01
BOL,2002-04-01
BOL,2002-05-01
BOL,2002-06-01
BOL,2002-07-01
BOL,2002-08-01
BOL,2002-09-01
BOL,2002-10-01
BOL,2002-11-01
BOL,2002-12-01
BOL,2003-01-01
BOL,2003-02-01
BOL,2003-03-01
BOL,2003-04-01
BOL,2003-05-01
BOL,2003-06-01
BOL,2003-07-01
BOL,2003-08-01
BOL,2003-09-01
BOL,2003-10-01
BOL,2003-11-01
BOL,2003-12-01
BOL,2004-01-01
BOL,2004-02-01
BOL,2004-03-01
BOL,2004-04-01
BOL,2004-05-01
BOL,2004-06-01
BOL,2004-07-01
BOL,2004-08-01
BOL,2004-09-01
BOL,2004-10-01
BOL,2004-11-01
BOL,2004-12-01
BOL,2005-01-01
BOL,2005-02-01
BOL,2005-03-01
BOL,2005-04-01
BOL,2005-05-01
BOL,2005-06-01
BOL,2005-07-01
BOL,2005-08-01
BOL,2005-09-01
BOL,2005-10-01
BOL,2005-11-01
BOL,2005-12-01
BOL,2006-01-01
BOL,2006-02-01
BOL,2006-03-01
BOL,2006-04-01
BOL,2006-05-01
BOL,2006-06-01
BOL,2006-07-01
BOL,2006-08-01
BOL,2006-09-01
BOL,2006-10-01
BOL,2006-11-01
BOL,2006-12-01
BOL,2007-01-01
BOL,2007-02-01
BOL,2007-03-01
BOL,2007-04-01
BOL,2007-05-01
BOL,2007-06-01
BOL,2007-07-01
BOL,2007-08-01
BOL,2007-09-01
BOL,2007-10-01
BR,1996-02-01
BR,1996-03-01
BR,1996-04-01
BR,1996-05-01
BR,1996-06-01
BR,1996-07-01
BR,1996-08-01
BR,1996-09-01
BR,1996-10-01
BR,1996-11-01
BR,1996-12-01
BR,1997-01-01
BR,1997-02-01
BR,1997-03-01
BR,1997-04-01
BR,1997-05-01
BR,1997-06-01
BR,1997-07-01
BR,1997-08-01
BR,1997-09-01
BR,1997-10-01
BR,1997-11-01
BR,1997-12-01
BR,1998-01-01
BR,1998-02-01
BR,1998-03-01
BR,1998-04-01
BR,1998-05-01
BR,1998-06-01
BR,1998-07-01
BR,1998-08-01
BR,1998-09-01
BR,1998-10-01
BR,1998-11-01
BR,1998-12-01
BR,1999-01-01
BR,1999-02-01
BR,1999-03-01
BR,1999-04-01
BR,1999-05-01
BR,1999-06-01
BR,1999-07-01
BR,1999-08-01
BR,1999-09-01
BR,1999-10-01
BR,1999-11-01
BR,1999-12-01
BR,2000-01-01
BR,2000-02-01
BR,2000-03-01
BR,2000-04-01
BR,2000-05-01
BR,2000-06-01
BR,2000-07-01
BR,2000-08-01
BR,2000-09-01
BR,2000-10-01
BR,2000-11-01
BR,2000-12-01
BR,2001-01-01
BR,2001-02-01
BR,2001-03-01
BR,2001-04-01
BR,2001-05-01
BR,2001-06-01
BR,2001-07-01
BR,2001-08-01
BR,2001-09-01
BR,2001-10-01
BR,2001-11-01
BR,2001-12-01
BR,2002-01-01
BR,2002-02-01
BR,2002-03-01
BR,2002-04-01
BR,2002-05-01
BR,2002-06-01
BR,2002-07-01
BR,2002-08-01
BR,2002-09-01
BR,2002-10-01
BR,2002-11-01
BR,2002-12-01
BR,2003-01-01
BR,2003-02-01
BR,2003-03-01
BR,2003-04-01
BR,2003-05-01
BR,2003-06-01
BR,2003-07-01
BR,2003-08-01
BR,2003-09-01
BR,2003-10-01
BR,2003-11-01
BR,2003-12-01
BR,2004-01-01
BR,2004-02-01
BR,2004-03-01
BR,2004-04-01
BR,2004-05-01
BR,2004-06-01
BR,2004-07-01
BR,2004-08-01
BR,2004-09-01
BR,2004-10-01
BR,2004-11-01
BR,2004-12-01
BR,2005-01-01
BR,2005-02-01
BR,2005-03-01
BR,2005-04-01
BR,2005-05-01
BR,2005-06-01
BR,2005-07-01
BR,2005-08-01
BR,2005-09-01
BR,2005-10-01
BR,2005-11-01
BR,2005-12-01
BR,2006-01-01
BR,2006-02-01
BR,2006-03-01
BR,2006-04-01
BR,2018-07-01
BR,2018-08-01
BR,2018-09-01
BR,2018-10-01
BR,2018-11-01
BR,2018-12-01
BR,2019-01-01
BR,2019-02-01
BR,2019-03-01
BR,2019-04-01
BR,2019-05-01
BR,2019-06-01
BR,2019-07-01
BR,2019-08-01
BR,2019-09-01
BR,2019-10-01
BR,2019-11-01
BR,2019-12-01
BR,2020-01-01
BR,2020-02-01
BR,2020-03-01
BR,2020-04-01
BR,2020-05-01
BR,2020-06-01
BR,2020-07-01
BR,2020-08-01
BR,2020-09-01
BR,2020-10-01
BR,2020-11-01
BR,2020-12-01
BR,2021-01-01
BR,2021-02-01
BR,2021-03-01
BR,2021-04-01
BR,2021-05-01
BR,2021-06-01
BR,2021-07-01
BR,2021-08-01
BR,2021-09-01
BR,2021-10-01
BR,2021-11-01
BR,2021-12-01
BR,2022-01-01
BR,2022-02-01
BR,2022-03-01
BR,2022-04-01
BR,2022-05-01
BR,2022-06-01
BR,2022-07-01
BR,2022-08-01
BR,2022-09-01
BR,2022-10-01
BR,2022-11-01
BR,2022-12-01
BR,2023-01-01
BR,2023-02-01
BR,2023-03-01
BR,2023-04-01
BR,2023-05-01
BR,2023-06-01
BR,2023-07-01
BR,2023-08-01
BR,2023-09-01
BR,2023-10-01
BR,2023-11-01
BR,2023-12-01
BR,2024-01-01
BR,2024-02-01
BR,2024-03-01
BR,2024-04-01
BR,2024-05-01
BR,2024-06-01
BR,2024-07-01
BR,2024-08-01
BR,2024-09-01
BR,2024-10-01
BR,2024-11-01
BR,2024-12-01
BR,2025-01-01
BR,2025-02-01
BR,2025-03-01
BR,2025-04-01
BR,2025-05-01
BRCM,2000-08-01
BRCM,2000-09-01
BRCM,2000-10-01
BRCM,2000-11-01
BRCM,2000-12-01
BRCM,2001-01-01
BRCM,2001-02-01
BRCM,2001-03-01
BRCM,2001-04-01
BRCM,2001-05-01
BRCM,2001-06-01
BRCM,2001-07-01
BRCM,2001-08-01
BRCM,2001-09-01
BRCM,2001-10-01
BRCM,2001-11-01
BRCM,2001-12-01
BRCM,2002-01-01
BRCM,2002-02-01
BRCM,2002-03-01
BRCM,2002-04-01
BRCM,2002-05-01
BRCM,2002-06-01
BRCM,2002-07-01
BRCM,2002-08-01
BRCM,2002-09-01
BRCM,2002-10-01
BRCM,2002-11-01
BRCM,2002-12-01
BRCM,2003-01-01
BRCM,2003-02-01
BRCM,2003-03-01
BRCM,2003-04-01
BRCM,2003-05-01
BRCM,2003-06-01
BRCM,2003-07-01
BRCM,2003-08-01
BRCM,2003-09-01
BRCM,2003-10-01
BRCM,2003-11-01
BRCM,2003-12-01
BRCM,2004-01-01
BRCM,2004-02-01
BRCM,2004-03-01
BRCM,2004-04-01
BRCM,2004-05-01
BRCM,2004-06-01
BRCM,2004-07-01
BRCM,2004-08-01
BRCM,2004-09-01
BRCM,2004-10-01
BRCM,2004-11-01
BRCM,2004-12-01
BRCM,2005-01-01
BRCM,2005-02-01
BRCM,2005-03-01
BRCM,2005-04-01
BRCM,2005-05-01
BRCM,2005-06-01
BRCM,2005-07-01
BRCM,2005-08-01
BRCM,2005-09-01
BRCM,2005-10-01
BRCM,2005-11-01
BRCM,2005-12-01
BRCM,2006-01-01
BRCM,2006-02-01
BRCM,2006-03-01
BRCM,2006-04-01
BRCM,2006-05-01
BRCM,2006-06-01
BRCM,2006-07-01
BRCM,2006-08-01
BRCM,2006-09-01
BRCM,2006-10-01
BRCM,2006-11-01
BRCM,2006-12-01
BRCM,2007-01-01
BRCM,2007-02-01
BRCM,2007-03-01
BRCM,2007-04-01
BRCM,2007-05-01
BRCM,2007-06-01
BRCM,2007-07-01
BRCM,2007-08-01
BRCM,2007-09-01
BRCM,2007-10-01
BRCM,2007-11-01
BRCM,2007-12-01
BRCM,2008-01-01
BRCM,2008-02-01
BRCM,2008-03-01
BRCM,2008-04-01
BRCM,2008-05-01
BRCM,2008-06-01
BRCM,2008-07-01
BRCM,2008-08-01
BRCM,2008-09-01
BRCM,2008-10-01
BRCM,2008-11-01
BRCM,2008-12-01
BRCM,2009-01-01
BRCM,2009-02-01
BRCM,2009-03-01
BRCM,2009-04-01
BRCM,2009-05-01
BRCM,2009-06-01
BRCM,2009-07-01
BRCM,2009-08-01
BRCM,2009-09-01
BRCM,2009-10-01
BRCM,2009-11-01
BRCM,2009-12-01
BRCM,2010-01-01
BRCM,2010-02-01
BRCM,2010-03-01
BRCM,2010-04-01
BRCM,2010-05-01
BRCM,2010-06-01
BRCM,2010-07-01
BRCM,2010-08-01
BRCM,2010-09-01
BRCM,2010-10-01
BRCM,2010-11-01
BRCM,2010-12-01
BRCM,2011-01-01
BRCM,2011-02-01
BRCM,2011-03-01
BRCM,2011-04-01
BRCM,2011-05-01
BRCM,2011-06-01
BRCM,2011-07-01
BRCM,2011-08-01
BRCM,2011-09-01
BRCM,2011-10-01
BRCM,2011-11-01
BRCM,2011-12-01
BRCM,2012-01-01
BRCM,2012-02-01
BRCM,2012-03-01
BRCM,2012-04-01
BRCM,2012-05-01
BRCM,2012-06-01
BRCM,2012-07-01
BRCM,2012-08-01
BRCM,2012-09-01
BRCM,2012-10-01
BRCM,2012-11-01
BRCM,2012-12-01
BRCM,2013-01-01
BRCM,2013-02-01
BRCM,2013-03-01
BRCM,2013-04-01
BRCM,2013-05-01
BRCM,2013-06-01
BRCM,2013-07-01
BRCM,2013-08-01
BRCM,2013-09-01
BRCM,2013-10-01
BRCM,2013-11-01
BRCM,2013-12-01
BRCM,2014-01-01
BRCM,2014-02-01
BRCM,2014-03-01
BRCM,2014-04-01
BRCM,2014-05-01
BRCM,2014-06-01
BRCM,2014-07-01
BRCM,2014-08-01
BRCM,2014-09-01
BRCM,2014-10-01
BRCM,2014-11-01
BRCM,2014-12-01
BRCM,2015-01-01
BRCM,2015-02-01
BRCM,2015-03-01
BRCM,2015-04-01
BRCM,2015-05-01
BRCM,2015-06-01
BRCM,2015-07-01
BRCM,2015-08-01
BRCM,2015-09-01
BRCM,2015-10-01
BRCM,2015-11-01
BRCM,2015-12-01
BRCM,2016-01-01
BRL,2006-03-01
BRL,2006-04-01
BRL,2006-05-01
BRL,2006-06-01
BRL,2006-07-01
BRL,2006-08-01
BRL,2006-09-01
BRL,2006-10-01
BRL,2006-11-01
BRL,2006-12-01
BRL,2007-01-01
BRL,2007-02-01
BRL,2007-03-01
BRL,2007-04-01
BRL,2007-05-01
BRL,2007-06-01
BRL,2007-07-01
BRL,2007-08-01
BRL,2007-09-01
BRL,2007-10-01
BRL,2007-11-01
BRL,2007-12-01
BRL,2008-01-01
BRL,2008-02-01
BRL,2008-03-01
BRL,2008-04-01
BRL,2008-05-01
BRL,2008-06-01
BRL,2008-07-01
BRL,2008-08-01
BRL,2008-09-01
BRL,2008-10-01
BRL,2008-11-01
BRL,2008-12-01
BSC,1998-07-01
BSC,1998-08-01
BSC,1998-09-01
BSC,1998-10-01
BSC,1998-11-01
BSC,1998-12-01
BSC,1999-01-01
BSC,1999-02-01
BSC,1999-03-01
BSC,1999-04-01
BSC,1999-05-01
BSC,1999-06-01
BSC,1999-07-01
BSC,1999-08-01
BSC,1999-09-01
BSC,1999-10-01
BSC,1999-11-01
BSC,1999-12-01
BSC,2000-01-01
BSC,2000-02-01
BSC,2000-03-01
BSC,2000-04-01
BSC,2000-05-01
BSC,2000-06-01
BSC,2000-07-01
BSC,2000-08-01
BSC,2000-09-01
BSC,2000-10-01
BSC,2000-11-01
BSC,2000-12-01
BSC,2001-01-01
BSC,2001-02-01
BSC,2001-03-01
BSC,2001-04-01
BSC,2001-05-01
BSC,2001-06-01
BSC,2001-07-01
BSC,2001-08-01
BSC,2001-09-01
BSC,2001-10-01
BSC,2001-11-01
BSC,2001-12-01
BSC,2002-01-01
BSC,2002-02-01
BSC,2002-03-01
BSC,2002-04-01
BSC,2002-05-01
BSC,2002-06-01
BSC,2002-07-01
BSC,2002-08-01
BSC,2002-09-01
BSC,2002-10-01
BSC,2002-11-01
BSC,2002-12-01
BSC,2003-01-01
BSC,2003-02-01
BSC,2003-03-01
BSC,2003-04-01
BSC,2003-05-01
BSC,2003-06-01
BSC,2003-07-01
BSC,2003-08-01
BSC,2003-09-01
BSC,2003-10-01
BSC,2003-11-01
BSC,2003-12-01
BSC,2004-01-01
BSC,2004-02-01
BSC,2004-03-01
BSC,2004-04-01
BSC,2004-05-01
BSC,2004-06-01
BSC,2004-07-01
BSC,2004-08-01
BSC,2004-09-01
BSC,2004-10-01
BSC,2004-11-01
BSC,2004-12-01
BSC,2005-01-01
BSC,2005-02-01
BSC,2005-03-01
BSC,2005-04-01
BSC,2005-05-01
BSC,2005-06-01
BSC,2005-07-01
BSC,2005-08-01
BSC,2005-09-01
BSC,2005-10-01
BSC,2005-11-01
BSC,2005-12-01
BSC,2006-01-01
BSC,2006-02-01
BSC,2006-03-01
BSC,2006-04-01
BSC,2006-05-01
BSC,2006-06-01
BSC,2006-07-01
BSC,2006-08-01
BSC,2006-09-01
BSC,2006-10-01
BSC,2006-11-01
BSC,2006-12-01
BSC,2007-01-01
BSC,2007-02-01
BSC,2007-03-01
BSC,2007-04-01
BSC,2007-05-01
BSC,2007-06-01
BSC,2007-07-01
BSC,2007-08-01
BSC,2007-09-01
BSC,2007-10-01
BSC,2007-11-01
BSC,2007-12-01
BSC,2008-01-01
BSC,2008-02-01
BSC,2008-03-01
BSC,2008-04-01
BSC,2008-05-01
BSC,2008-06-01
BT,1996-02-01
BT,1996-03-01
BT,1996-04-01
BT,1996-05-01
BT,1996-06-01
BT,1996-07-01
BT,1996-08-01
BT,1996-09-01
BT,1996-10-01
BT,1996-11-01
BT,1996-12-01
BT,1997-01-01
BT,1997-02-01
BT,1997-03-01
BT,1997-04-01
BT,1997-05-01
BT,1997-06-01
BT,1997-07-01
BT,1997-08-01
BT,1997-09-01
BT,1997-10-01
BT,1997-11-01
BT,1997-12-01
BT,1998-01-01
BT,1998-02-01
BT,1998-03-01
BT,1998-04-01
BT,1998-05-01
BT,1998-06-01
BT,1998-07-01
BT,1998-08-01
BT,1998-09-01
BT,1998-10-01
BT,1998-11-01
BT,1998-12-01
BT,1999-01-01
BT,1999-02-01
BT,1999-03-01
BT,1999-04-01
BT,1999-05-01
BT,1999-06-01
BTUUQ,2006-12-01
BTUUQ,2007-01-01
BTUUQ,2007-02-01
BTUUQ,2007-03-01
BTUUQ,2007-04-01
BTUUQ,2007-05-01
BTUUQ,2007-06-01
BTUUQ,2007-07-01
BTUUQ,2007-08-01
BTUUQ,2007-09-01
BTUUQ,2007-10-01
BTUUQ,2007-11-01
BTUUQ,2007-12-01
BTUUQ,2008-01-01
BTUUQ,2008-02-01
BTUUQ,2008-03-01
BTUUQ,2008-04-01
BTUUQ,2008-05-01
BTUUQ,2008-06-01
BTUUQ,2008-07-01
BTUUQ,2008-08-01
BTUUQ,2008-09-01
BTUUQ,2008-10-01
BTUUQ,2008-11-01
BTUUQ,2008-12-01
BTUUQ,2009-01-01
BTUUQ,2009-02-01
BTUUQ,2009-03-01
BTUUQ,2009-04-01
BTUUQ,2009-05-01
BTUUQ,2009-06-01
BTUUQ,2009-07-01
BTUUQ,2009-08-01
BTUUQ,2009-09-01
BTUUQ,2009-10-01
BTUUQ,2009-11-01
BTUUQ,2009-12-01
BTUUQ,2010-01-01
BTUUQ,2010-02-01
BTUUQ,2010-03-01
BTUUQ,2010-04-01
BTUUQ,2010-05-01
BTUUQ,2010-06-01
BTUUQ,2010-07-01
BTUUQ,2010-08-01
BTUUQ,2010-09-01
BTUUQ,2010-10-01
BTUUQ,2010-11-01
BTUUQ,2010-12-01
BTUUQ,2011-01-01
BTUUQ,2011-02-01
BTUUQ,2011-03-01
BTUUQ,2011-04-01
BTUUQ,2011-05-01
BTUUQ,2011-06-01
BTUUQ,2011-07-01
BTUUQ,2011-08-01
BTUUQ,2011-09-01
BTUUQ,2011-10-01
BTUUQ,2011-11-01
BTUUQ,2011-12-01
BTUUQ,2012-01-01
BTUUQ,2012-02-01
BTUUQ,2012-03-01
BTUUQ,2012-04-01
BTUUQ,2012-05-01
BTUUQ,2012-06-01
BTUUQ,2012-07-01
BTUUQ,2012-08-01
BTUUQ,2012-09-01
BTUUQ,2012-10-01
BTUUQ,2012-11-01
BTUUQ,2012-12-01
BTUUQ,2013-01-01
BTUUQ,2013-02-01
BTUUQ,2013-03-01
BTUUQ,2013-04-01
BTUUQ,2013-05-01
BTUUQ,2013-06-01
BTUUQ,2013-07-01
BTUUQ,2013-08-01
BTUUQ,2013-09-01
BTUUQ,2013-10-01
BTUUQ,2013-11-01
BTUUQ,2013-12-01
BTUUQ,2014-01-01
BTUUQ,2014-02-01
BTUUQ,2014-03-01
BTUUQ,2014-04-01
BTUUQ,2014-05-01
BTUUQ,2014-06-01
BTUUQ,2014-07-01
BTUUQ,2014-08-01
BTUUQ,2014-09-01
BUD,1996-02-01
BUD,1996-03-01
BUD,1996-04-01
BUD,1996-05-01
BUD,1996-06-01
BUD,1996-07-01
BUD,1996-08-01
BUD,1996-09-01
BUD,1996-10-01
BUD,1996-11-01
BUD,1996-12-01
BUD,1997-01-01
BUD,1997-02-01
BUD,1997-03-01
BUD,1997-04-01
BUD,1997-05-01
BUD,1997-06-01
BUD,1997-07-01
BUD,1997-08-01
BUD,1997-09-01
BUD,1997-10-01
BUD,1997-11-01
BUD,1997-12-01
BUD,1998-01-01
BUD,1998-02-01
BUD,1998-03-01
BUD,1998-04-01
BUD,1998-05-01
BUD,1998-06-01
BUD,1998-07-01
BUD,1998-08-01
BUD,1998-09-01
BUD,1998-10-01
BUD,1998-11-01
BUD,1998-12-01
BUD,1999-01-01
BUD,1999-02-01
BUD,1999-03-01
BUD,1999-04-01
BUD,1999-05-01
BUD,1999-06-01
BUD,1999-07-01
BUD,1999-08-01
BUD,1999-09-01
BUD,1999-10-01
BUD,1999-11-01
BUD,1999-12-01
BUD,2000-01-01
BUD,2000-02-01
BUD,2000-03-01
BUD,2000-04-01
BUD,2000-05-01
BUD,2000-06-01
BUD,2000-07-01
BUD,2000-08-01
BUD,2000-09-01
BUD,2000-10-01
BUD,2000-11-01
BUD,2000-12-01
BUD,2001-01-01
BUD,2001-02-01
BUD,2001-03-01
BUD,2001-04-01
BUD,2001-05-01
BUD,2001-06-01
BUD,2001-07-01
BUD,2001-08-01
BUD,2001-09-01
BUD,2001-10-01
BUD,2001-11-01
BUD,2001-12-01
BUD,2002-01-01
BUD,2002-02-01
BUD,2002-03-01
BUD,2002-04-01
BUD,2002-05-01
BUD,2002-06-01
BUD,2002-07-01
BUD,2002-08-01
BUD,2002-09-01
BUD,2002-10-01
BUD,2002-11-01
BUD,2002-12-01
BUD,2003-01-01
BUD,2003-02-01
BUD,2003-03-01
BUD,2003-04-01
BUD,2003-05-01
BUD,2003-06-01
BUD,2003-07-01
BUD,2003-08-01
BUD,2003-09-01
BUD,2003-10-01
BUD,2003-11-01
BUD,2003-12-01
BUD,2004-01-01
BUD,2004-02-01
BUD,2004-03-01
BUD,2004-04-01
BUD,2004-05-01
BUD,2004-06-01
BUD,2004-07-01
BUD,2004-08-01
BUD,2004-09-01
BUD,2004-10-01
BUD,2004-11-01
BUD,2004-12-01
BUD,2005-01-01
BUD,2005-02-01
BUD,2005-03-01
BUD,2005-04-01
BUD,2005-05-01
BUD,2005-06-01
BUD,2005-07-01
BUD,2005-08-01
BUD,2005-09-01
BUD,2005-10-01
BUD,2005-11-01
BUD,2005-12-01
BUD,2006-01-01
BUD,2006-02-01
BUD,2006-03-01
BUD,2006-04-01
BUD,2006-05-01
BUD,2006-06-01
BUD,2006-07-01
BUD,2006-08-01
BUD,2006-09-01
BUD,2006-10-01
BUD,2006-11-01
BUD,2006-12-01
BUD,2007-01-01
BUD,2007-02-01
BUD,2007-03-01
BUD,2007-04-01
BUD,2007-05-01
BUD,2007-06-01
BUD,2007-07-01
BUD,2007-08-01
BUD,2007-09-01
BUD,2007-10-01
BUD,2007-11-01
BUD,2007-12-01
BUD,2008-01-01
BUD,2008-02-01
BUD,2008-03-01
BUD,2008-04-01
BUD,2008-05-01
BUD,2008-06-01
BUD,2008-07-01
BUD,2008-08-01
BUD,2008-09-01
BUD,2008-10-01
BUD,2008-11-01
BVSN,2000-12-01
BVSN,2001-01-01
BVSN,2001-02-01
BVSN,2001-03-01
BVSN,2001-04-01
BVSN,2001-05-01
BVSN,2001-06-01
BVSN,2001-07-01
BVSN,2001-08-01
BVSN,2001-09-01
BXLT,2015-07-01
BXLT,2015-08-01
BXLT,2015-09-01
BXLT,2015-10-01
BXLT,2015-11-01
BXLT,2015-12-01
BXLT,2016-01-01
BXLT,2016-02-01
BXLT,2016-03-01
BXLT,2016-04-01
BXLT,2016-05-01
BXLT,2016-06-01
CA,1996-02-01
CA,1996-03-01
CA,1996-04-01
CA,1996-05-01
CA,1996-06-01
CA,1996-07-01
CA,1996-08-01
CA,1996-09-01
CA,1996-10-01
CA,1996-11-01
CA,1996-12-01
CA,1997-01-01
CA,1997-02-01
CA,1997-03-01
CA,1997-04-01
CA,1997-05-01
CA,1997-06-01
CA,1997-07-01
CA,1997-08-01
CA,1997-09-01
CA,1997-10-01
CA,1997-11-01
CA,1997-12-01
CA,1998-01-01
CA,1998-02-01
CA,1998-03-01
CA,1998-04-01
CA,1998-05-01
CA,1998-06-01
CA,1998-07-01
CA,1998-08-01
CA,1998-09-01
CA,1998-10-01
CA,1998-11-01
CA,1998-12-01
CA,1999-01-01
CA,1999-02-01
CA,1999-03-01
CA,1999-04-01
CA,1999-05-01
CA,1999-06-01
CA,1999-07-01
CA,1999-08-01
CA,1999-09-01
CA,1999-10-01
CA,1999-11-01
CA,1999-12-01
CA,2000-01-01
CA,2000-02-01
CA,2000-03-01
CA,2000-04-01
CA,2000-05-01
CA,2000-06-01
CA,2000-07-01
CA,2000-08-01
CA,2000-09-01
CA,2000-10-01
CA,2000-11-01
CA,2000-12-01
CA,2001-01-01
CA,2001-02-01
CA,2001-03-01
CA,2001-04-01
CA,2001-05-01
CA,2001-06-01
CA,2001-07-01
CA,2001-08-01
CA,2001-09-01
CA,2001-10-01
CA,2001-11-01
CA,2001-12-01
CA,2002-01-01
CA,2002-02-01
CA,2002-03-01
CA,2002-04-01
CA,2002-05-01
CA,2002-06-01
CA,2002-07-01
CA,2002-08-01
CA,2002-09-01
CA,2002-10-01
CA,2002-11-01
CA,2002-12-01
CA,2003-01-01
CA,2003-02-01
CA,2003-03-01
CA,2003-04-01
CA,2003-05-01
CA,2003-06-01
CA,2003-07-01
CA,2003-08-01
CA,2003-09-01
CA,2003-10-01
CA,2003-11-01
CA,2003-12-01
CA,2004-01-01
CA,2004-02-01
CA,2004-03-01
CA,2004-04-01
CA,2004-05-01
CA,2004-06-01
CA,2004-07-01
CA,2004-08-01
CA,2004-09-01
CA,2004-10-01
CA,2004-11-01
CA,2004-12-01
CA,2005-01-01
CA,2005-02-01
CA,2005-03-01
CA,2005-04-01
CA,2005-05-01
CA,2005-06-01
CA,2005-07-01
CA,2005-08-01
CA,2005-09-01
CA,2005-10-01
CA,2005-11-01
CA,2005-12-01
CA,2006-01-01
CA,2006-02-01
CA,2006-03-01
CA,2006-04-01
CA,2006-05-01
CA,2006-06-01
CA,2006-07-01
CA,2006-08-01
CA,2006-09-01
CA,2006-10-01
CA,2006-11-01
CA,2006-12-01
CA,2007-01-01
CA,2007-02-01
CA,2007-03-01
CA,2007-04-01
CA,2007-05-01
CA,2007-06-01
CA,2007-07-01
CA,2007-08-01
CA,2007-09-01
CA,2007-10-01
CA,2007-11-01
CA,2007-12-01
CA,2008-01-01
CA,2008-02-01
CA,2008-03-01
CA,2008-04-01
CA,2008-05-01
CA,2008-06-01
CA,2008-07-01
CA,2008-08-01
CA,2008-09-01
CA,2008-10-01
CA,2008-11-01
CA,2008-12-01
CA,2009-01-01
CA,2009-02-01
CA,2009-03-01
CA,2009-04-01
CA,2009-05-01
CA,2009-06-01
CA,2009-07-01
CA,2009-08-01
CA,2009-09-01
CA,2009-10-01
CA,2009-11-01
CA,2009-12-01
CA,2010-01-01
CA,2010-02-01
CA,2010-03-01
CA,2010-04-01
CA,2010-05-01
CA,2010-06-01
CA,2010-07-01
CA,2010-08-01
CA,2010-09-01
CA,2010-10-01
CA,2010-11-01
CA,2010-12-01
CA,2011-01-01
CA,2011-02-01
CA,2011-03-01
CA,2011-04-01
CA,2011-05-01
CA,2011-06-01
CA,2011-07-01
CA,2011-08-01
CA,2011-09-01
CA,2011-10-01
CA,2011-11-01
CA,2011-12-01
CA,2012-01-01
CA,2012-02-01
CA,2012-03-01
CA,2012-04-01
CA,2012-05-01
CA,2012-06-01
CA,2012-07-01
CA,2012-08-01
CA,2012-09-01
CA,2012-10-01
CA,2012-11-01
CA,2012-12-01
CA,2013-01-01
CA,2013-02-01
CA,2013-03-01
CA,2013-04-01
CA,2013-05-01
CA,2013-06-01
CA,2013-07-01
CA,2013-08-01
CA,2013-09-01
CA,2013-10-01
CA,2013-11-01
CA,2013-12-01
CA,2014-01-01
CA,2014-02-01
CA,2014-03-01
CA,2014-04-01
CA,2014-05-01
CA,2014-06-01
CA,2014-07-01
CA,2014-08-01
CA,2014-09-01
CA,2014-10-01
CA,2014-11-01
CA,2014-12-01
CA,2015-01-01
CA,2015-02-01
CA,2015-03-01
CA,2015-04-01
CA,2015-05-01
CA,2015-06-01
CA,2015-07-01
CA,2015-08-01
CA,2015-09-01
CA,2015-10-01
CA,2015-11-01
CA,2015-12-01
CA,2016-01-01
CA,2016-02-01
CA,2016-03-01
CA,2016-04-01
CA,2016-05-01
CA,2016-06-01
CA,2016-07-01
CA,2016-08-01
CA,2016-09-01
CA,2016-10-01
CA,2016-11-01
CA,2016-12-01
CA,2017-01-01
CA,2017-02-01
CA,2017-03-01
CA,2017-04-01
CA,2017-05-01
CA,2017-06-01
CA,2017-07-01
CA,2017-08-01
CA,2017-09-01
CA,2017-10-01
CA,2017-11-01
CA,2017-12-01
CA,2018-01-01
CA,2018-02-01
CA,2018-03-01
CA,2018-04-01
CA,2018-05-01
CA,2018-06-01
CA,2018-07-01
CA,2018-08-01
CA,2018-09-01
CA,2018-10-01
CA,2018-11-01
CAM,2008-02-01
CAM,2008-03-01
CAM,2008-04-01
CAM,2008-05-01
CAM,2008-06-01
CAM,2008-07-01
CAM,2008-08-01
CAM,2008-09-01
CAM,2008-10-01
CAM,2008-11-01
CAM,2008-12-01
CAM,2009-01-01
CAM,2009-02-01
CAM,2009-03-01
CAM,2009-04-01
CAM,2009-05-01
CAM,2009-06-01
CAM,2009-07-01
CAM,2009-08-01
CAM,2009-09-01
CAM,2009-10-01
CAM,2009-11-01
CAM,2009-12-01
CAM,2010-01-01
CAM,2010-02-01
CAM,2010-03-01
CAM,2010-04-01
CAM,2010-05-01
CAM,2010-06-01
CAM,2010-07-01
CAM,2010-08-01
CAM,2010-09-01
CAM,2010-10-01
CAM,2010-11-01
CAM,2010-12-01
CAM,2011-01-01
CAM,2011-02-01
CAM,2011-03-01
CAM,2011-04-01
CAM,2011-05-01
CAM,2011-06-01
CAM,2011-07-01
CAM,2011-08-01
CAM,2011-09-01
CAM,2011-10-01
CAM,2011-11-01
CAM,2011-12-01
CAM,2012-01-01
CAM,2012-02-01
CAM,2012-03-01
CAM,2012-04-01
CAM,2012-05-01
CAM,2012-06-01
CAM,2012-07-01
CAM,2012-08-01
CAM,2012-09-01
CAM,2012-10-01
CAM,2012-11-01
CAM,2012-12-01
CAM,2013-01-01
CAM,2013-02-01
CAM,2013-03-01
CAM,2013-04-01
CAM,2013-05-01
CAM,2013-06-01
CAM,2013-07-01
CAM,2013-08-01
CAM,2013-09-01
CAM,2013-10-01
CAM,2013-11-01
CAM,2013-12-01
CAM,2014-01-01
CAM,2014-02-01
CAM,2014-03-01
CAM,2014-04-01
CAM,2014-05-01
CAM,2014-06-01
CAM,2014-07-01
CAM,2014-08-01
CAM,2014-09-01
CAM,2014-10-01
CAM,2014-11-01
CAM,2014-12-01
CAM,2015-01-01
CAM,2015-02-01
CAM,2015-03-01
CAM,2015-04-01
CAM,2015-05-01
CAM,2015-06-01
CAM,2015-07-01
CAM,2015-08-01
CAM,2015-09-01
CAM,2015-10-01
CAM,2015-11-01
CAM,2015-12-01
CAM,2016-01-01
CAM,2016-02-01
CAM,2016-03-01
CAM,2016-04-01
CBB,1996-02-01
CBB,1996-03-01
CBB,1996-04-01
CBB,1996-05-01
CBB,1996-06-01
CBB,1996-07-01
CBB,1996-08-01
CBB,1996-09-01
CBB,1996-10-01
CBB,1996-11-01
CBB,1996-12-01
CBB,1997-01-01
CBB,1997-02-01
CBB,1997-03-01
CBB,1997-04-01
CBB,1997-05-01
CBB,1997-06-01
CBB,1997-07-01
CBB,1997-08-01
CBB,1997-09-01
CBB,1997-10-01
CBB,1997-11-01
CBB,1997-12-01
CBB,1998-01-01
CBH,2006-07-01
CBH,2006-08-01
CBH,2006-09-01
CBH,2006-10-01
CBH,2006-11-01
CBH,2006-12-01
CBH,2007-01-01
CBH,2007-02-01
CBH,2007-03-01
CBH,2007-04-01
CBH,2007-05-01
CBH,2007-06-01
CBH,2007-07-01
CBH,2007-08-01
CBH,2007-09-01
CBH,2007-10-01
CBH,2007-11-01
CBH,2007-12-01
CBH,2008-01-01
CBH,2008-02-01
CBH,2008-03-01
CBS,1996-02-01
CBS,1996-03-01
CBS,1996-04-01
CBS,1996-05-01
CBS,1996-06-01
CBS,1996-07-01
CBS,1996-08-01
CBS,1996-09-01
CBS,1996-10-01
CBS,1996-11-01
CBS,1996-12-01
CBS,1997-01-01
CBS,1997-02-01
CBS,1997-03-01
CBS,1997-04-01
CBS,1997-05-01
CBS,1997-06-01
CBS,1997-07-01
CBS,1997-08-01
CBS,1997-09-01
CBS,1997-10-01
CBS,1997-11-01
CBS,1997-12-01
CBS,1998-01-01
CBS,1998-02-01
CBS,1998-03-01
CBS,1998-04-01
CBS,1998-05-01
CBS,1998-06-01
CBS,1998-07-01
CBS,1998-08-01
CBS,1998-09-01
CBS,1998-10-01
CBS,1998-11-01
CBS,1998-12-01
CBS,1999-01-01
CBS,1999-02-01
CBS,1999-03-01
CBS,1999-04-01
CBS,1999-05-01
CBS,1999-06-01
CBS,1999-07-01
CBS,1999-08-01
CBS,1999-09-01
CBS,1999-10-01
CBS,1999-11-01
CBS,1999-12-01
CBS,2000-01-01
CBS,2000-02-01
CBS,2000-03-01
CBS,2000-04-01
CBS,2000-05-01
CBS,2000-06-01
CBS,2000-07-01
CBS,2000-08-01
CBS,2000-09-01
CBS,2000-10-01
CBS,2000-11-01
CBS,2000-12-01
CBS,2001-01-01
CBS,2001-02-01
CBS,2001-03-01
CBS,2001-04-01
CBS,2001-05-01
CBS,2001-06-01
CBS,2001-07-01
CBS,2001-08-01
CBS,2001-09-01
CBS,2001-10-01
CBS,2001-11-01
CBS,2001-12-01
CBS,2002-01-01
CBS,2002-02-01
CBS,2002-03-01
CBS,2002-04-01
CBS,2002-05-01
CBS,2002-06-01
CBS,2002-07-01
CBS,2002-08-01
CBS,2002-09-01
CBS,2002-10-01
CBS,2002-11-01
CBS,2002-12-01
CBS,2003-01-01
CBS,2003-02-01
CBS,2003-03-01
CBS,2003-04-01
CBS,2003-05-01
CBS,2003-06-01
CBS,2003-07-01
CBS,2003-08-01
CBS,2003-09-01
CBS,2003-10-01
CBS,2003-11-01
CBS,2003-12-01
CBS,2004-01-01
CBS,2004-02-01
CBS,2004-03-01
CBS,2004-04-01
CBS,2004-05-01
CBS,2004-06-01
CBS,2004-07-01
CBS,2004-08-01
CBS,2004-09-01
CBS,2004-10-01
CBS,2004-11-01
CBS,2004-12-01
CBS,2005-01-01
CBS,2005-02-01
CBS,2005-03-01
CBS,2005-04-01
CBS,2005-05-01
CBS,2005-06-01
CBS,2005-07-01
CBS,2005-08-01
CBS,2005-09-01
CBS,2005-10-01
CBS,2005-11-01
CBS,2005-12-01
CBS,2006-01-01
CBS,2006-02-01
CBS,2006-03-01
CBS,2006-04-01
CBS,2006-05-01
CBS,2006-06-01
CBS,2006-07-01
CBS,2006-08-01
CBS,2006-09-01
CBS,2006-10-01
CBS,2006-11-01
CBS,2006-12-01
CBS,2007-01-01
CBS,2007-02-01
CBS,2007-03-01
CBS,2007-04-01
CBS,2007-05-01
CBS,2007-06-01
CBS,2007-07-01
CBS,2007-08-01
CBS,2007-09-01
CBS,2007-10-01
CBS,2007-11-01
CBS,2007-12-01
CBS,2008-01-01
CBS,2008-02-01
CBS,2008-03-01
CBS,2008-04-01
CBS,2008-05-01
CBS,2008-06-01
CBS,2008-07-01
CBS,2008-08-01
CBS,2008-09-01
CBS,2008-10-01
CBS,2008-11-01
CBS,2008-12-01
CBS,2009-01-01
CBS,2009-02-01
CBS,2009-03-01
CBS,2009-04-01
CBS,2009-05-01
CBS,2009-06-01
CBS,2009-07-01
CBS,2009-08-01
CBS,2009-09-01
CBS,2009-10-01
CBS,2009-11-01
CBS,2009-12-01
CBS,2010-01-01
CBS,2010-02-01
CBS,2010-03-01
CBS,2010-04-01
CBS,2010-05-01
CBS,2010-06-01
CBS,2010-07-01
CBS,2010-08-01
CBS,2010-09-01
CBS,2010-10-01
CBS,2010-11-01
CBS,2010-12-01
CBS,2011-01-01
CBS,2011-02-01
CBS,2011-03-01
CBS,2011-04-01
CBS,2011-05-01
CBS,2011-06-01
CBS,2011-07-01
CBS,2011-08-01
CBS,2011-09-01
CBS,2011-10-01
CBS,2011-11-01
CBS,2011-12-01
CBS,2012-01-01
CBS,2012-02-01
CBS,2012-03-01
CBS,2012-04-01
CBS,2012-05-01
CBS,2012-06-01
CBS,2012-07-01
CBS,2012-08-01
CBS,2012-09-01
CBS,2012-10-01
CBS,2012-11-01
CBS,2012-12-01
CBS,2013-01-01
CBS,2013-02-01
CBS,2013-03-01
CBS,2013-04-01
CBS,2013-05-01
CBS,2013-06-01
CBS,2013-07-01
CBS,2013-08-01
CBS,2013-09-01
CBS,2013-10-01
CBS,2013-11-01
CBS,2013-12-01
CBS,2014-01-01
CBS,2014-02-01
CBS,2014-03-01
CBS,2014-04-01
CBS,2014-05-01
CBS,2014-06-01
CBS,2014-07-01
CBS,2014-08-01
CBS,2014-09-01
CBS,2014-10-01
CBS,2014-11-01
CBS,2014-12-01
CBS,2015-01-01
CBS,2015-02-01
CBS,2015-03-01
CBS,2015-04-01
CBS,2015-05-01
CBS,2015-06-01
CBS,2015-07-01
CBS,2015-08-01
CBS,2015-09-01
CBS,2015-10-01
CBS,2015-11-01
CBS,2015-12-01
CBS,2016-01-01
CBS,2016-02-01
CBS,2016-03-01
CBS,2016-04-01
CBS,2016-05-01
CBS,2016-06-01
CBS,2016-07-01
CBS,2016-08-01
CBS,2016-09-01
CBS,2016-10-01
CBS,2016-11-01
CBS,2016-12-01
CBS,2017-01-01
CBS,2017-02-01
CBS,2017-03-01
CBS,2017-04-01
CBS,2017-05-01
CBS,2017-06-01
CBS,2017-07-01
CBS,2017-08-01
CBS,2017-09-01
CBS,2017-10-01
CBS,2017-11-01
CBS,2017-12-01
CBS,2018-01-01
CBS,2018-02-01
CBS,2018-03-01
CBS,2018-04-01
CBS,2018-05-01
CBS,2018-06-01
CBS,2018-07-01
CBS,2018-08-01
CBS,2018-09-01
CBS,2018-10-01
CBS,2018-11-01
CBS,2018-12-01
CBS,2019-01-01
CBS,2019-02-01
CBS,2019-03-01
CBS,2019-04-01
CBS,2019-05-01
CBS,2019-06-01
CBS,2019-07-01
CBS,2019-08-01
CBS,2019-09-01
CBS,2019-10-01
CBS,2019-11-01
CBS,2019-12-01
CBSS,2005-01-01
CBSS,2005-02-01
CBSS,2005-03-01
CBSS,2005-04-01
CBSS,2005-05-01
CBSS,2005-06-01
CBSS,2005-07-01
CBSS,2005-08-01
CBSS,2005-09-01
CBSS,2005-10-01
CBSS,2005-11-01
CBSS,2005-12-01
CBSS,2006-01-01
CBSS,2006-02-01
CBSS,2006-03-01
CBSS,2006-04-01
CBSS,2006-05-01
CBSS,2006-06-01
CBSS,2006-07-01
CBSS,2006-08-01
CBSS,2006-09-01
CBSS,2006-10-01
CBSS,2006-11-01
CBSS,2006-12-01
CBSS,2007-01-01
CBSS,2007-02-01
CBSS,2007-03-01
CBSS,2007-04-01
CBSS,2007-05-01
CBSS,2007-06-01
CBSS,2007-07-01
CBSS,2007-08-01
CBSS,2007-09-01
CCB,1996-02-01
CCE,1998-11-01
CCE,1998-12-01
CCE,1999-01-01
CCE,1999-02-01
CCE,1999-03-01
CCE,1999-04-01
CCE,1999-05-01
CCE,1999-06-01
CCE,1999-07-01
CCE,1999-08-01
CCE,1999-09-01
CCE,1999-10-01
CCE,1999-11-01
CCE,1999-12-01
CCE,2000-01-01
CCE,2000-02-01
CCE,2000-03-01
CCE,2000-04-01
CCE,2000-05-01
CCE,2000-06-01
CCE,2000-07-01
CCE,2000-08-01
CCE,2000-09-01
CCE,2000-10-01
CCE,2000-11-01
CCE,2000-12-01
CCE,2001-01-01
CCE,2001-02-01
CCE,2001-03-01
CCE,2001-04-01
CCE,2001-05-01
CCE,2001-06-01
CCE,2001-07-01
CCE,2001-08-01
CCE,2001-09-01
CCE,2001-10-01
CCE,2001-11-01
CCE,2001-12-01
CCE,2002-01-01
CCE,2002-02-01
CCE,2002-03-01
CCE,2002-04-01
CCE,2002-05-01
CCE,2002-06-01
CCE,2002-07-01
CCE,2002-08-01
CCE,2002-09-01
CCE,2002-10-01
CCE,2002-11-01
CCE,2002-12-01
CCE,2003-01-01
CCE,2003-02-01
CCE,2003-03-01
CCE,2003-04-01
CCE,2003-05-01
CCE,2003-06-01
CCE,2003-07-01
CCE,2003-08-01
CCE,2003-09-01
CCE,2003-10-01
CCE,2003-11-01
CCE,2003-12-01
CCE,2004-01-01
CCE,2004-02-01
CCE,2004-03-01
CCE,2004-04-01
CCE,2004-05-01
CCE,2004-06-01
CCE,2004-07-01
CCE,2004-08-01
CCE,2004-09-01
CCE,2004-10-01
CCE,2004-11-01
CCE,2004-12-01
CCE,2005-01-01
CCE,2005-02-01
CCE,2005-03-01
CCE,2005-04-01
CCE,2005-05-01
CCE,2005-06-01
CCE,2005-07-01
CCE,2005-08-01
CCE,2005-09-01
CCE,2005-10-01
CCE,2005-11-01
CCE,2005-12-01
CCE,2006-01-01
CCE,2006-02-01
CCE,2006-03-01
CCE,2006-04-01
CCE,2006-05-01
CCE,2006-06-01
CCE,2006-07-01
CCE,2006-08-01
CCE,2006-09-01
CCE,2006-10-01
CCE,2006-11-01
CCE,2006-12-01
CCE,2007-01-01
CCE,2007-02-01
CCE,2007-03-01
CCE,2007-04-01
CCE,2007-05-01
CCE,2007-06-01
CCE,2007-07-01
CCE,2007-08-01
CCE,2007-09-01
CCE,2007-10-01
CCE,2007-11-01
CCE,2007-12-01
CCE,2008-01-01
CCE,2008-02-01
CCE,2008-03-01
CCE,2008-04-01
CCE,2008-05-01
CCE,2008-06-01
CCE,2008-07-01
CCE,2008-08-01
CCE,2008-09-01
CCE,2008-10-01
CCE,2008-11-01
CCE,2008-12-01
CCE,2009-01-01
CCE,2009-02-01
CCE,2009-03-01
CCE,2009-04-01
CCE,2009-05-01
CCE,2009-06-01
CCE,2009-07-01
CCE,2009-08-01
CCE,2009-09-01
CCE,2009-10-01
CCE,2009-11-01
CCE,2009-12-01
CCE,2010-01-01
CCE,2010-02-01
CCE,2010-03-01
CCE,2010-04-01
CCE,2010-05-01
CCE,2010-06-01
CCE,2010-07-01
CCE,2010-08-01
CCE,2010-09-01
CCE,2010-10-01
CCE,2010-11-01
CCE,2010-12-01
CCE,2011-01-01
CCE,2011-02-01
CCE,2011-03-01
CCE,2011-04-01
CCE,2011-05-01
CCE,2011-06-01
CCE,2011-07-01
CCE,2011-08-01
CCE,2011-09-01
CCE,2011-10-01
CCE,2011-11-01
CCE,2011-12-01
CCE,2012-01-01
CCE,2012-02-01
CCE,2012-03-01
CCE,2012-04-01
CCE,2012-05-01
CCE,2012-06-01
CCE,2012-07-01
CCE,2012-08-01
CCE,2012-09-01
CCE,2012-10-01
CCE,2012-11-01
CCE,2012-12-01
CCE,2013-01-01
CCE,2013-02-01
CCE,2013-03-01
CCE,2013-04-01
CCE,2013-05-01
CCE,2013-06-01
CCE,2013-07-01
CCE,2013-08-01
CCE,2013-09-01
CCE,2013-10-01
CCE,2013-11-01
CCE,2013-12-01
CCE,2014-01-01
CCE,2014-02-01
CCE,2014-03-01
CCE,2014-04-01
CCE,2014-05-01
CCE,2014-06-01
CCE,2014-07-01
CCE,2014-08-01
CCE,2014-09-01
CCE,2014-10-01
CCE,2014-11-01
CCE,2014-12-01
CCE,2015-01-01
CCE,2015-02-01
CCE,2015-03-01
CCE,2015-04-01
CCE,2015-05-01
CCE,2015-06-01
CCE,2015-07-01
CCE,2015-08-01
CCE,2015-09-01
CCE,2015-10-01
CCE,2015-11-01
CCE,2015-12-01
CCE,2016-01-01
CCE,2016-02-01
CCE,2016-03-01
CCE,2016-04-01
CCE,2016-05-01
CCI,1996-02-01
CCI,1996-03-01
CCI,1996-04-01
CCI,1996-05-01
CCI,1996-06-01
CCI,1996-07-01
CCI,1996-08-01
CCI,1996-09-01
CCI,1996-10-01
CCI,1996-11-01
CCI,1996-12-01
CCI,1997-01-01
CCI,1997-02-01
CCI,1997-03-01
CCI,1997-04-01
CCI,1997-05-01
CCI,1997-06-01
CCI,1997-07-01
CCI,1997-08-01
CCI,1997-09-01
CCI,1997-10-01
CCI,1997-11-01
CCI,1997-12-01
CCI,1998-01-01
CCI,1998-02-01
CCI,1998-03-01
CCI,1998-04-01
CCI,1998-05-01
CCI,1998-06-01
CCI,1998-07-01
CCI,1998-08-01
CCI,1998-09-01
CCI,1998-10-01
CCI,2012-04-01
CCI,2012-05-01
CCI,2012-06-01
CCI,2012-07-01
CCI,2012-08-01
CCI,2012-09-01
CCI,2012-10-01
CCI,2012-11-01
CCI,2012-12-01
CCI,2013-01-01
CCI,2013-02-01
CCI,2013-03-01
CCI,2013-04-01
CCI,2013-05-01
CCI,2013-06-01
CCI,2013-07-01
CCI,2013-08-01
CCI,2013-09-01
CCI,2013-10-01
CCI,2013-11-01
CCI,2013-12-01
CCI,2014-01-01
CCI,2014-02-01
CCI,2014-03-01
CCI,2014-04-01
CCI,2014-05-01
CCI,2014-06-01
CCI,2014-07-01
CCI,2014-08-01
CCI,2014-09-01
CCI,2014-10-01
CCI,2014-11-01
CCI,2014-12-01
CCI,2015-01-01
CCI,2015-02-01
CCI,2015-03-01
CCI,2015-04-01
CCI,2015-05-01
CCI,2015-06-01
CCI,2015-07-01
CCI,2015-08-01
CCI,2015-09-01
CCI,2015-10-01
CCI,2015-11-01
CCI,2015-12-01
CCI,2016-01-01
CCI,2016-02-01
CCI,2016-03-01
CCI,2016-04-01
CCI,2016-05-01
CCI,2016-06-01
CCI,2016-07-01
CCI,2016-08-01
CCI,2016-09-01
CCI,2016-10-01
CCI,2016-11-01
CCI,2016-12-01
CCI,2017-01-01
CCI,2017-02-01
CCI,2017-03-01
CCI,2017-04-01
CCI,2017-05-01
CCI,2017-06-01
CCI,2017-07-01
CCI,2017-08-01
CCI,2017-09-01
CCI,2017-10-01
CCI,2017-11-01
CCI,2017-12-01
CCI,2018-01-01
CCI,2018-02-01
CCI,2018-03-01
CCI,2018-04-01
CCI,2018-05-01
CCI,2018-06-01
CCI,2018-07-01
CCI,2018-08-01
CCI,2018-09-01
CCI,2018-10-01
CCI,2018-11-01
CCI,2018-12-01
CCI,2019-01-01
CCI,2019-02-01
CCI,2019-03-01
CCI,2019-04-01
CCI,2019-05-01
CCI,2019-06-01
CCI,2019-07-01
CCI,2019-08-01
CCI,2019-09-01
CCI,2019-10-01
CCI,2019-11-01
CCI,2019-12-01
CCI,2020-01-01
CCI,2020-02-01
CCI,2020-03-01
CCI,2020-04-01
CCI,2020-05-01
CCI,2020-06-01
CCI,2020-07-01
CCI,2020-08-01
CCI,2020-09-01
CCI,2020-10-01
CCI,2020-11-01
CCI,2020-12-01
CCI,2021-01-01
CCI,2021-02-01
CCI,2021-03-01
CCI,2021-04-01
CCI,2021-05-01
CCI,2021-06-01
CCI,2021-07-01
CCI,2021-08-01
CCI,2021-09-01
CCI,2021-10-01
CCI,2021-11-01
CCI,2021-12-01
CCI,2022-01-01
CCI,2022-02-01
CCI,2022-03-01
CCI,2022-04-01
CCI,2022-05-01
CCI,2022-06-01
CCI,2022-07-01
CCI,2022-08-01
CCI,2022-09-01
CCI,2022-10-01
CCI,2022-11-01
CCI,2022-12-01
CCI,2023-01-01
CCI,2023-02-01
CCI,2023-03-01
CCI,2023-04-01
CCI,2023-05-01
CCI,2023-06-01
CCI,2023-07-01
CCI,2023-08-01
CCI,2023-09-01
CCI,2023-10-01
CCI,2023-11-01
CCI,2023-12-01
CCI,2024-01-01
CCI,2024-02-01
CCI,2024-03-01
CCI,2024-04-01
CCI,2024-05-01
CCI,2024-06-01
CCI,2024-07-01
CCI,2024-08-01
CCI,2024-09-01
CCI,2024-10-01
CCI,2024-11-01
CCI,2024-12-01
CCI,2025-01-01
CCI,2025-02-01
CCI,2025-03-01
CCI,2025-04-01
CCI,2025-05-01
CCTYQ,1996-02-01
CCTYQ,1996-03-01
CCTYQ,1996-04-01
CCTYQ,1996-05-01
CCTYQ,1996-06-01
CCTYQ,1996-07-01
CCTYQ,1996-08-01
CCTYQ,1996-09-01
CCTYQ,1996-10-01
CCTYQ,1996-11-01
CCTYQ,1996-12-01
CCTYQ,1997-01-01
CCTYQ,1997-02-01
CCTYQ,1997-03-01
CCTYQ,1997-04-01
CCTYQ,1997-05-01
CCTYQ,1997-06-01
CCTYQ,1997-07-01
CCTYQ,1997-08-01
CCTYQ,1997-09-01
CCTYQ,1997-10-01
CCTYQ,1997-11-01
CCTYQ,1997-12-01
CCTYQ,1998-01-01
CCTYQ,1998-02-01
CCTYQ,1998-03-01
CCTYQ,1998-04-01
CCTYQ,1998-05-01
CCTYQ,1998-06-01
CCTYQ,1998-07-01
CCTYQ,1998-08-01
CCTYQ,1998-09-01
CCTYQ,1998-10-01
CCTYQ,1998-11-01
CCTYQ,1998-12-01
CCTYQ,1999-01-01
CCTYQ,1999-02-01
CCTYQ,1999-03-01
CCTYQ,1999-04-01
CCTYQ,1999-05-01
CCTYQ,1999-06-01
CCTYQ,1999-07-01
CCTYQ,1999-08-01
CCTYQ,1999-09-01
CCTYQ,1999-10-01
CCTYQ,1999-11-01
CCTYQ,1999-12-01
CCTYQ,2000-01-01
CCTYQ,2000-02-01
CCTYQ,2000-03-01
CCTYQ,2000-04-01
CCTYQ,2000-05-01
CCTYQ,2000-06-01
CCTYQ,2000-07-01
CCTYQ,2000-08-01
CCTYQ,2000-09-01
CCTYQ,2000-10-01
CCTYQ,2000-11-01
CCTYQ,2000-12-01
CCTYQ,2001-01-01
CCTYQ,2001-02-01
CCTYQ,2001-03-01
CCTYQ,2001-04-01
CCTYQ,2001-05-01
CCTYQ,2001-06-01
CCTYQ,2001-07-01
CCTYQ,2001-08-01
CCTYQ,2001-09-01
CCTYQ,2001-10-01
CCTYQ,2001-11-01
CCTYQ,2001-12-01
CCTYQ,2002-01-01
CCTYQ,2002-02-01
CCTYQ,2002-03-01
CCTYQ,2002-04-01
CCTYQ,2002-05-01
CCTYQ,2002-06-01
CCTYQ,2002-07-01
CCTYQ,2002-08-01
CCTYQ,2002-09-01
CCTYQ,2002-10-01
CCTYQ,2002-11-01
CCTYQ,2002-12-01
CCTYQ,2003-01-01
CCTYQ,2003-02-01
CCTYQ,2003-03-01
CCTYQ,2003-04-01
CCTYQ,2003-05-01
CCTYQ,2003-06-01
CCTYQ,2003-07-01
CCTYQ,2003-08-01
CCTYQ,2003-09-01
CCTYQ,2003-10-01
CCTYQ,2003-11-01
CCTYQ,2003-12-01
CCTYQ,2004-01-01
CCTYQ,2004-02-01
CCTYQ,2004-03-01
CCTYQ,2004-04-01
CCTYQ,2004-05-01
CCTYQ,2004-06-01
CCTYQ,2004-07-01
CCTYQ,2004-08-01
CCTYQ,2004-09-01
CCTYQ,2004-10-01
CCTYQ,2004-11-01
CCTYQ,2004-12-01
CCTYQ,2005-01-01
CCTYQ,2005-02-01
CCTYQ,2005-03-01
CCTYQ,2005-04-01
CCTYQ,2005-05-01
CCTYQ,2005-06-01
CCTYQ,2005-07-01
CCTYQ,2005-08-01
CCTYQ,2005-09-01
CCTYQ,2005-10-01
CCTYQ,2005-11-01
CCTYQ,2005-12-01
CCTYQ,2006-01-01
CCTYQ,2006-02-01
CCTYQ,2006-03-01
CCTYQ,2006-04-01
CCTYQ,2006-05-01
CCTYQ,2006-06-01
CCTYQ,2006-07-01
CCTYQ,2006-08-01
CCTYQ,2006-09-01
CCTYQ,2006-10-01
CCTYQ,2006-11-01
CCTYQ,2006-12-01
CCTYQ,2007-01-01
CCTYQ,2007-02-01
CCTYQ,2007-03-01
CCTYQ,2007-04-01
CCTYQ,2007-05-01
CCTYQ,2007-06-01
CCTYQ,2007-07-01
CCTYQ,2007-08-01
CCTYQ,2007-09-01
CCTYQ,2007-10-01
CCTYQ,2007-11-01
CCTYQ,2007-12-01
CCTYQ,2008-01-01
CCTYQ,2008-02-01
CCTYQ,2008-03-01
CDAY,2021-10-01
CDAY,2021-11-01
CDAY,2021-12-01
CDAY,2022-01-01
CDAY,2022-02-01
CDAY,2022-03-01
CDAY,2022-04-01
CDAY,2022-05-01
CDAY,2022-06-01
CDAY,2022-07-01
CDAY,2022-08-01
CDAY,2022-09-01
CDAY,2022-10-01
CDAY,2022-11-01
CDAY,2022-12-01
CDAY,2023-01-01
CDAY,2023-02-01
CDAY,2023-03-01
CDAY,2023-04-01
CDAY,2023-05-01
CDAY,2023-06-01
CDAY,2023-07-01
CDAY,2023-08-01
CDAY,2023-09-01
CDAY,2023-10-01
CDAY,2023-11-01
CDAY,2023-12-01
CDAY,2024-01-01
CDAY,2024-02-01
CE,2001-05-01
CE,2001-06-01
CE,2001-07-01
CE,2001-08-01
CE,2001-09-01
CE,2001-10-01
CE,2001-11-01
CE,2001-12-01
CE,2002-01-01
CE,2002-02-01
CE,2002-03-01
CE,2002-04-01
CE,2002-05-01
CE,2002-06-01
CE,2002-07-01
CE,2002-08-01
CE,2002-09-01
CE,2002-10-01
CE,2002-11-01
CE,2002-12-01
CE,2003-01-01
CE,2003-02-01
CE,2003-03-01
CE,2003-04-01
CE,2003-05-01
CE,2003-06-01
CE,2003-07-01
CE,2003-08-01
CE,2003-09-01
CE,2003-10-01
CE,2003-11-01
CE,2003-12-01
CE,2004-01-01
CE,2004-02-01
CE,2019-01-01
CE,2019-02-01
CE,2019-03-01
CE,2019-04-01
CE,2019-05-01
CE,2019-06-01
CE,2019-07-01
CE,2019-08-01
CE,2019-09-01
CE,2019-10-01
CE,2019-11-01
CE,2019-12-01
CE,2020-01-01
CE,2020-02-01
CE,2020-03-01
CE,2020-04-01
CE,2020-05-01
CE,2020-06-01
CE,2020-07-01
CE,2020-08-01
CE,2020-09-01
CE,2020-10-01
CE,2020-11-01
CE,2020-12-01
CE,2021-01-01
CE,2021-02-01
CE,2021-03-01
CE,2021-04-01
CE,2021-05-01
CE,2021-06-01
CE,2021-07-01
CE,2021-08-01
CE,2021-09-01
CE,2021-10-01
CE,2021-11-01
CE,2021-12-01
CE,2022-01-01
CE,2022-02-01
CE,2022-03-01
CE,2022-04-01
CE,2022-05-01
CE,2022-06-01
CE,2022-07-01
CE,2022-08-01
CE,2022-09-01
CE,2022-10-01
CE,2022-11-01
CE,2022-12-01
CE,2023-01-01
CE,2023-02-01
CE,2023-03-01
CE,2023-04-01
CE,2023-05-01
CE,2023-06-01
CE,2023-07-01
CE,2023-08-01
CE,2023-09-01
CE,2023-10-01
CE,2023-11-01
CE,2023-12-01
CE,2024-01-01
CE,2024-02-01
CE,2024-03-01
CE,2024-04-01
CE,2024-05-01
CE,2024-06-01
CE,2024-07-01
CE,2024-08-01
CE,2024-09-01
CE,2024-10-01
CE,2024-11-01
CE,2024-12-01
CE,2025-01-01
CE,2025-02-01
CE,2025-03-01
CEG,1996-02-01
CEG,1996-03-01
CEG,1996-04-01
CEG,1996-05-01
CEG,1996-06-01
CEG,1996-07-01
CEG,1996-08-01
CEG,1996-09-01
CEG,1996-10-01
CEG,1996-11-01
CEG,1996-12-01
CEG,1997-01-01
CEG,1997-02-01
CEG,1997-03-01
CEG,1997-04-01
CEG,1997-05-01
CEG,1997-06-01
CEG,1997-07-01
CEG,1997-08-01
CEG,1997-09-01
CEG,1997-10-01
CEG,1997-11-01
CEG,1997-12-01
CEG,1998-01-01
CEG,1998-02-01
CEG,1998-03-01
CEG,1998-04-01
CEG,1998-05-01
CEG,1998-06-01
CEG,1998-07-01
CEG,1998-08-01
CEG,1998-09-01
CEG,1998-10-01
CEG,1998-11-01
CEG,1998-12-01
CEG,1999-01-01
CEG,1999-02-01
CEG,1999-03-01
CEG,1999-04-01
CEG,1999-05-01
CEG,1999-06-01
CEG,1999-07-01
CEG,1999-08-01
CEG,1999-09-01
CEG,1999-10-01
CEG,1999-11-01
CEG,1999-12-01
CEG,2000-01-01
CEG,2000-02-01
CEG,2000-03-01
CEG,2000-04-01
CEG,2000-05-01
CEG,2000-06-01
CEG,2000-07-01
CEG,2000-08-01
CEG,2000-09-01
CEG,2000-10-01
CEG,2000-11-01
CEG,2000-12-01
CEG,2001-01-01
CEG,2001-02-01
CEG,2001-03-01
CEG,2001-04-01
CEG,2001-05-01
CEG,2001-06-01
CEG,2001-07-01
CEG,2001-08-01
CEG,2001-09-01
CEG,2001-10-01
CEG,2001-11-01
CEG,2001-12-01
CEG,2002-01-01
CEG,2002-02-01
CEG,2002-03-01
CEG,2002-04-01
CEG,2002-05-01
CEG,2002-06-01
CEG,2002-07-01
CEG,2002-08-01
CEG,2002-09-01
CEG,2002-10-01
CEG,2002-11-01
CEG,2002-12-01
CEG,2003-01-01
CEG,2003-02-01
CEG,2003-03-01
CEG,2003-04-01
CEG,2003-05-01
CEG,2003-06-01
CEG,2003-07-01
CEG,2003-08-01
CEG,2003-09-01
CEG,2003-10-01
CEG,2003-11-01
CEG,2003-12-01
CEG,2004-01-01
CEG,2004-02-01
CEG,2004-03-01
CEG,2004-04-01
CEG,2004-05-01
CEG,2004-06-01
CEG,2004-07-01
CEG,2004-08-01
CEG,2004-09-01
CEG,2004-10-01
CEG,2004-11-01
CEG,2004-12-01
CEG,2005-01-01
CEG,2005-02-01
CEG,2005-03-01
CEG,2005-04-01
CEG,2005-05-01
CEG,2005-06-01
CEG,2005-07-01
CEG,2005-08-01
CEG,2005-09-01
CEG,2005-10-01
CEG,2005-11-01
CEG,2005-12-01
CEG,2006-01-01
CEG,2006-02-01
CEG,2006-03-01
CEG,2006-04-01
CEG,2006-05-01
CEG,2006-06-01
CEG,2006-07-01
CEG,2006-08-01
CEG,2006-09-01
CEG,2006-10-01
CEG,2006-11-01
CEG,2006-12-01
CEG,2007-01-01
CEG,2007-02-01
CEG,2007-03-01
CEG,2007-04-01
CEG,2007-05-01
CEG,2007-06-01
CEG,2007-07-01
CEG,2007-08-01
CEG,2007-09-01
CEG,2007-10-01
CEG,2007-11-01
CEG,2007-12-01
CEG,2008-01-01
CEG,2008-02-01
CEG,2008-03-01
CEG,2008-04-01
CEG,2008-05-01
CEG,2008-06-01
CEG,2008-07-01
CEG,2008-08-01
CEG,2008-09-01
CEG,2008-10-01
CEG,2008-11-01
CEG,2008-12-01
CEG,2009-01-01
CEG,2009-02-01
CEG,2009-03-01
CEG,2009-04-01
CEG,2009-05-01
CEG,2009-06-01
CEG,2009-07-01
CEG,2009-08-01
CEG,2009-09-01
CEG,2009-10-01
CEG,2009-11-01
CEG,2009-12-01
CEG,2010-01-01
CEG,2010-02-01
CEG,2010-03-01
CEG,2010-04-01
CEG,2010-05-01
CEG,2010-06-01
CEG,2010-07-01
CEG,2010-08-01
CEG,2010-09-01
CEG,2010-10-01
CEG,2010-11-01
CEG,2010-12-01
CEG,2011-01-01
CEG,2011-02-01
CEG,2011-03-01
CEG,2011-04-01
CEG,2011-05-01
CEG,2011-06-01
CEG,2011-07-01
CEG,2011-08-01
CEG,2011-09-01
CEG,2011-10-01
CEG,2011-11-01
CEG,2011-12-01
CEG,2012-01-01
CEG,2012-02-01
CEG,2012-03-01
CEG,2022-03-01
CEG,2022-04-01
CEG,2022-05-01
CEG,2022-06-01
CEG,2022-07-01
CEG,2022-08-01
CEG,2022-09-01
CEG,2022-10-01
CEG,2022-11-01
CEG,2022-12-01
CEG,2023-01-01
CEG,2023-02-01
CEG,2023-03-01
CEG,2023-04-01
CEG,2023-05-01
CEG,2023-06-01
CEG,2023-07-01
CEG,2023-08-01
CEG,2023-09-01
CEG,2023-10-01
CEG,2023-11-01
CEG,2023-12-01
CEG,2024-01-01
CEG,2024-02-01
CEG,2024-03-01
CEG,2024-04-01
CEG,2024-05-01
CEG,2024-06-01
CEG,2024-07-01
CEG,2024-08-01
CEG,2024-09-01
CEG,2024-10-01
CEG,2024-11-01
CEG,2024-12-01
CEG,2025-01-01
CEG,2025-02-01
CEG,2025-03-01
CEG,2025-04-01
CEG,2025-05-01
CELG,2006-12-01
CELG,2007-01-01
CELG,2007-02-01
CELG,2007-03-01
CELG,2007-04-01
CELG,2007-05-01
CELG,2007-06-01
CELG,2007-07-01
CELG,2007-08-01
CELG,2007-09-01
CELG,2007-10-01
CELG,2007-11-01
CELG,2007-12-01
CELG,2008-01-01
CELG,2008-02-01
CELG,2008-03-01
CELG,2008-04-01
CELG,2008-05-01
CELG,2008-06-01
CELG,2008-07-01
CELG,2008-08-01
CELG,2008-09-01
CELG,2008-10-01
CELG,2008-11-01
CELG,2008-12-01
CELG,2009-01-01
CELG,2009-02-01
CELG,2009-03-01
CELG,2009-04-01
CELG,2009-05-01
CELG,2009-06-01
CELG,2009-07-01
CELG,2009-08-01
CELG,2009-09-01
CELG,2009-10-01
CELG,2009-11-01
CELG,2009-12-01
CELG,2010-01-01
CELG,2010-02-01
CELG,2010-03-01
CELG,2010-04-01
CELG,2010-05-01
CELG,2010-06-01
CELG,2010-07-01
CELG,2010-08-01
CELG,2010-09-01
CELG,2010-10-01
CELG,2010-11-01
CELG,2010-12-01
CELG,2011-01-01
CELG,2011-02-01
CELG,2011-03-01
CELG,2011-04-01
CELG,2011-05-01
CELG,2011-06-01
CELG,2011-07-01
CELG,2011-08-01
CELG,2011-09-01
CELG,2011-10-01
CELG,2011-11-01
CELG,2011-12-01
CELG,2012-01-01
CELG,2012-02-01
CELG,2012-03-01
CELG,2012-04-01
CELG,2012-05-01
CELG,2012-06-01
CELG,2012-07-01
CELG,2012-08-01
CELG,2012-09-01
CELG,2012-10-01
CELG,2012-11-01
CELG,2012-12-01
CELG,2013-01-01
CELG,2013-02-01
CELG,2013-03-01
CELG,2013-04-01
CELG,2013-05-01
CELG,2013-06-01
CELG,2013-07-01
CELG,2013-08-01
CELG,2013-09-01
CELG,2013-10-01
CELG,2013-11-01
CELG,2013-12-01
CELG,2014-01-01
CELG,2014-02-01
CELG,2014-03-01
CELG,2014-04-01
CELG,2014-05-01
CELG,2014-06-01
CELG,2014-07-01
CELG,2014-08-01
CELG,2014-09-01
CELG,2014-10-01
CELG,2014-11-01
CELG,2014-12-01
CELG,2015-01-01
CELG,2015-02-01
CELG,2015-03-01
CELG,2015-04-01
CELG,2015-05-01
CELG,2015-06-01
CELG,2015-07-01
CELG,2015-08-01
CELG,2015-09-01
CELG,2015-10-01
CELG,2015-11-01
CELG,2015-12-01
CELG,2016-01-01
CELG,2016-02-01
CELG,2016-03-01
CELG,2016-04-01
CELG,2016-05-01
CELG,2016-06-01
CELG,2016-07-01
CELG,2016-08-01
CELG,2016-09-01
CELG,2016-10-01
CELG,2016-11-01
CELG,2016-12-01
CELG,2017-01-01
CELG,2017-02-01
CELG,2017-03-01
CELG,2017-04-01
CELG,2017-05-01
CELG,2017-06-01
CELG,2017-07-01
CELG,2017-08-01
CELG,2017-09-01
CELG,2017-10-01
CELG,2017-11-01
CELG,2017-12-01
CELG,2018-01-01
CELG,2018-02-01
CELG,2018-03-01
CELG,2018-04-01
CELG,2018-05-01
CELG,2018-06-01
CELG,2018-07-01
CELG,2018-08-01
CELG,2018-09-01
CELG,2018-10-01
CELG,2018-11-01
CELG,2018-12-01
CELG,2019-01-01
CELG,2019-02-01
CELG,2019-03-01
CELG,2019-04-01
CELG,2019-05-01
CELG,2019-06-01
CELG,2019-07-01
CELG,2019-08-01
CELG,2019-09-01
CELG,2019-10-01
CELG,2019-11-01
CEN,1996-02-01
CEN,1996-03-01
CEN,1996-04-01
CEN,1996-05-01
CEN,1996-06-01
CEN,1996-07-01
CEN,1996-08-01
CEN,1996-09-01
CEN,1996-10-01
CEN,1996-11-01
CEN,1996-12-01
CEN,1997-01-01
CEN,1997-02-01
CEN,1997-03-01
CEN,1997-04-01
CEN,1997-05-01
CEN,1997-06-01
CEN,1997-07-01
CEN,1997-08-01
CEN,1997-09-01
CEN,1997-10-01
CEN,1997-11-01
CEN,1997-12-01
CEN,1998-01-01
CEN,1998-02-01
CEN,1998-03-01
CEN,1998-04-01
CEN,1998-05-01
CEN,1998-06-01
CEN,1998-07-01
CEN,1998-08-01
CEN,1998-09-01
CEN,1998-10-01
CEN,1998-11-01
CEN,1998-12-01
CEN,1999-01-01
CEN,1999-02-01
CEN,1999-03-01
CEN,1999-04-01
CEN,1999-05-01
CEN,1999-06-01
CEN,1999-07-01
CEN,1999-08-01
CEN,1999-09-01
CEN,1999-10-01
CEN,1999-11-01
CEN,1999-12-01
CEN,2000-01-01
CEN,2000-02-01
CEN,2000-03-01
CEN,2000-04-01
CEN,2000-05-01
CEN,2000-06-01
CEN,2000-07-01
CEN,2000-08-01
CEN,2000-09-01
CEN,2000-10-01
CEN,2000-11-01
CEN,2000-12-01
CEN,2001-01-01
CEN,2001-02-01
CEN,2001-03-01
CEN,2001-04-01
CEPH,2008-12-01
CEPH,2009-01-01
CEPH,2009-02-01
CEPH,2009-03-01
CEPH,2009-04-01
CEPH,2009-05-01
CEPH,2009-06-01
CEPH,2009-07-01
CEPH,2009-08-01
CEPH,2009-09-01
CEPH,2009-10-01
CEPH,2009-11-01
CEPH,2009-12-01
CEPH,2010-01-01
CEPH,2010-02-01
CEPH,2010-03-01
CEPH,2010-04-01
CEPH,2010-05-01
CEPH,2010-06-01
CEPH,2010-07-01
CEPH,2010-08-01
CEPH,2010-09-01
CEPH,2010-10-01
CEPH,2010-11-01
CEPH,2010-12-01
CEPH,2011-01-01
CEPH,2011-02-01
CEPH,2011-03-01
CEPH,2011-04-01
CEPH,2011-05-01
CEPH,2011-06-01
CEPH,2011-07-01
CEPH,2011-08-01
CEPH,2011-09-01
CEPH,2011-10-01
CERN,2010-05-01
CERN,2010-06-01
CERN,2010-07-01
CERN,2010-08-01
CERN,2010-09-01
CERN,2010-10-01
CERN,2010-11-01
CERN,2010-12-01
CERN,2011-01-01
CERN,2011-02-01
CERN,2011-03-01
CERN,2011-04-01
CERN,2011-05-01
CERN,2011-06-01
CERN,2011-07-01
CERN,2011-08-01
CERN,2011-09-01
CERN,2011-10-01
CERN,2011-11-01
CERN,2011-12-01
CERN,2012-01-01
CERN,2012-02-01
CERN,2012-03-01
CERN,2012-04-01
CERN,2012-05-01
CERN,2012-06-01
CERN,2012-07-01
CERN,2012-08-01
CERN,2012-09-01
CERN,2012-10-01
CERN,2012-11-01
CERN,2012-12-01
CERN,2013-01-01
CERN,2013-02-01
CERN,2013-03-01
CERN,2013-04-01
CERN,2013-05-01
CERN,2013-06-01
CERN,2013-07-01
CERN,2013-08-01
CERN,2013-09-01
CERN,2013-10-01
CERN,2013-11-01
CERN,2013-12-01
CERN,2014-01-01
CERN,2014-02-01
CERN,2014-03-01
CERN,2014-04-01
CERN,2014-05-01
CERN,2014-06-01
CERN,2014-07-01
CERN,2014-08-01
CERN,2014-09-01
CERN,2014-10-01
CERN,2014-11-01
CERN,2014-12-01
CERN,2015-01-01
CERN,2015-02-01
CERN,2015-03-01
CERN,2015-04-01
CERN,2015-05-01
CERN,2015-06-01
CERN,2015-07-01
CERN,2015-08-01
CERN,2015-09-01
CERN,2015-10-01
CERN,2015-11-01
CERN,2015-12-01
CERN,2016-01-01
CERN,2016-02-01
CERN,2016-03-01
CERN,2016-04-01
CERN,2016-05-01
CERN,2016-06-01
CERN,2016-07-01
CERN,2016-08-01
CERN,2016-09-01
CERN,2016-10-01
CERN,2016-11-01
CERN,2016-12-01
CERN,2017-01-01
CERN,2017-02-01
CERN,2017-03-01
CERN,2017-04-01
CERN,2017-05-01
CERN,2017-06-01
CERN,2017-07-01
CERN,2017-08-01
CERN,2017-09-01
CERN,2017-10-01
CERN,2017-11-01
CERN,2017-12-01
CERN,2018-01-01
CERN,2018-02-01
CERN,2018-03-01
CERN,2018-04-01
CERN,2018-05-01
CERN,2018-06-01
CERN,2018-07-01
CERN,2018-08-01
CERN,2018-09-01
CERN,2018-10-01
CERN,2018-11-01
CERN,2018-12-01
CERN,2019-01-01
CERN,2019-02-01
CERN,2019-03-01
CERN,2019-04-01
CERN,2019-05-01
CERN,2019-06-01
CERN,2019-07-01
CERN,2019-08-01
CERN,2019-09-01
CERN,2019-10-01
CERN,2019-11-01
CERN,2019-12-01
CERN,2020-01-01
CERN,2020-02-01
CERN,2020-03-01
CERN,2020-04-01
CERN,2020-05-01
CERN,2020-06-01
CERN,2020-07-01
CERN,2020-08-01
CERN,2020-09-01
CERN,2020-10-01
CERN,2020-11-01
CERN,2020-12-01
CERN,2021-01-01
CERN,2021-02-01
CERN,2021-03-01
CERN,2021-04-01
CERN,2021-05-01
CERN,2021-06-01
CERN,2021-07-01
CERN,2021-08-01
CERN,2021-09-01
CERN,2021-10-01
CERN,2021-11-01
CERN,2021-12-01
CERN,2022-01-01
CERN,2022-02-01
CERN,2022-03-01
CERN,2022-04-01
CERN,2022-05-01
CERN,2022-06-01
CF,2000-07-01
CF,2000-08-01
CF,2000-09-01
CF,2000-10-01
CF,2000-11-01
CF,2000-12-01
CF,2001-01-01
CF,2001-02-01
CF,2001-03-01
CF,2001-04-01
CF,2001-05-01
CF,2001-06-01
CF,2001-07-01
CF,2001-08-01
CF,2001-09-01
CF,2001-10-01
CF,2001-11-01
CF,2001-12-01
CF,2002-01-01
CF,2002-02-01
CF,2002-03-01
CF,2002-04-01
CF,2002-05-01
CF,2002-06-01
CF,2002-07-01
CF,2002-08-01
CF,2002-09-01
CF,2002-10-01
CF,2002-11-01
CF,2002-12-01
CF,2003-01-01
CF,2003-02-01
CF,2003-03-01
CF,2003-04-01
CF,2003-05-01
CF,2003-06-01
CF,2003-07-01
CF,2003-08-01
CF,2003-09-01
CF,2003-10-01
CF,2003-11-01
CF,2003-12-01
CF,2004-01-01
CF,2004-02-01
CF,2004-03-01
CF,2004-04-01
CF,2004-05-01
CF,2004-06-01
CF,2004-07-01
CF,2004-08-01
CF,2008-09-01
CF,2008-10-01
CF,2008-11-01
CF,2008-12-01
CF,2009-01-01
CF,2009-02-01
CF,2009-03-01
CF,2009-04-01
CF,2009-05-01
CF,2009-06-01
CF,2009-07-01
CF,2009-08-01
CF,2009-09-01
CF,2009-10-01
CF,2009-11-01
CF,2009-12-01
CF,2010-01-01
CF,2010-02-01
CF,2010-03-01
CF,2010-04-01
CF,2010-05-01
CF,2010-06-01
CF,2010-07-01
CF,2010-08-01
CF,2010-09-01
CF,2010-10-01
CF,2010-11-01
CF,2010-12-01
CF,2011-01-01
CF,2011-02-01
CF,2011-03-01
CF,2011-04-01
CF,2011-05-01
CF,2011-06-01
CF,2011-07-01
CF,2011-08-01
CF,2011-09-01
CF,2011-10-01
CF,2011-11-01
CF,2011-12-01
CF,2012-01-01
CF,2012-02-01
CF,2012-03-01
CF,2012-04-01
CF,2012-05-01
CF,2012-06-01
CF,2012-07-01
CF,2012-08-01
CF,2012-09-01
CF,2012-10-01
CF,2012-11-01
CF,2012-12-01
CF,2013-01-01
CF,2013-02-01
CF,2013-03-01
CF,2013-04-01
CF,2013-05-01
CF,2013-06-01
CF,2013-07-01
CF,2013-08-01
CF,2013-09-01
CF,2013-10-01
CF,2013-11-01
CF,2013-12-01
CF,2014-01-01
CF,2014-02-01
CF,2014-03-01
CF,2014-04-01
CF,2014-05-01
CF,2014-06-01
CF,2014-07-01
CF,2014-08-01
CF,2014-09-01
CF,2014-10-01
CF,2014-11-01
CF,2014-12-01
CF,2015-01-01
CF,2015-02-01
CF,2015-03-01
CF,2015-04-01
CF,2015-05-01
CF,2015-06-01
CF,2015-07-01
CF,2015-08-01
CF,2015-09-01
CF,2015-10-01
CF,2015-11-01
CF,2015-12-01
CF,2016-01-01
CF,2016-02-01
CF,2016-03-01
CF,2016-04-01
CF,2016-05-01
CF,2016-06-01
CF,2016-07-01
CF,2016-08-01
CF,2016-09-01
CF,2016-10-01
CF,2016-11-01
CF,2016-12-01
CF,2017-01-01
CF,2017-02-01
CF,2017-03-01
CF,2017-04-01
CF,2017-05-01
CF,2017-06-01
CF,2017-07-01
CF,2017-08-01
CF,2017-09-01
CF,2017-10-01
CF,2017-11-01
CF,2017-12-01
CF,2018-01-01
CF,2018-02-01
CF,2018-03-01
CF,2018-04-01
CF,2018-05-01
CF,2018-06-01
CF,2018-07-01
CF,2018-08-01
CF,2018-09-01
CF,2018-10-01
CF,2018-11-01
CF,2018-12-01
CF,2019-01-01
CF,2019-02-01
CF,2019-03-01
CF,2019-04-01
CF,2019-05-01
CF,2019-06-01
CF,2019-07-01
CF,2019-08-01
CF,2019-09-01
CF,2019-10-01
CF,2019-11-01
CF,2019-12-01
CF,2020-01-01
CF,2020-02-01
CF,2020-03-01
CF,2020-04-01
CF,2020-05-01
CF,2020-06-01
CF,2020-07-01
CF,2020-08-01
CF,2020-09-01
CF,2020-10-01
CF,2020-11-01
CF,2020-12-01
CF,2021-01-01
CF,2021-02-01
CF,2021-03-01
CF,2021-04-01
CF,2021-05-01
CF,2021-06-01
CF,2021-07-01
CF,2021-08-01
CF,2021-09-01
CF,2021-10-01
CF,2021-11-01
CF,2021-12-01
CF,2022-01-01
CF,2022-02-01
CF,2022-03-01
CF,2022-04-01
CF,2022-05-01
CF,2022-06-01
CF,2022-07-01
CF,2022-08-01
CF,2022-09-01
CF,2022-10-01
CF,2022-11-01
CF,2022-12-01
CF,2023-01-01
CF,2023-02-01
CF,2023-03-01
CF,2023-04-01
CF,2023-05-01
CF,2023-06-01
CF,2023-07-01
CF,2023-08-01
CF,2023-09-01
CF,2023-10-01
CF,2023-11-01
CF,2023-12-01
CF,2024-01-01
CF,2024-02-01
CF,2024-03-01
CF,2024-04-01
CF,2024-05-01
CF,2024-06-01
CF,2024-07-01
CF,2024-08-01
CF,2024-09-01
CF,2024-10-01
CF,2024-11-01
CF,2024-12-01
CF,2025-01-01
CF,2025-02-01
CF,2025-03-01
CF,2025-04-01
CF,2025-05-01
CFC,1997-07-01
CFC,1997-08-01
CFC,1997-09-01
CFC,1997-10-01
CFC,1997-11-01
CFC,1997-12-01
CFC,1998-01-01
CFC,1998-02-01
CFC,1998-03-01
CFC,1998-04-01
CFC,1998-05-01
CFC,1998-06-01
CFC,1998-07-01
CFC,1998-08-01
CFC,1998-09-01
CFC,1998-10-01
CFC,1998-11-01
CFC,1998-12-01
CFC,1999-01-01
CFC,1999-02-01
CFC,1999-03-01
CFC,1999-04-01
CFC,1999-05-01
CFC,1999-06-01
CFC,1999-07-01
CFC,1999-08-01
CFC,1999-09-01
CFC,1999-10-01
CFC,1999-11-01
CFC,1999-12-01
CFC,2000-01-01
CFC,2000-02-01
CFC,2000-03-01
CFC,2000-04-01
CFC,2000-05-01
CFC,2000-06-01
CFC,2000-07-01
CFC,2000-08-01
CFC,2000-09-01
CFC,2000-10-01
CFC,2000-11-01
CFC,2000-12-01
CFC,2001-01-01
CFC,2001-02-01
CFC,2001-03-01
CFC,2001-04-01
CFC,2001-05-01
CFC,2001-06-01
CFC,2001-07-01
CFC,2001-08-01
CFC,2001-09-01
CFC,2001-10-01
CFC,2001-11-01
CFC,2001-12-01
CFC,2002-01-01
CFC,2002-02-01
CFC,2002-03-01
CFC,2002-04-01
CFC,2002-05-01
CFC,2002-06-01
CFC,2002-07-01
CFC,2002-08-01
CFC,2002-09-01
CFC,2002-10-01
CFC,2002-11-01
CFC,2002-12-01
CFC,2003-01-01
CFC,2003-02-01
CFC,2003-03-01
CFC,2003-04-01
CFC,2003-05-01
CFC,2003-06-01
CFC,2003-07-01
CFC,2003-08-01
CFC,2003-09-01
CFC,2003-10-01
CFC,2003-11-01
CFC,2003-12-01
CFC,2004-01-01
CFC,2004-02-01
CFC,2004-03-01
CFC,2004-04-01
CFC,2004-05-01
CFC,2004-06-01
CFC,2004-07-01
CFC,2004-08-01
CFC,2004-09-01
CFC,2004-10-01
CFC,2004-11-01
CFC,2004-12-01
CFC,2005-01-01
CFC,2005-02-01
CFC,2005-03-01
CFC,2005-04-01
CFC,2005-05-01
CFC,2005-06-01
CFC,2005-07-01
CFC,2005-08-01
CFC,2005-09-01
CFC,2005-10-01
CFC,2005-11-01
CFC,2005-12-01
CFC,2006-01-01
CFC,2006-02-01
CFC,2006-03-01
CFC,2006-04-01
CFC,2006-05-01
CFC,2006-06-01
CFC,2006-07-01
CFC,2006-08-01
CFC,2006-09-01
CFC,2006-10-01
CFC,2006-11-01
CFC,2006-12-01
CFC,2007-01-01
CFC,2007-02-01
CFC,2007-03-01
CFC,2007-04-01
CFC,2007-05-01
CFC,2007-06-01
CFC,2007-07-01
CFC,2007-08-01
CFC,2007-09-01
CFC,2007-10-01
CFC,2007-11-01
CFC,2007-12-01
CFC,2008-01-01
CFC,2008-02-01
CFC,2008-03-01
CFC,2008-04-01
CFC,2008-05-01
CFC,2008-06-01
CFL,1996-02-01
CFL,1996-03-01
CFL,1996-04-01
CFL,1996-05-01
CFL,1996-06-01
CFL,1996-07-01
CFL,1996-08-01
CFL,1996-09-01
CFL,1996-10-01
CFL,1996-11-01
CFL,1996-12-01
CFL,1997-01-01
CFL,1997-02-01
CFL,1997-03-01
CFL,1997-04-01
CFL,1997-05-01
CFL,1997-06-01
CFL,1997-07-01
CFL,1997-08-01
CFL,1997-09-01
CFL,1997-10-01
CFL,1997-11-01
CFL,1997-12-01
CFL,1998-01-01
CFL,1998-02-01
CFL,1998-03-01
CFL,1998-04-01
CFN,2009-09-01
CFN,2009-10-01
CFN,2009-11-01
CFN,2009-12-01
CFN,2010-01-01
CFN,2010-02-01
CFN,2010-03-01
CFN,2010-04-01
CFN,2010-05-01
CFN,2010-06-01
CFN,2010-07-01
CFN,2010-08-01
CFN,2010-09-01
CFN,2010-10-01
CFN,2010-11-01
CFN,2010-12-01
CFN,2011-01-01
CFN,2011-02-01
CFN,2011-03-01
CFN,2011-04-01
CFN,2011-05-01
CFN,2011-06-01
CFN,2011-07-01
CFN,2011-08-01
CFN,2011-09-01
CFN,2011-10-01
CFN,2011-11-01
CFN,2011-12-01
CFN,2012-01-01
CFN,2012-02-01
CFN,2012-03-01
CFN,2012-04-01
CFN,2012-05-01
CFN,2012-06-01
CFN,2012-07-01
CFN,2012-08-01
CFN,2012-09-01
CFN,2012-10-01
CFN,2012-11-01
CFN,2012-12-01
CFN,2013-01-01
CFN,2013-02-01
CFN,2013-03-01
CFN,2013-04-01
CFN,2013-05-01
CFN,2013-06-01
CFN,2013-07-01
CFN,2013-08-01
CFN,2013-09-01
CFN,2013-10-01
CFN,2013-11-01
CFN,2013-12-01
CFN,2014-01-01
CFN,2014-02-01
CFN,2014-03-01
CFN,2014-04-01
CFN,2014-05-01
CFN,2014-06-01
CFN,2014-07-01
CFN,2014-08-01
CFN,2014-09-01
CFN,2014-10-01
CFN,2014-11-01
CFN,2014-12-01
CFN,2015-01-01
CFN,2015-02-01
CFN,2015-03-01
CG,1996-02-01
CG,1996-03-01
CG,1996-04-01
CG,1996-05-01
CG,1996-06-01
CG,1996-07-01
CG,1996-08-01
CG,1996-09-01
CG,1996-10-01
CG,1996-11-01
CG,1996-12-01
CG,1997-01-01
CG,1997-02-01
CG,1997-03-01
CG,1997-04-01
CG,1997-05-01
CG,1997-06-01
CG,1997-07-01
CG,1997-08-01
CG,1997-09-01
CG,1997-10-01
CG,1997-11-01
CG,1997-12-01
CG,1998-01-01
CG,1998-02-01
CG,1998-03-01
CG,1998-04-01
CG,1998-05-01
CG,1998-06-01
CG,1998-07-01
CG,1998-08-01
CG,1998-09-01
CG,1998-10-01
CG,1998-11-01
CG,1998-12-01
CG,1999-01-01
CG,1999-02-01
CG,1999-03-01
CG,1999-04-01
CG,1999-05-01
CG,1999-06-01
CG,1999-07-01
CG,1999-08-01
CG,1999-09-01
CG,1999-10-01
CG,1999-11-01
CG,1999-12-01
CG,2000-01-01
CG,2000-02-01
CG,2000-03-01
CG,2000-04-01
CG,2000-05-01
CG,2000-06-01
CG,2000-07-01
CG,2000-08-01
CG,2000-09-01
CG,2000-10-01
CG,2000-11-01
CGP,1996-02-01
CGP,1996-03-01
CGP,1996-04-01
CGP,1996-05-01
CGP,1996-06-01
CGP,1996-07-01
CGP,1996-08-01
CGP,1996-09-01
CGP,1996-10-01
CGP,1996-11-01
CGP,1996-12-01
CGP,1997-01-01
CGP,1997-02-01
CGP,1997-03-01
CGP,1997-04-01
CGP,1997-05-01
CGP,1997-06-01
CGP,1997-07-01
CGP,1997-08-01
CGP,1997-09-01
CGP,1997-10-01
CGP,1997-11-01
CGP,1997-12-01
CGP,1998-01-01
CGP,1998-02-01
CGP,1998-03-01
CGP,1998-04-01
CGP,1998-05-01
CGP,1998-06-01
CGP,1998-07-01
CGP,1998-08-01
CGP,1998-09-01
CGP,1998-10-01
CGP,1998-11-01
CGP,1998-12-01
CGP,1999-01-01
CGP,1999-02-01
CGP,1999-03-01
CGP,1999-04-01
CGP,1999-05-01
CGP,1999-06-01
CGP,1999-07-01
CGP,1999-08-01
CGP,1999-09-01
CGP,1999-10-01
CGP,1999-11-01
CGP,1999-12-01
CGP,2000-01-01
CGP,2000-02-01
CGP,2000-03-01
CGP,2000-04-01
CGP,2000-05-01
CGP,2000-06-01
CGP,2000-07-01
CGP,2000-08-01
CGP,2000-09-01
CGP,2000-10-01
CGP,2000-11-01
CGP,2000-12-01
CGP,2001-01-01
CHA,1996-02-01
CHA,1996-03-01
CHA,1996-04-01
CHA,1996-05-01
CHA,1996-06-01
CHA,1996-07-01
CHA,1996-08-01
CHA,1996-09-01
CHA,1996-10-01
CHA,1996-11-01
CHA,1996-12-01
CHA,1997-01-01
CHA,1997-02-01
CHA,1997-03-01
CHA,1997-04-01
CHA,1997-05-01
CHA,1997-06-01
CHA,1997-07-01
CHA,1997-08-01
CHA,1997-09-01
CHA,1997-10-01
CHA,1997-11-01
CHA,1997-12-01
CHA,1998-01-01
CHA,1998-02-01
CHA,1998-03-01
CHA,1998-04-01
CHA,1998-05-01
CHA,1998-06-01
CHA,1998-07-01
CHA,1998-08-01
CHA,1998-09-01
CHA,1998-10-01
CHA,1998-11-01
CHA,1998-12-01
CHA,1999-01-01
CHA,1999-02-01
CHA,1999-03-01
CHA,1999-04-01
CHA,1999-05-01
CHA,1999-06-01
CHA,1999-07-01
CHA,1999-08-01
CHA,1999-09-01
CHA,1999-10-01
CHA,1999-11-01
CHA,1999-12-01
CHA,2000-01-01
CHA,2000-02-01
CHA,2000-03-01
CHA,2000-04-01
CHA,2000-05-01
CHA,2000-06-01
CHIR,2000-12-01
CHIR,2001-01-01
CHIR,2001-02-01
CHIR,2001-03-01
CHIR,2001-04-01
CHIR,2001-05-01
CHIR,2001-06-01
CHIR,2001-07-01
CHIR,2001-08-01
CHIR,2001-09-01
CHIR,2001-10-01
CHIR,2001-11-01
CHIR,2001-12-01
CHIR,2002-01-01
CHIR,2002-02-01
CHIR,2002-03-01
CHIR,2002-04-01
CHIR,2002-05-01
CHIR,2002-06-01
CHIR,2002-07-01
CHIR,2002-08-01
CHIR,2002-09-01
CHIR,2002-10-01
CHIR,2002-11-01
CHIR,2002-12-01
CHIR,2003-01-01
CHIR,2003-02-01
CHIR,2003-03-01
CHIR,2003-04-01
CHIR,2003-05-01
CHIR,2003-06-01
CHIR,2003-07-01
CHIR,2003-08-01
CHIR,2003-09-01
CHIR,2003-10-01
CHIR,2003-11-01
CHIR,2003-12-01
CHIR,2004-01-01
CHIR,2004-02-01
CHIR,2004-03-01
CHIR,2004-04-01
CHIR,2004-05-01
CHIR,2004-06-01
CHIR,2004-07-01
CHIR,2004-08-01
CHIR,2004-09-01
CHIR,2004-10-01
CHIR,2004-11-01
CHIR,2004-12-01
CHIR,2005-01-01
CHIR,2005-02-01
CHIR,2005-03-01
CHIR,2005-04-01
CHIR,2005-05-01
CHIR,2005-06-01
CHIR,2005-07-01
CHIR,2005-08-01
CHIR,2005-09-01
CHIR,2005-10-01
CHIR,2005-11-01
CHIR,2005-12-01
CHIR,2006-01-01
CHIR,2006-02-01
CHIR,2006-03-01
CHIR,2006-04-01
CHK,2006-04-01
CHK,2006-05-01
CHK,2006-06-01
CHK,2006-07-01
CHK,2006-08-01
CHK,2006-09-01
CHK,2006-10-01
CHK,2006-11-01
CHK,2006-12-01
CHK,2007-01-01
CHK,2007-02-01
CHK,2007-03-01
CHK,2007-04-01
CHK,2007-05-01
CHK,2007-06-01
CHK,2007-07-01
CHK,2007-08-01
CHK,2007-09-01
CHK,2007-10-01
CHK,2007-11-01
CHK,2007-12-01
CHK,2008-01-01
CHK,2008-02-01
CHK,2008-03-01
CHK,2008-04-01
CHK,2008-05-01
CHK,2008-06-01
CHK,2008-07-01
CHK,2008-08-01
CHK,2008-09-01
CHK,2008-10-01
CHK,2008-11-01
CHK,2008-12-01
CHK,2009-01-01
CHK,2009-02-01
CHK,2009-03-01
CHK,2009-04-01
CHK,2009-05-01
CHK,2009-06-01
CHK,2009-07-01
CHK,2009-08-01
CHK,2009-09-01
CHK,2009-10-01
CHK,2009-11-01
CHK,2009-12-01
CHK,2010-01-01
CHK,2010-02-01
CHK,2010-03-01
CHK,2010-04-01
CHK,2010-05-01
CHK,2010-06-01
CHK,2010-07-01
CHK,2010-08-01
CHK,2010-09-01
CHK,2010-10-01
CHK,2010-11-01
CHK,2010-12-01
CHK,2011-01-01
CHK,2011-02-01
CHK,2011-03-01
CHK,2011-04-01
CHK,2011-05-01
CHK,2011-06-01
CHK,2011-07-01
CHK,2011-08-01
CHK,2011-09-01
CHK,2011-10-01
CHK,2011-11-01
CHK,2011-12-01
CHK,2012-01-01
CHK,2012-02-01
CHK,2012-03-01
CHK,2012-04-01
CHK,2012-05-01
CHK,2012-06-01
CHK,2012-07-01
CHK,2012-08-01
CHK,2012-09-01
CHK,2012-10-01
CHK,2012-11-01
CHK,2012-12-01
CHK,2013-01-01
CHK,2013-02-01
CHK,2013-03-01
CHK,2013-04-01
CHK,2013-05-01
CHK,2013-06-01
CHK,2013-07-01
CHK,2013-08-01
CHK,2013-09-01
CHK,2013-10-01
CHK,2013-11-01
CHK,2013-12-01
CHK,2014-01-01
CHK,2014-02-01
CHK,2014-03-01
CHK,2014-04-01
CHK,2014-05-01
CHK,2014-06-01
CHK,2014-07-01
CHK,2014-08-01
CHK,2014-09-01
CHK,2014-10-01
CHK,2014-11-01
CHK,2014-12-01
CHK,2015-01-01
CHK,2015-02-01
CHK,2015-03-01
CHK,2015-04-01
CHK,2015-05-01
CHK,2015-06-01
CHK,2015-07-01
CHK,2015-08-01
CHK,2015-09-01
CHK,2015-10-01
CHK,2015-11-01
CHK,2015-12-01
CHK,2016-01-01
CHK,2016-02-01
CHK,2016-03-01
CHK,2016-04-01
CHK,2016-05-01
CHK,2016-06-01
CHK,2016-07-01
CHK,2016-08-01
CHK,2016-09-01
CHK,2016-10-01
CHK,2016-11-01
CHK,2016-12-01
CHK,2017-01-01
CHK,2017-02-01
CHK,2017-03-01
CHK,2017-04-01
CHK,2017-05-01
CHK,2017-06-01
CHK,2017-07-01
CHK,2017-08-01
CHK,2017-09-01
CHK,2017-10-01
CHK,2017-11-01
CHK,2017-12-01
CHK,2018-01-01
CHK,2018-02-01
CHK,2018-03-01
CHRS,1996-02-01
CHRS,1996-03-01
CHRS,1996-04-01
CHRS,1996-05-01
CHRS,1996-06-01
CHRS,1996-07-01
CHRS,1996-08-01
CHRS,1996-09-01
CHRS,1996-10-01
CHRS,1996-11-01
CHRS,1996-12-01
CHRS,1997-01-01
CHRS,1997-02-01
CHRS,1997-03-01
CHRS,1997-04-01
CHRS,1997-05-01
CHRS,1997-06-01
CHRS,1997-07-01
CHRS,1997-08-01
CHRS,1997-09-01
CHRS,1997-10-01
CHRS,1997-11-01
CHRS,1997-12-01
CHRS,1998-01-01
CHRS,1998-02-01
CHRS,1998-03-01
CHRS,1998-04-01
CIT-A,2000-08-01
CIT-A,2000-09-01
CIT-A,2000-10-01
CIT-A,2000-11-01
CIT-A,2000-12-01
CIT-A,2001-01-01
CIT-A,2001-02-01
CIT-A,2001-03-01
CIT-A,2001-04-01
CIT-A,2001-05-01
CIT-A,2001-06-01
CITGQ,2004-11-01
CITGQ,2004-12-01
CITGQ,2005-01-01
CITGQ,2005-02-01
CITGQ,2005-03-01
CITGQ,2005-04-01
CITGQ,2005-05-01
CITGQ,2005-06-01
CITGQ,2005-07-01
CITGQ,2005-08-01
CITGQ,2005-09-01
CITGQ,2005-10-01
CITGQ,2005-11-01
CITGQ,2005-12-01
CITGQ,2006-01-01
CITGQ,2006-02-01
CITGQ,2006-03-01
CITGQ,2006-04-01
CITGQ,2006-05-01
CITGQ,2006-06-01
CITGQ,2006-07-01
CITGQ,2006-08-01
CITGQ,2006-09-01
CITGQ,2006-10-01
CITGQ,2006-11-01
CITGQ,2006-12-01
CITGQ,2007-01-01
CITGQ,2007-02-01
CITGQ,2007-03-01
CITGQ,2007-04-01
CITGQ,2007-05-01
CITGQ,2007-06-01
CITGQ,2007-07-01
CITGQ,2007-08-01
CITGQ,2007-09-01
CITGQ,2007-10-01
CITGQ,2007-11-01
CITGQ,2007-12-01
CITGQ,2008-01-01
CITGQ,2008-02-01
CITGQ,2008-03-01
CITGQ,2008-04-01
CITGQ,2008-05-01
CITGQ,2008-06-01
CITGQ,2008-07-01
CITGQ,2008-08-01
CITGQ,2008-09-01
CITGQ,2008-10-01
CITGQ,2008-11-01
CITGQ,2008-12-01
CITGQ,2009-01-01
CITGQ,2009-02-01
CITGQ,2009-03-01
CITGQ,2009-04-01
CITGQ,2009-05-01
CITGQ,2009-06-01
CITGQ,2009-07-01
CMA,1996-02-01
CMA,1996-03-01
CMA,1996-04-01
CMA,1996-05-01
CMA,1996-06-01
CMA,1996-07-01
CMA,1996-08-01
CMA,1996-09-01
CMA,1996-10-01
CMA,1996-11-01
CMA,1996-12-01
CMA,1997-01-01
CMA,1997-02-01
CMA,1997-03-01
CMA,1997-04-01
CMA,1997-05-01
CMA,1997-06-01
CMA,1997-07-01
CMA,1997-08-01
CMA,1997-09-01
CMA,1997-10-01
CMA,1997-11-01
CMA,1997-12-01
CMA,1998-01-01
CMA,1998-02-01
CMA,1998-03-01
CMA,1998-04-01
CMA,1998-05-01
CMA,1998-06-01
CMA,1998-07-01
CMA,1998-08-01
CMA,1998-09-01
CMA,1998-10-01
CMA,1998-11-01
CMA,1998-12-01
CMA,1999-01-01
CMA,1999-02-01
CMA,1999-03-01
CMA,1999-04-01
CMA,1999-05-01
CMA,1999-06-01
CMA,1999-07-01
CMA,1999-08-01
CMA,1999-09-01
CMA,1999-10-01
CMA,1999-11-01
CMA,1999-12-01
CMA,2000-01-01
CMA,2000-02-01
CMA,2000-03-01
CMA,2000-04-01
CMA,2000-05-01
CMA,2000-06-01
CMA,2000-07-01
CMA,2000-08-01
CMA,2000-09-01
CMA,2000-10-01
CMA,2000-11-01
CMA,2000-12-01
CMA,2001-01-01
CMA,2001-02-01
CMA,2001-03-01
CMA,2001-04-01
CMA,2001-05-01
CMA,2001-06-01
CMA,2001-07-01
CMA,2001-08-01
CMA,2001-09-01
CMA,2001-10-01
CMA,2001-11-01
CMA,2001-12-01
CMA,2002-01-01
CMA,2002-02-01
CMA,2002-03-01
CMA,2002-04-01
CMA,2002-05-01
CMA,2002-06-01
CMA,2002-07-01
CMA,2002-08-01
CMA,2002-09-01
CMA,2002-10-01
CMA,2002-11-01
CMA,2002-12-01
CMA,2003-01-01
CMA,2003-02-01
CMA,2003-03-01
CMA,2003-04-01
CMA,2003-05-01
CMA,2003-06-01
CMA,2003-07-01
CMA,2003-08-01
CMA,2003-09-01
CMA,2003-10-01
CMA,2003-11-01
CMA,2003-12-01
CMA,2004-01-01
CMA,2004-02-01
CMA,2004-03-01
CMA,2004-04-01
CMA,2004-05-01
CMA,2004-06-01
CMA,2004-07-01
CMA,2004-08-01
CMA,2004-09-01
CMA,2004-10-01
CMA,2004-11-01
CMA,2004-12-01
CMA,2005-01-01
CMA,2005-02-01
CMA,2005-03-01
CMA,2005-04-01
CMA,2005-05-01
CMA,2005-06-01
CMA,2005-07-01
CMA,2005-08-01
CMA,2005-09-01
CMA,2005-10-01
CMA,2005-11-01
CMA,2005-12-01
CMA,2006-01-01
CMA,2006-02-01
CMA,2006-03-01
CMA,2006-04-01
CMA,2006-05-01
CMA,2006-06-01
CMA,2006-07-01
CMA,2006-08-01
CMA,2006-09-01
CMA,2006-10-01
CMA,2006-11-01
CMA,2006-12-01
CMA,2007-01-01
CMA,2007-02-01
CMA,2007-03-01
CMA,2007-04-01
CMA,2007-05-01
CMA,2007-06-01
CMA,2007-07-01
CMA,2007-08-01
CMA,2007-09-01
CMA,2007-10-01
CMA,2007-11-01
CMA,2007-12-01
CMA,2008-01-01
CMA,2008-02-01
CMA,2008-03-01
CMA,2008-04-01
CMA,2008-05-01
CMA,2008-06-01
CMA,2008-07-01
CMA,2008-08-01
CMA,2008-09-01
CMA,2008-10-01
CMA,2008-11-01
CMA,2008-12-01
CMA,2009-01-01
CMA,2009-02-01
CMA,2009-03-01
CMA,2009-04-01
CMA,2009-05-01
CMA,2009-06-01
CMA,2009-07-01
CMA,2009-08-01
CMA,2009-09-01
CMA,2009-10-01
CMA,2009-11-01
CMA,2009-12-01
CMA,2010-01-01
CMA,2010-02-01
CMA,2010-03-01
CMA,2010-04-01
CMA,2010-05-01
CMA,2010-06-01
CMA,2010-07-01
CMA,2010-08-01
CMA,2010-09-01
CMA,2010-10-01
CMA,2010-11-01
CMA,2010-12-01
CMA,2011-01-01
CMA,2011-02-01
CMA,2011-03-01
CMA,2011-04-01
CMA,2011-05-01
CMA,2011-06-01
CMA,2011-07-01
CMA,2011-08-01
CMA,2011-09-01
CMA,2011-10-01
CMA,2011-11-01
CMA,2011-12-01
CMA,2012-01-01
CMA,2012-02-01
CMA,2012-03-01
CMA,2012-04-01
CMA,2012-05-01
CMA,2012-06-01
CMA,2012-07-01
CMA,2012-08-01
CMA,2012-09-01
CMA,2012-10-01
CMA,2012-11-01
CMA,2012-12-01
CMA,2013-01-01
CMA,2013-02-01
CMA,2013-03-01
CMA,2013-04-01
CMA,2013-05-01
CMA,2013-06-01
CMA,2013-07-01
CMA,2013-08-01
CMA,2013-09-01
CMA,2013-10-01
CMA,2013-11-01
CMA,2013-12-01
CMA,2014-01-01
CMA,2014-02-01
CMA,2014-03-01
CMA,2014-04-01
CMA,2014-05-01
CMA,2014-06-01
CMA,2014-07-01
CMA,2014-08-01
CMA,2014-09-01
CMA,2014-10-01
CMA,2014-11-01
CMA,2014-12-01
CMA,2015-01-01
CMA,2015-02-01
CMA,2015-03-01
CMA,2015-04-01
CMA,2015-05-01
CMA,2015-06-01
CMA,2015-07-01
CMA,2015-08-01
CMA,2015-09-01
CMA,2015-10-01
CMA,2015-11-01
CMA,2015-12-01
CMA,2016-01-01
CMA,2016-02-01
CMA,2016-03-01
CMA,2016-04-01
CMA,2016-05-01
CMA,2016-06-01
CMA,2016-07-01
CMA,2016-08-01
CMA,2016-09-01
CMA,2016-10-01
CMA,2016-11-01
CMA,2016-12-01
CMA,2017-01-01
CMA,2017-02-01
CMA,2017-03-01
CMA,2017-04-01
CMA,2017-05-01
CMA,2017-06-01
CMA,2017-07-01
CMA,2017-08-01
CMA,2017-09-01
CMA,2017-10-01
CMA,2017-11-01
CMA,2017-12-01
CMA,2018-01-01
CMA,2018-02-01
CMA,2018-03-01
CMA,2018-04-01
CMA,2018-05-01
CMA,2018-06-01
CMA,2018-07-01
CMA,2018-08-01
CMA,2018-09-01
CMA,2018-10-01
CMA,2018-11-01
CMA,2018-12-01
CMA,2019-01-01
CMA,2019-02-01
CMA,2019-03-01
CMA,2019-04-01
CMA,2019-05-01
CMA,2019-06-01
CMA,2019-07-01
CMA,2019-08-01
CMA,2019-09-01
CMA,2019-10-01
CMA,2019-11-01
CMA,2019-12-01
CMA,2020-01-01
CMA,2020-02-01
CMA,2020-03-01
CMA,2020-04-01
CMA,2020-05-01
CMA,2020-06-01
CMA,2020-07-01
CMA,2020-08-01
CMA,2020-09-01
CMA,2020-10-01
CMA,2020-11-01
CMA,2020-12-01
CMA,2021-01-01
CMA,2021-02-01
CMA,2021-03-01
CMA,2021-04-01
CMA,2021-05-01
CMA,2021-06-01
CMA,2021-07-01
CMA,2021-08-01
CMA,2021-09-01
CMA,2021-10-01
CMA,2021-11-01
CMA,2021-12-01
CMA,2022-01-01
CMA,2022-02-01
CMA,2022-03-01
CMA,2022-04-01
CMA,2022-05-01
CMA,2022-06-01
CMA,2022-07-01
CMA,2022-08-01
CMA,2022-09-01
CMA,2022-10-01
CMA,2022-11-01
CMA,2022-12-01
CMA,2023-01-01
CMA,2023-02-01
CMA,2023-03-01
CMA,2023-04-01
CMA,2023-05-01
CMA,2023-06-01
CMA,2023-07-01
CMA,2023-08-01
CMA,2023-09-01
CMA,2023-10-01
CMA,2023-11-01
CMA,2023-12-01
CMA,2024-01-01
CMA,2024-02-01
CMA,2024-03-01
CMA,2024-04-01
CMA,2024-05-01
CMA,2024-06-01
CMB,1996-02-01
CMB,1996-03-01
CMCSK,2015-10-01
CMCSK,2015-11-01
CMCSK,2015-12-01
CMX,2004-04-01
CMX,2004-05-01
CMX,2004-06-01
CMX,2004-07-01
CMX,2004-08-01
CMX,2004-09-01
CMX,2004-10-01
CMX,2004-11-01
CMX,2004-12-01
CMX,2005-01-01
CMX,2005-02-01
CMX,2005-03-01
CMX,2005-04-01
CMX,2005-05-01
CMX,2005-06-01
CMX,2005-07-01
CMX,2005-08-01
CMX,2005-09-01
CMX,2005-10-01
CMX,2005-11-01
CMX,2005-12-01
CMX,2006-01-01
CMX,2006-02-01
CMX,2006-03-01
CMX,2006-04-01
CMX,2006-05-01
CMX,2006-06-01
CMX,2006-07-01
CMX,2006-08-01
CMX,2006-09-01
CMX,2006-10-01
CMX,2006-11-01
CMX,2006-12-01
CMX,2007-01-01
CMX,2007-02-01
CMX,2007-03-01
CNC,1997-02-01
CNC,1997-03-01
CNC,1997-04-01
CNC,1997-05-01
CNC,1997-06-01
CNC,1997-07-01
CNC,1997-08-01
CNC,1997-09-01
CNC,1997-10-01
CNC,1997-11-01
CNC,1997-12-01
CNC,1998-01-01
CNC,1998-02-01
CNC,1998-03-01
CNC,1998-04-01
CNC,1998-05-01
CNC,1998-06-01
CNC,1998-07-01
CNC,1998-08-01
CNC,1998-09-01
CNC,1998-10-01
CNC,1998-11-01
CNC,1998-12-01
CNC,1999-01-01
CNC,1999-02-01
CNC,1999-03-01
CNC,1999-04-01
CNC,1999-05-01
CNC,1999-06-01
CNC,1999-07-01
CNC,1999-08-01
CNC,1999-09-01
CNC,1999-10-01
CNC,1999-11-01
CNC,1999-12-01
CNC,2000-01-01
CNC,2000-02-01
CNC,2000-03-01
CNC,2000-04-01
CNC,2000-05-01
CNC,2000-06-01
CNC,2000-07-01
CNC,2000-08-01
CNC,2000-09-01
CNC,2000-10-01
CNC,2000-11-01
CNC,2000-12-01
CNC,2001-01-01
CNC,2001-02-01
CNC,2001-03-01
CNC,2001-04-01
CNC,2001-05-01
CNC,2001-06-01
CNC,2001-07-01
CNC,2001-08-01
CNC,2001-09-01
CNC,2001-10-01
CNC,2001-11-01
CNC,2001-12-01
CNC,2002-01-01
CNC,2002-02-01
CNC,2002-03-01
CNC,2002-04-01
CNC,2002-05-01
CNC,2002-06-01
CNC,2002-07-01
CNC,2016-04-01
CNC,2016-05-01
CNC,2016-06-01
CNC,2016-07-01
CNC,2016-08-01
CNC,2016-09-01
CNC,2016-10-01
CNC,2016-11-01
CNC,2016-12-01
CNC,2017-01-01
CNC,2017-02-01
CNC,2017-03-01
CNC,2017-04-01
CNC,2017-05-01
CNC,2017-06-01
CNC,2017-07-01
CNC,2017-08-01
CNC,2017-09-01
CNC,2017-10-01
CNC,2017-11-01
CNC,2017-12-01
CNC,2018-01-01
CNC,2018-02-01
CNC,2018-03-01
CNC,2018-04-01
CNC,2018-05-01
CNC,2018-06-01
CNC,2018-07-01
CNC,2018-08-01
CNC,2018-09-01
CNC,2018-10-01
CNC,2018-11-01
CNC,2018-12-01
CNC,2019-01-01
CNC,2019-02-01
CNC,2019-03-01
CNC,2019-04-01
CNC,2019-05-01
CNC,2019-06-01
CNC,2019-07-01
CNC,2019-08-01
CNC,2019-09-01
CNC,2019-10-01
CNC,2019-11-01
CNC,2019-12-01
CNC,2020-01-01
CNC,2020-02-01
CNC,2020-03-01
CNC,2020-04-01
CNC,2020-05-01
CNC,2020-06-01
CNC,2020-07-01
CNC,2020-08-01
CNC,2020-09-01
CNC,2020-10-01
CNC,2020-11-01
CNC,2020-12-01
CNC,2021-01-01
CNC,2021-02-01
CNC,2021-03-01
CNC,2021-04-01
CNC,2021-05-01
CNC,2021-06-01
CNC,2021-07-01
CNC,2021-08-01
CNC,2021-09-01
CNC,2021-10-01
CNC,2021-11-01
CNC,2021-12-01
CNC,2022-01-01
CNC,2022-02-01
CNC,2022-03-01
CNC,2022-04-01
CNC,2022-05-01
CNC,2022-06-01
CNC,2022-07-01
CNC,2022-08-01
CNC,2022-09-01
CNC,2022-10-01
CNC,2022-11-01
CNC,2022-12-01
CNC,2023-01-01
CNC,2023-02-01
CNC,2023-03-01
CNC,2023-04-01
CNC,2023-05-01
CNC,2023-06-01
CNC,2023-07-01
CNC,2023-08-01
CNC,2023-09-01
CNC,2023-10-01
CNC,2023-11-01
CNC,2023-12-01
CNC,2024-01-01
CNC,2024-02-01
CNC,2024-03-01
CNC,2024-04-01
CNC,2024-05-01
CNC,2024-06-01
CNC,2024-07-01
CNC,2024-08-01
CNC,2024-09-01
CNC,2024-10-01
CNC,2024-11-01
CNC,2024-12-01
CNC,2025-01-01
CNC,2025-02-01
CNC,2025-03-01
CNC,2025-04-01
CNC,2025-05-01
CNG,1996-02-01
CNG,1996-03-01
CNG,1996-04-01
CNG,1996-05-01
CNG,1996-06-01
CNG,1996-07-01
CNG,1996-08-01
CNG,1996-09-01
CNG,1996-10-01
CNG,1996-11-01
CNG,1996-12-01
CNG,1997-01-01
CNG,1997-02-01
CNG,1997-03-01
CNG,1997-04-01
CNG,1997-05-01
CNG,1997-06-01
CNG,1997-07-01
CNG,1997-08-01
CNG,1997-09-01
CNG,1997-10-01
CNG,1997-11-01
CNG,1997-12-01
CNG,1998-01-01
CNG,1998-02-01
CNG,1998-03-01
CNG,1998-04-01
CNG,1998-05-01
CNG,1998-06-01
CNG,1998-07-01
CNG,1998-08-01
CNG,1998-09-01
CNG,1998-10-01
CNG,1998-11-01
CNG,1998-12-01
CNG,1999-01-01
CNG,1999-02-01
CNG,1999-03-01
CNG,1999-04-01
CNG,1999-05-01
CNG,1999-06-01
CNG,1999-07-01
CNG,1999-08-01
CNG,1999-09-01
CNG,1999-10-01
CNG,1999-11-01
CNG,1999-12-01
CNG,2000-01-01
CNW,1996-02-01
CNW,1996-03-01
CNW,1996-04-01
CNW,1996-05-01
CNW,1996-06-01
CNW,1996-07-01
CNW,1996-08-01
CNW,1996-09-01
CNW,1996-10-01
CNW,1996-11-01
CNW,1996-12-01
CNXT,2000-02-01
CNXT,2000-03-01
CNXT,2000-04-01
CNXT,2000-05-01
CNXT,2000-06-01
CNXT,2000-07-01
CNXT,2000-08-01
CNXT,2000-09-01
CNXT,2000-10-01
CNXT,2000-11-01
CNXT,2000-12-01
CNXT,2001-01-01
CNXT,2001-02-01
CNXT,2001-03-01
CNXT,2001-04-01
CNXT,2001-05-01
CNXT,2001-06-01
CNXT,2001-07-01
CNXT,2001-08-01
CNXT,2001-09-01
CNXT,2001-10-01
CNXT,2001-11-01
CNXT,2001-12-01
CNXT,2002-01-01
CNXT,2002-02-01
CNXT,2002-03-01
CNXT,2002-04-01
CNXT,2002-05-01
CNXT,2002-06-01
COC-B,1999-09-01
COC-B,1999-10-01
COC-B,1999-11-01
COC-B,1999-12-01
COC-B,2000-01-01
COC-B,2000-02-01
COC-B,2000-03-01
COC-B,2000-04-01
COC-B,2000-05-01
COC-B,2000-06-01
COC-B,2000-07-01
COC-B,2000-08-01
COC-B,2000-09-01
COC-B,2000-10-01
COC-B,2000-11-01
COC-B,2000-12-01
COC-B,2001-01-01
COC-B,2001-02-01
COC-B,2001-03-01
COC-B,2001-04-01
COC-B,2001-05-01
COC-B,2001-06-01
COC-B,2001-07-01
COC-B,2001-08-01
COC-B,2001-09-01
COC-B,2001-10-01
COC-B,2001-11-01
COC-B,2001-12-01
COC-B,2002-01-01
COC-B,2002-02-01
COC-B,2002-03-01
COC-B,2002-04-01
COC-B,2002-05-01
COC-B,2002-06-01
COC-B,2002-07-01
COC-B,2002-08-01
COC-B,2002-09-01
COG,2008-07-01
COG,2008-08-01
COG,2008-09-01
COG,2008-10-01
COG,2008-11-01
COG,2008-12-01
COG,2009-01-01
COG,2009-02-01
COG,2009-03-01
COG,2009-04-01
COG,2009-05-01
COG,2009-06-01
COG,2009-07-01
COG,2009-08-01
COG,2009-09-01
COG,2009-10-01
COG,2009-11-01
COG,2009-12-01
COG,2010-01-01
COG,2010-02-01
COG,2010-03-01
COG,2010-04-01
COG,2010-05-01
COG,2010-06-01
COG,2010-07-01
COG,2010-08-01
COG,2010-09-01
COG,2010-10-01
COG,2010-11-01
COG,2010-12-01
COG,2011-01-01
COG,2011-02-01
COG,2011-03-01
COG,2011-04-01
COG,2011-05-01
COG,2011-06-01
COG,2011-07-01
COG,2011-08-01
COG,2011-09-01
COG,2011-10-01
COG,2011-11-01
COG,2011-12-01
COG,2012-01-01
COG,2012-02-01
COG,2012-03-01
COG,2012-04-01
COG,2012-05-01
COG,2012-06-01
COG,2012-07-01
COG,2012-08-01
COG,2012-09-01
COG,2012-10-01
COG,2012-11-01
COG,2012-12-01
COG,2013-01-01
COG,2013-02-01
COG,2013-03-01
COG,2013-04-01
COG,2013-05-01
COG,2013-06-01
COG,2013-07-01
COG,2013-08-01
COG,2013-09-01
COG,2013-10-01
COG,2013-11-01
COG,2013-12-01
COG,2014-01-01
COG,2014-02-01
COG,2014-03-01
COG,2014-04-01
COG,2014-05-01
COG,2014-06-01
COG,2014-07-01
COG,2014-08-01
COG,2014-09-01
COG,2014-10-01
COG,2014-11-01
COG,2014-12-01
COG,2015-01-01
COG,2015-02-01
COG,2015-03-01
COG,2015-04-01
COG,2015-05-01
COG,2015-06-01
COG,2015-07-01
COG,2015-08-01
COG,2015-09-01
COG,2015-10-01
COG,2015-11-01
COG,2015-12-01
COG,2016-01-01
COG,2016-02-01
COG,2016-03-01
COG,2016-04-01
COG,2016-05-01
COG,2016-06-01
COG,2016-07-01
COG,2016-08-01
COG,2016-09-01
COG,2016-10-01
COG,2016-11-01
COG,2016-12-01
COG,2017-01-01
COG,2017-02-01
COG,2017-03-01
COG,2017-04-01
COG,2017-05-01
COG,2017-06-01
COG,2017-07-01
COG,2017-08-01
COG,2017-09-01
COG,2017-10-01
COG,2017-11-01
COG,2017-12-01
COG,2018-01-01
COG,2018-02-01
COG,2018-03-01
COG,2018-04-01
COG,2018-05-01
COG,2018-06-01
COG,2018-07-01
COG,2018-08-01
COG,2018-09-01
COG,2018-10-01
COG,2018-11-01
COG,2018-12-01
COG,2019-01-01
COG,2019-02-01
COG,2019-03-01
COG,2019-04-01
COG,2019-05-01
COG,2019-06-01
COG,2019-07-01
COG,2019-08-01
COG,2019-09-01
COG,2019-10-01
COG,2019-11-01
COG,2019-12-01
COG,2020-01-01
COG,2020-02-01
COG,2020-03-01
COG,2020-04-01
COG,2020-05-01
COG,2020-06-01
COG,2020-07-01
COG,2020-08-01
COG,2020-09-01
COG,2020-10-01
COG,2020-11-01
COG,2020-12-01
COG,2021-01-01
COG,2021-02-01
COG,2021-03-01
COG,2021-04-01
COG,2021-05-01
COG,2021-06-01
COG,2021-07-01
COG,2021-08-01
COG,2021-09-01
COG,2021-10-01
COL,2001-08-01
COL,2001-09-01
COL,2001-10-01
COL,2001-11-01
COL,2001-12-01
COL,2002-01-01
COL,2002-02-01
COL,2002-03-01
COL,2002-04-01
COL,2002-05-01
COL,2002-06-01
COL,2002-07-01
COL,2002-08-01
COL,2002-09-01
COL,2002-10-01
COL,2002-11-01
COL,2002-12-01
COL,2003-01-01
COL,2003-02-01
COL,2003-03-01
COL,2003-04-01
COL,2003-05-01
COL,2003-06-01
COL,2003-07-01
COL,2003-08-01
COL,2003-09-01
COL,2003-10-01
COL,2003-11-01
COL,2003-12-01
COL,2004-01-01
COL,2004-02-01
COL,2004-03-01
COL,2004-04-01
COL,2004-05-01
COL,2004-06-01
COL,2004-07-01
COL,2004-08-01
COL,2004-09-01
COL,2004-10-01
COL,2004-11-01
COL,2004-12-01
COL,2005-01-01
COL,2005-02-01
COL,2005-03-01
COL,2005-04-01
COL,2005-05-01
COL,2005-06-01
COL,2005-07-01
COL,2005-08-01
COL,2005-09-01
COL,2005-10-01
COL,2005-11-01
COL,2005-12-01
COL,2006-01-01
COL,2006-02-01
COL,2006-03-01
COL,2006-04-01
COL,2006-05-01
COL,2006-06-01
COL,2006-07-01
COL,2006-08-01
COL,2006-09-01
COL,2006-10-01
COL,2006-11-01
COL,2006-12-01
COL,2007-01-01
COL,2007-02-01
COL,2007-03-01
COL,2007-04-01
COL,2007-05-01
COL,2007-06-01
COL,2007-07-01
COL,2007-08-01
COL,2007-09-01
COL,2007-10-01
COL,2007-11-01
COL,2007-12-01
COL,2008-01-01
COL,2008-02-01
COL,2008-03-01
COL,2008-04-01
COL,2008-05-01
COL,2008-06-01
COL,2008-07-01
COL,2008-08-01
COL,2008-09-01
COL,2008-10-01
COL,2008-11-01
COL,2008-12-01
COL,2009-01-01
COL,2009-02-01
COL,2009-03-01
COL,2009-04-01
COL,2009-05-01
COL,2009-06-01
COL,2009-07-01
COL,2009-08-01
COL,2009-09-01
COL,2009-10-01
COL,2009-11-01
COL,2009-12-01
COL,2010-01-01
COL,2010-02-01
COL,2010-03-01
COL,2010-04-01
COL,2010-05-01
COL,2010-06-01
COL,2010-07-01
COL,2010-08-01
COL,2010-09-01
COL,2010-10-01
COL,2010-11-01
COL,2010-12-01
COL,2011-01-01
COL,2011-02-01
COL,2011-03-01
COL,2011-04-01
COL,2011-05-01
COL,2011-06-01
COL,2011-07-01
COL,2011-08-01
COL,2011-09-01
COL,2011-10-01
COL,2011-11-01
COL,2011-12-01
COL,2012-01-01
COL,2012-02-01
COL,2012-03-01
COL,2012-04-01
COL,2012-05-01
COL,2012-06-01
COL,2012-07-01
COL,2012-08-01
COL,2012-09-01
COL,2012-10-01
COL,2012-11-01
COL,2012-12-01
COL,2013-01-01
COL,2013-02-01
COL,2013-03-01
COL,2013-04-01
COL,2013-05-01
COL,2013-06-01
COL,2013-07-01
COL,2013-08-01
COL,2013-09-01
COL,2013-10-01
COL,2013-11-01
COL,2013-12-01
COL,2014-01-01
COL,2014-02-01
COL,2014-03-01
COL,2014-04-01
COL,2014-05-01
COL,2014-06-01
COL,2014-07-01
COL,2014-08-01
COL,2014-09-01
COL,2014-10-01
COL,2014-11-01
COL,2014-12-01
COL,2015-01-01
COL,2015-02-01
COL,2015-03-01
COL,2015-04-01
COL,2015-05-01
COL,2015-06-01
COL,2015-07-01
COL,2015-08-01
COL,2015-09-01
COL,2015-10-01
COL,2015-11-01
COL,2015-12-01
COL,2016-01-01
COL,2016-02-01
COL,2016-03-01
COL,2016-04-01
COL,2016-05-01
COL,2016-06-01
COL,2016-07-01
COL,2016-08-01
COL,2016-09-01
COL,2016-10-01
COL,2016-11-01
COL,2016-12-01
COL,2017-01-01
COL,2017-02-01
COL,2017-03-01
COL,2017-04-01
COL,2017-05-01
COL,2017-06-01
COL,2017-07-01
COL,2017-08-01
COL,2017-09-01
COL,2017-10-01
COL,2017-11-01
COL,2017-12-01
COL,2018-01-01
COL,2018-02-01
COL,2018-03-01
COL,2018-04-01
COL,2018-05-01
COL,2018-06-01
COL,2018-07-01
COL,2018-08-01
COL,2018-09-01
COL,2018-10-01
COL,2018-11-01
COMS,1996-02-01
COMS,1996-03-01
COMS,1996-04-01
COMS,1996-05-01
COMS,1996-06-01
COMS,1996-07-01
COMS,1996-08-01
COMS,1996-09-01
COMS,1996-10-01
COMS,1996-11-01
COMS,1996-12-01
COMS,1997-01-01
COMS,1997-02-01
COMS,1997-03-01
COMS,1997-04-01
COMS,1997-05-01
COMS,1997-06-01
COMS,1997-07-01
COMS,1997-08-01
COMS,1997-09-01
COMS,1997-10-01
COMS,1997-11-01
COMS,1997-12-01
COMS,1998-01-01
COMS,1998-02-01
COMS,1998-03-01
COMS,1998-04-01
COMS,1998-05-01
COMS,1998-06-01
COMS,1998-07-01
COMS,1998-08-01
COMS,1998-09-01
COMS,1998-10-01
COMS,1998-11-01
COMS,1998-12-01
COMS,1999-01-01
COMS,1999-02-01
COMS,1999-03-01
COMS,1999-04-01
COMS,1999-05-01
COMS,1999-06-01
COMS,1999-07-01
COMS,1999-08-01
COMS,1999-09-01
COMS,1999-10-01
COMS,1999-11-01
COMS,1999-12-01
COMS,2000-01-01
COMS,2000-02-01
COMS,2000-03-01
COMS,2000-04-01
COMS,2000-05-01
COMS,2000-06-01
COMS,2000-07-01
COV,1996-02-01
COV,1996-03-01
COV,1996-04-01
COV,1996-05-01
COV,1996-06-01
COV,1996-07-01
COV,1996-08-01
COV,2007-08-01
COV,2007-09-01
COV,2007-10-01
COV,2007-11-01
COV,2007-12-01
COV,2008-01-01
COV,2008-02-01
COV,2008-03-01
COV,2008-04-01
COV,2008-05-01
COV,2008-06-01
COV,2008-07-01
COV,2008-08-01
COV,2008-09-01
COV,2008-10-01
COV,2008-11-01
COV,2008-12-01
COV,2009-01-01
COV,2009-02-01
COV,2009-03-01
COV,2009-04-01
COV,2009-05-01
COV,2009-06-01
COV,2011-03-01
COV,2011-04-01
COV,2011-05-01
COV,2011-06-01
COV,2011-07-01
COV,2011-08-01
COV,2011-09-01
COV,2011-10-01
COV,2011-11-01
COV,2011-12-01
COV,2012-01-01
COV,2012-02-01
COV,2012-03-01
COV,2012-04-01
COV,2012-05-01
COV,2012-06-01
COV,2012-07-01
COV,2012-08-01
COV,2012-09-01
COV,2012-10-01
COV,2012-11-01
COV,2012-12-01
COV,2013-01-01
COV,2013-02-01
COV,2013-03-01
COV,2013-04-01
COV,2013-05-01
COV,2013-06-01
COV,2013-07-01
COV,2013-08-01
COV,2013-09-01
COV,2013-10-01
COV,2013-11-01
COV,2013-12-01
COV,2014-01-01
COV,2014-02-01
COV,2014-03-01
COV,2014-04-01
COV,2014-05-01
COV,2014-06-01
COV,2014-07-01
COV,2014-08-01
COV,2014-09-01
COV,2014-10-01
COV,2014-11-01
COV,2014-12-01
COV,2015-01-01
CPGX,2015-08-01
CPGX,2015-09-01
CPGX,2015-10-01
CPGX,2015-11-01
CPGX,2015-12-01
CPGX,2016-01-01
CPGX,2016-02-01
CPGX,2016-03-01
CPGX,2016-04-01
CPGX,2016-05-01
CPGX,2016-06-01
CPNLQ,2000-12-01
CPNLQ,2001-01-01
CPNLQ,2001-02-01
CPNLQ,2001-03-01
CPNLQ,2001-04-01
CPNLQ,2001-05-01
CPNLQ,2001-06-01
CPNLQ,2001-07-01
CPNLQ,2001-08-01
CPNLQ,2001-09-01
CPNLQ,2001-10-01
CPNLQ,2001-11-01
CPNLQ,2001-12-01
CPNLQ,2002-01-01
CPNLQ,2002-02-01
CPNLQ,2002-03-01
CPNLQ,2002-04-01
CPNLQ,2002-05-01
CPNLQ,2002-06-01
CPNLQ,2002-07-01
CPNLQ,2002-08-01
CPNLQ,2002-09-01
CPNLQ,2002-10-01
CPNLQ,2002-11-01
CPNLQ,2002-12-01
CPNLQ,2003-01-01
CPNLQ,2003-02-01
CPNLQ,2003-03-01
CPNLQ,2003-04-01
CPNLQ,2003-05-01
CPNLQ,2003-06-01
CPNLQ,2003-07-01
CPNLQ,2003-08-01
CPNLQ,2003-09-01
CPNLQ,2003-10-01
CPNLQ,2003-11-01
CPNLQ,2003-12-01
CPNLQ,2004-01-01
CPNLQ,2004-02-01
CPNLQ,2004-03-01
CPNLQ,2004-04-01
CPNLQ,2004-05-01
CPNLQ,2004-06-01
CPNLQ,2004-07-01
CPNLQ,2004-08-01
CPNLQ,2004-09-01
CPNLQ,2004-10-01
CPNLQ,2004-11-01
CPNLQ,2004-12-01
CPNLQ,2005-01-01
CPNLQ,2005-02-01
CPNLQ,2005-03-01
CPNLQ,2005-04-01
CPNLQ,2005-05-01
CPNLQ,2005-06-01
CPNLQ,2005-07-01
CPNLQ,2005-08-01
CPNLQ,2005-09-01
CPNLQ,2005-10-01
CPNLQ,2005-11-01
CPNLQ,2005-12-01
CPQ,1996-02-01
CPQ,1996-03-01
CPQ,1996-04-01
CPQ,1996-05-01
CPQ,1996-06-01
CPQ,1996-07-01
CPQ,1996-08-01
CPQ,1996-09-01
CPQ,1996-10-01
CPQ,1996-11-01
CPQ,1996-12-01
CPQ,1997-01-01
CPQ,1997-02-01
CPQ,1997-03-01
CPQ,1997-04-01
CPQ,1997-05-01
CPQ,1997-06-01
CPQ,1997-07-01
CPQ,1997-08-01
CPQ,1997-09-01
CPQ,1997-10-01
CPQ,1997-11-01
CPQ,1997-12-01
CPQ,1998-01-01
CPQ,1998-02-01
CPQ,1998-03-01
CPQ,1998-04-01
CPQ,1998-05-01
CPQ,1998-06-01
CPQ,1998-07-01
CPQ,1998-08-01
CPQ,1998-09-01
CPQ,1998-10-01
CPQ,1998-11-01
CPQ,1998-12-01
CPQ,1999-01-01
CPQ,1999-02-01
CPQ,1999-03-01
CPQ,1999-04-01
CPQ,1999-05-01
CPQ,1999-06-01
CPQ,1999-07-01
CPQ,1999-08-01
CPQ,1999-09-01
CPQ,1999-10-01
CPQ,1999-11-01
CPQ,1999-12-01
CPQ,2000-01-01
CPQ,2000-02-01
CPQ,2000-03-01
CPQ,2000-04-01
CPQ,2000-05-01
CPQ,2000-06-01
CPQ,2000-07-01
CPQ,2000-08-01
CPQ,2000-09-01
CPQ,2000-10-01
CPQ,2000-11-01
CPQ,2000-12-01
CPQ,2001-01-01
CPQ,2001-02-01
CPQ,2001-03-01
CPQ,2001-04-01
CPQ,2001-05-01
CPQ,2001-06-01
CPQ,2001-07-01
CPQ,2001-08-01
CPQ,2001-09-01
CPQ,2001-10-01
CPQ,2001-11-01
CPQ,2001-12-01
CPQ,2002-01-01
CPQ,2002-02-01
CPQ,2002-03-01
CPQ,2002-04-01
CPQ,2002-05-01
CPWR,1999-02-01
CPWR,1999-03-01
CPWR,1999-04-01
CPWR,1999-05-01
CPWR,1999-06-01
CPWR,1999-07-01
CPWR,1999-08-01
CPWR,1999-09-01
CPWR,1999-10-01
CPWR,1999-11-01
CPWR,1999-12-01
CPWR,2000-01-01
CPWR,2000-02-01
CPWR,2000-03-01
CPWR,2000-04-01
CPWR,2000-05-01
CPWR,2000-06-01
CPWR,2000-07-01
CPWR,2000-08-01
CPWR,2000-09-01
CPWR,2000-10-01
CPWR,2000-11-01
CPWR,2000-12-01
CPWR,2001-01-01
CPWR,2001-02-01
CPWR,2001-03-01
CPWR,2001-04-01
CPWR,2001-05-01
CPWR,2001-06-01
CPWR,2001-07-01
CPWR,2001-08-01
CPWR,2001-09-01
CPWR,2001-10-01
CPWR,2001-11-01
CPWR,2001-12-01
CPWR,2002-01-01
CPWR,2002-02-01
CPWR,2002-03-01
CPWR,2002-04-01
CPWR,2002-05-01
CPWR,2002-06-01
CPWR,2002-07-01
CPWR,2002-08-01
CPWR,2002-09-01
CPWR,2002-10-01
CPWR,2002-11-01
CPWR,2002-12-01
CPWR,2003-01-01
CPWR,2003-02-01
CPWR,2003-03-01
CPWR,2003-04-01
CPWR,2003-05-01
CPWR,2003-06-01
CPWR,2003-07-01
CPWR,2003-08-01
CPWR,2003-09-01
CPWR,2003-10-01
CPWR,2003-11-01
CPWR,2003-12-01
CPWR,2004-01-01
CPWR,2004-02-01
CPWR,2004-03-01
CPWR,2004-04-01
CPWR,2004-05-01
CPWR,2004-06-01
CPWR,2004-07-01
CPWR,2004-08-01
CPWR,2004-09-01
CPWR,2004-10-01
CPWR,2004-11-01
CPWR,2004-12-01
CPWR,2005-01-01
CPWR,2005-02-01
CPWR,2005-03-01
CPWR,2005-04-01
CPWR,2005-05-01
CPWR,2005-06-01
CPWR,2005-07-01
CPWR,2005-08-01
CPWR,2005-09-01
CPWR,2005-10-01
CPWR,2005-11-01
CPWR,2005-12-01
CPWR,2006-01-01
CPWR,2006-02-01
CPWR,2006-03-01
CPWR,2006-04-01
CPWR,2006-05-01
CPWR,2006-06-01
CPWR,2006-07-01
CPWR,2006-08-01
CPWR,2006-09-01
CPWR,2006-10-01
CPWR,2006-11-01
CPWR,2006-12-01
CPWR,2007-01-01
CPWR,2007-02-01
CPWR,2007-03-01
CPWR,2007-04-01
CPWR,2007-05-01
CPWR,2007-06-01
CPWR,2007-07-01
CPWR,2007-08-01
CPWR,2007-09-01
CPWR,2007-10-01
CPWR,2007-11-01
CPWR,2007-12-01
CPWR,2008-01-01
CPWR,2008-02-01
CPWR,2008-03-01
CPWR,2008-04-01
CPWR,2008-05-01
CPWR,2008-06-01
CPWR,2008-07-01
CPWR,2008-08-01
CPWR,2008-09-01
CPWR,2008-10-01
CPWR,2008-11-01
CPWR,2008-12-01
CPWR,2009-01-01
CPWR,2009-02-01
CPWR,2009-03-01
CPWR,2009-04-01
CPWR,2009-05-01
CPWR,2009-06-01
CPWR,2009-07-01
CPWR,2009-08-01
CPWR,2009-09-01
CPWR,2009-10-01
CPWR,2009-11-01
CPWR,2009-12-01
CPWR,2010-01-01
CPWR,2010-02-01
CPWR,2010-03-01
CPWR,2010-04-01
CPWR,2010-05-01
CPWR,2010-06-01
CPWR,2010-07-01
CPWR,2010-08-01
CPWR,2010-09-01
CPWR,2010-10-01
CPWR,2010-11-01
CPWR,2010-12-01
CPWR,2011-01-01
CPWR,2011-02-01
CPWR,2011-03-01
CPWR,2011-04-01
CPWR,2011-05-01
CPWR,2011-06-01
CPWR,2011-07-01
CPWR,2011-08-01
CPWR,2011-09-01
CPWR,2011-10-01
CPWR,2011-11-01
CPWR,2011-12-01
CPWR,2012-01-01
CR,1996-02-01
CR,1996-03-01
CR,1996-04-01
CR,1996-05-01
CR,1996-06-01
CR,1996-07-01
CR,1996-08-01
CR,1996-09-01
CR,1996-10-01
CR,1996-11-01
CR,1996-12-01
CR,1997-01-01
CR,1997-02-01
CR,1997-03-01
CR,1997-04-01
CR,1997-05-01
CR,1997-06-01
CR,1997-07-01
CR,1997-08-01
CR,1997-09-01
CR,1997-10-01
CR,1997-11-01
CR,1997-12-01
CR,1998-01-01
CR,1998-02-01
CR,1998-03-01
CR,1998-04-01
CR,1998-05-01
CR,1998-06-01
CR,1998-07-01
CR,1998-08-01
CR,1998-09-01
CR,1998-10-01
CR,1998-11-01
CR,1998-12-01
CR,1999-01-01
CR,1999-02-01
CR,1999-03-01
CR,1999-04-01
CR,1999-05-01
CR,1999-06-01
CR,1999-07-01
CR,1999-08-01
CR,1999-09-01
CR,1999-10-01
CR,1999-11-01
CR,1999-12-01
CR,2000-01-01
CR,2000-02-01
CR,2000-03-01
CR,2000-04-01
CR,2000-05-01
CR,2000-06-01
CR,2000-07-01
CR,2000-08-01
CR,2000-09-01
CR,2000-10-01
CR,2000-11-01
CR,2000-12-01
CR,2001-01-01
CR,2001-02-01
CR,2001-03-01
CR,2001-04-01
CR,2001-05-01
CR,2001-06-01
CR,2001-07-01
CR,2001-08-01
CR,2001-09-01
CR,2001-10-01
CR,2001-11-01
CR,2001-12-01
CR,2002-01-01
CR,2002-02-01
CR,2002-03-01
CR,2002-04-01
CR,2002-05-01
CR,2002-06-01
CR,2002-07-01
CR,2002-08-01
CR,2002-09-01
CR,2002-10-01
CR,2002-11-01
CR,2002-12-01
CR,2003-01-01
CR,2003-02-01
CR,2003-03-01
CR,2003-04-01
CR,2003-05-01
CR,2003-06-01
CR,2003-07-01
CR,2003-08-01
CR,2003-09-01
CR,2003-10-01
CR,2003-11-01
CR,2003-12-01
CR,2004-01-01
CR,2004-02-01
CR,2004-03-01
CR,2004-04-01
CR,2004-05-01
CR,2004-06-01
CR,2004-07-01
CR,2004-08-01
CR,2004-09-01
CR,2004-10-01
CR,2004-11-01
CR,2004-12-01
CRR,1996-02-01
CRR,1996-03-01
CRR,1996-04-01
CRR,1996-05-01
CRR,1996-06-01
CRR,1996-07-01
CRR,1996-08-01
CRR,1996-09-01
CRR,1996-10-01
CRR,1996-11-01
CRR,1996-12-01
CRR,1997-01-01
CRR,1997-02-01
CRR,1997-03-01
CRR,1997-04-01
CRR,1997-05-01
CSE,1996-02-01
CSE,1996-03-01
CSE,1996-04-01
CSE,1996-05-01
CSE,1996-06-01
CSE,1996-07-01
CSE,1996-08-01
CSE,1996-09-01
CSE,1996-10-01
CSE,1996-11-01
CSE,1996-12-01
CSE,1997-01-01
CSE,1997-02-01
CSE,1997-03-01
CSE,1997-04-01
CSE,1997-05-01
CSE,1997-06-01
CSE,1997-07-01
CSE,1997-08-01
CSE,1997-09-01
CSE,1997-10-01
CSE,1997-11-01
CSE,1997-12-01
CSE,1998-01-01
CSE,1998-02-01
CSE,1998-03-01
CSE,1998-04-01
CSE,1998-05-01
CSE,1998-06-01
CSE,1998-07-01
CSE,1998-08-01
CSE,1998-09-01
CSE,1998-10-01
CSE,1998-11-01
CSE,1998-12-01
CSE,1999-01-01
CSE,1999-02-01
CSE,1999-03-01
CSE,1999-04-01
CSE,1999-05-01
CSE,1999-06-01
CSE,1999-07-01
CSE,1999-08-01
CSE,1999-09-01
CSE,1999-10-01
CSE,1999-11-01
CSR,1996-02-01
CSR,1996-03-01
CSR,1996-04-01
CSR,1996-05-01
CSR,1996-06-01
CSR,1996-07-01
CSR,1996-08-01
CSR,1996-09-01
CSR,1996-10-01
CSR,1996-11-01
CSR,1996-12-01
CSR,1997-01-01
CSR,1997-02-01
CSR,1997-03-01
CSR,1997-04-01
CSR,1997-05-01
CSR,1997-06-01
CSR,1997-07-01
CSR,1997-08-01
CSR,1997-09-01
CSR,1997-10-01
CSR,1997-11-01
CSR,1997-12-01
CSR,1998-01-01
CSR,1998-02-01
CSR,1998-03-01
CSR,1998-04-01
CSR,1998-05-01
CSR,1998-06-01
CSR,1998-07-01
CSR,1998-08-01
CSR,1998-09-01
CSR,1998-10-01
CSR,1998-11-01
CSR,1998-12-01
CSR,1999-01-01
CSR,1999-02-01
CSR,1999-03-01
CSR,1999-04-01
CSR,1999-05-01
CSR,1999-06-01
CSR,1999-07-01
CSR,1999-08-01
CSR,1999-09-01
CSR,1999-10-01
CSR,1999-11-01
CSR,1999-12-01
CSR,2000-01-01
CSR,2000-02-01
CSR,2000-03-01
CSR,2000-04-01
CSR,2000-05-01
CSR,2000-06-01
CSRA,2015-12-01
CSRA,2016-01-01
CSRA,2016-02-01
CSRA,2016-03-01
CSRA,2016-04-01
CSRA,2016-05-01
CSRA,2016-06-01
CSRA,2016-07-01
CSRA,2016-08-01
CSRA,2016-09-01
CSRA,2016-10-01
CSRA,2016-11-01
CSRA,2016-12-01
CSRA,2017-01-01
CSRA,2017-02-01
CSRA,2017-03-01
CSRA,2017-04-01
CSRA,2017-05-01
CSRA,2017-06-01
CSRA,2017-07-01
CSRA,2017-08-01
CSRA,2017-09-01
CSRA,2017-10-01
CSRA,2017-11-01
CSRA,2017-12-01
CSRA,2018-01-01
CSRA,2018-02-01
CSRA,2018-03-01
CSRA,2018-04-01
CTB,1996-02-01
CTB,1996-03-01
CTB,1996-04-01
CTB,1996-05-01
CTB,1996-06-01
CTB,1996-07-01
CTB,1996-08-01
CTB,1996-09-01
CTB,1996-10-01
CTB,1996-11-01
CTB,1996-12-01
CTB,1997-01-01
CTB,1997-02-01
CTB,1997-03-01
CTB,1997-04-01
CTB,1997-05-01
CTB,1997-06-01
CTB,1997-07-01
CTB,1997-08-01
CTB,1997-09-01
CTB,1997-10-01
CTB,1997-11-01
CTB,1997-12-01
CTB,1998-01-01
CTB,1998-02-01
CTB,1998-03-01
CTB,1998-04-01
CTB,1998-05-01
CTB,1998-06-01
CTB,1998-07-01
CTB,1998-08-01
CTB,1998-09-01
CTB,1998-10-01
CTB,1998-11-01
CTB,1998-12-01
CTB,1999-01-01
CTB,1999-02-01
CTB,1999-03-01
CTB,1999-04-01
CTB,1999-05-01
CTB,1999-06-01
CTB,1999-07-01
CTB,1999-08-01
CTB,1999-09-01
CTB,1999-10-01
CTB,1999-11-01
CTB,1999-12-01
CTB,2000-01-01
CTB,2000-02-01
CTB,2000-03-01
CTB,2000-04-01
CTB,2000-05-01
CTB,2000-06-01
CTB,2000-07-01
CTB,2000-08-01
CTB,2000-09-01
CTB,2000-10-01
CTB,2000-11-01
CTB,2000-12-01
CTB,2001-01-01
CTB,2001-02-01
CTB,2001-03-01
CTB,2001-04-01
CTB,2001-05-01
CTB,2001-06-01
CTB,2001-07-01
CTB,2001-08-01
CTB,2001-09-01
CTB,2001-10-01
CTB,2001-11-01
CTB,2001-12-01
CTB,2002-01-01
CTB,2002-02-01
CTB,2002-03-01
CTB,2002-04-01
CTB,2002-05-01
CTB,2002-06-01
CTB,2002-07-01
CTB,2002-08-01
CTB,2002-09-01
CTB,2002-10-01
CTB,2002-11-01
CTB,2002-12-01
CTB,2003-01-01
CTB,2003-02-01
CTB,2003-03-01
CTB,2003-04-01
CTB,2003-05-01
CTB,2003-06-01
CTB,2003-07-01
CTB,2003-08-01
CTB,2003-09-01
CTB,2003-10-01
CTB,2003-11-01
CTB,2003-12-01
CTB,2004-01-01
CTB,2004-02-01
CTB,2004-03-01
CTB,2004-04-01
CTB,2004-05-01
CTB,2004-06-01
CTB,2004-07-01
CTB,2004-08-01
CTB,2004-09-01
CTB,2004-10-01
CTB,2004-11-01
CTB,2004-12-01
CTB,2005-01-01
CTB,2005-02-01
CTB,2005-03-01
CTB,2005-04-01
CTB,2005-05-01
CTB,2005-06-01
CTB,2005-07-01
CTB,2005-08-01
CTB,2005-09-01
CTB,2005-10-01
CTB,2005-11-01
CTB,2005-12-01
CTB,2006-01-01
CTB,2006-02-01
CTB,2006-03-01
CTB,2006-04-01
CTB,2006-05-01
CTB,2006-06-01
CTB,2006-07-01
CTL,1999-04-01
CTL,1999-05-01
CTL,1999-06-01
CTL,1999-07-01
CTL,1999-08-01
CTL,1999-09-01
CTL,1999-10-01
CTL,1999-11-01
CTL,1999-12-01
CTL,2000-01-01
CTL,2000-02-01
CTL,2000-03-01
CTL,2000-04-01
CTL,2000-05-01
CTL,2000-06-01
CTL,2000-07-01
CTL,2000-08-01
CTL,2000-09-01
CTL,2000-10-01
CTL,2000-11-01
CTL,2000-12-01
CTL,2001-01-01
CTL,2001-02-01
CTL,2001-03-01
CTL,2001-04-01
CTL,2001-05-01
CTL,2001-06-01
CTL,2001-07-01
CTL,2001-08-01
CTL,2001-09-01
CTL,2001-10-01
CTL,2001-11-01
CTL,2001-12-01
CTL,2002-01-01
CTL,2002-02-01
CTL,2002-03-01
CTL,2002-04-01
CTL,2002-05-01
CTL,2002-06-01
CTL,2002-07-01
CTL,2002-08-01
CTL,2002-09-01
CTL,2002-10-01
CTL,2002-11-01
CTL,2002-12-01
CTL,2003-01-01
CTL,2003-02-01
CTL,2003-03-01
CTL,2003-04-01
CTL,2003-05-01
CTL,2003-06-01
CTL,2003-07-01
CTL,2003-08-01
CTL,2003-09-01
CTL,2003-10-01
CTL,2003-11-01
CTL,2003-12-01
CTL,2004-01-01
CTL,2004-02-01
CTL,2004-03-01
CTL,2004-04-01
CTL,2004-05-01
CTL,2004-06-01
CTL,2004-07-01
CTL,2004-08-01
CTL,2004-09-01
CTL,2004-10-01
CTL,2004-11-01
CTL,2004-12-01
CTL,2005-01-01
CTL,2005-02-01
CTL,2005-03-01
CTL,2005-04-01
CTL,2005-05-01
CTL,2005-06-01
CTL,2005-07-01
CTL,2005-08-01
CTL,2005-09-01
CTL,2005-10-01
CTL,2005-11-01
CTL,2005-12-01
CTL,2006-01-01
CTL,2006-02-01
CTL,2006-03-01
CTL,2006-04-01
CTL,2006-05-01
CTL,2006-06-01
CTL,2006-07-01
CTL,2006-08-01
CTL,2006-09-01
CTL,2006-10-01
CTL,2006-11-01
CTL,2006-12-01
CTL,2007-01-01
CTL,2007-02-01
CTL,2007-03-01
CTL,2007-04-01
CTL,2007-05-01
CTL,2007-06-01
CTL,2007-07-01
CTL,2007-08-01
CTL,2007-09-01
CTL,2007-10-01
CTL,2007-11-01
CTL,2007-12-01
CTL,2008-01-01
CTL,2008-02-01
CTL,2008-03-01
CTL,2008-04-01
CTL,2008-05-01
CTL,2008-06-01
CTL,2008-07-01
CTL,2008-08-01
CTL,2008-09-01
CTL,2008-10-01
CTL,2008-11-01
CTL,2008-12-01
CTL,2009-01-01
CTL,2009-02-01
CTL,2009-03-01
CTL,2009-04-01
CTL,2009-05-01
CTL,2009-06-01
CTL,2009-07-01
CTL,2009-08-01
CTL,2009-09-01
CTL,2009-10-01
CTL,2009-11-01
CTL,2009-12-01
CTL,2010-01-01
CTL,2010-02-01
CTL,2010-03-01
CTL,2010-04-01
CTL,2010-05-01
CTL,2010-06-01
CTL,2010-07-01
CTL,2010-08-01
CTL,2010-09-01
CTL,2010-10-01
CTL,2010-11-01
CTL,2010-12-01
CTL,2011-01-01
CTL,2011-02-01
CTL,2011-03-01
CTL,2011-04-01
CTL,2011-05-01
CTL,2011-06-01
CTL,2011-07-01
CTL,2011-08-01
CTL,2011-09-01
CTL,2011-10-01
CTL,2011-11-01
CTL,2011-12-01
CTL,2012-01-01
CTL,2012-02-01
CTL,2012-03-01
CTL,2012-04-01
CTL,2012-05-01
CTL,2012-06-01
CTL,2012-07-01
CTL,2012-08-01
CTL,2012-09-01
CTL,2012-10-01
CTL,2012-11-01
CTL,2012-12-01
CTL,2013-01-01
CTL,2013-02-01
CTL,2013-03-01
CTL,2013-04-01
CTL,2013-05-01
CTL,2013-06-01
CTL,2013-07-01
CTL,2013-08-01
CTL,2013-09-01
CTL,2013-10-01
CTL,2013-11-01
CTL,2013-12-01
CTL,2014-01-01
CTL,2014-02-01
CTL,2014-03-01
CTL,2014-04-01
CTL,2014-05-01
CTL,2014-06-01
CTL,2014-07-01
CTL,2014-08-01
CTL,2014-09-01
CTL,2014-10-01
CTL,2014-11-01
CTL,2014-12-01
CTL,2015-01-01
CTL,2015-02-01
CTL,2015-03-01
CTL,2015-04-01
CTL,2015-05-01
CTL,2015-06-01
CTL,2015-07-01
CTL,2015-08-01
CTL,2015-09-01
CTL,2015-10-01
CTL,2015-11-01
CTL,2015-12-01
CTL,2016-01-01
CTL,2016-02-01
CTL,2016-03-01
CTL,2016-04-01
CTL,2016-05-01
CTL,2016-06-01
CTL,2016-07-01
CTL,2016-08-01
CTL,2016-09-01
CTL,2016-10-01
CTL,2016-11-01
CTL,2016-12-01
CTL,2017-01-01
CTL,2017-02-01
CTL,2017-03-01
CTL,2017-04-01
CTL,2017-05-01
CTL,2017-06-01
CTL,2017-07-01
CTL,2017-08-01
CTL,2017-09-01
CTL,2017-10-01
CTL,2017-11-01
CTL,2017-12-01
CTL,2018-01-01
CTL,2018-02-01
CTL,2018-03-01
CTL,2018-04-01
CTL,2018-05-01
CTL,2018-06-01
CTL,2018-07-01
CTL,2018-08-01
CTL,2018-09-01
CTL,2018-10-01
CTL,2018-11-01
CTL,2018-12-01
CTL,2019-01-01
CTL,2019-02-01
CTL,2019-03-01
CTL,2019-04-01
CTL,2019-05-01
CTL,2019-06-01
CTL,2019-07-01
CTL,2019-08-01
CTL,2019-09-01
CTL,2019-10-01
CTL,2019-11-01
CTL,2019-12-01
CTL,2020-01-01
CTL,2020-02-01
CTL,2020-03-01
CTL,2020-04-01
CTL,2020-05-01
CTL,2020-06-01
CTL,2020-07-01
CTL,2020-08-01
CTL,2020-09-01
CTLT,2020-10-01
CTLT,2020-11-01
CTLT,2020-12-01
CTLT,2021-01-01
CTLT,2021-02-01
CTLT,2021-03-01
CTLT,2021-04-01
CTLT,2021-05-01
CTLT,2021-06-01
CTLT,2021-07-01
CTLT,2021-08-01
CTLT,2021-09-01
CTLT,2021-10-01
CTLT,2021-11-01
CTLT,2021-12-01
CTLT,2022-01-01
CTLT,2022-02-01
CTLT,2022-03-01
CTLT,2022-04-01
CTLT,2022-05-01
CTLT,2022-06-01
CTLT,2022-07-01
CTLT,2022-08-01
CTLT,2022-09-01
CTLT,2022-10-01
CTLT,2022-11-01
CTLT,2022-12-01
CTLT,2023-01-01
CTLT,2023-02-01
CTLT,2023-03-01
CTLT,2023-04-01
CTLT,2023-05-01
CTLT,2023-06-01
CTLT,2023-07-01
CTLT,2023-08-01
CTLT,2023-09-01
CTLT,2023-10-01
CTLT,2023-11-01
CTLT,2023-12-01
CTLT,2024-01-01
CTLT,2024-02-01
CTLT,2024-03-01
CTLT,2024-04-01
CTLT,2024-05-01
CTLT,2024-06-01
CTLT,2024-07-01
CTLT,2024-08-01
CTLT,2024-09-01
CTLT,2024-10-01
CTLT,2024-11-01
CTLT,2024-12-01
CTRA,2021-11-01
CTRA,2021-12-01
CTRA,2022-01-01
CTRA,2022-02-01
CTRA,2022-03-01
CTRA,2022-04-01
CTRA,2022-05-01
CTRA,2022-06-01
CTRA,2022-07-01
CTRA,2022-08-01
CTRA,2022-09-01
CTRA,2022-10-01
CTRA,2022-11-01
CTRA,2022-12-01
CTRA,2023-01-01
CTRA,2023-02-01
CTRA,2023-03-01
CTRA,2023-04-01
CTRA,2023-05-01
CTRA,2023-06-01
CTRA,2023-07-01
CTRA,2023-08-01
CTRA,2023-09-01
CTRA,2023-10-01
CTRA,2023-11-01
CTRA,2023-12-01
CTRA,2024-01-01
CTRA,2024-02-01
CTRA,2024-03-01
CTRA,2024-04-01
CTRA,2024-05-01
CTRA,2024-06-01
CTRA,2024-07-01
CTRA,2024-08-01
CTRA,2024-09-01
CTRA,2024-10-01
CTRA,2024-11-01
CTRA,2024-12-01
CTRA,2025-01-01
CTRA,2025-02-01
CTRA,2025-03-01
CTRA,2025-04-01
CTRA,2025-05-01
CTX,1996-02-01
CTX,1996-03-01
CTX,1996-04-01
CTX,1996-05-01
CTX,1996-06-01
CTX,1996-07-01
CTX,1996-08-01
CTX,1996-09-01
CTX,1996-10-01
CTX,1996-11-01
CTX,1996-12-01
CTX,1997-01-01
CTX,1997-02-01
CTX,1997-03-01
CTX,1997-04-01
CTX,1997-05-01
CTX,1997-06-01
CTX,1997-07-01
CTX,1997-08-01
CTX,1997-09-01
CTX,1997-10-01
CTX,1997-11-01
CTX,1997-12-01
CTX,1998-01-01
CTX,1998-02-01
CTX,1998-03-01
CTX,1998-04-01
CTX,1998-05-01
CTX,1998-06-01
CTX,1998-07-01
CTX,1998-08-01
CTX,1998-09-01
CTX,1998-10-01
CTX,1998-11-01
CTX,1998-12-01
CTX,1999-01-01
CTX,1999-02-01
CTX,1999-03-01
CTX,1999-04-01
CTX,1999-05-01
CTX,1999-06-01
CTX,1999-07-01
CTX,1999-08-01
CTX,1999-09-01
CTX,1999-10-01
CTX,1999-11-01
CTX,1999-12-01
CTX,2000-01-01
CTX,2000-02-01
CTX,2000-03-01
CTX,2000-04-01
CTX,2000-05-01
CTX,2000-06-01
CTX,2000-07-01
CTX,2000-08-01
CTX,2000-09-01
CTX,2000-10-01
CTX,2000-11-01
CTX,2000-12-01
CTX,2001-01-01
CTX,2001-02-01
CTX,2001-03-01
CTX,2001-04-01
CTX,2001-05-01
CTX,2001-06-01
CTX,2001-07-01
CTX,2001-08-01
CTX,2001-09-01
CTX,2001-10-01
CTX,2001-11-01
CTX,2001-12-01
CTX,2002-01-01
CTX,2002-02-01
CTX,2002-03-01
CTX,2002-04-01
CTX,2002-05-01
CTX,2002-06-01
CTX,2002-07-01
CTX,2002-08-01
CTX,2002-09-01
CTX,2002-10-01
CTX,2002-11-01
CTX,2002-12-01
CTX,2003-01-01
CTX,2003-02-01
CTX,2003-03-01
CTX,2003-04-01
CTX,2003-05-01
CTX,2003-06-01
CTX,2003-07-01
CTX,2003-08-01
CTX,2003-09-01
CTX,2003-10-01
CTX,2003-11-01
CTX,2003-12-01
CTX,2004-01-01
CTX,2004-02-01
CTX,2004-03-01
CTX,2004-04-01
CTX,2004-05-01
CTX,2004-06-01
CTX,2004-07-01
CTX,2004-08-01
CTX,2004-09-01
CTX,2004-10-01
CTX,2004-11-01
CTX,2004-12-01
CTX,2005-01-01
CTX,2005-02-01
CTX,2005-03-01
CTX,2005-04-01
CTX,2005-05-01
CTX,2005-06-01
CTX,2005-07-01
CTX,2005-08-01
CTX,2005-09-01
CTX,2005-10-01
CTX,2005-11-01
CTX,2005-12-01
CTX,2006-01-01
CTX,2006-02-01
CTX,2006-03-01
CTX,2006-04-01
CTX,2006-05-01
CTX,2006-06-01
CTX,2006-07-01
CTX,2006-08-01
CTX,2006-09-01
CTX,2006-10-01
CTX,2006-11-01
CTX,2006-12-01
CTX,2007-01-01
CTX,2007-02-01
CTX,2007-03-01
CTX,2007-04-01
CTX,2007-05-01
CTX,2007-06-01
CTX,2007-07-01
CTX,2007-08-01
CTX,2007-09-01
CTX,2007-10-01
CTX,2007-11-01
CTX,2007-12-01
CTX,2008-01-01
CTX,2008-02-01
CTX,2008-03-01
CTX,2008-04-01
CTX,2008-05-01
CTX,2008-06-01
CTX,2008-07-01
CTX,2008-08-01
CTX,2008-09-01
CTX,2008-10-01
CTX,2008-11-01
CTX,2008-12-01
CTX,2009-01-01
CTX,2009-02-01
CTX,2009-03-01
CTX,2009-04-01
CTX,2009-05-01
CTX,2009-06-01
CTX,2009-07-01
CTX,2009-08-01
CTXS,1999-12-01
CTXS,2000-01-01
CTXS,2000-02-01
CTXS,2000-03-01
CTXS,2000-04-01
CTXS,2000-05-01
CTXS,2000-06-01
CTXS,2000-07-01
CTXS,2000-08-01
CTXS,2000-09-01
CTXS,2000-10-01
CTXS,2000-11-01
CTXS,2000-12-01
CTXS,2001-01-01
CTXS,2001-02-01
CTXS,2001-03-01
CTXS,2001-04-01
CTXS,2001-05-01
CTXS,2001-06-01
CTXS,2001-07-01
CTXS,2001-08-01
CTXS,2001-09-01
CTXS,2001-10-01
CTXS,2001-11-01
CTXS,2001-12-01
CTXS,2002-01-01
CTXS,2002-02-01
CTXS,2002-03-01
CTXS,2002-04-01
CTXS,2002-05-01
CTXS,2002-06-01
CTXS,2002-07-01
CTXS,2002-08-01
CTXS,2002-09-01
CTXS,2002-10-01
CTXS,2002-11-01
CTXS,2002-12-01
CTXS,2003-01-01
CTXS,2003-02-01
CTXS,2003-03-01
CTXS,2003-04-01
CTXS,2003-05-01
CTXS,2003-06-01
CTXS,2003-07-01
CTXS,2003-08-01
CTXS,2003-09-01
CTXS,2003-10-01
CTXS,2003-11-01
CTXS,2003-12-01
CTXS,2004-01-01
CTXS,2004-02-01
CTXS,2004-03-01
CTXS,2004-04-01
CTXS,2004-05-01
CTXS,2004-06-01
CTXS,2004-07-01
CTXS,2004-08-01
CTXS,2004-09-01
CTXS,2004-10-01
CTXS,2004-11-01
CTXS,2004-12-01
CTXS,2005-01-01
CTXS,2005-02-01
CTXS,2005-03-01
CTXS,2005-04-01
CTXS,2005-05-01
CTXS,2005-06-01
CTXS,2005-07-01
CTXS,2005-08-01
CTXS,2005-09-01
CTXS,2005-10-01
CTXS,2005-11-01
CTXS,2005-12-01
CTXS,2006-01-01
CTXS,2006-02-01
CTXS,2006-03-01
CTXS,2006-04-01
CTXS,2006-05-01
CTXS,2006-06-01
CTXS,2006-07-01
CTXS,2006-08-01
CTXS,2006-09-01
CTXS,2006-10-01
CTXS,2006-11-01
CTXS,2006-12-01
CTXS,2007-01-01
CTXS,2007-02-01
CTXS,2007-03-01
CTXS,2007-04-01
CTXS,2007-05-01
CTXS,2007-06-01
CTXS,2007-07-01
CTXS,2007-08-01
CTXS,2007-09-01
CTXS,2007-10-01
CTXS,2007-11-01
CTXS,2007-12-01
CTXS,2008-01-01
CTXS,2008-02-01
CTXS,2008-03-01
CTXS,2008-04-01
CTXS,2008-05-01
CTXS,2008-06-01
CTXS,2008-07-01
CTXS,2008-08-01
CTXS,2008-09-01
CTXS,2008-10-01
CTXS,2008-11-01
CTXS,2008-12-01
CTXS,2009-01-01
CTXS,2009-02-01
CTXS,2009-03-01
CTXS,2009-04-01
CTXS,2009-05-01
CTXS,2009-06-01
CTXS,2009-07-01
CTXS,2009-08-01
CTXS,2009-09-01
CTXS,2009-10-01
CTXS,2009-11-01
CTXS,2009-12-01
CTXS,2010-01-01
CTXS,2010-02-01
CTXS,2010-03-01
CTXS,2010-04-01
CTXS,2010-05-01
CTXS,2010-06-01
CTXS,2010-07-01
CTXS,2010-08-01
CTXS,2010-09-01
CTXS,2010-10-01
CTXS,2010-11-01
CTXS,2010-12-01
CTXS,2011-01-01
CTXS,2011-02-01
CTXS,2011-03-01
CTXS,2011-04-01
CTXS,2011-05-01
CTXS,2011-06-01
CTXS,2011-07-01
CTXS,2011-08-01
CTXS,2011-09-01
CTXS,2011-10-01
CTXS,2011-11-01
CTXS,2011-12-01
CTXS,2012-01-01
CTXS,2012-02-01
CTXS,2012-03-01
CTXS,2012-04-01
CTXS,2012-05-01
CTXS,2012-06-01
CTXS,2012-07-01
CTXS,2012-08-01
CTXS,2012-09-01
CTXS,2012-10-01
CTXS,2012-11-01
CTXS,2012-12-01
CTXS,2013-01-01
CTXS,2013-02-01
CTXS,2013-03-01
CTXS,2013-04-01
CTXS,2013-05-01
CTXS,2013-06-01
CTXS,2013-07-01
CTXS,2013-08-01
CTXS,2013-09-01
CTXS,2013-10-01
CTXS,2013-11-01
CTXS,2013-12-01
CTXS,2014-01-01
CTXS,2014-02-01
CTXS,2014-03-01
CTXS,2014-04-01
CTXS,2014-05-01
CTXS,2014-06-01
CTXS,2014-07-01
CTXS,2014-08-01
CTXS,2014-09-01
CTXS,2014-10-01
CTXS,2014-11-01
CTXS,2014-12-01
CTXS,2015-01-01
CTXS,2015-02-01
CTXS,2015-03-01
CTXS,2015-04-01
CTXS,2015-05-01
CTXS,2015-06-01
CTXS,2015-07-01
CTXS,2015-08-01
CTXS,2015-09-01
CTXS,2015-10-01
CTXS,2015-11-01
CTXS,2015-12-01
CTXS,2016-01-01
CTXS,2016-02-01
CTXS,2016-03-01
CTXS,2016-04-01
CTXS,2016-05-01
CTXS,2016-06-01
CTXS,2016-07-01
CTXS,2016-08-01
CTXS,2016-09-01
CTXS,2016-10-01
CTXS,2016-11-01
CTXS,2016-12-01
CTXS,2017-01-01
CTXS,2017-02-01
CTXS,2017-03-01
CTXS,2017-04-01
CTXS,2017-05-01
CTXS,2017-06-01
CTXS,2017-07-01
CTXS,2017-08-01
CTXS,2017-09-01
CTXS,2017-10-01
CTXS,2017-11-01
CTXS,2017-12-01
CTXS,2018-01-01
CTXS,2018-02-01
CTXS,2018-03-01
CTXS,2018-04-01
CTXS,2018-05-01
CTXS,2018-06-01
CTXS,2018-07-01
CTXS,2018-08-01
CTXS,2018-09-01
CTXS,2018-10-01
CTXS,2018-11-01
CTXS,2018-12-01
CTXS,2019-01-01
CTXS,2019-02-01
CTXS,2019-03-01
CTXS,2019-04-01
CTXS,2019-05-01
CTXS,2019-06-01
CTXS,2019-07-01
CTXS,2019-08-01
CTXS,2019-09-01
CTXS,2019-10-01
CTXS,2019-11-01
CTXS,2019-12-01
CTXS,2020-01-01
CTXS,2020-02-01
CTXS,2020-03-01
CTXS,2020-04-01
CTXS,2020-05-01
CTXS,2020-06-01
CTXS,2020-07-01
CTXS,2020-08-01
CTXS,2020-09-01
CTXS,2020-10-01
CTXS,2020-11-01
CTXS,2020-12-01
CTXS,2021-01-01
CTXS,2021-02-01
CTXS,2021-03-01
CTXS,2021-04-01
CTXS,2021-05-01
CTXS,2021-06-01
CTXS,2021-07-01
CTXS,2021-08-01
CTXS,2021-09-01
CTXS,2021-10-01
CTXS,2021-11-01
CTXS,2021-12-01
CTXS,2022-01-01
CTXS,2022-02-01
CTXS,2022-03-01
CTXS,2022-04-01
CTXS,2022-05-01
CTXS,2022-06-01
CTXS,2022-07-01
CTXS,2022-08-01
CTXS,2022-09-01
CTXS,2022-10-01
CVC,2011-01-01
CVC,2011-02-01
CVC,2011-03-01
CVC,2011-04-01
CVC,2011-05-01
CVC,2011-06-01
CVC,2011-07-01
CVC,2011-08-01
CVC,2011-09-01
CVC,2011-10-01
CVC,2011-11-01
CVC,2011-12-01
CVC,2012-01-01
CVC,2012-02-01
CVC,2012-03-01
CVC,2012-04-01
CVC,2012-05-01
CVC,2012-06-01
CVC,2012-07-01
CVC,2012-08-01
CVC,2012-09-01
CVC,2012-10-01
CVC,2012-11-01
CVC,2012-12-01
CVC,2013-01-01
CVC,2013-02-01
CVC,2013-03-01
CVC,2013-04-01
CVC,2013-05-01
CVC,2013-06-01
CVC,2013-07-01
CVC,2013-08-01
CVC,2013-09-01
CVC,2013-10-01
CVC,2013-11-01
CVC,2013-12-01
CVC,2014-01-01
CVC,2014-02-01
CVC,2014-03-01
CVC,2014-04-01
CVC,2014-05-01
CVC,2014-06-01
CVC,2014-07-01
CVC,2014-08-01
CVC,2014-09-01
CVC,2014-10-01
CVC,2014-11-01
CVC,2014-12-01
CVC,2015-01-01
CVC,2015-02-01
CVC,2015-03-01
CVC,2015-04-01
CVC,2015-05-01
CVC,2015-06-01
CVC,2015-07-01
CVC,2015-08-01
CVC,2015-09-01
CVC,2015-10-01
CVC,2015-11-01
CVC,2015-12-01
CVC,2016-01-01
CVC,2016-02-01
CVC,2016-03-01
CVC,2016-04-01
CVC,2016-05-01
CVC,2016-06-01
CVH,2005-09-01
CVH,2005-10-01
CVH,2005-11-01
CVH,2005-12-01
CVH,2006-01-01
CVH,2006-02-01
CVH,2006-03-01
CVH,2006-04-01
CVH,2006-05-01
CVH,2006-06-01
CVH,2006-07-01
CVH,2006-08-01
CVH,2006-09-01
CVH,2006-10-01
CVH,2006-11-01
CVH,2006-12-01
CVH,2007-01-01
CVH,2007-02-01
CVH,2007-03-01
CVH,2007-04-01
CVH,2007-05-01
CVH,2007-06-01
CVH,2007-07-01
CVH,2007-08-01
CVH,2007-09-01
CVH,2007-10-01
CVH,2007-11-01
CVH,2007-12-01
CVH,2008-01-01
CVH,2008-02-01
CVH,2008-03-01
CVH,2008-04-01
CVH,2008-05-01
CVH,2008-06-01
CVH,2008-07-01
CVH,2008-08-01
CVH,2008-09-01
CVH,2008-10-01
CVH,2008-11-01
CVH,2008-12-01
CVH,2009-01-01
CVH,2009-02-01
CVH,2009-03-01
CVH,2009-04-01
CVH,2009-05-01
CVH,2009-06-01
CVH,2009-07-01
CVH,2009-08-01
CVH,2009-09-01
CVH,2009-10-01
CVH,2009-11-01
CVH,2009-12-01
CVH,2010-01-01
CVH,2010-02-01
CVH,2010-03-01
CVH,2010-04-01
CVH,2010-05-01
CVH,2010-06-01
CVH,2010-07-01
CVH,2010-08-01
CVH,2010-09-01
CVH,2010-10-01
CVH,2010-11-01
CVH,2010-12-01
CVH,2011-01-01
CVH,2011-02-01
CVH,2011-03-01
CVH,2011-04-01
CVH,2011-05-01
CVH,2011-06-01
CVH,2011-07-01
CVH,2011-08-01
CVH,2011-09-01
CVH,2011-10-01
CVH,2011-11-01
CVH,2011-12-01
CVH,2012-01-01
CVH,2012-02-01
CVH,2012-03-01
CVH,2012-04-01
CVH,2012-05-01
CVH,2012-06-01
CVH,2012-07-01
CVH,2012-08-01
CVH,2012-09-01
CVH,2012-10-01
CVH,2012-11-01
CVH,2012-12-01
CVH,2013-01-01
CVH,2013-02-01
CVH,2013-03-01
CVH,2013-04-01
CVH,2013-05-01
CXO,2016-03-01
CXO,2016-04-01
CXO,2016-05-01
CXO,2016-06-01
CXO,2016-07-01
CXO,2016-08-01
CXO,2016-09-01
CXO,2016-10-01
CXO,2016-11-01
CXO,2016-12-01
CXO,2017-01-01
CXO,2017-02-01
CXO,2017-03-01
CXO,2017-04-01
CXO,2017-05-01
CXO,2017-06-01
CXO,2017-07-01
CXO,2017-08-01
CXO,2017-09-01
CXO,2017-10-01
CXO,2017-11-01
CXO,2017-12-01
CXO,2018-01-01
CXO,2018-02-01
CXO,2018-03-01
CXO,2018-04-01
CXO,2018-05-01
CXO,2018-06-01
CXO,2018-07-01
CXO,2018-08-01
CXO,2018-09-01
CXO,2018-10-01
CXO,2018-11-01
CXO,2018-12-01
CXO,2019-01-01
CXO,2019-02-01
CXO,2019-03-01
CXO,2019-04-01
CXO,2019-05-01
CXO,2019-06-01
CXO,2019-07-01
CXO,2019-08-01
CXO,2019-09-01
CXO,2019-10-01
CXO,2019-11-01
CXO,2019-12-01
CXO,2020-01-01
CXO,2020-02-01
CXO,2020-03-01
CXO,2020-04-01
CXO,2020-05-01
CXO,2020-06-01
CXO,2020-07-01
CXO,2020-08-01
CXO,2020-09-01
CXO,2020-10-01
CXO,2020-11-01
CXO,2020-12-01
CXO,2021-01-01
CYM,1996-02-01
CYM,1996-03-01
CYM,1996-04-01
CYM,1996-05-01
CYM,1996-06-01
CYM,1996-07-01
CYM,1996-08-01
CYM,1996-09-01
CYM,1996-10-01
CYM,1996-11-01
CYM,1996-12-01
CYM,1997-01-01
CYM,1997-02-01
CYM,1997-03-01
CYM,1997-04-01
CYM,1997-05-01
CYM,1997-06-01
CYM,1997-07-01
CYM,1997-08-01
CYM,1997-09-01
CYM,1997-10-01
CYM,1997-11-01
CYM,1997-12-01
CYM,1998-01-01
CYM,1998-02-01
CYM,1998-03-01
CYM,1998-04-01
CYM,1998-05-01
CYM,1998-06-01
CYM,1998-07-01
CYM,1998-08-01
CYM,1998-09-01
CYM,1998-10-01
CYM,1998-11-01
CYM,1998-12-01
CYM,1999-01-01
CYM,1999-02-01
CYM,1999-03-01
CYM,1999-04-01
CYM,1999-05-01
CYM,1999-06-01
CYM,1999-07-01
CYM,1999-08-01
CYM,1999-09-01
CYM,1999-10-01
CYR,1996-02-01
CYR,1996-03-01
DALRQ,1996-02-01
DALRQ,1996-03-01
DALRQ,1996-04-01
DALRQ,1996-05-01
DALRQ,1996-06-01
DALRQ,1996-07-01
DALRQ,1996-08-01
DALRQ,1996-09-01
DALRQ,1996-10-01
DALRQ,1996-11-01
DALRQ,1996-12-01
DALRQ,1997-01-01
DALRQ,1997-02-01
DALRQ,1997-03-01
DALRQ,1997-04-01
DALRQ,1997-05-01
DALRQ,1997-06-01
DALRQ,1997-07-01
DALRQ,1997-08-01
DALRQ,1997-09-01
DALRQ,1997-10-01
DALRQ,1997-11-01
DALRQ,1997-12-01
DALRQ,1998-01-01
DALRQ,1998-02-01
DALRQ,1998-03-01
DALRQ,1998-04-01
DALRQ,1998-05-01
DALRQ,1998-06-01
DALRQ,1998-07-01
DALRQ,1998-08-01
DALRQ,1998-09-01
DALRQ,1998-10-01
DALRQ,1998-11-01
DALRQ,1998-12-01
DALRQ,1999-01-01
DALRQ,1999-02-01
DALRQ,1999-03-01
DALRQ,1999-04-01
DALRQ,1999-05-01
DALRQ,1999-06-01
DALRQ,1999-07-01
DALRQ,1999-08-01
DALRQ,1999-09-01
DALRQ,1999-10-01
DALRQ,1999-11-01
DALRQ,1999-12-01
DALRQ,2000-01-01
DALRQ,2000-02-01
DALRQ,2000-03-01
DALRQ,2000-04-01
DALRQ,2000-05-01
DALRQ,2000-06-01
DALRQ,2000-07-01
DALRQ,2000-08-01
DALRQ,2000-09-01
DALRQ,2000-10-01
DALRQ,2000-11-01
DALRQ,2000-12-01
DALRQ,2001-01-01
DALRQ,2001-02-01
DALRQ,2001-03-01
DALRQ,2001-04-01
DALRQ,2001-05-01
DALRQ,2001-06-01
DALRQ,2001-07-01
DALRQ,2001-08-01
DALRQ,2001-09-01
DALRQ,2001-10-01
DALRQ,2001-11-01
DALRQ,2001-12-01
DALRQ,2002-01-01
DALRQ,2002-02-01
DALRQ,2002-03-01
DALRQ,2002-04-01
DALRQ,2002-05-01
DALRQ,2002-06-01
DALRQ,2002-07-01
DALRQ,2002-08-01
DALRQ,2002-09-01
DALRQ,2002-10-01
DALRQ,2002-11-01
DALRQ,2002-12-01
DALRQ,2003-01-01
DALRQ,2003-02-01
DALRQ,2003-03-01
DALRQ,2003-04-01
DALRQ,2003-05-01
DALRQ,2003-06-01
DALRQ,2003-07-01
DALRQ,2003-08-01
DALRQ,2003-09-01
DALRQ,2003-10-01
DALRQ,2003-11-01
DALRQ,2003-12-01
DALRQ,2004-01-01
DALRQ,2004-02-01
DALRQ,2004-03-01
DALRQ,2004-04-01
DALRQ,2004-05-01
DALRQ,2004-06-01
DALRQ,2004-07-01
DALRQ,2004-08-01
DALRQ,2004-09-01
DALRQ,2004-10-01
DALRQ,2004-11-01
DALRQ,2004-12-01
DALRQ,2005-01-01
DALRQ,2005-02-01
DALRQ,2005-03-01
DALRQ,2005-04-01
DALRQ,2005-05-01
DALRQ,2005-06-01
DALRQ,2005-07-01
DALRQ,2005-08-01
DAY,2024-03-01
DAY,2024-04-01
DAY,2024-05-01
DAY,2024-06-01
DAY,2024-07-01
DAY,2024-08-01
DAY,2024-09-01
DAY,2024-10-01
DAY,2024-11-01
DAY,2024-12-01
DAY,2025-01-01
DAY,2025-02-01
DAY,2025-03-01
DAY,2025-04-01
DAY,2025-05-01
DCNAQ,1996-02-01
DCNAQ,1996-03-01
DCNAQ,1996-04-01
DCNAQ,1996-05-01
DCNAQ,1996-06-01
DCNAQ,1996-07-01
DCNAQ,1996-08-01
DCNAQ,1996-09-01
DCNAQ,1996-10-01
DCNAQ,1996-11-01
DCNAQ,1996-12-01
DCNAQ,1997-01-01
DCNAQ,1997-02-01
DCNAQ,1997-03-01
DCNAQ,1997-04-01
DCNAQ,1997-05-01
DCNAQ,1997-06-01
DCNAQ,1997-07-01
DCNAQ,1997-08-01
DCNAQ,1997-09-01
DCNAQ,1997-10-01
DCNAQ,1997-11-01
DCNAQ,1997-12-01
DCNAQ,1998-01-01
DCNAQ,1998-02-01
DCNAQ,1998-03-01
DCNAQ,1998-04-01
DCNAQ,1998-05-01
DCNAQ,1998-06-01
DCNAQ,1998-07-01
DCNAQ,1998-08-01
DCNAQ,1998-09-01
DCNAQ,1998-10-01
DCNAQ,1998-11-01
DCNAQ,1998-12-01
DCNAQ,1999-01-01
DCNAQ,1999-02-01
DCNAQ,1999-03-01
DCNAQ,1999-04-01
DCNAQ,1999-05-01
DCNAQ,1999-06-01
DCNAQ,1999-07-01
DCNAQ,1999-08-01
DCNAQ,1999-09-01
DCNAQ,1999-10-01
DCNAQ,1999-11-01
DCNAQ,1999-12-01
DCNAQ,2000-01-01
DCNAQ,2000-02-01
DCNAQ,2000-03-01
DCNAQ,2000-04-01
DCNAQ,2000-05-01
DCNAQ,2000-06-01
DCNAQ,2000-07-01
DCNAQ,2000-08-01
DCNAQ,2000-09-01
DCNAQ,2000-10-01
DCNAQ,2000-11-01
DCNAQ,2000-12-01
DCNAQ,2001-01-01
DCNAQ,2001-02-01
DCNAQ,2001-03-01
DCNAQ,2001-04-01
DCNAQ,2001-05-01
DCNAQ,2001-06-01
DCNAQ,2001-07-01
DCNAQ,2001-08-01
DCNAQ,2001-09-01
DCNAQ,2001-10-01
DCNAQ,2001-11-01
DCNAQ,2001-12-01
DCNAQ,2002-01-01
DCNAQ,2002-02-01
DCNAQ,2002-03-01
DCNAQ,2002-04-01
DCNAQ,2002-05-01
DCNAQ,2002-06-01
DCNAQ,2002-07-01
DCNAQ,2002-08-01
DCNAQ,2002-09-01
DCNAQ,2002-10-01
DCNAQ,2002-11-01
DCNAQ,2002-12-01
DCNAQ,2003-01-01
DCNAQ,2003-02-01
DCNAQ,2003-03-01
DCNAQ,2003-04-01
DCNAQ,2003-05-01
DCNAQ,2003-06-01
DCNAQ,2003-07-01
DCNAQ,2003-08-01
DCNAQ,2003-09-01
DCNAQ,2003-10-01
DCNAQ,2003-11-01
DCNAQ,2003-12-01
DCNAQ,2004-01-01
DCNAQ,2004-02-01
DCNAQ,2004-03-01
DCNAQ,2004-04-01
DCNAQ,2004-05-01
DCNAQ,2004-06-01
DCNAQ,2004-07-01
DCNAQ,2004-08-01
DCNAQ,2004-09-01
DCNAQ,2004-10-01
DCNAQ,2004-11-01
DCNAQ,2004-12-01
DCNAQ,2005-01-01
DCNAQ,2005-02-01
DCNAQ,2005-03-01
DCNAQ,2005-04-01
DCNAQ,2005-05-01
DCNAQ,2005-06-01
DCNAQ,2005-07-01
DCNAQ,2005-08-01
DCNAQ,2005-09-01
DCNAQ,2005-10-01
DCNAQ,2005-11-01
DCNAQ,2005-12-01
DCNAQ,2006-01-01
DCNAQ,2006-02-01
DCNAQ,2006-03-01
DEC,1996-02-01
DEC,1996-03-01
DEC,1996-04-01
DEC,1996-05-01
DEC,1996-06-01
DEC,1996-07-01
DEC,1996-08-01
DEC,1996-09-01
DEC,1996-10-01
DEC,1996-11-01
DEC,1996-12-01
DEC,1997-01-01
DEC,1997-02-01
DEC,1997-03-01
DEC,1997-04-01
DEC,1997-05-01
DEC,1997-06-01
DEC,1997-07-01
DEC,1997-08-01
DEC,1997-09-01
DEC,1997-10-01
DEC,1997-11-01
DEC,1997-12-01
DEC,1998-01-01
DEC,1998-02-01
DEC,1998-03-01
DEC,1998-04-01
DEC,1998-05-01
DEC,1998-06-01
DELL,1996-10-01
DELL,1996-11-01
DELL,1996-12-01
DELL,1997-01-01
DELL,1997-02-01
DELL,1997-03-01
DELL,1997-04-01
DELL,1997-05-01
DELL,1997-06-01
DELL,1997-07-01
DELL,1997-08-01
DELL,1997-09-01
DELL,1997-10-01
DELL,1997-11-01
DELL,1997-12-01
DELL,1998-01-01
DELL,1998-02-01
DELL,1998-03-01
DELL,1998-04-01
DELL,1998-05-01
DELL,1998-06-01
DELL,1998-07-01
DELL,1998-08-01
DELL,1998-09-01
DELL,1998-10-01
DELL,1998-11-01
DELL,1998-12-01
DELL,1999-01-01
DELL,1999-02-01
DELL,1999-03-01
DELL,1999-04-01
DELL,1999-05-01
DELL,1999-06-01
DELL,1999-07-01
DELL,1999-08-01
DELL,1999-09-01
DELL,1999-10-01
DELL,1999-11-01
DELL,1999-12-01
DELL,2000-01-01
DELL,2000-02-01
DELL,2000-03-01
DELL,2000-04-01
DELL,2000-05-01
DELL,2000-06-01
DELL,2000-07-01
DELL,2000-08-01
DELL,2000-09-01
DELL,2000-10-01
DELL,2000-11-01
DELL,2000-12-01
DELL,2001-01-01
DELL,2001-02-01
DELL,2001-03-01
DELL,2001-04-01
DELL,2001-05-01
DELL,2001-06-01
DELL,2001-07-01
DELL,2001-08-01
DELL,2001-09-01
DELL,2001-10-01
DELL,2001-11-01
DELL,2001-12-01
DELL,2002-01-01
DELL,2002-02-01
DELL,2002-03-01
DELL,2002-04-01
DELL,2002-05-01
DELL,2002-06-01
DELL,2002-07-01
DELL,2002-08-01
DELL,2002-09-01
DELL,2002-10-01
DELL,2002-11-01
DELL,2002-12-01
DELL,2003-01-01
DELL,2003-02-01
DELL,2003-03-01
DELL,2003-04-01
DELL,2003-05-01
DELL,2003-06-01
DELL,2003-07-01
DELL,2003-08-01
DELL,2003-09-01
DELL,2003-10-01
DELL,2003-11-01
DELL,2003-12-01
DELL,2004-01-01
DELL,2004-02-01
DELL,2004-03-01
DELL,2004-04-01
DELL,2004-05-01
DELL,2004-06-01
DELL,2004-07-01
DELL,2004-08-01
DELL,2004-09-01
DELL,2004-10-01
DELL,2004-11-01
DELL,2004-12-01
DELL,2005-01-01
DELL,2005-02-01
DELL,2005-03-01
DELL,2005-04-01
DELL,2005-05-01
DELL,2005-06-01
DELL,2005-07-01
DELL,2005-08-01
DELL,2005-09-01
DELL,2005-10-01
DELL,2005-11-01
DELL,2005-12-01
DELL,2006-01-01
DELL,2006-02-01
DELL,2006-03-01
DELL,2006-04-01
DELL,2006-05-01
DELL,2006-06-01
DELL,2006-07-01
DELL,2006-08-01
DELL,2006-09-01
DELL,2006-10-01
DELL,2006-11-01
DELL,2006-12-01
DELL,2007-01-01
DELL,2007-02-01
DELL,2007-03-01
DELL,2007-04-01
DELL,2007-05-01
DELL,2007-06-01
DELL,2007-07-01
DELL,2007-08-01
DELL,2007-09-01
DELL,2007-10-01
DELL,2007-11-01
DELL,2007-12-01
DELL,2008-01-01
DELL,2008-02-01
DELL,2008-03-01
DELL,2008-04-01
DELL,2008-05-01
DELL,2008-06-01
DELL,2008-07-01
DELL,2008-08-01
DELL,2008-09-01
DELL,2008-10-01
DELL,2008-11-01
DELL,2008-12-01
DELL,2009-01-01
DELL,2009-02-01
DELL,2009-03-01
DELL,2009-04-01
DELL,2009-05-01
DELL,2009-06-01
DELL,2009-07-01
DELL,2009-08-01
DELL,2009-09-01
DELL,2009-10-01
DELL,2009-11-01
DELL,2009-12-01
DELL,2010-01-01
DELL,2010-02-01
DELL,2010-03-01
DELL,2010-04-01
DELL,2010-05-01
DELL,2010-06-01
DELL,2010-07-01
DELL,2010-08-01
DELL,2010-09-01
DELL,2010-10-01
DELL,2010-11-01
DELL,2010-12-01
DELL,2011-01-01
DELL,2011-02-01
DELL,2011-03-01
DELL,2011-04-01
DELL,2011-05-01
DELL,2011-06-01
DELL,2011-07-01
DELL,2011-08-01
DELL,2011-09-01
DELL,2011-10-01
DELL,2011-11-01
DELL,2011-12-01
DELL,2012-01-01
DELL,2012-02-01
DELL,2012-03-01
DELL,2012-04-01
DELL,2012-05-01
DELL,2012-06-01
DELL,2012-07-01
DELL,2012-08-01
DELL,2012-09-01
DELL,2012-10-01
DELL,2012-11-01
DELL,2012-12-01
DELL,2013-01-01
DELL,2013-02-01
DELL,2013-03-01
DELL,2013-04-01
DELL,2013-05-01
DELL,2013-06-01
DELL,2013-07-01
DELL,2013-08-01
DELL,2013-09-01
DELL,2013-10-01
DELL,2024-10-01
DELL,2024-11-01
DELL,2024-12-01
DELL,2025-01-01
DELL,2025-02-01
DELL,2025-03-01
DELL,2025-04-01
DELL,2025-05-01
DF,2006-05-01
DF,2006-06-01
DF,2006-07-01
DF,2006-08-01
DF,2006-09-01
DF,2006-10-01
DF,2006-11-01
DF,2006-12-01
DF,2007-01-01
DF,2007-02-01
DF,2007-03-01
DF,2007-04-01
DF,2007-05-01
DF,2007-06-01
DF,2007-07-01
DF,2007-08-01
DF,2007-09-01
DF,2007-10-01
DF,2007-11-01
DF,2007-12-01
DF,2008-01-01
DF,2008-02-01
DF,2008-03-01
DF,2008-04-01
DF,2008-05-01
DF,2008-06-01
DF,2008-07-01
DF,2008-08-01
DF,2008-09-01
DF,2008-10-01
DF,2008-11-01
DF,2008-12-01
DF,2009-01-01
DF,2009-02-01
DF,2009-03-01
DF,2009-04-01
DF,2009-05-01
DF,2009-06-01
DF,2009-07-01
DF,2009-08-01
DF,2009-09-01
DF,2009-10-01
DF,2009-11-01
DF,2009-12-01
DF,2010-01-01
DF,2010-02-01
DF,2010-03-01
DF,2010-04-01
DF,2010-05-01
DF,2010-06-01
DF,2010-07-01
DF,2010-08-01
DF,2010-09-01
DF,2010-10-01
DF,2010-11-01
DF,2010-12-01
DF,2011-01-01
DF,2011-02-01
DF,2011-03-01
DF,2011-04-01
DF,2011-05-01
DF,2011-06-01
DF,2011-07-01
DF,2011-08-01
DF,2011-09-01
DF,2011-10-01
DF,2011-11-01
DF,2011-12-01
DF,2012-01-01
DF,2012-02-01
DF,2012-03-01
DF,2012-04-01
DF,2012-05-01
DF,2012-06-01
DF,2012-07-01
DF,2012-08-01
DF,2012-09-01
DF,2012-10-01
DF,2012-11-01
DF,2012-12-01
DF,2013-01-01
DF,2013-02-01
DF,2013-03-01
DF,2013-04-01
DF,2013-05-01
DFS,2007-08-01
DFS,2007-09-01
DFS,2007-10-01
DFS,2007-11-01
DFS,2007-12-01
DFS,2008-01-01
DFS,2008-02-01
DFS,2008-03-01
DFS,2008-04-01
DFS,2008-05-01
DFS,2008-06-01
DFS,2008-07-01
DFS,2008-08-01
DFS,2008-09-01
DFS,2008-10-01
DFS,2008-11-01
DFS,2008-12-01
DFS,2009-01-01
DFS,2009-02-01
DFS,2009-03-01
DFS,2009-04-01
DFS,2009-05-01
DFS,2009-06-01
DFS,2009-07-01
DFS,2009-08-01
DFS,2009-09-01
DFS,2009-10-01
DFS,2009-11-01
DFS,2009-12-01
DFS,2010-01-01
DFS,2010-02-01
DFS,2010-03-01
DFS,2010-04-01
DFS,2010-05-01
DFS,2010-06-01
DFS,2010-07-01
DFS,2010-08-01
DFS,2010-09-01
DFS,2010-10-01
DFS,2010-11-01
DFS,2010-12-01
DFS,2011-01-01
DFS,2011-02-01
DFS,2011-03-01
DFS,2011-04-01
DFS,2011-05-01
DFS,2011-06-01
DFS,2011-07-01
DFS,2011-08-01
DFS,2011-09-01
DFS,2011-10-01
DFS,2011-11-01
DFS,2011-12-01
DFS,2012-01-01
DFS,2012-02-01
DFS,2012-03-01
DFS,2012-04-01
DFS,2012-05-01
DFS,2012-06-01
DFS,2012-07-01
DFS,2012-08-01
DFS,2012-09-01
DFS,2012-10-01
DFS,2012-11-01
DFS,2012-12-01
DFS,2013-01-01
DFS,2013-02-01
DFS,2013-03-01
DFS,2013-04-01
DFS,2013-05-01
DFS,2013-06-01
DFS,2013-07-01
DFS,2013-08-01
DFS,2013-09-01
DFS,2013-10-01
DFS,2013-11-01
DFS,2013-12-01
DFS,2014-01-01
DFS,2014-02-01
DFS,2014-03-01
DFS,2014-04-01
DFS,2014-05-01
DFS,2014-06-01
DFS,2014-07-01
DFS,2014-08-01
DFS,2014-09-01
DFS,2014-10-01
DFS,2014-11-01
DFS,2014-12-01
DFS,2015-01-01
DFS,2015-02-01
DFS,2015-03-01
DFS,2015-04-01
DFS,2015-05-01
DFS,2015-06-01
DFS,2015-07-01
DFS,2015-08-01
DFS,2015-09-01
DFS,2015-10-01
DFS,2015-11-01
DFS,2015-12-01
DFS,2016-01-01
DFS,2016-02-01
DFS,2016-03-01
DFS,2016-04-01
DFS,2016-05-01
DFS,2016-06-01
DFS,2016-07-01
DFS,2016-08-01
DFS,2016-09-01
DFS,2016-10-01
DFS,2016-11-01
DFS,2016-12-01
DFS,2017-01-01
DFS,2017-02-01
DFS,2017-03-01
DFS,2017-04-01
DFS,2017-05-01
DFS,2017-06-01
DFS,2017-07-01
DFS,2017-08-01
DFS,2017-09-01
DFS,2017-10-01
DFS,2017-11-01
DFS,2017-12-01
DFS,2018-01-01
DFS,2018-02-01
DFS,2018-03-01
DFS,2018-04-01
DFS,2018-05-01
DFS,2018-06-01
DFS,2018-07-01
DFS,2018-08-01
DFS,2018-09-01
DFS,2018-10-01
DFS,2018-11-01
DFS,2018-12-01
DFS,2019-01-01
DFS,2019-02-01
DFS,2019-03-01
DFS,2019-04-01
DFS,2019-05-01
DFS,2019-06-01
DFS,2019-07-01
DFS,2019-08-01
DFS,2019-09-01
DFS,2019-10-01
DFS,2019-11-01
DFS,2019-12-01
DFS,2020-01-01
DFS,2020-02-01
DFS,2020-03-01
DFS,2020-04-01
DFS,2020-05-01
DFS,2020-06-01
DFS,2020-07-01
DFS,2020-08-01
DFS,2020-09-01
DFS,2020-10-01
DFS,2020-11-01
DFS,2020-12-01
DFS,2021-01-01
DFS,2021-02-01
DFS,2021-03-01
DFS,2021-04-01
DFS,2021-05-01
DFS,2021-06-01
DFS,2021-07-01
DFS,2021-08-01
DFS,2021-09-01
DFS,2021-10-01
DFS,2021-11-01
DFS,2021-12-01
DFS,2022-01-01
DFS,2022-02-01
DFS,2022-03-01
DFS,2022-04-01
DFS,2022-05-01
DFS,2022-06-01
DFS,2022-07-01
DFS,2022-08-01
DFS,2022-09-01
DFS,2022-10-01
DFS,2022-11-01
DFS,2022-12-01
DFS,2023-01-01
DFS,2023-02-01
DFS,2023-03-01
DFS,2023-04-01
DFS,2023-05-01
DFS,2023-06-01
DFS,2023-07-01
DFS,2023-08-01
DFS,2023-09-01
DFS,2023-10-01
DFS,2023-11-01
DFS,2023-12-01
DFS,2024-01-01
DFS,2024-02-01
DFS,2024-03-01
DFS,2024-04-01
DFS,2024-05-01
DFS,2024-06-01
DFS,2024-07-01
DFS,2024-08-01
DFS,2024-09-01
DFS,2024-10-01
DFS,2024-11-01
DFS,2024-12-01
DFS,2025-01-01
DFS,2025-02-01
DFS,2025-03-01
DFS,2025-04-01
DFS,2025-05-01
DG,1998-08-01
DG,1998-09-01
DG,1998-10-01
DG,1998-11-01
DG,1998-12-01
DG,1999-01-01
DG,1999-02-01
DG,1999-03-01
DG,1999-04-01
DG,1999-05-01
DG,1999-06-01
DG,1999-07-01
DG,1999-08-01
DG,1999-09-01
DG,1999-10-01
DG,1999-11-01
DG,1999-12-01
DG,2000-01-01
DG,2000-02-01
DG,2000-03-01
DG,2000-04-01
DG,2000-05-01
DG,2000-06-01
DG,2000-07-01
DG,2000-08-01
DG,2000-09-01
DG,2000-10-01
DG,2000-11-01
DG,2000-12-01
DG,2001-01-01
DG,2001-02-01
DG,2001-03-01
DG,2001-04-01
DG,2001-05-01
DG,2001-06-01
DG,2001-07-01
DG,2001-08-01
DG,2001-09-01
DG,2001-10-01
DG,2001-11-01
DG,2001-12-01
DG,2002-01-01
DG,2002-02-01
DG,2002-03-01
DG,2002-04-01
DG,2002-05-01
DG,2002-06-01
DG,2002-07-01
DG,2002-08-01
DG,2002-09-01
DG,2002-10-01
DG,2002-11-01
DG,2002-12-01
DG,2003-01-01
DG,2003-02-01
DG,2003-03-01
DG,2003-04-01
DG,2003-05-01
DG,2003-06-01
DG,2003-07-01
DG,2003-08-01
DG,2003-09-01
DG,2003-10-01
DG,2003-11-01
DG,2003-12-01
DG,2004-01-01
DG,2004-02-01
DG,2004-03-01
DG,2004-04-01
DG,2004-05-01
DG,2004-06-01
DG,2004-07-01
DG,2004-08-01
DG,2004-09-01
DG,2004-10-01
DG,2004-11-01
DG,2004-12-01
DG,2005-01-01
DG,2005-02-01
DG,2005-03-01
DG,2005-04-01
DG,2005-05-01
DG,2005-06-01
DG,2005-07-01
DG,2005-08-01
DG,2005-09-01
DG,2005-10-01
DG,2005-11-01
DG,2005-12-01
DG,2006-01-01
DG,2006-02-01
DG,2006-03-01
DG,2006-04-01
DG,2006-05-01
DG,2006-06-01
DG,2006-07-01
DG,2006-08-01
DG,2006-09-01
DG,2006-10-01
DG,2006-11-01
DG,2006-12-01
DG,2007-01-01
DG,2007-02-01
DG,2007-03-01
DG,2007-04-01
DG,2007-05-01
DG,2007-06-01
DG,2007-07-01
DG,2013-01-01
DG,2013-02-01
DG,2013-03-01
DG,2013-04-01
DG,2013-05-01
DG,2013-06-01
DG,2013-07-01
DG,2013-08-01
DG,2013-09-01
DG,2013-10-01
DG,2013-11-01
DG,2013-12-01
DG,2014-01-01
DG,2014-02-01
DG,2014-03-01
DG,2014-04-01
DG,2014-05-01
DG,2014-06-01
DG,2014-07-01
DG,2014-08-01
DG,2014-09-01
DG,2014-10-01
DG,2014-11-01
DG,2014-12-01
DG,2015-01-01
DG,2015-02-01
DG,2015-03-01
DG,2015-04-01
DG,2015-05-01
DG,2015-06-01
DG,2015-07-01
DG,2015-08-01
DG,2015-09-01
DG,2015-10-01
DG,2015-11-01
DG,2015-12-01
DG,2016-01-01
DG,2016-02-01
DG,2016-03-01
DG,2016-04-01
DG,2016-05-01
DG,2016-06-01
DG,2016-07-01
DG,2016-08-01
DG,2016-09-01
DG,2016-10-01
DG,2016-11-01
DG,2016-12-01
DG,2017-01-01
DG,2017-02-01
DG,2017-03-01
DG,2017-04-01
DG,2017-05-01
DG,2017-06-01
DG,2017-07-01
DG,2017-08-01
DG,2017-09-01
DG,2017-10-01
DG,2017-11-01
DG,2017-12-01
DG,2018-01-01
DG,2018-02-01
DG,2018-03-01
DG,2018-04-01
DG,2018-05-01
DG,2018-06-01
DG,2018-07-01
DG,2018-08-01
DG,2018-09-01
DG,2018-10-01
DG,2018-11-01
DG,2018-12-01
DG,2019-01-01
DG,2019-02-01
DG,2019-03-01
DG,2019-04-01
DG,2019-05-01
DG,2019-06-01
DG,2019-07-01
DG,2019-08-01
DG,2019-09-01
DG,2019-10-01
DG,2019-11-01
DG,2019-12-01
DG,2020-01-01
DG,2020-02-01
DG,2020-03-01
DG,2020-04-01
DG,2020-05-01
DG,2020-06-01
DG,2020-07-01
DG,2020-08-01
DG,2020-09-01
DG,2020-10-01
DG,2020-11-01
DG,2020-12-01
DG,2021-01-01
DG,2021-02-01
DG,2021-03-01
DG,2021-04-01
DG,2021-05-01
DG,2021-06-01
DG,2021-07-01
DG,2021-08-01
DG,2021-09-01
DG,2021-10-01
DG,2021-11-01
DG,2021-12-01
DG,2022-01-01
DG,2022-02-01
DG,2022-03-01
DG,2022-04-01
DG,2022-05-01
DG,2022-06-01
DG,2022-07-01
DG,2022-08-01
DG,2022-09-01
DG,2022-10-01
DG,2022-11-01
DG,2022-12-01
DG,2023-01-01
DG,2023-02-01
DG,2023-03-01
DG,2023-04-01
DG,2023-05-01
DG,2023-06-01
DG,2023-07-01
DG,2023-08-01
DG,2023-09-01
DG,2023-10-01
DG,2023-11-01
DG,2023-12-01
DG,2024-01-01
DG,2024-02-01
DG,2024-03-01
DG,2024-04-01
DG,2024-05-01
DG,2024-06-01
DG,2024-07-01
DG,2024-08-01
DG,2024-09-01
DG,2024-10-01
DG,2024-11-01
DG,2024-12-01
DG,2025-01-01
DG,2025-02-01
DG,2025-03-01
DG,2025-04-01
DG,2025-05-01
DGN,1996-02-01
DGN,1996-03-01
DGN,1996-04-01
DGN,1996-05-01
DGN,1996-06-01
DGN,1996-07-01
DGN,1996-08-01
DGN,1996-09-01
DGN,1996-10-01
DGN,1996-11-01
DGN,1996-12-01
DGN,1997-01-01
DGN,1997-02-01
DGN,1997-03-01
DGN,1997-04-01
DGN,1997-05-01
DGN,1997-06-01
DGN,1997-07-01
DGN,1997-08-01
DGN,1997-09-01
DGN,1997-10-01
DGN,1997-11-01
DGN,1997-12-01
DGN,1998-01-01
DGN,1998-02-01
DGN,1998-03-01
DGN,1998-04-01
DGN,1998-05-01
DGN,1998-06-01
DGN,1998-07-01
DGN,1998-08-01
DGN,1998-09-01
DGN,1998-10-01
DGN,1998-11-01
DGN,1998-12-01
DGN,1999-01-01
DGN,1999-02-01
DGN,1999-03-01
DGN,1999-04-01
DGN,1999-05-01
DGN,1999-06-01
DGN,1999-07-01
DGN,1999-08-01
DGN,1999-09-01
DGN,1999-10-01
DI,1996-02-01
DI,1996-03-01
DI,1996-04-01
DI,1996-05-01
DI,1996-06-01
DI,1996-07-01
DI,1996-08-01
DI,1996-09-01
DI,1996-10-01
DI,1996-11-01
DI,1996-12-01
DI,1997-01-01
DI,1997-02-01
DI,1997-03-01
DI,1997-04-01
DI,1997-05-01
DI,1997-06-01
DI,1997-07-01
DI,1997-08-01
DI,1997-09-01
DI,1997-10-01
DI,1997-11-01
DI,1997-12-01
DI,1998-01-01
DI,1998-02-01
DI,1998-03-01
DI,1998-04-01
DI,1998-05-01
DI,1998-06-01
DI,1998-07-01
DI,1998-08-01
DI,1998-09-01
DIGI,1996-02-01
DIGI,1996-03-01
DIGI,1996-04-01
DIGI,1996-05-01
DIGI,1996-06-01
DIGI,1996-07-01
DIGI,1996-08-01
DIGI,1996-09-01
DIGI,1996-10-01
DIGI,1996-11-01
DIGI,1996-12-01
DIGI,1997-01-01
DIGI,1997-02-01
DIGI,1997-03-01
DIGI,1997-04-01
DIGI,1997-05-01
DIGI,1997-06-01
DIGI,1997-07-01
DIGI,1997-08-01
DIGI,1997-09-01
DIGI,1997-10-01
DIGI,1997-11-01
DIGI,1997-12-01
DIGI,1998-01-01
DIGI,1998-02-01
DIGI,1998-03-01
DIGI,1998-04-01
DIGI,1998-05-01
DIGI,1998-06-01
DIGI,1998-07-01
DIGI,1998-08-01
DISCA,2010-03-01
DISCA,2010-04-01
DISCA,2010-05-01
DISCA,2010-06-01
DISCA,2010-07-01
DISCA,2010-08-01
DISCA,2010-09-01
DISCA,2010-10-01
DISCA,2010-11-01
DISCA,2010-12-01
DISCA,2011-01-01
DISCA,2011-02-01
DISCA,2011-03-01
DISCA,2011-04-01
DISCA,2011-05-01
DISCA,2011-06-01
DISCA,2011-07-01
DISCA,2011-08-01
DISCA,2011-09-01
DISCA,2011-10-01
DISCA,2011-11-01
DISCA,2011-12-01
DISCA,2012-01-01
DISCA,2012-02-01
DISCA,2012-03-01
DISCA,2012-04-01
DISCA,2012-05-01
DISCA,2012-06-01
DISCA,2012-07-01
DISCA,2012-08-01
DISCA,2012-09-01
DISCA,2012-10-01
DISCA,2012-11-01
DISCA,2012-12-01
DISCA,2013-01-01
DISCA,2013-02-01
DISCA,2013-03-01
DISCA,2013-04-01
DISCA,2013-05-01
DISCA,2013-06-01
DISCA,2013-07-01
DISCA,2013-08-01
DISCA,2013-09-01
DISCA,2013-10-01
DISCA,2013-11-01
DISCA,2013-12-01
DISCA,2014-01-01
DISCA,2014-02-01
DISCA,2014-03-01
DISCA,2014-04-01
DISCA,2014-05-01
DISCA,2014-06-01
DISCA,2014-07-01
DISCA,2014-08-01
DISCA,2014-09-01
DISCA,2014-10-01
DISCA,2014-11-01
DISCA,2014-12-01
DISCA,2015-01-01
DISCA,2015-02-01
DISCA,2015-03-01
DISCA,2015-04-01
DISCA,2015-05-01
DISCA,2015-06-01
DISCA,2015-07-01
DISCA,2015-08-01
DISCA,2015-09-01
DISCA,2015-10-01
DISCA,2015-11-01
DISCA,2015-12-01
DISCA,2016-01-01
DISCA,2016-02-01
DISCA,2016-03-01
DISCA,2016-04-01
DISCA,2016-05-01
DISCA,2016-06-01
DISCA,2016-07-01
DISCA,2016-08-01
DISCA,2016-09-01
DISCA,2016-10-01
DISCA,2016-11-01
DISCA,2016-12-01
DISCA,2017-01-01
DISCA,2017-02-01
DISCA,2017-03-01
DISCA,2017-04-01
DISCA,2017-05-01
DISCA,2017-06-01
DISCA,2017-07-01
DISCA,2017-08-01
DISCA,2017-09-01
DISCA,2017-10-01
DISCA,2017-11-01
DISCA,2017-12-01
DISCA,2018-01-01
DISCA,2018-02-01
DISCA,2018-03-01
DISCA,2018-04-01
DISCA,2018-05-01
DISCA,2018-06-01
DISCA,2018-07-01
DISCA,2018-08-01
DISCA,2018-09-01
DISCA,2018-10-01
DISCA,2018-11-01
DISCA,2018-12-01
DISCA,2019-01-01
DISCA,2019-02-01
DISCA,2019-03-01
DISCA,2019-04-01
DISCA,2019-05-01
DISCA,2019-06-01
DISCA,2019-07-01
DISCA,2019-08-01
DISCA,2019-09-01
DISCA,2019-10-01
DISCA,2019-11-01
DISCA,2019-12-01
DISCA,2020-01-01
DISCA,2020-02-01
DISCA,2020-03-01
DISCA,2020-04-01
DISCA,2020-05-01
DISCA,2020-06-01
DISCA,2020-07-01
DISCA,2020-08-01
DISCA,2020-09-01
DISCA,2020-10-01
DISCA,2020-11-01
DISCA,2020-12-01
DISCA,2021-01-01
DISCA,2021-02-01
DISCA,2021-03-01
DISCA,2021-04-01
DISCA,2021-05-01
DISCA,2021-06-01
DISCA,2021-07-01
DISCA,2021-08-01
DISCA,2021-09-01
DISCA,2021-10-01
DISCA,2021-11-01
DISCA,2021-12-01
DISCA,2022-01-01
DISCA,2022-02-01
DISCA,2022-03-01
DISCA,2022-04-01
DISCK,2014-09-01
DISCK,2014-10-01
DISCK,2014-11-01
DISCK,2014-12-01
DISCK,2015-01-01
DISCK,2015-02-01
DISCK,2015-03-01
DISCK,2015-04-01
DISCK,2015-05-01
DISCK,2015-06-01
DISCK,2015-07-01
DISCK,2015-08-01
DISCK,2015-09-01
DISCK,2015-10-01
DISCK,2015-11-01
DISCK,2015-12-01
DISCK,2016-01-01
DISCK,2016-02-01
DISCK,2016-03-01
DISCK,2016-04-01
DISCK,2016-05-01
DISCK,2016-06-01
DISCK,2016-07-01
DISCK,2016-08-01
DISCK,2016-09-01
DISCK,2016-10-01
DISCK,2016-11-01
DISCK,2016-12-01
DISCK,2017-01-01
DISCK,2017-02-01
DISCK,2017-03-01
DISCK,2017-04-01
DISCK,2017-05-01
DISCK,2017-06-01
DISCK,2017-07-01
DISCK,2017-08-01
DISCK,2017-09-01
DISCK,2017-10-01
DISCK,2017-11-01
DISCK,2017-12-01
DISCK,2018-01-01
DISCK,2018-02-01
DISCK,2018-03-01
DISCK,2018-04-01
DISCK,2018-05-01
DISCK,2018-06-01
DISCK,2018-07-01
DISCK,2018-08-01
DISCK,2018-09-01
DISCK,2018-10-01
DISCK,2018-11-01
DISCK,2018-12-01
DISCK,2019-01-01
DISCK,2019-02-01
DISCK,2019-03-01
DISCK,2019-04-01
DISCK,2019-05-01
DISCK,2019-06-01
DISCK,2019-07-01
DISCK,2019-08-01
DISCK,2019-09-01
DISCK,2019-10-01
DISCK,2019-11-01
DISCK,2019-12-01
DISCK,2020-01-01
DISCK,2020-02-01
DISCK,2020-03-01
DISCK,2020-04-01
DISCK,2020-05-01
DISCK,2020-06-01
DISCK,2020-07-01
DISCK,2020-08-01
DISCK,2020-09-01
DISCK,2020-10-01
DISCK,2020-11-01
DISCK,2020-12-01
DISCK,2021-01-01
DISCK,2021-02-01
DISCK,2021-03-01
DISCK,2021-04-01
DISCK,2021-05-01
DISCK,2021-06-01
DISCK,2021-07-01
DISCK,2021-08-01
DISCK,2021-09-01
DISCK,2021-10-01
DISCK,2021-11-01
DISCK,2021-12-01
DISCK,2022-01-01
DISCK,2022-02-01
DISCK,2022-03-01
DISCK,2022-04-01
DISH,2017-04-01
DISH,2017-05-01
DISH,2017-06-01
DISH,2017-07-01
DISH,2017-08-01
DISH,2017-09-01
DISH,2017-10-01
DISH,2017-11-01
DISH,2017-12-01
DISH,2018-01-01
DISH,2018-02-01
DISH,2018-03-01
DISH,2018-04-01
DISH,2018-05-01
DISH,2018-06-01
DISH,2018-07-01
DISH,2018-08-01
DISH,2018-09-01
DISH,2018-10-01
DISH,2018-11-01
DISH,2018-12-01
DISH,2019-01-01
DISH,2019-02-01
DISH,2019-03-01
DISH,2019-04-01
DISH,2019-05-01
DISH,2019-06-01
DISH,2019-07-01
DISH,2019-08-01
DISH,2019-09-01
DISH,2019-10-01
DISH,2019-11-01
DISH,2019-12-01
DISH,2020-01-01
DISH,2020-02-01
DISH,2020-03-01
DISH,2020-04-01
DISH,2020-05-01
DISH,2020-06-01
DISH,2020-07-01
DISH,2020-08-01
DISH,2020-09-01
DISH,2020-10-01
DISH,2020-11-01
DISH,2020-12-01
DISH,2021-01-01
DISH,2021-02-01
DISH,2021-03-01
DISH,2021-04-01
DISH,2021-05-01
DISH,2021-06-01
DISH,2021-07-01
DISH,2021-08-01
DISH,2021-09-01
DISH,2021-10-01
DISH,2021-11-01
DISH,2021-12-01
DISH,2022-01-01
DISH,2022-02-01
DISH,2022-03-01
DISH,2022-04-01
DISH,2022-05-01
DISH,2022-06-01
DISH,2022-07-01
DISH,2022-08-01
DISH,2022-09-01
DISH,2022-10-01
DISH,2022-11-01
DISH,2022-12-01
DISH,2023-01-01
DISH,2023-02-01
DISH,2023-03-01
DISH,2023-04-01
DISH,2023-05-01
DISH,2023-06-01
DJ,1996-02-01
DJ,1996-03-01
DJ,1996-04-01
DJ,1996-05-01
DJ,1996-06-01
DJ,1996-07-01
DJ,1996-08-01
DJ,1996-09-01
DJ,1996-10-01
DJ,1996-11-01
DJ,1996-12-01
DJ,1997-01-01
DJ,1997-02-01
DJ,1997-03-01
DJ,1997-04-01
DJ,1997-05-01
DJ,1997-06-01
DJ,1997-07-01
DJ,1997-08-01
DJ,1997-09-01
DJ,1997-10-01
DJ,1997-11-01
DJ,1997-12-01
DJ,1998-01-01
DJ,1998-02-01
DJ,1998-03-01
DJ,1998-04-01
DJ,1998-05-01
DJ,1998-06-01
DJ,1998-07-01
DJ,1998-08-01
DJ,1998-09-01
DJ,1998-10-01
DJ,1998-11-01
DJ,1998-12-01
DJ,1999-01-01
DJ,1999-02-01
DJ,1999-03-01
DJ,1999-04-01
DJ,1999-05-01
DJ,1999-06-01
DJ,1999-07-01
DJ,1999-08-01
DJ,1999-09-01
DJ,1999-10-01
DJ,1999-11-01
DJ,1999-12-01
DJ,2000-01-01
DJ,2000-02-01
DJ,2000-03-01
DJ,2000-04-01
DJ,2000-05-01
DJ,2000-06-01
DJ,2000-07-01
DJ,2000-08-01
DJ,2000-09-01
DJ,2000-10-01
DJ,2000-11-01
DJ,2000-12-01
DJ,2001-01-01
DJ,2001-02-01
DJ,2001-03-01
DJ,2001-04-01
DJ,2001-05-01
DJ,2001-06-01
DJ,2001-07-01
DJ,2001-08-01
DJ,2001-09-01
DJ,2001-10-01
DJ,2001-11-01
DJ,2001-12-01
DJ,2002-01-01
DJ,2002-02-01
DJ,2002-03-01
DJ,2002-04-01
DJ,2002-05-01
DJ,2002-06-01
DJ,2002-07-01
DJ,2002-08-01
DJ,2002-09-01
DJ,2002-10-01
DJ,2002-11-01
DJ,2002-12-01
DJ,2003-01-01
DJ,2003-02-01
DJ,2003-03-01
DJ,2003-04-01
DJ,2003-05-01
DJ,2003-06-01
DJ,2003-07-01
DJ,2003-08-01
DJ,2003-09-01
DJ,2003-10-01
DJ,2003-11-01
DJ,2003-12-01
DJ,2004-01-01
DJ,2004-02-01
DJ,2004-03-01
DJ,2004-04-01
DJ,2004-05-01
DJ,2004-06-01
DJ,2004-07-01
DJ,2004-08-01
DJ,2004-09-01
DJ,2004-10-01
DJ,2004-11-01
DJ,2004-12-01
DJ,2005-01-01
DJ,2005-02-01
DJ,2005-03-01
DJ,2005-04-01
DJ,2005-05-01
DJ,2005-06-01
DJ,2005-07-01
DJ,2005-08-01
DJ,2005-09-01
DJ,2005-10-01
DJ,2005-11-01
DJ,2005-12-01
DJ,2006-01-01
DJ,2006-02-01
DJ,2006-03-01
DJ,2006-04-01
DJ,2006-05-01
DJ,2006-06-01
DJ,2006-07-01
DJ,2006-08-01
DJ,2006-09-01
DJ,2006-10-01
DJ,2006-11-01
DJ,2006-12-01
DJ,2007-01-01
DJ,2007-02-01
DJ,2007-03-01
DJ,2007-04-01
DJ,2007-05-01
DJ,2007-06-01
DJ,2007-07-01
DJ,2007-08-01
DJ,2007-09-01
DJ,2007-10-01
DJ,2007-11-01
DJ,2007-12-01
DNB,2009-01-01
DNB,2009-02-01
DNB,2009-03-01
DNB,2009-04-01
DNB,2009-05-01
DNB,2009-06-01
DNB,2009-07-01
DNB,2009-08-01
DNB,2009-09-01
DNB,2009-10-01
DNB,2009-11-01
DNB,2009-12-01
DNB,2010-01-01
DNB,2010-02-01
DNB,2010-03-01
DNB,2010-04-01
DNB,2010-05-01
DNB,2010-06-01
DNB,2010-07-01
DNB,2010-08-01
DNB,2010-09-01
DNB,2010-10-01
DNB,2010-11-01
DNB,2010-12-01
DNB,2011-01-01
DNB,2011-02-01
DNB,2011-03-01
DNB,2011-04-01
DNB,2011-05-01
DNB,2011-06-01
DNB,2011-07-01
DNB,2011-08-01
DNB,2011-09-01
DNB,2011-10-01
DNB,2011-11-01
DNB,2011-12-01
DNB,2012-01-01
DNB,2012-02-01
DNB,2012-03-01
DNB,2012-04-01
DNB,2012-05-01
DNB,2012-06-01
DNB,2012-07-01
DNB,2012-08-01
DNB,2012-09-01
DNB,2012-10-01
DNB,2012-11-01
DNB,2012-12-01
DNB,2013-01-01
DNB,2013-02-01
DNB,2013-03-01
DNB,2013-04-01
DNB,2013-05-01
DNB,2013-06-01
DNB,2013-07-01
DNB,2013-08-01
DNB,2013-09-01
DNB,2013-10-01
DNB,2013-11-01
DNB,2013-12-01
DNB,2014-01-01
DNB,2014-02-01
DNB,2014-03-01
DNB,2014-04-01
DNB,2014-05-01
DNB,2014-06-01
DNB,2014-07-01
DNB,2014-08-01
DNB,2014-09-01
DNB,2014-10-01
DNB,2014-11-01
DNB,2014-12-01
DNB,2015-01-01
DNB,2015-02-01
DNB,2015-03-01
DNB,2015-04-01
DNB,2015-05-01
DNB,2015-06-01
DNB,2015-07-01
DNB,2015-08-01
DNB,2015-09-01
DNB,2015-10-01
DNB,2015-11-01
DNB,2015-12-01
DNB,2016-01-01
DNB,2016-02-01
DNB,2016-03-01
DNB,2016-04-01
DNB,2016-05-01
DNB,2016-06-01
DNB,2016-07-01
DNB,2016-08-01
DNB,2016-09-01
DNB,2016-10-01
DNB,2016-11-01
DNB,2016-12-01
DNB,2017-01-01
DNB,2017-02-01
DNB,2017-03-01
DNB,2017-04-01
DNR,2009-05-01
DNR,2009-06-01
DNR,2009-07-01
DNR,2009-08-01
DNR,2009-09-01
DNR,2009-10-01
DNR,2009-11-01
DNR,2009-12-01
DNR,2010-01-01
DNR,2010-02-01
DNR,2010-03-01
DNR,2010-04-01
DNR,2010-05-01
DNR,2010-06-01
DNR,2010-07-01
DNR,2010-08-01
DNR,2010-09-01
DNR,2010-10-01
DNR,2010-11-01
DNR,2010-12-01
DNR,2011-01-01
DNR,2011-02-01
DNR,2011-03-01
DNR,2011-04-01
DNR,2011-05-01
DNR,2011-06-01
DNR,2011-07-01
DNR,2011-08-01
DNR,2011-09-01
DNR,2011-10-01
DNR,2011-11-01
DNR,2011-12-01
DNR,2012-01-01
DNR,2012-02-01
DNR,2012-03-01
DNR,2012-04-01
DNR,2012-05-01
DNR,2012-06-01
DNR,2012-07-01
DNR,2012-08-01
DNR,2012-09-01
DNR,2012-10-01
DNR,2012-11-01
DNR,2012-12-01
DNR,2013-01-01
DNR,2013-02-01
DNR,2013-03-01
DNR,2013-04-01
DNR,2013-05-01
DNR,2013-06-01
DNR,2013-07-01
DNR,2013-08-01
DNR,2013-09-01
DNR,2013-10-01
DNR,2013-11-01
DNR,2013-12-01
DNR,2014-01-01
DNR,2014-02-01
DNR,2014-03-01
DNR,2014-04-01
DNR,2014-05-01
DNR,2014-06-01
DNR,2014-07-01
DNR,2014-08-01
DNR,2014-09-01
DNR,2014-10-01
DNR,2014-11-01
DNR,2014-12-01
DNR,2015-01-01
DNR,2015-02-01
DNR,2015-03-01
DO,2009-03-01
DO,2009-04-01
DO,2009-05-01
DO,2009-06-01
DO,2009-07-01
DO,2009-08-01
DO,2009-09-01
DO,2009-10-01
DO,2009-11-01
DO,2009-12-01
DO,2010-01-01
DO,2010-02-01
DO,2010-03-01
DO,2010-04-01
DO,2010-05-01
DO,2010-06-01
DO,2010-07-01
DO,2010-08-01
DO,2010-09-01
DO,2010-10-01
DO,2010-11-01
DO,2010-12-01
DO,2011-01-01
DO,2011-02-01
DO,2011-03-01
DO,2011-04-01
DO,2011-05-01
DO,2011-06-01
DO,2011-07-01
DO,2011-08-01
DO,2011-09-01
DO,2011-10-01
DO,2011-11-01
DO,2011-12-01
DO,2012-01-01
DO,2012-02-01
DO,2012-03-01
DO,2012-04-01
DO,2012-05-01
DO,2012-06-01
DO,2012-07-01
DO,2012-08-01
DO,2012-09-01
DO,2012-10-01
DO,2012-11-01
DO,2012-12-01
DO,2013-01-01
DO,2013-02-01
DO,2013-03-01
DO,2013-04-01
DO,2013-05-01
DO,2013-06-01
DO,2013-07-01
DO,2013-08-01
DO,2013-09-01
DO,2013-10-01
DO,2013-11-01
DO,2013-12-01
DO,2014-01-01
DO,2014-02-01
DO,2014-03-01
DO,2014-04-01
DO,2014-05-01
DO,2014-06-01
DO,2014-07-01
DO,2014-08-01
DO,2014-09-01
DO,2014-10-01
DO,2014-11-01
DO,2014-12-01
DO,2015-01-01
DO,2015-02-01
DO,2015-03-01
DO,2015-04-01
DO,2015-05-01
DO,2015-06-01
DO,2015-07-01
DO,2015-08-01
DO,2015-09-01
DO,2015-10-01
DO,2015-11-01
DO,2015-12-01
DO,2016-01-01
DO,2016-02-01
DO,2016-03-01
DO,2016-04-01
DO,2016-05-01
DO,2016-06-01
DO,2016-07-01
DO,2016-08-01
DO,2016-09-01
DO,2016-10-01
DOW,1996-02-01
DOW,1996-03-01
DOW,1996-04-01
DOW,1996-05-01
DOW,1996-06-01
DOW,1996-07-01
DOW,1996-08-01
DOW,1996-09-01
DOW,1996-10-01
DOW,1996-11-01
DOW,1996-12-01
DOW,1997-01-01
DOW,1997-02-01
DOW,1997-03-01
DOW,1997-04-01
DOW,1997-05-01
DOW,1997-06-01
DOW,1997-07-01
DOW,1997-08-01
DOW,1997-09-01
DOW,1997-10-01
DOW,1997-11-01
DOW,1997-12-01
DOW,1998-01-01
DOW,1998-02-01
DOW,1998-03-01
DOW,1998-04-01
DOW,1998-05-01
DOW,1998-06-01
DOW,1998-07-01
DOW,1998-08-01
DOW,1998-09-01
DOW,1998-10-01
DOW,1998-11-01
DOW,1998-12-01
DOW,1999-01-01
DOW,1999-02-01
DOW,1999-03-01
DOW,1999-04-01
DOW,1999-05-01
DOW,1999-06-01
DOW,1999-07-01
DOW,1999-08-01
DOW,1999-09-01
DOW,1999-10-01
DOW,1999-11-01
DOW,1999-12-01
DOW,2000-01-01
DOW,2000-02-01
DOW,2000-03-01
DOW,2000-04-01
DOW,2000-05-01
DOW,2000-06-01
DOW,2000-07-01
DOW,2000-08-01
DOW,2000-09-01
DOW,2000-10-01
DOW,2000-11-01
DOW,2000-12-01
DOW,2001-01-01
DOW,2001-02-01
DOW,2001-03-01
DOW,2001-04-01
DOW,2001-05-01
DOW,2001-06-01
DOW,2001-07-01
DOW,2001-08-01
DOW,2001-09-01
DOW,2001-10-01
DOW,2001-11-01
DOW,2001-12-01
DOW,2002-01-01
DOW,2002-02-01
DOW,2002-03-01
DOW,2002-04-01
DOW,2002-05-01
DOW,2002-06-01
DOW,2002-07-01
DOW,2002-08-01
DOW,2002-09-01
DOW,2002-10-01
DOW,2002-11-01
DOW,2002-12-01
DOW,2003-01-01
DOW,2003-02-01
DOW,2003-03-01
DOW,2003-04-01
DOW,2003-05-01
DOW,2003-06-01
DOW,2003-07-01
DOW,2003-08-01
DOW,2003-09-01
DOW,2003-10-01
DOW,2003-11-01
DOW,2003-12-01
DOW,2004-01-01
DOW,2004-02-01
DOW,2004-03-01
DOW,2004-04-01
DOW,2004-05-01
DOW,2004-06-01
DOW,2004-07-01
DOW,2004-08-01
DOW,2004-09-01
DOW,2004-10-01
DOW,2004-11-01
DOW,2004-12-01
DOW,2005-01-01
DOW,2005-02-01
DOW,2005-03-01
DOW,2005-04-01
DOW,2005-05-01
DOW,2005-06-01
DOW,2005-07-01
DOW,2005-08-01
DOW,2005-09-01
DOW,2005-10-01
DOW,2005-11-01
DOW,2005-12-01
DOW,2006-01-01
DOW,2006-02-01
DOW,2006-03-01
DOW,2006-04-01
DOW,2006-05-01
DOW,2006-06-01
DOW,2006-07-01
DOW,2006-08-01
DOW,2006-09-01
DOW,2006-10-01
DOW,2006-11-01
DOW,2006-12-01
DOW,2007-01-01
DOW,2007-02-01
DOW,2007-03-01
DOW,2007-04-01
DOW,2007-05-01
DOW,2007-06-01
DOW,2007-07-01
DOW,2007-08-01
DOW,2007-09-01
DOW,2007-10-01
DOW,2007-11-01
DOW,2007-12-01
DOW,2008-01-01
DOW,2008-02-01
DOW,2008-03-01
DOW,2008-04-01
DOW,2008-05-01
DOW,2008-06-01
DOW,2008-07-01
DOW,2008-08-01
DOW,2008-09-01
DOW,2008-10-01
DOW,2008-11-01
DOW,2008-12-01
DOW,2009-01-01
DOW,2009-02-01
DOW,2009-03-01
DOW,2009-04-01
DOW,2009-05-01
DOW,2009-06-01
DOW,2009-07-01
DOW,2009-08-01
DOW,2009-09-01
DOW,2009-10-01
DOW,2009-11-01
DOW,2009-12-01
DOW,2010-01-01
DOW,2010-02-01
DOW,2010-03-01
DOW,2010-04-01
DOW,2010-05-01
DOW,2010-06-01
DOW,2010-07-01
DOW,2010-08-01
DOW,2010-09-01
DOW,2010-10-01
DOW,2010-11-01
DOW,2010-12-01
DOW,2011-01-01
DOW,2011-02-01
DOW,2011-03-01
DOW,2011-04-01
DOW,2011-05-01
DOW,2011-06-01
DOW,2011-07-01
DOW,2011-08-01
DOW,2011-09-01
DOW,2011-10-01
DOW,2011-11-01
DOW,2011-12-01
DOW,2012-01-01
DOW,2012-02-01
DOW,2012-03-01
DOW,2012-04-01
DOW,2012-05-01
DOW,2012-06-01
DOW,2012-07-01
DOW,2012-08-01
DOW,2012-09-01
DOW,2012-10-01
DOW,2012-11-01
DOW,2012-12-01
DOW,2013-01-01
DOW,2013-02-01
DOW,2013-03-01
DOW,2013-04-01
DOW,2013-05-01
DOW,2013-06-01
DOW,2013-07-01
DOW,2013-08-01
DOW,2013-09-01
DOW,2013-10-01
DOW,2013-11-01
DOW,2013-12-01
DOW,2014-01-01
DOW,2014-02-01
DOW,2014-03-01
DOW,2014-04-01
DOW,2014-05-01
DOW,2014-06-01
DOW,2014-07-01
DOW,2014-08-01
DOW,2014-09-01
DOW,2014-10-01
DOW,2014-11-01
DOW,2014-12-01
DOW,2015-01-01
DOW,2015-02-01
DOW,2015-03-01
DOW,2015-04-01
DOW,2015-05-01
DOW,2015-06-01
DOW,2015-07-01
DOW,2015-08-01
DOW,2015-09-01
DOW,2015-10-01
DOW,2015-11-01
DOW,2015-12-01
DOW,2016-01-01
DOW,2016-02-01
DOW,2016-03-01
DOW,2016-04-01
DOW,2016-05-01
DOW,2016-06-01
DOW,2016-07-01
DOW,2016-08-01
DOW,2016-09-01
DOW,2016-10-01
DOW,2016-11-01
DOW,2016-12-01
DOW,2017-01-01
DOW,2017-02-01
DOW,2017-03-01
DOW,2017-04-01
DOW,2017-05-01
DOW,2017-06-01
DOW,2017-07-01
DOW,2017-08-01
DOW,2019-05-01
DOW,2019-06-01
DOW,2019-07-01
DOW,2019-08-01
DOW,2019-09-01
DOW,2019-10-01
DOW,2019-11-01
DOW,2019-12-01
DOW,2020-01-01
DOW,2020-02-01
DOW,2020-03-01
DOW,2020-04-01
DOW,2020-05-01
DOW,2020-06-01
DOW,2020-07-01
DOW,2020-08-01
DOW,2020-09-01
DOW,2020-10-01
DOW,2020-11-01
DOW,2020-12-01
DOW,2021-01-01
DOW,2021-02-01
DOW,2021-03-01
DOW,2021-04-01
DOW,2021-05-01
DOW,2021-06-01
DOW,2021-07-01
DOW,2021-08-01
DOW,2021-09-01
DOW,2021-10-01
DOW,2021-11-01
DOW,2021-12-01
DOW,2022-01-01
DOW,2022-02-01
DOW,2022-03-01
DOW,2022-04-01
DOW,2022-05-01
DOW,2022-06-01
DOW,2022-07-01
DOW,2022-08-01
DOW,2022-09-01
DOW,2022-10-01
DOW,2022-11-01
DOW,2022-12-01
DOW,2023-01-01
DOW,2023-02-01
DOW,2023-03-01
DOW,2023-04-01
DOW,2023-05-01
DOW,2023-06-01
DOW,2023-07-01
DOW,2023-08-01
DOW,2023-09-01
DOW,2023-10-01
DOW,2023-11-01
DOW,2023-12-01
DOW,2024-01-01
DOW,2024-02-01
DOW,2024-03-01
DOW,2024-04-01
DOW,2024-05-01
DOW,2024-06-01
DOW,2024-07-01
DOW,2024-08-01
DOW,2024-09-01
DOW,2024-10-01
DOW,2024-11-01
DOW,2024-12-01
DOW,2025-01-01
DOW,2025-02-01
DOW,2025-03-01
DOW,2025-04-01
DOW,2025-05-01
DPHIQ,1999-06-01
DPHIQ,1999-07-01
DPHIQ,1999-08-01
DPHIQ,1999-09-01
DPHIQ,1999-10-01
DPHIQ,1999-11-01
DPHIQ,1999-12-01
DPHIQ,2000-01-01
DPHIQ,2000-02-01
DPHIQ,2000-03-01
DPHIQ,2000-04-01
DPHIQ,2000-05-01
DPHIQ,2000-06-01
DPHIQ,2000-07-01
DPHIQ,2000-08-01
DPHIQ,2000-09-01
DPHIQ,2000-10-01
DPHIQ,2000-11-01
DPHIQ,2000-12-01
DPHIQ,2001-01-01
DPHIQ,2001-02-01
DPHIQ,2001-03-01
DPHIQ,2001-04-01
DPHIQ,2001-05-01
DPHIQ,2001-06-01
DPHIQ,2001-07-01
DPHIQ,2001-08-01
DPHIQ,2001-09-01
DPHIQ,2001-10-01
DPHIQ,2001-11-01
DPHIQ,2001-12-01
DPHIQ,2002-01-01
DPHIQ,2002-02-01
DPHIQ,2002-03-01
DPHIQ,2002-04-01
DPHIQ,2002-05-01
DPHIQ,2002-06-01
DPHIQ,2002-07-01
DPHIQ,2002-08-01
DPHIQ,2002-09-01
DPHIQ,2002-10-01
DPHIQ,2002-11-01
DPHIQ,2002-12-01
DPHIQ,2003-01-01
DPHIQ,2003-02-01
DPHIQ,2003-03-01
DPHIQ,2003-04-01
DPHIQ,2003-05-01
DPHIQ,2003-06-01
DPHIQ,2003-07-01
DPHIQ,2003-08-01
DPHIQ,2003-09-01
DPHIQ,2003-10-01
DPHIQ,2003-11-01
DPHIQ,2003-12-01
DPHIQ,2004-01-01
DPHIQ,2004-02-01
DPHIQ,2004-03-01
DPHIQ,2004-04-01
DPHIQ,2004-05-01
DPHIQ,2004-06-01
DPHIQ,2004-07-01
DPHIQ,2004-08-01
DPHIQ,2004-09-01
DPHIQ,2004-10-01
DPHIQ,2004-11-01
DPHIQ,2004-12-01
DPHIQ,2005-01-01
DPHIQ,2005-02-01
DPHIQ,2005-03-01
DPHIQ,2005-04-01
DPHIQ,2005-05-01
DPHIQ,2005-06-01
DPHIQ,2005-07-01
DPHIQ,2005-08-01
DPHIQ,2005-09-01
DPHIQ,2005-10-01
DRE,2017-08-01
DRE,2017-09-01
DRE,2017-10-01
DRE,2017-11-01
DRE,2017-12-01
DRE,2018-01-01
DRE,2018-02-01
DRE,2018-03-01
DRE,2018-04-01
DRE,2018-05-01
DRE,2018-06-01
DRE,2018-07-01
DRE,2018-08-01
DRE,2018-09-01
DRE,2018-10-01
DRE,2018-11-01
DRE,2018-12-01
DRE,2019-01-01
DRE,2019-02-01
DRE,2019-03-01
DRE,2019-04-01
DRE,2019-05-01
DRE,2019-06-01
DRE,2019-07-01
DRE,2019-08-01
DRE,2019-09-01
DRE,2019-10-01
DRE,2019-11-01
DRE,2019-12-01
DRE,2020-01-01
DRE,2020-02-01
DRE,2020-03-01
DRE,2020-04-01
DRE,2020-05-01
DRE,2020-06-01
DRE,2020-07-01
DRE,2020-08-01
DRE,2020-09-01
DRE,2020-10-01
DRE,2020-11-01
DRE,2020-12-01
DRE,2021-01-01
DRE,2021-02-01
DRE,2021-03-01
DRE,2021-04-01
DRE,2021-05-01
DRE,2021-06-01
DRE,2021-07-01
DRE,2021-08-01
DRE,2021-09-01
DRE,2021-10-01
DRE,2021-11-01
DRE,2021-12-01
DRE,2022-01-01
DRE,2022-02-01
DRE,2022-03-01
DRE,2022-04-01
DRE,2022-05-01
DRE,2022-06-01
DRE,2022-07-01
DRE,2022-08-01
DRE,2022-09-01
DRE,2022-10-01
DTV,2007-01-01
DTV,2007-02-01
DTV,2007-03-01
DTV,2007-04-01
DTV,2007-05-01
DTV,2007-06-01
DTV,2007-07-01
DTV,2007-08-01
DTV,2007-09-01
DTV,2007-10-01
DTV,2007-11-01
DTV,2007-12-01
DTV,2008-01-01
DTV,2008-02-01
DTV,2008-03-01
DTV,2008-04-01
DTV,2008-05-01
DTV,2008-06-01
DTV,2008-07-01
DTV,2008-08-01
DTV,2008-09-01
DTV,2008-10-01
DTV,2008-11-01
DTV,2008-12-01
DTV,2009-01-01
DTV,2009-02-01
DTV,2009-03-01
DTV,2009-04-01
DTV,2009-05-01
DTV,2009-06-01
DTV,2009-07-01
DTV,2009-08-01
DTV,2009-09-01
DTV,2009-10-01
DTV,2009-11-01
DTV,2009-12-01
DTV,2010-01-01
DTV,2010-02-01
DTV,2010-03-01
DTV,2010-04-01
DTV,2010-05-01
DTV,2010-06-01
DTV,2010-07-01
DTV,2010-08-01
DTV,2010-09-01
DTV,2010-10-01
DTV,2010-11-01
DTV,2010-12-01
DTV,2011-01-01
DTV,2011-02-01
DTV,2011-03-01
DTV,2011-04-01
DTV,2011-05-01
DTV,2011-06-01
DTV,2011-07-01
DTV,2011-08-01
DTV,2011-09-01
DTV,2011-10-01
DTV,2011-11-01
DTV,2011-12-01
DTV,2012-01-01
DTV,2012-02-01
DTV,2012-03-01
DTV,2012-04-01
DTV,2012-05-01
DTV,2012-06-01
DTV,2012-07-01
DTV,2012-08-01
DTV,2012-09-01
DTV,2012-10-01
DTV,2012-11-01
DTV,2012-12-01
DTV,2013-01-01
DTV,2013-02-01
DTV,2013-03-01
DTV,2013-04-01
DTV,2013-05-01
DTV,2013-06-01
DTV,2013-07-01
DTV,2013-08-01
DTV,2013-09-01
DTV,2013-10-01
DTV,2013-11-01
DTV,2013-12-01
DTV,2014-01-01
DTV,2014-02-01
DTV,2014-03-01
DTV,2014-04-01
DTV,2014-05-01
DTV,2014-06-01
DTV,2014-07-01
DTV,2014-08-01
DTV,2014-09-01
DTV,2014-10-01
DTV,2014-11-01
DTV,2014-12-01
DTV,2015-01-01
DTV,2015-02-01
DTV,2015-03-01
DTV,2015-04-01
DTV,2015-05-01
DTV,2015-06-01
DTV,2015-07-01
DWD,1996-02-01
DWD,1996-03-01
DWD,1996-04-01
DWD,1996-05-01
DWD,1996-06-01
DWD,1996-07-01
DWD,1996-08-01
DWD,1996-09-01
DWD,1996-10-01
DWD,1996-11-01
DWD,1996-12-01
DWD,1997-01-01
DWD,1997-02-01
DWD,1997-03-01
DWD,1997-04-01
DWD,1997-05-01
DWD,1997-06-01
DWDP,2017-09-01
DWDP,2017-10-01
DWDP,2017-11-01
DWDP,2017-12-01
DWDP,2018-01-01
DWDP,2018-02-01
DWDP,2018-03-01
DWDP,2018-04-01
DWDP,2018-05-01
DWDP,2018-06-01
DWDP,2018-07-01
DWDP,2018-08-01
DWDP,2018-09-01
DWDP,2018-10-01
DWDP,2018-11-01
DWDP,2018-12-01
DWDP,2019-01-01
DWDP,2019-02-01
DWDP,2019-03-01
DWDP,2019-04-01
DWDP,2019-05-01
DWDP,2019-06-01
DYN,2000-11-01
DYN,2000-12-01
DYN,2001-01-01
DYN,2001-02-01
DYN,2001-03-01
DYN,2001-04-01
DYN,2001-05-01
DYN,2001-06-01
DYN,2001-07-01
DYN,2001-08-01
DYN,2001-09-01
DYN,2001-10-01
DYN,2001-11-01
DYN,2001-12-01
DYN,2002-01-01
DYN,2002-02-01
DYN,2002-03-01
DYN,2002-04-01
DYN,2002-05-01
DYN,2002-06-01
DYN,2002-07-01
DYN,2002-08-01
DYN,2002-09-01
DYN,2002-10-01
DYN,2002-11-01
DYN,2002-12-01
DYN,2003-01-01
DYN,2003-02-01
DYN,2003-03-01
DYN,2003-04-01
DYN,2003-05-01
DYN,2003-06-01
DYN,2003-07-01
DYN,2003-08-01
DYN,2003-09-01
DYN,2003-10-01
DYN,2003-11-01
DYN,2003-12-01
DYN,2004-01-01
DYN,2004-02-01
DYN,2004-03-01
DYN,2004-04-01
DYN,2004-05-01
DYN,2004-06-01
DYN,2004-07-01
DYN,2004-08-01
DYN,2004-09-01
DYN,2004-10-01
DYN,2004-11-01
DYN,2004-12-01
DYN,2005-01-01
DYN,2005-02-01
DYN,2005-03-01
DYN,2005-04-01
DYN,2005-05-01
DYN,2005-06-01
DYN,2005-07-01
DYN,2005-08-01
DYN,2005-09-01
DYN,2005-10-01
DYN,2005-11-01
DYN,2005-12-01
DYN,2006-01-01
DYN,2006-02-01
DYN,2006-03-01
DYN,2006-04-01
DYN,2006-05-01
DYN,2006-06-01
DYN,2006-07-01
DYN,2006-08-01
DYN,2006-09-01
DYN,2006-10-01
DYN,2006-11-01
DYN,2006-12-01
DYN,2007-01-01
DYN,2007-02-01
DYN,2007-03-01
DYN,2007-04-01
DYN,2007-05-01
DYN,2007-06-01
DYN,2007-07-01
DYN,2007-08-01
DYN,2007-09-01
DYN,2007-10-01
DYN,2007-11-01
DYN,2007-12-01
DYN,2008-01-01
DYN,2008-02-01
DYN,2008-03-01
DYN,2008-04-01
DYN,2008-05-01
DYN,2008-06-01
DYN,2008-07-01
DYN,2008-08-01
DYN,2008-09-01
DYN,2008-10-01
DYN,2008-11-01
DYN,2008-12-01
DYN,2009-01-01
DYN,2009-02-01
DYN,2009-03-01
DYN,2009-04-01
DYN,2009-05-01
DYN,2009-06-01
DYN,2009-07-01
DYN,2009-08-01
DYN,2009-09-01
DYN,2009-10-01
DYN,2009-11-01
DYN,2009-12-01
EC,1996-02-01
EC,1996-03-01
EC,1996-04-01
EC,1996-05-01
EC,1996-06-01
EC,1996-07-01
EC,1996-08-01
EC,1996-09-01
EC,1996-10-01
EC,1996-11-01
EC,1996-12-01
EC,1997-01-01
EC,1997-02-01
EC,1997-03-01
EC,1997-04-01
EC,1997-05-01
EC,1997-06-01
EC,1997-07-01
EC,1997-08-01
EC,1997-09-01
EC,1997-10-01
EC,1997-11-01
EC,1997-12-01
EC,1998-01-01
EC,1998-02-01
EC,1998-03-01
EC,1998-04-01
EC,1998-05-01
EC,1998-06-01
EC,1998-07-01
EC,1998-08-01
EC,1998-09-01
EC,1998-10-01
EC,1998-11-01
EC,1998-12-01
EC,1999-01-01
EC,1999-02-01
EC,1999-03-01
EC,1999-04-01
EC,1999-05-01
EC,1999-06-01
EC,1999-07-01
EC,1999-08-01
EC,1999-09-01
EC,1999-10-01
EC,1999-11-01
EC,1999-12-01
EC,2000-01-01
EC,2000-02-01
EC,2000-03-01
EC,2000-04-01
EC,2000-05-01
EC,2000-06-01
EC,2000-07-01
EC,2000-08-01
EC,2000-09-01
EC,2000-10-01
EC,2000-11-01
EC,2000-12-01
EC,2001-01-01
EC,2001-02-01
EC,2001-03-01
EC,2001-04-01
EC,2001-05-01
EC,2001-06-01
EC,2001-07-01
EC,2001-08-01
EC,2001-09-01
EC,2001-10-01
EC,2001-11-01
EC,2001-12-01
EC,2002-01-01
EC,2002-02-01
EC,2002-03-01
EC,2002-04-01
EC,2002-05-01
EC,2002-06-01
EC,2002-07-01
EC,2002-08-01
EC,2002-09-01
EC,2002-10-01
EC,2002-11-01
EC,2002-12-01
EC,2003-01-01
EC,2003-02-01
EC,2003-03-01
EC,2003-04-01
EC,2003-05-01
EC,2003-06-01
EC,2003-07-01
EC,2003-08-01
EC,2003-09-01
EC,2003-10-01
EC,2003-11-01
EC,2003-12-01
EC,2004-01-01
EC,2004-02-01
EC,2004-03-01
EC,2004-04-01
EC,2004-05-01
EC,2004-06-01
EC,2004-07-01
EC,2004-08-01
EC,2004-09-01
EC,2004-10-01
EC,2004-11-01
EC,2004-12-01
EC,2005-01-01
EC,2005-02-01
EC,2005-03-01
EC,2005-04-01
EC,2005-05-01
EC,2005-06-01
EC,2005-07-01
EC,2005-08-01
EC,2005-09-01
EC,2005-10-01
EC,2005-11-01
EC,2005-12-01
EC,2006-01-01
EC,2006-02-01
EC,2006-03-01
EC,2006-04-01
EC,2006-05-01
EC,2006-06-01
ECH,1996-02-01
ECH,1996-03-01
ECH,1996-04-01
ECH,1996-05-01
ECH,1996-06-01
ECH,1996-07-01
ECH,1996-08-01
ECH,1996-09-01
ECH,1996-10-01
ECH,1996-11-01
ECH,1996-12-01
ECH,1997-01-01
ECH,1997-02-01
ECH,1997-03-01
ECH,1997-04-01
ECH,1997-05-01
ECH,1997-06-01
ECH,1997-07-01
ECH,1997-08-01
ECH,1997-09-01
ECH,1997-10-01
ECH,1997-11-01
ECH,1997-12-01
ECH,1998-01-01
ECH,1998-02-01
ECH,1998-03-01
ECH,1998-04-01
ECH,1998-05-01
ECH,1998-06-01
ECH,1998-07-01
ECO,1996-02-01
ECO,1996-03-01
ECO,1996-04-01
ECO,1996-05-01
ECO,1996-06-01
ECO,1996-07-01
ECO,1996-08-01
ECO,1996-09-01
ECO,1996-10-01
ECO,1996-11-01
ECO,1996-12-01
ECO,1997-01-01
ECO,1997-02-01
ECO,1997-03-01
ECO,1997-04-01
ECO,1997-05-01
ECO,1997-06-01
ECO,1997-07-01
ECO,1997-08-01
ECO,1997-09-01
ECO,1997-10-01
ECO,1997-11-01
ECO,1997-12-01
ECO,1998-01-01
EDS,1998-09-01
EDS,1998-10-01
EDS,1998-11-01
EDS,1998-12-01
EDS,1999-01-01
EDS,1999-02-01
EDS,1999-03-01
EDS,1999-04-01
EDS,1999-05-01
EDS,1999-06-01
EDS,1999-07-01
EDS,1999-08-01
EDS,1999-09-01
EDS,1999-10-01
EDS,1999-11-01
EDS,1999-12-01
EDS,2000-01-01
EDS,2000-02-01
EDS,2000-03-01
EDS,2000-04-01
EDS,2000-05-01
EDS,2000-06-01
EDS,2000-07-01
EDS,2000-08-01
EDS,2000-09-01
EDS,2000-10-01
EDS,2000-11-01
EDS,2000-12-01
EDS,2001-01-01
EDS,2001-02-01
EDS,2001-03-01
EDS,2001-04-01
EDS,2001-05-01
EDS,2001-06-01
EDS,2001-07-01
EDS,2001-08-01
EDS,2001-09-01
EDS,2001-10-01
EDS,2001-11-01
EDS,2001-12-01
EDS,2002-01-01
EDS,2002-02-01
EDS,2002-03-01
EDS,2002-04-01
EDS,2002-05-01
EDS,2002-06-01
EDS,2002-07-01
EDS,2002-08-01
EDS,2002-09-01
EDS,2002-10-01
EDS,2002-11-01
EDS,2002-12-01
EDS,2003-01-01
EDS,2003-02-01
EDS,2003-03-01
EDS,2003-04-01
EDS,2003-05-01
EDS,2003-06-01
EDS,2003-07-01
EDS,2003-08-01
EDS,2003-09-01
EDS,2003-10-01
EDS,2003-11-01
EDS,2003-12-01
EDS,2004-01-01
EDS,2004-02-01
EDS,2004-03-01
EDS,2004-04-01
EDS,2004-05-01
EDS,2004-06-01
EDS,2004-07-01
EDS,2004-08-01
EDS,2004-09-01
EDS,2004-10-01
EDS,2004-11-01
EDS,2004-12-01
EDS,2005-01-01
EDS,2005-02-01
EDS,2005-03-01
EDS,2005-04-01
EDS,2005-05-01
EDS,2005-06-01
EDS,2005-07-01
EDS,2005-08-01
EDS,2005-09-01
EDS,2005-10-01
EDS,2005-11-01
EDS,2005-12-01
EDS,2006-01-01
EDS,2006-02-01
EDS,2006-03-01
EDS,2006-04-01
EDS,2006-05-01
EDS,2006-06-01
EDS,2006-07-01
EDS,2006-08-01
EDS,2006-09-01
EDS,2006-10-01
EDS,2006-11-01
EDS,2006-12-01
EDS,2007-01-01
EDS,2007-02-01
EDS,2007-03-01
EDS,2007-04-01
EDS,2007-05-01
EDS,2007-06-01
EDS,2007-07-01
EDS,2007-08-01
EDS,2007-09-01
EDS,2007-10-01
EDS,2007-11-01
EDS,2007-12-01
EDS,2008-01-01
EDS,2008-02-01
EDS,2008-03-01
EDS,2008-04-01
EDS,2008-05-01
EDS,2008-06-01
EDS,2008-07-01
EDS,2008-08-01
EFU,1996-02-01
EFU,1996-03-01
EFU,1996-04-01
EFU,1996-05-01
EFU,1996-06-01
EFU,1996-07-01
EFU,1996-08-01
EFU,1996-09-01
EFU,1996-10-01
EFU,1996-11-01
EFU,1996-12-01
EFU,1997-01-01
EFU,1997-02-01
EFU,1997-03-01
EFU,1997-04-01
EFU,1997-05-01
EFU,1997-06-01
EFU,1997-07-01
EFU,1997-08-01
EFU,1997-09-01
EFU,1997-10-01
EFU,1997-11-01
EFU,1997-12-01
EFU,1998-01-01
EFU,1998-02-01
EFU,1998-03-01
EFU,1998-04-01
EFU,1998-05-01
EFU,1998-06-01
EFU,1998-07-01
EFU,1998-08-01
EFU,1998-09-01
EFU,1998-10-01
EFU,1998-11-01
EFU,1998-12-01
EFU,1999-01-01
EFU,1999-02-01
EFU,1999-03-01
EFU,1999-04-01
EFU,1999-05-01
EFU,1999-06-01
EFU,1999-07-01
EFU,1999-08-01
EFU,1999-09-01
EFU,1999-10-01
EFU,1999-11-01
EFU,1999-12-01
EFU,2000-01-01
EFU,2000-02-01
EFU,2000-03-01
EFU,2000-04-01
EFU,2000-05-01
EFU,2000-06-01
EFU,2000-07-01
EFU,2000-08-01
EFU,2000-09-01
EFU,2000-10-01
EFU,2000-11-01
EKDKQ,1996-02-01
EKDKQ,1996-03-01
EKDKQ,1996-04-01
EKDKQ,1996-05-01
EKDKQ,1996-06-01
EKDKQ,1996-07-01
EKDKQ,1996-08-01
EKDKQ,1996-09-01
EKDKQ,1996-10-01
EKDKQ,1996-11-01
EKDKQ,1996-12-01
EKDKQ,1997-01-01
EKDKQ,1997-02-01
EKDKQ,1997-03-01
EKDKQ,1997-04-01
EKDKQ,1997-05-01
EKDKQ,1997-06-01
EKDKQ,1997-07-01
EKDKQ,1997-08-01
EKDKQ,1997-09-01
EKDKQ,1997-10-01
EKDKQ,1997-11-01
EKDKQ,1997-12-01
EKDKQ,1998-01-01
EKDKQ,1998-02-01
EKDKQ,1998-03-01
EKDKQ,1998-04-01
EKDKQ,1998-05-01
EKDKQ,1998-06-01
EKDKQ,1998-07-01
EKDKQ,1998-08-01
EKDKQ,1998-09-01
EKDKQ,1998-10-01
EKDKQ,1998-11-01
EKDKQ,1998-12-01
EKDKQ,1999-01-01
EKDKQ,1999-02-01
EKDKQ,1999-03-01
EKDKQ,1999-04-01
EKDKQ,1999-05-01
EKDKQ,1999-06-01
EKDKQ,1999-07-01
EKDKQ,1999-08-01
EKDKQ,1999-09-01
EKDKQ,1999-10-01
EKDKQ,1999-11-01
EKDKQ,1999-12-01
EKDKQ,2000-01-01
EKDKQ,2000-02-01
EKDKQ,2000-03-01
EKDKQ,2000-04-01
EKDKQ,2000-05-01
EKDKQ,2000-06-01
EKDKQ,2000-07-01
EKDKQ,2000-08-01
EKDKQ,2000-09-01
EKDKQ,2000-10-01
EKDKQ,2000-11-01
EKDKQ,2000-12-01
EKDKQ,2001-01-01
EKDKQ,2001-02-01
EKDKQ,2001-03-01
EKDKQ,2001-04-01
EKDKQ,2001-05-01
EKDKQ,2001-06-01
EKDKQ,2001-07-01
EKDKQ,2001-08-01
EKDKQ,2001-09-01
EKDKQ,2001-10-01
EKDKQ,2001-11-01
EKDKQ,2001-12-01
EKDKQ,2002-01-01
EKDKQ,2002-02-01
EKDKQ,2002-03-01
EKDKQ,2002-04-01
EKDKQ,2002-05-01
EKDKQ,2002-06-01
EKDKQ,2002-07-01
EKDKQ,2002-08-01
EKDKQ,2002-09-01
EKDKQ,2002-10-01
EKDKQ,2002-11-01
EKDKQ,2002-12-01
EKDKQ,2003-01-01
EKDKQ,2003-02-01
EKDKQ,2003-03-01
EKDKQ,2003-04-01
EKDKQ,2003-05-01
EKDKQ,2003-06-01
EKDKQ,2003-07-01
EKDKQ,2003-08-01
EKDKQ,2003-09-01
EKDKQ,2003-10-01
EKDKQ,2003-11-01
EKDKQ,2003-12-01
EKDKQ,2004-01-01
EKDKQ,2004-02-01
EKDKQ,2004-03-01
EKDKQ,2004-04-01
EKDKQ,2004-05-01
EKDKQ,2004-06-01
EKDKQ,2004-07-01
EKDKQ,2004-08-01
EKDKQ,2004-09-01
EKDKQ,2004-10-01
EKDKQ,2004-11-01
EKDKQ,2004-12-01
EKDKQ,2005-01-01
EKDKQ,2005-02-01
EKDKQ,2005-03-01
EKDKQ,2005-04-01
EKDKQ,2005-05-01
EKDKQ,2005-06-01
EKDKQ,2005-07-01
EKDKQ,2005-08-01
EKDKQ,2005-09-01
EKDKQ,2005-10-01
EKDKQ,2005-11-01
EKDKQ,2005-12-01
EKDKQ,2006-01-01
EKDKQ,2006-02-01
EKDKQ,2006-03-01
EKDKQ,2006-04-01
EKDKQ,2006-05-01
EKDKQ,2006-06-01
EKDKQ,2006-07-01
EKDKQ,2006-08-01
EKDKQ,2006-09-01
EKDKQ,2006-10-01
EKDKQ,2006-11-01
EKDKQ,2006-12-01
EKDKQ,2007-01-01
EKDKQ,2007-02-01
EKDKQ,2007-03-01
EKDKQ,2007-04-01
EKDKQ,2007-05-01
EKDKQ,2007-06-01
EKDKQ,2007-07-01
EKDKQ,2007-08-01
EKDKQ,2007-09-01
EKDKQ,2007-10-01
EKDKQ,2007-11-01
EKDKQ,2007-12-01
EKDKQ,2008-01-01
EKDKQ,2008-02-01
EKDKQ,2008-03-01
EKDKQ,2008-04-01
EKDKQ,2008-05-01
EKDKQ,2008-06-01
EKDKQ,2008-07-01
EKDKQ,2008-08-01
EKDKQ,2008-09-01
EKDKQ,2008-10-01
EKDKQ,2008-11-01
EKDKQ,2008-12-01
EKDKQ,2009-01-01
EKDKQ,2009-02-01
EKDKQ,2009-03-01
EKDKQ,2009-04-01
EKDKQ,2009-05-01
EKDKQ,2009-06-01
EKDKQ,2009-07-01
EKDKQ,2009-08-01
EKDKQ,2009-09-01
EKDKQ,2009-10-01
EKDKQ,2009-11-01
EKDKQ,2009-12-01
EKDKQ,2010-01-01
EKDKQ,2010-02-01
EKDKQ,2010-03-01
EKDKQ,2010-04-01
EKDKQ,2010-05-01
EKDKQ,2010-06-01
EKDKQ,2010-07-01
EKDKQ,2010-08-01
EKDKQ,2010-09-01
EKDKQ,2010-10-01
EKDKQ,2010-11-01
EKDKQ,2010-12-01
EMC,1996-04-01
EMC,1996-05-01
EMC,1996-06-01
EMC,1996-07-01
EMC,1996-08-01
EMC,1996-09-01
EMC,1996-10-01
EMC,1996-11-01
EMC,1996-12-01
EMC,1997-01-01
EMC,1997-02-01
EMC,1997-03-01
EMC,1997-04-01
EMC,1997-05-01
EMC,1997-06-01
EMC,1997-07-01
EMC,1997-08-01
EMC,1997-09-01
EMC,1997-10-01
EMC,1997-11-01
EMC,1997-12-01
EMC,1998-01-01
EMC,1998-02-01
EMC,1998-03-01
EMC,1998-04-01
EMC,1998-05-01
EMC,1998-06-01
EMC,1998-07-01
EMC,1998-08-01
EMC,1998-09-01
EMC,1998-10-01
EMC,1998-11-01
EMC,1998-12-01
EMC,1999-01-01
EMC,1999-02-01
EMC,1999-03-01
EMC,1999-04-01
EMC,1999-05-01
EMC,1999-06-01
EMC,1999-07-01
EMC,1999-08-01
EMC,1999-09-01
EMC,1999-10-01
EMC,1999-11-01
EMC,1999-12-01
EMC,2000-01-01
EMC,2000-02-01
EMC,2000-03-01
EMC,2000-04-01
EMC,2000-05-01
EMC,2000-06-01
EMC,2000-07-01
EMC,2000-08-01
EMC,2000-09-01
EMC,2000-10-01
EMC,2000-11-01
EMC,2000-12-01
EMC,2001-01-01
EMC,2001-02-01
EMC,2001-03-01
EMC,2001-04-01
EMC,2001-05-01
EMC,2001-06-01
EMC,2001-07-01
EMC,2001-08-01
EMC,2001-09-01
EMC,2001-10-01
EMC,2001-11-01
EMC,2001-12-01
EMC,2002-01-01
EMC,2002-02-01
EMC,2002-03-01
EMC,2002-04-01
EMC,2002-05-01
EMC,2002-06-01
EMC,2002-07-01
EMC,2002-08-01
EMC,2002-09-01
EMC,2002-10-01
EMC,2002-11-01
EMC,2002-12-01
EMC,2003-01-01
EMC,2003-02-01
EMC,2003-03-01
EMC,2003-04-01
EMC,2003-05-01
EMC,2003-06-01
EMC,2003-07-01
EMC,2003-08-01
EMC,2003-09-01
EMC,2003-10-01
EMC,2003-11-01
EMC,2003-12-01
EMC,2004-01-01
EMC,2004-02-01
EMC,2004-03-01
EMC,2004-04-01
EMC,2004-05-01
EMC,2004-06-01
EMC,2004-07-01
EMC,2004-08-01
EMC,2004-09-01
EMC,2004-10-01
EMC,2004-11-01
EMC,2004-12-01
EMC,2005-01-01
EMC,2005-02-01
EMC,2005-03-01
EMC,2005-04-01
EMC,2005-05-01
EMC,2005-06-01
EMC,2005-07-01
EMC,2005-08-01
EMC,2005-09-01
EMC,2005-10-01
EMC,2005-11-01
EMC,2005-12-01
EMC,2006-01-01
EMC,2006-02-01
EMC,2006-03-01
EMC,2006-04-01
EMC,2006-05-01
EMC,2006-06-01
EMC,2006-07-01
EMC,2006-08-01
EMC,2006-09-01
EMC,2006-10-01
EMC,2006-11-01
EMC,2006-12-01
EMC,2007-01-01
EMC,2007-02-01
EMC,2007-03-01
EMC,2007-04-01
EMC,2007-05-01
EMC,2007-06-01
EMC,2007-07-01
EMC,2007-08-01
EMC,2007-09-01
EMC,2007-10-01
EMC,2007-11-01
EMC,2007-12-01
EMC,2008-01-01
EMC,2008-02-01
EMC,2008-03-01
EMC,2008-04-01
EMC,2008-05-01
EMC,2008-06-01
EMC,2008-07-01
EMC,2008-08-01
EMC,2008-09-01
EMC,2008-10-01
EMC,2008-11-01
EMC,2008-12-01
EMC,2009-01-01
EMC,2009-02-01
EMC,2009-03-01
EMC,2009-04-01
EMC,2009-05-01
EMC,2009-06-01
EMC,2009-07-01
EMC,2009-08-01
EMC,2009-09-01
EMC,2009-10-01
EMC,2009-11-01
EMC,2009-12-01
EMC,2010-01-01
EMC,2010-02-01
EMC,2010-03-01
EMC,2010-04-01
EMC,2010-05-01
EMC,2010-06-01
EMC,2010-07-01
EMC,2010-08-01
EMC,2010-09-01
EMC,2010-10-01
EMC,2010-11-01
EMC,2010-12-01
EMC,2011-01-01
EMC,2011-02-01
EMC,2011-03-01
EMC,2011-04-01
EMC,2011-05-01
EMC,2011-06-01
EMC,2011-07-01
EMC,2011-08-01
EMC,2011-09-01
EMC,2011-10-01
EMC,2011-11-01
EMC,2011-12-01
EMC,2012-01-01
EMC,2012-02-01
EMC,2012-03-01
EMC,2012-04-01
EMC,2012-05-01
EMC,2012-06-01
EMC,2012-07-01
EMC,2012-08-01
EMC,2012-09-01
EMC,2012-10-01
EMC,2012-11-01
EMC,2012-12-01
EMC,2013-01-01
EMC,2013-02-01
EMC,2013-03-01
EMC,2013-04-01
EMC,2013-05-01
EMC,2013-06-01
EMC,2013-07-01
EMC,2013-08-01
EMC,2013-09-01
EMC,2013-10-01
EMC,2013-11-01
EMC,2013-12-01
EMC,2014-01-01
EMC,2014-02-01
EMC,2014-03-01
EMC,2014-04-01
EMC,2014-05-01
EMC,2014-06-01
EMC,2014-07-01
EMC,2014-08-01
EMC,2014-09-01
EMC,2014-10-01
EMC,2014-11-01
EMC,2014-12-01
EMC,2015-01-01
EMC,2015-02-01
EMC,2015-03-01
EMC,2015-04-01
EMC,2015-05-01
EMC,2015-06-01
EMC,2015-07-01
EMC,2015-08-01
EMC,2015-09-01
EMC,2015-10-01
EMC,2015-11-01
EMC,2015-12-01
EMC,2016-01-01
EMC,2016-02-01
EMC,2016-03-01
EMC,2016-04-01
EMC,2016-05-01
EMC,2016-06-01
EMC,2016-07-01
EMC,2016-08-01
EMC,2016-09-01
ENDP,2015-02-01
ENDP,2015-03-01
ENDP,2015-04-01
ENDP,2015-05-01
ENDP,2015-06-01
ENDP,2015-07-01
ENDP,2015-08-01
ENDP,2015-09-01
ENDP,2015-10-01
ENDP,2015-11-01
ENDP,2015-12-01
ENDP,2016-01-01
ENDP,2016-02-01
ENDP,2016-03-01
ENDP,2016-04-01
ENDP,2016-05-01
ENDP,2016-06-01
ENDP,2016-07-01
ENDP,2016-08-01
ENDP,2016-09-01
ENDP,2016-10-01
ENDP,2016-11-01
ENDP,2016-12-01
ENDP,2017-01-01
ENDP,2017-02-01
ENDP,2017-03-01
ENRNQ,1996-02-01
ENRNQ,1996-03-01
ENRNQ,1996-04-01
ENRNQ,1996-05-01
ENRNQ,1996-06-01
ENRNQ,1996-07-01
ENRNQ,1996-08-01
ENRNQ,1996-09-01
ENRNQ,1996-10-01
ENRNQ,1996-11-01
ENRNQ,1996-12-01
ENRNQ,1997-01-01
ENRNQ,1997-02-01
ENRNQ,1997-03-01
ENRNQ,1997-04-01
ENRNQ,1997-05-01
ENRNQ,1997-06-01
ENRNQ,1997-07-01
ENRNQ,1997-08-01
ENRNQ,1997-09-01
ENRNQ,1997-10-01
ENRNQ,1997-11-01
ENRNQ,1997-12-01
ENRNQ,1998-01-01
ENRNQ,1998-02-01
ENRNQ,1998-03-01
ENRNQ,1998-04-01
ENRNQ,1998-05-01
ENRNQ,1998-06-01
ENRNQ,1998-07-01
ENRNQ,1998-08-01
ENRNQ,1998-09-01
ENRNQ,1998-10-01
ENRNQ,1998-11-01
ENRNQ,1998-12-01
ENRNQ,1999-01-01
ENRNQ,1999-02-01
ENRNQ,1999-03-01
ENRNQ,1999-04-01
ENRNQ,1999-05-01
ENRNQ,1999-06-01
ENRNQ,1999-07-01
ENRNQ,1999-08-01
ENRNQ,1999-09-01
ENRNQ,1999-10-01
ENRNQ,1999-11-01
ENRNQ,1999-12-01
ENRNQ,2000-01-01
ENRNQ,2000-02-01
ENRNQ,2000-03-01
ENRNQ,2000-04-01
ENRNQ,2000-05-01
ENRNQ,2000-06-01
ENRNQ,2000-07-01
ENRNQ,2000-08-01
ENRNQ,2000-09-01
ENRNQ,2000-10-01
ENRNQ,2000-11-01
ENRNQ,2000-12-01
ENRNQ,2001-01-01
ENRNQ,2001-02-01
ENRNQ,2001-03-01
ENRNQ,2001-04-01
ENRNQ,2001-05-01
ENRNQ,2001-06-01
ENRNQ,2001-07-01
ENRNQ,2001-08-01
ENRNQ,2001-09-01
ENRNQ,2001-10-01
ENRNQ,2001-11-01
ENS,1996-02-01
ENS,1996-03-01
ENS,1996-04-01
ENS,1996-05-01
ENS,1996-06-01
ENS,1996-07-01
ENS,1996-08-01
ENS,1996-09-01
ENS,1996-10-01
ENS,1996-11-01
ENS,1996-12-01
ENS,1997-01-01
ENS,1997-02-01
ENS,1997-03-01
ENS,1997-04-01
ENS,1997-05-01
ENS,1997-06-01
ENS,1997-07-01
ENS,1997-08-01
EOP,2001-11-01
EOP,2001-12-01
EOP,2002-01-01
EOP,2002-02-01
EOP,2002-03-01
EOP,2002-04-01
EOP,2002-05-01
EOP,2002-06-01
EOP,2002-07-01
EOP,2002-08-01
EOP,2002-09-01
EOP,2002-10-01
EOP,2002-11-01
EOP,2002-12-01
EOP,2003-01-01
EOP,2003-02-01
EOP,2003-03-01
EOP,2003-04-01
EOP,2003-05-01
EOP,2003-06-01
EOP,2003-07-01
EOP,2003-08-01
EOP,2003-09-01
EOP,2003-10-01
EOP,2003-11-01
EOP,2003-12-01
EOP,2004-01-01
EOP,2004-02-01
EOP,2004-03-01
EOP,2004-04-01
EOP,2004-05-01
EOP,2004-06-01
EOP,2004-07-01
EOP,2004-08-01
EOP,2004-09-01
EOP,2004-10-01
EOP,2004-11-01
EOP,2004-12-01
EOP,2005-01-01
EOP,2005-02-01
EOP,2005-03-01
EOP,2005-04-01
EOP,2005-05-01
EOP,2005-06-01
EOP,2005-07-01
EOP,2005-08-01
EOP,2005-09-01
EOP,2005-10-01
EOP,2005-11-01
EOP,2005-12-01
EOP,2006-01-01
EOP,2006-02-01
EOP,2006-03-01
EOP,2006-04-01
EOP,2006-05-01
EOP,2006-06-01
EOP,2006-07-01
EOP,2006-08-01
EOP,2006-09-01
EOP,2006-10-01
EOP,2006-11-01
EOP,2006-12-01
EOP,2007-01-01
EOP,2007-02-01
EQ,2006-06-01
EQ,2006-07-01
EQ,2006-08-01
EQ,2006-09-01
EQ,2006-10-01
EQ,2006-11-01
EQ,2006-12-01
EQ,2007-01-01
EQ,2007-02-01
EQ,2007-03-01
EQ,2007-04-01
EQ,2007-05-01
EQ,2007-06-01
EQ,2007-07-01
EQ,2007-08-01
EQ,2007-09-01
EQ,2007-10-01
EQ,2007-11-01
EQ,2007-12-01
EQ,2008-01-01
EQ,2008-02-01
EQ,2008-03-01
EQ,2008-04-01
EQ,2008-05-01
EQ,2008-06-01
EQ,2008-07-01
EQ,2008-08-01
EQ,2008-09-01
EQ,2008-10-01
EQ,2008-11-01
EQ,2008-12-01
EQ,2009-01-01
EQ,2009-02-01
EQ,2009-03-01
EQ,2009-04-01
EQ,2009-05-01
EQ,2009-06-01
ESV,2007-02-01
ESV,2007-03-01
ESV,2007-04-01
ESV,2007-05-01
ESV,2007-06-01
ESV,2007-07-01
ESV,2007-08-01
ESV,2007-09-01
ESV,2007-10-01
ESV,2007-11-01
ESV,2007-12-01
ESV,2008-01-01
ESV,2008-02-01
ESV,2008-03-01
ESV,2008-04-01
ESV,2008-05-01
ESV,2008-06-01
ESV,2008-07-01
ESV,2008-08-01
ESV,2008-09-01
ESV,2008-10-01
ESV,2008-11-01
ESV,2008-12-01
ESV,2009-01-01
ESV,2009-02-01
ESV,2009-03-01
ESV,2009-04-01
ESV,2009-05-01
ESV,2009-06-01
ESV,2009-07-01
ESV,2009-08-01
ESV,2009-09-01
ESV,2009-10-01
ESV,2009-11-01
ESV,2009-12-01
ESV,2012-08-01
ESV,2012-09-01
ESV,2012-10-01
ESV,2012-11-01
ESV,2012-12-01
ESV,2013-01-01
ESV,2013-02-01
ESV,2013-03-01
ESV,2013-04-01
ESV,2013-05-01
ESV,2013-06-01
ESV,2013-07-01
ESV,2013-08-01
ESV,2013-09-01
ESV,2013-10-01
ESV,2013-11-01
ESV,2013-12-01
ESV,2014-01-01
ESV,2014-02-01
ESV,2014-03-01
ESV,2014-04-01
ESV,2014-05-01
ESV,2014-06-01
ESV,2014-07-01
ESV,2014-08-01
ESV,2014-09-01
ESV,2014-10-01
ESV,2014-11-01
ESV,2014-12-01
ESV,2015-01-01
ESV,2015-02-01
ESV,2015-03-01
ESV,2015-04-01
ESV,2015-05-01
ESV,2015-06-01
ESV,2015-07-01
ESV,2015-08-01
ESV,2015-09-01
ESV,2015-10-01
ESV,2015-11-01
ESV,2015-12-01
ESV,2016-01-01
ESV,2016-02-01
ESV,2016-03-01
ETFC,2004-04-01
ETFC,2004-05-01
ETFC,2004-06-01
ETFC,2004-07-01
ETFC,2004-08-01
ETFC,2004-09-01
ETFC,2004-10-01
ETFC,2004-11-01
ETFC,2004-12-01
ETFC,2005-01-01
ETFC,2005-02-01
ETFC,2005-03-01
ETFC,2005-04-01
ETFC,2005-05-01
ETFC,2005-06-01
ETFC,2005-07-01
ETFC,2005-08-01
ETFC,2005-09-01
ETFC,2005-10-01
ETFC,2005-11-01
ETFC,2005-12-01
ETFC,2006-01-01
ETFC,2006-02-01
ETFC,2006-03-01
ETFC,2006-04-01
ETFC,2006-05-01
ETFC,2006-06-01
ETFC,2006-07-01
ETFC,2006-08-01
ETFC,2006-09-01
ETFC,2006-10-01
ETFC,2006-11-01
ETFC,2006-12-01
ETFC,2007-01-01
ETFC,2007-02-01
ETFC,2007-03-01
ETFC,2007-04-01
ETFC,2007-05-01
ETFC,2007-06-01
ETFC,2007-07-01
ETFC,2007-08-01
ETFC,2007-09-01
ETFC,2007-10-01
ETFC,2007-11-01
ETFC,2007-12-01
ETFC,2008-01-01
ETFC,2008-02-01
ETFC,2008-03-01
ETFC,2008-04-01
ETFC,2008-05-01
ETFC,2008-06-01
ETFC,2008-07-01
ETFC,2008-08-01
ETFC,2008-09-01
ETFC,2008-10-01
ETFC,2008-11-01
ETFC,2008-12-01
ETFC,2009-01-01
ETFC,2009-02-01
ETFC,2009-03-01
ETFC,2009-04-01
ETFC,2009-05-01
ETFC,2009-06-01
ETFC,2009-07-01
ETFC,2009-08-01
ETFC,2009-09-01
ETFC,2009-10-01
ETFC,2009-11-01
ETFC,2009-12-01
ETFC,2010-01-01
ETFC,2010-02-01
ETFC,2010-03-01
ETFC,2010-04-01
ETFC,2010-05-01
ETFC,2010-06-01
ETFC,2010-07-01
ETFC,2010-08-01
ETFC,2010-09-01
ETFC,2010-10-01
ETFC,2010-11-01
ETFC,2010-12-01
ETFC,2011-01-01
ETFC,2011-02-01
ETFC,2011-03-01
ETFC,2011-04-01
ETFC,2011-05-01
ETFC,2011-06-01
ETFC,2011-07-01
ETFC,2011-08-01
ETFC,2011-09-01
ETFC,2011-10-01
ETFC,2011-11-01
ETFC,2011-12-01
ETFC,2012-01-01
ETFC,2012-02-01
ETFC,2012-03-01
ETFC,2012-04-01
ETFC,2012-05-01
ETFC,2012-06-01
ETFC,2012-07-01
ETFC,2012-08-01
ETFC,2012-09-01
ETFC,2012-10-01
ETFC,2012-11-01
ETFC,2012-12-01
ETFC,2013-01-01
ETFC,2013-02-01
ETFC,2013-03-01
ETFC,2013-04-01
ETFC,2013-05-01
ETFC,2013-06-01
ETFC,2013-07-01
ETFC,2013-08-01
ETFC,2013-09-01
ETFC,2013-10-01
ETFC,2013-11-01
ETFC,2013-12-01
ETFC,2014-01-01
ETFC,2014-02-01
ETFC,2014-03-01
ETFC,2014-04-01
ETFC,2014-05-01
ETFC,2014-06-01
ETFC,2014-07-01
ETFC,2014-08-01
ETFC,2014-09-01
ETFC,2014-10-01
ETFC,2014-11-01
ETFC,2014-12-01
ETFC,2015-01-01
ETFC,2015-02-01
ETFC,2015-03-01
ETFC,2015-04-01
ETFC,2015-05-01
ETFC,2015-06-01
ETFC,2015-07-01
ETFC,2015-08-01
ETFC,2015-09-01
ETFC,2015-10-01
ETFC,2015-11-01
ETFC,2015-12-01
ETFC,2016-01-01
ETFC,2016-02-01
ETFC,2016-03-01
ETFC,2016-04-01
ETFC,2016-05-01
ETFC,2016-06-01
ETFC,2016-07-01
ETFC,2016-08-01
ETFC,2016-09-01
ETFC,2016-10-01
ETFC,2016-11-01
ETFC,2016-12-01
ETFC,2017-01-01
ETFC,2017-02-01
ETFC,2017-03-01
ETFC,2017-04-01
ETFC,2017-05-01
ETFC,2017-06-01
ETFC,2017-07-01
ETFC,2017-08-01
ETFC,2017-09-01
ETFC,2017-10-01
ETFC,2017-11-01
ETFC,2017-12-01
ETFC,2018-01-01
ETFC,2018-02-01
ETFC,2018-03-01
ETFC,2018-04-01
ETFC,2018-05-01
ETFC,2018-06-01
ETFC,2018-07-01
ETFC,2018-08-01
ETFC,2018-09-01
ETFC,2018-10-01
ETFC,2018-11-01
ETFC,2018-12-01
ETFC,2019-01-01
ETFC,2019-02-01
ETFC,2019-03-01
ETFC,2019-04-01
ETFC,2019-05-01
ETFC,2019-06-01
ETFC,2019-07-01
ETFC,2019-08-01
ETFC,2019-09-01
ETFC,2019-10-01
ETFC,2019-11-01
ETFC,2019-12-01
ETFC,2020-01-01
ETFC,2020-02-01
ETFC,2020-03-01
ETFC,2020-04-01
ETFC,2020-05-01
ETFC,2020-06-01
ETFC,2020-07-01
ETFC,2020-08-01
ETFC,2020-09-01
ETFC,2020-10-01
ETS,1996-02-01
ETS,1996-03-01
ETS,1996-04-01
ETS,1996-05-01
ETS,1996-06-01
ETS,1996-07-01
ETS,1996-08-01
ETS,1996-09-01
ETS,1996-10-01
ETS,1996-11-01
ETS,1996-12-01
ETS,1997-01-01
ETS,1997-02-01
ETS,1997-03-01
ETS,1997-04-01
ETS,1997-05-01
ETS,1997-06-01
ETS,1997-07-01
ETS,1997-08-01
ETS,1997-09-01
ETS,1997-10-01
ETS,1997-11-01
ETS,1997-12-01
ETS,1998-01-01
ETS,1998-02-01
ETS,1998-03-01
ETS,1998-04-01
ETS,1998-05-01
ETS,1998-06-01
ETS,1998-07-01
ETS,1998-08-01
ETS,1998-09-01
ETS,1998-10-01
ETS,1998-11-01
ETS,1998-12-01
ETS,1999-01-01
ETS,1999-02-01
ETS,1999-03-01
ETS,1999-04-01
ETS,1999-05-01
ETS,1999-06-01
ETS,1999-07-01
ETS,1999-08-01
ETS,1999-09-01
ETS,1999-10-01
ETS,1999-11-01
ETS,1999-12-01
ETS,2000-01-01
ETS,2000-02-01
ETS,2000-03-01
ETS,2000-04-01
ETS,2000-05-01
ETS,2000-06-01
ETS,2000-07-01
ETS,2000-08-01
ETS,2000-09-01
ETS,2000-10-01
ETS,2000-11-01
ETS,2000-12-01
ETS,2001-01-01
ETS,2001-02-01
ETS,2001-03-01
ETS,2001-04-01
ETS,2001-05-01
ETS,2001-06-01
ETS,2001-07-01
ETS,2001-08-01
FB,2014-01-01
FB,2014-02-01
FB,2014-03-01
FB,2014-04-01
FB,2014-05-01
FB,2014-06-01
FB,2014-07-01
FB,2014-08-01
FB,2014-09-01
FB,2014-10-01
FB,2014-11-01
FB,2014-12-01
FB,2015-01-01
FB,2015-02-01
FB,2015-03-01
FB,2015-04-01
FB,2015-05-01
FB,2015-06-01
FB,2015-07-01
FB,2015-08-01
FB,2015-09-01
FB,2015-10-01
FB,2015-11-01
FB,2015-12-01
FB,2016-01-01
FB,2016-02-01
FB,2016-03-01
FB,2016-04-01
FB,2016-05-01
FB,2016-06-01
FB,2016-07-01
FB,2016-08-01
FB,2016-09-01
FB,2016-10-01
FB,2016-11-01
FB,2016-12-01
FB,2017-01-01
FB,2017-02-01
FB,2017-03-01
FB,2017-04-01
FB,2017-05-01
FB,2017-06-01
FB,2017-07-01
FB,2017-08-01
FB,2017-09-01
FB,2017-10-01
FB,2017-11-01
FB,2017-12-01
FB,2018-01-01
FB,2018-02-01
FB,2018-03-01
FB,2018-04-01
FB,2018-05-01
FB,2018-06-01
FB,2018-07-01
FB,2018-08-01
FB,2018-09-01
FB,2018-10-01
FB,2018-11-01
FB,2018-12-01
FB,2019-01-01
FB,2019-02-01
FB,2019-03-01
FB,2019-04-01
FB,2019-05-01
FB,2019-06-01
FB,2019-07-01
FB,2019-08-01
FB,2019-09-01
FB,2019-10-01
FB,2019-11-01
FB,2019-12-01
FB,2020-01-01
FB,2020-02-01
FB,2020-03-01
FB,2020-04-01
FB,2020-05-01
FB,2020-06-01
FB,2020-07-01
FB,2020-08-01
FB,2020-09-01
FB,2020-10-01
FB,2020-11-01
FB,2020-12-01
FB,2021-01-01
FB,2021-02-01
FB,2021-03-01
FB,2021-04-01
FB,2021-05-01
FB,2021-06-01
FB,2021-07-01
FB,2021-08-01
FB,2021-09-01
FB,2021-10-01
FB,2021-11-01
FB,2021-12-01
FB,2022-01-01
FB,2022-02-01
FB,2022-03-01
FB,2022-04-01
FB,2022-05-01
FB,2022-06-01
FBF,1996-02-01
FBF,1996-03-01
FBF,1996-04-01
FBF,1996-05-01
FBF,1996-06-01
FBF,1996-07-01
FBF,1996-08-01
FBF,1996-09-01
FBF,1996-10-01
FBF,1996-11-01
FBF,1996-12-01
FBF,1997-01-01
FBF,1997-02-01
FBF,1997-03-01
FBF,1997-04-01
FBF,1997-05-01
FBF,1997-06-01
FBF,1997-07-01
FBF,1997-08-01
FBF,1997-09-01
FBF,1997-10-01
FBF,1997-11-01
FBF,1997-12-01
FBF,1998-01-01
FBF,1998-02-01
FBF,1998-03-01
FBF,1998-04-01
FBF,1998-05-01
FBF,1998-06-01
FBF,1998-07-01
FBF,1998-08-01
FBF,1998-09-01
FBF,1998-10-01
FBF,1998-11-01
FBF,1998-12-01
FBF,1999-01-01
FBF,1999-02-01
FBF,1999-03-01
FBF,1999-04-01
FBF,1999-05-01
FBF,1999-06-01
FBF,1999-07-01
FBF,1999-08-01
FBF,1999-09-01
FBF,1999-10-01
FBF,1999-11-01
FBF,1999-12-01
FBF,2000-01-01
FBF,2000-02-01
FBF,2000-03-01
FBF,2000-04-01
FBF,2000-05-01
FBF,2000-06-01
FBF,2000-07-01
FBF,2000-08-01
FBF,2000-09-01
FBF,2000-10-01
FBF,2000-11-01
FBF,2000-12-01
FBF,2001-01-01
FBF,2001-02-01
FBF,2001-03-01
FBF,2001-04-01
FBF,2001-05-01
FBF,2001-06-01
FBF,2001-07-01
FBF,2001-08-01
FBF,2001-09-01
FBF,2001-10-01
FBF,2001-11-01
FBF,2001-12-01
FBF,2002-01-01
FBF,2002-02-01
FBF,2002-03-01
FBF,2002-04-01
FBF,2002-05-01
FBF,2002-06-01
FBF,2002-07-01
FBF,2002-08-01
FBF,2002-09-01
FBF,2002-10-01
FBF,2002-11-01
FBF,2002-12-01
FBF,2003-01-01
FBF,2003-02-01
FBF,2003-03-01
FBF,2003-04-01
FBF,2003-05-01
FBF,2003-06-01
FBF,2003-07-01
FBF,2003-08-01
FBF,2003-09-01
FBF,2003-10-01
FBF,2003-11-01
FBF,2003-12-01
FBF,2004-01-01
FBF,2004-02-01
FBF,2004-03-01
FBHS,2016-07-01
FBHS,2016-08-01
FBHS,2016-09-01
FBHS,2016-10-01
FBHS,2016-11-01
FBHS,2016-12-01
FBHS,2017-01-01
FBHS,2017-02-01
FBHS,2017-03-01
FBHS,2017-04-01
FBHS,2017-05-01
FBHS,2017-06-01
FBHS,2017-07-01
FBHS,2017-08-01
FBHS,2017-09-01
FBHS,2017-10-01
FBHS,2017-11-01
FBHS,2017-12-01
FBHS,2018-01-01
FBHS,2018-02-01
FBHS,2018-03-01
FBHS,2018-04-01
FBHS,2018-05-01
FBHS,2018-06-01
FBHS,2018-07-01
FBHS,2018-08-01
FBHS,2018-09-01
FBHS,2018-10-01
FBHS,2018-11-01
FBHS,2018-12-01
FBHS,2019-01-01
FBHS,2019-02-01
FBHS,2019-03-01
FBHS,2019-04-01
FBHS,2019-05-01
FBHS,2019-06-01
FBHS,2019-07-01
FBHS,2019-08-01
FBHS,2019-09-01
FBHS,2019-10-01
FBHS,2019-11-01
FBHS,2019-12-01
FBHS,2020-01-01
FBHS,2020-02-01
FBHS,2020-03-01
FBHS,2020-04-01
FBHS,2020-05-01
FBHS,2020-06-01
FBHS,2020-07-01
FBHS,2020-08-01
FBHS,2020-09-01
FBHS,2020-10-01
FBHS,2020-11-01
FBHS,2020-12-01
FBHS,2021-01-01
FBHS,2021-02-01
FBHS,2021-03-01
FBHS,2021-04-01
FBHS,2021-05-01
FBHS,2021-06-01
FBHS,2021-07-01
FBHS,2021-08-01
FBHS,2021-09-01
FBHS,2021-10-01
FBHS,2021-11-01
FBHS,2021-12-01
FBHS,2022-01-01
FBHS,2022-02-01
FBHS,2022-03-01
FBHS,2022-04-01
FBHS,2022-05-01
FBHS,2022-06-01
FBHS,2022-07-01
FBHS,2022-08-01
FBHS,2022-09-01
FBHS,2022-10-01
FBHS,2022-11-01
FBHS,2022-12-01
FBO,1996-02-01
FBO,1996-03-01
FCN,1996-02-01
FCN,1996-03-01
FCN,1996-04-01
FCN,1996-05-01
FCN,1996-06-01
FCN,1996-07-01
FCN,1996-08-01
FCN,1996-09-01
FCN,1996-10-01
FCN,1996-11-01
FCN,1996-12-01
FCN,1997-01-01
FCN,1997-02-01
FCN,1997-03-01
FCN,1997-04-01
FCN,1997-05-01
FCN,1997-06-01
FCN,1997-07-01
FCN,1997-08-01
FCN,1997-09-01
FCN,1997-10-01
FCN,1997-11-01
FCN,1997-12-01
FCN,1998-01-01
FCN,1998-02-01
FCN,1998-03-01
FCN,1998-04-01
FCN,1998-05-01
FCN,1998-06-01
FCN,1998-07-01
FCN,1998-08-01
FCN,1998-09-01
FCN,1998-10-01
FDC,1996-02-01
FDC,1996-03-01
FDC,1996-04-01
FDC,1996-05-01
FDC,1996-06-01
FDC,1996-07-01
FDC,1996-08-01
FDC,1996-09-01
FDC,1996-10-01
FDC,1996-11-01
FDC,1996-12-01
FDC,1997-01-01
FDC,1997-02-01
FDC,1997-03-01
FDC,1997-04-01
FDC,1997-05-01
FDC,1997-06-01
FDC,1997-07-01
FDC,1997-08-01
FDC,1997-09-01
FDC,1997-10-01
FDC,1997-11-01
FDC,1997-12-01
FDC,1998-01-01
FDC,1998-02-01
FDC,1998-03-01
FDC,1998-04-01
FDC,1998-05-01
FDC,1998-06-01
FDC,1998-07-01
FDC,1998-08-01
FDC,1998-09-01
FDC,1998-10-01
FDC,1998-11-01
FDC,1998-12-01
FDC,1999-01-01
FDC,1999-02-01
FDC,1999-03-01
FDC,1999-04-01
FDC,1999-05-01
FDC,1999-06-01
FDC,1999-07-01
FDC,1999-08-01
FDC,1999-09-01
FDC,1999-10-01
FDC,1999-11-01
FDC,1999-12-01
FDC,2000-01-01
FDC,2000-02-01
FDC,2000-03-01
FDC,2000-04-01
FDC,2000-05-01
FDC,2000-06-01
FDC,2000-07-01
FDC,2000-08-01
FDC,2000-09-01
FDC,2000-10-01
FDC,2000-11-01
FDC,2000-12-01
FDC,2001-01-01
FDC,2001-02-01
FDC,2001-03-01
FDC,2001-04-01
FDC,2001-05-01
FDC,2001-06-01
FDC,2001-07-01
FDC,2001-08-01
FDC,2001-09-01
FDC,2001-10-01
FDC,2001-11-01
FDC,2001-12-01
FDC,2002-01-01
FDC,2002-02-01
FDC,2002-03-01
FDC,2002-04-01
FDC,2002-05-01
FDC,2002-06-01
FDC,2002-07-01
FDC,2002-08-01
FDC,2002-09-01
FDC,2002-10-01
FDC,2002-11-01
FDC,2002-12-01
FDC,2003-01-01
FDC,2003-02-01
FDC,2003-03-01
FDC,2003-04-01
FDC,2003-05-01
FDC,2003-06-01
FDC,2003-07-01
FDC,2003-08-01
FDC,2003-09-01
FDC,2003-10-01
FDC,2003-11-01
FDC,2003-12-01
FDC,2004-01-01
FDC,2004-02-01
FDC,2004-03-01
FDC,2004-04-01
FDC,2004-05-01
FDC,2004-06-01
FDC,2004-07-01
FDC,2004-08-01
FDC,2004-09-01
FDC,2004-10-01
FDC,2004-11-01
FDC,2004-12-01
FDC,2005-01-01
FDC,2005-02-01
FDC,2005-03-01
FDC,2005-04-01
FDC,2005-05-01
FDC,2005-06-01
FDC,2005-07-01
FDC,2005-08-01
FDC,2005-09-01
FDC,2005-10-01
FDC,2005-11-01
FDC,2005-12-01
FDC,2006-01-01
FDC,2006-02-01
FDC,2006-03-01
FDC,2006-04-01
FDC,2006-05-01
FDC,2006-06-01
FDC,2006-07-01
FDC,2006-08-01
FDC,2006-09-01
FDC,2006-10-01
FDC,2006-11-01
FDC,2006-12-01
FDC,2007-01-01
FDC,2007-02-01
FDC,2007-03-01
FDC,2007-04-01
FDC,2007-05-01
FDC,2007-06-01
FDC,2007-07-01
FDC,2007-08-01
FDC,2007-09-01
FDO,2001-09-01
FDO,2001-10-01
FDO,2001-11-01
FDO,2001-12-01
FDO,2002-01-01
FDO,2002-02-01
FDO,2002-03-01
FDO,2002-04-01
FDO,2002-05-01
FDO,2002-06-01
FDO,2002-07-01
FDO,2002-08-01
FDO,2002-09-01
FDO,2002-10-01
FDO,2002-11-01
FDO,2002-12-01
FDO,2003-01-01
FDO,2003-02-01
FDO,2003-03-01
FDO,2003-04-01
FDO,2003-05-01
FDO,2003-06-01
FDO,2003-07-01
FDO,2003-08-01
FDO,2003-09-01
FDO,2003-10-01
FDO,2003-11-01
FDO,2003-12-01
FDO,2004-01-01
FDO,2004-02-01
FDO,2004-03-01
FDO,2004-04-01
FDO,2004-05-01
FDO,2004-06-01
FDO,2004-07-01
FDO,2004-08-01
FDO,2004-09-01
FDO,2004-10-01
FDO,2004-11-01
FDO,2004-12-01
FDO,2005-01-01
FDO,2005-02-01
FDO,2005-03-01
FDO,2005-04-01
FDO,2005-05-01
FDO,2005-06-01
FDO,2005-07-01
FDO,2005-08-01
FDO,2005-09-01
FDO,2005-10-01
FDO,2005-11-01
FDO,2005-12-01
FDO,2006-01-01
FDO,2006-02-01
FDO,2006-03-01
FDO,2006-04-01
FDO,2006-05-01
FDO,2006-06-01
FDO,2006-07-01
FDO,2006-08-01
FDO,2006-09-01
FDO,2006-10-01
FDO,2006-11-01
FDO,2006-12-01
FDO,2007-01-01
FDO,2007-02-01
FDO,2007-03-01
FDO,2007-04-01
FDO,2007-05-01
FDO,2007-06-01
FDO,2007-07-01
FDO,2007-08-01
FDO,2007-09-01
FDO,2007-10-01
FDO,2007-11-01
FDO,2007-12-01
FDO,2008-01-01
FDO,2008-02-01
FDO,2008-03-01
FDO,2008-04-01
FDO,2008-05-01
FDO,2008-06-01
FDO,2008-07-01
FDO,2008-08-01
FDO,2008-09-01
FDO,2008-10-01
FDO,2008-11-01
FDO,2008-12-01
FDO,2009-01-01
FDO,2009-02-01
FDO,2009-03-01
FDO,2009-04-01
FDO,2009-05-01
FDO,2009-06-01
FDO,2009-07-01
FDO,2009-08-01
FDO,2009-09-01
FDO,2009-10-01
FDO,2009-11-01
FDO,2009-12-01
FDO,2010-01-01
FDO,2010-02-01
FDO,2010-03-01
FDO,2010-04-01
FDO,2010-05-01
FDO,2010-06-01
FDO,2010-07-01
FDO,2010-08-01
FDO,2010-09-01
FDO,2010-10-01
FDO,2010-11-01
FDO,2010-12-01
FDO,2011-01-01
FDO,2011-02-01
FDO,2011-03-01
FDO,2011-04-01
FDO,2011-05-01
FDO,2011-06-01
FDO,2011-07-01
FDO,2011-08-01
FDO,2011-09-01
FDO,2011-10-01
FDO,2011-11-01
FDO,2011-12-01
FDO,2012-01-01
FDO,2012-02-01
FDO,2012-03-01
FDO,2012-04-01
FDO,2012-05-01
FDO,2012-06-01
FDO,2012-07-01
FDO,2012-08-01
FDO,2012-09-01
FDO,2012-10-01
FDO,2012-11-01
FDO,2012-12-01
FDO,2013-01-01
FDO,2013-02-01
FDO,2013-03-01
FDO,2013-04-01
FDO,2013-05-01
FDO,2013-06-01
FDO,2013-07-01
FDO,2013-08-01
FDO,2013-09-01
FDO,2013-10-01
FDO,2013-11-01
FDO,2013-12-01
FDO,2014-01-01
FDO,2014-02-01
FDO,2014-03-01
FDO,2014-04-01
FDO,2014-05-01
FDO,2014-06-01
FDO,2014-07-01
FDO,2014-08-01
FDO,2014-09-01
FDO,2014-10-01
FDO,2014-11-01
FDO,2014-12-01
FDO,2015-01-01
FDO,2015-02-01
FDO,2015-03-01
FDO,2015-04-01
FDO,2015-05-01
FDO,2015-06-01
FDO,2015-07-01
FE,1996-02-01
FE,1996-03-01
FE,1996-04-01
FE,1996-05-01
FE,1996-06-01
FE,1996-07-01
FE,1996-08-01
FE,1996-09-01
FE,1996-10-01
FE,1996-11-01
FE,1996-12-01
FE,1997-01-01
FE,1997-02-01
FE,1997-03-01
FE,1997-04-01
FE,1997-05-01
FE,1997-06-01
FE,1997-07-01
FE,1997-08-01
FE,1997-09-01
FE,1997-10-01
FE,1997-11-01
FE,1997-12-01
FE,1998-01-01
FE,1998-02-01
FE,1998-03-01
FE,1998-04-01
FE,1998-05-01
FE,1998-06-01
FE,1998-07-01
FE,1998-08-01
FE,1998-09-01
FE,1998-10-01
FE,1998-11-01
FE,1998-12-01
FE,1999-01-01
FE,1999-02-01
FE,1999-03-01
FE,1999-04-01
FE,1999-05-01
FE,1999-06-01
FE,1999-07-01
FE,1999-08-01
FE,1999-09-01
FE,1999-10-01
FE,1999-11-01
FE,1999-12-01
FE,2000-01-01
FE,2000-02-01
FE,2000-03-01
FE,2000-04-01
FE,2000-05-01
FE,2000-06-01
FE,2000-07-01
FE,2000-08-01
FE,2000-09-01
FE,2000-10-01
FE,2000-11-01
FE,2000-12-01
FE,2001-01-01
FE,2001-02-01
FE,2001-03-01
FE,2001-04-01
FE,2001-05-01
FE,2001-06-01
FE,2001-07-01
FE,2001-08-01
FE,2001-09-01
FE,2001-10-01
FE,2001-11-01
FE,2001-12-01
FE,2002-01-01
FE,2002-02-01
FE,2002-03-01
FE,2002-04-01
FE,2002-05-01
FE,2002-06-01
FE,2002-07-01
FE,2002-08-01
FE,2002-09-01
FE,2002-10-01
FE,2002-11-01
FE,2002-12-01
FE,2003-01-01
FE,2003-02-01
FE,2003-03-01
FE,2003-04-01
FE,2003-05-01
FE,2003-06-01
FE,2003-07-01
FE,2003-08-01
FE,2003-09-01
FE,2003-10-01
FE,2003-11-01
FE,2003-12-01
FE,2004-01-01
FE,2004-02-01
FE,2004-03-01
FE,2004-04-01
FE,2004-05-01
FE,2004-06-01
FE,2004-07-01
FE,2004-08-01
FE,2004-09-01
FE,2004-10-01
FE,2004-11-01
FE,2004-12-01
FE,2005-01-01
FE,2005-02-01
FE,2005-03-01
FE,2005-04-01
FE,2005-05-01
FE,2005-06-01
FE,2005-07-01
FE,2005-08-01
FE,2005-09-01
FE,2005-10-01
FE,2005-11-01
FE,2005-12-01
FE,2006-01-01
FE,2006-02-01
FE,2006-03-01
FE,2006-04-01
FE,2006-05-01
FE,2006-06-01
FE,2006-07-01
FE,2006-08-01
FE,2006-09-01
FE,2006-10-01
FE,2006-11-01
FE,2006-12-01
FE,2007-01-01
FE,2007-02-01
FE,2007-03-01
FE,2007-04-01
FE,2007-05-01
FE,2007-06-01
FE,2007-07-01
FE,2007-08-01
FE,2007-09-01
FE,2007-10-01
FE,2007-11-01
FE,2007-12-01
FE,2008-01-01
FE,2008-02-01
FE,2008-03-01
FE,2008-04-01
FE,2008-05-01
FE,2008-06-01
FE,2008-07-01
FE,2008-08-01
FE,2008-09-01
FE,2008-10-01
FE,2008-11-01
FE,2008-12-01
FE,2009-01-01
FE,2009-02-01
FE,2009-03-01
FE,2009-04-01
FE,2009-05-01
FE,2009-06-01
FE,2009-07-01
FE,2009-08-01
FE,2009-09-01
FE,2009-10-01
FE,2009-11-01
FE,2009-12-01
FE,2010-01-01
FE,2010-02-01
FE,2010-03-01
FE,2010-04-01
FE,2010-05-01
FE,2010-06-01
FE,2010-07-01
FE,2010-08-01
FE,2010-09-01
FE,2010-10-01
FE,2010-11-01
FE,2010-12-01
FE,2011-01-01
FE,2011-02-01
FE,2011-03-01
FE,2011-04-01
FE,2011-05-01
FE,2011-06-01
FE,2011-07-01
FE,2011-08-01
FE,2011-09-01
FE,2011-10-01
FE,2011-11-01
FE,2011-12-01
FE,2012-01-01
FE,2012-02-01
FE,2012-03-01
FE,2012-04-01
FE,2012-05-01
FE,2012-06-01
FE,2012-07-01
FE,2012-08-01
FE,2012-09-01
FE,2012-10-01
FE,2012-11-01
FE,2012-12-01
FE,2013-01-01
FE,2013-02-01
FE,2013-03-01
FE,2013-04-01
FE,2013-05-01
FE,2013-06-01
FE,2013-07-01
FE,2013-08-01
FE,2013-09-01
FE,2013-10-01
FE,2013-11-01
FE,2013-12-01
FE,2014-01-01
FE,2014-02-01
FE,2014-03-01
FE,2014-04-01
FE,2014-05-01
FE,2014-06-01
FE,2014-07-01
FE,2014-08-01
FE,2014-09-01
FE,2014-10-01
FE,2014-11-01
FE,2014-12-01
FE,2015-01-01
FE,2015-02-01
FE,2015-03-01
FE,2015-04-01
FE,2015-05-01
FE,2015-06-01
FE,2015-07-01
FE,2015-08-01
FE,2015-09-01
FE,2015-10-01
FE,2015-11-01
FE,2015-12-01
FE,2016-01-01
FE,2016-02-01
FE,2016-03-01
FE,2016-04-01
FE,2016-05-01
FE,2016-06-01
FE,2016-07-01
FE,2016-08-01
FE,2016-09-01
FE,2016-10-01
FE,2016-11-01
FE,2016-12-01
FE,2017-01-01
FE,2017-02-01
FE,2017-03-01
FE,2017-04-01
FE,2017-05-01
FE,2017-06-01
FE,2017-07-01
FE,2017-08-01
FE,2017-09-01
FE,2017-10-01
FE,2017-11-01
FE,2017-12-01
FE,2018-01-01
FE,2018-02-01
FE,2018-03-01
FE,2018-04-01
FE,2018-05-01
FE,2018-06-01
FE,2018-07-01
FE,2018-08-01
FE,2018-09-01
FE,2018-10-01
FE,2018-11-01
FE,2018-12-01
FE,2019-01-01
FE,2019-02-01
FE,2019-03-01
FE,2019-04-01
FE,2019-05-01
FE,2019-06-01
FE,2019-07-01
FE,2019-08-01
FE,2019-09-01
FE,2019-10-01
FE,2019-11-01
FE,2019-12-01
FE,2020-01-01
FE,2020-02-01
FE,2020-03-01
FE,2020-04-01
FE,2020-05-01
FE,2020-06-01
FE,2020-07-01
FE,2020-08-01
FE,2020-09-01
FE,2020-10-01
FE,2020-11-01
FE,2020-12-01
FE,2021-01-01
FE,2021-02-01
FE,2021-03-01
FE,2021-04-01
FE,2021-05-01
FE,2021-06-01
FE,2021-07-01
FE,2021-08-01
FE,2021-09-01
FE,2021-10-01
FE,2021-11-01
FE,2021-12-01
FE,2022-01-01
FE,2022-02-01
FE,2022-03-01
FE,2022-04-01
FE,2022-05-01
FE,2022-06-01
FE,2022-07-01
FE,2022-08-01
FE,2022-09-01
FE,2022-10-01
FE,2022-11-01
FE,2022-12-01
FE,2023-01-01
FE,2023-02-01
FE,2023-03-01
FE,2023-04-01
FE,2023-05-01
FE,2023-06-01
FE,2023-07-01
FE,2023-08-01
FE,2023-09-01
FE,2023-10-01
FE,2023-11-01
FE,2023-12-01
FE,2024-01-01
FE,2024-02-01
FE,2024-03-01
FE,2024-04-01
FE,2024-05-01
FE,2024-06-01
FE,2024-07-01
FE,2024-08-01
FE,2024-09-01
FE,2024-10-01
FE,2024-11-01
FE,2024-12-01
FE,2025-01-01
FE,2025-02-01
FE,2025-03-01
FE,2025-04-01
FE,2025-05-01
FG,1996-02-01
FG,1996-03-01
FG,1996-04-01
FG,1996-05-01
FG,1996-06-01
FG,1996-07-01
FG,1996-08-01
FG,1996-09-01
FG,1996-10-01
FG,1996-11-01
FG,1996-12-01
FG,1997-01-01
FG,1997-02-01
FG,1997-03-01
FG,1997-04-01
FG,1997-05-01
FG,1997-06-01
FG,1997-07-01
FG,1997-08-01
FG,1997-09-01
FG,1997-10-01
FG,1997-11-01
FG,1997-12-01
FG,1998-01-01
FG,1998-02-01
FG,1998-03-01
FG,1998-04-01
FI,2023-07-01
FI,2023-08-01
FI,2023-09-01
FI,2023-10-01
FI,2023-11-01
FI,2023-12-01
FI,2024-01-01
FI,2024-02-01
FI,2024-03-01
FI,2024-04-01
FI,2024-05-01
FI,2024-06-01
FI,2024-07-01
FI,2024-08-01
FI,2024-09-01
FI,2024-10-01
FI,2024-11-01
FI,2024-12-01
FI,2025-01-01
FI,2025-02-01
FI,2025-03-01
FI,2025-04-01
FI,2025-05-01
FII,2003-05-01
FII,2003-06-01
FII,2003-07-01
FII,2003-08-01
FII,2003-09-01
FII,2003-10-01
FII,2003-11-01
FII,2003-12-01
FII,2004-01-01
FII,2004-02-01
FII,2004-03-01
FII,2004-04-01
FII,2004-05-01
FII,2004-06-01
FII,2004-07-01
FII,2004-08-01
FII,2004-09-01
FII,2004-10-01
FII,2004-11-01
FII,2004-12-01
FII,2005-01-01
FII,2005-02-01
FII,2005-03-01
FII,2005-04-01
FII,2005-05-01
FII,2005-06-01
FII,2005-07-01
FII,2005-08-01
FII,2005-09-01
FII,2005-10-01
FII,2005-11-01
FII,2005-12-01
FII,2006-01-01
FII,2006-02-01
FII,2006-03-01
FII,2006-04-01
FII,2006-05-01
FII,2006-06-01
FII,2006-07-01
FII,2006-08-01
FII,2006-09-01
FII,2006-10-01
FII,2006-11-01
FII,2006-12-01
FII,2007-01-01
FII,2007-02-01
FII,2007-03-01
FII,2007-04-01
FII,2007-05-01
FII,2007-06-01
FII,2007-07-01
FII,2007-08-01
FII,2007-09-01
FII,2007-10-01
FII,2007-11-01
FII,2007-12-01
FII,2008-01-01
FII,2008-02-01
FII,2008-03-01
FII,2008-04-01
FII,2008-05-01
FII,2008-06-01
FII,2008-07-01
FII,2008-08-01
FII,2008-09-01
FII,2008-10-01
FII,2008-11-01
FII,2008-12-01
FII,2009-01-01
FII,2009-02-01
FII,2009-03-01
FII,2009-04-01
FII,2009-05-01
FII,2009-06-01
FII,2009-07-01
FII,2009-08-01
FII,2009-09-01
FII,2009-10-01
FII,2009-11-01
FII,2009-12-01
FII,2010-01-01
FII,2010-02-01
FII,2010-03-01
FII,2010-04-01
FII,2010-05-01
FII,2010-06-01
FII,2010-07-01
FII,2010-08-01
FII,2010-09-01
FII,2010-10-01
FII,2010-11-01
FII,2010-12-01
FII,2011-01-01
FII,2011-02-01
FII,2011-03-01
FII,2011-04-01
FII,2011-05-01
FII,2011-06-01
FII,2011-07-01
FII,2011-08-01
FII,2011-09-01
FII,2011-10-01
FII,2011-11-01
FII,2011-12-01
FII,2012-01-01
FII,2012-02-01
FII,2012-03-01
FII,2012-04-01
FII,2012-05-01
FII,2012-06-01
FII,2012-07-01
FII,2012-08-01
FII,2012-09-01
FII,2012-10-01
FII,2012-11-01
FII,2012-12-01
FII,2013-01-01
FJ,1996-02-01
FJ,1996-03-01
FJ,1996-04-01
FJ,1996-05-01
FJ,1996-06-01
FJ,1996-07-01
FJ,1996-08-01
FJ,1996-09-01
FJ,1996-10-01
FJ,1996-11-01
FJ,1996-12-01
FJ,1997-01-01
FJ,1997-02-01
FJ,1997-03-01
FJ,1997-04-01
FJ,1997-05-01
FJ,1997-06-01
FJ,1997-07-01
FJ,1997-08-01
FJ,1997-09-01
FJ,1997-10-01
FJ,1997-11-01
FJ,1997-12-01
FJ,1998-01-01
FJ,1998-02-01
FJ,1998-03-01
FJ,1998-04-01
FJ,1998-05-01
FJ,1998-06-01
FJ,1998-07-01
FJ,1998-08-01
FJ,1998-09-01
FJ,1998-10-01
FJ,1998-11-01
FJ,1998-12-01
FJ,1999-01-01
FJ,1999-02-01
FJ,1999-03-01
FJ,1999-04-01
FJ,1999-05-01
FJ,1999-06-01
FJ,1999-07-01
FJ,1999-08-01
FJ,1999-09-01
FJ,1999-10-01
FJ,1999-11-01
FJ,1999-12-01
FJ,2000-01-01
FJ,2000-02-01
FJ,2000-03-01
FJ,2000-04-01
FJ,2000-05-01
FJ,2000-06-01
FJ,2000-07-01
FJ,2000-08-01
FJ,2000-09-01
FJ,2000-10-01
FJ,2000-11-01
FL,1996-02-01
FL,1996-03-01
FL,1996-04-01
FL,1996-05-01
FL,1996-06-01
FL,1996-07-01
FL,1996-08-01
FL,1996-09-01
FL,1996-10-01
FL,1996-11-01
FL,1996-12-01
FL,1997-01-01
FL,1997-02-01
FL,1997-03-01
FL,1997-04-01
FL,1997-05-01
FL,1997-06-01
FL,1997-07-01
FL,1997-08-01
FL,1997-09-01
FL,1997-10-01
FL,1997-11-01
FL,1997-12-01
FL,1998-01-01
FL,1998-02-01
FL,1998-03-01
FL,1998-04-01
FL,1998-05-01
FL,1998-06-01
FL,1998-07-01
FL,1998-08-01
FL,1998-09-01
FL,1998-10-01
FL,1998-11-01
FL,1998-12-01
FL,1999-01-01
FL,2016-05-01
FL,2016-06-01
FL,2016-07-01
FL,2016-08-01
FL,2016-09-01
FL,2016-10-01
FL,2016-11-01
FL,2016-12-01
FL,2017-01-01
FL,2017-02-01
FL,2017-03-01
FL,2017-04-01
FL,2017-05-01
FL,2017-06-01
FL,2017-07-01
FL,2017-08-01
FL,2017-09-01
FL,2017-10-01
FL,2017-11-01
FL,2017-12-01
FL,2018-01-01
FL,2018-02-01
FL,2018-03-01
FL,2018-04-01
FL,2018-05-01
FL,2018-06-01
FL,2018-07-01
FL,2018-08-01
FL,2018-09-01
FL,2018-10-01
FL,2018-11-01
FL,2018-12-01
FL,2019-01-01
FL,2019-02-01
FL,2019-03-01
FL,2019-04-01
FL,2019-05-01
FL,2019-06-01
FL,2019-07-01
FL,2019-08-01
FLIR,2009-02-01
FLIR,2009-03-01
FLIR,2009-04-01
FLIR,2009-05-01
FLIR,2009-06-01
FLIR,2009-07-01
FLIR,2009-08-01
FLIR,2009-09-01
FLIR,2009-10-01
FLIR,2009-11-01
FLIR,2009-12-01
FLIR,2010-01-01
FLIR,2010-02-01
FLIR,2010-03-01
FLIR,2010-04-01
FLIR,2010-05-01
FLIR,2010-06-01
FLIR,2010-07-01
FLIR,2010-08-01
FLIR,2010-09-01
FLIR,2010-10-01
FLIR,2010-11-01
FLIR,2010-12-01
FLIR,2011-01-01
FLIR,2011-02-01
FLIR,2011-03-01
FLIR,2011-04-01
FLIR,2011-05-01
FLIR,2011-06-01
FLIR,2011-07-01
FLIR,2011-08-01
FLIR,2011-09-01
FLIR,2011-10-01
FLIR,2011-11-01
FLIR,2011-12-01
FLIR,2012-01-01
FLIR,2012-02-01
FLIR,2012-03-01
FLIR,2012-04-01
FLIR,2012-05-01
FLIR,2012-06-01
FLIR,2012-07-01
FLIR,2012-08-01
FLIR,2012-09-01
FLIR,2012-10-01
FLIR,2012-11-01
FLIR,2012-12-01
FLIR,2013-01-01
FLIR,2013-02-01
FLIR,2013-03-01
FLIR,2013-04-01
FLIR,2013-05-01
FLIR,2013-06-01
FLIR,2013-07-01
FLIR,2013-08-01
FLIR,2013-09-01
FLIR,2013-10-01
FLIR,2013-11-01
FLIR,2013-12-01
FLIR,2014-01-01
FLIR,2014-02-01
FLIR,2014-03-01
FLIR,2014-04-01
FLIR,2014-05-01
FLIR,2014-06-01
FLIR,2014-07-01
FLIR,2014-08-01
FLIR,2014-09-01
FLIR,2014-10-01
FLIR,2014-11-01
FLIR,2014-12-01
FLIR,2015-01-01
FLIR,2015-02-01
FLIR,2015-03-01
FLIR,2015-04-01
FLIR,2015-05-01
FLIR,2015-06-01
FLIR,2015-07-01
FLIR,2015-08-01
FLIR,2015-09-01
FLIR,2015-10-01
FLIR,2015-11-01
FLIR,2015-12-01
FLIR,2016-01-01
FLIR,2016-02-01
FLIR,2016-03-01
FLIR,2016-04-01
FLIR,2016-05-01
FLIR,2016-06-01
FLIR,2016-07-01
FLIR,2016-08-01
FLIR,2016-09-01
FLIR,2016-10-01
FLIR,2016-11-01
FLIR,2016-12-01
FLIR,2017-01-01
FLIR,2017-02-01
FLIR,2017-03-01
FLIR,2017-04-01
FLIR,2017-05-01
FLIR,2017-06-01
FLIR,2017-07-01
FLIR,2017-08-01
FLIR,2017-09-01
FLIR,2017-10-01
FLIR,2017-11-01
FLIR,2017-12-01
FLIR,2018-01-01
FLIR,2018-02-01
FLIR,2018-03-01
FLIR,2018-04-01
FLIR,2018-05-01
FLIR,2018-06-01
FLIR,2018-07-01
FLIR,2018-08-01
FLIR,2018-09-01
FLIR,2018-10-01
FLIR,2018-11-01
FLIR,2018-12-01
FLIR,2019-01-01
FLIR,2019-02-01
FLIR,2019-03-01
FLIR,2019-04-01
FLIR,2019-05-01
FLIR,2019-06-01
FLIR,2019-07-01
FLIR,2019-08-01
FLIR,2019-09-01
FLIR,2019-10-01
FLIR,2019-11-01
FLIR,2019-12-01
FLIR,2020-01-01
FLIR,2020-02-01
FLIR,2020-03-01
FLIR,2020-04-01
FLIR,2020-05-01
FLIR,2020-06-01
FLIR,2020-07-01
FLIR,2020-08-01
FLIR,2020-09-01
FLIR,2020-10-01
FLIR,2020-11-01
FLIR,2020-12-01
FLIR,2021-01-01
FLIR,2021-02-01
FLIR,2021-03-01
FLIR,2021-04-01
FLIR,2021-05-01
FLMIQ,1996-02-01
FLMIQ,1996-03-01
FLMIQ,1996-04-01
FLMIQ,1996-05-01
FLMIQ,1996-06-01
FLMIQ,1996-07-01
FLMIQ,1996-08-01
FLMIQ,1996-09-01
FLMIQ,1996-10-01
FLMIQ,1996-11-01
FLMIQ,1996-12-01
FLMIQ,1997-01-01
FLMIQ,1997-02-01
FLMIQ,1997-03-01
FLMIQ,1997-04-01
FLMIQ,1997-05-01
FLMIQ,1997-06-01
FLMIQ,1997-07-01
FLMIQ,1997-08-01
FLMIQ,1997-09-01
FLMIQ,1997-10-01
FLMIQ,1997-11-01
FLMIQ,1997-12-01
FLT,2018-07-01
FLT,2018-08-01
FLT,2018-09-01
FLT,2018-10-01
FLT,2018-11-01
FLT,2018-12-01
FLT,2019-01-01
FLT,2019-02-01
FLT,2019-03-01
FLT,2019-04-01
FLT,2019-05-01
FLT,2019-06-01
FLT,2019-07-01
FLT,2019-08-01
FLT,2019-09-01
FLT,2019-10-01
FLT,2019-11-01
FLT,2019-12-01
FLT,2020-01-01
FLT,2020-02-01
FLT,2020-03-01
FLT,2020-04-01
FLT,2020-05-01
FLT,2020-06-01
FLT,2020-07-01
FLT,2020-08-01
FLT,2020-09-01
FLT,2020-10-01
FLT,2020-11-01
FLT,2020-12-01
FLT,2021-01-01
FLT,2021-02-01
FLT,2021-03-01
FLT,2021-04-01
FLT,2021-05-01
FLT,2021-06-01
FLT,2021-07-01
FLT,2021-08-01
FLT,2021-09-01
FLT,2021-10-01
FLT,2021-11-01
FLT,2021-12-01
FLT,2022-01-01
FLT,2022-02-01
FLT,2022-03-01
FLT,2022-04-01
FLT,2022-05-01
FLT,2022-06-01
FLT,2022-07-01
FLT,2022-08-01
FLT,2022-09-01
FLT,2022-10-01
FLT,2022-11-01
FLT,2022-12-01
FLT,2023-01-01
FLT,2023-02-01
FLT,2023-03-01
FLT,2023-04-01
FLT,2023-05-01
FLT,2023-06-01
FLT,2023-07-01
FLT,2023-08-01
FLT,2023-09-01
FLT,2023-10-01
FLT,2023-11-01
FLT,2023-12-01
FLT,2024-01-01
FLT,2024-02-01
FLT,2024-03-01
FLTWQ,1996-02-01
FLTWQ,1996-03-01
FLTWQ,1996-04-01
FLTWQ,1996-05-01
FLTWQ,1996-06-01
FLTWQ,1996-07-01
FLTWQ,1996-08-01
FLTWQ,1996-09-01
FLTWQ,1996-10-01
FLTWQ,1996-11-01
FLTWQ,1996-12-01
FLTWQ,1997-01-01
FLTWQ,1997-02-01
FLTWQ,1997-03-01
FLTWQ,1997-04-01
FLTWQ,1997-05-01
FLTWQ,1997-06-01
FLTWQ,1997-07-01
FLTWQ,1997-08-01
FLTWQ,1997-09-01
FLTWQ,1997-10-01
FLTWQ,1997-11-01
FLTWQ,1997-12-01
FLTWQ,1998-01-01
FLTWQ,1998-02-01
FLTWQ,1998-03-01
FLTWQ,1998-04-01
FLTWQ,1998-05-01
FLTWQ,1998-06-01
FLTWQ,1998-07-01
FLTWQ,1998-08-01
FLTWQ,1998-09-01
FLTWQ,1998-10-01
FLTWQ,1998-11-01
FLTWQ,1998-12-01
FLTWQ,1999-01-01
FLTWQ,1999-02-01
FLTWQ,1999-03-01
FLTWQ,1999-04-01
FLTWQ,1999-05-01
FLTWQ,1999-06-01
FLTWQ,1999-07-01
FLTWQ,1999-08-01
FLTWQ,1999-09-01
FLTWQ,1999-10-01
FLTWQ,1999-11-01
FLTWQ,1999-12-01
FLTWQ,2000-01-01
FMY,1998-08-01
FMY,1998-09-01
FMY,1998-10-01
FMY,1998-11-01
FMY,1998-12-01
FMY,1999-01-01
FMY,1999-02-01
FMY,1999-03-01
FMY,1999-04-01
FMY,1999-05-01
FOX,2015-10-01
FOX,2015-11-01
FOX,2015-12-01
FOX,2016-01-01
FOX,2016-02-01
FOX,2016-03-01
FOX,2016-04-01
FOX,2016-05-01
FOX,2016-06-01
FOX,2016-07-01
FOX,2016-08-01
FOX,2016-09-01
FOX,2016-10-01
FOX,2016-11-01
FOX,2016-12-01
FOX,2017-01-01
FOX,2017-02-01
FOX,2017-03-01
FOX,2017-04-01
FOX,2017-05-01
FOX,2017-06-01
FOX,2017-07-01
FOX,2017-08-01
FOX,2017-09-01
FOX,2017-10-01
FOX,2017-11-01
FOX,2017-12-01
FOX,2018-01-01
FOX,2018-02-01
FOX,2018-03-01
FOX,2018-04-01
FOX,2018-05-01
FOX,2018-06-01
FOX,2018-07-01
FOX,2018-08-01
FOX,2018-09-01
FOX,2018-10-01
FOX,2018-11-01
FOX,2018-12-01
FOX,2019-01-01
FOX,2019-02-01
FOX,2019-03-01
FOX,2019-04-01
FOX,2019-05-01
FOX,2019-06-01
FOX,2019-07-01
FOX,2019-08-01
FOX,2019-09-01
FOX,2019-10-01
FOX,2019-11-01
FOX,2019-12-01
FOX,2020-01-01
FOX,2020-02-01
FOX,2020-03-01
FOX,2020-04-01
FOX,2020-05-01
FOX,2020-06-01
FOX,2020-07-01
FOX,2020-08-01
FOX,2020-09-01
FOX,2020-10-01
FOX,2020-11-01
FOX,2020-12-01
FOX,2021-01-01
FOX,2021-02-01
FOX,2021-03-01
FOX,2021-04-01
FOX,2021-05-01
FOX,2021-06-01
FOX,2021-07-01
FOX,2021-08-01
FOX,2021-09-01
FOX,2021-10-01
FOX,2021-11-01
FOX,2021-12-01
FOX,2022-01-01
FOX,2022-02-01
FOX,2022-03-01
FOX,2022-04-01
FOX,2022-05-01
FOX,2022-06-01
FOX,2022-07-01
FOX,2022-08-01
FOX,2022-09-01
FOX,2022-10-01
FOX,2022-11-01
FOX,2022-12-01
FOX,2023-01-01
FOX,2023-02-01
FOX,2023-03-01
FOX,2023-04-01
FOX,2023-05-01
FOX,2023-06-01
FOX,2023-07-01
FOX,2023-08-01
FOX,2023-09-01
FOX,2023-10-01
FOX,2023-11-01
FOX,2023-12-01
FOX,2024-01-01
FOX,2024-02-01
FOX,2024-03-01
FOX,2024-04-01
FOX,2024-05-01
FOX,2024-06-01
FOX,2024-07-01
FOX,2024-08-01
FOX,2024-09-01
FOX,2024-10-01
FOX,2024-11-01
FOX,2024-12-01
FOX,2025-01-01
FOX,2025-02-01
FOX,2025-03-01
FOX,2025-04-01
FOX,2025-05-01
FOXA,2005-01-01
FOXA,2005-02-01
FOXA,2005-03-01
FOXA,2005-04-01
FOXA,2005-05-01
FOXA,2005-06-01
FOXA,2005-07-01
FOXA,2005-08-01
FOXA,2005-09-01
FOXA,2005-10-01
FOXA,2005-11-01
FOXA,2005-12-01
FOXA,2006-01-01
FOXA,2006-02-01
FOXA,2006-03-01
FOXA,2006-04-01
FOXA,2006-05-01
FOXA,2006-06-01
FOXA,2006-07-01
FOXA,2006-08-01
FOXA,2006-09-01
FOXA,2006-10-01
FOXA,2006-11-01
FOXA,2006-12-01
FOXA,2007-01-01
FOXA,2007-02-01
FOXA,2007-03-01
FOXA,2007-04-01
FOXA,2007-05-01
FOXA,2007-06-01
FOXA,2007-07-01
FOXA,2007-08-01
FOXA,2007-09-01
FOXA,2007-10-01
FOXA,2007-11-01
FOXA,2007-12-01
FOXA,2008-01-01
FOXA,2008-02-01
FOXA,2008-03-01
FOXA,2008-04-01
FOXA,2008-05-01
FOXA,2008-06-01
FOXA,2008-07-01
FOXA,2008-08-01
FOXA,2008-09-01
FOXA,2008-10-01
FOXA,2008-11-01
FOXA,2008-12-01
FOXA,2009-01-01
FOXA,2009-02-01
FOXA,2009-03-01
FOXA,2009-04-01
FOXA,2009-05-01
FOXA,2009-06-01
FOXA,2009-07-01
FOXA,2009-08-01
FOXA,2009-09-01
FOXA,2009-10-01
FOXA,2009-11-01
FOXA,2009-12-01
FOXA,2010-01-01
FOXA,2010-02-01
FOXA,2010-03-01
FOXA,2010-04-01
FOXA,2010-05-01
FOXA,2010-06-01
FOXA,2010-07-01
FOXA,2010-08-01
FOXA,2010-09-01
FOXA,2010-10-01
FOXA,2010-11-01
FOXA,2010-12-01
FOXA,2011-01-01
FOXA,2011-02-01
FOXA,2011-03-01
FOXA,2011-04-01
FOXA,2011-05-01
FOXA,2011-06-01
FOXA,2011-07-01
FOXA,2011-08-01
FOXA,2011-09-01
FOXA,2011-10-01
FOXA,2011-11-01
FOXA,2011-12-01
FOXA,2012-01-01
FOXA,2012-02-01
FOXA,2012-03-01
FOXA,2012-04-01
FOXA,2012-05-01
FOXA,2012-06-01
FOXA,2012-07-01
FOXA,2012-08-01
FOXA,2012-09-01
FOXA,2012-10-01
FOXA,2012-11-01
FOXA,2012-12-01
FOXA,2013-01-01
FOXA,2013-02-01
FOXA,2013-03-01
FOXA,2013-04-01
FOXA,2013-05-01
FOXA,2013-06-01
FOXA,2013-07-01
FOXA,2013-08-01
FOXA,2013-09-01
FOXA,2013-10-01
FOXA,2013-11-01
FOXA,2013-12-01
FOXA,2014-01-01
FOXA,2014-02-01
FOXA,2014-03-01
FOXA,2014-04-01
FOXA,2014-05-01
FOXA,2014-06-01
FOXA,2014-07-01
FOXA,2014-08-01
FOXA,2014-09-01
FOXA,2014-10-01
FOXA,2014-11-01
FOXA,2014-12-01
FOXA,2015-01-01
FOXA,2015-02-01
FOXA,2015-03-01
FOXA,2015-04-01
FOXA,2015-05-01
FOXA,2015-06-01
FOXA,2015-07-01
FOXA,2015-08-01
FOXA,2015-09-01
FOXA,2015-10-01
FOXA,2015-11-01
FOXA,2015-12-01
FOXA,2016-01-01
FOXA,2016-02-01
FOXA,2016-03-01
FOXA,2016-04-01
FOXA,2016-05-01
FOXA,2016-06-01
FOXA,2016-07-01
FOXA,2016-08-01
FOXA,2016-09-01
FOXA,2016-10-01
FOXA,2016-11-01
FOXA,2016-12-01
FOXA,2017-01-01
FOXA,2017-02-01
FOXA,2017-03-01
FOXA,2017-04-01
FOXA,2017-05-01
FOXA,2017-06-01
FOXA,2017-07-01
FOXA,2017-08-01
FOXA,2017-09-01
FOXA,2017-10-01
FOXA,2017-11-01
FOXA,2017-12-01
FOXA,2018-01-01
FOXA,2018-02-01
FOXA,2018-03-01
FOXA,2018-04-01
FOXA,2018-05-01
FOXA,2018-06-01
FOXA,2018-07-01
FOXA,2018-08-01
FOXA,2018-09-01
FOXA,2018-10-01
FOXA,2018-11-01
FOXA,2018-12-01
FOXA,2019-01-01
FOXA,2019-02-01
FOXA,2019-03-01
FOXA,2019-04-01
FOXA,2019-05-01
FOXA,2019-06-01
FOXA,2019-07-01
FOXA,2019-08-01
FOXA,2019-09-01
FOXA,2019-10-01
FOXA,2019-11-01
FOXA,2019-12-01
FOXA,2020-01-01
FOXA,2020-02-01
FOXA,2020-03-01
FOXA,2020-04-01
FOXA,2020-05-01
FOXA,2020-06-01
FOXA,2020-07-01
FOXA,2020-08-01
FOXA,2020-09-01
FOXA,2020-10-01
FOXA,2020-11-01
FOXA,2020-12-01
FOXA,2021-01-01
FOXA,2021-02-01
FOXA,2021-03-01
FOXA,2021-04-01
FOXA,2021-05-01
FOXA,2021-06-01
FOXA,2021-07-01
FOXA,2021-08-01
FOXA,2021-09-01
FOXA,2021-10-01
FOXA,2021-11-01
FOXA,2021-12-01
FOXA,2022-01-01
FOXA,2022-02-01
FOXA,2022-03-01
FOXA,2022-04-01
FOXA,2022-05-01
FOXA,2022-06-01
FOXA,2022-07-01
FOXA,2022-08-01
FOXA,2022-09-01
FOXA,2022-10-01
FOXA,2022-11-01
FOXA,2022-12-01
FOXA,2023-01-01
FOXA,2023-02-01
FOXA,2023-03-01
FOXA,2023-04-01
FOXA,2023-05-01
FOXA,2023-06-01
FOXA,2023-07-01
FOXA,2023-08-01
FOXA,2023-09-01
FOXA,2023-10-01
FOXA,2023-11-01
FOXA,2023-12-01
FOXA,2024-01-01
FOXA,2024-02-01
FOXA,2024-03-01
FOXA,2024-04-01
FOXA,2024-05-01
FOXA,2024-06-01
FOXA,2024-07-01
FOXA,2024-08-01
FOXA,2024-09-01
FOXA,2024-10-01
FOXA,2024-11-01
FOXA,2024-12-01
FOXA,2025-01-01
FOXA,2025-02-01
FOXA,2025-03-01
FOXA,2025-04-01
FOXA,2025-05-01
FPC,1999-07-01
FPC,1999-08-01
FPC,1999-09-01
FPC,1999-10-01
FPC,1999-11-01
FPC,1999-12-01
FPC,2000-01-01
FPC,2000-02-01
FPC,2000-03-01
FPC,2000-04-01
FPC,2000-05-01
FPC,2000-06-01
FPC,2000-07-01
FPC,2000-08-01
FPC,2000-09-01
FPC,2000-10-01
FPC,2000-11-01
FRC,2019-02-01
FRC,2019-03-01
FRC,2019-04-01
FRC,2019-05-01
FRC,2019-06-01
FRC,2019-07-01
FRC,2019-08-01
FRC,2019-09-01
FRC,2019-10-01
FRC,2019-11-01
FRC,2019-12-01
FRC,2020-01-01
FRC,2020-02-01
FRC,2020-03-01
FRC,2020-04-01
FRC,2020-05-01
FRC,2020-06-01
FRC,2020-07-01
FRC,2020-08-01
FRC,2020-09-01
FRC,2020-10-01
FRC,2020-11-01
FRC,2020-12-01
FRC,2021-01-01
FRC,2021-02-01
FRC,2021-03-01
FRC,2021-04-01
FRC,2021-05-01
FRC,2021-06-01
FRC,2021-07-01
FRC,2021-08-01
FRC,2021-09-01
FRC,2021-10-01
FRC,2021-11-01
FRC,2021-12-01
FRC,2022-01-01
FRC,2022-02-01
FRC,2022-03-01
FRC,2022-04-01
FRC,2022-05-01
FRC,2022-06-01
FRC,2022-07-01
FRC,2022-08-01
FRC,2022-09-01
FRC,2022-10-01
FRC,2022-11-01
FRC,2022-12-01
FRC,2023-01-01
FRC,2023-02-01
FRC,2023-03-01
FRC,2023-04-01
FRC,2023-05-01
FRO,1997-02-01
FRO,1997-03-01
FRO,1997-04-01
FRO,1997-05-01
FRO,1997-06-01
FRO,1997-07-01
FRO,1997-08-01
FRO,1997-09-01
FRO,1997-10-01
FRO,1997-11-01
FRO,1997-12-01
FRO,1998-01-01
FRO,1998-02-01
FRO,1998-03-01
FRO,1998-04-01
FRO,1998-05-01
FRO,1998-06-01
FRO,1998-07-01
FRO,1998-08-01
FRO,1998-09-01
FRO,1998-10-01
FRO,1998-11-01
FRO,1998-12-01
FRO,1999-01-01
FRO,1999-02-01
FRO,1999-03-01
FRO,1999-04-01
FRO,1999-05-01
FRO,1999-06-01
FRO,1999-07-01
FRO,1999-08-01
FRO,1999-09-01
FRX,2000-12-01
FRX,2001-01-01
FRX,2001-02-01
FRX,2001-03-01
FRX,2001-04-01
FRX,2001-05-01
FRX,2001-06-01
FRX,2001-07-01
FRX,2001-08-01
FRX,2001-09-01
FRX,2001-10-01
FRX,2001-11-01
FRX,2001-12-01
FRX,2002-01-01
FRX,2002-02-01
FRX,2002-03-01
FRX,2002-04-01
FRX,2002-05-01
FRX,2002-06-01
FRX,2002-07-01
FRX,2002-08-01
FRX,2002-09-01
FRX,2002-10-01
FRX,2002-11-01
FRX,2002-12-01
FRX,2003-01-01
FRX,2003-02-01
FRX,2003-03-01
FRX,2003-04-01
FRX,2003-05-01
FRX,2003-06-01
FRX,2003-07-01
FRX,2003-08-01
FRX,2003-09-01
FRX,2003-10-01
FRX,2003-11-01
FRX,2003-12-01
FRX,2004-01-01
FRX,2004-02-01
FRX,2004-03-01
FRX,2004-04-01
FRX,2004-05-01
FRX,2004-06-01
FRX,2004-07-01
FRX,2004-08-01
FRX,2004-09-01
FRX,2004-10-01
FRX,2004-11-01
FRX,2004-12-01
FRX,2005-01-01
FRX,2005-02-01
FRX,2005-03-01
FRX,2005-04-01
FRX,2005-05-01
FRX,2005-06-01
FRX,2005-07-01
FRX,2005-08-01
FRX,2005-09-01
FRX,2005-10-01
FRX,2005-11-01
FRX,2005-12-01
FRX,2006-01-01
FRX,2006-02-01
FRX,2006-03-01
FRX,2006-04-01
FRX,2006-05-01
FRX,2006-06-01
FRX,2006-07-01
FRX,2006-08-01
FRX,2006-09-01
FRX,2006-10-01
FRX,2006-11-01
FRX,2006-12-01
FRX,2007-01-01
FRX,2007-02-01
FRX,2007-03-01
FRX,2007-04-01
FRX,2007-05-01
FRX,2007-06-01
FRX,2007-07-01
FRX,2007-08-01
FRX,2007-09-01
FRX,2007-10-01
FRX,2007-11-01
FRX,2007-12-01
FRX,2008-01-01
FRX,2008-02-01
FRX,2008-03-01
FRX,2008-04-01
FRX,2008-05-01
FRX,2008-06-01
FRX,2008-07-01
FRX,2008-08-01
FRX,2008-09-01
FRX,2008-10-01
FRX,2008-11-01
FRX,2008-12-01
FRX,2009-01-01
FRX,2009-02-01
FRX,2009-03-01
FRX,2009-04-01
FRX,2009-05-01
FRX,2009-06-01
FRX,2009-07-01
FRX,2009-08-01
FRX,2009-09-01
FRX,2009-10-01
FRX,2009-11-01
FRX,2009-12-01
FRX,2010-01-01
FRX,2010-02-01
FRX,2010-03-01
FRX,2010-04-01
FRX,2010-05-01
FRX,2010-06-01
FRX,2010-07-01
FRX,2010-08-01
FRX,2010-09-01
FRX,2010-10-01
FRX,2010-11-01
FRX,2010-12-01
FRX,2011-01-01
FRX,2011-02-01
FRX,2011-03-01
FRX,2011-04-01
FRX,2011-05-01
FRX,2011-06-01
FRX,2011-07-01
FRX,2011-08-01
FRX,2011-09-01
FRX,2011-10-01
FRX,2011-11-01
FRX,2011-12-01
FRX,2012-01-01
FRX,2012-02-01
FRX,2012-03-01
FRX,2012-04-01
FRX,2012-05-01
FRX,2012-06-01
FRX,2012-07-01
FRX,2012-08-01
FRX,2012-09-01
FRX,2012-10-01
FRX,2012-11-01
FRX,2012-12-01
FRX,2013-01-01
FRX,2013-02-01
FRX,2013-03-01
FRX,2013-04-01
FRX,2013-05-01
FRX,2013-06-01
FRX,2013-07-01
FRX,2013-08-01
FRX,2013-09-01
FRX,2013-10-01
FRX,2013-11-01
FRX,2013-12-01
FRX,2014-01-01
FRX,2014-02-01
FRX,2014-03-01
FRX,2014-04-01
FRX,2014-05-01
FRX,2014-06-01
FSH,2004-09-01
FSH,2004-10-01
FSH,2004-11-01
FSH,2004-12-01
FSH,2005-01-01
FSH,2005-02-01
FSH,2005-03-01
FSH,2005-04-01
FSH,2005-05-01
FSH,2005-06-01
FSH,2005-07-01
FSH,2005-08-01
FSH,2005-09-01
FSH,2005-10-01
FSH,2005-11-01
FSH,2005-12-01
FSH,2006-01-01
FSH,2006-02-01
FSH,2006-03-01
FSH,2006-04-01
FSH,2006-05-01
FSH,2006-06-01
FSH,2006-07-01
FSH,2006-08-01
FSH,2006-09-01
FSH,2006-10-01
FSH,2006-11-01
FSL,2005-01-01
FSL,2005-02-01
FSL,2005-03-01
FSL,2005-04-01
FSL,2005-05-01
FSL,2005-06-01
FSL,2005-07-01
FSL,2005-08-01
FSL,2005-09-01
FSL,2005-10-01
FSL,2005-11-01
FSL,2005-12-01
FSL,2006-01-01
FSL,2006-02-01
FSL,2006-03-01
FSL,2006-04-01
FSL,2006-05-01
FSL,2006-06-01
FSL,2006-07-01
FSL,2006-08-01
FSL,2006-09-01
FSL,2006-10-01
FSL,2006-11-01
FSL,2006-12-01
FTL-A,1996-02-01
FTL-A,1996-03-01
FTL-A,1996-04-01
FTL-A,1996-05-01
FTL-A,1996-06-01
FTL-A,1996-07-01
FTL-A,1996-08-01
FTL-A,1996-09-01
FTL-A,1996-10-01
FTL-A,1996-11-01
FTL-A,1996-12-01
FTL-A,1997-01-01
FTL-A,1997-02-01
FTL-A,1997-03-01
FTL-A,1997-04-01
FTL-A,1997-05-01
FTL-A,1997-06-01
FTL-A,1997-07-01
FTL-A,1997-08-01
FTL-A,1997-09-01
FTL-A,1997-10-01
FTL-A,1997-11-01
FTL-A,1997-12-01
FTL-A,1998-01-01
FTL-A,1998-02-01
FTL-A,1998-03-01
FTL-A,1998-04-01
FTL-A,1998-05-01
FTL-A,1998-06-01
FTL-A,1998-07-01
FTL-A,1998-08-01
FTL-A,1998-09-01
FTL-A,1998-10-01
FTL-A,1998-11-01
FTL-A,1998-12-01
FTL-A,1999-01-01
FTL-A,1999-02-01
FTL-A,1999-03-01
FTL-A,1999-04-01
FTL-A,1999-05-01
FTL-A,1999-06-01
FTL-A,1999-07-01
FTL-A,1999-08-01
FTL-A,1999-09-01
FTR,2001-03-01
FTR,2001-04-01
FTR,2001-05-01
FTR,2001-06-01
FTR,2001-07-01
FTR,2001-08-01
FTR,2001-09-01
FTR,2001-10-01
FTR,2001-11-01
FTR,2001-12-01
FTR,2002-01-01
FTR,2002-02-01
FTR,2002-03-01
FTR,2002-04-01
FTR,2002-05-01
FTR,2002-06-01
FTR,2002-07-01
FTR,2002-08-01
FTR,2002-09-01
FTR,2002-10-01
FTR,2002-11-01
FTR,2002-12-01
FTR,2003-01-01
FTR,2003-02-01
FTR,2003-03-01
FTR,2003-04-01
FTR,2003-05-01
FTR,2003-06-01
FTR,2003-07-01
FTR,2003-08-01
FTR,2003-09-01
FTR,2003-10-01
FTR,2003-11-01
FTR,2003-12-01
FTR,2004-01-01
FTR,2004-02-01
FTR,2004-03-01
FTR,2004-04-01
FTR,2004-05-01
FTR,2004-06-01
FTR,2004-07-01
FTR,2004-08-01
FTR,2004-09-01
FTR,2004-10-01
FTR,2004-11-01
FTR,2004-12-01
FTR,2005-01-01
FTR,2005-02-01
FTR,2005-03-01
FTR,2005-04-01
FTR,2005-05-01
FTR,2005-06-01
FTR,2005-07-01
FTR,2005-08-01
FTR,2005-09-01
FTR,2005-10-01
FTR,2005-11-01
FTR,2005-12-01
FTR,2006-01-01
FTR,2006-02-01
FTR,2006-03-01
FTR,2006-04-01
FTR,2006-05-01
FTR,2006-06-01
FTR,2006-07-01
FTR,2006-08-01
FTR,2006-09-01
FTR,2006-10-01
FTR,2006-11-01
FTR,2006-12-01
FTR,2007-01-01
FTR,2007-02-01
FTR,2007-03-01
FTR,2007-04-01
FTR,2007-05-01
FTR,2007-06-01
FTR,2007-07-01
FTR,2007-08-01
FTR,2007-09-01
FTR,2007-10-01
FTR,2007-11-01
FTR,2007-12-01
FTR,2008-01-01
FTR,2008-02-01
FTR,2008-03-01
FTR,2008-04-01
FTR,2008-05-01
FTR,2008-06-01
FTR,2008-07-01
FTR,2008-08-01
FTR,2008-09-01
FTR,2008-10-01
FTR,2008-11-01
FTR,2008-12-01
FTR,2009-01-01
FTR,2009-02-01
FTR,2009-03-01
FTR,2009-04-01
FTR,2009-05-01
FTR,2009-06-01
FTR,2009-07-01
FTR,2009-08-01
FTR,2009-09-01
FTR,2009-10-01
FTR,2009-11-01
FTR,2009-12-01
FTR,2010-01-01
FTR,2010-02-01
FTR,2010-03-01
FTR,2010-04-01
FTR,2010-05-01
FTR,2010-06-01
FTR,2010-07-01
FTR,2010-08-01
FTR,2010-09-01
FTR,2010-10-01
FTR,2010-11-01
FTR,2010-12-01
FTR,2011-01-01
FTR,2011-02-01
FTR,2011-03-01
FTR,2011-04-01
FTR,2011-05-01
FTR,2011-06-01
FTR,2011-07-01
FTR,2011-08-01
FTR,2011-09-01
FTR,2011-10-01
FTR,2011-11-01
FTR,2011-12-01
FTR,2012-01-01
FTR,2012-02-01
FTR,2012-03-01
FTR,2012-04-01
FTR,2012-05-01
FTR,2012-06-01
FTR,2012-07-01
FTR,2012-08-01
FTR,2012-09-01
FTR,2012-10-01
FTR,2012-11-01
FTR,2012-12-01
FTR,2013-01-01
FTR,2013-02-01
FTR,2013-03-01
FTR,2013-04-01
FTR,2013-05-01
FTR,2013-06-01
FTR,2013-07-01
FTR,2013-08-01
FTR,2013-09-01
FTR,2013-10-01
FTR,2013-11-01
FTR,2013-12-01
FTR,2014-01-01
FTR,2014-02-01
FTR,2014-03-01
FTR,2014-04-01
FTR,2014-05-01
FTR,2014-06-01
FTR,2014-07-01
FTR,2014-08-01
FTR,2014-09-01
FTR,2014-10-01
FTR,2014-11-01
FTR,2014-12-01
FTR,2015-01-01
FTR,2015-02-01
FTR,2015-03-01
FTR,2015-04-01
FTR,2015-05-01
FTR,2015-06-01
FTR,2015-07-01
FTR,2015-08-01
FTR,2015-09-01
FTR,2015-10-01
FTR,2015-11-01
FTR,2015-12-01
FTR,2016-01-01
FTR,2016-02-01
FTR,2016-03-01
FTR,2016-04-01
FTR,2016-05-01
FTR,2016-06-01
FTR,2016-07-01
FTR,2016-08-01
FTR,2016-09-01
FTR,2016-10-01
FTR,2016-11-01
FTR,2016-12-01
FTR,2017-01-01
FTR,2017-02-01
FTR,2017-03-01
FWLT,1996-02-01
FWLT,1996-03-01
FWLT,1996-04-01
FWLT,1996-05-01
FWLT,1996-06-01
FWLT,1996-07-01
FWLT,1996-08-01
FWLT,1996-09-01
FWLT,1996-10-01
FWLT,1996-11-01
FWLT,1996-12-01
FWLT,1997-01-01
FWLT,1997-02-01
FWLT,1997-03-01
FWLT,1997-04-01
FWLT,1997-05-01
FWLT,1997-06-01
FWLT,1997-07-01
FWLT,1997-08-01
FWLT,1997-09-01
FWLT,1997-10-01
FWLT,1997-11-01
FWLT,1997-12-01
FWLT,1998-01-01
FWLT,1998-02-01
FWLT,1998-03-01
FWLT,1998-04-01
FWLT,1998-05-01
FWLT,1998-06-01
FWLT,1998-07-01
FWLT,1998-08-01
FWLT,1998-09-01
FWLT,1998-10-01
FWLT,1998-11-01
FWLT,1998-12-01
FWLT,1999-01-01
FWLT,1999-02-01
FWLT,1999-03-01
FWLT,1999-04-01
FWLT,1999-05-01
FWLT,1999-06-01
FWLT,1999-07-01
FWLT,1999-08-01
FWLT,1999-09-01
FWLT,1999-10-01
FWLT,1999-11-01
FWLT,1999-12-01
FWLT,2000-01-01
G,1996-02-01
G,1996-03-01
G,1996-04-01
G,1996-05-01
G,1996-06-01
G,1996-07-01
G,1996-08-01
G,1996-09-01
G,1996-10-01
G,1996-11-01
G,1996-12-01
G,1997-01-01
G,1997-02-01
G,1997-03-01
G,1997-04-01
G,1997-05-01
G,1997-06-01
G,1997-07-01
G,1997-08-01
G,1997-09-01
G,1997-10-01
G,1997-11-01
G,1997-12-01
G,1998-01-01
G,1998-02-01
G,1998-03-01
G,1998-04-01
G,1998-05-01
G,1998-06-01
G,1998-07-01
G,1998-08-01
G,1998-09-01
G,1998-10-01
G,1998-11-01
G,1998-12-01
G,1999-01-01
G,1999-02-01
G,1999-03-01
G,1999-04-01
G,1999-05-01
G,1999-06-01
G,1999-07-01
G,1999-08-01
G,1999-09-01
G,1999-10-01
G,1999-11-01
G,1999-12-01
G,2000-01-01
G,2000-02-01
G,2000-03-01
G,2000-04-01
G,2000-05-01
G,2000-06-01
G,2000-07-01
G,2000-08-01
G,2000-09-01
G,2000-10-01
G,2000-11-01
G,2000-12-01
G,2001-01-01
G,2001-02-01
G,2001-03-01
G,2001-04-01
G,2001-05-01
G,2001-06-01
G,2001-07-01
G,2001-08-01
G,2001-09-01
G,2001-10-01
G,2001-11-01
G,2001-12-01
G,2002-01-01
G,2002-02-01
G,2002-03-01
G,2002-04-01
G,2002-05-01
G,2002-06-01
G,2002-07-01
G,2002-08-01
G,2002-09-01
G,2002-10-01
G,2002-11-01
G,2002-12-01
G,2003-01-01
G,2003-02-01
G,2003-03-01
G,2003-04-01
G,2003-05-01
G,2003-06-01
G,2003-07-01
G,2003-08-01
G,2003-09-01
G,2003-10-01
G,2003-11-01
G,2003-12-01
G,2004-01-01
G,2004-02-01
G,2004-03-01
G,2004-04-01
G,2004-05-01
G,2004-06-01
G,2004-07-01
G,2004-08-01
G,2004-09-01
G,2004-10-01
G,2004-11-01
G,2004-12-01
G,2005-01-01
G,2005-02-01
G,2005-03-01
G,2005-04-01
G,2005-05-01
G,2005-06-01
G,2005-07-01
G,2005-08-01
G,2005-09-01
G,2005-10-01
GAPTQ,1996-02-01
GAPTQ,1996-03-01
GAPTQ,1996-04-01
GAPTQ,1996-05-01
GAPTQ,1996-06-01
GAPTQ,1996-07-01
GAPTQ,1996-08-01
GAPTQ,1996-09-01
GAPTQ,1996-10-01
GAPTQ,1996-11-01
GAPTQ,1996-12-01
GAPTQ,1997-01-01
GAPTQ,1997-02-01
GAPTQ,1997-03-01
GAPTQ,1997-04-01
GAPTQ,1997-05-01
GAPTQ,1997-06-01
GAPTQ,1997-07-01
GAPTQ,1997-08-01
GAPTQ,1997-09-01
GAPTQ,1997-10-01
GAPTQ,1997-11-01
GAPTQ,1997-12-01
GAPTQ,1998-01-01
GAPTQ,1998-02-01
GAPTQ,1998-03-01
GAPTQ,1998-04-01
GAPTQ,1998-05-01
GAPTQ,1998-06-01
GAPTQ,1998-07-01
GAPTQ,1998-08-01
GAPTQ,1998-09-01
GAPTQ,1998-10-01
GAPTQ,1998-11-01
GAPTQ,1998-12-01
GAPTQ,1999-01-01
GAPTQ,1999-02-01
GAPTQ,1999-03-01
GAPTQ,1999-04-01
GAPTQ,1999-05-01
GAPTQ,1999-06-01
GAPTQ,1999-07-01
GAPTQ,1999-08-01
GAPTQ,1999-09-01
GAPTQ,1999-10-01
GAPTQ,1999-11-01
GAPTQ,1999-12-01
GAPTQ,2000-01-01
GAPTQ,2000-02-01
GAPTQ,2000-03-01
GAPTQ,2000-04-01
GAPTQ,2000-05-01
GAPTQ,2000-06-01
GAPTQ,2000-07-01
GAPTQ,2000-08-01
GAS,1996-02-01
GAS,1996-03-01
GAS,1996-04-01
GAS,1996-05-01
GAS,1996-06-01
GAS,1996-07-01
GAS,1996-08-01
GAS,1996-09-01
GAS,1996-10-01
GAS,1996-11-01
GAS,1996-12-01
GAS,1997-01-01
GAS,1997-02-01
GAS,1997-03-01
GAS,1997-04-01
GAS,1997-05-01
GAS,1997-06-01
GAS,1997-07-01
GAS,1997-08-01
GAS,1997-09-01
GAS,1997-10-01
GAS,1997-11-01
GAS,1997-12-01
GAS,1998-01-01
GAS,1998-02-01
GAS,1998-03-01
GAS,1998-04-01
GAS,1998-05-01
GAS,1998-06-01
GAS,1998-07-01
GAS,1998-08-01
GAS,1998-09-01
GAS,1998-10-01
GAS,1998-11-01
GAS,1998-12-01
GAS,1999-01-01
GAS,1999-02-01
GAS,1999-03-01
GAS,1999-04-01
GAS,1999-05-01
GAS,1999-06-01
GAS,1999-07-01
GAS,1999-08-01
GAS,1999-09-01
GAS,1999-10-01
GAS,1999-11-01
GAS,1999-12-01
GAS,2000-01-01
GAS,2000-02-01
GAS,2000-03-01
GAS,2000-04-01
GAS,2000-05-01
GAS,2000-06-01
GAS,2000-07-01
GAS,2000-08-01
GAS,2000-09-01
GAS,2000-10-01
GAS,2000-11-01
GAS,2000-12-01
GAS,2001-01-01
GAS,2001-02-01
GAS,2001-03-01
GAS,2001-04-01
GAS,2001-05-01
GAS,2001-06-01
GAS,2001-07-01
GAS,2001-08-01
GAS,2001-09-01
GAS,2001-10-01
GAS,2001-11-01
GAS,2001-12-01
GAS,2002-01-01
GAS,2002-02-01
GAS,2002-03-01
GAS,2002-04-01
GAS,2002-05-01
GAS,2002-06-01
GAS,2002-07-01
GAS,2002-08-01
GAS,2002-09-01
GAS,2002-10-01
GAS,2002-11-01
GAS,2002-12-01
GAS,2003-01-01
GAS,2003-02-01
GAS,2003-03-01
GAS,2003-04-01
GAS,2003-05-01
GAS,2003-06-01
GAS,2003-07-01
GAS,2003-08-01
GAS,2003-09-01
GAS,2003-10-01
GAS,2003-11-01
GAS,2003-12-01
GAS,2004-01-01
GAS,2004-02-01
GAS,2004-03-01
GAS,2004-04-01
GAS,2004-05-01
GAS,2004-06-01
GAS,2004-07-01
GAS,2004-08-01
GAS,2004-09-01
GAS,2004-10-01
GAS,2004-11-01
GAS,2004-12-01
GAS,2005-01-01
GAS,2005-02-01
GAS,2005-03-01
GAS,2005-04-01
GAS,2005-05-01
GAS,2005-06-01
GAS,2005-07-01
GAS,2005-08-01
GAS,2005-09-01
GAS,2005-10-01
GAS,2005-11-01
GAS,2005-12-01
GAS,2006-01-01
GAS,2006-02-01
GAS,2006-03-01
GAS,2006-04-01
GAS,2006-05-01
GAS,2006-06-01
GAS,2006-07-01
GAS,2006-08-01
GAS,2006-09-01
GAS,2006-10-01
GAS,2006-11-01
GAS,2006-12-01
GAS,2007-01-01
GAS,2007-02-01
GAS,2007-03-01
GAS,2007-04-01
GAS,2007-05-01
GAS,2007-06-01
GAS,2007-07-01
GAS,2007-08-01
GAS,2007-09-01
GAS,2007-10-01
GAS,2007-11-01
GAS,2007-12-01
GAS,2008-01-01
GAS,2008-02-01
GAS,2008-03-01
GAS,2008-04-01
GAS,2008-05-01
GAS,2008-06-01
GAS,2008-07-01
GAS,2008-08-01
GAS,2008-09-01
GAS,2008-10-01
GAS,2008-11-01
GAS,2008-12-01
GAS,2009-01-01
GAS,2009-02-01
GAS,2009-03-01
GAS,2009-04-01
GAS,2009-05-01
GAS,2009-06-01
GAS,2009-07-01
GAS,2009-08-01
GAS,2009-09-01
GAS,2009-10-01
GAS,2009-11-01
GAS,2009-12-01
GAS,2010-01-01
GAS,2010-02-01
GAS,2010-03-01
GAS,2010-04-01
GAS,2010-05-01
GAS,2010-06-01
GAS,2010-07-01
GAS,2010-08-01
GAS,2010-09-01
GAS,2010-10-01
GAS,2010-11-01
GAS,2010-12-01
GAS,2011-01-01
GAS,2011-02-01
GAS,2011-03-01
GAS,2011-04-01
GAS,2011-05-01
GAS,2011-06-01
GAS,2011-07-01
GAS,2011-08-01
GAS,2011-09-01
GAS,2011-10-01
GAS,2011-11-01
GAS,2011-12-01
GAS,2012-01-01
GAS,2012-02-01
GAS,2012-03-01
GAS,2012-04-01
GAS,2012-05-01
GAS,2012-06-01
GAS,2012-07-01
GAS,2012-08-01
GAS,2012-09-01
GAS,2012-10-01
GAS,2012-11-01
GAS,2012-12-01
GAS,2013-01-01
GAS,2013-02-01
GAS,2013-03-01
GAS,2013-04-01
GAS,2013-05-01
GAS,2013-06-01
GAS,2013-07-01
GAS,2013-08-01
GAS,2013-09-01
GAS,2013-10-01
GAS,2013-11-01
GAS,2013-12-01
GAS,2014-01-01
GAS,2014-02-01
GAS,2014-03-01
GAS,2014-04-01
GAS,2014-05-01
GAS,2014-06-01
GAS,2014-07-01
GAS,2014-08-01
GAS,2014-09-01
GAS,2014-10-01
GAS,2014-11-01
GAS,2014-12-01
GAS,2015-01-01
GAS,2015-02-01
GAS,2015-03-01
GAS,2015-04-01
GAS,2015-05-01
GAS,2015-06-01
GAS,2015-07-01
GAS,2015-08-01
GAS,2015-09-01
GAS,2015-10-01
GAS,2015-11-01
GAS,2015-12-01
GAS,2016-01-01
GAS,2016-02-01
GAS,2016-03-01
GAS,2016-04-01
GAS,2016-05-01
GAS,2016-06-01
GDT,1997-01-01
GDT,1997-02-01
GDT,1997-03-01
GDT,1997-04-01
GDT,1997-05-01
GDT,1997-06-01
GDT,1997-07-01
GDT,1997-08-01
GDT,1997-09-01
GDT,1997-10-01
GDT,1997-11-01
GDT,1997-12-01
GDT,1998-01-01
GDT,1998-02-01
GDT,1998-03-01
GDT,1998-04-01
GDT,1998-05-01
GDT,1998-06-01
GDT,1998-07-01
GDT,1998-08-01
GDT,1998-09-01
GDT,1998-10-01
GDT,1998-11-01
GDT,1998-12-01
GDT,1999-01-01
GDT,1999-02-01
GDT,1999-03-01
GDT,1999-04-01
GDT,1999-05-01
GDT,1999-06-01
GDT,1999-07-01
GDT,1999-08-01
GDT,1999-09-01
GDT,1999-10-01
GDT,1999-11-01
GDT,1999-12-01
GDT,2000-01-01
GDT,2000-02-01
GDT,2000-03-01
GDT,2000-04-01
GDT,2000-05-01
GDT,2000-06-01
GDT,2000-07-01
GDT,2000-08-01
GDT,2000-09-01
GDT,2000-10-01
GDT,2000-11-01
GDT,2000-12-01
GDT,2001-01-01
GDT,2001-02-01
GDT,2001-03-01
GDT,2001-04-01
GDT,2001-05-01
GDT,2001-06-01
GDT,2001-07-01
GDT,2001-08-01
GDT,2001-09-01
GDT,2001-10-01
GDT,2001-11-01
GDT,2001-12-01
GDT,2002-01-01
GDT,2002-02-01
GDT,2002-03-01
GDT,2002-04-01
GDT,2002-05-01
GDT,2002-06-01
GDT,2002-07-01
GDT,2002-08-01
GDT,2002-09-01
GDT,2002-10-01
GDT,2002-11-01
GDT,2002-12-01
GDT,2003-01-01
GDT,2003-02-01
GDT,2003-03-01
GDT,2003-04-01
GDT,2003-05-01
GDT,2003-06-01
GDT,2003-07-01
GDT,2003-08-01
GDT,2003-09-01
GDT,2003-10-01
GDT,2003-11-01
GDT,2003-12-01
GDT,2004-01-01
GDT,2004-02-01
GDT,2004-03-01
GDT,2004-04-01
GDT,2004-05-01
GDT,2004-06-01
GDT,2004-07-01
GDT,2004-08-01
GDT,2004-09-01
GDT,2004-10-01
GDT,2004-11-01
GDT,2004-12-01
GDT,2005-01-01
GDT,2005-02-01
GDT,2005-03-01
GDT,2005-04-01
GDT,2005-05-01
GDT,2005-06-01
GDT,2005-07-01
GDT,2005-08-01
GDT,2005-09-01
GDT,2005-10-01
GDT,2005-11-01
GDT,2005-12-01
GDT,2006-01-01
GDT,2006-02-01
GDT,2006-03-01
GDT,2006-04-01
GDW,1996-02-01
GDW,1996-03-01
GDW,1996-04-01
GDW,1996-05-01
GDW,1996-06-01
GDW,1996-07-01
GDW,1996-08-01
GDW,1996-09-01
GDW,1996-10-01
GDW,1996-11-01
GDW,1996-12-01
GDW,1997-01-01
GDW,1997-02-01
GDW,1997-03-01
GDW,1997-04-01
GDW,1997-05-01
GDW,1997-06-01
GDW,1997-07-01
GDW,1997-08-01
GDW,1997-09-01
GDW,1997-10-01
GDW,1997-11-01
GDW,1997-12-01
GDW,1998-01-01
GDW,1998-02-01
GDW,1998-03-01
GDW,1998-04-01
GDW,1998-05-01
GDW,1998-06-01
GDW,1998-07-01
GDW,1998-08-01
GDW,1998-09-01
GDW,1998-10-01
GDW,1998-11-01
GDW,1998-12-01
GDW,1999-01-01
GDW,1999-02-01
GDW,1999-03-01
GDW,1999-04-01
GDW,1999-05-01
GDW,1999-06-01
GDW,1999-07-01
GDW,1999-08-01
GDW,1999-09-01
GDW,1999-10-01
GDW,1999-11-01
GDW,1999-12-01
GDW,2000-01-01
GDW,2000-02-01
GDW,2000-03-01
GDW,2000-04-01
GDW,2000-05-01
GDW,2000-06-01
GDW,2000-07-01
GDW,2000-08-01
GDW,2000-09-01
GDW,2000-10-01
GDW,2000-11-01
GDW,2000-12-01
GDW,2001-01-01
GDW,2001-02-01
GDW,2001-03-01
GDW,2001-04-01
GDW,2001-05-01
GDW,2001-06-01
GDW,2001-07-01
GDW,2001-08-01
GDW,2001-09-01
GDW,2001-10-01
GDW,2001-11-01
GDW,2001-12-01
GDW,2002-01-01
GDW,2002-02-01
GDW,2002-03-01
GDW,2002-04-01
GDW,2002-05-01
GDW,2002-06-01
GDW,2002-07-01
GDW,2002-08-01
GDW,2002-09-01
GDW,2002-10-01
GDW,2002-11-01
GDW,2002-12-01
GDW,2003-01-01
GDW,2003-02-01
GDW,2003-03-01
GDW,2003-04-01
GDW,2003-05-01
GDW,2003-06-01
GDW,2003-07-01
GDW,2003-08-01
GDW,2003-09-01
GDW,2003-10-01
GDW,2003-11-01
GDW,2003-12-01
GDW,2004-01-01
GDW,2004-02-01
GDW,2004-03-01
GDW,2004-04-01
GDW,2004-05-01
GDW,2004-06-01
GDW,2004-07-01
GDW,2004-08-01
GDW,2004-09-01
GDW,2004-10-01
GDW,2004-11-01
GDW,2004-12-01
GDW,2005-01-01
GDW,2005-02-01
GDW,2005-03-01
GDW,2005-04-01
GDW,2005-05-01
GDW,2005-06-01
GDW,2005-07-01
GDW,2005-08-01
GDW,2005-09-01
GDW,2005-10-01
GDW,2005-11-01
GDW,2005-12-01
GDW,2006-01-01
GDW,2006-02-01
GDW,2006-03-01
GDW,2006-04-01
GDW,2006-05-01
GDW,2006-06-01
GDW,2006-07-01
GDW,2006-08-01
GDW,2006-09-01
GDW,2006-10-01
GENZ,2002-01-01
GENZ,2002-02-01
GENZ,2002-03-01
GENZ,2002-04-01
GENZ,2002-05-01
GENZ,2002-06-01
GENZ,2002-07-01
GENZ,2002-08-01
GENZ,2002-09-01
GENZ,2002-10-01
GENZ,2002-11-01
GENZ,2002-12-01
GENZ,2003-01-01
GENZ,2003-02-01
GENZ,2003-03-01
GENZ,2003-04-01
GENZ,2003-05-01
GENZ,2003-06-01
GENZ,2003-07-01
GENZ,2003-08-01
GENZ,2003-09-01
GENZ,2003-10-01
GENZ,2003-11-01
GENZ,2003-12-01
GENZ,2004-01-01
GENZ,2004-02-01
GENZ,2004-03-01
GENZ,2004-04-01
GENZ,2004-05-01
GENZ,2004-06-01
GENZ,2004-07-01
GENZ,2004-08-01
GENZ,2004-09-01
GENZ,2004-10-01
GENZ,2004-11-01
GENZ,2004-12-01
GENZ,2005-01-01
GENZ,2005-02-01
GENZ,2005-03-01
GENZ,2005-04-01
GENZ,2005-05-01
GENZ,2005-06-01
GENZ,2005-07-01
GENZ,2005-08-01
GENZ,2005-09-01
GENZ,2005-10-01
GENZ,2005-11-01
GENZ,2005-12-01
GENZ,2006-01-01
GENZ,2006-02-01
GENZ,2006-03-01
GENZ,2006-04-01
GENZ,2006-05-01
GENZ,2006-06-01
GENZ,2006-07-01
GENZ,2006-08-01
GENZ,2006-09-01
GENZ,2006-10-01
GENZ,2006-11-01
GENZ,2006-12-01
GENZ,2007-01-01
GENZ,2007-02-01
GENZ,2007-03-01
GENZ,2007-04-01
GENZ,2007-05-01
GENZ,2007-06-01
GENZ,2007-07-01
GENZ,2007-08-01
GENZ,2007-09-01
GENZ,2007-10-01
GENZ,2007-11-01
GENZ,2007-12-01
GENZ,2008-01-01
GENZ,2008-02-01
GENZ,2008-03-01
GENZ,2008-04-01
GENZ,2008-05-01
GENZ,2008-06-01
GENZ,2008-07-01
GENZ,2008-08-01
GENZ,2008-09-01
GENZ,2008-10-01
GENZ,2008-11-01
GENZ,2008-12-01
GENZ,2009-01-01
GENZ,2009-02-01
GENZ,2009-03-01
GENZ,2009-04-01
GENZ,2009-05-01
GENZ,2009-06-01
GENZ,2009-07-01
GENZ,2009-08-01
GENZ,2009-09-01
GENZ,2009-10-01
GENZ,2009-11-01
GENZ,2009-12-01
GENZ,2010-01-01
GENZ,2010-02-01
GENZ,2010-03-01
GENZ,2010-04-01
GENZ,2010-05-01
GENZ,2010-06-01
GENZ,2010-07-01
GENZ,2010-08-01
GENZ,2010-09-01
GENZ,2010-10-01
GENZ,2010-11-01
GENZ,2010-12-01
GENZ,2011-01-01
GENZ,2011-02-01
GENZ,2011-03-01
GENZ,2011-04-01
GFS-A,1996-02-01
GFS-A,1996-03-01
GFS-A,1996-04-01
GFS-A,1996-05-01
GFS-A,1996-06-01
GFS-A,1996-07-01
GFS-A,1996-08-01
GFS-A,1996-09-01
GFS-A,1996-10-01
GFS-A,1996-11-01
GFS-A,1996-12-01
GFS-A,1997-01-01
GFS-A,1997-02-01
GFS-A,1997-03-01
GFS-A,1997-04-01
GFS-A,1997-05-01
GFS-A,1997-06-01
GFS-A,1997-07-01
GFS-A,1997-08-01
GFS-A,1997-09-01
GFS-A,1997-10-01
GFS-A,1997-11-01
GFS-A,1997-12-01
GFS-A,1998-01-01
GFS-A,1998-02-01
GFS-A,1998-03-01
GFS-A,1998-04-01
GFS-A,1998-05-01
GFS-A,1998-06-01
GFS-A,1998-07-01
GGP,2007-08-01
GGP,2007-09-01
GGP,2007-10-01
GGP,2007-11-01
GGP,2007-12-01
GGP,2008-01-01
GGP,2008-02-01
GGP,2008-03-01
GGP,2008-04-01
GGP,2008-05-01
GGP,2008-06-01
GGP,2008-07-01
GGP,2008-08-01
GGP,2008-09-01
GGP,2008-10-01
GGP,2008-11-01
GGP,2014-01-01
GGP,2014-02-01
GGP,2014-03-01
GGP,2014-04-01
GGP,2014-05-01
GGP,2014-06-01
GGP,2014-07-01
GGP,2014-08-01
GGP,2014-09-01
GGP,2014-10-01
GGP,2014-11-01
GGP,2014-12-01
GGP,2015-01-01
GGP,2015-02-01
GGP,2015-03-01
GGP,2015-04-01
GGP,2015-05-01
GGP,2015-06-01
GGP,2015-07-01
GGP,2015-08-01
GGP,2015-09-01
GGP,2015-10-01
GGP,2015-11-01
GGP,2015-12-01
GGP,2016-01-01
GGP,2016-02-01
GGP,2016-03-01
GGP,2016-04-01
GGP,2016-05-01
GGP,2016-06-01
GGP,2016-07-01
GGP,2016-08-01
GGP,2016-09-01
GGP,2016-10-01
GGP,2016-11-01
GGP,2016-12-01
GGP,2017-01-01
GGP,2017-02-01
GGP,2017-03-01
GGP,2017-04-01
GGP,2017-05-01
GGP,2017-06-01
GGP,2017-07-01
GGP,2017-08-01
GGP,2017-09-01
GGP,2017-10-01
GGP,2017-11-01
GGP,2017-12-01
GGP,2018-01-01
GGP,2018-02-01
GGP,2018-03-01
GGP,2018-04-01
GGP,2018-05-01
GGP,2018-06-01
GGP,2018-07-01
GGP,2018-08-01
GIDL,1996-02-01
GIDL,1996-03-01
GIDL,1996-04-01
GIDL,1996-05-01
GIDL,1996-06-01
GIDL,1996-07-01
GIDL,1996-08-01
GIDL,1996-09-01
GIDL,1996-10-01
GIDL,1996-11-01
GIDL,1996-12-01
GIDL,1997-01-01
GIDL,1997-02-01
GIDL,1997-03-01
GIDL,1997-04-01
GIDL,1997-05-01
GIDL,1997-06-01
GIDL,1997-07-01
GLD,1996-02-01
GLD,1996-03-01
GLD,1996-04-01
GLD,1996-05-01
GLD,1996-06-01
GLD,1996-07-01
GLD,1996-08-01
GLD,1996-09-01
GLD,1996-10-01
GLD,1996-11-01
GLD,1996-12-01
GLD,1997-01-01
GLD,1997-02-01
GLD,1997-03-01
GLD,1997-04-01
GLD,1997-05-01
GLK,1996-02-01
GLK,1996-03-01
GLK,1996-04-01
GLK,1996-05-01
GLK,1996-06-01
GLK,1996-07-01
GLK,1996-08-01
GLK,1996-09-01
GLK,1996-10-01
GLK,1996-11-01
GLK,1996-12-01
GLK,1997-01-01
GLK,1997-02-01
GLK,1997-03-01
GLK,1997-04-01
GLK,1997-05-01
GLK,1997-06-01
GLK,1997-07-01
GLK,1997-08-01
GLK,1997-09-01
GLK,1997-10-01
GLK,1997-11-01
GLK,1997-12-01
GLK,1998-01-01
GLK,1998-02-01
GLK,1998-03-01
GLK,1998-04-01
GLK,1998-05-01
GLK,1998-06-01
GLK,1998-07-01
GLK,1998-08-01
GLK,1998-09-01
GLK,1998-10-01
GLK,1998-11-01
GLK,1998-12-01
GLK,1999-01-01
GLK,1999-02-01
GLK,1999-03-01
GLK,1999-04-01
GLK,1999-05-01
GLK,1999-06-01
GLK,1999-07-01
GLK,1999-08-01
GLK,1999-09-01
GLK,1999-10-01
GLK,1999-11-01
GLK,1999-12-01
GLK,2000-01-01
GLK,2000-02-01
GLK,2000-03-01
GLK,2000-04-01
GLK,2000-05-01
GLK,2000-06-01
GLK,2000-07-01
GLK,2000-08-01
GLK,2000-09-01
GLK,2000-10-01
GLK,2000-11-01
GLK,2000-12-01
GLK,2001-01-01
GLK,2001-02-01
GLK,2001-03-01
GLK,2001-04-01
GLK,2001-05-01
GLK,2001-06-01
GLK,2001-07-01
GLK,2001-08-01
GLK,2001-09-01
GLK,2001-10-01
GLK,2001-11-01
GLK,2001-12-01
GLK,2002-01-01
GLK,2002-02-01
GLK,2002-03-01
GLK,2002-04-01
GLK,2002-05-01
GLK,2002-06-01
GLK,2002-07-01
GLK,2002-08-01
GLK,2002-09-01
GLK,2002-10-01
GLK,2002-11-01
GLK,2002-12-01
GLK,2003-01-01
GLK,2003-02-01
GLK,2003-03-01
GLK,2003-04-01
GLK,2003-05-01
GLK,2003-06-01
GLK,2003-07-01
GLK,2003-08-01
GLK,2003-09-01
GLK,2003-10-01
GLK,2003-11-01
GLK,2003-12-01
GLK,2004-01-01
GLK,2004-02-01
GLK,2004-03-01
GLK,2004-04-01
GLK,2004-05-01
GLK,2004-06-01
GLK,2004-07-01
GLK,2004-08-01
GLK,2004-09-01
GLK,2004-10-01
GLK,2004-11-01
GLK,2004-12-01
GLK,2005-01-01
GLK,2005-02-01
GLK,2005-03-01
GLK,2005-04-01
GLK,2005-05-01
GLK,2005-06-01
GLK,2005-07-01
GMCR,2014-04-01
GMCR,2014-05-01
GMCR,2014-06-01
GMCR,2014-07-01
GMCR,2014-08-01
GMCR,2014-09-01
GMCR,2014-10-01
GMCR,2014-11-01
GMCR,2014-12-01
GMCR,2015-01-01
GMCR,2015-02-01
GMCR,2015-03-01
GMCR,2015-04-01
GMCR,2015-05-01
GMCR,2015-06-01
GMCR,2015-07-01
GMCR,2015-08-01
GMCR,2015-09-01
GMCR,2015-10-01
GMCR,2015-11-01
GMCR,2015-12-01
GMCR,2016-01-01
GMCR,2016-02-01
GMCR,2016-03-01
GNT,1996-04-01
GNT,1996-05-01
GNT,1996-06-01
GNT,1996-07-01
GNT,1996-08-01
GNT,1996-09-01
GNT,1996-10-01
GNT,1996-11-01
GNT,1996-12-01
GNT,1997-01-01
GNT,1997-02-01
GNT,1997-03-01
GNT,1997-04-01
GNT,1997-05-01
GNT,1997-06-01
GNT,1997-07-01
GNT,1997-08-01
GNT,1997-09-01
GNT,1997-10-01
GNT,1997-11-01
GNT,1997-12-01
GNT,1998-01-01
GNT,1998-02-01
GNT,1998-03-01
GNT,1998-04-01
GNT,1998-05-01
GNT,1998-06-01
GP,1996-02-01
GP,1996-03-01
GP,1996-04-01
GP,1996-05-01
GP,1996-06-01
GP,1996-07-01
GP,1996-08-01
GP,1996-09-01
GP,1996-10-01
GP,1996-11-01
GP,1996-12-01
GP,1997-01-01
GP,1997-02-01
GP,1997-03-01
GP,1997-04-01
GP,1997-05-01
GP,1997-06-01
GP,1997-07-01
GP,1997-08-01
GP,1997-09-01
GP,1997-10-01
GP,1997-11-01
GP,1997-12-01
GP,1998-01-01
GP,1998-02-01
GP,1998-03-01
GP,1998-04-01
GP,1998-05-01
GP,1998-06-01
GP,1998-07-01
GP,1998-08-01
GP,1998-09-01
GP,1998-10-01
GP,1998-11-01
GP,1998-12-01
GP,1999-01-01
GP,1999-02-01
GP,1999-03-01
GP,1999-04-01
GP,1999-05-01
GP,1999-06-01
GP,1999-07-01
GP,1999-08-01
GP,1999-09-01
GP,1999-10-01
GP,1999-11-01
GP,1999-12-01
GP,2000-01-01
GP,2000-02-01
GP,2000-03-01
GP,2000-04-01
GP,2000-05-01
GP,2000-06-01
GP,2000-07-01
GP,2000-08-01
GP,2000-09-01
GP,2000-10-01
GP,2000-11-01
GP,2000-12-01
GP,2001-01-01
GP,2001-02-01
GP,2001-03-01
GP,2001-04-01
GP,2001-05-01
GP,2001-06-01
GP,2001-07-01
GP,2001-08-01
GP,2001-09-01
GP,2001-10-01
GP,2001-11-01
GP,2001-12-01
GP,2002-01-01
GP,2002-02-01
GP,2002-03-01
GP,2002-04-01
GP,2002-05-01
GP,2002-06-01
GP,2002-07-01
GP,2002-08-01
GP,2002-09-01
GP,2002-10-01
GP,2002-11-01
GP,2002-12-01
GP,2003-01-01
GP,2003-02-01
GP,2003-03-01
GP,2003-04-01
GP,2003-05-01
GP,2003-06-01
GP,2003-07-01
GP,2003-08-01
GP,2003-09-01
GP,2003-10-01
GP,2003-11-01
GP,2003-12-01
GP,2004-01-01
GP,2004-02-01
GP,2004-03-01
GP,2004-04-01
GP,2004-05-01
GP,2004-06-01
GP,2004-07-01
GP,2004-08-01
GP,2004-09-01
GP,2004-10-01
GP,2004-11-01
GP,2004-12-01
GP,2005-01-01
GP,2005-02-01
GP,2005-03-01
GP,2005-04-01
GP,2005-05-01
GP,2005-06-01
GP,2005-07-01
GP,2005-08-01
GP,2005-09-01
GP,2005-10-01
GP,2005-11-01
GP,2005-12-01
GPS,1996-02-01
GPS,1996-03-01
GPS,1996-04-01
GPS,1996-05-01
GPS,1996-06-01
GPS,1996-07-01
GPS,1996-08-01
GPS,1996-09-01
GPS,1996-10-01
GPS,1996-11-01
GPS,1996-12-01
GPS,1997-01-01
GPS,1997-02-01
GPS,1997-03-01
GPS,1997-04-01
GPS,1997-05-01
GPS,1997-06-01
GPS,1997-07-01
GPS,1997-08-01
GPS,1997-09-01
GPS,1997-10-01
GPS,1997-11-01
GPS,1997-12-01
GPS,1998-01-01
GPS,1998-02-01
GPS,1998-03-01
GPS,1998-04-01
GPS,1998-05-01
GPS,1998-06-01
GPS,1998-07-01
GPS,1998-08-01
GPS,1998-09-01
GPS,1998-10-01
GPS,1998-11-01
GPS,1998-12-01
GPS,1999-01-01
GPS,1999-02-01
GPS,1999-03-01
GPS,1999-04-01
GPS,1999-05-01
GPS,1999-06-01
GPS,1999-07-01
GPS,1999-08-01
GPS,1999-09-01
GPS,1999-10-01
GPS,1999-11-01
GPS,1999-12-01
GPS,2000-01-01
GPS,2000-02-01
GPS,2000-03-01
GPS,2000-04-01
GPS,2000-05-01
GPS,2000-06-01
GPS,2000-07-01
GPS,2000-08-01
GPS,2000-09-01
GPS,2000-10-01
GPS,2000-11-01
GPS,2000-12-01
GPS,2001-01-01
GPS,2001-02-01
GPS,2001-03-01
GPS,2001-04-01
GPS,2001-05-01
GPS,2001-06-01
GPS,2001-07-01
GPS,2001-08-01
GPS,2001-09-01
GPS,2001-10-01
GPS,2001-11-01
GPS,2001-12-01
GPS,2002-01-01
GPS,2002-02-01
GPS,2002-03-01
GPS,2002-04-01
GPS,2002-05-01
GPS,2002-06-01
GPS,2002-07-01
GPS,2002-08-01
GPS,2002-09-01
GPS,2002-10-01
GPS,2002-11-01
GPS,2002-12-01
GPS,2003-01-01
GPS,2003-02-01
GPS,2003-03-01
GPS,2003-04-01
GPS,2003-05-01
GPS,2003-06-01
GPS,2003-07-01
GPS,2003-08-01
GPS,2003-09-01
GPS,2003-10-01
GPS,2003-11-01
GPS,2003-12-01
GPS,2004-01-01
GPS,2004-02-01
GPS,2004-03-01
GPS,2004-04-01
GPS,2004-05-01
GPS,2004-06-01
GPS,2004-07-01
GPS,2004-08-01
GPS,2004-09-01
GPS,2004-10-01
GPS,2004-11-01
GPS,2004-12-01
GPS,2005-01-01
GPS,2005-02-01
GPS,2005-03-01
GPS,2005-04-01
GPS,2005-05-01
GPS,2005-06-01
GPS,2005-07-01
GPS,2005-08-01
GPS,2005-09-01
GPS,2005-10-01
GPS,2005-11-01
GPS,2005-12-01
GPS,2006-01-01
GPS,2006-02-01
GPS,2006-03-01
GPS,2006-04-01
GPS,2006-05-01
GPS,2006-06-01
GPS,2006-07-01
GPS,2006-08-01
GPS,2006-09-01
GPS,2006-10-01
GPS,2006-11-01
GPS,2006-12-01
GPS,2007-01-01
GPS,2007-02-01
GPS,2007-03-01
GPS,2007-04-01
GPS,2007-05-01
GPS,2007-06-01
GPS,2007-07-01
GPS,2007-08-01
GPS,2007-09-01
GPS,2007-10-01
GPS,2007-11-01
GPS,2007-12-01
GPS,2008-01-01
GPS,2008-02-01
GPS,2008-03-01
GPS,2008-04-01
GPS,2008-05-01
GPS,2008-06-01
GPS,2008-07-01
GPS,2008-08-01
GPS,2008-09-01
GPS,2008-10-01
GPS,2008-11-01
GPS,2008-12-01
GPS,2009-01-01
GPS,2009-02-01
GPS,2009-03-01
GPS,2009-04-01
GPS,2009-05-01
GPS,2009-06-01
GPS,2009-07-01
GPS,2009-08-01
GPS,2009-09-01
GPS,2009-10-01
GPS,2009-11-01
GPS,2009-12-01
GPS,2010-01-01
GPS,2010-02-01
GPS,2010-03-01
GPS,2010-04-01
GPS,2010-05-01
GPS,2010-06-01
GPS,2010-07-01
GPS,2010-08-01
GPS,2010-09-01
GPS,2010-10-01
GPS,2010-11-01
GPS,2010-12-01
GPS,2011-01-01
GPS,2011-02-01
GPS,2011-03-01
GPS,2011-04-01
GPS,2011-05-01
GPS,2011-06-01
GPS,2011-07-01
GPS,2011-08-01
GPS,2011-09-01
GPS,2011-10-01
GPS,2011-11-01
GPS,2011-12-01
GPS,2012-01-01
GPS,2012-02-01
GPS,2012-03-01
GPS,2012-04-01
GPS,2012-05-01
GPS,2012-06-01
GPS,2012-07-01
GPS,2012-08-01
GPS,2012-09-01
GPS,2012-10-01
GPS,2012-11-01
GPS,2012-12-01
GPS,2013-01-01
GPS,2013-02-01
GPS,2013-03-01
GPS,2013-04-01
GPS,2013-05-01
GPS,2013-06-01
GPS,2013-07-01
GPS,2013-08-01
GPS,2013-09-01
GPS,2013-10-01
GPS,2013-11-01
GPS,2013-12-01
GPS,2014-01-01
GPS,2014-02-01
GPS,2014-03-01
GPS,2014-04-01
GPS,2014-05-01
GPS,2014-06-01
GPS,2014-07-01
GPS,2014-08-01
GPS,2014-09-01
GPS,2014-10-01
GPS,2014-11-01
GPS,2014-12-01
GPS,2015-01-01
GPS,2015-02-01
GPS,2015-03-01
GPS,2015-04-01
GPS,2015-05-01
GPS,2015-06-01
GPS,2015-07-01
GPS,2015-08-01
GPS,2015-09-01
GPS,2015-10-01
GPS,2015-11-01
GPS,2015-12-01
GPS,2016-01-01
GPS,2016-02-01
GPS,2016-03-01
GPS,2016-04-01
GPS,2016-05-01
GPS,2016-06-01
GPS,2016-07-01
GPS,2016-08-01
GPS,2016-09-01
GPS,2016-10-01
GPS,2016-11-01
GPS,2016-12-01
GPS,2017-01-01
GPS,2017-02-01
GPS,2017-03-01
GPS,2017-04-01
GPS,2017-05-01
GPS,2017-06-01
GPS,2017-07-01
GPS,2017-08-01
GPS,2017-09-01
GPS,2017-10-01
GPS,2017-11-01
GPS,2017-12-01
GPS,2018-01-01
GPS,2018-02-01
GPS,2018-03-01
GPS,2018-04-01
GPS,2018-05-01
GPS,2018-06-01
GPS,2018-07-01
GPS,2018-08-01
GPS,2018-09-01
GPS,2018-10-01
GPS,2018-11-01
GPS,2018-12-01
GPS,2019-01-01
GPS,2019-02-01
GPS,2019-03-01
GPS,2019-04-01
GPS,2019-05-01
GPS,2019-06-01
GPS,2019-07-01
GPS,2019-08-01
GPS,2019-09-01
GPS,2019-10-01
GPS,2019-11-01
GPS,2019-12-01
GPS,2020-01-01
GPS,2020-02-01
GPS,2020-03-01
GPS,2020-04-01
GPS,2020-05-01
GPS,2020-06-01
GPS,2020-07-01
GPS,2020-08-01
GPS,2020-09-01
GPS,2020-10-01
GPS,2020-11-01
GPS,2020-12-01
GPS,2021-01-01
GPS,2021-02-01
GPS,2021-03-01
GPS,2021-04-01
GPS,2021-05-01
GPS,2021-06-01
GPS,2021-07-01
GPS,2021-08-01
GPS,2021-09-01
GPS,2021-10-01
GPS,2021-11-01
GPS,2021-12-01
GPS,2022-01-01
GPS,2022-02-01
GPU,1996-02-01
GPU,1996-03-01
GPU,1996-04-01
GPU,1996-05-01
GPU,1996-06-01
GPU,1996-07-01
GPU,1996-08-01
GPU,1996-09-01
GPU,1996-10-01
GPU,1996-11-01
GPU,1996-12-01
GPU,1997-01-01
GPU,1997-02-01
GPU,1997-03-01
GPU,1997-04-01
GPU,1997-05-01
GPU,1997-06-01
GPU,1997-07-01
GPU,1997-08-01
GPU,1997-09-01
GPU,1997-10-01
GPU,1997-11-01
GPU,1997-12-01
GPU,1998-01-01
GPU,1998-02-01
GPU,1998-03-01
GPU,1998-04-01
GPU,1998-05-01
GPU,1998-06-01
GPU,1998-07-01
GPU,1998-08-01
GPU,1998-09-01
GPU,1998-10-01
GPU,1998-11-01
GPU,1998-12-01
GPU,1999-01-01
GPU,1999-02-01
GPU,1999-03-01
GPU,1999-04-01
GPU,1999-05-01
GPU,1999-06-01
GPU,1999-07-01
GPU,1999-08-01
GPU,1999-09-01
GPU,1999-10-01
GPU,1999-11-01
GPU,1999-12-01
GPU,2000-01-01
GPU,2000-02-01
GPU,2000-03-01
GPU,2000-04-01
GPU,2000-05-01
GPU,2000-06-01
GPU,2000-07-01
GPU,2000-08-01
GPU,2000-09-01
GPU,2000-10-01
GPU,2000-11-01
GPU,2000-12-01
GPU,2001-01-01
GPU,2001-02-01
GPU,2001-03-01
GPU,2001-04-01
GPU,2001-05-01
GPU,2001-06-01
GPU,2001-07-01
GPU,2001-08-01
GPU,2001-09-01
GPU,2001-10-01
GPU,2001-11-01
GR,1996-02-01
GR,1996-03-01
GR,1996-04-01
GR,1996-05-01
GR,1996-06-01
GR,1996-07-01
GR,1996-08-01
GR,1996-09-01
GR,1996-10-01
GR,1996-11-01
GR,1996-12-01
GR,1997-01-01
GR,1997-02-01
GR,1997-03-01
GR,1997-04-01
GR,1997-05-01
GR,1997-06-01
GR,1997-07-01
GR,1997-08-01
GR,1997-09-01
GR,1997-10-01
GR,1997-11-01
GR,1997-12-01
GR,1998-01-01
GR,1998-02-01
GR,1998-03-01
GR,1998-04-01
GR,1998-05-01
GR,1998-06-01
GR,1998-07-01
GR,1998-08-01
GR,1998-09-01
GR,1998-10-01
GR,1998-11-01
GR,1998-12-01
GR,1999-01-01
GR,1999-02-01
GR,1999-03-01
GR,1999-04-01
GR,1999-05-01
GR,1999-06-01
GR,1999-07-01
GR,1999-08-01
GR,1999-09-01
GR,1999-10-01
GR,1999-11-01
GR,1999-12-01
GR,2000-01-01
GR,2000-02-01
GR,2000-03-01
GR,2000-04-01
GR,2000-05-01
GR,2000-06-01
GR,2000-07-01
GR,2000-08-01
GR,2000-09-01
GR,2000-10-01
GR,2000-11-01
GR,2000-12-01
GR,2001-01-01
GR,2001-02-01
GR,2001-03-01
GR,2001-04-01
GR,2001-05-01
GR,2001-06-01
GR,2001-07-01
GR,2001-08-01
GR,2001-09-01
GR,2001-10-01
GR,2001-11-01
GR,2001-12-01
GR,2002-01-01
GR,2002-02-01
GR,2002-03-01
GR,2002-04-01
GR,2002-05-01
GR,2002-06-01
GR,2002-07-01
GR,2002-08-01
GR,2002-09-01
GR,2002-10-01
GR,2002-11-01
GR,2002-12-01
GR,2003-01-01
GR,2003-02-01
GR,2003-03-01
GR,2003-04-01
GR,2003-05-01
GR,2003-06-01
GR,2003-07-01
GR,2003-08-01
GR,2003-09-01
GR,2003-10-01
GR,2003-11-01
GR,2003-12-01
GR,2004-01-01
GR,2004-02-01
GR,2004-03-01
GR,2004-04-01
GR,2004-05-01
GR,2004-06-01
GR,2004-07-01
GR,2004-08-01
GR,2004-09-01
GR,2004-10-01
GR,2004-11-01
GR,2004-12-01
GR,2005-01-01
GR,2005-02-01
GR,2005-03-01
GR,2005-04-01
GR,2005-05-01
GR,2005-06-01
GR,2005-07-01
GR,2005-08-01
GR,2005-09-01
GR,2005-10-01
GR,2005-11-01
GR,2005-12-01
GR,2006-01-01
GR,2006-02-01
GR,2006-03-01
GR,2006-04-01
GR,2006-05-01
GR,2006-06-01
GR,2006-07-01
GR,2006-08-01
GR,2006-09-01
GR,2006-10-01
GR,2006-11-01
GR,2006-12-01
GR,2007-01-01
GR,2007-02-01
GR,2007-03-01
GR,2007-04-01
GR,2007-05-01
GR,2007-06-01
GR,2007-07-01
GR,2007-08-01
GR,2007-09-01
GR,2007-10-01
GR,2007-11-01
GR,2007-12-01
GR,2008-01-01
GR,2008-02-01
GR,2008-03-01
GR,2008-04-01
GR,2008-05-01
GR,2008-06-01
GR,2008-07-01
GR,2008-08-01
GR,2008-09-01
GR,2008-10-01
GR,2008-11-01
GR,2008-12-01
GR,2009-01-01
GR,2009-02-01
GR,2009-03-01
GR,2009-04-01
GR,2009-05-01
GR,2009-06-01
GR,2009-07-01
GR,2009-08-01
GR,2009-09-01
GR,2009-10-01
GR,2009-11-01
GR,2009-12-01
GR,2010-01-01
GR,2010-02-01
GR,2010-03-01
GR,2010-04-01
GR,2010-05-01
GR,2010-06-01
GR,2010-07-01
GR,2010-08-01
GR,2010-09-01
GR,2010-10-01
GR,2010-11-01
GR,2010-12-01
GR,2011-01-01
GR,2011-02-01
GR,2011-03-01
GR,2011-04-01
GR,2011-05-01
GR,2011-06-01
GR,2011-07-01
GR,2011-08-01
GR,2011-09-01
GR,2011-10-01
GR,2011-11-01
GR,2011-12-01
GR,2012-01-01
GR,2012-02-01
GR,2012-03-01
GR,2012-04-01
GR,2012-05-01
GR,2012-06-01
GR,2012-07-01
GRA,1996-02-01
GRA,1996-03-01
GRA,1996-04-01
GRA,1996-05-01
GRA,1996-06-01
GRA,1996-07-01
GRA,1996-08-01
GRA,1996-09-01
GRA,1996-10-01
GRA,1996-11-01
GRA,1996-12-01
GRA,1997-01-01
GRA,1997-02-01
GRA,1997-03-01
GRA,1997-04-01
GRA,1997-05-01
GRA,1997-06-01
GRA,1997-07-01
GRA,1997-08-01
GRA,1997-09-01
GRA,1997-10-01
GRA,1997-11-01
GRA,1997-12-01
GRA,1998-01-01
GRA,1998-02-01
GRA,1998-03-01
GRA,1998-04-01
GRA,1998-05-01
GRA,1998-06-01
GRA,1998-07-01
GRA,1998-08-01
GRA,1998-09-01
GRA,1998-10-01
GRA,1998-11-01
GRA,1998-12-01
GRA,1999-01-01
GRA,1999-02-01
GRA,1999-03-01
GRA,1999-04-01
GRA,1999-05-01
GRA,1999-06-01
GRA,1999-07-01
GRA,1999-08-01
GRA,1999-09-01
GRA,1999-10-01
GRA,1999-11-01
GRA,1999-12-01
GRA,2000-01-01
GRA,2000-02-01
GRA,2000-03-01
GRA,2000-04-01
GRA,2000-05-01
GRA,2000-06-01
GRA,2000-07-01
GRA,2000-08-01
GRA,2000-09-01
GRA,2000-10-01
GRA,2000-11-01
GRA,2000-12-01
GRN,1996-02-01
GRN,1996-03-01
GRN,1996-04-01
GRN,1996-05-01
GRN,1996-06-01
GRN,1996-07-01
GRN,1996-08-01
GRN,1996-09-01
GRN,1996-10-01
GRN,1996-11-01
GRN,1996-12-01
GRN,1997-01-01
GRN,1997-02-01
GRN,1997-03-01
GRN,1997-04-01
GRN,1997-05-01
GRN,1997-06-01
GRN,1997-07-01
GRN,1997-08-01
GRN,1997-09-01
GRN,1997-10-01
GRN,1997-11-01
GRN,1997-12-01
GRN,1998-01-01
GRN,1998-02-01
GRN,1998-03-01
GRN,1998-04-01
GRN,1998-05-01
GRN,1998-06-01
GRN,1998-07-01
GRN,1998-08-01
GRN,1998-09-01
GRN,1998-10-01
GRN,1998-11-01
GRN,1998-12-01
GSX,1996-02-01
GSX,1996-03-01
GSX,1996-04-01
GSX,1996-05-01
GSX,1996-06-01
GSX,1996-07-01
GSX,1996-08-01
GSX,1996-09-01
GSX,1996-10-01
GSX,1996-11-01
GSX,1996-12-01
GSX,1997-01-01
GSX,1997-02-01
GSX,1997-03-01
GSX,1997-04-01
GSX,1997-05-01
GSX,1997-06-01
GSX,1997-07-01
GSX,1997-08-01
GSX,1997-09-01
GSX,1997-10-01
GSX,1997-11-01
GSX,1997-12-01
GSX,1998-01-01
GSX,1998-02-01
GSX,1998-03-01
GSX,1998-04-01
GSX,1998-05-01
GSX,1998-06-01
GSX,1998-07-01
GSX,1998-08-01
GSX,1998-09-01
GSX,1998-10-01
GTE,1996-02-01
GTE,1996-03-01
GTE,1996-04-01
GTE,1996-05-01
GTE,1996-06-01
GTE,1996-07-01
GTE,1996-08-01
GTE,1996-09-01
GTE,1996-10-01
GTE,1996-11-01
GTE,1996-12-01
GTE,1997-01-01
GTE,1997-02-01
GTE,1997-03-01
GTE,1997-04-01
GTE,1997-05-01
GTE,1997-06-01
GTE,1997-07-01
GTE,1997-08-01
GTE,1997-09-01
GTE,1997-10-01
GTE,1997-11-01
GTE,1997-12-01
GTE,1998-01-01
GTE,1998-02-01
GTE,1998-03-01
GTE,1998-04-01
GTE,1998-05-01
GTE,1998-06-01
GTE,1998-07-01
GTE,1998-08-01
GTE,1998-09-01
GTE,1998-10-01
GTE,1998-11-01
GTE,1998-12-01
GTE,1999-01-01
GTE,1999-02-01
GTE,1999-03-01
GTE,1999-04-01
GTE,1999-05-01
GTE,1999-06-01
GTE,1999-07-01
GTE,1999-08-01
GTE,1999-09-01
GTE,1999-10-01
GTE,1999-11-01
GTE,1999-12-01
GTE,2000-01-01
GTE,2000-02-01
GTE,2000-03-01
GTE,2000-04-01
GTE,2000-05-01
GTE,2000-06-01
GTE,2000-07-01
GTW,1998-05-01
GTW,1998-06-01
GTW,1998-07-01
GTW,1998-08-01
GTW,1998-09-01
GTW,1998-10-01
GTW,1998-11-01
GTW,1998-12-01
GTW,1999-01-01
GTW,1999-02-01
GTW,1999-03-01
GTW,1999-04-01
GTW,1999-05-01
GTW,1999-06-01
GTW,1999-07-01
GTW,1999-08-01
GTW,1999-09-01
GTW,1999-10-01
GTW,1999-11-01
GTW,1999-12-01
GTW,2000-01-01
GTW,2000-02-01
GTW,2000-03-01
GTW,2000-04-01
GTW,2000-05-01
GTW,2000-06-01
GTW,2000-07-01
GTW,2000-08-01
GTW,2000-09-01
GTW,2000-10-01
GTW,2000-11-01
GTW,2000-12-01
GTW,2001-01-01
GTW,2001-02-01
GTW,2001-03-01
GTW,2001-04-01
GTW,2001-05-01
GTW,2001-06-01
GTW,2001-07-01
GTW,2001-08-01
GTW,2001-09-01
GTW,2001-10-01
GTW,2001-11-01
GTW,2001-12-01
GTW,2002-01-01
GTW,2002-02-01
GTW,2002-03-01
GTW,2002-04-01
GTW,2002-05-01
GTW,2002-06-01
GTW,2002-07-01
GTW,2002-08-01
GTW,2002-09-01
GTW,2002-10-01
GTW,2002-11-01
GTW,2002-12-01
GTW,2003-01-01
GTW,2003-02-01
GTW,2003-03-01
GTW,2003-04-01
GTW,2003-05-01
GTW,2003-06-01
GTW,2003-07-01
GTW,2003-08-01
GTW,2003-09-01
GTW,2003-10-01
GTW,2003-11-01
GTW,2003-12-01
GTW,2004-01-01
GTW,2004-02-01
GTW,2004-03-01
GTW,2004-04-01
GTW,2004-05-01
GTW,2004-06-01
GTW,2004-07-01
GTW,2004-08-01
GTW,2004-09-01
GTW,2004-10-01
GTW,2004-11-01
GTW,2004-12-01
GTW,2005-01-01
GTW,2005-02-01
GTW,2005-03-01
GTW,2005-04-01
GTW,2005-05-01
GTW,2005-06-01
GTW,2005-07-01
GTW,2005-08-01
GTW,2005-09-01
GTW,2005-10-01
GTW,2005-11-01
GTW,2005-12-01
GTW,2006-01-01
GTW,2006-02-01
GTW,2006-03-01
GTW,2006-04-01
GTW,2006-05-01
GTW,2006-06-01
GTW,2006-07-01
GWF,1996-02-01
GWF,1996-03-01
GWF,1996-04-01
GWF,1996-05-01
GWF,1996-06-01
GWF,1996-07-01
GWF,1996-08-01
GWF,1996-09-01
GWF,1996-10-01
GWF,1996-11-01
GWF,1996-12-01
GWF,1997-01-01
GWF,1997-02-01
GWF,1997-03-01
GWF,1997-04-01
GWF,1997-05-01
GWF,1997-06-01
GWF,1997-07-01
GX,1999-10-01
GX,1999-11-01
GX,1999-12-01
GX,2000-01-01
GX,2000-02-01
GX,2000-03-01
GX,2000-04-01
GX,2000-05-01
GX,2000-06-01
GX,2000-07-01
GX,2000-08-01
GX,2000-09-01
GX,2000-10-01
GX,2000-11-01
GX,2000-12-01
GX,2001-01-01
GX,2001-02-01
GX,2001-03-01
GX,2001-04-01
GX,2001-05-01
GX,2001-06-01
GX,2001-07-01
GX,2001-08-01
GX,2001-09-01
GX,2001-10-01
H,1996-02-01
H,1996-03-01
H,1996-04-01
H,1996-05-01
H,1996-06-01
H,1996-07-01
H,1996-08-01
H,1996-09-01
H,1996-10-01
H,1996-11-01
H,1996-12-01
H,1997-01-01
H,1997-02-01
H,1997-03-01
H,1997-04-01
H,1997-05-01
H,1997-06-01
H,1997-07-01
H,1997-08-01
H,1997-09-01
H,1997-10-01
H,1997-11-01
H,1997-12-01
H,1998-01-01
H,1998-02-01
H,1998-03-01
H,1998-04-01
H,1998-05-01
H,1998-06-01
H,1998-07-01
H,1998-08-01
H,1998-09-01
H,1998-10-01
H,1998-11-01
H,1998-12-01
H,1999-01-01
H,1999-02-01
H,1999-03-01
H,1999-04-01
H,1999-05-01
H,1999-06-01
H,1999-07-01
H,1999-08-01
H,1999-09-01
H,1999-10-01
H,1999-11-01
H,1999-12-01
H,2000-01-01
H,2000-02-01
H,2000-03-01
H,2000-04-01
H,2000-05-01
H,2000-06-01
H,2000-07-01
H,2000-08-01
H,2000-09-01
H,2000-10-01
H,2000-11-01
H,2000-12-01
H,2001-01-01
H,2001-02-01
H,2001-03-01
H,2001-04-01
H,2001-05-01
H,2001-06-01
H,2006-08-01
H,2006-09-01
H,2006-10-01
H,2006-11-01
H,2006-12-01
H,2007-01-01
H,2007-02-01
H,2007-03-01
H,2007-04-01
HAR,2006-02-01
HAR,2006-03-01
HAR,2006-04-01
HAR,2006-05-01
HAR,2006-06-01
HAR,2006-07-01
HAR,2006-08-01
HAR,2006-09-01
HAR,2006-10-01
HAR,2006-11-01
HAR,2006-12-01
HAR,2007-01-01
HAR,2007-02-01
HAR,2007-03-01
HAR,2007-04-01
HAR,2007-05-01
HAR,2007-06-01
HAR,2007-07-01
HAR,2007-08-01
HAR,2007-09-01
HAR,2007-10-01
HAR,2007-11-01
HAR,2007-12-01
HAR,2008-01-01
HAR,2008-02-01
HAR,2008-03-01
HAR,2008-04-01
HAR,2008-05-01
HAR,2008-06-01
HAR,2008-07-01
HAR,2008-08-01
HAR,2008-09-01
HAR,2008-10-01
HAR,2008-11-01
HAR,2008-12-01
HAR,2009-01-01
HAR,2009-02-01
HAR,2009-03-01
HAR,2009-04-01
HAR,2009-05-01
HAR,2009-06-01
HAR,2009-07-01
HAR,2009-08-01
HAR,2009-09-01
HAR,2009-10-01
HAR,2009-11-01
HAR,2009-12-01
HAR,2010-01-01
HAR,2010-02-01
HAR,2010-03-01
HAR,2010-04-01
HAR,2010-05-01
HAR,2010-06-01
HAR,2010-07-01
HAR,2010-08-01
HAR,2010-09-01
HAR,2010-10-01
HAR,2010-11-01
HAR,2010-12-01
HAR,2011-01-01
HAR,2011-02-01
HAR,2011-03-01
HAR,2011-04-01
HAR,2011-05-01
HAR,2011-06-01
HAR,2011-07-01
HAR,2011-08-01
HAR,2011-09-01
HAR,2011-10-01
HAR,2011-11-01
HAR,2011-12-01
HAR,2012-01-01
HAR,2012-02-01
HAR,2012-03-01
HAR,2012-04-01
HAR,2012-05-01
HAR,2012-06-01
HAR,2012-07-01
HAR,2012-08-01
HAR,2012-09-01
HAR,2012-10-01
HAR,2012-11-01
HAR,2012-12-01
HAR,2013-01-01
HAR,2013-02-01
HAR,2013-03-01
HAR,2013-04-01
HAR,2013-05-01
HAR,2013-06-01
HAR,2013-07-01
HAR,2013-08-01
HAR,2013-09-01
HAR,2013-10-01
HAR,2013-11-01
HAR,2013-12-01
HAR,2014-01-01
HAR,2014-02-01
HAR,2014-03-01
HAR,2014-04-01
HAR,2014-05-01
HAR,2014-06-01
HAR,2014-07-01
HAR,2014-08-01
HAR,2014-09-01
HAR,2014-10-01
HAR,2014-11-01
HAR,2014-12-01
HAR,2015-01-01
HAR,2015-02-01
HAR,2015-03-01
HAR,2015-04-01
HAR,2015-05-01
HAR,2015-06-01
HAR,2015-07-01
HAR,2015-08-01
HAR,2015-09-01
HAR,2015-10-01
HAR,2015-11-01
HAR,2015-12-01
HAR,2016-01-01
HAR,2016-02-01
HAR,2016-03-01
HAR,2016-04-01
HAR,2016-05-01
HAR,2016-06-01
HAR,2016-07-01
HAR,2016-08-01
HAR,2016-09-01
HAR,2016-10-01
HAR,2016-11-01
HAR,2016-12-01
HAR,2017-01-01
HAR,2017-02-01
HAR,2017-03-01
HBI,2015-04-01
HBI,2015-05-01
HBI,2015-06-01
HBI,2015-07-01
HBI,2015-08-01
HBI,2015-09-01
HBI,2015-10-01
HBI,2015-11-01
HBI,2015-12-01
HBI,2016-01-01
HBI,2016-02-01
HBI,2016-03-01
HBI,2016-04-01
HBI,2016-05-01
HBI,2016-06-01
HBI,2016-07-01
HBI,2016-08-01
HBI,2016-09-01
HBI,2016-10-01
HBI,2016-11-01
HBI,2016-12-01
HBI,2017-01-01
HBI,2017-02-01
HBI,2017-03-01
HBI,2017-04-01
HBI,2017-05-01
HBI,2017-06-01
HBI,2017-07-01
HBI,2017-08-01
HBI,2017-09-01
HBI,2017-10-01
HBI,2017-11-01
HBI,2017-12-01
HBI,2018-01-01
HBI,2018-02-01
HBI,2018-03-01
HBI,2018-04-01
HBI,2018-05-01
HBI,2018-06-01
HBI,2018-07-01
HBI,2018-08-01
HBI,2018-09-01
HBI,2018-10-01
HBI,2018-11-01
HBI,2018-12-01
HBI,2019-01-01
HBI,2019-02-01
HBI,2019-03-01
HBI,2019-04-01
HBI,2019-05-01
HBI,2019-06-01
HBI,2019-07-01
HBI,2019-08-01
HBI,2019-09-01
HBI,2019-10-01
HBI,2019-11-01
HBI,2019-12-01
HBI,2020-01-01
HBI,2020-02-01
HBI,2020-03-01
HBI,2020-04-01
HBI,2020-05-01
HBI,2020-06-01
HBI,2020-07-01
HBI,2020-08-01
HBI,2020-09-01
HBI,2020-10-01
HBI,2020-11-01
HBI,2020-12-01
HBI,2021-01-01
HBI,2021-02-01
HBI,2021-03-01
HBI,2021-04-01
HBI,2021-05-01
HBI,2021-06-01
HBI,2021-07-01
HBI,2021-08-01
HBI,2021-09-01
HBI,2021-10-01
HBI,2021-11-01
HBI,2021-12-01
HBOC,1997-11-01
HBOC,1997-12-01
HBOC,1998-01-01
HBOC,1998-02-01
HBOC,1998-03-01
HBOC,1998-04-01
HBOC,1998-05-01
HBOC,1998-06-01
HBOC,1998-07-01
HBOC,1998-08-01
HBOC,1998-09-01
HBOC,1998-10-01
HBOC,1998-11-01
HBOC,1998-12-01
HBOC,1999-01-01
HCA,1996-02-01
HCA,1996-03-01
HCA,1996-04-01
HCA,1996-05-01
HCA,1996-06-01
HCA,1996-07-01
HCA,1996-08-01
HCA,1996-09-01
HCA,1996-10-01
HCA,1996-11-01
HCA,1996-12-01
HCA,1997-01-01
HCA,1997-02-01
HCA,1997-03-01
HCA,1997-04-01
HCA,1997-05-01
HCA,1997-06-01
HCA,1997-07-01
HCA,1997-08-01
HCA,1997-09-01
HCA,1997-10-01
HCA,1997-11-01
HCA,1997-12-01
HCA,1998-01-01
HCA,1998-02-01
HCA,1998-03-01
HCA,1998-04-01
HCA,1998-05-01
HCA,1998-06-01
HCA,1998-07-01
HCA,1998-08-01
HCA,1998-09-01
HCA,1998-10-01
HCA,1998-11-01
HCA,1998-12-01
HCA,1999-01-01
HCA,1999-02-01
HCA,1999-03-01
HCA,1999-04-01
HCA,1999-05-01
HCA,1999-06-01
HCA,1999-07-01
HCA,1999-08-01
HCA,1999-09-01
HCA,1999-10-01
HCA,1999-11-01
HCA,1999-12-01
HCA,2000-01-01
HCA,2000-02-01
HCA,2000-03-01
HCA,2000-04-01
HCA,2000-05-01
HCA,2000-06-01
HCA,2000-07-01
HCA,2000-08-01
HCA,2000-09-01
HCA,2000-10-01
HCA,2000-11-01
HCA,2000-12-01
HCA,2001-01-01
HCA,2001-02-01
HCA,2001-03-01
HCA,2001-04-01
HCA,2001-05-01
HCA,2001-06-01
HCA,2001-07-01
HCA,2001-08-01
HCA,2001-09-01
HCA,2001-10-01
HCA,2001-11-01
HCA,2001-12-01
HCA,2002-01-01
HCA,2002-02-01
HCA,2002-03-01
HCA,2002-04-01
HCA,2002-05-01
HCA,2002-06-01
HCA,2002-07-01
HCA,2002-08-01
HCA,2002-09-01
HCA,2002-10-01
HCA,2002-11-01
HCA,2002-12-01
HCA,2003-01-01
HCA,2003-02-01
HCA,2003-03-01
HCA,2003-04-01
HCA,2003-05-01
HCA,2003-06-01
HCA,2003-07-01
HCA,2003-08-01
HCA,2003-09-01
HCA,2003-10-01
HCA,2003-11-01
HCA,2003-12-01
HCA,2004-01-01
HCA,2004-02-01
HCA,2004-03-01
HCA,2004-04-01
HCA,2004-05-01
HCA,2004-06-01
HCA,2004-07-01
HCA,2004-08-01
HCA,2004-09-01
HCA,2004-10-01
HCA,2004-11-01
HCA,2004-12-01
HCA,2005-01-01
HCA,2005-02-01
HCA,2005-03-01
HCA,2005-04-01
HCA,2005-05-01
HCA,2005-06-01
HCA,2005-07-01
HCA,2005-08-01
HCA,2005-09-01
HCA,2005-10-01
HCA,2005-11-01
HCA,2005-12-01
HCA,2006-01-01
HCA,2006-02-01
HCA,2006-03-01
HCA,2006-04-01
HCA,2006-05-01
HCA,2006-06-01
HCA,2006-07-01
HCA,2006-08-01
HCA,2006-09-01
HCA,2006-10-01
HCA,2006-11-01
HCA,2015-02-01
HCA,2015-03-01
HCA,2015-04-01
HCA,2015-05-01
HCA,2015-06-01
HCA,2015-07-01
HCA,2015-08-01
HCA,2015-09-01
HCA,2015-10-01
HCA,2015-11-01
HCA,2015-12-01
HCA,2016-01-01
HCA,2016-02-01
HCA,2016-03-01
HCA,2016-04-01
HCA,2016-05-01
HCA,2016-06-01
HCA,2016-07-01
HCA,2016-08-01
HCA,2016-09-01
HCA,2016-10-01
HCA,2016-11-01
HCA,2016-12-01
HCA,2017-01-01
HCA,2017-02-01
HCA,2017-03-01
HCA,2017-04-01
HCA,2017-05-01
HCA,2017-06-01
HCA,2017-07-01
HCA,2017-08-01
HCA,2017-09-01
HCA,2017-10-01
HCA,2017-11-01
HCA,2017-12-01
HCA,2018-01-01
HCA,2018-02-01
HCA,2018-03-01
HCA,2018-04-01
HCA,2018-05-01
HCA,2018-06-01
HCA,2018-07-01
HCA,2018-08-01
HCA,2018-09-01
HCA,2018-10-01
HCA,2018-11-01
HCA,2018-12-01
HCA,2019-01-01
HCA,2019-02-01
HCA,2019-03-01
HCA,2019-04-01
HCA,2019-05-01
HCA,2019-06-01
HCA,2019-07-01
HCA,2019-08-01
HCA,2019-09-01
HCA,2019-10-01
HCA,2019-11-01
HCA,2019-12-01
HCA,2020-01-01
HCA,2020-02-01
HCA,2020-03-01
HCA,2020-04-01
HCA,2020-05-01
HCA,2020-06-01
HCA,2020-07-01
HCA,2020-08-01
HCA,2020-09-01
HCA,2020-10-01
HCA,2020-11-01
HCA,2020-12-01
HCA,2021-01-01
HCA,2021-02-01
HCA,2021-03-01
HCA,2021-04-01
HCA,2021-05-01
HCA,2021-06-01
HCA,2021-07-01
HCA,2021-08-01
HCA,2021-09-01
HCA,2021-10-01
HCA,2021-11-01
HCA,2021-12-01
HCA,2022-01-01
HCA,2022-02-01
HCA,2022-03-01
HCA,2022-04-01
HCA,2022-05-01
HCA,2022-06-01
HCA,2022-07-01
HCA,2022-08-01
HCA,2022-09-01
HCA,2022-10-01
HCA,2022-11-01
HCA,2022-12-01
HCA,2023-01-01
HCA,2023-02-01
HCA,2023-03-01
HCA,2023-04-01
HCA,2023-05-01
HCA,2023-06-01
HCA,2023-07-01
HCA,2023-08-01
HCA,2023-09-01
HCA,2023-10-01
HCA,2023-11-01
HCA,2023-12-01
HCA,2024-01-01
HCA,2024-02-01
HCA,2024-03-01
HCA,2024-04-01
HCA,2024-05-01
HCA,2024-06-01
HCA,2024-07-01
HCA,2024-08-01
HCA,2024-09-01
HCA,2024-10-01
HCA,2024-11-01
HCA,2024-12-01
HCA,2025-01-01
HCA,2025-02-01
HCA,2025-03-01
HCA,2025-04-01
HCA,2025-05-01
HCBK,2007-03-01
HCBK,2007-04-01
HCBK,2007-05-01
HCBK,2007-06-01
HCBK,2007-07-01
HCBK,2007-08-01
HCBK,2007-09-01
HCBK,2007-10-01
HCBK,2007-11-01
HCBK,2007-12-01
HCBK,2008-01-01
HCBK,2008-02-01
HCBK,2008-03-01
HCBK,2008-04-01
HCBK,2008-05-01
HCBK,2008-06-01
HCBK,2008-07-01
HCBK,2008-08-01
HCBK,2008-09-01
HCBK,2008-10-01
HCBK,2008-11-01
HCBK,2008-12-01
HCBK,2009-01-01
HCBK,2009-02-01
HCBK,2009-03-01
HCBK,2009-04-01
HCBK,2009-05-01
HCBK,2009-06-01
HCBK,2009-07-01
HCBK,2009-08-01
HCBK,2009-09-01
HCBK,2009-10-01
HCBK,2009-11-01
HCBK,2009-12-01
HCBK,2010-01-01
HCBK,2010-02-01
HCBK,2010-03-01
HCBK,2010-04-01
HCBK,2010-05-01
HCBK,2010-06-01
HCBK,2010-07-01
HCBK,2010-08-01
HCBK,2010-09-01
HCBK,2010-10-01
HCBK,2010-11-01
HCBK,2010-12-01
HCBK,2011-01-01
HCBK,2011-02-01
HCBK,2011-03-01
HCBK,2011-04-01
HCBK,2011-05-01
HCBK,2011-06-01
HCBK,2011-07-01
HCBK,2011-08-01
HCBK,2011-09-01
HCBK,2011-10-01
HCBK,2011-11-01
HCBK,2011-12-01
HCBK,2012-01-01
HCBK,2012-02-01
HCBK,2012-03-01
HCBK,2012-04-01
HCBK,2012-05-01
HCBK,2012-06-01
HCBK,2012-07-01
HCBK,2012-08-01
HCBK,2012-09-01
HCBK,2012-10-01
HCBK,2012-11-01
HCBK,2012-12-01
HCBK,2013-01-01
HCBK,2013-02-01
HCBK,2013-03-01
HCBK,2013-04-01
HCBK,2013-05-01
HCBK,2013-06-01
HCBK,2013-07-01
HCBK,2013-08-01
HCBK,2013-09-01
HCBK,2013-10-01
HCBK,2013-11-01
HCBK,2013-12-01
HCBK,2014-01-01
HCBK,2014-02-01
HCBK,2014-03-01
HCBK,2014-04-01
HCBK,2014-05-01
HCBK,2014-06-01
HCBK,2014-07-01
HCBK,2014-08-01
HCBK,2014-09-01
HCBK,2014-10-01
HCBK,2014-11-01
HCBK,2014-12-01
HCBK,2015-01-01
HCBK,2015-02-01
HCBK,2015-03-01
HCBK,2015-04-01
HCBK,2015-05-01
HCBK,2015-06-01
HCBK,2015-07-01
HCBK,2015-08-01
HCBK,2015-09-01
HCBK,2015-10-01
HCBK,2015-11-01
HCP,2008-04-01
HCP,2008-05-01
HCP,2008-06-01
HCP,2008-07-01
HCP,2008-08-01
HCP,2008-09-01
HCP,2008-10-01
HCP,2008-11-01
HCP,2008-12-01
HCP,2009-01-01
HCP,2009-02-01
HCP,2009-03-01
HCP,2009-04-01
HCP,2009-05-01
HCP,2009-06-01
HCP,2009-07-01
HCP,2009-08-01
HCP,2009-09-01
HCP,2009-10-01
HCP,2009-11-01
HCP,2009-12-01
HCP,2010-01-01
HCP,2010-02-01
HCP,2010-03-01
HCP,2010-04-01
HCP,2010-05-01
HCP,2010-06-01
HCP,2010-07-01
HCP,2010-08-01
HCP,2010-09-01
HCP,2010-10-01
HCP,2010-11-01
HCP,2010-12-01
HCP,2011-01-01
HCP,2011-02-01
HCP,2011-03-01
HCP,2011-04-01
HCP,2011-05-01
HCP,2011-06-01
HCP,2011-07-01
HCP,2011-08-01
HCP,2011-09-01
HCP,2011-10-01
HCP,2011-11-01
HCP,2011-12-01
HCP,2012-01-01
HCP,2012-02-01
HCP,2012-03-01
HCP,2012-04-01
HCP,2012-05-01
HCP,2012-06-01
HCP,2012-07-01
HCP,2012-08-01
HCP,2012-09-01
HCP,2012-10-01
HCP,2012-11-01
HCP,2012-12-01
HCP,2013-01-01
HCP,2013-02-01
HCP,2013-03-01
HCP,2013-04-01
HCP,2013-05-01
HCP,2013-06-01
HCP,2013-07-01
HCP,2013-08-01
HCP,2013-09-01
HCP,2013-10-01
HCP,2013-11-01
HCP,2013-12-01
HCP,2014-01-01
HCP,2014-02-01
HCP,2014-03-01
HCP,2014-04-01
HCP,2014-05-01
HCP,2014-06-01
HCP,2014-07-01
HCP,2014-08-01
HCP,2014-09-01
HCP,2014-10-01
HCP,2014-11-01
HCP,2014-12-01
HCP,2015-01-01
HCP,2015-02-01
HCP,2015-03-01
HCP,2015-04-01
HCP,2015-05-01
HCP,2015-06-01
HCP,2015-07-01
HCP,2015-08-01
HCP,2015-09-01
HCP,2015-10-01
HCP,2015-11-01
HCP,2015-12-01
HCP,2016-01-01
HCP,2016-02-01
HCP,2016-03-01
HCP,2016-04-01
HCP,2016-05-01
HCP,2016-06-01
HCP,2016-07-01
HCP,2016-08-01
HCP,2016-09-01
HCP,2016-10-01
HCP,2016-11-01
HCP,2016-12-01
HCP,2017-01-01
HCP,2017-02-01
HCP,2017-03-01
HCP,2017-04-01
HCP,2017-05-01
HCP,2017-06-01
HCP,2017-07-01
HCP,2017-08-01
HCP,2017-09-01
HCP,2017-10-01
HCP,2017-11-01
HCP,2017-12-01
HCP,2018-01-01
HCP,2018-02-01
HCP,2018-03-01
HCP,2018-04-01
HCP,2018-05-01
HCP,2018-06-01
HCP,2018-07-01
HCP,2018-08-01
HCP,2018-09-01
HCP,2018-10-01
HCP,2018-11-01
HCP,2018-12-01
HCP,2019-01-01
HCP,2019-02-01
HCP,2019-03-01
HCP,2019-04-01
HCP,2019-05-01
HCP,2019-06-01
HCP,2019-07-01
HCP,2019-08-01
HCP,2019-09-01
HCP,2019-10-01
HCP,2019-11-01
HCR,1998-10-01
HCR,1998-11-01
HCR,1998-12-01
HCR,1999-01-01
HCR,1999-02-01
HCR,1999-03-01
HCR,1999-04-01
HCR,1999-05-01
HCR,1999-06-01
HCR,1999-07-01
HCR,1999-08-01
HCR,1999-09-01
HCR,1999-10-01
HCR,1999-11-01
HCR,1999-12-01
HCR,2000-01-01
HCR,2000-02-01
HCR,2000-03-01
HCR,2000-04-01
HCR,2000-05-01
HCR,2000-06-01
HCR,2000-07-01
HCR,2000-08-01
HCR,2000-09-01
HCR,2000-10-01
HCR,2000-11-01
HCR,2000-12-01
HCR,2001-01-01
HCR,2001-02-01
HCR,2001-03-01
HCR,2001-04-01
HCR,2001-05-01
HCR,2001-06-01
HCR,2001-07-01
HCR,2001-08-01
HCR,2001-09-01
HCR,2001-10-01
HCR,2001-11-01
HCR,2001-12-01
HCR,2002-01-01
HCR,2002-02-01
HCR,2002-03-01
HCR,2002-04-01
HCR,2002-05-01
HCR,2002-06-01
HCR,2002-07-01
HCR,2002-08-01
HCR,2002-09-01
HCR,2002-10-01
HCR,2002-11-01
HCR,2002-12-01
HCR,2003-01-01
HCR,2003-02-01
HCR,2003-03-01
HCR,2003-04-01
HCR,2003-05-01
HCR,2003-06-01
HCR,2003-07-01
HCR,2003-08-01
HCR,2003-09-01
HCR,2003-10-01
HCR,2003-11-01
HCR,2003-12-01
HCR,2004-01-01
HCR,2004-02-01
HCR,2004-03-01
HCR,2004-04-01
HCR,2004-05-01
HCR,2004-06-01
HCR,2004-07-01
HCR,2004-08-01
HCR,2004-09-01
HCR,2004-10-01
HCR,2004-11-01
HCR,2004-12-01
HCR,2005-01-01
HCR,2005-02-01
HCR,2005-03-01
HCR,2005-04-01
HCR,2005-05-01
HCR,2005-06-01
HCR,2005-07-01
HCR,2005-08-01
HCR,2005-09-01
HCR,2005-10-01
HCR,2005-11-01
HCR,2005-12-01
HCR,2006-01-01
HCR,2006-02-01
HCR,2006-03-01
HCR,2006-04-01
HCR,2006-05-01
HCR,2006-06-01
HCR,2006-07-01
HCR,2006-08-01
HCR,2006-09-01
HCR,2006-10-01
HCR,2006-11-01
HCR,2006-12-01
HCR,2007-01-01
HCR,2007-02-01
HCR,2007-03-01
HCR,2007-04-01
HCR,2007-05-01
HCR,2007-06-01
HCR,2007-07-01
HCR,2007-08-01
HCR,2007-09-01
HCR,2007-10-01
HCR,2007-11-01
HDLM,1996-02-01
HDLM,1996-03-01
HES,1996-02-01
HES,1996-03-01
HES,1996-04-01
HES,1996-05-01
HES,1996-06-01
HES,1996-07-01
HES,1996-08-01
HES,1996-09-01
HES,1996-10-01
HES,1996-11-01
HES,1996-12-01
HES,1997-01-01
HES,1997-02-01
HES,1997-03-01
HES,1997-04-01
HES,1997-05-01
HES,1997-06-01
HES,1997-07-01
HES,1997-08-01
HES,1997-09-01
HES,1997-10-01
HES,1997-11-01
HES,1997-12-01
HES,1998-01-01
HES,1998-02-01
HES,1998-03-01
HES,1998-04-01
HES,1998-05-01
HES,1998-06-01
HES,1998-07-01
HES,1998-08-01
HES,1998-09-01
HES,1998-10-01
HES,1998-11-01
HES,1998-12-01
HES,1999-01-01
HES,1999-02-01
HES,1999-03-01
HES,1999-04-01
HES,1999-05-01
HES,1999-06-01
HES,1999-07-01
HES,1999-08-01
HES,1999-09-01
HES,1999-10-01
HES,1999-11-01
HES,1999-12-01
HES,2000-01-01
HES,2000-02-01
HES,2000-03-01
HES,2000-04-01
HES,2000-05-01
HES,2000-06-01
HES,2000-07-01
HES,2000-08-01
HES,2000-09-01
HES,2000-10-01
HES,2000-11-01
HES,2000-12-01
HES,2001-01-01
HES,2001-02-01
HES,2001-03-01
HES,2001-04-01
HES,2001-05-01
HES,2001-06-01
HES,2001-07-01
HES,2001-08-01
HES,2001-09-01
HES,2001-10-01
HES,2001-11-01
HES,2001-12-01
HES,2002-01-01
HES,2002-02-01
HES,2002-03-01
HES,2002-04-01
HES,2002-05-01
HES,2002-06-01
HES,2002-07-01
HES,2002-08-01
HES,2002-09-01
HES,2002-10-01
HES,2002-11-01
HES,2002-12-01
HES,2003-01-01
HES,2003-02-01
HES,2003-03-01
HES,2003-04-01
HES,2003-05-01
HES,2003-06-01
HES,2003-07-01
HES,2003-08-01
HES,2003-09-01
HES,2003-10-01
HES,2003-11-01
HES,2003-12-01
HES,2004-01-01
HES,2004-02-01
HES,2004-03-01
HES,2004-04-01
HES,2004-05-01
HES,2004-06-01
HES,2004-07-01
HES,2004-08-01
HES,2004-09-01
HES,2004-10-01
HES,2004-11-01
HES,2004-12-01
HES,2005-01-01
HES,2005-02-01
HES,2005-03-01
HES,2005-04-01
HES,2005-05-01
HES,2005-06-01
HES,2005-07-01
HES,2005-08-01
HES,2005-09-01
HES,2005-10-01
HES,2005-11-01
HES,2005-12-01
HES,2006-01-01
HES,2006-02-01
HES,2006-03-01
HES,2006-04-01
HES,2006-05-01
HES,2006-06-01
HES,2006-07-01
HES,2006-08-01
HES,2006-09-01
HES,2006-10-01
HES,2006-11-01
HES,2006-12-01
HES,2007-01-01
HES,2007-02-01
HES,2007-03-01
HES,2007-04-01
HES,2007-05-01
HES,2007-06-01
HES,2007-07-01
HES,2007-08-01
HES,2007-09-01
HES,2007-10-01
HES,2007-11-01
HES,2007-12-01
HES,2008-01-01
HES,2008-02-01
HES,2008-03-01
HES,2008-04-01
HES,2008-05-01
HES,2008-06-01
HES,2008-07-01
HES,2008-08-01
HES,2008-09-01
HES,2008-10-01
HES,2008-11-01
HES,2008-12-01
HES,2009-01-01
HES,2009-02-01
HES,2009-03-01
HES,2009-04-01
HES,2009-05-01
HES,2009-06-01
HES,2009-07-01
HES,2009-08-01
HES,2009-09-01
HES,2009-10-01
HES,2009-11-01
HES,2009-12-01
HES,2010-01-01
HES,2010-02-01
HES,2010-03-01
HES,2010-04-01
HES,2010-05-01
HES,2010-06-01
HES,2010-07-01
HES,2010-08-01
HES,2010-09-01
HES,2010-10-01
HES,2010-11-01
HES,2010-12-01
HES,2011-01-01
HES,2011-02-01
HES,2011-03-01
HES,2011-04-01
HES,2011-05-01
HES,2011-06-01
HES,2011-07-01
HES,2011-08-01
HES,2011-09-01
HES,2011-10-01
HES,2011-11-01
HES,2011-12-01
HES,2012-01-01
HES,2012-02-01
HES,2012-03-01
HES,2012-04-01
HES,2012-05-01
HES,2012-06-01
HES,2012-07-01
HES,2012-08-01
HES,2012-09-01
HES,2012-10-01
HES,2012-11-01
HES,2012-12-01
HES,2013-01-01
HES,2013-02-01
HES,2013-03-01
HES,2013-04-01
HES,2013-05-01
HES,2013-06-01
HES,2013-07-01
HES,2013-08-01
HES,2013-09-01
HES,2013-10-01
HES,2013-11-01
HES,2013-12-01
HES,2014-01-01
HES,2014-02-01
HES,2014-03-01
HES,2014-04-01
HES,2014-05-01
HES,2014-06-01
HES,2014-07-01
HES,2014-08-01
HES,2014-09-01
HES,2014-10-01
HES,2014-11-01
HES,2014-12-01
HES,2015-01-01
HES,2015-02-01
HES,2015-03-01
HES,2015-04-01
HES,2015-05-01
HES,2015-06-01
HES,2015-07-01
HES,2015-08-01
HES,2015-09-01
HES,2015-10-01
HES,2015-11-01
HES,2015-12-01
HES,2016-01-01
HES,2016-02-01
HES,2016-03-01
HES,2016-04-01
HES,2016-05-01
HES,2016-06-01
HES,2016-07-01
HES,2016-08-01
HES,2016-09-01
HES,2016-10-01
HES,2016-11-01
HES,2016-12-01
HES,2017-01-01
HES,2017-02-01
HES,2017-03-01
HES,2017-04-01
HES,2017-05-01
HES,2017-06-01
HES,2017-07-01
HES,2017-08-01
HES,2017-09-01
HES,2017-10-01
HES,2017-11-01
HES,2017-12-01
HES,2018-01-01
HES,2018-02-01
HES,2018-03-01
HES,2018-04-01
HES,2018-05-01
HES,2018-06-01
HES,2018-07-01
HES,2018-08-01
HES,2018-09-01
HES,2018-10-01
HES,2018-11-01
HES,2018-12-01
HES,2019-01-01
HES,2019-02-01
HES,2019-03-01
HES,2019-04-01
HES,2019-05-01
HES,2019-06-01
HES,2019-07-01
HES,2019-08-01
HES,2019-09-01
HES,2019-10-01
HES,2019-11-01
HES,2019-12-01
HES,2020-01-01
HES,2020-02-01
HES,2020-03-01
HES,2020-04-01
HES,2020-05-01
HES,2020-06-01
HES,2020-07-01
HES,2020-08-01
HES,2020-09-01
HES,2020-10-01
HES,2020-11-01
HES,2020-12-01
HES,2021-01-01
HES,2021-02-01
HES,2021-03-01
HES,2021-04-01
HES,2021-05-01
HES,2021-06-01
HES,2021-07-01
HES,2021-08-01
HES,2021-09-01
HES,2021-10-01
HES,2021-11-01
HES,2021-12-01
HES,2022-01-01
HES,2022-02-01
HES,2022-03-01
HES,2022-04-01
HES,2022-05-01
HES,2022-06-01
HES,2022-07-01
HES,2022-08-01
HES,2022-09-01
HES,2022-10-01
HES,2022-11-01
HES,2022-12-01
HES,2023-01-01
HES,2023-02-01
HES,2023-03-01
HES,2023-04-01
HES,2023-05-01
HES,2023-06-01
HES,2023-07-01
HES,2023-08-01
HES,2023-09-01
HES,2023-10-01
HES,2023-11-01
HES,2023-12-01
HES,2024-01-01
HES,2024-02-01
HES,2024-03-01
HES,2024-04-01
HES,2024-05-01
HES,2024-06-01
HES,2024-07-01
HES,2024-08-01
HES,2024-09-01
HES,2024-10-01
HES,2024-11-01
HES,2024-12-01
HES,2025-01-01
HES,2025-02-01
HES,2025-03-01
HES,2025-04-01
HES,2025-05-01
HET,1996-02-01
HET,1996-03-01
HET,1996-04-01
HET,1996-05-01
HET,1996-06-01
HET,1996-07-01
HET,1996-08-01
HET,1996-09-01
HET,1996-10-01
HET,1996-11-01
HET,1996-12-01
HET,1997-01-01
HET,1997-02-01
HET,1997-03-01
HET,1997-04-01
HET,1997-05-01
HET,1997-06-01
HET,1997-07-01
HET,1997-08-01
HET,1997-09-01
HET,1997-10-01
HET,1997-11-01
HET,1997-12-01
HET,1998-01-01
HET,1998-02-01
HET,1998-03-01
HET,1998-04-01
HET,1998-05-01
HET,1998-06-01
HET,1998-07-01
HET,1998-08-01
HET,1998-09-01
HET,1998-10-01
HET,1998-11-01
HET,1998-12-01
HET,1999-01-01
HET,1999-02-01
HET,1999-03-01
HET,1999-04-01
HET,1999-05-01
HET,1999-06-01
HET,1999-07-01
HET,1999-08-01
HET,1999-09-01
HET,1999-10-01
HET,1999-11-01
HET,1999-12-01
HET,2000-01-01
HET,2000-02-01
HET,2000-03-01
HET,2000-04-01
HET,2000-05-01
HET,2000-06-01
HET,2000-07-01
HET,2000-08-01
HET,2000-09-01
HET,2000-10-01
HET,2000-11-01
HET,2000-12-01
HET,2001-01-01
HET,2001-02-01
HET,2001-03-01
HET,2001-04-01
HET,2001-05-01
HET,2001-06-01
HET,2001-07-01
HET,2001-08-01
HET,2001-09-01
HET,2001-10-01
HET,2001-11-01
HET,2001-12-01
HET,2002-01-01
HET,2002-02-01
HET,2002-03-01
HET,2002-04-01
HET,2002-05-01
HET,2002-06-01
HET,2002-07-01
HET,2002-08-01
HET,2002-09-01
HET,2002-10-01
HET,2002-11-01
HET,2002-12-01
HET,2003-01-01
HET,2003-02-01
HET,2003-03-01
HET,2003-04-01
HET,2003-05-01
HET,2003-06-01
HET,2003-07-01
HET,2003-08-01
HET,2003-09-01
HET,2003-10-01
HET,2003-11-01
HET,2003-12-01
HET,2004-01-01
HET,2004-02-01
HET,2004-03-01
HET,2004-04-01
HET,2004-05-01
HET,2004-06-01
HET,2004-07-01
HET,2004-08-01
HET,2004-09-01
HET,2004-10-01
HET,2004-11-01
HET,2004-12-01
HET,2005-01-01
HET,2005-02-01
HET,2005-03-01
HET,2005-04-01
HET,2005-05-01
HET,2005-06-01
HET,2005-07-01
HET,2005-08-01
HET,2005-09-01
HET,2005-10-01
HET,2005-11-01
HET,2005-12-01
HET,2006-01-01
HET,2006-02-01
HET,2006-03-01
HET,2006-04-01
HET,2006-05-01
HET,2006-06-01
HET,2006-07-01
HET,2006-08-01
HET,2006-09-01
HET,2006-10-01
HET,2006-11-01
HET,2006-12-01
HET,2007-01-01
HET,2007-02-01
HET,2007-03-01
HET,2007-04-01
HET,2007-05-01
HET,2007-06-01
HET,2007-07-01
HET,2007-08-01
HET,2007-09-01
HET,2007-10-01
HET,2007-11-01
HET,2007-12-01
HET,2008-01-01
HFC,2018-07-01
HFC,2018-08-01
HFC,2018-09-01
HFC,2018-10-01
HFC,2018-11-01
HFC,2018-12-01
HFC,2019-01-01
HFC,2019-02-01
HFC,2019-03-01
HFC,2019-04-01
HFC,2019-05-01
HFC,2019-06-01
HFC,2019-07-01
HFC,2019-08-01
HFC,2019-09-01
HFC,2019-10-01
HFC,2019-11-01
HFC,2019-12-01
HFC,2020-01-01
HFC,2020-02-01
HFC,2020-03-01
HFC,2020-04-01
HFC,2020-05-01
HFC,2020-06-01
HFC,2020-07-01
HFC,2020-08-01
HFC,2020-09-01
HFC,2020-10-01
HFC,2020-11-01
HFC,2020-12-01
HFC,2021-01-01
HFC,2021-02-01
HFC,2021-03-01
HFC,2021-04-01
HFC,2021-05-01
HFC,2021-06-01
HFS,1996-09-01
HFS,1996-10-01
HFS,1996-11-01
HFS,1996-12-01
HFS,1997-01-01
HFS,1997-02-01
HFS,1997-03-01
HFS,1997-04-01
HFS,1997-05-01
HFS,1997-06-01
HFS,1997-07-01
HFS,1997-08-01
HFS,1997-09-01
HFS,1997-10-01
HFS,1997-11-01
HFS,1997-12-01
HI,1996-02-01
HI,1996-03-01
HI,1996-04-01
HI,1996-05-01
HI,1996-06-01
HI,1996-07-01
HI,1996-08-01
HI,1996-09-01
HI,1996-10-01
HI,1996-11-01
HI,1996-12-01
HI,1997-01-01
HI,1997-02-01
HI,1997-03-01
HI,1997-04-01
HI,1997-05-01
HI,1997-06-01
HI,1997-07-01
HI,1997-08-01
HI,1997-09-01
HI,1997-10-01
HI,1997-11-01
HI,1997-12-01
HI,1998-01-01
HI,1998-02-01
HI,1998-03-01
HI,1998-04-01
HI,1998-05-01
HI,1998-06-01
HI,1998-07-01
HI,1998-08-01
HI,1998-09-01
HI,1998-10-01
HI,1998-11-01
HI,1998-12-01
HI,1999-01-01
HI,1999-02-01
HI,1999-03-01
HI,1999-04-01
HI,1999-05-01
HI,1999-06-01
HI,1999-07-01
HI,1999-08-01
HI,1999-09-01
HI,1999-10-01
HI,1999-11-01
HI,1999-12-01
HI,2000-01-01
HI,2000-02-01
HI,2000-03-01
HI,2000-04-01
HI,2000-05-01
HI,2000-06-01
HI,2000-07-01
HI,2000-08-01
HI,2000-09-01
HI,2000-10-01
HI,2000-11-01
HI,2000-12-01
HI,2001-01-01
HI,2001-02-01
HI,2001-03-01
HI,2001-04-01
HI,2001-05-01
HI,2001-06-01
HI,2001-07-01
HI,2001-08-01
HI,2001-09-01
HI,2001-10-01
HI,2001-11-01
HI,2001-12-01
HI,2002-01-01
HI,2002-02-01
HI,2002-03-01
HI,2002-04-01
HI,2002-05-01
HI,2002-06-01
HI,2002-07-01
HI,2002-08-01
HI,2002-09-01
HI,2002-10-01
HI,2002-11-01
HI,2002-12-01
HI,2003-01-01
HI,2003-02-01
HI,2003-03-01
HLT,1996-02-01
HLT,1996-03-01
HLT,1996-04-01
HLT,1996-05-01
HLT,1996-06-01
HLT,1996-07-01
HLT,1996-08-01
HLT,1996-09-01
HLT,1996-10-01
HLT,1996-11-01
HLT,1996-12-01
HLT,1997-01-01
HLT,1997-02-01
HLT,1997-03-01
HLT,1997-04-01
HLT,1997-05-01
HLT,1997-06-01
HLT,1997-07-01
HLT,1997-08-01
HLT,1997-09-01
HLT,1997-10-01
HLT,1997-11-01
HLT,1997-12-01
HLT,1998-01-01
HLT,1998-02-01
HLT,1998-03-01
HLT,1998-04-01
HLT,1998-05-01
HLT,1998-06-01
HLT,1998-07-01
HLT,1998-08-01
HLT,1998-09-01
HLT,1998-10-01
HLT,1998-11-01
HLT,1998-12-01
HLT,1999-01-01
HLT,1999-02-01
HLT,1999-03-01
HLT,1999-04-01
HLT,1999-05-01
HLT,1999-06-01
HLT,1999-07-01
HLT,1999-08-01
HLT,1999-09-01
HLT,1999-10-01
HLT,1999-11-01
HLT,1999-12-01
HLT,2000-01-01
HLT,2000-02-01
HLT,2000-03-01
HLT,2000-04-01
HLT,2000-05-01
HLT,2000-06-01
HLT,2000-07-01
HLT,2000-08-01
HLT,2000-09-01
HLT,2000-10-01
HLT,2000-11-01
HLT,2000-12-01
HLT,2001-01-01
HLT,2001-02-01
HLT,2001-03-01
HLT,2001-04-01
HLT,2001-05-01
HLT,2001-06-01
HLT,2001-07-01
HLT,2001-08-01
HLT,2001-09-01
HLT,2001-10-01
HLT,2001-11-01
HLT,2001-12-01
HLT,2002-01-01
HLT,2002-02-01
HLT,2002-03-01
HLT,2002-04-01
HLT,2002-05-01
HLT,2002-06-01
HLT,2002-07-01
HLT,2002-08-01
HLT,2002-09-01
HLT,2002-10-01
HLT,2002-11-01
HLT,2002-12-01
HLT,2003-01-01
HLT,2003-02-01
HLT,2003-03-01
HLT,2003-04-01
HLT,2003-05-01
HLT,2003-06-01
HLT,2003-07-01
HLT,2003-08-01
HLT,2003-09-01
HLT,2003-10-01
HLT,2003-11-01
HLT,2003-12-01
HLT,2004-01-01
HLT,2004-02-01
HLT,2004-03-01
HLT,2004-04-01
HLT,2004-05-01
HLT,2004-06-01
HLT,2004-07-01
HLT,2004-08-01
HLT,2004-09-01
HLT,2004-10-01
HLT,2004-11-01
HLT,2004-12-01
HLT,2005-01-01
HLT,2005-02-01
HLT,2005-03-01
HLT,2005-04-01
HLT,2005-05-01
HLT,2005-06-01
HLT,2005-07-01
HLT,2005-08-01
HLT,2005-09-01
HLT,2005-10-01
HLT,2005-11-01
HLT,2005-12-01
HLT,2006-01-01
HLT,2006-02-01
HLT,2006-03-01
HLT,2006-04-01
HLT,2006-05-01
HLT,2006-06-01
HLT,2006-07-01
HLT,2006-08-01
HLT,2006-09-01
HLT,2006-10-01
HLT,2006-11-01
HLT,2006-12-01
HLT,2007-01-01
HLT,2007-02-01
HLT,2007-03-01
HLT,2007-04-01
HLT,2007-05-01
HLT,2007-06-01
HLT,2007-07-01
HLT,2007-08-01
HLT,2007-09-01
HLT,2007-10-01
HLT,2017-07-01
HLT,2017-08-01
HLT,2017-09-01
HLT,2017-10-01
HLT,2017-11-01
HLT,2017-12-01
HLT,2018-01-01
HLT,2018-02-01
HLT,2018-03-01
HLT,2018-04-01
HLT,2018-05-01
HLT,2018-06-01
HLT,2018-07-01
HLT,2018-08-01
HLT,2018-09-01
HLT,2018-10-01
HLT,2018-11-01
HLT,2018-12-01
HLT,2019-01-01
HLT,2019-02-01
HLT,2019-03-01
HLT,2019-04-01
HLT,2019-05-01
HLT,2019-06-01
HLT,2019-07-01
HLT,2019-08-01
HLT,2019-09-01
HLT,2019-10-01
HLT,2019-11-01
HLT,2019-12-01
HLT,2020-01-01
HLT,2020-02-01
HLT,2020-03-01
HLT,2020-04-01
HLT,2020-05-01
HLT,2020-06-01
HLT,2020-07-01
HLT,2020-08-01
HLT,2020-09-01
HLT,2020-10-01
HLT,2020-11-01
HLT,2020-12-01
HLT,2021-01-01
HLT,2021-02-01
HLT,2021-03-01
HLT,2021-04-01
HLT,2021-05-01
HLT,2021-06-01
HLT,2021-07-01
HLT,2021-08-01
HLT,2021-09-01
HLT,2021-10-01
HLT,2021-11-01
HLT,2021-12-01
HLT,2022-01-01
HLT,2022-02-01
HLT,2022-03-01
HLT,2022-04-01
HLT,2022-05-01
HLT,2022-06-01
HLT,2022-07-01
HLT,2022-08-01
HLT,2022-09-01
HLT,2022-10-01
HLT,2022-11-01
HLT,2022-12-01
HLT,2023-01-01
HLT,2023-02-01
HLT,2023-03-01
HLT,2023-04-01
HLT,2023-05-01
HLT,2023-06-01
HLT,2023-07-01
HLT,2023-08-01
HLT,2023-09-01
HLT,2023-10-01
HLT,2023-11-01
HLT,2023-12-01
HLT,2024-01-01
HLT,2024-02-01
HLT,2024-03-01
HLT,2024-04-01
HLT,2024-05-01
HLT,2024-06-01
HLT,2024-07-01
HLT,2024-08-01
HLT,2024-09-01
HLT,2024-10-01
HLT,2024-11-01
HLT,2024-12-01
HLT,2025-01-01
HLT,2025-02-01
HLT,2025-03-01
HLT,2025-04-01
HLT,2025-05-01
HM,1996-02-01
HM,1996-03-01
HM,1996-04-01
HM,1996-05-01
HM,1996-06-01
HM,1996-07-01
HM,1996-08-01
HM,1996-09-01
HM,1996-10-01
HM,1996-11-01
HM,1996-12-01
HM,1997-01-01
HM,1997-02-01
HM,1997-03-01
HM,1997-04-01
HM,1997-05-01
HM,1997-06-01
HM,1997-07-01
HM,1997-08-01
HM,1997-09-01
HM,1997-10-01
HM,1997-11-01
HM,1997-12-01
HM,1998-01-01
HM,1998-02-01
HM,1998-03-01
HM,1998-04-01
HM,1998-05-01
HM,1998-06-01
HM,1998-07-01
HM,1998-08-01
HM,1998-09-01
HM,1998-10-01
HM,1998-11-01
HM,1998-12-01
HM,1999-01-01
HM,1999-02-01
HM,1999-03-01
HM,1999-04-01
HM,1999-05-01
HM,1999-06-01
HM,1999-07-01
HM,1999-08-01
HM,1999-09-01
HM,1999-10-01
HM,1999-11-01
HM,1999-12-01
HM,2000-01-01
HM,2000-02-01
HM,2000-03-01
HM,2000-04-01
HM,2000-05-01
HM,2000-06-01
HM,2000-07-01
HM,2000-08-01
HM,2000-09-01
HM,2000-10-01
HM,2000-11-01
HM,2000-12-01
HM,2001-01-01
HM,2001-02-01
HM,2001-03-01
HM,2001-04-01
HM,2001-05-01
HM,2001-06-01
HM,2001-07-01
HM,2001-08-01
HM,2001-09-01
HM,2001-10-01
HM,2001-11-01
HM,2001-12-01
HMA,2001-12-01
HMA,2002-01-01
HMA,2002-02-01
HMA,2002-03-01
HMA,2002-04-01
HMA,2002-05-01
HMA,2002-06-01
HMA,2002-07-01
HMA,2002-08-01
HMA,2002-09-01
HMA,2002-10-01
HMA,2002-11-01
HMA,2002-12-01
HMA,2003-01-01
HMA,2003-02-01
HMA,2003-03-01
HMA,2003-04-01
HMA,2003-05-01
HMA,2003-06-01
HMA,2003-07-01
HMA,2003-08-01
HMA,2003-09-01
HMA,2003-10-01
HMA,2003-11-01
HMA,2003-12-01
HMA,2004-01-01
HMA,2004-02-01
HMA,2004-03-01
HMA,2004-04-01
HMA,2004-05-01
HMA,2004-06-01
HMA,2004-07-01
HMA,2004-08-01
HMA,2004-09-01
HMA,2004-10-01
HMA,2004-11-01
HMA,2004-12-01
HMA,2005-01-01
HMA,2005-02-01
HMA,2005-03-01
HMA,2005-04-01
HMA,2005-05-01
HMA,2005-06-01
HMA,2005-07-01
HMA,2005-08-01
HMA,2005-09-01
HMA,2005-10-01
HMA,2005-11-01
HMA,2005-12-01
HMA,2006-01-01
HMA,2006-02-01
HMA,2006-03-01
HMA,2006-04-01
HMA,2006-05-01
HMA,2006-06-01
HMA,2006-07-01
HMA,2006-08-01
HMA,2006-09-01
HMA,2006-10-01
HMA,2006-11-01
HMA,2006-12-01
HMA,2007-01-01
HMA,2007-02-01
HMA,2007-03-01
HNZ,1996-02-01
HNZ,1996-03-01
HNZ,1996-04-01
HNZ,1996-05-01
HNZ,1996-06-01
HNZ,1996-07-01
HNZ,1996-08-01
HNZ,1996-09-01
HNZ,1996-10-01
HNZ,1996-11-01
HNZ,1996-12-01
HNZ,1997-01-01
HNZ,1997-02-01
HNZ,1997-03-01
HNZ,1997-04-01
HNZ,1997-05-01
HNZ,1997-06-01
HNZ,1997-07-01
HNZ,1997-08-01
HNZ,1997-09-01
HNZ,1997-10-01
HNZ,1997-11-01
HNZ,1997-12-01
HNZ,1998-01-01
HNZ,1998-02-01
HNZ,1998-03-01
HNZ,1998-04-01
HNZ,1998-05-01
HNZ,1998-06-01
HNZ,1998-07-01
HNZ,1998-08-01
HNZ,1998-09-01
HNZ,1998-10-01
HNZ,1998-11-01
HNZ,1998-12-01
HNZ,1999-01-01
HNZ,1999-02-01
HNZ,1999-03-01
HNZ,1999-04-01
HNZ,1999-05-01
HNZ,1999-06-01
HNZ,1999-07-01
HNZ,1999-08-01
HNZ,1999-09-01
HNZ,1999-10-01
HNZ,1999-11-01
HNZ,1999-12-01
HNZ,2000-01-01
HNZ,2000-02-01
HNZ,2000-03-01
HNZ,2000-04-01
HNZ,2000-05-01
HNZ,2000-06-01
HNZ,2000-07-01
HNZ,2000-08-01
HNZ,2000-09-01
HNZ,2000-10-01
HNZ,2000-11-01
HNZ,2000-12-01
HNZ,2001-01-01
HNZ,2001-02-01
HNZ,2001-03-01
HNZ,2001-04-01
HNZ,2001-05-01
HNZ,2001-06-01
HNZ,2001-07-01
HNZ,2001-08-01
HNZ,2001-09-01
HNZ,2001-10-01
HNZ,2001-11-01
HNZ,2001-12-01
HNZ,2002-01-01
HNZ,2002-02-01
HNZ,2002-03-01
HNZ,2002-04-01
HNZ,2002-05-01
HNZ,2002-06-01
HNZ,2002-07-01
HNZ,2002-08-01
HNZ,2002-09-01
HNZ,2002-10-01
HNZ,2002-11-01
HNZ,2002-12-01
HNZ,2003-01-01
HNZ,2003-02-01
HNZ,2003-03-01
HNZ,2003-04-01
HNZ,2003-05-01
HNZ,2003-06-01
HNZ,2003-07-01
HNZ,2003-08-01
HNZ,2003-09-01
HNZ,2003-10-01
HNZ,2003-11-01
HNZ,2003-12-01
HNZ,2004-01-01
HNZ,2004-02-01
HNZ,2004-03-01
HNZ,2004-04-01
HNZ,2004-05-01
HNZ,2004-06-01
HNZ,2004-07-01
HNZ,2004-08-01
HNZ,2004-09-01
HNZ,2004-10-01
HNZ,2004-11-01
HNZ,2004-12-01
HNZ,2005-01-01
HNZ,2005-02-01
HNZ,2005-03-01
HNZ,2005-04-01
HNZ,2005-05-01
HNZ,2005-06-01
HNZ,2005-07-01
HNZ,2005-08-01
HNZ,2005-09-01
HNZ,2005-10-01
HNZ,2005-11-01
HNZ,2005-12-01
HNZ,2006-01-01
HNZ,2006-02-01
HNZ,2006-03-01
HNZ,2006-04-01
HNZ,2006-05-01
HNZ,2006-06-01
HNZ,2006-07-01
HNZ,2006-08-01
HNZ,2006-09-01
HNZ,2006-10-01
HNZ,2006-11-01
HNZ,2006-12-01
HNZ,2007-01-01
HNZ,2007-02-01
HNZ,2007-03-01
HNZ,2007-04-01
HNZ,2007-05-01
HNZ,2007-06-01
HNZ,2007-07-01
HNZ,2007-08-01
HNZ,2007-09-01
HNZ,2007-10-01
HNZ,2007-11-01
HNZ,2007-12-01
HNZ,2008-01-01
HNZ,2008-02-01
HNZ,2008-03-01
HNZ,2008-04-01
HNZ,2008-05-01
HNZ,2008-06-01
HNZ,2008-07-01
HNZ,2008-08-01
HNZ,2008-09-01
HNZ,2008-10-01
HNZ,2008-11-01
HNZ,2008-12-01
HNZ,2009-01-01
HNZ,2009-02-01
HNZ,2009-03-01
HNZ,2009-04-01
HNZ,2009-05-01
HNZ,2009-06-01
HNZ,2009-07-01
HNZ,2009-08-01
HNZ,2009-09-01
HNZ,2009-10-01
HNZ,2009-11-01
HNZ,2009-12-01
HNZ,2010-01-01
HNZ,2010-02-01
HNZ,2010-03-01
HNZ,2010-04-01
HNZ,2010-05-01
HNZ,2010-06-01
HNZ,2010-07-01
HNZ,2010-08-01
HNZ,2010-09-01
HNZ,2010-10-01
HNZ,2010-11-01
HNZ,2010-12-01
HNZ,2011-01-01
HNZ,2011-02-01
HNZ,2011-03-01
HNZ,2011-04-01
HNZ,2011-05-01
HNZ,2011-06-01
HNZ,2011-07-01
HNZ,2011-08-01
HNZ,2011-09-01
HNZ,2011-10-01
HNZ,2011-11-01
HNZ,2011-12-01
HNZ,2012-01-01
HNZ,2012-02-01
HNZ,2012-03-01
HNZ,2012-04-01
HNZ,2012-05-01
HNZ,2012-06-01
HNZ,2012-07-01
HNZ,2012-08-01
HNZ,2012-09-01
HNZ,2012-10-01
HNZ,2012-11-01
HNZ,2012-12-01
HNZ,2013-01-01
HNZ,2013-02-01
HNZ,2013-03-01
HNZ,2013-04-01
HNZ,2013-05-01
HNZ,2013-06-01
HOLX,2016-04-01
HOLX,2016-05-01
HOLX,2016-06-01
HOLX,2016-07-01
HOLX,2016-08-01
HOLX,2016-09-01
HOLX,2016-10-01
HOLX,2016-11-01
HOLX,2016-12-01
HOLX,2017-01-01
HOLX,2017-02-01
HOLX,2017-03-01
HOLX,2017-04-01
HOLX,2017-05-01
HOLX,2017-06-01
HOLX,2017-07-01
HOLX,2017-08-01
HOLX,2017-09-01
HOLX,2017-10-01
HOLX,2017-11-01
HOLX,2017-12-01
HOLX,2018-01-01
HOLX,2018-02-01
HOLX,2018-03-01
HOLX,2018-04-01
HOLX,2018-05-01
HOLX,2018-06-01
HOLX,2018-07-01
HOLX,2018-08-01
HOLX,2018-09-01
HOLX,2018-10-01
HOLX,2018-11-01
HOLX,2018-12-01
HOLX,2019-01-01
HOLX,2019-02-01
HOLX,2019-03-01
HOLX,2019-04-01
HOLX,2019-05-01
HOLX,2019-06-01
HOLX,2019-07-01
HOLX,2019-08-01
HOLX,2019-09-01
HOLX,2019-10-01
HOLX,2019-11-01
HOLX,2019-12-01
HOLX,2020-01-01
HOLX,2020-02-01
HOLX,2020-03-01
HOLX,2020-04-01
HOLX,2020-05-01
HOLX,2020-06-01
HOLX,2020-07-01
HOLX,2020-08-01
HOLX,2020-09-01
HOLX,2020-10-01
HOLX,2020-11-01
HOLX,2020-12-01
HOLX,2021-01-01
HOLX,2021-02-01
HOLX,2021-03-01
HOLX,2021-04-01
HOLX,2021-05-01
HOLX,2021-06-01
HOLX,2021-07-01
HOLX,2021-08-01
HOLX,2021-09-01
HOLX,2021-10-01
HOLX,2021-11-01
HOLX,2021-12-01
HOLX,2022-01-01
HOLX,2022-02-01
HOLX,2022-03-01
HOLX,2022-04-01
HOLX,2022-05-01
HOLX,2022-06-01
HOLX,2022-07-01
HOLX,2022-08-01
HOLX,2022-09-01
HOLX,2022-10-01
HOLX,2022-11-01
HOLX,2022-12-01
HOLX,2023-01-01
HOLX,2023-02-01
HOLX,2023-03-01
HOLX,2023-04-01
HOLX,2023-05-01
HOLX,2023-06-01
HOLX,2023-07-01
HOLX,2023-08-01
HOLX,2023-09-01
HOLX,2023-10-01
HOLX,2023-11-01
HOLX,2023-12-01
HOLX,2024-01-01
HOLX,2024-02-01
HOLX,2024-03-01
HOLX,2024-04-01
HOLX,2024-05-01
HOLX,2024-06-01
HOLX,2024-07-01
HOLX,2024-08-01
HOLX,2024-09-01
HOLX,2024-10-01
HOLX,2024-11-01
HOLX,2024-12-01
HOLX,2025-01-01
HOLX,2025-02-01
HOLX,2025-03-01
HOLX,2025-04-01
HOLX,2025-05-01
HOT,2000-12-01
HOT,2001-01-01
HOT,2001-02-01
HOT,2001-03-01
HOT,2001-04-01
HOT,2001-05-01
HOT,2001-06-01
HOT,2001-07-01
HOT,2001-08-01
HOT,2001-09-01
HOT,2001-10-01
HOT,2001-11-01
HOT,2001-12-01
HOT,2002-01-01
HOT,2002-02-01
HOT,2002-03-01
HOT,2002-04-01
HOT,2002-05-01
HOT,2002-06-01
HOT,2002-07-01
HOT,2002-08-01
HOT,2002-09-01
HOT,2002-10-01
HOT,2002-11-01
HOT,2002-12-01
HOT,2003-01-01
HOT,2003-02-01
HOT,2003-03-01
HOT,2003-04-01
HOT,2003-05-01
HOT,2003-06-01
HOT,2003-07-01
HOT,2003-08-01
HOT,2003-09-01
HOT,2003-10-01
HOT,2003-11-01
HOT,2003-12-01
HOT,2004-01-01
HOT,2004-02-01
HOT,2004-03-01
HOT,2004-04-01
HOT,2004-05-01
HOT,2004-06-01
HOT,2004-07-01
HOT,2004-08-01
HOT,2004-09-01
HOT,2004-10-01
HOT,2004-11-01
HOT,2004-12-01
HOT,2005-01-01
HOT,2005-02-01
HOT,2005-03-01
HOT,2005-04-01
HOT,2005-05-01
HOT,2005-06-01
HOT,2005-07-01
HOT,2005-08-01
HOT,2005-09-01
HOT,2005-10-01
HOT,2005-11-01
HOT,2005-12-01
HOT,2006-01-01
HOT,2006-02-01
HOT,2006-03-01
HOT,2006-04-01
HOT,2006-05-01
HOT,2006-06-01
HOT,2006-07-01
HOT,2006-08-01
HOT,2006-09-01
HOT,2006-10-01
HOT,2006-11-01
HOT,2006-12-01
HOT,2007-01-01
HOT,2007-02-01
HOT,2007-03-01
HOT,2007-04-01
HOT,2007-05-01
HOT,2007-06-01
HOT,2007-07-01
HOT,2007-08-01
HOT,2007-09-01
HOT,2007-10-01
HOT,2007-11-01
HOT,2007-12-01
HOT,2008-01-01
HOT,2008-02-01
HOT,2008-03-01
HOT,2008-04-01
HOT,2008-05-01
HOT,2008-06-01
HOT,2008-07-01
HOT,2008-08-01
HOT,2008-09-01
HOT,2008-10-01
HOT,2008-11-01
HOT,2008-12-01
HOT,2009-01-01
HOT,2009-02-01
HOT,2009-03-01
HOT,2009-04-01
HOT,2009-05-01
HOT,2009-06-01
HOT,2009-07-01
HOT,2009-08-01
HOT,2009-09-01
HOT,2009-10-01
HOT,2009-11-01
HOT,2009-12-01
HOT,2010-01-01
HOT,2010-02-01
HOT,2010-03-01
HOT,2010-04-01
HOT,2010-05-01
HOT,2010-06-01
HOT,2010-07-01
HOT,2010-08-01
HOT,2010-09-01
HOT,2010-10-01
HOT,2010-11-01
HOT,2010-12-01
HOT,2011-01-01
HOT,2011-02-01
HOT,2011-03-01
HOT,2011-04-01
HOT,2011-05-01
HOT,2011-06-01
HOT,2011-07-01
HOT,2011-08-01
HOT,2011-09-01
HOT,2011-10-01
HOT,2011-11-01
HOT,2011-12-01
HOT,2012-01-01
HOT,2012-02-01
HOT,2012-03-01
HOT,2012-04-01
HOT,2012-05-01
HOT,2012-06-01
HOT,2012-07-01
HOT,2012-08-01
HOT,2012-09-01
HOT,2012-10-01
HOT,2012-11-01
HOT,2012-12-01
HOT,2013-01-01
HOT,2013-02-01
HOT,2013-03-01
HOT,2013-04-01
HOT,2013-05-01
HOT,2013-06-01
HOT,2013-07-01
HOT,2013-08-01
HOT,2013-09-01
HOT,2013-10-01
HOT,2013-11-01
HOT,2013-12-01
HOT,2014-01-01
HOT,2014-02-01
HOT,2014-03-01
HOT,2014-04-01
HOT,2014-05-01
HOT,2014-06-01
HOT,2014-07-01
HOT,2014-08-01
HOT,2014-09-01
HOT,2014-10-01
HOT,2014-11-01
HOT,2014-12-01
HOT,2015-01-01
HOT,2015-02-01
HOT,2015-03-01
HOT,2015-04-01
HOT,2015-05-01
HOT,2015-06-01
HOT,2015-07-01
HOT,2015-08-01
HOT,2015-09-01
HOT,2015-10-01
HOT,2015-11-01
HOT,2015-12-01
HOT,2016-01-01
HOT,2016-02-01
HOT,2016-03-01
HOT,2016-04-01
HOT,2016-05-01
HOT,2016-06-01
HOT,2016-07-01
HOT,2016-08-01
HOT,2016-09-01
HPC,1996-02-01
HPC,1996-03-01
HPC,1996-04-01
HPC,1996-05-01
HPC,1996-06-01
HPC,1996-07-01
HPC,1996-08-01
HPC,1996-09-01
HPC,1996-10-01
HPC,1996-11-01
HPC,1996-12-01
HPC,1997-01-01
HPC,1997-02-01
HPC,1997-03-01
HPC,1997-04-01
HPC,1997-05-01
HPC,1997-06-01
HPC,1997-07-01
HPC,1997-08-01
HPC,1997-09-01
HPC,1997-10-01
HPC,1997-11-01
HPC,1997-12-01
HPC,1998-01-01
HPC,1998-02-01
HPC,1998-03-01
HPC,1998-04-01
HPC,1998-05-01
HPC,1998-06-01
HPC,1998-07-01
HPC,1998-08-01
HPC,1998-09-01
HPC,1998-10-01
HPC,1998-11-01
HPC,1998-12-01
HPC,1999-01-01
HPC,1999-02-01
HPC,1999-03-01
HPC,1999-04-01
HPC,1999-05-01
HPC,1999-06-01
HPC,1999-07-01
HPC,1999-08-01
HPC,1999-09-01
HPC,1999-10-01
HPC,1999-11-01
HPC,1999-12-01
HPC,2000-01-01
HPC,2000-02-01
HPC,2000-03-01
HPC,2000-04-01
HPC,2000-05-01
HPC,2000-06-01
HPC,2000-07-01
HPC,2000-08-01
HPC,2000-09-01
HPC,2000-10-01
HPC,2000-11-01
HPC,2000-12-01
HPC,2001-01-01
HPC,2001-02-01
HPC,2001-03-01
HPC,2001-04-01
HPC,2001-05-01
HPC,2001-06-01
HPC,2001-07-01
HPC,2001-08-01
HPC,2001-09-01
HPC,2001-10-01
HPC,2001-11-01
HPC,2001-12-01
HPC,2002-01-01
HPC,2002-02-01
HPC,2002-03-01
HPC,2002-04-01
HPC,2002-05-01
HPC,2002-06-01
HPC,2002-07-01
HPC,2002-08-01
HPC,2002-09-01
HPC,2002-10-01
HPC,2002-11-01
HPC,2002-12-01
HPC,2003-01-01
HPC,2003-02-01
HPC,2003-03-01
HPC,2003-04-01
HPC,2003-05-01
HPC,2003-06-01
HPC,2003-07-01
HPC,2003-08-01
HPC,2003-09-01
HPC,2003-10-01
HPC,2003-11-01
HPC,2003-12-01
HPC,2004-01-01
HPC,2004-02-01
HPC,2004-03-01
HPC,2004-04-01
HPC,2004-05-01
HPC,2004-06-01
HPC,2004-07-01
HPC,2004-08-01
HPC,2004-09-01
HPC,2004-10-01
HPC,2004-11-01
HPC,2004-12-01
HPC,2005-01-01
HPC,2005-02-01
HPC,2005-03-01
HPC,2005-04-01
HPC,2005-05-01
HPC,2005-06-01
HPC,2005-07-01
HPC,2005-08-01
HPC,2005-09-01
HPC,2005-10-01
HPC,2005-11-01
HPC,2005-12-01
HPC,2006-01-01
HPC,2006-02-01
HPC,2006-03-01
HPC,2006-04-01
HPC,2006-05-01
HPC,2006-06-01
HPC,2006-07-01
HPC,2006-08-01
HPC,2006-09-01
HPC,2006-10-01
HPC,2006-11-01
HPC,2006-12-01
HPC,2007-01-01
HPC,2007-02-01
HPC,2007-03-01
HPC,2007-04-01
HPC,2007-05-01
HPC,2007-06-01
HPC,2007-07-01
HPC,2007-08-01
HPC,2007-09-01
HPC,2007-10-01
HPC,2007-11-01
HPC,2007-12-01
HPC,2008-01-01
HPC,2008-02-01
HPC,2008-03-01
HPC,2008-04-01
HPC,2008-05-01
HPC,2008-06-01
HPC,2008-07-01
HPC,2008-08-01
HPC,2008-09-01
HPC,2008-10-01
HPC,2008-11-01
HPH,1996-02-01
HPH,1996-03-01
HPH,1996-04-01
HPH,1996-05-01
HPH,1996-06-01
HPH,1996-07-01
HPH,1996-08-01
HPH,1996-09-01
HPH,1996-10-01
HPH,1996-11-01
HPH,1996-12-01
HPH,1997-01-01
HPH,1997-02-01
HPH,1997-03-01
HPH,1997-04-01
HPH,1997-05-01
HPH,1997-06-01
HPH,1997-07-01
HPH,1997-08-01
HPH,1997-09-01
HPH,1997-10-01
HPH,1997-11-01
HPH,1997-12-01
HPH,1998-01-01
HPH,1998-02-01
HPH,1998-03-01
HPH,1998-04-01
HPH,1998-05-01
HPH,1998-06-01
HPH,1998-07-01
HPH,1998-08-01
HPH,1998-09-01
HPH,1998-10-01
HPH,1998-11-01
HPH,1998-12-01
HPH,1999-01-01
HPH,1999-02-01
HPH,1999-03-01
HPH,1999-04-01
HPH,1999-05-01
HPH,1999-06-01
HRS,1996-02-01
HRS,1996-03-01
HRS,1996-04-01
HRS,1996-05-01
HRS,1996-06-01
HRS,1996-07-01
HRS,1996-08-01
HRS,1996-09-01
HRS,1996-10-01
HRS,1996-11-01
HRS,1996-12-01
HRS,1997-01-01
HRS,1997-02-01
HRS,1997-03-01
HRS,1997-04-01
HRS,1997-05-01
HRS,1997-06-01
HRS,1997-07-01
HRS,1997-08-01
HRS,1997-09-01
HRS,1997-10-01
HRS,1997-11-01
HRS,1997-12-01
HRS,1998-01-01
HRS,1998-02-01
HRS,1998-03-01
HRS,1998-04-01
HRS,1998-05-01
HRS,1998-06-01
HRS,1998-07-01
HRS,1998-08-01
HRS,1998-09-01
HRS,1998-10-01
HRS,1998-11-01
HRS,1998-12-01
HRS,1999-01-01
HRS,1999-02-01
HRS,1999-03-01
HRS,1999-04-01
HRS,1999-05-01
HRS,1999-06-01
HRS,1999-07-01
HRS,1999-08-01
HRS,1999-09-01
HRS,1999-10-01
HRS,1999-11-01
HRS,2008-10-01
HRS,2008-11-01
HRS,2008-12-01
HRS,2009-01-01
HRS,2009-02-01
HRS,2009-03-01
HRS,2009-04-01
HRS,2009-05-01
HRS,2009-06-01
HRS,2009-07-01
HRS,2009-08-01
HRS,2009-09-01
HRS,2009-10-01
HRS,2009-11-01
HRS,2009-12-01
HRS,2010-01-01
HRS,2010-02-01
HRS,2010-03-01
HRS,2010-04-01
HRS,2010-05-01
HRS,2010-06-01
HRS,2010-07-01
HRS,2010-08-01
HRS,2010-09-01
HRS,2010-10-01
HRS,2010-11-01
HRS,2010-12-01
HRS,2011-01-01
HRS,2011-02-01
HRS,2011-03-01
HRS,2011-04-01
HRS,2011-05-01
HRS,2011-06-01
HRS,2011-07-01
HRS,2011-08-01
HRS,2011-09-01
HRS,2011-10-01
HRS,2011-11-01
HRS,2011-12-01
HRS,2012-01-01
HRS,2012-02-01
HRS,2012-03-01
HRS,2012-04-01
HRS,2012-05-01
HRS,2012-06-01
HRS,2012-07-01
HRS,2012-08-01
HRS,2012-09-01
HRS,2012-10-01
HRS,2012-11-01
HRS,2012-12-01
HRS,2013-01-01
HRS,2013-02-01
HRS,2013-03-01
HRS,2013-04-01
HRS,2013-05-01
HRS,2013-06-01
HRS,2013-07-01
HRS,2013-08-01
HRS,2013-09-01
HRS,2013-10-01
HRS,2013-11-01
HRS,2013-12-01
HRS,2014-01-01
HRS,2014-02-01
HRS,2014-03-01
HRS,2014-04-01
HRS,2014-05-01
HRS,2014-06-01
HRS,2014-07-01
HRS,2014-08-01
HRS,2014-09-01
HRS,2014-10-01
HRS,2014-11-01
HRS,2014-12-01
HRS,2015-01-01
HRS,2015-02-01
HRS,2015-03-01
HRS,2015-04-01
HRS,2015-05-01
HRS,2015-06-01
HRS,2015-07-01
HRS,2015-08-01
HRS,2015-09-01
HRS,2015-10-01
HRS,2015-11-01
HRS,2015-12-01
HRS,2016-01-01
HRS,2016-02-01
HRS,2016-03-01
HRS,2016-04-01
HRS,2016-05-01
HRS,2016-06-01
HRS,2016-07-01
HRS,2016-08-01
HRS,2016-09-01
HRS,2016-10-01
HRS,2016-11-01
HRS,2016-12-01
HRS,2017-01-01
HRS,2017-02-01
HRS,2017-03-01
HRS,2017-04-01
HRS,2017-05-01
HRS,2017-06-01
HRS,2017-07-01
HRS,2017-08-01
HRS,2017-09-01
HRS,2017-10-01
HRS,2017-11-01
HRS,2017-12-01
HRS,2018-01-01
HRS,2018-02-01
HRS,2018-03-01
HRS,2018-04-01
HRS,2018-05-01
HRS,2018-06-01
HRS,2018-07-01
HRS,2018-08-01
HRS,2018-09-01
HRS,2018-10-01
HRS,2018-11-01
HRS,2018-12-01
HRS,2019-01-01
HRS,2019-02-01
HRS,2019-03-01
HRS,2019-04-01
HRS,2019-05-01
HSH,1996-02-01
HSH,1996-03-01
HSH,1996-04-01
HSH,1996-05-01
HSH,1996-06-01
HSH,1996-07-01
HSH,1996-08-01
HSH,1996-09-01
HSH,1996-10-01
HSH,1996-11-01
HSH,1996-12-01
HSH,1997-01-01
HSH,1997-02-01
HSH,1997-03-01
HSH,1997-04-01
HSH,1997-05-01
HSH,1997-06-01
HSH,1997-07-01
HSH,1997-08-01
HSH,1997-09-01
HSH,1997-10-01
HSH,1997-11-01
HSH,1997-12-01
HSH,1998-01-01
HSH,1998-02-01
HSH,1998-03-01
HSH,1998-04-01
HSH,1998-05-01
HSH,1998-06-01
HSH,1998-07-01
HSH,1998-08-01
HSH,1998-09-01
HSH,1998-10-01
HSH,1998-11-01
HSH,1998-12-01
HSH,1999-01-01
HSH,1999-02-01
HSH,1999-03-01
HSH,1999-04-01
HSH,1999-05-01
HSH,1999-06-01
HSH,1999-07-01
HSH,1999-08-01
HSH,1999-09-01
HSH,1999-10-01
HSH,1999-11-01
HSH,1999-12-01
HSH,2000-01-01
HSH,2000-02-01
HSH,2000-03-01
HSH,2000-04-01
HSH,2000-05-01
HSH,2000-06-01
HSH,2000-07-01
HSH,2000-08-01
HSH,2000-09-01
HSH,2000-10-01
HSH,2000-11-01
HSH,2000-12-01
HSH,2001-01-01
HSH,2001-02-01
HSH,2001-03-01
HSH,2001-04-01
HSH,2001-05-01
HSH,2001-06-01
HSH,2001-07-01
HSH,2001-08-01
HSH,2001-09-01
HSH,2001-10-01
HSH,2001-11-01
HSH,2001-12-01
HSH,2002-01-01
HSH,2002-02-01
HSH,2002-03-01
HSH,2002-04-01
HSH,2002-05-01
HSH,2002-06-01
HSH,2002-07-01
HSH,2002-08-01
HSH,2002-09-01
HSH,2002-10-01
HSH,2002-11-01
HSH,2002-12-01
HSH,2003-01-01
HSH,2003-02-01
HSH,2003-03-01
HSH,2003-04-01
HSH,2003-05-01
HSH,2003-06-01
HSH,2003-07-01
HSH,2003-08-01
HSH,2003-09-01
HSH,2003-10-01
HSH,2003-11-01
HSH,2003-12-01
HSH,2004-01-01
HSH,2004-02-01
HSH,2004-03-01
HSH,2004-04-01
HSH,2004-05-01
HSH,2004-06-01
HSH,2004-07-01
HSH,2004-08-01
HSH,2004-09-01
HSH,2004-10-01
HSH,2004-11-01
HSH,2004-12-01
HSH,2005-01-01
HSH,2005-02-01
HSH,2005-03-01
HSH,2005-04-01
HSH,2005-05-01
HSH,2005-06-01
HSH,2005-07-01
HSH,2005-08-01
HSH,2005-09-01
HSH,2005-10-01
HSH,2005-11-01
HSH,2005-12-01
HSH,2006-01-01
HSH,2006-02-01
HSH,2006-03-01
HSH,2006-04-01
HSH,2006-05-01
HSH,2006-06-01
HSH,2006-07-01
HSH,2006-08-01
HSH,2006-09-01
HSH,2006-10-01
HSH,2006-11-01
HSH,2006-12-01
HSH,2007-01-01
HSH,2007-02-01
HSH,2007-03-01
HSH,2007-04-01
HSH,2007-05-01
HSH,2007-06-01
HSH,2007-07-01
HSH,2007-08-01
HSH,2007-09-01
HSH,2007-10-01
HSH,2007-11-01
HSH,2007-12-01
HSH,2008-01-01
HSH,2008-02-01
HSH,2008-03-01
HSH,2008-04-01
HSH,2008-05-01
HSH,2008-06-01
HSH,2008-07-01
HSH,2008-08-01
HSH,2008-09-01
HSH,2008-10-01
HSH,2008-11-01
HSH,2008-12-01
HSH,2009-01-01
HSH,2009-02-01
HSH,2009-03-01
HSH,2009-04-01
HSH,2009-05-01
HSH,2009-06-01
HSH,2009-07-01
HSH,2009-08-01
HSH,2009-09-01
HSH,2009-10-01
HSH,2009-11-01
HSH,2009-12-01
HSH,2010-01-01
HSH,2010-02-01
HSH,2010-03-01
HSH,2010-04-01
HSH,2010-05-01
HSH,2010-06-01
HSH,2010-07-01
HSH,2010-08-01
HSH,2010-09-01
HSH,2010-10-01
HSH,2010-11-01
HSH,2010-12-01
HSH,2011-01-01
HSH,2011-02-01
HSH,2011-03-01
HSH,2011-04-01
HSH,2011-05-01
HSH,2011-06-01
HSH,2011-07-01
HSH,2011-08-01
HSH,2011-09-01
HSH,2011-10-01
HSH,2011-11-01
HSH,2011-12-01
HSH,2012-01-01
HSH,2012-02-01
HSH,2012-03-01
HSH,2012-04-01
HSH,2012-05-01
HSH,2012-06-01
HSP,2004-06-01
HSP,2004-07-01
HSP,2004-08-01
HSP,2004-09-01
HSP,2004-10-01
HSP,2004-11-01
HSP,2004-12-01
HSP,2005-01-01
HSP,2005-02-01
HSP,2005-03-01
HSP,2005-04-01
HSP,2005-05-01
HSP,2005-06-01
HSP,2005-07-01
HSP,2005-08-01
HSP,2005-09-01
HSP,2005-10-01
HSP,2005-11-01
HSP,2005-12-01
HSP,2006-01-01
HSP,2006-02-01
HSP,2006-03-01
HSP,2006-04-01
HSP,2006-05-01
HSP,2006-06-01
HSP,2006-07-01
HSP,2006-08-01
HSP,2006-09-01
HSP,2006-10-01
HSP,2006-11-01
HSP,2006-12-01
HSP,2007-01-01
HSP,2007-02-01
HSP,2007-03-01
HSP,2007-04-01
HSP,2007-05-01
HSP,2007-06-01
HSP,2007-07-01
HSP,2007-08-01
HSP,2007-09-01
HSP,2007-10-01
HSP,2007-11-01
HSP,2007-12-01
HSP,2008-01-01
HSP,2008-02-01
HSP,2008-03-01
HSP,2008-04-01
HSP,2008-05-01
HSP,2008-06-01
HSP,2008-07-01
HSP,2008-08-01
HSP,2008-09-01
HSP,2008-10-01
HSP,2008-11-01
HSP,2008-12-01
HSP,2009-01-01
HSP,2009-02-01
HSP,2009-03-01
HSP,2009-04-01
HSP,2009-05-01
HSP,2009-06-01
HSP,2009-07-01
HSP,2009-08-01
HSP,2009-09-01
HSP,2009-10-01
HSP,2009-11-01
HSP,2009-12-01
HSP,2010-01-01
HSP,2010-02-01
HSP,2010-03-01
HSP,2010-04-01
HSP,2010-05-01
HSP,2010-06-01
HSP,2010-07-01
HSP,2010-08-01
HSP,2010-09-01
HSP,2010-10-01
HSP,2010-11-01
HSP,2010-12-01
HSP,2011-01-01
HSP,2011-02-01
HSP,2011-03-01
HSP,2011-04-01
HSP,2011-05-01
HSP,2011-06-01
HSP,2011-07-01
HSP,2011-08-01
HSP,2011-09-01
HSP,2011-10-01
HSP,2011-11-01
HSP,2011-12-01
HSP,2012-01-01
HSP,2012-02-01
HSP,2012-03-01
HSP,2012-04-01
HSP,2012-05-01
HSP,2012-06-01
HSP,2012-07-01
HSP,2012-08-01
HSP,2012-09-01
HSP,2012-10-01
HSP,2012-11-01
HSP,2012-12-01
HSP,2013-01-01
HSP,2013-02-01
HSP,2013-03-01
HSP,2013-04-01
HSP,2013-05-01
HSP,2013-06-01
HSP,2013-07-01
HSP,2013-08-01
HSP,2013-09-01
HSP,2013-10-01
HSP,2013-11-01
HSP,2013-12-01
HSP,2014-01-01
HSP,2014-02-01
HSP,2014-03-01
HSP,2014-04-01
HSP,2014-05-01
HSP,2014-06-01
HSP,2014-07-01
HSP,2014-08-01
HSP,2014-09-01
HSP,2014-10-01
HSP,2014-11-01
HSP,2014-12-01
HSP,2015-01-01
HSP,2015-02-01
HSP,2015-03-01
HSP,2015-04-01
HSP,2015-05-01
HSP,2015-06-01
HSP,2015-07-01
HSP,2015-08-01
HSP,2015-09-01
I,1996-02-01
I,1996-03-01
IAC,2006-12-01
IAC,2007-01-01
IAC,2007-02-01
IAC,2007-03-01
IAC,2007-04-01
IAC,2007-05-01
IAC,2007-06-01
IAC,2007-07-01
IAC,2007-08-01
IAC,2007-09-01
IAC,2007-10-01
IAC,2007-11-01
IAC,2007-12-01
IAC,2008-01-01
IAC,2008-02-01
IAC,2008-03-01
IAC,2008-04-01
IAC,2008-05-01
IAC,2008-06-01
IAC,2008-07-01
IAC,2008-08-01
IGT,2001-10-01
IGT,2001-11-01
IGT,2001-12-01
IGT,2002-01-01
IGT,2002-02-01
IGT,2002-03-01
IGT,2002-04-01
IGT,2002-05-01
IGT,2002-06-01
IGT,2002-07-01
IGT,2002-08-01
IGT,2002-09-01
IGT,2002-10-01
IGT,2002-11-01
IGT,2002-12-01
IGT,2003-01-01
IGT,2003-02-01
IGT,2003-03-01
IGT,2003-04-01
IGT,2003-05-01
IGT,2003-06-01
IGT,2003-07-01
IGT,2003-08-01
IGT,2003-09-01
IGT,2003-10-01
IGT,2003-11-01
IGT,2003-12-01
IGT,2004-01-01
IGT,2004-02-01
IGT,2004-03-01
IGT,2004-04-01
IGT,2004-05-01
IGT,2004-06-01
IGT,2004-07-01
IGT,2004-08-01
IGT,2004-09-01
IGT,2004-10-01
IGT,2004-11-01
IGT,2004-12-01
IGT,2005-01-01
IGT,2005-02-01
IGT,2005-03-01
IGT,2005-04-01
IGT,2005-05-01
IGT,2005-06-01
IGT,2005-07-01
IGT,2005-08-01
IGT,2005-09-01
IGT,2005-10-01
IGT,2005-11-01
IGT,2005-12-01
IGT,2006-01-01
IGT,2006-02-01
IGT,2006-03-01
IGT,2006-04-01
IGT,2006-05-01
IGT,2006-06-01
IGT,2006-07-01
IGT,2006-08-01
IGT,2006-09-01
IGT,2006-10-01
IGT,2006-11-01
IGT,2006-12-01
IGT,2007-01-01
IGT,2007-02-01
IGT,2007-03-01
IGT,2007-04-01
IGT,2007-05-01
IGT,2007-06-01
IGT,2007-07-01
IGT,2007-08-01
IGT,2007-09-01
IGT,2007-10-01
IGT,2007-11-01
IGT,2007-12-01
IGT,2008-01-01
IGT,2008-02-01
IGT,2008-03-01
IGT,2008-04-01
IGT,2008-05-01
IGT,2008-06-01
IGT,2008-07-01
IGT,2008-08-01
IGT,2008-09-01
IGT,2008-10-01
IGT,2008-11-01
IGT,2008-12-01
IGT,2009-01-01
IGT,2009-02-01
IGT,2009-03-01
IGT,2009-04-01
IGT,2009-05-01
IGT,2009-06-01
IGT,2009-07-01
IGT,2009-08-01
IGT,2009-09-01
IGT,2009-10-01
IGT,2009-11-01
IGT,2009-12-01
IGT,2010-01-01
IGT,2010-02-01
IGT,2010-03-01
IGT,2010-04-01
IGT,2010-05-01
IGT,2010-06-01
IGT,2010-07-01
IGT,2010-08-01
IGT,2010-09-01
IGT,2010-10-01
IGT,2010-11-01
IGT,2010-12-01
IGT,2011-01-01
IGT,2011-02-01
IGT,2011-03-01
IGT,2011-04-01
IGT,2011-05-01
IGT,2011-06-01
IGT,2011-07-01
IGT,2011-08-01
IGT,2011-09-01
IGT,2011-10-01
IGT,2011-11-01
IGT,2011-12-01
IGT,2012-01-01
IGT,2012-02-01
IGT,2012-03-01
IGT,2012-04-01
IGT,2012-05-01
IGT,2012-06-01
IGT,2012-07-01
IGT,2012-08-01
IGT,2012-09-01
IGT,2012-10-01
IGT,2012-11-01
IGT,2012-12-01
IGT,2013-01-01
IGT,2013-02-01
IGT,2013-03-01
IGT,2013-04-01
IGT,2013-05-01
IGT,2013-06-01
IGT,2013-07-01
IGT,2013-08-01
IGT,2013-09-01
IGT,2013-10-01
IGT,2013-11-01
IGT,2013-12-01
IGT,2014-01-01
IGT,2014-02-01
IGT,2014-03-01
IGT,2014-04-01
IGT,2014-05-01
IGT,2014-06-01
IKN,1996-02-01
IKN,1996-03-01
IKN,1996-04-01
IKN,1996-05-01
IKN,1996-06-01
IKN,1996-07-01
IKN,1996-08-01
IKN,1996-09-01
IKN,1996-10-01
IKN,1996-11-01
IKN,1996-12-01
IKN,1997-01-01
IKN,1997-02-01
IKN,1997-03-01
IKN,1997-04-01
IKN,1997-05-01
IKN,1997-06-01
IKN,1997-07-01
IKN,1997-08-01
IKN,1997-09-01
IKN,1997-10-01
IKN,1997-11-01
IKN,1997-12-01
IKN,1998-01-01
IKN,1998-02-01
IKN,1998-03-01
IKN,1998-04-01
IKN,1998-05-01
IKN,1998-06-01
IKN,1998-07-01
IKN,1998-08-01
IKN,1998-09-01
IKN,1998-10-01
IKN,1998-11-01
IKN,1998-12-01
IKN,1999-01-01
IKN,1999-02-01
IKN,1999-03-01
IKN,1999-04-01
IKN,1999-05-01
IKN,1999-06-01
IKN,1999-07-01
IKN,1999-08-01
IKN,1999-09-01
IKN,1999-10-01
IKN,1999-11-01
IKN,1999-12-01
IKN,2000-01-01
IKN,2000-02-01
IKN,2000-03-01
IKN,2000-04-01
IKN,2000-05-01
IKN,2000-06-01
IMNX,2001-10-01
IMNX,2001-11-01
IMNX,2001-12-01
IMNX,2002-01-01
IMNX,2002-02-01
IMNX,2002-03-01
IMNX,2002-04-01
IMNX,2002-05-01
IMNX,2002-06-01
IMNX,2002-07-01
INCLF,1996-02-01
INCLF,1996-03-01
INCLF,1996-04-01
INCLF,1996-05-01
INCLF,1996-06-01
INCLF,1996-07-01
INCLF,1996-08-01
INCLF,1996-09-01
INCLF,1996-10-01
INCLF,1996-11-01
INCLF,1996-12-01
INCLF,1997-01-01
INCLF,1997-02-01
INCLF,1997-03-01
INCLF,1997-04-01
INCLF,1997-05-01
INCLF,1997-06-01
INCLF,1997-07-01
INCLF,1997-08-01
INCLF,1997-09-01
INCLF,1997-10-01
INCLF,1997-11-01
INCLF,1997-12-01
INCLF,1998-01-01
INCLF,1998-02-01
INCLF,1998-03-01
INCLF,1998-04-01
INCLF,1998-05-01
INCLF,1998-06-01
INCLF,1998-07-01
INCLF,1998-08-01
INCLF,1998-09-01
INCLF,1998-10-01
INCLF,1998-11-01
INCLF,1998-12-01
INCLF,1999-01-01
INCLF,1999-02-01
INCLF,1999-03-01
INCLF,1999-04-01
INCLF,1999-05-01
INCLF,1999-06-01
INCLF,1999-07-01
INCLF,1999-08-01
INCLF,1999-09-01
INCLF,1999-10-01
INCLF,1999-11-01
INCLF,1999-12-01
INCLF,2000-01-01
INCLF,2000-02-01
INCLF,2000-03-01
INCLF,2000-04-01
INCLF,2000-05-01
INCLF,2000-06-01
INCLF,2000-07-01
INCLF,2000-08-01
INCLF,2000-09-01
INCLF,2000-10-01
INCLF,2000-11-01
INCLF,2000-12-01
INCLF,2001-01-01
INCLF,2001-02-01
INCLF,2001-03-01
INCLF,2001-04-01
INCLF,2001-05-01
INCLF,2001-06-01
INCLF,2001-07-01
INCLF,2001-08-01
INCLF,2001-09-01
INCLF,2001-10-01
INCLF,2001-11-01
INCLF,2001-12-01
INCLF,2002-01-01
INCLF,2002-02-01
INCLF,2002-03-01
INCLF,2002-04-01
INCLF,2002-05-01
INCLF,2002-06-01
INCLF,2002-07-01
INFO,2017-07-01
INFO,2017-08-01
INFO,2017-09-01
INFO,2017-10-01
INFO,2017-11-01
INFO,2017-12-01
INFO,2018-01-01
INFO,2018-02-01
INFO,2018-03-01
INFO,2018-04-01
INFO,2018-05-01
INFO,2018-06-01
INFO,2018-07-01
INFO,2018-08-01
INFO,2018-09-01
INFO,2018-10-01
INFO,2018-11-01
INFO,2018-12-01
INFO,2019-01-01
INFO,2019-02-01
INFO,2019-03-01
INFO,2019-04-01
INFO,2019-05-01
INFO,2019-06-01
INFO,2019-07-01
INFO,2019-08-01
INFO,2019-09-01
INFO,2019-10-01
INFO,2019-11-01
INFO,2019-12-01
INFO,2020-01-01
INFO,2020-02-01
INFO,2020-03-01
INFO,2020-04-01
INFO,2020-05-01
INFO,2020-06-01
INFO,2020-07-01
INFO,2020-08-01
INFO,2020-09-01
INFO,2020-10-01
INFO,2020-11-01
INFO,2020-12-01
INFO,2021-01-01
INFO,2021-02-01
INFO,2021-03-01
INFO,2021-04-01
INFO,2021-05-01
INFO,2021-06-01
INFO,2021-07-01
INFO,2021-08-01
INFO,2021-09-01
INFO,2021-10-01
INFO,2021-11-01
INFO,2021-12-01
INFO,2022-01-01
INFO,2022-02-01
INFO,2022-03-01
INGR,1996-02-01
INGR,1996-03-01
INGR,1996-04-01
INGR,1996-05-01
INGR,1996-06-01
INGR,1996-07-01
INGR,1996-08-01
INGR,1996-09-01
INGR,1996-10-01
INGR,1996-11-01
INGR,1996-12-01
INGR,1997-01-01
INGR,1997-02-01
INGR,1997-03-01
INGR,1997-04-01
INGR,1997-05-01
INGR,1997-06-01
INGR,1997-07-01
IPG,1996-02-01
IPG,1996-03-01
IPG,1996-04-01
IPG,1996-05-01
IPG,1996-06-01
IPG,1996-07-01
IPG,1996-08-01
IPG,1996-09-01
IPG,1996-10-01
IPG,1996-11-01
IPG,1996-12-01
IPG,1997-01-01
IPG,1997-02-01
IPG,1997-03-01
IPG,1997-04-01
IPG,1997-05-01
IPG,1997-06-01
IPG,1997-07-01
IPG,1997-08-01
IPG,1997-09-01
IPG,1997-10-01
IPG,1997-11-01
IPG,1997-12-01
IPG,1998-01-01
IPG,1998-02-01
IPG,1998-03-01
IPG,1998-04-01
IPG,1998-05-01
IPG,1998-06-01
IPG,1998-07-01
IPG,1998-08-01
IPG,1998-09-01
IPG,1998-10-01
IPG,1998-11-01
IPG,1998-12-01
IPG,1999-01-01
IPG,1999-02-01
IPG,1999-03-01
IPG,1999-04-01
IPG,1999-05-01
IPG,1999-06-01
IPG,1999-07-01
IPG,1999-08-01
IPG,1999-09-01
IPG,1999-10-01
IPG,1999-11-01
IPG,1999-12-01
IPG,2000-01-01
IPG,2000-02-01
IPG,2000-03-01
IPG,2000-04-01
IPG,2000-05-01
IPG,2000-06-01
IPG,2000-07-01
IPG,2000-08-01
IPG,2000-09-01
IPG,2000-10-01
IPG,2000-11-01
IPG,2000-12-01
IPG,2001-01-01
IPG,2001-02-01
IPG,2001-03-01
IPG,2001-04-01
IPG,2001-05-01
IPG,2001-06-01
IPG,2001-07-01
IPG,2001-08-01
IPG,2001-09-01
IPG,2001-10-01
IPG,2001-11-01
IPG,2001-12-01
IPG,2002-01-01
IPG,2002-02-01
IPG,2002-03-01
IPG,2002-04-01
IPG,2002-05-01
IPG,2002-06-01
IPG,2002-07-01
IPG,2002-08-01
IPG,2002-09-01
IPG,2002-10-01
IPG,2002-11-01
IPG,2002-12-01
IPG,2003-01-01
IPG,2003-02-01
IPG,2003-03-01
IPG,2003-04-01
IPG,2003-05-01
IPG,2003-06-01
IPG,2003-07-01
IPG,2003-08-01
IPG,2003-09-01
IPG,2003-10-01
IPG,2003-11-01
IPG,2003-12-01
IPG,2004-01-01
IPG,2004-02-01
IPG,2004-03-01
IPG,2004-04-01
IPG,2004-05-01
IPG,2004-06-01
IPG,2004-07-01
IPG,2004-08-01
IPG,2004-09-01
IPG,2004-10-01
IPG,2004-11-01
IPG,2004-12-01
IPG,2005-01-01
IPG,2005-02-01
IPG,2005-03-01
IPG,2005-04-01
IPG,2005-05-01
IPG,2005-06-01
IPG,2005-07-01
IPG,2005-08-01
IPG,2005-09-01
IPG,2005-10-01
IPG,2005-11-01
IPG,2005-12-01
IPG,2006-01-01
IPG,2006-02-01
IPG,2006-03-01
IPG,2006-04-01
IPG,2006-05-01
IPG,2006-06-01
IPG,2006-07-01
IPG,2006-08-01
IPG,2006-09-01
IPG,2006-10-01
IPG,2006-11-01
IPG,2006-12-01
IPG,2007-01-01
IPG,2007-02-01
IPG,2007-03-01
IPG,2007-04-01
IPG,2007-05-01
IPG,2007-06-01
IPG,2007-07-01
IPG,2007-08-01
IPG,2007-09-01
IPG,2007-10-01
IPG,2007-11-01
IPG,2007-12-01
IPG,2008-01-01
IPG,2008-02-01
IPG,2008-03-01
IPG,2008-04-01
IPG,2008-05-01
IPG,2008-06-01
IPG,2008-07-01
IPG,2008-08-01
IPG,2008-09-01
IPG,2008-10-01
IPG,2008-11-01
IPG,2008-12-01
IPG,2009-01-01
IPG,2009-02-01
IPG,2009-03-01
IPG,2009-04-01
IPG,2009-05-01
IPG,2009-06-01
IPG,2009-07-01
IPG,2009-08-01
IPG,2009-09-01
IPG,2009-10-01
IPG,2009-11-01
IPG,2009-12-01
IPG,2010-01-01
IPG,2010-02-01
IPG,2010-03-01
IPG,2010-04-01
IPG,2010-05-01
IPG,2010-06-01
IPG,2010-07-01
IPG,2010-08-01
IPG,2010-09-01
IPG,2010-10-01
IPG,2010-11-01
IPG,2010-12-01
IPG,2011-01-01
IPG,2011-02-01
IPG,2011-03-01
IPG,2011-04-01
IPG,2011-05-01
IPG,2011-06-01
IPG,2011-07-01
IPG,2011-08-01
IPG,2011-09-01
IPG,2011-10-01
IPG,2011-11-01
IPG,2011-12-01
IPG,2012-01-01
IPG,2012-02-01
IPG,2012-03-01
IPG,2012-04-01
IPG,2012-05-01
IPG,2012-06-01
IPG,2012-07-01
IPG,2012-08-01
IPG,2012-09-01
IPG,2012-10-01
IPG,2012-11-01
IPG,2012-12-01
IPG,2013-01-01
IPG,2013-02-01
IPG,2013-03-01
IPG,2013-04-01
IPG,2013-05-01
IPG,2013-06-01
IPG,2013-07-01
IPG,2013-08-01
IPG,2013-09-01
IPG,2013-10-01
IPG,2013-11-01
IPG,2013-12-01
IPG,2014-01-01
IPG,2014-02-01
IPG,2014-03-01
IPG,2014-04-01
IPG,2014-05-01
IPG,2014-06-01
IPG,2014-07-01
IPG,2014-08-01
IPG,2014-09-01
IPG,2014-10-01
IPG,2014-11-01
IPG,2014-12-01
IPG,2015-01-01
IPG,2015-02-01
IPG,2015-03-01
IPG,2015-04-01
IPG,2015-05-01
IPG,2015-06-01
IPG,2015-07-01
IPG,2015-08-01
IPG,2015-09-01
IPG,2015-10-01
IPG,2015-11-01
IPG,2015-12-01
IPG,2016-01-01
IPG,2016-02-01
IPG,2016-03-01
IPG,2016-04-01
IPG,2016-05-01
IPG,2016-06-01
IPG,2016-07-01
IPG,2016-08-01
IPG,2016-09-01
IPG,2016-10-01
IPG,2016-11-01
IPG,2016-12-01
IPG,2017-01-01
IPG,2017-02-01
IPG,2017-03-01
IPG,2017-04-01
IPG,2017-05-01
IPG,2017-06-01
IPG,2017-07-01
IPG,2017-08-01
IPG,2017-09-01
IPG,2017-10-01
IPG,2017-11-01
IPG,2017-12-01
IPG,2018-01-01
IPG,2018-02-01
IPG,2018-03-01
IPG,2018-04-01
IPG,2018-05-01
IPG,2018-06-01
IPG,2018-07-01
IPG,2018-08-01
IPG,2018-09-01
IPG,2018-10-01
IPG,2018-11-01
IPG,2018-12-01
IPG,2019-01-01
IPG,2019-02-01
IPG,2019-03-01
IPG,2019-04-01
IPG,2019-05-01
IPG,2019-06-01
IPG,2019-07-01
IPG,2019-08-01
IPG,2019-09-01
IPG,2019-10-01
IPG,2019-11-01
IPG,2019-12-01
IPG,2020-01-01
IPG,2020-02-01
IPG,2020-03-01
IPG,2020-04-01
IPG,2020-05-01
IPG,2020-06-01
IPG,2020-07-01
IPG,2020-08-01
IPG,2020-09-01
IPG,2020-10-01
IPG,2020-11-01
IPG,2020-12-01
IPG,2021-01-01
IPG,2021-02-01
IPG,2021-03-01
IPG,2021-04-01
IPG,2021-05-01
IPG,2021-06-01
IPG,2021-07-01
IPG,2021-08-01
IPG,2021-09-01
IPG,2021-10-01
IPG,2021-11-01
IPG,2021-12-01
IPG,2022-01-01
IPG,2022-02-01
IPG,2022-03-01
IPG,2022-04-01
IPG,2022-05-01
IPG,2022-06-01
IPG,2022-07-01
IPG,2022-08-01
IPG,2022-09-01
IPG,2022-10-01
IPG,2022-11-01
IPG,2022-12-01
IPG,2023-01-01
IPG,2023-02-01
IPG,2023-03-01
IPG,2023-04-01
IPG,2023-05-01
IPG,2023-06-01
IPG,2023-07-01
IPG,2023-08-01
IPG,2023-09-01
IPG,2023-10-01
IPG,2023-11-01
IPG,2023-12-01
IPG,2024-01-01
IPG,2024-02-01
IPG,2024-03-01
IPG,2024-04-01
IPG,2024-05-01
IPG,2024-06-01
IPG,2024-07-01
IPG,2024-08-01
IPG,2024-09-01
IPG,2024-10-01
IPG,2024-11-01
IPG,2024-12-01
IPG,2025-01-01
IPG,2025-02-01
IPG,2025-03-01
IPG,2025-04-01
IPG,2025-05-01
IR,1996-02-01
IR,1996-03-01
IR,1996-04-01
IR,1996-05-01
IR,1996-06-01
IR,1996-07-01
IR,1996-08-01
IR,1996-09-01
IR,1996-10-01
IR,1996-11-01
IR,1996-12-01
IR,1997-01-01
IR,1997-02-01
IR,1997-03-01
IR,1997-04-01
IR,1997-05-01
IR,1997-06-01
IR,1997-07-01
IR,1997-08-01
IR,1997-09-01
IR,1997-10-01
IR,1997-11-01
IR,1997-12-01
IR,1998-01-01
IR,1998-02-01
IR,1998-03-01
IR,1998-04-01
IR,1998-05-01
IR,1998-06-01
IR,1998-07-01
IR,1998-08-01
IR,1998-09-01
IR,1998-10-01
IR,1998-11-01
IR,1998-12-01
IR,1999-01-01
IR,1999-02-01
IR,1999-03-01
IR,1999-04-01
IR,1999-05-01
IR,1999-06-01
IR,1999-07-01
IR,1999-08-01
IR,1999-09-01
IR,1999-10-01
IR,1999-11-01
IR,1999-12-01
IR,2000-01-01
IR,2000-02-01
IR,2000-03-01
IR,2000-04-01
IR,2000-05-01
IR,2000-06-01
IR,2000-07-01
IR,2000-08-01
IR,2000-09-01
IR,2000-10-01
IR,2000-11-01
IR,2000-12-01
IR,2001-01-01
IR,2001-02-01
IR,2001-03-01
IR,2001-04-01
IR,2001-05-01
IR,2001-06-01
IR,2001-07-01
IR,2001-08-01
IR,2001-09-01
IR,2001-10-01
IR,2001-11-01
IR,2001-12-01
IR,2002-01-01
IR,2002-02-01
IR,2002-03-01
IR,2002-04-01
IR,2002-05-01
IR,2002-06-01
IR,2002-07-01
IR,2002-08-01
IR,2002-09-01
IR,2002-10-01
IR,2002-11-01
IR,2002-12-01
IR,2003-01-01
IR,2003-02-01
IR,2003-03-01
IR,2003-04-01
IR,2003-05-01
IR,2003-06-01
IR,2003-07-01
IR,2003-08-01
IR,2003-09-01
IR,2003-10-01
IR,2003-11-01
IR,2003-12-01
IR,2004-01-01
IR,2004-02-01
IR,2004-03-01
IR,2004-04-01
IR,2004-05-01
IR,2004-06-01
IR,2004-07-01
IR,2004-08-01
IR,2004-09-01
IR,2004-10-01
IR,2004-11-01
IR,2004-12-01
IR,2005-01-01
IR,2005-02-01
IR,2005-03-01
IR,2005-04-01
IR,2005-05-01
IR,2005-06-01
IR,2005-07-01
IR,2005-08-01
IR,2005-09-01
IR,2005-10-01
IR,2005-11-01
IR,2005-12-01
IR,2006-01-01
IR,2006-02-01
IR,2006-03-01
IR,2006-04-01
IR,2006-05-01
IR,2006-06-01
IR,2006-07-01
IR,2006-08-01
IR,2006-09-01
IR,2006-10-01
IR,2006-11-01
IR,2006-12-01
IR,2007-01-01
IR,2007-02-01
IR,2007-03-01
IR,2007-04-01
IR,2007-05-01
IR,2007-06-01
IR,2007-07-01
IR,2007-08-01
IR,2007-09-01
IR,2007-10-01
IR,2007-11-01
IR,2007-12-01
IR,2008-01-01
IR,2008-02-01
IR,2008-03-01
IR,2008-04-01
IR,2008-05-01
IR,2008-06-01
IR,2008-07-01
IR,2008-08-01
IR,2008-09-01
IR,2008-10-01
IR,2008-11-01
IR,2008-12-01
IR,2009-01-01
IR,2009-02-01
IR,2009-03-01
IR,2009-04-01
IR,2009-05-01
IR,2009-06-01
IR,2010-12-01
IR,2011-01-01
IR,2011-02-01
IR,2011-03-01
IR,2011-04-01
IR,2011-05-01
IR,2011-06-01
IR,2011-07-01
IR,2011-08-01
IR,2011-09-01
IR,2011-10-01
IR,2011-11-01
IR,2011-12-01
IR,2012-01-01
IR,2012-02-01
IR,2012-03-01
IR,2012-04-01
IR,2012-05-01
IR,2012-06-01
IR,2012-07-01
IR,2012-08-01
IR,2012-09-01
IR,2012-10-01
IR,2012-11-01
IR,2012-12-01
IR,2013-01-01
IR,2013-02-01
IR,2013-03-01
IR,2013-04-01
IR,2013-05-01
IR,2013-06-01
IR,2013-07-01
IR,2013-08-01
IR,2013-09-01
IR,2013-10-01
IR,2013-11-01
IR,2013-12-01
IR,2014-01-01
IR,2014-02-01
IR,2014-03-01
IR,2014-04-01
IR,2014-05-01
IR,2014-06-01
IR,2014-07-01
IR,2014-08-01
IR,2014-09-01
IR,2014-10-01
IR,2014-11-01
IR,2014-12-01
IR,2015-01-01
IR,2015-02-01
IR,2015-03-01
IR,2015-04-01
IR,2015-05-01
IR,2015-06-01
IR,2015-07-01
IR,2015-08-01
IR,2015-09-01
IR,2015-10-01
IR,2015-11-01
IR,2015-12-01
IR,2016-01-01
IR,2016-02-01
IR,2016-03-01
IR,2016-04-01
IR,2016-05-01
IR,2016-06-01
IR,2016-07-01
IR,2016-08-01
IR,2016-09-01
IR,2016-10-01
IR,2016-11-01
IR,2016-12-01
IR,2017-01-01
IR,2017-02-01
IR,2017-03-01
IR,2017-04-01
IR,2017-05-01
IR,2017-06-01
IR,2017-07-01
IR,2017-08-01
IR,2017-09-01
IR,2017-10-01
IR,2017-11-01
IR,2017-12-01
IR,2018-01-01
IR,2018-02-01
IR,2018-03-01
IR,2018-04-01
IR,2018-05-01
IR,2018-06-01
IR,2018-07-01
IR,2018-08-01
IR,2018-09-01
IR,2018-10-01
IR,2018-11-01
IR,2018-12-01
IR,2019-01-01
IR,2019-02-01
IR,2019-03-01
IR,2019-04-01
IR,2019-05-01
IR,2019-06-01
IR,2019-07-01
IR,2019-08-01
IR,2019-09-01
IR,2019-10-01
IR,2019-11-01
IR,2019-12-01
IR,2020-01-01
IR,2020-02-01
IR,2020-03-01
IR,2020-04-01
IR,2020-05-01
IR,2020-06-01
IR,2020-07-01
IR,2020-08-01
IR,2020-09-01
IR,2020-10-01
IR,2020-11-01
IR,2020-12-01
IR,2021-01-01
IR,2021-02-01
IR,2021-03-01
IR,2021-04-01
IR,2021-05-01
IR,2021-06-01
IR,2021-07-01
IR,2021-08-01
IR,2021-09-01
IR,2021-10-01
IR,2021-11-01
IR,2021-12-01
IR,2022-01-01
IR,2022-02-01
IR,2022-03-01
IR,2022-04-01
IR,2022-05-01
IR,2022-06-01
IR,2022-07-01
IR,2022-08-01
IR,2022-09-01
IR,2022-10-01
IR,2022-11-01
IR,2022-12-01
IR,2023-01-01
IR,2023-02-01
IR,2023-03-01
IR,2023-04-01
IR,2023-05-01
IR,2023-06-01
IR,2023-07-01
IR,2023-08-01
IR,2023-09-01
IR,2023-10-01
IR,2023-11-01
IR,2023-12-01
IR,2024-01-01
IR,2024-02-01
IR,2024-03-01
IR,2024-04-01
IR,2024-05-01
IR,2024-06-01
IR,2024-07-01
IR,2024-08-01
IR,2024-09-01
IR,2024-10-01
IR,2024-11-01
IR,2024-12-01
IR,2025-01-01
IR,2025-02-01
IR,2025-03-01
IR,2025-04-01
IR,2025-05-01
JAVA,1996-02-01
JAVA,1996-03-01
JAVA,1996-04-01
JAVA,1996-05-01
JAVA,1996-06-01
JAVA,1996-07-01
JAVA,1996-08-01
JAVA,1996-09-01
JAVA,1996-10-01
JAVA,1996-11-01
JAVA,1996-12-01
JAVA,1997-01-01
JAVA,1997-02-01
JAVA,1997-03-01
JAVA,1997-04-01
JAVA,1997-05-01
JAVA,1997-06-01
JAVA,1997-07-01
JAVA,1997-08-01
JAVA,1997-09-01
JAVA,1997-10-01
JAVA,1997-11-01
JAVA,1997-12-01
JAVA,1998-01-01
JAVA,1998-02-01
JAVA,1998-03-01
JAVA,1998-04-01
JAVA,1998-05-01
JAVA,1998-06-01
JAVA,1998-07-01
JAVA,1998-08-01
JAVA,1998-09-01
JAVA,1998-10-01
JAVA,1998-11-01
JAVA,1998-12-01
JAVA,1999-01-01
JAVA,1999-02-01
JAVA,1999-03-01
JAVA,1999-04-01
JAVA,1999-05-01
JAVA,1999-06-01
JAVA,1999-07-01
JAVA,1999-08-01
JAVA,1999-09-01
JAVA,1999-10-01
JAVA,1999-11-01
JAVA,1999-12-01
JAVA,2000-01-01
JAVA,2000-02-01
JAVA,2000-03-01
JAVA,2000-04-01
JAVA,2000-05-01
JAVA,2000-06-01
JAVA,2000-07-01
JAVA,2000-08-01
JAVA,2000-09-01
JAVA,2000-10-01
JAVA,2000-11-01
JAVA,2000-12-01
JAVA,2001-01-01
JAVA,2001-02-01
JAVA,2001-03-01
JAVA,2001-04-01
JAVA,2001-05-01
JAVA,2001-06-01
JAVA,2001-07-01
JAVA,2001-08-01
JAVA,2001-09-01
JAVA,2001-10-01
JAVA,2001-11-01
JAVA,2001-12-01
JAVA,2002-01-01
JAVA,2002-02-01
JAVA,2002-03-01
JAVA,2002-04-01
JAVA,2002-05-01
JAVA,2002-06-01
JAVA,2002-07-01
JAVA,2002-08-01
JAVA,2002-09-01
JAVA,2002-10-01
JAVA,2002-11-01
JAVA,2002-12-01
JAVA,2003-01-01
JAVA,2003-02-01
JAVA,2003-03-01
JAVA,2003-04-01
JAVA,2003-05-01
JAVA,2003-06-01
JAVA,2003-07-01
JAVA,2003-08-01
JAVA,2003-09-01
JAVA,2003-10-01
JAVA,2003-11-01
JAVA,2003-12-01
JAVA,2004-01-01
JAVA,2004-02-01
JAVA,2004-03-01
JAVA,2004-04-01
JAVA,2004-05-01
JAVA,2004-06-01
JAVA,2004-07-01
JAVA,2004-08-01
JAVA,2004-09-01
JAVA,2004-10-01
JAVA,2004-11-01
JAVA,2004-12-01
JAVA,2005-01-01
JAVA,2005-02-01
JAVA,2005-03-01
JAVA,2005-04-01
JAVA,2005-05-01
JAVA,2005-06-01
JAVA,2005-07-01
JAVA,2005-08-01
JAVA,2005-09-01
JAVA,2005-10-01
JAVA,2005-11-01
JAVA,2005-12-01
JAVA,2006-01-01
JAVA,2006-02-01
JAVA,2006-03-01
JAVA,2006-04-01
JAVA,2006-05-01
JAVA,2006-06-01
JAVA,2006-07-01
JAVA,2006-08-01
JAVA,2006-09-01
JAVA,2006-10-01
JAVA,2006-11-01
JAVA,2006-12-01
JAVA,2007-01-01
JAVA,2007-02-01
JAVA,2007-03-01
JAVA,2007-04-01
JAVA,2007-05-01
JAVA,2007-06-01
JAVA,2007-07-01
JAVA,2007-08-01
JAVA,2007-09-01
JAVA,2007-10-01
JAVA,2007-11-01
JAVA,2007-12-01
JAVA,2008-01-01
JAVA,2008-02-01
JAVA,2008-03-01
JAVA,2008-04-01
JAVA,2008-05-01
JAVA,2008-06-01
JAVA,2008-07-01
JAVA,2008-08-01
JAVA,2008-09-01
JAVA,2008-10-01
JAVA,2008-11-01
JAVA,2008-12-01
JAVA,2009-01-01
JAVA,2009-02-01
JAVA,2009-03-01
JAVA,2009-04-01
JAVA,2009-05-01
JAVA,2009-06-01
JAVA,2009-07-01
JAVA,2009-08-01
JAVA,2009-09-01
JAVA,2009-10-01
JAVA,2009-11-01
JAVA,2009-12-01
JAVA,2010-01-01
JCP,1996-02-01
JCP,1996-03-01
JCP,1996-04-01
JCP,1996-05-01
JCP,1996-06-01
JCP,1996-07-01
JCP,1996-08-01
JCP,1996-09-01
JCP,1996-10-01
JCP,1996-11-01
JCP,1996-12-01
JCP,1997-01-01
JCP,1997-02-01
JCP,1997-03-01
JCP,1997-04-01
JCP,1997-05-01
JCP,1997-06-01
JCP,1997-07-01
JCP,1997-08-01
JCP,1997-09-01
JCP,1997-10-01
JCP,1997-11-01
JCP,1997-12-01
JCP,1998-01-01
JCP,1998-02-01
JCP,1998-03-01
JCP,1998-04-01
JCP,1998-05-01
JCP,1998-06-01
JCP,1998-07-01
JCP,1998-08-01
JCP,1998-09-01
JCP,1998-10-01
JCP,1998-11-01
JCP,1998-12-01
JCP,1999-01-01
JCP,1999-02-01
JCP,1999-03-01
JCP,1999-04-01
JCP,1999-05-01
JCP,1999-06-01
JCP,1999-07-01
JCP,1999-08-01
JCP,1999-09-01
JCP,1999-10-01
JCP,1999-11-01
JCP,1999-12-01
JCP,2000-01-01
JCP,2000-02-01
JCP,2000-03-01
JCP,2000-04-01
JCP,2000-05-01
JCP,2000-06-01
JCP,2000-07-01
JCP,2000-08-01
JCP,2000-09-01
JCP,2000-10-01
JCP,2000-11-01
JCP,2000-12-01
JCP,2001-01-01
JCP,2001-02-01
JCP,2001-03-01
JCP,2001-04-01
JCP,2001-05-01
JCP,2001-06-01
JCP,2001-07-01
JCP,2001-08-01
JCP,2001-09-01
JCP,2001-10-01
JCP,2001-11-01
JCP,2001-12-01
JCP,2002-01-01
JCP,2002-02-01
JCP,2002-03-01
JCP,2002-04-01
JCP,2002-05-01
JCP,2002-06-01
JCP,2002-07-01
JCP,2002-08-01
JCP,2002-09-01
JCP,2002-10-01
JCP,2002-11-01
JCP,2002-12-01
JCP,2003-01-01
JCP,2003-02-01
JCP,2003-03-01
JCP,2003-04-01
JCP,2003-05-01
JCP,2003-06-01
JCP,2003-07-01
JCP,2003-08-01
JCP,2003-09-01
JCP,2003-10-01
JCP,2003-11-01
JCP,2003-12-01
JCP,2004-01-01
JCP,2004-02-01
JCP,2004-03-01
JCP,2004-04-01
JCP,2004-05-01
JCP,2004-06-01
JCP,2004-07-01
JCP,2004-08-01
JCP,2004-09-01
JCP,2004-10-01
JCP,2004-11-01
JCP,2004-12-01
JCP,2005-01-01
JCP,2005-02-01
JCP,2005-03-01
JCP,2005-04-01
JCP,2005-05-01
JCP,2005-06-01
JCP,2005-07-01
JCP,2005-08-01
JCP,2005-09-01
JCP,2005-10-01
JCP,2005-11-01
JCP,2005-12-01
JCP,2006-01-01
JCP,2006-02-01
JCP,2006-03-01
JCP,2006-04-01
JCP,2006-05-01
JCP,2006-06-01
JCP,2006-07-01
JCP,2006-08-01
JCP,2006-09-01
JCP,2006-10-01
JCP,2006-11-01
JCP,2006-12-01
JCP,2007-01-01
JCP,2007-02-01
JCP,2007-03-01
JCP,2007-04-01
JCP,2007-05-01
JCP,2007-06-01
JCP,2007-07-01
JCP,2007-08-01
JCP,2007-09-01
JCP,2007-10-01
JCP,2007-11-01
JCP,2007-12-01
JCP,2008-01-01
JCP,2008-02-01
JCP,2008-03-01
JCP,2008-04-01
JCP,2008-05-01
JCP,2008-06-01
JCP,2008-07-01
JCP,2008-08-01
JCP,2008-09-01
JCP,2008-10-01
JCP,2008-11-01
JCP,2008-12-01
JCP,2009-01-01
JCP,2009-02-01
JCP,2009-03-01
JCP,2009-04-01
JCP,2009-05-01
JCP,2009-06-01
JCP,2009-07-01
JCP,2009-08-01
JCP,2009-09-01
JCP,2009-10-01
JCP,2009-11-01
JCP,2009-12-01
JCP,2010-01-01
JCP,2010-02-01
JCP,2010-03-01
JCP,2010-04-01
JCP,2010-05-01
JCP,2010-06-01
JCP,2010-07-01
JCP,2010-08-01
JCP,2010-09-01
JCP,2010-10-01
JCP,2010-11-01
JCP,2010-12-01
JCP,2011-01-01
JCP,2011-02-01
JCP,2011-03-01
JCP,2011-04-01
JCP,2011-05-01
JCP,2011-06-01
JCP,2011-07-01
JCP,2011-08-01
JCP,2011-09-01
JCP,2011-10-01
JCP,2011-11-01
JCP,2011-12-01
JCP,2012-01-01
JCP,2012-02-01
JCP,2012-03-01
JCP,2012-04-01
JCP,2012-05-01
JCP,2012-06-01
JCP,2012-07-01
JCP,2012-08-01
JCP,2012-09-01
JCP,2012-10-01
JCP,2012-11-01
JCP,2012-12-01
JCP,2013-01-01
JCP,2013-02-01
JCP,2013-03-01
JCP,2013-04-01
JCP,2013-05-01
JCP,2013-06-01
JCP,2013-07-01
JCP,2013-08-01
JCP,2013-09-01
JCP,2013-10-01
JCP,2013-11-01
JCP,2013-12-01
JEC,2007-11-01
JEC,2007-12-01
JEC,2008-01-01
JEC,2008-02-01
JEC,2008-03-01
JEC,2008-04-01
JEC,2008-05-01
JEC,2008-06-01
JEC,2008-07-01
JEC,2008-08-01
JEC,2008-09-01
JEC,2008-10-01
JEC,2008-11-01
JEC,2008-12-01
JEC,2009-01-01
JEC,2009-02-01
JEC,2009-03-01
JEC,2009-04-01
JEC,2009-05-01
JEC,2009-06-01
JEC,2009-07-01
JEC,2009-08-01
JEC,2009-09-01
JEC,2009-10-01
JEC,2009-11-01
JEC,2009-12-01
JEC,2010-01-01
JEC,2010-02-01
JEC,2010-03-01
JEC,2010-04-01
JEC,2010-05-01
JEC,2010-06-01
JEC,2010-07-01
JEC,2010-08-01
JEC,2010-09-01
JEC,2010-10-01
JEC,2010-11-01
JEC,2010-12-01
JEC,2011-01-01
JEC,2011-02-01
JEC,2011-03-01
JEC,2011-04-01
JEC,2011-05-01
JEC,2011-06-01
JEC,2011-07-01
JEC,2011-08-01
JEC,2011-09-01
JEC,2011-10-01
JEC,2011-11-01
JEC,2011-12-01
JEC,2012-01-01
JEC,2012-02-01
JEC,2012-03-01
JEC,2012-04-01
JEC,2012-05-01
JEC,2012-06-01
JEC,2012-07-01
JEC,2012-08-01
JEC,2012-09-01
JEC,2012-10-01
JEC,2012-11-01
JEC,2012-12-01
JEC,2013-01-01
JEC,2013-02-01
JEC,2013-03-01
JEC,2013-04-01
JEC,2013-05-01
JEC,2013-06-01
JEC,2013-07-01
JEC,2013-08-01
JEC,2013-09-01
JEC,2013-10-01
JEC,2013-11-01
JEC,2013-12-01
JEC,2014-01-01
JEC,2014-02-01
JEC,2014-03-01
JEC,2014-04-01
JEC,2014-05-01
JEC,2014-06-01
JEC,2014-07-01
JEC,2014-08-01
JEC,2014-09-01
JEC,2014-10-01
JEC,2014-11-01
JEC,2014-12-01
JEC,2015-01-01
JEC,2015-02-01
JEC,2015-03-01
JEC,2015-04-01
JEC,2015-05-01
JEC,2015-06-01
JEC,2015-07-01
JEC,2015-08-01
JEC,2015-09-01
JEC,2015-10-01
JEC,2015-11-01
JEC,2015-12-01
JEC,2016-01-01
JEC,2016-02-01
JEC,2016-03-01
JEC,2016-04-01
JEC,2016-05-01
JEC,2016-06-01
JEC,2016-07-01
JEC,2016-08-01
JEC,2016-09-01
JEC,2016-10-01
JEC,2016-11-01
JEC,2016-12-01
JEC,2017-01-01
JEC,2017-02-01
JEC,2017-03-01
JEC,2017-04-01
JEC,2017-05-01
JEC,2017-06-01
JEC,2017-07-01
JEC,2017-08-01
JEC,2017-09-01
JEC,2017-10-01
JEC,2017-11-01
JEC,2017-12-01
JEC,2018-01-01
JEC,2018-02-01
JEC,2018-03-01
JEC,2018-04-01
JEC,2018-05-01
JEC,2018-06-01
JEC,2018-07-01
JEC,2018-08-01
JEC,2018-09-01
JEC,2018-10-01
JEC,2018-11-01
JEC,2018-12-01
JEC,2019-01-01
JEC,2019-02-01
JEC,2019-03-01
JEC,2019-04-01
JEC,2019-05-01
JEC,2019-06-01
JEC,2019-07-01
JEC,2019-08-01
JEC,2019-09-01
JEC,2019-10-01
JEC,2019-11-01
JEC,2019-12-01
JH,1996-02-01
JH,1996-03-01
JH,1996-04-01
JH,1996-05-01
JH,1996-06-01
JH,1996-07-01
JH,1996-08-01
JH,1996-09-01
JH,1996-10-01
JH,1996-11-01
JH,1996-12-01
JH,1997-01-01
JH,1997-02-01
JH,1997-03-01
JH,1997-04-01
JH,1997-05-01
JH,1997-06-01
JH,1997-07-01
JH,1997-08-01
JH,1997-09-01
JH,1997-10-01
JH,1997-11-01
JH,1997-12-01
JH,1998-01-01
JH,1998-02-01
JH,1998-03-01
JHF,2001-07-01
JHF,2001-08-01
JHF,2001-09-01
JHF,2001-10-01
JHF,2001-11-01
JHF,2001-12-01
JHF,2002-01-01
JHF,2002-02-01
JHF,2002-03-01
JHF,2002-04-01
JHF,2002-05-01
JHF,2002-06-01
JHF,2002-07-01
JHF,2002-08-01
JHF,2002-09-01
JHF,2002-10-01
JHF,2002-11-01
JHF,2002-12-01
JHF,2003-01-01
JHF,2003-02-01
JHF,2003-03-01
JHF,2003-04-01
JHF,2003-05-01
JHF,2003-06-01
JHF,2003-07-01
JHF,2003-08-01
JHF,2003-09-01
JHF,2003-10-01
JHF,2003-11-01
JHF,2003-12-01
JHF,2004-01-01
JHF,2004-02-01
JHF,2004-03-01
JHF,2004-04-01
JNPR,2006-07-01
JNPR,2006-08-01
JNPR,2006-09-01
JNPR,2006-10-01
JNPR,2006-11-01
JNPR,2006-12-01
JNPR,2007-01-01
JNPR,2007-02-01
JNPR,2007-03-01
JNPR,2007-04-01
JNPR,2007-05-01
JNPR,2007-06-01
JNPR,2007-07-01
JNPR,2007-08-01
JNPR,2007-09-01
JNPR,2007-10-01
JNPR,2007-11-01
JNPR,2007-12-01
JNPR,2008-01-01
JNPR,2008-02-01
JNPR,2008-03-01
JNPR,2008-04-01
JNPR,2008-05-01
JNPR,2008-06-01
JNPR,2008-07-01
JNPR,2008-08-01
JNPR,2008-09-01
JNPR,2008-10-01
JNPR,2008-11-01
JNPR,2008-12-01
JNPR,2009-01-01
JNPR,2009-02-01
JNPR,2009-03-01
JNPR,2009-04-01
JNPR,2009-05-01
JNPR,2009-06-01
JNPR,2009-07-01
JNPR,2009-08-01
JNPR,2009-09-01
JNPR,2009-10-01
JNPR,2009-11-01
JNPR,2009-12-01
JNPR,2010-01-01
JNPR,2010-02-01
JNPR,2010-03-01
JNPR,2010-04-01
JNPR,2010-05-01
JNPR,2010-06-01
JNPR,2010-07-01
JNPR,2010-08-01
JNPR,2010-09-01
JNPR,2010-10-01
JNPR,2010-11-01
JNPR,2010-12-01
JNPR,2011-01-01
JNPR,2011-02-01
JNPR,2011-03-01
JNPR,2011-04-01
JNPR,2011-05-01
JNPR,2011-06-01
JNPR,2011-07-01
JNPR,2011-08-01
JNPR,2011-09-01
JNPR,2011-10-01
JNPR,2011-11-01
JNPR,2011-12-01
JNPR,2012-01-01
JNPR,2012-02-01
JNPR,2012-03-01
JNPR,2012-04-01
JNPR,2012-05-01
JNPR,2012-06-01
JNPR,2012-07-01
JNPR,2012-08-01
JNPR,2012-09-01
JNPR,2012-10-01
JNPR,2012-11-01
JNPR,2012-12-01
JNPR,2013-01-01
JNPR,2013-02-01
JNPR,2013-03-01
JNPR,2013-04-01
JNPR,2013-05-01
JNPR,2013-06-01
JNPR,2013-07-01
JNPR,2013-08-01
JNPR,2013-09-01
JNPR,2013-10-01
JNPR,2013-11-01
JNPR,2013-12-01
JNPR,2014-01-01
JNPR,2014-02-01
JNPR,2014-03-01
JNPR,2014-04-01
JNPR,2014-05-01
JNPR,2014-06-01
JNPR,2014-07-01
JNPR,2014-08-01
JNPR,2014-09-01
JNPR,2014-10-01
JNPR,2014-11-01
JNPR,2014-12-01
JNPR,2015-01-01
JNPR,2015-02-01
JNPR,2015-03-01
JNPR,2015-04-01
JNPR,2015-05-01
JNPR,2015-06-01
JNPR,2015-07-01
JNPR,2015-08-01
JNPR,2015-09-01
JNPR,2015-10-01
JNPR,2015-11-01
JNPR,2015-12-01
JNPR,2016-01-01
JNPR,2016-02-01
JNPR,2016-03-01
JNPR,2016-04-01
JNPR,2016-05-01
JNPR,2016-06-01
JNPR,2016-07-01
JNPR,2016-08-01
JNPR,2016-09-01
JNPR,2016-10-01
JNPR,2016-11-01
JNPR,2016-12-01
JNPR,2017-01-01
JNPR,2017-02-01
JNPR,2017-03-01
JNPR,2017-04-01
JNPR,2017-05-01
JNPR,2017-06-01
JNPR,2017-07-01
JNPR,2017-08-01
JNPR,2017-09-01
JNPR,2017-10-01
JNPR,2017-11-01
JNPR,2017-12-01
JNPR,2018-01-01
JNPR,2018-02-01
JNPR,2018-03-01
JNPR,2018-04-01
JNPR,2018-05-01
JNPR,2018-06-01
JNPR,2018-07-01
JNPR,2018-08-01
JNPR,2018-09-01
JNPR,2018-10-01
JNPR,2018-11-01
JNPR,2018-12-01
JNPR,2019-01-01
JNPR,2019-02-01
JNPR,2019-03-01
JNPR,2019-04-01
JNPR,2019-05-01
JNPR,2019-06-01
JNPR,2019-07-01
JNPR,2019-08-01
JNPR,2019-09-01
JNPR,2019-10-01
JNPR,2019-11-01
JNPR,2019-12-01
JNPR,2020-01-01
JNPR,2020-02-01
JNPR,2020-03-01
JNPR,2020-04-01
JNPR,2020-05-01
JNPR,2020-06-01
JNPR,2020-07-01
JNPR,2020-08-01
JNPR,2020-09-01
JNPR,2020-10-01
JNPR,2020-11-01
JNPR,2020-12-01
JNPR,2021-01-01
JNPR,2021-02-01
JNPR,2021-03-01
JNPR,2021-04-01
JNPR,2021-05-01
JNPR,2021-06-01
JNPR,2021-07-01
JNPR,2021-08-01
JNPR,2021-09-01
JNPR,2021-10-01
JNPR,2021-11-01
JNPR,2021-12-01
JNPR,2022-01-01
JNPR,2022-02-01
JNPR,2022-03-01
JNPR,2022-04-01
JNPR,2022-05-01
JNPR,2022-06-01
JNPR,2022-07-01
JNPR,2022-08-01
JNPR,2022-09-01
JNPR,2022-10-01
JNPR,2022-11-01
JNPR,2022-12-01
JNPR,2023-01-01
JNPR,2023-02-01
JNPR,2023-03-01
JNPR,2023-04-01
JNPR,2023-05-01
JNPR,2023-06-01
JNPR,2023-07-01
JNPR,2023-08-01
JNPR,2023-09-01
JNPR,2023-10-01
JNPR,2023-11-01
JNPR,2023-12-01
JNPR,2024-01-01
JNPR,2024-02-01
JNPR,2024-03-01
JNPR,2024-04-01
JNPR,2024-05-01
JNPR,2024-06-01
JNPR,2024-07-01
JNPR,2024-08-01
JNPR,2024-09-01
JNPR,2024-10-01
JNPR,2024-11-01
JNPR,2024-12-01
JNPR,2025-01-01
JNPR,2025-02-01
JNPR,2025-03-01
JNPR,2025-04-01
JNPR,2025-05-01
JNS,2000-08-01
JNS,2000-09-01
JNS,2000-10-01
JNS,2000-11-01
JNS,2000-12-01
JNS,2001-01-01
JNS,2001-02-01
JNS,2001-03-01
JNS,2001-04-01
JNS,2001-05-01
JNS,2001-06-01
JNS,2001-07-01
JNS,2001-08-01
JNS,2001-09-01
JNS,2001-10-01
JNS,2001-11-01
JNS,2001-12-01
JNS,2002-01-01
JNS,2002-02-01
JNS,2002-03-01
JNS,2002-04-01
JNS,2002-05-01
JNS,2002-06-01
JNS,2002-07-01
JNS,2002-08-01
JNS,2002-09-01
JNS,2002-10-01
JNS,2002-11-01
JNS,2002-12-01
JNS,2003-01-01
JNS,2003-02-01
JNS,2003-03-01
JNS,2003-04-01
JNS,2003-05-01
JNS,2003-06-01
JNS,2003-07-01
JNS,2003-08-01
JNS,2003-09-01
JNS,2003-10-01
JNS,2003-11-01
JNS,2003-12-01
JNS,2004-01-01
JNS,2004-02-01
JNS,2004-03-01
JNS,2004-04-01
JNS,2004-05-01
JNS,2004-06-01
JNS,2004-07-01
JNS,2004-08-01
JNS,2004-09-01
JNS,2004-10-01
JNS,2004-11-01
JNS,2004-12-01
JNS,2005-01-01
JNS,2005-02-01
JNS,2005-03-01
JNS,2005-04-01
JNS,2005-05-01
JNS,2005-06-01
JNS,2005-07-01
JNS,2005-08-01
JNS,2005-09-01
JNS,2005-10-01
JNS,2005-11-01
JNS,2005-12-01
JNS,2006-01-01
JNS,2006-02-01
JNS,2006-03-01
JNS,2006-04-01
JNS,2006-05-01
JNS,2006-06-01
JNS,2006-07-01
JNS,2006-08-01
JNS,2006-09-01
JNS,2006-10-01
JNS,2006-11-01
JNS,2006-12-01
JNS,2007-01-01
JNS,2007-02-01
JNS,2007-03-01
JNS,2007-04-01
JNS,2007-05-01
JNS,2007-06-01
JNS,2007-07-01
JNS,2007-08-01
JNS,2007-09-01
JNS,2007-10-01
JNS,2007-11-01
JNS,2007-12-01
JNS,2008-01-01
JNS,2008-02-01
JNS,2008-03-01
JNS,2008-04-01
JNS,2008-05-01
JNS,2008-06-01
JNS,2008-07-01
JNS,2008-08-01
JNS,2008-09-01
JNS,2008-10-01
JNS,2008-11-01
JNS,2008-12-01
JNS,2009-01-01
JNS,2009-02-01
JNS,2009-03-01
JNS,2009-04-01
JNS,2009-05-01
JNS,2009-06-01
JNS,2009-07-01
JNS,2009-08-01
JNS,2009-09-01
JNS,2009-10-01
JNS,2009-11-01
JNS,2009-12-01
JNS,2010-01-01
JNS,2010-02-01
JNS,2010-03-01
JNS,2010-04-01
JNS,2010-05-01
JNS,2010-06-01
JNS,2010-07-01
JNS,2010-08-01
JNS,2010-09-01
JNS,2010-10-01
JNS,2010-11-01
JNS,2010-12-01
JNS,2011-01-01
JNS,2011-02-01
JNS,2011-03-01
JNS,2011-04-01
JNS,2011-05-01
JNS,2011-06-01
JNS,2011-07-01
JNS,2011-08-01
JNS,2011-09-01
JNS,2011-10-01
JNS,2011-11-01
JNY,2002-01-01
JNY,2002-02-01
JNY,2002-03-01
JNY,2002-04-01
JNY,2002-05-01
JNY,2002-06-01
JNY,2002-07-01
JNY,2002-08-01
JNY,2002-09-01
JNY,2002-10-01
JNY,2002-11-01
JNY,2002-12-01
JNY,2003-01-01
JNY,2003-02-01
JNY,2003-03-01
JNY,2003-04-01
JNY,2003-05-01
JNY,2003-06-01
JNY,2003-07-01
JNY,2003-08-01
JNY,2003-09-01
JNY,2003-10-01
JNY,2003-11-01
JNY,2003-12-01
JNY,2004-01-01
JNY,2004-02-01
JNY,2004-03-01
JNY,2004-04-01
JNY,2004-05-01
JNY,2004-06-01
JNY,2004-07-01
JNY,2004-08-01
JNY,2004-09-01
JNY,2004-10-01
JNY,2004-11-01
JNY,2004-12-01
JNY,2005-01-01
JNY,2005-02-01
JNY,2005-03-01
JNY,2005-04-01
JNY,2005-05-01
JNY,2005-06-01
JNY,2005-07-01
JNY,2005-08-01
JNY,2005-09-01
JNY,2005-10-01
JNY,2005-11-01
JNY,2005-12-01
JNY,2006-01-01
JNY,2006-02-01
JNY,2006-03-01
JNY,2006-04-01
JNY,2006-05-01
JNY,2006-06-01
JNY,2006-07-01
JNY,2006-08-01
JNY,2006-09-01
JNY,2006-10-01
JNY,2006-11-01
JNY,2006-12-01
JNY,2007-01-01
JNY,2007-02-01
JNY,2007-03-01
JNY,2007-04-01
JNY,2007-05-01
JNY,2007-06-01
JNY,2007-07-01
JNY,2007-08-01
JNY,2007-09-01
JNY,2007-10-01
JNY,2007-11-01
JNY,2007-12-01
JNY,2008-01-01
JNY,2008-02-01
JNY,2008-03-01
JNY,2008-04-01
JNY,2008-05-01
JNY,2008-06-01
JNY,2008-07-01
JNY,2008-08-01
JNY,2008-09-01
JNY,2008-10-01
JNY,2008-11-01
JNY,2008-12-01
JNY,2009-01-01
JNY,2009-02-01
JNY,2009-03-01
JOS,1996-02-01
JOS,1996-03-01
JOS,1996-04-01
JOS,1996-05-01
JOS,1996-06-01
JOS,1996-07-01
JOS,1996-08-01
JOS,1996-09-01
JOS,1996-10-01
JOS,1996-11-01
JOS,1996-12-01
JOS,1997-01-01
JOS,1997-02-01
JOS,1997-03-01
JOS,1997-04-01
JOS,1997-05-01
JOS,1997-06-01
JOS,1997-07-01
JOS,1997-08-01
JOS,1997-09-01
JOS,1997-10-01
JOS,1997-11-01
JOS,1997-12-01
JOS,1998-01-01
JOS,1998-02-01
JOS,1998-03-01
JOS,1998-04-01
JOS,1998-05-01
JOS,1998-06-01
JOS,1998-07-01
JOS,1998-08-01
JOS,1998-09-01
JOS,1998-10-01
JOS,1998-11-01
JOS,1998-12-01
JOS,1999-01-01
JOS,1999-02-01
JOS,1999-03-01
JOS,1999-04-01
JOS,1999-05-01
JOS,1999-06-01
JOS,1999-07-01
JOS,1999-08-01
JOS,1999-09-01
JOS,1999-10-01
JOS,1999-11-01
JOS,1999-12-01
JOS,2000-01-01
JOS,2000-02-01
JOS,2000-03-01
JOS,2000-04-01
JOS,2000-05-01
JOY,2011-03-01
JOY,2011-04-01
JOY,2011-05-01
JOY,2011-06-01
JOY,2011-07-01
JOY,2011-08-01
JOY,2011-09-01
JOY,2011-10-01
JOY,2011-11-01
JOY,2011-12-01
JOY,2012-01-01
JOY,2012-02-01
JOY,2012-03-01
JOY,2012-04-01
JOY,2012-05-01
JOY,2012-06-01
JOY,2012-07-01
JOY,2012-08-01
JOY,2012-09-01
JOY,2012-10-01
JOY,2012-11-01
JOY,2012-12-01
JOY,2013-01-01
JOY,2013-02-01
JOY,2013-03-01
JOY,2013-04-01
JOY,2013-05-01
JOY,2013-06-01
JOY,2013-07-01
JOY,2013-08-01
JOY,2013-09-01
JOY,2013-10-01
JOY,2013-11-01
JOY,2013-12-01
JOY,2014-01-01
JOY,2014-02-01
JOY,2014-03-01
JOY,2014-04-01
JOY,2014-05-01
JOY,2014-06-01
JOY,2014-07-01
JOY,2014-08-01
JOY,2014-09-01
JOY,2014-10-01
JOY,2014-11-01
JOY,2014-12-01
JOY,2015-01-01
JOY,2015-02-01
JOY,2015-03-01
JOY,2015-04-01
JOY,2015-05-01
JOY,2015-06-01
JOY,2015-07-01
JOY,2015-08-01
JOY,2015-09-01
JOY,2015-10-01
JP,1996-02-01
JP,1996-03-01
JP,1996-04-01
JP,1996-05-01
JP,1996-06-01
JP,1996-07-01
JP,1996-08-01
JP,1996-09-01
JP,1996-10-01
JP,1996-11-01
JP,1996-12-01
JP,1997-01-01
JP,1997-02-01
JP,1997-03-01
JP,1997-04-01
JP,1997-05-01
JP,1997-06-01
JP,1997-07-01
JP,1997-08-01
JP,1997-09-01
JP,1997-10-01
JP,1997-11-01
JP,1997-12-01
JP,1998-01-01
JP,1998-02-01
JP,1998-03-01
JP,1998-04-01
JP,1998-05-01
JP,1998-06-01
JP,1998-07-01
JP,1998-08-01
JP,1998-09-01
JP,1998-10-01
JP,1998-11-01
JP,1998-12-01
JP,1999-01-01
JP,1999-02-01
JP,1999-03-01
JP,1999-04-01
JP,1999-05-01
JP,1999-06-01
JP,1999-07-01
JP,1999-08-01
JP,1999-09-01
JP,1999-10-01
JP,1999-11-01
JP,1999-12-01
JP,2000-01-01
JP,2000-02-01
JP,2000-03-01
JP,2000-04-01
JP,2000-05-01
JP,2000-06-01
JP,2000-07-01
JP,2000-08-01
JP,2000-09-01
JP,2000-10-01
JP,2000-11-01
JP,2000-12-01
JP,2001-01-01
JP,2001-02-01
JP,2001-03-01
JP,2001-04-01
JP,2001-05-01
JP,2001-06-01
JP,2001-07-01
JP,2001-08-01
JP,2001-09-01
JP,2001-10-01
JP,2001-11-01
JP,2001-12-01
JP,2002-01-01
JP,2002-02-01
JP,2002-03-01
JP,2002-04-01
JP,2002-05-01
JP,2002-06-01
JP,2002-07-01
JP,2002-08-01
JP,2002-09-01
JP,2002-10-01
JP,2002-11-01
JP,2002-12-01
JP,2003-01-01
JP,2003-02-01
JP,2003-03-01
JP,2003-04-01
JP,2003-05-01
JP,2003-06-01
JP,2003-07-01
JP,2003-08-01
JP,2003-09-01
JP,2003-10-01
JP,2003-11-01
JP,2003-12-01
JP,2004-01-01
JP,2004-02-01
JP,2004-03-01
JP,2004-04-01
JP,2004-05-01
JP,2004-06-01
JP,2004-07-01
JP,2004-08-01
JP,2004-09-01
JP,2004-10-01
JP,2004-11-01
JP,2004-12-01
JP,2005-01-01
JP,2005-02-01
JP,2005-03-01
JP,2005-04-01
JP,2005-05-01
JP,2005-06-01
JP,2005-07-01
JP,2005-08-01
JP,2005-09-01
JP,2005-10-01
JP,2005-11-01
JP,2005-12-01
JP,2006-01-01
JP,2006-02-01
JP,2006-03-01
JP,2006-04-01
JWN,1996-02-01
JWN,1996-03-01
JWN,1996-04-01
JWN,1996-05-01
JWN,1996-06-01
JWN,1996-07-01
JWN,1996-08-01
JWN,1996-09-01
JWN,1996-10-01
JWN,1996-11-01
JWN,1996-12-01
JWN,1997-01-01
JWN,1997-02-01
JWN,1997-03-01
JWN,1997-04-01
JWN,1997-05-01
JWN,1997-06-01
JWN,1997-07-01
JWN,1997-08-01
JWN,1997-09-01
JWN,1997-10-01
JWN,1997-11-01
JWN,1997-12-01
JWN,1998-01-01
JWN,1998-02-01
JWN,1998-03-01
JWN,1998-04-01
JWN,1998-05-01
JWN,1998-06-01
JWN,1998-07-01
JWN,1998-08-01
JWN,1998-09-01
JWN,1998-10-01
JWN,1998-11-01
JWN,1998-12-01
JWN,1999-01-01
JWN,1999-02-01
JWN,1999-03-01
JWN,1999-04-01
JWN,1999-05-01
JWN,1999-06-01
JWN,1999-07-01
JWN,1999-08-01
JWN,1999-09-01
JWN,1999-10-01
JWN,1999-11-01
JWN,1999-12-01
JWN,2000-01-01
JWN,2000-02-01
JWN,2000-03-01
JWN,2000-04-01
JWN,2000-05-01
JWN,2000-06-01
JWN,2000-07-01
JWN,2000-08-01
JWN,2000-09-01
JWN,2000-10-01
JWN,2000-11-01
JWN,2000-12-01
JWN,2001-01-01
JWN,2001-02-01
JWN,2001-03-01
JWN,2001-04-01
JWN,2001-05-01
JWN,2001-06-01
JWN,2001-07-01
JWN,2001-08-01
JWN,2001-09-01
JWN,2001-10-01
JWN,2001-11-01
JWN,2001-12-01
JWN,2002-01-01
JWN,2002-02-01
JWN,2002-03-01
JWN,2002-04-01
JWN,2002-05-01
JWN,2002-06-01
JWN,2002-07-01
JWN,2002-08-01
JWN,2002-09-01
JWN,2002-10-01
JWN,2002-11-01
JWN,2002-12-01
JWN,2003-01-01
JWN,2003-02-01
JWN,2003-03-01
JWN,2003-04-01
JWN,2003-05-01
JWN,2003-06-01
JWN,2003-07-01
JWN,2003-08-01
JWN,2003-09-01
JWN,2003-10-01
JWN,2003-11-01
JWN,2003-12-01
JWN,2004-01-01
JWN,2004-02-01
JWN,2004-03-01
JWN,2004-04-01
JWN,2004-05-01
JWN,2004-06-01
JWN,2004-07-01
JWN,2004-08-01
JWN,2004-09-01
JWN,2004-10-01
JWN,2004-11-01
JWN,2004-12-01
JWN,2005-01-01
JWN,2005-02-01
JWN,2005-03-01
JWN,2005-04-01
JWN,2005-05-01
JWN,2005-06-01
JWN,2005-07-01
JWN,2005-08-01
JWN,2005-09-01
JWN,2005-10-01
JWN,2005-11-01
JWN,2005-12-01
JWN,2006-01-01
JWN,2006-02-01
JWN,2006-03-01
JWN,2006-04-01
JWN,2006-05-01
JWN,2006-06-01
JWN,2006-07-01
JWN,2006-08-01
JWN,2006-09-01
JWN,2006-10-01
JWN,2006-11-01
JWN,2006-12-01
JWN,2007-01-01
JWN,2007-02-01
JWN,2007-03-01
JWN,2007-04-01
JWN,2007-05-01
JWN,2007-06-01
JWN,2007-07-01
JWN,2007-08-01
JWN,2007-09-01
JWN,2007-10-01
JWN,2007-11-01
JWN,2007-12-01
JWN,2008-01-01
JWN,2008-02-01
JWN,2008-03-01
JWN,2008-04-01
JWN,2008-05-01
JWN,2008-06-01
JWN,2008-07-01
JWN,2008-08-01
JWN,2008-09-01
JWN,2008-10-01
JWN,2008-11-01
JWN,2008-12-01
JWN,2009-01-01
JWN,2009-02-01
JWN,2009-03-01
JWN,2009-04-01
JWN,2009-05-01
JWN,2009-06-01
JWN,2009-07-01
JWN,2009-08-01
JWN,2009-09-01
JWN,2009-10-01
JWN,2009-11-01
JWN,2009-12-01
JWN,2010-01-01
JWN,2010-02-01
JWN,2010-03-01
JWN,2010-04-01
JWN,2010-05-01
JWN,2010-06-01
JWN,2010-07-01
JWN,2010-08-01
JWN,2010-09-01
JWN,2010-10-01
JWN,2010-11-01
JWN,2010-12-01
JWN,2011-01-01
JWN,2011-02-01
JWN,2011-03-01
JWN,2011-04-01
JWN,2011-05-01
JWN,2011-06-01
JWN,2011-07-01
JWN,2011-08-01
JWN,2011-09-01
JWN,2011-10-01
JWN,2011-11-01
JWN,2011-12-01
JWN,2012-01-01
JWN,2012-02-01
JWN,2012-03-01
JWN,2012-04-01
JWN,2012-05-01
JWN,2012-06-01
JWN,2012-07-01
JWN,2012-08-01
JWN,2012-09-01
JWN,2012-10-01
JWN,2012-11-01
JWN,2012-12-01
JWN,2013-01-01
JWN,2013-02-01
JWN,2013-03-01
JWN,2013-04-01
JWN,2013-05-01
JWN,2013-06-01
JWN,2013-07-01
JWN,2013-08-01
JWN,2013-09-01
JWN,2013-10-01
JWN,2013-11-01
JWN,2013-12-01
JWN,2014-01-01
JWN,2014-02-01
JWN,2014-03-01
JWN,2014-04-01
JWN,2014-05-01
JWN,2014-06-01
JWN,2014-07-01
JWN,2014-08-01
JWN,2014-09-01
JWN,2014-10-01
JWN,2014-11-01
JWN,2014-12-01
JWN,2015-01-01
JWN,2015-02-01
JWN,2015-03-01
JWN,2015-04-01
JWN,2015-05-01
JWN,2015-06-01
JWN,2015-07-01
JWN,2015-08-01
JWN,2015-09-01
JWN,2015-10-01
JWN,2015-11-01
JWN,2015-12-01
JWN,2016-01-01
JWN,2016-02-01
JWN,2016-03-01
JWN,2016-04-01
JWN,2016-05-01
JWN,2016-06-01
JWN,2016-07-01
JWN,2016-08-01
JWN,2016-09-01
JWN,2016-10-01
JWN,2016-11-01
JWN,2016-12-01
JWN,2017-01-01
JWN,2017-02-01
JWN,2017-03-01
JWN,2017-04-01
JWN,2017-05-01
JWN,2017-06-01
JWN,2017-07-01
JWN,2017-08-01
JWN,2017-09-01
JWN,2017-10-01
JWN,2017-11-01
JWN,2017-12-01
JWN,2018-01-01
JWN,2018-02-01
JWN,2018-03-01
JWN,2018-04-01
JWN,2018-05-01
JWN,2018-06-01
JWN,2018-07-01
JWN,2018-08-01
JWN,2018-09-01
JWN,2018-10-01
JWN,2018-11-01
JWN,2018-12-01
JWN,2019-01-01
JWN,2019-02-01
JWN,2019-03-01
JWN,2019-04-01
JWN,2019-05-01
JWN,2019-06-01
JWN,2019-07-01
JWN,2019-08-01
JWN,2019-09-01
JWN,2019-10-01
JWN,2019-11-01
JWN,2019-12-01
JWN,2020-01-01
JWN,2020-02-01
JWN,2020-03-01
JWN,2020-04-01
JWN,2020-05-01
JWN,2020-06-01
K,1996-02-01
K,1996-03-01
K,1996-04-01
K,1996-05-01
K,1996-06-01
K,1996-07-01
K,1996-08-01
K,1996-09-01
K,1996-10-01
K,1996-11-01
K,1996-12-01
K,1997-01-01
K,1997-02-01
K,1997-03-01
K,1997-04-01
K,1997-05-01
K,1997-06-01
K,1997-07-01
K,1997-08-01
K,1997-09-01
K,1997-10-01
K,1997-11-01
K,1997-12-01
K,1998-01-01
K,1998-02-01
K,1998-03-01
K,1998-04-01
K,1998-05-01
K,1998-06-01
K,1998-07-01
K,1998-08-01
K,1998-09-01
K,1998-10-01
K,1998-11-01
K,1998-12-01
K,1999-01-01
K,1999-02-01
K,1999-03-01
K,1999-04-01
K,1999-05-01
K,1999-06-01
K,1999-07-01
K,1999-08-01
K,1999-09-01
K,1999-10-01
K,1999-11-01
K,1999-12-01
K,2000-01-01
K,2000-02-01
K,2000-03-01
K,2000-04-01
K,2000-05-01
K,2000-06-01
K,2000-07-01
K,2000-08-01
K,2000-09-01
K,2000-10-01
K,2000-11-01
K,2000-12-01
K,2001-01-01
K,2001-02-01
K,2001-03-01
K,2001-04-01
K,2001-05-01
K,2001-06-01
K,2001-07-01
K,2001-08-01
K,2001-09-01
K,2001-10-01
K,2001-11-01
K,2001-12-01
K,2002-01-01
K,2002-02-01
K,2002-03-01
K,2002-04-01
K,2002-05-01
K,2002-06-01
K,2002-07-01
K,2002-08-01
K,2002-09-01
K,2002-10-01
K,2002-11-01
K,2002-12-01
K,2003-01-01
K,2003-02-01
K,2003-03-01
K,2003-04-01
K,2003-05-01
K,2003-06-01
K,2003-07-01
K,2003-08-01
K,2003-09-01
K,2003-10-01
K,2003-11-01
K,2003-12-01
K,2004-01-01
K,2004-02-01
K,2004-03-01
K,2004-04-01
K,2004-05-01
K,2004-06-01
K,2004-07-01
K,2004-08-01
K,2004-09-01
K,2004-10-01
K,2004-11-01
K,2004-12-01
K,2005-01-01
K,2005-02-01
K,2005-03-01
K,2005-04-01
K,2005-05-01
K,2005-06-01
K,2005-07-01
K,2005-08-01
K,2005-09-01
K,2005-10-01
K,2005-11-01
K,2005-12-01
K,2006-01-01
K,2006-02-01
K,2006-03-01
K,2006-04-01
K,2006-05-01
K,2006-06-01
K,2006-07-01
K,2006-08-01
K,2006-09-01
K,2006-10-01
K,2006-11-01
K,2006-12-01
K,2007-01-01
K,2007-02-01
K,2007-03-01
K,2007-04-01
K,2007-05-01
K,2007-06-01
K,2007-07-01
K,2007-08-01
K,2007-09-01
K,2007-10-01
K,2007-11-01
K,2007-12-01
K,2008-01-01
K,2008-02-01
K,2008-03-01
K,2008-04-01
K,2008-05-01
K,2008-06-01
K,2008-07-01
K,2008-08-01
K,2008-09-01
K,2008-10-01
K,2008-11-01
K,2008-12-01
K,2009-01-01
K,2009-02-01
K,2009-03-01
K,2009-04-01
K,2009-05-01
K,2009-06-01
K,2009-07-01
K,2009-08-01
K,2009-09-01
K,2009-10-01
K,2009-11-01
K,2009-12-01
K,2010-01-01
K,2010-02-01
K,2010-03-01
K,2010-04-01
K,2010-05-01
K,2010-06-01
K,2010-07-01
K,2010-08-01
K,2010-09-01
K,2010-10-01
K,2010-11-01
K,2010-12-01
K,2011-01-01
K,2011-02-01
K,2011-03-01
K,2011-04-01
K,2011-05-01
K,2011-06-01
K,2011-07-01
K,2011-08-01
K,2011-09-01
K,2011-10-01
K,2011-11-01
K,2011-12-01
K,2012-01-01
K,2012-02-01
K,2012-03-01
K,2012-04-01
K,2012-05-01
K,2012-06-01
K,2012-07-01
K,2012-08-01
K,2012-09-01
K,2012-10-01
K,2012-11-01
K,2012-12-01
K,2013-01-01
K,2013-02-01
K,2013-03-01
K,2013-04-01
K,2013-05-01
K,2013-06-01
K,2013-07-01
K,2013-08-01
K,2013-09-01
K,2013-10-01
K,2013-11-01
K,2013-12-01
K,2014-01-01
K,2014-02-01
K,2014-03-01
K,2014-04-01
K,2014-05-01
K,2014-06-01
K,2014-07-01
K,2014-08-01
K,2014-09-01
K,2014-10-01
K,2014-11-01
K,2014-12-01
K,2015-01-01
K,2015-02-01
K,2015-03-01
K,2015-04-01
K,2015-05-01
K,2015-06-01
K,2015-07-01
K,2015-08-01
K,2015-09-01
K,2015-10-01
K,2015-11-01
K,2015-12-01
K,2016-01-01
K,2016-02-01
K,2016-03-01
K,2016-04-01
K,2016-05-01
K,2016-06-01
K,2016-07-01
K,2016-08-01
K,2016-09-01
K,2016-10-01
K,2016-11-01
K,2016-12-01
K,2017-01-01
K,2017-02-01
K,2017-03-01
K,2017-04-01
K,2017-05-01
K,2017-06-01
K,2017-07-01
K,2017-08-01
K,2017-09-01
K,2017-10-01
K,2017-11-01
K,2017-12-01
K,2018-01-01
K,2018-02-01
K,2018-03-01
K,2018-04-01
K,2018-05-01
K,2018-06-01
K,2018-07-01
K,2018-08-01
K,2018-09-01
K,2018-10-01
K,2018-11-01
K,2018-12-01
K,2019-01-01
K,2019-02-01
K,2019-03-01
K,2019-04-01
K,2019-05-01
K,2019-06-01
K,2019-07-01
K,2019-08-01
K,2019-09-01
K,2019-10-01
K,2019-11-01
K,2019-12-01
K,2020-01-01
K,2020-02-01
K,2020-03-01
K,2020-04-01
K,2020-05-01
K,2020-06-01
K,2020-07-01
K,2020-08-01
K,2020-09-01
K,2020-10-01
K,2020-11-01
K,2020-12-01
K,2021-01-01
K,2021-02-01
K,2021-03-01
K,2021-04-01
K,2021-05-01
K,2021-06-01
K,2021-07-01
K,2021-08-01
K,2021-09-01
K,2021-10-01
K,2021-11-01
K,2021-12-01
K,2022-01-01
K,2022-02-01
K,2022-03-01
K,2022-04-01
K,2022-05-01
K,2022-06-01
K,2022-07-01
K,2022-08-01
K,2022-09-01
K,2022-10-01
K,2022-11-01
K,2022-12-01
K,2023-01-01
K,2023-02-01
K,2023-03-01
K,2023-04-01
K,2023-05-01
K,2023-06-01
K,2023-07-01
K,2023-08-01
K,2023-09-01
K,2023-10-01
K,2023-11-01
K,2023-12-01
K,2024-01-01
K,2024-02-01
K,2024-03-01
K,2024-04-01
K,2024-05-01
K,2024-06-01
K,2024-07-01
K,2024-08-01
K,2024-09-01
K,2024-10-01
K,2024-11-01
K,2024-12-01
K,2025-01-01
K,2025-02-01
K,2025-03-01
K,2025-04-01
K,2025-05-01
KATE,1996-02-01
KATE,1996-03-01
KATE,1996-04-01
KATE,1996-05-01
KATE,1996-06-01
KATE,1996-07-01
KATE,1996-08-01
KATE,1996-09-01
KATE,1996-10-01
KATE,1996-11-01
KATE,1996-12-01
KATE,1997-01-01
KATE,1997-02-01
KATE,1997-03-01
KATE,1997-04-01
KATE,1997-05-01
KATE,1997-06-01
KATE,1997-07-01
KATE,1997-08-01
KATE,1997-09-01
KATE,1997-10-01
KATE,1997-11-01
KATE,1997-12-01
KATE,1998-01-01
KATE,1998-02-01
KATE,1998-03-01
KATE,1998-04-01
KATE,1998-05-01
KATE,1998-06-01
KATE,1998-07-01
KATE,1998-08-01
KATE,1998-09-01
KATE,1998-10-01
KATE,1998-11-01
KATE,1998-12-01
KATE,1999-01-01
KATE,1999-02-01
KATE,1999-03-01
KATE,1999-04-01
KATE,1999-05-01
KATE,1999-06-01
KATE,1999-07-01
KATE,1999-08-01
KATE,1999-09-01
KATE,1999-10-01
KATE,1999-11-01
KATE,1999-12-01
KATE,2000-01-01
KATE,2000-02-01
KATE,2000-03-01
KATE,2000-04-01
KATE,2000-05-01
KATE,2000-06-01
KATE,2000-07-01
KATE,2000-08-01
KATE,2000-09-01
KATE,2000-10-01
KATE,2000-11-01
KATE,2000-12-01
KATE,2001-01-01
KATE,2001-02-01
KATE,2001-03-01
KATE,2001-04-01
KATE,2001-05-01
KATE,2001-06-01
KATE,2001-07-01
KATE,2001-08-01
KATE,2001-09-01
KATE,2001-10-01
KATE,2001-11-01
KATE,2001-12-01
KATE,2002-01-01
KATE,2002-02-01
KATE,2002-03-01
KATE,2002-04-01
KATE,2002-05-01
KATE,2002-06-01
KATE,2002-07-01
KATE,2002-08-01
KATE,2002-09-01
KATE,2002-10-01
KATE,2002-11-01
KATE,2002-12-01
KATE,2003-01-01
KATE,2003-02-01
KATE,2003-03-01
KATE,2003-04-01
KATE,2003-05-01
KATE,2003-06-01
KATE,2003-07-01
KATE,2003-08-01
KATE,2003-09-01
KATE,2003-10-01
KATE,2003-11-01
KATE,2003-12-01
KATE,2004-01-01
KATE,2004-02-01
KATE,2004-03-01
KATE,2004-04-01
KATE,2004-05-01
KATE,2004-06-01
KATE,2004-07-01
KATE,2004-08-01
KATE,2004-09-01
KATE,2004-10-01
KATE,2004-11-01
KATE,2004-12-01
KATE,2005-01-01
KATE,2005-02-01
KATE,2005-03-01
KATE,2005-04-01
KATE,2005-05-01
KATE,2005-06-01
KATE,2005-07-01
KATE,2005-08-01
KATE,2005-09-01
KATE,2005-10-01
KATE,2005-11-01
KATE,2005-12-01
KATE,2006-01-01
KATE,2006-02-01
KATE,2006-03-01
KATE,2006-04-01
KATE,2006-05-01
KATE,2006-06-01
KATE,2006-07-01
KATE,2006-08-01
KATE,2006-09-01
KATE,2006-10-01
KATE,2006-11-01
KATE,2006-12-01
KATE,2007-01-01
KATE,2007-02-01
KATE,2007-03-01
KATE,2007-04-01
KATE,2007-05-01
KATE,2007-06-01
KATE,2007-07-01
KATE,2007-08-01
KATE,2007-09-01
KATE,2007-10-01
KATE,2007-11-01
KATE,2007-12-01
KATE,2008-01-01
KATE,2008-02-01
KATE,2008-03-01
KATE,2008-04-01
KATE,2008-05-01
KATE,2008-06-01
KATE,2008-07-01
KATE,2008-08-01
KATE,2008-09-01
KATE,2008-10-01
KATE,2008-11-01
KATE,2008-12-01
KG,2000-11-01
KG,2000-12-01
KG,2001-01-01
KG,2001-02-01
KG,2001-03-01
KG,2001-04-01
KG,2001-05-01
KG,2001-06-01
KG,2001-07-01
KG,2001-08-01
KG,2001-09-01
KG,2001-10-01
KG,2001-11-01
KG,2001-12-01
KG,2002-01-01
KG,2002-02-01
KG,2002-03-01
KG,2002-04-01
KG,2002-05-01
KG,2002-06-01
KG,2002-07-01
KG,2002-08-01
KG,2002-09-01
KG,2002-10-01
KG,2002-11-01
KG,2002-12-01
KG,2003-01-01
KG,2003-02-01
KG,2003-03-01
KG,2003-04-01
KG,2003-05-01
KG,2003-06-01
KG,2003-07-01
KG,2003-08-01
KG,2003-09-01
KG,2003-10-01
KG,2003-11-01
KG,2003-12-01
KG,2004-01-01
KG,2004-02-01
KG,2004-03-01
KG,2004-04-01
KG,2004-05-01
KG,2004-06-01
KG,2004-07-01
KG,2004-08-01
KG,2004-09-01
KG,2004-10-01
KG,2004-11-01
KG,2004-12-01
KG,2005-01-01
KG,2005-02-01
KG,2005-03-01
KG,2005-04-01
KG,2005-05-01
KG,2005-06-01
KG,2005-07-01
KG,2005-08-01
KG,2005-09-01
KG,2005-10-01
KG,2005-11-01
KG,2005-12-01
KG,2006-01-01
KG,2006-02-01
KG,2006-03-01
KG,2006-04-01
KG,2006-05-01
KG,2006-06-01
KG,2006-07-01
KG,2006-08-01
KG,2006-09-01
KG,2006-10-01
KG,2006-11-01
KG,2006-12-01
KG,2007-01-01
KG,2007-02-01
KG,2007-03-01
KG,2007-04-01
KG,2007-05-01
KG,2007-06-01
KG,2007-07-01
KG,2007-08-01
KG,2007-09-01
KG,2007-10-01
KG,2007-11-01
KG,2007-12-01
KG,2008-01-01
KG,2008-02-01
KG,2008-03-01
KG,2008-04-01
KG,2008-05-01
KG,2008-06-01
KG,2008-07-01
KG,2008-08-01
KG,2008-09-01
KG,2008-10-01
KG,2008-11-01
KG,2008-12-01
KG,2009-01-01
KG,2009-02-01
KG,2009-03-01
KG,2009-04-01
KG,2009-05-01
KG,2009-06-01
KG,2009-07-01
KG,2009-08-01
KG,2009-09-01
KG,2009-10-01
KG,2009-11-01
KG,2009-12-01
KG,2010-01-01
KG,2010-02-01
KG,2010-03-01
KG,2010-04-01
KG,2010-05-01
KG,2010-06-01
KG,2010-07-01
KG,2010-08-01
KG,2010-09-01
KG,2010-10-01
KG,2010-11-01
KG,2010-12-01
KM,1996-02-01
KM,1996-03-01
KM,1996-04-01
KM,1996-05-01
KM,1996-06-01
KM,1996-07-01
KM,1996-08-01
KM,1996-09-01
KM,1996-10-01
KM,1996-11-01
KM,1996-12-01
KM,1997-01-01
KM,1997-02-01
KM,1997-03-01
KM,1997-04-01
KM,1997-05-01
KM,1997-06-01
KM,1997-07-01
KM,1997-08-01
KM,1997-09-01
KM,1997-10-01
KM,1997-11-01
KM,1997-12-01
KM,1998-01-01
KM,1998-02-01
KM,1998-03-01
KM,1998-04-01
KM,1998-05-01
KM,1998-06-01
KM,1998-07-01
KM,1998-08-01
KM,1998-09-01
KM,1998-10-01
KM,1998-11-01
KM,1998-12-01
KM,1999-01-01
KM,1999-02-01
KM,1999-03-01
KM,1999-04-01
KM,1999-05-01
KM,1999-06-01
KM,1999-07-01
KM,1999-08-01
KM,1999-09-01
KM,1999-10-01
KM,1999-11-01
KM,1999-12-01
KM,2000-01-01
KM,2000-02-01
KM,2000-03-01
KM,2000-04-01
KM,2000-05-01
KM,2000-06-01
KM,2000-07-01
KM,2000-08-01
KM,2000-09-01
KM,2000-10-01
KM,2000-11-01
KM,2000-12-01
KM,2001-01-01
KM,2001-02-01
KM,2001-03-01
KM,2001-04-01
KM,2001-05-01
KM,2001-06-01
KM,2001-07-01
KM,2001-08-01
KM,2001-09-01
KM,2001-10-01
KM,2001-11-01
KM,2001-12-01
KM,2002-01-01
KMG,1996-02-01
KMG,1996-03-01
KMG,1996-04-01
KMG,1996-05-01
KMG,1996-06-01
KMG,1996-07-01
KMG,1996-08-01
KMG,1996-09-01
KMG,1996-10-01
KMG,1996-11-01
KMG,1996-12-01
KMG,1997-01-01
KMG,1997-02-01
KMG,1997-03-01
KMG,1997-04-01
KMG,1997-05-01
KMG,1997-06-01
KMG,1997-07-01
KMG,1997-08-01
KMG,1997-09-01
KMG,1997-10-01
KMG,1997-11-01
KMG,1997-12-01
KMG,1998-01-01
KMG,1998-02-01
KMG,1998-03-01
KMG,1998-04-01
KMG,1998-05-01
KMG,1998-06-01
KMG,1998-07-01
KMG,1998-08-01
KMG,1998-09-01
KMG,1998-10-01
KMG,1998-11-01
KMG,1998-12-01
KMG,1999-01-01
KMG,1999-02-01
KMG,1999-03-01
KMG,1999-04-01
KMG,1999-05-01
KMG,1999-06-01
KMG,1999-07-01
KMG,1999-08-01
KMG,1999-09-01
KMG,1999-10-01
KMG,1999-11-01
KMG,1999-12-01
KMG,2000-01-01
KMG,2000-02-01
KMG,2000-03-01
KMG,2000-04-01
KMG,2000-05-01
KMG,2000-06-01
KMG,2000-07-01
KMG,2000-08-01
KMG,2000-09-01
KMG,2000-10-01
KMG,2000-11-01
KMG,2000-12-01
KMG,2001-01-01
KMG,2001-02-01
KMG,2001-03-01
KMG,2001-04-01
KMG,2001-05-01
KMG,2001-06-01
KMG,2001-07-01
KMG,2001-08-01
KMG,2001-09-01
KMG,2001-10-01
KMG,2001-11-01
KMG,2001-12-01
KMG,2002-01-01
KMG,2002-02-01
KMG,2002-03-01
KMG,2002-04-01
KMG,2002-05-01
KMG,2002-06-01
KMG,2002-07-01
KMG,2002-08-01
KMG,2002-09-01
KMG,2002-10-01
KMG,2002-11-01
KMG,2002-12-01
KMG,2003-01-01
KMG,2003-02-01
KMG,2003-03-01
KMG,2003-04-01
KMG,2003-05-01
KMG,2003-06-01
KMG,2003-07-01
KMG,2003-08-01
KMG,2003-09-01
KMG,2003-10-01
KMG,2003-11-01
KMG,2003-12-01
KMG,2004-01-01
KMG,2004-02-01
KMG,2004-03-01
KMG,2004-04-01
KMG,2004-05-01
KMG,2004-06-01
KMG,2004-07-01
KMG,2004-08-01
KMG,2004-09-01
KMG,2004-10-01
KMG,2004-11-01
KMG,2004-12-01
KMG,2005-01-01
KMG,2005-02-01
KMG,2005-03-01
KMG,2005-04-01
KMG,2005-05-01
KMG,2005-06-01
KMG,2005-07-01
KMG,2005-08-01
KMG,2005-09-01
KMG,2005-10-01
KMG,2005-11-01
KMG,2005-12-01
KMG,2006-01-01
KMG,2006-02-01
KMG,2006-03-01
KMG,2006-04-01
KMG,2006-05-01
KMG,2006-06-01
KMG,2006-07-01
KMG,2006-08-01
KMI,2001-01-01
KMI,2001-02-01
KMI,2001-03-01
KMI,2001-04-01
KMI,2001-05-01
KMI,2001-06-01
KMI,2001-07-01
KMI,2001-08-01
KMI,2001-09-01
KMI,2001-10-01
KMI,2001-11-01
KMI,2001-12-01
KMI,2002-01-01
KMI,2002-02-01
KMI,2002-03-01
KMI,2002-04-01
KMI,2002-05-01
KMI,2002-06-01
KMI,2002-07-01
KMI,2002-08-01
KMI,2002-09-01
KMI,2002-10-01
KMI,2002-11-01
KMI,2002-12-01
KMI,2003-01-01
KMI,2003-02-01
KMI,2003-03-01
KMI,2003-04-01
KMI,2003-05-01
KMI,2003-06-01
KMI,2003-07-01
KMI,2003-08-01
KMI,2003-09-01
KMI,2003-10-01
KMI,2003-11-01
KMI,2003-12-01
KMI,2004-01-01
KMI,2004-02-01
KMI,2004-03-01
KMI,2004-04-01
KMI,2004-05-01
KMI,2004-06-01
KMI,2004-07-01
KMI,2004-08-01
KMI,2004-09-01
KMI,2004-10-01
KMI,2004-11-01
KMI,2004-12-01
KMI,2005-01-01
KMI,2005-02-01
KMI,2005-03-01
KMI,2005-04-01
KMI,2005-05-01
KMI,2005-06-01
KMI,2005-07-01
KMI,2005-08-01
KMI,2005-09-01
KMI,2005-10-01
KMI,2005-11-01
KMI,2005-12-01
KMI,2006-01-01
KMI,2006-02-01
KMI,2006-03-01
KMI,2006-04-01
KMI,2006-05-01
KMI,2006-06-01
KMI,2006-07-01
KMI,2006-08-01
KMI,2006-09-01
KMI,2006-10-01
KMI,2006-11-01
KMI,2006-12-01
KMI,2007-01-01
KMI,2007-02-01
KMI,2007-03-01
KMI,2007-04-01
KMI,2007-05-01
KMI,2012-06-01
KMI,2012-07-01
KMI,2012-08-01
KMI,2012-09-01
KMI,2012-10-01
KMI,2012-11-01
KMI,2012-12-01
KMI,2013-01-01
KMI,2013-02-01
KMI,2013-03-01
KMI,2013-04-01
KMI,2013-05-01
KMI,2013-06-01
KMI,2013-07-01
KMI,2013-08-01
KMI,2013-09-01
KMI,2013-10-01
KMI,2013-11-01
KMI,2013-12-01
KMI,2014-01-01
KMI,2014-02-01
KMI,2014-03-01
KMI,2014-04-01
KMI,2014-05-01
KMI,2014-06-01
KMI,2014-07-01
KMI,2014-08-01
KMI,2014-09-01
KMI,2014-10-01
KMI,2014-11-01
KMI,2014-12-01
KMI,2015-01-01
KMI,2015-02-01
KMI,2015-03-01
KMI,2015-04-01
KMI,2015-05-01
KMI,2015-06-01
KMI,2015-07-01
KMI,2015-08-01
KMI,2015-09-01
KMI,2015-10-01
KMI,2015-11-01
KMI,2015-12-01
KMI,2016-01-01
KMI,2016-02-01
KMI,2016-03-01
KMI,2016-04-01
KMI,2016-05-01
KMI,2016-06-01
KMI,2016-07-01
KMI,2016-08-01
KMI,2016-09-01
KMI,2016-10-01
KMI,2016-11-01
KMI,2016-12-01
KMI,2017-01-01
KMI,2017-02-01
KMI,2017-03-01
KMI,2017-04-01
KMI,2017-05-01
KMI,2017-06-01
KMI,2017-07-01
KMI,2017-08-01
KMI,2017-09-01
KMI,2017-10-01
KMI,2017-11-01
KMI,2017-12-01
KMI,2018-01-01
KMI,2018-02-01
KMI,2018-03-01
KMI,2018-04-01
KMI,2018-05-01
KMI,2018-06-01
KMI,2018-07-01
KMI,2018-08-01
KMI,2018-09-01
KMI,2018-10-01
KMI,2018-11-01
KMI,2018-12-01
KMI,2019-01-01
KMI,2019-02-01
KMI,2019-03-01
KMI,2019-04-01
KMI,2019-05-01
KMI,2019-06-01
KMI,2019-07-01
KMI,2019-08-01
KMI,2019-09-01
KMI,2019-10-01
KMI,2019-11-01
KMI,2019-12-01
KMI,2020-01-01
KMI,2020-02-01
KMI,2020-03-01
KMI,2020-04-01
KMI,2020-05-01
KMI,2020-06-01
KMI,2020-07-01
KMI,2020-08-01
KMI,2020-09-01
KMI,2020-10-01
KMI,2020-11-01
KMI,2020-12-01
KMI,2021-01-01
KMI,2021-02-01
KMI,2021-03-01
KMI,2021-04-01
KMI,2021-05-01
KMI,2021-06-01
KMI,2021-07-01
KMI,2021-08-01
KMI,2021-09-01
KMI,2021-10-01
KMI,2021-11-01
KMI,2021-12-01
KMI,2022-01-01
KMI,2022-02-01
KMI,2022-03-01
KMI,2022-04-01
KMI,2022-05-01
KMI,2022-06-01
KMI,2022-07-01
KMI,2022-08-01
KMI,2022-09-01
KMI,2022-10-01
KMI,2022-11-01
KMI,2022-12-01
KMI,2023-01-01
KMI,2023-02-01
KMI,2023-03-01
KMI,2023-04-01
KMI,2023-05-01
KMI,2023-06-01
KMI,2023-07-01
KMI,2023-08-01
KMI,2023-09-01
KMI,2023-10-01
KMI,2023-11-01
KMI,2023-12-01
KMI,2024-01-01
KMI,2024-02-01
KMI,2024-03-01
KMI,2024-04-01
KMI,2024-05-01
KMI,2024-06-01
KMI,2024-07-01
KMI,2024-08-01
KMI,2024-09-01
KMI,2024-10-01
KMI,2024-11-01
KMI,2024-12-01
KMI,2025-01-01
KMI,2025-02-01
KMI,2025-03-01
KMI,2025-04-01
KMI,2025-05-01
KORS,2013-12-01
KORS,2014-01-01
KORS,2014-02-01
KORS,2014-03-01
KORS,2014-04-01
KORS,2014-05-01
KORS,2014-06-01
KORS,2014-07-01
KORS,2014-08-01
KORS,2014-09-01
KORS,2014-10-01
KORS,2014-11-01
KORS,2014-12-01
KORS,2015-01-01
KORS,2015-02-01
KORS,2015-03-01
KORS,2015-04-01
KORS,2015-05-01
KORS,2015-06-01
KORS,2015-07-01
KORS,2015-08-01
KORS,2015-09-01
KORS,2015-10-01
KORS,2015-11-01
KORS,2015-12-01
KORS,2016-01-01
KORS,2016-02-01
KORS,2016-03-01
KORS,2016-04-01
KORS,2016-05-01
KORS,2016-06-01
KORS,2016-07-01
KORS,2016-08-01
KORS,2016-09-01
KORS,2016-10-01
KORS,2016-11-01
KORS,2016-12-01
KORS,2017-01-01
KORS,2017-02-01
KORS,2017-03-01
KORS,2017-04-01
KORS,2017-05-01
KORS,2017-06-01
KORS,2017-07-01
KORS,2017-08-01
KORS,2017-09-01
KORS,2017-10-01
KORS,2017-11-01
KORS,2017-12-01
KORS,2018-01-01
KORS,2018-02-01
KORS,2018-03-01
KORS,2018-04-01
KORS,2018-05-01
KORS,2018-06-01
KORS,2018-07-01
KORS,2018-08-01
KORS,2018-09-01
KRB,1996-02-01
KRB,1996-03-01
KRB,1996-04-01
KRB,1996-05-01
KRB,1996-06-01
KRB,1996-07-01
KRB,1996-08-01
KRB,1996-09-01
KRB,1996-10-01
KRB,1996-11-01
KRB,1996-12-01
KRB,1997-01-01
KRB,1997-02-01
KRB,1997-03-01
KRB,1997-04-01
KRB,1997-05-01
KRB,1997-06-01
KRB,1997-07-01
KRB,1997-08-01
KRB,1997-09-01
KRB,1997-10-01
KRB,1997-11-01
KRB,1997-12-01
KRB,1998-01-01
KRB,1998-02-01
KRB,1998-03-01
KRB,1998-04-01
KRB,1998-05-01
KRB,1998-06-01
KRB,1998-07-01
KRB,1998-08-01
KRB,1998-09-01
KRB,1998-10-01
KRB,1998-11-01
KRB,1998-12-01
KRB,1999-01-01
KRB,1999-02-01
KRB,1999-03-01
KRB,1999-04-01
KRB,1999-05-01
KRB,1999-06-01
KRB,1999-07-01
KRB,1999-08-01
KRB,1999-09-01
KRB,1999-10-01
KRB,1999-11-01
KRB,1999-12-01
KRB,2000-01-01
KRB,2000-02-01
KRB,2000-03-01
KRB,2000-04-01
KRB,2000-05-01
KRB,2000-06-01
KRB,2000-07-01
KRB,2000-08-01
KRB,2000-09-01
KRB,2000-10-01
KRB,2000-11-01
KRB,2000-12-01
KRB,2001-01-01
KRB,2001-02-01
KRB,2001-03-01
KRB,2001-04-01
KRB,2001-05-01
KRB,2001-06-01
KRB,2001-07-01
KRB,2001-08-01
KRB,2001-09-01
KRB,2001-10-01
KRB,2001-11-01
KRB,2001-12-01
KRB,2002-01-01
KRB,2002-02-01
KRB,2002-03-01
KRB,2002-04-01
KRB,2002-05-01
KRB,2002-06-01
KRB,2002-07-01
KRB,2002-08-01
KRB,2002-09-01
KRB,2002-10-01
KRB,2002-11-01
KRB,2002-12-01
KRB,2003-01-01
KRB,2003-02-01
KRB,2003-03-01
KRB,2003-04-01
KRB,2003-05-01
KRB,2003-06-01
KRB,2003-07-01
KRB,2003-08-01
KRB,2003-09-01
KRB,2003-10-01
KRB,2003-11-01
KRB,2003-12-01
KRB,2004-01-01
KRB,2004-02-01
KRB,2004-03-01
KRB,2004-04-01
KRB,2004-05-01
KRB,2004-06-01
KRB,2004-07-01
KRB,2004-08-01
KRB,2004-09-01
KRB,2004-10-01
KRB,2004-11-01
KRB,2004-12-01
KRB,2005-01-01
KRB,2005-02-01
KRB,2005-03-01
KRB,2005-04-01
KRB,2005-05-01
KRB,2005-06-01
KRB,2005-07-01
KRB,2005-08-01
KRB,2005-09-01
KRB,2005-10-01
KRB,2005-11-01
KRB,2005-12-01
KRB,2006-01-01
KRFT,2012-11-01
KRFT,2012-12-01
KRFT,2013-01-01
KRFT,2013-02-01
KRFT,2013-03-01
KRFT,2013-04-01
KRFT,2013-05-01
KRFT,2013-06-01
KRFT,2013-07-01
KRFT,2013-08-01
KRFT,2013-09-01
KRFT,2013-10-01
KRFT,2013-11-01
KRFT,2013-12-01
KRFT,2014-01-01
KRFT,2014-02-01
KRFT,2014-03-01
KRFT,2014-04-01
KRFT,2014-05-01
KRFT,2014-06-01
KRFT,2014-07-01
KRFT,2014-08-01
KRFT,2014-09-01
KRFT,2014-10-01
KRFT,2014-11-01
KRFT,2014-12-01
KRFT,2015-01-01
KRFT,2015-02-01
KRFT,2015-03-01
KRFT,2015-04-01
KRFT,2015-05-01
KRFT,2015-06-01
KRFT,2015-07-01
KRI,1996-02-01
KRI,1996-03-01
KRI,1996-04-01
KRI,1996-05-01
KRI,1996-06-01
KRI,1996-07-01
KRI,1996-08-01
KRI,1996-09-01
KRI,1996-10-01
KRI,1996-11-01
KRI,1996-12-01
KRI,1997-01-01
KRI,1997-02-01
KRI,1997-03-01
KRI,1997-04-01
KRI,1997-05-01
KRI,1997-06-01
KRI,1997-07-01
KRI,1997-08-01
KRI,1997-09-01
KRI,1997-10-01
KRI,1997-11-01
KRI,1997-12-01
KRI,1998-01-01
KRI,1998-02-01
KRI,1998-03-01
KRI,1998-04-01
KRI,1998-05-01
KRI,1998-06-01
KRI,1998-07-01
KRI,1998-08-01
KRI,1998-09-01
KRI,1998-10-01
KRI,1998-11-01
KRI,1998-12-01
KRI,1999-01-01
KRI,1999-02-01
KRI,1999-03-01
KRI,1999-04-01
KRI,1999-05-01
KRI,1999-06-01
KRI,1999-07-01
KRI,1999-08-01
KRI,1999-09-01
KRI,1999-10-01
KRI,1999-11-01
KRI,1999-12-01
KRI,2000-01-01
KRI,2000-02-01
KRI,2000-03-01
KRI,2000-04-01
KRI,2000-05-01
KRI,2000-06-01
KRI,2000-07-01
KRI,2000-08-01
KRI,2000-09-01
KRI,2000-10-01
KRI,2000-11-01
KRI,2000-12-01
KRI,2001-01-01
KRI,2001-02-01
KRI,2001-03-01
KRI,2001-04-01
KRI,2001-05-01
KRI,2001-06-01
KRI,2001-07-01
KRI,2001-08-01
KRI,2001-09-01
KRI,2001-10-01
KRI,2001-11-01
KRI,2001-12-01
KRI,2002-01-01
KRI,2002-02-01
KRI,2002-03-01
KRI,2002-04-01
KRI,2002-05-01
KRI,2002-06-01
KRI,2002-07-01
KRI,2002-08-01
KRI,2002-09-01
KRI,2002-10-01
KRI,2002-11-01
KRI,2002-12-01
KRI,2003-01-01
KRI,2003-02-01
KRI,2003-03-01
KRI,2003-04-01
KRI,2003-05-01
KRI,2003-06-01
KRI,2003-07-01
KRI,2003-08-01
KRI,2003-09-01
KRI,2003-10-01
KRI,2003-11-01
KRI,2003-12-01
KRI,2004-01-01
KRI,2004-02-01
KRI,2004-03-01
KRI,2004-04-01
KRI,2004-05-01
KRI,2004-06-01
KRI,2004-07-01
KRI,2004-08-01
KRI,2004-09-01
KRI,2004-10-01
KRI,2004-11-01
KRI,2004-12-01
KRI,2005-01-01
KRI,2005-02-01
KRI,2005-03-01
KRI,2005-04-01
KRI,2005-05-01
KRI,2005-06-01
KRI,2005-07-01
KRI,2005-08-01
KRI,2005-09-01
KRI,2005-10-01
KRI,2005-11-01
KRI,2005-12-01
KRI,2006-01-01
KRI,2006-02-01
KRI,2006-03-01
KRI,2006-04-01
KRI,2006-05-01
KRI,2006-06-01
KSE,2000-09-01
KSE,2000-10-01
KSE,2000-11-01
KSE,2000-12-01
KSE,2001-01-01
KSE,2001-02-01
KSE,2001-03-01
KSE,2001-04-01
KSE,2001-05-01
KSE,2001-06-01
KSE,2001-07-01
KSE,2001-08-01
KSE,2001-09-01
KSE,2001-10-01
KSE,2001-11-01
KSE,2001-12-01
KSE,2002-01-01
KSE,2002-02-01
KSE,2002-03-01
KSE,2002-04-01
KSE,2002-05-01
KSE,2002-06-01
KSE,2002-07-01
KSE,2002-08-01
KSE,2002-09-01
KSE,2002-10-01
KSE,2002-11-01
KSE,2002-12-01
KSE,2003-01-01
KSE,2003-02-01
KSE,2003-03-01
KSE,2003-04-01
KSE,2003-05-01
KSE,2003-06-01
KSE,2003-07-01
KSE,2003-08-01
KSE,2003-09-01
KSE,2003-10-01
KSE,2003-11-01
KSE,2003-12-01
KSE,2004-01-01
KSE,2004-02-01
KSE,2004-03-01
KSE,2004-04-01
KSE,2004-05-01
KSE,2004-06-01
KSE,2004-07-01
KSE,2004-08-01
KSE,2004-09-01
KSE,2004-10-01
KSE,2004-11-01
KSE,2004-12-01
KSE,2005-01-01
KSE,2005-02-01
KSE,2005-03-01
KSE,2005-04-01
KSE,2005-05-01
KSE,2005-06-01
KSE,2005-07-01
KSE,2005-08-01
KSE,2005-09-01
KSE,2005-10-01
KSE,2005-11-01
KSE,2005-12-01
KSE,2006-01-01
KSE,2006-02-01
KSE,2006-03-01
KSE,2006-04-01
KSE,2006-05-01
KSE,2006-06-01
KSE,2006-07-01
KSE,2006-08-01
KSE,2006-09-01
KSE,2006-10-01
KSE,2006-11-01
KSE,2006-12-01
KSE,2007-01-01
KSE,2007-02-01
KSE,2007-03-01
KSE,2007-04-01
KSE,2007-05-01
KSE,2007-06-01
KSE,2007-07-01
KSE,2007-08-01
KSU,1999-05-01
KSU,1999-06-01
KSU,1999-07-01
KSU,1999-08-01
KSU,1999-09-01
KSU,1999-10-01
KSU,1999-11-01
KSU,1999-12-01
KSU,2000-01-01
KSU,2000-02-01
KSU,2000-03-01
KSU,2000-04-01
KSU,2000-05-01
KSU,2000-06-01
KSU,2000-07-01
KSU,2013-06-01
KSU,2013-07-01
KSU,2013-08-01
KSU,2013-09-01
KSU,2013-10-01
KSU,2013-11-01
KSU,2013-12-01
KSU,2014-01-01
KSU,2014-02-01
KSU,2014-03-01
KSU,2014-04-01
KSU,2014-05-01
KSU,2014-06-01
KSU,2014-07-01
KSU,2014-08-01
KSU,2014-09-01
KSU,2014-10-01
KSU,2014-11-01
KSU,2014-12-01
KSU,2015-01-01
KSU,2015-02-01
KSU,2015-03-01
KSU,2015-04-01
KSU,2015-05-01
KSU,2015-06-01
KSU,2015-07-01
KSU,2015-08-01
KSU,2015-09-01
KSU,2015-10-01
KSU,2015-11-01
KSU,2015-12-01
KSU,2016-01-01
KSU,2016-02-01
KSU,2016-03-01
KSU,2016-04-01
KSU,2016-05-01
KSU,2016-06-01
KSU,2016-07-01
KSU,2016-08-01
KSU,2016-09-01
KSU,2016-10-01
KSU,2016-11-01
KSU,2016-12-01
KSU,2017-01-01
KSU,2017-02-01
KSU,2017-03-01
KSU,2017-04-01
KSU,2017-05-01
KSU,2017-06-01
KSU,2017-07-01
KSU,2017-08-01
KSU,2017-09-01
KSU,2017-10-01
KSU,2017-11-01
KSU,2017-12-01
KSU,2018-01-01
KSU,2018-02-01
KSU,2018-03-01
KSU,2018-04-01
KSU,2018-05-01
KSU,2018-06-01
KSU,2018-07-01
KSU,2018-08-01
KSU,2018-09-01
KSU,2018-10-01
KSU,2018-11-01
KSU,2018-12-01
KSU,2019-01-01
KSU,2019-02-01
KSU,2019-03-01
KSU,2019-04-01
KSU,2019-05-01
KSU,2019-06-01
KSU,2019-07-01
KSU,2019-08-01
KSU,2019-09-01
KSU,2019-10-01
KSU,2019-11-01
KSU,2019-12-01
KSU,2020-01-01
KSU,2020-02-01
KSU,2020-03-01
KSU,2020-04-01
KSU,2020-05-01
KSU,2020-06-01
KSU,2020-07-01
KSU,2020-08-01
KSU,2020-09-01
KSU,2020-10-01
KSU,2020-11-01
KSU,2020-12-01
KSU,2021-01-01
KSU,2021-02-01
KSU,2021-03-01
KSU,2021-04-01
KSU,2021-05-01
KSU,2021-06-01
KSU,2021-07-01
KSU,2021-08-01
KSU,2021-09-01
KSU,2021-10-01
KSU,2021-11-01
KSU,2021-12-01
KWP,1996-02-01
KWP,1996-03-01
KWP,1996-04-01
KWP,1996-05-01
KWP,1996-06-01
KWP,1996-07-01
KWP,1996-08-01
KWP,1996-09-01
KWP,1996-10-01
KWP,1996-11-01
KWP,1996-12-01
KWP,1997-01-01
KWP,1997-02-01
KWP,1997-03-01
KWP,1997-04-01
KWP,1997-05-01
KWP,1997-06-01
KWP,1997-07-01
KWP,1997-08-01
KWP,1997-09-01
KWP,1997-10-01
KWP,1997-11-01
KWP,1997-12-01
KWP,1998-01-01
KWP,1998-02-01
KWP,1998-03-01
KWP,1998-04-01
KWP,1998-05-01
KWP,1998-06-01
KWP,1998-07-01
KWP,1998-08-01
KWP,1998-09-01
KWP,1998-10-01
KWP,1998-11-01
KWP,1998-12-01
KWP,1999-01-01
KWP,1999-02-01
KWP,1999-03-01
KWP,1999-04-01
KWP,1999-05-01
KWP,1999-06-01
KWP,1999-07-01
KWP,1999-08-01
KWP,1999-09-01
KWP,1999-10-01
KWP,1999-11-01
LB,1996-02-01
LB,1996-03-01
LB,1996-04-01
LB,1996-05-01
LB,1996-06-01
LB,1996-07-01
LB,1996-08-01
LB,1996-09-01
LB,1996-10-01
LB,1996-11-01
LB,1996-12-01
LB,1997-01-01
LB,1997-02-01
LB,1997-03-01
LB,1997-04-01
LB,1997-05-01
LB,1997-06-01
LB,1997-07-01
LB,1997-08-01
LB,1997-09-01
LB,1997-10-01
LB,1997-11-01
LB,1997-12-01
LB,1998-01-01
LB,1998-02-01
LB,1998-03-01
LB,1998-04-01
LB,1998-05-01
LB,1998-06-01
LB,1998-07-01
LB,1998-08-01
LB,1998-09-01
LB,1998-10-01
LB,1998-11-01
LB,1998-12-01
LB,1999-01-01
LB,1999-02-01
LB,1999-03-01
LB,1999-04-01
LB,1999-05-01
LB,1999-06-01
LB,1999-07-01
LB,1999-08-01
LB,1999-09-01
LB,1999-10-01
LB,1999-11-01
LB,1999-12-01
LB,2000-01-01
LB,2000-02-01
LB,2000-03-01
LB,2000-04-01
LB,2000-05-01
LB,2000-06-01
LB,2000-07-01
LB,2000-08-01
LB,2000-09-01
LB,2000-10-01
LB,2000-11-01
LB,2000-12-01
LB,2001-01-01
LB,2001-02-01
LB,2001-03-01
LB,2001-04-01
LB,2001-05-01
LB,2001-06-01
LB,2001-07-01
LB,2001-08-01
LB,2001-09-01
LB,2001-10-01
LB,2001-11-01
LB,2001-12-01
LB,2002-01-01
LB,2002-02-01
LB,2002-03-01
LB,2002-04-01
LB,2002-05-01
LB,2002-06-01
LB,2002-07-01
LB,2002-08-01
LB,2002-09-01
LB,2002-10-01
LB,2002-11-01
LB,2002-12-01
LB,2003-01-01
LB,2003-02-01
LB,2003-03-01
LB,2003-04-01
LB,2003-05-01
LB,2003-06-01
LB,2003-07-01
LB,2003-08-01
LB,2003-09-01
LB,2003-10-01
LB,2003-11-01
LB,2003-12-01
LB,2004-01-01
LB,2004-02-01
LB,2004-03-01
LB,2004-04-01
LB,2004-05-01
LB,2004-06-01
LB,2004-07-01
LB,2004-08-01
LB,2004-09-01
LB,2004-10-01
LB,2004-11-01
LB,2004-12-01
LB,2005-01-01
LB,2005-02-01
LB,2005-03-01
LB,2005-04-01
LB,2005-05-01
LB,2005-06-01
LB,2005-07-01
LB,2005-08-01
LB,2005-09-01
LB,2005-10-01
LB,2005-11-01
LB,2005-12-01
LB,2006-01-01
LB,2006-02-01
LB,2006-03-01
LB,2006-04-01
LB,2006-05-01
LB,2006-06-01
LB,2006-07-01
LB,2006-08-01
LB,2006-09-01
LB,2006-10-01
LB,2006-11-01
LB,2006-12-01
LB,2007-01-01
LB,2007-02-01
LB,2007-03-01
LB,2007-04-01
LB,2007-05-01
LB,2007-06-01
LB,2007-07-01
LB,2007-08-01
LB,2007-09-01
LB,2007-10-01
LB,2007-11-01
LB,2007-12-01
LB,2008-01-01
LB,2008-02-01
LB,2008-03-01
LB,2008-04-01
LB,2008-05-01
LB,2008-06-01
LB,2008-07-01
LB,2008-08-01
LB,2008-09-01
LB,2008-10-01
LB,2008-11-01
LB,2008-12-01
LB,2009-01-01
LB,2009-02-01
LB,2009-03-01
LB,2009-04-01
LB,2009-05-01
LB,2009-06-01
LB,2009-07-01
LB,2009-08-01
LB,2009-09-01
LB,2009-10-01
LB,2009-11-01
LB,2009-12-01
LB,2010-01-01
LB,2010-02-01
LB,2010-03-01
LB,2010-04-01
LB,2010-05-01
LB,2010-06-01
LB,2010-07-01
LB,2010-08-01
LB,2010-09-01
LB,2010-10-01
LB,2010-11-01
LB,2010-12-01
LB,2011-01-01
LB,2011-02-01
LB,2011-03-01
LB,2011-04-01
LB,2011-05-01
LB,2011-06-01
LB,2011-07-01
LB,2011-08-01
LB,2011-09-01
LB,2011-10-01
LB,2011-11-01
LB,2011-12-01
LB,2012-01-01
LB,2012-02-01
LB,2012-03-01
LB,2012-04-01
LB,2012-05-01
LB,2012-06-01
LB,2012-07-01
LB,2012-08-01
LB,2012-09-01
LB,2012-10-01
LB,2012-11-01
LB,2012-12-01
LB,2013-01-01
LB,2013-02-01
LB,2013-03-01
LB,2013-04-01
LB,2013-05-01
LB,2013-06-01
LB,2013-07-01
LB,2013-08-01
LB,2013-09-01
LB,2013-10-01
LB,2013-11-01
LB,2013-12-01
LB,2014-01-01
LB,2014-02-01
LB,2014-03-01
LB,2014-04-01
LB,2014-05-01
LB,2014-06-01
LB,2014-07-01
LB,2014-08-01
LB,2014-09-01
LB,2014-10-01
LB,2014-11-01
LB,2014-12-01
LB,2015-01-01
LB,2015-02-01
LB,2015-03-01
LB,2015-04-01
LB,2015-05-01
LB,2015-06-01
LB,2015-07-01
LB,2015-08-01
LB,2015-09-01
LB,2015-10-01
LB,2015-11-01
LB,2015-12-01
LB,2016-01-01
LB,2016-02-01
LB,2016-03-01
LB,2016-04-01
LB,2016-05-01
LB,2016-06-01
LB,2016-07-01
LB,2016-08-01
LB,2016-09-01
LB,2016-10-01
LB,2016-11-01
LB,2016-12-01
LB,2017-01-01
LB,2017-02-01
LB,2017-03-01
LB,2017-04-01
LB,2017-05-01
LB,2017-06-01
LB,2017-07-01
LB,2017-08-01
LB,2017-09-01
LB,2017-10-01
LB,2017-11-01
LB,2017-12-01
LB,2018-01-01
LB,2018-02-01
LB,2018-03-01
LB,2018-04-01
LB,2018-05-01
LB,2018-06-01
LB,2018-07-01
LB,2018-08-01
LB,2018-09-01
LB,2018-10-01
LB,2018-11-01
LB,2018-12-01
LB,2019-01-01
LB,2019-02-01
LB,2019-03-01
LB,2019-04-01
LB,2019-05-01
LB,2019-06-01
LB,2019-07-01
LB,2019-08-01
LB,2019-09-01
LB,2019-10-01
LB,2019-11-01
LB,2019-12-01
LB,2020-01-01
LB,2020-02-01
LB,2020-03-01
LB,2020-04-01
LB,2020-05-01
LB,2020-06-01
LB,2020-07-01
LB,2020-08-01
LB,2020-09-01
LB,2020-10-01
LB,2020-11-01
LB,2020-12-01
LB,2021-01-01
LB,2021-02-01
LB,2021-03-01
LB,2021-04-01
LB,2021-05-01
LB,2021-06-01
LB,2021-07-01
LB,2021-08-01
LDG,1996-02-01
LDG,1996-03-01
LDG,1996-04-01
LDG,1996-05-01
LDG,1996-06-01
LDG,1996-07-01
LDG,1996-08-01
LDG,1996-09-01
LDG,1996-10-01
LDG,1996-11-01
LDG,1996-12-01
LDG,1997-01-01
LDG,1997-02-01
LDG,1997-03-01
LDG,1997-04-01
LDG,1997-05-01
LDG,1997-06-01
LDG,1997-07-01
LDG,1997-08-01
LDG,1997-09-01
LDG,1997-10-01
LDG,1997-11-01
LDG,1997-12-01
LDG,1998-01-01
LDG,1998-02-01
LDG,1998-03-01
LDG,1998-04-01
LDG,1998-05-01
LDG,1998-06-01
LDG,1998-07-01
LDG,1998-08-01
LDG,1998-09-01
LDG,1998-10-01
LDG,1998-11-01
LDG,1998-12-01
LDG,1999-01-01
LDG,1999-02-01
LDG,1999-03-01
LDG,1999-04-01
LDG,1999-05-01
LDG,1999-06-01
LDG,1999-07-01
LDG,1999-08-01
LDG,1999-09-01
LDG,1999-10-01
LDG,1999-11-01
LDG,1999-12-01
LDG,2000-01-01
LDG,2000-02-01
LDG,2000-03-01
LDG,2000-04-01
LDG,2000-05-01
LDG,2000-06-01
LDG,2000-07-01
LDG,2000-08-01
LDG,2000-09-01
LDG,2000-10-01
LDG,2000-11-01
LDG,2000-12-01
LDG,2001-01-01
LDG,2001-02-01
LDG,2001-03-01
LDG,2001-04-01
LDG,2001-05-01
LDG,2001-06-01
LDG,2001-07-01
LDW-B,1996-02-01
LDW-B,1996-03-01
LDW-B,1996-04-01
LDW-B,1996-05-01
LDW-B,1996-06-01
LDW-B,1996-07-01
LDW-B,1996-08-01
LDW-B,1996-09-01
LDW-B,1996-10-01
LDW-B,1996-11-01
LDW-B,1996-12-01
LDW-B,1997-01-01
LDW-B,1997-02-01
LDW-B,1997-03-01
LDW-B,1997-04-01
LDW-B,1997-05-01
LDW-B,1997-06-01
LDW-B,1997-07-01
LDW-B,1997-08-01
LDW-B,1997-09-01
LDW-B,1997-10-01
LDW-B,1997-11-01
LDW-B,1997-12-01
LDW-B,1998-01-01
LDW-B,1998-02-01
LDW-B,1998-03-01
LDW-B,1998-04-01
LDW-B,1998-05-01
LDW-B,1998-06-01
LDW-B,1998-07-01
LDW-B,1998-08-01
LDW-B,1998-09-01
LDW-B,1998-10-01
LDW-B,1998-11-01
LDW-B,1998-12-01
LDW-B,1999-01-01
LDW-B,1999-02-01
LDW-B,1999-03-01
LDW-B,1999-04-01
LDW-B,1999-05-01
LDW-B,1999-06-01
LDW-B,1999-07-01
LDW-B,1999-08-01
LDW-B,1999-09-01
LDW-B,1999-10-01
LDW-B,1999-11-01
LDW-B,1999-12-01
LEHMQ,1998-02-01
LEHMQ,1998-03-01
LEHMQ,1998-04-01
LEHMQ,1998-05-01
LEHMQ,1998-06-01
LEHMQ,1998-07-01
LEHMQ,1998-08-01
LEHMQ,1998-09-01
LEHMQ,1998-10-01
LEHMQ,1998-11-01
LEHMQ,1998-12-01
LEHMQ,1999-01-01
LEHMQ,1999-02-01
LEHMQ,1999-03-01
LEHMQ,1999-04-01
LEHMQ,1999-05-01
LEHMQ,1999-06-01
LEHMQ,1999-07-01
LEHMQ,1999-08-01
LEHMQ,1999-09-01
LEHMQ,1999-10-01
LEHMQ,1999-11-01
LEHMQ,1999-12-01
LEHMQ,2000-01-01
LEHMQ,2000-02-01
LEHMQ,2000-03-01
LEHMQ,2000-04-01
LEHMQ,2000-05-01
LEHMQ,2000-06-01
LEHMQ,2000-07-01
LEHMQ,2000-08-01
LEHMQ,2000-09-01
LEHMQ,2000-10-01
LEHMQ,2000-11-01
LEHMQ,2000-12-01
LEHMQ,2001-01-01
LEHMQ,2001-02-01
LEHMQ,2001-03-01
LEHMQ,2001-04-01
LEHMQ,2001-05-01
LEHMQ,2001-06-01
LEHMQ,2001-07-01
LEHMQ,2001-08-01
LEHMQ,2001-09-01
LEHMQ,2001-10-01
LEHMQ,2001-11-01
LEHMQ,2001-12-01
LEHMQ,2002-01-01
LEHMQ,2002-02-01
LEHMQ,2002-03-01
LEHMQ,2002-04-01
LEHMQ,2002-05-01
LEHMQ,2002-06-01
LEHMQ,2002-07-01
LEHMQ,2002-08-01
LEHMQ,2002-09-01
LEHMQ,2002-10-01
LEHMQ,2002-11-01
LEHMQ,2002-12-01
LEHMQ,2003-01-01
LEHMQ,2003-02-01
LEHMQ,2003-03-01
LEHMQ,2003-04-01
LEHMQ,2003-05-01
LEHMQ,2003-06-01
LEHMQ,2003-07-01
LEHMQ,2003-08-01
LEHMQ,2003-09-01
LEHMQ,2003-10-01
LEHMQ,2003-11-01
LEHMQ,2003-12-01
LEHMQ,2004-01-01
LEHMQ,2004-02-01
LEHMQ,2004-03-01
LEHMQ,2004-04-01
LEHMQ,2004-05-01
LEHMQ,2004-06-01
LEHMQ,2004-07-01
LEHMQ,2004-08-01
LEHMQ,2004-09-01
LEHMQ,2004-10-01
LEHMQ,2004-11-01
LEHMQ,2004-12-01
LEHMQ,2005-01-01
LEHMQ,2005-02-01
LEHMQ,2005-03-01
LEHMQ,2005-04-01
LEHMQ,2005-05-01
LEHMQ,2005-06-01
LEHMQ,2005-07-01
LEHMQ,2005-08-01
LEHMQ,2005-09-01
LEHMQ,2005-10-01
LEHMQ,2005-11-01
LEHMQ,2005-12-01
LEHMQ,2006-01-01
LEHMQ,2006-02-01
LEHMQ,2006-03-01
LEHMQ,2006-04-01
LEHMQ,2006-05-01
LEHMQ,2006-06-01
LEHMQ,2006-07-01
LEHMQ,2006-08-01
LEHMQ,2006-09-01
LEHMQ,2006-10-01
LEHMQ,2006-11-01
LEHMQ,2006-12-01
LEHMQ,2007-01-01
LEHMQ,2007-02-01
LEHMQ,2007-03-01
LEHMQ,2007-04-01
LEHMQ,2007-05-01
LEHMQ,2007-06-01
LEHMQ,2007-07-01
LEHMQ,2007-08-01
LEHMQ,2007-09-01
LEHMQ,2007-10-01
LEHMQ,2007-11-01
LEHMQ,2007-12-01
LEHMQ,2008-01-01
LEHMQ,2008-02-01
LEHMQ,2008-03-01
LEHMQ,2008-04-01
LEHMQ,2008-05-01
LEHMQ,2008-06-01
LEHMQ,2008-07-01
LEHMQ,2008-08-01
LEHMQ,2008-09-01
LIFE,2008-12-01
LIFE,2009-01-01
LIFE,2009-02-01
LIFE,2009-03-01
LIFE,2009-04-01
LIFE,2009-05-01
LIFE,2009-06-01
LIFE,2009-07-01
LIFE,2009-08-01
LIFE,2009-09-01
LIFE,2009-10-01
LIFE,2009-11-01
LIFE,2009-12-01
LIFE,2010-01-01
LIFE,2010-02-01
LIFE,2010-03-01
LIFE,2010-04-01
LIFE,2010-05-01
LIFE,2010-06-01
LIFE,2010-07-01
LIFE,2010-08-01
LIFE,2010-09-01
LIFE,2010-10-01
LIFE,2010-11-01
LIFE,2010-12-01
LIFE,2011-01-01
LIFE,2011-02-01
LIFE,2011-03-01
LIFE,2011-04-01
LIFE,2011-05-01
LIFE,2011-06-01
LIFE,2011-07-01
LIFE,2011-08-01
LIFE,2011-09-01
LIFE,2011-10-01
LIFE,2011-11-01
LIFE,2011-12-01
LIFE,2012-01-01
LIFE,2012-02-01
LIFE,2012-03-01
LIFE,2012-04-01
LIFE,2012-05-01
LIFE,2012-06-01
LIFE,2012-07-01
LIFE,2012-08-01
LIFE,2012-09-01
LIFE,2012-10-01
LIFE,2012-11-01
LIFE,2012-12-01
LIFE,2013-01-01
LIFE,2013-02-01
LIFE,2013-03-01
LIFE,2013-04-01
LIFE,2013-05-01
LIFE,2013-06-01
LIFE,2013-07-01
LIFE,2013-08-01
LIFE,2013-09-01
LIFE,2013-10-01
LIFE,2013-11-01
LIFE,2013-12-01
LIFE,2014-01-01
LLL,2004-12-01
LLL,2005-01-01
LLL,2005-02-01
LLL,2005-03-01
LLL,2005-04-01
LLL,2005-05-01
LLL,2005-06-01
LLL,2005-07-01
LLL,2005-08-01
LLL,2005-09-01
LLL,2005-10-01
LLL,2005-11-01
LLL,2005-12-01
LLL,2006-01-01
LLL,2006-02-01
LLL,2006-03-01
LLL,2006-04-01
LLL,2006-05-01
LLL,2006-06-01
LLL,2006-07-01
LLL,2006-08-01
LLL,2006-09-01
LLL,2006-10-01
LLL,2006-11-01
LLL,2006-12-01
LLL,2007-01-01
LLL,2007-02-01
LLL,2007-03-01
LLL,2007-04-01
LLL,2007-05-01
LLL,2007-06-01
LLL,2007-07-01
LLL,2007-08-01
LLL,2007-09-01
LLL,2007-10-01
LLL,2007-11-01
LLL,2007-12-01
LLL,2008-01-01
LLL,2008-02-01
LLL,2008-03-01
LLL,2008-04-01
LLL,2008-05-01
LLL,2008-06-01
LLL,2008-07-01
LLL,2008-08-01
LLL,2008-09-01
LLL,2008-10-01
LLL,2008-11-01
LLL,2008-12-01
LLL,2009-01-01
LLL,2009-02-01
LLL,2009-03-01
LLL,2009-04-01
LLL,2009-05-01
LLL,2009-06-01
LLL,2009-07-01
LLL,2009-08-01
LLL,2009-09-01
LLL,2009-10-01
LLL,2009-11-01
LLL,2009-12-01
LLL,2010-01-01
LLL,2010-02-01
LLL,2010-03-01
LLL,2010-04-01
LLL,2010-05-01
LLL,2010-06-01
LLL,2010-07-01
LLL,2010-08-01
LLL,2010-09-01
LLL,2010-10-01
LLL,2010-11-01
LLL,2010-12-01
LLL,2011-01-01
LLL,2011-02-01
LLL,2011-03-01
LLL,2011-04-01
LLL,2011-05-01
LLL,2011-06-01
LLL,2011-07-01
LLL,2011-08-01
LLL,2011-09-01
LLL,2011-10-01
LLL,2011-11-01
LLL,2011-12-01
LLL,2012-01-01
LLL,2012-02-01
LLL,2012-03-01
LLL,2012-04-01
LLL,2012-05-01
LLL,2012-06-01
LLL,2012-07-01
LLL,2012-08-01
LLL,2012-09-01
LLL,2012-10-01
LLL,2012-11-01
LLL,2012-12-01
LLL,2013-01-01
LLL,2013-02-01
LLL,2013-03-01
LLL,2013-04-01
LLL,2013-05-01
LLL,2013-06-01
LLL,2013-07-01
LLL,2013-08-01
LLL,2013-09-01
LLL,2013-10-01
LLL,2013-11-01
LLL,2013-12-01
LLL,2014-01-01
LLL,2014-02-01
LLL,2014-03-01
LLL,2014-04-01
LLL,2014-05-01
LLL,2014-06-01
LLL,2014-07-01
LLL,2014-08-01
LLL,2014-09-01
LLL,2014-10-01
LLL,2014-11-01
LLL,2014-12-01
LLL,2015-01-01
LLL,2015-02-01
LLL,2015-03-01
LLL,2015-04-01
LLL,2015-05-01
LLL,2015-06-01
LLL,2015-07-01
LLL,2015-08-01
LLL,2015-09-01
LLL,2015-10-01
LLL,2015-11-01
LLL,2015-12-01
LLL,2016-01-01
LLL,2016-02-01
LLL,2016-03-01
LLL,2016-04-01
LLL,2016-05-01
LLL,2016-06-01
LLL,2016-07-01
LLL,2016-08-01
LLL,2016-09-01
LLL,2016-10-01
LLL,2016-11-01
LLL,2016-12-01
LLL,2017-01-01
LLL,2017-02-01
LLL,2017-03-01
LLL,2017-04-01
LLL,2017-05-01
LLL,2017-06-01
LLL,2017-07-01
LLL,2017-08-01
LLL,2017-09-01
LLL,2017-10-01
LLL,2017-11-01
LLL,2017-12-01
LLL,2018-01-01
LLL,2018-02-01
LLL,2018-03-01
LLL,2018-04-01
LLL,2018-05-01
LLL,2018-06-01
LLL,2018-07-01
LLL,2018-08-01
LLL,2018-09-01
LLL,2018-10-01
LLL,2018-11-01
LLL,2018-12-01
LLL,2019-01-01
LLL,2019-02-01
LLL,2019-03-01
LLL,2019-04-01
LLL,2019-05-01
LLL,2019-06-01
LLTC,2000-05-01
LLTC,2000-06-01
LLTC,2000-07-01
LLTC,2000-08-01
LLTC,2000-09-01
LLTC,2000-10-01
LLTC,2000-11-01
LLTC,2000-12-01
LLTC,2001-01-01
LLTC,2001-02-01
LLTC,2001-03-01
LLTC,2001-04-01
LLTC,2001-05-01
LLTC,2001-06-01
LLTC,2001-07-01
LLTC,2001-08-01
LLTC,2001-09-01
LLTC,2001-10-01
LLTC,2001-11-01
LLTC,2001-12-01
LLTC,2002-01-01
LLTC,2002-02-01
LLTC,2002-03-01
LLTC,2002-04-01
LLTC,2002-05-01
LLTC,2002-06-01
LLTC,2002-07-01
LLTC,2002-08-01
LLTC,2002-09-01
LLTC,2002-10-01
LLTC,2002-11-01
LLTC,2002-12-01
LLTC,2003-01-01
LLTC,2003-02-01
LLTC,2003-03-01
LLTC,2003-04-01
LLTC,2003-05-01
LLTC,2003-06-01
LLTC,2003-07-01
LLTC,2003-08-01
LLTC,2003-09-01
LLTC,2003-10-01
LLTC,2003-11-01
LLTC,2003-12-01
LLTC,2004-01-01
LLTC,2004-02-01
LLTC,2004-03-01
LLTC,2004-04-01
LLTC,2004-05-01
LLTC,2004-06-01
LLTC,2004-07-01
LLTC,2004-08-01
LLTC,2004-09-01
LLTC,2004-10-01
LLTC,2004-11-01
LLTC,2004-12-01
LLTC,2005-01-01
LLTC,2005-02-01
LLTC,2005-03-01
LLTC,2005-04-01
LLTC,2005-05-01
LLTC,2005-06-01
LLTC,2005-07-01
LLTC,2005-08-01
LLTC,2005-09-01
LLTC,2005-10-01
LLTC,2005-11-01
LLTC,2005-12-01
LLTC,2006-01-01
LLTC,2006-02-01
LLTC,2006-03-01
LLTC,2006-04-01
LLTC,2006-05-01
LLTC,2006-06-01
LLTC,2006-07-01
LLTC,2006-08-01
LLTC,2006-09-01
LLTC,2006-10-01
LLTC,2006-11-01
LLTC,2006-12-01
LLTC,2007-01-01
LLTC,2007-02-01
LLTC,2007-03-01
LLTC,2007-04-01
LLTC,2007-05-01
LLTC,2007-06-01
LLTC,2007-07-01
LLTC,2007-08-01
LLTC,2007-09-01
LLTC,2007-10-01
LLTC,2007-11-01
LLTC,2007-12-01
LLTC,2008-01-01
LLTC,2008-02-01
LLTC,2008-03-01
LLTC,2008-04-01
LLTC,2008-05-01
LLTC,2008-06-01
LLTC,2008-07-01
LLTC,2008-08-01
LLTC,2008-09-01
LLTC,2008-10-01
LLTC,2008-11-01
LLTC,2008-12-01
LLTC,2009-01-01
LLTC,2009-02-01
LLTC,2009-03-01
LLTC,2009-04-01
LLTC,2009-05-01
LLTC,2009-06-01
LLTC,2009-07-01
LLTC,2009-08-01
LLTC,2009-09-01
LLTC,2009-10-01
LLTC,2009-11-01
LLTC,2009-12-01
LLTC,2010-01-01
LLTC,2010-02-01
LLTC,2010-03-01
LLTC,2010-04-01
LLTC,2010-05-01
LLTC,2010-06-01
LLTC,2010-07-01
LLTC,2010-08-01
LLTC,2010-09-01
LLTC,2010-10-01
LLTC,2010-11-01
LLTC,2010-12-01
LLTC,2011-01-01
LLTC,2011-02-01
LLTC,2011-03-01
LLTC,2011-04-01
LLTC,2011-05-01
LLTC,2011-06-01
LLTC,2011-07-01
LLTC,2011-08-01
LLTC,2011-09-01
LLTC,2011-10-01
LLTC,2011-11-01
LLTC,2011-12-01
LLTC,2012-01-01
LLTC,2012-02-01
LLTC,2012-03-01
LLTC,2012-04-01
LLTC,2012-05-01
LLTC,2012-06-01
LLTC,2012-07-01
LLTC,2012-08-01
LLTC,2012-09-01
LLTC,2012-10-01
LLTC,2012-11-01
LLTC,2012-12-01
LLTC,2013-01-01
LLTC,2013-02-01
LLTC,2013-03-01
LLTC,2013-04-01
LLTC,2013-05-01
LLTC,2013-06-01
LLTC,2013-07-01
LLTC,2013-08-01
LLTC,2013-09-01
LLTC,2013-10-01
LLTC,2013-11-01
LLTC,2013-12-01
LLTC,2014-01-01
LLTC,2014-02-01
LLTC,2014-03-01
LLTC,2014-04-01
LLTC,2014-05-01
LLTC,2014-06-01
LLTC,2014-07-01
LLTC,2014-08-01
LLTC,2014-09-01
LLTC,2014-10-01
LLTC,2014-11-01
LLTC,2014-12-01
LLTC,2015-01-01
LLTC,2015-02-01
LLTC,2015-03-01
LLTC,2015-04-01
LLTC,2015-05-01
LLTC,2015-06-01
LLTC,2015-07-01
LLTC,2015-08-01
LLTC,2015-09-01
LLTC,2015-10-01
LLTC,2015-11-01
LLTC,2015-12-01
LLTC,2016-01-01
LLTC,2016-02-01
LLTC,2016-03-01
LLTC,2016-04-01
LLTC,2016-05-01
LLTC,2016-06-01
LLTC,2016-07-01
LLTC,2016-08-01
LLTC,2016-09-01
LLTC,2016-10-01
LLTC,2016-11-01
LLTC,2016-12-01
LLTC,2017-01-01
LLTC,2017-02-01
LLTC,2017-03-01
LLX,1996-02-01
LLX,1996-03-01
LLX,1996-04-01
LLX,1996-05-01
LLX,1996-06-01
LLX,1996-07-01
LLX,1996-08-01
LLX,1996-09-01
LLX,1996-10-01
LLX,1996-11-01
LLX,1996-12-01
LLX,1997-01-01
LLX,1997-02-01
LLX,1997-03-01
LLX,1997-04-01
LLX,1997-05-01
LLX,1997-06-01
LLX,1997-07-01
LLX,1997-08-01
LLX,1997-09-01
LLX,1997-10-01
LM,2006-05-01
LM,2006-06-01
LM,2006-07-01
LM,2006-08-01
LM,2006-09-01
LM,2006-10-01
LM,2006-11-01
LM,2006-12-01
LM,2007-01-01
LM,2007-02-01
LM,2007-03-01
LM,2007-04-01
LM,2007-05-01
LM,2007-06-01
LM,2007-07-01
LM,2007-08-01
LM,2007-09-01
LM,2007-10-01
LM,2007-11-01
LM,2007-12-01
LM,2008-01-01
LM,2008-02-01
LM,2008-03-01
LM,2008-04-01
LM,2008-05-01
LM,2008-06-01
LM,2008-07-01
LM,2008-08-01
LM,2008-09-01
LM,2008-10-01
LM,2008-11-01
LM,2008-12-01
LM,2009-01-01
LM,2009-02-01
LM,2009-03-01
LM,2009-04-01
LM,2009-05-01
LM,2009-06-01
LM,2009-07-01
LM,2009-08-01
LM,2009-09-01
LM,2009-10-01
LM,2009-11-01
LM,2009-12-01
LM,2010-01-01
LM,2010-02-01
LM,2010-03-01
LM,2010-04-01
LM,2010-05-01
LM,2010-06-01
LM,2010-07-01
LM,2010-08-01
LM,2010-09-01
LM,2010-10-01
LM,2010-11-01
LM,2010-12-01
LM,2011-01-01
LM,2011-02-01
LM,2011-03-01
LM,2011-04-01
LM,2011-05-01
LM,2011-06-01
LM,2011-07-01
LM,2011-08-01
LM,2011-09-01
LM,2011-10-01
LM,2011-11-01
LM,2011-12-01
LM,2012-01-01
LM,2012-02-01
LM,2012-03-01
LM,2012-04-01
LM,2012-05-01
LM,2012-06-01
LM,2012-07-01
LM,2012-08-01
LM,2012-09-01
LM,2012-10-01
LM,2012-11-01
LM,2012-12-01
LM,2013-01-01
LM,2013-02-01
LM,2013-03-01
LM,2013-04-01
LM,2013-05-01
LM,2013-06-01
LM,2013-07-01
LM,2013-08-01
LM,2013-09-01
LM,2013-10-01
LM,2013-11-01
LM,2013-12-01
LM,2014-01-01
LM,2014-02-01
LM,2014-03-01
LM,2014-04-01
LM,2014-05-01
LM,2014-06-01
LM,2014-07-01
LM,2014-08-01
LM,2014-09-01
LM,2014-10-01
LM,2014-11-01
LM,2014-12-01
LM,2015-01-01
LM,2015-02-01
LM,2015-03-01
LM,2015-04-01
LM,2015-05-01
LM,2015-06-01
LM,2015-07-01
LM,2015-08-01
LM,2015-09-01
LM,2015-10-01
LM,2015-11-01
LM,2015-12-01
LM,2016-01-01
LM,2016-02-01
LM,2016-03-01
LM,2016-04-01
LM,2016-05-01
LM,2016-06-01
LM,2016-07-01
LM,2016-08-01
LM,2016-09-01
LM,2016-10-01
LM,2016-11-01
LM,2016-12-01
LO,2008-07-01
LO,2008-08-01
LO,2008-09-01
LO,2008-10-01
LO,2008-11-01
LO,2008-12-01
LO,2009-01-01
LO,2009-02-01
LO,2009-03-01
LO,2009-04-01
LO,2009-05-01
LO,2009-06-01
LO,2009-07-01
LO,2009-08-01
LO,2009-09-01
LO,2009-10-01
LO,2009-11-01
LO,2009-12-01
LO,2010-01-01
LO,2010-02-01
LO,2010-03-01
LO,2010-04-01
LO,2010-05-01
LO,2010-06-01
LO,2010-07-01
LO,2010-08-01
LO,2010-09-01
LO,2010-10-01
LO,2010-11-01
LO,2010-12-01
LO,2011-01-01
LO,2011-02-01
LO,2011-03-01
LO,2011-04-01
LO,2011-05-01
LO,2011-06-01
LO,2011-07-01
LO,2011-08-01
LO,2011-09-01
LO,2011-10-01
LO,2011-11-01
LO,2011-12-01
LO,2012-01-01
LO,2012-02-01
LO,2012-03-01
LO,2012-04-01
LO,2012-05-01
LO,2012-06-01
LO,2012-07-01
LO,2012-08-01
LO,2012-09-01
LO,2012-10-01
LO,2012-11-01
LO,2012-12-01
LO,2013-01-01
LO,2013-02-01
LO,2013-03-01
LO,2013-04-01
LO,2013-05-01
LO,2013-06-01
LO,2013-07-01
LO,2013-08-01
LO,2013-09-01
LO,2013-10-01
LO,2013-11-01
LO,2013-12-01
LO,2014-01-01
LO,2014-02-01
LO,2014-03-01
LO,2014-04-01
LO,2014-05-01
LO,2014-06-01
LO,2014-07-01
LO,2014-08-01
LO,2014-09-01
LO,2014-10-01
LO,2014-11-01
LO,2014-12-01
LO,2015-01-01
LO,2015-02-01
LO,2015-03-01
LO,2015-04-01
LO,2015-05-01
LO,2015-06-01
LOR,1996-02-01
LOR,1996-03-01
LOR,1996-04-01
LSI,1996-02-01
LSI,1996-03-01
LSI,1996-04-01
LSI,1996-05-01
LSI,1996-06-01
LSI,1996-07-01
LSI,1996-08-01
LSI,1996-09-01
LSI,1996-10-01
LSI,1996-11-01
LSI,1996-12-01
LSI,1997-01-01
LSI,1997-02-01
LSI,1997-03-01
LSI,1997-04-01
LSI,1997-05-01
LSI,1997-06-01
LSI,1997-07-01
LSI,1997-08-01
LSI,1997-09-01
LSI,1997-10-01
LSI,1997-11-01
LSI,1997-12-01
LSI,1998-01-01
LSI,1998-02-01
LSI,1998-03-01
LSI,1998-04-01
LSI,1998-05-01
LSI,1998-06-01
LSI,1998-07-01
LSI,1998-08-01
LSI,1998-09-01
LSI,1998-10-01
LSI,1998-11-01
LSI,1998-12-01
LSI,1999-01-01
LSI,1999-02-01
LSI,1999-03-01
LSI,1999-04-01
LSI,1999-05-01
LSI,1999-06-01
LSI,1999-07-01
LSI,1999-08-01
LSI,1999-09-01
LSI,1999-10-01
LSI,1999-11-01
LSI,1999-12-01
LSI,2000-01-01
LSI,2000-02-01
LSI,2000-03-01
LSI,2000-04-01
LSI,2000-05-01
LSI,2000-06-01
LSI,2000-07-01
LSI,2000-08-01
LSI,2000-09-01
LSI,2000-10-01
LSI,2000-11-01
LSI,2000-12-01
LSI,2001-01-01
LSI,2001-02-01
LSI,2001-03-01
LSI,2001-04-01
LSI,2001-05-01
LSI,2001-06-01
LSI,2001-07-01
LSI,2001-08-01
LSI,2001-09-01
LSI,2001-10-01
LSI,2001-11-01
LSI,2001-12-01
LSI,2002-01-01
LSI,2002-02-01
LSI,2002-03-01
LSI,2002-04-01
LSI,2002-05-01
LSI,2002-06-01
LSI,2002-07-01
LSI,2002-08-01
LSI,2002-09-01
LSI,2002-10-01
LSI,2002-11-01
LSI,2002-12-01
LSI,2003-01-01
LSI,2003-02-01
LSI,2003-03-01
LSI,2003-04-01
LSI,2003-05-01
LSI,2003-06-01
LSI,2003-07-01
LSI,2003-08-01
LSI,2003-09-01
LSI,2003-10-01
LSI,2003-11-01
LSI,2003-12-01
LSI,2004-01-01
LSI,2004-02-01
LSI,2004-03-01
LSI,2004-04-01
LSI,2004-05-01
LSI,2004-06-01
LSI,2004-07-01
LSI,2004-08-01
LSI,2004-09-01
LSI,2004-10-01
LSI,2004-11-01
LSI,2004-12-01
LSI,2005-01-01
LSI,2005-02-01
LSI,2005-03-01
LSI,2005-04-01
LSI,2005-05-01
LSI,2005-06-01
LSI,2005-07-01
LSI,2005-08-01
LSI,2005-09-01
LSI,2005-10-01
LSI,2005-11-01
LSI,2005-12-01
LSI,2006-01-01
LSI,2006-02-01
LSI,2006-03-01
LSI,2006-04-01
LSI,2006-05-01
LSI,2006-06-01
LSI,2006-07-01
LSI,2006-08-01
LSI,2006-09-01
LSI,2006-10-01
LSI,2006-11-01
LSI,2006-12-01
LSI,2007-01-01
LSI,2007-02-01
LSI,2007-03-01
LSI,2007-04-01
LSI,2007-05-01
LSI,2007-06-01
LSI,2007-07-01
LSI,2007-08-01
LSI,2007-09-01
LSI,2007-10-01
LSI,2007-11-01
LSI,2007-12-01
LSI,2008-01-01
LSI,2008-02-01
LSI,2008-03-01
LSI,2008-04-01
LSI,2008-05-01
LSI,2008-06-01
LSI,2008-07-01
LSI,2008-08-01
LSI,2008-09-01
LSI,2008-10-01
LSI,2008-11-01
LSI,2008-12-01
LSI,2009-01-01
LSI,2009-02-01
LSI,2009-03-01
LSI,2009-04-01
LSI,2009-05-01
LSI,2009-06-01
LSI,2009-07-01
LSI,2009-08-01
LSI,2009-09-01
LSI,2009-10-01
LSI,2009-11-01
LSI,2009-12-01
LSI,2010-01-01
LSI,2010-02-01
LSI,2010-03-01
LSI,2010-04-01
LSI,2010-05-01
LSI,2010-06-01
LSI,2010-07-01
LSI,2010-08-01
LSI,2010-09-01
LSI,2010-10-01
LSI,2010-11-01
LSI,2010-12-01
LSI,2011-01-01
LSI,2011-02-01
LSI,2011-03-01
LSI,2011-04-01
LSI,2011-05-01
LSI,2011-06-01
LSI,2011-07-01
LSI,2011-08-01
LSI,2011-09-01
LSI,2011-10-01
LSI,2011-11-01
LSI,2011-12-01
LSI,2012-01-01
LSI,2012-02-01
LSI,2012-03-01
LSI,2012-04-01
LSI,2012-05-01
LSI,2012-06-01
LSI,2012-07-01
LSI,2012-08-01
LSI,2012-09-01
LSI,2012-10-01
LSI,2012-11-01
LSI,2012-12-01
LSI,2013-01-01
LSI,2013-02-01
LSI,2013-03-01
LSI,2013-04-01
LSI,2013-05-01
LSI,2013-06-01
LSI,2013-07-01
LSI,2013-08-01
LSI,2013-09-01
LSI,2013-10-01
LSI,2013-11-01
LSI,2013-12-01
LSI,2014-01-01
LSI,2014-02-01
LSI,2014-03-01
LSI,2014-04-01
LSI,2014-05-01
LU,1996-10-01
LU,1996-11-01
LU,1996-12-01
LU,1997-01-01
LU,1997-02-01
LU,1997-03-01
LU,1997-04-01
LU,1997-05-01
LU,1997-06-01
LU,1997-07-01
LU,1997-08-01
LU,1997-09-01
LU,1997-10-01
LU,1997-11-01
LU,1997-12-01
LU,1998-01-01
LU,1998-02-01
LU,1998-03-01
LU,1998-04-01
LU,1998-05-01
LU,1998-06-01
LU,1998-07-01
LU,1998-08-01
LU,1998-09-01
LU,1998-10-01
LU,1998-11-01
LU,1998-12-01
LU,1999-01-01
LU,1999-02-01
LU,1999-03-01
LU,1999-04-01
LU,1999-05-01
LU,1999-06-01
LU,1999-07-01
LU,1999-08-01
LU,1999-09-01
LU,1999-10-01
LU,1999-11-01
LU,1999-12-01
LU,2000-01-01
LU,2000-02-01
LU,2000-03-01
LU,2000-04-01
LU,2000-05-01
LU,2000-06-01
LU,2000-07-01
LU,2000-08-01
LU,2000-09-01
LU,2000-10-01
LU,2000-11-01
LU,2000-12-01
LU,2001-01-01
LU,2001-02-01
LU,2001-03-01
LU,2001-04-01
LU,2001-05-01
LU,2001-06-01
LU,2001-07-01
LU,2001-08-01
LU,2001-09-01
LU,2001-10-01
LU,2001-11-01
LU,2001-12-01
LU,2002-01-01
LU,2002-02-01
LU,2002-03-01
LU,2002-04-01
LU,2002-05-01
LU,2002-06-01
LU,2002-07-01
LU,2002-08-01
LU,2002-09-01
LU,2002-10-01
LU,2002-11-01
LU,2002-12-01
LU,2003-01-01
LU,2003-02-01
LU,2003-03-01
LU,2003-04-01
LU,2003-05-01
LU,2003-06-01
LU,2003-07-01
LU,2003-08-01
LU,2003-09-01
LU,2003-10-01
LU,2003-11-01
LU,2003-12-01
LU,2004-01-01
LU,2004-02-01
LU,2004-03-01
LU,2004-04-01
LU,2004-05-01
LU,2004-06-01
LU,2004-07-01
LU,2004-08-01
LU,2004-09-01
LU,2004-10-01
LU,2004-11-01
LU,2004-12-01
LU,2005-01-01
LU,2005-02-01
LU,2005-03-01
LU,2005-04-01
LU,2005-05-01
LU,2005-06-01
LU,2005-07-01
LU,2005-08-01
LU,2005-09-01
LU,2005-10-01
LU,2005-11-01
LU,2005-12-01
LU,2006-01-01
LU,2006-02-01
LU,2006-03-01
LU,2006-04-01
LU,2006-05-01
LU,2006-06-01
LU,2006-07-01
LU,2006-08-01
LU,2006-09-01
LU,2006-10-01
LU,2006-11-01
LUB,1996-02-01
LUB,1996-03-01
LUB,1996-04-01
LUB,1996-05-01
LUB,1996-06-01
LUB,1996-07-01
LUB,1996-08-01
LUB,1996-09-01
LUB,1996-10-01
LUB,1996-11-01
LUB,1996-12-01
LUB,1997-01-01
LVLT,2014-12-01
LVLT,2015-01-01
LVLT,2015-02-01
LVLT,2015-03-01
LVLT,2015-04-01
LVLT,2015-05-01
LVLT,2015-06-01
LVLT,2015-07-01
LVLT,2015-08-01
LVLT,2015-09-01
LVLT,2015-10-01
LVLT,2015-11-01
LVLT,2015-12-01
LVLT,2016-01-01
LVLT,2016-02-01
LVLT,2016-03-01
LVLT,2016-04-01
LVLT,2016-05-01
LVLT,2016-06-01
LVLT,2016-07-01
LVLT,2016-08-01
LVLT,2016-09-01
LVLT,2016-10-01
LVLT,2016-11-01
LVLT,2016-12-01
LVLT,2017-01-01
LVLT,2017-02-01
LVLT,2017-03-01
LVLT,2017-04-01
LVLT,2017-05-01
LVLT,2017-06-01
LVLT,2017-07-01
LVLT,2017-08-01
LVLT,2017-09-01
LVLT,2017-10-01
LXK,1999-09-01
LXK,1999-10-01
LXK,1999-11-01
LXK,1999-12-01
LXK,2000-01-01
LXK,2000-02-01
LXK,2000-03-01
LXK,2000-04-01
LXK,2000-05-01
LXK,2000-06-01
LXK,2000-07-01
LXK,2000-08-01
LXK,2000-09-01
LXK,2000-10-01
LXK,2000-11-01
LXK,2000-12-01
LXK,2001-01-01
LXK,2001-02-01
LXK,2001-03-01
LXK,2001-04-01
LXK,2001-05-01
LXK,2001-06-01
LXK,2001-07-01
LXK,2001-08-01
LXK,2001-09-01
LXK,2001-10-01
LXK,2001-11-01
LXK,2001-12-01
LXK,2002-01-01
LXK,2002-02-01
LXK,2002-03-01
LXK,2002-04-01
LXK,2002-05-01
LXK,2002-06-01
LXK,2002-07-01
LXK,2002-08-01
LXK,2002-09-01
LXK,2002-10-01
LXK,2002-11-01
LXK,2002-12-01
LXK,2003-01-01
LXK,2003-02-01
LXK,2003-03-01
LXK,2003-04-01
LXK,2003-05-01
LXK,2003-06-01
LXK,2003-07-01
LXK,2003-08-01
LXK,2003-09-01
LXK,2003-10-01
LXK,2003-11-01
LXK,2003-12-01
LXK,2004-01-01
LXK,2004-02-01
LXK,2004-03-01
LXK,2004-04-01
LXK,2004-05-01
LXK,2004-06-01
LXK,2004-07-01
LXK,2004-08-01
LXK,2004-09-01
LXK,2004-10-01
LXK,2004-11-01
LXK,2004-12-01
LXK,2005-01-01
LXK,2005-02-01
LXK,2005-03-01
LXK,2005-04-01
LXK,2005-05-01
LXK,2005-06-01
LXK,2005-07-01
LXK,2005-08-01
LXK,2005-09-01
LXK,2005-10-01
LXK,2005-11-01
LXK,2005-12-01
LXK,2006-01-01
LXK,2006-02-01
LXK,2006-03-01
LXK,2006-04-01
LXK,2006-05-01
LXK,2006-06-01
LXK,2006-07-01
LXK,2006-08-01
LXK,2006-09-01
LXK,2006-10-01
LXK,2006-11-01
LXK,2006-12-01
LXK,2007-01-01
LXK,2007-02-01
LXK,2007-03-01
LXK,2007-04-01
LXK,2007-05-01
LXK,2007-06-01
LXK,2007-07-01
LXK,2007-08-01
LXK,2007-09-01
LXK,2007-10-01
LXK,2007-11-01
LXK,2007-12-01
LXK,2008-01-01
LXK,2008-02-01
LXK,2008-03-01
LXK,2008-04-01
LXK,2008-05-01
LXK,2008-06-01
LXK,2008-07-01
LXK,2008-08-01
LXK,2008-09-01
LXK,2008-10-01
LXK,2008-11-01
LXK,2008-12-01
LXK,2009-01-01
LXK,2009-02-01
LXK,2009-03-01
LXK,2009-04-01
LXK,2009-05-01
LXK,2009-06-01
LXK,2009-07-01
LXK,2009-08-01
LXK,2009-09-01
LXK,2009-10-01
LXK,2009-11-01
LXK,2009-12-01
LXK,2010-01-01
LXK,2010-02-01
LXK,2010-03-01
LXK,2010-04-01
LXK,2010-05-01
LXK,2010-06-01
LXK,2010-07-01
LXK,2010-08-01
LXK,2010-09-01
LXK,2010-10-01
LXK,2010-11-01
LXK,2010-12-01
LXK,2011-01-01
LXK,2011-02-01
LXK,2011-03-01
LXK,2011-04-01
LXK,2011-05-01
LXK,2011-06-01
LXK,2011-07-01
LXK,2011-08-01
LXK,2011-09-01
LXK,2011-10-01
LXK,2011-11-01
LXK,2011-12-01
LXK,2012-01-01
LXK,2012-02-01
LXK,2012-03-01
LXK,2012-04-01
LXK,2012-05-01
LXK,2012-06-01
LXK,2012-07-01
LXK,2012-08-01
LXK,2012-09-01
MAY,1996-02-01
MAY,1996-03-01
MAY,1996-04-01
MAY,1996-05-01
MAY,1996-06-01
MAY,1996-07-01
MAY,1996-08-01
MAY,1996-09-01
MAY,1996-10-01
MAY,1996-11-01
MAY,1996-12-01
MAY,1997-01-01
MAY,1997-02-01
MAY,1997-03-01
MAY,1997-04-01
MAY,1997-05-01
MAY,1997-06-01
MAY,1997-07-01
MAY,1997-08-01
MAY,1997-09-01
MAY,1997-10-01
MAY,1997-11-01
MAY,1997-12-01
MAY,1998-01-01
MAY,1998-02-01
MAY,1998-03-01
MAY,1998-04-01
MAY,1998-05-01
MAY,1998-06-01
MAY,1998-07-01
MAY,1998-08-01
MAY,1998-09-01
MAY,1998-10-01
MAY,1998-11-01
MAY,1998-12-01
MAY,1999-01-01
MAY,1999-02-01
MAY,1999-03-01
MAY,1999-04-01
MAY,1999-05-01
MAY,1999-06-01
MAY,1999-07-01
MAY,1999-08-01
MAY,1999-09-01
MAY,1999-10-01
MAY,1999-11-01
MAY,1999-12-01
MAY,2000-01-01
MAY,2000-02-01
MAY,2000-03-01
MAY,2000-04-01
MAY,2000-05-01
MAY,2000-06-01
MAY,2000-07-01
MAY,2000-08-01
MAY,2000-09-01
MAY,2000-10-01
MAY,2000-11-01
MAY,2000-12-01
MAY,2001-01-01
MAY,2001-02-01
MAY,2001-03-01
MAY,2001-04-01
MAY,2001-05-01
MAY,2001-06-01
MAY,2001-07-01
MAY,2001-08-01
MAY,2001-09-01
MAY,2001-10-01
MAY,2001-11-01
MAY,2001-12-01
MAY,2002-01-01
MAY,2002-02-01
MAY,2002-03-01
MAY,2002-04-01
MAY,2002-05-01
MAY,2002-06-01
MAY,2002-07-01
MAY,2002-08-01
MAY,2002-09-01
MAY,2002-10-01
MAY,2002-11-01
MAY,2002-12-01
MAY,2003-01-01
MAY,2003-02-01
MAY,2003-03-01
MAY,2003-04-01
MAY,2003-05-01
MAY,2003-06-01
MAY,2003-07-01
MAY,2003-08-01
MAY,2003-09-01
MAY,2003-10-01
MAY,2003-11-01
MAY,2003-12-01
MAY,2004-01-01
MAY,2004-02-01
MAY,2004-03-01
MAY,2004-04-01
MAY,2004-05-01
MAY,2004-06-01
MAY,2004-07-01
MAY,2004-08-01
MAY,2004-09-01
MAY,2004-10-01
MAY,2004-11-01
MAY,2004-12-01
MAY,2005-01-01
MAY,2005-02-01
MAY,2005-03-01
MAY,2005-04-01
MAY,2005-05-01
MAY,2005-06-01
MAY,2005-07-01
MAY,2005-08-01
MCIC,1996-02-01
MCIC,1996-03-01
MCIC,1996-04-01
MCIC,1996-05-01
MCIC,1996-06-01
MCIC,1996-07-01
MCIC,1996-08-01
MCIC,1996-09-01
MCIC,1996-10-01
MCIC,1996-11-01
MCIC,1996-12-01
MCIC,1997-01-01
MCIC,1997-02-01
MCIC,1997-03-01
MCIC,1997-04-01
MCIC,1997-05-01
MCIC,1997-06-01
MCIC,1997-07-01
MCIC,1997-08-01
MCIC,1997-09-01
MCIC,1997-10-01
MCIC,1997-11-01
MCIC,1997-12-01
MCIC,1998-01-01
MCIC,1998-02-01
MCIC,1998-03-01
MCIC,1998-04-01
MCIC,1998-05-01
MCIC,1998-06-01
MCIC,1998-07-01
MCIC,1998-08-01
MCIC,1998-09-01
MDP,1996-02-01
MDP,1996-03-01
MDP,1996-04-01
MDP,1996-05-01
MDP,1996-06-01
MDP,1996-07-01
MDP,1996-08-01
MDP,1996-09-01
MDP,1996-10-01
MDP,1996-11-01
MDP,1996-12-01
MDP,1997-01-01
MDP,1997-02-01
MDP,1997-03-01
MDP,1997-04-01
MDP,1997-05-01
MDP,1997-06-01
MDP,1997-07-01
MDP,1997-08-01
MDP,1997-09-01
MDP,1997-10-01
MDP,1997-11-01
MDP,1997-12-01
MDP,1998-01-01
MDP,1998-02-01
MDP,1998-03-01
MDP,1998-04-01
MDP,1998-05-01
MDP,1998-06-01
MDP,1998-07-01
MDP,1998-08-01
MDP,1998-09-01
MDP,1998-10-01
MDP,1998-11-01
MDP,1998-12-01
MDP,1999-01-01
MDP,1999-02-01
MDP,1999-03-01
MDP,1999-04-01
MDP,1999-05-01
MDP,1999-06-01
MDP,1999-07-01
MDP,1999-08-01
MDP,1999-09-01
MDP,1999-10-01
MDP,1999-11-01
MDP,1999-12-01
MDP,2000-01-01
MDP,2000-02-01
MDP,2000-03-01
MDP,2000-04-01
MDP,2000-05-01
MDP,2000-06-01
MDP,2000-07-01
MDP,2000-08-01
MDP,2000-09-01
MDP,2000-10-01
MDP,2000-11-01
MDP,2000-12-01
MDP,2001-01-01
MDP,2001-02-01
MDP,2001-03-01
MDP,2001-04-01
MDP,2001-05-01
MDP,2001-06-01
MDP,2001-07-01
MDP,2001-08-01
MDP,2001-09-01
MDP,2001-10-01
MDP,2001-11-01
MDP,2001-12-01
MDP,2002-01-01
MDP,2002-02-01
MDP,2002-03-01
MDP,2002-04-01
MDP,2002-05-01
MDP,2002-06-01
MDP,2002-07-01
MDP,2002-08-01
MDP,2002-09-01
MDP,2002-10-01
MDP,2002-11-01
MDP,2002-12-01
MDP,2003-01-01
MDP,2003-02-01
MDP,2003-03-01
MDP,2003-04-01
MDP,2003-05-01
MDP,2003-06-01
MDP,2003-07-01
MDP,2003-08-01
MDP,2003-09-01
MDP,2003-10-01
MDP,2003-11-01
MDP,2003-12-01
MDP,2004-01-01
MDP,2004-02-01
MDP,2004-03-01
MDP,2004-04-01
MDP,2004-05-01
MDP,2004-06-01
MDP,2004-07-01
MDP,2004-08-01
MDP,2004-09-01
MDP,2004-10-01
MDP,2004-11-01
MDP,2004-12-01
MDP,2005-01-01
MDP,2005-02-01
MDP,2005-03-01
MDP,2005-04-01
MDP,2005-05-01
MDP,2005-06-01
MDP,2005-07-01
MDP,2005-08-01
MDP,2005-09-01
MDP,2005-10-01
MDP,2005-11-01
MDP,2005-12-01
MDP,2006-01-01
MDP,2006-02-01
MDP,2006-03-01
MDP,2006-04-01
MDP,2006-05-01
MDP,2006-06-01
MDP,2006-07-01
MDP,2006-08-01
MDP,2006-09-01
MDP,2006-10-01
MDP,2006-11-01
MDP,2006-12-01
MDP,2007-01-01
MDP,2007-02-01
MDP,2007-03-01
MDP,2007-04-01
MDP,2007-05-01
MDP,2007-06-01
MDP,2007-07-01
MDP,2007-08-01
MDP,2007-09-01
MDP,2007-10-01
MDP,2007-11-01
MDP,2007-12-01
MDP,2008-01-01
MDP,2008-02-01
MDP,2008-03-01
MDP,2008-04-01
MDP,2008-05-01
MDP,2008-06-01
MDP,2008-07-01
MDP,2008-08-01
MDP,2008-09-01
MDP,2008-10-01
MDP,2008-11-01
MDP,2008-12-01
MDP,2009-01-01
MDP,2009-02-01
MDP,2009-03-01
MDP,2009-04-01
MDP,2009-05-01
MDP,2009-06-01
MDP,2009-07-01
MDP,2009-08-01
MDP,2009-09-01
MDP,2009-10-01
MDP,2009-11-01
MDP,2009-12-01
MDP,2010-01-01
MDP,2010-02-01
MDP,2010-03-01
MDP,2010-04-01
MDP,2010-05-01
MDP,2010-06-01
MDP,2010-07-01
MDP,2010-08-01
MDP,2010-09-01
MDP,2010-10-01
MDP,2010-11-01
MDP,2010-12-01
MDP,2011-01-01
MDR,1996-02-01
MDR,1996-03-01
MDR,1996-04-01
MDR,1996-05-01
MDR,1996-06-01
MDR,1996-07-01
MDR,1996-08-01
MDR,1996-09-01
MDR,1996-10-01
MDR,1996-11-01
MDR,1996-12-01
MDR,1997-01-01
MDR,1997-02-01
MDR,1997-03-01
MDR,1997-04-01
MDR,1997-05-01
MDR,1997-06-01
MDR,1997-07-01
MDR,1997-08-01
MDR,1997-09-01
MDR,1997-10-01
MDR,1997-11-01
MDR,1997-12-01
MDR,1998-01-01
MDR,1998-02-01
MDR,1998-03-01
MDR,1998-04-01
MDR,1998-05-01
MDR,1998-06-01
MDR,1998-07-01
MDR,1998-08-01
MDR,1998-09-01
MDR,1998-10-01
MDR,1998-11-01
MDR,1998-12-01
MDR,1999-01-01
MDR,1999-02-01
MDR,1999-03-01
MDR,1999-04-01
MDR,1999-05-01
MDR,1999-06-01
MDR,1999-07-01
MDR,1999-08-01
MDR,1999-09-01
MDR,1999-10-01
MDR,1999-11-01
MDR,1999-12-01
MDR,2000-01-01
MDR,2000-02-01
MDR,2000-03-01
MDR,2000-04-01
MDR,2000-05-01
MDR,2000-06-01
MDR,2000-07-01
MDR,2000-08-01
MDR,2000-09-01
MDR,2000-10-01
MDR,2000-11-01
MDR,2000-12-01
MDR,2001-01-01
MDR,2001-02-01
MDR,2001-03-01
MDR,2001-04-01
MDR,2001-05-01
MDR,2001-06-01
MDR,2001-07-01
MDR,2001-08-01
MDR,2001-09-01
MDR,2001-10-01
MDR,2001-11-01
MDR,2001-12-01
MDR,2002-01-01
MDR,2002-02-01
MDR,2002-03-01
MDR,2002-04-01
MDR,2002-05-01
MDR,2002-06-01
MDR,2002-07-01
MDR,2002-08-01
MDR,2002-09-01
MDR,2002-10-01
MDR,2002-11-01
MDR,2002-12-01
MDR,2003-01-01
MDR,2003-02-01
MDR,2003-03-01
MDR,2003-04-01
MDR,2003-05-01
MDR,2003-06-01
MDR,2003-07-01
MDR,2003-08-01
MEA,1996-02-01
MEA,1996-03-01
MEA,1996-04-01
MEA,1996-05-01
MEA,1996-06-01
MEA,1996-07-01
MEA,1996-08-01
MEA,1996-09-01
MEA,1996-10-01
MEA,1996-11-01
MEA,1996-12-01
MEA,1997-01-01
MEA,1997-02-01
MEA,1997-03-01
MEA,1997-04-01
MEA,1997-05-01
MEA,1997-06-01
MEA,1997-07-01
MEA,1997-08-01
MEA,1997-09-01
MEA,1997-10-01
MEA,1997-11-01
MEA,1997-12-01
MEA,1998-01-01
MEA,1998-02-01
MEA,1998-03-01
MEA,1998-04-01
MEA,1998-05-01
MEA,1998-06-01
MEA,1998-07-01
MEA,1998-08-01
MEA,1998-09-01
MEA,1998-10-01
MEA,1998-11-01
MEA,1998-12-01
MEA,1999-01-01
MEA,1999-02-01
MEA,1999-03-01
MEA,1999-04-01
MEA,1999-05-01
MEA,1999-06-01
MEA,1999-07-01
MEA,1999-08-01
MEA,1999-09-01
MEA,1999-10-01
MEA,1999-11-01
MEA,1999-12-01
MEA,2000-01-01
MEA,2000-02-01
MEA,2000-03-01
MEA,2000-04-01
MEA,2000-05-01
MEA,2000-06-01
MEA,2000-07-01
MEA,2000-08-01
MEA,2000-09-01
MEA,2000-10-01
MEA,2000-11-01
MEA,2000-12-01
MEA,2001-01-01
MEA,2001-02-01
MEA,2001-03-01
MEA,2001-04-01
MEA,2001-05-01
MEA,2001-06-01
MEA,2001-07-01
MEA,2001-08-01
MEA,2001-09-01
MEA,2001-10-01
MEA,2001-11-01
MEA,2001-12-01
MEA,2002-01-01
MEDI,2000-07-01
MEDI,2000-08-01
MEDI,2000-09-01
MEDI,2000-10-01
MEDI,2000-11-01
MEDI,2000-12-01
MEDI,2001-01-01
MEDI,2001-02-01
MEDI,2001-03-01
MEDI,2001-04-01
MEDI,2001-05-01
MEDI,2001-06-01
MEDI,2001-07-01
MEDI,2001-08-01
MEDI,2001-09-01
MEDI,2001-10-01
MEDI,2001-11-01
MEDI,2001-12-01
MEDI,2002-01-01
MEDI,2002-02-01
MEDI,2002-03-01
MEDI,2002-04-01
MEDI,2002-05-01
MEDI,2002-06-01
MEDI,2002-07-01
MEDI,2002-08-01
MEDI,2002-09-01
MEDI,2002-10-01
MEDI,2002-11-01
MEDI,2002-12-01
MEDI,2003-01-01
MEDI,2003-02-01
MEDI,2003-03-01
MEDI,2003-04-01
MEDI,2003-05-01
MEDI,2003-06-01
MEDI,2003-07-01
MEDI,2003-08-01
MEDI,2003-09-01
MEDI,2003-10-01
MEDI,2003-11-01
MEDI,2003-12-01
MEDI,2004-01-01
MEDI,2004-02-01
MEDI,2004-03-01
MEDI,2004-04-01
MEDI,2004-05-01
MEDI,2004-06-01
MEDI,2004-07-01
MEDI,2004-08-01
MEDI,2004-09-01
MEDI,2004-10-01
MEDI,2004-11-01
MEDI,2004-12-01
MEDI,2005-01-01
MEDI,2005-02-01
MEDI,2005-03-01
MEDI,2005-04-01
MEDI,2005-05-01
MEDI,2005-06-01
MEDI,2005-07-01
MEDI,2005-08-01
MEDI,2005-09-01
MEDI,2005-10-01
MEDI,2005-11-01
MEDI,2005-12-01
MEDI,2006-01-01
MEDI,2006-02-01
MEDI,2006-03-01
MEDI,2006-04-01
MEDI,2006-05-01
MEDI,2006-06-01
MEDI,2006-07-01
MEDI,2006-08-01
MEDI,2006-09-01
MEDI,2006-10-01
MEDI,2006-11-01
MEDI,2006-12-01
MEDI,2007-01-01
MEDI,2007-02-01
MEDI,2007-03-01
MEDI,2007-04-01
MEDI,2007-05-01
MEE,1996-02-01
MEE,1996-03-01
MEE,1996-04-01
MEE,1996-05-01
MEE,1996-06-01
MEE,1996-07-01
MEE,1996-08-01
MEE,1996-09-01
MEE,1996-10-01
MEE,1996-11-01
MEE,1996-12-01
MEE,1997-01-01
MEE,1997-02-01
MEE,1997-03-01
MEE,1997-04-01
MEE,1997-05-01
MEE,1997-06-01
MEE,1997-07-01
MEE,1997-08-01
MEE,1997-09-01
MEE,1997-10-01
MEE,1997-11-01
MEE,1997-12-01
MEE,1998-01-01
MEE,1998-02-01
MEE,1998-03-01
MEE,1998-04-01
MEE,1998-05-01
MEE,1998-06-01
MEE,1998-07-01
MEE,1998-08-01
MEE,1998-09-01
MEE,1998-10-01
MEE,1998-11-01
MEE,1998-12-01
MEE,1999-01-01
MEE,1999-02-01
MEE,1999-03-01
MEE,1999-04-01
MEE,1999-05-01
MEE,1999-06-01
MEE,1999-07-01
MEE,1999-08-01
MEE,1999-09-01
MEE,1999-10-01
MEE,1999-11-01
MEE,1999-12-01
MEE,2000-01-01
MEE,2000-02-01
MEE,2000-03-01
MEE,2000-04-01
MEE,2000-05-01
MEE,2000-06-01
MEE,2000-07-01
MEE,2000-08-01
MEE,2000-09-01
MEE,2000-10-01
MEE,2000-11-01
MEE,2000-12-01
MEE,2008-07-01
MEE,2008-08-01
MEE,2008-09-01
MEE,2008-10-01
MEE,2008-11-01
MEE,2008-12-01
MEE,2009-01-01
MEE,2009-02-01
MEE,2009-03-01
MEE,2009-04-01
MEE,2009-05-01
MEE,2009-06-01
MEE,2009-07-01
MEE,2009-08-01
MEE,2009-09-01
MEE,2009-10-01
MEE,2009-11-01
MEE,2009-12-01
MEE,2010-01-01
MEE,2010-02-01
MEE,2010-03-01
MEE,2010-04-01
MEE,2010-05-01
MEE,2010-06-01
MEE,2010-07-01
MEE,2010-08-01
MEE,2010-09-01
MEE,2010-10-01
MEE,2010-11-01
MEE,2010-12-01
MEE,2011-01-01
MEE,2011-02-01
MEE,2011-03-01
MEE,2011-04-01
MEE,2011-05-01
MEE,2011-06-01
MEL,1996-02-01
MEL,1996-03-01
MEL,1996-04-01
MEL,1996-05-01
MEL,1996-06-01
MEL,1996-07-01
MEL,1996-08-01
MEL,1996-09-01
MEL,1996-10-01
MEL,1996-11-01
MEL,1996-12-01
MEL,1997-01-01
MEL,1997-02-01
MEL,1997-03-01
MEL,1997-04-01
MEL,1997-05-01
MEL,1997-06-01
MEL,1997-07-01
MEL,1997-08-01
MEL,1997-09-01
MEL,1997-10-01
MEL,1997-11-01
MEL,1997-12-01
MEL,1998-01-01
MEL,1998-02-01
MEL,1998-03-01
MEL,1998-04-01
MEL,1998-05-01
MEL,1998-06-01
MEL,1998-07-01
MEL,1998-08-01
MEL,1998-09-01
MEL,1998-10-01
MEL,1998-11-01
MEL,1998-12-01
MEL,1999-01-01
MEL,1999-02-01
MEL,1999-03-01
MEL,1999-04-01
MEL,1999-05-01
MEL,1999-06-01
MEL,1999-07-01
MEL,1999-08-01
MEL,1999-09-01
MEL,1999-10-01
MEL,1999-11-01
MEL,1999-12-01
MEL,2000-01-01
MEL,2000-02-01
MEL,2000-03-01
MEL,2000-04-01
MEL,2000-05-01
MEL,2000-06-01
MEL,2000-07-01
MEL,2000-08-01
MEL,2000-09-01
MEL,2000-10-01
MEL,2000-11-01
MEL,2000-12-01
MEL,2001-01-01
MEL,2001-02-01
MEL,2001-03-01
MEL,2001-04-01
MEL,2001-05-01
MEL,2001-06-01
MEL,2001-07-01
MEL,2001-08-01
MEL,2001-09-01
MEL,2001-10-01
MEL,2001-11-01
MEL,2001-12-01
MEL,2002-01-01
MEL,2002-02-01
MEL,2002-03-01
MEL,2002-04-01
MEL,2002-05-01
MEL,2002-06-01
MEL,2002-07-01
MEL,2002-08-01
MEL,2002-09-01
MEL,2002-10-01
MEL,2002-11-01
MEL,2002-12-01
MEL,2003-01-01
MEL,2003-02-01
MEL,2003-03-01
MEL,2003-04-01
MEL,2003-05-01
MEL,2003-06-01
MEL,2003-07-01
MEL,2003-08-01
MEL,2003-09-01
MEL,2003-10-01
MEL,2003-11-01
MEL,2003-12-01
MEL,2004-01-01
MEL,2004-02-01
MEL,2004-03-01
MEL,2004-04-01
MEL,2004-05-01
MEL,2004-06-01
MEL,2004-07-01
MEL,2004-08-01
MEL,2004-09-01
MEL,2004-10-01
MEL,2004-11-01
MEL,2004-12-01
MEL,2005-01-01
MEL,2005-02-01
MEL,2005-03-01
MEL,2005-04-01
MEL,2005-05-01
MEL,2005-06-01
MEL,2005-07-01
MEL,2005-08-01
MEL,2005-09-01
MEL,2005-10-01
MEL,2005-11-01
MEL,2005-12-01
MEL,2006-01-01
MEL,2006-02-01
MEL,2006-03-01
MEL,2006-04-01
MEL,2006-05-01
MEL,2006-06-01
MEL,2006-07-01
MEL,2006-08-01
MEL,2006-09-01
MEL,2006-10-01
MEL,2006-11-01
MEL,2006-12-01
MEL,2007-01-01
MEL,2007-02-01
MEL,2007-03-01
MEL,2007-04-01
MEL,2007-05-01
MEL,2007-06-01
MEL,2007-07-01
MER,1996-02-01
MER,1996-03-01
MER,1996-04-01
MER,1996-05-01
MER,1996-06-01
MER,1996-07-01
MER,1996-08-01
MER,1996-09-01
MER,1996-10-01
MER,1996-11-01
MER,1996-12-01
MER,1997-01-01
MER,1997-02-01
MER,1997-03-01
MER,1997-04-01
MER,1997-05-01
MER,1997-06-01
MER,1997-07-01
MER,1997-08-01
MER,1997-09-01
MER,1997-10-01
MER,1997-11-01
MER,1997-12-01
MER,1998-01-01
MER,1998-02-01
MER,1998-03-01
MER,1998-04-01
MER,1998-05-01
MER,1998-06-01
MER,1998-07-01
MER,1998-08-01
MER,1998-09-01
MER,1998-10-01
MER,1998-11-01
MER,1998-12-01
MER,1999-01-01
MER,1999-02-01
MER,1999-03-01
MER,1999-04-01
MER,1999-05-01
MER,1999-06-01
MER,1999-07-01
MER,1999-08-01
MER,1999-09-01
MER,1999-10-01
MER,1999-11-01
MER,1999-12-01
MER,2000-01-01
MER,2000-02-01
MER,2000-03-01
MER,2000-04-01
MER,2000-05-01
MER,2000-06-01
MER,2000-07-01
MER,2000-08-01
MER,2000-09-01
MER,2000-10-01
MER,2000-11-01
MER,2000-12-01
MER,2001-01-01
MER,2001-02-01
MER,2001-03-01
MER,2001-04-01
MER,2001-05-01
MER,2001-06-01
MER,2001-07-01
MER,2001-08-01
MER,2001-09-01
MER,2001-10-01
MER,2001-11-01
MER,2001-12-01
MER,2002-01-01
MER,2002-02-01
MER,2002-03-01
MER,2002-04-01
MER,2002-05-01
MER,2002-06-01
MER,2002-07-01
MER,2002-08-01
MER,2002-09-01
MER,2002-10-01
MER,2002-11-01
MER,2002-12-01
MER,2003-01-01
MER,2003-02-01
MER,2003-03-01
MER,2003-04-01
MER,2003-05-01
MER,2003-06-01
MER,2003-07-01
MER,2003-08-01
MER,2003-09-01
MER,2003-10-01
MER,2003-11-01
MER,2003-12-01
MER,2004-01-01
MER,2004-02-01
MER,2004-03-01
MER,2004-04-01
MER,2004-05-01
MER,2004-06-01
MER,2004-07-01
MER,2004-08-01
MER,2004-09-01
MER,2004-10-01
MER,2004-11-01
MER,2004-12-01
MER,2005-01-01
MER,2005-02-01
MER,2005-03-01
MER,2005-04-01
MER,2005-05-01
MER,2005-06-01
MER,2005-07-01
MER,2005-08-01
MER,2005-09-01
MER,2005-10-01
MER,2005-11-01
MER,2005-12-01
MER,2006-01-01
MER,2006-02-01
MER,2006-03-01
MER,2006-04-01
MER,2006-05-01
MER,2006-06-01
MER,2006-07-01
MER,2006-08-01
MER,2006-09-01
MER,2006-10-01
MER,2006-11-01
MER,2006-12-01
MER,2007-01-01
MER,2007-02-01
MER,2007-03-01
MER,2007-04-01
MER,2007-05-01
MER,2007-06-01
MER,2007-07-01
MER,2007-08-01
MER,2007-09-01
MER,2007-10-01
MER,2007-11-01
MER,2007-12-01
MER,2008-01-01
MER,2008-02-01
MER,2008-03-01
MER,2008-04-01
MER,2008-05-01
MER,2008-06-01
MER,2008-07-01
MER,2008-08-01
MER,2008-09-01
MER,2008-10-01
MER,2008-11-01
MER,2008-12-01
MER,2009-01-01
MERQ,2000-07-01
MERQ,2000-08-01
MERQ,2000-09-01
MERQ,2000-10-01
MERQ,2000-11-01
MERQ,2000-12-01
MERQ,2001-01-01
MERQ,2001-02-01
MERQ,2001-03-01
MERQ,2001-04-01
MERQ,2001-05-01
MERQ,2001-06-01
MERQ,2001-07-01
MERQ,2001-08-01
MERQ,2001-09-01
MERQ,2001-10-01
MERQ,2001-11-01
MERQ,2001-12-01
MERQ,2002-01-01
MERQ,2002-02-01
MERQ,2002-03-01
MERQ,2002-04-01
MERQ,2002-05-01
MERQ,2002-06-01
MERQ,2002-07-01
MERQ,2002-08-01
MERQ,2002-09-01
MERQ,2002-10-01
MERQ,2002-11-01
MERQ,2002-12-01
MERQ,2003-01-01
MERQ,2003-02-01
MERQ,2003-03-01
MERQ,2003-04-01
MERQ,2003-05-01
MERQ,2003-06-01
MERQ,2003-07-01
MERQ,2003-08-01
MERQ,2003-09-01
MERQ,2003-10-01
MERQ,2003-11-01
MERQ,2003-12-01
MERQ,2004-01-01
MERQ,2004-02-01
MERQ,2004-03-01
MERQ,2004-04-01
MERQ,2004-05-01
MERQ,2004-06-01
MERQ,2004-07-01
MERQ,2004-08-01
MERQ,2004-09-01
MERQ,2004-10-01
MERQ,2004-11-01
MERQ,2004-12-01
MERQ,2005-01-01
MERQ,2005-02-01
MERQ,2005-03-01
MERQ,2005-04-01
MERQ,2005-05-01
MERQ,2005-06-01
MERQ,2005-07-01
MERQ,2005-08-01
MERQ,2005-09-01
MERQ,2005-10-01
MERQ,2005-11-01
MERQ,2005-12-01
MERQ,2006-01-01
MFE,2009-01-01
MFE,2009-02-01
MFE,2009-03-01
MFE,2009-04-01
MFE,2009-05-01
MFE,2009-06-01
MFE,2009-07-01
MFE,2009-08-01
MFE,2009-09-01
MFE,2009-10-01
MFE,2009-11-01
MFE,2009-12-01
MFE,2010-01-01
MFE,2010-02-01
MFE,2010-03-01
MFE,2010-04-01
MFE,2010-05-01
MFE,2010-06-01
MFE,2010-07-01
MFE,2010-08-01
MFE,2010-09-01
MFE,2010-10-01
MFE,2010-11-01
MFE,2010-12-01
MFE,2011-01-01
MFE,2011-02-01
MHS,2003-09-01
MHS,2003-10-01
MHS,2003-11-01
MHS,2003-12-01
MHS,2004-01-01
MHS,2004-02-01
MHS,2004-03-01
MHS,2004-04-01
MHS,2004-05-01
MHS,2004-06-01
MHS,2004-07-01
MHS,2004-08-01
MHS,2004-09-01
MHS,2004-10-01
MHS,2004-11-01
MHS,2004-12-01
MHS,2005-01-01
MHS,2005-02-01
MHS,2005-03-01
MHS,2005-04-01
MHS,2005-05-01
MHS,2005-06-01
MHS,2005-07-01
MHS,2005-08-01
MHS,2005-09-01
MHS,2005-10-01
MHS,2005-11-01
MHS,2005-12-01
MHS,2006-01-01
MHS,2006-02-01
MHS,2006-03-01
MHS,2006-04-01
MHS,2006-05-01
MHS,2006-06-01
MHS,2006-07-01
MHS,2006-08-01
MHS,2006-09-01
MHS,2006-10-01
MHS,2006-11-01
MHS,2006-12-01
MHS,2007-01-01
MHS,2007-02-01
MHS,2007-03-01
MHS,2007-04-01
MHS,2007-05-01
MHS,2007-06-01
MHS,2007-07-01
MHS,2007-08-01
MHS,2007-09-01
MHS,2007-10-01
MHS,2007-11-01
MHS,2007-12-01
MHS,2008-01-01
MHS,2008-02-01
MHS,2008-03-01
MHS,2008-04-01
MHS,2008-05-01
MHS,2008-06-01
MHS,2008-07-01
MHS,2008-08-01
MHS,2008-09-01
MHS,2008-10-01
MHS,2008-11-01
MHS,2008-12-01
MHS,2009-01-01
MHS,2009-02-01
MHS,2009-03-01
MHS,2009-04-01
MHS,2009-05-01
MHS,2009-06-01
MHS,2009-07-01
MHS,2009-08-01
MHS,2009-09-01
MHS,2009-10-01
MHS,2009-11-01
MHS,2009-12-01
MHS,2010-01-01
MHS,2010-02-01
MHS,2010-03-01
MHS,2010-04-01
MHS,2010-05-01
MHS,2010-06-01
MHS,2010-07-01
MHS,2010-08-01
MHS,2010-09-01
MHS,2010-10-01
MHS,2010-11-01
MHS,2010-12-01
MHS,2011-01-01
MHS,2011-02-01
MHS,2011-03-01
MHS,2011-04-01
MHS,2011-05-01
MHS,2011-06-01
MHS,2011-07-01
MHS,2011-08-01
MHS,2011-09-01
MHS,2011-10-01
MHS,2011-11-01
MHS,2011-12-01
MHS,2012-01-01
MHS,2012-02-01
MHS,2012-03-01
MHS,2012-04-01
MI,2002-03-01
MI,2002-04-01
MI,2002-05-01
MI,2002-06-01
MI,2002-07-01
MI,2002-08-01
MI,2002-09-01
MI,2002-10-01
MI,2002-11-01
MI,2002-12-01
MI,2003-01-01
MI,2003-02-01
MI,2003-03-01
MI,2003-04-01
MI,2003-05-01
MI,2003-06-01
MI,2003-07-01
MI,2003-08-01
MI,2003-09-01
MI,2003-10-01
MI,2003-11-01
MI,2003-12-01
MI,2004-01-01
MI,2004-02-01
MI,2004-03-01
MI,2004-04-01
MI,2004-05-01
MI,2004-06-01
MI,2004-07-01
MI,2004-08-01
MI,2004-09-01
MI,2004-10-01
MI,2004-11-01
MI,2004-12-01
MI,2005-01-01
MI,2005-02-01
MI,2005-03-01
MI,2005-04-01
MI,2005-05-01
MI,2005-06-01
MI,2005-07-01
MI,2005-08-01
MI,2005-09-01
MI,2005-10-01
MI,2005-11-01
MI,2005-12-01
MI,2006-01-01
MI,2006-02-01
MI,2006-03-01
MI,2006-04-01
MI,2006-05-01
MI,2006-06-01
MI,2006-07-01
MI,2006-08-01
MI,2006-09-01
MI,2006-10-01
MI,2006-11-01
MI,2006-12-01
MI,2007-01-01
MI,2007-02-01
MI,2007-03-01
MI,2007-04-01
MI,2007-05-01
MI,2007-06-01
MI,2007-07-01
MI,2007-08-01
MI,2007-09-01
MI,2007-10-01
MI,2007-11-01
MI,2007-12-01
MI,2008-01-01
MI,2008-02-01
MI,2008-03-01
MI,2008-04-01
MI,2008-05-01
MI,2008-06-01
MI,2008-07-01
MI,2008-08-01
MI,2008-09-01
MI,2008-10-01
MI,2008-11-01
MI,2008-12-01
MI,2009-01-01
MI,2009-02-01
MI,2009-03-01
MI,2009-04-01
MI,2009-05-01
MI,2009-06-01
MI,2009-07-01
MI,2009-08-01
MI,2009-09-01
MI,2009-10-01
MI,2009-11-01
MI,2009-12-01
MI,2010-01-01
MI,2010-02-01
MI,2010-03-01
MI,2010-04-01
MI,2010-05-01
MI,2010-06-01
MI,2010-07-01
MI,2010-08-01
MI,2010-09-01
MI,2010-10-01
MI,2010-11-01
MI,2010-12-01
MI,2011-01-01
MI,2011-02-01
MI,2011-03-01
MI,2011-04-01
MI,2011-05-01
MI,2011-06-01
MI,2011-07-01
MII,1996-02-01
MII,1996-03-01
MII,1996-04-01
MII,1996-05-01
MII,1996-06-01
MII,1996-07-01
MII,1996-08-01
MII,1996-09-01
MII,1996-10-01
MII,1996-11-01
MII,1996-12-01
MII,1997-01-01
MII,1997-02-01
MII,1997-03-01
MII,1997-04-01
MII,1997-05-01
MII,1997-06-01
MII,1997-07-01
MII,1997-08-01
MII,1997-09-01
MII,1997-10-01
MII,1997-11-01
MII,1997-12-01
MII,1998-01-01
MII,1998-02-01
MII,1998-03-01
MII,1998-04-01
MII,1998-05-01
MII,1998-06-01
MII,1998-07-01
MII,1998-08-01
MII,1998-09-01
MII,1998-10-01
MII,1998-11-01
MII,1998-12-01
MII,1999-01-01
MII,1999-02-01
MII,1999-03-01
MII,1999-04-01
MII,1999-05-01
MII,1999-06-01
MIL,1996-02-01
MIL,1996-03-01
MIL,1996-04-01
MIL,1996-05-01
MIL,1996-06-01
MIL,1996-07-01
MIL,1996-08-01
MIL,1996-09-01
MIL,1996-10-01
MIL,1996-11-01
MIL,1996-12-01
MIL,1997-01-01
MIL,1997-02-01
MIL,1997-03-01
MIL,1997-04-01
MIL,1997-05-01
MIL,1997-06-01
MIL,1997-07-01
MIL,1997-08-01
MIL,1997-09-01
MIL,1997-10-01
MIL,1997-11-01
MIL,1997-12-01
MIL,1998-01-01
MIL,1998-02-01
MIL,1998-03-01
MIL,1998-04-01
MIL,1998-05-01
MIL,1998-06-01
MIL,1998-07-01
MIL,1998-08-01
MIL,1998-09-01
MIL,1998-10-01
MIL,1998-11-01
MIL,1998-12-01
MIL,1999-01-01
MIL,1999-02-01
MIL,1999-03-01
MIL,1999-04-01
MIL,1999-05-01
MIL,1999-06-01
MIL,1999-07-01
MIL,1999-08-01
MIL,1999-09-01
MIL,1999-10-01
MIL,1999-11-01
MIL,1999-12-01
MIL,2000-01-01
MIL,2000-02-01
MIL,2000-03-01
MIL,2000-04-01
MIL,2000-05-01
MIL,2000-06-01
MIL,2000-07-01
MIL,2000-08-01
MIL,2000-09-01
MIL,2000-10-01
MIL,2000-11-01
MIL,2000-12-01
MIL,2001-01-01
MIL,2001-02-01
MIL,2001-03-01
MIL,2001-04-01
MIL,2001-05-01
MIL,2001-06-01
MIL,2001-07-01
MIL,2001-08-01
MIL,2001-09-01
MIL,2001-10-01
MIL,2001-11-01
MIL,2001-12-01
MIL,2002-01-01
MIL,2002-02-01
MIL,2002-03-01
MIL,2002-04-01
MIL,2002-05-01
MIL,2002-06-01
MIL,2002-07-01
MIL,2002-08-01
MIL,2002-09-01
MIL,2002-10-01
MIL,2002-11-01
MIL,2002-12-01
MIL,2003-01-01
MIL,2003-02-01
MIL,2003-03-01
MIL,2003-04-01
MIL,2003-05-01
MIL,2003-06-01
MIL,2003-07-01
MIL,2003-08-01
MIL,2003-09-01
MIL,2003-10-01
MIL,2003-11-01
MIL,2003-12-01
MIL,2004-01-01
MIL,2004-02-01
MIL,2004-03-01
MIL,2004-04-01
MIL,2004-05-01
MIL,2004-06-01
MIL,2004-07-01
MIL,2004-08-01
MIL,2004-09-01
MIL,2004-10-01
MIL,2004-11-01
MIL,2004-12-01
MIL,2005-01-01
MIL,2005-02-01
MIL,2005-03-01
MIL,2005-04-01
MIL,2005-05-01
MIL,2005-06-01
MIL,2005-07-01
MIL,2005-08-01
MIL,2005-09-01
MIL,2005-10-01
MIL,2005-11-01
MIL,2005-12-01
MIL,2006-01-01
MIL,2006-02-01
MIL,2006-03-01
MIL,2006-04-01
MIL,2006-05-01
MIL,2006-06-01
MIL,2006-07-01
MIL,2006-08-01
MIL,2006-09-01
MIL,2006-10-01
MIL,2006-11-01
MIL,2006-12-01
MIL,2007-01-01
MIL,2007-02-01
MIL,2007-03-01
MIL,2007-04-01
MIL,2007-05-01
MIL,2007-06-01
MIL,2007-07-01
MIL,2007-08-01
MIL,2007-09-01
MIL,2007-10-01
MIL,2007-11-01
MIL,2007-12-01
MIL,2008-01-01
MIL,2008-02-01
MIL,2008-03-01
MIL,2008-04-01
MIL,2008-05-01
MIL,2008-06-01
MIL,2008-07-01
MIL,2008-08-01
MIL,2008-09-01
MIL,2008-10-01
MIL,2008-11-01
MIL,2008-12-01
MIL,2009-01-01
MIL,2009-02-01
MIL,2009-03-01
MIL,2009-04-01
MIL,2009-05-01
MIL,2009-06-01
MIL,2009-07-01
MIL,2009-08-01
MIL,2009-09-01
MIL,2009-10-01
MIL,2009-11-01
MIL,2009-12-01
MIL,2010-01-01
MIL,2010-02-01
MIL,2010-03-01
MIL,2010-04-01
MIL,2010-05-01
MIL,2010-06-01
MIL,2010-07-01
MIR,1997-09-01
MIR,1997-10-01
MIR,1997-11-01
MIR,1997-12-01
MIR,1998-01-01
MIR,1998-02-01
MIR,1998-03-01
MIR,1998-04-01
MIR,1998-05-01
MIR,1998-06-01
MIR,1998-07-01
MIR,1998-08-01
MIR,1998-09-01
MIR,1998-10-01
MIR,1998-11-01
MIR,1998-12-01
MIR,1999-01-01
MIR,1999-02-01
MIR,1999-03-01
MIR,1999-04-01
MIR,1999-05-01
MIR,1999-06-01
MIR,1999-07-01
MIR,1999-08-01
MIR,1999-09-01
MIR,1999-10-01
MIR,1999-11-01
MIR,1999-12-01
MIR,2000-01-01
MIR,2000-02-01
MIR,2000-03-01
MIR,2000-04-01
MIR,2000-05-01
MIR,2001-05-01
MIR,2001-06-01
MIR,2001-07-01
MIR,2001-08-01
MIR,2001-09-01
MIR,2001-10-01
MIR,2001-11-01
MIR,2001-12-01
MIR,2002-01-01
MIR,2002-02-01
MIR,2002-03-01
MIR,2002-04-01
MIR,2002-05-01
MIR,2002-06-01
MIR,2002-07-01
MIR,2002-08-01
MIR,2002-09-01
MIR,2002-10-01
MIR,2002-11-01
MIR,2002-12-01
MIR,2003-01-01
MIR,2003-02-01
MIR,2003-03-01
MIR,2003-04-01
MIR,2003-05-01
MIR,2003-06-01
MIR,2003-07-01
MJN,2010-01-01
MJN,2010-02-01
MJN,2010-03-01
MJN,2010-04-01
MJN,2010-05-01
MJN,2010-06-01
MJN,2010-07-01
MJN,2010-08-01
MJN,2010-09-01
MJN,2010-10-01
MJN,2010-11-01
MJN,2010-12-01
MJN,2011-01-01
MJN,2011-02-01
MJN,2011-03-01
MJN,2011-04-01
MJN,2011-05-01
MJN,2011-06-01
MJN,2011-07-01
MJN,2011-08-01
MJN,2011-09-01
MJN,2011-10-01
MJN,2011-11-01
MJN,2011-12-01
MJN,2012-01-01
MJN,2012-02-01
MJN,2012-03-01
MJN,2012-04-01
MJN,2012-05-01
MJN,2012-06-01
MJN,2012-07-01
MJN,2012-08-01
MJN,2012-09-01
MJN,2012-10-01
MJN,2012-11-01
MJN,2012-12-01
MJN,2013-01-01
MJN,2013-02-01
MJN,2013-03-01
MJN,2013-04-01
MJN,2013-05-01
MJN,2013-06-01
MJN,2013-07-01
MJN,2013-08-01
MJN,2013-09-01
MJN,2013-10-01
MJN,2013-11-01
MJN,2013-12-01
MJN,2014-01-01
MJN,2014-02-01
MJN,2014-03-01
MJN,2014-04-01
MJN,2014-05-01
MJN,2014-06-01
MJN,2014-07-01
MJN,2014-08-01
MJN,2014-09-01
MJN,2014-10-01
MJN,2014-11-01
MJN,2014-12-01
MJN,2015-01-01
MJN,2015-02-01
MJN,2015-03-01
MJN,2015-04-01
MJN,2015-05-01
MJN,2015-06-01
MJN,2015-07-01
MJN,2015-08-01
MJN,2015-09-01
MJN,2015-10-01
MJN,2015-11-01
MJN,2015-12-01
MJN,2016-01-01
MJN,2016-02-01
MJN,2016-03-01
MJN,2016-04-01
MJN,2016-05-01
MJN,2016-06-01
MJN,2016-07-01
MJN,2016-08-01
MJN,2016-09-01
MJN,2016-10-01
MJN,2016-11-01
MJN,2016-12-01
MJN,2017-01-01
MJN,2017-02-01
MJN,2017-03-01
MJN,2017-04-01
MJN,2017-05-01
MJN,2017-06-01
MKG,1996-02-01
MKG,1996-03-01
MKG,1996-04-01
MKG,1996-05-01
MKG,1996-06-01
MKG,1996-07-01
MKG,1996-08-01
MKG,1996-09-01
MKG,1996-10-01
MKG,1996-11-01
MKG,1996-12-01
MKG,1997-01-01
MKG,1997-02-01
MKG,1997-03-01
MKG,1997-04-01
MKG,1997-05-01
MKG,1997-06-01
MKG,1997-07-01
MKG,1997-08-01
MKG,1997-09-01
MKG,1997-10-01
MKG,1997-11-01
MKG,1997-12-01
MKG,1998-01-01
MKG,1998-02-01
MKG,1998-03-01
MKG,1998-04-01
MKG,1998-05-01
MKG,1998-06-01
MKG,1998-07-01
MKG,1998-08-01
MKG,1998-09-01
MKG,1998-10-01
MKG,1998-11-01
MKG,1998-12-01
MKG,1999-01-01
MKG,1999-02-01
MKG,1999-03-01
MKG,1999-04-01
MKG,1999-05-01
MKG,1999-06-01
MKG,1999-07-01
MKG,1999-08-01
MKG,1999-09-01
MKG,1999-10-01
MKG,1999-11-01
MKG,1999-12-01
MKG,2000-01-01
MKG,2000-02-01
MKG,2000-03-01
MKG,2000-04-01
MKG,2000-05-01
MKG,2000-06-01
MKG,2000-07-01
MKG,2000-08-01
MKG,2000-09-01
MKG,2000-10-01
MMC,1996-02-01
MMC,1996-03-01
MMC,1996-04-01
MMC,1996-05-01
MMC,1996-06-01
MMC,1996-07-01
MMC,1996-08-01
MMC,1996-09-01
MMC,1996-10-01
MMC,1996-11-01
MMC,1996-12-01
MMC,1997-01-01
MMC,1997-02-01
MMC,1997-03-01
MMC,1997-04-01
MMC,1997-05-01
MMC,1997-06-01
MMC,1997-07-01
MMC,1997-08-01
MMC,1997-09-01
MMC,1997-10-01
MMC,1997-11-01
MMC,1997-12-01
MMC,1998-01-01
MMC,1998-02-01
MMC,1998-03-01
MMC,1998-04-01
MMC,1998-05-01
MMC,1998-06-01
MMC,1998-07-01
MMC,1998-08-01
MMC,1998-09-01
MMC,1998-10-01
MMC,1998-11-01
MMC,1998-12-01
MMC,1999-01-01
MMC,1999-02-01
MMC,1999-03-01
MMC,1999-04-01
MMC,1999-05-01
MMC,1999-06-01
MMC,1999-07-01
MMC,1999-08-01
MMC,1999-09-01
MMC,1999-10-01
MMC,1999-11-01
MMC,1999-12-01
MMC,2000-01-01
MMC,2000-02-01
MMC,2000-03-01
MMC,2000-04-01
MMC,2000-05-01
MMC,2000-06-01
MMC,2000-07-01
MMC,2000-08-01
MMC,2000-09-01
MMC,2000-10-01
MMC,2000-11-01
MMC,2000-12-01
MMC,2001-01-01
MMC,2001-02-01
MMC,2001-03-01
MMC,2001-04-01
MMC,2001-05-01
MMC,2001-06-01
MMC,2001-07-01
MMC,2001-08-01
MMC,2001-09-01
MMC,2001-10-01
MMC,2001-11-01
MMC,2001-12-01
MMC,2002-01-01
MMC,2002-02-01
MMC,2002-03-01
MMC,2002-04-01
MMC,2002-05-01
MMC,2002-06-01
MMC,2002-07-01
MMC,2002-08-01
MMC,2002-09-01
MMC,2002-10-01
MMC,2002-11-01
MMC,2002-12-01
MMC,2003-01-01
MMC,2003-02-01
MMC,2003-03-01
MMC,2003-04-01
MMC,2003-05-01
MMC,2003-06-01
MMC,2003-07-01
MMC,2003-08-01
MMC,2003-09-01
MMC,2003-10-01
MMC,2003-11-01
MMC,2003-12-01
MMC,2004-01-01
MMC,2004-02-01
MMC,2004-03-01
MMC,2004-04-01
MMC,2004-05-01
MMC,2004-06-01
MMC,2004-07-01
MMC,2004-08-01
MMC,2004-09-01
MMC,2004-10-01
MMC,2004-11-01
MMC,2004-12-01
MMC,2005-01-01
MMC,2005-02-01
MMC,2005-03-01
MMC,2005-04-01
MMC,2005-05-01
MMC,2005-06-01
MMC,2005-07-01
MMC,2005-08-01
MMC,2005-09-01
MMC,2005-10-01
MMC,2005-11-01
MMC,2005-12-01
MMC,2006-01-01
MMC,2006-02-01
MMC,2006-03-01
MMC,2006-04-01
MMC,2006-05-01
MMC,2006-06-01
MMC,2006-07-01
MMC,2006-08-01
MMC,2006-09-01
MMC,2006-10-01
MMC,2006-11-01
MMC,2006-12-01
MMC,2007-01-01
MMC,2007-02-01
MMC,2007-03-01
MMC,2007-04-01
MMC,2007-05-01
MMC,2007-06-01
MMC,2007-07-01
MMC,2007-08-01
MMC,2007-09-01
MMC,2007-10-01
MMC,2007-11-01
MMC,2007-12-01
MMC,2008-01-01
MMC,2008-02-01
MMC,2008-03-01
MMC,2008-04-01
MMC,2008-05-01
MMC,2008-06-01
MMC,2008-07-01
MMC,2008-08-01
MMC,2008-09-01
MMC,2008-10-01
MMC,2008-11-01
MMC,2008-12-01
MMC,2009-01-01
MMC,2009-02-01
MMC,2009-03-01
MMC,2009-04-01
MMC,2009-05-01
MMC,2009-06-01
MMC,2009-07-01
MMC,2009-08-01
MMC,2009-09-01
MMC,2009-10-01
MMC,2009-11-01
MMC,2009-12-01
MMC,2010-01-01
MMC,2010-02-01
MMC,2010-03-01
MMC,2010-04-01
MMC,2010-05-01
MMC,2010-06-01
MMC,2010-07-01
MMC,2010-08-01
MMC,2010-09-01
MMC,2010-10-01
MMC,2010-11-01
MMC,2010-12-01
MMC,2011-01-01
MMC,2011-02-01
MMC,2011-03-01
MMC,2011-04-01
MMC,2011-05-01
MMC,2011-06-01
MMC,2011-07-01
MMC,2011-08-01
MMC,2011-09-01
MMC,2011-10-01
MMC,2011-11-01
MMC,2011-12-01
MMC,2012-01-01
MMC,2012-02-01
MMC,2012-03-01
MMC,2012-04-01
MMC,2012-05-01
MMC,2012-06-01
MMC,2012-07-01
MMC,2012-08-01
MMC,2012-09-01
MMC,2012-10-01
MMC,2012-11-01
MMC,2012-12-01
MMC,2013-01-01
MMC,2013-02-01
MMC,2013-03-01
MMC,2013-04-01
MMC,2013-05-01
MMC,2013-06-01
MMC,2013-07-01
MMC,2013-08-01
MMC,2013-09-01
MMC,2013-10-01
MMC,2013-11-01
MMC,2013-12-01
MMC,2014-01-01
MMC,2014-02-01
MMC,2014-03-01
MMC,2014-04-01
MMC,2014-05-01
MMC,2014-06-01
MMC,2014-07-01
MMC,2014-08-01
MMC,2014-09-01
MMC,2014-10-01
MMC,2014-11-01
MMC,2014-12-01
MMC,2015-01-01
MMC,2015-02-01
MMC,2015-03-01
MMC,2015-04-01
MMC,2015-05-01
MMC,2015-06-01
MMC,2015-07-01
MMC,2015-08-01
MMC,2015-09-01
MMC,2015-10-01
MMC,2015-11-01
MMC,2015-12-01
MMC,2016-01-01
MMC,2016-02-01
MMC,2016-03-01
MMC,2016-04-01
MMC,2016-05-01
MMC,2016-06-01
MMC,2016-07-01
MMC,2016-08-01
MMC,2016-09-01
MMC,2016-10-01
MMC,2016-11-01
MMC,2016-12-01
MMC,2017-01-01
MMC,2017-02-01
MMC,2017-03-01
MMC,2017-04-01
MMC,2017-05-01
MMC,2017-06-01
MMC,2017-07-01
MMC,2017-08-01
MMC,2017-09-01
MMC,2017-10-01
MMC,2017-11-01
MMC,2017-12-01
MMC,2018-01-01
MMC,2018-02-01
MMC,2018-03-01
MMC,2018-04-01
MMC,2018-05-01
MMC,2018-06-01
MMC,2018-07-01
MMC,2018-08-01
MMC,2018-09-01
MMC,2018-10-01
MMC,2018-11-01
MMC,2018-12-01
MMC,2019-01-01
MMC,2019-02-01
MMC,2019-03-01
MMC,2019-04-01
MMC,2019-05-01
MMC,2019-06-01
MMC,2019-07-01
MMC,2019-08-01
MMC,2019-09-01
MMC,2019-10-01
MMC,2019-11-01
MMC,2019-12-01
MMC,2020-01-01
MMC,2020-02-01
MMC,2020-03-01
MMC,2020-04-01
MMC,2020-05-01
MMC,2020-06-01
MMC,2020-07-01
MMC,2020-08-01
MMC,2020-09-01
MMC,2020-10-01
MMC,2020-11-01
MMC,2020-12-01
MMC,2021-01-01
MMC,2021-02-01
MMC,2021-03-01
MMC,2021-04-01
MMC,2021-05-01
MMC,2021-06-01
MMC,2021-07-01
MMC,2021-08-01
MMC,2021-09-01
MMC,2021-10-01
MMC,2021-11-01
MMC,2021-12-01
MMC,2022-01-01
MMC,2022-02-01
MMC,2022-03-01
MMC,2022-04-01
MMC,2022-05-01
MMC,2022-06-01
MMC,2022-07-01
MMC,2022-08-01
MMC,2022-09-01
MMC,2022-10-01
MMC,2022-11-01
MMC,2022-12-01
MMC,2023-01-01
MMC,2023-02-01
MMC,2023-03-01
MMC,2023-04-01
MMC,2023-05-01
MMC,2023-06-01
MMC,2023-07-01
MMC,2023-08-01
MMC,2023-09-01
MMC,2023-10-01
MMC,2023-11-01
MMC,2023-12-01
MMC,2024-01-01
MMC,2024-02-01
MMC,2024-03-01
MMC,2024-04-01
MMC,2024-05-01
MMC,2024-06-01
MMC,2024-07-01
MMC,2024-08-01
MMC,2024-09-01
MMC,2024-10-01
MMC,2024-11-01
MMC,2024-12-01
MMC,2025-01-01
MMC,2025-02-01
MMC,2025-03-01
MMC,2025-04-01
MMC,2025-05-01
MMI,2011-02-01
MMI,2011-03-01
MMI,2011-04-01
MMI,2011-05-01
MMI,2011-06-01
MMI,2011-07-01
MMI,2011-08-01
MMI,2011-09-01
MMI,2011-10-01
MMI,2011-11-01
MMI,2011-12-01
MMI,2012-01-01
MMI,2012-02-01
MMI,2012-03-01
MMI,2012-04-01
MMI,2012-05-01
MNK,2014-09-01
MNK,2014-10-01
MNK,2014-11-01
MNK,2014-12-01
MNK,2015-01-01
MNK,2015-02-01
MNK,2015-03-01
MNK,2015-04-01
MNK,2015-05-01
MNK,2015-06-01
MNK,2015-07-01
MNK,2015-08-01
MNK,2015-09-01
MNK,2015-10-01
MNK,2015-11-01
MNK,2015-12-01
MNK,2016-01-01
MNK,2016-02-01
MNK,2016-03-01
MNK,2016-04-01
MNK,2016-05-01
MNK,2016-06-01
MNK,2016-07-01
MNK,2016-08-01
MNK,2016-09-01
MNK,2016-10-01
MNK,2016-11-01
MNK,2016-12-01
MNK,2017-01-01
MNK,2017-02-01
MNK,2017-03-01
MNK,2017-04-01
MNK,2017-05-01
MNK,2017-06-01
MNK,2017-07-01
MNR,1996-02-01
MNR,1996-03-01
MNR,1996-04-01
MNR,1996-05-01
MNR,1996-06-01
MNR,1996-07-01
MNR,1996-08-01
MNR,1996-09-01
MNR,1996-10-01
MNR,1996-11-01
MNR,1996-12-01
MNR,1997-01-01
MNR,1997-02-01
MNR,1997-03-01
MNR,1997-04-01
MNR,1997-05-01
MNR,1997-06-01
MNR,1997-07-01
MNR,1997-08-01
MNR,1997-09-01
MNR,1997-10-01
MNR,1997-11-01
MNR,1997-12-01
MNR,1998-01-01
MNR,1998-02-01
MNR,1998-03-01
MNR,1998-04-01
MNR,1998-05-01
MNR,1998-06-01
MNR,1998-07-01
MNR,1998-08-01
MNR,1998-09-01
MOB,1996-02-01
MOB,1996-03-01
MOB,1996-04-01
MOB,1996-05-01
MOB,1996-06-01
MOB,1996-07-01
MOB,1996-08-01
MOB,1996-09-01
MOB,1996-10-01
MOB,1996-11-01
MOB,1996-12-01
MOB,1997-01-01
MOB,1997-02-01
MOB,1997-03-01
MOB,1997-04-01
MOB,1997-05-01
MOB,1997-06-01
MOB,1997-07-01
MOB,1997-08-01
MOB,1997-09-01
MOB,1997-10-01
MOB,1997-11-01
MOB,1997-12-01
MOB,1998-01-01
MOB,1998-02-01
MOB,1998-03-01
MOB,1998-04-01
MOB,1998-05-01
MOB,1998-06-01
MOB,1998-07-01
MOB,1998-08-01
MOB,1998-09-01
MOB,1998-10-01
MOB,1998-11-01
MOB,1998-12-01
MOB,1999-01-01
MOB,1999-02-01
MOB,1999-03-01
MOB,1999-04-01
MOB,1999-05-01
MOB,1999-06-01
MOB,1999-07-01
MOB,1999-08-01
MOB,1999-09-01
MOB,1999-10-01
MOB,1999-11-01
MON,2002-09-01
MON,2002-10-01
MON,2002-11-01
MON,2002-12-01
MON,2003-01-01
MON,2003-02-01
MON,2003-03-01
MON,2003-04-01
MON,2003-05-01
MON,2003-06-01
MON,2003-07-01
MON,2003-08-01
MON,2003-09-01
MON,2003-10-01
MON,2003-11-01
MON,2003-12-01
MON,2004-01-01
MON,2004-02-01
MON,2004-03-01
MON,2004-04-01
MON,2004-05-01
MON,2004-06-01
MON,2004-07-01
MON,2004-08-01
MON,2004-09-01
MON,2004-10-01
MON,2004-11-01
MON,2004-12-01
MON,2005-01-01
MON,2005-02-01
MON,2005-03-01
MON,2005-04-01
MON,2005-05-01
MON,2005-06-01
MON,2005-07-01
MON,2005-08-01
MON,2005-09-01
MON,2005-10-01
MON,2005-11-01
MON,2005-12-01
MON,2006-01-01
MON,2006-02-01
MON,2006-03-01
MON,2006-04-01
MON,2006-05-01
MON,2006-06-01
MON,2006-07-01
MON,2006-08-01
MON,2006-09-01
MON,2006-10-01
MON,2006-11-01
MON,2006-12-01
MON,2007-01-01
MON,2007-02-01
MON,2007-03-01
MON,2007-04-01
MON,2007-05-01
MON,2007-06-01
MON,2007-07-01
MON,2007-08-01
MON,2007-09-01
MON,2007-10-01
MON,2007-11-01
MON,2007-12-01
MON,2008-01-01
MON,2008-02-01
MON,2008-03-01
MON,2008-04-01
MON,2008-05-01
MON,2008-06-01
MON,2008-07-01
MON,2008-08-01
MON,2008-09-01
MON,2008-10-01
MON,2008-11-01
MON,2008-12-01
MON,2009-01-01
MON,2009-02-01
MON,2009-03-01
MON,2009-04-01
MON,2009-05-01
MON,2009-06-01
MON,2009-07-01
MON,2009-08-01
MON,2009-09-01
MON,2009-10-01
MON,2009-11-01
MON,2009-12-01
MON,2010-01-01
MON,2010-02-01
MON,2010-03-01
MON,2010-04-01
MON,2010-05-01
MON,2010-06-01
MON,2010-07-01
MON,2010-08-01
MON,2010-09-01
MON,2010-10-01
MON,2010-11-01
MON,2010-12-01
MON,2011-01-01
MON,2011-02-01
MON,2011-03-01
MON,2011-04-01
MON,2011-05-01
MON,2011-06-01
MON,2011-07-01
MON,2011-08-01
MON,2011-09-01
MON,2011-10-01
MON,2011-11-01
MON,2011-12-01
MON,2012-01-01
MON,2012-02-01
MON,2012-03-01
MON,2012-04-01
MON,2012-05-01
MON,2012-06-01
MON,2012-07-01
MON,2012-08-01
MON,2012-09-01
MON,2012-10-01
MON,2012-11-01
MON,2012-12-01
MON,2013-01-01
MON,2013-02-01
MON,2013-03-01
MON,2013-04-01
MON,2013-05-01
MON,2013-06-01
MON,2013-07-01
MON,2013-08-01
MON,2013-09-01
MON,2013-10-01
MON,2013-11-01
MON,2013-12-01
MON,2014-01-01
MON,2014-02-01
MON,2014-03-01
MON,2014-04-01
MON,2014-05-01
MON,2014-06-01
MON,2014-07-01
MON,2014-08-01
MON,2014-09-01
MON,2014-10-01
MON,2014-11-01
MON,2014-12-01
MON,2015-01-01
MON,2015-02-01
MON,2015-03-01
MON,2015-04-01
MON,2015-05-01
MON,2015-06-01
MON,2015-07-01
MON,2015-08-01
MON,2015-09-01
MON,2015-10-01
MON,2015-11-01
MON,2015-12-01
MON,2016-01-01
MON,2016-02-01
MON,2016-03-01
MON,2016-04-01
MON,2016-05-01
MON,2016-06-01
MON,2016-07-01
MON,2016-08-01
MON,2016-09-01
MON,2016-10-01
MON,2016-11-01
MON,2016-12-01
MON,2017-01-01
MON,2017-02-01
MON,2017-03-01
MON,2017-04-01
MON,2017-05-01
MON,2017-06-01
MON,2017-07-01
MON,2017-08-01
MON,2017-09-01
MON,2017-10-01
MON,2017-11-01
MON,2017-12-01
MON,2018-01-01
MON,2018-02-01
MON,2018-03-01
MON,2018-04-01
MON,2018-05-01
MON,2018-06-01
MRO,1996-02-01
MRO,1996-03-01
MRO,1996-04-01
MRO,1996-05-01
MRO,1996-06-01
MRO,1996-07-01
MRO,1996-08-01
MRO,1996-09-01
MRO,1996-10-01
MRO,1996-11-01
MRO,1996-12-01
MRO,1997-01-01
MRO,1997-02-01
MRO,1997-03-01
MRO,1997-04-01
MRO,1997-05-01
MRO,1997-06-01
MRO,1997-07-01
MRO,1997-08-01
MRO,1997-09-01
MRO,1997-10-01
MRO,1997-11-01
MRO,1997-12-01
MRO,1998-01-01
MRO,1998-02-01
MRO,1998-03-01
MRO,1998-04-01
MRO,1998-05-01
MRO,1998-06-01
MRO,1998-07-01
MRO,1998-08-01
MRO,1998-09-01
MRO,1998-10-01
MRO,1998-11-01
MRO,1998-12-01
MRO,1999-01-01
MRO,1999-02-01
MRO,1999-03-01
MRO,1999-04-01
MRO,1999-05-01
MRO,1999-06-01
MRO,1999-07-01
MRO,1999-08-01
MRO,1999-09-01
MRO,1999-10-01
MRO,1999-11-01
MRO,1999-12-01
MRO,2000-01-01
MRO,2000-02-01
MRO,2000-03-01
MRO,2000-04-01
MRO,2000-05-01
MRO,2000-06-01
MRO,2000-07-01
MRO,2000-08-01
MRO,2000-09-01
MRO,2000-10-01
MRO,2000-11-01
MRO,2000-12-01
MRO,2001-01-01
MRO,2001-02-01
MRO,2001-03-01
MRO,2001-04-01
MRO,2001-05-01
MRO,2001-06-01
MRO,2001-07-01
MRO,2001-08-01
MRO,2001-09-01
MRO,2001-10-01
MRO,2001-11-01
MRO,2001-12-01
MRO,2002-01-01
MRO,2002-02-01
MRO,2002-03-01
MRO,2002-04-01
MRO,2002-05-01
MRO,2002-06-01
MRO,2002-07-01
MRO,2002-08-01
MRO,2002-09-01
MRO,2002-10-01
MRO,2002-11-01
MRO,2002-12-01
MRO,2003-01-01
MRO,2003-02-01
MRO,2003-03-01
MRO,2003-04-01
MRO,2003-05-01
MRO,2003-06-01
MRO,2003-07-01
MRO,2003-08-01
MRO,2003-09-01
MRO,2003-10-01
MRO,2003-11-01
MRO,2003-12-01
MRO,2004-01-01
MRO,2004-02-01
MRO,2004-03-01
MRO,2004-04-01
MRO,2004-05-01
MRO,2004-06-01
MRO,2004-07-01
MRO,2004-08-01
MRO,2004-09-01
MRO,2004-10-01
MRO,2004-11-01
MRO,2004-12-01
MRO,2005-01-01
MRO,2005-02-01
MRO,2005-03-01
MRO,2005-04-01
MRO,2005-05-01
MRO,2005-06-01
MRO,2005-07-01
MRO,2005-08-01
MRO,2005-09-01
MRO,2005-10-01
MRO,2005-11-01
MRO,2005-12-01
MRO,2006-01-01
MRO,2006-02-01
MRO,2006-03-01
MRO,2006-04-01
MRO,2006-05-01
MRO,2006-06-01
MRO,2006-07-01
MRO,2006-08-01
MRO,2006-09-01
MRO,2006-10-01
MRO,2006-11-01
MRO,2006-12-01
MRO,2007-01-01
MRO,2007-02-01
MRO,2007-03-01
MRO,2007-04-01
MRO,2007-05-01
MRO,2007-06-01
MRO,2007-07-01
MRO,2007-08-01
MRO,2007-09-01
MRO,2007-10-01
MRO,2007-11-01
MRO,2007-12-01
MRO,2008-01-01
MRO,2008-02-01
MRO,2008-03-01
MRO,2008-04-01
MRO,2008-05-01
MRO,2008-06-01
MRO,2008-07-01
MRO,2008-08-01
MRO,2008-09-01
MRO,2008-10-01
MRO,2008-11-01
MRO,2008-12-01
MRO,2009-01-01
MRO,2009-02-01
MRO,2009-03-01
MRO,2009-04-01
MRO,2009-05-01
MRO,2009-06-01
MRO,2009-07-01
MRO,2009-08-01
MRO,2009-09-01
MRO,2009-10-01
MRO,2009-11-01
MRO,2009-12-01
MRO,2010-01-01
MRO,2010-02-01
MRO,2010-03-01
MRO,2010-04-01
MRO,2010-05-01
MRO,2010-06-01
MRO,2010-07-01
MRO,2010-08-01
MRO,2010-09-01
MRO,2010-10-01
MRO,2010-11-01
MRO,2010-12-01
MRO,2011-01-01
MRO,2011-02-01
MRO,2011-03-01
MRO,2011-04-01
MRO,2011-05-01
MRO,2011-06-01
MRO,2011-07-01
MRO,2011-08-01
MRO,2011-09-01
MRO,2011-10-01
MRO,2011-11-01
MRO,2011-12-01
MRO,2012-01-01
MRO,2012-02-01
MRO,2012-03-01
MRO,2012-04-01
MRO,2012-05-01
MRO,2012-06-01
MRO,2012-07-01
MRO,2012-08-01
MRO,2012-09-01
MRO,2012-10-01
MRO,2012-11-01
MRO,2012-12-01
MRO,2013-01-01
MRO,2013-02-01
MRO,2013-03-01
MRO,2013-04-01
MRO,2013-05-01
MRO,2013-06-01
MRO,2013-07-01
MRO,2013-08-01
MRO,2013-09-01
MRO,2013-10-01
MRO,2013-11-01
MRO,2013-12-01
MRO,2014-01-01
MRO,2014-02-01
MRO,2014-03-01
MRO,2014-04-01
MRO,2014-05-01
MRO,2014-06-01
MRO,2014-07-01
MRO,2014-08-01
MRO,2014-09-01
MRO,2014-10-01
MRO,2014-11-01
MRO,2014-12-01
MRO,2015-01-01
MRO,2015-02-01
MRO,2015-03-01
MRO,2015-04-01
MRO,2015-05-01
MRO,2015-06-01
MRO,2015-07-01
MRO,2015-08-01
MRO,2015-09-01
MRO,2015-10-01
MRO,2015-11-01
MRO,2015-12-01
MRO,2016-01-01
MRO,2016-02-01
MRO,2016-03-01
MRO,2016-04-01
MRO,2016-05-01
MRO,2016-06-01
MRO,2016-07-01
MRO,2016-08-01
MRO,2016-09-01
MRO,2016-10-01
MRO,2016-11-01
MRO,2016-12-01
MRO,2017-01-01
MRO,2017-02-01
MRO,2017-03-01
MRO,2017-04-01
MRO,2017-05-01
MRO,2017-06-01
MRO,2017-07-01
MRO,2017-08-01
MRO,2017-09-01
MRO,2017-10-01
MRO,2017-11-01
MRO,2017-12-01
MRO,2018-01-01
MRO,2018-02-01
MRO,2018-03-01
MRO,2018-04-01
MRO,2018-05-01
MRO,2018-06-01
MRO,2018-07-01
MRO,2018-08-01
MRO,2018-09-01
MRO,2018-10-01
MRO,2018-11-01
MRO,2018-12-01
MRO,2019-01-01
MRO,2019-02-01
MRO,2019-03-01
MRO,2019-04-01
MRO,2019-05-01
MRO,2019-06-01
MRO,2019-07-01
MRO,2019-08-01
MRO,2019-09-01
MRO,2019-10-01
MRO,2019-11-01
MRO,2019-12-01
MRO,2020-01-01
MRO,2020-02-01
MRO,2020-03-01
MRO,2020-04-01
MRO,2020-05-01
MRO,2020-06-01
MRO,2020-07-01
MRO,2020-08-01
MRO,2020-09-01
MRO,2020-10-01
MRO,2020-11-01
MRO,2020-12-01
MRO,2021-01-01
MRO,2021-02-01
MRO,2021-03-01
MRO,2021-04-01
MRO,2021-05-01
MRO,2021-06-01
MRO,2021-07-01
MRO,2021-08-01
MRO,2021-09-01
MRO,2021-10-01
MRO,2021-11-01
MRO,2021-12-01
MRO,2022-01-01
MRO,2022-02-01
MRO,2022-03-01
MRO,2022-04-01
MRO,2022-05-01
MRO,2022-06-01
MRO,2022-07-01
MRO,2022-08-01
MRO,2022-09-01
MRO,2022-10-01
MRO,2022-11-01
MRO,2022-12-01
MRO,2023-01-01
MRO,2023-02-01
MRO,2023-03-01
MRO,2023-04-01
MRO,2023-05-01
MRO,2023-06-01
MRO,2023-07-01
MRO,2023-08-01
MRO,2023-09-01
MRO,2023-10-01
MRO,2023-11-01
MRO,2023-12-01
MRO,2024-01-01
MRO,2024-02-01
MRO,2024-03-01
MRO,2024-04-01
MRO,2024-05-01
MRO,2024-06-01
MRO,2024-07-01
MRO,2024-08-01
MRO,2024-09-01
MRO,2024-10-01
MRO,2024-11-01
MST,1996-02-01
MST,1996-03-01
MST,1996-04-01
MST,1996-05-01
MST,1996-06-01
MST,1996-07-01
MST,1996-08-01
MST,1996-09-01
MST,1996-10-01
MST,1996-11-01
MST,1996-12-01
MST,1997-01-01
MST,1997-02-01
MST,1997-03-01
MST,1997-04-01
MST,1997-05-01
MST,1997-06-01
MST,1997-07-01
MST,1997-08-01
MST,1997-09-01
MST,1997-10-01
MST,1997-11-01
MST,1997-12-01
MST,1998-01-01
MST,1998-02-01
MST,1998-03-01
MST,1998-04-01
MST,1998-05-01
MST,1998-06-01
MST,1998-07-01
MST,1998-08-01
MTL,1998-03-01
MTL,1998-04-01
MTL,1998-05-01
MTL,1998-06-01
MTL,1998-07-01
MTL,1998-08-01
MTL,1998-09-01
MTL,1998-10-01
MTL,1998-11-01
MTL,1998-12-01
MTL,1999-01-01
MTL,1999-02-01
MTL,1999-03-01
MTL,1999-04-01
MTL,1999-05-01
MTL,1999-06-01
MTL,1999-07-01
MTL,1999-08-01
MTL,1999-09-01
MTLQQ,1996-02-01
MTLQQ,1996-03-01
MTLQQ,1996-04-01
MTLQQ,1996-05-01
MTLQQ,1996-06-01
MTLQQ,1996-07-01
MTLQQ,1996-08-01
MTLQQ,1996-09-01
MTLQQ,1996-10-01
MTLQQ,1996-11-01
MTLQQ,1996-12-01
MTLQQ,1997-01-01
MTLQQ,1997-02-01
MTLQQ,1997-03-01
MTLQQ,1997-04-01
MTLQQ,1997-05-01
MTLQQ,1997-06-01
MTLQQ,1997-07-01
MTLQQ,1997-08-01
MTLQQ,1997-09-01
MTLQQ,1997-10-01
MTLQQ,1997-11-01
MTLQQ,1997-12-01
MTLQQ,1998-01-01
MTLQQ,1998-02-01
MTLQQ,1998-03-01
MTLQQ,1998-04-01
MTLQQ,1998-05-01
MTLQQ,1998-06-01
MTLQQ,1998-07-01
MTLQQ,1998-08-01
MTLQQ,1998-09-01
MTLQQ,1998-10-01
MTLQQ,1998-11-01
MTLQQ,1998-12-01
MTLQQ,1999-01-01
MTLQQ,1999-02-01
MTLQQ,1999-03-01
MTLQQ,1999-04-01
MTLQQ,1999-05-01
MTLQQ,1999-06-01
MTLQQ,1999-07-01
MTLQQ,1999-08-01
MTLQQ,1999-09-01
MTLQQ,1999-10-01
MTLQQ,1999-11-01
MTLQQ,1999-12-01
MTLQQ,2000-01-01
MTLQQ,2000-02-01
MTLQQ,2000-03-01
MTLQQ,2000-04-01
MTLQQ,2000-05-01
MTLQQ,2000-06-01
MTLQQ,2000-07-01
MTLQQ,2000-08-01
MTLQQ,2000-09-01
MTLQQ,2000-10-01
MTLQQ,2000-11-01
MTLQQ,2000-12-01
MTLQQ,2001-01-01
MTLQQ,2001-02-01
MTLQQ,2001-03-01
MTLQQ,2001-04-01
MTLQQ,2001-05-01
MTLQQ,2001-06-01
MTLQQ,2001-07-01
MTLQQ,2001-08-01
MTLQQ,2001-09-01
MTLQQ,2001-10-01
MTLQQ,2001-11-01
MTLQQ,2001-12-01
MTLQQ,2002-01-01
MTLQQ,2002-02-01
MTLQQ,2002-03-01
MTLQQ,2002-04-01
MTLQQ,2002-05-01
MTLQQ,2002-06-01
MTLQQ,2002-07-01
MTLQQ,2002-08-01
MTLQQ,2002-09-01
MTLQQ,2002-10-01
MTLQQ,2002-11-01
MTLQQ,2002-12-01
MTLQQ,2003-01-01
MTLQQ,2003-02-01
MTLQQ,2003-03-01
MTLQQ,2003-04-01
MTLQQ,2003-05-01
MTLQQ,2003-06-01
MTLQQ,2003-07-01
MTLQQ,2003-08-01
MTLQQ,2003-09-01
MTLQQ,2003-10-01
MTLQQ,2003-11-01
MTLQQ,2003-12-01
MTLQQ,2004-01-01
MTLQQ,2004-02-01
MTLQQ,2004-03-01
MTLQQ,2004-04-01
MTLQQ,2004-05-01
MTLQQ,2004-06-01
MTLQQ,2004-07-01
MTLQQ,2004-08-01
MTLQQ,2004-09-01
MTLQQ,2004-10-01
MTLQQ,2004-11-01
MTLQQ,2004-12-01
MTLQQ,2005-01-01
MTLQQ,2005-02-01
MTLQQ,2005-03-01
MTLQQ,2005-04-01
MTLQQ,2005-05-01
MTLQQ,2005-06-01
MTLQQ,2005-07-01
MTLQQ,2005-08-01
MTLQQ,2005-09-01
MTLQQ,2005-10-01
MTLQQ,2005-11-01
MTLQQ,2005-12-01
MTLQQ,2006-01-01
MTLQQ,2006-02-01
MTLQQ,2006-03-01
MTLQQ,2006-04-01
MTLQQ,2006-05-01
MTLQQ,2006-06-01
MTLQQ,2006-07-01
MTLQQ,2006-08-01
MTLQQ,2006-09-01
MTLQQ,2006-10-01
MTLQQ,2006-11-01
MTLQQ,2006-12-01
MTLQQ,2007-01-01
MTLQQ,2007-02-01
MTLQQ,2007-03-01
MTLQQ,2007-04-01
MTLQQ,2007-05-01
MTLQQ,2007-06-01
MTLQQ,2007-07-01
MTLQQ,2007-08-01
MTLQQ,2007-09-01
MTLQQ,2007-10-01
MTLQQ,2007-11-01
MTLQQ,2007-12-01
MTLQQ,2008-01-01
MTLQQ,2008-02-01
MTLQQ,2008-03-01
MTLQQ,2008-04-01
MTLQQ,2008-05-01
MTLQQ,2008-06-01
MTLQQ,2008-07-01
MTLQQ,2008-08-01
MTLQQ,2008-09-01
MTLQQ,2008-10-01
MTLQQ,2008-11-01
MTLQQ,2008-12-01
MTLQQ,2009-01-01
MTLQQ,2009-02-01
MTLQQ,2009-03-01
MTLQQ,2009-04-01
MTLQQ,2009-05-01
MTLQQ,2009-06-01
MWI,1996-02-01
MWI,1996-03-01
MWI,1996-04-01
MWI,1996-05-01
MWI,1996-06-01
MWI,1996-07-01
MWI,1996-08-01
MWI,1996-09-01
MWI,1996-10-01
MWI,1996-11-01
MWI,1996-12-01
MWI,1997-01-01
MWI,1997-02-01
MWI,1997-03-01
MWI,1997-04-01
MWI,1997-05-01
MWI,1997-06-01
MWI,1997-07-01
MWI,1997-08-01
MWI,1997-09-01
MWI,1997-10-01
MWI,1997-11-01
MWI,1997-12-01
MWI,1998-01-01
MWI,1998-02-01
MWI,1998-03-01
MWI,1998-04-01
MWI,1998-05-01
MWI,1998-06-01
MWI,1998-07-01
MWI,1998-08-01
MWI,1998-09-01
MWI,1998-10-01
MWI,1998-11-01
MWI,1998-12-01
MWI,1999-01-01
MWI,1999-02-01
MWI,1999-03-01
MWI,1999-04-01
MWI,1999-05-01
MWV,1996-02-01
MWV,1996-03-01
MWV,1996-04-01
MWV,1996-05-01
MWV,1996-06-01
MWV,1996-07-01
MWV,1996-08-01
MWV,1996-09-01
MWV,1996-10-01
MWV,1996-11-01
MWV,1996-12-01
MWV,1997-01-01
MWV,1997-02-01
MWV,1997-03-01
MWV,1997-04-01
MWV,1997-05-01
MWV,1997-06-01
MWV,1997-07-01
MWV,1997-08-01
MWV,1997-09-01
MWV,1997-10-01
MWV,1997-11-01
MWV,1997-12-01
MWV,1998-01-01
MWV,1998-02-01
MWV,1998-03-01
MWV,1998-04-01
MWV,1998-05-01
MWV,1998-06-01
MWV,1998-07-01
MWV,1998-08-01
MWV,1998-09-01
MWV,1998-10-01
MWV,1998-11-01
MWV,1998-12-01
MWV,1999-01-01
MWV,1999-02-01
MWV,1999-03-01
MWV,1999-04-01
MWV,1999-05-01
MWV,1999-06-01
MWV,1999-07-01
MWV,1999-08-01
MWV,1999-09-01
MWV,1999-10-01
MWV,1999-11-01
MWV,1999-12-01
MWV,2000-01-01
MWV,2000-02-01
MWV,2000-03-01
MWV,2000-04-01
MWV,2000-05-01
MWV,2000-06-01
MWV,2000-07-01
MWV,2000-08-01
MWV,2000-09-01
MWV,2000-10-01
MWV,2000-11-01
MWV,2000-12-01
MWV,2001-01-01
MWV,2001-02-01
MWV,2001-03-01
MWV,2001-04-01
MWV,2001-05-01
MWV,2001-06-01
MWV,2001-07-01
MWV,2001-08-01
MWV,2001-09-01
MWV,2001-10-01
MWV,2001-11-01
MWV,2001-12-01
MWV,2002-01-01
MWV,2002-02-01
MWV,2002-03-01
MWV,2002-04-01
MWV,2002-05-01
MWV,2002-06-01
MWV,2002-07-01
MWV,2002-08-01
MWV,2002-09-01
MWV,2002-10-01
MWV,2002-11-01
MWV,2002-12-01
MWV,2003-01-01
MWV,2003-02-01
MWV,2003-03-01
MWV,2003-04-01
MWV,2003-05-01
MWV,2003-06-01
MWV,2003-07-01
MWV,2003-08-01
MWV,2003-09-01
MWV,2003-10-01
MWV,2003-11-01
MWV,2003-12-01
MWV,2004-01-01
MWV,2004-02-01
MWV,2004-03-01
MWV,2004-04-01
MWV,2004-05-01
MWV,2004-06-01
MWV,2004-07-01
MWV,2004-08-01
MWV,2004-09-01
MWV,2004-10-01
MWV,2004-11-01
MWV,2004-12-01
MWV,2005-01-01
MWV,2005-02-01
MWV,2005-03-01
MWV,2005-04-01
MWV,2005-05-01
MWV,2005-06-01
MWV,2005-07-01
MWV,2005-08-01
MWV,2005-09-01
MWV,2005-10-01
MWV,2005-11-01
MWV,2005-12-01
MWV,2006-01-01
MWV,2006-02-01
MWV,2006-03-01
MWV,2006-04-01
MWV,2006-05-01
MWV,2006-06-01
MWV,2006-07-01
MWV,2006-08-01
MWV,2006-09-01
MWV,2006-10-01
MWV,2006-11-01
MWV,2006-12-01
MWV,2007-01-01
MWV,2007-02-01
MWV,2007-03-01
MWV,2007-04-01
MWV,2007-05-01
MWV,2007-06-01
MWV,2007-07-01
MWV,2007-08-01
MWV,2007-09-01
MWV,2007-10-01
MWV,2007-11-01
MWV,2007-12-01
MWV,2008-01-01
MWV,2008-02-01
MWV,2008-03-01
MWV,2008-04-01
MWV,2008-05-01
MWV,2008-06-01
MWV,2008-07-01
MWV,2008-08-01
MWV,2008-09-01
MWV,2008-10-01
MWV,2008-11-01
MWV,2008-12-01
MWV,2009-01-01
MWV,2009-02-01
MWV,2009-03-01
MWV,2009-04-01
MWV,2009-05-01
MWV,2009-06-01
MWV,2009-07-01
MWV,2009-08-01
MWV,2009-09-01
MWV,2009-10-01
MWV,2009-11-01
MWV,2009-12-01
MWV,2010-01-01
MWV,2010-02-01
MWV,2010-03-01
MWV,2010-04-01
MWV,2010-05-01
MWV,2010-06-01
MWV,2010-07-01
MWV,2010-08-01
MWV,2010-09-01
MWV,2010-10-01
MWV,2010-11-01
MWV,2010-12-01
MWV,2011-01-01
MWV,2011-02-01
MWV,2011-03-01
MWV,2011-04-01
MWV,2011-05-01
MWV,2011-06-01
MWV,2011-07-01
MWV,2011-08-01
MWV,2011-09-01
MWV,2011-10-01
MWV,2011-11-01
MWV,2011-12-01
MWV,2012-01-01
MWV,2012-02-01
MWV,2012-03-01
MWV,2012-04-01
MWV,2012-05-01
MWV,2012-06-01
MWV,2012-07-01
MWV,2012-08-01
MWV,2012-09-01
MWV,2012-10-01
MWV,2012-11-01
MWV,2012-12-01
MWV,2013-01-01
MWV,2013-02-01
MWV,2013-03-01
MWV,2013-04-01
MWV,2013-05-01
MWV,2013-06-01
MWV,2013-07-01
MWV,2013-08-01
MWV,2013-09-01
MWV,2013-10-01
MWV,2013-11-01
MWV,2013-12-01
MWV,2014-01-01
MWV,2014-02-01
MWV,2014-03-01
MWV,2014-04-01
MWV,2014-05-01
MWV,2014-06-01
MWV,2014-07-01
MWV,2014-08-01
MWV,2014-09-01
MWV,2014-10-01
MWV,2014-11-01
MWV,2014-12-01
MWV,2015-01-01
MWV,2015-02-01
MWV,2015-03-01
MWV,2015-04-01
MWV,2015-05-01
MWV,2015-06-01
MWV,2015-07-01
MWW,2001-07-01
MWW,2001-08-01
MWW,2001-09-01
MWW,2001-10-01
MWW,2001-11-01
MWW,2001-12-01
MWW,2002-01-01
MWW,2002-02-01
MWW,2002-03-01
MWW,2002-04-01
MWW,2002-05-01
MWW,2002-06-01
MWW,2002-07-01
MWW,2002-08-01
MWW,2002-09-01
MWW,2002-10-01
MWW,2002-11-01
MWW,2002-12-01
MWW,2003-01-01
MWW,2003-02-01
MWW,2003-03-01
MWW,2003-04-01
MWW,2003-05-01
MWW,2003-06-01
MWW,2003-07-01
MWW,2003-08-01
MWW,2003-09-01
MWW,2003-10-01
MWW,2003-11-01
MWW,2003-12-01
MWW,2004-01-01
MWW,2004-02-01
MWW,2004-03-01
MWW,2004-04-01
MWW,2004-05-01
MWW,2004-06-01
MWW,2004-07-01
MWW,2004-08-01
MWW,2004-09-01
MWW,2004-10-01
MWW,2004-11-01
MWW,2004-12-01
MWW,2005-01-01
MWW,2005-02-01
MWW,2005-03-01
MWW,2005-04-01
MWW,2005-05-01
MWW,2005-06-01
MWW,2005-07-01
MWW,2005-08-01
MWW,2005-09-01
MWW,2005-10-01
MWW,2005-11-01
MWW,2005-12-01
MWW,2006-01-01
MWW,2006-02-01
MWW,2006-03-01
MWW,2006-04-01
MWW,2006-05-01
MWW,2006-06-01
MWW,2006-07-01
MWW,2006-08-01
MWW,2006-09-01
MWW,2006-10-01
MWW,2006-11-01
MWW,2006-12-01
MWW,2007-01-01
MWW,2007-02-01
MWW,2007-03-01
MWW,2007-04-01
MWW,2007-05-01
MWW,2007-06-01
MWW,2007-07-01
MWW,2007-08-01
MWW,2007-09-01
MWW,2007-10-01
MWW,2007-11-01
MWW,2007-12-01
MWW,2008-01-01
MWW,2008-02-01
MWW,2008-03-01
MWW,2008-04-01
MWW,2008-05-01
MWW,2008-06-01
MWW,2008-07-01
MWW,2008-08-01
MWW,2008-09-01
MWW,2008-10-01
MWW,2008-11-01
MWW,2008-12-01
MWW,2009-01-01
MWW,2009-02-01
MWW,2009-03-01
MWW,2009-04-01
MWW,2009-05-01
MWW,2009-06-01
MWW,2009-07-01
MWW,2009-08-01
MWW,2009-09-01
MWW,2009-10-01
MWW,2009-11-01
MWW,2009-12-01
MWW,2010-01-01
MWW,2010-02-01
MWW,2010-03-01
MWW,2010-04-01
MWW,2010-05-01
MWW,2010-06-01
MWW,2010-07-01
MWW,2010-08-01
MWW,2010-09-01
MWW,2010-10-01
MWW,2010-11-01
MWW,2010-12-01
MWW,2011-01-01
MWW,2011-02-01
MWW,2011-03-01
MWW,2011-04-01
MWW,2011-05-01
MWW,2011-06-01
MWW,2011-07-01
MWW,2011-08-01
MWW,2011-09-01
MWW,2011-10-01
MWW,2011-11-01
MWW,2011-12-01
MXIM,2000-06-01
MXIM,2000-07-01
MXIM,2000-08-01
MXIM,2000-09-01
MXIM,2000-10-01
MXIM,2000-11-01
MXIM,2000-12-01
MXIM,2001-01-01
MXIM,2001-02-01
MXIM,2001-03-01
MXIM,2001-04-01
MXIM,2001-05-01
MXIM,2001-06-01
MXIM,2001-07-01
MXIM,2001-08-01
MXIM,2001-09-01
MXIM,2001-10-01
MXIM,2001-11-01
MXIM,2001-12-01
MXIM,2002-01-01
MXIM,2002-02-01
MXIM,2002-03-01
MXIM,2002-04-01
MXIM,2002-05-01
MXIM,2002-06-01
MXIM,2002-07-01
MXIM,2002-08-01
MXIM,2002-09-01
MXIM,2002-10-01
MXIM,2002-11-01
MXIM,2002-12-01
MXIM,2003-01-01
MXIM,2003-02-01
MXIM,2003-03-01
MXIM,2003-04-01
MXIM,2003-05-01
MXIM,2003-06-01
MXIM,2003-07-01
MXIM,2003-08-01
MXIM,2003-09-01
MXIM,2003-10-01
MXIM,2003-11-01
MXIM,2003-12-01
MXIM,2004-01-01
MXIM,2004-02-01
MXIM,2004-03-01
MXIM,2004-04-01
MXIM,2004-05-01
MXIM,2004-06-01
MXIM,2004-07-01
MXIM,2004-08-01
MXIM,2004-09-01
MXIM,2004-10-01
MXIM,2004-11-01
MXIM,2004-12-01
MXIM,2005-01-01
MXIM,2005-02-01
MXIM,2005-03-01
MXIM,2005-04-01
MXIM,2005-05-01
MXIM,2005-06-01
MXIM,2005-07-01
MXIM,2005-08-01
MXIM,2005-09-01
MXIM,2005-10-01
MXIM,2005-11-01
MXIM,2005-12-01
MXIM,2006-01-01
MXIM,2006-02-01
MXIM,2006-03-01
MXIM,2006-04-01
MXIM,2006-05-01
MXIM,2006-06-01
MXIM,2006-07-01
MXIM,2006-08-01
MXIM,2006-09-01
MXIM,2006-10-01
MXIM,2006-11-01
MXIM,2006-12-01
MXIM,2007-01-01
MXIM,2007-02-01
MXIM,2007-03-01
MXIM,2007-04-01
MXIM,2007-05-01
MXIM,2007-06-01
MXIM,2007-07-01
MXIM,2007-08-01
MXIM,2007-09-01
MXIM,2019-01-01
MXIM,2019-02-01
MXIM,2019-03-01
MXIM,2019-04-01
MXIM,2019-05-01
MXIM,2019-06-01
MXIM,2019-07-01
MXIM,2019-08-01
MXIM,2019-09-01
MXIM,2019-10-01
MXIM,2019-11-01
MXIM,2019-12-01
MXIM,2020-01-01
MXIM,2020-02-01
MXIM,2020-03-01
MXIM,2020-04-01
MXIM,2020-05-01
MXIM,2020-06-01
MXIM,2020-07-01
MXIM,2020-08-01
MXIM,2020-09-01
MXIM,2020-10-01
MXIM,2020-11-01
MXIM,2020-12-01
MXIM,2021-01-01
MXIM,2021-02-01
MXIM,2021-03-01
MXIM,2021-04-01
MXIM,2021-05-01
MXIM,2021-06-01
MXIM,2021-07-01
MXIM,2021-08-01
MYG,1996-02-01
MYG,1996-03-01
MYG,1996-04-01
MYG,1996-05-01
MYG,1996-06-01
MYG,1996-07-01
MYG,1996-08-01
MYG,1996-09-01
MYG,1996-10-01
MYG,1996-11-01
MYG,1996-12-01
MYG,1997-01-01
MYG,1997-02-01
MYG,1997-03-01
MYG,1997-04-01
MYG,1997-05-01
MYG,1997-06-01
MYG,1997-07-01
MYG,1997-08-01
MYG,1997-09-01
MYG,1997-10-01
MYG,1997-11-01
MYG,1997-12-01
MYG,1998-01-01
MYG,1998-02-01
MYG,1998-03-01
MYG,1998-04-01
MYG,1998-05-01
MYG,1998-06-01
MYG,1998-07-01
MYG,1998-08-01
MYG,1998-09-01
MYG,1998-10-01
MYG,1998-11-01
MYG,1998-12-01
MYG,1999-01-01
MYG,1999-02-01
MYG,1999-03-01
MYG,1999-04-01
MYG,1999-05-01
MYG,1999-06-01
MYG,1999-07-01
MYG,1999-08-01
MYG,1999-09-01
MYG,1999-10-01
MYG,1999-11-01
MYG,1999-12-01
MYG,2000-01-01
MYG,2000-02-01
MYG,2000-03-01
MYG,2000-04-01
MYG,2000-05-01
MYG,2000-06-01
MYG,2000-07-01
MYG,2000-08-01
MYG,2000-09-01
MYG,2000-10-01
MYG,2000-11-01
MYG,2000-12-01
MYG,2001-01-01
MYG,2001-02-01
MYG,2001-03-01
MYG,2001-04-01
MYG,2001-05-01
MYG,2001-06-01
MYG,2001-07-01
MYG,2001-08-01
MYG,2001-09-01
MYG,2001-10-01
MYG,2001-11-01
MYG,2001-12-01
MYG,2002-01-01
MYG,2002-02-01
MYG,2002-03-01
MYG,2002-04-01
MYG,2002-05-01
MYG,2002-06-01
MYG,2002-07-01
MYG,2002-08-01
MYG,2002-09-01
MYG,2002-10-01
MYG,2002-11-01
MYG,2002-12-01
MYG,2003-01-01
MYG,2003-02-01
MYG,2003-03-01
MYG,2003-04-01
MYG,2003-05-01
MYG,2003-06-01
MYG,2003-07-01
MYG,2003-08-01
MYG,2003-09-01
MYG,2003-10-01
MYG,2003-11-01
MYG,2003-12-01
MYG,2004-01-01
MYG,2004-02-01
MYG,2004-03-01
MYG,2004-04-01
MYG,2004-05-01
MYG,2004-06-01
MYG,2004-07-01
MYG,2004-08-01
MYG,2004-09-01
MYG,2004-10-01
MYG,2004-11-01
MYG,2004-12-01
MYG,2005-01-01
MYG,2005-02-01
MYG,2005-03-01
MYG,2005-04-01
MYG,2005-05-01
MYG,2005-06-01
MYG,2005-07-01
MYG,2005-08-01
MYG,2005-09-01
MYG,2005-10-01
MYG,2005-11-01
MYG,2005-12-01
MYG,2006-01-01
MYG,2006-02-01
MYG,2006-03-01
MYG,2006-04-01
MYL,2004-05-01
MYL,2004-06-01
MYL,2004-07-01
MYL,2004-08-01
MYL,2004-09-01
MYL,2004-10-01
MYL,2004-11-01
MYL,2004-12-01
MYL,2005-01-01
MYL,2005-02-01
MYL,2005-03-01
MYL,2005-04-01
MYL,2005-05-01
MYL,2005-06-01
MYL,2005-07-01
MYL,2005-08-01
MYL,2005-09-01
MYL,2005-10-01
MYL,2005-11-01
MYL,2005-12-01
MYL,2006-01-01
MYL,2006-02-01
MYL,2006-03-01
MYL,2006-04-01
MYL,2006-05-01
MYL,2006-06-01
MYL,2006-07-01
MYL,2006-08-01
MYL,2006-09-01
MYL,2006-10-01
MYL,2006-11-01
MYL,2006-12-01
MYL,2007-01-01
MYL,2007-02-01
MYL,2007-03-01
MYL,2007-04-01
MYL,2007-05-01
MYL,2007-06-01
MYL,2007-07-01
MYL,2007-08-01
MYL,2007-09-01
MYL,2007-10-01
MYL,2007-11-01
MYL,2007-12-01
MYL,2008-01-01
MYL,2008-02-01
MYL,2008-03-01
MYL,2008-04-01
MYL,2008-05-01
MYL,2008-06-01
MYL,2008-07-01
MYL,2008-08-01
MYL,2008-09-01
MYL,2008-10-01
MYL,2008-11-01
MYL,2008-12-01
MYL,2009-01-01
MYL,2009-02-01
MYL,2009-03-01
MYL,2009-04-01
MYL,2009-05-01
MYL,2009-06-01
MYL,2009-07-01
MYL,2009-08-01
MYL,2009-09-01
MYL,2009-10-01
MYL,2009-11-01
MYL,2009-12-01
MYL,2010-01-01
MYL,2010-02-01
MYL,2010-03-01
MYL,2010-04-01
MYL,2010-05-01
MYL,2010-06-01
MYL,2010-07-01
MYL,2010-08-01
MYL,2010-09-01
MYL,2010-10-01
MYL,2010-11-01
MYL,2010-12-01
MYL,2011-01-01
MYL,2011-02-01
MYL,2011-03-01
MYL,2011-04-01
MYL,2011-05-01
MYL,2011-06-01
MYL,2011-07-01
MYL,2011-08-01
MYL,2011-09-01
MYL,2011-10-01
MYL,2011-11-01
MYL,2011-12-01
MYL,2012-01-01
MYL,2012-02-01
MYL,2012-03-01
MYL,2012-04-01
MYL,2012-05-01
MYL,2012-06-01
MYL,2012-07-01
MYL,2012-08-01
MYL,2012-09-01
MYL,2012-10-01
MYL,2012-11-01
MYL,2012-12-01
MYL,2013-01-01
MYL,2013-02-01
MYL,2013-03-01
MYL,2013-04-01
MYL,2013-05-01
MYL,2013-06-01
MYL,2013-07-01
MYL,2013-08-01
MYL,2013-09-01
MYL,2013-10-01
MYL,2013-11-01
MYL,2013-12-01
MYL,2014-01-01
MYL,2014-02-01
MYL,2014-03-01
MYL,2014-04-01
MYL,2014-05-01
MYL,2014-06-01
MYL,2014-07-01
MYL,2014-08-01
MYL,2014-09-01
MYL,2014-10-01
MYL,2014-11-01
MYL,2014-12-01
MYL,2015-01-01
MYL,2015-02-01
MYL,2015-03-01
MYL,2015-04-01
MYL,2015-05-01
MYL,2015-06-01
MYL,2015-07-01
MYL,2015-08-01
MYL,2015-09-01
MYL,2015-10-01
MYL,2015-11-01
MYL,2015-12-01
MYL,2016-01-01
MYL,2016-02-01
MYL,2016-03-01
MYL,2016-04-01
MYL,2016-05-01
MYL,2016-06-01
MYL,2016-07-01
MYL,2016-08-01
MYL,2016-09-01
MYL,2016-10-01
MYL,2016-11-01
MYL,2016-12-01
MYL,2017-01-01
MYL,2017-02-01
MYL,2017-03-01
MYL,2017-04-01
MYL,2017-05-01
MYL,2017-06-01
MYL,2017-07-01
MYL,2017-08-01
MYL,2017-09-01
MYL,2017-10-01
MYL,2017-11-01
MYL,2017-12-01
MYL,2018-01-01
MYL,2018-02-01
MYL,2018-03-01
MYL,2018-04-01
MYL,2018-05-01
MYL,2018-06-01
MYL,2018-07-01
MYL,2018-08-01
MYL,2018-09-01
MYL,2018-10-01
MYL,2018-11-01
MYL,2018-12-01
MYL,2019-01-01
MYL,2019-02-01
MYL,2019-03-01
MYL,2019-04-01
MYL,2019-05-01
MYL,2019-06-01
MYL,2019-07-01
MYL,2019-08-01
MYL,2019-09-01
MYL,2019-10-01
MYL,2019-11-01
MYL,2019-12-01
MYL,2020-01-01
MYL,2020-02-01
MYL,2020-03-01
MYL,2020-04-01
MYL,2020-05-01
MYL,2020-06-01
MYL,2020-07-01
MYL,2020-08-01
MYL,2020-09-01
MYL,2020-10-01
MYL,2020-11-01
MZIAQ,1996-02-01
MZIAQ,1996-03-01
MZIAQ,1996-04-01
MZIAQ,1996-05-01
MZIAQ,1996-06-01
MZIAQ,1996-07-01
MZIAQ,1996-08-01
MZIAQ,1996-09-01
MZIAQ,1996-10-01
MZIAQ,1996-11-01
MZIAQ,1996-12-01
MZIAQ,1997-01-01
MZIAQ,1997-02-01
MZIAQ,1997-03-01
MZIAQ,1997-04-01
MZIAQ,1997-05-01
MZIAQ,1997-06-01
MZIAQ,1997-07-01
MZIAQ,1997-08-01
MZIAQ,1997-09-01
MZIAQ,1997-10-01
MZIAQ,1997-11-01
MZIAQ,1997-12-01
MZIAQ,1998-01-01
MZIAQ,1998-02-01
MZIAQ,1998-03-01
MZIAQ,1998-04-01
MZIAQ,1998-05-01
MZIAQ,1998-06-01
MZIAQ,1998-07-01
MZIAQ,1998-08-01
MZIAQ,1998-09-01
MZIAQ,1998-10-01
MZIAQ,1998-11-01
MZIAQ,1998-12-01
MZIAQ,1999-01-01
MZIAQ,1999-02-01
MZIAQ,1999-03-01
MZIAQ,1999-04-01
MZIAQ,1999-05-01
MZIAQ,1999-06-01
MZIAQ,1999-07-01
MZIAQ,1999-08-01
MZIAQ,1999-09-01
MZIAQ,1999-10-01
MZIAQ,1999-11-01
MZIAQ,1999-12-01
MZIAQ,2000-01-01
MZIAQ,2000-02-01
MZIAQ,2000-03-01
MZIAQ,2000-04-01
MZIAQ,2000-05-01
MZIAQ,2000-06-01
NAE,1996-02-01
NAE,1996-03-01
NAE,1996-04-01
NAE,1996-05-01
NAE,1996-06-01
NAE,1996-07-01
NAE,1996-08-01
NAE,1996-09-01
NAE,1996-10-01
NAE,1996-11-01
NAE,1996-12-01
NAE,1997-01-01
NAE,1997-02-01
NAE,1997-03-01
NAE,1997-04-01
NAE,1997-05-01
NAE,1997-06-01
NAE,1997-07-01
NAE,1997-08-01
NAV,1996-02-01
NAV,1996-03-01
NAV,1996-04-01
NAV,1996-05-01
NAV,1996-06-01
NAV,1996-07-01
NAV,1996-08-01
NAV,1996-09-01
NAV,1996-10-01
NAV,1996-11-01
NAV,1996-12-01
NAV,1997-01-01
NAV,1997-02-01
NAV,1997-03-01
NAV,1997-04-01
NAV,1997-05-01
NAV,1997-06-01
NAV,1997-07-01
NAV,1997-08-01
NAV,1997-09-01
NAV,1997-10-01
NAV,1997-11-01
NAV,1997-12-01
NAV,1998-01-01
NAV,1998-02-01
NAV,1998-03-01
NAV,1998-04-01
NAV,1998-05-01
NAV,1998-06-01
NAV,1998-07-01
NAV,1998-08-01
NAV,1998-09-01
NAV,1998-10-01
NAV,1998-11-01
NAV,1998-12-01
NAV,1999-01-01
NAV,1999-02-01
NAV,1999-03-01
NAV,1999-04-01
NAV,1999-05-01
NAV,1999-06-01
NAV,1999-07-01
NAV,1999-08-01
NAV,1999-09-01
NAV,1999-10-01
NAV,1999-11-01
NAV,1999-12-01
NAV,2000-01-01
NAV,2000-02-01
NAV,2000-03-01
NAV,2000-04-01
NAV,2000-05-01
NAV,2000-06-01
NAV,2000-07-01
NAV,2000-08-01
NAV,2000-09-01
NAV,2000-10-01
NAV,2000-11-01
NAV,2000-12-01
NAV,2001-01-01
NAV,2001-02-01
NAV,2001-03-01
NAV,2001-04-01
NAV,2001-05-01
NAV,2001-06-01
NAV,2001-07-01
NAV,2001-08-01
NAV,2001-09-01
NAV,2001-10-01
NAV,2001-11-01
NAV,2001-12-01
NAV,2002-01-01
NAV,2002-02-01
NAV,2002-03-01
NAV,2002-04-01
NAV,2002-05-01
NAV,2002-06-01
NAV,2002-07-01
NAV,2002-08-01
NAV,2002-09-01
NAV,2002-10-01
NAV,2002-11-01
NAV,2002-12-01
NAV,2003-01-01
NAV,2003-02-01
NAV,2003-03-01
NAV,2003-04-01
NAV,2003-05-01
NAV,2003-06-01
NAV,2003-07-01
NAV,2003-08-01
NAV,2003-09-01
NAV,2003-10-01
NAV,2003-11-01
NAV,2003-12-01
NAV,2004-01-01
NAV,2004-02-01
NAV,2004-03-01
NAV,2004-04-01
NAV,2004-05-01
NAV,2004-06-01
NAV,2004-07-01
NAV,2004-08-01
NAV,2004-09-01
NAV,2004-10-01
NAV,2004-11-01
NAV,2004-12-01
NAV,2005-01-01
NAV,2005-02-01
NAV,2005-03-01
NAV,2005-04-01
NAV,2005-05-01
NAV,2005-06-01
NAV,2005-07-01
NAV,2005-08-01
NAV,2005-09-01
NAV,2005-10-01
NAV,2005-11-01
NAV,2005-12-01
NAV,2006-01-01
NAV,2006-02-01
NAV,2006-03-01
NAV,2006-04-01
NAV,2006-05-01
NAV,2006-06-01
NAV,2006-07-01
NAV,2006-08-01
NAV,2006-09-01
NAV,2006-10-01
NAV,2006-11-01
NAV,2006-12-01
NBL,2007-11-01
NBL,2007-12-01
NBL,2008-01-01
NBL,2008-02-01
NBL,2008-03-01
NBL,2008-04-01
NBL,2008-05-01
NBL,2008-06-01
NBL,2008-07-01
NBL,2008-08-01
NBL,2008-09-01
NBL,2008-10-01
NBL,2008-11-01
NBL,2008-12-01
NBL,2009-01-01
NBL,2009-02-01
NBL,2009-03-01
NBL,2009-04-01
NBL,2009-05-01
NBL,2009-06-01
NBL,2009-07-01
NBL,2009-08-01
NBL,2009-09-01
NBL,2009-10-01
NBL,2009-11-01
NBL,2009-12-01
NBL,2010-01-01
NBL,2010-02-01
NBL,2010-03-01
NBL,2010-04-01
NBL,2010-05-01
NBL,2010-06-01
NBL,2010-07-01
NBL,2010-08-01
NBL,2010-09-01
NBL,2010-10-01
NBL,2010-11-01
NBL,2010-12-01
NBL,2011-01-01
NBL,2011-02-01
NBL,2011-03-01
NBL,2011-04-01
NBL,2011-05-01
NBL,2011-06-01
NBL,2011-07-01
NBL,2011-08-01
NBL,2011-09-01
NBL,2011-10-01
NBL,2011-11-01
NBL,2011-12-01
NBL,2012-01-01
NBL,2012-02-01
NBL,2012-03-01
NBL,2012-04-01
NBL,2012-05-01
NBL,2012-06-01
NBL,2012-07-01
NBL,2012-08-01
NBL,2012-09-01
NBL,2012-10-01
NBL,2012-11-01
NBL,2012-12-01
NBL,2013-01-01
NBL,2013-02-01
NBL,2013-03-01
NBL,2013-04-01
NBL,2013-05-01
NBL,2013-06-01
NBL,2013-07-01
NBL,2013-08-01
NBL,2013-09-01
NBL,2013-10-01
NBL,2013-11-01
NBL,2013-12-01
NBL,2014-01-01
NBL,2014-02-01
NBL,2014-03-01
NBL,2014-04-01
NBL,2014-05-01
NBL,2014-06-01
NBL,2014-07-01
NBL,2014-08-01
NBL,2014-09-01
NBL,2014-10-01
NBL,2014-11-01
NBL,2014-12-01
NBL,2015-01-01
NBL,2015-02-01
NBL,2015-03-01
NBL,2015-04-01
NBL,2015-05-01
NBL,2015-06-01
NBL,2015-07-01
NBL,2015-08-01
NBL,2015-09-01
NBL,2015-10-01
NBL,2015-11-01
NBL,2015-12-01
NBL,2016-01-01
NBL,2016-02-01
NBL,2016-03-01
NBL,2016-04-01
NBL,2016-05-01
NBL,2016-06-01
NBL,2016-07-01
NBL,2016-08-01
NBL,2016-09-01
NBL,2016-10-01
NBL,2016-11-01
NBL,2016-12-01
NBL,2017-01-01
NBL,2017-02-01
NBL,2017-03-01
NBL,2017-04-01
NBL,2017-05-01
NBL,2017-06-01
NBL,2017-07-01
NBL,2017-08-01
NBL,2017-09-01
NBL,2017-10-01
NBL,2017-11-01
NBL,2017-12-01
NBL,2018-01-01
NBL,2018-02-01
NBL,2018-03-01
NBL,2018-04-01
NBL,2018-05-01
NBL,2018-06-01
NBL,2018-07-01
NBL,2018-08-01
NBL,2018-09-01
NBL,2018-10-01
NBL,2018-11-01
NBL,2018-12-01
NBL,2019-01-01
NBL,2019-02-01
NBL,2019-03-01
NBL,2019-04-01
NBL,2019-05-01
NBL,2019-06-01
NBL,2019-07-01
NBL,2019-08-01
NBL,2019-09-01
NBL,2019-10-01
NBL,2019-11-01
NBL,2019-12-01
NBL,2020-01-01
NBL,2020-02-01
NBL,2020-03-01
NBL,2020-04-01
NBL,2020-05-01
NBL,2020-06-01
NBL,2020-07-01
NBL,2020-08-01
NBL,2020-09-01
NBL,2020-10-01
NCC,1996-02-01
NCC,1996-03-01
NCC,1996-04-01
NCC,1996-05-01
NCC,1996-06-01
NCC,1996-07-01
NCC,1996-08-01
NCC,1996-09-01
NCC,1996-10-01
NCC,1996-11-01
NCC,1996-12-01
NCC,1997-01-01
NCC,1997-02-01
NCC,1997-03-01
NCC,1997-04-01
NCC,1997-05-01
NCC,1997-06-01
NCC,1997-07-01
NCC,1997-08-01
NCC,1997-09-01
NCC,1997-10-01
NCC,1997-11-01
NCC,1997-12-01
NCC,1998-01-01
NCC,1998-02-01
NCC,1998-03-01
NCC,1998-04-01
NCC,1998-05-01
NCC,1998-06-01
NCC,1998-07-01
NCC,1998-08-01
NCC,1998-09-01
NCC,1998-10-01
NCC,1998-11-01
NCC,1998-12-01
NCC,1999-01-01
NCC,1999-02-01
NCC,1999-03-01
NCC,1999-04-01
NCC,1999-05-01
NCC,1999-06-01
NCC,1999-07-01
NCC,1999-08-01
NCC,1999-09-01
NCC,1999-10-01
NCC,1999-11-01
NCC,1999-12-01
NCC,2000-01-01
NCC,2000-02-01
NCC,2000-03-01
NCC,2000-04-01
NCC,2000-05-01
NCC,2000-06-01
NCC,2000-07-01
NCC,2000-08-01
NCC,2000-09-01
NCC,2000-10-01
NCC,2000-11-01
NCC,2000-12-01
NCC,2001-01-01
NCC,2001-02-01
NCC,2001-03-01
NCC,2001-04-01
NCC,2001-05-01
NCC,2001-06-01
NCC,2001-07-01
NCC,2001-08-01
NCC,2001-09-01
NCC,2001-10-01
NCC,2001-11-01
NCC,2001-12-01
NCC,2002-01-01
NCC,2002-02-01
NCC,2002-03-01
NCC,2002-04-01
NCC,2002-05-01
NCC,2002-06-01
NCC,2002-07-01
NCC,2002-08-01
NCC,2002-09-01
NCC,2002-10-01
NCC,2002-11-01
NCC,2002-12-01
NCC,2003-01-01
NCC,2003-02-01
NCC,2003-03-01
NCC,2003-04-01
NCC,2003-05-01
NCC,2003-06-01
NCC,2003-07-01
NCC,2003-08-01
NCC,2003-09-01
NCC,2003-10-01
NCC,2003-11-01
NCC,2003-12-01
NCC,2004-01-01
NCC,2004-02-01
NCC,2004-03-01
NCC,2004-04-01
NCC,2004-05-01
NCC,2004-06-01
NCC,2004-07-01
NCC,2004-08-01
NCC,2004-09-01
NCC,2004-10-01
NCC,2004-11-01
NCC,2004-12-01
NCC,2005-01-01
NCC,2005-02-01
NCC,2005-03-01
NCC,2005-04-01
NCC,2005-05-01
NCC,2005-06-01
NCC,2005-07-01
NCC,2005-08-01
NCC,2005-09-01
NCC,2005-10-01
NCC,2005-11-01
NCC,2005-12-01
NCC,2006-01-01
NCC,2006-02-01
NCC,2006-03-01
NCC,2006-04-01
NCC,2006-05-01
NCC,2006-06-01
NCC,2006-07-01
NCC,2006-08-01
NCC,2006-09-01
NCC,2006-10-01
NCC,2006-11-01
NCC,2006-12-01
NCC,2007-01-01
NCC,2007-02-01
NCC,2007-03-01
NCC,2007-04-01
NCC,2007-05-01
NCC,2007-06-01
NCC,2007-07-01
NCC,2007-08-01
NCC,2007-09-01
NCC,2007-10-01
NCC,2007-11-01
NCC,2007-12-01
NCC,2008-01-01
NCC,2008-02-01
NCC,2008-03-01
NCC,2008-04-01
NCC,2008-05-01
NCC,2008-06-01
NCC,2008-07-01
NCC,2008-08-01
NCC,2008-09-01
NCC,2008-10-01
NCC,2008-11-01
NCC,2008-12-01
NCC,2009-01-01
NCE,1998-12-01
NCE,1999-01-01
NCE,1999-02-01
NCE,1999-03-01
NCE,1999-04-01
NCE,1999-05-01
NCE,1999-06-01
NCE,1999-07-01
NCE,1999-08-01
NCE,1999-09-01
NCE,1999-10-01
NCE,1999-11-01
NCE,1999-12-01
NCE,2000-01-01
NCE,2000-02-01
NCE,2000-03-01
NCE,2000-04-01
NCE,2000-05-01
NCE,2000-06-01
NCE,2000-07-01
NCE,2000-08-01
NCR,2000-02-01
NCR,2000-03-01
NCR,2000-04-01
NCR,2000-05-01
NCR,2000-06-01
NCR,2000-07-01
NCR,2000-08-01
NCR,2000-09-01
NCR,2000-10-01
NCR,2000-11-01
NCR,2000-12-01
NCR,2001-01-01
NCR,2001-02-01
NCR,2001-03-01
NCR,2001-04-01
NCR,2001-05-01
NCR,2001-06-01
NCR,2001-07-01
NCR,2001-08-01
NCR,2001-09-01
NCR,2001-10-01
NCR,2001-11-01
NCR,2001-12-01
NCR,2002-01-01
NCR,2002-02-01
NCR,2002-03-01
NCR,2002-04-01
NCR,2002-05-01
NCR,2002-06-01
NCR,2002-07-01
NCR,2002-08-01
NCR,2002-09-01
NCR,2002-10-01
NCR,2002-11-01
NCR,2002-12-01
NCR,2003-01-01
NCR,2003-02-01
NCR,2003-03-01
NCR,2003-04-01
NCR,2003-05-01
NCR,2003-06-01
NCR,2003-07-01
NCR,2003-08-01
NCR,2003-09-01
NCR,2003-10-01
NCR,2003-11-01
NCR,2003-12-01
NCR,2004-01-01
NCR,2004-02-01
NCR,2004-03-01
NCR,2004-04-01
NCR,2004-05-01
NCR,2004-06-01
NCR,2004-07-01
NCR,2004-08-01
NCR,2004-09-01
NCR,2004-10-01
NCR,2004-11-01
NCR,2004-12-01
NCR,2005-01-01
NCR,2005-02-01
NCR,2005-03-01
NCR,2005-04-01
NCR,2005-05-01
NCR,2005-06-01
NCR,2005-07-01
NCR,2005-08-01
NCR,2005-09-01
NCR,2005-10-01
NCR,2005-11-01
NCR,2005-12-01
NCR,2006-01-01
NCR,2006-02-01
NCR,2006-03-01
NCR,2006-04-01
NCR,2006-05-01
NCR,2006-06-01
NCR,2006-07-01
NCR,2006-08-01
NCR,2006-09-01
NCR,2006-10-01
NCR,2006-11-01
NCR,2006-12-01
NCR,2007-01-01
NCR,2007-02-01
NCR,2007-03-01
NCR,2007-04-01
NCR,2007-05-01
NCR,2007-06-01
NCR,2007-07-01
NCR,2007-08-01
NCR,2007-09-01
NE,2001-02-01
NE,2001-03-01
NE,2001-04-01
NE,2001-05-01
NE,2001-06-01
NE,2001-07-01
NE,2001-08-01
NE,2001-09-01
NE,2001-10-01
NE,2001-11-01
NE,2001-12-01
NE,2002-01-01
NE,2002-02-01
NE,2002-03-01
NE,2002-04-01
NE,2002-05-01
NE,2002-06-01
NE,2002-07-01
NE,2002-08-01
NE,2002-09-01
NE,2002-10-01
NE,2002-11-01
NE,2002-12-01
NE,2003-01-01
NE,2003-02-01
NE,2003-03-01
NE,2003-04-01
NE,2003-05-01
NE,2003-06-01
NE,2003-07-01
NE,2003-08-01
NE,2003-09-01
NE,2003-10-01
NE,2003-11-01
NE,2003-12-01
NE,2004-01-01
NE,2004-02-01
NE,2004-03-01
NE,2004-04-01
NE,2004-05-01
NE,2004-06-01
NE,2004-07-01
NE,2004-08-01
NE,2004-09-01
NE,2004-10-01
NE,2004-11-01
NE,2004-12-01
NE,2005-01-01
NE,2005-02-01
NE,2005-03-01
NE,2005-04-01
NE,2005-05-01
NE,2005-06-01
NE,2005-07-01
NE,2005-08-01
NE,2005-09-01
NE,2005-10-01
NE,2005-11-01
NE,2005-12-01
NE,2006-01-01
NE,2006-02-01
NE,2006-03-01
NE,2006-04-01
NE,2006-05-01
NE,2006-06-01
NE,2006-07-01
NE,2006-08-01
NE,2006-09-01
NE,2006-10-01
NE,2006-11-01
NE,2006-12-01
NE,2007-01-01
NE,2007-02-01
NE,2007-03-01
NE,2007-04-01
NE,2007-05-01
NE,2007-06-01
NE,2007-07-01
NE,2007-08-01
NE,2007-09-01
NE,2007-10-01
NE,2007-11-01
NE,2007-12-01
NE,2008-01-01
NE,2008-02-01
NE,2008-03-01
NE,2008-04-01
NE,2008-05-01
NE,2008-06-01
NE,2008-07-01
NE,2008-08-01
NE,2008-09-01
NE,2008-10-01
NE,2008-11-01
NE,2008-12-01
NE,2009-01-01
NE,2009-02-01
NE,2009-03-01
NE,2011-02-01
NE,2011-03-01
NE,2011-04-01
NE,2011-05-01
NE,2011-06-01
NE,2011-07-01
NE,2011-08-01
NE,2011-09-01
NE,2011-10-01
NE,2011-11-01
NE,2011-12-01
NE,2012-01-01
NE,2012-02-01
NE,2012-03-01
NE,2012-04-01
NE,2012-05-01
NE,2012-06-01
NE,2012-07-01
NE,2012-08-01
NE,2012-09-01
NE,2012-10-01
NE,2012-11-01
NE,2012-12-01
NE,2013-01-01
NE,2013-02-01
NE,2013-03-01
NE,2013-04-01
NE,2013-05-01
NE,2013-06-01
NE,2013-07-01
NE,2013-08-01
NE,2013-09-01
NE,2013-10-01
NE,2013-11-01
NE,2013-12-01
NE,2014-01-01
NE,2014-02-01
NE,2014-03-01
NE,2014-04-01
NE,2014-05-01
NE,2014-06-01
NE,2014-07-01
NE,2014-08-01
NE,2014-09-01
NE,2014-10-01
NE,2014-11-01
NE,2014-12-01
NE,2015-01-01
NE,2015-02-01
NE,2015-03-01
NE,2015-04-01
NE,2015-05-01
NE,2015-06-01
NE,2015-07-01
NFB,2002-08-01
NFB,2002-09-01
NFB,2002-10-01
NFB,2002-11-01
NFB,2002-12-01
NFB,2003-01-01
NFB,2003-02-01
NFB,2003-03-01
NFB,2003-04-01
NFB,2003-05-01
NFB,2003-06-01
NFB,2003-07-01
NFB,2003-08-01
NFB,2003-09-01
NFB,2003-10-01
NFB,2003-11-01
NFB,2003-12-01
NFB,2004-01-01
NFB,2004-02-01
NFB,2004-03-01
NFB,2004-04-01
NFB,2004-05-01
NFB,2004-06-01
NFB,2004-07-01
NFB,2004-08-01
NFB,2004-09-01
NFB,2004-10-01
NFB,2004-11-01
NFB,2004-12-01
NFB,2005-01-01
NFB,2005-02-01
NFB,2005-03-01
NFB,2005-04-01
NFB,2005-05-01
NFB,2005-06-01
NFB,2005-07-01
NFB,2005-08-01
NFB,2005-09-01
NFB,2005-10-01
NFB,2005-11-01
NFB,2005-12-01
NFB,2006-01-01
NFB,2006-02-01
NFB,2006-03-01
NFB,2006-04-01
NFB,2006-05-01
NFB,2006-06-01
NFB,2006-07-01
NFB,2006-08-01
NFB,2006-09-01
NFB,2006-10-01
NFB,2006-11-01
NFX,2011-01-01
NFX,2011-02-01
NFX,2011-03-01
NFX,2011-04-01
NFX,2011-05-01
NFX,2011-06-01
NFX,2011-07-01
NFX,2011-08-01
NFX,2011-09-01
NFX,2011-10-01
NFX,2011-11-01
NFX,2011-12-01
NFX,2012-01-01
NFX,2012-02-01
NFX,2012-03-01
NFX,2012-04-01
NFX,2012-05-01
NFX,2012-06-01
NFX,2012-07-01
NFX,2012-08-01
NFX,2012-09-01
NFX,2012-10-01
NFX,2012-11-01
NFX,2012-12-01
NFX,2013-01-01
NFX,2013-02-01
NFX,2013-03-01
NFX,2013-04-01
NFX,2013-05-01
NFX,2013-06-01
NFX,2013-07-01
NFX,2013-08-01
NFX,2013-09-01
NFX,2013-10-01
NFX,2013-11-01
NFX,2013-12-01
NFX,2014-01-01
NFX,2014-02-01
NFX,2014-03-01
NFX,2014-04-01
NFX,2014-05-01
NFX,2014-06-01
NFX,2014-07-01
NFX,2014-08-01
NFX,2014-09-01
NFX,2014-10-01
NFX,2014-11-01
NFX,2014-12-01
NFX,2015-01-01
NFX,2015-02-01
NFX,2015-03-01
NFX,2015-04-01
NFX,2015-05-01
NFX,2015-06-01
NFX,2015-07-01
NFX,2015-08-01
NFX,2015-09-01
NFX,2015-10-01
NFX,2015-11-01
NFX,2015-12-01
NFX,2016-01-01
NFX,2016-02-01
NFX,2016-03-01
NFX,2016-04-01
NFX,2016-05-01
NFX,2016-06-01
NFX,2016-07-01
NFX,2016-08-01
NFX,2016-09-01
NFX,2016-10-01
NFX,2016-11-01
NFX,2016-12-01
NFX,2017-01-01
NFX,2017-02-01
NFX,2017-03-01
NFX,2017-04-01
NFX,2017-05-01
NFX,2017-06-01
NFX,2017-07-01
NFX,2017-08-01
NFX,2017-09-01
NFX,2017-10-01
NFX,2017-11-01
NFX,2017-12-01
NFX,2018-01-01
NFX,2018-02-01
NFX,2018-03-01
NFX,2018-04-01
NFX,2018-05-01
NFX,2018-06-01
NFX,2018-07-01
NFX,2018-08-01
NFX,2018-09-01
NFX,2018-10-01
NFX,2018-11-01
NFX,2018-12-01
NFX,2019-01-01
NFX,2019-02-01
NGH,1998-10-01
NGH,1998-11-01
NGH,1998-12-01
NGH,1999-01-01
NGH,1999-02-01
NGH,1999-03-01
NGH,1999-04-01
NGH,1999-05-01
NGH,1999-06-01
NGH,1999-07-01
NGH,1999-08-01
NGH,1999-09-01
NGH,1999-10-01
NGH,1999-11-01
NGH,1999-12-01
NGH,2000-01-01
NGH,2000-02-01
NGH,2000-03-01
NGH,2000-04-01
NGH,2000-05-01
NGH,2000-06-01
NGH,2000-07-01
NGH,2000-08-01
NGH,2000-09-01
NGH,2000-10-01
NGH,2000-11-01
NGH,2000-12-01
NLC,1996-02-01
NLC,1996-03-01
NLC,1996-04-01
NLC,1996-05-01
NLC,1996-06-01
NLC,1996-07-01
NLC,1996-08-01
NLC,1996-09-01
NLC,1996-10-01
NLC,1996-11-01
NLC,1996-12-01
NLC,1997-01-01
NLC,1997-02-01
NLC,1997-03-01
NLC,1997-04-01
NLC,1997-05-01
NLC,1997-06-01
NLC,1997-07-01
NLC,1997-08-01
NLC,1997-09-01
NLC,1997-10-01
NLC,1997-11-01
NLC,1997-12-01
NLC,1998-01-01
NLC,1998-02-01
NLC,1998-03-01
NLC,1998-04-01
NLC,1998-05-01
NLC,1998-06-01
NLC,1998-07-01
NLC,1998-08-01
NLC,1998-09-01
NLC,1998-10-01
NLC,1998-11-01
NLC,1998-12-01
NLC,1999-01-01
NLC,1999-02-01
NLC,1999-03-01
NLC,1999-04-01
NLC,1999-05-01
NLC,1999-06-01
NLC,1999-07-01
NLC,1999-08-01
NLOK,2019-12-01
NLOK,2020-01-01
NLOK,2020-02-01
NLOK,2020-03-01
NLOK,2020-04-01
NLOK,2020-05-01
NLOK,2020-06-01
NLOK,2020-07-01
NLOK,2020-08-01
NLOK,2020-09-01
NLOK,2020-10-01
NLOK,2020-11-01
NLOK,2020-12-01
NLOK,2021-01-01
NLOK,2021-02-01
NLOK,2021-03-01
NLOK,2021-04-01
NLOK,2021-05-01
NLOK,2021-06-01
NLOK,2021-07-01
NLOK,2021-08-01
NLOK,2021-09-01
NLOK,2021-10-01
NLOK,2021-11-01
NLOK,2021-12-01
NLOK,2022-01-01
NLOK,2022-02-01
NLOK,2022-03-01
NLOK,2022-04-01
NLOK,2022-05-01
NLOK,2022-06-01
NLOK,2022-07-01
NLOK,2022-08-01
NLOK,2022-09-01
NLOK,2022-10-01
NLOK,2022-11-01
NLSN,2013-08-01
NLSN,2013-09-01
NLSN,2013-10-01
NLSN,2013-11-01
NLSN,2013-12-01
NLSN,2014-01-01
NLSN,2014-02-01
NLSN,2014-03-01
NLSN,2014-04-01
NLSN,2014-05-01
NLSN,2014-06-01
NLSN,2014-07-01
NLSN,2014-08-01
NLSN,2014-09-01
NLSN,2014-10-01
NLSN,2014-11-01
NLSN,2014-12-01
NLSN,2015-01-01
NLSN,2015-02-01
NLSN,2015-03-01
NLSN,2015-04-01
NLSN,2015-05-01
NLSN,2015-06-01
NLSN,2015-07-01
NLSN,2015-08-01
NLSN,2015-09-01
NLSN,2015-10-01
NLSN,2015-11-01
NLSN,2015-12-01
NLSN,2016-01-01
NLSN,2016-02-01
NLSN,2016-03-01
NLSN,2016-04-01
NLSN,2016-05-01
NLSN,2016-06-01
NLSN,2016-07-01
NLSN,2016-08-01
NLSN,2016-09-01
NLSN,2016-10-01
NLSN,2016-11-01
NLSN,2016-12-01
NLSN,2017-01-01
NLSN,2017-02-01
NLSN,2017-03-01
NLSN,2017-04-01
NLSN,2017-05-01
NLSN,2017-06-01
NLSN,2017-07-01
NLSN,2017-08-01
NLSN,2017-09-01
NLSN,2017-10-01
NLSN,2017-11-01
NLSN,2017-12-01
NLSN,2018-01-01
NLSN,2018-02-01
NLSN,2018-03-01
NLSN,2018-04-01
NLSN,2018-05-01
NLSN,2018-06-01
NLSN,2018-07-01
NLSN,2018-08-01
NLSN,2018-09-01
NLSN,2018-10-01
NLSN,2018-11-01
NLSN,2018-12-01
NLSN,2019-01-01
NLSN,2019-02-01
NLSN,2019-03-01
NLSN,2019-04-01
NLSN,2019-05-01
NLSN,2019-06-01
NLSN,2019-07-01
NLSN,2019-08-01
NLSN,2019-09-01
NLSN,2019-10-01
NLSN,2019-11-01
NLSN,2019-12-01
NLSN,2020-01-01
NLSN,2020-02-01
NLSN,2020-03-01
NLSN,2020-04-01
NLSN,2020-05-01
NLSN,2020-06-01
NLSN,2020-07-01
NLSN,2020-08-01
NLSN,2020-09-01
NLSN,2020-10-01
NLSN,2020-11-01
NLSN,2020-12-01
NLSN,2021-01-01
NLSN,2021-02-01
NLSN,2021-03-01
NLSN,2021-04-01
NLSN,2021-05-01
NLSN,2021-06-01
NLSN,2021-07-01
NLSN,2021-08-01
NLSN,2021-09-01
NLSN,2021-10-01
NLSN,2021-11-01
NLSN,2021-12-01
NLSN,2022-01-01
NLSN,2022-02-01
NLSN,2022-03-01
NLSN,2022-04-01
NLSN,2022-05-01
NLSN,2022-06-01
NLSN,2022-07-01
NLSN,2022-08-01
NLSN,2022-09-01
NLSN,2022-10-01
NLV,1996-04-01
NLV,1996-05-01
NLV,1996-06-01
NLV,1996-07-01
NLV,1996-08-01
NLV,1996-09-01
NLV,1996-10-01
NLV,1996-11-01
NLV,1996-12-01
NLV,1997-01-01
NLV,1997-02-01
NLV,1997-03-01
NLV,1997-04-01
NLV,1997-05-01
NLV,1997-06-01
NLV,1997-07-01
NLV,1997-08-01
NLV,1997-09-01
NLV,1997-10-01
NLV,1997-11-01
NLV,1997-12-01
NLV,1998-01-01
NLV,1998-02-01
NLV,1998-03-01
NLV,1998-04-01
NLV,1998-05-01
NLV,1998-06-01
NLV,1998-07-01
NLV,1998-08-01
NLV,1998-09-01
NLV,1998-10-01
NLV,1998-11-01
NLV,1998-12-01
NLV,1999-01-01
NLV,1999-02-01
NLV,1999-03-01
NLV,1999-04-01
NLV,1999-05-01
NLV,1999-06-01
NLV,1999-07-01
NLV,1999-08-01
NLV,1999-09-01
NLV,1999-10-01
NLV,1999-11-01
NLV,1999-12-01
NLV,2000-01-01
NOVL,1996-02-01
NOVL,1996-03-01
NOVL,1996-04-01
NOVL,1996-05-01
NOVL,1996-06-01
NOVL,1996-07-01
NOVL,1996-08-01
NOVL,1996-09-01
NOVL,1996-10-01
NOVL,1996-11-01
NOVL,1996-12-01
NOVL,1997-01-01
NOVL,1997-02-01
NOVL,1997-03-01
NOVL,1997-04-01
NOVL,1997-05-01
NOVL,1997-06-01
NOVL,1997-07-01
NOVL,1997-08-01
NOVL,1997-09-01
NOVL,1997-10-01
NOVL,1997-11-01
NOVL,1997-12-01
NOVL,1998-01-01
NOVL,1998-02-01
NOVL,1998-03-01
NOVL,1998-04-01
NOVL,1998-05-01
NOVL,1998-06-01
NOVL,1998-07-01
NOVL,1998-08-01
NOVL,1998-09-01
NOVL,1998-10-01
NOVL,1998-11-01
NOVL,1998-12-01
NOVL,1999-01-01
NOVL,1999-02-01
NOVL,1999-03-01
NOVL,1999-04-01
NOVL,1999-05-01
NOVL,1999-06-01
NOVL,1999-07-01
NOVL,1999-08-01
NOVL,1999-09-01
NOVL,1999-10-01
NOVL,1999-11-01
NOVL,1999-12-01
NOVL,2000-01-01
NOVL,2000-02-01
NOVL,2000-03-01
NOVL,2000-04-01
NOVL,2000-05-01
NOVL,2000-06-01
NOVL,2000-07-01
NOVL,2000-08-01
NOVL,2000-09-01
NOVL,2000-10-01
NOVL,2000-11-01
NOVL,2000-12-01
NOVL,2001-01-01
NOVL,2001-02-01
NOVL,2001-03-01
NOVL,2001-04-01
NOVL,2001-05-01
NOVL,2001-06-01
NOVL,2001-07-01
NOVL,2001-08-01
NOVL,2001-09-01
NOVL,2001-10-01
NOVL,2001-11-01
NOVL,2001-12-01
NOVL,2002-01-01
NOVL,2002-02-01
NOVL,2002-03-01
NOVL,2002-04-01
NOVL,2002-05-01
NOVL,2002-06-01
NOVL,2002-07-01
NOVL,2002-08-01
NOVL,2002-09-01
NOVL,2002-10-01
NOVL,2002-11-01
NOVL,2002-12-01
NOVL,2003-01-01
NOVL,2003-02-01
NOVL,2003-03-01
NOVL,2003-04-01
NOVL,2003-05-01
NOVL,2003-06-01
NOVL,2003-07-01
NOVL,2003-08-01
NOVL,2003-09-01
NOVL,2003-10-01
NOVL,2003-11-01
NOVL,2003-12-01
NOVL,2004-01-01
NOVL,2004-02-01
NOVL,2004-03-01
NOVL,2004-04-01
NOVL,2004-05-01
NOVL,2004-06-01
NOVL,2004-07-01
NOVL,2004-08-01
NOVL,2004-09-01
NOVL,2004-10-01
NOVL,2004-11-01
NOVL,2004-12-01
NOVL,2005-01-01
NOVL,2005-02-01
NOVL,2005-03-01
NOVL,2005-04-01
NOVL,2005-05-01
NOVL,2005-06-01
NOVL,2005-07-01
NOVL,2005-08-01
NOVL,2005-09-01
NOVL,2005-10-01
NOVL,2005-11-01
NOVL,2005-12-01
NOVL,2006-01-01
NOVL,2006-02-01
NOVL,2006-03-01
NOVL,2006-04-01
NOVL,2006-05-01
NOVL,2006-06-01
NOVL,2006-07-01
NOVL,2006-08-01
NOVL,2006-09-01
NOVL,2006-10-01
NOVL,2006-11-01
NOVL,2006-12-01
NOVL,2007-01-01
NOVL,2007-02-01
NOVL,2007-03-01
NOVL,2007-04-01
NOVL,2007-05-01
NOVL,2007-06-01
NOVL,2007-07-01
NOVL,2007-08-01
NOVL,2007-09-01
NOVL,2007-10-01
NOVL,2007-11-01
NOVL,2007-12-01
NOVL,2008-01-01
NOVL,2008-02-01
NOVL,2008-03-01
NOVL,2008-04-01
NOVL,2008-05-01
NOVL,2008-06-01
NOVL,2008-07-01
NOVL,2008-08-01
NOVL,2008-09-01
NOVL,2008-10-01
NOVL,2008-11-01
NOVL,2008-12-01
NOVL,2009-01-01
NOVL,2009-02-01
NOVL,2009-03-01
NOVL,2009-04-01
NOVL,2009-05-01
NOVL,2009-06-01
NOVL,2009-07-01
NOVL,2009-08-01
NOVL,2009-09-01
NOVL,2009-10-01
NOVL,2009-11-01
NOVL,2009-12-01
NOVL,2010-01-01
NOVL,2010-02-01
NOVL,2010-03-01
NOVL,2010-04-01
NOVL,2010-05-01
NOVL,2010-06-01
NOVL,2010-07-01
NOVL,2010-08-01
NOVL,2010-09-01
NOVL,2010-10-01
NOVL,2010-11-01
NOVL,2010-12-01
NOVL,2011-01-01
NOVL,2011-02-01
NOVL,2011-03-01
NOVL,2011-04-01
NRTLQ,1996-02-01
NRTLQ,1996-03-01
NRTLQ,1996-04-01
NRTLQ,1996-05-01
NRTLQ,1996-06-01
NRTLQ,1996-07-01
NRTLQ,1996-08-01
NRTLQ,1996-09-01
NRTLQ,1996-10-01
NRTLQ,1996-11-01
NRTLQ,1996-12-01
NRTLQ,1997-01-01
NRTLQ,1997-02-01
NRTLQ,1997-03-01
NRTLQ,1997-04-01
NRTLQ,1997-05-01
NRTLQ,1997-06-01
NRTLQ,1997-07-01
NRTLQ,1997-08-01
NRTLQ,1997-09-01
NRTLQ,1997-10-01
NRTLQ,1997-11-01
NRTLQ,1997-12-01
NRTLQ,1998-01-01
NRTLQ,1998-02-01
NRTLQ,1998-03-01
NRTLQ,1998-04-01
NRTLQ,1998-05-01
NRTLQ,1998-06-01
NRTLQ,1998-07-01
NRTLQ,1998-08-01
NRTLQ,1998-09-01
NRTLQ,1998-10-01
NRTLQ,1998-11-01
NRTLQ,1998-12-01
NRTLQ,1999-01-01
NRTLQ,1999-02-01
NRTLQ,1999-03-01
NRTLQ,1999-04-01
NRTLQ,1999-05-01
NRTLQ,1999-06-01
NRTLQ,1999-07-01
NRTLQ,1999-08-01
NRTLQ,1999-09-01
NRTLQ,1999-10-01
NRTLQ,1999-11-01
NRTLQ,1999-12-01
NRTLQ,2000-01-01
NRTLQ,2000-02-01
NRTLQ,2000-03-01
NRTLQ,2000-04-01
NRTLQ,2000-05-01
NRTLQ,2000-06-01
NRTLQ,2000-07-01
NRTLQ,2000-08-01
NRTLQ,2000-09-01
NRTLQ,2000-10-01
NRTLQ,2000-11-01
NRTLQ,2000-12-01
NRTLQ,2001-01-01
NRTLQ,2001-02-01
NRTLQ,2001-03-01
NRTLQ,2001-04-01
NRTLQ,2001-05-01
NRTLQ,2001-06-01
NRTLQ,2001-07-01
NRTLQ,2001-08-01
NRTLQ,2001-09-01
NRTLQ,2001-10-01
NRTLQ,2001-11-01
NRTLQ,2001-12-01
NRTLQ,2002-01-01
NRTLQ,2002-02-01
NRTLQ,2002-03-01
NRTLQ,2002-04-01
NRTLQ,2002-05-01
NRTLQ,2002-06-01
NRTLQ,2002-07-01
NSI,1996-02-01
NSI,1996-03-01
NSI,1996-04-01
NSI,1996-05-01
NSI,1996-06-01
NSI,1996-07-01
NSI,1996-08-01
NSI,1996-09-01
NSI,1996-10-01
NSI,1996-11-01
NSI,1996-12-01
NSI,1997-01-01
NSI,1997-02-01
NSI,1997-03-01
NSI,1997-04-01
NSI,1997-05-01
NSI,1997-06-01
NSI,1997-07-01
NSI,1997-08-01
NSI,1997-09-01
NSI,1997-10-01
NSI,1997-11-01
NSI,1997-12-01
NSI,1998-01-01
NSI,1998-02-01
NSI,1998-03-01
NSI,1998-04-01
NSI,1998-05-01
NSI,1998-06-01
NSI,1998-07-01
NSI,1998-08-01
NSI,1998-09-01
NSI,1998-10-01
NSI,1998-11-01
NSI,1998-12-01
NSI,1999-01-01
NSI,1999-02-01
NSI,1999-03-01
NSI,1999-04-01
NSI,1999-05-01
NSI,1999-06-01
NSI,1999-07-01
NSI,1999-08-01
NSI,1999-09-01
NSI,1999-10-01
NSI,1999-11-01
NSI,1999-12-01
NSI,2000-01-01
NSI,2000-02-01
NSI,2000-03-01
NSI,2000-04-01
NSI,2000-05-01
NSI,2000-06-01
NSI,2000-07-01
NSI,2000-08-01
NSI,2000-09-01
NSI,2000-10-01
NSI,2000-11-01
NSI,2000-12-01
NSI,2001-01-01
NSI,2001-02-01
NSI,2001-03-01
NSI,2001-04-01
NSI,2001-05-01
NSI,2001-06-01
NSI,2001-07-01
NSI,2001-08-01
NSI,2001-09-01
NSI,2001-10-01
NSI,2001-11-01
NSI,2001-12-01
NSM,1996-02-01
NSM,1996-03-01
NSM,1996-04-01
NSM,1996-05-01
NSM,1996-06-01
NSM,1996-07-01
NSM,1996-08-01
NSM,1996-09-01
NSM,1996-10-01
NSM,1996-11-01
NSM,1996-12-01
NSM,1997-01-01
NSM,1997-02-01
NSM,1997-03-01
NSM,1997-04-01
NSM,1997-05-01
NSM,1997-06-01
NSM,1997-07-01
NSM,1997-08-01
NSM,1997-09-01
NSM,1997-10-01
NSM,1997-11-01
NSM,1997-12-01
NSM,1998-01-01
NSM,1998-02-01
NSM,1998-03-01
NSM,1998-04-01
NSM,1998-05-01
NSM,1998-06-01
NSM,1998-07-01
NSM,1998-08-01
NSM,1998-09-01
NSM,1998-10-01
NSM,1998-11-01
NSM,1998-12-01
NSM,1999-01-01
NSM,1999-02-01
NSM,1999-03-01
NSM,1999-04-01
NSM,1999-05-01
NSM,1999-06-01
NSM,1999-07-01
NSM,1999-08-01
NSM,1999-09-01
NSM,1999-10-01
NSM,1999-11-01
NSM,1999-12-01
NSM,2000-01-01
NSM,2000-02-01
NSM,2000-03-01
NSM,2000-04-01
NSM,2000-05-01
NSM,2000-06-01
NSM,2000-07-01
NSM,2000-08-01
NSM,2000-09-01
NSM,2000-10-01
NSM,2000-11-01
NSM,2000-12-01
NSM,2001-01-01
NSM,2001-02-01
NSM,2001-03-01
NSM,2001-04-01
NSM,2001-05-01
NSM,2001-06-01
NSM,2001-07-01
NSM,2001-08-01
NSM,2001-09-01
NSM,2001-10-01
NSM,2001-11-01
NSM,2001-12-01
NSM,2002-01-01
NSM,2002-02-01
NSM,2002-03-01
NSM,2002-04-01
NSM,2002-05-01
NSM,2002-06-01
NSM,2002-07-01
NSM,2002-08-01
NSM,2002-09-01
NSM,2002-10-01
NSM,2002-11-01
NSM,2002-12-01
NSM,2003-01-01
NSM,2003-02-01
NSM,2003-03-01
NSM,2003-04-01
NSM,2003-05-01
NSM,2003-06-01
NSM,2003-07-01
NSM,2003-08-01
NSM,2003-09-01
NSM,2003-10-01
NSM,2003-11-01
NSM,2003-12-01
NSM,2004-01-01
NSM,2004-02-01
NSM,2004-03-01
NSM,2004-04-01
NSM,2004-05-01
NSM,2004-06-01
NSM,2004-07-01
NSM,2004-08-01
NSM,2004-09-01
NSM,2004-10-01
NSM,2004-11-01
NSM,2004-12-01
NSM,2005-01-01
NSM,2005-02-01
NSM,2005-03-01
NSM,2005-04-01
NSM,2005-05-01
NSM,2005-06-01
NSM,2005-07-01
NSM,2005-08-01
NSM,2005-09-01
NSM,2005-10-01
NSM,2005-11-01
NSM,2005-12-01
NSM,2006-01-01
NSM,2006-02-01
NSM,2006-03-01
NSM,2006-04-01
NSM,2006-05-01
NSM,2006-06-01
NSM,2006-07-01
NSM,2006-08-01
NSM,2006-09-01
NSM,2006-10-01
NSM,2006-11-01
NSM,2006-12-01
NSM,2007-01-01
NSM,2007-02-01
NSM,2007-03-01
NSM,2007-04-01
NSM,2007-05-01
NSM,2007-06-01
NSM,2007-07-01
NSM,2007-08-01
NSM,2007-09-01
NSM,2007-10-01
NSM,2007-11-01
NSM,2007-12-01
NSM,2008-01-01
NSM,2008-02-01
NSM,2008-03-01
NSM,2008-04-01
NSM,2008-05-01
NSM,2008-06-01
NSM,2008-07-01
NSM,2008-08-01
NSM,2008-09-01
NSM,2008-10-01
NSM,2008-11-01
NSM,2008-12-01
NSM,2009-01-01
NSM,2009-02-01
NSM,2009-03-01
NSM,2009-04-01
NSM,2009-05-01
NSM,2009-06-01
NSM,2009-07-01
NSM,2009-08-01
NSM,2009-09-01
NSM,2009-10-01
NSM,2009-11-01
NSM,2009-12-01
NSM,2010-01-01
NSM,2010-02-01
NSM,2010-03-01
NSM,2010-04-01
NSM,2010-05-01
NSM,2010-06-01
NSM,2010-07-01
NSM,2010-08-01
NSM,2010-09-01
NSM,2010-10-01
NSM,2010-11-01
NSM,2010-12-01
NSM,2011-01-01
NSM,2011-02-01
NSM,2011-03-01
NSM,2011-04-01
NSM,2011-05-01
NSM,2011-06-01
NSM,2011-07-01
NSM,2011-08-01
NSM,2011-09-01
NVLS,2000-07-01
NVLS,2000-08-01
NVLS,2000-09-01
NVLS,2000-10-01
NVLS,2000-11-01
NVLS,2000-12-01
NVLS,2001-01-01
NVLS,2001-02-01
NVLS,2001-03-01
NVLS,2001-04-01
NVLS,2001-05-01
NVLS,2001-06-01
NVLS,2001-07-01
NVLS,2001-08-01
NVLS,2001-09-01
NVLS,2001-10-01
NVLS,2001-11-01
NVLS,2001-12-01
NVLS,2002-01-01
NVLS,2002-02-01
NVLS,2002-03-01
NVLS,2002-04-01
NVLS,2002-05-01
NVLS,2002-06-01
NVLS,2002-07-01
NVLS,2002-08-01
NVLS,2002-09-01
NVLS,2002-10-01
NVLS,2002-11-01
NVLS,2002-12-01
NVLS,2003-01-01
NVLS,2003-02-01
NVLS,2003-03-01
NVLS,2003-04-01
NVLS,2003-05-01
NVLS,2003-06-01
NVLS,2003-07-01
NVLS,2003-08-01
NVLS,2003-09-01
NVLS,2003-10-01
NVLS,2003-11-01
NVLS,2003-12-01
NVLS,2004-01-01
NVLS,2004-02-01
NVLS,2004-03-01
NVLS,2004-04-01
NVLS,2004-05-01
NVLS,2004-06-01
NVLS,2004-07-01
NVLS,2004-08-01
NVLS,2004-09-01
NVLS,2004-10-01
NVLS,2004-11-01
NVLS,2004-12-01
NVLS,2005-01-01
NVLS,2005-02-01
NVLS,2005-03-01
NVLS,2005-04-01
NVLS,2005-05-01
NVLS,2005-06-01
NVLS,2005-07-01
NVLS,2005-08-01
NVLS,2005-09-01
NVLS,2005-10-01
NVLS,2005-11-01
NVLS,2005-12-01
NVLS,2006-01-01
NVLS,2006-02-01
NVLS,2006-03-01
NVLS,2006-04-01
NVLS,2006-05-01
NVLS,2006-06-01
NVLS,2006-07-01
NVLS,2006-08-01
NVLS,2006-09-01
NVLS,2006-10-01
NVLS,2006-11-01
NVLS,2006-12-01
NVLS,2007-01-01
NVLS,2007-02-01
NVLS,2007-03-01
NVLS,2007-04-01
NVLS,2007-05-01
NVLS,2007-06-01
NVLS,2007-07-01
NVLS,2007-08-01
NVLS,2007-09-01
NVLS,2007-10-01
NVLS,2007-11-01
NVLS,2007-12-01
NVLS,2008-01-01
NVLS,2008-02-01
NVLS,2008-03-01
NVLS,2008-04-01
NVLS,2008-05-01
NVLS,2008-06-01
NVLS,2008-07-01
NVLS,2008-08-01
NVLS,2008-09-01
NVLS,2008-10-01
NVLS,2008-11-01
NVLS,2008-12-01
NVLS,2009-01-01
NVLS,2009-02-01
NVLS,2009-03-01
NVLS,2009-04-01
NVLS,2009-05-01
NVLS,2009-06-01
NVLS,2009-07-01
NVLS,2009-08-01
NVLS,2009-09-01
NVLS,2009-10-01
NVLS,2009-11-01
NVLS,2009-12-01
NVLS,2010-01-01
NVLS,2010-02-01
NVLS,2010-03-01
NVLS,2010-04-01
NVLS,2010-05-01
NVLS,2010-06-01
NVLS,2010-07-01
NVLS,2010-08-01
NVLS,2010-09-01
NVLS,2010-10-01
NVLS,2010-11-01
NVLS,2010-12-01
NVLS,2011-01-01
NVLS,2011-02-01
NVLS,2011-03-01
NVLS,2011-04-01
NVLS,2011-05-01
NVLS,2011-06-01
NVLS,2011-07-01
NVLS,2011-08-01
NVLS,2011-09-01
NVLS,2011-10-01
NVLS,2011-11-01
NVLS,2011-12-01
NVLS,2012-01-01
NVLS,2012-02-01
NVLS,2012-03-01
NVLS,2012-04-01
NVLS,2012-05-01
NVLS,2012-06-01
NXTL,1998-04-01
NXTL,1998-05-01
NXTL,1998-06-01
NXTL,1998-07-01
NXTL,1998-08-01
NXTL,1998-09-01
NXTL,1998-10-01
NXTL,1998-11-01
NXTL,1998-12-01
NXTL,1999-01-01
NXTL,1999-02-01
NXTL,1999-03-01
NXTL,1999-04-01
NXTL,1999-05-01
NXTL,1999-06-01
NXTL,1999-07-01
NXTL,1999-08-01
NXTL,1999-09-01
NXTL,1999-10-01
NXTL,1999-11-01
NXTL,1999-12-01
NXTL,2000-01-01
NXTL,2000-02-01
NXTL,2000-03-01
NXTL,2000-04-01
NXTL,2000-05-01
NXTL,2000-06-01
NXTL,2000-07-01
NXTL,2000-08-01
NXTL,2000-09-01
NXTL,2000-10-01
NXTL,2000-11-01
NXTL,2000-12-01
NXTL,2001-01-01
NXTL,2001-02-01
NXTL,2001-03-01
NXTL,2001-04-01
NXTL,2001-05-01
NXTL,2001-06-01
NXTL,2001-07-01
NXTL,2001-08-01
NXTL,2001-09-01
NXTL,2001-10-01
NXTL,2001-11-01
NXTL,2001-12-01
NXTL,2002-01-01
NXTL,2002-02-01
NXTL,2002-03-01
NXTL,2002-04-01
NXTL,2002-05-01
NXTL,2002-06-01
NXTL,2002-07-01
NXTL,2002-08-01
NXTL,2002-09-01
NXTL,2002-10-01
NXTL,2002-11-01
NXTL,2002-12-01
NXTL,2003-01-01
NXTL,2003-02-01
NXTL,2003-03-01
NXTL,2003-04-01
NXTL,2003-05-01
NXTL,2003-06-01
NXTL,2003-07-01
NXTL,2003-08-01
NXTL,2003-09-01
NXTL,2003-10-01
NXTL,2003-11-01
NXTL,2003-12-01
NXTL,2004-01-01
NXTL,2004-02-01
NXTL,2004-03-01
NXTL,2004-04-01
NXTL,2004-05-01
NXTL,2004-06-01
NXTL,2004-07-01
NXTL,2004-08-01
NXTL,2004-09-01
NXTL,2004-10-01
NXTL,2004-11-01
NXTL,2004-12-01
NXTL,2005-01-01
NXTL,2005-02-01
NXTL,2005-03-01
NXTL,2005-04-01
NXTL,2005-05-01
NXTL,2005-06-01
NXTL,2005-07-01
NXTL,2005-08-01
NYN,1996-02-01
NYN,1996-03-01
NYN,1996-04-01
NYN,1996-05-01
NYN,1996-06-01
NYN,1996-07-01
NYN,1996-08-01
NYN,1996-09-01
NYN,1996-10-01
NYN,1996-11-01
NYN,1996-12-01
NYN,1997-01-01
NYN,1997-02-01
NYN,1997-03-01
NYN,1997-04-01
NYN,1997-05-01
NYN,1997-06-01
NYN,1997-07-01
NYN,1997-08-01
NYX,2007-11-01
NYX,2007-12-01
NYX,2008-01-01
NYX,2008-02-01
NYX,2008-03-01
NYX,2008-04-01
NYX,2008-05-01
NYX,2008-06-01
NYX,2008-07-01
NYX,2008-08-01
NYX,2008-09-01
NYX,2008-10-01
NYX,2008-11-01
NYX,2008-12-01
NYX,2009-01-01
NYX,2009-02-01
NYX,2009-03-01
NYX,2009-04-01
NYX,2009-05-01
NYX,2009-06-01
NYX,2009-07-01
NYX,2009-08-01
NYX,2009-09-01
NYX,2009-10-01
NYX,2009-11-01
NYX,2009-12-01
NYX,2010-01-01
NYX,2010-02-01
NYX,2010-03-01
NYX,2010-04-01
NYX,2010-05-01
NYX,2010-06-01
NYX,2010-07-01
NYX,2010-08-01
NYX,2010-09-01
NYX,2010-10-01
NYX,2010-11-01
NYX,2010-12-01
NYX,2011-01-01
NYX,2011-02-01
NYX,2011-03-01
NYX,2011-04-01
NYX,2011-05-01
NYX,2011-06-01
NYX,2011-07-01
NYX,2011-08-01
NYX,2011-09-01
NYX,2011-10-01
NYX,2011-11-01
NYX,2011-12-01
NYX,2012-01-01
NYX,2012-02-01
NYX,2012-03-01
NYX,2012-04-01
NYX,2012-05-01
NYX,2012-06-01
NYX,2012-07-01
NYX,2012-08-01
NYX,2012-09-01
NYX,2012-10-01
NYX,2012-11-01
NYX,2012-12-01
NYX,2013-01-01
NYX,2013-02-01
NYX,2013-03-01
NYX,2013-04-01
NYX,2013-05-01
NYX,2013-06-01
NYX,2013-07-01
NYX,2013-08-01
NYX,2013-09-01
NYX,2013-10-01
NYX,2013-11-01
OAT,1996-02-01
OAT,1996-03-01
OAT,1996-04-01
OAT,1996-05-01
OAT,1996-06-01
OAT,1996-07-01
OAT,1996-08-01
OAT,1996-09-01
OAT,1996-10-01
OAT,1996-11-01
OAT,1996-12-01
OAT,1997-01-01
OAT,1997-02-01
OAT,1997-03-01
OAT,1997-04-01
OAT,1997-05-01
OAT,1997-06-01
OAT,1997-07-01
OAT,1997-08-01
OAT,1997-09-01
OAT,1997-10-01
OAT,1997-11-01
OAT,1997-12-01
OAT,1998-01-01
OAT,1998-02-01
OAT,1998-03-01
OAT,1998-04-01
OAT,1998-05-01
OAT,1998-06-01
OAT,1998-07-01
OAT,1998-08-01
OAT,1998-09-01
OAT,1998-10-01
OAT,1998-11-01
OAT,1998-12-01
OAT,1999-01-01
OAT,1999-02-01
OAT,1999-03-01
OAT,1999-04-01
OAT,1999-05-01
OAT,1999-06-01
OAT,1999-07-01
OAT,1999-08-01
OAT,1999-09-01
OAT,1999-10-01
OAT,1999-11-01
OAT,1999-12-01
OAT,2000-01-01
OAT,2000-02-01
OAT,2000-03-01
OAT,2000-04-01
OAT,2000-05-01
OAT,2000-06-01
OAT,2000-07-01
OAT,2000-08-01
OAT,2000-09-01
OAT,2000-10-01
OAT,2000-11-01
OAT,2000-12-01
OAT,2001-01-01
OAT,2001-02-01
OAT,2001-03-01
OAT,2001-04-01
OAT,2001-05-01
OAT,2001-06-01
OAT,2001-07-01
OAT,2001-08-01
ODP,1999-07-01
ODP,1999-08-01
ODP,1999-09-01
ODP,1999-10-01
ODP,1999-11-01
ODP,1999-12-01
ODP,2000-01-01
ODP,2000-02-01
ODP,2000-03-01
ODP,2000-04-01
ODP,2000-05-01
ODP,2000-06-01
ODP,2000-07-01
ODP,2000-08-01
ODP,2000-09-01
ODP,2000-10-01
ODP,2000-11-01
ODP,2000-12-01
ODP,2001-01-01
ODP,2001-02-01
ODP,2001-03-01
ODP,2001-04-01
ODP,2001-05-01
ODP,2001-06-01
ODP,2001-07-01
ODP,2001-08-01
ODP,2001-09-01
ODP,2001-10-01
ODP,2001-11-01
ODP,2001-12-01
ODP,2002-01-01
ODP,2002-02-01
ODP,2002-03-01
ODP,2002-04-01
ODP,2002-05-01
ODP,2002-06-01
ODP,2002-07-01
ODP,2002-08-01
ODP,2002-09-01
ODP,2002-10-01
ODP,2002-11-01
ODP,2002-12-01
ODP,2003-01-01
ODP,2003-02-01
ODP,2003-03-01
ODP,2003-04-01
ODP,2003-05-01
ODP,2003-06-01
ODP,2003-07-01
ODP,2003-08-01
ODP,2003-09-01
ODP,2003-10-01
ODP,2003-11-01
ODP,2003-12-01
ODP,2004-01-01
ODP,2004-02-01
ODP,2004-03-01
ODP,2004-04-01
ODP,2004-05-01
ODP,2004-06-01
ODP,2004-07-01
ODP,2004-08-01
ODP,2004-09-01
ODP,2004-10-01
ODP,2004-11-01
ODP,2004-12-01
ODP,2005-01-01
ODP,2005-02-01
ODP,2005-03-01
ODP,2005-04-01
ODP,2005-05-01
ODP,2005-06-01
ODP,2005-07-01
ODP,2005-08-01
ODP,2005-09-01
ODP,2005-10-01
ODP,2005-11-01
ODP,2005-12-01
ODP,2006-01-01
ODP,2006-02-01
ODP,2006-03-01
ODP,2006-04-01
ODP,2006-05-01
ODP,2006-06-01
ODP,2006-07-01
ODP,2006-08-01
ODP,2006-09-01
ODP,2006-10-01
ODP,2006-11-01
ODP,2006-12-01
ODP,2007-01-01
ODP,2007-02-01
ODP,2007-03-01
ODP,2007-04-01
ODP,2007-05-01
ODP,2007-06-01
ODP,2007-07-01
ODP,2007-08-01
ODP,2007-09-01
ODP,2007-10-01
ODP,2007-11-01
ODP,2007-12-01
ODP,2008-01-01
ODP,2008-02-01
ODP,2008-03-01
ODP,2008-04-01
ODP,2008-05-01
ODP,2008-06-01
ODP,2008-07-01
ODP,2008-08-01
ODP,2008-09-01
ODP,2008-10-01
ODP,2008-11-01
ODP,2008-12-01
ODP,2009-01-01
ODP,2009-02-01
ODP,2009-03-01
ODP,2009-04-01
ODP,2009-05-01
ODP,2009-06-01
ODP,2009-07-01
ODP,2009-08-01
ODP,2009-09-01
ODP,2009-10-01
ODP,2009-11-01
ODP,2009-12-01
ODP,2010-01-01
ODP,2010-02-01
ODP,2010-03-01
ODP,2010-04-01
ODP,2010-05-01
ODP,2010-06-01
ODP,2010-07-01
ODP,2010-08-01
ODP,2010-09-01
ODP,2010-10-01
ODP,2010-11-01
ODP,2010-12-01
OK,2000-01-01
OK,2000-02-01
OK,2000-03-01
OK,2000-04-01
OK,2000-05-01
OK,2000-06-01
OK,2000-07-01
OK,2000-08-01
OK,2000-09-01
OK,2000-10-01
OK,2000-11-01
OK,2000-12-01
OK,2001-01-01
OK,2001-02-01
OK,2001-03-01
OK,2001-04-01
OM,1996-02-01
OM,1996-03-01
OM,1996-04-01
OM,1996-05-01
OM,1996-06-01
OM,1996-07-01
OM,1996-08-01
OM,1996-09-01
OMX,1996-02-01
OMX,1996-03-01
OMX,1996-04-01
OMX,1996-05-01
OMX,1996-06-01
OMX,1996-07-01
OMX,1996-08-01
OMX,1996-09-01
OMX,1996-10-01
OMX,1996-11-01
OMX,1996-12-01
OMX,1997-01-01
OMX,1997-02-01
OMX,1997-03-01
OMX,1997-04-01
OMX,1997-05-01
OMX,1997-06-01
OMX,1997-07-01
OMX,1997-08-01
OMX,1997-09-01
OMX,1997-10-01
OMX,1997-11-01
OMX,1997-12-01
OMX,1998-01-01
OMX,1998-02-01
OMX,1998-03-01
OMX,1998-04-01
OMX,1998-05-01
OMX,1998-06-01
OMX,1998-07-01
OMX,1998-08-01
OMX,1998-09-01
OMX,1998-10-01
OMX,1998-11-01
OMX,1998-12-01
OMX,1999-01-01
OMX,1999-02-01
OMX,1999-03-01
OMX,1999-04-01
OMX,1999-05-01
OMX,1999-06-01
OMX,1999-07-01
OMX,1999-08-01
OMX,1999-09-01
OMX,1999-10-01
OMX,1999-11-01
OMX,1999-12-01
OMX,2000-01-01
OMX,2000-02-01
OMX,2000-03-01
OMX,2000-04-01
OMX,2000-05-01
OMX,2000-06-01
OMX,2000-07-01
OMX,2000-08-01
OMX,2000-09-01
OMX,2000-10-01
OMX,2000-11-01
OMX,2000-12-01
OMX,2001-01-01
OMX,2001-02-01
OMX,2001-03-01
OMX,2001-04-01
OMX,2001-05-01
OMX,2001-06-01
OMX,2001-07-01
OMX,2001-08-01
OMX,2001-09-01
OMX,2001-10-01
OMX,2001-11-01
OMX,2001-12-01
OMX,2002-01-01
OMX,2002-02-01
OMX,2002-03-01
OMX,2002-04-01
OMX,2002-05-01
OMX,2002-06-01
OMX,2002-07-01
OMX,2002-08-01
OMX,2002-09-01
OMX,2002-10-01
OMX,2002-11-01
OMX,2002-12-01
OMX,2003-01-01
OMX,2003-02-01
OMX,2003-03-01
OMX,2003-04-01
OMX,2003-05-01
OMX,2003-06-01
OMX,2003-07-01
OMX,2003-08-01
OMX,2003-09-01
OMX,2003-10-01
OMX,2003-11-01
OMX,2003-12-01
OMX,2004-01-01
OMX,2004-02-01
OMX,2004-03-01
OMX,2004-04-01
OMX,2004-05-01
OMX,2004-06-01
OMX,2004-07-01
OMX,2004-08-01
OMX,2004-09-01
OMX,2004-10-01
OMX,2004-11-01
OMX,2004-12-01
OMX,2005-01-01
OMX,2005-02-01
OMX,2005-03-01
OMX,2005-04-01
OMX,2005-05-01
OMX,2005-06-01
OMX,2005-07-01
OMX,2005-08-01
OMX,2005-09-01
OMX,2005-10-01
OMX,2005-11-01
OMX,2005-12-01
OMX,2006-01-01
OMX,2006-02-01
OMX,2006-03-01
OMX,2006-04-01
OMX,2006-05-01
OMX,2006-06-01
OMX,2006-07-01
OMX,2006-08-01
OMX,2006-09-01
OMX,2006-10-01
OMX,2006-11-01
OMX,2006-12-01
OMX,2007-01-01
OMX,2007-02-01
OMX,2007-03-01
OMX,2007-04-01
OMX,2007-05-01
OMX,2007-06-01
OMX,2007-07-01
OMX,2007-08-01
OMX,2007-09-01
OMX,2007-10-01
OMX,2007-11-01
OMX,2007-12-01
OMX,2008-01-01
OMX,2008-02-01
OMX,2008-03-01
OMX,2008-04-01
OMX,2008-05-01
OMX,2008-06-01
ONE,1996-02-01
ONE,1996-03-01
ONE,1996-04-01
ONE,1996-05-01
ONE,1996-06-01
ONE,1996-07-01
ONE,1996-08-01
ONE,1996-09-01
ONE,1996-10-01
ONE,1996-11-01
ONE,1996-12-01
ONE,1997-01-01
ONE,1997-02-01
ONE,1997-03-01
ONE,1997-04-01
ONE,1997-05-01
ONE,1997-06-01
ONE,1997-07-01
ONE,1997-08-01
ONE,1997-09-01
ONE,1997-10-01
ONE,1997-11-01
ONE,1997-12-01
ONE,1998-01-01
ONE,1998-02-01
ONE,1998-03-01
ONE,1998-04-01
ONE,1998-05-01
ONE,1998-06-01
ONE,1998-07-01
ONE,1998-08-01
ONE,1998-09-01
ONE,1998-10-01
ONE,1998-11-01
ONE,1998-12-01
ONE,1999-01-01
ONE,1999-02-01
ONE,1999-03-01
ONE,1999-04-01
ONE,1999-05-01
ONE,1999-06-01
ONE,1999-07-01
ONE,1999-08-01
ONE,1999-09-01
ONE,1999-10-01
ONE,1999-11-01
ONE,1999-12-01
ONE,2000-01-01
ONE,2000-02-01
ONE,2000-03-01
ONE,2000-04-01
ONE,2000-05-01
ONE,2000-06-01
ONE,2000-07-01
ONE,2000-08-01
ONE,2000-09-01
ONE,2000-10-01
ONE,2000-11-01
ONE,2000-12-01
ONE,2001-01-01
ONE,2001-02-01
ONE,2001-03-01
ONE,2001-04-01
ONE,2001-05-01
ONE,2001-06-01
ONE,2001-07-01
ONE,2001-08-01
ONE,2001-09-01
ONE,2001-10-01
ONE,2001-11-01
ONE,2001-12-01
ONE,2002-01-01
ONE,2002-02-01
ONE,2002-03-01
ONE,2002-04-01
ONE,2002-05-01
ONE,2002-06-01
ONE,2002-07-01
ONE,2002-08-01
ONE,2002-09-01
ONE,2002-10-01
ONE,2002-11-01
ONE,2002-12-01
ONE,2003-01-01
ONE,2003-02-01
ONE,2003-03-01
ONE,2003-04-01
ONE,2003-05-01
ONE,2003-06-01
ONE,2003-07-01
ONE,2003-08-01
ONE,2003-09-01
ONE,2003-10-01
ONE,2003-11-01
ONE,2003-12-01
ONE,2004-01-01
ONE,2004-02-01
ONE,2004-03-01
ONE,2004-04-01
ONE,2004-05-01
ONE,2004-06-01
ORX,1996-02-01
ORX,1996-03-01
ORX,1996-04-01
ORX,1996-05-01
ORX,1996-06-01
ORX,1996-07-01
ORX,1996-08-01
ORX,1996-09-01
ORX,1996-10-01
ORX,1996-11-01
ORX,1996-12-01
ORX,1997-01-01
ORX,1997-02-01
ORX,1997-03-01
ORX,1997-04-01
ORX,1997-05-01
ORX,1997-06-01
ORX,1997-07-01
ORX,1997-08-01
ORX,1997-09-01
ORX,1997-10-01
ORX,1997-11-01
ORX,1997-12-01
ORX,1998-01-01
ORX,1998-02-01
ORX,1998-03-01
ORX,1998-04-01
ORX,1998-05-01
ORX,1998-06-01
ORX,1998-07-01
ORX,1998-08-01
ORX,1998-09-01
ORX,1998-10-01
ORX,1998-11-01
ORX,1998-12-01
ORX,1999-01-01
ORX,1999-02-01
OWENQ,1996-02-01
OWENQ,1996-03-01
OWENQ,1996-04-01
OWENQ,1996-05-01
OWENQ,1996-06-01
OWENQ,1996-07-01
OWENQ,1996-08-01
OWENQ,1996-09-01
OWENQ,1996-10-01
OWENQ,1996-11-01
OWENQ,1996-12-01
OWENQ,1997-01-01
OWENQ,1997-02-01
OWENQ,1997-03-01
OWENQ,1997-04-01
OWENQ,1997-05-01
OWENQ,1997-06-01
OWENQ,1997-07-01
OWENQ,1997-08-01
OWENQ,1997-09-01
OWENQ,1997-10-01
OWENQ,1997-11-01
OWENQ,1997-12-01
OWENQ,1998-01-01
OWENQ,1998-02-01
OWENQ,1998-03-01
OWENQ,1998-04-01
OWENQ,1998-05-01
OWENQ,1998-06-01
OWENQ,1998-07-01
OWENQ,1998-08-01
OWENQ,1998-09-01
OWENQ,1998-10-01
OWENQ,1998-11-01
OWENQ,1998-12-01
OWENQ,1999-01-01
OWENQ,1999-02-01
OWENQ,1999-03-01
OWENQ,1999-04-01
OWENQ,1999-05-01
OWENQ,1999-06-01
OWENQ,1999-07-01
OWENQ,1999-08-01
OWENQ,1999-09-01
OWENQ,1999-10-01
OWENQ,1999-11-01
OWENQ,1999-12-01
OWENQ,2000-01-01
OWENQ,2000-02-01
OWENQ,2000-03-01
OWENQ,2000-04-01
OWENQ,2000-05-01
OWENQ,2000-06-01
OWENQ,2000-07-01
OWENQ,2000-08-01
OWENQ,2000-09-01
OWENQ,2000-10-01
PAC,1996-02-01
PAC,1996-03-01
PAC,1996-04-01
PAC,1996-05-01
PAC,1996-06-01
PAC,1996-07-01
PAC,1996-08-01
PAC,1996-09-01
PAC,1996-10-01
PAC,1996-11-01
PAC,1996-12-01
PAC,1997-01-01
PAC,1997-02-01
PAC,1997-03-01
PALM,2000-08-01
PALM,2000-09-01
PALM,2000-10-01
PALM,2000-11-01
PALM,2000-12-01
PALM,2001-01-01
PALM,2001-02-01
PALM,2001-03-01
PALM,2001-04-01
PALM,2001-05-01
PALM,2001-06-01
PALM,2001-07-01
PALM,2001-08-01
PALM,2001-09-01
PALM,2001-10-01
PALM,2001-11-01
PALM,2001-12-01
PALM,2002-01-01
PALM,2002-02-01
PALM,2002-03-01
PALM,2002-04-01
PALM,2002-05-01
PALM,2002-06-01
PALM,2002-07-01
PALM,2002-08-01
PAS,1996-02-01
PAS,1996-03-01
PAS,1996-04-01
PAS,1996-05-01
PAS,1996-06-01
PAS,1996-07-01
PAS,1996-08-01
PAS,1996-09-01
PAS,1996-10-01
PAS,1996-11-01
PAS,1996-12-01
PAS,1997-01-01
PAS,1997-02-01
PAS,1997-03-01
PAS,1997-04-01
PAS,1997-05-01
PAS,1997-06-01
PAS,1997-07-01
PAS,1997-08-01
PAS,1997-09-01
PAS,1997-10-01
PAS,1997-11-01
PAS,1997-12-01
PAS,1998-01-01
PBCT,2008-12-01
PBCT,2009-01-01
PBCT,2009-02-01
PBCT,2009-03-01
PBCT,2009-04-01
PBCT,2009-05-01
PBCT,2009-06-01
PBCT,2009-07-01
PBCT,2009-08-01
PBCT,2009-09-01
PBCT,2009-10-01
PBCT,2009-11-01
PBCT,2009-12-01
PBCT,2010-01-01
PBCT,2010-02-01
PBCT,2010-03-01
PBCT,2010-04-01
PBCT,2010-05-01
PBCT,2010-06-01
PBCT,2010-07-01
PBCT,2010-08-01
PBCT,2010-09-01
PBCT,2010-10-01
PBCT,2010-11-01
PBCT,2010-12-01
PBCT,2011-01-01
PBCT,2011-02-01
PBCT,2011-03-01
PBCT,2011-04-01
PBCT,2011-05-01
PBCT,2011-06-01
PBCT,2011-07-01
PBCT,2011-08-01
PBCT,2011-09-01
PBCT,2011-10-01
PBCT,2011-11-01
PBCT,2011-12-01
PBCT,2012-01-01
PBCT,2012-02-01
PBCT,2012-03-01
PBCT,2012-04-01
PBCT,2012-05-01
PBCT,2012-06-01
PBCT,2012-07-01
PBCT,2012-08-01
PBCT,2012-09-01
PBCT,2012-10-01
PBCT,2012-11-01
PBCT,2012-12-01
PBCT,2013-01-01
PBCT,2013-02-01
PBCT,2013-03-01
PBCT,2013-04-01
PBCT,2013-05-01
PBCT,2013-06-01
PBCT,2013-07-01
PBCT,2013-08-01
PBCT,2013-09-01
PBCT,2013-10-01
PBCT,2013-11-01
PBCT,2013-12-01
PBCT,2014-01-01
PBCT,2014-02-01
PBCT,2014-03-01
PBCT,2014-04-01
PBCT,2014-05-01
PBCT,2014-06-01
PBCT,2014-07-01
PBCT,2014-08-01
PBCT,2014-09-01
PBCT,2014-10-01
PBCT,2014-11-01
PBCT,2014-12-01
PBCT,2015-01-01
PBCT,2015-02-01
PBCT,2015-03-01
PBCT,2015-04-01
PBCT,2015-05-01
PBCT,2015-06-01
PBCT,2015-07-01
PBCT,2015-08-01
PBCT,2015-09-01
PBCT,2015-10-01
PBCT,2015-11-01
PBCT,2015-12-01
PBCT,2016-01-01
PBCT,2016-02-01
PBCT,2016-03-01
PBCT,2016-04-01
PBCT,2016-05-01
PBCT,2016-06-01
PBCT,2016-07-01
PBCT,2016-08-01
PBCT,2016-09-01
PBCT,2016-10-01
PBCT,2016-11-01
PBCT,2016-12-01
PBCT,2017-01-01
PBCT,2017-02-01
PBCT,2017-03-01
PBCT,2017-04-01
PBCT,2017-05-01
PBCT,2017-06-01
PBCT,2017-07-01
PBCT,2017-08-01
PBCT,2017-09-01
PBCT,2017-10-01
PBCT,2017-11-01
PBCT,2017-12-01
PBCT,2018-01-01
PBCT,2018-02-01
PBCT,2018-03-01
PBCT,2018-04-01
PBCT,2018-05-01
PBCT,2018-06-01
PBCT,2018-07-01
PBCT,2018-08-01
PBCT,2018-09-01
PBCT,2018-10-01
PBCT,2018-11-01
PBCT,2018-12-01
PBCT,2019-01-01
PBCT,2019-02-01
PBCT,2019-03-01
PBCT,2019-04-01
PBCT,2019-05-01
PBCT,2019-06-01
PBCT,2019-07-01
PBCT,2019-08-01
PBCT,2019-09-01
PBCT,2019-10-01
PBCT,2019-11-01
PBCT,2019-12-01
PBCT,2020-01-01
PBCT,2020-02-01
PBCT,2020-03-01
PBCT,2020-04-01
PBCT,2020-05-01
PBCT,2020-06-01
PBCT,2020-07-01
PBCT,2020-08-01
PBCT,2020-09-01
PBCT,2020-10-01
PBCT,2020-11-01
PBCT,2020-12-01
PBCT,2021-01-01
PBCT,2021-02-01
PBCT,2021-03-01
PBCT,2021-04-01
PBCT,2021-05-01
PBCT,2021-06-01
PBCT,2021-07-01
PBCT,2021-08-01
PBCT,2021-09-01
PBCT,2021-10-01
PBCT,2021-11-01
PBCT,2021-12-01
PBCT,2022-01-01
PBCT,2022-02-01
PBCT,2022-03-01
PBCT,2022-04-01
PBG,2001-06-01
PBG,2001-07-01
PBG,2001-08-01
PBG,2001-09-01
PBG,2001-10-01
PBG,2001-11-01
PBG,2001-12-01
PBG,2002-01-01
PBG,2002-02-01
PBG,2002-03-01
PBG,2002-04-01
PBG,2002-05-01
PBG,2002-06-01
PBG,2002-07-01
PBG,2002-08-01
PBG,2002-09-01
PBG,2002-10-01
PBG,2002-11-01
PBG,2002-12-01
PBG,2003-01-01
PBG,2003-02-01
PBG,2003-03-01
PBG,2003-04-01
PBG,2003-05-01
PBG,2003-06-01
PBG,2003-07-01
PBG,2003-08-01
PBG,2003-09-01
PBG,2003-10-01
PBG,2003-11-01
PBG,2003-12-01
PBG,2004-01-01
PBG,2004-02-01
PBG,2004-03-01
PBG,2004-04-01
PBG,2004-05-01
PBG,2004-06-01
PBG,2004-07-01
PBG,2004-08-01
PBG,2004-09-01
PBG,2004-10-01
PBG,2004-11-01
PBG,2004-12-01
PBG,2005-01-01
PBG,2005-02-01
PBG,2005-03-01
PBG,2005-04-01
PBG,2005-05-01
PBG,2005-06-01
PBG,2005-07-01
PBG,2005-08-01
PBG,2005-09-01
PBG,2005-10-01
PBG,2005-11-01
PBG,2005-12-01
PBG,2006-01-01
PBG,2006-02-01
PBG,2006-03-01
PBG,2006-04-01
PBG,2006-05-01
PBG,2006-06-01
PBG,2006-07-01
PBG,2006-08-01
PBG,2006-09-01
PBG,2006-10-01
PBG,2006-11-01
PBG,2006-12-01
PBG,2007-01-01
PBG,2007-02-01
PBG,2007-03-01
PBG,2007-04-01
PBG,2007-05-01
PBG,2007-06-01
PBG,2007-07-01
PBG,2007-08-01
PBG,2007-09-01
PBG,2007-10-01
PBG,2007-11-01
PBG,2007-12-01
PBG,2008-01-01
PBG,2008-02-01
PBG,2008-03-01
PBG,2008-04-01
PBG,2008-05-01
PBG,2008-06-01
PBG,2008-07-01
PBG,2008-08-01
PBG,2008-09-01
PBG,2008-10-01
PBG,2008-11-01
PBG,2008-12-01
PBG,2009-01-01
PBG,2009-02-01
PBG,2009-03-01
PBG,2009-04-01
PBG,2009-05-01
PBG,2009-06-01
PBG,2009-07-01
PBG,2009-08-01
PBG,2009-09-01
PBG,2009-10-01
PBG,2009-11-01
PBG,2009-12-01
PBG,2010-01-01
PBG,2010-02-01
PBY,1996-02-01
PBY,1996-03-01
PBY,1996-04-01
PBY,1996-05-01
PBY,1996-06-01
PBY,1996-07-01
PBY,1996-08-01
PBY,1996-09-01
PBY,1996-10-01
PBY,1996-11-01
PBY,1996-12-01
PBY,1997-01-01
PBY,1997-02-01
PBY,1997-03-01
PBY,1997-04-01
PBY,1997-05-01
PBY,1997-06-01
PBY,1997-07-01
PBY,1997-08-01
PBY,1997-09-01
PBY,1997-10-01
PBY,1997-11-01
PBY,1997-12-01
PBY,1998-01-01
PBY,1998-02-01
PBY,1998-03-01
PBY,1998-04-01
PBY,1998-05-01
PBY,1998-06-01
PBY,1998-07-01
PBY,1998-08-01
PBY,1998-09-01
PBY,1998-10-01
PBY,1998-11-01
PBY,1998-12-01
PBY,1999-01-01
PBY,1999-02-01
PBY,1999-03-01
PBY,1999-04-01
PBY,1999-05-01
PBY,1999-06-01
PBY,1999-07-01
PBY,1999-08-01
PBY,1999-09-01
PBY,1999-10-01
PBY,1999-11-01
PBY,1999-12-01
PBY,2000-01-01
PBY,2000-02-01
PBY,2000-03-01
PBY,2000-04-01
PCH,1996-02-01
PCH,1996-03-01
PCH,1996-04-01
PCH,1996-05-01
PCH,1996-06-01
PCH,1996-07-01
PCH,1996-08-01
PCH,1996-09-01
PCH,1996-10-01
PCH,1996-11-01
PCH,1996-12-01
PCH,1997-01-01
PCH,1997-02-01
PCH,1997-03-01
PCH,1997-04-01
PCH,1997-05-01
PCH,1997-06-01
PCH,1997-07-01
PCH,1997-08-01
PCH,1997-09-01
PCH,1997-10-01
PCH,1997-11-01
PCH,1997-12-01
PCH,1998-01-01
PCH,1998-02-01
PCH,1998-03-01
PCH,1998-04-01
PCH,1998-05-01
PCH,1998-06-01
PCH,1998-07-01
PCH,1998-08-01
PCH,1998-09-01
PCH,1998-10-01
PCH,1998-11-01
PCH,1998-12-01
PCH,1999-01-01
PCH,1999-02-01
PCH,1999-03-01
PCH,1999-04-01
PCH,1999-05-01
PCH,1999-06-01
PCH,1999-07-01
PCH,1999-08-01
PCH,1999-09-01
PCH,1999-10-01
PCH,1999-11-01
PCH,1999-12-01
PCH,2000-01-01
PCH,2000-02-01
PCH,2000-03-01
PCH,2000-04-01
PCH,2000-05-01
PCH,2000-06-01
PCH,2000-07-01
PCH,2000-08-01
PCH,2000-09-01
PCH,2000-10-01
PCH,2000-11-01
PCH,2000-12-01
PCH,2001-01-01
PCH,2001-02-01
PCH,2001-03-01
PCH,2001-04-01
PCH,2001-05-01
PCH,2001-06-01
PCH,2001-07-01
PCL,2002-02-01
PCL,2002-03-01
PCL,2002-04-01
PCL,2002-05-01
PCL,2002-06-01
PCL,2002-07-01
PCL,2002-08-01
PCL,2002-09-01
PCL,2002-10-01
PCL,2002-11-01
PCL,2002-12-01
PCL,2003-01-01
PCL,2003-02-01
PCL,2003-03-01
PCL,2003-04-01
PCL,2003-05-01
PCL,2003-06-01
PCL,2003-07-01
PCL,2003-08-01
PCL,2003-09-01
PCL,2003-10-01
PCL,2003-11-01
PCL,2003-12-01
PCL,2004-01-01
PCL,2004-02-01
PCL,2004-03-01
PCL,2004-04-01
PCL,2004-05-01
PCL,2004-06-01
PCL,2004-07-01
PCL,2004-08-01
PCL,2004-09-01
PCL,2004-10-01
PCL,2004-11-01
PCL,2004-12-01
PCL,2005-01-01
PCL,2005-02-01
PCL,2005-03-01
PCL,2005-04-01
PCL,2005-05-01
PCL,2005-06-01
PCL,2005-07-01
PCL,2005-08-01
PCL,2005-09-01
PCL,2005-10-01
PCL,2005-11-01
PCL,2005-12-01
PCL,2006-01-01
PCL,2006-02-01
PCL,2006-03-01
PCL,2006-04-01
PCL,2006-05-01
PCL,2006-06-01
PCL,2006-07-01
PCL,2006-08-01
PCL,2006-09-01
PCL,2006-10-01
PCL,2006-11-01
PCL,2006-12-01
PCL,2007-01-01
PCL,2007-02-01
PCL,2007-03-01
PCL,2007-04-01
PCL,2007-05-01
PCL,2007-06-01
PCL,2007-07-01
PCL,2007-08-01
PCL,2007-09-01
PCL,2007-10-01
PCL,2007-11-01
PCL,2007-12-01
PCL,2008-01-01
PCL,2008-02-01
PCL,2008-03-01
PCL,2008-04-01
PCL,2008-05-01
PCL,2008-06-01
PCL,2008-07-01
PCL,2008-08-01
PCL,2008-09-01
PCL,2008-10-01
PCL,2008-11-01
PCL,2008-12-01
PCL,2009-01-01
PCL,2009-02-01
PCL,2009-03-01
PCL,2009-04-01
PCL,2009-05-01
PCL,2009-06-01
PCL,2009-07-01
PCL,2009-08-01
PCL,2009-09-01
PCL,2009-10-01
PCL,2009-11-01
PCL,2009-12-01
PCL,2010-01-01
PCL,2010-02-01
PCL,2010-03-01
PCL,2010-04-01
PCL,2010-05-01
PCL,2010-06-01
PCL,2010-07-01
PCL,2010-08-01
PCL,2010-09-01
PCL,2010-10-01
PCL,2010-11-01
PCL,2010-12-01
PCL,2011-01-01
PCL,2011-02-01
PCL,2011-03-01
PCL,2011-04-01
PCL,2011-05-01
PCL,2011-06-01
PCL,2011-07-01
PCL,2011-08-01
PCL,2011-09-01
PCL,2011-10-01
PCL,2011-11-01
PCL,2011-12-01
PCL,2012-01-01
PCL,2012-02-01
PCL,2012-03-01
PCL,2012-04-01
PCL,2012-05-01
PCL,2012-06-01
PCL,2012-07-01
PCL,2012-08-01
PCL,2012-09-01
PCL,2012-10-01
PCL,2012-11-01
PCL,2012-12-01
PCL,2013-01-01
PCL,2013-02-01
PCL,2013-03-01
PCL,2013-04-01
PCL,2013-05-01
PCL,2013-06-01
PCL,2013-07-01
PCL,2013-08-01
PCL,2013-09-01
PCL,2013-10-01
PCL,2013-11-01
PCL,2013-12-01
PCL,2014-01-01
PCL,2014-02-01
PCL,2014-03-01
PCL,2014-04-01
PCL,2014-05-01
PCL,2014-06-01
PCL,2014-07-01
PCL,2014-08-01
PCL,2014-09-01
PCL,2014-10-01
PCL,2014-11-01
PCL,2014-12-01
PCL,2015-01-01
PCL,2015-02-01
PCL,2015-03-01
PCL,2015-04-01
PCL,2015-05-01
PCL,2015-06-01
PCL,2015-07-01
PCL,2015-08-01
PCL,2015-09-01
PCL,2015-10-01
PCL,2015-11-01
PCL,2015-12-01
PCL,2016-01-01
PCL,2016-02-01
PCP,2007-06-01
PCP,2007-07-01
PCP,2007-08-01
PCP,2007-09-01
PCP,2007-10-01
PCP,2007-11-01
PCP,2007-12-01
PCP,2008-01-01
PCP,2008-02-01
PCP,2008-03-01
PCP,2008-04-01
PCP,2008-05-01
PCP,2008-06-01
PCP,2008-07-01
PCP,2008-08-01
PCP,2008-09-01
PCP,2008-10-01
PCP,2008-11-01
PCP,2008-12-01
PCP,2009-01-01
PCP,2009-02-01
PCP,2009-03-01
PCP,2009-04-01
PCP,2009-05-01
PCP,2009-06-01
PCP,2009-07-01
PCP,2009-08-01
PCP,2009-09-01
PCP,2009-10-01
PCP,2009-11-01
PCP,2009-12-01
PCP,2010-01-01
PCP,2010-02-01
PCP,2010-03-01
PCP,2010-04-01
PCP,2010-05-01
PCP,2010-06-01
PCP,2010-07-01
PCP,2010-08-01
PCP,2010-09-01
PCP,2010-10-01
PCP,2010-11-01
PCP,2010-12-01
PCP,2011-01-01
PCP,2011-02-01
PCP,2011-03-01
PCP,2011-04-01
PCP,2011-05-01
PCP,2011-06-01
PCP,2011-07-01
PCP,2011-08-01
PCP,2011-09-01
PCP,2011-10-01
PCP,2011-11-01
PCP,2011-12-01
PCP,2012-01-01
PCP,2012-02-01
PCP,2012-03-01
PCP,2012-04-01
PCP,2012-05-01
PCP,2012-06-01
PCP,2012-07-01
PCP,2012-08-01
PCP,2012-09-01
PCP,2012-10-01
PCP,2012-11-01
PCP,2012-12-01
PCP,2013-01-01
PCP,2013-02-01
PCP,2013-03-01
PCP,2013-04-01
PCP,2013-05-01
PCP,2013-06-01
PCP,2013-07-01
PCP,2013-08-01
PCP,2013-09-01
PCP,2013-10-01
PCP,2013-11-01
PCP,2013-12-01
PCP,2014-01-01
PCP,2014-02-01
PCP,2014-03-01
PCP,2014-04-01
PCP,2014-05-01
PCP,2014-06-01
PCP,2014-07-01
PCP,2014-08-01
PCP,2014-09-01
PCP,2014-10-01
PCP,2014-11-01
PCP,2014-12-01
PCP,2015-01-01
PCP,2015-02-01
PCP,2015-03-01
PCP,2015-04-01
PCP,2015-05-01
PCP,2015-06-01
PCP,2015-07-01
PCP,2015-08-01
PCP,2015-09-01
PCP,2015-10-01
PCP,2015-11-01
PCP,2015-12-01
PCP,2016-01-01
PCS,1998-12-01
PCS,1999-01-01
PCS,1999-02-01
PCS,1999-03-01
PCS,1999-04-01
PCS,1999-05-01
PCS,1999-06-01
PCS,1999-07-01
PCS,1999-08-01
PCS,1999-09-01
PCS,1999-10-01
PCS,1999-11-01
PCS,1999-12-01
PCS,2000-01-01
PCS,2000-02-01
PCS,2000-03-01
PCS,2000-04-01
PCS,2000-05-01
PCS,2000-06-01
PCS,2000-07-01
PCS,2000-08-01
PCS,2000-09-01
PCS,2000-10-01
PCS,2000-11-01
PCS,2000-12-01
PCS,2001-01-01
PCS,2001-02-01
PCS,2001-03-01
PCS,2001-04-01
PCS,2001-05-01
PCS,2001-06-01
PCS,2001-07-01
PCS,2001-08-01
PCS,2001-09-01
PCS,2001-10-01
PCS,2001-11-01
PCS,2001-12-01
PCS,2002-01-01
PCS,2002-02-01
PCS,2002-03-01
PCS,2002-04-01
PCS,2002-05-01
PCS,2002-06-01
PCS,2002-07-01
PCS,2002-08-01
PCS,2002-09-01
PCS,2002-10-01
PCS,2002-11-01
PCS,2002-12-01
PCS,2003-01-01
PCS,2003-02-01
PCS,2003-03-01
PCS,2003-04-01
PCS,2003-05-01
PCS,2003-06-01
PCS,2003-07-01
PCS,2003-08-01
PCS,2003-09-01
PCS,2003-10-01
PCS,2003-11-01
PCS,2003-12-01
PCS,2004-01-01
PCS,2004-02-01
PCS,2004-03-01
PCS,2004-04-01
PD,1996-02-01
PD,1996-03-01
PD,1996-04-01
PD,1996-05-01
PD,1996-06-01
PD,1996-07-01
PD,1996-08-01
PD,1996-09-01
PD,1996-10-01
PD,1996-11-01
PD,1996-12-01
PD,1997-01-01
PD,1997-02-01
PD,1997-03-01
PD,1997-04-01
PD,1997-05-01
PD,1997-06-01
PD,1997-07-01
PD,1997-08-01
PD,1997-09-01
PD,1997-10-01
PD,1997-11-01
PD,1997-12-01
PD,1998-01-01
PD,1998-02-01
PD,1998-03-01
PD,1998-04-01
PD,1998-05-01
PD,1998-06-01
PD,1998-07-01
PD,1998-08-01
PD,1998-09-01
PD,1998-10-01
PD,1998-11-01
PD,1998-12-01
PD,1999-01-01
PD,1999-02-01
PD,1999-03-01
PD,1999-04-01
PD,1999-05-01
PD,1999-06-01
PD,1999-07-01
PD,1999-08-01
PD,1999-09-01
PD,1999-10-01
PD,1999-11-01
PD,1999-12-01
PD,2000-01-01
PD,2000-02-01
PD,2000-03-01
PD,2000-04-01
PD,2000-05-01
PD,2000-06-01
PD,2000-07-01
PD,2000-08-01
PD,2000-09-01
PD,2000-10-01
PD,2000-11-01
PD,2000-12-01
PD,2001-01-01
PD,2001-02-01
PD,2001-03-01
PD,2001-04-01
PD,2001-05-01
PD,2001-06-01
PD,2001-07-01
PD,2001-08-01
PD,2001-09-01
PD,2001-10-01
PD,2001-11-01
PD,2001-12-01
PD,2002-01-01
PD,2002-02-01
PD,2002-03-01
PD,2002-04-01
PD,2002-05-01
PD,2002-06-01
PD,2002-07-01
PD,2002-08-01
PD,2002-09-01
PD,2002-10-01
PD,2002-11-01
PD,2002-12-01
PD,2003-01-01
PD,2003-02-01
PD,2003-03-01
PD,2003-04-01
PD,2003-05-01
PD,2003-06-01
PD,2003-07-01
PD,2003-08-01
PD,2003-09-01
PD,2003-10-01
PD,2003-11-01
PD,2003-12-01
PD,2004-01-01
PD,2004-02-01
PD,2004-03-01
PD,2004-04-01
PD,2004-05-01
PD,2004-06-01
PD,2004-07-01
PD,2004-08-01
PD,2004-09-01
PD,2004-10-01
PD,2004-11-01
PD,2004-12-01
PD,2005-01-01
PD,2005-02-01
PD,2005-03-01
PD,2005-04-01
PD,2005-05-01
PD,2005-06-01
PD,2005-07-01
PD,2005-08-01
PD,2005-09-01
PD,2005-10-01
PD,2005-11-01
PD,2005-12-01
PD,2006-01-01
PD,2006-02-01
PD,2006-03-01
PD,2006-04-01
PD,2006-05-01
PD,2006-06-01
PD,2006-07-01
PD,2006-08-01
PD,2006-09-01
PD,2006-10-01
PD,2006-11-01
PD,2006-12-01
PD,2007-01-01
PD,2007-02-01
PD,2007-03-01
PDCO,2005-11-01
PDCO,2005-12-01
PDCO,2006-01-01
PDCO,2006-02-01
PDCO,2006-03-01
PDCO,2006-04-01
PDCO,2006-05-01
PDCO,2006-06-01
PDCO,2006-07-01
PDCO,2006-08-01
PDCO,2006-09-01
PDCO,2006-10-01
PDCO,2006-11-01
PDCO,2006-12-01
PDCO,2007-01-01
PDCO,2007-02-01
PDCO,2007-03-01
PDCO,2007-04-01
PDCO,2007-05-01
PDCO,2007-06-01
PDCO,2007-07-01
PDCO,2007-08-01
PDCO,2007-09-01
PDCO,2007-10-01
PDCO,2007-11-01
PDCO,2007-12-01
PDCO,2008-01-01
PDCO,2008-02-01
PDCO,2008-03-01
PDCO,2008-04-01
PDCO,2008-05-01
PDCO,2008-06-01
PDCO,2008-07-01
PDCO,2008-08-01
PDCO,2008-09-01
PDCO,2008-10-01
PDCO,2008-11-01
PDCO,2008-12-01
PDCO,2009-01-01
PDCO,2009-02-01
PDCO,2009-03-01
PDCO,2009-04-01
PDCO,2009-05-01
PDCO,2009-06-01
PDCO,2009-07-01
PDCO,2009-08-01
PDCO,2009-09-01
PDCO,2009-10-01
PDCO,2009-11-01
PDCO,2009-12-01
PDCO,2010-01-01
PDCO,2010-02-01
PDCO,2010-03-01
PDCO,2010-04-01
PDCO,2010-05-01
PDCO,2010-06-01
PDCO,2010-07-01
PDCO,2010-08-01
PDCO,2010-09-01
PDCO,2010-10-01
PDCO,2010-11-01
PDCO,2010-12-01
PDCO,2011-01-01
PDCO,2011-02-01
PDCO,2011-03-01
PDCO,2011-04-01
PDCO,2011-05-01
PDCO,2011-06-01
PDCO,2011-07-01
PDCO,2011-08-01
PDCO,2011-09-01
PDCO,2011-10-01
PDCO,2011-11-01
PDCO,2011-12-01
PDCO,2012-01-01
PDCO,2012-02-01
PDCO,2012-03-01
PDCO,2012-04-01
PDCO,2012-05-01
PDCO,2012-06-01
PDCO,2012-07-01
PDCO,2012-08-01
PDCO,2012-09-01
PDCO,2012-10-01
PDCO,2012-11-01
PDCO,2012-12-01
PDCO,2013-01-01
PDCO,2013-02-01
PDCO,2013-03-01
PDCO,2013-04-01
PDCO,2013-05-01
PDCO,2013-06-01
PDCO,2013-07-01
PDCO,2013-08-01
PDCO,2013-09-01
PDCO,2013-10-01
PDCO,2013-11-01
PDCO,2013-12-01
PDCO,2014-01-01
PDCO,2014-02-01
PDCO,2014-03-01
PDCO,2014-04-01
PDCO,2014-05-01
PDCO,2014-06-01
PDCO,2014-07-01
PDCO,2014-08-01
PDCO,2014-09-01
PDCO,2014-10-01
PDCO,2014-11-01
PDCO,2014-12-01
PDCO,2015-01-01
PDCO,2015-02-01
PDCO,2015-03-01
PDCO,2015-04-01
PDCO,2015-05-01
PDCO,2015-06-01
PDCO,2015-07-01
PDCO,2015-08-01
PDCO,2015-09-01
PDCO,2015-10-01
PDCO,2015-11-01
PDCO,2015-12-01
PDCO,2016-01-01
PDCO,2016-02-01
PDCO,2016-03-01
PDCO,2016-04-01
PDCO,2016-05-01
PDCO,2016-06-01
PDCO,2016-07-01
PDCO,2016-08-01
PDCO,2016-09-01
PDCO,2016-10-01
PDCO,2016-11-01
PDCO,2016-12-01
PDCO,2017-01-01
PDCO,2017-02-01
PDCO,2017-03-01
PDCO,2017-04-01
PDCO,2017-05-01
PDCO,2017-06-01
PDCO,2017-07-01
PDCO,2017-08-01
PDCO,2017-09-01
PDCO,2017-10-01
PDCO,2017-11-01
PDCO,2017-12-01
PDCO,2018-01-01
PDCO,2018-02-01
PDCO,2018-03-01
PDG,1996-02-01
PDG,1996-03-01
PDG,1996-04-01
PDG,1996-05-01
PDG,1996-06-01
PDG,1996-07-01
PDG,1996-08-01
PDG,1996-09-01
PDG,1996-10-01
PDG,1996-11-01
PDG,1996-12-01
PDG,1997-01-01
PDG,1997-02-01
PDG,1997-03-01
PDG,1997-04-01
PDG,1997-05-01
PDG,1997-06-01
PDG,1997-07-01
PDG,1997-08-01
PDG,1997-09-01
PDG,1997-10-01
PDG,1997-11-01
PDG,1997-12-01
PDG,1998-01-01
PDG,1998-02-01
PDG,1998-03-01
PDG,1998-04-01
PDG,1998-05-01
PDG,1998-06-01
PDG,1998-07-01
PDG,1998-08-01
PDG,1998-09-01
PDG,1998-10-01
PDG,1998-11-01
PDG,1998-12-01
PDG,1999-01-01
PDG,1999-02-01
PDG,1999-03-01
PDG,1999-04-01
PDG,1999-05-01
PDG,1999-06-01
PDG,1999-07-01
PDG,1999-08-01
PDG,1999-09-01
PDG,1999-10-01
PDG,1999-11-01
PDG,1999-12-01
PDG,2000-01-01
PDG,2000-02-01
PDG,2000-03-01
PDG,2000-04-01
PDG,2000-05-01
PDG,2000-06-01
PDG,2000-07-01
PDG,2000-08-01
PDG,2000-09-01
PDG,2000-10-01
PDG,2000-11-01
PDG,2000-12-01
PDG,2001-01-01
PDG,2001-02-01
PDG,2001-03-01
PDG,2001-04-01
PDG,2001-05-01
PDG,2001-06-01
PDG,2001-07-01
PDG,2001-08-01
PDG,2001-09-01
PDG,2001-10-01
PDG,2001-11-01
PDG,2001-12-01
PDG,2002-01-01
PDG,2002-02-01
PDG,2002-03-01
PDG,2002-04-01
PDG,2002-05-01
PDG,2002-06-01
PDG,2002-07-01
PEAK,2019-12-01
PEAK,2020-01-01
PEAK,2020-02-01
PEAK,2020-03-01
PEAK,2020-04-01
PEAK,2020-05-01
PEAK,2020-06-01
PEAK,2020-07-01
PEAK,2020-08-01
PEAK,2020-09-01
PEAK,2020-10-01
PEAK,2020-11-01
PEAK,2020-12-01
PEAK,2021-01-01
PEAK,2021-02-01
PEAK,2021-03-01
PEAK,2021-04-01
PEAK,2021-05-01
PEAK,2021-06-01
PEAK,2021-07-01
PEAK,2021-08-01
PEAK,2021-09-01
PEAK,2021-10-01
PEAK,2021-11-01
PEAK,2021-12-01
PEAK,2022-01-01
PEAK,2022-02-01
PEAK,2022-03-01
PEAK,2022-04-01
PEAK,2022-05-01
PEAK,2022-06-01
PEAK,2022-07-01
PEAK,2022-08-01
PEAK,2022-09-01
PEAK,2022-10-01
PEAK,2022-11-01
PEAK,2022-12-01
PEAK,2023-01-01
PEAK,2023-02-01
PEAK,2023-03-01
PEAK,2023-04-01
PEAK,2023-05-01
PEAK,2023-06-01
PEAK,2023-07-01
PEAK,2023-08-01
PEAK,2023-09-01
PEAK,2023-10-01
PEAK,2023-11-01
PEAK,2023-12-01
PEAK,2024-01-01
PEAK,2024-02-01
PEAK,2024-03-01
PEL,1996-02-01
PEL,1996-03-01
PEL,1996-04-01
PEL,1996-05-01
PEL,1996-06-01
PEL,1996-07-01
PEL,1996-08-01
PEL,1996-09-01
PEL,1996-10-01
PEL,1996-11-01
PEL,1996-12-01
PEL,1997-01-01
PEL,1997-02-01
PEL,1997-03-01
PEL,1997-04-01
PEL,1997-05-01
PEL,1997-06-01
PET,1996-02-01
PET,1996-03-01
PET,1996-04-01
PET,1996-05-01
PET,1996-06-01
PET,1996-07-01
PET,1996-08-01
PET,1996-09-01
PET,1996-10-01
PET,1996-11-01
PET,1996-12-01
PET,1997-01-01
PET,1997-02-01
PET,1997-03-01
PET,1997-04-01
PET,1997-05-01
PET,1997-06-01
PET,1997-07-01
PET,1997-08-01
PET,1997-09-01
PET,1997-10-01
PET,1997-11-01
PET,1997-12-01
PET,1998-01-01
PET,1998-02-01
PET,1998-03-01
PET,1998-04-01
PET,1998-05-01
PET,1998-06-01
PETM,2012-11-01
PETM,2012-12-01
PETM,2013-01-01
PETM,2013-02-01
PETM,2013-03-01
PETM,2013-04-01
PETM,2013-05-01
PETM,2013-06-01
PETM,2013-07-01
PETM,2013-08-01
PETM,2013-09-01
PETM,2013-10-01
PETM,2013-11-01
PETM,2013-12-01
PETM,2014-01-01
PETM,2014-02-01
PETM,2014-03-01
PETM,2014-04-01
PETM,2014-05-01
PETM,2014-06-01
PETM,2014-07-01
PETM,2014-08-01
PETM,2014-09-01
PETM,2014-10-01
PETM,2014-11-01
PETM,2014-12-01
PETM,2015-01-01
PETM,2015-02-01
PETM,2015-03-01
PGL,1996-02-01
PGL,1996-03-01
PGL,1996-04-01
PGL,1996-05-01
PGL,1996-06-01
PGL,1996-07-01
PGL,1996-08-01
PGL,1996-09-01
PGL,1996-10-01
PGL,1996-11-01
PGL,1996-12-01
PGL,1997-01-01
PGL,1997-02-01
PGL,1997-03-01
PGL,1997-04-01
PGL,1997-05-01
PGL,1997-06-01
PGL,1997-07-01
PGL,1997-08-01
PGL,1997-09-01
PGL,1997-10-01
PGL,1997-11-01
PGL,1997-12-01
PGL,1998-01-01
PGL,1998-02-01
PGL,1998-03-01
PGL,1998-04-01
PGL,1998-05-01
PGL,1998-06-01
PGL,1998-07-01
PGL,1998-08-01
PGL,1998-09-01
PGL,1998-10-01
PGL,1998-11-01
PGL,1998-12-01
PGL,1999-01-01
PGL,1999-02-01
PGL,1999-03-01
PGL,1999-04-01
PGL,1999-05-01
PGL,1999-06-01
PGL,1999-07-01
PGL,1999-08-01
PGL,1999-09-01
PGL,1999-10-01
PGL,1999-11-01
PGL,1999-12-01
PGL,2000-01-01
PGL,2000-02-01
PGL,2000-03-01
PGL,2000-04-01
PGL,2000-05-01
PGL,2000-06-01
PGL,2000-07-01
PGL,2000-08-01
PGL,2000-09-01
PGL,2000-10-01
PGL,2000-11-01
PGL,2000-12-01
PGL,2001-01-01
PGL,2001-02-01
PGL,2001-03-01
PGL,2001-04-01
PGL,2001-05-01
PGL,2001-06-01
PGL,2001-07-01
PGL,2001-08-01
PGL,2001-09-01
PGL,2001-10-01
PGL,2001-11-01
PGL,2001-12-01
PGL,2002-01-01
PGL,2002-02-01
PGL,2002-03-01
PGL,2002-04-01
PGL,2002-05-01
PGL,2002-06-01
PGL,2002-07-01
PGL,2002-08-01
PGL,2002-09-01
PGL,2002-10-01
PGL,2002-11-01
PGL,2002-12-01
PGL,2003-01-01
PGL,2003-02-01
PGL,2003-03-01
PGL,2003-04-01
PGL,2003-05-01
PGL,2003-06-01
PGL,2003-07-01
PGL,2003-08-01
PGL,2003-09-01
PGL,2003-10-01
PGL,2003-11-01
PGL,2003-12-01
PGL,2004-01-01
PGL,2004-02-01
PGL,2004-03-01
PGL,2004-04-01
PGL,2004-05-01
PGL,2004-06-01
PGL,2004-07-01
PGL,2004-08-01
PGL,2004-09-01
PGL,2004-10-01
PGL,2004-11-01
PGL,2004-12-01
PGL,2005-01-01
PGL,2005-02-01
PGL,2005-03-01
PGL,2005-04-01
PGL,2005-05-01
PGL,2005-06-01
PGL,2005-07-01
PGL,2005-08-01
PGL,2005-09-01
PGL,2005-10-01
PGL,2005-11-01
PGL,2005-12-01
PGL,2006-01-01
PGL,2006-02-01
PGL,2006-03-01
PGL,2006-04-01
PGL,2006-05-01
PGL,2006-06-01
PGL,2006-07-01
PGL,2006-08-01
PGL,2006-09-01
PGL,2006-10-01
PGL,2006-11-01
PGL,2006-12-01
PGL,2007-01-01
PGL,2007-02-01
PGN,1996-02-01
PGN,1996-03-01
PGN,1996-04-01
PGN,1996-05-01
PGN,1996-06-01
PGN,1996-07-01
PGN,1996-08-01
PGN,1996-09-01
PGN,1996-10-01
PGN,1996-11-01
PGN,1996-12-01
PGN,1997-01-01
PGN,1997-02-01
PGN,1997-03-01
PGN,1997-04-01
PGN,1997-05-01
PGN,1997-06-01
PGN,1997-07-01
PGN,1997-08-01
PGN,1997-09-01
PGN,1997-10-01
PGN,1997-11-01
PGN,1997-12-01
PGN,1998-01-01
PGN,1998-02-01
PGN,1998-03-01
PGN,1998-04-01
PGN,1998-05-01
PGN,1998-06-01
PGN,1998-07-01
PGN,1998-08-01
PGN,1998-09-01
PGN,1998-10-01
PGN,1998-11-01
PGN,1998-12-01
PGN,1999-01-01
PGN,1999-02-01
PGN,1999-03-01
PGN,1999-04-01
PGN,1999-05-01
PGN,1999-06-01
PGN,1999-07-01
PGN,1999-08-01
PGN,1999-09-01
PGN,1999-10-01
PGN,1999-11-01
PGN,1999-12-01
PGN,2000-01-01
PGN,2000-02-01
PGN,2000-03-01
PGN,2000-04-01
PGN,2000-05-01
PGN,2000-06-01
PGN,2000-07-01
PGN,2000-08-01
PGN,2000-09-01
PGN,2000-10-01
PGN,2000-11-01
PGN,2000-12-01
PGN,2001-01-01
PGN,2001-02-01
PGN,2001-03-01
PGN,2001-04-01
PGN,2001-05-01
PGN,2001-06-01
PGN,2001-07-01
PGN,2001-08-01
PGN,2001-09-01
PGN,2001-10-01
PGN,2001-11-01
PGN,2001-12-01
PGN,2002-01-01
PGN,2002-02-01
PGN,2002-03-01
PGN,2002-04-01
PGN,2002-05-01
PGN,2002-06-01
PGN,2002-07-01
PGN,2002-08-01
PGN,2002-09-01
PGN,2002-10-01
PGN,2002-11-01
PGN,2002-12-01
PGN,2003-01-01
PGN,2003-02-01
PGN,2003-03-01
PGN,2003-04-01
PGN,2003-05-01
PGN,2003-06-01
PGN,2003-07-01
PGN,2003-08-01
PGN,2003-09-01
PGN,2003-10-01
PGN,2003-11-01
PGN,2003-12-01
PGN,2004-01-01
PGN,2004-02-01
PGN,2004-03-01
PGN,2004-04-01
PGN,2004-05-01
PGN,2004-06-01
PGN,2004-07-01
PGN,2004-08-01
PGN,2004-09-01
PGN,2004-10-01
PGN,2004-11-01
PGN,2004-12-01
PGN,2005-01-01
PGN,2005-02-01
PGN,2005-03-01
PGN,2005-04-01
PGN,2005-05-01
PGN,2005-06-01
PGN,2005-07-01
PGN,2005-08-01
PGN,2005-09-01
PGN,2005-10-01
PGN,2005-11-01
PGN,2005-12-01
PGN,2006-01-01
PGN,2006-02-01
PGN,2006-03-01
PGN,2006-04-01
PGN,2006-05-01
PGN,2006-06-01
PGN,2006-07-01
PGN,2006-08-01
PGN,2006-09-01
PGN,2006-10-01
PGN,2006-11-01
PGN,2006-12-01
PGN,2007-01-01
PGN,2007-02-01
PGN,2007-03-01
PGN,2007-04-01
PGN,2007-05-01
PGN,2007-06-01
PGN,2007-07-01
PGN,2007-08-01
PGN,2007-09-01
PGN,2007-10-01
PGN,2007-11-01
PGN,2007-12-01
PGN,2008-01-01
PGN,2008-02-01
PGN,2008-03-01
PGN,2008-04-01
PGN,2008-05-01
PGN,2008-06-01
PGN,2008-07-01
PGN,2008-08-01
PGN,2008-09-01
PGN,2008-10-01
PGN,2008-11-01
PGN,2008-12-01
PGN,2009-01-01
PGN,2009-02-01
PGN,2009-03-01
PGN,2009-04-01
PGN,2009-05-01
PGN,2009-06-01
PGN,2009-07-01
PGN,2009-08-01
PGN,2009-09-01
PGN,2009-10-01
PGN,2009-11-01
PGN,2009-12-01
PGN,2010-01-01
PGN,2010-02-01
PGN,2010-03-01
PGN,2010-04-01
PGN,2010-05-01
PGN,2010-06-01
PGN,2010-07-01
PGN,2010-08-01
PGN,2010-09-01
PGN,2010-10-01
PGN,2010-11-01
PGN,2010-12-01
PGN,2011-01-01
PGN,2011-02-01
PGN,2011-03-01
PGN,2011-04-01
PGN,2011-05-01
PGN,2011-06-01
PGN,2011-07-01
PGN,2011-08-01
PGN,2011-09-01
PGN,2011-10-01
PGN,2011-11-01
PGN,2011-12-01
PGN,2012-01-01
PGN,2012-02-01
PGN,2012-03-01
PGN,2012-04-01
PGN,2012-05-01
PGN,2012-06-01
PGN,2012-07-01
PHA,1996-02-01
PHA,1996-03-01
PHA,1996-04-01
PHA,1996-05-01
PHA,1996-06-01
PHA,1996-07-01
PHA,1996-08-01
PHA,1996-09-01
PHA,1996-10-01
PHA,1996-11-01
PHA,1996-12-01
PHA,1997-01-01
PHA,1997-02-01
PHA,1997-03-01
PHA,1997-04-01
PHA,1997-05-01
PHA,1997-06-01
PHA,1997-07-01
PHA,1997-08-01
PHA,1997-09-01
PHA,1997-10-01
PHA,1997-11-01
PHA,1997-12-01
PHA,1998-01-01
PHA,1998-02-01
PHA,1998-03-01
PHA,1998-04-01
PHA,1998-05-01
PHA,1998-06-01
PHA,1998-07-01
PHA,1998-08-01
PHA,1998-09-01
PHA,1998-10-01
PHA,1998-11-01
PHA,1998-12-01
PHA,1999-01-01
PHA,1999-02-01
PHA,1999-03-01
PHA,1999-04-01
PHA,1999-05-01
PHA,1999-06-01
PHA,1999-07-01
PHA,1999-08-01
PHA,1999-09-01
PHA,1999-10-01
PHA,1999-11-01
PHA,1999-12-01
PHA,2000-01-01
PHA,2000-02-01
PHA,2000-03-01
PHA,2000-04-01
PHA,2000-05-01
PHA,2000-06-01
PHA,2000-07-01
PHA,2000-08-01
PHA,2000-09-01
PHA,2000-10-01
PHA,2000-11-01
PHA,2000-12-01
PHA,2001-01-01
PHA,2001-02-01
PHA,2001-03-01
PHA,2001-04-01
PHA,2001-05-01
PHA,2001-06-01
PHA,2001-07-01
PHA,2001-08-01
PHA,2001-09-01
PHA,2001-10-01
PHA,2001-11-01
PHA,2001-12-01
PHA,2002-01-01
PHA,2002-02-01
PHA,2002-03-01
PHA,2002-04-01
PHA,2002-05-01
PHA,2002-06-01
PHA,2002-07-01
PHA,2002-08-01
PHA,2002-09-01
PHA,2002-10-01
PHA,2002-11-01
PHA,2002-12-01
PHA,2003-01-01
PHA,2003-02-01
PHA,2003-03-01
PHA,2003-04-01
PHB,1996-02-01
PHB,1996-03-01
PHB,1996-04-01
PHB,1996-05-01
PHB,1996-06-01
PHB,1996-07-01
PHB,1996-08-01
PHB,1996-09-01
PHB,1996-10-01
PHB,1996-11-01
PHB,1996-12-01
PHB,1997-01-01
PHB,1997-02-01
PHB,1997-03-01
PHB,1997-04-01
PHB,1997-05-01
PHB,1997-06-01
PHB,1997-07-01
PHB,1997-08-01
PHB,1997-09-01
PHB,1997-10-01
PHB,1997-11-01
PHB,1997-12-01
PHB,1998-01-01
PHB,1998-02-01
PHB,1998-03-01
PHB,1998-04-01
PHB,1998-05-01
PHB,1998-06-01
PHB,1998-07-01
PHB,1998-08-01
PHB,1998-09-01
PHB,1998-10-01
PHB,1998-11-01
PHB,1998-12-01
PHB,1999-01-01
PHB,1999-02-01
PHB,1999-03-01
PHB,1999-04-01
PHB,1999-05-01
PHB,1999-06-01
PHB,1999-07-01
PHB,1999-08-01
PHB,1999-09-01
PHB,1999-10-01
PKI,1996-02-01
PKI,1996-03-01
PKI,1996-04-01
PKI,1996-05-01
PKI,1996-06-01
PKI,1996-07-01
PKI,1996-08-01
PKI,1996-09-01
PKI,1996-10-01
PKI,1996-11-01
PKI,1996-12-01
PKI,1997-01-01
PKI,1997-02-01
PKI,1997-03-01
PKI,1997-04-01
PKI,1997-05-01
PKI,1997-06-01
PKI,1997-07-01
PKI,1997-08-01
PKI,1997-09-01
PKI,1997-10-01
PKI,1997-11-01
PKI,1997-12-01
PKI,1998-01-01
PKI,1998-02-01
PKI,1998-03-01
PKI,1998-04-01
PKI,1998-05-01
PKI,1998-06-01
PKI,1998-07-01
PKI,1998-08-01
PKI,1998-09-01
PKI,1998-10-01
PKI,1998-11-01
PKI,1998-12-01
PKI,1999-01-01
PKI,1999-02-01
PKI,1999-03-01
PKI,1999-04-01
PKI,1999-05-01
PKI,1999-06-01
PKI,1999-07-01
PKI,1999-08-01
PKI,1999-09-01
PKI,1999-10-01
PKI,1999-11-01
PKI,1999-12-01
PKI,2000-01-01
PKI,2000-02-01
PKI,2000-03-01
PKI,2000-04-01
PKI,2000-05-01
PKI,2000-06-01
PKI,2000-07-01
PKI,2000-08-01
PKI,2000-09-01
PKI,2000-10-01
PKI,2000-11-01
PKI,2000-12-01
PKI,2001-01-01
PKI,2001-02-01
PKI,2001-03-01
PKI,2001-04-01
PKI,2001-05-01
PKI,2001-06-01
PKI,2001-07-01
PKI,2001-08-01
PKI,2001-09-01
PKI,2001-10-01
PKI,2001-11-01
PKI,2001-12-01
PKI,2002-01-01
PKI,2002-02-01
PKI,2002-03-01
PKI,2002-04-01
PKI,2002-05-01
PKI,2002-06-01
PKI,2002-07-01
PKI,2002-08-01
PKI,2002-09-01
PKI,2002-10-01
PKI,2002-11-01
PKI,2002-12-01
PKI,2003-01-01
PKI,2003-02-01
PKI,2003-03-01
PKI,2003-04-01
PKI,2003-05-01
PKI,2003-06-01
PKI,2003-07-01
PKI,2003-08-01
PKI,2003-09-01
PKI,2003-10-01
PKI,2003-11-01
PKI,2003-12-01
PKI,2004-01-01
PKI,2004-02-01
PKI,2004-03-01
PKI,2004-04-01
PKI,2004-05-01
PKI,2004-06-01
PKI,2004-07-01
PKI,2004-08-01
PKI,2004-09-01
PKI,2004-10-01
PKI,2004-11-01
PKI,2004-12-01
PKI,2005-01-01
PKI,2005-02-01
PKI,2005-03-01
PKI,2005-04-01
PKI,2005-05-01
PKI,2005-06-01
PKI,2005-07-01
PKI,2005-08-01
PKI,2005-09-01
PKI,2005-10-01
PKI,2005-11-01
PKI,2005-12-01
PKI,2006-01-01
PKI,2006-02-01
PKI,2006-03-01
PKI,2006-04-01
PKI,2006-05-01
PKI,2006-06-01
PKI,2006-07-01
PKI,2006-08-01
PKI,2006-09-01
PKI,2006-10-01
PKI,2006-11-01
PKI,2006-12-01
PKI,2007-01-01
PKI,2007-02-01
PKI,2007-03-01
PKI,2007-04-01
PKI,2007-05-01
PKI,2007-06-01
PKI,2007-07-01
PKI,2007-08-01
PKI,2007-09-01
PKI,2007-10-01
PKI,2007-11-01
PKI,2007-12-01
PKI,2008-01-01
PKI,2008-02-01
PKI,2008-03-01
PKI,2008-04-01
PKI,2008-05-01
PKI,2008-06-01
PKI,2008-07-01
PKI,2008-08-01
PKI,2008-09-01
PKI,2008-10-01
PKI,2008-11-01
PKI,2008-12-01
PKI,2009-01-01
PKI,2009-02-01
PKI,2009-03-01
PKI,2009-04-01
PKI,2009-05-01
PKI,2009-06-01
PKI,2009-07-01
PKI,2009-08-01
PKI,2009-09-01
PKI,2009-10-01
PKI,2009-11-01
PKI,2009-12-01
PKI,2010-01-01
PKI,2010-02-01
PKI,2010-03-01
PKI,2010-04-01
PKI,2010-05-01
PKI,2010-06-01
PKI,2010-07-01
PKI,2010-08-01
PKI,2010-09-01
PKI,2010-10-01
PKI,2010-11-01
PKI,2010-12-01
PKI,2011-01-01
PKI,2011-02-01
PKI,2011-03-01
PKI,2011-04-01
PKI,2011-05-01
PKI,2011-06-01
PKI,2011-07-01
PKI,2011-08-01
PKI,2011-09-01
PKI,2011-10-01
PKI,2011-11-01
PKI,2011-12-01
PKI,2012-01-01
PKI,2012-02-01
PKI,2012-03-01
PKI,2012-04-01
PKI,2012-05-01
PKI,2012-06-01
PKI,2012-07-01
PKI,2012-08-01
PKI,2012-09-01
PKI,2012-10-01
PKI,2012-11-01
PKI,2012-12-01
PKI,2013-01-01
PKI,2013-02-01
PKI,2013-03-01
PKI,2013-04-01
PKI,2013-05-01
PKI,2013-06-01
PKI,2013-07-01
PKI,2013-08-01
PKI,2013-09-01
PKI,2013-10-01
PKI,2013-11-01
PKI,2013-12-01
PKI,2014-01-01
PKI,2014-02-01
PKI,2014-03-01
PKI,2014-04-01
PKI,2014-05-01
PKI,2014-06-01
PKI,2014-07-01
PKI,2014-08-01
PKI,2014-09-01
PKI,2014-10-01
PKI,2014-11-01
PKI,2014-12-01
PKI,2015-01-01
PKI,2015-02-01
PKI,2015-03-01
PKI,2015-04-01
PKI,2015-05-01
PKI,2015-06-01
PKI,2015-07-01
PKI,2015-08-01
PKI,2015-09-01
PKI,2015-10-01
PKI,2015-11-01
PKI,2015-12-01
PKI,2016-01-01
PKI,2016-02-01
PKI,2016-03-01
PKI,2016-04-01
PKI,2016-05-01
PKI,2016-06-01
PKI,2016-07-01
PKI,2016-08-01
PKI,2016-09-01
PKI,2016-10-01
PKI,2016-11-01
PKI,2016-12-01
PKI,2017-01-01
PKI,2017-02-01
PKI,2017-03-01
PKI,2017-04-01
PKI,2017-05-01
PKI,2017-06-01
PKI,2017-07-01
PKI,2017-08-01
PKI,2017-09-01
PKI,2017-10-01
PKI,2017-11-01
PKI,2017-12-01
PKI,2018-01-01
PKI,2018-02-01
PKI,2018-03-01
PKI,2018-04-01
PKI,2018-05-01
PKI,2018-06-01
PKI,2018-07-01
PKI,2018-08-01
PKI,2018-09-01
PKI,2018-10-01
PKI,2018-11-01
PKI,2018-12-01
PKI,2019-01-01
PKI,2019-02-01
PKI,2019-03-01
PKI,2019-04-01
PKI,2019-05-01
PKI,2019-06-01
PKI,2019-07-01
PKI,2019-08-01
PKI,2019-09-01
PKI,2019-10-01
PKI,2019-11-01
PKI,2019-12-01
PKI,2020-01-01
PKI,2020-02-01
PKI,2020-03-01
PKI,2020-04-01
PKI,2020-05-01
PKI,2020-06-01
PKI,2020-07-01
PKI,2020-08-01
PKI,2020-09-01
PKI,2020-10-01
PKI,2020-11-01
PKI,2020-12-01
PKI,2021-01-01
PKI,2021-02-01
PKI,2021-03-01
PKI,2021-04-01
PKI,2021-05-01
PKI,2021-06-01
PKI,2021-07-01
PKI,2021-08-01
PKI,2021-09-01
PKI,2021-10-01
PKI,2021-11-01
PKI,2021-12-01
PKI,2022-01-01
PKI,2022-02-01
PKI,2022-03-01
PKI,2022-04-01
PKI,2022-05-01
PKI,2022-06-01
PKI,2022-07-01
PKI,2022-08-01
PKI,2022-09-01
PKI,2022-10-01
PKI,2022-11-01
PKI,2022-12-01
PKI,2023-01-01
PKI,2023-02-01
PKI,2023-03-01
PKI,2023-04-01
PKI,2023-05-01
PLL,1996-02-01
PLL,1996-03-01
PLL,1996-04-01
PLL,1996-05-01
PLL,1996-06-01
PLL,1996-07-01
PLL,1996-08-01
PLL,1996-09-01
PLL,1996-10-01
PLL,1996-11-01
PLL,1996-12-01
PLL,1997-01-01
PLL,1997-02-01
PLL,1997-03-01
PLL,1997-04-01
PLL,1997-05-01
PLL,1997-06-01
PLL,1997-07-01
PLL,1997-08-01
PLL,1997-09-01
PLL,1997-10-01
PLL,1997-11-01
PLL,1997-12-01
PLL,1998-01-01
PLL,1998-02-01
PLL,1998-03-01
PLL,1998-04-01
PLL,1998-05-01
PLL,1998-06-01
PLL,1998-07-01
PLL,1998-08-01
PLL,1998-09-01
PLL,1998-10-01
PLL,1998-11-01
PLL,1998-12-01
PLL,1999-01-01
PLL,1999-02-01
PLL,1999-03-01
PLL,1999-04-01
PLL,1999-05-01
PLL,1999-06-01
PLL,1999-07-01
PLL,1999-08-01
PLL,1999-09-01
PLL,1999-10-01
PLL,1999-11-01
PLL,1999-12-01
PLL,2000-01-01
PLL,2000-02-01
PLL,2000-03-01
PLL,2000-04-01
PLL,2000-05-01
PLL,2000-06-01
PLL,2000-07-01
PLL,2000-08-01
PLL,2000-09-01
PLL,2000-10-01
PLL,2000-11-01
PLL,2000-12-01
PLL,2001-01-01
PLL,2001-02-01
PLL,2001-03-01
PLL,2001-04-01
PLL,2001-05-01
PLL,2001-06-01
PLL,2001-07-01
PLL,2001-08-01
PLL,2001-09-01
PLL,2001-10-01
PLL,2001-11-01
PLL,2001-12-01
PLL,2002-01-01
PLL,2002-02-01
PLL,2002-03-01
PLL,2002-04-01
PLL,2002-05-01
PLL,2002-06-01
PLL,2002-07-01
PLL,2002-08-01
PLL,2002-09-01
PLL,2002-10-01
PLL,2002-11-01
PLL,2002-12-01
PLL,2003-01-01
PLL,2003-02-01
PLL,2003-03-01
PLL,2003-04-01
PLL,2003-05-01
PLL,2003-06-01
PLL,2003-07-01
PLL,2003-08-01
PLL,2003-09-01
PLL,2003-10-01
PLL,2003-11-01
PLL,2003-12-01
PLL,2004-01-01
PLL,2004-02-01
PLL,2004-03-01
PLL,2004-04-01
PLL,2004-05-01
PLL,2004-06-01
PLL,2004-07-01
PLL,2004-08-01
PLL,2004-09-01
PLL,2004-10-01
PLL,2004-11-01
PLL,2004-12-01
PLL,2005-01-01
PLL,2005-02-01
PLL,2005-03-01
PLL,2005-04-01
PLL,2005-05-01
PLL,2005-06-01
PLL,2005-07-01
PLL,2005-08-01
PLL,2005-09-01
PLL,2005-10-01
PLL,2005-11-01
PLL,2005-12-01
PLL,2006-01-01
PLL,2006-02-01
PLL,2006-03-01
PLL,2006-04-01
PLL,2006-05-01
PLL,2006-06-01
PLL,2006-07-01
PLL,2006-08-01
PLL,2006-09-01
PLL,2006-10-01
PLL,2006-11-01
PLL,2006-12-01
PLL,2007-01-01
PLL,2007-02-01
PLL,2007-03-01
PLL,2007-04-01
PLL,2007-05-01
PLL,2007-06-01
PLL,2007-07-01
PLL,2007-08-01
PLL,2007-09-01
PLL,2007-10-01
PLL,2007-11-01
PLL,2007-12-01
PLL,2008-01-01
PLL,2008-02-01
PLL,2008-03-01
PLL,2008-04-01
PLL,2008-05-01
PLL,2008-06-01
PLL,2008-07-01
PLL,2008-08-01
PLL,2008-09-01
PLL,2008-10-01
PLL,2008-11-01
PLL,2008-12-01
PLL,2009-01-01
PLL,2009-02-01
PLL,2009-03-01
PLL,2009-04-01
PLL,2009-05-01
PLL,2009-06-01
PLL,2009-07-01
PLL,2009-08-01
PLL,2009-09-01
PLL,2009-10-01
PLL,2009-11-01
PLL,2009-12-01
PLL,2010-01-01
PLL,2010-02-01
PLL,2010-03-01
PLL,2010-04-01
PLL,2010-05-01
PLL,2010-06-01
PLL,2010-07-01
PLL,2010-08-01
PLL,2010-09-01
PLL,2010-10-01
PLL,2010-11-01
PLL,2010-12-01
PLL,2011-01-01
PLL,2011-02-01
PLL,2011-03-01
PLL,2011-04-01
PLL,2011-05-01
PLL,2011-06-01
PLL,2011-07-01
PLL,2011-08-01
PLL,2011-09-01
PLL,2011-10-01
PLL,2011-11-01
PLL,2011-12-01
PLL,2012-01-01
PLL,2012-02-01
PLL,2012-03-01
PLL,2012-04-01
PLL,2012-05-01
PLL,2012-06-01
PLL,2012-07-01
PLL,2012-08-01
PLL,2012-09-01
PLL,2012-10-01
PLL,2012-11-01
PLL,2012-12-01
PLL,2013-01-01
PLL,2013-02-01
PLL,2013-03-01
PLL,2013-04-01
PLL,2013-05-01
PLL,2013-06-01
PLL,2013-07-01
PLL,2013-08-01
PLL,2013-09-01
PLL,2013-10-01
PLL,2013-11-01
PLL,2013-12-01
PLL,2014-01-01
PLL,2014-02-01
PLL,2014-03-01
PLL,2014-04-01
PLL,2014-05-01
PLL,2014-06-01
PLL,2014-07-01
PLL,2014-08-01
PLL,2014-09-01
PLL,2014-10-01
PLL,2014-11-01
PLL,2014-12-01
PLL,2015-01-01
PLL,2015-02-01
PLL,2015-03-01
PLL,2015-04-01
PLL,2015-05-01
PLL,2015-06-01
PLL,2015-07-01
PLL,2015-08-01
PMCS,2001-09-01
PMCS,2001-10-01
PMCS,2001-11-01
PMCS,2001-12-01
PMCS,2002-01-01
PMCS,2002-02-01
PMCS,2002-03-01
PMCS,2002-04-01
PMCS,2002-05-01
PMCS,2002-06-01
PMCS,2002-07-01
PMCS,2002-08-01
PMCS,2002-09-01
PMCS,2002-10-01
PMCS,2002-11-01
PMCS,2002-12-01
PMCS,2003-01-01
PMCS,2003-02-01
PMCS,2003-03-01
PMCS,2003-04-01
PMCS,2003-05-01
PMCS,2003-06-01
PMCS,2003-07-01
PMCS,2003-08-01
PMCS,2003-09-01
PMCS,2003-10-01
PMCS,2003-11-01
PMCS,2003-12-01
PMCS,2004-01-01
PMCS,2004-02-01
PMCS,2004-03-01
PMCS,2004-04-01
PMCS,2004-05-01
PMCS,2004-06-01
PMCS,2004-07-01
PMCS,2004-08-01
PMCS,2004-09-01
PMCS,2004-10-01
PMCS,2004-11-01
PMCS,2004-12-01
PMCS,2005-01-01
PMCS,2005-02-01
PMCS,2005-03-01
PMCS,2005-04-01
PMCS,2005-05-01
PMCS,2005-06-01
PMCS,2005-07-01
PMCS,2005-08-01
PMCS,2005-09-01
PMCS,2005-10-01
PMCS,2005-11-01
PMCS,2005-12-01
PMCS,2006-01-01
PMCS,2006-02-01
PMCS,2006-03-01
PMCS,2006-04-01
PMCS,2006-05-01
PMCS,2006-06-01
PMCS,2006-07-01
PMCS,2006-08-01
PMCS,2006-09-01
PMCS,2006-10-01
PMCS,2006-11-01
PMCS,2006-12-01
PMCS,2007-01-01
PMCS,2007-02-01
PMCS,2007-03-01
PMCS,2007-04-01
PMCS,2007-05-01
PMCS,2007-06-01
PMCS,2007-07-01
PMI,1996-02-01
PMI,1996-03-01
PMI,1996-04-01
PMI,1996-05-01
PNU,1996-02-01
PNU,1996-03-01
PNU,1996-04-01
PNU,1996-05-01
PNU,1996-06-01
PNU,1996-07-01
PNU,1996-08-01
PNU,1996-09-01
PNU,1996-10-01
PNU,1996-11-01
PNU,1996-12-01
PNU,1997-01-01
PNU,1997-02-01
PNU,1997-03-01
PNU,1997-04-01
PNU,1997-05-01
PNU,1997-06-01
PNU,1997-07-01
PNU,1997-08-01
PNU,1997-09-01
PNU,1997-10-01
PNU,1997-11-01
PNU,1997-12-01
PNU,1998-01-01
PNU,1998-02-01
PNU,1998-03-01
PNU,1998-04-01
PNU,1998-05-01
PNU,1998-06-01
PNU,1998-07-01
PNU,1998-08-01
PNU,1998-09-01
PNU,1998-10-01
PNU,1998-11-01
PNU,1998-12-01
PNU,1999-01-01
PNU,1999-02-01
PNU,1999-03-01
PNU,1999-04-01
PNU,1999-05-01
PNU,1999-06-01
PNU,1999-07-01
PNU,1999-08-01
PNU,1999-09-01
PNU,1999-10-01
PNU,1999-11-01
PNU,1999-12-01
PNU,2000-01-01
PNU,2000-02-01
PNU,2000-03-01
PNU,2000-04-01
POM,2007-12-01
POM,2008-01-01
POM,2008-02-01
POM,2008-03-01
POM,2008-04-01
POM,2008-05-01
POM,2008-06-01
POM,2008-07-01
POM,2008-08-01
POM,2008-09-01
POM,2008-10-01
POM,2008-11-01
POM,2008-12-01
POM,2009-01-01
POM,2009-02-01
POM,2009-03-01
POM,2009-04-01
POM,2009-05-01
POM,2009-06-01
POM,2009-07-01
POM,2009-08-01
POM,2009-09-01
POM,2009-10-01
POM,2009-11-01
POM,2009-12-01
POM,2010-01-01
POM,2010-02-01
POM,2010-03-01
POM,2010-04-01
POM,2010-05-01
POM,2010-06-01
POM,2010-07-01
POM,2010-08-01
POM,2010-09-01
POM,2010-10-01
POM,2010-11-01
POM,2010-12-01
POM,2011-01-01
POM,2011-02-01
POM,2011-03-01
POM,2011-04-01
POM,2011-05-01
POM,2011-06-01
POM,2011-07-01
POM,2011-08-01
POM,2011-09-01
POM,2011-10-01
POM,2011-11-01
POM,2011-12-01
POM,2012-01-01
POM,2012-02-01
POM,2012-03-01
POM,2012-04-01
POM,2012-05-01
POM,2012-06-01
POM,2012-07-01
POM,2012-08-01
POM,2012-09-01
POM,2012-10-01
POM,2012-11-01
POM,2012-12-01
POM,2013-01-01
POM,2013-02-01
POM,2013-03-01
POM,2013-04-01
POM,2013-05-01
POM,2013-06-01
POM,2013-07-01
POM,2013-08-01
POM,2013-09-01
POM,2013-10-01
POM,2013-11-01
POM,2013-12-01
POM,2014-01-01
POM,2014-02-01
POM,2014-03-01
POM,2014-04-01
POM,2014-05-01
POM,2014-06-01
POM,2014-07-01
POM,2014-08-01
POM,2014-09-01
POM,2014-10-01
POM,2014-11-01
POM,2014-12-01
POM,2015-01-01
POM,2015-02-01
POM,2015-03-01
POM,2015-04-01
POM,2015-05-01
POM,2015-06-01
POM,2015-07-01
POM,2015-08-01
POM,2015-09-01
POM,2015-10-01
POM,2015-11-01
POM,2015-12-01
POM,2016-01-01
POM,2016-02-01
POM,2016-03-01
PPW,1996-02-01
PPW,1996-03-01
PPW,1996-04-01
PPW,1996-05-01
PPW,1996-06-01
PPW,1996-07-01
PPW,1996-08-01
PPW,1996-09-01
PPW,1996-10-01
PPW,1996-11-01
PPW,1996-12-01
PPW,1997-01-01
PPW,1997-02-01
PPW,1997-03-01
PPW,1997-04-01
PPW,1997-05-01
PPW,1997-06-01
PPW,1997-07-01
PPW,1997-08-01
PPW,1997-09-01
PPW,1997-10-01
PPW,1997-11-01
PPW,1997-12-01
PPW,1998-01-01
PPW,1998-02-01
PPW,1998-03-01
PPW,1998-04-01
PPW,1998-05-01
PPW,1998-06-01
PPW,1998-07-01
PPW,1998-08-01
PPW,1998-09-01
PPW,1998-10-01
PPW,1998-11-01
PPW,1998-12-01
PPW,1999-01-01
PPW,1999-02-01
PPW,1999-03-01
PPW,1999-04-01
PPW,1999-05-01
PPW,1999-06-01
PPW,1999-07-01
PPW,1999-08-01
PPW,1999-09-01
PPW,1999-10-01
PPW,1999-11-01
PRD,1996-02-01
PRD,1996-03-01
PRD,1996-04-01
PRD,1996-05-01
PRD,1996-06-01
PRD,1996-07-01
PRD,1996-08-01
PRD,1996-09-01
PRD,1996-10-01
PRD,1996-11-01
PRD,1996-12-01
PRD,1997-01-01
PRD,1997-02-01
PRD,1997-03-01
PRD,1997-04-01
PRD,1997-05-01
PRD,1997-06-01
PRD,1997-07-01
PRD,1997-08-01
PRD,1997-09-01
PRD,1997-10-01
PRD,1997-11-01
PRD,1997-12-01
PRD,1998-01-01
PRD,1998-02-01
PRD,1998-03-01
PRD,1998-04-01
PRD,1998-05-01
PRD,1998-06-01
PRD,1998-07-01
PRD,1998-08-01
PRD,1998-09-01
PRD,1998-10-01
PRD,1998-11-01
PRD,1998-12-01
PRD,1999-01-01
PRD,1999-02-01
PRD,1999-03-01
PRD,1999-04-01
PRD,1999-05-01
PRD,1999-06-01
PRD,1999-07-01
PRD,1999-08-01
PRD,1999-09-01
PRD,1999-10-01
PRD,1999-11-01
PRD,1999-12-01
PRD,2000-01-01
PRD,2000-02-01
PRD,2000-03-01
PRD,2000-04-01
PRD,2000-05-01
PRD,2000-06-01
PRD,2000-07-01
PRD,2000-08-01
PRD,2000-09-01
PRD,2000-10-01
PRD,2000-11-01
PRD,2000-12-01
PSFT,1998-11-01
PSFT,1998-12-01
PSFT,1999-01-01
PSFT,1999-02-01
PSFT,1999-03-01
PSFT,1999-04-01
PSFT,1999-05-01
PSFT,1999-06-01
PSFT,1999-07-01
PSFT,1999-08-01
PSFT,1999-09-01
PSFT,1999-10-01
PSFT,1999-11-01
PSFT,1999-12-01
PSFT,2000-01-01
PSFT,2000-02-01
PSFT,2000-03-01
PSFT,2000-04-01
PSFT,2000-05-01
PSFT,2000-06-01
PSFT,2000-07-01
PSFT,2000-08-01
PSFT,2000-09-01
PSFT,2000-10-01
PSFT,2000-11-01
PSFT,2000-12-01
PSFT,2001-01-01
PSFT,2001-02-01
PSFT,2001-03-01
PSFT,2001-04-01
PSFT,2001-05-01
PSFT,2001-06-01
PSFT,2001-07-01
PSFT,2001-08-01
PSFT,2001-09-01
PSFT,2001-10-01
PSFT,2001-11-01
PSFT,2001-12-01
PSFT,2002-01-01
PSFT,2002-02-01
PSFT,2002-03-01
PSFT,2002-04-01
PSFT,2002-05-01
PSFT,2002-06-01
PSFT,2002-07-01
PSFT,2002-08-01
PSFT,2002-09-01
PSFT,2002-10-01
PSFT,2002-11-01
PSFT,2002-12-01
PSFT,2003-01-01
PSFT,2003-02-01
PSFT,2003-03-01
PSFT,2003-04-01
PSFT,2003-05-01
PSFT,2003-06-01
PSFT,2003-07-01
PSFT,2003-08-01
PSFT,2003-09-01
PSFT,2003-10-01
PSFT,2003-11-01
PSFT,2003-12-01
PSFT,2004-01-01
PSFT,2004-02-01
PSFT,2004-03-01
PSFT,2004-04-01
PSFT,2004-05-01
PSFT,2004-06-01
PSFT,2004-07-01
PSFT,2004-08-01
PSFT,2004-09-01
PSFT,2004-10-01
PSFT,2004-11-01
PSFT,2004-12-01
PTV,1999-12-01
PTV,2000-01-01
PTV,2000-02-01
PTV,2000-03-01
PTV,2000-04-01
PTV,2000-05-01
PTV,2000-06-01
PTV,2000-07-01
PTV,2000-08-01
PTV,2000-09-01
PTV,2000-10-01
PTV,2000-11-01
PTV,2000-12-01
PTV,2001-01-01
PTV,2001-02-01
PTV,2001-03-01
PTV,2001-04-01
PTV,2001-05-01
PTV,2001-06-01
PTV,2001-07-01
PTV,2001-08-01
PTV,2001-09-01
PTV,2001-10-01
PTV,2001-11-01
PTV,2001-12-01
PTV,2002-01-01
PTV,2002-02-01
PTV,2002-03-01
PTV,2002-04-01
PTV,2002-05-01
PTV,2002-06-01
PTV,2002-07-01
PTV,2002-08-01
PTV,2002-09-01
PTV,2002-10-01
PTV,2002-11-01
PTV,2002-12-01
PTV,2003-01-01
PTV,2003-02-01
PTV,2003-03-01
PTV,2003-04-01
PTV,2003-05-01
PTV,2003-06-01
PTV,2003-07-01
PTV,2003-08-01
PTV,2003-09-01
PTV,2003-10-01
PTV,2003-11-01
PTV,2003-12-01
PTV,2004-01-01
PTV,2004-02-01
PTV,2004-03-01
PTV,2004-04-01
PTV,2004-05-01
PTV,2004-06-01
PTV,2004-07-01
PTV,2004-08-01
PTV,2004-09-01
PTV,2004-10-01
PTV,2004-11-01
PTV,2004-12-01
PTV,2005-01-01
PTV,2005-02-01
PTV,2005-03-01
PTV,2005-04-01
PTV,2005-05-01
PTV,2005-06-01
PTV,2005-07-01
PTV,2005-08-01
PTV,2005-09-01
PTV,2005-10-01
PTV,2005-11-01
PTV,2005-12-01
PTV,2006-01-01
PTV,2006-02-01
PTV,2006-03-01
PTV,2006-04-01
PTV,2006-05-01
PTV,2006-06-01
PTV,2006-07-01
PTV,2006-08-01
PTV,2006-09-01
PTV,2006-10-01
PTV,2006-11-01
PTV,2006-12-01
PTV,2007-01-01
PTV,2007-02-01
PTV,2007-03-01
PTV,2007-04-01
PTV,2007-05-01
PTV,2007-06-01
PTV,2007-07-01
PTV,2007-08-01
PTV,2007-09-01
PTV,2007-10-01
PTV,2007-11-01
PTV,2007-12-01
PTV,2008-01-01
PTV,2008-02-01
PTV,2008-03-01
PTV,2008-04-01
PTV,2008-05-01
PTV,2008-06-01
PTV,2008-07-01
PTV,2008-08-01
PTV,2008-09-01
PTV,2008-10-01
PTV,2008-11-01
PTV,2008-12-01
PTV,2009-01-01
PTV,2009-02-01
PTV,2009-03-01
PTV,2009-04-01
PTV,2009-05-01
PTV,2009-06-01
PTV,2009-07-01
PTV,2009-08-01
PTV,2009-09-01
PTV,2009-10-01
PTV,2009-11-01
PTV,2009-12-01
PTV,2010-01-01
PTV,2010-02-01
PTV,2010-03-01
PTV,2010-04-01
PTV,2010-05-01
PTV,2010-06-01
PTV,2010-07-01
PTV,2010-08-01
PTV,2010-09-01
PTV,2010-10-01
PTV,2010-11-01
PVN,1996-02-01
PVN,1996-03-01
PVN,1996-04-01
PVN,1996-05-01
PVN,1996-06-01
PVN,1996-07-01
PVN,1996-08-01
PVN,1996-09-01
PVN,1996-10-01
PVN,1996-11-01
PVN,1996-12-01
PVN,1997-01-01
PVN,1997-02-01
PVN,1997-03-01
PVN,1997-04-01
PVN,1997-05-01
PVN,1997-06-01
PVN,1997-07-01
PVN,1997-08-01
PVN,1997-09-01
PVN,1997-10-01
PVN,1997-11-01
PVN,1997-12-01
PVN,1998-01-01
PVN,1998-02-01
PVN,1998-03-01
PVN,1998-04-01
PVN,1998-05-01
PVN,1998-06-01
PVN,1998-07-01
PVN,1998-08-01
PVN,1998-09-01
PVN,1998-10-01
PVN,1998-11-01
PVN,1998-12-01
PVN,1999-01-01
PVN,1999-02-01
PVN,1999-03-01
PVN,1999-04-01
PVN,1999-05-01
PVN,1999-06-01
PVN,1999-07-01
PVN,1999-08-01
PVN,1999-09-01
PVN,1999-10-01
PVN,1999-11-01
PVN,1999-12-01
PVN,2000-01-01
PVN,2000-02-01
PVN,2000-03-01
PVN,2000-04-01
PVN,2000-05-01
PVN,2000-06-01
PVN,2000-07-01
PVN,2000-08-01
PVN,2000-09-01
PVN,2000-10-01
PVN,2000-11-01
PVN,2000-12-01
PVN,2001-01-01
PVN,2001-02-01
PVN,2001-03-01
PVN,2001-04-01
PVN,2001-05-01
PVN,2001-06-01
PVN,2001-07-01
PVN,2001-08-01
PVN,2001-09-01
PVN,2001-10-01
PVN,2001-11-01
PVN,2001-12-01
PVN,2002-01-01
PVN,2002-02-01
PVN,2002-03-01
PVN,2002-04-01
PVN,2002-05-01
PVN,2002-06-01
PVN,2002-07-01
PVN,2002-08-01
PVN,2002-09-01
PVN,2002-10-01
PVN,2002-11-01
PVN,2002-12-01
PVN,2003-01-01
PVN,2003-02-01
PVN,2003-03-01
PVN,2003-04-01
PVN,2003-05-01
PVN,2003-06-01
PVN,2003-07-01
PVN,2003-08-01
PVN,2003-09-01
PVN,2003-10-01
PVN,2003-11-01
PVN,2003-12-01
PVN,2004-01-01
PVN,2004-02-01
PVN,2004-03-01
PVN,2004-04-01
PVN,2004-05-01
PVN,2004-06-01
PVN,2004-07-01
PVN,2004-08-01
PVN,2004-09-01
PVN,2004-10-01
PVN,2004-11-01
PVN,2004-12-01
PVN,2005-01-01
PVN,2005-02-01
PVN,2005-03-01
PVN,2005-04-01
PVN,2005-05-01
PVN,2005-06-01
PVN,2005-07-01
PVN,2005-08-01
PVN,2005-09-01
PVN,2005-10-01
PVT,1998-09-01
PVT,1998-10-01
PVT,1998-11-01
PVT,1998-12-01
PVT,1999-01-01
PVT,1999-02-01
PVT,1999-03-01
PVT,1999-04-01
PVT,1999-05-01
PVT,1999-06-01
PWER,2000-11-01
PWER,2000-12-01
PWER,2001-01-01
PWER,2001-02-01
PWER,2001-03-01
PWER,2001-04-01
PWER,2001-05-01
PWER,2001-06-01
PWER,2001-07-01
PWER,2001-08-01
PWER,2001-09-01
PWER,2001-10-01
PWER,2001-11-01
PWER,2001-12-01
PWER,2002-01-01
PWER,2002-02-01
PWER,2002-03-01
PWER,2002-04-01
PWER,2002-05-01
PWER,2002-06-01
PWER,2002-07-01
PWER,2002-08-01
PWER,2002-09-01
PWER,2002-10-01
PWER,2002-11-01
PWER,2002-12-01
PWER,2003-01-01
PWER,2003-02-01
PWER,2003-03-01
PWER,2003-04-01
PWER,2003-05-01
PWER,2003-06-01
PWER,2003-07-01
PWER,2003-08-01
PWER,2003-09-01
PWER,2003-10-01
PWER,2003-11-01
PWER,2003-12-01
PWER,2004-01-01
PWER,2004-02-01
PWER,2004-03-01
PWER,2004-04-01
PWER,2004-05-01
PWER,2004-06-01
PWER,2004-07-01
PWER,2004-08-01
PWER,2004-09-01
PWER,2004-10-01
PWER,2004-11-01
PWER,2004-12-01
PWER,2005-01-01
PWER,2005-02-01
PWER,2005-03-01
PWJ,1999-07-01
PWJ,1999-08-01
PWJ,1999-09-01
PWJ,1999-10-01
PWJ,1999-11-01
PWJ,1999-12-01
PWJ,2000-01-01
PWJ,2000-02-01
PWJ,2000-03-01
PWJ,2000-04-01
PWJ,2000-05-01
PWJ,2000-06-01
PWJ,2000-07-01
PWJ,2000-08-01
PWJ,2000-09-01
PWJ,2000-10-01
PWJ,2000-11-01
PX,1996-02-01
PX,1996-03-01
PX,1996-04-01
PX,1996-05-01
PX,1996-06-01
PX,1996-07-01
PX,1996-08-01
PX,1996-09-01
PX,1996-10-01
PX,1996-11-01
PX,1996-12-01
PX,1997-01-01
PX,1997-02-01
PX,1997-03-01
PX,1997-04-01
PX,1997-05-01
PX,1997-06-01
PX,1997-07-01
PX,1997-08-01
PX,1997-09-01
PX,1997-10-01
PX,1997-11-01
PX,1997-12-01
PX,1998-01-01
PX,1998-02-01
PX,1998-03-01
PX,1998-04-01
PX,1998-05-01
PX,1998-06-01
PX,1998-07-01
PX,1998-08-01
PX,1998-09-01
PX,1998-10-01
PX,1998-11-01
PX,1998-12-01
PX,1999-01-01
PX,1999-02-01
PX,1999-03-01
PX,1999-04-01
PX,1999-05-01
PX,1999-06-01
PX,1999-07-01
PX,1999-08-01
PX,1999-09-01
PX,1999-10-01
PX,1999-11-01
PX,1999-12-01
PX,2000-01-01
PX,2000-02-01
PX,2000-03-01
PX,2000-04-01
PX,2000-05-01
PX,2000-06-01
PX,2000-07-01
PX,2000-08-01
PX,2000-09-01
PX,2000-10-01
PX,2000-11-01
PX,2000-12-01
PX,2001-01-01
PX,2001-02-01
PX,2001-03-01
PX,2001-04-01
PX,2001-05-01
PX,2001-06-01
PX,2001-07-01
PX,2001-08-01
PX,2001-09-01
PX,2001-10-01
PX,2001-11-01
PX,2001-12-01
PX,2002-01-01
PX,2002-02-01
PX,2002-03-01
PX,2002-04-01
PX,2002-05-01
PX,2002-06-01
PX,2002-07-01
PX,2002-08-01
PX,2002-09-01
PX,2002-10-01
PX,2002-11-01
PX,2002-12-01
PX,2003-01-01
PX,2003-02-01
PX,2003-03-01
PX,2003-04-01
PX,2003-05-01
PX,2003-06-01
PX,2003-07-01
PX,2003-08-01
PX,2003-09-01
PX,2003-10-01
PX,2003-11-01
PX,2003-12-01
PX,2004-01-01
PX,2004-02-01
PX,2004-03-01
PX,2004-04-01
PX,2004-05-01
PX,2004-06-01
PX,2004-07-01
PX,2004-08-01
PX,2004-09-01
PX,2004-10-01
PX,2004-11-01
PX,2004-12-01
PX,2005-01-01
PX,2005-02-01
PX,2005-03-01
PX,2005-04-01
PX,2005-05-01
PX,2005-06-01
PX,2005-07-01
PX,2005-08-01
PX,2005-09-01
PX,2005-10-01
PX,2005-11-01
PX,2005-12-01
PX,2006-01-01
PX,2006-02-01
PX,2006-03-01
PX,2006-04-01
PX,2006-05-01
PX,2006-06-01
PX,2006-07-01
PX,2006-08-01
PX,2006-09-01
PX,2006-10-01
PX,2006-11-01
PX,2006-12-01
PX,2007-01-01
PX,2007-02-01
PX,2007-03-01
PX,2007-04-01
PX,2007-05-01
PX,2007-06-01
PX,2007-07-01
PX,2007-08-01
PX,2007-09-01
PX,2007-10-01
PX,2007-11-01
PX,2007-12-01
PX,2008-01-01
PX,2008-02-01
PX,2008-03-01
PX,2008-04-01
PX,2008-05-01
PX,2008-06-01
PX,2008-07-01
PX,2008-08-01
PX,2008-09-01
PX,2008-10-01
PX,2008-11-01
PX,2008-12-01
PX,2009-01-01
PX,2009-02-01
PX,2009-03-01
PX,2009-04-01
PX,2009-05-01
PX,2009-06-01
PX,2009-07-01
PX,2009-08-01
PX,2009-09-01
PX,2009-10-01
PX,2009-11-01
PX,2009-12-01
PX,2010-01-01
PX,2010-02-01
PX,2010-03-01
PX,2010-04-01
PX,2010-05-01
PX,2010-06-01
PX,2010-07-01
PX,2010-08-01
PX,2010-09-01
PX,2010-10-01
PX,2010-11-01
PX,2010-12-01
PX,2011-01-01
PX,2011-02-01
PX,2011-03-01
PX,2011-04-01
PX,2011-05-01
PX,2011-06-01
PX,2011-07-01
PX,2011-08-01
PX,2011-09-01
PX,2011-10-01
PX,2011-11-01
PX,2011-12-01
PX,2012-01-01
PX,2012-02-01
PX,2012-03-01
PX,2012-04-01
PX,2012-05-01
PX,2012-06-01
PX,2012-07-01
PX,2012-08-01
PX,2012-09-01
PX,2012-10-01
PX,2012-11-01
PX,2012-12-01
PX,2013-01-01
PX,2013-02-01
PX,2013-03-01
PX,2013-04-01
PX,2013-05-01
PX,2013-06-01
PX,2013-07-01
PX,2013-08-01
PX,2013-09-01
PX,2013-10-01
PX,2013-11-01
PX,2013-12-01
PX,2014-01-01
PX,2014-02-01
PX,2014-03-01
PX,2014-04-01
PX,2014-05-01
PX,2014-06-01
PX,2014-07-01
PX,2014-08-01
PX,2014-09-01
PX,2014-10-01
PX,2014-11-01
PX,2014-12-01
PX,2015-01-01
PX,2015-02-01
PX,2015-03-01
PX,2015-04-01
PX,2015-05-01
PX,2015-06-01
PX,2015-07-01
PX,2015-08-01
PX,2015-09-01
PX,2015-10-01
PX,2015-11-01
PX,2015-12-01
PX,2016-01-01
PX,2016-02-01
PX,2016-03-01
PX,2016-04-01
PX,2016-05-01
PX,2016-06-01
PX,2016-07-01
PX,2016-08-01
PX,2016-09-01
PX,2016-10-01
PX,2016-11-01
PX,2016-12-01
PX,2017-01-01
PX,2017-02-01
PX,2017-03-01
PX,2017-04-01
PX,2017-05-01
PX,2017-06-01
PX,2017-07-01
PX,2017-08-01
PX,2017-09-01
PX,2017-10-01
PX,2017-11-01
PX,2017-12-01
PX,2018-01-01
PX,2018-02-01
PX,2018-03-01
PX,2018-04-01
PX,2018-05-01
PX,2018-06-01
PX,2018-07-01
PX,2018-08-01
PX,2018-09-01
PX,2018-10-01
PXD,2008-10-01
PXD,2008-11-01
PXD,2008-12-01
PXD,2009-01-01
PXD,2009-02-01
PXD,2009-03-01
PXD,2009-04-01
PXD,2009-05-01
PXD,2009-06-01
PXD,2009-07-01
PXD,2009-08-01
PXD,2009-09-01
PXD,2009-10-01
PXD,2009-11-01
PXD,2009-12-01
PXD,2010-01-01
PXD,2010-02-01
PXD,2010-03-01
PXD,2010-04-01
PXD,2010-05-01
PXD,2010-06-01
PXD,2010-07-01
PXD,2010-08-01
PXD,2010-09-01
PXD,2010-10-01
PXD,2010-11-01
PXD,2010-12-01
PXD,2011-01-01
PXD,2011-02-01
PXD,2011-03-01
PXD,2011-04-01
PXD,2011-05-01
PXD,2011-06-01
PXD,2011-07-01
PXD,2011-08-01
PXD,2011-09-01
PXD,2011-10-01
PXD,2011-11-01
PXD,2011-12-01
PXD,2012-01-01
PXD,2012-02-01
PXD,2012-03-01
PXD,2012-04-01
PXD,2012-05-01
PXD,2012-06-01
PXD,2012-07-01
PXD,2012-08-01
PXD,2012-09-01
PXD,2012-10-01
PXD,2012-11-01
PXD,2012-12-01
PXD,2013-01-01
PXD,2013-02-01
PXD,2013-03-01
PXD,2013-04-01
PXD,2013-05-01
PXD,2013-06-01
PXD,2013-07-01
PXD,2013-08-01
PXD,2013-09-01
PXD,2013-10-01
PXD,2013-11-01
PXD,2013-12-01
PXD,2014-01-01
PXD,2014-02-01
PXD,2014-03-01
PXD,2014-04-01
PXD,2014-05-01
PXD,2014-06-01
PXD,2014-07-01
PXD,2014-08-01
PXD,2014-09-01
PXD,2014-10-01
PXD,2014-11-01
PXD,2014-12-01
PXD,2015-01-01
PXD,2015-02-01
PXD,2015-03-01
PXD,2015-04-01
PXD,2015-05-01
PXD,2015-06-01
PXD,2015-07-01
PXD,2015-08-01
PXD,2015-09-01
PXD,2015-10-01
PXD,2015-11-01
PXD,2015-12-01
PXD,2016-01-01
PXD,2016-02-01
PXD,2016-03-01
PXD,2016-04-01
PXD,2016-05-01
PXD,2016-06-01
PXD,2016-07-01
PXD,2016-08-01
PXD,2016-09-01
PXD,2016-10-01
PXD,2016-11-01
PXD,2016-12-01
PXD,2017-01-01
PXD,2017-02-01
PXD,2017-03-01
PXD,2017-04-01
PXD,2017-05-01
PXD,2017-06-01
PXD,2017-07-01
PXD,2017-08-01
PXD,2017-09-01
PXD,2017-10-01
PXD,2017-11-01
PXD,2017-12-01
PXD,2018-01-01
PXD,2018-02-01
PXD,2018-03-01
PXD,2018-04-01
PXD,2018-05-01
PXD,2018-06-01
PXD,2018-07-01
PXD,2018-08-01
PXD,2018-09-01
PXD,2018-10-01
PXD,2018-11-01
PXD,2018-12-01
PXD,2019-01-01
PXD,2019-02-01
PXD,2019-03-01
PXD,2019-04-01
PXD,2019-05-01
PXD,2019-06-01
PXD,2019-07-01
PXD,2019-08-01
PXD,2019-09-01
PXD,2019-10-01
PXD,2019-11-01
PXD,2019-12-01
PXD,2020-01-01
PXD,2020-02-01
PXD,2020-03-01
PXD,2020-04-01
PXD,2020-05-01
PXD,2020-06-01
PXD,2020-07-01
PXD,2020-08-01
PXD,2020-09-01
PXD,2020-10-01
PXD,2020-11-01
PXD,2020-12-01
PXD,2021-01-01
PXD,2021-02-01
PXD,2021-03-01
PXD,2021-04-01
PXD,2021-05-01
PXD,2021-06-01
PXD,2021-07-01
PXD,2021-08-01
PXD,2021-09-01
PXD,2021-10-01
PXD,2021-11-01
PXD,2021-12-01
PXD,2022-01-01
PXD,2022-02-01
PXD,2022-03-01
PXD,2022-04-01
PXD,2022-05-01
PXD,2022-06-01
PXD,2022-07-01
PXD,2022-08-01
PXD,2022-09-01
PXD,2022-10-01
PXD,2022-11-01
PXD,2022-12-01
PXD,2023-01-01
PXD,2023-02-01
PXD,2023-03-01
PXD,2023-04-01
PXD,2023-05-01
PXD,2023-06-01
PXD,2023-07-01
PXD,2023-08-01
PXD,2023-09-01
PXD,2023-10-01
PXD,2023-11-01
PXD,2023-12-01
PXD,2024-01-01
PXD,2024-02-01
PXD,2024-03-01
PXD,2024-04-01
PXD,2024-05-01
PZE,1996-02-01
PZE,1996-03-01
PZE,1996-04-01
PZE,1996-05-01
PZE,1996-06-01
PZE,1996-07-01
PZE,1996-08-01
PZE,1996-09-01
PZE,1996-10-01
PZE,1996-11-01
PZE,1996-12-01
PZE,1997-01-01
PZE,1997-02-01
PZE,1997-03-01
PZE,1997-04-01
PZE,1997-05-01
PZE,1997-06-01
PZE,1997-07-01
PZE,1997-08-01
PZE,1997-09-01
PZE,1997-10-01
PZE,1997-11-01
PZE,1997-12-01
PZE,1998-01-01
PZE,1998-02-01
PZE,1998-03-01
PZE,1998-04-01
PZE,1998-05-01
PZE,1998-06-01
PZE,1998-07-01
PZE,1998-08-01
PZE,1998-09-01
PZE,1998-10-01
PZE,1998-11-01
PZE,1998-12-01
Q,2000-08-01
Q,2000-09-01
Q,2000-10-01
Q,2000-11-01
Q,2000-12-01
Q,2001-01-01
Q,2001-02-01
Q,2001-03-01
Q,2001-04-01
Q,2001-05-01
Q,2001-06-01
Q,2001-07-01
Q,2001-08-01
Q,2001-09-01
Q,2001-10-01
Q,2001-11-01
Q,2001-12-01
Q,2002-01-01
Q,2002-02-01
Q,2002-03-01
Q,2002-04-01
Q,2002-05-01
Q,2002-06-01
Q,2002-07-01
Q,2002-08-01
Q,2002-09-01
Q,2002-10-01
Q,2002-11-01
Q,2002-12-01
Q,2003-01-01
Q,2003-02-01
Q,2003-03-01
Q,2003-04-01
Q,2003-05-01
Q,2003-06-01
Q,2003-07-01
Q,2003-08-01
Q,2003-09-01
Q,2003-10-01
Q,2003-11-01
Q,2003-12-01
Q,2004-01-01
Q,2004-02-01
Q,2004-03-01
Q,2004-04-01
Q,2004-05-01
Q,2004-06-01
Q,2004-07-01
Q,2004-08-01
Q,2004-09-01
Q,2004-10-01
Q,2004-11-01
Q,2004-12-01
Q,2005-01-01
Q,2005-02-01
Q,2005-03-01
Q,2005-04-01
Q,2005-05-01
Q,2005-06-01
Q,2005-07-01
Q,2005-08-01
Q,2005-09-01
Q,2005-10-01
Q,2005-11-01
Q,2005-12-01
Q,2006-01-01
Q,2006-02-01
Q,2006-03-01
Q,2006-04-01
Q,2006-05-01
Q,2006-06-01
Q,2006-07-01
Q,2006-08-01
Q,2006-09-01
Q,2006-10-01
Q,2006-11-01
Q,2006-12-01
Q,2007-01-01
Q,2007-02-01
Q,2007-03-01
Q,2007-04-01
Q,2007-05-01
Q,2007-06-01
Q,2007-07-01
Q,2007-08-01
Q,2007-09-01
Q,2007-10-01
Q,2007-11-01
Q,2007-12-01
Q,2008-01-01
Q,2008-02-01
Q,2008-03-01
Q,2008-04-01
Q,2008-05-01
Q,2008-06-01
Q,2008-07-01
Q,2008-08-01
Q,2008-09-01
Q,2008-10-01
Q,2008-11-01
Q,2008-12-01
Q,2009-01-01
Q,2009-02-01
Q,2009-03-01
Q,2009-04-01
Q,2009-05-01
Q,2009-06-01
Q,2009-07-01
Q,2009-08-01
Q,2009-09-01
Q,2009-10-01
Q,2009-11-01
Q,2009-12-01
Q,2010-01-01
Q,2010-02-01
Q,2010-03-01
Q,2010-04-01
Q,2010-05-01
Q,2010-06-01
Q,2010-07-01
Q,2010-08-01
Q,2010-09-01
Q,2010-10-01
Q,2010-11-01
Q,2010-12-01
Q,2011-01-01
Q,2011-02-01
Q,2011-03-01
QEP,2010-07-01
QEP,2010-08-01
QEP,2010-09-01
QEP,2010-10-01
QEP,2010-11-01
QEP,2010-12-01
QEP,2011-01-01
QEP,2011-02-01
QEP,2011-03-01
QEP,2011-04-01
QEP,2011-05-01
QEP,2011-06-01
QEP,2011-07-01
QEP,2011-08-01
QEP,2011-09-01
QEP,2011-10-01
QEP,2011-11-01
QEP,2011-12-01
QEP,2012-01-01
QEP,2012-02-01
QEP,2012-03-01
QEP,2012-04-01
QEP,2012-05-01
QEP,2012-06-01
QEP,2012-07-01
QEP,2012-08-01
QEP,2012-09-01
QEP,2012-10-01
QEP,2012-11-01
QEP,2012-12-01
QEP,2013-01-01
QEP,2013-02-01
QEP,2013-03-01
QEP,2013-04-01
QEP,2013-05-01
QEP,2013-06-01
QEP,2013-07-01
QEP,2013-08-01
QEP,2013-09-01
QEP,2013-10-01
QEP,2013-11-01
QEP,2013-12-01
QEP,2014-01-01
QEP,2014-02-01
QEP,2014-03-01
QEP,2014-04-01
QEP,2014-05-01
QEP,2014-06-01
QEP,2014-07-01
QEP,2014-08-01
QEP,2014-09-01
QEP,2014-10-01
QEP,2014-11-01
QEP,2014-12-01
QEP,2015-01-01
QEP,2015-02-01
QEP,2015-03-01
QEP,2015-04-01
QEP,2015-05-01
QEP,2015-06-01
QLGC,2001-01-01
QLGC,2001-02-01
QLGC,2001-03-01
QLGC,2001-04-01
QLGC,2001-05-01
QLGC,2001-06-01
QLGC,2001-07-01
QLGC,2001-08-01
QLGC,2001-09-01
QLGC,2001-10-01
QLGC,2001-11-01
QLGC,2001-12-01
QLGC,2002-01-01
QLGC,2002-02-01
QLGC,2002-03-01
QLGC,2002-04-01
QLGC,2002-05-01
QLGC,2002-06-01
QLGC,2002-07-01
QLGC,2002-08-01
QLGC,2002-09-01
QLGC,2002-10-01
QLGC,2002-11-01
QLGC,2002-12-01
QLGC,2003-01-01
QLGC,2003-02-01
QLGC,2003-03-01
QLGC,2003-04-01
QLGC,2003-05-01
QLGC,2003-06-01
QLGC,2003-07-01
QLGC,2003-08-01
QLGC,2003-09-01
QLGC,2003-10-01
QLGC,2003-11-01
QLGC,2003-12-01
QLGC,2004-01-01
QLGC,2004-02-01
QLGC,2004-03-01
QLGC,2004-04-01
QLGC,2004-05-01
QLGC,2004-06-01
QLGC,2004-07-01
QLGC,2004-08-01
QLGC,2004-09-01
QLGC,2004-10-01
QLGC,2004-11-01
QLGC,2004-12-01
QLGC,2005-01-01
QLGC,2005-02-01
QLGC,2005-03-01
QLGC,2005-04-01
QLGC,2005-05-01
QLGC,2005-06-01
QLGC,2005-07-01
QLGC,2005-08-01
QLGC,2005-09-01
QLGC,2005-10-01
QLGC,2005-11-01
QLGC,2005-12-01
QLGC,2006-01-01
QLGC,2006-02-01
QLGC,2006-03-01
QLGC,2006-04-01
QLGC,2006-05-01
QLGC,2006-06-01
QLGC,2006-07-01
QLGC,2006-08-01
QLGC,2006-09-01
QLGC,2006-10-01
QLGC,2006-11-01
QLGC,2006-12-01
QLGC,2007-01-01
QLGC,2007-02-01
QLGC,2007-03-01
QLGC,2007-04-01
QLGC,2007-05-01
QLGC,2007-06-01
QLGC,2007-07-01
QLGC,2007-08-01
QLGC,2007-09-01
QLGC,2007-10-01
QLGC,2007-11-01
QLGC,2007-12-01
QLGC,2008-01-01
QLGC,2008-02-01
QLGC,2008-03-01
QLGC,2008-04-01
QLGC,2008-05-01
QLGC,2008-06-01
QLGC,2008-07-01
QLGC,2008-08-01
QLGC,2008-09-01
QLGC,2008-10-01
QLGC,2008-11-01
QLGC,2008-12-01
QLGC,2009-01-01
QLGC,2009-02-01
QLGC,2009-03-01
QLGC,2009-04-01
QLGC,2009-05-01
QLGC,2009-06-01
QLGC,2009-07-01
QLGC,2009-08-01
QLGC,2009-09-01
QLGC,2009-10-01
QLGC,2009-11-01
QLGC,2009-12-01
QLGC,2010-01-01
QLGC,2010-02-01
QLGC,2010-03-01
QLGC,2010-04-01
QLGC,2010-05-01
QLGC,2010-06-01
QLGC,2010-07-01
QLGC,2010-08-01
QLGC,2010-09-01
QLGC,2010-10-01
QLGC,2010-11-01
QLGC,2010-12-01
QLGC,2011-01-01
QTRN,1999-12-01
QTRN,2000-01-01
QTRN,2000-02-01
QTRN,2000-03-01
QTRN,2000-04-01
QTRN,2000-05-01
QTRN,2000-06-01
QTRN,2000-07-01
QTRN,2000-08-01
QTRN,2000-09-01
QTRN,2000-10-01
QTRN,2000-11-01
QTRN,2000-12-01
QTRN,2001-01-01
QTRN,2001-02-01
QTRN,2001-03-01
QTRN,2001-04-01
QTRN,2001-05-01
QTRN,2001-06-01
QTRN,2001-07-01
QTRN,2001-08-01
QTRN,2001-09-01
QTRN,2001-10-01
QTRN,2001-11-01
QTRN,2001-12-01
QTRN,2002-01-01
QTRN,2002-02-01
QTRN,2002-03-01
QTRN,2002-04-01
QTRN,2002-05-01
QTRN,2002-06-01
QTRN,2002-07-01
QTRN,2002-08-01
QTRN,2002-09-01
QTRN,2002-10-01
QTRN,2002-11-01
QTRN,2002-12-01
QTRN,2003-01-01
QTRN,2003-02-01
QTRN,2003-03-01
QTRN,2003-04-01
QTRN,2003-05-01
QTRN,2003-06-01
QTRN,2003-07-01
QTRN,2003-08-01
QTRN,2003-09-01
RAD,1996-02-01
RAD,1996-03-01
RAD,1996-04-01
RAD,1996-05-01
RAD,1996-06-01
RAD,1996-07-01
RAD,1996-08-01
RAD,1996-09-01
RAD,1996-10-01
RAD,1996-11-01
RAD,1996-12-01
RAD,1997-01-01
RAD,1997-02-01
RAD,1997-03-01
RAD,1997-04-01
RAD,1997-05-01
RAD,1997-06-01
RAD,1997-07-01
RAD,1997-08-01
RAD,1997-09-01
RAD,1997-10-01
RAD,1997-11-01
RAD,1997-12-01
RAD,1998-01-01
RAD,1998-02-01
RAD,1998-03-01
RAD,1998-04-01
RAD,1998-05-01
RAD,1998-06-01
RAD,1998-07-01
RAD,1998-08-01
RAD,1998-09-01
RAD,1998-10-01
RAD,1998-11-01
RAD,1998-12-01
RAD,1999-01-01
RAD,1999-02-01
RAD,1999-03-01
RAD,1999-04-01
RAD,1999-05-01
RAD,1999-06-01
RAD,1999-07-01
RAD,1999-08-01
RAD,1999-09-01
RAD,1999-10-01
RAD,1999-11-01
RAD,1999-12-01
RAD,2000-01-01
RAD,2000-02-01
RAD,2000-03-01
RAD,2000-04-01
RAD,2000-05-01
RAD,2000-06-01
RAD,2000-07-01
RAI,2002-10-01
RAI,2002-11-01
RAI,2002-12-01
RAI,2003-01-01
RAI,2003-02-01
RAI,2003-03-01
RAI,2003-04-01
RAI,2003-05-01
RAI,2003-06-01
RAI,2003-07-01
RAI,2003-08-01
RAI,2003-09-01
RAI,2003-10-01
RAI,2003-11-01
RAI,2003-12-01
RAI,2004-01-01
RAI,2004-02-01
RAI,2004-03-01
RAI,2004-04-01
RAI,2004-05-01
RAI,2004-06-01
RAI,2004-07-01
RAI,2004-08-01
RAI,2004-09-01
RAI,2004-10-01
RAI,2004-11-01
RAI,2004-12-01
RAI,2005-01-01
RAI,2005-02-01
RAI,2005-03-01
RAI,2005-04-01
RAI,2005-05-01
RAI,2005-06-01
RAI,2005-07-01
RAI,2005-08-01
RAI,2005-09-01
RAI,2005-10-01
RAI,2005-11-01
RAI,2005-12-01
RAI,2006-01-01
RAI,2006-02-01
RAI,2006-03-01
RAI,2006-04-01
RAI,2006-05-01
RAI,2006-06-01
RAI,2006-07-01
RAI,2006-08-01
RAI,2006-09-01
RAI,2006-10-01
RAI,2006-11-01
RAI,2006-12-01
RAI,2007-01-01
RAI,2007-02-01
RAI,2007-03-01
RAI,2007-04-01
RAI,2007-05-01
RAI,2007-06-01
RAI,2007-07-01
RAI,2007-08-01
RAI,2007-09-01
RAI,2007-10-01
RAI,2007-11-01
RAI,2007-12-01
RAI,2008-01-01
RAI,2008-02-01
RAI,2008-03-01
RAI,2008-04-01
RAI,2008-05-01
RAI,2008-06-01
RAI,2008-07-01
RAI,2008-08-01
RAI,2008-09-01
RAI,2008-10-01
RAI,2008-11-01
RAI,2008-12-01
RAI,2009-01-01
RAI,2009-02-01
RAI,2009-03-01
RAI,2009-04-01
RAI,2009-05-01
RAI,2009-06-01
RAI,2009-07-01
RAI,2009-08-01
RAI,2009-09-01
RAI,2009-10-01
RAI,2009-11-01
RAI,2009-12-01
RAI,2010-01-01
RAI,2010-02-01
RAI,2010-03-01
RAI,2010-04-01
RAI,2010-05-01
RAI,2010-06-01
RAI,2010-07-01
RAI,2010-08-01
RAI,2010-09-01
RAI,2010-10-01
RAI,2010-11-01
RAI,2010-12-01
RAI,2011-01-01
RAI,2011-02-01
RAI,2011-03-01
RAI,2011-04-01
RAI,2011-05-01
RAI,2011-06-01
RAI,2011-07-01
RAI,2011-08-01
RAI,2011-09-01
RAI,2011-10-01
RAI,2011-11-01
RAI,2011-12-01
RAI,2012-01-01
RAI,2012-02-01
RAI,2012-03-01
RAI,2012-04-01
RAI,2012-05-01
RAI,2012-06-01
RAI,2012-07-01
RAI,2012-08-01
RAI,2012-09-01
RAI,2012-10-01
RAI,2012-11-01
RAI,2012-12-01
RAI,2013-01-01
RAI,2013-02-01
RAI,2013-03-01
RAI,2013-04-01
RAI,2013-05-01
RAI,2013-06-01
RAI,2013-07-01
RAI,2013-08-01
RAI,2013-09-01
RAI,2013-10-01
RAI,2013-11-01
RAI,2013-12-01
RAI,2014-01-01
RAI,2014-02-01
RAI,2014-03-01
RAI,2014-04-01
RAI,2014-05-01
RAI,2014-06-01
RAI,2014-07-01
RAI,2014-08-01
RAI,2014-09-01
RAI,2014-10-01
RAI,2014-11-01
RAI,2014-12-01
RAI,2015-01-01
RAI,2015-02-01
RAI,2015-03-01
RAI,2015-04-01
RAI,2015-05-01
RAI,2015-06-01
RAI,2015-07-01
RAI,2015-08-01
RAI,2015-09-01
RAI,2015-10-01
RAI,2015-11-01
RAI,2015-12-01
RAI,2016-01-01
RAI,2016-02-01
RAI,2016-03-01
RAI,2016-04-01
RAI,2016-05-01
RAI,2016-06-01
RAI,2016-07-01
RAI,2016-08-01
RAI,2016-09-01
RAI,2016-10-01
RAI,2016-11-01
RAI,2016-12-01
RAI,2017-01-01
RAI,2017-02-01
RAI,2017-03-01
RAI,2017-04-01
RAI,2017-05-01
RAI,2017-06-01
RAI,2017-07-01
RAL,1996-02-01
RAL,1996-03-01
RAL,1996-04-01
RAL,1996-05-01
RAL,1996-06-01
RAL,1996-07-01
RAL,1996-08-01
RAL,1996-09-01
RAL,1996-10-01
RAL,1996-11-01
RAL,1996-12-01
RAL,1997-01-01
RAL,1997-02-01
RAL,1997-03-01
RAL,1997-04-01
RAL,1997-05-01
RAL,1997-06-01
RAL,1997-07-01
RAL,1997-08-01
RAL,1997-09-01
RAL,1997-10-01
RAL,1997-11-01
RAL,1997-12-01
RAL,1998-01-01
RAL,1998-02-01
RAL,1998-03-01
RAL,1998-04-01
RAL,1998-05-01
RAL,1998-06-01
RAL,1998-07-01
RAL,1998-08-01
RAL,1998-09-01
RAL,1998-10-01
RAL,1998-11-01
RAL,1998-12-01
RAL,1999-01-01
RAL,1999-02-01
RAL,1999-03-01
RAL,1999-04-01
RAL,1999-05-01
RAL,1999-06-01
RAL,1999-07-01
RAL,1999-08-01
RAL,1999-09-01
RAL,1999-10-01
RAL,1999-11-01
RAL,1999-12-01
RAL,2000-01-01
RAL,2000-02-01
RAL,2000-03-01
RAL,2000-04-01
RAL,2000-05-01
RAL,2000-06-01
RAL,2000-07-01
RAL,2000-08-01
RAL,2000-09-01
RAL,2000-10-01
RAL,2000-11-01
RAL,2000-12-01
RAL,2001-01-01
RAL,2001-02-01
RAL,2001-03-01
RAL,2001-04-01
RAL,2001-05-01
RAL,2001-06-01
RAL,2001-07-01
RAL,2001-08-01
RAL,2001-09-01
RAL,2001-10-01
RAL,2001-11-01
RAL,2001-12-01
RATL,2002-02-01
RATL,2002-03-01
RATL,2002-04-01
RATL,2002-05-01
RATL,2002-06-01
RATL,2002-07-01
RATL,2002-08-01
RATL,2002-09-01
RATL,2002-10-01
RATL,2002-11-01
RATL,2002-12-01
RATL,2003-01-01
RATL,2003-02-01
RBD,1996-02-01
RBD,1996-03-01
RBD,1996-04-01
RBD,1996-05-01
RBD,1996-06-01
RBD,1996-07-01
RBD,1996-08-01
RBD,1996-09-01
RBD,1996-10-01
RBD,1996-11-01
RBD,1996-12-01
RBD,1997-01-01
RBD,1997-02-01
RBD,1997-03-01
RBD,1997-04-01
RBD,1997-05-01
RBD,1997-06-01
RBD,1997-07-01
RBD,1997-08-01
RBD,1997-09-01
RBD,1997-10-01
RBD,1997-11-01
RBD,1997-12-01
RBD,1998-01-01
RBD,1998-02-01
RBD,1998-03-01
RBD,1998-04-01
RBD,1998-05-01
RBD,1998-06-01
RBD,1998-07-01
RBD,1998-08-01
RBD,1998-09-01
RBD,1998-10-01
RBD,1998-11-01
RBD,1998-12-01
RBD,1999-01-01
RBD,1999-02-01
RBD,1999-03-01
RBK,1996-02-01
RBK,1996-03-01
RBK,1996-04-01
RBK,1996-05-01
RBK,1996-06-01
RBK,1996-07-01
RBK,1996-08-01
RBK,1996-09-01
RBK,1996-10-01
RBK,1996-11-01
RBK,1996-12-01
RBK,1997-01-01
RBK,1997-02-01
RBK,1997-03-01
RBK,1997-04-01
RBK,1997-05-01
RBK,1997-06-01
RBK,1997-07-01
RBK,1997-08-01
RBK,1997-09-01
RBK,1997-10-01
RBK,1997-11-01
RBK,1997-12-01
RBK,1998-01-01
RBK,1998-02-01
RBK,1998-03-01
RBK,1998-04-01
RBK,1998-05-01
RBK,1998-06-01
RBK,1998-07-01
RBK,1998-08-01
RBK,1998-09-01
RBK,1998-10-01
RBK,1998-11-01
RBK,1998-12-01
RBK,1999-01-01
RBK,1999-02-01
RBK,1999-03-01
RBK,1999-04-01
RBK,1999-05-01
RBK,1999-06-01
RBK,1999-07-01
RBK,1999-08-01
RBK,1999-09-01
RBK,1999-10-01
RBK,1999-11-01
RBK,1999-12-01
RBK,2000-01-01
RBK,2000-02-01
RBK,2000-03-01
RBK,2000-04-01
RBK,2000-05-01
RBK,2000-06-01
RBK,2000-07-01
RBK,2000-08-01
RBK,2000-09-01
RBK,2000-10-01
RBK,2000-11-01
RBK,2000-12-01
RBK,2001-01-01
RBK,2001-02-01
RBK,2001-03-01
RBK,2001-04-01
RBK,2001-05-01
RBK,2001-06-01
RBK,2001-07-01
RBK,2001-08-01
RBK,2001-09-01
RBK,2001-10-01
RBK,2001-11-01
RBK,2001-12-01
RBK,2002-01-01
RBK,2002-02-01
RBK,2002-03-01
RBK,2002-04-01
RBK,2002-05-01
RBK,2002-06-01
RBK,2002-07-01
RBK,2002-08-01
RBK,2002-09-01
RBK,2002-10-01
RBK,2002-11-01
RBK,2002-12-01
RBK,2003-01-01
RBK,2003-02-01
RBK,2003-03-01
RBK,2003-04-01
RBK,2003-05-01
RBK,2003-06-01
RBK,2003-07-01
RBK,2003-08-01
RBK,2003-09-01
RBK,2003-10-01
RBK,2003-11-01
RBK,2003-12-01
RBK,2004-01-01
RBK,2004-02-01
RBK,2004-03-01
RBK,2004-04-01
RBK,2004-05-01
RBK,2004-06-01
RBK,2004-07-01
RBK,2004-08-01
RBK,2004-09-01
RBK,2004-10-01
RBK,2004-11-01
RBK,2004-12-01
RBK,2005-01-01
RBK,2005-02-01
RBK,2005-03-01
RBK,2005-04-01
RBK,2005-05-01
RBK,2005-06-01
RBK,2005-07-01
RBK,2005-08-01
RBK,2005-09-01
RBK,2005-10-01
RBK,2005-11-01
RBK,2005-12-01
RBK,2006-01-01
RDC,1996-02-01
RDC,1996-03-01
RDC,1996-04-01
RDC,1996-05-01
RDC,1996-06-01
RDC,1996-07-01
RDC,1996-08-01
RDC,1996-09-01
RDC,1996-10-01
RDC,1996-11-01
RDC,1996-12-01
RDC,1997-01-01
RDC,1997-02-01
RDC,1997-03-01
RDC,1997-04-01
RDC,1997-05-01
RDC,1997-06-01
RDC,1997-07-01
RDC,1997-08-01
RDC,1997-09-01
RDC,1997-10-01
RDC,1997-11-01
RDC,1997-12-01
RDC,1998-01-01
RDC,1998-02-01
RDC,1998-03-01
RDC,1998-04-01
RDC,1998-05-01
RDC,1998-06-01
RDC,1998-07-01
RDC,1998-08-01
RDC,1998-09-01
RDC,1998-10-01
RDC,1998-11-01
RDC,1998-12-01
RDC,1999-01-01
RDC,1999-02-01
RDC,1999-03-01
RDC,1999-04-01
RDC,1999-05-01
RDC,1999-06-01
RDC,1999-07-01
RDC,1999-08-01
RDC,1999-09-01
RDC,1999-10-01
RDC,1999-11-01
RDC,1999-12-01
RDC,2000-01-01
RDC,2000-02-01
RDC,2000-03-01
RDC,2000-04-01
RDC,2000-05-01
RDC,2000-06-01
RDC,2000-07-01
RDC,2000-08-01
RDC,2000-09-01
RDC,2000-10-01
RDC,2000-11-01
RDC,2000-12-01
RDC,2001-01-01
RDC,2001-02-01
RDC,2001-03-01
RDC,2001-04-01
RDC,2001-05-01
RDC,2001-06-01
RDC,2001-07-01
RDC,2001-08-01
RDC,2001-09-01
RDC,2001-10-01
RDC,2001-11-01
RDC,2001-12-01
RDC,2002-01-01
RDC,2002-02-01
RDC,2002-03-01
RDC,2002-04-01
RDC,2002-05-01
RDC,2002-06-01
RDC,2002-07-01
RDC,2002-08-01
RDC,2002-09-01
RDC,2002-10-01
RDC,2002-11-01
RDC,2002-12-01
RDC,2003-01-01
RDC,2003-02-01
RDC,2003-03-01
RDC,2003-04-01
RDC,2003-05-01
RDC,2003-06-01
RDC,2003-07-01
RDC,2003-08-01
RDC,2003-09-01
RDC,2003-10-01
RDC,2003-11-01
RDC,2003-12-01
RDC,2004-01-01
RDC,2004-02-01
RDC,2004-03-01
RDC,2004-04-01
RDC,2004-05-01
RDC,2004-06-01
RDC,2004-07-01
RDC,2004-08-01
RDC,2004-09-01
RDC,2004-10-01
RDC,2004-11-01
RDC,2004-12-01
RDC,2005-01-01
RDC,2005-02-01
RDC,2005-03-01
RDC,2005-04-01
RDC,2005-05-01
RDC,2005-06-01
RDC,2005-07-01
RDC,2005-08-01
RDC,2005-09-01
RDC,2005-10-01
RDC,2005-11-01
RDC,2005-12-01
RDC,2006-01-01
RDC,2006-02-01
RDC,2006-03-01
RDC,2006-04-01
RDC,2006-05-01
RDC,2006-06-01
RDC,2006-07-01
RDC,2006-08-01
RDC,2006-09-01
RDC,2006-10-01
RDC,2006-11-01
RDC,2006-12-01
RDC,2007-01-01
RDC,2007-02-01
RDC,2007-03-01
RDC,2007-04-01
RDC,2007-05-01
RDC,2007-06-01
RDC,2007-07-01
RDC,2007-08-01
RDC,2007-09-01
RDC,2007-10-01
RDC,2007-11-01
RDC,2007-12-01
RDC,2008-01-01
RDC,2008-02-01
RDC,2008-03-01
RDC,2008-04-01
RDC,2008-05-01
RDC,2008-06-01
RDC,2008-07-01
RDC,2008-08-01
RDC,2008-09-01
RDC,2008-10-01
RDC,2008-11-01
RDC,2008-12-01
RDC,2009-01-01
RDC,2009-02-01
RDC,2009-03-01
RDC,2009-04-01
RDC,2009-05-01
RDC,2009-06-01
RDC,2009-07-01
RDC,2009-08-01
RDC,2009-09-01
RDC,2009-10-01
RDC,2009-11-01
RDC,2009-12-01
RDC,2010-01-01
RDC,2010-02-01
RDC,2010-03-01
RDC,2010-04-01
RDC,2010-05-01
RDC,2010-06-01
RDC,2010-07-01
RDC,2010-08-01
RDC,2010-09-01
RDC,2010-10-01
RDC,2010-11-01
RDC,2010-12-01
RDC,2011-01-01
RDC,2011-02-01
RDC,2011-03-01
RDC,2011-04-01
RDC,2011-05-01
RDC,2011-06-01
RDC,2011-07-01
RDC,2011-08-01
RDC,2011-09-01
RDC,2011-10-01
RDC,2011-11-01
RDC,2011-12-01
RDC,2012-01-01
RDC,2012-02-01
RDC,2012-03-01
RDC,2012-04-01
RDC,2012-05-01
RDC,2012-06-01
RDC,2012-07-01
RDC,2012-08-01
RDC,2012-09-01
RDC,2012-10-01
RDC,2012-11-01
RDC,2012-12-01
RDC,2013-01-01
RDC,2013-02-01
RDC,2013-03-01
RDC,2013-04-01
RDC,2013-05-01
RDC,2013-06-01
RDC,2013-07-01
RDC,2013-08-01
RDC,2013-09-01
RDC,2013-10-01
RDC,2013-11-01
RDC,2013-12-01
RDC,2014-01-01
RDC,2014-02-01
RDC,2014-03-01
RDC,2014-04-01
RDC,2014-05-01
RDC,2014-06-01
RDC,2014-07-01
RDC,2014-08-01
RDS-A,1996-02-01
RDS-A,1996-03-01
RDS-A,1996-04-01
RDS-A,1996-05-01
RDS-A,1996-06-01
RDS-A,1996-07-01
RDS-A,1996-08-01
RDS-A,1996-09-01
RDS-A,1996-10-01
RDS-A,1996-11-01
RDS-A,1996-12-01
RDS-A,1997-01-01
RDS-A,1997-02-01
RDS-A,1997-03-01
RDS-A,1997-04-01
RDS-A,1997-05-01
RDS-A,1997-06-01
RDS-A,1997-07-01
RDS-A,1997-08-01
RDS-A,1997-09-01
RDS-A,1997-10-01
RDS-A,1997-11-01
RDS-A,1997-12-01
RDS-A,1998-01-01
RDS-A,1998-02-01
RDS-A,1998-03-01
RDS-A,1998-04-01
RDS-A,1998-05-01
RDS-A,1998-06-01
RDS-A,1998-07-01
RDS-A,1998-08-01
RDS-A,1998-09-01
RDS-A,1998-10-01
RDS-A,1998-11-01
RDS-A,1998-12-01
RDS-A,1999-01-01
RDS-A,1999-02-01
RDS-A,1999-03-01
RDS-A,1999-04-01
RDS-A,1999-05-01
RDS-A,1999-06-01
RDS-A,1999-07-01
RDS-A,1999-08-01
RDS-A,1999-09-01
RDS-A,1999-10-01
RDS-A,1999-11-01
RDS-A,1999-12-01
RDS-A,2000-01-01
RDS-A,2000-02-01
RDS-A,2000-03-01
RDS-A,2000-04-01
RDS-A,2000-05-01
RDS-A,2000-06-01
RDS-A,2000-07-01
RDS-A,2000-08-01
RDS-A,2000-09-01
RDS-A,2000-10-01
RDS-A,2000-11-01
RDS-A,2000-12-01
RDS-A,2001-01-01
RDS-A,2001-02-01
RDS-A,2001-03-01
RDS-A,2001-04-01
RDS-A,2001-05-01
RDS-A,2001-06-01
RDS-A,2001-07-01
RDS-A,2001-08-01
RDS-A,2001-09-01
RDS-A,2001-10-01
RDS-A,2001-11-01
RDS-A,2001-12-01
RDS-A,2002-01-01
RDS-A,2002-02-01
RDS-A,2002-03-01
RDS-A,2002-04-01
RDS-A,2002-05-01
RDS-A,2002-06-01
RDS-A,2002-07-01
RE,2017-07-01
RE,2017-08-01
RE,2017-09-01
RE,2017-10-01
RE,2017-11-01
RE,2017-12-01
RE,2018-01-01
RE,2018-02-01
RE,2018-03-01
RE,2018-04-01
RE,2018-05-01
RE,2018-06-01
RE,2018-07-01
RE,2018-08-01
RE,2018-09-01
RE,2018-10-01
RE,2018-11-01
RE,2018-12-01
RE,2019-01-01
RE,2019-02-01
RE,2019-03-01
RE,2019-04-01
RE,2019-05-01
RE,2019-06-01
RE,2019-07-01
RE,2019-08-01
RE,2019-09-01
RE,2019-10-01
RE,2019-11-01
RE,2019-12-01
RE,2020-01-01
RE,2020-02-01
RE,2020-03-01
RE,2020-04-01
RE,2020-05-01
RE,2020-06-01
RE,2020-07-01
RE,2020-08-01
RE,2020-09-01
RE,2020-10-01
RE,2020-11-01
RE,2020-12-01
RE,2021-01-01
RE,2021-02-01
RE,2021-03-01
RE,2021-04-01
RE,2021-05-01
RE,2021-06-01
RE,2021-07-01
RE,2021-08-01
RE,2021-09-01
RE,2021-10-01
RE,2021-11-01
RE,2021-12-01
RE,2022-01-01
RE,2022-02-01
RE,2022-03-01
RE,2022-04-01
RE,2022-05-01
RE,2022-06-01
RE,2022-07-01
RE,2022-08-01
RE,2022-09-01
RE,2022-10-01
RE,2022-11-01
RE,2022-12-01
RE,2023-01-01
RE,2023-02-01
RE,2023-03-01
RE,2023-04-01
RE,2023-05-01
RE,2023-06-01
RE,2023-07-01
RHT,2009-08-01
RHT,2009-09-01
RHT,2009-10-01
RHT,2009-11-01
RHT,2009-12-01
RHT,2010-01-01
RHT,2010-02-01
RHT,2010-03-01
RHT,2010-04-01
RHT,2010-05-01
RHT,2010-06-01
RHT,2010-07-01
RHT,2010-08-01
RHT,2010-09-01
RHT,2010-10-01
RHT,2010-11-01
RHT,2010-12-01
RHT,2011-01-01
RHT,2011-02-01
RHT,2011-03-01
RHT,2011-04-01
RHT,2011-05-01
RHT,2011-06-01
RHT,2011-07-01
RHT,2011-08-01
RHT,2011-09-01
RHT,2011-10-01
RHT,2011-11-01
RHT,2011-12-01
RHT,2012-01-01
RHT,2012-02-01
RHT,2012-03-01
RHT,2012-04-01
RHT,2012-05-01
RHT,2012-06-01
RHT,2012-07-01
RHT,2012-08-01
RHT,2012-09-01
RHT,2012-10-01
RHT,2012-11-01
RHT,2012-12-01
RHT,2013-01-01
RHT,2013-02-01
RHT,2013-03-01
RHT,2013-04-01
RHT,2013-05-01
RHT,2013-06-01
RHT,2013-07-01
RHT,2013-08-01
RHT,2013-09-01
RHT,2013-10-01
RHT,2013-11-01
RHT,2013-12-01
RHT,2014-01-01
RHT,2014-02-01
RHT,2014-03-01
RHT,2014-04-01
RHT,2014-05-01
RHT,2014-06-01
RHT,2014-07-01
RHT,2014-08-01
RHT,2014-09-01
RHT,2014-10-01
RHT,2014-11-01
RHT,2014-12-01
RHT,2015-01-01
RHT,2015-02-01
RHT,2015-03-01
RHT,2015-04-01
RHT,2015-05-01
RHT,2015-06-01
RHT,2015-07-01
RHT,2015-08-01
RHT,2015-09-01
RHT,2015-10-01
RHT,2015-11-01
RHT,2015-12-01
RHT,2016-01-01
RHT,2016-02-01
RHT,2016-03-01
RHT,2016-04-01
RHT,2016-05-01
RHT,2016-06-01
RHT,2016-07-01
RHT,2016-08-01
RHT,2016-09-01
RHT,2016-10-01
RHT,2016-11-01
RHT,2016-12-01
RHT,2017-01-01
RHT,2017-02-01
RHT,2017-03-01
RHT,2017-04-01
RHT,2017-05-01
RHT,2017-06-01
RHT,2017-07-01
RHT,2017-08-01
RHT,2017-09-01
RHT,2017-10-01
RHT,2017-11-01
RHT,2017-12-01
RHT,2018-01-01
RHT,2018-02-01
RHT,2018-03-01
RHT,2018-04-01
RHT,2018-05-01
RHT,2018-06-01
RHT,2018-07-01
RHT,2018-08-01
RHT,2018-09-01
RHT,2018-10-01
RHT,2018-11-01
RHT,2018-12-01
RHT,2019-01-01
RHT,2019-02-01
RHT,2019-03-01
RHT,2019-04-01
RHT,2019-05-01
RHT,2019-06-01
RHT,2019-07-01
RLM,1996-02-01
RLM,1996-03-01
RLM,1996-04-01
RLM,1996-05-01
RLM,1996-06-01
RLM,1996-07-01
RLM,1996-08-01
RLM,1996-09-01
RLM,1996-10-01
RLM,1996-11-01
RLM,1996-12-01
RLM,1997-01-01
RLM,1997-02-01
RLM,1997-03-01
RLM,1997-04-01
RLM,1997-05-01
RLM,1997-06-01
RLM,1997-07-01
RLM,1997-08-01
RLM,1997-09-01
RLM,1997-10-01
RLM,1997-11-01
RLM,1997-12-01
RLM,1998-01-01
RLM,1998-02-01
RLM,1998-03-01
RLM,1998-04-01
RLM,1998-05-01
RLM,1998-06-01
RLM,1998-07-01
RLM,1998-08-01
RLM,1998-09-01
RLM,1998-10-01
RLM,1998-11-01
RLM,1998-12-01
RLM,1999-01-01
RLM,1999-02-01
RLM,1999-03-01
RLM,1999-04-01
RLM,1999-05-01
RLM,1999-06-01
RLM,1999-07-01
RLM,1999-08-01
RLM,1999-09-01
RLM,1999-10-01
RLM,1999-11-01
RLM,1999-12-01
RLM,2000-01-01
RLM,2000-02-01
RLM,2000-03-01
RLM,2000-04-01
RLM,2000-05-01
RML,1996-02-01
RML,1996-03-01
RML,1996-04-01
RML,1996-05-01
RML,1996-06-01
RML,1996-07-01
RML,1996-08-01
RML,1996-09-01
RML,1996-10-01
RML,1996-11-01
RML,1996-12-01
RML,1997-01-01
RML,1997-02-01
RML,1997-03-01
RML,1997-04-01
RML,1997-05-01
RML,1997-06-01
RML,1997-07-01
RML,1997-08-01
RML,1997-09-01
RML,1997-10-01
RML,1997-11-01
RML,1997-12-01
RML,1998-01-01
RML,1998-02-01
RML,1998-03-01
RML,1998-04-01
RML,1998-05-01
RML,1998-06-01
RML,1998-07-01
RML,1998-08-01
RML,1998-09-01
RML,1998-10-01
RML,1998-11-01
RML,1998-12-01
RML,1999-01-01
RML,1999-02-01
RML,1999-03-01
RML,1999-04-01
RML,1999-05-01
RML,1999-06-01
RML,1999-07-01
RML,1999-08-01
RML,1999-09-01
RML,1999-10-01
RML,1999-11-01
RML,1999-12-01
RML,2000-01-01
RML,2000-02-01
RML,2000-03-01
RML,2000-04-01
RML,2000-05-01
RML,2000-06-01
RML,2000-07-01
RML,2000-08-01
RML,2000-09-01
RML,2000-10-01
RML,2000-11-01
RML,2000-12-01
RNB,1996-02-01
RNB,1996-03-01
RNB,1996-04-01
RNB,1996-05-01
RNB,1996-06-01
RNB,1996-07-01
RNB,1996-08-01
RNB,1996-09-01
RNB,1996-10-01
RNB,1996-11-01
RNB,1996-12-01
RNB,1997-01-01
RNB,1997-02-01
RNB,1997-03-01
RNB,1997-04-01
RNB,1997-05-01
RNB,1997-06-01
RNB,1997-07-01
RNB,1997-08-01
RNB,1997-09-01
RNB,1997-10-01
RNB,1997-11-01
RNB,1997-12-01
RNB,1998-01-01
RNB,1998-02-01
RNB,1998-03-01
RNB,1998-04-01
RNB,1998-05-01
RNB,1998-06-01
RNB,1998-07-01
RNB,1998-08-01
RNB,1998-09-01
RNB,1998-10-01
RNB,1998-11-01
RNB,1998-12-01
RNB,1999-01-01
RNB,1999-02-01
RNB,1999-03-01
RNB,1999-04-01
RNB,1999-05-01
RNB,1999-06-01
RNB,1999-07-01
RNB,1999-08-01
RNB,1999-09-01
RNB,1999-10-01
RNB,1999-11-01
RNB,1999-12-01
RNB,2000-01-01
ROH,1996-02-01
ROH,1996-03-01
ROH,1996-04-01
ROH,1996-05-01
ROH,1996-06-01
ROH,1996-07-01
ROH,1996-08-01
ROH,1996-09-01
ROH,1996-10-01
ROH,1996-11-01
ROH,1996-12-01
ROH,1997-01-01
ROH,1997-02-01
ROH,1997-03-01
ROH,1997-04-01
ROH,1997-05-01
ROH,1997-06-01
ROH,1997-07-01
ROH,1997-08-01
ROH,1997-09-01
ROH,1997-10-01
ROH,1997-11-01
ROH,1997-12-01
ROH,1998-01-01
ROH,1998-02-01
ROH,1998-03-01
ROH,1998-04-01
ROH,1998-05-01
ROH,1998-06-01
ROH,1998-07-01
ROH,1998-08-01
ROH,1998-09-01
ROH,1998-10-01
ROH,1998-11-01
ROH,1998-12-01
ROH,1999-01-01
ROH,1999-02-01
ROH,1999-03-01
ROH,1999-04-01
ROH,1999-05-01
ROH,1999-06-01
ROH,1999-07-01
ROH,1999-08-01
ROH,1999-09-01
ROH,1999-10-01
ROH,1999-11-01
ROH,1999-12-01
ROH,2000-01-01
ROH,2000-02-01
ROH,2000-03-01
ROH,2000-04-01
ROH,2000-05-01
ROH,2000-06-01
ROH,2000-07-01
ROH,2000-08-01
ROH,2000-09-01
ROH,2000-10-01
ROH,2000-11-01
ROH,2000-12-01
ROH,2001-01-01
ROH,2001-02-01
ROH,2001-03-01
ROH,2001-04-01
ROH,2001-05-01
ROH,2001-06-01
ROH,2001-07-01
ROH,2001-08-01
ROH,2001-09-01
ROH,2001-10-01
ROH,2001-11-01
ROH,2001-12-01
ROH,2002-01-01
ROH,2002-02-01
ROH,2002-03-01
ROH,2002-04-01
ROH,2002-05-01
ROH,2002-06-01
ROH,2002-07-01
ROH,2002-08-01
ROH,2002-09-01
ROH,2002-10-01
ROH,2002-11-01
ROH,2002-12-01
ROH,2003-01-01
ROH,2003-02-01
ROH,2003-03-01
ROH,2003-04-01
ROH,2003-05-01
ROH,2003-06-01
ROH,2003-07-01
ROH,2003-08-01
ROH,2003-09-01
ROH,2003-10-01
ROH,2003-11-01
ROH,2003-12-01
ROH,2004-01-01
ROH,2004-02-01
ROH,2004-03-01
ROH,2004-04-01
ROH,2004-05-01
ROH,2004-06-01
ROH,2004-07-01
ROH,2004-08-01
ROH,2004-09-01
ROH,2004-10-01
ROH,2004-11-01
ROH,2004-12-01
ROH,2005-01-01
ROH,2005-02-01
ROH,2005-03-01
ROH,2005-04-01
ROH,2005-05-01
ROH,2005-06-01
ROH,2005-07-01
ROH,2005-08-01
ROH,2005-09-01
ROH,2005-10-01
ROH,2005-11-01
ROH,2005-12-01
ROH,2006-01-01
ROH,2006-02-01
ROH,2006-03-01
ROH,2006-04-01
ROH,2006-05-01
ROH,2006-06-01
ROH,2006-07-01
ROH,2006-08-01
ROH,2006-09-01
ROH,2006-10-01
ROH,2006-11-01
ROH,2006-12-01
ROH,2007-01-01
ROH,2007-02-01
ROH,2007-03-01
ROH,2007-04-01
ROH,2007-05-01
ROH,2007-06-01
ROH,2007-07-01
ROH,2007-08-01
ROH,2007-09-01
ROH,2007-10-01
ROH,2007-11-01
ROH,2007-12-01
ROH,2008-01-01
ROH,2008-02-01
ROH,2008-03-01
ROH,2008-04-01
ROH,2008-05-01
ROH,2008-06-01
ROH,2008-07-01
ROH,2008-08-01
ROH,2008-09-01
ROH,2008-10-01
ROH,2008-11-01
ROH,2008-12-01
ROH,2009-01-01
ROH,2009-02-01
ROH,2009-03-01
ROH,2009-04-01
RRD,1996-02-01
RRD,1996-03-01
RRD,1996-04-01
RRD,1996-05-01
RRD,1996-06-01
RRD,1996-07-01
RRD,1996-08-01
RRD,1996-09-01
RRD,1996-10-01
RRD,1996-11-01
RRD,1996-12-01
RRD,1997-01-01
RRD,1997-02-01
RRD,1997-03-01
RRD,1997-04-01
RRD,1997-05-01
RRD,1997-06-01
RRD,1997-07-01
RRD,1997-08-01
RRD,1997-09-01
RRD,1997-10-01
RRD,1997-11-01
RRD,1997-12-01
RRD,1998-01-01
RRD,1998-02-01
RRD,1998-03-01
RRD,1998-04-01
RRD,1998-05-01
RRD,1998-06-01
RRD,1998-07-01
RRD,1998-08-01
RRD,1998-09-01
RRD,1998-10-01
RRD,1998-11-01
RRD,1998-12-01
RRD,1999-01-01
RRD,1999-02-01
RRD,1999-03-01
RRD,1999-04-01
RRD,1999-05-01
RRD,1999-06-01
RRD,1999-07-01
RRD,1999-08-01
RRD,1999-09-01
RRD,1999-10-01
RRD,1999-11-01
RRD,1999-12-01
RRD,2000-01-01
RRD,2000-02-01
RRD,2000-03-01
RRD,2000-04-01
RRD,2000-05-01
RRD,2000-06-01
RRD,2000-07-01
RRD,2000-08-01
RRD,2000-09-01
RRD,2000-10-01
RRD,2000-11-01
RRD,2000-12-01
RRD,2001-01-01
RRD,2001-02-01
RRD,2001-03-01
RRD,2001-04-01
RRD,2001-05-01
RRD,2001-06-01
RRD,2001-07-01
RRD,2001-08-01
RRD,2001-09-01
RRD,2001-10-01
RRD,2001-11-01
RRD,2001-12-01
RRD,2002-01-01
RRD,2002-02-01
RRD,2002-03-01
RRD,2002-04-01
RRD,2002-05-01
RRD,2002-06-01
RRD,2002-07-01
RRD,2002-08-01
RRD,2002-09-01
RRD,2002-10-01
RRD,2002-11-01
RRD,2002-12-01
RRD,2003-01-01
RRD,2003-02-01
RRD,2003-03-01
RRD,2003-04-01
RRD,2003-05-01
RRD,2003-06-01
RRD,2003-07-01
RRD,2003-08-01
RRD,2003-09-01
RRD,2003-10-01
RRD,2003-11-01
RRD,2003-12-01
RRD,2004-01-01
RRD,2004-02-01
RRD,2004-03-01
RRD,2004-04-01
RRD,2004-05-01
RRD,2004-06-01
RRD,2004-07-01
RRD,2004-08-01
RRD,2004-09-01
RRD,2004-10-01
RRD,2004-11-01
RRD,2004-12-01
RRD,2005-01-01
RRD,2005-02-01
RRD,2005-03-01
RRD,2005-04-01
RRD,2005-05-01
RRD,2005-06-01
RRD,2005-07-01
RRD,2005-08-01
RRD,2005-09-01
RRD,2005-10-01
RRD,2005-11-01
RRD,2005-12-01
RRD,2006-01-01
RRD,2006-02-01
RRD,2006-03-01
RRD,2006-04-01
RRD,2006-05-01
RRD,2006-06-01
RRD,2006-07-01
RRD,2006-08-01
RRD,2006-09-01
RRD,2006-10-01
RRD,2006-11-01
RRD,2006-12-01
RRD,2007-01-01
RRD,2007-02-01
RRD,2007-03-01
RRD,2007-04-01
RRD,2007-05-01
RRD,2007-06-01
RRD,2007-07-01
RRD,2007-08-01
RRD,2007-09-01
RRD,2007-10-01
RRD,2007-11-01
RRD,2007-12-01
RRD,2008-01-01
RRD,2008-02-01
RRD,2008-03-01
RRD,2008-04-01
RRD,2008-05-01
RRD,2008-06-01
RRD,2008-07-01
RRD,2008-08-01
RRD,2008-09-01
RRD,2008-10-01
RRD,2008-11-01
RRD,2008-12-01
RRD,2009-01-01
RRD,2009-02-01
RRD,2009-03-01
RRD,2009-04-01
RRD,2009-05-01
RRD,2009-06-01
RRD,2009-07-01
RRD,2009-08-01
RRD,2009-09-01
RRD,2009-10-01
RRD,2009-11-01
RRD,2009-12-01
RRD,2010-01-01
RRD,2010-02-01
RRD,2010-03-01
RRD,2010-04-01
RRD,2010-05-01
RRD,2010-06-01
RRD,2010-07-01
RRD,2010-08-01
RRD,2010-09-01
RRD,2010-10-01
RRD,2010-11-01
RRD,2010-12-01
RRD,2011-01-01
RRD,2011-02-01
RRD,2011-03-01
RRD,2011-04-01
RRD,2011-05-01
RRD,2011-06-01
RRD,2011-07-01
RRD,2011-08-01
RRD,2011-09-01
RRD,2011-10-01
RRD,2011-11-01
RRD,2011-12-01
RRD,2012-01-01
RRD,2012-02-01
RRD,2012-03-01
RRD,2012-04-01
RRD,2012-05-01
RRD,2012-06-01
RRD,2012-07-01
RRD,2012-08-01
RRD,2012-09-01
RRD,2012-10-01
RRD,2012-11-01
RRD,2012-12-01
RSHCQ,1996-02-01
RSHCQ,1996-03-01
RSHCQ,1996-04-01
RSHCQ,1996-05-01
RSHCQ,1996-06-01
RSHCQ,1996-07-01
RSHCQ,1996-08-01
RSHCQ,1996-09-01
RSHCQ,1996-10-01
RSHCQ,1996-11-01
RSHCQ,1996-12-01
RSHCQ,1997-01-01
RSHCQ,1997-02-01
RSHCQ,1997-03-01
RSHCQ,1997-04-01
RSHCQ,1997-05-01
RSHCQ,1997-06-01
RSHCQ,1997-07-01
RSHCQ,1997-08-01
RSHCQ,1997-09-01
RSHCQ,1997-10-01
RSHCQ,1997-11-01
RSHCQ,1997-12-01
RSHCQ,1998-01-01
RSHCQ,1998-02-01
RSHCQ,1998-03-01
RSHCQ,1998-04-01
RSHCQ,1998-05-01
RSHCQ,1998-06-01
RSHCQ,1998-07-01
RSHCQ,1998-08-01
RSHCQ,1998-09-01
RSHCQ,1998-10-01
RSHCQ,1998-11-01
RSHCQ,1998-12-01
RSHCQ,1999-01-01
RSHCQ,1999-02-01
RSHCQ,1999-03-01
RSHCQ,1999-04-01
RSHCQ,1999-05-01
RSHCQ,1999-06-01
RSHCQ,1999-07-01
RSHCQ,1999-08-01
RSHCQ,1999-09-01
RSHCQ,1999-10-01
RSHCQ,1999-11-01
RSHCQ,1999-12-01
RSHCQ,2000-01-01
RSHCQ,2000-02-01
RSHCQ,2000-03-01
RSHCQ,2000-04-01
RSHCQ,2000-05-01
RSHCQ,2000-06-01
RSHCQ,2000-07-01
RSHCQ,2000-08-01
RSHCQ,2000-09-01
RSHCQ,2000-10-01
RSHCQ,2000-11-01
RSHCQ,2000-12-01
RSHCQ,2001-01-01
RSHCQ,2001-02-01
RSHCQ,2001-03-01
RSHCQ,2001-04-01
RSHCQ,2001-05-01
RSHCQ,2001-06-01
RSHCQ,2001-07-01
RSHCQ,2001-08-01
RSHCQ,2001-09-01
RSHCQ,2001-10-01
RSHCQ,2001-11-01
RSHCQ,2001-12-01
RSHCQ,2002-01-01
RSHCQ,2002-02-01
RSHCQ,2002-03-01
RSHCQ,2002-04-01
RSHCQ,2002-05-01
RSHCQ,2002-06-01
RSHCQ,2002-07-01
RSHCQ,2002-08-01
RSHCQ,2002-09-01
RSHCQ,2002-10-01
RSHCQ,2002-11-01
RSHCQ,2002-12-01
RSHCQ,2003-01-01
RSHCQ,2003-02-01
RSHCQ,2003-03-01
RSHCQ,2003-04-01
RSHCQ,2003-05-01
RSHCQ,2003-06-01
RSHCQ,2003-07-01
RSHCQ,2003-08-01
RSHCQ,2003-09-01
RSHCQ,2003-10-01
RSHCQ,2003-11-01
RSHCQ,2003-12-01
RSHCQ,2004-01-01
RSHCQ,2004-02-01
RSHCQ,2004-03-01
RSHCQ,2004-04-01
RSHCQ,2004-05-01
RSHCQ,2004-06-01
RSHCQ,2004-07-01
RSHCQ,2004-08-01
RSHCQ,2004-09-01
RSHCQ,2004-10-01
RSHCQ,2004-11-01
RSHCQ,2004-12-01
RSHCQ,2005-01-01
RSHCQ,2005-02-01
RSHCQ,2005-03-01
RSHCQ,2005-04-01
RSHCQ,2005-05-01
RSHCQ,2005-06-01
RSHCQ,2005-07-01
RSHCQ,2005-08-01
RSHCQ,2005-09-01
RSHCQ,2005-10-01
RSHCQ,2005-11-01
RSHCQ,2005-12-01
RSHCQ,2006-01-01
RSHCQ,2006-02-01
RSHCQ,2006-03-01
RSHCQ,2006-04-01
RSHCQ,2006-05-01
RSHCQ,2006-06-01
RSHCQ,2006-07-01
RSHCQ,2006-08-01
RSHCQ,2006-09-01
RSHCQ,2006-10-01
RSHCQ,2006-11-01
RSHCQ,2006-12-01
RSHCQ,2007-01-01
RSHCQ,2007-02-01
RSHCQ,2007-03-01
RSHCQ,2007-04-01
RSHCQ,2007-05-01
RSHCQ,2007-06-01
RSHCQ,2007-07-01
RSHCQ,2007-08-01
RSHCQ,2007-09-01
RSHCQ,2007-10-01
RSHCQ,2007-11-01
RSHCQ,2007-12-01
RSHCQ,2008-01-01
RSHCQ,2008-02-01
RSHCQ,2008-03-01
RSHCQ,2008-04-01
RSHCQ,2008-05-01
RSHCQ,2008-06-01
RSHCQ,2008-07-01
RSHCQ,2008-08-01
RSHCQ,2008-09-01
RSHCQ,2008-10-01
RSHCQ,2008-11-01
RSHCQ,2008-12-01
RSHCQ,2009-01-01
RSHCQ,2009-02-01
RSHCQ,2009-03-01
RSHCQ,2009-04-01
RSHCQ,2009-05-01
RSHCQ,2009-06-01
RSHCQ,2009-07-01
RSHCQ,2009-08-01
RSHCQ,2009-09-01
RSHCQ,2009-10-01
RSHCQ,2009-11-01
RSHCQ,2009-12-01
RSHCQ,2010-01-01
RSHCQ,2010-02-01
RSHCQ,2010-03-01
RSHCQ,2010-04-01
RSHCQ,2010-05-01
RSHCQ,2010-06-01
RSHCQ,2010-07-01
RSHCQ,2010-08-01
RSHCQ,2010-09-01
RSHCQ,2010-10-01
RSHCQ,2010-11-01
RSHCQ,2010-12-01
RSHCQ,2011-01-01
RSHCQ,2011-02-01
RSHCQ,2011-03-01
RSHCQ,2011-04-01
RSHCQ,2011-05-01
RSHCQ,2011-06-01
RTN,1996-02-01
RTN,1996-03-01
RTN,1996-04-01
RTN,1996-05-01
RTN,1996-06-01
RTN,1996-07-01
RTN,1996-08-01
RTN,1996-09-01
RTN,1996-10-01
RTN,1996-11-01
RTN,1996-12-01
RTN,1997-01-01
RTN,1997-02-01
RTN,1997-03-01
RTN,1997-04-01
RTN,1997-05-01
RTN,1997-06-01
RTN,1997-07-01
RTN,1997-08-01
RTN,1997-09-01
RTN,1997-10-01
RTN,1997-11-01
RTN,1997-12-01
RTN,1998-01-01
RTN,1998-02-01
RTN,1998-03-01
RTN,1998-04-01
RTN,1998-05-01
RTN,1998-06-01
RTN,1998-07-01
RTN,1998-08-01
RTN,1998-09-01
RTN,1998-10-01
RTN,1998-11-01
RTN,1998-12-01
RTN,1999-01-01
RTN,1999-02-01
RTN,1999-03-01
RTN,1999-04-01
RTN,1999-05-01
RTN,1999-06-01
RTN,1999-07-01
RTN,1999-08-01
RTN,1999-09-01
RTN,1999-10-01
RTN,1999-11-01
RTN,1999-12-01
RTN,2000-01-01
RTN,2000-02-01
RTN,2000-03-01
RTN,2000-04-01
RTN,2000-05-01
RTN,2000-06-01
RTN,2000-07-01
RTN,2000-08-01
RTN,2000-09-01
RTN,2000-10-01
RTN,2000-11-01
RTN,2000-12-01
RTN,2001-01-01
RTN,2001-02-01
RTN,2001-03-01
RTN,2001-04-01
RTN,2001-05-01
RTN,2001-06-01
RTN,2001-07-01
RTN,2001-08-01
RTN,2001-09-01
RTN,2001-10-01
RTN,2001-11-01
RTN,2001-12-01
RTN,2002-01-01
RTN,2002-02-01
RTN,2002-03-01
RTN,2002-04-01
RTN,2002-05-01
RTN,2002-06-01
RTN,2002-07-01
RTN,2002-08-01
RTN,2002-09-01
RTN,2002-10-01
RTN,2002-11-01
RTN,2002-12-01
RTN,2003-01-01
RTN,2003-02-01
RTN,2003-03-01
RTN,2003-04-01
RTN,2003-05-01
RTN,2003-06-01
RTN,2003-07-01
RTN,2003-08-01
RTN,2003-09-01
RTN,2003-10-01
RTN,2003-11-01
RTN,2003-12-01
RTN,2004-01-01
RTN,2004-02-01
RTN,2004-03-01
RTN,2004-04-01
RTN,2004-05-01
RTN,2004-06-01
RTN,2004-07-01
RTN,2004-08-01
RTN,2004-09-01
RTN,2004-10-01
RTN,2004-11-01
RTN,2004-12-01
RTN,2005-01-01
RTN,2005-02-01
RTN,2005-03-01
RTN,2005-04-01
RTN,2005-05-01
RTN,2005-06-01
RTN,2005-07-01
RTN,2005-08-01
RTN,2005-09-01
RTN,2005-10-01
RTN,2005-11-01
RTN,2005-12-01
RTN,2006-01-01
RTN,2006-02-01
RTN,2006-03-01
RTN,2006-04-01
RTN,2006-05-01
RTN,2006-06-01
RTN,2006-07-01
RTN,2006-08-01
RTN,2006-09-01
RTN,2006-10-01
RTN,2006-11-01
RTN,2006-12-01
RTN,2007-01-01
RTN,2007-02-01
RTN,2007-03-01
RTN,2007-04-01
RTN,2007-05-01
RTN,2007-06-01
RTN,2007-07-01
RTN,2007-08-01
RTN,2007-09-01
RTN,2007-10-01
RTN,2007-11-01
RTN,2007-12-01
RTN,2008-01-01
RTN,2008-02-01
RTN,2008-03-01
RTN,2008-04-01
RTN,2008-05-01
RTN,2008-06-01
RTN,2008-07-01
RTN,2008-08-01
RTN,2008-09-01
RTN,2008-10-01
RTN,2008-11-01
RTN,2008-12-01
RTN,2009-01-01
RTN,2009-02-01
RTN,2009-03-01
RTN,2009-04-01
RTN,2009-05-01
RTN,2009-06-01
RTN,2009-07-01
RTN,2009-08-01
RTN,2009-09-01
RTN,2009-10-01
RTN,2009-11-01
RTN,2009-12-01
RTN,2010-01-01
RTN,2010-02-01
RTN,2010-03-01
RTN,2010-04-01
RTN,2010-05-01
RTN,2010-06-01
RTN,2010-07-01
RTN,2010-08-01
RTN,2010-09-01
RTN,2010-10-01
RTN,2010-11-01
RTN,2010-12-01
RTN,2011-01-01
RTN,2011-02-01
RTN,2011-03-01
RTN,2011-04-01
RTN,2011-05-01
RTN,2011-06-01
RTN,2011-07-01
RTN,2011-08-01
RTN,2011-09-01
RTN,2011-10-01
RTN,2011-11-01
RTN,2011-12-01
RTN,2012-01-01
RTN,2012-02-01
RTN,2012-03-01
RTN,2012-04-01
RTN,2012-05-01
RTN,2012-06-01
RTN,2012-07-01
RTN,2012-08-01
RTN,2012-09-01
RTN,2012-10-01
RTN,2012-11-01
RTN,2012-12-01
RTN,2013-01-01
RTN,2013-02-01
RTN,2013-03-01
RTN,2013-04-01
RTN,2013-05-01
RTN,2013-06-01
RTN,2013-07-01
RTN,2013-08-01
RTN,2013-09-01
RTN,2013-10-01
RTN,2013-11-01
RTN,2013-12-01
RTN,2014-01-01
RTN,2014-02-01
RTN,2014-03-01
RTN,2014-04-01
RTN,2014-05-01
RTN,2014-06-01
RTN,2014-07-01
RTN,2014-08-01
RTN,2014-09-01
RTN,2014-10-01
RTN,2014-11-01
RTN,2014-12-01
RTN,2015-01-01
RTN,2015-02-01
RTN,2015-03-01
RTN,2015-04-01
RTN,2015-05-01
RTN,2015-06-01
RTN,2015-07-01
RTN,2015-08-01
RTN,2015-09-01
RTN,2015-10-01
RTN,2015-11-01
RTN,2015-12-01
RTN,2016-01-01
RTN,2016-02-01
RTN,2016-03-01
RTN,2016-04-01
RTN,2016-05-01
RTN,2016-06-01
RTN,2016-07-01
RTN,2016-08-01
RTN,2016-09-01
RTN,2016-10-01
RTN,2016-11-01
RTN,2016-12-01
RTN,2017-01-01
RTN,2017-02-01
RTN,2017-03-01
RTN,2017-04-01
RTN,2017-05-01
RTN,2017-06-01
RTN,2017-07-01
RTN,2017-08-01
RTN,2017-09-01
RTN,2017-10-01
RTN,2017-11-01
RTN,2017-12-01
RTN,2018-01-01
RTN,2018-02-01
RTN,2018-03-01
RTN,2018-04-01
RTN,2018-05-01
RTN,2018-06-01
RTN,2018-07-01
RTN,2018-08-01
RTN,2018-09-01
RTN,2018-10-01
RTN,2018-11-01
RTN,2018-12-01
RTN,2019-01-01
RTN,2019-02-01
RTN,2019-03-01
RTN,2019-04-01
RTN,2019-05-01
RTN,2019-06-01
RTN,2019-07-01
RTN,2019-08-01
RTN,2019-09-01
RTN,2019-10-01
RTN,2019-11-01
RTN,2019-12-01
RTN,2020-01-01
RTN,2020-02-01
RTN,2020-03-01
RTN,2020-04-01
RX,1996-12-01
RX,1997-01-01
RX,1997-02-01
RX,1997-03-01
RX,1997-04-01
RX,1997-05-01
RX,1997-06-01
RX,1997-07-01
RX,1997-08-01
RX,1997-09-01
RX,1997-10-01
RX,1997-11-01
RX,1997-12-01
RX,1998-01-01
RX,1998-02-01
RX,1998-03-01
RX,1998-04-01
RX,1998-05-01
RX,1998-06-01
RX,1998-07-01
RX,1998-08-01
RX,1998-09-01
RX,1998-10-01
RX,1998-11-01
RX,1998-12-01
RX,1999-01-01
RX,1999-02-01
RX,1999-03-01
RX,1999-04-01
RX,1999-05-01
RX,1999-06-01
RX,1999-07-01
RX,1999-08-01
RX,1999-09-01
RX,1999-10-01
RX,1999-11-01
RX,1999-12-01
RX,2000-01-01
RX,2000-02-01
RX,2000-03-01
RX,2000-04-01
RX,2000-05-01
RX,2000-06-01
RX,2000-07-01
RX,2000-08-01
RX,2000-09-01
RX,2000-10-01
RX,2000-11-01
RX,2000-12-01
RX,2001-01-01
RX,2001-02-01
RX,2001-03-01
RX,2001-04-01
RX,2001-05-01
RX,2001-06-01
RX,2001-07-01
RX,2001-08-01
RX,2001-09-01
RX,2001-10-01
RX,2001-11-01
RX,2001-12-01
RX,2002-01-01
RX,2002-02-01
RX,2002-03-01
RX,2002-04-01
RX,2002-05-01
RX,2002-06-01
RX,2002-07-01
RX,2002-08-01
RX,2002-09-01
RX,2002-10-01
RX,2002-11-01
RX,2002-12-01
RX,2003-01-01
RX,2003-02-01
RX,2003-03-01
RX,2003-04-01
RX,2003-05-01
RX,2003-06-01
RX,2003-07-01
RX,2003-08-01
RX,2003-09-01
RX,2003-10-01
RX,2003-11-01
RX,2003-12-01
RX,2004-01-01
RX,2004-02-01
RX,2004-03-01
RX,2004-04-01
RX,2004-05-01
RX,2004-06-01
RX,2004-07-01
RX,2004-08-01
RX,2004-09-01
RX,2004-10-01
RX,2004-11-01
RX,2004-12-01
RX,2005-01-01
RX,2005-02-01
RX,2005-03-01
RX,2005-04-01
RX,2005-05-01
RX,2005-06-01
RX,2005-07-01
RX,2005-08-01
RX,2005-09-01
RX,2005-10-01
RX,2005-11-01
RX,2005-12-01
RX,2006-01-01
RX,2006-02-01
RX,2006-03-01
RX,2006-04-01
RX,2006-05-01
RX,2006-06-01
RX,2006-07-01
RX,2006-08-01
RX,2006-09-01
RX,2006-10-01
RX,2006-11-01
RX,2006-12-01
RX,2007-01-01
RX,2007-02-01
RX,2007-03-01
RX,2007-04-01
RX,2007-05-01
RX,2007-06-01
RX,2007-07-01
RX,2007-08-01
RX,2007-09-01
RX,2007-10-01
RX,2007-11-01
RX,2007-12-01
RX,2008-01-01
RX,2008-02-01
RX,2008-03-01
RX,2008-04-01
RX,2008-05-01
RX,2008-06-01
RX,2008-07-01
RX,2008-08-01
RX,2008-09-01
RX,2008-10-01
RX,2008-11-01
RX,2008-12-01
RX,2009-01-01
RX,2009-02-01
RX,2009-03-01
RX,2009-04-01
RX,2009-05-01
RX,2009-06-01
RX,2009-07-01
RX,2009-08-01
RX,2009-09-01
RX,2009-10-01
RX,2009-11-01
RX,2009-12-01
RX,2010-01-01
RX,2010-02-01
RYAN,1996-02-01
RYAN,1996-03-01
RYAN,1996-04-01
RYAN,1996-05-01
RYAN,1996-06-01
RYAN,1996-07-01
RYAN,1996-08-01
RYAN,1996-09-01
RYAN,1996-10-01
RYAN,1996-11-01
RYAN,1996-12-01
RYAN,1997-01-01
RYC,1996-02-01
RYC,1996-03-01
RYC,1996-04-01
RYC,1996-05-01
RYC,1996-06-01
RYC,1996-07-01
RYC,1996-08-01
RYC,1996-09-01
RYC,1996-10-01
RYC,1996-11-01
RYC,1996-12-01
RYC,1997-01-01
RYC,1997-02-01
RYC,1997-03-01
RYC,1997-04-01
RYC,1997-05-01
RYC,1997-06-01
RYC,1997-07-01
RYC,1997-08-01
RYC,1997-09-01
RYC,1997-10-01
RYC,1997-11-01
RYC,1997-12-01
RYC,1998-01-01
RYC,1998-02-01
RYC,1998-03-01
RYC,1998-04-01
RYC,1998-05-01
RYC,1998-06-01
RYC,1998-07-01
RYC,1998-08-01
RYC,1998-09-01
RYC,1998-10-01
RYC,1998-11-01
RYC,1998-12-01
RYC,1999-01-01
RYC,1999-02-01
RYC,1999-03-01
RYC,1999-04-01
RYC,1999-05-01
RYC,1999-06-01
RYC,1999-07-01
RYC,1999-08-01
RYI,1996-02-01
RYI,1996-03-01
RYI,1996-04-01
RYI,1996-05-01
RYI,1996-06-01
RYI,1996-07-01
RYI,1996-08-01
RYI,1996-09-01
RYI,1996-10-01
RYI,1996-11-01
RYI,1996-12-01
RYI,1997-01-01
RYI,1997-02-01
RYI,1997-03-01
RYI,1997-04-01
RYI,1997-05-01
RYI,1997-06-01
RYI,1997-07-01
RYI,1997-08-01
RYI,1997-09-01
RYI,1997-10-01
RYI,1997-11-01
RYI,1997-12-01
RYI,1998-01-01
RYI,1998-02-01
RYI,1998-03-01
RYI,1998-04-01
RYI,1998-05-01
RYI,1998-06-01
S,1996-02-01
S,1996-03-01
S,1996-04-01
S,1996-05-01
S,1996-06-01
S,1996-07-01
S,1996-08-01
S,1996-09-01
S,1996-10-01
S,1996-11-01
S,1996-12-01
S,1997-01-01
S,1997-02-01
S,1997-03-01
S,1997-04-01
S,1997-05-01
S,1997-06-01
S,1997-07-01
S,1997-08-01
S,1997-09-01
S,1997-10-01
S,1997-11-01
S,1997-12-01
S,1998-01-01
S,1998-02-01
S,1998-03-01
S,1998-04-01
S,1998-05-01
S,1998-06-01
S,1998-07-01
S,1998-08-01
S,1998-09-01
S,1998-10-01
S,1998-11-01
S,1998-12-01
S,1999-01-01
S,1999-02-01
S,1999-03-01
S,1999-04-01
S,1999-05-01
S,1999-06-01
S,1999-07-01
S,1999-08-01
S,1999-09-01
S,1999-10-01
S,1999-11-01
S,1999-12-01
S,2000-01-01
S,2000-02-01
S,2000-03-01
S,2000-04-01
S,2000-05-01
S,2000-06-01
S,2000-07-01
S,2000-08-01
S,2000-09-01
S,2000-10-01
S,2000-11-01
S,2000-12-01
S,2001-01-01
S,2001-02-01
S,2001-03-01
S,2001-04-01
S,2001-05-01
S,2001-06-01
S,2001-07-01
S,2001-08-01
S,2001-09-01
S,2001-10-01
S,2001-11-01
S,2001-12-01
S,2002-01-01
S,2002-02-01
S,2002-03-01
S,2002-04-01
S,2002-05-01
S,2002-06-01
S,2002-07-01
S,2002-08-01
S,2002-09-01
S,2002-10-01
S,2002-11-01
S,2002-12-01
S,2003-01-01
S,2003-02-01
S,2003-03-01
S,2003-04-01
S,2003-05-01
S,2003-06-01
S,2003-07-01
S,2003-08-01
S,2003-09-01
S,2003-10-01
S,2003-11-01
S,2003-12-01
S,2004-01-01
S,2004-02-01
S,2004-03-01
S,2004-04-01
S,2004-05-01
S,2004-06-01
S,2004-07-01
S,2004-08-01
S,2004-09-01
S,2004-10-01
S,2004-11-01
S,2004-12-01
S,2005-01-01
S,2005-02-01
S,2005-03-01
S,2005-04-01
S,2005-05-01
S,2005-06-01
S,2005-07-01
S,2005-08-01
S,2005-09-01
S,2005-10-01
S,2005-11-01
S,2005-12-01
S,2006-01-01
S,2006-02-01
S,2006-03-01
S,2006-04-01
S,2006-05-01
S,2006-06-01
S,2006-07-01
S,2006-08-01
S,2006-09-01
S,2006-10-01
S,2006-11-01
S,2006-12-01
S,2007-01-01
S,2007-02-01
S,2007-03-01
S,2007-04-01
S,2007-05-01
S,2007-06-01
S,2007-07-01
S,2007-08-01
S,2007-09-01
S,2007-10-01
S,2007-11-01
S,2007-12-01
S,2008-01-01
S,2008-02-01
S,2008-03-01
S,2008-04-01
S,2008-05-01
S,2008-06-01
S,2008-07-01
S,2008-08-01
S,2008-09-01
S,2008-10-01
S,2008-11-01
S,2008-12-01
S,2009-01-01
S,2009-02-01
S,2009-03-01
S,2009-04-01
S,2009-05-01
S,2009-06-01
S,2009-07-01
S,2009-08-01
S,2009-09-01
S,2009-10-01
S,2009-11-01
S,2009-12-01
S,2010-01-01
S,2010-02-01
S,2010-03-01
S,2010-04-01
S,2010-05-01
S,2010-06-01
S,2010-07-01
S,2010-08-01
S,2010-09-01
S,2010-10-01
S,2010-11-01
S,2010-12-01
S,2011-01-01
S,2011-02-01
S,2011-03-01
S,2011-04-01
S,2011-05-01
S,2011-06-01
S,2011-07-01
S,2011-08-01
S,2011-09-01
S,2011-10-01
S,2011-11-01
S,2011-12-01
S,2012-01-01
S,2012-02-01
S,2012-03-01
S,2012-04-01
S,2012-05-01
S,2012-06-01
S,2012-07-01
S,2012-08-01
S,2012-09-01
S,2012-10-01
S,2012-11-01
S,2012-12-01
S,2013-01-01
S,2013-02-01
S,2013-03-01
S,2013-04-01
S,2013-05-01
S,2013-06-01
S,2013-07-01
SAF,1996-02-01
SAF,1996-03-01
SAF,1996-04-01
SAF,1996-05-01
SAF,1996-06-01
SAF,1996-07-01
SAF,1996-08-01
SAF,1996-09-01
SAF,1996-10-01
SAF,1996-11-01
SAF,1996-12-01
SAF,1997-01-01
SAF,1997-02-01
SAF,1997-03-01
SAF,1997-04-01
SAF,1997-05-01
SAF,1997-06-01
SAF,1997-07-01
SAF,1997-08-01
SAF,1997-09-01
SAF,1997-10-01
SAF,1997-11-01
SAF,1997-12-01
SAF,1998-01-01
SAF,1998-02-01
SAF,1998-03-01
SAF,1998-04-01
SAF,1998-05-01
SAF,1998-06-01
SAF,1998-07-01
SAF,1998-08-01
SAF,1998-09-01
SAF,1998-10-01
SAF,1998-11-01
SAF,1998-12-01
SAF,1999-01-01
SAF,1999-02-01
SAF,1999-03-01
SAF,1999-04-01
SAF,1999-05-01
SAF,1999-06-01
SAF,1999-07-01
SAF,1999-08-01
SAF,1999-09-01
SAF,1999-10-01
SAF,1999-11-01
SAF,1999-12-01
SAF,2000-01-01
SAF,2000-02-01
SAF,2000-03-01
SAF,2000-04-01
SAF,2000-05-01
SAF,2000-06-01
SAF,2000-07-01
SAF,2000-08-01
SAF,2000-09-01
SAF,2000-10-01
SAF,2000-11-01
SAF,2000-12-01
SAF,2001-01-01
SAF,2001-02-01
SAF,2001-03-01
SAF,2001-04-01
SAF,2001-05-01
SAF,2001-06-01
SAF,2001-07-01
SAF,2001-08-01
SAF,2001-09-01
SAF,2001-10-01
SAF,2001-11-01
SAF,2001-12-01
SAF,2002-01-01
SAF,2002-02-01
SAF,2002-03-01
SAF,2002-04-01
SAF,2002-05-01
SAF,2002-06-01
SAF,2002-07-01
SAF,2002-08-01
SAF,2002-09-01
SAF,2002-10-01
SAF,2002-11-01
SAF,2002-12-01
SAF,2003-01-01
SAF,2003-02-01
SAF,2003-03-01
SAF,2003-04-01
SAF,2003-05-01
SAF,2003-06-01
SAF,2003-07-01
SAF,2003-08-01
SAF,2003-09-01
SAF,2003-10-01
SAF,2003-11-01
SAF,2003-12-01
SAF,2004-01-01
SAF,2004-02-01
SAF,2004-03-01
SAF,2004-04-01
SAF,2004-05-01
SAF,2004-06-01
SAF,2004-07-01
SAF,2004-08-01
SAF,2004-09-01
SAF,2004-10-01
SAF,2004-11-01
SAF,2004-12-01
SAF,2005-01-01
SAF,2005-02-01
SAF,2005-03-01
SAF,2005-04-01
SAF,2005-05-01
SAF,2005-06-01
SAF,2005-07-01
SAF,2005-08-01
SAF,2005-09-01
SAF,2005-10-01
SAF,2005-11-01
SAF,2005-12-01
SAF,2006-01-01
SAF,2006-02-01
SAF,2006-03-01
SAF,2006-04-01
SAF,2006-05-01
SAF,2006-06-01
SAF,2006-07-01
SAF,2006-08-01
SAF,2006-09-01
SAF,2006-10-01
SAF,2006-11-01
SAF,2006-12-01
SAF,2007-01-01
SAF,2007-02-01
SAF,2007-03-01
SAF,2007-04-01
SAF,2007-05-01
SAF,2007-06-01
SAF,2007-07-01
SAF,2007-08-01
SAF,2007-09-01
SAF,2007-10-01
SAF,2007-11-01
SAF,2007-12-01
SAF,2008-01-01
SAF,2008-02-01
SAF,2008-03-01
SAF,2008-04-01
SAF,2008-05-01
SAF,2008-06-01
SAF,2008-07-01
SAF,2008-08-01
SAF,2008-09-01
SAI,1997-08-01
SAI,1997-09-01
SAI,1997-10-01
SAI,1997-11-01
SAI,1997-12-01
SAI,1998-01-01
SAI,1998-02-01
SAI,1998-03-01
SAI,1998-04-01
SAI,1998-05-01
SAI,1998-06-01
SAI,1998-07-01
SAI,1998-08-01
SAI,1998-09-01
SAI,1998-10-01
SAI,1998-11-01
SAI,1998-12-01
SAI,1999-01-01
SAPE,2000-06-01
SAPE,2000-07-01
SAPE,2000-08-01
SAPE,2000-09-01
SAPE,2000-10-01
SAPE,2000-11-01
SAPE,2000-12-01
SAPE,2001-01-01
SAPE,2001-02-01
SAPE,2001-03-01
SAPE,2001-04-01
SAPE,2001-05-01
SAPE,2001-06-01
SAPE,2001-07-01
SAPE,2001-08-01
SAPE,2001-09-01
SAPE,2001-10-01
SAPE,2001-11-01
SAPE,2001-12-01
SAPE,2002-01-01
SAPE,2002-02-01
SAPE,2002-03-01
SAPE,2002-04-01
SAPE,2002-05-01
SB,1996-02-01
SB,1996-03-01
SB,1996-04-01
SB,1996-05-01
SB,1996-06-01
SB,1996-07-01
SB,1996-08-01
SB,1996-09-01
SB,1996-10-01
SB,1996-11-01
SB,1996-12-01
SB,1997-01-01
SB,1997-02-01
SB,1997-03-01
SB,1997-04-01
SB,1997-05-01
SB,1997-06-01
SB,1997-07-01
SB,1997-08-01
SB,1997-09-01
SB,1997-10-01
SB,1997-11-01
SBL,2001-01-01
SBL,2001-02-01
SBL,2001-03-01
SBL,2001-04-01
SBL,2001-05-01
SBL,2001-06-01
SBL,2001-07-01
SBL,2001-08-01
SBL,2001-09-01
SBL,2001-10-01
SBL,2001-11-01
SBL,2001-12-01
SBL,2002-01-01
SBL,2002-02-01
SBL,2002-03-01
SBL,2002-04-01
SBL,2002-05-01
SBL,2002-06-01
SBL,2002-07-01
SBL,2002-08-01
SBL,2002-09-01
SBL,2002-10-01
SBL,2002-11-01
SBL,2002-12-01
SBL,2003-01-01
SBL,2003-02-01
SBL,2003-03-01
SBL,2003-04-01
SBL,2003-05-01
SBL,2003-06-01
SBL,2003-07-01
SBL,2003-08-01
SBL,2003-09-01
SBL,2003-10-01
SBL,2003-11-01
SBL,2003-12-01
SBL,2004-01-01
SBL,2004-02-01
SBL,2004-03-01
SBL,2004-04-01
SBL,2004-05-01
SBL,2004-06-01
SBL,2004-07-01
SBL,2004-08-01
SBL,2004-09-01
SBL,2004-10-01
SBL,2004-11-01
SBL,2004-12-01
SBL,2005-01-01
SBL,2005-02-01
SBL,2005-03-01
SBL,2005-04-01
SBL,2005-05-01
SBL,2005-06-01
SBL,2005-07-01
SBL,2005-08-01
SBL,2005-09-01
SBL,2005-10-01
SBL,2005-11-01
SBL,2005-12-01
SBL,2006-01-01
SBL,2006-02-01
SBL,2006-03-01
SBL,2006-04-01
SBL,2006-05-01
SBL,2006-06-01
SBL,2006-07-01
SBL,2006-08-01
SBL,2006-09-01
SBL,2006-10-01
SBL,2006-11-01
SBL,2006-12-01
SBL,2007-01-01
SBNY,2022-01-01
SBNY,2022-02-01
SBNY,2022-03-01
SBNY,2022-04-01
SBNY,2022-05-01
SBNY,2022-06-01
SBNY,2022-07-01
SBNY,2022-08-01
SBNY,2022-09-01
SBNY,2022-10-01
SBNY,2022-11-01
SBNY,2022-12-01
SBNY,2023-01-01
SBNY,2023-02-01
SBNY,2023-03-01
SCG,2009-02-01
SCG,2009-03-01
SCG,2009-04-01
SCG,2009-05-01
SCG,2009-06-01
SCG,2009-07-01
SCG,2009-08-01
SCG,2009-09-01
SCG,2009-10-01
SCG,2009-11-01
SCG,2009-12-01
SCG,2010-01-01
SCG,2010-02-01
SCG,2010-03-01
SCG,2010-04-01
SCG,2010-05-01
SCG,2010-06-01
SCG,2010-07-01
SCG,2010-08-01
SCG,2010-09-01
SCG,2010-10-01
SCG,2010-11-01
SCG,2010-12-01
SCG,2011-01-01
SCG,2011-02-01
SCG,2011-03-01
SCG,2011-04-01
SCG,2011-05-01
SCG,2011-06-01
SCG,2011-07-01
SCG,2011-08-01
SCG,2011-09-01
SCG,2011-10-01
SCG,2011-11-01
SCG,2011-12-01
SCG,2012-01-01
SCG,2012-02-01
SCG,2012-03-01
SCG,2012-04-01
SCG,2012-05-01
SCG,2012-06-01
SCG,2012-07-01
SCG,2012-08-01
SCG,2012-09-01
SCG,2012-10-01
SCG,2012-11-01
SCG,2012-12-01
SCG,2013-01-01
SCG,2013-02-01
SCG,2013-03-01
SCG,2013-04-01
SCG,2013-05-01
SCG,2013-06-01
SCG,2013-07-01
SCG,2013-08-01
SCG,2013-09-01
SCG,2013-10-01
SCG,2013-11-01
SCG,2013-12-01
SCG,2014-01-01
SCG,2014-02-01
SCG,2014-03-01
SCG,2014-04-01
SCG,2014-05-01
SCG,2014-06-01
SCG,2014-07-01
SCG,2014-08-01
SCG,2014-09-01
SCG,2014-10-01
SCG,2014-11-01
SCG,2014-12-01
SCG,2015-01-01
SCG,2015-02-01
SCG,2015-03-01
SCG,2015-04-01
SCG,2015-05-01
SCG,2015-06-01
SCG,2015-07-01
SCG,2015-08-01
SCG,2015-09-01
SCG,2015-10-01
SCG,2015-11-01
SCG,2015-12-01
SCG,2016-01-01
SCG,2016-02-01
SCG,2016-03-01
SCG,2016-04-01
SCG,2016-05-01
SCG,2016-06-01
SCG,2016-07-01
SCG,2016-08-01
SCG,2016-09-01
SCG,2016-10-01
SCG,2016-11-01
SCG,2016-12-01
SCG,2017-01-01
SCG,2017-02-01
SCG,2017-03-01
SCG,2017-04-01
SCG,2017-05-01
SCG,2017-06-01
SCG,2017-07-01
SCG,2017-08-01
SCG,2017-09-01
SCG,2017-10-01
SCG,2017-11-01
SCG,2017-12-01
SCG,2018-01-01
SCG,2018-02-01
SCG,2018-03-01
SCG,2018-04-01
SCG,2018-05-01
SCG,2018-06-01
SCG,2018-07-01
SCG,2018-08-01
SCG,2018-09-01
SCG,2018-10-01
SCG,2018-11-01
SCG,2018-12-01
SCG,2019-01-01
SDS,2002-08-01
SDS,2002-09-01
SDS,2002-10-01
SDS,2002-11-01
SDS,2002-12-01
SDS,2003-01-01
SDS,2003-02-01
SDS,2003-03-01
SDS,2003-04-01
SDS,2003-05-01
SDS,2003-06-01
SDS,2003-07-01
SDS,2003-08-01
SDS,2003-09-01
SDS,2003-10-01
SDS,2003-11-01
SDS,2003-12-01
SDS,2004-01-01
SDS,2004-02-01
SDS,2004-03-01
SDS,2004-04-01
SDS,2004-05-01
SDS,2004-06-01
SDS,2004-07-01
SDS,2004-08-01
SDS,2004-09-01
SDS,2004-10-01
SDS,2004-11-01
SDS,2004-12-01
SDS,2005-01-01
SDS,2005-02-01
SDS,2005-03-01
SDS,2005-04-01
SDS,2005-05-01
SDS,2005-06-01
SDS,2005-07-01
SDS,2005-08-01
SE,2007-02-01
SE,2007-03-01
SE,2007-04-01
SE,2007-05-01
SE,2007-06-01
SE,2007-07-01
SE,2007-08-01
SE,2007-09-01
SE,2007-10-01
SE,2007-11-01
SE,2007-12-01
SE,2008-01-01
SE,2008-02-01
SE,2008-03-01
SE,2008-04-01
SE,2008-05-01
SE,2008-06-01
SE,2008-07-01
SE,2008-08-01
SE,2008-09-01
SE,2008-10-01
SE,2008-11-01
SE,2008-12-01
SE,2009-01-01
SE,2009-02-01
SE,2009-03-01
SE,2009-04-01
SE,2009-05-01
SE,2009-06-01
SE,2009-07-01
SE,2009-08-01
SE,2009-09-01
SE,2009-10-01
SE,2009-11-01
SE,2009-12-01
SE,2010-01-01
SE,2010-02-01
SE,2010-03-01
SE,2010-04-01
SE,2010-05-01
SE,2010-06-01
SE,2010-07-01
SE,2010-08-01
SE,2010-09-01
SE,2010-10-01
SE,2010-11-01
SE,2010-12-01
SE,2011-01-01
SE,2011-02-01
SE,2011-03-01
SE,2011-04-01
SE,2011-05-01
SE,2011-06-01
SE,2011-07-01
SE,2011-08-01
SE,2011-09-01
SE,2011-10-01
SE,2011-11-01
SE,2011-12-01
SE,2012-01-01
SE,2012-02-01
SE,2012-03-01
SE,2012-04-01
SE,2012-05-01
SE,2012-06-01
SE,2012-07-01
SE,2012-08-01
SE,2012-09-01
SE,2012-10-01
SE,2012-11-01
SE,2012-12-01
SE,2013-01-01
SE,2013-02-01
SE,2013-03-01
SE,2013-04-01
SE,2013-05-01
SE,2013-06-01
SE,2013-07-01
SE,2013-08-01
SE,2013-09-01
SE,2013-10-01
SE,2013-11-01
SE,2013-12-01
SE,2014-01-01
SE,2014-02-01
SE,2014-03-01
SE,2014-04-01
SE,2014-05-01
SE,2014-06-01
SE,2014-07-01
SE,2014-08-01
SE,2014-09-01
SE,2014-10-01
SE,2014-11-01
SE,2014-12-01
SE,2015-01-01
SE,2015-02-01
SE,2015-03-01
SE,2015-04-01
SE,2015-05-01
SE,2015-06-01
SE,2015-07-01
SE,2015-08-01
SE,2015-09-01
SE,2015-10-01
SE,2015-11-01
SE,2015-12-01
SE,2016-01-01
SE,2016-02-01
SE,2016-03-01
SE,2016-04-01
SE,2016-05-01
SE,2016-06-01
SE,2016-07-01
SE,2016-08-01
SE,2016-09-01
SE,2016-10-01
SE,2016-11-01
SE,2016-12-01
SE,2017-01-01
SE,2017-02-01
SEBL,2000-06-01
SEBL,2000-07-01
SEBL,2000-08-01
SEBL,2000-09-01
SEBL,2000-10-01
SEBL,2000-11-01
SEBL,2000-12-01
SEBL,2001-01-01
SEBL,2001-02-01
SEBL,2001-03-01
SEBL,2001-04-01
SEBL,2001-05-01
SEBL,2001-06-01
SEBL,2001-07-01
SEBL,2001-08-01
SEBL,2001-09-01
SEBL,2001-10-01
SEBL,2001-11-01
SEBL,2001-12-01
SEBL,2002-01-01
SEBL,2002-02-01
SEBL,2002-03-01
SEBL,2002-04-01
SEBL,2002-05-01
SEBL,2002-06-01
SEBL,2002-07-01
SEBL,2002-08-01
SEBL,2002-09-01
SEBL,2002-10-01
SEBL,2002-11-01
SEBL,2002-12-01
SEBL,2003-01-01
SEBL,2003-02-01
SEBL,2003-03-01
SEBL,2003-04-01
SEBL,2003-05-01
SEBL,2003-06-01
SEBL,2003-07-01
SEBL,2003-08-01
SEBL,2003-09-01
SEBL,2003-10-01
SEBL,2003-11-01
SEBL,2003-12-01
SEBL,2004-01-01
SEBL,2004-02-01
SEBL,2004-03-01
SEBL,2004-04-01
SEBL,2004-05-01
SEBL,2004-06-01
SEBL,2004-07-01
SEBL,2004-08-01
SEBL,2004-09-01
SEBL,2004-10-01
SEBL,2004-11-01
SEBL,2004-12-01
SEBL,2005-01-01
SEBL,2005-02-01
SEBL,2005-03-01
SEBL,2005-04-01
SEBL,2005-05-01
SEBL,2005-06-01
SEBL,2005-07-01
SEBL,2005-08-01
SEBL,2005-09-01
SEBL,2005-10-01
SEBL,2005-11-01
SEBL,2005-12-01
SEBL,2006-01-01
SEE,1998-04-01
SEE,1998-05-01
SEE,1998-06-01
SEE,1998-07-01
SEE,1998-08-01
SEE,1998-09-01
SEE,1998-10-01
SEE,1998-11-01
SEE,1998-12-01
SEE,1999-01-01
SEE,1999-02-01
SEE,1999-03-01
SEE,1999-04-01
SEE,1999-05-01
SEE,1999-06-01
SEE,1999-07-01
SEE,1999-08-01
SEE,1999-09-01
SEE,1999-10-01
SEE,1999-11-01
SEE,1999-12-01
SEE,2000-01-01
SEE,2000-02-01
SEE,2000-03-01
SEE,2000-04-01
SEE,2000-05-01
SEE,2000-06-01
SEE,2000-07-01
SEE,2000-08-01
SEE,2000-09-01
SEE,2000-10-01
SEE,2000-11-01
SEE,2000-12-01
SEE,2001-01-01
SEE,2001-02-01
SEE,2001-03-01
SEE,2001-04-01
SEE,2001-05-01
SEE,2001-06-01
SEE,2001-07-01
SEE,2001-08-01
SEE,2001-09-01
SEE,2001-10-01
SEE,2001-11-01
SEE,2001-12-01
SEE,2002-01-01
SEE,2002-02-01
SEE,2002-03-01
SEE,2002-04-01
SEE,2002-05-01
SEE,2002-06-01
SEE,2002-07-01
SEE,2002-08-01
SEE,2002-09-01
SEE,2002-10-01
SEE,2002-11-01
SEE,2002-12-01
SEE,2003-01-01
SEE,2003-02-01
SEE,2003-03-01
SEE,2003-04-01
SEE,2003-05-01
SEE,2003-06-01
SEE,2003-07-01
SEE,2003-08-01
SEE,2003-09-01
SEE,2003-10-01
SEE,2003-11-01
SEE,2003-12-01
SEE,2004-01-01
SEE,2004-02-01
SEE,2004-03-01
SEE,2004-04-01
SEE,2004-05-01
SEE,2004-06-01
SEE,2004-07-01
SEE,2004-08-01
SEE,2004-09-01
SEE,2004-10-01
SEE,2004-11-01
SEE,2004-12-01
SEE,2005-01-01
SEE,2005-02-01
SEE,2005-03-01
SEE,2005-04-01
SEE,2005-05-01
SEE,2005-06-01
SEE,2005-07-01
SEE,2005-08-01
SEE,2005-09-01
SEE,2005-10-01
SEE,2005-11-01
SEE,2005-12-01
SEE,2006-01-01
SEE,2006-02-01
SEE,2006-03-01
SEE,2006-04-01
SEE,2006-05-01
SEE,2006-06-01
SEE,2006-07-01
SEE,2006-08-01
SEE,2006-09-01
SEE,2006-10-01
SEE,2006-11-01
SEE,2006-12-01
SEE,2007-01-01
SEE,2007-02-01
SEE,2007-03-01
SEE,2007-04-01
SEE,2007-05-01
SEE,2007-06-01
SEE,2007-07-01
SEE,2007-08-01
SEE,2007-09-01
SEE,2007-10-01
SEE,2007-11-01
SEE,2007-12-01
SEE,2008-01-01
SEE,2008-02-01
SEE,2008-03-01
SEE,2008-04-01
SEE,2008-05-01
SEE,2008-06-01
SEE,2008-07-01
SEE,2008-08-01
SEE,2008-09-01
SEE,2008-10-01
SEE,2008-11-01
SEE,2008-12-01
SEE,2009-01-01
SEE,2009-02-01
SEE,2009-03-01
SEE,2009-04-01
SEE,2009-05-01
SEE,2009-06-01
SEE,2009-07-01
SEE,2009-08-01
SEE,2009-09-01
SEE,2009-10-01
SEE,2009-11-01
SEE,2009-12-01
SEE,2010-01-01
SEE,2010-02-01
SEE,2010-03-01
SEE,2010-04-01
SEE,2010-05-01
SEE,2010-06-01
SEE,2010-07-01
SEE,2010-08-01
SEE,2010-09-01
SEE,2010-10-01
SEE,2010-11-01
SEE,2010-12-01
SEE,2011-01-01
SEE,2011-02-01
SEE,2011-03-01
SEE,2011-04-01
SEE,2011-05-01
SEE,2011-06-01
SEE,2011-07-01
SEE,2011-08-01
SEE,2011-09-01
SEE,2011-10-01
SEE,2011-11-01
SEE,2011-12-01
SEE,2012-01-01
SEE,2012-02-01
SEE,2012-03-01
SEE,2012-04-01
SEE,2012-05-01
SEE,2012-06-01
SEE,2012-07-01
SEE,2012-08-01
SEE,2012-09-01
SEE,2012-10-01
SEE,2012-11-01
SEE,2012-12-01
SEE,2013-01-01
SEE,2013-02-01
SEE,2013-03-01
SEE,2013-04-01
SEE,2013-05-01
SEE,2013-06-01
SEE,2013-07-01
SEE,2013-08-01
SEE,2013-09-01
SEE,2013-10-01
SEE,2013-11-01
SEE,2013-12-01
SEE,2014-01-01
SEE,2014-02-01
SEE,2014-03-01
SEE,2014-04-01
SEE,2014-05-01
SEE,2014-06-01
SEE,2014-07-01
SEE,2014-08-01
SEE,2014-09-01
SEE,2014-10-01
SEE,2014-11-01
SEE,2014-12-01
SEE,2015-01-01
SEE,2015-02-01
SEE,2015-03-01
SEE,2015-04-01
SEE,2015-05-01
SEE,2015-06-01
SEE,2015-07-01
SEE,2015-08-01
SEE,2015-09-01
SEE,2015-10-01
SEE,2015-11-01
SEE,2015-12-01
SEE,2016-01-01
SEE,2016-02-01
SEE,2016-03-01
SEE,2016-04-01
SEE,2016-05-01
SEE,2016-06-01
SEE,2016-07-01
SEE,2016-08-01
SEE,2016-09-01
SEE,2016-10-01
SEE,2016-11-01
SEE,2016-12-01
SEE,2017-01-01
SEE,2017-02-01
SEE,2017-03-01
SEE,2017-04-01
SEE,2017-05-01
SEE,2017-06-01
SEE,2017-07-01
SEE,2017-08-01
SEE,2017-09-01
SEE,2017-10-01
SEE,2017-11-01
SEE,2017-12-01
SEE,2018-01-01
SEE,2018-02-01
SEE,2018-03-01
SEE,2018-04-01
SEE,2018-05-01
SEE,2018-06-01
SEE,2018-07-01
SEE,2018-08-01
SEE,2018-09-01
SEE,2018-10-01
SEE,2018-11-01
SEE,2018-12-01
SEE,2019-01-01
SEE,2019-02-01
SEE,2019-03-01
SEE,2019-04-01
SEE,2019-05-01
SEE,2019-06-01
SEE,2019-07-01
SEE,2019-08-01
SEE,2019-09-01
SEE,2019-10-01
SEE,2019-11-01
SEE,2019-12-01
SEE,2020-01-01
SEE,2020-02-01
SEE,2020-03-01
SEE,2020-04-01
SEE,2020-05-01
SEE,2020-06-01
SEE,2020-07-01
SEE,2020-08-01
SEE,2020-09-01
SEE,2020-10-01
SEE,2020-11-01
SEE,2020-12-01
SEE,2021-01-01
SEE,2021-02-01
SEE,2021-03-01
SEE,2021-04-01
SEE,2021-05-01
SEE,2021-06-01
SEE,2021-07-01
SEE,2021-08-01
SEE,2021-09-01
SEE,2021-10-01
SEE,2021-11-01
SEE,2021-12-01
SEE,2022-01-01
SEE,2022-02-01
SEE,2022-03-01
SEE,2022-04-01
SEE,2022-05-01
SEE,2022-06-01
SEE,2022-07-01
SEE,2022-08-01
SEE,2022-09-01
SEE,2022-10-01
SEE,2022-11-01
SEE,2022-12-01
SEE,2023-01-01
SEE,2023-02-01
SEE,2023-03-01
SEE,2023-04-01
SEE,2023-05-01
SEE,2023-06-01
SEE,2023-07-01
SEE,2023-08-01
SEE,2023-09-01
SEE,2023-10-01
SEE,2023-11-01
SEE,2023-12-01
SEG,1996-09-01
SEG,1996-10-01
SEG,1996-11-01
SEG,1996-12-01
SEG,1997-01-01
SEG,1997-02-01
SEG,1997-03-01
SEG,1997-04-01
SEG,1997-05-01
SEG,1997-06-01
SEG,1997-07-01
SEG,1997-08-01
SEG,1997-09-01
SEG,1997-10-01
SEG,1997-11-01
SEG,1997-12-01
SEG,1998-01-01
SEG,1998-02-01
SEG,1998-03-01
SEG,1998-04-01
SEG,1998-05-01
SEG,1998-06-01
SEG,1998-07-01
SEG,1998-08-01
SEG,1998-09-01
SEG,1998-10-01
SEG,1998-11-01
SEG,1998-12-01
SEG,1999-01-01
SEG,1999-02-01
SEG,1999-03-01
SEG,1999-04-01
SEG,1999-05-01
SEG,1999-06-01
SEG,1999-07-01
SEG,1999-08-01
SEG,1999-09-01
SEG,1999-10-01
SEG,1999-11-01
SEG,1999-12-01
SEG,2000-01-01
SEG,2000-02-01
SEG,2000-03-01
SEG,2000-04-01
SEG,2000-05-01
SEG,2000-06-01
SEG,2000-07-01
SEG,2000-08-01
SEG,2000-09-01
SEG,2000-10-01
SEG,2000-11-01
SFA,1996-02-01
SFA,1996-03-01
SFA,1996-04-01
SFA,1996-05-01
SFA,1996-06-01
SFA,1996-07-01
SFA,1996-08-01
SFA,1996-09-01
SFA,1996-10-01
SFA,1996-11-01
SFA,1996-12-01
SFA,1997-01-01
SFA,1997-02-01
SFA,1997-03-01
SFA,1997-04-01
SFA,1997-05-01
SFA,1997-06-01
SFA,1997-07-01
SFA,1997-08-01
SFA,1997-09-01
SFA,1997-10-01
SFA,1997-11-01
SFA,1997-12-01
SFA,1998-01-01
SFA,1998-02-01
SFA,1998-03-01
SFA,1998-04-01
SFA,1998-05-01
SFA,1998-06-01
SFA,1998-07-01
SFA,1998-08-01
SFA,1998-09-01
SFA,1998-10-01
SFA,1998-11-01
SFA,1998-12-01
SFA,1999-01-01
SFA,1999-02-01
SFA,1999-03-01
SFA,1999-04-01
SFA,1999-05-01
SFA,1999-06-01
SFA,1999-07-01
SFA,1999-08-01
SFA,1999-09-01
SFA,1999-10-01
SFA,1999-11-01
SFA,1999-12-01
SFA,2000-01-01
SFA,2000-02-01
SFA,2000-03-01
SFA,2000-04-01
SFA,2000-05-01
SFA,2000-06-01
SFA,2000-07-01
SFA,2000-08-01
SFA,2000-09-01
SFA,2000-10-01
SFA,2000-11-01
SFA,2000-12-01
SFA,2001-01-01
SFA,2001-02-01
SFA,2001-03-01
SFA,2001-04-01
SFA,2001-05-01
SFA,2001-06-01
SFA,2001-07-01
SFA,2001-08-01
SFA,2001-09-01
SFA,2001-10-01
SFA,2001-11-01
SFA,2001-12-01
SFA,2002-01-01
SFA,2002-02-01
SFA,2002-03-01
SFA,2002-04-01
SFA,2002-05-01
SFA,2002-06-01
SFA,2002-07-01
SFA,2002-08-01
SFA,2002-09-01
SFA,2002-10-01
SFA,2002-11-01
SFA,2002-12-01
SFA,2003-01-01
SFA,2003-02-01
SFA,2003-03-01
SFA,2003-04-01
SFA,2003-05-01
SFA,2003-06-01
SFA,2003-07-01
SFA,2003-08-01
SFA,2003-09-01
SFA,2003-10-01
SFA,2003-11-01
SFA,2003-12-01
SFA,2004-01-01
SFA,2004-02-01
SFA,2004-03-01
SFA,2004-04-01
SFA,2004-05-01
SFA,2004-06-01
SFA,2004-07-01
SFA,2004-08-01
SFA,2004-09-01
SFA,2004-10-01
SFA,2004-11-01
SFA,2004-12-01
SFA,2005-01-01
SFA,2005-02-01
SFA,2005-03-01
SFA,2005-04-01
SFA,2005-05-01
SFA,2005-06-01
SFA,2005-07-01
SFA,2005-08-01
SFA,2005-09-01
SFA,2005-10-01
SFA,2005-11-01
SFA,2005-12-01
SFA,2006-01-01
SFA,2006-02-01
SFS,1996-02-01
SFS,1996-03-01
SFS,1996-04-01
SFS,1996-05-01
SFS,1996-06-01
SFS,1996-07-01
SFS,1996-08-01
SFS,1996-09-01
SFS,1996-10-01
SFS,1996-11-01
SFS,1996-12-01
SFS,1997-01-01
SFS,1997-02-01
SFS,1997-03-01
SFS,1997-04-01
SFS,1997-05-01
SFS,1997-06-01
SFS,1997-07-01
SGID,1996-02-01
SGID,1996-03-01
SGID,1996-04-01
SGID,1996-05-01
SGID,1996-06-01
SGID,1996-07-01
SGID,1996-08-01
SGID,1996-09-01
SGID,1996-10-01
SGID,1996-11-01
SGID,1996-12-01
SGID,1997-01-01
SGID,1997-02-01
SGID,1997-03-01
SGID,1997-04-01
SGID,1997-05-01
SGID,1997-06-01
SGID,1997-07-01
SGID,1997-08-01
SGID,1997-09-01
SGID,1997-10-01
SGID,1997-11-01
SGID,1997-12-01
SGID,1998-01-01
SGID,1998-02-01
SGID,1998-03-01
SGID,1998-04-01
SGID,1998-05-01
SGID,1998-06-01
SGID,1998-07-01
SGID,1998-08-01
SGID,1998-09-01
SGID,1998-10-01
SGID,1998-11-01
SGID,1998-12-01
SGID,1999-01-01
SGID,1999-02-01
SGID,1999-03-01
SGID,1999-04-01
SGID,1999-05-01
SGID,1999-06-01
SGID,1999-07-01
SGID,1999-08-01
SGID,1999-09-01
SGID,1999-10-01
SGID,1999-11-01
SGID,1999-12-01
SGID,2000-01-01
SGID,2000-02-01
SGID,2000-03-01
SGID,2000-04-01
SGID,2000-05-01
SGID,2000-06-01
SGP,1996-02-01
SGP,1996-03-01
SGP,1996-04-01
SGP,1996-05-01
SGP,1996-06-01
SGP,1996-07-01
SGP,1996-08-01
SGP,1996-09-01
SGP,1996-10-01
SGP,1996-11-01
SGP,1996-12-01
SGP,1997-01-01
SGP,1997-02-01
SGP,1997-03-01
SGP,1997-04-01
SGP,1997-05-01
SGP,1997-06-01
SGP,1997-07-01
SGP,1997-08-01
SGP,1997-09-01
SGP,1997-10-01
SGP,1997-11-01
SGP,1997-12-01
SGP,1998-01-01
SGP,1998-02-01
SGP,1998-03-01
SGP,1998-04-01
SGP,1998-05-01
SGP,1998-06-01
SGP,1998-07-01
SGP,1998-08-01
SGP,1998-09-01
SGP,1998-10-01
SGP,1998-11-01
SGP,1998-12-01
SGP,1999-01-01
SGP,1999-02-01
SGP,1999-03-01
SGP,1999-04-01
SGP,1999-05-01
SGP,1999-06-01
SGP,1999-07-01
SGP,1999-08-01
SGP,1999-09-01
SGP,1999-10-01
SGP,1999-11-01
SGP,1999-12-01
SGP,2000-01-01
SGP,2000-02-01
SGP,2000-03-01
SGP,2000-04-01
SGP,2000-05-01
SGP,2000-06-01
SGP,2000-07-01
SGP,2000-08-01
SGP,2000-09-01
SGP,2000-10-01
SGP,2000-11-01
SGP,2000-12-01
SGP,2001-01-01
SGP,2001-02-01
SGP,2001-03-01
SGP,2001-04-01
SGP,2001-05-01
SGP,2001-06-01
SGP,2001-07-01
SGP,2001-08-01
SGP,2001-09-01
SGP,2001-10-01
SGP,2001-11-01
SGP,2001-12-01
SGP,2002-01-01
SGP,2002-02-01
SGP,2002-03-01
SGP,2002-04-01
SGP,2002-05-01
SGP,2002-06-01
SGP,2002-07-01
SGP,2002-08-01
SGP,2002-09-01
SGP,2002-10-01
SGP,2002-11-01
SGP,2002-12-01
SGP,2003-01-01
SGP,2003-02-01
SGP,2003-03-01
SGP,2003-04-01
SGP,2003-05-01
SGP,2003-06-01
SGP,2003-07-01
SGP,2003-08-01
SGP,2003-09-01
SGP,2003-10-01
SGP,2003-11-01
SGP,2003-12-01
SGP,2004-01-01
SGP,2004-02-01
SGP,2004-03-01
SGP,2004-04-01
SGP,2004-05-01
SGP,2004-06-01
SGP,2004-07-01
SGP,2004-08-01
SGP,2004-09-01
SGP,2004-10-01
SGP,2004-11-01
SGP,2004-12-01
SGP,2005-01-01
SGP,2005-02-01
SGP,2005-03-01
SGP,2005-04-01
SGP,2005-05-01
SGP,2005-06-01
SGP,2005-07-01
SGP,2005-08-01
SGP,2005-09-01
SGP,2005-10-01
SGP,2005-11-01
SGP,2005-12-01
SGP,2006-01-01
SGP,2006-02-01
SGP,2006-03-01
SGP,2006-04-01
SGP,2006-05-01
SGP,2006-06-01
SGP,2006-07-01
SGP,2006-08-01
SGP,2006-09-01
SGP,2006-10-01
SGP,2006-11-01
SGP,2006-12-01
SGP,2007-01-01
SGP,2007-02-01
SGP,2007-03-01
SGP,2007-04-01
SGP,2007-05-01
SGP,2007-06-01
SGP,2007-07-01
SGP,2007-08-01
SGP,2007-09-01
SGP,2007-10-01
SGP,2007-11-01
SGP,2007-12-01
SGP,2008-01-01
SGP,2008-02-01
SGP,2008-03-01
SGP,2008-04-01
SGP,2008-05-01
SGP,2008-06-01
SGP,2008-07-01
SGP,2008-08-01
SGP,2008-09-01
SGP,2008-10-01
SGP,2008-11-01
SGP,2008-12-01
SGP,2009-01-01
SGP,2009-02-01
SGP,2009-03-01
SGP,2009-04-01
SGP,2009-05-01
SGP,2009-06-01
SGP,2009-07-01
SGP,2009-08-01
SGP,2009-09-01
SGP,2009-10-01
SGP,2009-11-01
SHLD,2005-04-01
SHLD,2005-05-01
SHLD,2005-06-01
SHLD,2005-07-01
SHLD,2005-08-01
SHLD,2005-09-01
SHLD,2005-10-01
SHLD,2005-11-01
SHLD,2005-12-01
SHLD,2006-01-01
SHLD,2006-02-01
SHLD,2006-03-01
SHLD,2006-04-01
SHLD,2006-05-01
SHLD,2006-06-01
SHLD,2006-07-01
SHLD,2006-08-01
SHLD,2006-09-01
SHLD,2006-10-01
SHLD,2006-11-01
SHLD,2006-12-01
SHLD,2007-01-01
SHLD,2007-02-01
SHLD,2007-03-01
SHLD,2007-04-01
SHLD,2007-05-01
SHLD,2007-06-01
SHLD,2007-07-01
SHLD,2007-08-01
SHLD,2007-09-01
SHLD,2007-10-01
SHLD,2007-11-01
SHLD,2007-12-01
SHLD,2008-01-01
SHLD,2008-02-01
SHLD,2008-03-01
SHLD,2008-04-01
SHLD,2008-05-01
SHLD,2008-06-01
SHLD,2008-07-01
SHLD,2008-08-01
SHLD,2008-09-01
SHLD,2008-10-01
SHLD,2008-11-01
SHLD,2008-12-01
SHLD,2009-01-01
SHLD,2009-02-01
SHLD,2009-03-01
SHLD,2009-04-01
SHLD,2009-05-01
SHLD,2009-06-01
SHLD,2009-07-01
SHLD,2009-08-01
SHLD,2009-09-01
SHLD,2009-10-01
SHLD,2009-11-01
SHLD,2009-12-01
SHLD,2010-01-01
SHLD,2010-02-01
SHLD,2010-03-01
SHLD,2010-04-01
SHLD,2010-05-01
SHLD,2010-06-01
SHLD,2010-07-01
SHLD,2010-08-01
SHLD,2010-09-01
SHLD,2010-10-01
SHLD,2010-11-01
SHLD,2010-12-01
SHLD,2011-01-01
SHLD,2011-02-01
SHLD,2011-03-01
SHLD,2011-04-01
SHLD,2011-05-01
SHLD,2011-06-01
SHLD,2011-07-01
SHLD,2011-08-01
SHLD,2011-09-01
SHLD,2011-10-01
SHLD,2011-11-01
SHLD,2011-12-01
SHLD,2012-01-01
SHLD,2012-02-01
SHLD,2012-03-01
SHLD,2012-04-01
SHLD,2012-05-01
SHLD,2012-06-01
SHLD,2012-07-01
SHLD,2012-08-01
SHLD,2012-09-01
SHN,1996-02-01
SHN,1996-03-01
SHN,1996-04-01
SHN,1996-05-01
SHN,1996-06-01
SHN,1996-07-01
SHN,1996-08-01
SHN,1996-09-01
SHN,1996-10-01
SHN,1996-11-01
SHN,1996-12-01
SHN,1997-01-01
SIAL,1996-02-01
SIAL,1996-03-01
SIAL,1996-04-01
SIAL,1996-05-01
SIAL,1996-06-01
SIAL,1996-07-01
SIAL,1996-08-01
SIAL,1996-09-01
SIAL,1996-10-01
SIAL,1996-11-01
SIAL,1996-12-01
SIAL,1997-01-01
SIAL,1997-02-01
SIAL,1997-03-01
SIAL,1997-04-01
SIAL,1997-05-01
SIAL,1997-06-01
SIAL,1997-07-01
SIAL,1997-08-01
SIAL,1997-09-01
SIAL,1997-10-01
SIAL,1997-11-01
SIAL,1997-12-01
SIAL,1998-01-01
SIAL,1998-02-01
SIAL,1998-03-01
SIAL,1998-04-01
SIAL,1998-05-01
SIAL,1998-06-01
SIAL,1998-07-01
SIAL,1998-08-01
SIAL,1998-09-01
SIAL,1998-10-01
SIAL,1998-11-01
SIAL,1998-12-01
SIAL,1999-01-01
SIAL,1999-02-01
SIAL,1999-03-01
SIAL,1999-04-01
SIAL,1999-05-01
SIAL,1999-06-01
SIAL,1999-07-01
SIAL,1999-08-01
SIAL,1999-09-01
SIAL,1999-10-01
SIAL,1999-11-01
SIAL,1999-12-01
SIAL,2000-01-01
SIAL,2000-02-01
SIAL,2000-03-01
SIAL,2000-04-01
SIAL,2000-05-01
SIAL,2000-06-01
SIAL,2000-07-01
SIAL,2000-08-01
SIAL,2000-09-01
SIAL,2000-10-01
SIAL,2000-11-01
SIAL,2000-12-01
SIAL,2001-01-01
SIAL,2001-02-01
SIAL,2001-03-01
SIAL,2001-04-01
SIAL,2001-05-01
SIAL,2001-06-01
SIAL,2001-07-01
SIAL,2001-08-01
SIAL,2001-09-01
SIAL,2001-10-01
SIAL,2001-11-01
SIAL,2001-12-01
SIAL,2002-01-01
SIAL,2002-02-01
SIAL,2002-03-01
SIAL,2002-04-01
SIAL,2002-05-01
SIAL,2002-06-01
SIAL,2002-07-01
SIAL,2002-08-01
SIAL,2002-09-01
SIAL,2002-10-01
SIAL,2002-11-01
SIAL,2002-12-01
SIAL,2003-01-01
SIAL,2003-02-01
SIAL,2003-03-01
SIAL,2003-04-01
SIAL,2003-05-01
SIAL,2003-06-01
SIAL,2003-07-01
SIAL,2003-08-01
SIAL,2003-09-01
SIAL,2003-10-01
SIAL,2003-11-01
SIAL,2003-12-01
SIAL,2004-01-01
SIAL,2004-02-01
SIAL,2004-03-01
SIAL,2004-04-01
SIAL,2004-05-01
SIAL,2004-06-01
SIAL,2004-07-01
SIAL,2004-08-01
SIAL,2004-09-01
SIAL,2004-10-01
SIAL,2004-11-01
SIAL,2004-12-01
SIAL,2005-01-01
SIAL,2005-02-01
SIAL,2005-03-01
SIAL,2005-04-01
SIAL,2005-05-01
SIAL,2005-06-01
SIAL,2005-07-01
SIAL,2005-08-01
SIAL,2005-09-01
SIAL,2005-10-01
SIAL,2005-11-01
SIAL,2005-12-01
SIAL,2006-01-01
SIAL,2006-02-01
SIAL,2006-03-01
SIAL,2006-04-01
SIAL,2006-05-01
SIAL,2006-06-01
SIAL,2006-07-01
SIAL,2006-08-01
SIAL,2006-09-01
SIAL,2006-10-01
SIAL,2006-11-01
SIAL,2006-12-01
SIAL,2007-01-01
SIAL,2007-02-01
SIAL,2007-03-01
SIAL,2007-04-01
SIAL,2007-05-01
SIAL,2007-06-01
SIAL,2007-07-01
SIAL,2007-08-01
SIAL,2007-09-01
SIAL,2007-10-01
SIAL,2007-11-01
SIAL,2007-12-01
SIAL,2008-01-01
SIAL,2008-02-01
SIAL,2008-03-01
SIAL,2008-04-01
SIAL,2008-05-01
SIAL,2008-06-01
SIAL,2008-07-01
SIAL,2008-08-01
SIAL,2008-09-01
SIAL,2008-10-01
SIAL,2008-11-01
SIAL,2008-12-01
SIAL,2009-01-01
SIAL,2009-02-01
SIAL,2009-03-01
SIAL,2009-04-01
SIAL,2009-05-01
SIAL,2009-06-01
SIAL,2009-07-01
SIAL,2009-08-01
SIAL,2009-09-01
SIAL,2009-10-01
SIAL,2009-11-01
SIAL,2009-12-01
SIAL,2010-01-01
SIAL,2010-02-01
SIAL,2010-03-01
SIAL,2010-04-01
SIAL,2010-05-01
SIAL,2010-06-01
SIAL,2010-07-01
SIAL,2010-08-01
SIAL,2010-09-01
SIAL,2010-10-01
SIAL,2010-11-01
SIAL,2010-12-01
SIAL,2011-01-01
SIAL,2011-02-01
SIAL,2011-03-01
SIAL,2011-04-01
SIAL,2011-05-01
SIAL,2011-06-01
SIAL,2011-07-01
SIAL,2011-08-01
SIAL,2011-09-01
SIAL,2011-10-01
SIAL,2011-11-01
SIAL,2011-12-01
SIAL,2012-01-01
SIAL,2012-02-01
SIAL,2012-03-01
SIAL,2012-04-01
SIAL,2012-05-01
SIAL,2012-06-01
SIAL,2012-07-01
SIAL,2012-08-01
SIAL,2012-09-01
SIAL,2012-10-01
SIAL,2012-11-01
SIAL,2012-12-01
SIAL,2013-01-01
SIAL,2013-02-01
SIAL,2013-03-01
SIAL,2013-04-01
SIAL,2013-05-01
SIAL,2013-06-01
SIAL,2013-07-01
SIAL,2013-08-01
SIAL,2013-09-01
SIAL,2013-10-01
SIAL,2013-11-01
SIAL,2013-12-01
SIAL,2014-01-01
SIAL,2014-02-01
SIAL,2014-03-01
SIAL,2014-04-01
SIAL,2014-05-01
SIAL,2014-06-01
SIAL,2014-07-01
SIAL,2014-08-01
SIAL,2014-09-01
SIAL,2014-10-01
SIAL,2014-11-01
SIAL,2014-12-01
SIAL,2015-01-01
SIAL,2015-02-01
SIAL,2015-03-01
SIAL,2015-04-01
SIAL,2015-05-01
SIAL,2015-06-01
SIAL,2015-07-01
SIAL,2015-08-01
SIAL,2015-09-01
SIAL,2015-10-01
SIAL,2015-11-01
SII,2006-11-01
SII,2006-12-01
SII,2007-01-01
SII,2007-02-01
SII,2007-03-01
SII,2007-04-01
SII,2007-05-01
SII,2007-06-01
SII,2007-07-01
SII,2007-08-01
SII,2007-09-01
SII,2007-10-01
SII,2007-11-01
SII,2007-12-01
SII,2008-01-01
SII,2008-02-01
SII,2008-03-01
SII,2008-04-01
SII,2008-05-01
SII,2008-06-01
SII,2008-07-01
SII,2008-08-01
SII,2008-09-01
SII,2008-10-01
SII,2008-11-01
SII,2008-12-01
SII,2009-01-01
SII,2009-02-01
SII,2009-03-01
SII,2009-04-01
SII,2009-05-01
SII,2009-06-01
SII,2009-07-01
SII,2009-08-01
SII,2009-09-01
SII,2009-10-01
SII,2009-11-01
SII,2009-12-01
SII,2010-01-01
SII,2010-02-01
SII,2010-03-01
SII,2010-04-01
SII,2010-05-01
SII,2010-06-01
SII,2010-07-01
SII,2010-08-01
SIVB,2018-04-01
SIVB,2018-05-01
SIVB,2018-06-01
SIVB,2018-07-01
SIVB,2018-08-01
SIVB,2018-09-01
SIVB,2018-10-01
SIVB,2018-11-01
SIVB,2018-12-01
SIVB,2019-01-01
SIVB,2019-02-01
SIVB,2019-03-01
SIVB,2019-04-01
SIVB,2019-05-01
SIVB,2019-06-01
SIVB,2019-07-01
SIVB,2019-08-01
SIVB,2019-09-01
SIVB,2019-10-01
SIVB,2019-11-01
SIVB,2019-12-01
SIVB,2020-01-01
SIVB,2020-02-01
SIVB,2020-03-01
SIVB,2020-04-01
SIVB,2020-05-01
SIVB,2020-06-01
SIVB,2020-07-01
SIVB,2020-08-01
SIVB,2020-09-01
SIVB,2020-10-01
SIVB,2020-11-01
SIVB,2020-12-01
SIVB,2021-01-01
SIVB,2021-02-01
SIVB,2021-03-01
SIVB,2021-04-01
SIVB,2021-05-01
SIVB,2021-06-01
SIVB,2021-07-01
SIVB,2021-08-01
SIVB,2021-09-01
SIVB,2021-10-01
SIVB,2021-11-01
SIVB,2021-12-01
SIVB,2022-01-01
SIVB,2022-02-01
SIVB,2022-03-01
SIVB,2022-04-01
SIVB,2022-05-01
SIVB,2022-06-01
SIVB,2022-07-01
SIVB,2022-08-01
SIVB,2022-09-01
SIVB,2022-10-01
SIVB,2022-11-01
SIVB,2022-12-01
SIVB,2023-01-01
SIVB,2023-02-01
SIVB,2023-03-01
SK,1996-02-01
SK,1996-03-01
SK,1996-04-01
SK,1996-05-01
SK,1996-06-01
SK,1996-07-01
SK,1996-08-01
SK,1996-09-01
SK,1996-10-01
SK,1996-11-01
SK,1996-12-01
SK,1997-01-01
SK,1997-02-01
SK,1997-03-01
SK,1997-04-01
SK,1997-05-01
SK,1997-06-01
SK,1997-07-01
SK,1997-08-01
SK,1997-09-01
SK,1997-10-01
SK,1997-11-01
SK,1997-12-01
SK,1998-01-01
SK,1998-02-01
SK,1998-03-01
SLR,1999-01-01
SLR,1999-02-01
SLR,1999-03-01
SLR,1999-04-01
SLR,1999-05-01
SLR,1999-06-01
SLR,1999-07-01
SLR,1999-08-01
SLR,1999-09-01
SLR,1999-10-01
SLR,1999-11-01
SLR,1999-12-01
SLR,2000-01-01
SLR,2000-02-01
SLR,2000-03-01
SLR,2000-04-01
SLR,2000-05-01
SLR,2000-06-01
SLR,2000-07-01
SLR,2000-08-01
SLR,2000-09-01
SLR,2000-10-01
SLR,2000-11-01
SLR,2000-12-01
SLR,2001-01-01
SLR,2001-02-01
SLR,2001-03-01
SLR,2001-04-01
SLR,2001-05-01
SLR,2001-06-01
SLR,2001-07-01
SLR,2001-08-01
SLR,2001-09-01
SLR,2001-10-01
SLR,2001-11-01
SLR,2001-12-01
SLR,2002-01-01
SLR,2002-02-01
SLR,2002-03-01
SLR,2002-04-01
SLR,2002-05-01
SLR,2002-06-01
SLR,2002-07-01
SLR,2002-08-01
SLR,2002-09-01
SLR,2002-10-01
SLR,2002-11-01
SLR,2002-12-01
SLR,2003-01-01
SLR,2003-02-01
SLR,2003-03-01
SLR,2003-04-01
SLR,2003-05-01
SLR,2003-06-01
SLR,2003-07-01
SLR,2003-08-01
SLR,2003-09-01
SLR,2003-10-01
SLR,2003-11-01
SLR,2003-12-01
SLR,2004-01-01
SLR,2004-02-01
SLR,2004-03-01
SLR,2004-04-01
SLR,2004-05-01
SLR,2004-06-01
SLR,2004-07-01
SLR,2004-08-01
SLR,2004-09-01
SLR,2004-10-01
SLR,2004-11-01
SLR,2004-12-01
SLR,2005-01-01
SLR,2005-02-01
SLR,2005-03-01
SLR,2005-04-01
SLR,2005-05-01
SLR,2005-06-01
SLR,2005-07-01
SLR,2005-08-01
SLR,2005-09-01
SLR,2005-10-01
SLR,2005-11-01
SLR,2005-12-01
SLR,2006-01-01
SLR,2006-02-01
SLR,2006-03-01
SLR,2006-04-01
SLR,2006-05-01
SLR,2006-06-01
SLR,2006-07-01
SLR,2006-08-01
SLR,2006-09-01
SLR,2006-10-01
SLR,2006-11-01
SLR,2006-12-01
SLR,2007-01-01
SLR,2007-02-01
SLR,2007-03-01
SLR,2007-04-01
SLR,2007-05-01
SLR,2007-06-01
SLR,2007-07-01
SLR,2007-08-01
SLR,2007-09-01
SLR,2007-10-01
SMI,1996-02-01
SMI,1996-03-01
SMI,1996-04-01
SMI,1996-05-01
SMI,1996-06-01
SMI,1996-07-01
SMI,1996-08-01
SMI,1996-09-01
SMI,1996-10-01
SMI,1996-11-01
SMI,1996-12-01
SMI,1997-01-01
SMI,1997-02-01
SMI,1997-03-01
SMI,1997-04-01
SMI,1997-05-01
SMI,1997-06-01
SMI,1997-07-01
SMI,1997-08-01
SMI,1997-09-01
SMI,1997-10-01
SMI,1997-11-01
SMI,1997-12-01
SMI,1998-01-01
SMI,1998-02-01
SMI,1998-03-01
SMI,1998-04-01
SMI,1998-05-01
SMI,1998-06-01
SMI,1998-07-01
SMI,1998-08-01
SMI,1998-09-01
SMI,1998-10-01
SMI,1998-11-01
SMI,1998-12-01
SMI,1999-01-01
SMI,1999-02-01
SMI,1999-03-01
SMI,1999-04-01
SMI,1999-05-01
SMI,1999-06-01
SMI,1999-07-01
SMI,1999-08-01
SMI,1999-09-01
SMI,1999-10-01
SMI,1999-11-01
SMI,1999-12-01
SMI,2000-01-01
SMI,2000-02-01
SMI,2000-03-01
SMI,2000-04-01
SMI,2000-05-01
SMI,2000-06-01
SMI,2000-07-01
SMI,2000-08-01
SMI,2000-09-01
SMI,2000-10-01
SMI,2000-11-01
SMI,2000-12-01
SMS,1996-02-01
SMS,1996-03-01
SMS,1996-04-01
SMS,1996-05-01
SMS,1996-06-01
SMS,1996-07-01
SMS,1996-08-01
SMS,1996-09-01
SMS,1996-10-01
SMS,1996-11-01
SMS,1996-12-01
SMS,1997-01-01
SMS,1997-02-01
SMS,1997-03-01
SMS,1997-04-01
SMS,1997-05-01
SMS,1997-06-01
SMS,1997-07-01
SMS,1997-08-01
SMS,1997-09-01
SMS,1997-10-01
SMS,1997-11-01
SMS,1997-12-01
SMS,1998-01-01
SMS,1998-02-01
SMS,1998-03-01
SMS,1998-04-01
SMS,1998-05-01
SMS,1998-06-01
SMS,1998-07-01
SMS,1998-08-01
SMS,1998-09-01
SMS,1998-10-01
SMS,1998-11-01
SMS,1998-12-01
SMS,1999-01-01
SMS,1999-02-01
SMS,1999-03-01
SMS,1999-04-01
SMS,1999-05-01
SMS,1999-06-01
SMS,1999-07-01
SMS,1999-08-01
SMS,1999-09-01
SMS,1999-10-01
SMS,1999-11-01
SMS,1999-12-01
SMS,2000-01-01
SMS,2000-02-01
SMS,2000-03-01
SMS,2000-04-01
SMS,2000-05-01
SMS,2000-06-01
SNDK,2006-05-01
SNDK,2006-06-01
SNDK,2006-07-01
SNDK,2006-08-01
SNDK,2006-09-01
SNDK,2006-10-01
SNDK,2006-11-01
SNDK,2006-12-01
SNDK,2007-01-01
SNDK,2007-02-01
SNDK,2007-03-01
SNDK,2007-04-01
SNDK,2007-05-01
SNDK,2007-06-01
SNDK,2007-07-01
SNDK,2007-08-01
SNDK,2007-09-01
SNDK,2007-10-01
SNDK,2007-11-01
SNDK,2007-12-01
SNDK,2008-01-01
SNDK,2008-02-01
SNDK,2008-03-01
SNDK,2008-04-01
SNDK,2008-05-01
SNDK,2008-06-01
SNDK,2008-07-01
SNDK,2008-08-01
SNDK,2008-09-01
SNDK,2008-10-01
SNDK,2008-11-01
SNDK,2008-12-01
SNDK,2009-01-01
SNDK,2009-02-01
SNDK,2009-03-01
SNDK,2009-04-01
SNDK,2009-05-01
SNDK,2009-06-01
SNDK,2009-07-01
SNDK,2009-08-01
SNDK,2009-09-01
SNDK,2009-10-01
SNDK,2009-11-01
SNDK,2009-12-01
SNDK,2010-01-01
SNDK,2010-02-01
SNDK,2010-03-01
SNDK,2010-04-01
SNDK,2010-05-01
SNDK,2010-06-01
SNDK,2010-07-01
SNDK,2010-08-01
SNDK,2010-09-01
SNDK,2010-10-01
SNDK,2010-11-01
SNDK,2010-12-01
SNDK,2011-01-01
SNDK,2011-02-01
SNDK,2011-03-01
SNDK,2011-04-01
SNDK,2011-05-01
SNDK,2011-06-01
SNDK,2011-07-01
SNDK,2011-08-01
SNDK,2011-09-01
SNDK,2011-10-01
SNDK,2011-11-01
SNDK,2011-12-01
SNDK,2012-01-01
SNDK,2012-02-01
SNDK,2012-03-01
SNDK,2012-04-01
SNDK,2012-05-01
SNDK,2012-06-01
SNDK,2012-07-01
SNDK,2012-08-01
SNDK,2012-09-01
SNDK,2012-10-01
SNDK,2012-11-01
SNDK,2012-12-01
SNDK,2013-01-01
SNDK,2013-02-01
SNDK,2013-03-01
SNDK,2013-04-01
SNDK,2013-05-01
SNDK,2013-06-01
SNDK,2013-07-01
SNDK,2013-08-01
SNDK,2013-09-01
SNDK,2013-10-01
SNDK,2013-11-01
SNDK,2013-12-01
SNDK,2014-01-01
SNDK,2014-02-01
SNDK,2014-03-01
SNDK,2014-04-01
SNDK,2014-05-01
SNDK,2014-06-01
SNDK,2014-07-01
SNDK,2014-08-01
SNDK,2014-09-01
SNDK,2014-10-01
SNDK,2014-11-01
SNDK,2014-12-01
SNDK,2015-01-01
SNDK,2015-02-01
SNDK,2015-03-01
SNDK,2015-04-01
SNDK,2015-05-01
SNDK,2015-06-01
SNDK,2015-07-01
SNDK,2015-08-01
SNDK,2015-09-01
SNDK,2015-10-01
SNDK,2015-11-01
SNDK,2015-12-01
SNDK,2016-01-01
SNDK,2016-02-01
SNDK,2016-03-01
SNDK,2016-04-01
SNDK,2016-05-01
SNI,2008-07-01
SNI,2008-08-01
SNI,2008-09-01
SNI,2008-10-01
SNI,2008-11-01
SNI,2008-12-01
SNI,2009-01-01
SNI,2009-02-01
SNI,2009-03-01
SNI,2009-04-01
SNI,2009-05-01
SNI,2009-06-01
SNI,2009-07-01
SNI,2009-08-01
SNI,2009-09-01
SNI,2009-10-01
SNI,2009-11-01
SNI,2009-12-01
SNI,2010-01-01
SNI,2010-02-01
SNI,2010-03-01
SNI,2010-04-01
SNI,2010-05-01
SNI,2010-06-01
SNI,2010-07-01
SNI,2010-08-01
SNI,2010-09-01
SNI,2010-10-01
SNI,2010-11-01
SNI,2010-12-01
SNI,2011-01-01
SNI,2011-02-01
SNI,2011-03-01
SNI,2011-04-01
SNI,2011-05-01
SNI,2011-06-01
SNI,2011-07-01
SNI,2011-08-01
SNI,2011-09-01
SNI,2011-10-01
SNI,2011-11-01
SNI,2011-12-01
SNI,2012-01-01
SNI,2012-02-01
SNI,2012-03-01
SNI,2012-04-01
SNI,2012-05-01
SNI,2012-06-01
SNI,2012-07-01
SNI,2012-08-01
SNI,2012-09-01
SNI,2012-10-01
SNI,2012-11-01
SNI,2012-12-01
SNI,2013-01-01
SNI,2013-02-01
SNI,2013-03-01
SNI,2013-04-01
SNI,2013-05-01
SNI,2013-06-01
SNI,2013-07-01
SNI,2013-08-01
SNI,2013-09-01
SNI,2013-10-01
SNI,2013-11-01
SNI,2013-12-01
SNI,2014-01-01
SNI,2014-02-01
SNI,2014-03-01
SNI,2014-04-01
SNI,2014-05-01
SNI,2014-06-01
SNI,2014-07-01
SNI,2014-08-01
SNI,2014-09-01
SNI,2014-10-01
SNI,2014-11-01
SNI,2014-12-01
SNI,2015-01-01
SNI,2015-02-01
SNI,2015-03-01
SNI,2015-04-01
SNI,2015-05-01
SNI,2015-06-01
SNI,2015-07-01
SNI,2015-08-01
SNI,2015-09-01
SNI,2015-10-01
SNI,2015-11-01
SNI,2015-12-01
SNI,2016-01-01
SNI,2016-02-01
SNI,2016-03-01
SNI,2016-04-01
SNI,2016-05-01
SNI,2016-06-01
SNI,2016-07-01
SNI,2016-08-01
SNI,2016-09-01
SNI,2016-10-01
SNI,2016-11-01
SNI,2016-12-01
SNI,2017-01-01
SNI,2017-02-01
SNI,2017-03-01
SNI,2017-04-01
SNI,2017-05-01
SNI,2017-06-01
SNI,2017-07-01
SNI,2017-08-01
SNI,2017-09-01
SNI,2017-10-01
SNI,2017-11-01
SNI,2017-12-01
SNI,2018-01-01
SNI,2018-02-01
SNI,2018-03-01
SNV,1997-12-01
SNV,1998-01-01
SNV,1998-02-01
SNV,1998-03-01
SNV,1998-04-01
SNV,1998-05-01
SNV,1998-06-01
SNV,1998-07-01
SNV,1998-08-01
SNV,1998-09-01
SNV,1998-10-01
SNV,1998-11-01
SNV,1998-12-01
SNV,1999-01-01
SNV,1999-02-01
SNV,1999-03-01
SNV,1999-04-01
SNV,1999-05-01
SNV,1999-06-01
SNV,1999-07-01
SNV,1999-08-01
SNV,1999-09-01
SNV,1999-10-01
SNV,1999-11-01
SNV,1999-12-01
SNV,2000-01-01
SNV,2000-02-01
SNV,2000-03-01
SNV,2000-04-01
SNV,2000-05-01
SNV,2000-06-01
SNV,2000-07-01
SNV,2000-08-01
SNV,2000-09-01
SNV,2000-10-01
SNV,2000-11-01
SNV,2000-12-01
SNV,2001-01-01
SNV,2001-02-01
SNV,2001-03-01
SNV,2001-04-01
SNV,2001-05-01
SNV,2001-06-01
SNV,2001-07-01
SNV,2001-08-01
SNV,2001-09-01
SNV,2001-10-01
SNV,2001-11-01
SNV,2001-12-01
SNV,2002-01-01
SNV,2002-02-01
SNV,2002-03-01
SNV,2002-04-01
SNV,2002-05-01
SNV,2002-06-01
SNV,2002-07-01
SNV,2002-08-01
SNV,2002-09-01
SNV,2002-10-01
SNV,2002-11-01
SNV,2002-12-01
SNV,2003-01-01
SNV,2003-02-01
SNV,2003-03-01
SNV,2003-04-01
SNV,2003-05-01
SNV,2003-06-01
SNV,2003-07-01
SNV,2003-08-01
SNV,2003-09-01
SNV,2003-10-01
SNV,2003-11-01
SNV,2003-12-01
SNV,2004-01-01
SNV,2004-02-01
SNV,2004-03-01
SNV,2004-04-01
SNV,2004-05-01
SNV,2004-06-01
SNV,2004-07-01
SNV,2004-08-01
SNV,2004-09-01
SNV,2004-10-01
SNV,2004-11-01
SNV,2004-12-01
SNV,2005-01-01
SNV,2005-02-01
SNV,2005-03-01
SNV,2005-04-01
SNV,2005-05-01
SNV,2005-06-01
SNV,2005-07-01
SNV,2005-08-01
SNV,2005-09-01
SNV,2005-10-01
SNV,2005-11-01
SNV,2005-12-01
SNV,2006-01-01
SNV,2006-02-01
SNV,2006-03-01
SNV,2006-04-01
SNV,2006-05-01
SNV,2006-06-01
SNV,2006-07-01
SNV,2006-08-01
SNV,2006-09-01
SNV,2006-10-01
SNV,2006-11-01
SNV,2006-12-01
SNV,2007-01-01
SNV,2007-02-01
SNV,2007-03-01
SNV,2007-04-01
SNV,2007-05-01
SNV,2007-06-01
SNV,2007-07-01
SNV,2007-08-01
SNV,2007-09-01
SNV,2007-10-01
SNV,2007-11-01
SNV,2007-12-01
SNV,2008-01-01
SOTR,1999-03-01
SOTR,1999-04-01
SOTR,1999-05-01
SOTR,1999-06-01
SOTR,1999-07-01
SOTR,1999-08-01
SOTR,1999-09-01
SOTR,1999-10-01
SOTR,1999-11-01
SOTR,1999-12-01
SOTR,2000-01-01
SOTR,2000-02-01
SOTR,2000-03-01
SOTR,2000-04-01
SOTR,2000-05-01
SOTR,2000-06-01
SOTR,2000-07-01
SOTR,2000-08-01
SOTR,2000-09-01
SOTR,2000-10-01
SOTR,2000-11-01
SOTR,2000-12-01
SOTR,2001-01-01
SOTR,2001-02-01
SOTR,2001-03-01
SOTR,2001-04-01
SOTR,2001-05-01
SOTR,2001-06-01
SOTR,2001-07-01
SOTR,2001-08-01
SOTR,2001-09-01
SOTR,2001-10-01
SOTR,2001-11-01
SOTR,2001-12-01
SOTR,2002-01-01
SOTR,2002-02-01
SOTR,2002-03-01
SOTR,2002-04-01
SOTR,2002-05-01
SOTR,2002-06-01
SOTR,2002-07-01
SOTR,2002-08-01
SOTR,2002-09-01
SOTR,2002-10-01
SOTR,2002-11-01
SOTR,2002-12-01
SOTR,2003-01-01
SOTR,2003-02-01
SOTR,2003-03-01
SOTR,2003-04-01
SOTR,2003-05-01
SOTR,2003-06-01
SOTR,2003-07-01
SOTR,2003-08-01
SOTR,2003-09-01
SOTR,2003-10-01
SOTR,2003-11-01
SOTR,2003-12-01
SOTR,2004-01-01
SOTR,2004-02-01
SOTR,2004-03-01
SOTR,2004-04-01
SOTR,2004-05-01
SOTR,2004-06-01
SOTR,2004-07-01
SOTR,2004-08-01
SOTR,2004-09-01
SOTR,2004-10-01
SOV,2004-07-01
SOV,2004-08-01
SOV,2004-09-01
SOV,2004-10-01
SOV,2004-11-01
SOV,2004-12-01
SOV,2005-01-01
SOV,2005-02-01
SOV,2005-03-01
SOV,2005-04-01
SOV,2005-05-01
SOV,2005-06-01
SOV,2005-07-01
SOV,2005-08-01
SOV,2005-09-01
SOV,2005-10-01
SOV,2005-11-01
SOV,2005-12-01
SOV,2006-01-01
SOV,2006-02-01
SOV,2006-03-01
SOV,2006-04-01
SOV,2006-05-01
SOV,2006-06-01
SOV,2006-07-01
SOV,2006-08-01
SOV,2006-09-01
SOV,2006-10-01
SOV,2006-11-01
SOV,2006-12-01
SOV,2007-01-01
SOV,2007-02-01
SOV,2007-03-01
SOV,2007-04-01
SOV,2007-05-01
SOV,2007-06-01
SOV,2007-07-01
SOV,2007-08-01
SOV,2007-09-01
SOV,2007-10-01
SOV,2007-11-01
SOV,2007-12-01
SOV,2008-01-01
SOV,2008-02-01
SOV,2008-03-01
SOV,2008-04-01
SOV,2008-05-01
SOV,2008-06-01
SOV,2008-07-01
SOV,2008-08-01
SOV,2008-09-01
SOV,2008-10-01
SOV,2008-11-01
SOV,2008-12-01
SOV,2009-01-01
SPLS,1998-11-01
SPLS,1998-12-01
SPLS,1999-01-01
SPLS,1999-02-01
SPLS,1999-03-01
SPLS,1999-04-01
SPLS,1999-05-01
SPLS,1999-06-01
SPLS,1999-07-01
SPLS,1999-08-01
SPLS,1999-09-01
SPLS,1999-10-01
SPLS,1999-11-01
SPLS,1999-12-01
SPLS,2000-01-01
SPLS,2000-02-01
SPLS,2000-03-01
SPLS,2000-04-01
SPLS,2000-05-01
SPLS,2000-06-01
SPLS,2000-07-01
SPLS,2000-08-01
SPLS,2000-09-01
SPLS,2000-10-01
SPLS,2000-11-01
SPLS,2000-12-01
SPLS,2001-01-01
SPLS,2001-02-01
SPLS,2001-03-01
SPLS,2001-04-01
SPLS,2001-05-01
SPLS,2001-06-01
SPLS,2001-07-01
SPLS,2001-08-01
SPLS,2001-09-01
SPLS,2001-10-01
SPLS,2001-11-01
SPLS,2001-12-01
SPLS,2002-01-01
SPLS,2002-02-01
SPLS,2002-03-01
SPLS,2002-04-01
SPLS,2002-05-01
SPLS,2002-06-01
SPLS,2002-07-01
SPLS,2002-08-01
SPLS,2002-09-01
SPLS,2002-10-01
SPLS,2002-11-01
SPLS,2002-12-01
SPLS,2003-01-01
SPLS,2003-02-01
SPLS,2003-03-01
SPLS,2003-04-01
SPLS,2003-05-01
SPLS,2003-06-01
SPLS,2003-07-01
SPLS,2003-08-01
SPLS,2003-09-01
SPLS,2003-10-01
SPLS,2003-11-01
SPLS,2003-12-01
SPLS,2004-01-01
SPLS,2004-02-01
SPLS,2004-03-01
SPLS,2004-04-01
SPLS,2004-05-01
SPLS,2004-06-01
SPLS,2004-07-01
SPLS,2004-08-01
SPLS,2004-09-01
SPLS,2004-10-01
SPLS,2004-11-01
SPLS,2004-12-01
SPLS,2005-01-01
SPLS,2005-02-01
SPLS,2005-03-01
SPLS,2005-04-01
SPLS,2005-05-01
SPLS,2005-06-01
SPLS,2005-07-01
SPLS,2005-08-01
SPLS,2005-09-01
SPLS,2005-10-01
SPLS,2005-11-01
SPLS,2005-12-01
SPLS,2006-01-01
SPLS,2006-02-01
SPLS,2006-03-01
SPLS,2006-04-01
SPLS,2006-05-01
SPLS,2006-06-01
SPLS,2006-07-01
SPLS,2006-08-01
SPLS,2006-09-01
SPLS,2006-10-01
SPLS,2006-11-01
SPLS,2006-12-01
SPLS,2007-01-01
SPLS,2007-02-01
SPLS,2007-03-01
SPLS,2007-04-01
SPLS,2007-05-01
SPLS,2007-06-01
SPLS,2007-07-01
SPLS,2007-08-01
SPLS,2007-09-01
SPLS,2007-10-01
SPLS,2007-11-01
SPLS,2007-12-01
SPLS,2008-01-01
SPLS,2008-02-01
SPLS,2008-03-01
SPLS,2008-04-01
SPLS,2008-05-01
SPLS,2008-06-01
SPLS,2008-07-01
SPLS,2008-08-01
SPLS,2008-09-01
SPLS,2008-10-01
SPLS,2008-11-01
SPLS,2008-12-01
SPLS,2009-01-01
SPLS,2009-02-01
SPLS,2009-03-01
SPLS,2009-04-01
SPLS,2009-05-01
SPLS,2009-06-01
SPLS,2009-07-01
SPLS,2009-08-01
SPLS,2009-09-01
SPLS,2009-10-01
SPLS,2009-11-01
SPLS,2009-12-01
SPLS,2010-01-01
SPLS,2010-02-01
SPLS,2010-03-01
SPLS,2010-04-01
SPLS,2010-05-01
SPLS,2010-06-01
SPLS,2010-07-01
SPLS,2010-08-01
SPLS,2010-09-01
SPLS,2010-10-01
SPLS,2010-11-01
SPLS,2010-12-01
SPLS,2011-01-01
SPLS,2011-02-01
SPLS,2011-03-01
SPLS,2011-04-01
SPLS,2011-05-01
SPLS,2011-06-01
SPLS,2011-07-01
SPLS,2011-08-01
SPLS,2011-09-01
SPLS,2011-10-01
SPLS,2011-11-01
SPLS,2011-12-01
SPLS,2012-01-01
SPLS,2012-02-01
SPLS,2012-03-01
SPLS,2012-04-01
SPLS,2012-05-01
SPLS,2012-06-01
SPLS,2012-07-01
SPLS,2012-08-01
SPLS,2012-09-01
SPLS,2012-10-01
SPLS,2012-11-01
SPLS,2012-12-01
SPLS,2013-01-01
SPLS,2013-02-01
SPLS,2013-03-01
SPLS,2013-04-01
SPLS,2013-05-01
SPLS,2013-06-01
SPLS,2013-07-01
SPLS,2013-08-01
SPLS,2013-09-01
SPLS,2013-10-01
SPLS,2013-11-01
SPLS,2013-12-01
SPLS,2014-01-01
SPLS,2014-02-01
SPLS,2014-03-01
SPLS,2014-04-01
SPLS,2014-05-01
SPLS,2014-06-01
SPLS,2014-07-01
SPLS,2014-08-01
SPLS,2014-09-01
SPLS,2014-10-01
SPLS,2014-11-01
SPLS,2014-12-01
SPLS,2015-01-01
SPLS,2015-02-01
SPLS,2015-03-01
SPLS,2015-04-01
SPLS,2015-05-01
SPLS,2015-06-01
SPLS,2015-07-01
SPLS,2015-08-01
SPLS,2015-09-01
SPLS,2015-10-01
SPLS,2015-11-01
SPLS,2015-12-01
SPLS,2016-01-01
SPLS,2016-02-01
SPLS,2016-03-01
SPLS,2016-04-01
SPLS,2016-05-01
SPLS,2016-06-01
SPLS,2016-07-01
SPLS,2016-08-01
SPLS,2016-09-01
SPLS,2016-10-01
SPLS,2016-11-01
SPLS,2016-12-01
SPLS,2017-01-01
SPLS,2017-02-01
SPLS,2017-03-01
SPLS,2017-04-01
SPLS,2017-05-01
SPLS,2017-06-01
SPLS,2017-07-01
SPLS,2017-08-01
SPLS,2017-09-01
SRCL,2008-12-01
SRCL,2009-01-01
SRCL,2009-02-01
SRCL,2009-03-01
SRCL,2009-04-01
SRCL,2009-05-01
SRCL,2009-06-01
SRCL,2009-07-01
SRCL,2009-08-01
SRCL,2009-09-01
SRCL,2009-10-01
SRCL,2009-11-01
SRCL,2009-12-01
SRCL,2010-01-01
SRCL,2010-02-01
SRCL,2010-03-01
SRCL,2010-04-01
SRCL,2010-05-01
SRCL,2010-06-01
SRCL,2010-07-01
SRCL,2010-08-01
SRCL,2010-09-01
SRCL,2010-10-01
SRCL,2010-11-01
SRCL,2010-12-01
SRCL,2011-01-01
SRCL,2011-02-01
SRCL,2011-03-01
SRCL,2011-04-01
SRCL,2011-05-01
SRCL,2011-06-01
SRCL,2011-07-01
SRCL,2011-08-01
SRCL,2011-09-01
SRCL,2011-10-01
SRCL,2011-11-01
SRCL,2011-12-01
SRCL,2012-01-01
SRCL,2012-02-01
SRCL,2012-03-01
SRCL,2012-04-01
SRCL,2012-05-01
SRCL,2012-06-01
SRCL,2012-07-01
SRCL,2012-08-01
SRCL,2012-09-01
SRCL,2012-10-01
SRCL,2012-11-01
SRCL,2012-12-01
SRCL,2013-01-01
SRCL,2013-02-01
SRCL,2013-03-01
SRCL,2013-04-01
SRCL,2013-05-01
SRCL,2013-06-01
SRCL,2013-07-01
SRCL,2013-08-01
SRCL,2013-09-01
SRCL,2013-10-01
SRCL,2013-11-01
SRCL,2013-12-01
SRCL,2014-01-01
SRCL,2014-02-01
SRCL,2014-03-01
SRCL,2014-04-01
SRCL,2014-05-01
SRCL,2014-06-01
SRCL,2014-07-01
SRCL,2014-08-01
SRCL,2014-09-01
SRCL,2014-10-01
SRCL,2014-11-01
SRCL,2014-12-01
SRCL,2015-01-01
SRCL,2015-02-01
SRCL,2015-03-01
SRCL,2015-04-01
SRCL,2015-05-01
SRCL,2015-06-01
SRCL,2015-07-01
SRCL,2015-08-01
SRCL,2015-09-01
SRCL,2015-10-01
SRCL,2015-11-01
SRCL,2015-12-01
SRCL,2016-01-01
SRCL,2016-02-01
SRCL,2016-03-01
SRCL,2016-04-01
SRCL,2016-05-01
SRCL,2016-06-01
SRCL,2016-07-01
SRCL,2016-08-01
SRCL,2016-09-01
SRCL,2016-10-01
SRCL,2016-11-01
SRCL,2016-12-01
SRCL,2017-01-01
SRCL,2017-02-01
SRCL,2017-03-01
SRCL,2017-04-01
SRCL,2017-05-01
SRCL,2017-06-01
SRCL,2017-07-01
SRCL,2017-08-01
SRCL,2017-09-01
SRCL,2017-10-01
SRCL,2017-11-01
SRCL,2017-12-01
SRCL,2018-01-01
SRCL,2018-02-01
SRCL,2018-03-01
SRCL,2018-04-01
SRCL,2018-05-01
SRCL,2018-06-01
SRCL,2018-07-01
SRCL,2018-08-01
SRCL,2018-09-01
SRCL,2018-10-01
SRCL,2018-11-01
SRCL,2018-12-01
SRR,1996-02-01
SRR,1996-03-01
SRR,1996-04-01
SRR,1996-05-01
SRR,1996-06-01
SRR,1996-07-01
SRR,1996-08-01
SRR,1996-09-01
SRR,1996-10-01
SRR,1996-11-01
SRR,1996-12-01
SRR,1997-01-01
SRR,1997-02-01
SRR,1997-03-01
SRR,1997-04-01
SRR,1997-05-01
SRR,1997-06-01
SRR,1997-07-01
SRR,1997-08-01
SRR,1997-09-01
SRR,1997-10-01
STI,1996-02-01
STI,1996-03-01
STI,1996-04-01
STI,1996-05-01
STI,1996-06-01
STI,1996-07-01
STI,1996-08-01
STI,1996-09-01
STI,1996-10-01
STI,1996-11-01
STI,1996-12-01
STI,1997-01-01
STI,1997-02-01
STI,1997-03-01
STI,1997-04-01
STI,1997-05-01
STI,1997-06-01
STI,1997-07-01
STI,1997-08-01
STI,1997-09-01
STI,1997-10-01
STI,1997-11-01
STI,1997-12-01
STI,1998-01-01
STI,1998-02-01
STI,1998-03-01
STI,1998-04-01
STI,1998-05-01
STI,1998-06-01
STI,1998-07-01
STI,1998-08-01
STI,1998-09-01
STI,1998-10-01
STI,1998-11-01
STI,1998-12-01
STI,1999-01-01
STI,1999-02-01
STI,1999-03-01
STI,1999-04-01
STI,1999-05-01
STI,1999-06-01
STI,1999-07-01
STI,1999-08-01
STI,1999-09-01
STI,1999-10-01
STI,1999-11-01
STI,1999-12-01
STI,2000-01-01
STI,2000-02-01
STI,2000-03-01
STI,2000-04-01
STI,2000-05-01
STI,2000-06-01
STI,2000-07-01
STI,2000-08-01
STI,2000-09-01
STI,2000-10-01
STI,2000-11-01
STI,2000-12-01
STI,2001-01-01
STI,2001-02-01
STI,2001-03-01
STI,2001-04-01
STI,2001-05-01
STI,2001-06-01
STI,2001-07-01
STI,2001-08-01
STI,2001-09-01
STI,2001-10-01
STI,2001-11-01
STI,2001-12-01
STI,2002-01-01
STI,2002-02-01
STI,2002-03-01
STI,2002-04-01
STI,2002-05-01
STI,2002-06-01
STI,2002-07-01
STI,2002-08-01
STI,2002-09-01
STI,2002-10-01
STI,2002-11-01
STI,2002-12-01
STI,2003-01-01
STI,2003-02-01
STI,2003-03-01
STI,2003-04-01
STI,2003-05-01
STI,2003-06-01
STI,2003-07-01
STI,2003-08-01
STI,2003-09-01
STI,2003-10-01
STI,2003-11-01
STI,2003-12-01
STI,2004-01-01
STI,2004-02-01
STI,2004-03-01
STI,2004-04-01
STI,2004-05-01
STI,2004-06-01
STI,2004-07-01
STI,2004-08-01
STI,2004-09-01
STI,2004-10-01
STI,2004-11-01
STI,2004-12-01
STI,2005-01-01
STI,2005-02-01
STI,2005-03-01
STI,2005-04-01
STI,2005-05-01
STI,2005-06-01
STI,2005-07-01
STI,2005-08-01
STI,2005-09-01
STI,2005-10-01
STI,2005-11-01
STI,2005-12-01
STI,2006-01-01
STI,2006-02-01
STI,2006-03-01
STI,2006-04-01
STI,2006-05-01
STI,2006-06-01
STI,2006-07-01
STI,2006-08-01
STI,2006-09-01
STI,2006-10-01
STI,2006-11-01
STI,2006-12-01
STI,2007-01-01
STI,2007-02-01
STI,2007-03-01
STI,2007-04-01
STI,2007-05-01
STI,2007-06-01
STI,2007-07-01
STI,2007-08-01
STI,2007-09-01
STI,2007-10-01
STI,2007-11-01
STI,2007-12-01
STI,2008-01-01
STI,2008-02-01
STI,2008-03-01
STI,2008-04-01
STI,2008-05-01
STI,2008-06-01
STI,2008-07-01
STI,2008-08-01
STI,2008-09-01
STI,2008-10-01
STI,2008-11-01
STI,2008-12-01
STI,2009-01-01
STI,2009-02-01
STI,2009-03-01
STI,2009-04-01
STI,2009-05-01
STI,2009-06-01
STI,2009-07-01
STI,2009-08-01
STI,2009-09-01
STI,2009-10-01
STI,2009-11-01
STI,2009-12-01
STI,2010-01-01
STI,2010-02-01
STI,2010-03-01
STI,2010-04-01
STI,2010-05-01
STI,2010-06-01
STI,2010-07-01
STI,2010-08-01
STI,2010-09-01
STI,2010-10-01
STI,2010-11-01
STI,2010-12-01
STI,2011-01-01
STI,2011-02-01
STI,2011-03-01
STI,2011-04-01
STI,2011-05-01
STI,2011-06-01
STI,2011-07-01
STI,2011-08-01
STI,2011-09-01
STI,2011-10-01
STI,2011-11-01
STI,2011-12-01
STI,2012-01-01
STI,2012-02-01
STI,2012-03-01
STI,2012-04-01
STI,2012-05-01
STI,2012-06-01
STI,2012-07-01
STI,2012-08-01
STI,2012-09-01
STI,2012-10-01
STI,2012-11-01
STI,2012-12-01
STI,2013-01-01
STI,2013-02-01
STI,2013-03-01
STI,2013-04-01
STI,2013-05-01
STI,2013-06-01
STI,2013-07-01
STI,2013-08-01
STI,2013-09-01
STI,2013-10-01
STI,2013-11-01
STI,2013-12-01
STI,2014-01-01
STI,2014-02-01
STI,2014-03-01
STI,2014-04-01
STI,2014-05-01
STI,2014-06-01
STI,2014-07-01
STI,2014-08-01
STI,2014-09-01
STI,2014-10-01
STI,2014-11-01
STI,2014-12-01
STI,2015-01-01
STI,2015-02-01
STI,2015-03-01
STI,2015-04-01
STI,2015-05-01
STI,2015-06-01
STI,2015-07-01
STI,2015-08-01
STI,2015-09-01
STI,2015-10-01
STI,2015-11-01
STI,2015-12-01
STI,2016-01-01
STI,2016-02-01
STI,2016-03-01
STI,2016-04-01
STI,2016-05-01
STI,2016-06-01
STI,2016-07-01
STI,2016-08-01
STI,2016-09-01
STI,2016-10-01
STI,2016-11-01
STI,2016-12-01
STI,2017-01-01
STI,2017-02-01
STI,2017-03-01
STI,2017-04-01
STI,2017-05-01
STI,2017-06-01
STI,2017-07-01
STI,2017-08-01
STI,2017-09-01
STI,2017-10-01
STI,2017-11-01
STI,2017-12-01
STI,2018-01-01
STI,2018-02-01
STI,2018-03-01
STI,2018-04-01
STI,2018-05-01
STI,2018-06-01
STI,2018-07-01
STI,2018-08-01
STI,2018-09-01
STI,2018-10-01
STI,2018-11-01
STI,2018-12-01
STI,2019-01-01
STI,2019-02-01
STI,2019-03-01
STI,2019-04-01
STI,2019-05-01
STI,2019-06-01
STI,2019-07-01
STI,2019-08-01
STI,2019-09-01
STI,2019-10-01
STI,2019-11-01
STI,2019-12-01
STJ,1996-02-01
STJ,1996-03-01
STJ,1996-04-01
STJ,1996-05-01
STJ,1996-06-01
STJ,1996-07-01
STJ,1996-08-01
STJ,1996-09-01
STJ,1996-10-01
STJ,1996-11-01
STJ,1996-12-01
STJ,1997-01-01
STJ,1997-02-01
STJ,1997-03-01
STJ,1997-04-01
STJ,1997-05-01
STJ,1997-06-01
STJ,1997-07-01
STJ,1997-08-01
STJ,1997-09-01
STJ,1997-10-01
STJ,1997-11-01
STJ,1997-12-01
STJ,1998-01-01
STJ,1998-02-01
STJ,1998-03-01
STJ,1998-04-01
STJ,1998-05-01
STJ,1998-06-01
STJ,1998-07-01
STJ,1998-08-01
STJ,1998-09-01
STJ,1998-10-01
STJ,1998-11-01
STJ,1998-12-01
STJ,1999-01-01
STJ,1999-02-01
STJ,1999-03-01
STJ,1999-04-01
STJ,1999-05-01
STJ,1999-06-01
STJ,1999-07-01
STJ,1999-08-01
STJ,1999-09-01
STJ,1999-10-01
STJ,1999-11-01
STJ,1999-12-01
STJ,2000-01-01
STJ,2000-02-01
STJ,2000-03-01
STJ,2000-04-01
STJ,2000-05-01
STJ,2000-06-01
STJ,2000-07-01
STJ,2000-08-01
STJ,2000-09-01
STJ,2000-10-01
STJ,2000-11-01
STJ,2000-12-01
STJ,2001-01-01
STJ,2001-02-01
STJ,2001-03-01
STJ,2001-04-01
STJ,2001-05-01
STJ,2001-06-01
STJ,2001-07-01
STJ,2001-08-01
STJ,2001-09-01
STJ,2001-10-01
STJ,2001-11-01
STJ,2001-12-01
STJ,2002-01-01
STJ,2002-02-01
STJ,2002-03-01
STJ,2002-04-01
STJ,2002-05-01
STJ,2002-06-01
STJ,2002-07-01
STJ,2002-08-01
STJ,2002-09-01
STJ,2002-10-01
STJ,2002-11-01
STJ,2002-12-01
STJ,2003-01-01
STJ,2003-02-01
STJ,2003-03-01
STJ,2003-04-01
STJ,2003-05-01
STJ,2003-06-01
STJ,2003-07-01
STJ,2003-08-01
STJ,2003-09-01
STJ,2003-10-01
STJ,2003-11-01
STJ,2003-12-01
STJ,2004-01-01
STJ,2004-02-01
STJ,2004-03-01
STJ,2004-04-01
STJ,2004-05-01
STJ,2004-06-01
STJ,2004-07-01
STJ,2004-08-01
STJ,2004-09-01
STJ,2004-10-01
STJ,2004-11-01
STJ,2004-12-01
STJ,2005-01-01
STJ,2005-02-01
STJ,2005-03-01
STJ,2005-04-01
STJ,2005-05-01
STJ,2005-06-01
STJ,2005-07-01
STJ,2005-08-01
STJ,2005-09-01
STJ,2005-10-01
STJ,2005-11-01
STJ,2005-12-01
STJ,2006-01-01
STJ,2006-02-01
STJ,2006-03-01
STJ,2006-04-01
STJ,2006-05-01
STJ,2006-06-01
STJ,2006-07-01
STJ,2006-08-01
STJ,2006-09-01
STJ,2006-10-01
STJ,2006-11-01
STJ,2006-12-01
STJ,2007-01-01
STJ,2007-02-01
STJ,2007-03-01
STJ,2007-04-01
STJ,2007-05-01
STJ,2007-06-01
STJ,2007-07-01
STJ,2007-08-01
STJ,2007-09-01
STJ,2007-10-01
STJ,2007-11-01
STJ,2007-12-01
STJ,2008-01-01
STJ,2008-02-01
STJ,2008-03-01
STJ,2008-04-01
STJ,2008-05-01
STJ,2008-06-01
STJ,2008-07-01
STJ,2008-08-01
STJ,2008-09-01
STJ,2008-10-01
STJ,2008-11-01
STJ,2008-12-01
STJ,2009-01-01
STJ,2009-02-01
STJ,2009-03-01
STJ,2009-04-01
STJ,2009-05-01
STJ,2009-06-01
STJ,2009-07-01
STJ,2009-08-01
STJ,2009-09-01
STJ,2009-10-01
STJ,2009-11-01
STJ,2009-12-01
STJ,2010-01-01
STJ,2010-02-01
STJ,2010-03-01
STJ,2010-04-01
STJ,2010-05-01
STJ,2010-06-01
STJ,2010-07-01
STJ,2010-08-01
STJ,2010-09-01
STJ,2010-10-01
STJ,2010-11-01
STJ,2010-12-01
STJ,2011-01-01
STJ,2011-02-01
STJ,2011-03-01
STJ,2011-04-01
STJ,2011-05-01
STJ,2011-06-01
STJ,2011-07-01
STJ,2011-08-01
STJ,2011-09-01
STJ,2011-10-01
STJ,2011-11-01
STJ,2011-12-01
STJ,2012-01-01
STJ,2012-02-01
STJ,2012-03-01
STJ,2012-04-01
STJ,2012-05-01
STJ,2012-06-01
STJ,2012-07-01
STJ,2012-08-01
STJ,2012-09-01
STJ,2012-10-01
STJ,2012-11-01
STJ,2012-12-01
STJ,2013-01-01
STJ,2013-02-01
STJ,2013-03-01
STJ,2013-04-01
STJ,2013-05-01
STJ,2013-06-01
STJ,2013-07-01
STJ,2013-08-01
STJ,2013-09-01
STJ,2013-10-01
STJ,2013-11-01
STJ,2013-12-01
STJ,2014-01-01
STJ,2014-02-01
STJ,2014-03-01
STJ,2014-04-01
STJ,2014-05-01
STJ,2014-06-01
STJ,2014-07-01
STJ,2014-08-01
STJ,2014-09-01
STJ,2014-10-01
STJ,2014-11-01
STJ,2014-12-01
STJ,2015-01-01
STJ,2015-02-01
STJ,2015-03-01
STJ,2015-04-01
STJ,2015-05-01
STJ,2015-06-01
STJ,2015-07-01
STJ,2015-08-01
STJ,2015-09-01
STJ,2015-10-01
STJ,2015-11-01
STJ,2015-12-01
STJ,2016-01-01
STJ,2016-02-01
STJ,2016-03-01
STJ,2016-04-01
STJ,2016-05-01
STJ,2016-06-01
STJ,2016-07-01
STJ,2016-08-01
STJ,2016-09-01
STJ,2016-10-01
STJ,2016-11-01
STJ,2016-12-01
STJ,2017-01-01
STO,1996-02-01
STO,1996-03-01
STO,1996-04-01
STO,1996-05-01
STO,1996-06-01
STO,1996-07-01
STO,1996-08-01
STO,1996-09-01
STO,1996-10-01
STO,1996-11-01
STO,1996-12-01
STO,1997-01-01
STO,1997-02-01
STO,1997-03-01
STO,1997-04-01
STO,1997-05-01
STO,1997-06-01
STO,1997-07-01
STO,1997-08-01
STO,1997-09-01
STO,1997-10-01
STO,1997-11-01
STO,1997-12-01
STO,1998-01-01
STO,1998-02-01
STO,1998-03-01
STO,1998-04-01
STO,1998-05-01
STO,1998-06-01
STO,1998-07-01
STO,1998-08-01
STO,1998-09-01
STO,1998-10-01
STO,1998-11-01
STR,2006-12-01
STR,2007-01-01
STR,2007-02-01
STR,2007-03-01
STR,2007-04-01
STR,2007-05-01
STR,2007-06-01
STR,2007-07-01
STR,2007-08-01
STR,2007-09-01
STR,2007-10-01
STR,2007-11-01
STR,2007-12-01
STR,2008-01-01
STR,2008-02-01
STR,2008-03-01
STR,2008-04-01
STR,2008-05-01
STR,2008-06-01
STR,2008-07-01
STR,2008-08-01
STR,2008-09-01
STR,2008-10-01
STR,2008-11-01
STR,2008-12-01
STR,2009-01-01
STR,2009-02-01
STR,2009-03-01
STR,2009-04-01
STR,2009-05-01
STR,2009-06-01
STR,2009-07-01
STR,2009-08-01
STR,2009-09-01
STR,2009-10-01
STR,2009-11-01
STR,2009-12-01
STR,2010-01-01
STR,2010-02-01
STR,2010-03-01
STR,2010-04-01
STR,2010-05-01
STR,2010-06-01
SUB,1998-02-01
SUB,1998-03-01
SUB,1998-04-01
SUB,1998-05-01
SUB,1998-06-01
SUB,1998-07-01
SUB,1998-08-01
SUB,1998-09-01
SUB,1998-10-01
SUB,1998-11-01
SUB,1998-12-01
SUB,1999-01-01
SUB,1999-02-01
SUB,1999-03-01
SUB,1999-04-01
SUB,1999-05-01
SUB,1999-06-01
SUB,1999-07-01
SUB,1999-08-01
SUB,1999-09-01
SUB,1999-10-01
SUB,1999-11-01
SUB,1999-12-01
SUB,2000-01-01
SUB,2000-02-01
SUB,2000-03-01
SUB,2000-04-01
SUB,2000-05-01
SUB,2000-06-01
SUB,2000-07-01
SUB,2000-08-01
SUB,2000-09-01
SUB,2000-10-01
SUB,2000-11-01
SUB,2000-12-01
SUB,2001-01-01
SUB,2001-02-01
SUN,1996-02-01
SUN,1996-03-01
SUN,1996-04-01
SUN,1996-05-01
SUN,1996-06-01
SUN,1996-07-01
SUN,1996-08-01
SUN,1996-09-01
SUN,1996-10-01
SUN,1996-11-01
SUN,1996-12-01
SUN,1997-01-01
SUN,1997-02-01
SUN,1997-03-01
SUN,1997-04-01
SUN,1997-05-01
SUN,1997-06-01
SUN,1997-07-01
SUN,1997-08-01
SUN,1997-09-01
SUN,1997-10-01
SUN,1997-11-01
SUN,1997-12-01
SUN,1998-01-01
SUN,1998-02-01
SUN,1998-03-01
SUN,1998-04-01
SUN,1998-05-01
SUN,1998-06-01
SUN,1998-07-01
SUN,1998-08-01
SUN,1998-09-01
SUN,1998-10-01
SUN,1998-11-01
SUN,1998-12-01
SUN,1999-01-01
SUN,1999-02-01
SUN,1999-03-01
SUN,1999-04-01
SUN,1999-05-01
SUN,1999-06-01
SUN,1999-07-01
SUN,1999-08-01
SUN,1999-09-01
SUN,1999-10-01
SUN,1999-11-01
SUN,1999-12-01
SUN,2000-01-01
SUN,2000-02-01
SUN,2000-03-01
SUN,2000-04-01
SUN,2000-05-01
SUN,2000-06-01
SUN,2000-07-01
SUN,2000-08-01
SUN,2000-09-01
SUN,2000-10-01
SUN,2000-11-01
SUN,2000-12-01
SUN,2001-01-01
SUN,2001-02-01
SUN,2001-03-01
SUN,2001-04-01
SUN,2001-05-01
SUN,2001-06-01
SUN,2001-07-01
SUN,2001-08-01
SUN,2001-09-01
SUN,2001-10-01
SUN,2001-11-01
SUN,2001-12-01
SUN,2002-01-01
SUN,2002-02-01
SUN,2002-03-01
SUN,2002-04-01
SUN,2002-05-01
SUN,2002-06-01
SUN,2002-07-01
SUN,2002-08-01
SUN,2002-09-01
SUN,2002-10-01
SUN,2002-11-01
SUN,2002-12-01
SUN,2003-01-01
SUN,2003-02-01
SUN,2003-03-01
SUN,2003-04-01
SUN,2003-05-01
SUN,2003-06-01
SUN,2003-07-01
SUN,2003-08-01
SUN,2003-09-01
SUN,2003-10-01
SUN,2003-11-01
SUN,2003-12-01
SUN,2004-01-01
SUN,2004-02-01
SUN,2004-03-01
SUN,2004-04-01
SUN,2004-05-01
SUN,2004-06-01
SUN,2004-07-01
SUN,2004-08-01
SUN,2004-09-01
SUN,2004-10-01
SUN,2004-11-01
SUN,2004-12-01
SUN,2005-01-01
SUN,2005-02-01
SUN,2005-03-01
SUN,2005-04-01
SUN,2005-05-01
SUN,2005-06-01
SUN,2005-07-01
SUN,2005-08-01
SUN,2005-09-01
SUN,2005-10-01
SUN,2005-11-01
SUN,2005-12-01
SUN,2006-01-01
SUN,2006-02-01
SUN,2006-03-01
SUN,2006-04-01
SUN,2006-05-01
SUN,2006-06-01
SUN,2006-07-01
SUN,2006-08-01
SUN,2006-09-01
SUN,2006-10-01
SUN,2006-11-01
SUN,2006-12-01
SUN,2007-01-01
SUN,2007-02-01
SUN,2007-03-01
SUN,2007-04-01
SUN,2007-05-01
SUN,2007-06-01
SUN,2007-07-01
SUN,2007-08-01
SUN,2007-09-01
SUN,2007-10-01
SUN,2007-11-01
SUN,2007-12-01
SUN,2008-01-01
SUN,2008-02-01
SUN,2008-03-01
SUN,2008-04-01
SUN,2008-05-01
SUN,2008-06-01
SUN,2008-07-01
SUN,2008-08-01
SUN,2008-09-01
SUN,2008-10-01
SUN,2008-11-01
SUN,2008-12-01
SUN,2009-01-01
SUN,2009-02-01
SUN,2009-03-01
SUN,2009-04-01
SUN,2009-05-01
SUN,2009-06-01
SUN,2009-07-01
SUN,2009-08-01
SUN,2009-09-01
SUN,2009-10-01
SUN,2009-11-01
SUN,2009-12-01
SUN,2010-01-01
SUN,2010-02-01
SUN,2010-03-01
SUN,2010-04-01
SUN,2010-05-01
SUN,2010-06-01
SUN,2010-07-01
SUN,2010-08-01
SUN,2010-09-01
SUN,2010-10-01
SUN,2010-11-01
SUN,2010-12-01
SUN,2011-01-01
SUN,2011-02-01
SUN,2011-03-01
SUN,2011-04-01
SUN,2011-05-01
SUN,2011-06-01
SUN,2011-07-01
SUN,2011-08-01
SUN,2011-09-01
SUN,2011-10-01
SUN,2011-11-01
SUN,2011-12-01
SUN,2012-01-01
SUN,2012-02-01
SUN,2012-03-01
SUN,2012-04-01
SUN,2012-05-01
SUN,2012-06-01
SUN,2012-07-01
SUN,2012-08-01
SUN,2012-09-01
SUN,2012-10-01
SUNEQ,2007-06-01
SUNEQ,2007-07-01
SUNEQ,2007-08-01
SUNEQ,2007-09-01
SUNEQ,2007-10-01
SUNEQ,2007-11-01
SUNEQ,2007-12-01
SUNEQ,2008-01-01
SUNEQ,2008-02-01
SUNEQ,2008-03-01
SUNEQ,2008-04-01
SUNEQ,2008-05-01
SUNEQ,2008-06-01
SUNEQ,2008-07-01
SUNEQ,2008-08-01
SUNEQ,2008-09-01
SUNEQ,2008-10-01
SUNEQ,2008-11-01
SUNEQ,2008-12-01
SUNEQ,2009-01-01
SUNEQ,2009-02-01
SUNEQ,2009-03-01
SUNEQ,2009-04-01
SUNEQ,2009-05-01
SUNEQ,2009-06-01
SUNEQ,2009-07-01
SUNEQ,2009-08-01
SUNEQ,2009-09-01
SUNEQ,2009-10-01
SUNEQ,2009-11-01
SUNEQ,2009-12-01
SUNEQ,2010-01-01
SUNEQ,2010-02-01
SUNEQ,2010-03-01
SUNEQ,2010-04-01
SUNEQ,2010-05-01
SUNEQ,2010-06-01
SUNEQ,2010-07-01
SUNEQ,2010-08-01
SUNEQ,2010-09-01
SUNEQ,2010-10-01
SUNEQ,2010-11-01
SUNEQ,2010-12-01
SUNEQ,2011-01-01
SUNEQ,2011-02-01
SUNEQ,2011-03-01
SUNEQ,2011-04-01
SUNEQ,2011-05-01
SUNEQ,2011-06-01
SUNEQ,2011-07-01
SUNEQ,2011-08-01
SUNEQ,2011-09-01
SUNEQ,2011-10-01
SUNEQ,2011-11-01
SUNEQ,2011-12-01
SWN,2008-07-01
SWN,2008-08-01
SWN,2008-09-01
SWN,2008-10-01
SWN,2008-11-01
SWN,2008-12-01
SWN,2009-01-01
SWN,2009-02-01
SWN,2009-03-01
SWN,2009-04-01
SWN,2009-05-01
SWN,2009-06-01
SWN,2009-07-01
SWN,2009-08-01
SWN,2009-09-01
SWN,2009-10-01
SWN,2009-11-01
SWN,2009-12-01
SWN,2010-01-01
SWN,2010-02-01
SWN,2010-03-01
SWN,2010-04-01
SWN,2010-05-01
SWN,2010-06-01
SWN,2010-07-01
SWN,2010-08-01
SWN,2010-09-01
SWN,2010-10-01
SWN,2010-11-01
SWN,2010-12-01
SWN,2011-01-01
SWN,2011-02-01
SWN,2011-03-01
SWN,2011-04-01
SWN,2011-05-01
SWN,2011-06-01
SWN,2011-07-01
SWN,2011-08-01
SWN,2011-09-01
SWN,2011-10-01
SWN,2011-11-01
SWN,2011-12-01
SWN,2012-01-01
SWN,2012-02-01
SWN,2012-03-01
SWN,2012-04-01
SWN,2012-05-01
SWN,2012-06-01
SWN,2012-07-01
SWN,2012-08-01
SWN,2012-09-01
SWN,2012-10-01
SWN,2012-11-01
SWN,2012-12-01
SWN,2013-01-01
SWN,2013-02-01
SWN,2013-03-01
SWN,2013-04-01
SWN,2013-05-01
SWN,2013-06-01
SWN,2013-07-01
SWN,2013-08-01
SWN,2013-09-01
SWN,2013-10-01
SWN,2013-11-01
SWN,2013-12-01
SWN,2014-01-01
SWN,2014-02-01
SWN,2014-03-01
SWN,2014-04-01
SWN,2014-05-01
SWN,2014-06-01
SWN,2014-07-01
SWN,2014-08-01
SWN,2014-09-01
SWN,2014-10-01
SWN,2014-11-01
SWN,2014-12-01
SWN,2015-01-01
SWN,2015-02-01
SWN,2015-03-01
SWN,2015-04-01
SWN,2015-05-01
SWN,2015-06-01
SWN,2015-07-01
SWN,2015-08-01
SWN,2015-09-01
SWN,2015-10-01
SWN,2015-11-01
SWN,2015-12-01
SWN,2016-01-01
SWN,2016-02-01
SWN,2016-03-01
SWN,2016-04-01
SWN,2016-05-01
SWN,2016-06-01
SWN,2016-07-01
SWN,2016-08-01
SWN,2016-09-01
SWN,2016-10-01
SWN,2016-11-01
SWN,2016-12-01
SWN,2017-01-01
SWN,2017-02-01
SWN,2017-03-01
SWN,2017-04-01
SWY,1998-12-01
SWY,1999-01-01
SWY,1999-02-01
SWY,1999-03-01
SWY,1999-04-01
SWY,1999-05-01
SWY,1999-06-01
SWY,1999-07-01
SWY,1999-08-01
SWY,1999-09-01
SWY,1999-10-01
SWY,1999-11-01
SWY,1999-12-01
SWY,2000-01-01
SWY,2000-02-01
SWY,2000-03-01
SWY,2000-04-01
SWY,2000-05-01
SWY,2000-06-01
SWY,2000-07-01
SWY,2000-08-01
SWY,2000-09-01
SWY,2000-10-01
SWY,2000-11-01
SWY,2000-12-01
SWY,2001-01-01
SWY,2001-02-01
SWY,2001-03-01
SWY,2001-04-01
SWY,2001-05-01
SWY,2001-06-01
SWY,2001-07-01
SWY,2001-08-01
SWY,2001-09-01
SWY,2001-10-01
SWY,2001-11-01
SWY,2001-12-01
SWY,2002-01-01
SWY,2002-02-01
SWY,2002-03-01
SWY,2002-04-01
SWY,2002-05-01
SWY,2002-06-01
SWY,2002-07-01
SWY,2002-08-01
SWY,2002-09-01
SWY,2002-10-01
SWY,2002-11-01
SWY,2002-12-01
SWY,2003-01-01
SWY,2003-02-01
SWY,2003-03-01
SWY,2003-04-01
SWY,2003-05-01
SWY,2003-06-01
SWY,2003-07-01
SWY,2003-08-01
SWY,2003-09-01
SWY,2003-10-01
SWY,2003-11-01
SWY,2003-12-01
SWY,2004-01-01
SWY,2004-02-01
SWY,2004-03-01
SWY,2004-04-01
SWY,2004-05-01
SWY,2004-06-01
SWY,2004-07-01
SWY,2004-08-01
SWY,2004-09-01
SWY,2004-10-01
SWY,2004-11-01
SWY,2004-12-01
SWY,2005-01-01
SWY,2005-02-01
SWY,2005-03-01
SWY,2005-04-01
SWY,2005-05-01
SWY,2005-06-01
SWY,2005-07-01
SWY,2005-08-01
SWY,2005-09-01
SWY,2005-10-01
SWY,2005-11-01
SWY,2005-12-01
SWY,2006-01-01
SWY,2006-02-01
SWY,2006-03-01
SWY,2006-04-01
SWY,2006-05-01
SWY,2006-06-01
SWY,2006-07-01
SWY,2006-08-01
SWY,2006-09-01
SWY,2006-10-01
SWY,2006-11-01
SWY,2006-12-01
SWY,2007-01-01
SWY,2007-02-01
SWY,2007-03-01
SWY,2007-04-01
SWY,2007-05-01
SWY,2007-06-01
SWY,2007-07-01
SWY,2007-08-01
SWY,2007-09-01
SWY,2007-10-01
SWY,2007-11-01
SWY,2007-12-01
SWY,2008-01-01
SWY,2008-02-01
SWY,2008-03-01
SWY,2008-04-01
SWY,2008-05-01
SWY,2008-06-01
SWY,2008-07-01
SWY,2008-08-01
SWY,2008-09-01
SWY,2008-10-01
SWY,2008-11-01
SWY,2008-12-01
SWY,2009-01-01
SWY,2009-02-01
SWY,2009-03-01
SWY,2009-04-01
SWY,2009-05-01
SWY,2009-06-01
SWY,2009-07-01
SWY,2009-08-01
SWY,2009-09-01
SWY,2009-10-01
SWY,2009-11-01
SWY,2009-12-01
SWY,2010-01-01
SWY,2010-02-01
SWY,2010-03-01
SWY,2010-04-01
SWY,2010-05-01
SWY,2010-06-01
SWY,2010-07-01
SWY,2010-08-01
SWY,2010-09-01
SWY,2010-10-01
SWY,2010-11-01
SWY,2010-12-01
SWY,2011-01-01
SWY,2011-02-01
SWY,2011-03-01
SWY,2011-04-01
SWY,2011-05-01
SWY,2011-06-01
SWY,2011-07-01
SWY,2011-08-01
SWY,2011-09-01
SWY,2011-10-01
SWY,2011-11-01
SWY,2011-12-01
SWY,2012-01-01
SWY,2012-02-01
SWY,2012-03-01
SWY,2012-04-01
SWY,2012-05-01
SWY,2012-06-01
SWY,2012-07-01
SWY,2012-08-01
SWY,2012-09-01
SWY,2012-10-01
SWY,2012-11-01
SWY,2012-12-01
SWY,2013-01-01
SWY,2013-02-01
SWY,2013-03-01
SWY,2013-04-01
SWY,2013-05-01
SWY,2013-06-01
SWY,2013-07-01
SWY,2013-08-01
SWY,2013-09-01
SWY,2013-10-01
SWY,2013-11-01
SWY,2013-12-01
SWY,2014-01-01
SWY,2014-02-01
SWY,2014-03-01
SWY,2014-04-01
SWY,2014-05-01
SWY,2014-06-01
SWY,2014-07-01
SWY,2014-08-01
SWY,2014-09-01
SWY,2014-10-01
SWY,2014-11-01
SWY,2014-12-01
SWY,2015-01-01
SXCL,1999-10-01
SXCL,1999-11-01
SXCL,1999-12-01
SXCL,2000-01-01
SXCL,2000-02-01
SXCL,2000-03-01
SXCL,2000-04-01
SXCL,2000-05-01
SXCL,2000-06-01
SXCL,2000-07-01
SXCL,2000-08-01
SXCL,2000-09-01
SXCL,2000-10-01
SXCL,2000-11-01
SXCL,2000-12-01
SXCL,2001-01-01
SXCL,2001-02-01
SXCL,2001-03-01
SXCL,2001-04-01
SXCL,2001-05-01
SYMC,2003-04-01
SYMC,2003-05-01
SYMC,2003-06-01
SYMC,2003-07-01
SYMC,2003-08-01
SYMC,2003-09-01
SYMC,2003-10-01
SYMC,2003-11-01
SYMC,2003-12-01
SYMC,2004-01-01
SYMC,2004-02-01
SYMC,2004-03-01
SYMC,2004-04-01
SYMC,2004-05-01
SYMC,2004-06-01
SYMC,2004-07-01
SYMC,2004-08-01
SYMC,2004-09-01
SYMC,2004-10-01
SYMC,2004-11-01
SYMC,2004-12-01
SYMC,2005-01-01
SYMC,2005-02-01
SYMC,2005-03-01
SYMC,2005-04-01
SYMC,2005-05-01
SYMC,2005-06-01
SYMC,2005-07-01
SYMC,2005-08-01
SYMC,2005-09-01
SYMC,2005-10-01
SYMC,2005-11-01
SYMC,2005-12-01
SYMC,2006-01-01
SYMC,2006-02-01
SYMC,2006-03-01
SYMC,2006-04-01
SYMC,2006-05-01
SYMC,2006-06-01
SYMC,2006-07-01
SYMC,2006-08-01
SYMC,2006-09-01
SYMC,2006-10-01
SYMC,2006-11-01
SYMC,2006-12-01
SYMC,2007-01-01
SYMC,2007-02-01
SYMC,2007-03-01
SYMC,2007-04-01
SYMC,2007-05-01
SYMC,2007-06-01
SYMC,2007-07-01
SYMC,2007-08-01
SYMC,2007-09-01
SYMC,2007-10-01
SYMC,2007-11-01
SYMC,2007-12-01
SYMC,2008-01-01
SYMC,2008-02-01
SYMC,2008-03-01
SYMC,2008-04-01
SYMC,2008-05-01
SYMC,2008-06-01
SYMC,2008-07-01
SYMC,2008-08-01
SYMC,2008-09-01
SYMC,2008-10-01
SYMC,2008-11-01
SYMC,2008-12-01
SYMC,2009-01-01
SYMC,2009-02-01
SYMC,2009-03-01
SYMC,2009-04-01
SYMC,2009-05-01
SYMC,2009-06-01
SYMC,2009-07-01
SYMC,2009-08-01
SYMC,2009-09-01
SYMC,2009-10-01
SYMC,2009-11-01
SYMC,2009-12-01
SYMC,2010-01-01
SYMC,2010-02-01
SYMC,2010-03-01
SYMC,2010-04-01
SYMC,2010-05-01
SYMC,2010-06-01
SYMC,2010-07-01
SYMC,2010-08-01
SYMC,2010-09-01
SYMC,2010-10-01
SYMC,2010-11-01
SYMC,2010-12-01
SYMC,2011-01-01
SYMC,2011-02-01
SYMC,2011-03-01
SYMC,2011-04-01
SYMC,2011-05-01
SYMC,2011-06-01
SYMC,2011-07-01
SYMC,2011-08-01
SYMC,2011-09-01
SYMC,2011-10-01
SYMC,2011-11-01
SYMC,2011-12-01
SYMC,2012-01-01
SYMC,2012-02-01
SYMC,2012-03-01
SYMC,2012-04-01
SYMC,2012-05-01
SYMC,2012-06-01
SYMC,2012-07-01
SYMC,2012-08-01
SYMC,2012-09-01
SYMC,2012-10-01
SYMC,2012-11-01
SYMC,2012-12-01
SYMC,2013-01-01
SYMC,2013-02-01
SYMC,2013-03-01
SYMC,2013-04-01
SYMC,2013-05-01
SYMC,2013-06-01
SYMC,2013-07-01
SYMC,2013-08-01
SYMC,2013-09-01
SYMC,2013-10-01
SYMC,2013-11-01
SYMC,2013-12-01
SYMC,2014-01-01
SYMC,2014-02-01
SYMC,2014-03-01
SYMC,2014-04-01
SYMC,2014-05-01
SYMC,2014-06-01
SYMC,2014-07-01
SYMC,2014-08-01
SYMC,2014-09-01
SYMC,2014-10-01
SYMC,2014-11-01
SYMC,2014-12-01
SYMC,2015-01-01
SYMC,2015-02-01
SYMC,2015-03-01
SYMC,2015-04-01
SYMC,2015-05-01
SYMC,2015-06-01
SYMC,2015-07-01
SYMC,2015-08-01
SYMC,2015-09-01
SYMC,2015-10-01
SYMC,2015-11-01
SYMC,2015-12-01
SYMC,2016-01-01
SYMC,2016-02-01
SYMC,2016-03-01
SYMC,2016-04-01
SYMC,2016-05-01
SYMC,2016-06-01
SYMC,2016-07-01
SYMC,2016-08-01
SYMC,2016-09-01
SYMC,2016-10-01
SYMC,2016-11-01
SYMC,2016-12-01
SYMC,2017-01-01
SYMC,2017-02-01
SYMC,2017-03-01
SYMC,2017-04-01
SYMC,2017-05-01
SYMC,2017-06-01
SYMC,2017-07-01
SYMC,2017-08-01
SYMC,2017-09-01
SYMC,2017-10-01
SYMC,2017-11-01
SYMC,2017-12-01
SYMC,2018-01-01
SYMC,2018-02-01
SYMC,2018-03-01
SYMC,2018-04-01
SYMC,2018-05-01
SYMC,2018-06-01
SYMC,2018-07-01
SYMC,2018-08-01
SYMC,2018-09-01
SYMC,2018-10-01
SYMC,2018-11-01
SYMC,2018-12-01
SYMC,2019-01-01
SYMC,2019-02-01
SYMC,2019-03-01
SYMC,2019-04-01
SYMC,2019-05-01
SYMC,2019-06-01
SYMC,2019-07-01
SYMC,2019-08-01
SYMC,2019-09-01
SYMC,2019-10-01
SYMC,2019-11-01
TA,1996-02-01
TA,1996-03-01
TA,1996-04-01
TA,1996-05-01
TA,1996-06-01
TA,1996-07-01
TA,1996-08-01
TA,1996-09-01
TA,1996-10-01
TA,1996-11-01
TA,1996-12-01
TA,1997-01-01
TA,1997-02-01
TA,1997-03-01
TA,1997-04-01
TA,1997-05-01
TA,1997-06-01
TA,1997-07-01
TA,1997-08-01
TA,1997-09-01
TA,1997-10-01
TA,1997-11-01
TA,1997-12-01
TA,1998-01-01
TA,1998-02-01
TA,1998-03-01
TA,1998-04-01
TA,1998-05-01
TA,1998-06-01
TA,1998-07-01
TA,1998-08-01
TA,1998-09-01
TA,1998-10-01
TA,1998-11-01
TA,1998-12-01
TA,1999-01-01
TA,1999-02-01
TA,1999-03-01
TA,1999-04-01
TA,1999-05-01
TA,1999-06-01
TA,1999-07-01
TCOMA,1996-02-01
TCOMA,1996-03-01
TCOMA,1996-04-01
TCOMA,1996-05-01
TCOMA,1996-06-01
TCOMA,1996-07-01
TCOMA,1996-08-01
TCOMA,1996-09-01
TCOMA,1996-10-01
TCOMA,1996-11-01
TCOMA,1996-12-01
TCOMA,1997-01-01
TCOMA,1997-02-01
TCOMA,1997-03-01
TCOMA,1997-04-01
TCOMA,1997-05-01
TCOMA,1997-06-01
TCOMA,1997-07-01
TCOMA,1997-08-01
TCOMA,1997-09-01
TCOMA,1997-10-01
TCOMA,1997-11-01
TCOMA,1997-12-01
TCOMA,1998-01-01
TCOMA,1998-02-01
TCOMA,1998-03-01
TCOMA,1998-04-01
TCOMA,1998-05-01
TCOMA,1998-06-01
TCOMA,1998-07-01
TCOMA,1998-08-01
TCOMA,1998-09-01
TCOMA,1998-10-01
TCOMA,1998-11-01
TCOMA,1998-12-01
TCOMA,1999-01-01
TCOMA,1999-02-01
TCOMA,1999-03-01
TDM,1996-02-01
TDM,1996-03-01
TDM,1996-04-01
TDM,1996-05-01
TDM,1996-06-01
TDM,1996-07-01
TDM,1996-08-01
TDM,1996-09-01
TDM,1996-10-01
TDM,1996-11-01
TDM,1996-12-01
TDM,1997-01-01
TDM,1997-02-01
TDM,1997-03-01
TDM,1997-04-01
TDM,1997-05-01
TDM,1997-06-01
TDM,1997-07-01
TDM,1997-08-01
TDM,1997-09-01
TE,2001-11-01
TE,2001-12-01
TE,2002-01-01
TE,2002-02-01
TE,2002-03-01
TE,2002-04-01
TE,2002-05-01
TE,2002-06-01
TE,2002-07-01
TE,2002-08-01
TE,2002-09-01
TE,2002-10-01
TE,2002-11-01
TE,2002-12-01
TE,2003-01-01
TE,2003-02-01
TE,2003-03-01
TE,2003-04-01
TE,2003-05-01
TE,2003-06-01
TE,2003-07-01
TE,2003-08-01
TE,2003-09-01
TE,2003-10-01
TE,2003-11-01
TE,2003-12-01
TE,2004-01-01
TE,2004-02-01
TE,2004-03-01
TE,2004-04-01
TE,2004-05-01
TE,2004-06-01
TE,2004-07-01
TE,2004-08-01
TE,2004-09-01
TE,2004-10-01
TE,2004-11-01
TE,2004-12-01
TE,2005-01-01
TE,2005-02-01
TE,2005-03-01
TE,2005-04-01
TE,2005-05-01
TE,2005-06-01
TE,2005-07-01
TE,2005-08-01
TE,2005-09-01
TE,2005-10-01
TE,2005-11-01
TE,2005-12-01
TE,2006-01-01
TE,2006-02-01
TE,2006-03-01
TE,2006-04-01
TE,2006-05-01
TE,2006-06-01
TE,2006-07-01
TE,2006-08-01
TE,2006-09-01
TE,2006-10-01
TE,2006-11-01
TE,2006-12-01
TE,2007-01-01
TE,2007-02-01
TE,2007-03-01
TE,2007-04-01
TE,2007-05-01
TE,2007-06-01
TE,2007-07-01
TE,2007-08-01
TE,2007-09-01
TE,2007-10-01
TE,2007-11-01
TE,2007-12-01
TE,2008-01-01
TE,2008-02-01
TE,2008-03-01
TE,2008-04-01
TE,2008-05-01
TE,2008-06-01
TE,2008-07-01
TE,2008-08-01
TE,2008-09-01
TE,2008-10-01
TE,2008-11-01
TE,2008-12-01
TE,2009-01-01
TE,2009-02-01
TE,2009-03-01
TE,2009-04-01
TE,2009-05-01
TE,2009-06-01
TE,2009-07-01
TE,2009-08-01
TE,2009-09-01
TE,2009-10-01
TE,2009-11-01
TE,2009-12-01
TE,2010-01-01
TE,2010-02-01
TE,2010-03-01
TE,2010-04-01
TE,2010-05-01
TE,2010-06-01
TE,2010-07-01
TE,2010-08-01
TE,2010-09-01
TE,2010-10-01
TE,2010-11-01
TE,2010-12-01
TE,2011-01-01
TE,2011-02-01
TE,2011-03-01
TE,2011-04-01
TE,2011-05-01
TE,2011-06-01
TE,2011-07-01
TE,2011-08-01
TE,2011-09-01
TE,2011-10-01
TE,2011-11-01
TE,2011-12-01
TE,2012-01-01
TE,2012-02-01
TE,2012-03-01
TE,2012-04-01
TE,2012-05-01
TE,2012-06-01
TE,2012-07-01
TE,2012-08-01
TE,2012-09-01
TE,2012-10-01
TE,2012-11-01
TE,2012-12-01
TE,2013-01-01
TE,2013-02-01
TE,2013-03-01
TE,2013-04-01
TE,2013-05-01
TE,2013-06-01
TE,2013-07-01
TE,2013-08-01
TE,2013-09-01
TE,2013-10-01
TE,2013-11-01
TE,2013-12-01
TE,2014-01-01
TE,2014-02-01
TE,2014-03-01
TE,2014-04-01
TE,2014-05-01
TE,2014-06-01
TE,2014-07-01
TE,2014-08-01
TE,2014-09-01
TE,2014-10-01
TE,2014-11-01
TE,2014-12-01
TE,2015-01-01
TE,2015-02-01
TE,2015-03-01
TE,2015-04-01
TE,2015-05-01
TE,2015-06-01
TE,2015-07-01
TE,2015-08-01
TE,2015-09-01
TE,2015-10-01
TE,2015-11-01
TE,2015-12-01
TE,2016-01-01
TE,2016-02-01
TE,2016-03-01
TE,2016-04-01
TE,2016-05-01
TE,2016-06-01
TEG,2007-03-01
TEG,2007-04-01
TEG,2007-05-01
TEG,2007-06-01
TEG,2007-07-01
TEG,2007-08-01
TEG,2007-09-01
TEG,2007-10-01
TEG,2007-11-01
TEG,2007-12-01
TEG,2008-01-01
TEG,2008-02-01
TEG,2008-03-01
TEG,2008-04-01
TEG,2008-05-01
TEG,2008-06-01
TEG,2008-07-01
TEG,2008-08-01
TEG,2008-09-01
TEG,2008-10-01
TEG,2008-11-01
TEG,2008-12-01
TEG,2009-01-01
TEG,2009-02-01
TEG,2009-03-01
TEG,2009-04-01
TEG,2009-05-01
TEG,2009-06-01
TEG,2009-07-01
TEG,2009-08-01
TEG,2009-09-01
TEG,2009-10-01
TEG,2009-11-01
TEG,2009-12-01
TEG,2010-01-01
TEG,2010-02-01
TEG,2010-03-01
TEG,2010-04-01
TEG,2010-05-01
TEG,2010-06-01
TEG,2010-07-01
TEG,2010-08-01
TEG,2010-09-01
TEG,2010-10-01
TEG,2010-11-01
TEG,2010-12-01
TEG,2011-01-01
TEG,2011-02-01
TEG,2011-03-01
TEG,2011-04-01
TEG,2011-05-01
TEG,2011-06-01
TEG,2011-07-01
TEG,2011-08-01
TEG,2011-09-01
TEG,2011-10-01
TEG,2011-11-01
TEG,2011-12-01
TEG,2012-01-01
TEG,2012-02-01
TEG,2012-03-01
TEG,2012-04-01
TEG,2012-05-01
TEG,2012-06-01
TEG,2012-07-01
TEG,2012-08-01
TEG,2012-09-01
TEG,2012-10-01
TEG,2012-11-01
TEG,2012-12-01
TEG,2013-01-01
TEG,2013-02-01
TEG,2013-03-01
TEG,2013-04-01
TEG,2013-05-01
TEG,2013-06-01
TEG,2013-07-01
TEG,2013-08-01
TEG,2013-09-01
TEG,2013-10-01
TEG,2013-11-01
TEG,2013-12-01
TEG,2014-01-01
TEG,2014-02-01
TEG,2014-03-01
TEG,2014-04-01
TEG,2014-05-01
TEG,2014-06-01
TEG,2014-07-01
TEG,2014-08-01
TEG,2014-09-01
TEG,2014-10-01
TEG,2014-11-01
TEG,2014-12-01
TEG,2015-01-01
TEG,2015-02-01
TEG,2015-03-01
TEG,2015-04-01
TEG,2015-05-01
TEG,2015-06-01
TEK,1996-02-01
TEK,1996-03-01
TEK,1996-04-01
TEK,1996-05-01
TEK,1996-06-01
TEK,1996-07-01
TEK,1996-08-01
TEK,1996-09-01
TEK,1996-10-01
TEK,1996-11-01
TEK,1996-12-01
TEK,1997-01-01
TEK,1997-02-01
TEK,1997-03-01
TEK,1997-04-01
TEK,1997-05-01
TEK,1997-06-01
TEK,1997-07-01
TEK,1997-08-01
TEK,1997-09-01
TEK,1997-10-01
TEK,1997-11-01
TEK,1997-12-01
TEK,1998-01-01
TEK,1998-02-01
TEK,1998-03-01
TEK,1998-04-01
TEK,1998-05-01
TEK,1998-06-01
TEK,1998-07-01
TEK,1998-08-01
TEK,1998-09-01
TEK,1998-10-01
TEK,1998-11-01
TEK,1998-12-01
TEK,1999-01-01
TEK,1999-02-01
TEK,1999-03-01
TEK,1999-04-01
TEK,1999-05-01
TEK,1999-06-01
TEK,1999-07-01
TEK,1999-08-01
TEK,1999-09-01
TEK,1999-10-01
TEK,1999-11-01
TEK,1999-12-01
TEK,2000-01-01
TEK,2000-02-01
TEK,2000-03-01
TEK,2000-04-01
TEK,2000-05-01
TEK,2000-06-01
TEK,2000-07-01
TEK,2000-08-01
TEK,2000-09-01
TEK,2000-10-01
TEK,2000-11-01
TEK,2000-12-01
TEK,2001-01-01
TEK,2001-02-01
TEK,2001-03-01
TEK,2001-04-01
TEK,2001-05-01
TEK,2001-06-01
TEK,2001-07-01
TEK,2001-08-01
TEK,2001-09-01
TEK,2001-10-01
TEK,2001-11-01
TEK,2001-12-01
TEK,2002-01-01
TEK,2002-02-01
TEK,2002-03-01
TEK,2002-04-01
TEK,2002-05-01
TEK,2002-06-01
TEK,2002-07-01
TEK,2002-08-01
TEK,2002-09-01
TEK,2002-10-01
TEK,2002-11-01
TEK,2002-12-01
TEK,2003-01-01
TEK,2003-02-01
TEK,2003-03-01
TEK,2003-04-01
TEK,2003-05-01
TEK,2003-06-01
TEK,2003-07-01
TEK,2003-08-01
TEK,2003-09-01
TEK,2003-10-01
TEK,2003-11-01
TEK,2003-12-01
TEK,2004-01-01
TEK,2004-02-01
TEK,2004-03-01
TEK,2004-04-01
TEK,2004-05-01
TEK,2004-06-01
TEK,2004-07-01
TEK,2004-08-01
TEK,2004-09-01
TEK,2004-10-01
TEK,2004-11-01
TEK,2004-12-01
TEK,2005-01-01
TEK,2005-02-01
TEK,2005-03-01
TEK,2005-04-01
TEK,2005-05-01
TEK,2005-06-01
TEK,2005-07-01
TEK,2005-08-01
TEK,2005-09-01
TEK,2005-10-01
TEK,2005-11-01
TEK,2005-12-01
TEK,2006-01-01
TEK,2006-02-01
TEK,2006-03-01
TEK,2006-04-01
TEK,2006-05-01
TEK,2006-06-01
TEK,2006-07-01
TEK,2006-08-01
TEK,2006-09-01
TEK,2006-10-01
TEK,2006-11-01
TEK,2006-12-01
TEK,2007-01-01
TEK,2007-02-01
TEK,2007-03-01
TEK,2007-04-01
TEK,2007-05-01
TEK,2007-06-01
TEK,2007-07-01
TEK,2007-08-01
TEK,2007-09-01
TEK,2007-10-01
TEK,2007-11-01
TEN,1996-02-01
TEN,1996-03-01
TEN,1996-04-01
TEN,1996-05-01
TEN,1996-06-01
TEN,1996-07-01
TEN,1996-08-01
TEN,1996-09-01
TEN,1996-10-01
TEN,1996-11-01
TEN,1996-12-01
TEN,1997-01-01
TEN,1997-02-01
TEN,1997-03-01
TEN,1997-04-01
TEN,1997-05-01
TEN,1997-06-01
TEN,1997-07-01
TEN,1997-08-01
TEN,1997-09-01
TEN,1997-10-01
TEN,1997-11-01
TEN,1997-12-01
TEN,1998-01-01
TEN,1998-02-01
TEN,1998-03-01
TEN,1998-04-01
TEN,1998-05-01
TEN,1998-06-01
TEN,1998-07-01
TEN,1998-08-01
TEN,1998-09-01
TEN,1998-10-01
TEN,1998-11-01
TEN,1998-12-01
TEN,1999-01-01
TEN,1999-02-01
TEN,1999-03-01
TEN,1999-04-01
TEN,1999-05-01
TEN,1999-06-01
TEN,1999-07-01
TEN,1999-08-01
TEN,1999-09-01
TEN,1999-10-01
TEN,1999-11-01
TGNA,1996-02-01
TGNA,1996-03-01
TGNA,1996-04-01
TGNA,1996-05-01
TGNA,1996-06-01
TGNA,1996-07-01
TGNA,1996-08-01
TGNA,1996-09-01
TGNA,1996-10-01
TGNA,1996-11-01
TGNA,1996-12-01
TGNA,1997-01-01
TGNA,1997-02-01
TGNA,1997-03-01
TGNA,1997-04-01
TGNA,1997-05-01
TGNA,1997-06-01
TGNA,1997-07-01
TGNA,1997-08-01
TGNA,1997-09-01
TGNA,1997-10-01
TGNA,1997-11-01
TGNA,1997-12-01
TGNA,1998-01-01
TGNA,1998-02-01
TGNA,1998-03-01
TGNA,1998-04-01
TGNA,1998-05-01
TGNA,1998-06-01
TGNA,1998-07-01
TGNA,1998-08-01
TGNA,1998-09-01
TGNA,1998-10-01
TGNA,1998-11-01
TGNA,1998-12-01
TGNA,1999-01-01
TGNA,1999-02-01
TGNA,1999-03-01
TGNA,1999-04-01
TGNA,1999-05-01
TGNA,1999-06-01
TGNA,1999-07-01
TGNA,1999-08-01
TGNA,1999-09-01
TGNA,1999-10-01
TGNA,1999-11-01
TGNA,1999-12-01
TGNA,2000-01-01
TGNA,2000-02-01
TGNA,2000-03-01
TGNA,2000-04-01
TGNA,2000-05-01
TGNA,2000-06-01
TGNA,2000-07-01
TGNA,2000-08-01
TGNA,2000-09-01
TGNA,2000-10-01
TGNA,2000-11-01
TGNA,2000-12-01
TGNA,2001-01-01
TGNA,2001-02-01
TGNA,2001-03-01
TGNA,2001-04-01
TGNA,2001-05-01
TGNA,2001-06-01
TGNA,2001-07-01
TGNA,2001-08-01
TGNA,2001-09-01
TGNA,2001-10-01
TGNA,2001-11-01
TGNA,2001-12-01
TGNA,2002-01-01
TGNA,2002-02-01
TGNA,2002-03-01
TGNA,2002-04-01
TGNA,2002-05-01
TGNA,2002-06-01
TGNA,2002-07-01
TGNA,2002-08-01
TGNA,2002-09-01
TGNA,2002-10-01
TGNA,2002-11-01
TGNA,2002-12-01
TGNA,2003-01-01
TGNA,2003-02-01
TGNA,2003-03-01
TGNA,2003-04-01
TGNA,2003-05-01
TGNA,2003-06-01
TGNA,2003-07-01
TGNA,2003-08-01
TGNA,2003-09-01
TGNA,2003-10-01
TGNA,2003-11-01
TGNA,2003-12-01
TGNA,2004-01-01
TGNA,2004-02-01
TGNA,2004-03-01
TGNA,2004-04-01
TGNA,2004-05-01
TGNA,2004-06-01
TGNA,2004-07-01
TGNA,2004-08-01
TGNA,2004-09-01
TGNA,2004-10-01
TGNA,2004-11-01
TGNA,2004-12-01
TGNA,2005-01-01
TGNA,2005-02-01
TGNA,2005-03-01
TGNA,2005-04-01
TGNA,2005-05-01
TGNA,2005-06-01
TGNA,2005-07-01
TGNA,2005-08-01
TGNA,2005-09-01
TGNA,2005-10-01
TGNA,2005-11-01
TGNA,2005-12-01
TGNA,2006-01-01
TGNA,2006-02-01
TGNA,2006-03-01
TGNA,2006-04-01
TGNA,2006-05-01
TGNA,2006-06-01
TGNA,2006-07-01
TGNA,2006-08-01
TGNA,2006-09-01
TGNA,2006-10-01
TGNA,2006-11-01
TGNA,2006-12-01
TGNA,2007-01-01
TGNA,2007-02-01
TGNA,2007-03-01
TGNA,2007-04-01
TGNA,2007-05-01
TGNA,2007-06-01
TGNA,2007-07-01
TGNA,2007-08-01
TGNA,2007-09-01
TGNA,2007-10-01
TGNA,2007-11-01
TGNA,2007-12-01
TGNA,2008-01-01
TGNA,2008-02-01
TGNA,2008-03-01
TGNA,2008-04-01
TGNA,2008-05-01
TGNA,2008-06-01
TGNA,2008-07-01
TGNA,2008-08-01
TGNA,2008-09-01
TGNA,2008-10-01
TGNA,2008-11-01
TGNA,2008-12-01
TGNA,2009-01-01
TGNA,2009-02-01
TGNA,2009-03-01
TGNA,2009-04-01
TGNA,2009-05-01
TGNA,2009-06-01
TGNA,2009-07-01
TGNA,2009-08-01
TGNA,2009-09-01
TGNA,2009-10-01
TGNA,2009-11-01
TGNA,2009-12-01
TGNA,2010-01-01
TGNA,2010-02-01
TGNA,2010-03-01
TGNA,2010-04-01
TGNA,2010-05-01
TGNA,2010-06-01
TGNA,2010-07-01
TGNA,2010-08-01
TGNA,2010-09-01
TGNA,2010-10-01
TGNA,2010-11-01
TGNA,2010-12-01
TGNA,2011-01-01
TGNA,2011-02-01
TGNA,2011-03-01
TGNA,2011-04-01
TGNA,2011-05-01
TGNA,2011-06-01
TGNA,2011-07-01
TGNA,2011-08-01
TGNA,2011-09-01
TGNA,2011-10-01
TGNA,2011-11-01
TGNA,2011-12-01
TGNA,2012-01-01
TGNA,2012-02-01
TGNA,2012-03-01
TGNA,2012-04-01
TGNA,2012-05-01
TGNA,2012-06-01
TGNA,2012-07-01
TGNA,2012-08-01
TGNA,2012-09-01
TGNA,2012-10-01
TGNA,2012-11-01
TGNA,2012-12-01
TGNA,2013-01-01
TGNA,2013-02-01
TGNA,2013-03-01
TGNA,2013-04-01
TGNA,2013-05-01
TGNA,2013-06-01
TGNA,2013-07-01
TGNA,2013-08-01
TGNA,2013-09-01
TGNA,2013-10-01
TGNA,2013-11-01
TGNA,2013-12-01
TGNA,2014-01-01
TGNA,2014-02-01
TGNA,2014-03-01
TGNA,2014-04-01
TGNA,2014-05-01
TGNA,2014-06-01
TGNA,2014-07-01
TGNA,2014-08-01
TGNA,2014-09-01
TGNA,2014-10-01
TGNA,2014-11-01
TGNA,2014-12-01
TGNA,2015-01-01
TGNA,2015-02-01
TGNA,2015-03-01
TGNA,2015-04-01
TGNA,2015-05-01
TGNA,2015-06-01
TGNA,2015-07-01
TGNA,2015-08-01
TGNA,2015-09-01
TGNA,2015-10-01
TGNA,2015-11-01
TGNA,2015-12-01
TGNA,2016-01-01
TGNA,2016-02-01
TGNA,2016-03-01
TGNA,2016-04-01
TGNA,2016-05-01
TGNA,2016-06-01
TGNA,2016-07-01
TGNA,2016-08-01
TGNA,2016-09-01
TGNA,2016-10-01
TGNA,2016-11-01
TGNA,2016-12-01
TGNA,2017-01-01
TGNA,2017-02-01
TGNA,2017-03-01
TGNA,2017-04-01
TGNA,2017-05-01
TGNA,2017-06-01
THY,1996-02-01
THY,1996-03-01
THY,1996-04-01
THY,1996-05-01
THY,1996-06-01
THY,1996-07-01
THY,1996-08-01
THY,1996-09-01
THY,1996-10-01
TIF,2000-07-01
TIF,2000-08-01
TIF,2000-09-01
TIF,2000-10-01
TIF,2000-11-01
TIF,2000-12-01
TIF,2001-01-01
TIF,2001-02-01
TIF,2001-03-01
TIF,2001-04-01
TIF,2001-05-01
TIF,2001-06-01
TIF,2001-07-01
TIF,2001-08-01
TIF,2001-09-01
TIF,2001-10-01
TIF,2001-11-01
TIF,2001-12-01
TIF,2002-01-01
TIF,2002-02-01
TIF,2002-03-01
TIF,2002-04-01
TIF,2002-05-01
TIF,2002-06-01
TIF,2002-07-01
TIF,2002-08-01
TIF,2002-09-01
TIF,2002-10-01
TIF,2002-11-01
TIF,2002-12-01
TIF,2003-01-01
TIF,2003-02-01
TIF,2003-03-01
TIF,2003-04-01
TIF,2003-05-01
TIF,2003-06-01
TIF,2003-07-01
TIF,2003-08-01
TIF,2003-09-01
TIF,2003-10-01
TIF,2003-11-01
TIF,2003-12-01
TIF,2004-01-01
TIF,2004-02-01
TIF,2004-03-01
TIF,2004-04-01
TIF,2004-05-01
TIF,2004-06-01
TIF,2004-07-01
TIF,2004-08-01
TIF,2004-09-01
TIF,2004-10-01
TIF,2004-11-01
TIF,2004-12-01
TIF,2005-01-01
TIF,2005-02-01
TIF,2005-03-01
TIF,2005-04-01
TIF,2005-05-01
TIF,2005-06-01
TIF,2005-07-01
TIF,2005-08-01
TIF,2005-09-01
TIF,2005-10-01
TIF,2005-11-01
TIF,2005-12-01
TIF,2006-01-01
TIF,2006-02-01
TIF,2006-03-01
TIF,2006-04-01
TIF,2006-05-01
TIF,2006-06-01
TIF,2006-07-01
TIF,2006-08-01
TIF,2006-09-01
TIF,2006-10-01
TIF,2006-11-01
TIF,2006-12-01
TIF,2007-01-01
TIF,2007-02-01
TIF,2007-03-01
TIF,2007-04-01
TIF,2007-05-01
TIF,2007-06-01
TIF,2007-07-01
TIF,2007-08-01
TIF,2007-09-01
TIF,2007-10-01
TIF,2007-11-01
TIF,2007-12-01
TIF,2008-01-01
TIF,2008-02-01
TIF,2008-03-01
TIF,2008-04-01
TIF,2008-05-01
TIF,2008-06-01
TIF,2008-07-01
TIF,2008-08-01
TIF,2008-09-01
TIF,2008-10-01
TIF,2008-11-01
TIF,2008-12-01
TIF,2009-01-01
TIF,2009-02-01
TIF,2009-03-01
TIF,2009-04-01
TIF,2009-05-01
TIF,2009-06-01
TIF,2009-07-01
TIF,2009-08-01
TIF,2009-09-01
TIF,2009-10-01
TIF,2009-11-01
TIF,2009-12-01
TIF,2010-01-01
TIF,2010-02-01
TIF,2010-03-01
TIF,2010-04-01
TIF,2010-05-01
TIF,2010-06-01
TIF,2010-07-01
TIF,2010-08-01
TIF,2010-09-01
TIF,2010-10-01
TIF,2010-11-01
TIF,2010-12-01
TIF,2011-01-01
TIF,2011-02-01
TIF,2011-03-01
TIF,2011-04-01
TIF,2011-05-01
TIF,2011-06-01
TIF,2011-07-01
TIF,2011-08-01
TIF,2011-09-01
TIF,2011-10-01
TIF,2011-11-01
TIF,2011-12-01
TIF,2012-01-01
TIF,2012-02-01
TIF,2012-03-01
TIF,2012-04-01
TIF,2012-05-01
TIF,2012-06-01
TIF,2012-07-01
TIF,2012-08-01
TIF,2012-09-01
TIF,2012-10-01
TIF,2012-11-01
TIF,2012-12-01
TIF,2013-01-01
TIF,2013-02-01
TIF,2013-03-01
TIF,2013-04-01
TIF,2013-05-01
TIF,2013-06-01
TIF,2013-07-01
TIF,2013-08-01
TIF,2013-09-01
TIF,2013-10-01
TIF,2013-11-01
TIF,2013-12-01
TIF,2014-01-01
TIF,2014-02-01
TIF,2014-03-01
TIF,2014-04-01
TIF,2014-05-01
TIF,2014-06-01
TIF,2014-07-01
TIF,2014-08-01
TIF,2014-09-01
TIF,2014-10-01
TIF,2014-11-01
TIF,2014-12-01
TIF,2015-01-01
TIF,2015-02-01
TIF,2015-03-01
TIF,2015-04-01
TIF,2015-05-01
TIF,2015-06-01
TIF,2015-07-01
TIF,2015-08-01
TIF,2015-09-01
TIF,2015-10-01
TIF,2015-11-01
TIF,2015-12-01
TIF,2016-01-01
TIF,2016-02-01
TIF,2016-03-01
TIF,2016-04-01
TIF,2016-05-01
TIF,2016-06-01
TIF,2016-07-01
TIF,2016-08-01
TIF,2016-09-01
TIF,2016-10-01
TIF,2016-11-01
TIF,2016-12-01
TIF,2017-01-01
TIF,2017-02-01
TIF,2017-03-01
TIF,2017-04-01
TIF,2017-05-01
TIF,2017-06-01
TIF,2017-07-01
TIF,2017-08-01
TIF,2017-09-01
TIF,2017-10-01
TIF,2017-11-01
TIF,2017-12-01
TIF,2018-01-01
TIF,2018-02-01
TIF,2018-03-01
TIF,2018-04-01
TIF,2018-05-01
TIF,2018-06-01
TIF,2018-07-01
TIF,2018-08-01
TIF,2018-09-01
TIF,2018-10-01
TIF,2018-11-01
TIF,2018-12-01
TIF,2019-01-01
TIF,2019-02-01
TIF,2019-03-01
TIF,2019-04-01
TIF,2019-05-01
TIF,2019-06-01
TIF,2019-07-01
TIF,2019-08-01
TIF,2019-09-01
TIF,2019-10-01
TIF,2019-11-01
TIF,2019-12-01
TIF,2020-01-01
TIF,2020-02-01
TIF,2020-03-01
TIF,2020-04-01
TIF,2020-05-01
TIF,2020-06-01
TIF,2020-07-01
TIF,2020-08-01
TIF,2020-09-01
TIF,2020-10-01
TIF,2020-11-01
TIF,2020-12-01
TIF,2021-01-01
TIN,1996-02-01
TIN,1996-03-01
TIN,1996-04-01
TIN,1996-05-01
TIN,1996-06-01
TIN,1996-07-01
TIN,1996-08-01
TIN,1996-09-01
TIN,1996-10-01
TIN,1996-11-01
TIN,1996-12-01
TIN,1997-01-01
TIN,1997-02-01
TIN,1997-03-01
TIN,1997-04-01
TIN,1997-05-01
TIN,1997-06-01
TIN,1997-07-01
TIN,1997-08-01
TIN,1997-09-01
TIN,1997-10-01
TIN,1997-11-01
TIN,1997-12-01
TIN,1998-01-01
TIN,1998-02-01
TIN,1998-03-01
TIN,1998-04-01
TIN,1998-05-01
TIN,1998-06-01
TIN,1998-07-01
TIN,1998-08-01
TIN,1998-09-01
TIN,1998-10-01
TIN,1998-11-01
TIN,1998-12-01
TIN,1999-01-01
TIN,1999-02-01
TIN,1999-03-01
TIN,1999-04-01
TIN,1999-05-01
TIN,1999-06-01
TIN,1999-07-01
TIN,1999-08-01
TIN,1999-09-01
TIN,1999-10-01
TIN,1999-11-01
TIN,1999-12-01
TIN,2000-01-01
TIN,2000-02-01
TIN,2000-03-01
TIN,2000-04-01
TIN,2000-05-01
TIN,2000-06-01
TIN,2000-07-01
TIN,2000-08-01
TIN,2000-09-01
TIN,2000-10-01
TIN,2000-11-01
TIN,2000-12-01
TIN,2001-01-01
TIN,2001-02-01
TIN,2001-03-01
TIN,2001-04-01
TIN,2001-05-01
TIN,2001-06-01
TIN,2001-07-01
TIN,2001-08-01
TIN,2001-09-01
TIN,2001-10-01
TIN,2001-11-01
TIN,2001-12-01
TIN,2002-01-01
TIN,2002-02-01
TIN,2002-03-01
TIN,2002-04-01
TIN,2002-05-01
TIN,2002-06-01
TIN,2002-07-01
TIN,2002-08-01
TIN,2002-09-01
TIN,2002-10-01
TIN,2002-11-01
TIN,2002-12-01
TIN,2003-01-01
TIN,2003-02-01
TIN,2003-03-01
TIN,2003-04-01
TIN,2003-05-01
TIN,2003-06-01
TIN,2003-07-01
TIN,2003-08-01
TIN,2003-09-01
TIN,2003-10-01
TIN,2003-11-01
TIN,2003-12-01
TIN,2004-01-01
TIN,2004-02-01
TIN,2004-03-01
TIN,2004-04-01
TIN,2004-05-01
TIN,2004-06-01
TIN,2004-07-01
TIN,2004-08-01
TIN,2004-09-01
TIN,2004-10-01
TIN,2004-11-01
TIN,2004-12-01
TIN,2005-01-01
TIN,2005-02-01
TIN,2005-03-01
TIN,2005-04-01
TIN,2005-05-01
TIN,2005-06-01
TIN,2005-07-01
TIN,2005-08-01
TIN,2005-09-01
TIN,2005-10-01
TIN,2005-11-01
TIN,2005-12-01
TIN,2006-01-01
TIN,2006-02-01
TIN,2006-03-01
TIN,2006-04-01
TIN,2006-05-01
TIN,2006-06-01
TIN,2006-07-01
TIN,2006-08-01
TIN,2006-09-01
TIN,2006-10-01
TIN,2006-11-01
TIN,2006-12-01
TIN,2007-01-01
TIN,2007-02-01
TIN,2007-03-01
TIN,2007-04-01
TIN,2007-05-01
TIN,2007-06-01
TIN,2007-07-01
TIN,2007-08-01
TIN,2007-09-01
TIN,2007-10-01
TIN,2007-11-01
TIN,2007-12-01
TMC,1996-02-01
TMC,1996-03-01
TMC,1996-04-01
TMC,1996-05-01
TMC,1996-06-01
TMC,1996-07-01
TMC,1996-08-01
TMC,1996-09-01
TMC,1996-10-01
TMC,1996-11-01
TMC,1996-12-01
TMC,1997-01-01
TMC,1997-02-01
TMC,1997-03-01
TMC,1997-04-01
TMC,1997-05-01
TMC,1997-06-01
TMC,1997-07-01
TMC,1997-08-01
TMC,1997-09-01
TMC,1997-10-01
TMC,1997-11-01
TMC,1997-12-01
TMC,1998-01-01
TMC,1998-02-01
TMC,1998-03-01
TMC,1998-04-01
TMC,1998-05-01
TMC,1998-06-01
TMC,1998-07-01
TMC,1998-08-01
TMC,1998-09-01
TMC,1998-10-01
TMC,1998-11-01
TMC,1998-12-01
TMC,1999-01-01
TMC,1999-02-01
TMC,1999-03-01
TMC,1999-04-01
TMC,1999-05-01
TMC,1999-06-01
TMC,1999-07-01
TMC,1999-08-01
TMC,1999-09-01
TMC,1999-10-01
TMC,1999-11-01
TMC,1999-12-01
TMC,2000-01-01
TMC,2000-02-01
TMC,2000-03-01
TMC,2000-04-01
TMC,2000-05-01
TMC,2000-06-01
TMC-A,1996-02-01
TMC-A,1996-03-01
TMC-A,1996-04-01
TMC-A,1996-05-01
TMC-A,1996-06-01
TMC-A,1996-07-01
TMC-A,1996-08-01
TMC-A,1996-09-01
TMC-A,1996-10-01
TMC-A,1996-11-01
TMC-A,1996-12-01
TMC-A,1997-01-01
TMC-A,1997-02-01
TMC-A,1997-03-01
TMC-A,1997-04-01
TMC-A,1997-05-01
TMC-A,1997-06-01
TMC-A,1997-07-01
TMC-A,1997-08-01
TMC-A,1997-09-01
TMC-A,1997-10-01
TMC-A,1997-11-01
TMC-A,1997-12-01
TMC-A,1998-01-01
TMC-A,1998-02-01
TMC-A,1998-03-01
TMC-A,1998-04-01
TMC-A,1998-05-01
TMC-A,1998-06-01
TMC-A,1998-07-01
TMC-A,1998-08-01
TMC-A,1998-09-01
TMC-A,1998-10-01
TMC-A,1998-11-01
TMC-A,1998-12-01
TMC-A,1999-01-01
TMC-A,1999-02-01
TMC-A,1999-03-01
TMC-A,1999-04-01
TMC-A,1999-05-01
TMC-A,1999-06-01
TMC-A,1999-07-01
TMC-A,1999-08-01
TMC-A,1999-09-01
TMC-A,1999-10-01
TMC-A,1999-11-01
TMC-A,1999-12-01
TMC-A,2000-01-01
TMC-A,2000-02-01
TMC-A,2000-03-01
TMC-A,2000-04-01
TMC-A,2000-05-01
TMC-A,2000-06-01
TMK,1996-02-01
TMK,1996-03-01
TMK,1996-04-01
TMK,1996-05-01
TMK,1996-06-01
TMK,1996-07-01
TMK,1996-08-01
TMK,1996-09-01
TMK,1996-10-01
TMK,1996-11-01
TMK,1996-12-01
TMK,1997-01-01
TMK,1997-02-01
TMK,1997-03-01
TMK,1997-04-01
TMK,1997-05-01
TMK,1997-06-01
TMK,1997-07-01
TMK,1997-08-01
TMK,1997-09-01
TMK,1997-10-01
TMK,1997-11-01
TMK,1997-12-01
TMK,1998-01-01
TMK,1998-02-01
TMK,1998-03-01
TMK,1998-04-01
TMK,1998-05-01
TMK,1998-06-01
TMK,1998-07-01
TMK,1998-08-01
TMK,1998-09-01
TMK,1998-10-01
TMK,1998-11-01
TMK,1998-12-01
TMK,1999-01-01
TMK,1999-02-01
TMK,1999-03-01
TMK,1999-04-01
TMK,1999-05-01
TMK,1999-06-01
TMK,1999-07-01
TMK,1999-08-01
TMK,1999-09-01
TMK,1999-10-01
TMK,1999-11-01
TMK,1999-12-01
TMK,2000-01-01
TMK,2000-02-01
TMK,2000-03-01
TMK,2000-04-01
TMK,2000-05-01
TMK,2000-06-01
TMK,2000-07-01
TMK,2000-08-01
TMK,2000-09-01
TMK,2000-10-01
TMK,2000-11-01
TMK,2000-12-01
TMK,2001-01-01
TMK,2001-02-01
TMK,2001-03-01
TMK,2001-04-01
TMK,2001-05-01
TMK,2001-06-01
TMK,2001-07-01
TMK,2001-08-01
TMK,2001-09-01
TMK,2001-10-01
TMK,2001-11-01
TMK,2001-12-01
TMK,2002-01-01
TMK,2002-02-01
TMK,2002-03-01
TMK,2002-04-01
TMK,2002-05-01
TMK,2002-06-01
TMK,2002-07-01
TMK,2002-08-01
TMK,2002-09-01
TMK,2002-10-01
TMK,2002-11-01
TMK,2002-12-01
TMK,2003-01-01
TMK,2003-02-01
TMK,2003-03-01
TMK,2003-04-01
TMK,2003-05-01
TMK,2003-06-01
TMK,2003-07-01
TMK,2003-08-01
TMK,2003-09-01
TMK,2003-10-01
TMK,2003-11-01
TMK,2003-12-01
TMK,2004-01-01
TMK,2004-02-01
TMK,2004-03-01
TMK,2004-04-01
TMK,2004-05-01
TMK,2004-06-01
TMK,2004-07-01
TMK,2004-08-01
TMK,2004-09-01
TMK,2004-10-01
TMK,2004-11-01
TMK,2004-12-01
TMK,2005-01-01
TMK,2005-02-01
TMK,2005-03-01
TMK,2005-04-01
TMK,2005-05-01
TMK,2005-06-01
TMK,2005-07-01
TMK,2005-08-01
TMK,2005-09-01
TMK,2005-10-01
TMK,2005-11-01
TMK,2005-12-01
TMK,2006-01-01
TMK,2006-02-01
TMK,2006-03-01
TMK,2006-04-01
TMK,2006-05-01
TMK,2006-06-01
TMK,2006-07-01
TMK,2006-08-01
TMK,2006-09-01
TMK,2006-10-01
TMK,2006-11-01
TMK,2006-12-01
TMK,2007-01-01
TMK,2007-02-01
TMK,2007-03-01
TMK,2007-04-01
TMK,2007-05-01
TMK,2007-06-01
TMK,2007-07-01
TMK,2007-08-01
TMK,2007-09-01
TMK,2007-10-01
TMK,2007-11-01
TMK,2007-12-01
TMK,2008-01-01
TMK,2008-02-01
TMK,2008-03-01
TMK,2008-04-01
TMK,2008-05-01
TMK,2008-06-01
TMK,2008-07-01
TMK,2008-08-01
TMK,2008-09-01
TMK,2008-10-01
TMK,2008-11-01
TMK,2008-12-01
TMK,2009-01-01
TMK,2009-02-01
TMK,2009-03-01
TMK,2009-04-01
TMK,2009-05-01
TMK,2009-06-01
TMK,2009-07-01
TMK,2009-08-01
TMK,2009-09-01
TMK,2009-10-01
TMK,2009-11-01
TMK,2009-12-01
TMK,2010-01-01
TMK,2010-02-01
TMK,2010-03-01
TMK,2010-04-01
TMK,2010-05-01
TMK,2010-06-01
TMK,2010-07-01
TMK,2010-08-01
TMK,2010-09-01
TMK,2010-10-01
TMK,2010-11-01
TMK,2010-12-01
TMK,2011-01-01
TMK,2011-02-01
TMK,2011-03-01
TMK,2011-04-01
TMK,2011-05-01
TMK,2011-06-01
TMK,2011-07-01
TMK,2011-08-01
TMK,2011-09-01
TMK,2011-10-01
TMK,2011-11-01
TMK,2011-12-01
TMK,2012-01-01
TMK,2012-02-01
TMK,2012-03-01
TMK,2012-04-01
TMK,2012-05-01
TMK,2012-06-01
TMK,2012-07-01
TMK,2012-08-01
TMK,2012-09-01
TMK,2012-10-01
TMK,2012-11-01
TMK,2012-12-01
TMK,2013-01-01
TMK,2013-02-01
TMK,2013-03-01
TMK,2013-04-01
TMK,2013-05-01
TMK,2013-06-01
TMK,2013-07-01
TMK,2013-08-01
TMK,2013-09-01
TMK,2013-10-01
TMK,2013-11-01
TMK,2013-12-01
TMK,2014-01-01
TMK,2014-02-01
TMK,2014-03-01
TMK,2014-04-01
TMK,2014-05-01
TMK,2014-06-01
TMK,2014-07-01
TMK,2014-08-01
TMK,2014-09-01
TMK,2014-10-01
TMK,2014-11-01
TMK,2014-12-01
TMK,2015-01-01
TMK,2015-02-01
TMK,2015-03-01
TMK,2015-04-01
TMK,2015-05-01
TMK,2015-06-01
TMK,2015-07-01
TMK,2015-08-01
TMK,2015-09-01
TMK,2015-10-01
TMK,2015-11-01
TMK,2015-12-01
TMK,2016-01-01
TMK,2016-02-01
TMK,2016-03-01
TMK,2016-04-01
TMK,2016-05-01
TMK,2016-06-01
TMK,2016-07-01
TMK,2016-08-01
TMK,2016-09-01
TMK,2016-10-01
TMK,2016-11-01
TMK,2016-12-01
TMK,2017-01-01
TMK,2017-02-01
TMK,2017-03-01
TMK,2017-04-01
TMK,2017-05-01
TMK,2017-06-01
TMK,2017-07-01
TMK,2017-08-01
TMK,2017-09-01
TMK,2017-10-01
TMK,2017-11-01
TMK,2017-12-01
TMK,2018-01-01
TMK,2018-02-01
TMK,2018-03-01
TMK,2018-04-01
TMK,2018-05-01
TMK,2018-06-01
TMK,2018-07-01
TMK,2018-08-01
TMK,2018-09-01
TMK,2018-10-01
TMK,2018-11-01
TMK,2018-12-01
TMK,2019-01-01
TMK,2019-02-01
TMK,2019-03-01
TMK,2019-04-01
TMK,2019-05-01
TMK,2019-06-01
TMK,2019-07-01
TMK,2019-08-01
TNB,1996-02-01
TNB,1996-03-01
TNB,1996-04-01
TNB,1996-05-01
TNB,1996-06-01
TNB,1996-07-01
TNB,1996-08-01
TNB,1996-09-01
TNB,1996-10-01
TNB,1996-11-01
TNB,1996-12-01
TNB,1997-01-01
TNB,1997-02-01
TNB,1997-03-01
TNB,1997-04-01
TNB,1997-05-01
TNB,1997-06-01
TNB,1997-07-01
TNB,1997-08-01
TNB,1997-09-01
TNB,1997-10-01
TNB,1997-11-01
TNB,1997-12-01
TNB,1998-01-01
TNB,1998-02-01
TNB,1998-03-01
TNB,1998-04-01
TNB,1998-05-01
TNB,1998-06-01
TNB,1998-07-01
TNB,1998-08-01
TNB,1998-09-01
TNB,1998-10-01
TNB,1998-11-01
TNB,1998-12-01
TNB,1999-01-01
TNB,1999-02-01
TNB,1999-03-01
TNB,1999-04-01
TNB,1999-05-01
TNB,1999-06-01
TNB,1999-07-01
TNB,1999-08-01
TNB,1999-09-01
TNB,1999-10-01
TNB,1999-11-01
TNB,1999-12-01
TNB,2000-01-01
TNB,2000-02-01
TNB,2000-03-01
TNB,2000-04-01
TNB,2000-05-01
TNB,2000-06-01
TNB,2000-07-01
TNB,2000-08-01
TNB,2000-09-01
TNB,2000-10-01
TNB,2000-11-01
TNB,2000-12-01
TNB,2001-01-01
TNB,2001-02-01
TNB,2001-03-01
TNB,2001-04-01
TNB,2001-05-01
TNB,2001-06-01
TNB,2001-07-01
TNB,2001-08-01
TNB,2001-09-01
TNB,2001-10-01
TNB,2001-11-01
TNB,2001-12-01
TNB,2002-01-01
TNB,2002-02-01
TNB,2002-03-01
TNB,2002-04-01
TNB,2002-05-01
TNB,2002-06-01
TNB,2002-07-01
TNB,2002-08-01
TNB,2002-09-01
TNB,2002-10-01
TNB,2002-11-01
TNB,2002-12-01
TNB,2003-01-01
TNB,2003-02-01
TNB,2003-03-01
TNB,2003-04-01
TNB,2003-05-01
TNB,2003-06-01
TNB,2003-07-01
TNB,2003-08-01
TNB,2003-09-01
TNB,2003-10-01
TNB,2003-11-01
TNB,2003-12-01
TNB,2004-01-01
TNB,2004-02-01
TNB,2004-03-01
TNB,2004-04-01
TNB,2004-05-01
TNB,2004-06-01
TNB,2004-07-01
TNB,2004-08-01
TOS,1999-10-01
TOS,1999-11-01
TOS,1999-12-01
TOS,2000-01-01
TOS,2000-02-01
TOS,2000-03-01
TOS,2000-04-01
TOS,2000-05-01
TOS,2000-06-01
TOS,2000-07-01
TOS,2000-08-01
TOS,2000-09-01
TOS,2000-10-01
TOS,2000-11-01
TOS,2000-12-01
TOS,2001-01-01
TOS,2001-02-01
TOS,2001-03-01
TOS,2001-04-01
TOS,2001-05-01
TOS,2001-06-01
TOS,2001-07-01
TOS,2001-08-01
TOS,2001-09-01
TOY,1996-02-01
TOY,1996-03-01
TOY,1996-04-01
TOY,1996-05-01
TOY,1996-06-01
TOY,1996-07-01
TOY,1996-08-01
TOY,1996-09-01
TOY,1996-10-01
TOY,1996-11-01
TOY,1996-12-01
TOY,1997-01-01
TOY,1997-02-01
TOY,1997-03-01
TOY,1997-04-01
TOY,1997-05-01
TOY,1997-06-01
TOY,1997-07-01
TOY,1997-08-01
TOY,1997-09-01
TOY,1997-10-01
TOY,1997-11-01
TOY,1997-12-01
TOY,1998-01-01
TOY,1998-02-01
TOY,1998-03-01
TOY,1998-04-01
TOY,1998-05-01
TOY,1998-06-01
TOY,1998-07-01
TOY,1998-08-01
TOY,1998-09-01
TOY,1998-10-01
TOY,1998-11-01
TOY,1998-12-01
TOY,1999-01-01
TOY,1999-02-01
TOY,1999-03-01
TOY,1999-04-01
TOY,1999-05-01
TOY,1999-06-01
TOY,1999-07-01
TOY,1999-08-01
TOY,1999-09-01
TOY,1999-10-01
TOY,1999-11-01
TOY,1999-12-01
TOY,2000-01-01
TOY,2000-02-01
TOY,2000-03-01
TOY,2000-04-01
TOY,2000-05-01
TOY,2000-06-01
TOY,2000-07-01
TOY,2000-08-01
TOY,2000-09-01
TOY,2000-10-01
TOY,2000-11-01
TOY,2000-12-01
TOY,2001-01-01
TOY,2001-02-01
TOY,2001-03-01
TOY,2001-04-01
TOY,2001-05-01
TOY,2001-06-01
TOY,2001-07-01
TOY,2001-08-01
TOY,2001-09-01
TOY,2001-10-01
TOY,2001-11-01
TOY,2001-12-01
TOY,2002-01-01
TOY,2002-02-01
TOY,2002-03-01
TOY,2002-04-01
TOY,2002-05-01
TOY,2002-06-01
TOY,2002-07-01
TOY,2002-08-01
TOY,2002-09-01
TOY,2002-10-01
TOY,2002-11-01
TOY,2002-12-01
TOY,2003-01-01
TOY,2003-02-01
TOY,2003-03-01
TOY,2003-04-01
TOY,2003-05-01
TOY,2003-06-01
TOY,2003-07-01
TOY,2003-08-01
TOY,2003-09-01
TOY,2003-10-01
TOY,2003-11-01
TOY,2003-12-01
TOY,2004-01-01
TOY,2004-02-01
TOY,2004-03-01
TOY,2004-04-01
TOY,2004-05-01
TOY,2004-06-01
TOY,2004-07-01
TOY,2004-08-01
TOY,2004-09-01
TOY,2004-10-01
TOY,2004-11-01
TOY,2004-12-01
TOY,2005-01-01
TOY,2005-02-01
TOY,2005-03-01
TOY,2005-04-01
TOY,2005-05-01
TOY,2005-06-01
TOY,2005-07-01
TRB,1996-02-01
TRB,1996-03-01
TRB,1996-04-01
TRB,1996-05-01
TRB,1996-06-01
TRB,1996-07-01
TRB,1996-08-01
TRB,1996-09-01
TRB,1996-10-01
TRB,1996-11-01
TRB,1996-12-01
TRB,1997-01-01
TRB,1997-02-01
TRB,1997-03-01
TRB,1997-04-01
TRB,1997-05-01
TRB,1997-06-01
TRB,1997-07-01
TRB,1997-08-01
TRB,1997-09-01
TRB,1997-10-01
TRB,1997-11-01
TRB,1997-12-01
TRB,1998-01-01
TRB,1998-02-01
TRB,1998-03-01
TRB,1998-04-01
TRB,1998-05-01
TRB,1998-06-01
TRB,1998-07-01
TRB,1998-08-01
TRB,1998-09-01
TRB,1998-10-01
TRB,1998-11-01
TRB,1998-12-01
TRB,1999-01-01
TRB,1999-02-01
TRB,1999-03-01
TRB,1999-04-01
TRB,1999-05-01
TRB,1999-06-01
TRB,1999-07-01
TRB,1999-08-01
TRB,1999-09-01
TRB,1999-10-01
TRB,1999-11-01
TRB,1999-12-01
TRB,2000-01-01
TRB,2000-02-01
TRB,2000-03-01
TRB,2000-04-01
TRB,2000-05-01
TRB,2000-06-01
TRB,2000-07-01
TRB,2000-08-01
TRB,2000-09-01
TRB,2000-10-01
TRB,2000-11-01
TRB,2000-12-01
TRB,2001-01-01
TRB,2001-02-01
TRB,2001-03-01
TRB,2001-04-01
TRB,2001-05-01
TRB,2001-06-01
TRB,2001-07-01
TRB,2001-08-01
TRB,2001-09-01
TRB,2001-10-01
TRB,2001-11-01
TRB,2001-12-01
TRB,2002-01-01
TRB,2002-02-01
TRB,2002-03-01
TRB,2002-04-01
TRB,2002-05-01
TRB,2002-06-01
TRB,2002-07-01
TRB,2002-08-01
TRB,2002-09-01
TRB,2002-10-01
TRB,2002-11-01
TRB,2002-12-01
TRB,2003-01-01
TRB,2003-02-01
TRB,2003-03-01
TRB,2003-04-01
TRB,2003-05-01
TRB,2003-06-01
TRB,2003-07-01
TRB,2003-08-01
TRB,2003-09-01
TRB,2003-10-01
TRB,2003-11-01
TRB,2003-12-01
TRB,2004-01-01
TRB,2004-02-01
TRB,2004-03-01
TRB,2004-04-01
TRB,2004-05-01
TRB,2004-06-01
TRB,2004-07-01
TRB,2004-08-01
TRB,2004-09-01
TRB,2004-10-01
TRB,2004-11-01
TRB,2004-12-01
TRB,2005-01-01
TRB,2005-02-01
TRB,2005-03-01
TRB,2005-04-01
TRB,2005-05-01
TRB,2005-06-01
TRB,2005-07-01
TRB,2005-08-01
TRB,2005-09-01
TRB,2005-10-01
TRB,2005-11-01
TRB,2005-12-01
TRB,2006-01-01
TRB,2006-02-01
TRB,2006-03-01
TRB,2006-04-01
TRB,2006-05-01
TRB,2006-06-01
TRB,2006-07-01
TRB,2006-08-01
TRB,2006-09-01
TRB,2006-10-01
TRB,2006-11-01
TRB,2006-12-01
TRB,2007-01-01
TRB,2007-02-01
TRB,2007-03-01
TRB,2007-04-01
TRB,2007-05-01
TRB,2007-06-01
TRB,2007-07-01
TRB,2007-08-01
TRB,2007-09-01
TRB,2007-10-01
TRB,2007-11-01
TRB,2007-12-01
TRW,1996-02-01
TRW,1996-03-01
TRW,1996-04-01
TRW,1996-05-01
TRW,1996-06-01
TRW,1996-07-01
TRW,1996-08-01
TRW,1996-09-01
TRW,1996-10-01
TRW,1996-11-01
TRW,1996-12-01
TRW,1997-01-01
TRW,1997-02-01
TRW,1997-03-01
TRW,1997-04-01
TRW,1997-05-01
TRW,1997-06-01
TRW,1997-07-01
TRW,1997-08-01
TRW,1997-09-01
TRW,1997-10-01
TRW,1997-11-01
TRW,1997-12-01
TRW,1998-01-01
TRW,1998-02-01
TRW,1998-03-01
TRW,1998-04-01
TRW,1998-05-01
TRW,1998-06-01
TRW,1998-07-01
TRW,1998-08-01
TRW,1998-09-01
TRW,1998-10-01
TRW,1998-11-01
TRW,1998-12-01
TRW,1999-01-01
TRW,1999-02-01
TRW,1999-03-01
TRW,1999-04-01
TRW,1999-05-01
TRW,1999-06-01
TRW,1999-07-01
TRW,1999-08-01
TRW,1999-09-01
TRW,1999-10-01
TRW,1999-11-01
TRW,1999-12-01
TRW,2000-01-01
TRW,2000-02-01
TRW,2000-03-01
TRW,2000-04-01
TRW,2000-05-01
TRW,2000-06-01
TRW,2000-07-01
TRW,2000-08-01
TRW,2000-09-01
TRW,2000-10-01
TRW,2000-11-01
TRW,2000-12-01
TRW,2001-01-01
TRW,2001-02-01
TRW,2001-03-01
TRW,2001-04-01
TRW,2001-05-01
TRW,2001-06-01
TRW,2001-07-01
TRW,2001-08-01
TRW,2001-09-01
TRW,2001-10-01
TRW,2001-11-01
TRW,2001-12-01
TRW,2002-01-01
TRW,2002-02-01
TRW,2002-03-01
TRW,2002-04-01
TRW,2002-05-01
TRW,2002-06-01
TRW,2002-07-01
TRW,2002-08-01
TRW,2002-09-01
TRW,2002-10-01
TRW,2002-11-01
TRW,2002-12-01
TSG,2000-04-01
TSG,2000-05-01
TSG,2000-06-01
TSG,2000-07-01
TSG,2000-08-01
TSG,2000-09-01
TSG,2000-10-01
TSG,2000-11-01
TSG,2000-12-01
TSG,2001-01-01
TSG,2001-02-01
TSG,2001-03-01
TSG,2001-04-01
TSG,2001-05-01
TSG,2001-06-01
TSG,2001-07-01
TSG,2001-08-01
TSG,2001-09-01
TSG,2001-10-01
TSG,2001-11-01
TSG,2001-12-01
TSG,2002-01-01
TSG,2002-02-01
TSG,2002-03-01
TSG,2002-04-01
TSG,2002-05-01
TSG,2002-06-01
TSG,2002-07-01
TSG,2002-08-01
TSG,2002-09-01
TSG,2002-10-01
TSG,2002-11-01
TSG,2002-12-01
TSG,2003-01-01
TSG,2003-02-01
TSG,2003-03-01
TSG,2003-04-01
TSG,2003-05-01
TSG,2003-06-01
TSG,2003-07-01
TSG,2003-08-01
TSG,2003-09-01
TSG,2003-10-01
TSG,2003-11-01
TSG,2003-12-01
TSG,2004-01-01
TSG,2004-02-01
TSG,2004-03-01
TSG,2004-04-01
TSG,2004-05-01
TSG,2004-06-01
TSG,2004-07-01
TSG,2004-08-01
TSG,2004-09-01
TSG,2004-10-01
TSG,2004-11-01
TSG,2004-12-01
TSG,2005-01-01
TSG,2005-02-01
TSG,2005-03-01
TSG,2005-04-01
TSG,2005-05-01
TSG,2005-06-01
TSG,2005-07-01
TSG,2005-08-01
TSG,2005-09-01
TSG,2005-10-01
TSG,2005-11-01
TSG,2005-12-01
TSG,2006-01-01
TSG,2006-02-01
TSG,2006-03-01
TSG,2006-04-01
TSG,2006-05-01
TSG,2006-06-01
TSG,2006-07-01
TSG,2006-08-01
TSG,2006-09-01
TSG,2006-10-01
TSG,2006-11-01
TSG,2006-12-01
TSG,2007-01-01
TSG,2007-02-01
TSG,2007-03-01
TSG,2007-04-01
TSS,2008-02-01
TSS,2008-03-01
TSS,2008-04-01
TSS,2008-05-01
TSS,2008-06-01
TSS,2008-07-01
TSS,2008-08-01
TSS,2008-09-01
TSS,2008-10-01
TSS,2008-11-01
TSS,2008-12-01
TSS,2009-01-01
TSS,2009-02-01
TSS,2009-03-01
TSS,2009-04-01
TSS,2009-05-01
TSS,2009-06-01
TSS,2009-07-01
TSS,2009-08-01
TSS,2009-09-01
TSS,2009-10-01
TSS,2009-11-01
TSS,2009-12-01
TSS,2010-01-01
TSS,2010-02-01
TSS,2010-03-01
TSS,2010-04-01
TSS,2010-05-01
TSS,2010-06-01
TSS,2010-07-01
TSS,2010-08-01
TSS,2010-09-01
TSS,2010-10-01
TSS,2010-11-01
TSS,2010-12-01
TSS,2011-01-01
TSS,2011-02-01
TSS,2011-03-01
TSS,2011-04-01
TSS,2011-05-01
TSS,2011-06-01
TSS,2011-07-01
TSS,2011-08-01
TSS,2011-09-01
TSS,2011-10-01
TSS,2011-11-01
TSS,2011-12-01
TSS,2012-01-01
TSS,2012-02-01
TSS,2012-03-01
TSS,2012-04-01
TSS,2012-05-01
TSS,2012-06-01
TSS,2012-07-01
TSS,2012-08-01
TSS,2012-09-01
TSS,2012-10-01
TSS,2012-11-01
TSS,2012-12-01
TSS,2013-01-01
TSS,2013-02-01
TSS,2013-03-01
TSS,2013-04-01
TSS,2013-05-01
TSS,2013-06-01
TSS,2013-07-01
TSS,2013-08-01
TSS,2013-09-01
TSS,2013-10-01
TSS,2013-11-01
TSS,2013-12-01
TSS,2014-01-01
TSS,2014-02-01
TSS,2014-03-01
TSS,2014-04-01
TSS,2014-05-01
TSS,2014-06-01
TSS,2014-07-01
TSS,2014-08-01
TSS,2014-09-01
TSS,2014-10-01
TSS,2014-11-01
TSS,2014-12-01
TSS,2015-01-01
TSS,2015-02-01
TSS,2015-03-01
TSS,2015-04-01
TSS,2015-05-01
TSS,2015-06-01
TSS,2015-07-01
TSS,2015-08-01
TSS,2015-09-01
TSS,2015-10-01
TSS,2015-11-01
TSS,2015-12-01
TSS,2016-01-01
TSS,2016-02-01
TSS,2016-03-01
TSS,2016-04-01
TSS,2016-05-01
TSS,2016-06-01
TSS,2016-07-01
TSS,2016-08-01
TSS,2016-09-01
TSS,2016-10-01
TSS,2016-11-01
TSS,2016-12-01
TSS,2017-01-01
TSS,2017-02-01
TSS,2017-03-01
TSS,2017-04-01
TSS,2017-05-01
TSS,2017-06-01
TSS,2017-07-01
TSS,2017-08-01
TSS,2017-09-01
TSS,2017-10-01
TSS,2017-11-01
TSS,2017-12-01
TSS,2018-01-01
TSS,2018-02-01
TSS,2018-03-01
TSS,2018-04-01
TSS,2018-05-01
TSS,2018-06-01
TSS,2018-07-01
TSS,2018-08-01
TSS,2018-09-01
TSS,2018-10-01
TSS,2018-11-01
TSS,2018-12-01
TSS,2019-01-01
TSS,2019-02-01
TSS,2019-03-01
TSS,2019-04-01
TSS,2019-05-01
TSS,2019-06-01
TSS,2019-07-01
TSS,2019-08-01
TSS,2019-09-01
TUP,1996-06-01
TUP,1996-07-01
TUP,1996-08-01
TUP,1996-09-01
TUP,1996-10-01
TUP,1996-11-01
TUP,1996-12-01
TUP,1997-01-01
TUP,1997-02-01
TUP,1997-03-01
TUP,1997-04-01
TUP,1997-05-01
TUP,1997-06-01
TUP,1997-07-01
TUP,1997-08-01
TUP,1997-09-01
TUP,1997-10-01
TUP,1997-11-01
TUP,1997-12-01
TUP,1998-01-01
TUP,1998-02-01
TUP,1998-03-01
TUP,1998-04-01
TUP,1998-05-01
TUP,1998-06-01
TUP,1998-07-01
TUP,1998-08-01
TUP,1998-09-01
TUP,1998-10-01
TUP,1998-11-01
TUP,1998-12-01
TUP,1999-01-01
TUP,1999-02-01
TUP,1999-03-01
TUP,1999-04-01
TUP,1999-05-01
TUP,1999-06-01
TUP,1999-07-01
TUP,1999-08-01
TUP,1999-09-01
TUP,1999-10-01
TUP,1999-11-01
TUP,1999-12-01
TUP,2000-01-01
TUP,2000-02-01
TUP,2000-03-01
TUP,2000-04-01
TUP,2000-05-01
TUP,2000-06-01
TUP,2000-07-01
TUP,2000-08-01
TUP,2000-09-01
TUP,2000-10-01
TUP,2000-11-01
TUP,2000-12-01
TUP,2001-01-01
TUP,2001-02-01
TUP,2001-03-01
TUP,2001-04-01
TUP,2001-05-01
TUP,2001-06-01
TUP,2001-07-01
TUP,2001-08-01
TUP,2001-09-01
TUP,2001-10-01
TUP,2001-11-01
TUP,2001-12-01
TUP,2002-01-01
TUP,2002-02-01
TUP,2002-03-01
TUP,2002-04-01
TUP,2002-05-01
TUP,2002-06-01
TUP,2002-07-01
TUP,2002-08-01
TUP,2002-09-01
TUP,2002-10-01
TUP,2002-11-01
TUP,2002-12-01
TUP,2003-01-01
TUP,2003-02-01
TUP,2003-03-01
TUP,2003-04-01
TUP,2003-05-01
TUP,2003-06-01
TUP,2003-07-01
TUP,2003-08-01
TUP,2003-09-01
TUP,2003-10-01
TUP,2003-11-01
TUP,2003-12-01
TUP,2004-01-01
TUP,2004-02-01
TUP,2004-03-01
TWC,2009-04-01
TWC,2009-05-01
TWC,2009-06-01
TWC,2009-07-01
TWC,2009-08-01
TWC,2009-09-01
TWC,2009-10-01
TWC,2009-11-01
TWC,2009-12-01
TWC,2010-01-01
TWC,2010-02-01
TWC,2010-03-01
TWC,2010-04-01
TWC,2010-05-01
TWC,2010-06-01
TWC,2010-07-01
TWC,2010-08-01
TWC,2010-09-01
TWC,2010-10-01
TWC,2010-11-01
TWC,2010-12-01
TWC,2011-01-01
TWC,2011-02-01
TWC,2011-03-01
TWC,2011-04-01
TWC,2011-05-01
TWC,2011-06-01
TWC,2011-07-01
TWC,2011-08-01
TWC,2011-09-01
TWC,2011-10-01
TWC,2011-11-01
TWC,2011-12-01
TWC,2012-01-01
TWC,2012-02-01
TWC,2012-03-01
TWC,2012-04-01
TWC,2012-05-01
TWC,2012-06-01
TWC,2012-07-01
TWC,2012-08-01
TWC,2012-09-01
TWC,2012-10-01
TWC,2012-11-01
TWC,2012-12-01
TWC,2013-01-01
TWC,2013-02-01
TWC,2013-03-01
TWC,2013-04-01
TWC,2013-05-01
TWC,2013-06-01
TWC,2013-07-01
TWC,2013-08-01
TWC,2013-09-01
TWC,2013-10-01
TWC,2013-11-01
TWC,2013-12-01
TWC,2014-01-01
TWC,2014-02-01
TWC,2014-03-01
TWC,2014-04-01
TWC,2014-05-01
TWC,2014-06-01
TWC,2014-07-01
TWC,2014-08-01
TWC,2014-09-01
TWC,2014-10-01
TWC,2014-11-01
TWC,2014-12-01
TWC,2015-01-01
TWC,2015-02-01
TWC,2015-03-01
TWC,2015-04-01
TWC,2015-05-01
TWC,2015-06-01
TWC,2015-07-01
TWC,2015-08-01
TWC,2015-09-01
TWC,2015-10-01
TWC,2015-11-01
TWC,2015-12-01
TWC,2016-01-01
TWC,2016-02-01
TWC,2016-03-01
TWC,2016-04-01
TWC,2016-05-01
TWTR,2018-07-01
TWTR,2018-08-01
TWTR,2018-09-01
TWTR,2018-10-01
TWTR,2018-11-01
TWTR,2018-12-01
TWTR,2019-01-01
TWTR,2019-02-01
TWTR,2019-03-01
TWTR,2019-04-01
TWTR,2019-05-01
TWTR,2019-06-01
TWTR,2019-07-01
TWTR,2019-08-01
TWTR,2019-09-01
TWTR,2019-10-01
TWTR,2019-11-01
TWTR,2019-12-01
TWTR,2020-01-01
TWTR,2020-02-01
TWTR,2020-03-01
TWTR,2020-04-01
TWTR,2020-05-01
TWTR,2020-06-01
TWTR,2020-07-01
TWTR,2020-08-01
TWTR,2020-09-01
TWTR,2020-10-01
TWTR,2020-11-01
TWTR,2020-12-01
TWTR,2021-01-01
TWTR,2021-02-01
TWTR,2021-03-01
TWTR,2021-04-01
TWTR,2021-05-01
TWTR,2021-06-01
TWTR,2021-07-01
TWTR,2021-08-01
TWTR,2021-09-01
TWTR,2021-10-01
TWTR,2021-11-01
TWTR,2021-12-01
TWTR,2022-01-01
TWTR,2022-02-01
TWTR,2022-03-01
TWTR,2022-04-01
TWTR,2022-05-01
TWTR,2022-06-01
TWTR,2022-07-01
TWTR,2022-08-01
TWTR,2022-09-01
TWTR,2022-10-01
TX,1996-02-01
TX,1996-03-01
TX,1996-04-01
TX,1996-05-01
TX,1996-06-01
TX,1996-07-01
TX,1996-08-01
TX,1996-09-01
TX,1996-10-01
TX,1996-11-01
TX,1996-12-01
TX,1997-01-01
TX,1997-02-01
TX,1997-03-01
TX,1997-04-01
TX,1997-05-01
TX,1997-06-01
TX,1997-07-01
TX,1997-08-01
TX,1997-09-01
TX,1997-10-01
TX,1997-11-01
TX,1997-12-01
TX,1998-01-01
TX,1998-02-01
TX,1998-03-01
TX,1998-04-01
TX,1998-05-01
TX,1998-06-01
TX,1998-07-01
TX,1998-08-01
TX,1998-09-01
TX,1998-10-01
TX,1998-11-01
TX,1998-12-01
TX,1999-01-01
TX,1999-02-01
TX,1999-03-01
TX,1999-04-01
TX,1999-05-01
TX,1999-06-01
TX,1999-07-01
TX,1999-08-01
TX,1999-09-01
TX,1999-10-01
TX,1999-11-01
TX,1999-12-01
TX,2000-01-01
TX,2000-02-01
TX,2000-03-01
TX,2000-04-01
TX,2000-05-01
TX,2000-06-01
TX,2000-07-01
TX,2000-08-01
TX,2000-09-01
TX,2000-10-01
TX,2000-11-01
TX,2000-12-01
TX,2001-01-01
TX,2001-02-01
TX,2001-03-01
TX,2001-04-01
TX,2001-05-01
TX,2001-06-01
TX,2001-07-01
TX,2001-08-01
TX,2001-09-01
TX,2001-10-01
TXU,1996-02-01
TXU,1996-03-01
TXU,1996-04-01
TXU,1996-05-01
TXU,1996-06-01
TXU,1996-07-01
TXU,1996-08-01
TXU,1996-09-01
TXU,1996-10-01
TXU,1996-11-01
TXU,1996-12-01
TXU,1997-01-01
TXU,1997-02-01
TXU,1997-03-01
TXU,1997-04-01
TXU,1997-05-01
TXU,1997-06-01
TXU,1997-07-01
TXU,1997-08-01
TXU,1997-09-01
TXU,1997-10-01
TXU,1997-11-01
TXU,1997-12-01
TXU,1998-01-01
TXU,1998-02-01
TXU,1998-03-01
TXU,1998-04-01
TXU,1998-05-01
TXU,1998-06-01
TXU,1998-07-01
TXU,1998-08-01
TXU,1998-09-01
TXU,1998-10-01
TXU,1998-11-01
TXU,1998-12-01
TXU,1999-01-01
TXU,1999-02-01
TXU,1999-03-01
TXU,1999-04-01
TXU,1999-05-01
TXU,1999-06-01
TXU,1999-07-01
TXU,1999-08-01
TXU,1999-09-01
TXU,1999-10-01
TXU,1999-11-01
TXU,1999-12-01
TXU,2000-01-01
TXU,2000-02-01
TXU,2000-03-01
TXU,2000-04-01
TXU,2000-05-01
TXU,2000-06-01
TXU,2000-07-01
TXU,2000-08-01
TXU,2000-09-01
TXU,2000-10-01
TXU,2000-11-01
TXU,2000-12-01
TXU,2001-01-01
TXU,2001-02-01
TXU,2001-03-01
TXU,2001-04-01
TXU,2001-05-01
TXU,2001-06-01
TXU,2001-07-01
TXU,2001-08-01
TXU,2001-09-01
TXU,2001-10-01
TXU,2001-11-01
TXU,2001-12-01
TXU,2002-01-01
TXU,2002-02-01
TXU,2002-03-01
TXU,2002-04-01
TXU,2002-05-01
TXU,2002-06-01
TXU,2002-07-01
TXU,2002-08-01
TXU,2002-09-01
TXU,2002-10-01
TXU,2002-11-01
TXU,2002-12-01
TXU,2003-01-01
TXU,2003-02-01
TXU,2003-03-01
TXU,2003-04-01
TXU,2003-05-01
TXU,2003-06-01
TXU,2003-07-01
TXU,2003-08-01
TXU,2003-09-01
TXU,2003-10-01
TXU,2003-11-01
TXU,2003-12-01
TXU,2004-01-01
TXU,2004-02-01
TXU,2004-03-01
TXU,2004-04-01
TXU,2004-05-01
TXU,2004-06-01
TXU,2004-07-01
TXU,2004-08-01
TXU,2004-09-01
TXU,2004-10-01
TXU,2004-11-01
TXU,2004-12-01
TXU,2005-01-01
TXU,2005-02-01
TXU,2005-03-01
TXU,2005-04-01
TXU,2005-05-01
TXU,2005-06-01
TXU,2005-07-01
TXU,2005-08-01
TXU,2005-09-01
TXU,2005-10-01
TXU,2005-11-01
TXU,2005-12-01
TXU,2006-01-01
TXU,2006-02-01
TXU,2006-03-01
TXU,2006-04-01
TXU,2006-05-01
TXU,2006-06-01
TXU,2006-07-01
TXU,2006-08-01
TXU,2006-09-01
TXU,2006-10-01
TXU,2006-11-01
TXU,2006-12-01
TXU,2007-01-01
TXU,2007-02-01
TXU,2007-03-01
TXU,2007-04-01
TXU,2007-05-01
TXU,2007-06-01
TXU,2007-07-01
TXU,2007-08-01
TXU,2007-09-01
TXU,2007-10-01
UAWGQ,1996-02-01
UAWGQ,1996-03-01
UAWGQ,1996-04-01
UAWGQ,1996-05-01
UAWGQ,1996-06-01
UAWGQ,1996-07-01
UAWGQ,1996-08-01
UAWGQ,1996-09-01
UAWGQ,1996-10-01
UAWGQ,1996-11-01
UAWGQ,1996-12-01
UAWGQ,1997-01-01
UAWGQ,1997-02-01
UAWGQ,1997-03-01
UAWGQ,1997-04-01
UAWGQ,1997-05-01
UAWGQ,1997-06-01
UAWGQ,1997-07-01
UAWGQ,1997-08-01
UAWGQ,1997-09-01
UAWGQ,1997-10-01
UAWGQ,1997-11-01
UAWGQ,1997-12-01
UAWGQ,1998-01-01
UAWGQ,1998-02-01
UAWGQ,1998-03-01
UAWGQ,1998-04-01
UAWGQ,1998-05-01
UAWGQ,1998-06-01
UAWGQ,1998-07-01
UAWGQ,1998-08-01
UAWGQ,1998-09-01
UAWGQ,1998-10-01
UAWGQ,1998-11-01
UAWGQ,1998-12-01
UAWGQ,1999-01-01
UAWGQ,1999-02-01
UAWGQ,1999-03-01
UAWGQ,1999-04-01
UAWGQ,1999-05-01
UAWGQ,1999-06-01
UAWGQ,1999-07-01
UAWGQ,1999-08-01
UAWGQ,1999-09-01
UAWGQ,1999-10-01
UAWGQ,1999-11-01
UAWGQ,1999-12-01
UAWGQ,2000-01-01
UAWGQ,2000-02-01
UAWGQ,2000-03-01
UAWGQ,2000-04-01
UAWGQ,2000-05-01
UAWGQ,2000-06-01
UAWGQ,2000-07-01
UAWGQ,2000-08-01
UAWGQ,2000-09-01
UAWGQ,2000-10-01
UAWGQ,2000-11-01
UAWGQ,2000-12-01
UAWGQ,2001-01-01
UAWGQ,2001-02-01
UAWGQ,2001-03-01
UAWGQ,2001-04-01
UAWGQ,2001-05-01
UAWGQ,2001-06-01
UAWGQ,2001-07-01
UAWGQ,2001-08-01
UAWGQ,2001-09-01
UAWGQ,2001-10-01
UAWGQ,2001-11-01
UAWGQ,2001-12-01
UAWGQ,2002-01-01
UAWGQ,2002-02-01
UAWGQ,2002-03-01
UAWGQ,2002-04-01
UAWGQ,2002-05-01
UCC,1996-02-01
UCC,1996-03-01
UCC,1996-04-01
UCC,1996-05-01
UCC,1996-06-01
UCC,1996-07-01
UCC,1996-08-01
UCC,1996-09-01
UCC,1996-10-01
UCC,1996-11-01
UCC,1996-12-01
UCC,1997-01-01
UCC,1997-02-01
UCC,1997-03-01
UCC,1997-04-01
UCC,1997-05-01
UCC,1997-06-01
UCC,1997-07-01
UCC,1997-08-01
UCC,1997-09-01
UCC,1997-10-01
UCC,1997-11-01
UCC,1997-12-01
UCC,1998-01-01
UCC,1998-02-01
UCC,1998-03-01
UCC,1998-04-01
UCC,1998-05-01
UCC,1998-06-01
UCC,1998-07-01
UCC,1998-08-01
UCC,1998-09-01
UCC,1998-10-01
UCC,1998-11-01
UCC,1998-12-01
UCC,1999-01-01
UCC,1999-02-01
UCC,1999-03-01
UCC,1999-04-01
UCC,1999-05-01
UCL,1996-02-01
UCL,1996-03-01
UCL,1996-04-01
UCL,1996-05-01
UCL,1996-06-01
UCL,1996-07-01
UCL,1996-08-01
UCL,1996-09-01
UCL,1996-10-01
UCL,1996-11-01
UCL,1996-12-01
UCL,1997-01-01
UCL,1997-02-01
UCL,1997-03-01
UCL,1997-04-01
UCL,1997-05-01
UCL,1997-06-01
UCL,1997-07-01
UCL,1997-08-01
UCL,1997-09-01
UCL,1997-10-01
UCL,1997-11-01
UCL,1997-12-01
UCL,1998-01-01
UCL,1998-02-01
UCL,1998-03-01
UCL,1998-04-01
UCL,1998-05-01
UCL,1998-06-01
UCL,1998-07-01
UCL,1998-08-01
UCL,1998-09-01
UCL,1998-10-01
UCL,1998-11-01
UCL,1998-12-01
UCL,1999-01-01
UCL,1999-02-01
UCL,1999-03-01
UCL,1999-04-01
UCL,1999-05-01
UCL,1999-06-01
UCL,1999-07-01
UCL,1999-08-01
UCL,1999-09-01
UCL,1999-10-01
UCL,1999-11-01
UCL,1999-12-01
UCL,2000-01-01
UCL,2000-02-01
UCL,2000-03-01
UCL,2000-04-01
UCL,2000-05-01
UCL,2000-06-01
UCL,2000-07-01
UCL,2000-08-01
UCL,2000-09-01
UCL,2000-10-01
UCL,2000-11-01
UCL,2000-12-01
UCL,2001-01-01
UCL,2001-02-01
UCL,2001-03-01
UCL,2001-04-01
UCL,2001-05-01
UCL,2001-06-01
UCL,2001-07-01
UCL,2001-08-01
UCL,2001-09-01
UCL,2001-10-01
UCL,2001-11-01
UCL,2001-12-01
UCL,2002-01-01
UCL,2002-02-01
UCL,2002-03-01
UCL,2002-04-01
UCL,2002-05-01
UCL,2002-06-01
UCL,2002-07-01
UCL,2002-08-01
UCL,2002-09-01
UCL,2002-10-01
UCL,2002-11-01
UCL,2002-12-01
UCL,2003-01-01
UCL,2003-02-01
UCL,2003-03-01
UCL,2003-04-01
UCL,2003-05-01
UCL,2003-06-01
UCL,2003-07-01
UCL,2003-08-01
UCL,2003-09-01
UCL,2003-10-01
UCL,2003-11-01
UCL,2003-12-01
UCL,2004-01-01
UCL,2004-02-01
UCL,2004-03-01
UCL,2004-04-01
UCL,2004-05-01
UCL,2004-06-01
UCL,2004-07-01
UCL,2004-08-01
UCL,2004-09-01
UCL,2004-10-01
UCL,2004-11-01
UCL,2004-12-01
UCL,2005-01-01
UCL,2005-02-01
UCL,2005-03-01
UCL,2005-04-01
UCL,2005-05-01
UCL,2005-06-01
UCL,2005-07-01
UCL,2005-08-01
UCM,1996-02-01
UCM,1996-03-01
UCM,1996-04-01
UCM,1996-05-01
UCM,1996-06-01
UCM,1996-07-01
UCM,1996-08-01
UCM,1996-09-01
UCM,1996-10-01
UCM,1996-11-01
UCM,1996-12-01
UCM,1997-01-01
UCM,1997-02-01
UCM,1997-03-01
UCM,1997-04-01
UCM,1997-05-01
UCM,1997-06-01
UCM,1997-07-01
UCM,1997-08-01
UCM,1997-09-01
UCM,1997-10-01
UCM,1997-11-01
UCM,1997-12-01
UCM,1998-01-01
UCM,1998-02-01
UCM,1998-03-01
UCM,1998-04-01
UCM,1998-05-01
UCM,1998-06-01
UCM,1998-07-01
UCM,1998-08-01
UCM,1998-09-01
UCM,1998-10-01
UCM,1998-11-01
UCM,1998-12-01
UCM,1999-01-01
UCM,1999-02-01
UCM,1999-03-01
UCM,1999-04-01
UCM,1999-05-01
UCM,1999-06-01
UCM,1999-07-01
UCM,1999-08-01
UCM,1999-09-01
UCM,1999-10-01
UCM,1999-11-01
UCM,1999-12-01
UCM,2000-01-01
UCM,2000-02-01
UCM,2000-03-01
UCM,2000-04-01
UCM,2000-05-01
UCM,2000-06-01
UCM,2000-07-01
UCM,2000-08-01
UCM,2000-09-01
UCM,2000-10-01
UK,1996-02-01
UK,1996-03-01
UK,1996-04-01
UK,1996-05-01
UK,1996-06-01
UK,1996-07-01
UK,1996-08-01
UK,1996-09-01
UK,1996-10-01
UK,1996-11-01
UK,1996-12-01
UK,1997-01-01
UK,1997-02-01
UK,1997-03-01
UK,1997-04-01
UK,1997-05-01
UK,1997-06-01
UK,1997-07-01
UK,1997-08-01
UK,1997-09-01
UK,1997-10-01
UK,1997-11-01
UK,1997-12-01
UK,1998-01-01
UK,1998-02-01
UK,1998-03-01
UK,1998-04-01
UK,1998-05-01
UK,1998-06-01
UK,1998-07-01
UK,1998-08-01
UK,1998-09-01
UK,1998-10-01
UK,1998-11-01
UK,1998-12-01
UK,1999-01-01
UK,1999-02-01
UK,1999-03-01
UK,1999-04-01
UK,1999-05-01
UK,1999-06-01
UK,1999-07-01
UK,1999-08-01
UK,1999-09-01
UK,1999-10-01
UK,1999-11-01
UK,1999-12-01
UK,2000-01-01
UK,2000-02-01
UK,2000-03-01
UK,2000-04-01
UK,2000-05-01
UK,2000-06-01
UK,2000-07-01
UK,2000-08-01
UK,2000-09-01
UK,2000-10-01
UK,2000-11-01
UK,2000-12-01
UK,2001-01-01
UK,2001-02-01
UMG,1996-02-01
UMG,1996-03-01
UMG,1996-04-01
UMG,1996-05-01
UMG,1996-06-01
UMG,1996-07-01
UMG,1996-08-01
UMG,1996-09-01
UMG,1996-10-01
UMG,1996-11-01
UMG,1996-12-01
UMG,1997-01-01
UMG,1997-02-01
UMG,1997-03-01
UMG,1997-04-01
UMG,1997-05-01
UMG,1997-06-01
UMG,1997-07-01
UMG,1997-08-01
UMG,1997-09-01
UMG,1997-10-01
UMG,1997-11-01
UMG,1997-12-01
UMG,1998-01-01
UMG,1998-02-01
UMG,1998-03-01
UMG,1998-04-01
UMG,1998-05-01
UMG,1998-06-01
UMG,1998-07-01
UMG,1998-08-01
UMG,1998-09-01
UMG,1998-10-01
UMG,1998-11-01
UMG,1998-12-01
UMG,1999-01-01
UMG,1999-02-01
UMG,1999-03-01
UMG,1999-04-01
UMG,1999-05-01
UMG,1999-06-01
UMG,1999-07-01
UMG,1999-08-01
UMG,1999-09-01
UMG,1999-10-01
UMG,1999-11-01
UMG,1999-12-01
UMG,2000-01-01
UMG,2000-02-01
UMG,2000-03-01
UMG,2000-04-01
UMG,2000-05-01
UMG,2000-06-01
UN,1996-02-01
UN,1996-03-01
UN,1996-04-01
UN,1996-05-01
UN,1996-06-01
UN,1996-07-01
UN,1996-08-01
UN,1996-09-01
UN,1996-10-01
UN,1996-11-01
UN,1996-12-01
UN,1997-01-01
UN,1997-02-01
UN,1997-03-01
UN,1997-04-01
UN,1997-05-01
UN,1997-06-01
UN,1997-07-01
UN,1997-08-01
UN,1997-09-01
UN,1997-10-01
UN,1997-11-01
UN,1997-12-01
UN,1998-01-01
UN,1998-02-01
UN,1998-03-01
UN,1998-04-01
UN,1998-05-01
UN,1998-06-01
UN,1998-07-01
UN,1998-08-01
UN,1998-09-01
UN,1998-10-01
UN,1998-11-01
UN,1998-12-01
UN,1999-01-01
UN,1999-02-01
UN,1999-03-01
UN,1999-04-01
UN,1999-05-01
UN,1999-06-01
UN,1999-07-01
UN,1999-08-01
UN,1999-09-01
UN,1999-10-01
UN,1999-11-01
UN,1999-12-01
UN,2000-01-01
UN,2000-02-01
UN,2000-03-01
UN,2000-04-01
UN,2000-05-01
UN,2000-06-01
UN,2000-07-01
UN,2000-08-01
UN,2000-09-01
UN,2000-10-01
UN,2000-11-01
UN,2000-12-01
UN,2001-01-01
UN,2001-02-01
UN,2001-03-01
UN,2001-04-01
UN,2001-05-01
UN,2001-06-01
UN,2001-07-01
UN,2001-08-01
UN,2001-09-01
UN,2001-10-01
UN,2001-11-01
UN,2001-12-01
UN,2002-01-01
UN,2002-02-01
UN,2002-03-01
UN,2002-04-01
UN,2002-05-01
UN,2002-06-01
UN,2002-07-01
UPC,1998-10-01
UPC,1998-11-01
UPC,1998-12-01
UPC,1999-01-01
UPC,1999-02-01
UPC,1999-03-01
UPC,1999-04-01
UPC,1999-05-01
UPC,1999-06-01
UPC,1999-07-01
UPC,1999-08-01
UPC,1999-09-01
UPC,1999-10-01
UPC,1999-11-01
UPC,1999-12-01
UPC,2000-01-01
UPC,2000-02-01
UPC,2000-03-01
UPC,2000-04-01
UPC,2000-05-01
UPC,2000-06-01
UPC,2000-07-01
UPC,2000-08-01
UPC,2000-09-01
UPC,2000-10-01
UPC,2000-11-01
UPC,2000-12-01
UPC,2001-01-01
UPC,2001-02-01
UPC,2001-03-01
UPC,2001-04-01
UPC,2001-05-01
UPC,2001-06-01
UPC,2001-07-01
UPC,2001-08-01
UPC,2001-09-01
UPC,2001-10-01
UPC,2001-11-01
UPC,2001-12-01
UPC,2002-01-01
UPC,2002-02-01
UPC,2002-03-01
UPC,2002-04-01
UPC,2002-05-01
UPC,2002-06-01
UPC,2002-07-01
UPC,2002-08-01
UPC,2002-09-01
UPC,2002-10-01
UPC,2002-11-01
UPC,2002-12-01
UPC,2003-01-01
UPC,2003-02-01
UPC,2003-03-01
UPC,2003-04-01
UPC,2003-05-01
UPC,2003-06-01
UPC,2003-07-01
UPC,2003-08-01
UPC,2003-09-01
UPC,2003-10-01
UPC,2003-11-01
UPC,2003-12-01
UPC,2004-01-01
UPC,2004-02-01
UPC,2004-03-01
UPC,2004-04-01
UPC,2004-05-01
UPC,2004-06-01
UPR,1996-11-01
UPR,1996-12-01
UPR,1997-01-01
UPR,1997-02-01
UPR,1997-03-01
UPR,1997-04-01
UPR,1997-05-01
UPR,1997-06-01
UPR,1997-07-01
UPR,1997-08-01
UPR,1997-09-01
UPR,1997-10-01
UPR,1997-11-01
UPR,1997-12-01
UPR,1998-01-01
UPR,1998-02-01
UPR,1998-03-01
UPR,1998-04-01
UPR,1998-05-01
UPR,1998-06-01
UPR,1998-07-01
UPR,1998-08-01
UPR,1998-09-01
UPR,1998-10-01
UPR,1998-11-01
UPR,1998-12-01
UPR,1999-01-01
UPR,1999-02-01
UPR,1999-03-01
UPR,1999-04-01
UPR,1999-05-01
UPR,1999-06-01
UPR,1999-07-01
UPR,1999-08-01
UPR,1999-09-01
UPR,1999-10-01
UPR,1999-11-01
UPR,1999-12-01
UPR,2000-01-01
UPR,2000-02-01
UPR,2000-03-01
UPR,2000-04-01
UPR,2000-05-01
UPR,2000-06-01
UPR,2000-07-01
USBC,1996-02-01
USBC,1996-03-01
USBC,1996-04-01
USBC,1996-05-01
USBC,1996-06-01
USBC,1996-07-01
USBC,1996-08-01
USBC,1996-09-01
USBC,1996-10-01
USBC,1996-11-01
USBC,1996-12-01
USBC,1997-01-01
USBC,1997-02-01
USBC,1997-03-01
USBC,1997-04-01
USBC,1997-05-01
USBC,1997-06-01
USBC,1997-07-01
USBC,1997-08-01
USH,1996-02-01
USH,1996-03-01
USH,1996-04-01
USH,1996-05-01
USH,1996-06-01
USH,1996-07-01
USH,1996-08-01
USH,1996-09-01
USH,1996-10-01
USH,1996-11-01
USH,1996-12-01
USH,1997-01-01
USH,1997-02-01
USH,1997-03-01
USH,1997-04-01
USH,1997-05-01
USH,1997-06-01
USHC,1996-02-01
USHC,1996-03-01
USHC,1996-04-01
USHC,1996-05-01
USHC,1996-06-01
USHC,1996-07-01
USS,1996-02-01
USS,1996-03-01
USS,1996-04-01
USS,1996-05-01
USS,1996-06-01
USS,1996-07-01
USS,1996-08-01
USS,1996-09-01
USS,1996-10-01
USS,1996-11-01
USS,1996-12-01
USS,1997-01-01
USS,1997-02-01
USS,1997-03-01
USS,1997-04-01
USS,1997-05-01
USS,1997-06-01
USS,1997-07-01
USS,1997-08-01
USS,1997-09-01
USS,1997-10-01
USS,1997-11-01
USS,1997-12-01
USS,1998-01-01
USS,1998-02-01
USS,1998-03-01
USS,1998-04-01
USS,1998-05-01
USS,1998-06-01
USS,1998-07-01
USS,1998-08-01
USS,1998-09-01
USS,1998-10-01
UST,1996-02-01
UST,1996-03-01
UST,1996-04-01
UST,1996-05-01
UST,1996-06-01
UST,1996-07-01
UST,1996-08-01
UST,1996-09-01
UST,1996-10-01
UST,1996-11-01
UST,1996-12-01
UST,1997-01-01
UST,1997-02-01
UST,1997-03-01
UST,1997-04-01
UST,1997-05-01
UST,1997-06-01
UST,1997-07-01
UST,1997-08-01
UST,1997-09-01
UST,1997-10-01
UST,1997-11-01
UST,1997-12-01
UST,1998-01-01
UST,1998-02-01
UST,1998-03-01
UST,1998-04-01
UST,1998-05-01
UST,1998-06-01
UST,1998-07-01
UST,1998-08-01
UST,1998-09-01
UST,1998-10-01
UST,1998-11-01
UST,1998-12-01
UST,1999-01-01
UST,1999-02-01
UST,1999-03-01
UST,1999-04-01
UST,1999-05-01
UST,1999-06-01
UST,1999-07-01
UST,1999-08-01
UST,1999-09-01
UST,1999-10-01
UST,1999-11-01
UST,1999-12-01
UST,2000-01-01
UST,2000-02-01
UST,2000-03-01
UST,2000-04-01
UST,2000-05-01
UST,2000-06-01
UST,2000-07-01
UST,2000-08-01
UST,2000-09-01
UST,2000-10-01
UST,2000-11-01
UST,2000-12-01
UST,2001-01-01
UST,2001-02-01
UST,2001-03-01
UST,2001-04-01
UST,2001-05-01
UST,2001-06-01
UST,2001-07-01
UST,2001-08-01
UST,2001-09-01
UST,2001-10-01
UST,2001-11-01
UST,2001-12-01
UST,2002-01-01
UST,2002-02-01
UST,2002-03-01
UST,2002-04-01
UST,2002-05-01
UST,2002-06-01
UST,2002-07-01
UST,2002-08-01
UST,2002-09-01
UST,2002-10-01
UST,2002-11-01
UST,2002-12-01
UST,2003-01-01
UST,2003-02-01
UST,2003-03-01
UST,2003-04-01
UST,2003-05-01
UST,2003-06-01
UST,2003-07-01
UST,2003-08-01
UST,2003-09-01
UST,2003-10-01
UST,2003-11-01
UST,2003-12-01
UST,2004-01-01
UST,2004-02-01
UST,2004-03-01
UST,2004-04-01
UST,2004-05-01
UST,2004-06-01
UST,2004-07-01
UST,2004-08-01
UST,2004-09-01
UST,2004-10-01
UST,2004-11-01
UST,2004-12-01
UST,2005-01-01
UST,2005-02-01
UST,2005-03-01
UST,2005-04-01
UST,2005-05-01
UST,2005-06-01
UST,2005-07-01
UST,2005-08-01
UST,2005-09-01
UST,2005-10-01
UST,2005-11-01
UST,2005-12-01
UST,2006-01-01
UST,2006-02-01
UST,2006-03-01
UST,2006-04-01
UST,2006-05-01
UST,2006-06-01
UST,2006-07-01
UST,2006-08-01
UST,2006-09-01
UST,2006-10-01
UST,2006-11-01
UST,2006-12-01
UST,2007-01-01
UST,2007-02-01
UST,2007-03-01
UST,2007-04-01
UST,2007-05-01
UST,2007-06-01
UST,2007-07-01
UST,2007-08-01
UST,2007-09-01
UST,2007-10-01
UST,2007-11-01
UST,2007-12-01
UST,2008-01-01
UST,2008-02-01
UST,2008-03-01
UST,2008-04-01
UST,2008-05-01
UST,2008-06-01
UST,2008-07-01
UST,2008-08-01
UST,2008-09-01
UST,2008-10-01
UST,2008-11-01
UST,2008-12-01
UST,2009-01-01
USW,1996-02-01
USW,1996-03-01
USW,1996-04-01
USW,1996-05-01
USW,1996-06-01
USW,1996-07-01
USW,1996-08-01
USW,1996-09-01
USW,1996-10-01
USW,1996-11-01
USW,1996-12-01
USW,1997-01-01
USW,1997-02-01
USW,1997-03-01
USW,1997-04-01
USW,1997-05-01
USW,1997-06-01
USW,1997-07-01
USW,1997-08-01
USW,1997-09-01
USW,1997-10-01
USW,1997-11-01
USW,1997-12-01
USW,1998-01-01
USW,1998-02-01
USW,1998-03-01
USW,1998-04-01
USW,1998-05-01
USW,1998-06-01
USW,1998-07-01
USW,1998-08-01
USW,1998-09-01
USW,1998-10-01
USW,1998-11-01
USW,1998-12-01
USW,1999-01-01
USW,1999-02-01
USW,1999-03-01
USW,1999-04-01
USW,1999-05-01
USW,1999-06-01
USW,1999-07-01
USW,1999-08-01
USW,1999-09-01
USW,1999-10-01
USW,1999-11-01
USW,1999-12-01
USW,2000-01-01
USW,2000-02-01
USW,2000-03-01
USW,2000-04-01
USW,2000-05-01
USW,2000-06-01
USW,2000-07-01
UTX,1996-02-01
UTX,1996-03-01
UTX,1996-04-01
UTX,1996-05-01
UTX,1996-06-01
UTX,1996-07-01
UTX,1996-08-01
UTX,1996-09-01
UTX,1996-10-01
UTX,1996-11-01
UTX,1996-12-01
UTX,1997-01-01
UTX,1997-02-01
UTX,1997-03-01
UTX,1997-04-01
UTX,1997-05-01
UTX,1997-06-01
UTX,1997-07-01
UTX,1997-08-01
UTX,1997-09-01
UTX,1997-10-01
UTX,1997-11-01
UTX,1997-12-01
UTX,1998-01-01
UTX,1998-02-01
UTX,1998-03-01
UTX,1998-04-01
UTX,1998-05-01
UTX,1998-06-01
UTX,1998-07-01
UTX,1998-08-01
UTX,1998-09-01
UTX,1998-10-01
UTX,1998-11-01
UTX,1998-12-01
UTX,1999-01-01
UTX,1999-02-01
UTX,1999-03-01
UTX,1999-04-01
UTX,1999-05-01
UTX,1999-06-01
UTX,1999-07-01
UTX,1999-08-01
UTX,1999-09-01
UTX,1999-10-01
UTX,1999-11-01
UTX,1999-12-01
UTX,2000-01-01
UTX,2000-02-01
UTX,2000-03-01
UTX,2000-04-01
UTX,2000-05-01
UTX,2000-06-01
UTX,2000-07-01
UTX,2000-08-01
UTX,2000-09-01
UTX,2000-10-01
UTX,2000-11-01
UTX,2000-12-01
UTX,2001-01-01
UTX,2001-02-01
UTX,2001-03-01
UTX,2001-04-01
UTX,2001-05-01
UTX,2001-06-01
UTX,2001-07-01
UTX,2001-08-01
UTX,2001-09-01
UTX,2001-10-01
UTX,2001-11-01
UTX,2001-12-01
UTX,2002-01-01
UTX,2002-02-01
UTX,2002-03-01
UTX,2002-04-01
UTX,2002-05-01
UTX,2002-06-01
UTX,2002-07-01
UTX,2002-08-01
UTX,2002-09-01
UTX,2002-10-01
UTX,2002-11-01
UTX,2002-12-01
UTX,2003-01-01
UTX,2003-02-01
UTX,2003-03-01
UTX,2003-04-01
UTX,2003-05-01
UTX,2003-06-01
UTX,2003-07-01
UTX,2003-08-01
UTX,2003-09-01
UTX,2003-10-01
UTX,2003-11-01
UTX,2003-12-01
UTX,2004-01-01
UTX,2004-02-01
UTX,2004-03-01
UTX,2004-04-01
UTX,2004-05-01
UTX,2004-06-01
UTX,2004-07-01
UTX,2004-08-01
UTX,2004-09-01
UTX,2004-10-01
UTX,2004-11-01
UTX,2004-12-01
UTX,2005-01-01
UTX,2005-02-01
UTX,2005-03-01
UTX,2005-04-01
UTX,2005-05-01
UTX,2005-06-01
UTX,2005-07-01
UTX,2005-08-01
UTX,2005-09-01
UTX,2005-10-01
UTX,2005-11-01
UTX,2005-12-01
UTX,2006-01-01
UTX,2006-02-01
UTX,2006-03-01
UTX,2006-04-01
UTX,2006-05-01
UTX,2006-06-01
UTX,2006-07-01
UTX,2006-08-01
UTX,2006-09-01
UTX,2006-10-01
UTX,2006-11-01
UTX,2006-12-01
UTX,2007-01-01
UTX,2007-02-01
UTX,2007-03-01
UTX,2007-04-01
UTX,2007-05-01
UTX,2007-06-01
UTX,2007-07-01
UTX,2007-08-01
UTX,2007-09-01
UTX,2007-10-01
UTX,2007-11-01
UTX,2007-12-01
UTX,2008-01-01
UTX,2008-02-01
UTX,2008-03-01
UTX,2008-04-01
UTX,2008-05-01
UTX,2008-06-01
UTX,2008-07-01
UTX,2008-08-01
UTX,2008-09-01
UTX,2008-10-01
UTX,2008-11-01
UTX,2008-12-01
UTX,2009-01-01
UTX,2009-02-01
UTX,2009-03-01
UTX,2009-04-01
UTX,2009-05-01
UTX,2009-06-01
UTX,2009-07-01
UTX,2009-08-01
UTX,2009-09-01
UTX,2009-10-01
UTX,2009-11-01
UTX,2009-12-01
UTX,2010-01-01
UTX,2010-02-01
UTX,2010-03-01
UTX,2010-04-01
UTX,2010-05-01
UTX,2010-06-01
UTX,2010-07-01
UTX,2010-08-01
UTX,2010-09-01
UTX,2010-10-01
UTX,2010-11-01
UTX,2010-12-01
UTX,2011-01-01
UTX,2011-02-01
UTX,2011-03-01
UTX,2011-04-01
UTX,2011-05-01
UTX,2011-06-01
UTX,2011-07-01
UTX,2011-08-01
UTX,2011-09-01
UTX,2011-10-01
UTX,2011-11-01
UTX,2011-12-01
UTX,2012-01-01
UTX,2012-02-01
UTX,2012-03-01
UTX,2012-04-01
UTX,2012-05-01
UTX,2012-06-01
UTX,2012-07-01
UTX,2012-08-01
UTX,2012-09-01
UTX,2012-10-01
UTX,2012-11-01
UTX,2012-12-01
UTX,2013-01-01
UTX,2013-02-01
UTX,2013-03-01
UTX,2013-04-01
UTX,2013-05-01
UTX,2013-06-01
UTX,2013-07-01
UTX,2013-08-01
UTX,2013-09-01
UTX,2013-10-01
UTX,2013-11-01
UTX,2013-12-01
UTX,2014-01-01
UTX,2014-02-01
UTX,2014-03-01
UTX,2014-04-01
UTX,2014-05-01
UTX,2014-06-01
UTX,2014-07-01
UTX,2014-08-01
UTX,2014-09-01
UTX,2014-10-01
UTX,2014-11-01
UTX,2014-12-01
UTX,2015-01-01
UTX,2015-02-01
UTX,2015-03-01
UTX,2015-04-01
UTX,2015-05-01
UTX,2015-06-01
UTX,2015-07-01
UTX,2015-08-01
UTX,2015-09-01
UTX,2015-10-01
UTX,2015-11-01
UTX,2015-12-01
UTX,2016-01-01
UTX,2016-02-01
UTX,2016-03-01
UTX,2016-04-01
UTX,2016-05-01
UTX,2016-06-01
UTX,2016-07-01
UTX,2016-08-01
UTX,2016-09-01
UTX,2016-10-01
UTX,2016-11-01
UTX,2016-12-01
UTX,2017-01-01
UTX,2017-02-01
UTX,2017-03-01
UTX,2017-04-01
UTX,2017-05-01
UTX,2017-06-01
UTX,2017-07-01
UTX,2017-08-01
UTX,2017-09-01
UTX,2017-10-01
UTX,2017-11-01
UTX,2017-12-01
UTX,2018-01-01
UTX,2018-02-01
UTX,2018-03-01
UTX,2018-04-01
UTX,2018-05-01
UTX,2018-06-01
UTX,2018-07-01
UTX,2018-08-01
UTX,2018-09-01
UTX,2018-10-01
UTX,2018-11-01
UTX,2018-12-01
UTX,2019-01-01
UTX,2019-02-01
UTX,2019-03-01
UTX,2019-04-01
UTX,2019-05-01
UTX,2019-06-01
UTX,2019-07-01
UTX,2019-08-01
UTX,2019-09-01
UTX,2019-10-01
UTX,2019-11-01
UTX,2019-12-01
UTX,2020-01-01
UTX,2020-02-01
UTX,2020-03-01
UTX,2020-04-01
VAR,2007-03-01
VAR,2007-04-01
VAR,2007-05-01
VAR,2007-06-01
VAR,2007-07-01
VAR,2007-08-01
VAR,2007-09-01
VAR,2007-10-01
VAR,2007-11-01
VAR,2007-12-01
VAR,2008-01-01
VAR,2008-02-01
VAR,2008-03-01
VAR,2008-04-01
VAR,2008-05-01
VAR,2008-06-01
VAR,2008-07-01
VAR,2008-08-01
VAR,2008-09-01
VAR,2008-10-01
VAR,2008-11-01
VAR,2008-12-01
VAR,2009-01-01
VAR,2009-02-01
VAR,2009-03-01
VAR,2009-04-01
VAR,2009-05-01
VAR,2009-06-01
VAR,2009-07-01
VAR,2009-08-01
VAR,2009-09-01
VAR,2009-10-01
VAR,2009-11-01
VAR,2009-12-01
VAR,2010-01-01
VAR,2010-02-01
VAR,2010-03-01
VAR,2010-04-01
VAR,2010-05-01
VAR,2010-06-01
VAR,2010-07-01
VAR,2010-08-01
VAR,2010-09-01
VAR,2010-10-01
VAR,2010-11-01
VAR,2010-12-01
VAR,2011-01-01
VAR,2011-02-01
VAR,2011-03-01
VAR,2011-04-01
VAR,2011-05-01
VAR,2011-06-01
VAR,2011-07-01
VAR,2011-08-01
VAR,2011-09-01
VAR,2011-10-01
VAR,2011-11-01
VAR,2011-12-01
VAR,2012-01-01
VAR,2012-02-01
VAR,2012-03-01
VAR,2012-04-01
VAR,2012-05-01
VAR,2012-06-01
VAR,2012-07-01
VAR,2012-08-01
VAR,2012-09-01
VAR,2012-10-01
VAR,2012-11-01
VAR,2012-12-01
VAR,2013-01-01
VAR,2013-02-01
VAR,2013-03-01
VAR,2013-04-01
VAR,2013-05-01
VAR,2013-06-01
VAR,2013-07-01
VAR,2013-08-01
VAR,2013-09-01
VAR,2013-10-01
VAR,2013-11-01
VAR,2013-12-01
VAR,2014-01-01
VAR,2014-02-01
VAR,2014-03-01
VAR,2014-04-01
VAR,2014-05-01
VAR,2014-06-01
VAR,2014-07-01
VAR,2014-08-01
VAR,2014-09-01
VAR,2014-10-01
VAR,2014-11-01
VAR,2014-12-01
VAR,2015-01-01
VAR,2015-02-01
VAR,2015-03-01
VAR,2015-04-01
VAR,2015-05-01
VAR,2015-06-01
VAR,2015-07-01
VAR,2015-08-01
VAR,2015-09-01
VAR,2015-10-01
VAR,2015-11-01
VAR,2015-12-01
VAR,2016-01-01
VAR,2016-02-01
VAR,2016-03-01
VAR,2016-04-01
VAR,2016-05-01
VAR,2016-06-01
VAR,2016-07-01
VAR,2016-08-01
VAR,2016-09-01
VAR,2016-10-01
VAR,2016-11-01
VAR,2016-12-01
VAR,2017-01-01
VAR,2017-02-01
VAR,2017-03-01
VAR,2017-04-01
VAR,2017-05-01
VAR,2017-06-01
VAR,2017-07-01
VAR,2017-08-01
VAR,2017-09-01
VAR,2017-10-01
VAR,2017-11-01
VAR,2017-12-01
VAR,2018-01-01
VAR,2018-02-01
VAR,2018-03-01
VAR,2018-04-01
VAR,2018-05-01
VAR,2018-06-01
VAR,2018-07-01
VAR,2018-08-01
VAR,2018-09-01
VAR,2018-10-01
VAR,2018-11-01
VAR,2018-12-01
VAR,2019-01-01
VAR,2019-02-01
VAR,2019-03-01
VAR,2019-04-01
VAR,2019-05-01
VAR,2019-06-01
VAR,2019-07-01
VAR,2019-08-01
VAR,2019-09-01
VAR,2019-10-01
VAR,2019-11-01
VAR,2019-12-01
VAR,2020-01-01
VAR,2020-02-01
VAR,2020-03-01
VAR,2020-04-01
VAR,2020-05-01
VAR,2020-06-01
VAR,2020-07-01
VAR,2020-08-01
VAR,2020-09-01
VAR,2020-10-01
VAR,2020-11-01
VAR,2020-12-01
VAR,2021-01-01
VAR,2021-02-01
VAR,2021-03-01
VAR,2021-04-01
VAT,1996-02-01
VAT,1996-03-01
VAT,1996-04-01
VAT,1996-05-01
VAT,1996-06-01
VAT,1996-07-01
VAT,1996-08-01
VAT,1996-09-01
VIAB,2006-02-01
VIAB,2006-03-01
VIAB,2006-04-01
VIAB,2006-05-01
VIAB,2006-06-01
VIAB,2006-07-01
VIAB,2006-08-01
VIAB,2006-09-01
VIAB,2006-10-01
VIAB,2006-11-01
VIAB,2006-12-01
VIAB,2007-01-01
VIAB,2007-02-01
VIAB,2007-03-01
VIAB,2007-04-01
VIAB,2007-05-01
VIAB,2007-06-01
VIAB,2007-07-01
VIAB,2007-08-01
VIAB,2007-09-01
VIAB,2007-10-01
VIAB,2007-11-01
VIAB,2007-12-01
VIAB,2008-01-01
VIAB,2008-02-01
VIAB,2008-03-01
VIAB,2008-04-01
VIAB,2008-05-01
VIAB,2008-06-01
VIAB,2008-07-01
VIAB,2008-08-01
VIAB,2008-09-01
VIAB,2008-10-01
VIAB,2008-11-01
VIAB,2008-12-01
VIAB,2009-01-01
VIAB,2009-02-01
VIAB,2009-03-01
VIAB,2009-04-01
VIAB,2009-05-01
VIAB,2009-06-01
VIAB,2009-07-01
VIAB,2009-08-01
VIAB,2009-09-01
VIAB,2009-10-01
VIAB,2009-11-01
VIAB,2009-12-01
VIAB,2010-01-01
VIAB,2010-02-01
VIAB,2010-03-01
VIAB,2010-04-01
VIAB,2010-05-01
VIAB,2010-06-01
VIAB,2010-07-01
VIAB,2010-08-01
VIAB,2010-09-01
VIAB,2010-10-01
VIAB,2010-11-01
VIAB,2010-12-01
VIAB,2011-01-01
VIAB,2011-02-01
VIAB,2011-03-01
VIAB,2011-04-01
VIAB,2011-05-01
VIAB,2011-06-01
VIAB,2011-07-01
VIAB,2011-08-01
VIAB,2011-09-01
VIAB,2011-10-01
VIAB,2011-11-01
VIAB,2011-12-01
VIAB,2012-01-01
VIAB,2012-02-01
VIAB,2012-03-01
VIAB,2012-04-01
VIAB,2012-05-01
VIAB,2012-06-01
VIAB,2012-07-01
VIAB,2012-08-01
VIAB,2012-09-01
VIAB,2012-10-01
VIAB,2012-11-01
VIAB,2012-12-01
VIAB,2013-01-01
VIAB,2013-02-01
VIAB,2013-03-01
VIAB,2013-04-01
VIAB,2013-05-01
VIAB,2013-06-01
VIAB,2013-07-01
VIAB,2013-08-01
VIAB,2013-09-01
VIAB,2013-10-01
VIAB,2013-11-01
VIAB,2013-12-01
VIAB,2014-01-01
VIAB,2014-02-01
VIAB,2014-03-01
VIAB,2014-04-01
VIAB,2014-05-01
VIAB,2014-06-01
VIAB,2014-07-01
VIAB,2014-08-01
VIAB,2014-09-01
VIAB,2014-10-01
VIAB,2014-11-01
VIAB,2014-12-01
VIAB,2015-01-01
VIAB,2015-02-01
VIAB,2015-03-01
VIAB,2015-04-01
VIAB,2015-05-01
VIAB,2015-06-01
VIAB,2015-07-01
VIAB,2015-08-01
VIAB,2015-09-01
VIAB,2015-10-01
VIAB,2015-11-01
VIAB,2015-12-01
VIAB,2016-01-01
VIAB,2016-02-01
VIAB,2016-03-01
VIAB,2016-04-01
VIAB,2016-05-01
VIAB,2016-06-01
VIAB,2016-07-01
VIAB,2016-08-01
VIAB,2016-09-01
VIAB,2016-10-01
VIAB,2016-11-01
VIAB,2016-12-01
VIAB,2017-01-01
VIAB,2017-02-01
VIAB,2017-03-01
VIAB,2017-04-01
VIAB,2017-05-01
VIAB,2017-06-01
VIAB,2017-07-01
VIAB,2017-08-01
VIAB,2017-09-01
VIAB,2017-10-01
VIAB,2017-11-01
VIAB,2017-12-01
VIAB,2018-01-01
VIAB,2018-02-01
VIAB,2018-03-01
VIAB,2018-04-01
VIAB,2018-05-01
VIAB,2018-06-01
VIAB,2018-07-01
VIAB,2018-08-01
VIAB,2018-09-01
VIAB,2018-10-01
VIAB,2018-11-01
VIAB,2018-12-01
VIAB,2019-01-01
VIAB,2019-02-01
VIAB,2019-03-01
VIAB,2019-04-01
VIAB,2019-05-01
VIAB,2019-06-01
VIAB,2019-07-01
VIAB,2019-08-01
VIAB,2019-09-01
VIAB,2019-10-01
VIAB,2019-11-01
VIAB,2019-12-01
VIAC,2020-01-01
VIAC,2020-02-01
VIAC,2020-03-01
VIAC,2020-04-01
VIAC,2020-05-01
VIAC,2020-06-01
VIAC,2020-07-01
VIAC,2020-08-01
VIAC,2020-09-01
VIAC,2020-10-01
VIAC,2020-11-01
VIAC,2020-12-01
VIAC,2021-01-01
VIAC,2021-02-01
VIAC,2021-03-01
VIAC,2021-04-01
VIAC,2021-05-01
VIAC,2021-06-01
VIAC,2021-07-01
VIAC,2021-08-01
VIAC,2021-09-01
VIAC,2021-10-01
VIAC,2021-11-01
VIAC,2021-12-01
VIAC,2022-01-01
VIAC,2022-02-01
VO,1996-02-01
VO,1996-03-01
VO,1996-04-01
VO,1996-05-01
VO,1996-06-01
VO,1996-07-01
VO,1996-08-01
VO,1996-09-01
VO,1996-10-01
VO,1996-11-01
VO,1996-12-01
VO,1997-01-01
VO,1997-02-01
VO,1997-03-01
VO,1997-04-01
VO,1997-05-01
VO,1997-06-01
VO,1997-07-01
VO,1997-08-01
VO,1997-09-01
VO,1997-10-01
VO,1997-11-01
VO,1997-12-01
VO,1998-01-01
VO,1998-02-01
VO,1998-03-01
VO,1998-04-01
VO,1998-05-01
VO,1998-06-01
VO,1998-07-01
VO,1998-08-01
VO,1998-09-01
VO,1998-10-01
VO,1998-11-01
VO,1998-12-01
VO,1999-01-01
VO,1999-02-01
VO,1999-03-01
VO,1999-04-01
VO,1999-05-01
VO,1999-06-01
VO,1999-07-01
VO,1999-08-01
VO,1999-09-01
VO,1999-10-01
VO,1999-11-01
VO,1999-12-01
VO,2000-01-01
VO,2000-02-01
VO,2000-03-01
VO,2000-04-01
VO,2000-05-01
VO,2000-06-01
VO,2000-07-01
VO,2000-08-01
VO,2000-09-01
VO,2000-10-01
VO,2000-11-01
VO,2000-12-01
VRTS,2000-05-01
VRTS,2000-06-01
VRTS,2000-07-01
VRTS,2000-08-01
VRTS,2000-09-01
VRTS,2000-10-01
VRTS,2000-11-01
VRTS,2000-12-01
VRTS,2001-01-01
VRTS,2001-02-01
VRTS,2001-03-01
VRTS,2001-04-01
VRTS,2001-05-01
VRTS,2001-06-01
VRTS,2001-07-01
VRTS,2001-08-01
VRTS,2001-09-01
VRTS,2001-10-01
VRTS,2001-11-01
VRTS,2001-12-01
VRTS,2002-01-01
VRTS,2002-02-01
VRTS,2002-03-01
VRTS,2002-04-01
VRTS,2002-05-01
VRTS,2002-06-01
VRTS,2002-07-01
VRTS,2002-08-01
VRTS,2002-09-01
VRTS,2002-10-01
VRTS,2002-11-01
VRTS,2002-12-01
VRTS,2003-01-01
VRTS,2003-02-01
VRTS,2003-03-01
VRTS,2003-04-01
VRTS,2003-05-01
VRTS,2003-06-01
VRTS,2003-07-01
VRTS,2003-08-01
VRTS,2003-09-01
VRTS,2003-10-01
VRTS,2003-11-01
VRTS,2003-12-01
VRTS,2004-01-01
VRTS,2004-02-01
VRTS,2004-03-01
VRTS,2004-04-01
VRTS,2004-05-01
VRTS,2004-06-01
VRTS,2004-07-01
VRTS,2004-08-01
VRTS,2004-09-01
VRTS,2004-10-01
VRTS,2004-11-01
VRTS,2004-12-01
VRTS,2005-01-01
VRTS,2005-02-01
VRTS,2005-03-01
VRTS,2005-04-01
VRTS,2005-05-01
VRTS,2005-06-01
VRTS,2005-07-01
VSTNQ,2000-07-01
VSTNQ,2000-08-01
VSTNQ,2000-09-01
VSTNQ,2000-10-01
VSTNQ,2000-11-01
VSTNQ,2000-12-01
VSTNQ,2001-01-01
VSTNQ,2001-02-01
VSTNQ,2001-03-01
VSTNQ,2001-04-01
VSTNQ,2001-05-01
VSTNQ,2001-06-01
VSTNQ,2001-07-01
VSTNQ,2001-08-01
VSTNQ,2001-09-01
VSTNQ,2001-10-01
VSTNQ,2001-11-01
VSTNQ,2001-12-01
VSTNQ,2002-01-01
VSTNQ,2002-02-01
VSTNQ,2002-03-01
VSTNQ,2002-04-01
VSTNQ,2002-05-01
VSTNQ,2002-06-01
VSTNQ,2002-07-01
VSTNQ,2002-08-01
VSTNQ,2002-09-01
VSTNQ,2002-10-01
VSTNQ,2002-11-01
VSTNQ,2002-12-01
VSTNQ,2003-01-01
VSTNQ,2003-02-01
VSTNQ,2003-03-01
VSTNQ,2003-04-01
VSTNQ,2003-05-01
VSTNQ,2003-06-01
VSTNQ,2003-07-01
VSTNQ,2003-08-01
VSTNQ,2003-09-01
VSTNQ,2003-10-01
VSTNQ,2003-11-01
VSTNQ,2003-12-01
VSTNQ,2004-01-01
VSTNQ,2004-02-01
VSTNQ,2004-03-01
VSTNQ,2004-04-01
VSTNQ,2004-05-01
VSTNQ,2004-06-01
VSTNQ,2004-07-01
VSTNQ,2004-08-01
VSTNQ,2004-09-01
VSTNQ,2004-10-01
VSTNQ,2004-11-01
VSTNQ,2004-12-01
VSTNQ,2005-01-01
VSTNQ,2005-02-01
VSTNQ,2005-03-01
VSTNQ,2005-04-01
VSTNQ,2005-05-01
VSTNQ,2005-06-01
VSTNQ,2005-07-01
VSTNQ,2005-08-01
VSTNQ,2005-09-01
VSTNQ,2005-10-01
VSTNQ,2005-11-01
VSTNQ,2005-12-01
VSTNQ,2006-01-01
VTSS,2001-01-01
VTSS,2001-02-01
VTSS,2001-03-01
VTSS,2001-04-01
VTSS,2001-05-01
VTSS,2001-06-01
VTSS,2001-07-01
VTSS,2001-08-01
VTSS,2001-09-01
VTSS,2001-10-01
VTSS,2001-11-01
VTSS,2001-12-01
VTSS,2002-01-01
VTSS,2002-02-01
VTSS,2002-03-01
VTSS,2002-04-01
VTSS,2002-05-01
VTSS,2002-06-01
VTSS,2002-07-01
VTSS,2002-08-01
WAI,1996-02-01
WAI,1996-03-01
WAI,1996-04-01
WAI,1996-05-01
WAI,1996-06-01
WAI,1996-07-01
WAI,1996-08-01
WAI,1996-09-01
WAI,1996-10-01
WAI,1996-11-01
WAI,1996-12-01
WAI,1997-01-01
WAI,1997-02-01
WAI,1997-03-01
WAI,1997-04-01
WAI,1997-05-01
WAI,1997-06-01
WAI,1997-07-01
WAI,1997-08-01
WAI,1997-09-01
WAI,1997-10-01
WAI,1997-11-01
WAI,1997-12-01
WAI,1998-01-01
WAI,1998-02-01
WAI,1998-03-01
WAI,1998-04-01
WAI,1998-05-01
WAI,1998-06-01
WAI,1998-07-01
WAI,1998-08-01
WAMUQ,1997-08-01
WAMUQ,1997-09-01
WAMUQ,1997-10-01
WAMUQ,1997-11-01
WAMUQ,1997-12-01
WAMUQ,1998-01-01
WAMUQ,1998-02-01
WAMUQ,1998-03-01
WAMUQ,1998-04-01
WAMUQ,1998-05-01
WAMUQ,1998-06-01
WAMUQ,1998-07-01
WAMUQ,1998-08-01
WAMUQ,1998-09-01
WAMUQ,1998-10-01
WAMUQ,1998-11-01
WAMUQ,1998-12-01
WAMUQ,1999-01-01
WAMUQ,1999-02-01
WAMUQ,1999-03-01
WAMUQ,1999-04-01
WAMUQ,1999-05-01
WAMUQ,1999-06-01
WAMUQ,1999-07-01
WAMUQ,1999-08-01
WAMUQ,1999-09-01
WAMUQ,1999-10-01
WAMUQ,1999-11-01
WAMUQ,1999-12-01
WAMUQ,2000-01-01
WAMUQ,2000-02-01
WAMUQ,2000-03-01
WAMUQ,2000-04-01
WAMUQ,2000-05-01
WAMUQ,2000-06-01
WAMUQ,2000-07-01
WAMUQ,2000-08-01
WAMUQ,2000-09-01
WAMUQ,2000-10-01
WAMUQ,2000-11-01
WAMUQ,2000-12-01
WAMUQ,2001-01-01
WAMUQ,2001-02-01
WAMUQ,2001-03-01
WAMUQ,2001-04-01
WAMUQ,2001-05-01
WAMUQ,2001-06-01
WAMUQ,2001-07-01
WAMUQ,2001-08-01
WAMUQ,2001-09-01
WAMUQ,2001-10-01
WAMUQ,2001-11-01
WAMUQ,2001-12-01
WAMUQ,2002-01-01
WAMUQ,2002-02-01
WAMUQ,2002-03-01
WAMUQ,2002-04-01
WAMUQ,2002-05-01
WAMUQ,2002-06-01
WAMUQ,2002-07-01
WAMUQ,2002-08-01
WAMUQ,2002-09-01
WAMUQ,2002-10-01
WAMUQ,2002-11-01
WAMUQ,2002-12-01
WAMUQ,2003-01-01
WAMUQ,2003-02-01
WAMUQ,2003-03-01
WAMUQ,2003-04-01
WAMUQ,2003-05-01
WAMUQ,2003-06-01
WAMUQ,2003-07-01
WAMUQ,2003-08-01
WAMUQ,2003-09-01
WAMUQ,2003-10-01
WAMUQ,2003-11-01
WAMUQ,2003-12-01
WAMUQ,2004-01-01
WAMUQ,2004-02-01
WAMUQ,2004-03-01
WAMUQ,2004-04-01
WAMUQ,2004-05-01
WAMUQ,2004-06-01
WAMUQ,2004-07-01
WAMUQ,2004-08-01
WAMUQ,2004-09-01
WAMUQ,2004-10-01
WAMUQ,2004-11-01
WAMUQ,2004-12-01
WAMUQ,2005-01-01
WAMUQ,2005-02-01
WAMUQ,2005-03-01
WAMUQ,2005-04-01
WAMUQ,2005-05-01
WAMUQ,2005-06-01
WAMUQ,2005-07-01
WAMUQ,2005-08-01
WAMUQ,2005-09-01
WAMUQ,2005-10-01
WAMUQ,2005-11-01
WAMUQ,2005-12-01
WAMUQ,2006-01-01
WAMUQ,2006-02-01
WAMUQ,2006-03-01
WAMUQ,2006-04-01
WAMUQ,2006-05-01
WAMUQ,2006-06-01
WAMUQ,2006-07-01
WAMUQ,2006-08-01
WAMUQ,2006-09-01
WAMUQ,2006-10-01
WAMUQ,2006-11-01
WAMUQ,2006-12-01
WAMUQ,2007-01-01
WAMUQ,2007-02-01
WAMUQ,2007-03-01
WAMUQ,2007-04-01
WAMUQ,2007-05-01
WAMUQ,2007-06-01
WAMUQ,2007-07-01
WAMUQ,2007-08-01
WAMUQ,2007-09-01
WAMUQ,2007-10-01
WAMUQ,2007-11-01
WAMUQ,2007-12-01
WAMUQ,2008-01-01
WAMUQ,2008-02-01
WAMUQ,2008-03-01
WAMUQ,2008-04-01
WAMUQ,2008-05-01
WAMUQ,2008-06-01
WAMUQ,2008-07-01
WAMUQ,2008-08-01
WAMUQ,2008-09-01
WB,1996-02-01
WB,1996-03-01
WB,1996-04-01
WB,1996-05-01
WB,1996-06-01
WB,1996-07-01
WB,1996-08-01
WB,1996-09-01
WB,1996-10-01
WB,1996-11-01
WB,1996-12-01
WB,1997-01-01
WB,1997-02-01
WB,1997-03-01
WB,1997-04-01
WB,1997-05-01
WB,1997-06-01
WB,1997-07-01
WB,1997-08-01
WB,1997-09-01
WB,1997-10-01
WB,1997-11-01
WB,1997-12-01
WB,1998-01-01
WB,1998-02-01
WB,1998-03-01
WB,1998-04-01
WB,1998-05-01
WB,1998-06-01
WB,1998-07-01
WB,1998-08-01
WB,1998-09-01
WB,1998-10-01
WB,1998-11-01
WB,1998-12-01
WB,1999-01-01
WB,1999-02-01
WB,1999-03-01
WB,1999-04-01
WB,1999-05-01
WB,1999-06-01
WB,1999-07-01
WB,1999-08-01
WB,1999-09-01
WB,1999-10-01
WB,1999-11-01
WB,1999-12-01
WB,2000-01-01
WB,2000-02-01
WB,2000-03-01
WB,2000-04-01
WB,2000-05-01
WB,2000-06-01
WB,2000-07-01
WB,2000-08-01
WB,2000-09-01
WB,2000-10-01
WB,2000-11-01
WB,2000-12-01
WB,2001-01-01
WB,2001-02-01
WB,2001-03-01
WB,2001-04-01
WB,2001-05-01
WB,2001-06-01
WB,2001-07-01
WB,2001-08-01
WB,2001-09-01
WB,2001-10-01
WB,2001-11-01
WB,2001-12-01
WB,2002-01-01
WB,2002-02-01
WB,2002-03-01
WB,2002-04-01
WB,2002-05-01
WB,2002-06-01
WB,2002-07-01
WB,2002-08-01
WB,2002-09-01
WB,2002-10-01
WB,2002-11-01
WB,2002-12-01
WB,2003-01-01
WB,2003-02-01
WB,2003-03-01
WB,2003-04-01
WB,2003-05-01
WB,2003-06-01
WB,2003-07-01
WB,2003-08-01
WB,2003-09-01
WB,2003-10-01
WB,2003-11-01
WB,2003-12-01
WB,2004-01-01
WB,2004-02-01
WB,2004-03-01
WB,2004-04-01
WB,2004-05-01
WB,2004-06-01
WB,2004-07-01
WB,2004-08-01
WB,2004-09-01
WB,2004-10-01
WB,2004-11-01
WB,2004-12-01
WB,2005-01-01
WB,2005-02-01
WB,2005-03-01
WB,2005-04-01
WB,2005-05-01
WB,2005-06-01
WB,2005-07-01
WB,2005-08-01
WB,2005-09-01
WB,2005-10-01
WB,2005-11-01
WB,2005-12-01
WB,2006-01-01
WB,2006-02-01
WB,2006-03-01
WB,2006-04-01
WB,2006-05-01
WB,2006-06-01
WB,2006-07-01
WB,2006-08-01
WB,2006-09-01
WB,2006-10-01
WB,2006-11-01
WB,2006-12-01
WB,2007-01-01
WB,2007-02-01
WB,2007-03-01
WB,2007-04-01
WB,2007-05-01
WB,2007-06-01
WB,2007-07-01
WB,2007-08-01
WB,2007-09-01
WB,2007-10-01
WB,2007-11-01
WB,2007-12-01
WB,2008-01-01
WB,2008-02-01
WB,2008-03-01
WB,2008-04-01
WB,2008-05-01
WB,2008-06-01
WB,2008-07-01
WB,2008-08-01
WB,2008-09-01
WB,2008-10-01
WB,2008-11-01
WB,2008-12-01
WB,2009-01-01
WBA,1996-02-01
WBA,1996-03-01
WBA,1996-04-01
WBA,1996-05-01
WBA,1996-06-01
WBA,1996-07-01
WBA,1996-08-01
WBA,1996-09-01
WBA,1996-10-01
WBA,1996-11-01
WBA,1996-12-01
WBA,1997-01-01
WBA,1997-02-01
WBA,1997-03-01
WBA,1997-04-01
WBA,1997-05-01
WBA,1997-06-01
WBA,1997-07-01
WBA,1997-08-01
WBA,1997-09-01
WBA,1997-10-01
WBA,1997-11-01
WBA,1997-12-01
WBA,1998-01-01
WBA,1998-02-01
WBA,1998-03-01
WBA,1998-04-01
WBA,1998-05-01
WBA,1998-06-01
WBA,1998-07-01
WBA,1998-08-01
WBA,1998-09-01
WBA,1998-10-01
WBA,1998-11-01
WBA,1998-12-01
WBA,1999-01-01
WBA,1999-02-01
WBA,1999-03-01
WBA,1999-04-01
WBA,1999-05-01
WBA,1999-06-01
WBA,1999-07-01
WBA,1999-08-01
WBA,1999-09-01
WBA,1999-10-01
WBA,1999-11-01
WBA,1999-12-01
WBA,2000-01-01
WBA,2000-02-01
WBA,2000-03-01
WBA,2000-04-01
WBA,2000-05-01
WBA,2000-06-01
WBA,2000-07-01
WBA,2000-08-01
WBA,2000-09-01
WBA,2000-10-01
WBA,2000-11-01
WBA,2000-12-01
WBA,2001-01-01
WBA,2001-02-01
WBA,2001-03-01
WBA,2001-04-01
WBA,2001-05-01
WBA,2001-06-01
WBA,2001-07-01
WBA,2001-08-01
WBA,2001-09-01
WBA,2001-10-01
WBA,2001-11-01
WBA,2001-12-01
WBA,2002-01-01
WBA,2002-02-01
WBA,2002-03-01
WBA,2002-04-01
WBA,2002-05-01
WBA,2002-06-01
WBA,2002-07-01
WBA,2002-08-01
WBA,2002-09-01
WBA,2002-10-01
WBA,2002-11-01
WBA,2002-12-01
WBA,2003-01-01
WBA,2003-02-01
WBA,2003-03-01
WBA,2003-04-01
WBA,2003-05-01
WBA,2003-06-01
WBA,2003-07-01
WBA,2003-08-01
WBA,2003-09-01
WBA,2003-10-01
WBA,2003-11-01
WBA,2003-12-01
WBA,2004-01-01
WBA,2004-02-01
WBA,2004-03-01
WBA,2004-04-01
WBA,2004-05-01
WBA,2004-06-01
WBA,2004-07-01
WBA,2004-08-01
WBA,2004-09-01
WBA,2004-10-01
WBA,2004-11-01
WBA,2004-12-01
WBA,2005-01-01
WBA,2005-02-01
WBA,2005-03-01
WBA,2005-04-01
WBA,2005-05-01
WBA,2005-06-01
WBA,2005-07-01
WBA,2005-08-01
WBA,2005-09-01
WBA,2005-10-01
WBA,2005-11-01
WBA,2005-12-01
WBA,2006-01-01
WBA,2006-02-01
WBA,2006-03-01
WBA,2006-04-01
WBA,2006-05-01
WBA,2006-06-01
WBA,2006-07-01
WBA,2006-08-01
WBA,2006-09-01
WBA,2006-10-01
WBA,2006-11-01
WBA,2006-12-01
WBA,2007-01-01
WBA,2007-02-01
WBA,2007-03-01
WBA,2007-04-01
WBA,2007-05-01
WBA,2007-06-01
WBA,2007-07-01
WBA,2007-08-01
WBA,2007-09-01
WBA,2007-10-01
WBA,2007-11-01
WBA,2007-12-01
WBA,2008-01-01
WBA,2008-02-01
WBA,2008-03-01
WBA,2008-04-01
WBA,2008-05-01
WBA,2008-06-01
WBA,2008-07-01
WBA,2008-08-01
WBA,2008-09-01
WBA,2008-10-01
WBA,2008-11-01
WBA,2008-12-01
WBA,2009-01-01
WBA,2009-02-01
WBA,2009-03-01
WBA,2009-04-01
WBA,2009-05-01
WBA,2009-06-01
WBA,2009-07-01
WBA,2009-08-01
WBA,2009-09-01
WBA,2009-10-01
WBA,2009-11-01
WBA,2009-12-01
WBA,2010-01-01
WBA,2010-02-01
WBA,2010-03-01
WBA,2010-04-01
WBA,2010-05-01
WBA,2010-06-01
WBA,2010-07-01
WBA,2010-08-01
WBA,2010-09-01
WBA,2010-10-01
WBA,2010-11-01
WBA,2010-12-01
WBA,2011-01-01
WBA,2011-02-01
WBA,2011-03-01
WBA,2011-04-01
WBA,2011-05-01
WBA,2011-06-01
WBA,2011-07-01
WBA,2011-08-01
WBA,2011-09-01
WBA,2011-10-01
WBA,2011-11-01
WBA,2011-12-01
WBA,2012-01-01
WBA,2012-02-01
WBA,2012-03-01
WBA,2012-04-01
WBA,2012-05-01
WBA,2012-06-01
WBA,2012-07-01
WBA,2012-08-01
WBA,2012-09-01
WBA,2012-10-01
WBA,2012-11-01
WBA,2012-12-01
WBA,2013-01-01
WBA,2013-02-01
WBA,2013-03-01
WBA,2013-04-01
WBA,2013-05-01
WBA,2013-06-01
WBA,2013-07-01
WBA,2013-08-01
WBA,2013-09-01
WBA,2013-10-01
WBA,2013-11-01
WBA,2013-12-01
WBA,2014-01-01
WBA,2014-02-01
WBA,2014-03-01
WBA,2014-04-01
WBA,2014-05-01
WBA,2014-06-01
WBA,2014-07-01
WBA,2014-08-01
WBA,2014-09-01
WBA,2014-10-01
WBA,2014-11-01
WBA,2014-12-01
WBA,2015-01-01
WBA,2015-02-01
WBA,2015-03-01
WBA,2015-04-01
WBA,2015-05-01
WBA,2015-06-01
WBA,2015-07-01
WBA,2015-08-01
WBA,2015-09-01
WBA,2015-10-01
WBA,2015-11-01
WBA,2015-12-01
WBA,2016-01-01
WBA,2016-02-01
WBA,2016-03-01
WBA,2016-04-01
WBA,2016-05-01
WBA,2016-06-01
WBA,2016-07-01
WBA,2016-08-01
WBA,2016-09-01
WBA,2016-10-01
WBA,2016-11-01
WBA,2016-12-01
WBA,2017-01-01
WBA,2017-02-01
WBA,2017-03-01
WBA,2017-04-01
WBA,2017-05-01
WBA,2017-06-01
WBA,2017-07-01
WBA,2017-08-01
WBA,2017-09-01
WBA,2017-10-01
WBA,2017-11-01
WBA,2017-12-01
WBA,2018-01-01
WBA,2018-02-01
WBA,2018-03-01
WBA,2018-04-01
WBA,2018-05-01
WBA,2018-06-01
WBA,2018-07-01
WBA,2018-08-01
WBA,2018-09-01
WBA,2018-10-01
WBA,2018-11-01
WBA,2018-12-01
WBA,2019-01-01
WBA,2019-02-01
WBA,2019-03-01
WBA,2019-04-01
WBA,2019-05-01
WBA,2019-06-01
WBA,2019-07-01
WBA,2019-08-01
WBA,2019-09-01
WBA,2019-10-01
WBA,2019-11-01
WBA,2019-12-01
WBA,2020-01-01
WBA,2020-02-01
WBA,2020-03-01
WBA,2020-04-01
WBA,2020-05-01
WBA,2020-06-01
WBA,2020-07-01
WBA,2020-08-01
WBA,2020-09-01
WBA,2020-10-01
WBA,2020-11-01
WBA,2020-12-01
WBA,2021-01-01
WBA,2021-02-01
WBA,2021-03-01
WBA,2021-04-01
WBA,2021-05-01
WBA,2021-06-01
WBA,2021-07-01
WBA,2021-08-01
WBA,2021-09-01
WBA,2021-10-01
WBA,2021-11-01
WBA,2021-12-01
WBA,2022-01-01
WBA,2022-02-01
WBA,2022-03-01
WBA,2022-04-01
WBA,2022-05-01
WBA,2022-06-01
WBA,2022-07-01
WBA,2022-08-01
WBA,2022-09-01
WBA,2022-10-01
WBA,2022-11-01
WBA,2022-12-01
WBA,2023-01-01
WBA,2023-02-01
WBA,2023-03-01
WBA,2023-04-01
WBA,2023-05-01
WBA,2023-06-01
WBA,2023-07-01
WBA,2023-08-01
WBA,2023-09-01
WBA,2023-10-01
WBA,2023-11-01
WBA,2023-12-01
WBA,2024-01-01
WBA,2024-02-01
WBA,2024-03-01
WBA,2024-04-01
WBA,2024-05-01
WBA,2024-06-01
WBA,2024-07-01
WBA,2024-08-01
WBA,2024-09-01
WBA,2024-10-01
WBA,2024-11-01
WBA,2024-12-01
WBA,2025-01-01
WBA,2025-02-01
WBA,2025-03-01
WBA,2025-04-01
WBA,2025-05-01
WCG,2018-10-01
WCG,2018-11-01
WCG,2018-12-01
WCG,2019-01-01
WCG,2019-02-01
WCG,2019-03-01
WCG,2019-04-01
WCG,2019-05-01
WCG,2019-06-01
WCG,2019-07-01
WCG,2019-08-01
WCG,2019-09-01
WCG,2019-10-01
WCG,2019-11-01
WCG,2019-12-01
WCG,2020-01-01
WCOEQ,1996-04-01
WCOEQ,1996-05-01
WCOEQ,1996-06-01
WCOEQ,1996-07-01
WCOEQ,1996-08-01
WCOEQ,1996-09-01
WCOEQ,1996-10-01
WCOEQ,1996-11-01
WCOEQ,1996-12-01
WCOEQ,1997-01-01
WCOEQ,1997-02-01
WCOEQ,1997-03-01
WCOEQ,1997-04-01
WCOEQ,1997-05-01
WCOEQ,1997-06-01
WCOEQ,1997-07-01
WCOEQ,1997-08-01
WCOEQ,1997-09-01
WCOEQ,1997-10-01
WCOEQ,1997-11-01
WCOEQ,1997-12-01
WCOEQ,1998-01-01
WCOEQ,1998-02-01
WCOEQ,1998-03-01
WCOEQ,1998-04-01
WCOEQ,1998-05-01
WCOEQ,1998-06-01
WCOEQ,1998-07-01
WCOEQ,1998-08-01
WCOEQ,1998-09-01
WCOEQ,1998-10-01
WCOEQ,1998-11-01
WCOEQ,1998-12-01
WCOEQ,1999-01-01
WCOEQ,1999-02-01
WCOEQ,1999-03-01
WCOEQ,1999-04-01
WCOEQ,1999-05-01
WCOEQ,1999-06-01
WCOEQ,1999-07-01
WCOEQ,1999-08-01
WCOEQ,1999-09-01
WCOEQ,1999-10-01
WCOEQ,1999-11-01
WCOEQ,1999-12-01
WCOEQ,2000-01-01
WCOEQ,2000-02-01
WCOEQ,2000-03-01
WCOEQ,2000-04-01
WCOEQ,2000-05-01
WCOEQ,2000-06-01
WCOEQ,2000-07-01
WCOEQ,2000-08-01
WCOEQ,2000-09-01
WCOEQ,2000-10-01
WCOEQ,2000-11-01
WCOEQ,2000-12-01
WCOEQ,2001-01-01
WCOEQ,2001-02-01
WCOEQ,2001-03-01
WCOEQ,2001-04-01
WCOEQ,2001-05-01
WCOEQ,2001-06-01
WCOEQ,2001-07-01
WCOEQ,2001-08-01
WCOEQ,2001-09-01
WCOEQ,2001-10-01
WCOEQ,2001-11-01
WCOEQ,2001-12-01
WCOEQ,2002-01-01
WCOEQ,2002-02-01
WCOEQ,2002-03-01
WCOEQ,2002-04-01
WCOEQ,2002-05-01
WFM,2006-02-01
WFM,2006-03-01
WFM,2006-04-01
WFM,2006-05-01
WFM,2006-06-01
WFM,2006-07-01
WFM,2006-08-01
WFM,2006-09-01
WFM,2006-10-01
WFM,2006-11-01
WFM,2006-12-01
WFM,2007-01-01
WFM,2007-02-01
WFM,2007-03-01
WFM,2007-04-01
WFM,2007-05-01
WFM,2007-06-01
WFM,2007-07-01
WFM,2007-08-01
WFM,2007-09-01
WFM,2007-10-01
WFM,2007-11-01
WFM,2007-12-01
WFM,2008-01-01
WFM,2008-02-01
WFM,2008-03-01
WFM,2008-04-01
WFM,2008-05-01
WFM,2008-06-01
WFM,2008-07-01
WFM,2008-08-01
WFM,2008-09-01
WFM,2008-10-01
WFM,2008-11-01
WFM,2008-12-01
WFM,2009-01-01
WFM,2009-02-01
WFM,2009-03-01
WFM,2009-04-01
WFM,2009-05-01
WFM,2009-06-01
WFM,2009-07-01
WFM,2009-08-01
WFM,2009-09-01
WFM,2009-10-01
WFM,2009-11-01
WFM,2009-12-01
WFM,2010-01-01
WFM,2010-02-01
WFM,2010-03-01
WFM,2010-04-01
WFM,2010-05-01
WFM,2010-06-01
WFM,2010-07-01
WFM,2010-08-01
WFM,2010-09-01
WFM,2010-10-01
WFM,2010-11-01
WFM,2010-12-01
WFM,2011-01-01
WFM,2011-02-01
WFM,2011-03-01
WFM,2011-04-01
WFM,2011-05-01
WFM,2011-06-01
WFM,2011-07-01
WFM,2011-08-01
WFM,2011-09-01
WFM,2011-10-01
WFM,2011-11-01
WFM,2011-12-01
WFM,2012-01-01
WFM,2012-02-01
WFM,2012-03-01
WFM,2012-04-01
WFM,2012-05-01
WFM,2012-06-01
WFM,2012-07-01
WFM,2012-08-01
WFM,2012-09-01
WFM,2012-10-01
WFM,2012-11-01
WFM,2012-12-01
WFM,2013-01-01
WFM,2013-02-01
WFM,2013-03-01
WFM,2013-04-01
WFM,2013-05-01
WFM,2013-06-01
WFM,2013-07-01
WFM,2013-08-01
WFM,2013-09-01
WFM,2013-10-01
WFM,2013-11-01
WFM,2013-12-01
WFM,2014-01-01
WFM,2014-02-01
WFM,2014-03-01
WFM,2014-04-01
WFM,2014-05-01
WFM,2014-06-01
WFM,2014-07-01
WFM,2014-08-01
WFM,2014-09-01
WFM,2014-10-01
WFM,2014-11-01
WFM,2014-12-01
WFM,2015-01-01
WFM,2015-02-01
WFM,2015-03-01
WFM,2015-04-01
WFM,2015-05-01
WFM,2015-06-01
WFM,2015-07-01
WFM,2015-08-01
WFM,2015-09-01
WFM,2015-10-01
WFM,2015-11-01
WFM,2015-12-01
WFM,2016-01-01
WFM,2016-02-01
WFM,2016-03-01
WFM,2016-04-01
WFM,2016-05-01
WFM,2016-06-01
WFM,2016-07-01
WFM,2016-08-01
WFM,2016-09-01
WFM,2016-10-01
WFM,2016-11-01
WFM,2016-12-01
WFM,2017-01-01
WFM,2017-02-01
WFM,2017-03-01
WFM,2017-04-01
WFM,2017-05-01
WFM,2017-06-01
WFM,2017-07-01
WFM,2017-08-01
WFT,2005-08-01
WFT,2005-09-01
WFT,2005-10-01
WFT,2005-11-01
WFT,2005-12-01
WFT,2006-01-01
WFT,2006-02-01
WFT,2006-03-01
WFT,2006-04-01
WFT,2006-05-01
WFT,2006-06-01
WFT,2006-07-01
WFT,2006-08-01
WFT,2006-09-01
WFT,2006-10-01
WFT,2006-11-01
WFT,2006-12-01
WFT,2007-01-01
WFT,2007-02-01
WFT,2007-03-01
WFT,2007-04-01
WFT,2007-05-01
WFT,2007-06-01
WFT,2007-07-01
WFT,2007-08-01
WFT,2007-09-01
WFT,2007-10-01
WFT,2007-11-01
WFT,2007-12-01
WFT,2008-01-01
WFT,2008-02-01
WFT,2008-03-01
WFT,2008-04-01
WFT,2008-05-01
WFT,2008-06-01
WFT,2008-07-01
WFT,2008-08-01
WFT,2008-09-01
WFT,2008-10-01
WFT,2008-11-01
WFT,2008-12-01
WFT,2009-01-01
WFT,2009-02-01
WIN,2006-08-01
WIN,2006-09-01
WIN,2006-10-01
WIN,2006-11-01
WIN,2006-12-01
WIN,2007-01-01
WIN,2007-02-01
WIN,2007-03-01
WIN,2007-04-01
WIN,2007-05-01
WIN,2007-06-01
WIN,2007-07-01
WIN,2007-08-01
WIN,2007-09-01
WIN,2007-10-01
WIN,2007-11-01
WIN,2007-12-01
WIN,2008-01-01
WIN,2008-02-01
WIN,2008-03-01
WIN,2008-04-01
WIN,2008-05-01
WIN,2008-06-01
WIN,2008-07-01
WIN,2008-08-01
WIN,2008-09-01
WIN,2008-10-01
WIN,2008-11-01
WIN,2008-12-01
WIN,2009-01-01
WIN,2009-02-01
WIN,2009-03-01
WIN,2009-04-01
WIN,2009-05-01
WIN,2009-06-01
WIN,2009-07-01
WIN,2009-08-01
WIN,2009-09-01
WIN,2009-10-01
WIN,2009-11-01
WIN,2009-12-01
WIN,2010-01-01
WIN,2010-02-01
WIN,2010-03-01
WIN,2010-04-01
WIN,2010-05-01
WIN,2010-06-01
WIN,2010-07-01
WIN,2010-08-01
WIN,2010-09-01
WIN,2010-10-01
WIN,2010-11-01
WIN,2010-12-01
WIN,2011-01-01
WIN,2011-02-01
WIN,2011-03-01
WIN,2011-04-01
WIN,2011-05-01
WIN,2011-06-01
WIN,2011-07-01
WIN,2011-08-01
WIN,2011-09-01
WIN,2011-10-01
WIN,2011-11-01
WIN,2011-12-01
WIN,2012-01-01
WIN,2012-02-01
WIN,2012-03-01
WIN,2012-04-01
WIN,2012-05-01
WIN,2012-06-01
WIN,2012-07-01
WIN,2012-08-01
WIN,2012-09-01
WIN,2012-10-01
WIN,2012-11-01
WIN,2012-12-01
WIN,2013-01-01
WIN,2013-02-01
WIN,2013-03-01
WIN,2013-04-01
WIN,2013-05-01
WIN,2013-06-01
WIN,2013-07-01
WIN,2013-08-01
WIN,2013-09-01
WIN,2013-10-01
WIN,2013-11-01
WIN,2013-12-01
WIN,2014-01-01
WIN,2014-02-01
WIN,2014-03-01
WIN,2014-04-01
WIN,2014-05-01
WIN,2014-06-01
WIN,2014-07-01
WIN,2014-08-01
WIN,2014-09-01
WIN,2014-10-01
WIN,2014-11-01
WIN,2014-12-01
WIN,2015-01-01
WIN,2015-02-01
WIN,2015-03-01
WIN,2015-04-01
WLA,1996-02-01
WLA,1996-03-01
WLA,1996-04-01
WLA,1996-05-01
WLA,1996-06-01
WLA,1996-07-01
WLA,1996-08-01
WLA,1996-09-01
WLA,1996-10-01
WLA,1996-11-01
WLA,1996-12-01
WLA,1997-01-01
WLA,1997-02-01
WLA,1997-03-01
WLA,1997-04-01
WLA,1997-05-01
WLA,1997-06-01
WLA,1997-07-01
WLA,1997-08-01
WLA,1997-09-01
WLA,1997-10-01
WLA,1997-11-01
WLA,1997-12-01
WLA,1998-01-01
WLA,1998-02-01
WLA,1998-03-01
WLA,1998-04-01
WLA,1998-05-01
WLA,1998-06-01
WLA,1998-07-01
WLA,1998-08-01
WLA,1998-09-01
WLA,1998-10-01
WLA,1998-11-01
WLA,1998-12-01
WLA,1999-01-01
WLA,1999-02-01
WLA,1999-03-01
WLA,1999-04-01
WLA,1999-05-01
WLA,1999-06-01
WLA,1999-07-01
WLA,1999-08-01
WLA,1999-09-01
WLA,1999-10-01
WLA,1999-11-01
WLA,1999-12-01
WLA,2000-01-01
WLA,2000-02-01
WLA,2000-03-01
WLA,2000-04-01
WLA,2000-05-01
WLA,2000-06-01
WLL,1996-02-01
WLL,1996-03-01
WLL,1996-04-01
WLL,1996-05-01
WLL,1996-06-01
WLL,1996-07-01
WLL,1996-08-01
WLL,1996-09-01
WLL,1996-10-01
WLL,1996-11-01
WLL,1996-12-01
WLL,1997-01-01
WLL,1997-02-01
WLL,1997-03-01
WLL,1997-04-01
WLL,1997-05-01
WLL,1997-06-01
WLL,1997-07-01
WLL,1997-08-01
WLL,1997-09-01
WLL,1997-10-01
WLL,1997-11-01
WLL,1997-12-01
WLL,1998-01-01
WLL,1998-02-01
WLL,1998-03-01
WLL,1998-04-01
WLL,1998-05-01
WLL,1998-06-01
WLL,1998-07-01
WLL,1998-08-01
WLL,1998-09-01
WLL,1998-10-01
WLL,1998-11-01
WLL,1998-12-01
WLL,1999-01-01
WLL,1999-02-01
WLL,1999-03-01
WLL,1999-04-01
WLL,1999-05-01
WLL,1999-06-01
WLL,1999-07-01
WLL,1999-08-01
WLL,1999-09-01
WLL,1999-10-01
WLL,1999-11-01
WLL,1999-12-01
WLL,2000-01-01
WLL,2000-02-01
WLL,2000-03-01
WLL,2000-04-01
WLL,2000-05-01
WLL,2000-06-01
WLL,2000-07-01
WLL,2000-08-01
WLL,2000-09-01
WLL,2000-10-01
WLL,2000-11-01
WLL,2000-12-01
WLL,2001-01-01
WLL,2001-02-01
WLL,2001-03-01
WLL,2001-04-01
WLL,2001-05-01
WLL,2001-06-01
WLL,2001-07-01
WLL,2001-08-01
WLL,2001-09-01
WLL,2001-10-01
WLL,2001-11-01
WLL,2001-12-01
WLL,2002-01-01
WLL,2002-02-01
WLP,1999-07-01
WLP,1999-08-01
WLP,1999-09-01
WLP,1999-10-01
WLP,1999-11-01
WLP,1999-12-01
WLP,2000-01-01
WLP,2000-02-01
WLP,2000-03-01
WLP,2000-04-01
WLP,2000-05-01
WLP,2000-06-01
WLP,2000-07-01
WLP,2000-08-01
WLP,2000-09-01
WLP,2000-10-01
WLP,2000-11-01
WLP,2000-12-01
WLP,2001-01-01
WLP,2001-02-01
WLP,2001-03-01
WLP,2001-04-01
WLP,2001-05-01
WLP,2001-06-01
WLP,2001-07-01
WLP,2001-08-01
WLP,2001-09-01
WLP,2001-10-01
WLP,2001-11-01
WLP,2001-12-01
WLP,2002-01-01
WLP,2002-02-01
WLP,2002-03-01
WLP,2002-04-01
WLP,2002-05-01
WLP,2002-06-01
WLP,2002-07-01
WLP,2002-08-01
WLP,2002-09-01
WLP,2002-10-01
WLP,2002-11-01
WLP,2002-12-01
WLP,2003-01-01
WLP,2003-02-01
WLP,2003-03-01
WLP,2003-04-01
WLP,2003-05-01
WLP,2003-06-01
WLP,2003-07-01
WLP,2003-08-01
WLP,2003-09-01
WLP,2003-10-01
WLP,2003-11-01
WLP,2003-12-01
WLP,2004-01-01
WLP,2004-02-01
WLP,2004-03-01
WLP,2004-04-01
WLP,2004-05-01
WLP,2004-06-01
WLP,2004-07-01
WLP,2004-08-01
WLP,2004-09-01
WLP,2004-10-01
WLP,2004-11-01
WLTW,2016-02-01
WLTW,2016-03-01
WLTW,2016-04-01
WLTW,2016-05-01
WLTW,2016-06-01
WLTW,2016-07-01
WLTW,2016-08-01
WLTW,2016-09-01
WLTW,2016-10-01
WLTW,2016-11-01
WLTW,2016-12-01
WLTW,2017-01-01
WLTW,2017-02-01
WLTW,2017-03-01
WLTW,2017-04-01
WLTW,2017-05-01
WLTW,2017-06-01
WLTW,2017-07-01
WLTW,2017-08-01
WLTW,2017-09-01
WLTW,2017-10-01
WLTW,2017-11-01
WLTW,2017-12-01
WLTW,2018-01-01
WLTW,2018-02-01
WLTW,2018-03-01
WLTW,2018-04-01
WLTW,2018-05-01
WLTW,2018-06-01
WLTW,2018-07-01
WLTW,2018-08-01
WLTW,2018-09-01
WLTW,2018-10-01
WLTW,2018-11-01
WLTW,2018-12-01
WLTW,2019-01-01
WLTW,2019-02-01
WLTW,2019-03-01
WLTW,2019-04-01
WLTW,2019-05-01
WLTW,2019-06-01
WLTW,2019-07-01
WLTW,2019-08-01
WLTW,2019-09-01
WLTW,2019-10-01
WLTW,2019-11-01
WLTW,2019-12-01
WLTW,2020-01-01
WLTW,2020-02-01
WLTW,2020-03-01
WLTW,2020-04-01
WLTW,2020-05-01
WLTW,2020-06-01
WLTW,2020-07-01
WLTW,2020-08-01
WLTW,2020-09-01
WLTW,2020-10-01
WLTW,2020-11-01
WLTW,2020-12-01
WLTW,2021-01-01
WLTW,2021-02-01
WLTW,2021-03-01
WLTW,2021-04-01
WLTW,2021-05-01
WLTW,2021-06-01
WLTW,2021-07-01
WLTW,2021-08-01
WLTW,2021-09-01
WLTW,2021-10-01
WLTW,2021-11-01
WLTW,2021-12-01
WLTW,2022-01-01
WMX,1996-02-01
WMX,1996-03-01
WMX,1996-04-01
WMX,1996-05-01
WMX,1996-06-01
WMX,1996-07-01
WMX,1996-08-01
WMX,1996-09-01
WMX,1996-10-01
WMX,1996-11-01
WMX,1996-12-01
WMX,1997-01-01
WMX,1997-02-01
WMX,1997-03-01
WMX,1997-04-01
WMX,1997-05-01
WMX,1997-06-01
WMX,1997-07-01
WMX,1997-08-01
WMX,1997-09-01
WMX,1997-10-01
WMX,1997-11-01
WMX,1997-12-01
WMX,1998-01-01
WMX,1998-02-01
WMX,1998-03-01
WMX,1998-04-01
WMX,1998-05-01
WMX,1998-06-01
WMX,1998-07-01
WNDXQ,1996-02-01
WNDXQ,1996-03-01
WNDXQ,1996-04-01
WNDXQ,1996-05-01
WNDXQ,1996-06-01
WNDXQ,1996-07-01
WNDXQ,1996-08-01
WNDXQ,1996-09-01
WNDXQ,1996-10-01
WNDXQ,1996-11-01
WNDXQ,1996-12-01
WNDXQ,1997-01-01
WNDXQ,1997-02-01
WNDXQ,1997-03-01
WNDXQ,1997-04-01
WNDXQ,1997-05-01
WNDXQ,1997-06-01
WNDXQ,1997-07-01
WNDXQ,1997-08-01
WNDXQ,1997-09-01
WNDXQ,1997-10-01
WNDXQ,1997-11-01
WNDXQ,1997-12-01
WNDXQ,1998-01-01
WNDXQ,1998-02-01
WNDXQ,1998-03-01
WNDXQ,1998-04-01
WNDXQ,1998-05-01
WNDXQ,1998-06-01
WNDXQ,1998-07-01
WNDXQ,1998-08-01
WNDXQ,1998-09-01
WNDXQ,1998-10-01
WNDXQ,1998-11-01
WNDXQ,1998-12-01
WNDXQ,1999-01-01
WNDXQ,1999-02-01
WNDXQ,1999-03-01
WNDXQ,1999-04-01
WNDXQ,1999-05-01
WNDXQ,1999-06-01
WNDXQ,1999-07-01
WNDXQ,1999-08-01
WNDXQ,1999-09-01
WNDXQ,1999-10-01
WNDXQ,1999-11-01
WNDXQ,1999-12-01
WNDXQ,2000-01-01
WNDXQ,2000-02-01
WNDXQ,2000-03-01
WNDXQ,2000-04-01
WNDXQ,2000-05-01
WNDXQ,2000-06-01
WNDXQ,2000-07-01
WNDXQ,2000-08-01
WNDXQ,2000-09-01
WNDXQ,2000-10-01
WNDXQ,2000-11-01
WNDXQ,2000-12-01
WNDXQ,2001-01-01
WNDXQ,2001-02-01
WNDXQ,2001-03-01
WNDXQ,2001-04-01
WNDXQ,2001-05-01
WNDXQ,2001-06-01
WNDXQ,2001-07-01
WNDXQ,2001-08-01
WNDXQ,2001-09-01
WNDXQ,2001-10-01
WNDXQ,2001-11-01
WNDXQ,2001-12-01
WNDXQ,2002-01-01
WNDXQ,2002-02-01
WNDXQ,2002-03-01
WNDXQ,2002-04-01
WNDXQ,2002-05-01
WNDXQ,2002-06-01
WNDXQ,2002-07-01
WNDXQ,2002-08-01
WNDXQ,2002-09-01
WNDXQ,2002-10-01
WNDXQ,2002-11-01
WNDXQ,2002-12-01
WNDXQ,2003-01-01
WNDXQ,2003-02-01
WNDXQ,2003-03-01
WNDXQ,2003-04-01
WNDXQ,2003-05-01
WNDXQ,2003-06-01
WNDXQ,2003-07-01
WNDXQ,2003-08-01
WNDXQ,2003-09-01
WNDXQ,2003-10-01
WNDXQ,2003-11-01
WNDXQ,2003-12-01
WNDXQ,2004-01-01
WNDXQ,2004-02-01
WNDXQ,2004-03-01
WNDXQ,2004-04-01
WNDXQ,2004-05-01
WNDXQ,2004-06-01
WNDXQ,2004-07-01
WNDXQ,2004-08-01
WNDXQ,2004-09-01
WNDXQ,2004-10-01
WNDXQ,2004-11-01
WNDXQ,2004-12-01
WPX,2012-02-01
WPX,2012-03-01
WPX,2012-04-01
WPX,2012-05-01
WPX,2012-06-01
WPX,2012-07-01
WPX,2012-08-01
WPX,2012-09-01
WPX,2012-10-01
WPX,2012-11-01
WPX,2012-12-01
WPX,2013-01-01
WPX,2013-02-01
WPX,2013-03-01
WPX,2013-04-01
WPX,2013-05-01
WPX,2013-06-01
WPX,2013-07-01
WPX,2013-08-01
WPX,2013-09-01
WPX,2013-10-01
WPX,2013-11-01
WPX,2013-12-01
WPX,2014-01-01
WPX,2014-02-01
WPX,2014-03-01
WRK,2015-08-01
WRK,2015-09-01
WRK,2015-10-01
WRK,2015-11-01
WRK,2015-12-01
WRK,2016-01-01
WRK,2016-02-01
WRK,2016-03-01
WRK,2016-04-01
WRK,2016-05-01
WRK,2016-06-01
WRK,2016-07-01
WRK,2016-08-01
WRK,2016-09-01
WRK,2016-10-01
WRK,2016-11-01
WRK,2016-12-01
WRK,2017-01-01
WRK,2017-02-01
WRK,2017-03-01
WRK,2017-04-01
WRK,2017-05-01
WRK,2017-06-01
WRK,2017-07-01
WRK,2017-08-01
WRK,2017-09-01
WRK,2017-10-01
WRK,2017-11-01
WRK,2017-12-01
WRK,2018-01-01
WRK,2018-02-01
WRK,2018-03-01
WRK,2018-04-01
WRK,2018-05-01
WRK,2018-06-01
WRK,2018-07-01
WRK,2018-08-01
WRK,2018-09-01
WRK,2018-10-01
WRK,2018-11-01
WRK,2018-12-01
WRK,2019-01-01
WRK,2019-02-01
WRK,2019-03-01
WRK,2019-04-01
WRK,2019-05-01
WRK,2019-06-01
WRK,2019-07-01
WRK,2019-08-01
WRK,2019-09-01
WRK,2019-10-01
WRK,2019-11-01
WRK,2019-12-01
WRK,2020-01-01
WRK,2020-02-01
WRK,2020-03-01
WRK,2020-04-01
WRK,2020-05-01
WRK,2020-06-01
WRK,2020-07-01
WRK,2020-08-01
WRK,2020-09-01
WRK,2020-10-01
WRK,2020-11-01
WRK,2020-12-01
WRK,2021-01-01
WRK,2021-02-01
WRK,2021-03-01
WRK,2021-04-01
WRK,2021-05-01
WRK,2021-06-01
WRK,2021-07-01
WRK,2021-08-01
WRK,2021-09-01
WRK,2021-10-01
WRK,2021-11-01
WRK,2021-12-01
WRK,2022-01-01
WRK,2022-02-01
WRK,2022-03-01
WRK,2022-04-01
WRK,2022-05-01
WRK,2022-06-01
WRK,2022-07-01
WRK,2022-08-01
WRK,2022-09-01
WRK,2022-10-01
WRK,2022-11-01
WRK,2022-12-01
WRK,2023-01-01
WRK,2023-02-01
WRK,2023-03-01
WRK,2023-04-01
WRK,2023-05-01
WRK,2023-06-01
WRK,2023-07-01
WRK,2023-08-01
WRK,2023-09-01
WRK,2023-10-01
WRK,2023-11-01
WRK,2023-12-01
WRK,2024-01-01
WRK,2024-02-01
WRK,2024-03-01
WRK,2024-04-01
WRK,2024-05-01
WRK,2024-06-01
WRK,2024-07-01
WWY,1996-02-01
WWY,1996-03-01
WWY,1996-04-01
WWY,1996-05-01
WWY,1996-06-01
WWY,1996-07-01
WWY,1996-08-01
WWY,1996-09-01
WWY,1996-10-01
WWY,1996-11-01
WWY,1996-12-01
WWY,1997-01-01
WWY,1997-02-01
WWY,1997-03-01
WWY,1997-04-01
WWY,1997-05-01
WWY,1997-06-01
WWY,1997-07-01
WWY,1997-08-01
WWY,1997-09-01
WWY,1997-10-01
WWY,1997-11-01
WWY,1997-12-01
WWY,1998-01-01
WWY,1998-02-01
WWY,1998-03-01
WWY,1998-04-01
WWY,1998-05-01
WWY,1998-06-01
WWY,1998-07-01
WWY,1998-08-01
WWY,1998-09-01
WWY,1998-10-01
WWY,1998-11-01
WWY,1998-12-01
WWY,1999-01-01
WWY,1999-02-01
WWY,1999-03-01
WWY,1999-04-01
WWY,1999-05-01
WWY,1999-06-01
WWY,1999-07-01
WWY,1999-08-01
WWY,1999-09-01
WWY,1999-10-01
WWY,1999-11-01
WWY,1999-12-01
WWY,2000-01-01
WWY,2000-02-01
WWY,2000-03-01
WWY,2000-04-01
WWY,2000-05-01
WWY,2000-06-01
WWY,2000-07-01
WWY,2000-08-01
WWY,2000-09-01
WWY,2000-10-01
WWY,2000-11-01
WWY,2000-12-01
WWY,2001-01-01
WWY,2001-02-01
WWY,2001-03-01
WWY,2001-04-01
WWY,2001-05-01
WWY,2001-06-01
WWY,2001-07-01
WWY,2001-08-01
WWY,2001-09-01
WWY,2001-10-01
WWY,2001-11-01
WWY,2001-12-01
WWY,2002-01-01
WWY,2002-02-01
WWY,2002-03-01
WWY,2002-04-01
WWY,2002-05-01
WWY,2002-06-01
WWY,2002-07-01
WWY,2002-08-01
WWY,2002-09-01
WWY,2002-10-01
WWY,2002-11-01
WWY,2002-12-01
WWY,2003-01-01
WWY,2003-02-01
WWY,2003-03-01
WWY,2003-04-01
WWY,2003-05-01
WWY,2003-06-01
WWY,2003-07-01
WWY,2003-08-01
WWY,2003-09-01
WWY,2003-10-01
WWY,2003-11-01
WWY,2003-12-01
WWY,2004-01-01
WWY,2004-02-01
WWY,2004-03-01
WWY,2004-04-01
WWY,2004-05-01
WWY,2004-06-01
WWY,2004-07-01
WWY,2004-08-01
WWY,2004-09-01
WWY,2004-10-01
WWY,2004-11-01
WWY,2004-12-01
WWY,2005-01-01
WWY,2005-02-01
WWY,2005-03-01
WWY,2005-04-01
WWY,2005-05-01
WWY,2005-06-01
WWY,2005-07-01
WWY,2005-08-01
WWY,2005-09-01
WWY,2005-10-01
WWY,2005-11-01
WWY,2005-12-01
WWY,2006-01-01
WWY,2006-02-01
WWY,2006-03-01
WWY,2006-04-01
WWY,2006-05-01
WWY,2006-06-01
WWY,2006-07-01
WWY,2006-08-01
WWY,2006-09-01
WWY,2006-10-01
WWY,2006-11-01
WWY,2006-12-01
WWY,2007-01-01
WWY,2007-02-01
WWY,2007-03-01
WWY,2007-04-01
WWY,2007-05-01
WWY,2007-06-01
WWY,2007-07-01
WWY,2007-08-01
WWY,2007-09-01
WWY,2007-10-01
WWY,2007-11-01
WWY,2007-12-01
WWY,2008-01-01
WWY,2008-02-01
WWY,2008-03-01
WWY,2008-04-01
WWY,2008-05-01
WWY,2008-06-01
WWY,2008-07-01
WWY,2008-08-01
WWY,2008-09-01
WWY,2008-10-01
WYE,1996-02-01
WYE,1996-03-01
WYE,1996-04-01
WYE,1996-05-01
WYE,1996-06-01
WYE,1996-07-01
WYE,1996-08-01
WYE,1996-09-01
WYE,1996-10-01
WYE,1996-11-01
WYE,1996-12-01
WYE,1997-01-01
WYE,1997-02-01
WYE,1997-03-01
WYE,1997-04-01
WYE,1997-05-01
WYE,1997-06-01
WYE,1997-07-01
WYE,1997-08-01
WYE,1997-09-01
WYE,1997-10-01
WYE,1997-11-01
WYE,1997-12-01
WYE,1998-01-01
WYE,1998-02-01
WYE,1998-03-01
WYE,1998-04-01
WYE,1998-05-01
WYE,1998-06-01
WYE,1998-07-01
WYE,1998-08-01
WYE,1998-09-01
WYE,1998-10-01
WYE,1998-11-01
WYE,1998-12-01
WYE,1999-01-01
WYE,1999-02-01
WYE,1999-03-01
WYE,1999-04-01
WYE,1999-05-01
WYE,1999-06-01
WYE,1999-07-01
WYE,1999-08-01
WYE,1999-09-01
WYE,1999-10-01
WYE,1999-11-01
WYE,1999-12-01
WYE,2000-01-01
WYE,2000-02-01
WYE,2000-03-01
WYE,2000-04-01
WYE,2000-05-01
WYE,2000-06-01
WYE,2000-07-01
WYE,2000-08-01
WYE,2000-09-01
WYE,2000-10-01
WYE,2000-11-01
WYE,2000-12-01
WYE,2001-01-01
WYE,2001-02-01
WYE,2001-03-01
WYE,2001-04-01
WYE,2001-05-01
WYE,2001-06-01
WYE,2001-07-01
WYE,2001-08-01
WYE,2001-09-01
WYE,2001-10-01
WYE,2001-11-01
WYE,2001-12-01
WYE,2002-01-01
WYE,2002-02-01
WYE,2002-03-01
WYE,2002-04-01
WYE,2002-05-01
WYE,2002-06-01
WYE,2002-07-01
WYE,2002-08-01
WYE,2002-09-01
WYE,2002-10-01
WYE,2002-11-01
WYE,2002-12-01
WYE,2003-01-01
WYE,2003-02-01
WYE,2003-03-01
WYE,2003-04-01
WYE,2003-05-01
WYE,2003-06-01
WYE,2003-07-01
WYE,2003-08-01
WYE,2003-09-01
WYE,2003-10-01
WYE,2003-11-01
WYE,2003-12-01
WYE,2004-01-01
WYE,2004-02-01
WYE,2004-03-01
WYE,2004-04-01
WYE,2004-05-01
WYE,2004-06-01
WYE,2004-07-01
WYE,2004-08-01
WYE,2004-09-01
WYE,2004-10-01
WYE,2004-11-01
WYE,2004-12-01
WYE,2005-01-01
WYE,2005-02-01
WYE,2005-03-01
WYE,2005-04-01
WYE,2005-05-01
WYE,2005-06-01
WYE,2005-07-01
WYE,2005-08-01
WYE,2005-09-01
WYE,2005-10-01
WYE,2005-11-01
WYE,2005-12-01
WYE,2006-01-01
WYE,2006-02-01
WYE,2006-03-01
WYE,2006-04-01
WYE,2006-05-01
WYE,2006-06-01
WYE,2006-07-01
WYE,2006-08-01
WYE,2006-09-01
WYE,2006-10-01
WYE,2006-11-01
WYE,2006-12-01
WYE,2007-01-01
WYE,2007-02-01
WYE,2007-03-01
WYE,2007-04-01
WYE,2007-05-01
WYE,2007-06-01
WYE,2007-07-01
WYE,2007-08-01
WYE,2007-09-01
WYE,2007-10-01
WYE,2007-11-01
WYE,2007-12-01
WYE,2008-01-01
WYE,2008-02-01
WYE,2008-03-01
WYE,2008-04-01
WYE,2008-05-01
WYE,2008-06-01
WYE,2008-07-01
WYE,2008-08-01
WYE,2008-09-01
WYE,2008-10-01
WYE,2008-11-01
WYE,2008-12-01
WYE,2009-01-01
WYE,2009-02-01
WYE,2009-03-01
WYE,2009-04-01
WYE,2009-05-01
WYE,2009-06-01
WYE,2009-07-01
WYE,2009-08-01
WYE,2009-09-01
WYE,2009-10-01
WYND,2006-08-01
WYND,2006-09-01
WYND,2006-10-01
WYND,2006-11-01
WYND,2006-12-01
WYND,2007-01-01
WYND,2007-02-01
WYND,2007-03-01
WYND,2007-04-01
WYND,2007-05-01
WYND,2007-06-01
WYND,2007-07-01
WYND,2007-08-01
WYND,2007-09-01
WYND,2007-10-01
WYND,2007-11-01
WYND,2007-12-01
WYND,2008-01-01
WYND,2008-02-01
WYND,2008-03-01
WYND,2008-04-01
WYND,2008-05-01
WYND,2008-06-01
WYND,2008-07-01
WYND,2008-08-01
WYND,2008-09-01
WYND,2008-10-01
WYND,2008-11-01
WYND,2008-12-01
WYND,2009-01-01
WYND,2009-02-01
WYND,2009-03-01
WYND,2009-04-01
WYND,2009-05-01
WYND,2009-06-01
WYND,2009-07-01
WYND,2009-08-01
WYND,2009-09-01
WYND,2009-10-01
WYND,2009-11-01
WYND,2009-12-01
WYND,2010-01-01
WYND,2010-02-01
WYND,2010-03-01
WYND,2010-04-01
WYND,2010-05-01
WYND,2010-06-01
WYND,2010-07-01
WYND,2010-08-01
WYND,2010-09-01
WYND,2010-10-01
WYND,2010-11-01
WYND,2010-12-01
WYND,2011-01-01
WYND,2011-02-01
WYND,2011-03-01
WYND,2011-04-01
WYND,2011-05-01
WYND,2011-06-01
WYND,2011-07-01
WYND,2011-08-01
WYND,2011-09-01
WYND,2011-10-01
WYND,2011-11-01
WYND,2011-12-01
WYND,2012-01-01
WYND,2012-02-01
WYND,2012-03-01
WYND,2012-04-01
WYND,2012-05-01
WYND,2012-06-01
WYND,2012-07-01
WYND,2012-08-01
WYND,2012-09-01
WYND,2012-10-01
WYND,2012-11-01
WYND,2012-12-01
WYND,2013-01-01
WYND,2013-02-01
WYND,2013-03-01
WYND,2013-04-01
WYND,2013-05-01
WYND,2013-06-01
WYND,2013-07-01
WYND,2013-08-01
WYND,2013-09-01
WYND,2013-10-01
WYND,2013-11-01
WYND,2013-12-01
WYND,2014-01-01
WYND,2014-02-01
WYND,2014-03-01
WYND,2014-04-01
WYND,2014-05-01
WYND,2014-06-01
WYND,2014-07-01
WYND,2014-08-01
WYND,2014-09-01
WYND,2014-10-01
WYND,2014-11-01
WYND,2014-12-01
WYND,2015-01-01
WYND,2015-02-01
WYND,2015-03-01
WYND,2015-04-01
WYND,2015-05-01
WYND,2015-06-01
WYND,2015-07-01
WYND,2015-08-01
WYND,2015-09-01
WYND,2015-10-01
WYND,2015-11-01
WYND,2015-12-01
WYND,2016-01-01
WYND,2016-02-01
WYND,2016-03-01
WYND,2016-04-01
WYND,2016-05-01
WYND,2016-06-01
WYND,2016-07-01
WYND,2016-08-01
WYND,2016-09-01
WYND,2016-10-01
WYND,2016-11-01
WYND,2016-12-01
WYND,2017-01-01
WYND,2017-02-01
WYND,2017-03-01
WYND,2017-04-01
WYND,2017-05-01
WYND,2017-06-01
WYND,2017-07-01
WYND,2017-08-01
WYND,2017-09-01
WYND,2017-10-01
WYND,2017-11-01
WYND,2017-12-01
WYND,2018-01-01
WYND,2018-02-01
WYND,2018-03-01
WYND,2018-04-01
WYND,2018-05-01
X,1996-02-01
X,1996-03-01
X,1996-04-01
X,1996-05-01
X,1996-06-01
X,1996-07-01
X,1996-08-01
X,1996-09-01
X,1996-10-01
X,1996-11-01
X,1996-12-01
X,1997-01-01
X,1997-02-01
X,1997-03-01
X,1997-04-01
X,1997-05-01
X,1997-06-01
X,1997-07-01
X,1997-08-01
X,1997-09-01
X,1997-10-01
X,1997-11-01
X,1997-12-01
X,1998-01-01
X,1998-02-01
X,1998-03-01
X,1998-04-01
X,1998-05-01
X,1998-06-01
X,1998-07-01
X,1998-08-01
X,1998-09-01
X,1998-10-01
X,1998-11-01
X,1998-12-01
X,1999-01-01
X,1999-02-01
X,1999-03-01
X,1999-04-01
X,1999-05-01
X,1999-06-01
X,1999-07-01
X,1999-08-01
X,1999-09-01
X,1999-10-01
X,1999-11-01
X,1999-12-01
X,2000-01-01
X,2000-02-01
X,2000-03-01
X,2000-04-01
X,2000-05-01
X,2000-06-01
X,2000-07-01
X,2000-08-01
X,2000-09-01
X,2000-10-01
X,2000-11-01
X,2000-12-01
X,2001-01-01
X,2001-02-01
X,2001-03-01
X,2001-04-01
X,2001-05-01
X,2001-06-01
X,2001-07-01
X,2001-08-01
X,2001-09-01
X,2001-10-01
X,2001-11-01
X,2001-12-01
X,2002-01-01
X,2002-02-01
X,2002-03-01
X,2002-04-01
X,2002-05-01
X,2002-06-01
X,2002-07-01
X,2002-08-01
X,2002-09-01
X,2002-10-01
X,2002-11-01
X,2002-12-01
X,2003-01-01
X,2003-02-01
X,2003-03-01
X,2003-04-01
X,2003-05-01
X,2003-06-01
X,2003-07-01
X,2003-08-01
X,2003-09-01
X,2003-10-01
X,2003-11-01
X,2003-12-01
X,2004-01-01
X,2004-02-01
X,2004-03-01
X,2004-04-01
X,2004-05-01
X,2004-06-01
X,2004-07-01
X,2004-08-01
X,2004-09-01
X,2004-10-01
X,2004-11-01
X,2004-12-01
X,2005-01-01
X,2005-02-01
X,2005-03-01
X,2005-04-01
X,2005-05-01
X,2005-06-01
X,2005-07-01
X,2005-08-01
X,2005-09-01
X,2005-10-01
X,2005-11-01
X,2005-12-01
X,2006-01-01
X,2006-02-01
X,2006-03-01
X,2006-04-01
X,2006-05-01
X,2006-06-01
X,2006-07-01
X,2006-08-01
X,2006-09-01
X,2006-10-01
X,2006-11-01
X,2006-12-01
X,2007-01-01
X,2007-02-01
X,2007-03-01
X,2007-04-01
X,2007-05-01
X,2007-06-01
X,2007-07-01
X,2007-08-01
X,2007-09-01
X,2007-10-01
X,2007-11-01
X,2007-12-01
X,2008-01-01
X,2008-02-01
X,2008-03-01
X,2008-04-01
X,2008-05-01
X,2008-06-01
X,2008-07-01
X,2008-08-01
X,2008-09-01
X,2008-10-01
X,2008-11-01
X,2008-12-01
X,2009-01-01
X,2009-02-01
X,2009-03-01
X,2009-04-01
X,2009-05-01
X,2009-06-01
X,2009-07-01
X,2009-08-01
X,2009-09-01
X,2009-10-01
X,2009-11-01
X,2009-12-01
X,2010-01-01
X,2010-02-01
X,2010-03-01
X,2010-04-01
X,2010-05-01
X,2010-06-01
X,2010-07-01
X,2010-08-01
X,2010-09-01
X,2010-10-01
X,2010-11-01
X,2010-12-01
X,2011-01-01
X,2011-02-01
X,2011-03-01
X,2011-04-01
X,2011-05-01
X,2011-06-01
X,2011-07-01
X,2011-08-01
X,2011-09-01
X,2011-10-01
X,2011-11-01
X,2011-12-01
X,2012-01-01
X,2012-02-01
X,2012-03-01
X,2012-04-01
X,2012-05-01
X,2012-06-01
X,2012-07-01
X,2012-08-01
X,2012-09-01
X,2012-10-01
X,2012-11-01
X,2012-12-01
X,2013-01-01
X,2013-02-01
X,2013-03-01
X,2013-04-01
X,2013-05-01
X,2013-06-01
X,2013-07-01
X,2013-08-01
X,2013-09-01
X,2013-10-01
X,2013-11-01
X,2013-12-01
X,2014-01-01
X,2014-02-01
X,2014-03-01
X,2014-04-01
X,2014-05-01
X,2014-06-01
X,2014-07-01
XEC,2014-07-01
XEC,2014-08-01
XEC,2014-09-01
XEC,2014-10-01
XEC,2014-11-01
XEC,2014-12-01
XEC,2015-01-01
XEC,2015-02-01
XEC,2015-03-01
XEC,2015-04-01
XEC,2015-05-01
XEC,2015-06-01
XEC,2015-07-01
XEC,2015-08-01
XEC,2015-09-01
XEC,2015-10-01
XEC,2015-11-01
XEC,2015-12-01
XEC,2016-01-01
XEC,2016-02-01
XEC,2016-03-01
XEC,2016-04-01
XEC,2016-05-01
XEC,2016-06-01
XEC,2016-07-01
XEC,2016-08-01
XEC,2016-09-01
XEC,2016-10-01
XEC,2016-11-01
XEC,2016-12-01
XEC,2017-01-01
XEC,2017-02-01
XEC,2017-03-01
XEC,2017-04-01
XEC,2017-05-01
XEC,2017-06-01
XEC,2017-07-01
XEC,2017-08-01
XEC,2017-09-01
XEC,2017-10-01
XEC,2017-11-01
XEC,2017-12-01
XEC,2018-01-01
XEC,2018-02-01
XEC,2018-03-01
XEC,2018-04-01
XEC,2018-05-01
XEC,2018-06-01
XEC,2018-07-01
XEC,2018-08-01
XEC,2018-09-01
XEC,2018-10-01
XEC,2018-11-01
XEC,2018-12-01
XEC,2019-01-01
XEC,2019-02-01
XEC,2019-03-01
XEC,2019-04-01
XEC,2019-05-01
XEC,2019-06-01
XEC,2019-07-01
XEC,2019-08-01
XEC,2019-09-01
XEC,2019-10-01
XEC,2019-11-01
XEC,2019-12-01
XEC,2020-01-01
XEC,2020-02-01
XEC,2020-03-01
XL,2001-10-01
XL,2001-11-01
XL,2001-12-01
XL,2002-01-01
XL,2002-02-01
XL,2002-03-01
XL,2002-04-01
XL,2002-05-01
XL,2002-06-01
XL,2002-07-01
XL,2002-08-01
XL,2002-09-01
XL,2002-10-01
XL,2002-11-01
XL,2002-12-01
XL,2003-01-01
XL,2003-02-01
XL,2003-03-01
XL,2003-04-01
XL,2003-05-01
XL,2003-06-01
XL,2003-07-01
XL,2003-08-01
XL,2003-09-01
XL,2003-10-01
XL,2003-11-01
XL,2003-12-01
XL,2004-01-01
XL,2004-02-01
XL,2004-03-01
XL,2004-04-01
XL,2004-05-01
XL,2004-06-01
XL,2004-07-01
XL,2004-08-01
XL,2004-09-01
XL,2004-10-01
XL,2004-11-01
XL,2004-12-01
XL,2005-01-01
XL,2005-02-01
XL,2005-03-01
XL,2005-04-01
XL,2005-05-01
XL,2005-06-01
XL,2005-07-01
XL,2005-08-01
XL,2005-09-01
XL,2005-10-01
XL,2005-11-01
XL,2005-12-01
XL,2006-01-01
XL,2006-02-01
XL,2006-03-01
XL,2006-04-01
XL,2006-05-01
XL,2006-06-01
XL,2006-07-01
XL,2006-08-01
XL,2006-09-01
XL,2006-10-01
XL,2006-11-01
XL,2006-12-01
XL,2007-01-01
XL,2007-02-01
XL,2007-03-01
XL,2007-04-01
XL,2007-05-01
XL,2007-06-01
XL,2007-07-01
XL,2007-08-01
XL,2007-09-01
XL,2007-10-01
XL,2007-11-01
XL,2007-12-01
XL,2008-01-01
XL,2008-02-01
XL,2008-03-01
XL,2008-04-01
XL,2008-05-01
XL,2008-06-01
XL,2008-07-01
XL,2008-08-01
XL,2008-09-01
XL,2008-10-01
XL,2008-11-01
XL,2008-12-01
XL,2009-01-01
XL,2009-02-01
XL,2009-03-01
XL,2009-04-01
XL,2009-05-01
XL,2009-06-01
XL,2009-07-01
XL,2009-08-01
XL,2009-09-01
XL,2009-10-01
XL,2009-11-01
XL,2009-12-01
XL,2010-01-01
XL,2010-02-01
XL,2010-03-01
XL,2010-04-01
XL,2010-05-01
XL,2010-06-01
XL,2010-07-01
XL,2010-08-01
XL,2010-09-01
XL,2010-10-01
XL,2010-11-01
XL,2010-12-01
XL,2011-01-01
XL,2011-02-01
XL,2011-03-01
XL,2011-04-01
XL,2011-05-01
XL,2011-06-01
XL,2011-07-01
XL,2011-08-01
XL,2011-09-01
XL,2011-10-01
XL,2011-11-01
XL,2011-12-01
XL,2012-01-01
XL,2012-02-01
XL,2012-03-01
XL,2012-04-01
XL,2012-05-01
XL,2012-06-01
XL,2012-07-01
XL,2012-08-01
XL,2012-09-01
XL,2012-10-01
XL,2012-11-01
XL,2012-12-01
XL,2013-01-01
XL,2013-02-01
XL,2013-03-01
XL,2013-04-01
XL,2013-05-01
XL,2013-06-01
XL,2013-07-01
XL,2013-08-01
XL,2013-09-01
XL,2013-10-01
XL,2013-11-01
XL,2013-12-01
XL,2014-01-01
XL,2014-02-01
XL,2014-03-01
XL,2014-04-01
XL,2014-05-01
XL,2014-06-01
XL,2014-07-01
XL,2014-08-01
XL,2014-09-01
XL,2014-10-01
XL,2014-11-01
XL,2014-12-01
XL,2015-01-01
XL,2015-02-01
XL,2015-03-01
XL,2015-04-01
XL,2015-05-01
XL,2015-06-01
XL,2015-07-01
XL,2015-08-01
XL,2015-09-01
XL,2015-10-01
XL,2015-11-01
XL,2015-12-01
XL,2016-01-01
XL,2016-02-01
XL,2016-03-01
XL,2016-04-01
XL,2016-05-01
XL,2016-06-01
XL,2016-07-01
XL,2016-08-01
XL,2016-09-01
XL,2016-10-01
XL,2016-11-01
XL,2016-12-01
XL,2017-01-01
XL,2017-02-01
XL,2017-03-01
XL,2017-04-01
XL,2017-05-01
XL,2017-06-01
XL,2017-07-01
XL,2017-08-01
XL,2017-09-01
XL,2017-10-01
XL,2017-11-01
XL,2017-12-01
XL,2018-01-01
XL,2018-02-01
XL,2018-03-01
XL,2018-04-01
XL,2018-05-01
XL,2018-06-01
XL,2018-07-01
XL,2018-08-01
XL,2018-09-01
XLNX,1999-12-01
XLNX,2000-01-01
XLNX,2000-02-01
XLNX,2000-03-01
XLNX,2000-04-01
XLNX,2000-05-01
XLNX,2000-06-01
XLNX,2000-07-01
XLNX,2000-08-01
XLNX,2000-09-01
XLNX,2000-10-01
XLNX,2000-11-01
XLNX,2000-12-01
XLNX,2001-01-01
XLNX,2001-02-01
XLNX,2001-03-01
XLNX,2001-04-01
XLNX,2001-05-01
XLNX,2001-06-01
XLNX,2001-07-01
XLNX,2001-08-01
XLNX,2001-09-01
XLNX,2001-10-01
XLNX,2001-11-01
XLNX,2001-12-01
XLNX,2002-01-01
XLNX,2002-02-01
XLNX,2002-03-01
XLNX,2002-04-01
XLNX,2002-05-01
XLNX,2002-06-01
XLNX,2002-07-01
XLNX,2002-08-01
XLNX,2002-09-01
XLNX,2002-10-01
XLNX,2002-11-01
XLNX,2002-12-01
XLNX,2003-01-01
XLNX,2003-02-01
XLNX,2003-03-01
XLNX,2003-04-01
XLNX,2003-05-01
XLNX,2003-06-01
XLNX,2003-07-01
XLNX,2003-08-01
XLNX,2003-09-01
XLNX,2003-10-01
XLNX,2003-11-01
XLNX,2003-12-01
XLNX,2004-01-01
XLNX,2004-02-01
XLNX,2004-03-01
XLNX,2004-04-01
XLNX,2004-05-01
XLNX,2004-06-01
XLNX,2004-07-01
XLNX,2004-08-01
XLNX,2004-09-01
XLNX,2004-10-01
XLNX,2004-11-01
XLNX,2004-12-01
XLNX,2005-01-01
XLNX,2005-02-01
XLNX,2005-03-01
XLNX,2005-04-01
XLNX,2005-05-01
XLNX,2005-06-01
XLNX,2005-07-01
XLNX,2005-08-01
XLNX,2005-09-01
XLNX,2005-10-01
XLNX,2005-11-01
XLNX,2005-12-01
XLNX,2006-01-01
XLNX,2006-02-01
XLNX,2006-03-01
XLNX,2006-04-01
XLNX,2006-05-01
XLNX,2006-06-01
XLNX,2006-07-01
XLNX,2006-08-01
XLNX,2006-09-01
XLNX,2006-10-01
XLNX,2006-11-01
XLNX,2006-12-01
XLNX,2007-01-01
XLNX,2007-02-01
XLNX,2007-03-01
XLNX,2007-04-01
XLNX,2007-05-01
XLNX,2007-06-01
XLNX,2007-07-01
XLNX,2007-08-01
XLNX,2007-09-01
XLNX,2007-10-01
XLNX,2007-11-01
XLNX,2007-12-01
XLNX,2008-01-01
XLNX,2008-02-01
XLNX,2008-03-01
XLNX,2008-04-01
XLNX,2008-05-01
XLNX,2008-06-01
XLNX,2008-07-01
XLNX,2008-08-01
XLNX,2008-09-01
XLNX,2008-10-01
XLNX,2008-11-01
XLNX,2008-12-01
XLNX,2009-01-01
XLNX,2009-02-01
XLNX,2009-03-01
XLNX,2009-04-01
XLNX,2009-05-01
XLNX,2009-06-01
XLNX,2009-07-01
XLNX,2009-08-01
XLNX,2009-09-01
XLNX,2009-10-01
XLNX,2009-11-01
XLNX,2009-12-01
XLNX,2010-01-01
XLNX,2010-02-01
XLNX,2010-03-01
XLNX,2010-04-01
XLNX,2010-05-01
XLNX,2010-06-01
XLNX,2010-07-01
XLNX,2010-08-01
XLNX,2010-09-01
XLNX,2010-10-01
XLNX,2010-11-01
XLNX,2010-12-01
XLNX,2011-01-01
XLNX,2011-02-01
XLNX,2011-03-01
XLNX,2011-04-01
XLNX,2011-05-01
XLNX,2011-06-01
XLNX,2011-07-01
XLNX,2011-08-01
XLNX,2011-09-01
XLNX,2011-10-01
XLNX,2011-11-01
XLNX,2011-12-01
XLNX,2012-01-01
XLNX,2012-02-01
XLNX,2012-03-01
XLNX,2012-04-01
XLNX,2012-05-01
XLNX,2012-06-01
XLNX,2012-07-01
XLNX,2012-08-01
XLNX,2012-09-01
XLNX,2012-10-01
XLNX,2012-11-01
XLNX,2012-12-01
XLNX,2013-01-01
XLNX,2013-02-01
XLNX,2013-03-01
XLNX,2013-04-01
XLNX,2013-05-01
XLNX,2013-06-01
XLNX,2013-07-01
XLNX,2013-08-01
XLNX,2013-09-01
XLNX,2013-10-01
XLNX,2013-11-01
XLNX,2013-12-01
XLNX,2014-01-01
XLNX,2014-02-01
XLNX,2014-03-01
XLNX,2014-04-01
XLNX,2014-05-01
XLNX,2014-06-01
XLNX,2014-07-01
XLNX,2014-08-01
XLNX,2014-09-01
XLNX,2014-10-01
XLNX,2014-11-01
XLNX,2014-12-01
XLNX,2015-01-01
XLNX,2015-02-01
XLNX,2015-03-01
XLNX,2015-04-01
XLNX,2015-05-01
XLNX,2015-06-01
XLNX,2015-07-01
XLNX,2015-08-01
XLNX,2015-09-01
XLNX,2015-10-01
XLNX,2015-11-01
XLNX,2015-12-01
XLNX,2016-01-01
XLNX,2016-02-01
XLNX,2016-03-01
XLNX,2016-04-01
XLNX,2016-05-01
XLNX,2016-06-01
XLNX,2016-07-01
XLNX,2016-08-01
XLNX,2016-09-01
XLNX,2016-10-01
XLNX,2016-11-01
XLNX,2016-12-01
XLNX,2017-01-01
XLNX,2017-02-01
XLNX,2017-03-01
XLNX,2017-04-01
XLNX,2017-05-01
XLNX,2017-06-01
XLNX,2017-07-01
XLNX,2017-08-01
XLNX,2017-09-01
XLNX,2017-10-01
XLNX,2017-11-01
XLNX,2017-12-01
XLNX,2018-01-01
XLNX,2018-02-01
XLNX,2018-03-01
XLNX,2018-04-01
XLNX,2018-05-01
XLNX,2018-06-01
XLNX,2018-07-01
XLNX,2018-08-01
XLNX,2018-09-01
XLNX,2018-10-01
XLNX,2018-11-01
XLNX,2018-12-01
XLNX,2019-01-01
XLNX,2019-02-01
XLNX,2019-03-01
XLNX,2019-04-01
XLNX,2019-05-01
XLNX,2019-06-01
XLNX,2019-07-01
XLNX,2019-08-01
XLNX,2019-09-01
XLNX,2019-10-01
XLNX,2019-11-01
XLNX,2019-12-01
XLNX,2020-01-01
XLNX,2020-02-01
XLNX,2020-03-01
XLNX,2020-04-01
XLNX,2020-05-01
XLNX,2020-06-01
XLNX,2020-07-01
XLNX,2020-08-01
XLNX,2020-09-01
XLNX,2020-10-01
XLNX,2020-11-01
XLNX,2020-12-01
XLNX,2021-01-01
XLNX,2021-02-01
XLNX,2021-03-01
XLNX,2021-04-01
XLNX,2021-05-01
XLNX,2021-06-01
XLNX,2021-07-01
XLNX,2021-08-01
XLNX,2021-09-01
XLNX,2021-10-01
XLNX,2021-11-01
XLNX,2021-12-01
XLNX,2022-01-01
XLNX,2022-02-01
XTO,2005-01-01
XTO,2005-02-01
XTO,2005-03-01
XTO,2005-04-01
XTO,2005-05-01
XTO,2005-06-01
XTO,2005-07-01
XTO,2005-08-01
XTO,2005-09-01
XTO,2005-10-01
XTO,2005-11-01
XTO,2005-12-01
XTO,2006-01-01
XTO,2006-02-01
XTO,2006-03-01
XTO,2006-04-01
XTO,2006-05-01
XTO,2006-06-01
XTO,2006-07-01
XTO,2006-08-01
XTO,2006-09-01
XTO,2006-10-01
XTO,2006-11-01
XTO,2006-12-01
XTO,2007-01-01
XTO,2007-02-01
XTO,2007-03-01
XTO,2007-04-01
XTO,2007-05-01
XTO,2007-06-01
XTO,2007-07-01
XTO,2007-08-01
XTO,2007-09-01
XTO,2007-10-01
XTO,2007-11-01
XTO,2007-12-01
XTO,2008-01-01
XTO,2008-02-01
XTO,2008-03-01
XTO,2008-04-01
XTO,2008-05-01
XTO,2008-06-01
XTO,2008-07-01
XTO,2008-08-01
XTO,2008-09-01
XTO,2008-10-01
XTO,2008-11-01
XTO,2008-12-01
XTO,2009-01-01
XTO,2009-02-01
XTO,2009-03-01
XTO,2009-04-01
XTO,2009-05-01
XTO,2009-06-01
XTO,2009-07-01
XTO,2009-08-01
XTO,2009-09-01
XTO,2009-10-01
XTO,2009-11-01
XTO,2009-12-01
XTO,2010-01-01
XTO,2010-02-01
XTO,2010-03-01
XTO,2010-04-01
XTO,2010-05-01
XTO,2010-06-01
YNR,2000-02-01
YNR,2000-03-01
YNR,2000-04-01
YNR,2000-05-01
YNR,2000-06-01
YNR,2000-07-01
YNR,2000-08-01
YNR,2000-09-01
YNR,2000-10-01
YRCW,1996-02-01
YRCW,1996-03-01
YRCW,1996-04-01
YRCW,1996-05-01
YRCW,1996-06-01
YRCW,1996-07-01
YRCW,1996-08-01
YRCW,1996-09-01
YRCW,1996-10-01
YRCW,1996-11-01
