strategy,rebalance_date,next_rebalance_date,symbol,rank,score,qualifies_absolute_filter,selected_by_canonical,universe_size,rank_percentile_from_top,forward_return,forward_mfe,forward_mae,spy_forward_return,universe_median_forward_return,universe_top_quartile_threshold,beat_spy,beat_universe_median,future_top_quartile
Dual Momentum,2021-08-23 00:00:00-04:00,2021-09-01 00:00:00-04:00,GS,1,0.7875196376408078,True,True,29,0.0,0.03303779552744657,0.04695340462590192,-0.007191058605836798,0.016623349473201987,0.002578613158768839,0.028158235989242497,True,True,True
Dual Momentum,2021-08-23 00:00:00-04:00,2021-09-01 00:00:00-04:00,MSFT,2,0.4513490224703516,True,True,29,0.03571428571428571,-0.0012528456041481784,0.00791416471888895,-0.021170390452368126,0.016623349473201987,0.002578613158768839,0.028158235989242497,False,False,False
Dual Momentum,2021-08-23 00:00:00-04:00,2021-09-01 00:00:00-04:00,CSCO,3,0.44058736674316745,True,True,29,0.07142857142857142,0.020224720829344456,0.041832347224669775,-0.0019014139767609128,0.016623349473201987,0.002578613158768839,0.028158235989242497,True,True,False
Dual Momentum,2021-08-23 00:00:00-04:00,2021-09-01 00:00:00-04:00,AXP,4,0.41116559972464284,True,True,29,0.10714285714285714,0.031693901427512605,0.0475100937333619,-0.006946567926976677,0.016623349473201987,0.002578613158768839,0.028158235989242497,True,True,True
Dual Momentum,2021-08-23 00:00:00-04:00,2021-09-01 00:00:00-04:00,JPM,5,0.3679420793852932,True,True,29,0.14285714285714285,0.03148136222976072,0.05472237013485359,-0.0005793879922082468,0.016623349473201987,0.002578613158768839,0.028158235989242497,True,True,True
Dual Momentum,2021-08-23 00:00:00-04:00,2021-09-01 00:00:00-04:00,NKE,6,0.2824532938415869,True,False,29,0.17857142857142858,-0.02512755748025164,0.008557078632967396,-0.029383644230959627,0.016623349473201987,0.002578613158768839,0.028158235989242497,False,False,False
Dual Momentum,2021-08-23 00:00:00-04:00,2021-09-01 00:00:00-04:00,AAPL,7,0.2614271285744181,True,False,29,0.21428571428571427,0.030476668708101284,0.034926893639624534,-0.00997902988942101,0.016623349473201987,0.002578613158768839,0.028158235989242497,True,True,True
Dual Momentum,2021-08-23 00:00:00-04:00,2021-09-01 00:00:00-04:00,UNH,8,0.2608433074801726,True,False,29,0.25,-0.0325623628669649,0.0,-0.03795067478913283,0.016623349473201987,0.002578613158768839,0.028158235989242497,False,False,False
Dual Momentum,2021-08-23 00:00:00-04:00,2021-09-01 00:00:00-04:00,JNJ,9,0.2414192648537532,True,False,29,0.2857142857142857,-0.030775213092632647,0.003027037883179373,-0.033129735361615564,0.016623349473201987,0.002578613158768839,0.028158235989242497,False,False,False
Dual Momentum,2021-08-23 00:00:00-04:00,2021-09-01 00:00:00-04:00,HD,10,0.2409901619666608,True,False,29,0.32142857142857145,-0.008438342624938255,0.0016060569069600295,-0.03136318454858922,0.016623349473201987,0.002578613158768839,0.028158235989242497,False,False,False
Dual Momentum,2021-08-23 00:00:00-04:00,2021-09-01 00:00:00-04:00,IBM,11,0.23477835071928088,True,False,29,0.35714285714285715,0.002578613158768839,0.00945431230906868,-0.008737713152670357,0.016623349473201987,0.002578613158768839,0.028158235989242497,False,False,False
Dual Momentum,2021-08-23 00:00:00-04:00,2021-09-01 00:00:00-04:00,TRV,12,0.2179766836435577,True,False,29,0.39285714285714285,-0.012878601170624338,0.011021064655301283,-0.0173363001924991,0.016623349473201987,0.002578613158768839,0.028158235989242497,False,False,False
Dual Momentum,2021-08-23 00:00:00-04:00,2021-09-01 00:00:00-04:00,DIS,13,0.21695633586410423,True,False,29,0.42857142857142855,0.027558209860939265,0.03331821603672647,-0.006607172785448534,0.016623349473201987,0.002578613158768839,0.028158235989242497,True,True,False
Dual Momentum,2021-08-23 00:00:00-04:00,2021-09-01 00:00:00-04:00,CAT,14,0.2045405543189529,True,False,29,0.4642857142857143,0.01746660404450484,0.04077186584925574,-0.006851619633029271,0.016623349473201987,0.002578613158768839,0.028158235989242497,True,True,False
Dual Momentum,2021-08-23 00:00:00-04:00,2021-09-01 00:00:00-04:00,INTC,15,0.17598966749749212,True,False,29,0.5,0.028902845470707206,0.043354167190257975,-0.002091664005179794,0.016623349473201987,0.002578613158768839,0.028158235989242497,True,True,True
Dual Momentum,2021-08-23 00:00:00-04:00,2021-09-01 00:00:00-04:00,MMM,16,0.16933981066674053,True,False,29,0.5357142857142857,-0.0023075820545493952,0.011743765700360065,-0.011692270476102773,0.016623349473201987,0.002578613158768839,0.028158235989242497,False,False,False
Dual Momentum,2021-08-23 00:00:00-04:00,2021-09-01 00:00:00-04:00,CVX,17,0.1640810492625917,True,False,29,0.5714285714285714,0.008013618256869082,0.0350716256310617,-0.00031219461380127544,0.016623349473201987,0.002578613158768839,0.028158235989242497,False,True,False
Dual Momentum,2021-08-23 00:00:00-04:00,2021-09-01 00:00:00-04:00,HON,18,0.1431780054220988,True,False,29,0.6071428571428571,0.028158235989242497,0.03085062295581653,0.0,0.016623349473201987,0.002578613158768839,0.028158235989242497,True,True,True
Dual Momentum,2021-08-23 00:00:00-04:00,2021-09-01 00:00:00-04:00,DOW,19,0.1387631934874891,True,False,29,0.6428571428571429,0.032682657990746655,0.07374023500606919,-0.0006504213906884937,0.016623349473201987,0.002578613158768839,0.028158235989242497,True,True,True
Dual Momentum,2021-08-23 00:00:00-04:00,2021-09-01 00:00:00-04:00,MCD,20,0.12619125230483164,True,False,29,0.6785714285714286,-0.001151990423891469,0.0038838369197295997,-0.015033588747105808,0.016623349473201987,0.002578613158768839,0.028158235989242497,False,False,False
Dual Momentum,2021-08-23 00:00:00-04:00,2021-09-01 00:00:00-04:00,V,21,0.1180876825884507,True,False,29,0.7142857142857143,-0.01547058814445279,0.014997988090456493,-0.017361309620198884,0.016623349473201987,0.002578613158768839,0.028158235989242497,False,False,False
Dual Momentum,2021-08-23 00:00:00-04:00,2021-09-01 00:00:00-04:00,KO,22,0.10231792386105276,True,False,29,0.75,-0.005117242975526404,0.001411714022227173,-0.021527914886103283,0.016623349473201987,0.002578613158768839,0.028158235989242497,False,False,False
Dual Momentum,2021-08-23 00:00:00-04:00,2021-09-01 00:00:00-04:00,PG,23,0.058145462956659566,True,False,29,0.7857142857142857,-0.013583235459303178,0.007277033062685012,-0.019543651018690933,0.016623349473201987,0.002578613158768839,0.028158235989242497,False,False,False
Dual Momentum,2021-08-23 00:00:00-04:00,2021-09-01 00:00:00-04:00,MRK,24,0.05369014868646538,True,False,29,0.8214285714285714,-0.036531342530389144,0.0015169099438272493,-0.03893306047596323,0.016623349473201987,0.002578613158768839,0.028158235989242497,False,False,False
Dual Momentum,2021-08-23 00:00:00-04:00,2021-09-01 00:00:00-04:00,BA,25,0.04608949816297847,True,False,29,0.8571428571428571,0.01932075306291048,0.033683937408070186,-0.002084960127991975,0.016623349473201987,0.002578613158768839,0.028158235989242497,True,True,False
Dual Momentum,2021-08-23 00:00:00-04:00,2021-09-01 00:00:00-04:00,WMT,26,0.03160213566762793,False,False,29,0.8928571428571429,-0.02619913369308735,0.001715896352307844,-0.03636228094526561,0.016623349473201987,0.002578613158768839,0.028158235989242497,False,False,False
Dual Momentum,2021-08-23 00:00:00-04:00,2021-09-01 00:00:00-04:00,AMGN,27,0.003365933220260464,False,False,29,0.9285714285714286,0.0061111756687894925,0.014541930021113814,-0.01793194892745975,0.016623349473201987,0.002578613158768839,0.028158235989242497,False,True,False
Dual Momentum,2021-08-23 00:00:00-04:00,2021-09-01 00:00:00-04:00,CRM,28,-0.0040052814616566845,False,False,29,0.9642857142857143,0.036069955055611835,0.07089486055695993,-0.0016731232520671435,0.016623349473201987,0.002578613158768839,0.028158235989242497,True,True,True
Dual Momentum,2021-08-23 00:00:00-04:00,2021-09-01 00:00:00-04:00,VZ,29,-0.04915025236027071,False,False,29,1.0,-0.009901026120352374,0.0028802853215048607,-0.018361847625708916,0.016623349473201987,0.002578613158768839,0.028158235989242497,False,False,False
Dual Momentum,2021-09-01 00:00:00-04:00,2021-10-01 00:00:00-04:00,GS,1,0.8251442469404124,True,True,29,0.0,-0.08161472489660582,0.01069814330471619,-0.09841202609832156,-0.044633528938620604,-0.05302557129856533,0.007955254663188471,False,False,False
Dual Momentum,2021-09-01 00:00:00-04:00,2021-10-01 00:00:00-04:00,MSFT,2,0.4194165339748306,True,True,29,0.03571428571428571,-0.06851150130095363,0.008089296104890176,-0.07016248867464014,-0.044633528938620604,-0.05302557129856533,0.007955254663188471,False,False,False
Dual Momentum,2021-09-01 00:00:00-04:00,2021-10-01 00:00:00-04:00,AXP,3,0.4122469451628137,True,True,29,0.07142857142857142,0.012985742261128363,0.07490690007950129,-0.05735222608532642,-0.044633528938620604,-0.05302557129856533,0.007955254663188471,True,True,True
Dual Momentum,2021-09-01 00:00:00-04:00,2021-10-01 00:00:00-04:00,CSCO,4,0.402673268338396,True,True,29,0.10714285714285714,-0.07489008310836431,0.011860509711244305,-0.07810921816790473,-0.044633528938620604,-0.05302557129856533,0.007955254663188471,False,False,False
Dual Momentum,2021-09-01 00:00:00-04:00,2021-10-01 00:00:00-04:00,JPM,5,0.3826312536388239,True,True,29,0.14285714285714285,0.023592987952839817,0.056672321627479594,-0.06072862392435563,-0.044633528938620604,-0.05302557129856533,0.007955254663188471,True,True,True
Dual Momentum,2021-09-01 00:00:00-04:00,2021-10-01 00:00:00-04:00,AAPL,6,0.2813390303046466,True,False,29,0.17857142857142858,-0.07151770926067402,0.028986495425474157,-0.07563965470125933,-0.044633528938620604,-0.05302557129856533,0.007955254663188471,False,False,False
Dual Momentum,2021-09-01 00:00:00-04:00,2021-10-01 00:00:00-04:00,TRV,7,0.2534495050529393,True,False,29,0.21428571428571427,-0.03870280957811756,0.00677330633995088,-0.05018186527009483,-0.044633528938620604,-0.05302557129856533,0.007955254663188471,True,True,False
Dual Momentum,2021-09-01 00:00:00-04:00,2021-10-01 00:00:00-04:00,UNH,8,0.2510772897037179,True,False,29,0.25,-0.056574280719560166,0.02003694624981045,-0.05932070214115637,-0.044633528938620604,-0.05302557129856533,0.007955254663188471,False,False,False
Dual Momentum,2021-09-01 00:00:00-04:00,2021-10-01 00:00:00-04:00,CAT,9,0.23332563363268144,True,False,29,0.2857142857142857,-0.08521846098521346,0.009863954444740308,-0.11329238612484005,-0.044633528938620604,-0.05302557129856533,0.007955254663188471,False,False,False
Dual Momentum,2021-09-01 00:00:00-04:00,2021-10-01 00:00:00-04:00,NKE,10,0.23247442105065086,True,False,29,0.32142857142857145,-0.11945176432826232,0.010308009744826263,-0.12430281246358699,-0.044633528938620604,-0.05302557129856533,0.007955254663188471,False,False,False
Dual Momentum,2021-09-01 00:00:00-04:00,2021-10-01 00:00:00-04:00,DOW,11,0.22506561730473917,True,False,29,0.35714285714285715,-0.08212640313451824,0.008435520594428425,-0.12127956731469802,-0.044633528938620604,-0.05302557129856533,0.007955254663188471,False,False,False
Dual Momentum,2021-09-01 00:00:00-04:00,2021-10-01 00:00:00-04:00,DIS,12,0.2249172917588631,True,False,29,0.39285714285714285,-0.0531985866466026,0.03088589463615432,-0.07105951626071416,-0.044633528938620604,-0.05302557129856533,0.007955254663188471,False,False,False
Dual Momentum,2021-09-01 00:00:00-04:00,2021-10-01 00:00:00-04:00,JNJ,13,0.2188150199214156,True,False,29,0.42857142857142855,-0.06576038817801,0.013417854296359666,-0.06645475612215679,-0.044633528938620604,-0.05302557129856533,0.007955254663188471,False,False,False
Dual Momentum,2021-09-01 00:00:00-04:00,2021-10-01 00:00:00-04:00,HD,14,0.1958615872793823,True,False,29,0.4642857142857143,0.007955254663188471,0.0558422356653816,-0.01621820499721116,-0.044633528938620604,-0.05302557129856533,0.007955254663188471,True,True,True
Dual Momentum,2021-09-01 00:00:00-04:00,2021-10-01 00:00:00-04:00,IBM,15,0.1776226677102717,True,False,29,0.5,0.00728677048077464,0.00728677048077464,-0.051435980450619145,-0.044633528938620604,-0.05302557129856533,0.007955254663188471,True,True,False
Dual Momentum,2021-09-01 00:00:00-04:00,2021-10-01 00:00:00-04:00,CVX,16,0.15483456476398771,True,False,29,0.5357142857142857,0.055337545186572745,0.08290301322774929,-0.03665085065056073,-0.044633528938620604,-0.05302557129856533,0.007955254663188471,True,True,True
Dual Momentum,2021-09-01 00:00:00-04:00,2021-10-01 00:00:00-04:00,MMM,17,0.15382070429969708,True,False,29,0.5714285714285714,-0.09406332701615794,0.00544859208047721,-0.09858626909794088,-0.044633528938620604,-0.05302557129856533,0.007955254663188471,False,False,False
Dual Momentum,2021-09-01 00:00:00-04:00,2021-10-01 00:00:00-04:00,HON,18,0.15171600722686285,True,False,29,0.6071428571428571,-0.08572660920617581,0.0010302438564080418,-0.08950425833343567,-0.044633528938620604,-0.05302557129856533,0.007955254663188471,False,False,False
Dual Momentum,2021-09-01 00:00:00-04:00,2021-10-01 00:00:00-04:00,INTC,19,0.13916721416318212,True,False,29,0.6428571428571429,-0.008501124251857561,0.025503800344313987,-0.033080806859728806,-0.044633528938620604,-0.05302557129856533,0.007955254663188471,True,True,False
Dual Momentum,2021-09-01 00:00:00-04:00,2021-10-01 00:00:00-04:00,MCD,20,0.11091655503384579,True,False,29,0.6785714285714286,0.02181786497285687,0.046326062640658305,-0.008113200296749334,-0.044633528938620604,-0.05302557129856533,0.007955254663188471,True,True,True
Dual Momentum,2021-09-01 00:00:00-04:00,2021-10-01 00:00:00-04:00,KO,21,0.10865341947294982,True,False,29,0.7142857142857143,-0.05678706431876779,0.011528986756576876,-0.06304182718918583,-0.044633528938620604,-0.05302557129856533,0.007955254663188471,False,False,False
Dual Momentum,2021-09-01 00:00:00-04:00,2021-10-01 00:00:00-04:00,V,22,0.09390163396546347,True,False,29,0.75,-0.021518727177371355,0.018463614526964323,-0.05582722592707379,-0.044633528938620604,-0.05302557129856533,0.007955254663188471,True,True,False
Dual Momentum,2021-09-01 00:00:00-04:00,2021-10-01 00:00:00-04:00,CRM,23,0.07921054128947258,True,False,29,0.7857142857142857,0.019641806440531262,0.07544974810414873,-0.052878576461198756,-0.044633528938620604,-0.05302557129856533,0.007955254663188471,True,True,True
Dual Momentum,2021-09-01 00:00:00-04:00,2021-10-01 00:00:00-04:00,PG,24,0.04466086561140403,True,False,29,0.8214285714285714,-0.016862561114643015,0.03442700467713933,-0.019672701703342788,-0.044633528938620604,-0.05302557129856533,0.007955254663188471,True,True,False
Dual Momentum,2021-09-01 00:00:00-04:00,2021-10-01 00:00:00-04:00,BA,25,0.04171606950812334,True,False,29,0.8571428571428571,0.012954573197798247,0.04518182927911929,-0.061227278275923336,-0.044633528938620604,-0.05302557129856533,0.007955254663188471,True,True,True
Dual Momentum,2021-09-01 00:00:00-04:00,2021-10-01 00:00:00-04:00,AMGN,26,0.03842237007478255,True,False,29,0.8928571428571429,-0.05302557129856533,0.007271297144817224,-0.06162707527321698,-0.044633528938620604,-0.05302557129856533,0.007955254663188471,False,False,False
Dual Momentum,2021-09-01 00:00:00-04:00,2021-10-01 00:00:00-04:00,MRK,27,0.01990404927966627,False,False,29,0.9285714285714286,0.07964970350797129,0.07964970350797129,-0.061594367635083525,-0.044633528938620604,-0.05302557129856533,0.007955254663188471,True,True,True
Dual Momentum,2021-09-01 00:00:00-04:00,2021-10-01 00:00:00-04:00,WMT,28,-0.015645134294329566,False,False,29,0.9642857142857143,-0.0562486283892486,0.014163461159895085,-0.056316199438085746,-0.044633528938620604,-0.05302557129856533,0.007955254663188471,False,False,False
Dual Momentum,2021-09-01 00:00:00-04:00,2021-10-01 00:00:00-04:00,VZ,29,-0.059459660682543714,False,False,29,1.0,-0.017818145826597243,0.009091016906951133,-0.018181799208429328,-0.044633528938620604,-0.05302557129856533,0.007955254663188471,True,True,False
Dual Momentum,2021-10-01 00:00:00-04:00,2021-11-01 00:00:00-04:00,GS,1,0.4748390647449059,True,True,29,0.0,0.0991723088135883,0.10639367969617952,-0.017446726812725077,0.06803115731924425,0.03865864124141094,0.07957367663991555,True,True,True
Dual Momentum,2021-10-01 00:00:00-04:00,2021-11-01 00:00:00-04:00,AXP,2,0.4155798506066497,True,True,29,0.03571428571428571,0.03865864124141094,0.12462866871246403,-0.005962337149224339,0.06803115731924425,0.03865864124141094,0.07957367663991555,False,False,False
Dual Momentum,2021-10-01 00:00:00-04:00,2021-11-01 00:00:00-04:00,JPM,3,0.3305323926179362,True,True,29,0.07142857142857142,0.055345418212627395,0.06098919508644274,-0.018143300384204086,0.06803115731924425,0.03865864124141094,0.07957367663991555,False,True,False
Dual Momentum,2021-10-01 00:00:00-04:00,2021-11-01 00:00:00-04:00,MSFT,4,0.2800609003480947,True,True,29,0.10714285714285714,0.1745359338462984,0.17680430121582136,-0.00662827676155342,0.06803115731924425,0.03865864124141094,0.07957367663991555,True,True,True
Dual Momentum,2021-10-01 00:00:00-04:00,2021-11-01 00:00:00-04:00,HD,5,0.25815172873362213,True,True,29,0.14285714285714285,0.1366756589734266,0.14322746381456586,-0.01215876016904327,0.06803115731924425,0.03865864124141094,0.07957367663991555,True,True,True
Dual Momentum,2021-10-01 00:00:00-04:00,2021-11-01 00:00:00-04:00,CSCO,6,0.25112641854214846,True,False,29,0.17857142857142858,0.03017283770135637,0.04584581276721833,-0.023115162239036202,0.06803115731924425,0.03865864124141094,0.07957367663991555,False,False,False
Dual Momentum,2021-10-01 00:00:00-04:00,2021-11-01 00:00:00-04:00,CVX,7,0.2369330954927098,True,False,29,0.21428571428571427,0.12531789681762273,0.12786146076040983,-0.0033261980358526566,0.06803115731924425,0.03865864124141094,0.07957367663991555,True,True,True
Dual Momentum,2021-10-01 00:00:00-04:00,2021-11-01 00:00:00-04:00,CRM,8,0.21951422092704465,True,False,29,0.25,0.11049720461878176,0.11049720461878176,-0.01974211548538851,0.06803115731924425,0.03865864124141094,0.07957367663991555,True,True,True
Dual Momentum,2021-10-01 00:00:00-04:00,2021-11-01 00:00:00-04:00,MCD,9,0.15934349761308386,True,False,29,0.2857142857142857,0.0112313522678531,0.028304526987749323,-0.0285103730932611,0.06803115731924425,0.03865864124141094,0.07957367663991555,False,False,False
Dual Momentum,2021-10-01 00:00:00-04:00,2021-11-01 00:00:00-04:00,IBM,10,0.15810276584328964,True,False,29,0.32142857142857145,-0.11312060039860594,0.03546103078804119,-0.11617021564100616,0.06803115731924425,0.03865864124141094,0.07957367663991555,False,False,False
Dual Momentum,2021-10-01 00:00:00-04:00,2021-11-01 00:00:00-04:00,UNH,11,0.14480378087234835,True,False,29,0.35714285714285715,0.17931568110652352,0.17931568110652352,-0.021654777462098762,0.06803115731924425,0.03865864124141094,0.07957367663991555,True,True,True
Dual Momentum,2021-10-01 00:00:00-04:00,2021-11-01 00:00:00-04:00,INTC,12,0.11351845852133269,True,False,29,0.39285714285714285,-0.07921716897318687,0.045107042013416754,-0.10773553898903121,0.06803115731924425,0.03865864124141094,0.07957367663991555,False,False,False
Dual Momentum,2021-10-01 00:00:00-04:00,2021-11-01 00:00:00-04:00,TRV,13,0.11129959948394186,True,False,29,0.42857142857142855,0.058001550265631696,0.07053354860392691,-0.014106541330328848,0.06803115731924425,0.03865864124141094,0.07957367663991555,False,True,False
Dual Momentum,2021-10-01 00:00:00-04:00,2021-11-01 00:00:00-04:00,CAT,14,0.08256019724265773,True,False,29,0.4642857142857143,0.06489398384733724,0.09335498095690942,-0.026852942466417118,0.06803115731924425,0.03865864124141094,0.07957367663991555,False,True,False
Dual Momentum,2021-10-01 00:00:00-04:00,2021-11-01 00:00:00-04:00,DOW,15,0.07134438744462934,True,False,29,0.5,-0.028784573570858063,0.06069029228264089,-0.034853452680595476,0.06803115731924425,0.03865864124141094,0.07957367663991555,False,False,False
Dual Momentum,2021-10-01 00:00:00-04:00,2021-11-01 00:00:00-04:00,AAPL,16,0.06315353581823824,True,False,29,0.5357142857142857,0.04996517595137173,0.0794223686443487,-0.025581046517718864,0.06803115731924425,0.03865864124141094,0.07957367663991555,False,True,False
Dual Momentum,2021-10-01 00:00:00-04:00,2021-11-01 00:00:00-04:00,JNJ,17,0.0541019892991188,True,False,29,0.5714285714285714,0.010090851900217412,0.02785820198655964,-0.02593947000348973,0.06803115731924425,0.03865864124141094,0.07957367663991555,False,False,False
Dual Momentum,2021-10-01 00:00:00-04:00,2021-11-01 00:00:00-04:00,PG,18,0.03384837121938955,False,False,29,0.6071428571428571,0.030863777729431163,0.03530355773689631,-0.016650735494254,0.06803115731924425,0.03865864124141094,0.07957367663991555,False,False,False
Dual Momentum,2021-10-01 00:00:00-04:00,2021-11-01 00:00:00-04:00,NKE,19,0.03163939629028856,False,False,29,0.6428571428571429,0.15548845204919926,0.15548845204919926,-0.005853230246319785,0.06803115731924425,0.03865864124141094,0.07957367663991555,True,True,True
Dual Momentum,2021-10-01 00:00:00-04:00,2021-11-01 00:00:00-04:00,MMM,20,0.031113506661681223,False,False,29,0.6785714285714286,0.012936168323516961,0.04295050273021839,-0.014013956580239295,0.06803115731924425,0.03865864124141094,0.07957367663991555,False,False,False
Dual Momentum,2021-10-01 00:00:00-04:00,2021-11-01 00:00:00-04:00,V,21,0.024567082637250603,False,False,29,0.7142857142857143,-0.04764260842708612,0.05705490554502912,-0.06972383921873038,0.06803115731924425,0.03865864124141094,0.07957367663991555,False,False,False
Dual Momentum,2021-10-01 00:00:00-04:00,2021-11-01 00:00:00-04:00,HON,22,0.019096188009139814,False,False,29,0.75,0.02685695152756362,0.055780030408387304,-0.006291686335887392,0.06803115731924425,0.03865864124141094,0.07957367663991555,False,False,False
Dual Momentum,2021-10-01 00:00:00-04:00,2021-11-01 00:00:00-04:00,BA,23,0.015092095352819523,False,False,29,0.7857142857142857,-0.07112409993003621,0.04150773949588005,-0.08189364819457412,0.06803115731924425,0.03865864124141094,0.07957367663991555,False,False,False
Dual Momentum,2021-10-01 00:00:00-04:00,2021-11-01 00:00:00-04:00,MRK,24,0.0026950154955722727,False,False,29,0.8214285714285714,0.07957367663991555,0.08460063861950617,-0.05456085169728775,0.06803115731924425,0.03865864124141094,0.07957367663991555,True,True,True
Dual Momentum,2021-10-01 00:00:00-04:00,2021-11-01 00:00:00-04:00,KO,25,-0.013451491715041897,False,False,29,0.8571428571428571,0.06839704899077281,0.06991308188764611,-0.00719981312572382,0.06803115731924425,0.03865864124141094,0.07957367663991555,True,True,False
Dual Momentum,2021-10-01 00:00:00-04:00,2021-11-01 00:00:00-04:00,WMT,26,-0.02185692749568746,False,False,29,0.8928571428571429,0.07697855138712728,0.08107156256343129,-0.03267239547627443,0.06803115731924425,0.03865864124141094,0.07957367663991555,True,True,False
Dual Momentum,2021-10-01 00:00:00-04:00,2021-11-01 00:00:00-04:00,VZ,27,-0.040328074719555684,False,False,29,0.9285714285714286,-0.002734374214906632,0.018057314685904657,-0.04731555916356234,0.06803115731924425,0.03865864124141094,0.07957367663991555,False,False,False
Dual Momentum,2021-10-01 00:00:00-04:00,2021-11-01 00:00:00-04:00,AMGN,28,-0.04299241200582915,False,False,29,0.9642857142857143,-0.02617171065928292,0.009597569430010333,-0.061426217651721626,0.06803115731924425,0.03865864124141094,0.07957367663991555,False,False,False
Dual Momentum,2021-10-01 00:00:00-04:00,2021-11-01 00:00:00-04:00,DIS,29,-0.06623608729009323,False,False,29,1.0,-0.0178198004039809,0.04266332996236999,-0.023972473706209252,0.06803115731924425,0.03865864124141094,0.07957367663991555,False,False,False
Dual Momentum,2021-11-01 00:00:00-04:00,2021-12-01 00:00:00-05:00,GS,1,0.5229433546363447,True,True,29,0.0,-0.07486634777150791,0.021795002944236863,-0.09545142622890335,0.0029112157771542524,-0.029903393436745196,0.005380299012788248,False,False,False
Dual Momentum,2021-11-01 00:00:00-04:00,2021-12-01 00:00:00-05:00,AXP,2,0.49698003124120027,True,True,29,0.03571428571428571,-0.10585414096646961,0.05355712860196271,-0.1310572490796399,0.0029112157771542524,-0.029903393436745196,0.005380299012788248,False,False,False
Dual Momentum,2021-11-01 00:00:00-04:00,2021-12-01 00:00:00-05:00,HD,3,0.3994251058266127,True,True,29,0.07142857142857142,0.08242061078741214,0.11678284190839361,-0.022251977997235328,0.0029112157771542524,-0.029903393436745196,0.005380299012788248,True,True,True
Dual Momentum,2021-11-01 00:00:00-04:00,2021-12-01 00:00:00-05:00,UNH,4,0.39349208674350944,True,True,29,0.10714285714285714,-0.01933656732419531,0.00905119008294153,-0.05590928727913891,0.0029112157771542524,-0.029903393436745196,0.005380299012788248,False,True,False
Dual Momentum,2021-11-01 00:00:00-04:00,2021-12-01 00:00:00-05:00,MSFT,5,0.3928188825609289,True,True,29,0.14285714285714285,0.013227639835240446,0.05718755353117366,-0.015059121363374173,0.0029112157771542524,-0.029903393436745196,0.005380299012788248,True,True,True
Dual Momentum,2021-11-01 00:00:00-04:00,2021-12-01 00:00:00-05:00,CVX,6,0.3784766717423651,True,False,29,0.17857142857142858,0.010854201352126225,0.03767562443990169,-0.026601825542335256,0.0029112157771542524,-0.029903393436745196,0.005380299012788248,True,True,True
Dual Momentum,2021-11-01 00:00:00-04:00,2021-12-01 00:00:00-05:00,JPM,7,0.3339841406542814,True,False,29,0.21428571428571427,-0.0641713371679199,0.001685704232965879,-0.07992325608731776,0.0029112157771542524,-0.029903393436745196,0.005380299012788248,False,False,False
Dual Momentum,2021-11-01 00:00:00-04:00,2021-12-01 00:00:00-05:00,CRM,8,0.3117830926667233,True,False,29,0.25,-0.10029839900314774,0.03399678366136949,-0.10029839900314774,0.0029112157771542524,-0.029903393436745196,0.005380299012788248,False,False,False
Dual Momentum,2021-11-01 00:00:00-04:00,2021-12-01 00:00:00-05:00,CSCO,9,0.2587609264429991,True,False,29,0.2857142857142857,-0.006085681715015667,0.04940030705925591,-0.08573478675828783,0.0029112157771542524,-0.029903393436745196,0.005380299012788248,False,True,False
Dual Momentum,2021-11-01 00:00:00-04:00,2021-12-01 00:00:00-05:00,NKE,10,0.23974295733951467,True,False,29,0.32142857142857145,0.018414390354562382,0.06734190243942861,-0.011382619948584027,0.0029112157771542524,-0.029903393436745196,0.005380299012788248,True,True,True
Dual Momentum,2021-11-01 00:00:00-04:00,2021-12-01 00:00:00-05:00,MRK,11,0.22451813074237892,True,False,29,0.35714285714285715,-0.14219206652293737,0.038046542694561314,-0.16138576421934803,0.0029112157771542524,-0.029903393436745196,0.005380299012788248,False,False,False
Dual Momentum,2021-11-01 00:00:00-04:00,2021-12-01 00:00:00-05:00,MCD,12,0.2013044898375247,True,False,29,0.39285714285714285,0.005380299012788248,0.048779464776125936,-0.002024253486269778,0.0029112157771542524,-0.029903393436745196,0.005380299012788248,True,True,True
Dual Momentum,2021-11-01 00:00:00-04:00,2021-12-01 00:00:00-05:00,KO,13,0.190175270468534,True,False,29,0.42857142857142855,-0.053185901947466085,0.013654860145750014,-0.06283630666562023,0.0029112157771542524,-0.029903393436745196,0.005380299012788248,False,False,False
Dual Momentum,2021-11-01 00:00:00-04:00,2021-12-01 00:00:00-05:00,TRV,14,0.18354930104213185,True,False,29,0.4642857142857143,-0.07119385336794593,0.006945706153100861,-0.09122472635355838,0.0029112157771542524,-0.029903393436745196,0.005380299012788248,False,False,False
Dual Momentum,2021-11-01 00:00:00-04:00,2021-12-01 00:00:00-05:00,PG,15,0.12977933172259082,True,False,29,0.5,0.010393070422885398,0.044363672733546355,-0.007533706040612986,0.0029112157771542524,-0.029903393436745196,0.005380299012788248,True,True,True
Dual Momentum,2021-11-01 00:00:00-04:00,2021-12-01 00:00:00-05:00,HON,16,0.12874115990023172,True,False,29,0.5357142857142857,-0.05843224986874518,0.043713035483272655,-0.07921864695165781,0.0029112157771542524,-0.029903393436745196,0.005380299012788248,False,False,False
Dual Momentum,2021-11-01 00:00:00-04:00,2021-12-01 00:00:00-05:00,AAPL,17,0.12199045532140618,True,False,29,0.5714285714285714,0.12574279260822396,0.12574279260822396,-0.008690438643291554,0.0029112157771542524,-0.029903393436745196,0.005380299012788248,True,True,True
Dual Momentum,2021-11-01 00:00:00-04:00,2021-12-01 00:00:00-05:00,CAT,18,0.12153278002187418,True,False,29,0.6071428571428571,-0.032845356411504545,0.059620963950072436,-0.06236225107512383,0.0029112157771542524,-0.029903393436745196,0.005380299012788248,False,False,False
Dual Momentum,2021-11-01 00:00:00-04:00,2021-12-01 00:00:00-05:00,DOW,19,0.09546714772216336,True,False,29,0.6428571428571429,0.0029040389473466988,0.08587760310596626,-0.01661526066688157,0.0029112157771542524,-0.029903393436745196,0.005380299012788248,False,True,False
Dual Momentum,2021-11-01 00:00:00-04:00,2021-12-01 00:00:00-05:00,WMT,20,0.0855706591370291,True,False,29,0.6785714285714286,-0.06314192601155155,0.013468312520301007,-0.06647556702322632,0.0029112157771542524,-0.029903393436745196,0.005380299012788248,False,False,False
Dual Momentum,2021-11-01 00:00:00-04:00,2021-12-01 00:00:00-05:00,IBM,21,0.07569224173279476,True,False,29,0.7142857142857143,0.002319428676336832,0.04374157203096374,-0.028958111020064625,0.0029112157771542524,-0.029903393436745196,0.005380299012788248,False,True,False
Dual Momentum,2021-11-01 00:00:00-04:00,2021-12-01 00:00:00-05:00,V,22,0.07227493694601828,True,False,29,0.75,-0.0801672667810478,0.038034657319314435,-0.0964964077732331,0.0029112157771542524,-0.029903393436745196,0.005380299012788248,False,False,False
Dual Momentum,2021-11-01 00:00:00-04:00,2021-12-01 00:00:00-05:00,BA,23,0.05713849392694881,True,False,29,0.7857142857142857,-0.029903393436745196,0.130144939330465,-0.06352654056272644,0.0029112157771542524,-0.029903393436745196,0.005380299012788248,False,False,False
Dual Momentum,2021-11-01 00:00:00-04:00,2021-12-01 00:00:00-05:00,MMM,24,0.04672845108241308,True,False,29,0.8214285714285714,-0.025630207993986742,0.04352229443090927,-0.04036836617285211,0.0029112157771542524,-0.029903393436745196,0.005380299012788248,False,True,False
Dual Momentum,2021-11-01 00:00:00-04:00,2021-12-01 00:00:00-05:00,JNJ,25,0.019594481758870463,False,False,29,0.8571428571428571,-0.032191958432683965,0.027335162889988718,-0.038546110588392635,0.0029112157771542524,-0.029903393436745196,0.005380299012788248,False,False,False
Dual Momentum,2021-11-01 00:00:00-04:00,2021-12-01 00:00:00-05:00,VZ,26,0.009672618681036749,False,False,29,0.8928571428571429,-0.051465169066616134,0.002441721437258071,-0.060105203137384544,0.0029112157771542524,-0.029903393436745196,0.005380299012788248,False,False,False
Dual Momentum,2021-11-01 00:00:00-04:00,2021-12-01 00:00:00-05:00,DIS,27,-0.011112835515564079,False,False,29,0.9285714285714286,-0.13302998975831115,0.05933457487191318,-0.1542460746726304,0.0029112157771542524,-0.029903393436745196,0.005380299012788248,False,False,False
Dual Momentum,2021-11-01 00:00:00-04:00,2021-12-01 00:00:00-05:00,INTC,28,-0.11936179735604913,False,False,29,0.9642857142857143,0.01592310110841444,0.05974789269339098,-0.01913723695351066,0.0029112157771542524,-0.029903393436745196,0.005380299012788248,True,True,True
Dual Momentum,2021-11-01 00:00:00-04:00,2021-12-01 00:00:00-05:00,AMGN,29,-0.11992504764597822,False,False,29,1.0,-0.028255822361596517,0.05408623463374562,-0.03654589079514614,0.0029112157771542524,-0.029903393436745196,0.005380299012788248,False,True,False
Dual Momentum,2021-12-01 00:00:00-05:00,2022-01-03 00:00:00-05:00,HD,1,0.5825870254776637,True,True,29,0.0,0.03603755734048586,0.046085252023934986,-0.05267605879357873,0.03538095076112402,0.03631612395572015,0.09655753190380967,True,False,False
Dual Momentum,2021-12-01 00:00:00-05:00,2022-01-03 00:00:00-05:00,MSFT,2,0.4615711284175419,True,True,29,0.03571428571428571,0.0006566685148512441,0.027362598204246913,-0.053352319589652364,0.03538095076112402,0.03631612395572015,0.09655753190380967,False,False,False
Dual Momentum,2021-12-01 00:00:00-05:00,2022-01-03 00:00:00-05:00,CRM,3,0.3833011424158741,True,True,29,0.07142857142857142,-0.05990576480014076,0.02093929245482551,-0.09588588459742875,0.03538095076112402,0.03631612395572015,0.09655753190380967,False,False,False
Dual Momentum,2021-12-01 00:00:00-05:00,2022-01-03 00:00:00-05:00,AAPL,4,0.36056740619792427,True,True,29,0.10714285714285714,0.06179840198585884,0.08747328756953654,-0.05779790459534451,0.03538095076112402,0.03631612395572015,0.09655753190380967,True,True,False
Dual Momentum,2021-12-01 00:00:00-05:00,2022-01-03 00:00:00-05:00,UNH,5,0.34887931751452306,True,True,29,0.14285714285714285,0.10762165711702809,0.1280684288889391,-0.03018382499869865,0.03538095076112402,0.03631612395572015,0.09655753190380967,True,True,True
Dual Momentum,2021-12-01 00:00:00-05:00,2022-01-03 00:00:00-05:00,NKE,6,0.2651671067465229,True,False,29,0.17857142857142858,-0.01789993961134939,0.01621860880079007,-0.0885983699145857,0.03538095076112402,0.03631612395572015,0.09655753190380967,False,False,False
Dual Momentum,2021-12-01 00:00:00-05:00,2022-01-03 00:00:00-05:00,CSCO,7,0.24072595421585796,True,False,29,0.21428571428571427,0.13272114371848165,0.15775272901494763,-0.010804943045393811,0.03538095076112402,0.03631612395572015,0.09655753190380967,True,True,True
Dual Momentum,2021-12-01 00:00:00-05:00,2022-01-03 00:00:00-05:00,MCD,8,0.20819310290388193,True,False,29,0.25,0.09655753190380967,0.09749352708914127,-0.006713842502297451,0.03538095076112402,0.03631612395572015,0.09655753190380967,True,True,True
Dual Momentum,2021-12-01 00:00:00-05:00,2022-01-03 00:00:00-05:00,PG,9,0.19623118373915527,True,False,29,0.2857142857142857,0.11625829810722665,0.13897167531944143,0.0,0.03538095076112402,0.03631612395572015,0.09655753190380967,True,True,True
Dual Momentum,2021-12-01 00:00:00-05:00,2022-01-03 00:00:00-05:00,GS,10,0.14862370870792807,True,False,29,0.32142857142857145,0.013496064507240169,0.04671482599578436,-0.044734431271431285,0.03538095076112402,0.03631612395572015,0.09655753190380967,False,False,False
Dual Momentum,2021-12-01 00:00:00-05:00,2022-01-03 00:00:00-05:00,CVX,11,0.1307101388389298,True,False,29,0.35714285714285715,0.021487505447923327,0.03819056097712625,-0.03671162981249576,0.03538095076112402,0.03631612395572015,0.09655753190380967,False,False,False
Dual Momentum,2021-12-01 00:00:00-05:00,2022-01-03 00:00:00-05:00,WMT,12,0.11523994631919865,True,False,29,0.39285714285714285,0.028964517319234773,0.047042823916698895,-0.03750608363799379,0.03538095076112402,0.03631612395572015,0.09655753190380967,False,False,False
Dual Momentum,2021-12-01 00:00:00-05:00,2022-01-03 00:00:00-05:00,MRK,13,0.09948181057437466,True,False,29,0.42857142857142855,0.023520553454555948,0.03902462268319273,-0.053356278559833825,0.03538095076112402,0.03631612395572015,0.09655753190380967,False,False,False
Dual Momentum,2021-12-01 00:00:00-05:00,2022-01-03 00:00:00-05:00,KO,14,0.08250401157123322,True,False,29,0.4642857142857143,0.11023048005116687,0.12023404695574635,-0.01321254754601131,0.03538095076112402,0.03631612395572015,0.09655753190380967,True,True,True
Dual Momentum,2021-12-01 00:00:00-05:00,2022-01-03 00:00:00-05:00,AXP,15,0.076773595130875,True,False,29,0.5,0.05387597200326866,0.09276123057018903,-0.03978223235781997,0.03538095076112402,0.03631612395572015,0.09655753190380967,True,True,False
Dual Momentum,2021-12-01 00:00:00-05:00,2022-01-03 00:00:00-05:00,JPM,16,0.057186695523747,True,False,29,0.5357142857142857,-0.00708057790499228,0.014844847737098599,-0.056894294479000296,0.03538095076112402,0.03631612395572015,0.09655753190380967,False,False,False
Dual Momentum,2021-12-01 00:00:00-05:00,2022-01-03 00:00:00-05:00,IBM,17,0.03753551905373742,True,False,29,0.5714285714285714,0.1337842938742635,0.141564544523332,-0.014291814712063644,0.03538095076112402,0.03631612395572015,0.09655753190380967,True,True,True
Dual Momentum,2021-12-01 00:00:00-05:00,2022-01-03 00:00:00-05:00,JNJ,18,0.0169569237302698,False,False,29,0.6071428571428571,0.08496966016455176,0.10600436342566844,-0.004015839260606224,0.03538095076112402,0.03631612395572015,0.09655753190380967,True,True,False
Dual Momentum,2021-12-01 00:00:00-05:00,2022-01-03 00:00:00-05:00,TRV,19,-0.00859472650840376,False,False,29,0.6428571428571429,0.053773986065202006,0.09460345611486032,-0.02917814149238218,0.03538095076112402,0.03631612395572015,0.09655753190380967,True,True,False
Dual Momentum,2021-12-01 00:00:00-05:00,2022-01-03 00:00:00-05:00,HON,20,-0.013686748157005213,False,False,29,0.6785714285714286,0.0137792330350619,0.030459306336050318,-0.03382245028715636,0.03538095076112402,0.03631612395572015,0.09655753190380967,False,False,False
Dual Momentum,2021-12-01 00:00:00-05:00,2022-01-03 00:00:00-05:00,MMM,21,-0.022781459192872666,False,False,29,0.7142857142857143,0.033439453790177875,0.03842380699085468,-0.019530529813256314,0.03538095076112402,0.03631612395572015,0.09655753190380967,False,False,False
Dual Momentum,2021-12-01 00:00:00-05:00,2022-01-03 00:00:00-05:00,VZ,22,-0.0611799013395945,False,False,29,0.75,0.031088920726085156,0.056237763390339035,-0.016039596568450443,0.03538095076112402,0.03631612395572015,0.09655753190380967,False,False,False
Dual Momentum,2021-12-01 00:00:00-05:00,2022-01-03 00:00:00-05:00,CAT,23,-0.08638729442783233,False,False,29,0.7857142857142857,0.049346921421529855,0.05734335861211037,-0.03148092500789457,0.03538095076112402,0.03631612395572015,0.09655753190380967,True,True,False
Dual Momentum,2021-12-01 00:00:00-05:00,2022-01-03 00:00:00-05:00,DOW,24,-0.08788984803720823,False,False,29,0.8214285714285714,0.03081656867579463,0.04216998304729658,-0.06163259058506643,0.03538095076112402,0.03631612395572015,0.09655753190380967,False,False,False
Dual Momentum,2021-12-01 00:00:00-05:00,2022-01-03 00:00:00-05:00,AMGN,25,-0.09118793948861692,False,False,29,0.8571428571428571,0.11569569981229488,0.1526642352566101,-0.008980258580290057,0.03538095076112402,0.03631612395572015,0.09655753190380967,True,True,True
Dual Momentum,2021-12-01 00:00:00-05:00,2022-01-03 00:00:00-05:00,V,26,-0.09398126693234454,False,False,29,0.8928571428571429,0.10962623553259188,0.12089988057455692,-0.030250434692180028,0.03538095076112402,0.03631612395572015,0.09655753190380967,True,True,True
Dual Momentum,2021-12-01 00:00:00-05:00,2022-01-03 00:00:00-05:00,BA,27,-0.13436293219772766,False,False,29,0.9285714285714286,0.015885675415515443,0.05911057846472012,-0.07743639878896236,0.03538095076112402,0.03631612395572015,0.09655753190380967,False,False,False
Dual Momentum,2021-12-01 00:00:00-05:00,2022-01-03 00:00:00-05:00,INTC,28,-0.16241719913673258,False,False,29,0.9642857142857143,0.03631612395572015,0.1035311648093955,-0.03029701107722549,0.03538095076112402,0.03631612395572015,0.09655753190380967,True,False,False
Dual Momentum,2021-12-01 00:00:00-05:00,2022-01-03 00:00:00-05:00,DIS,29,-0.24633303834854137,False,False,29,1.0,0.06223607272823273,0.07068867095753695,-0.031765533463191,0.03538095076112402,0.03631612395572015,0.09655753190380967,True,True,False
Dual Momentum,2022-01-03 00:00:00-05:00,2022-02-01 00:00:00-05:00,AAPL,1,0.4169825906634088,True,True,29,0.0,-0.021481041560488245,0.0287353996491595,-0.13006780877010382,-0.05378971508206931,-0.021481041560488245,0.03553196787714441,True,False,False
Dual Momentum,2022-01-03 00:00:00-05:00,2022-02-01 00:00:00-05:00,UNH,2,0.37067812734629113,True,True,29,0.03571428571428571,-0.0499999724297312,0.007499982137386452,-0.10545989964872893,-0.05378971508206931,-0.021481041560488245,0.03553196787714441,True,False,False
Dual Momentum,2022-01-03 00:00:00-05:00,2022-02-01 00:00:00-05:00,MSFT,3,0.35849304086162403,True,True,29,0.07142857142857142,-0.07437034174653734,0.007902173395715861,-0.17683028730551842,-0.05378971508206931,-0.021481041560488245,0.03553196787714441,False,False,False
Dual Momentum,2022-01-03 00:00:00-05:00,2022-02-01 00:00:00-05:00,HD,4,0.33494469828105644,True,True,29,0.10714285714285714,-0.11306628264156415,0.0030486808731848836,-0.17514466939335172,-0.05378971508206931,-0.021481041560488245,0.03553196787714441,False,False,False
Dual Momentum,2022-01-03 00:00:00-05:00,2022-02-01 00:00:00-05:00,NKE,5,0.2402498779611888,True,True,29,0.14285714285714285,-0.10762248575018685,0.0022682796250308446,-0.16695500003213792,-0.05378971508206931,-0.021481041560488245,0.03553196787714441,False,False,False
Dual Momentum,2022-01-03 00:00:00-05:00,2022-02-01 00:00:00-05:00,CSCO,6,0.22577559866925956,True,False,29,0.17857142857142858,-0.11324735762041427,0.007154164345402281,-0.14523113983856728,-0.05378971508206931,-0.021481041560488245,0.03553196787714441,False,False,False
Dual Momentum,2022-01-03 00:00:00-05:00,2022-02-01 00:00:00-05:00,PG,7,0.2216121515635976,True,False,29,0.21428571428571427,-0.00019662566283773497,0.02815766645775586,-0.03494325223610828,-0.05378971508206931,-0.021481041560488245,0.03553196787714441,True,True,False
Dual Momentum,2022-01-03 00:00:00-05:00,2022-02-01 00:00:00-05:00,GS,8,0.19843783668348935,True,False,29,0.25,-0.08449883598233565,0.06082248989495831,-0.16136240292816373,-0.05378971508206931,-0.021481041560488245,0.03553196787714441,False,False,False
Dual Momentum,2022-01-03 00:00:00-05:00,2022-02-01 00:00:00-05:00,MCD,9,0.19087088342759628,True,False,29,0.2857142857142857,-0.03614225062549936,0.006159706088137318,-0.08994754259517213,-0.05378971508206931,-0.021481041560488245,0.03553196787714441,True,False,False
Dual Momentum,2022-01-03 00:00:00-05:00,2022-02-01 00:00:00-05:00,CVX,10,0.16524129782291808,True,False,29,0.32142857142857145,0.11420558695949934,0.16675186679028942,-0.0011071134001460203,-0.05378971508206931,-0.021481041560488245,0.03553196787714441,True,True,True
Dual Momentum,2022-01-03 00:00:00-05:00,2022-02-01 00:00:00-05:00,CRM,11,0.15361578690652644,True,False,29,0.35714285714285715,-0.08878083568096884,0.007293894614275764,-0.18626715881138156,-0.05378971508206931,-0.021481041560488245,0.03553196787714441,False,False,False
Dual Momentum,2022-01-03 00:00:00-05:00,2022-02-01 00:00:00-05:00,KO,12,0.14698914777034022,True,False,29,0.39285714285714285,0.03553196787714441,0.04471251286799438,-0.007480425518392231,-0.05378971508206931,-0.021481041560488245,0.03553196787714441,True,True,True
Dual Momentum,2022-01-03 00:00:00-05:00,2022-02-01 00:00:00-05:00,AXP,13,0.12580184357238444,True,False,29,0.42857142857142855,0.09641701785713686,0.09769655359512242,-0.0685453216125026,-0.05378971508206931,-0.021481041560488245,0.03553196787714441,True,True,True
Dual Momentum,2022-01-03 00:00:00-05:00,2022-02-01 00:00:00-05:00,MRK,14,0.07156545257909697,True,False,29,0.4642857142857143,0.07025367555805495,0.07808827471978952,-0.01606167834321981,-0.05378971508206931,-0.021481041560488245,0.03553196787714441,True,True,True
Dual Momentum,2022-01-03 00:00:00-05:00,2022-02-01 00:00:00-05:00,JNJ,15,0.06647751627761722,True,False,29,0.5,0.008988712714274705,0.024029098944429172,-0.07020751901545252,-0.05378971508206931,-0.021481041560488245,0.03553196787714441,True,True,False
Dual Momentum,2022-01-03 00:00:00-05:00,2022-02-01 00:00:00-05:00,IBM,16,0.0660358474560312,True,False,29,0.5357142857142857,-0.0023125391227258874,0.06064000646945211,-0.07369270239943859,-0.05378971508206931,-0.021481041560488245,0.03553196787714441,True,True,False
Dual Momentum,2022-01-03 00:00:00-05:00,2022-02-01 00:00:00-05:00,WMT,17,0.04984395575691414,True,False,29,0.5714285714285714,-0.03326394114822273,0.01826403396970333,-0.06979163855971937,-0.05378971508206931,-0.021481041560488245,0.03553196787714441,True,False,False
Dual Momentum,2022-01-03 00:00:00-05:00,2022-02-01 00:00:00-05:00,TRV,18,0.04648197091360573,True,False,29,0.6071428571428571,0.060922929440438534,0.09265880822319028,-0.012681656362381055,-0.05378971508206931,-0.021481041560488245,0.03553196787714441,True,True,True
Dual Momentum,2022-01-03 00:00:00-05:00,2022-02-01 00:00:00-05:00,JPM,19,0.04297775270470483,True,False,29,0.6428571428571429,-0.06429836391077048,0.06860932866481328,-0.12169015112151438,-0.05378971508206931,-0.021481041560488245,0.03553196787714441,False,False,False
Dual Momentum,2022-01-03 00:00:00-05:00,2022-02-01 00:00:00-05:00,V,20,-0.0061030190190867195,False,False,29,0.6785714285714286,0.04312225261317626,0.048731084060851027,-0.10054249979107588,-0.05378971508206931,-0.021481041560488245,0.03553196787714441,True,True,True
Dual Momentum,2022-01-03 00:00:00-05:00,2022-02-01 00:00:00-05:00,HON,21,-0.03996536849230825,False,False,29,0.7142857142857143,-0.018906980039020582,0.06430397600968707,-0.05681697667772545,-0.05378971508206931,-0.021481041560488245,0.03553196787714441,True,True,False
Dual Momentum,2022-01-03 00:00:00-05:00,2022-02-01 00:00:00-05:00,MMM,22,-0.06770098142468695,False,False,29,0.75,-0.07138828243125261,0.019403708615916226,-0.09970812741454149,-0.05378971508206931,-0.021481041560488245,0.03553196787714441,False,False,False
Dual Momentum,2022-01-03 00:00:00-05:00,2022-02-01 00:00:00-05:00,AMGN,23,-0.08650900545342999,False,False,29,0.7857142857142857,0.015695401494365324,0.05442011136054714,-0.016321736654871466,-0.05378971508206931,-0.021481041560488245,0.03553196787714441,True,True,False
Dual Momentum,2022-01-03 00:00:00-05:00,2022-02-01 00:00:00-05:00,VZ,24,-0.08714564131423219,False,False,29,0.8214285714285714,0.03789863069272004,0.06569249801571853,-0.012441491722550713,-0.05378971508206931,-0.021481041560488245,0.03553196787714441,True,True,True
Dual Momentum,2022-01-03 00:00:00-05:00,2022-02-01 00:00:00-05:00,DOW,25,-0.09228817179019966,False,False,29,0.8571428571428571,0.04545457218033433,0.0715036290627753,-0.0454546847649141,-0.05378971508206931,-0.021481041560488245,0.03553196787714441,True,True,True
Dual Momentum,2022-01-03 00:00:00-05:00,2022-02-01 00:00:00-05:00,CAT,26,-0.10169928031478337,False,False,29,0.8928571428571429,-0.026796198543142524,0.11380465516722449,-0.056457655461990885,-0.05378971508206931,-0.021481041560488245,0.03553196787714441,True,False,False
Dual Momentum,2022-01-03 00:00:00-05:00,2022-02-01 00:00:00-05:00,DIS,27,-0.17830239513409019,False,False,29,0.9285714285714286,-0.08220504373426851,0.028813325612849106,-0.1705065241897714,-0.05378971508206931,-0.021481041560488245,0.03553196787714441,False,False,False
Dual Momentum,2022-01-03 00:00:00-05:00,2022-02-01 00:00:00-05:00,INTC,28,-0.21075140026399508,False,False,29,0.9642857142857143,-0.05556641523207151,0.08964177144330665,-0.10358200081770863,-0.05378971508206931,-0.021481041560488245,0.03553196787714441,False,False,False
Dual Momentum,2022-01-03 00:00:00-05:00,2022-02-01 00:00:00-05:00,BA,29,-0.2237815442064841,False,False,29,1.0,-0.007451001335592844,0.1258333243575751,-0.09916664572323075,-0.05378971508206931,-0.021481041560488245,0.03553196787714441,True,True,False
Dual Momentum,2022-02-01 00:00:00-05:00,2022-03-01 00:00:00-05:00,AAPL,1,0.3248459389491605,True,True,29,0.0,-0.05229690559952238,0.016464607517649776,-0.1253740122176804,-0.03470301877853488,-0.04315935211401811,0.0014428801431847216,False,False,False
Dual Momentum,2022-02-01 00:00:00-05:00,2022-03-01 00:00:00-05:00,CVX,2,0.291453062791835,True,True,29,0.03571428571428571,0.12002176931919073,0.12002176931919073,-0.0024459781375834044,-0.03470301877853488,-0.04315935211401811,0.0014428801431847216,True,True,True
Dual Momentum,2022-02-01 00:00:00-05:00,2022-03-01 00:00:00-05:00,MSFT,3,0.2422223662067795,True,True,29,0.07142857142857142,-0.04315935211401811,0.015173678852537398,-0.12347721765544328,-0.03470301877853488,-0.04315935211401811,0.0014428801431847216,False,False,False
Dual Momentum,2022-02-01 00:00:00-05:00,2022-03-01 00:00:00-05:00,PG,4,0.20990520315060923,True,True,29,0.10714285714285714,-0.04030148844099668,0.026058784221668185,-0.06362350717349596,-0.03470301877853488,-0.04315935211401811,0.0014428801431847216,False,True,False
Dual Momentum,2022-02-01 00:00:00-05:00,2022-03-01 00:00:00-05:00,UNH,5,0.1764424046864823,True,True,29,0.14285714285714285,-0.008652612967056328,0.05458952828903807,-0.061599934328997796,-0.03470301877853488,-0.04315935211401811,0.0014428801431847216,True,True,False
Dual Momentum,2022-02-01 00:00:00-05:00,2022-03-01 00:00:00-05:00,AXP,6,0.17048414466599437,True,False,29,0.17857142857142858,0.08198079121848312,0.10910391442346024,-0.005113373601090321,-0.03470301877853488,-0.04315935211401811,0.0014428801431847216,True,True,True
Dual Momentum,2022-02-01 00:00:00-05:00,2022-03-01 00:00:00-05:00,MRK,7,0.15453095435473596,True,False,29,0.21428571428571427,-0.0666179009202148,0.004148487113870392,-0.11078573315585949,-0.03470301877853488,-0.04315935211401811,0.0014428801431847216,False,False,False
Dual Momentum,2022-02-01 00:00:00-05:00,2022-03-01 00:00:00-05:00,KO,8,0.1456300554659642,True,False,29,0.25,0.020193661978037847,0.03267120788182565,-0.027745802739416625,-0.03470301877853488,-0.04315935211401811,0.0014428801431847216,True,True,True
Dual Momentum,2022-02-01 00:00:00-05:00,2022-03-01 00:00:00-05:00,HD,9,0.1273002141696149,True,False,29,0.2857142857142857,-0.14853700649512225,0.014074312656087162,-0.1899477937763222,-0.03470301877853488,-0.04315935211401811,0.0014428801431847216,False,False,False
Dual Momentum,2022-02-01 00:00:00-05:00,2022-03-01 00:00:00-05:00,MCD,10,0.11974675026494341,True,False,29,0.32142857142857145,-0.06199072302742026,0.012050063456269244,-0.0775361683550998,-0.03470301877853488,-0.04315935211401811,0.0014428801431847216,False,False,False
Dual Momentum,2022-02-01 00:00:00-05:00,2022-03-01 00:00:00-05:00,NKE,11,0.11915169871246678,True,False,29,0.35714285714285715,-0.08548447607869714,0.0012039643864967253,-0.12421391496292111,-0.03470301877853488,-0.04315935211401811,0.0014428801431847216,False,False,False
Dual Momentum,2022-02-01 00:00:00-05:00,2022-03-01 00:00:00-05:00,CSCO,12,0.1094271126505213,True,False,29,0.39285714285714285,0.0014428801431847216,0.04039700528602541,-0.04959413649133315,-0.03470301877853488,-0.04315935211401811,0.0014428801431847216,True,True,True
Dual Momentum,2022-02-01 00:00:00-05:00,2022-03-01 00:00:00-05:00,TRV,13,0.07933370546959306,True,False,29,0.42857142857142855,0.03309695641448829,0.0484743037522537,-0.02210476608577483,-0.03470301877853488,-0.04315935211401811,0.0014428801431847216,True,True,True
Dual Momentum,2022-02-01 00:00:00-05:00,2022-03-01 00:00:00-05:00,JNJ,14,0.06251065691525493,True,False,29,0.4642857142857143,-0.04456415961031912,0.010946608188665996,-0.08746027495992625,-0.03470301877853488,-0.04315935211401811,0.0014428801431847216,False,False,False
Dual Momentum,2022-02-01 00:00:00-05:00,2022-03-01 00:00:00-05:00,CRM,15,0.039640722974462195,True,False,29,0.5,-0.08163701429929726,0.009123475254703584,-0.2062658592865202,-0.03470301877853488,-0.04315935211401811,0.0014428801431847216,False,False,False
Dual Momentum,2022-02-01 00:00:00-05:00,2022-03-01 00:00:00-05:00,GS,16,0.02665688656883014,False,False,29,0.5357142857142857,-0.04700846479610732,0.059725535178636546,-0.08193618182794249,-0.03470301877853488,-0.04315935211401811,0.0014428801431847216,False,False,False
Dual Momentum,2022-02-01 00:00:00-05:00,2022-03-01 00:00:00-05:00,IBM,17,0.0004055105462443809,False,False,29,0.5714285714285714,-0.07186259760138647,0.037829333670619025,-0.10106794310409128,-0.03470301877853488,-0.04315935211401811,0.0014428801431847216,False,False,False
Dual Momentum,2022-02-01 00:00:00-05:00,2022-03-01 00:00:00-05:00,WMT,18,-0.004765186127992704,False,False,29,0.6071428571428571,-0.023992273772176165,0.019969952961198967,-0.05172026108379191,-0.03470301877853488,-0.04315935211401811,0.0014428801431847216,True,True,False
Dual Momentum,2022-02-01 00:00:00-05:00,2022-03-01 00:00:00-05:00,JPM,19,-0.01370518902400919,False,False,29,0.6428571428571429,-0.05817484234226311,0.06954077506307033,-0.05992325594388659,-0.03470301877853488,-0.04315935211401811,0.0014428801431847216,False,False,False
Dual Momentum,2022-02-01 00:00:00-05:00,2022-03-01 00:00:00-05:00,V,20,-0.023229515988893112,False,False,29,0.6785714285714286,-0.05319969857858009,0.03944475666107716,-0.11071948420678823,-0.03470301877853488,-0.04315935211401811,0.0014428801431847216,False,False,False
Dual Momentum,2022-02-01 00:00:00-05:00,2022-03-01 00:00:00-05:00,DOW,21,-0.043525612915084944,False,False,29,0.7142857142857143,0.0005564031076044085,0.05200654469053867,-0.03812727352499479,-0.03470301877853488,-0.04315935211401811,0.0014428801431847216,True,True,False
Dual Momentum,2022-02-01 00:00:00-05:00,2022-03-01 00:00:00-05:00,VZ,22,-0.04828241239296849,False,False,29,0.75,0.0018726990095587759,0.021910170525539785,-0.03164769347042906,-0.03470301877853488,-0.04315935211401811,0.0014428801431847216,True,True,True
Dual Momentum,2022-02-01 00:00:00-05:00,2022-03-01 00:00:00-05:00,AMGN,23,-0.05274016713283036,False,False,29,0.7857142857142857,0.00031530505261878616,0.07735319219047354,-0.04803961875222207,-0.03470301877853488,-0.04315935211401811,0.0014428801431847216,True,True,False
Dual Momentum,2022-02-01 00:00:00-05:00,2022-03-01 00:00:00-05:00,HON,24,-0.07232247148417881,False,False,29,0.8214285714285714,-0.07969523210956131,0.01917324998188774,-0.14256998165521184,-0.03470301877853488,-0.04315935211401811,0.0014428801431847216,False,False,False
Dual Momentum,2022-02-01 00:00:00-05:00,2022-03-01 00:00:00-05:00,CAT,25,-0.10264602748570784,False,False,29,0.8571428571428571,-0.06489039339674685,0.02963154635337162,-0.10522911331711005,-0.03470301877853488,-0.04315935211401811,0.0014428801431847216,False,False,False
Dual Momentum,2022-02-01 00:00:00-05:00,2022-03-01 00:00:00-05:00,INTC,26,-0.13056758889482123,False,False,29,0.8928571428571429,-0.017996258926028297,0.032198736804623485,-0.0987625113663565,-0.03470301877853488,-0.04315935211401811,0.0014428801431847216,True,True,False
Dual Momentum,2022-02-01 00:00:00-05:00,2022-03-01 00:00:00-05:00,MMM,27,-0.14460610715298017,False,False,29,0.9285714285714286,-0.09404996651969155,0.022102760242785013,-0.1479509481532496,-0.03470301877853488,-0.04315935211401811,0.0014428801431847216,False,False,False
Dual Momentum,2022-02-01 00:00:00-05:00,2022-03-01 00:00:00-05:00,BA,28,-0.14860324242289769,False,False,29,0.9642857142857143,0.0031114425923846056,0.10247925937296842,-0.07704460279482728,-0.03470301877853488,-0.04315935211401811,0.0014428801431847216,True,True,True
Dual Momentum,2022-02-01 00:00:00-05:00,2022-03-01 00:00:00-05:00,DIS,29,-0.22931367212711995,False,False,29,1.0,0.033841235205118725,0.10124470626870474,-0.026359913049653128,-0.03470301877853488,-0.04315935211401811,0.0014428801431847216,True,True,True
Dual Momentum,2022-03-01 00:00:00-05:00,2022-04-01 00:00:00-04:00,CVX,1,0.43730735086164674,True,True,29,0.0,0.12254340759866822,0.20515815464929643,-0.0021377668459888755,0.04523333257425577,0.04009693840497741,0.07879086523088308,True,True,True
Dual Momentum,2022-03-01 00:00:00-05:00,2022-04-01 00:00:00-04:00,AAPL,2,0.33070959005556744,True,True,29,0.03571428571428571,0.05664844721508788,0.09052821514757259,-0.08864592102835556,0.04523333257425577,0.04009693840497741,0.07879086523088308,True,True,False
Dual Momentum,2022-03-01 00:00:00-05:00,2022-04-01 00:00:00-04:00,AXP,3,0.22415073023128684,True,True,29,0.07142857142857142,-0.033235797376364506,0.0005137211920493989,-0.2000824030393017,0.04523333257425577,0.04009693840497741,0.07879086523088308,False,False,False
Dual Momentum,2022-03-01 00:00:00-05:00,2022-04-01 00:00:00-04:00,MSFT,4,0.20366039665950564,True,True,29,0.10714285714285714,0.04375835774986436,0.0659581082649161,-0.08906870874483774,0.04523333257425577,0.04009693840497741,0.07879086523088308,False,True,False
Dual Momentum,2022-03-01 00:00:00-05:00,2022-04-01 00:00:00-04:00,PG,5,0.17682724014838103,True,True,29,0.14285714285714285,-0.005119102198015035,0.013998364387118656,-0.07309930537271381,0.04523333257425577,0.04009693840497741,0.07879086523088308,False,False,False
Dual Momentum,2022-03-01 00:00:00-05:00,2022-04-01 00:00:00-04:00,UNH,6,0.16734463305270597,True,False,29,0.17857142857142858,0.08770880951187543,0.11158533294359474,-0.006710704333937945,0.04523333257425577,0.04009693840497741,0.07879086523088308,True,True,True
Dual Momentum,2022-03-01 00:00:00-05:00,2022-04-01 00:00:00-04:00,KO,7,0.15160459045756602,True,False,29,0.21428571428571427,0.01073594585597104,0.01576292521294942,-0.07466994144895167,0.04523333257425577,0.04009693840497741,0.07879086523088308,False,False,False
Dual Momentum,2022-03-01 00:00:00-05:00,2022-04-01 00:00:00-04:00,TRV,8,0.09429689391917107,True,False,29,0.25,0.07784445171158927,0.0987104736432396,-0.03128091581476422,0.04523333257425577,0.04009693840497741,0.07879086523088308,True,True,False
Dual Momentum,2022-03-01 00:00:00-05:00,2022-04-01 00:00:00-04:00,MRK,9,0.08638742252504605,True,False,29,0.2857142857142857,0.08393581927700233,0.09962969328271898,-0.007189582375919157,0.04523333257425577,0.04009693840497741,0.07879086523088308,True,True,True
Dual Momentum,2022-03-01 00:00:00-05:00,2022-04-01 00:00:00-04:00,CSCO,10,0.07507283486479954,True,False,29,0.32142857142857145,0.011525166221463046,0.02647220868606115,-0.03331537896621939,0.04523333257425577,0.04009693840497741,0.07879086523088308,False,False,False
Dual Momentum,2022-03-01 00:00:00-05:00,2022-04-01 00:00:00-04:00,MCD,11,0.06397450170374297,True,False,29,0.35714285714285715,0.02401955663401445,0.03735020219525631,-0.10160963883169483,0.04523333257425577,0.04009693840497741,0.07879086523088308,False,False,False
Dual Momentum,2022-03-01 00:00:00-05:00,2022-04-01 00:00:00-04:00,HD,12,0.00473480577393337,False,False,29,0.39285714285714285,-0.039023935400921195,0.08966047296279878,-0.04417252767303226,0.04523333257425577,0.04009693840497741,0.07879086523088308,False,False,False
Dual Momentum,2022-03-01 00:00:00-05:00,2022-04-01 00:00:00-04:00,NKE,13,0.00411266012935152,False,False,29,0.42857142857142855,-0.014359821761422698,0.02530061778153181,-0.14411667103801773,0.04523333257425577,0.04009693840497741,0.07879086523088308,False,False,False
Dual Momentum,2022-03-01 00:00:00-05:00,2022-04-01 00:00:00-04:00,JNJ,14,-0.009146657833807748,False,False,29,0.4642857142857143,0.08592997783295853,0.10531175297681172,-0.003864018952195458,0.04523333257425577,0.04009693840497741,0.07879086523088308,True,True,True
Dual Momentum,2022-03-01 00:00:00-05:00,2022-04-01 00:00:00-04:00,VZ,15,-0.016124661284691588,False,False,29,0.5,-0.04635514551034703,0.035327234772311256,-0.050467342423654915,0.04523333257425577,0.04009693840497741,0.07879086523088308,False,False,False
Dual Momentum,2022-03-01 00:00:00-05:00,2022-04-01 00:00:00-04:00,AMGN,16,-0.024466948522702925,False,False,29,0.5357142857142857,0.07879086523088308,0.08966624896970088,-0.00683590773471876,0.04523333257425577,0.04009693840497741,0.07879086523088308,True,True,True
Dual Momentum,2022-03-01 00:00:00-05:00,2022-04-01 00:00:00-04:00,WMT,17,-0.04102243595496813,False,False,29,0.5714285714285714,0.10575415876750283,0.11225609688010763,-0.006255968623968378,0.04523333257425577,0.04009693840497741,0.07879086523088308,True,True,True
Dual Momentum,2022-03-01 00:00:00-05:00,2022-04-01 00:00:00-04:00,V,18,-0.04466217604548528,False,False,29,0.6071428571428571,0.04009693840497741,0.06681279606507595,-0.1296625110363926,0.04523333257425577,0.04009693840497741,0.07879086523088308,False,False,False
Dual Momentum,2022-03-01 00:00:00-05:00,2022-04-01 00:00:00-04:00,GS,19,-0.07328065472200018,False,False,29,0.6428571428571429,-0.010284475871824239,0.027771351930872212,-0.0558684437059892,0.04523333257425577,0.04009693840497741,0.07879086523088308,False,False,False
Dual Momentum,2022-03-01 00:00:00-05:00,2022-04-01 00:00:00-04:00,IBM,20,-0.07518671577301361,False,False,29,0.6785714285714286,0.0569822700956677,0.08486199120119164,-0.016059356404244496,0.04523333257425577,0.04009693840497741,0.07879086523088308,True,True,False
Dual Momentum,2022-03-01 00:00:00-05:00,2022-04-01 00:00:00-04:00,DOW,21,-0.10758285674861678,False,False,29,0.7142857142857143,0.08744916099838784,0.09844365713746805,-0.048207011596950844,0.04523333257425577,0.04009693840497741,0.07879086523088308,True,True,True
Dual Momentum,2022-03-01 00:00:00-05:00,2022-04-01 00:00:00-04:00,CRM,22,-0.11579150088556756,False,False,29,0.75,-0.004311158678936056,0.04104979892735661,-0.11340199006420515,0.04523333257425577,0.04009693840497741,0.07879086523088308,False,False,False
Dual Momentum,2022-03-01 00:00:00-05:00,2022-04-01 00:00:00-04:00,JPM,23,-0.12118513289749833,False,False,29,0.7857142857142857,-0.01885178292792633,0.027778099633106956,-0.0911881844708834,0.04523333257425577,0.04009693840497741,0.07879086523088308,False,False,False
Dual Momentum,2022-03-01 00:00:00-05:00,2022-04-01 00:00:00-04:00,INTC,24,-0.1471969186615958,False,False,29,0.8214285714285714,0.048169913610975,0.10454354995341175,-0.07299118831086215,0.04523333257425577,0.04009693840497741,0.07879086523088308,True,True,False
Dual Momentum,2022-03-01 00:00:00-05:00,2022-04-01 00:00:00-04:00,BA,25,-0.16873130602247755,False,False,29,0.8571428571428571,-0.051843822301481546,0.0019201387842866513,-0.17492983443714327,0.04523333257425577,0.04009693840497741,0.07879086523088308,False,False,False
Dual Momentum,2022-03-01 00:00:00-05:00,2022-04-01 00:00:00-04:00,DIS,26,-0.16898960336254176,False,False,29,0.8928571428571429,-0.07114841394045957,0.005342923417303913,-0.13174610040232138,0.04523333257425577,0.04009693840497741,0.07879086523088308,False,False,False
Dual Momentum,2022-03-01 00:00:00-05:00,2022-04-01 00:00:00-04:00,HON,27,-0.16933964635920973,False,False,29,0.9285714285714286,0.04641827790786124,0.0650602998630696,-0.027723261774844854,0.04523333257425577,0.04009693840497741,0.07879086523088308,True,True,False
Dual Momentum,2022-03-01 00:00:00-05:00,2022-04-01 00:00:00-04:00,CAT,28,-0.2096067697718088,False,False,29,0.9642857142857143,0.1948127770065724,0.20919200281817374,-0.03797201214559609,0.04523333257425577,0.04009693840497741,0.07879086523088308,True,True,True
Dual Momentum,2022-03-01 00:00:00-05:00,2022-04-01 00:00:00-04:00,MMM,29,-0.24909675523734787,False,False,29,1.0,0.007066723241659467,0.03149818377048064,-0.05216055096750094,0.04523333257425577,0.04009693840497741,0.07879086523088308,False,False,False
Dual Momentum,2022-04-01 00:00:00-04:00,2022-05-02 00:00:00-04:00,CVX,1,0.5882234713750156,True,True,29,0.0,-0.03974683103673027,0.07224470645941805,-0.07015611487961149,-0.09097534965511189,-0.05069927785664019,0.011043044696576576,True,True,False
Dual Momentum,2022-04-01 00:00:00-04:00,2022-05-02 00:00:00-04:00,AAPL,2,0.27740897724984803,True,True,29,0.03571428571428571,-0.09952288181726876,0.02562789579624347,-0.10716556668010657,-0.09097534965511189,-0.05069927785664019,0.011043044696576576,False,False,False
Dual Momentum,2022-04-01 00:00:00-04:00,2022-05-02 00:00:00-04:00,UNH,3,0.2718233175260609,True,True,29,0.07142857142857142,0.000254492230654213,0.08343792126350147,-0.012042718658796692,-0.09097534965511189,-0.05069927785664019,0.011043044696576576,True,True,False
Dual Momentum,2022-04-01 00:00:00-04:00,2022-05-02 00:00:00-04:00,TRV,4,0.22358840079357645,True,True,29,0.10714285714285714,-0.07016999616664032,0.017244126641914104,-0.07472490169363577,-0.09097534965511189,-0.05069927785664019,0.011043044696576576,True,False,False
Dual Momentum,2022-04-01 00:00:00-04:00,2022-05-02 00:00:00-04:00,KO,5,0.17557898988633913,True,True,29,0.14285714285714285,0.047328683098724955,0.0781323555178588,-0.009786696953429486,-0.09097534965511189,-0.05069927785664019,0.011043044696576576,True,True,True
Dual Momentum,2022-04-01 00:00:00-04:00,2022-05-02 00:00:00-04:00,PG,6,0.15017426170749948,True,False,29,0.17857142857142858,0.058537162461028025,0.08015321267562792,-0.014721590678684393,-0.09097534965511189,-0.05069927785664019,0.011043044696576576,True,True,True
Dual Momentum,2022-04-01 00:00:00-04:00,2022-05-02 00:00:00-04:00,MSFT,7,0.14177166875461,True,False,29,0.21428571428571427,-0.1023369956174901,0.018553533775137465,-0.12725858346009644,-0.09097534965511189,-0.05069927785664019,0.011043044696576576,False,False,False
Dual Momentum,2022-04-01 00:00:00-04:00,2022-05-02 00:00:00-04:00,AXP,8,0.12576575148497748,True,False,29,0.25,-0.06936377864681265,0.025325166220973028,-0.07282704645164007,-0.09097534965511189,-0.05069927785664019,0.011043044696576576,True,False,False
Dual Momentum,2022-04-01 00:00:00-04:00,2022-05-02 00:00:00-04:00,JNJ,9,0.0882311482040481,True,False,29,0.2857142857142857,0.01931651740309559,0.05444792065094606,-0.008641517150334344,-0.09097534965511189,-0.05069927785664019,0.011043044696576576,True,True,True
Dual Momentum,2022-04-01 00:00:00-04:00,2022-05-02 00:00:00-04:00,MCD,10,0.08238195790575942,True,False,29,0.32142857142857145,0.011043044696576576,0.04630836458706722,-0.023133814171984568,-0.09097534965511189,-0.05069927785664019,0.011043044696576576,True,True,True
Dual Momentum,2022-04-01 00:00:00-04:00,2022-05-02 00:00:00-04:00,WMT,11,0.08132534366425248,True,False,29,0.35714285714285715,0.035413503355310016,0.07423471484857691,-0.0054790330560374745,-0.09097534965511189,-0.05069927785664019,0.011043044696576576,True,True,True
Dual Momentum,2022-04-01 00:00:00-04:00,2022-05-02 00:00:00-04:00,MRK,12,0.0810885377964321,True,False,29,0.39285714285714285,0.07945003803465811,0.09514536320008316,-0.006691848587666249,-0.09097534965511189,-0.05069927785664019,0.011043044696576576,True,True,True
Dual Momentum,2022-04-01 00:00:00-04:00,2022-05-02 00:00:00-04:00,CSCO,13,0.06401907393663486,True,False,29,0.42857142857142855,-0.11557951011155831,0.0003560701159988078,-0.12400443484647594,-0.09097534965511189,-0.05069927785664019,0.011043044696576576,False,False,False
Dual Momentum,2022-04-01 00:00:00-04:00,2022-05-02 00:00:00-04:00,CAT,14,0.04446322523109103,True,False,29,0.4642857142857143,-0.059473610718995595,0.0603967008124604,-0.09530312434605326,-0.09097534965511189,-0.05069927785664019,0.011043044696576576,True,False,False
Dual Momentum,2022-04-01 00:00:00-04:00,2022-05-02 00:00:00-04:00,DOW,15,0.03919145329267759,True,False,29,0.5,0.044485914983348085,0.11774754582298463,-0.06626220803168792,-0.09097534965511189,-0.05069927785664019,0.011043044696576576,True,True,True
Dual Momentum,2022-04-01 00:00:00-04:00,2022-05-02 00:00:00-04:00,AMGN,16,0.0038082726701240688,False,False,29,0.5357142857142857,-0.039748254774699565,0.06344884438621068,-0.04888300999424733,-0.09097534965511189,-0.05069927785664019,0.011043044696576576,True,True,False
Dual Momentum,2022-04-01 00:00:00-04:00,2022-05-02 00:00:00-04:00,IBM,17,-0.03921553879022999,False,False,29,0.5714285714285714,0.025759523302903764,0.09424645428115763,-0.03663426404524328,-0.09097534965511189,-0.05069927785664019,0.011043044696576576,True,True,True
Dual Momentum,2022-04-01 00:00:00-04:00,2022-05-02 00:00:00-04:00,V,18,-0.052412608871528876,False,False,29,0.6071428571428571,-0.05069927785664019,0.027613420545459455,-0.09852974058822428,-0.09097534965511189,-0.05069927785664019,0.011043044696576576,True,False,False
Dual Momentum,2022-04-01 00:00:00-04:00,2022-05-02 00:00:00-04:00,HD,19,-0.05480124523904162,False,False,29,0.6428571428571429,0.004958347462723278,0.05956736041167465,-0.022995005550122016,-0.09097534965511189,-0.05069927785664019,0.011043044696576576,True,True,False
Dual Momentum,2022-04-01 00:00:00-04:00,2022-05-02 00:00:00-04:00,VZ,20,-0.06285282711517182,False,False,29,0.6785714285714286,-0.07729664690814508,0.10125289811286176,-0.08404171063550347,-0.09097534965511189,-0.05069927785664019,0.011043044696576576,True,False,False
Dual Momentum,2022-04-01 00:00:00-04:00,2022-05-02 00:00:00-04:00,INTC,21,-0.09638340446630622,False,False,29,0.7142857142857143,-0.12261674524406574,0.001404770063255123,-0.1270317119418053,-0.09097534965511189,-0.05069927785664019,0.011043044696576576,False,False,False
Dual Momentum,2022-04-01 00:00:00-04:00,2022-05-02 00:00:00-04:00,GS,22,-0.10552240939382274,False,False,29,0.75,-0.08420941546888483,0.04018788931105011,-0.08750334508932411,-0.09097534965511189,-0.05069927785664019,0.011043044696576576,True,False,False
Dual Momentum,2022-04-01 00:00:00-04:00,2022-05-02 00:00:00-04:00,HON,23,-0.10846601854028826,False,False,29,0.7857142857142857,-0.0042188893485222145,0.03418099019809251,-0.05152711838670865,-0.09097534965511189,-0.05069927785664019,0.011043044696576576,True,True,False
Dual Momentum,2022-04-01 00:00:00-04:00,2022-05-02 00:00:00-04:00,JPM,24,-0.11663825039468889,False,False,29,0.8214285714285714,-0.12104359660515052,7.285128143852404e-05,-0.1282288179222435,-0.09097534965511189,-0.05069927785664019,0.011043044696576576,False,False,False
Dual Momentum,2022-04-01 00:00:00-04:00,2022-05-02 00:00:00-04:00,CRM,25,-0.13331691797977352,False,False,29,0.8571428571428571,-0.17596948423348857,0.040097903180338346,-0.21145520377064575,-0.09097534965511189,-0.05069927785664019,0.011043044696576576,False,False,False
Dual Momentum,2022-04-01 00:00:00-04:00,2022-05-02 00:00:00-04:00,NKE,26,-0.14346595841348408,False,False,29,0.8928571428571429,-0.07452568503933144,0.03488333611507577,-0.10390444668731091,-0.09097534965511189,-0.05069927785664019,0.011043044696576576,True,False,False
Dual Momentum,2022-04-01 00:00:00-04:00,2022-05-02 00:00:00-04:00,BA,27,-0.20118465184621293,False,False,29,0.9285714285714286,-0.2313843448692302,0.00020767102374374957,-0.24187351432220927,-0.09097534965511189,-0.05069927785664019,0.011043044696576576,False,False,False
Dual Momentum,2022-04-01 00:00:00-04:00,2022-05-02 00:00:00-04:00,DIS,28,-0.22622130632959403,False,False,29,0.9642857142857143,-0.18661706168922487,0.01398008137582507,-0.1891654836479918,-0.09097534965511189,-0.05069927785664019,0.011043044696576576,False,False,False
Dual Momentum,2022-04-01 00:00:00-04:00,2022-05-02 00:00:00-04:00,MMM,29,-0.23301397631588228,False,False,29,1.0,-0.03421764491590573,0.023190616134016073,-0.04517802373376789,-0.09097534965511189,-0.05069927785664019,0.011043044696576576,True,True,False
Dual Momentum,2022-05-02 00:00:00-04:00,2022-06-01 00:00:00-04:00,CVX,1,0.5941826687498402,True,True,29,0.0,0.13993908736153338,0.1672235408025433,-0.007421173822707905,0.007522967845105866,0.0054823047382996926,0.0402856460115919,True,True,True
Dual Momentum,2022-05-02 00:00:00-04:00,2022-06-01 00:00:00-04:00,UNH,2,0.24572979866759015,True,True,29,0.03571428571428571,-0.02445120012439561,0.005285746598413965,-0.09295048006530948,0.007522967845105866,0.0054823047382996926,0.0402856460115919,False,False,False
Dual Momentum,2022-05-02 00:00:00-04:00,2022-06-01 00:00:00-04:00,MRK,3,0.18560298956901278,True,True,29,0.07142857142857142,0.03325076734323429,0.06988297597535431,-0.02660057972141472,0.007522967845105866,0.0054823047382996926,0.0402856460115919,True,True,False
Dual Momentum,2022-05-02 00:00:00-04:00,2022-06-01 00:00:00-04:00,TRV,4,0.16782654638741623,True,True,29,0.10714285714285714,0.03825750380727433,0.049513380710787924,-0.030092595497438035,0.007522967845105866,0.0054823047382996926,0.0402856460115919,True,True,False
Dual Momentum,2022-05-02 00:00:00-04:00,2022-06-01 00:00:00-04:00,KO,5,0.15912005986400923,True,True,29,0.14285714285714285,-0.028492624359373386,0.016850597731069783,-0.08609061890220626,0.007522967845105866,0.0054823047382996926,0.0402856460115919,False,False,False
Dual Momentum,2022-05-02 00:00:00-04:00,2022-06-01 00:00:00-04:00,PG,6,0.14834276805706081,True,False,29,0.17857142857142858,-0.08415869618575744,0.0024752096619857777,-0.13873786534809007,0.007522967845105866,0.0054823047382996926,0.0402856460115919,False,False,False
Dual Momentum,2022-05-02 00:00:00-04:00,2022-06-01 00:00:00-04:00,DOW,7,0.10790911340090492,True,False,29,0.21428571428571427,0.03299695614354081,0.05405785823431808,-0.027847965319899637,0.007522967845105866,0.0054823047382996926,0.0402856460115919,True,True,False
Dual Momentum,2022-05-02 00:00:00-04:00,2022-06-01 00:00:00-04:00,WMT,8,0.08570697051413223,True,False,29,0.25,-0.16773941931705283,0.00019363971094077392,-0.24047310006828304,0.007522967845105866,0.0054823047382996926,0.0402856460115919,False,False,False
Dual Momentum,2022-05-02 00:00:00-04:00,2022-06-01 00:00:00-04:00,AAPL,9,0.08541131763279664,True,False,29,0.2857142857142857,-0.042050985920415895,0.062344494897525804,-0.1525443039603127,0.007522967845105866,0.0054823047382996926,0.0402856460115919,False,False,False
Dual Momentum,2022-05-02 00:00:00-04:00,2022-06-01 00:00:00-04:00,JNJ,10,0.06791134056999137,True,False,29,0.32142857142857145,-0.0009353660519683116,0.013508586300886805,-0.04310956760581386,0.007522967845105866,0.0054823047382996926,0.0402856460115919,False,False,False
Dual Momentum,2022-05-02 00:00:00-04:00,2022-06-01 00:00:00-04:00,MCD,11,0.04369947846347877,True,False,29,0.35714285714285715,0.009288357130524227,0.01562626798050304,-0.0897710641652325,0.007522967845105866,0.0054823047382996926,0.0402856460115919,True,True,False
Dual Momentum,2022-05-02 00:00:00-04:00,2022-06-01 00:00:00-04:00,CAT,12,0.033856911790609345,False,False,29,0.39285714285714285,0.0402856460115919,0.063285625175721,-0.07600003906409736,0.007522967845105866,0.0054823047382996926,0.0402856460115919,True,True,True
Dual Momentum,2022-05-02 00:00:00-04:00,2022-06-01 00:00:00-04:00,AXP,13,0.03255930179033806,False,False,29,0.42857142857142855,-0.03406786952540908,0.020154767585943922,-0.14279963853200783,0.007522967845105866,0.0054823047382996926,0.0402856460115919,False,False,False
Dual Momentum,2022-05-02 00:00:00-04:00,2022-06-01 00:00:00-04:00,IBM,14,0.017720406206735984,False,False,29,0.4642857142857143,0.06288930345946109,0.06410696358643375,-0.04266132422264124,0.007522967845105866,0.0054823047382996926,0.0402856460115919,True,True,True
Dual Momentum,2022-05-02 00:00:00-04:00,2022-06-01 00:00:00-04:00,AMGN,15,-0.010534707426463674,False,False,29,0.5,0.11390446371272223,0.11390446371272223,-0.02592444581374198,0.007522967845105866,0.0054823047382996926,0.0402856460115919,True,True,True
Dual Momentum,2022-05-02 00:00:00-04:00,2022-06-01 00:00:00-04:00,MSFT,16,-0.020266389513354355,False,False,29,0.5357142857142857,-0.006730047409718165,0.047423835367535805,-0.11053267545234058,0.007522967845105866,0.0054823047382996926,0.0402856460115919,False,False,False
Dual Momentum,2022-05-02 00:00:00-04:00,2022-06-01 00:00:00-04:00,HD,17,-0.07064316180765107,False,False,29,0.5714285714285714,0.0054823047382996926,0.045564480600950086,-0.07417476450788107,0.007522967845105866,0.0054823047382996926,0.0402856460115919,False,False,False
Dual Momentum,2022-05-02 00:00:00-04:00,2022-06-01 00:00:00-04:00,CSCO,18,-0.0980470627422414,False,False,29,0.6071428571428571,-0.07681411027838558,0.0470204545243218,-0.1686259988500689,0.007522967845105866,0.0054823047382996926,0.0402856460115919,False,False,False
Dual Momentum,2022-05-02 00:00:00-04:00,2022-06-01 00:00:00-04:00,V,19,-0.1308735537377984,False,False,29,0.6428571428571429,0.0032345247205398664,0.014307888457939733,-0.10132332779260711,0.007522967845105866,0.0054823047382996926,0.0402856460115919,False,False,False
Dual Momentum,2022-05-02 00:00:00-04:00,2022-06-01 00:00:00-04:00,VZ,20,-0.1396259695687615,False,False,29,0.6785714285714286,0.10599888930476276,0.1096537632604091,-0.02064070348564595,0.007522967845105866,0.0054823047382996926,0.0402856460115919,True,True,True
Dual Momentum,2022-05-02 00:00:00-04:00,2022-06-01 00:00:00-04:00,HON,21,-0.1608044121059552,False,False,29,0.7142857142857143,0.005181679964743946,0.05806242519200544,-0.04734177744790502,0.007522967845105866,0.0054823047382996926,0.0402856460115919,False,False,False
Dual Momentum,2022-05-02 00:00:00-04:00,2022-06-01 00:00:00-04:00,INTC,22,-0.17135325513661614,False,False,29,0.75,0.03211107084802567,0.0667887287421094,-0.07070819822488761,0.007522967845105866,0.0054823047382996926,0.0402856460115919,True,True,False
Dual Momentum,2022-05-02 00:00:00-04:00,2022-06-01 00:00:00-04:00,GS,23,-0.17196596659199392,False,False,29,0.7857142857142857,0.0758398750924254,0.08478884438237189,-0.03894579314369151,0.007522967845105866,0.0054823047382996926,0.0402856460115919,True,True,True
Dual Momentum,2022-05-02 00:00:00-04:00,2022-06-01 00:00:00-04:00,JPM,24,-0.19821818516150047,False,False,29,0.8214285714285714,0.10835830252655576,0.11069415290292817,-0.04054021649963657,0.007522967845105866,0.0054823047382996926,0.0402856460115919,True,True,True
Dual Momentum,2022-05-02 00:00:00-04:00,2022-06-01 00:00:00-04:00,NKE,25,-0.25129369491815223,False,False,29,0.8571428571428571,-0.03696863239639081,0.014224883282404122,-0.16852845755643797,0.007522967845105866,0.0054823047382996926,0.0402856460115919,False,False,False
Dual Momentum,2022-05-02 00:00:00-04:00,2022-06-01 00:00:00-04:00,MMM,26,-0.25270417622863883,False,False,29,0.8928571428571429,0.043796922546582406,0.0702374705560187,-0.014428706997938967,0.007522967845105866,0.0054823047382996926,0.0402856460115919,True,True,True
Dual Momentum,2022-05-02 00:00:00-04:00,2022-06-01 00:00:00-04:00,CRM,27,-0.2727647376539942,False,False,29,0.9285714285714286,0.016677056938172896,0.062196570904508475,-0.11731113002805216,0.007522967845105866,0.0054823047382996926,0.0402856460115919,True,True,False
Dual Momentum,2022-05-02 00:00:00-04:00,2022-06-01 00:00:00-04:00,BA,28,-0.3428117310769082,False,False,29,0.9642857142857143,-0.10147279988462621,0.06735576903748308,-0.20902581778375628,0.007522967845105866,0.0054823047382996926,0.0402856460115919,False,False,False
Dual Momentum,2022-05-02 00:00:00-04:00,2022-06-01 00:00:00-04:00,DIS,29,-0.3658107857641696,False,False,29,1.0,0.0026855968723289436,0.042341846723691345,-0.1095693196914258,0.007522967845105866,0.0054823047382996926,0.0402856460115919,False,False,False
Dual Momentum,2022-06-01 00:00:00-04:00,2022-07-01 00:00:00-04:00,CVX,1,0.8294786719885716,True,True,29,0.0,-0.17048597743412963,0.03208275944523553,-0.20698251022000513,-0.08908006214489361,-0.07196418019732931,-0.02162299577071125,False,False,False
Dual Momentum,2022-06-01 00:00:00-04:00,2022-07-01 00:00:00-04:00,MRK,2,0.23620242225120558,True,True,29,0.03571428571428571,0.004114726459919726,0.05272579499446839,-0.0866186663918811,-0.08908006214489361,-0.07196418019732931,-0.02162299577071125,True,True,True
Dual Momentum,2022-06-01 00:00:00-04:00,2022-07-01 00:00:00-04:00,UNH,3,0.1992106130460387,True,True,29,0.07142857142857142,0.03176071339100783,0.044609363913354017,-0.09434968345633021,-0.08908006214489361,-0.07196418019732931,-0.02162299577071125,True,True,True
Dual Momentum,2022-06-01 00:00:00-04:00,2022-07-01 00:00:00-04:00,AMGN,4,0.17437744511306352,True,True,29,0.10714285714285714,-0.05673168931219308,0.0003489853272320431,-0.11008979955968168,-0.08908006214489361,-0.07196418019732931,-0.02162299577071125,True,True,False
Dual Momentum,2022-06-01 00:00:00-04:00,2022-07-01 00:00:00-04:00,KO,5,0.15425688863248888,True,True,29,0.14285714285714285,0.0024603387085344597,0.012624698938116019,-0.07488404903731438,-0.08908006214489361,-0.07196418019732931,-0.02162299577071125,True,True,True
Dual Momentum,2022-06-01 00:00:00-04:00,2022-07-01 00:00:00-04:00,TRV,6,0.14165757971774018,True,False,29,0.17857142857142858,-0.046694421235624395,0.0039320610032049785,-0.10581739084162312,-0.08908006214489361,-0.07196418019732931,-0.02162299577071125,True,True,False
Dual Momentum,2022-06-01 00:00:00-04:00,2022-07-01 00:00:00-04:00,DOW,7,0.09991724708640781,True,False,29,0.21428571428571427,-0.25841220059728764,0.016576845782767524,-0.2655499198854421,-0.08908006214489361,-0.07196418019732931,-0.02162299577071125,False,False,False
Dual Momentum,2022-06-01 00:00:00-04:00,2022-07-01 00:00:00-04:00,IBM,8,0.08472263777683842,True,False,29,0.25,0.009522329621034498,0.03622854877532933,-0.04882933740059936,-0.08908006214489361,-0.07196418019732931,-0.02162299577071125,True,True,True
Dual Momentum,2022-06-01 00:00:00-04:00,2022-07-01 00:00:00-04:00,MCD,9,0.08380370231226864,True,False,29,0.2857142857142857,-0.02162299577071125,0.0009083918216410414,-0.07793870989502716,-0.08908006214489361,-0.07196418019732931,-0.02162299577071125,True,True,True
Dual Momentum,2022-06-01 00:00:00-04:00,2022-07-01 00:00:00-04:00,JNJ,10,0.053982387542431676,True,False,29,0.32142857142857145,-0.00948901297496596,0.023444170554256072,-0.0663689263152013,-0.08908006214489361,-0.07196418019732931,-0.02162299577071125,True,True,True
Dual Momentum,2022-06-01 00:00:00-04:00,2022-07-01 00:00:00-04:00,PG,11,0.052539597161946894,True,False,29,0.35714285714285715,-0.02540488983828948,0.0008107778188346515,-0.12499982894715944,-0.08908006214489361,-0.07196418019732931,-0.02162299577071125,True,True,False
Dual Momentum,2022-06-01 00:00:00-04:00,2022-07-01 00:00:00-04:00,CAT,12,0.03637222276617069,False,False,29,0.39285714285714285,-0.17920885871255732,0.063581451886086,-0.19426888616037252,-0.08908006214489361,-0.07196418019732931,-0.02162299577071125,False,False,False
Dual Momentum,2022-06-01 00:00:00-04:00,2022-07-01 00:00:00-04:00,AXP,13,0.03583398839050789,False,False,29,0.42857142857142855,-0.17850197967733294,0.009246968405199896,-0.20093313634468535,-0.08908006214489361,-0.07196418019732931,-0.02162299577071125,False,False,False
Dual Momentum,2022-06-01 00:00:00-04:00,2022-07-01 00:00:00-04:00,AAPL,14,-0.023860907412090127,False,False,29,0.4642857142857143,-0.09246141624322257,0.012274927762507604,-0.13915943865721137,-0.08908006214489361,-0.07196418019732931,-0.02162299577071125,False,False,False
Dual Momentum,2022-06-01 00:00:00-04:00,2022-07-01 00:00:00-04:00,VZ,15,-0.029322898513504447,False,False,29,0.5,-0.00933145286770165,0.01438564545828025,-0.06667979421139547,-0.08908006214489361,-0.07196418019732931,-0.02162299577071125,True,True,True
Dual Momentum,2022-06-01 00:00:00-04:00,2022-07-01 00:00:00-04:00,HD,16,-0.060251929783408875,False,False,29,0.5357142857142857,-0.08619976458774048,0.02227099868969007,-0.12338424847632512,-0.08908006214489361,-0.07196418019732931,-0.02162299577071125,True,False,False
Dual Momentum,2022-06-01 00:00:00-04:00,2022-07-01 00:00:00-04:00,V,17,-0.0775595587881519,False,False,29,0.5714285714285714,-0.07196418019732931,0.026078627962357936,-0.12327273806753791,-0.08908006214489361,-0.07196418019732931,-0.02162299577071125,True,False,False
Dual Momentum,2022-06-01 00:00:00-04:00,2022-07-01 00:00:00-04:00,MSFT,18,-0.098895945240841,False,False,29,0.6071428571428571,-0.06835029508409018,0.009047929229384577,-0.12242022468301061,-0.08908006214489361,-0.07196418019732931,-0.02162299577071125,True,True,False
Dual Momentum,2022-06-01 00:00:00-04:00,2022-07-01 00:00:00-04:00,WMT,19,-0.11903402232212434,False,False,29,0.6428571428571429,-0.05105042723398734,0.0032684683378483292,-0.08249014447348002,-0.08908006214489361,-0.07196418019732931,-0.02162299577071125,True,True,False
Dual Momentum,2022-06-01 00:00:00-04:00,2022-07-01 00:00:00-04:00,HON,20,-0.1549465276242188,False,False,29,0.6785714285714286,-0.10986892685678973,0.017943204212956143,-0.12765613556077593,-0.08908006214489361,-0.07196418019732931,-0.02162299577071125,False,False,False
Dual Momentum,2022-06-01 00:00:00-04:00,2022-07-01 00:00:00-04:00,INTC,21,-0.1578438383067614,False,False,29,0.7142857142857143,-0.1715435630425326,0.003573818310836252,-0.18248832138908833,-0.08908006214489361,-0.07196418019732931,-0.02162299577071125,False,False,False
Dual Momentum,2022-06-01 00:00:00-04:00,2022-07-01 00:00:00-04:00,JPM,22,-0.15970996148261074,False,False,29,0.75,-0.15217853343455978,0.0,-0.16512376436705556,-0.08908006214489361,-0.07196418019732931,-0.02162299577071125,False,False,False
Dual Momentum,2022-06-01 00:00:00-04:00,2022-07-01 00:00:00-04:00,GS,23,-0.19209010091594425,False,False,29,0.7857142857142857,-0.09703353282548044,0.006941862427131129,-0.14938847303325453,-0.08908006214489361,-0.07196418019732931,-0.02162299577071125,False,False,False
Dual Momentum,2022-06-01 00:00:00-04:00,2022-07-01 00:00:00-04:00,MMM,24,-0.21753841997898493,False,False,29,0.8214285714285714,-0.13339583147612877,0.0010714698825304847,-0.1475256594708696,-0.08908006214489361,-0.07196418019732931,-0.02162299577071125,False,False,False
Dual Momentum,2022-06-01 00:00:00-04:00,2022-07-01 00:00:00-04:00,CSCO,25,-0.22316908859155415,False,False,29,0.8571428571428571,-0.06652040845335072,0.011855114362933294,-0.0737653123677855,-0.08908006214489361,-0.07196418019732931,-0.02162299577071125,True,True,False
Dual Momentum,2022-06-01 00:00:00-04:00,2022-07-01 00:00:00-04:00,NKE,26,-0.2897975798528799,False,False,29,0.8928571428571429,-0.14969686325820242,0.035857286645929465,-0.15689137397018504,-0.08908006214489361,-0.07196418019732931,-0.02162299577071125,False,False,False
Dual Momentum,2022-06-01 00:00:00-04:00,2022-07-01 00:00:00-04:00,DIS,27,-0.3863761087637808,False,False,29,0.9285714285714286,-0.158646643067468,0.00749929757941592,-0.1785554064953282,-0.08908006214489361,-0.07196418019732931,-0.02162299577071125,False,False,False
Dual Momentum,2022-06-01 00:00:00-04:00,2022-07-01 00:00:00-04:00,CRM,28,-0.39525217639289323,False,False,29,0.9642857142857143,-0.07443405267023473,0.08241112729086386,-0.11145432131149724,-0.08908006214489361,-0.07196418019732931,-0.02162299577071125,True,False,False
Dual Momentum,2022-06-01 00:00:00-04:00,2022-07-01 00:00:00-04:00,BA,29,-0.3963062037779488,False,False,29,1.0,0.021654172051221776,0.1066164862840695,-0.1502255891498766,-0.08908006214489361,-0.07196418019732931,-0.02162299577071125,True,True,True
Dual Momentum,2022-07-01 00:00:00-04:00,2022-08-01 00:00:00-04:00,CVX,1,0.4439990587032341,True,True,29,0.0,0.09945403281321674,0.12319221953582238,-0.0959071585902802,0.08654673768713717,0.06927502748588754,0.10038866302965888,True,True,False
Dual Momentum,2022-07-01 00:00:00-04:00,2022-08-01 00:00:00-04:00,UNH,2,0.2953551737226814,True,True,29,0.03571428571428571,0.0584594078267886,0.06250010804532313,-0.039174783059514384,0.08654673768713717,0.06927502748588754,0.10038866302965888,False,False,False
Dual Momentum,2022-07-01 00:00:00-04:00,2022-08-01 00:00:00-04:00,MRK,3,0.24668482061791708,True,True,29,0.07142857142857142,-0.02146764484218766,0.04435932488462324,-0.04249719198728086,0.08654673768713717,0.06927502748588754,0.10038866302965888,False,False,False
Dual Momentum,2022-07-01 00:00:00-04:00,2022-08-01 00:00:00-04:00,KO,4,0.21496796439198662,True,True,29,0.10714285714285714,0.015367561147561881,0.021070944848916584,-0.03691381858187437,0.08654673768713717,0.06927502748588754,0.10038866302965888,False,False,False
Dual Momentum,2022-07-01 00:00:00-04:00,2022-08-01 00:00:00-04:00,AMGN,5,0.16069986434487027,True,True,29,0.14285714285714285,0.016814126586909728,0.043247844930897505,-0.01040081718107666,0.08654673768713717,0.06927502748588754,0.10038866302965888,False,False,False
Dual Momentum,2022-07-01 00:00:00-04:00,2022-08-01 00:00:00-04:00,TRV,6,0.10992948501244748,True,False,29,0.17857142857142858,-0.06450696850579507,0.02600387204028798,-0.09898123675837045,0.08654673768713717,0.06927502748588754,0.10038866302965888,False,False,False
Dual Momentum,2022-07-01 00:00:00-04:00,2022-08-01 00:00:00-04:00,JNJ,7,0.10337217079057193,True,False,29,0.21428571428571427,-0.01848423084669193,0.014313581278909249,-0.043336248842339,0.08654673768713717,0.06927502748588754,0.10038866302965888,False,False,False
Dual Momentum,2022-07-01 00:00:00-04:00,2022-08-01 00:00:00-04:00,IBM,8,0.10141843129634176,True,False,29,0.25,-0.07269483731471704,0.006170479554393538,-0.11255293127182286,0.08654673768713717,0.06927502748588754,0.10038866302965888,False,False,False
Dual Momentum,2022-07-01 00:00:00-04:00,2022-08-01 00:00:00-04:00,PG,9,0.02998605270042698,False,False,29,0.2857142857142857,-0.0346782105915191,0.03698514917853557,-0.035445704571538506,0.08654673768713717,0.06927502748588754,0.10038866302965888,False,False,False
Dual Momentum,2022-07-01 00:00:00-04:00,2022-08-01 00:00:00-04:00,MCD,10,0.027563334192091116,False,False,29,0.32142857142857145,0.06571962935008946,0.07306677407890749,-0.001420767586133409,0.08654673768713717,0.06927502748588754,0.10038866302965888,False,False,False
Dual Momentum,2022-07-01 00:00:00-04:00,2022-08-01 00:00:00-04:00,VZ,11,-0.03265445005219414,False,False,29,0.35714285714285715,-0.08021204219143963,0.02052929431717465,-0.13028492224631827,0.08654673768713717,0.06927502748588754,0.10038866302965888,False,False,False
Dual Momentum,2022-07-01 00:00:00-04:00,2022-08-01 00:00:00-04:00,AAPL,12,-0.03874942387530822,False,False,29,0.39285714285714285,0.18354898604916192,0.20280787935339006,-0.0027932199557243464,0.08654673768713717,0.06927502748588754,0.10038866302965888,True,True,True
Dual Momentum,2022-07-01 00:00:00-04:00,2022-08-01 00:00:00-04:00,CAT,13,-0.08280476065856146,False,False,29,0.42857142857142855,0.09552560854618464,0.12029118668852457,-0.06820613174449941,0.08654673768713717,0.06927502748588754,0.10038866302965888,True,True,False
Dual Momentum,2022-07-01 00:00:00-04:00,2022-08-01 00:00:00-04:00,MSFT,14,-0.09002677985812246,False,False,29,0.4642857142857143,0.08358322482207337,0.09988640130488924,-0.040758417881634035,0.08654673768713717,0.06927502748588754,0.10038866302965888,False,True,False
Dual Momentum,2022-07-01 00:00:00-04:00,2022-08-01 00:00:00-04:00,DOW,15,-0.09169453147426732,False,False,29,0.5,0.03280287986060437,0.056668348167440374,-0.05185628895075289,0.08654673768713717,0.06927502748588754,0.10038866302965888,False,False,False
Dual Momentum,2022-07-01 00:00:00-04:00,2022-08-01 00:00:00-04:00,WMT,16,-0.12427290682623604,False,False,29,0.5357142857142857,0.07479093165124517,0.09389862883048394,-0.015417501738019257,0.08654673768713717,0.06927502748588754,0.10038866302965888,False,True,False
Dual Momentum,2022-07-01 00:00:00-04:00,2022-08-01 00:00:00-04:00,V,17,-0.12680969565295508,False,False,29,0.5714285714285714,0.05925097918431099,0.10813566334465285,-0.013465947186156457,0.08654673768713717,0.06927502748588754,0.10038866302965888,False,False,False
Dual Momentum,2022-07-01 00:00:00-04:00,2022-08-01 00:00:00-04:00,HD,18,-0.17248033118179884,False,False,29,0.6071428571428571,0.09034182236535493,0.1267183620949175,-0.004279632779682796,0.08654673768713717,0.06927502748588754,0.10038866302965888,True,True,False
Dual Momentum,2022-07-01 00:00:00-04:00,2022-08-01 00:00:00-04:00,HON,19,-0.18157953089328938,False,False,29,0.6428571428571429,0.10227486767504868,0.11217972452166358,-0.03627973361430381,0.08654673768713717,0.06927502748588754,0.10038866302965888,True,True,True
Dual Momentum,2022-07-01 00:00:00-04:00,2022-08-01 00:00:00-04:00,AXP,20,-0.18251347865906942,False,False,29,0.6785714285714286,0.10697437634291473,0.16520584897123602,-0.02860888402949635,0.08654673768713717,0.06927502748588754,0.10038866302965888,True,True,True
Dual Momentum,2022-07-01 00:00:00-04:00,2022-08-01 00:00:00-04:00,GS,21,-0.21487486193472283,False,False,29,0.7142857142857143,0.12348023654299856,0.13516438595907543,-0.05903060032093854,0.08654673768713717,0.06927502748588754,0.10038866302965888,True,True,True
Dual Momentum,2022-07-01 00:00:00-04:00,2022-08-01 00:00:00-04:00,CSCO,22,-0.21635339374430462,False,False,29,0.75,0.06927502748588754,0.08849622708580807,-0.03134039906819219,0.08654673768713717,0.06927502748588754,0.10038866302965888,False,False,False
Dual Momentum,2022-07-01 00:00:00-04:00,2022-08-01 00:00:00-04:00,MMM,23,-0.2643993202771885,False,False,29,0.7857142857142857,0.09844690963302027,0.1258790621506516,-0.02944140424896835,0.08654673768713717,0.06927502748588754,0.10038866302965888,True,True,False
Dual Momentum,2022-07-01 00:00:00-04:00,2022-08-01 00:00:00-04:00,INTC,24,-0.2847793405535619,False,False,29,0.8214285714285714,-0.028039831473945953,0.09813971329540028,-0.04987849985780102,0.08654673768713717,0.06927502748588754,0.10038866302965888,False,False,False
Dual Momentum,2022-07-01 00:00:00-04:00,2022-08-01 00:00:00-04:00,NKE,25,-0.2954968047367319,False,False,29,0.8571428571428571,0.1216057220713429,0.13351049563218753,-0.020759549616511053,0.08654673768713717,0.06927502748588754,0.10038866302965888,True,True,True
Dual Momentum,2022-07-01 00:00:00-04:00,2022-08-01 00:00:00-04:00,JPM,26,-0.3081508304496431,False,False,29,0.8928571428571429,0.025413394546511592,0.04332457006066903,-0.05017170157423245,0.08654673768713717,0.06927502748588754,0.10038866302965888,False,False,False
Dual Momentum,2022-07-01 00:00:00-04:00,2022-08-01 00:00:00-04:00,CRM,27,-0.38987058883480374,False,False,29,0.9285714285714286,0.10038866302965888,0.1383833536756247,-0.04315359480071679,0.08654673768713717,0.06927502748588754,0.10038866302965888,True,True,True
Dual Momentum,2022-07-01 00:00:00-04:00,2022-08-01 00:00:00-04:00,BA,28,-0.39332622980822307,False,False,29,0.9642857142857143,0.22129813795166609,0.22129813795166609,-0.03377988984205782,0.08654673768713717,0.06927502748588754,0.10038866302965888,True,True,True
Dual Momentum,2022-07-01 00:00:00-04:00,2022-08-01 00:00:00-04:00,DIS,29,-0.45332400378771653,False,False,29,1.0,0.11279719928789711,0.12839562572461016,-0.042550837535513364,0.08654673768713717,0.06927502748588754,0.10038866302965888,True,True,True
Dual Momentum,2022-08-01 00:00:00-04:00,2022-09-01 00:00:00-04:00,CVX,1,0.5061083254968604,True,True,29,0.0,-0.02033855547274288,0.04445874145926654,-0.07544359147100954,-0.03974082562735559,-0.034453977103002464,-0.010567716517955184,True,True,False
Dual Momentum,2022-08-01 00:00:00-04:00,2022-09-01 00:00:00-04:00,AMGN,2,0.22814152526994902,True,True,29,0.03571428571428571,-0.017619343949126343,0.029356886796777282,-0.030290311014930404,-0.03974082562735559,-0.034453977103002464,-0.010567716517955184,True,True,False
Dual Momentum,2022-08-01 00:00:00-04:00,2022-09-01 00:00:00-04:00,UNH,3,0.2076941745529326,True,True,29,0.07142857142857142,-0.04230356923298373,0.020027047437455314,-0.04261702785464472,-0.03974082562735559,-0.034453977103002464,-0.010567716517955184,False,False,False
Dual Momentum,2022-08-01 00:00:00-04:00,2022-09-01 00:00:00-04:00,KO,4,0.18215847578662925,True,True,29,0.10714285714285714,-0.03916359381933221,0.021532340912067793,-0.03916359381933221,-0.03974082562735559,-0.034453977103002464,-0.010567716517955184,True,False,False
Dual Momentum,2022-08-01 00:00:00-04:00,2022-09-01 00:00:00-04:00,IBM,5,0.13448705805753636,True,True,29,0.14285714285714285,-0.005600354339650115,0.07912504818597443,-0.005600536980024939,-0.03974082562735559,-0.034453977103002464,-0.010567716517955184,True,True,True
Dual Momentum,2022-08-01 00:00:00-04:00,2022-09-01 00:00:00-04:00,MRK,6,0.12502463141752762,True,False,29,0.17857142857142858,-0.041414808089672794,0.04119090432840511,-0.046787406043595214,-0.03974082562735559,-0.034453977103002464,-0.010567716517955184,False,False,False
Dual Momentum,2022-08-01 00:00:00-04:00,2022-09-01 00:00:00-04:00,MCD,7,0.10319786646199791,True,False,29,0.21428571428571427,-0.03558159589687071,0.020682334653769008,-0.037975269632673614,-0.03974082562735559,-0.034453977103002464,-0.010567716517955184,True,False,False
Dual Momentum,2022-08-01 00:00:00-04:00,2022-09-01 00:00:00-04:00,AAPL,8,0.09636504393481382,True,False,29,0.25,-0.02578972572258631,0.09555086841475413,-0.02578972572258631,-0.03974082562735559,-0.034453977103002464,-0.010567716517955184,True,True,False
Dual Momentum,2022-08-01 00:00:00-04:00,2022-09-01 00:00:00-04:00,JNJ,9,0.08664203919318991,True,False,29,0.2857142857142857,-0.06657230634133993,0.007578717099127941,-0.06784424363922503,-0.03974082562735559,-0.034453977103002464,-0.010567716517955184,False,False,False
Dual Momentum,2022-08-01 00:00:00-04:00,2022-09-01 00:00:00-04:00,CAT,10,0.02769312235787047,False,False,29,0.32142857142857145,-0.06566525676796575,0.027116994330032895,-0.07156032073206053,-0.03974082562735559,-0.034453977103002464,-0.010567716517955184,False,False,False
Dual Momentum,2022-08-01 00:00:00-04:00,2022-09-01 00:00:00-04:00,TRV,11,0.009542492853805706,False,False,29,0.35714285714285715,0.02083250837453665,0.10662983904855805,-0.017602728476053375,-0.03974082562735559,-0.034453977103002464,-0.010567716517955184,True,True,True
Dual Momentum,2022-08-01 00:00:00-04:00,2022-09-01 00:00:00-04:00,PG,12,-0.0033471002061413735,False,False,29,0.39285714285714285,-0.0036863326744975833,0.08883923190401322,-0.0036863326744975833,-0.03974082562735559,-0.034453977103002464,-0.010567716517955184,True,True,True
Dual Momentum,2022-08-01 00:00:00-04:00,2022-09-01 00:00:00-04:00,V,13,-0.01179172236542747,False,False,29,0.42857142857142855,-0.04498924239485236,0.045792487849811714,-0.04537383053970423,-0.03974082562735559,-0.034453977103002464,-0.010567716517955184,False,False,False
Dual Momentum,2022-08-01 00:00:00-04:00,2022-09-01 00:00:00-04:00,DOW,14,-0.01637818431620941,False,False,29,0.4642857142857143,-0.027613392954177085,0.07312680228416135,-0.03518449061454698,-0.03974082562735559,-0.034453977103002464,-0.010567716517955184,True,True,False
Dual Momentum,2022-08-01 00:00:00-04:00,2022-09-01 00:00:00-04:00,VZ,15,-0.08966393796201033,False,False,29,0.5,-0.10045380986178287,0.004536597112103635,-0.10045380986178287,-0.03974082562735559,-0.034453977103002464,-0.010567716517955184,False,False,False
Dual Momentum,2022-08-01 00:00:00-04:00,2022-09-01 00:00:00-04:00,HON,16,-0.09441399636653292,False,False,29,0.5357142857142857,-0.00687237910605909,0.07568006288556317,-0.015916314720641367,-0.03974082562735559,-0.034453977103002464,-0.010567716517955184,True,True,True
Dual Momentum,2022-08-01 00:00:00-04:00,2022-09-01 00:00:00-04:00,WMT,17,-0.09456860466227457,False,False,29,0.5714285714285714,0.015697031832626163,0.09370951490933499,-0.04532285544898362,-0.03974082562735559,-0.034453977103002464,-0.010567716517955184,True,True,True
Dual Momentum,2022-08-01 00:00:00-04:00,2022-09-01 00:00:00-04:00,MSFT,18,-0.12587358743780253,False,False,29,0.6071428571428571,-0.06623142135903581,0.05888752013751852,-0.06623142135903581,-0.03974082562735559,-0.034453977103002464,-0.010567716517955184,False,False,False
Dual Momentum,2022-08-01 00:00:00-04:00,2022-09-01 00:00:00-04:00,AXP,19,-0.1269766423450508,False,False,29,0.6428571428571429,-0.013216511277440168,0.08649580233467757,-0.013216511277440168,-0.03974082562735559,-0.034453977103002464,-0.010567716517955184,True,True,False
Dual Momentum,2022-08-01 00:00:00-04:00,2022-09-01 00:00:00-04:00,MMM,20,-0.17372635289964045,False,False,29,0.6785714285714286,-0.11659769681603871,0.07140336881389531,-0.12562368103857768,-0.03974082562735559,-0.034453977103002464,-0.010567716517955184,False,False,False
Dual Momentum,2022-08-01 00:00:00-04:00,2022-09-01 00:00:00-04:00,GS,21,-0.17470126987360157,False,False,29,0.7142857142857143,0.0019006144815205683,0.08105995615306472,-0.013595495185739659,-0.03974082562735559,-0.034453977103002464,-0.010567716517955184,True,True,True
Dual Momentum,2022-08-01 00:00:00-04:00,2022-09-01 00:00:00-04:00,CSCO,22,-0.17473384775252965,False,False,29,0.75,-0.010874387246891382,0.10963145113962569,-0.011540256548782768,-0.03974082562735559,-0.034453977103002464,-0.010567716517955184,True,True,False
Dual Momentum,2022-08-01 00:00:00-04:00,2022-09-01 00:00:00-04:00,HD,23,-0.17831927795023816,False,False,29,0.7857142857142857,-0.034453977103002464,0.10757039608295882,-0.03485591427242585,-0.03974082562735559,-0.034453977103002464,-0.010567716517955184,True,False,False
Dual Momentum,2022-08-01 00:00:00-04:00,2022-09-01 00:00:00-04:00,INTC,24,-0.224634461263315,False,False,29,0.8214285714285714,-0.11543103847391623,0.04549235573804,-0.11543103847391623,-0.03974082562735559,-0.034453977103002464,-0.010567716517955184,False,False,False
Dual Momentum,2022-08-01 00:00:00-04:00,2022-09-01 00:00:00-04:00,BA,25,-0.22893375399074456,False,False,29,0.8571428571428571,-0.047905978273212635,0.047604756255207104,-0.048448288243358006,-0.03974082562735559,-0.034453977103002464,-0.010567716517955184,False,False,False
Dual Momentum,2022-08-01 00:00:00-04:00,2022-09-01 00:00:00-04:00,NKE,26,-0.2874952515852086,False,False,29,0.8928571428571429,-0.07192969190350695,0.03921041005527792,-0.07192969190350695,-0.03974082562735559,-0.034453977103002464,-0.010567716517955184,False,False,False
Dual Momentum,2022-08-01 00:00:00-04:00,2022-09-01 00:00:00-04:00,JPM,27,-0.29723007704841975,False,False,29,0.9285714285714286,-0.010567716517955184,0.08506534998637627,-0.030393328863854485,-0.03974082562735559,-0.034453977103002464,-0.010567716517955184,True,True,True
Dual Momentum,2022-08-01 00:00:00-04:00,2022-09-01 00:00:00-04:00,DIS,28,-0.3742258962005215,False,False,29,0.9642857142857143,0.06598645654279611,0.20606470410837097,-0.00963099179725524,-0.03974082562735559,-0.034453977103002464,-0.010567716517955184,True,True,True
Dual Momentum,2022-08-01 00:00:00-04:00,2022-09-01 00:00:00-04:00,CRM,29,-0.3765204060166193,False,False,29,1.0,-0.14578057027700342,0.0720904400288711,-0.14578057027700342,-0.03974082562735559,-0.034453977103002464,-0.010567716517955184,False,False,False
Dual Momentum,2022-09-01 00:00:00-04:00,2022-10-03 00:00:00-04:00,CVX,1,0.43967968133914237,True,True,29,0.0,-0.04799309989721523,0.051444289773709295,-0.10237728025779935,-0.07718910087841402,-0.07809514193193279,-0.0532928890746317,True,True,True
Dual Momentum,2022-09-01 00:00:00-04:00,2022-10-03 00:00:00-04:00,AMGN,2,0.23790367125311862,True,True,29,0.03571428571428571,-0.0532928890746317,0.03363487086508865,-0.07390498011730295,-0.07718910087841402,-0.07809514193193279,-0.0532928890746317,True,True,True
Dual Momentum,2022-09-01 00:00:00-04:00,2022-10-03 00:00:00-04:00,KO,3,0.19412082341459014,True,True,29,0.07142857142857142,-0.07809514193193279,0.021110672904068872,-0.08545587133412713,-0.07718910087841402,-0.07809514193193279,-0.0532928890746317,False,False,False
Dual Momentum,2022-09-01 00:00:00-04:00,2022-10-03 00:00:00-04:00,UNH,4,0.18056187803975932,True,True,29,0.10714285714285714,-0.020524409598789428,0.03344471273577976,-0.03613169034193375,-0.07718910087841402,-0.07809514193193279,-0.0532928890746317,True,True,True
Dual Momentum,2022-09-01 00:00:00-04:00,2022-10-03 00:00:00-04:00,MRK,5,0.17004166421853695,True,True,29,0.14285714285714285,0.02077441679739067,0.04121906025033062,-0.006655745469852703,-0.07718910087841402,-0.07809514193193279,-0.0532928890746317,True,True,True
Dual Momentum,2022-09-01 00:00:00-04:00,2022-10-03 00:00:00-04:00,IBM,6,0.1377620867963787,True,False,29,0.17857142857142858,-0.06417447928491615,0.02017139727187711,-0.0762462211435676,-0.07718910087841402,-0.07809514193193279,-0.0532928890746317,True,True,False
Dual Momentum,2022-09-01 00:00:00-04:00,2022-10-03 00:00:00-04:00,TRV,7,0.11801943895369682,True,False,29,0.21428571428571427,-0.03783961558929916,0.03695494277085465,-0.066472322362234,-0.07718910087841402,-0.07809514193193279,-0.0532928890746317,True,True,True
Dual Momentum,2022-09-01 00:00:00-04:00,2022-10-03 00:00:00-04:00,JNJ,8,0.05507016062028214,True,False,29,0.25,0.017338090872416334,0.03826839760309464,-0.004211004204361379,-0.07718910087841402,-0.07809514193193279,-0.0532928890746317,True,True,True
Dual Momentum,2022-09-01 00:00:00-04:00,2022-10-03 00:00:00-04:00,MCD,9,0.048592234871004614,True,False,29,0.2857142857142857,-0.07267117509719256,0.03804298402344575,-0.08434601894514615,-0.07718910087841402,-0.07809514193193279,-0.0532928890746317,True,True,False
Dual Momentum,2022-09-01 00:00:00-04:00,2022-10-03 00:00:00-04:00,V,10,0.030947015411213696,False,False,29,0.32142857142857145,-0.09752422039841668,0.04262264328534027,-0.12021937002934491,-0.07718910087841402,-0.07809514193193279,-0.0532928890746317,False,False,False
Dual Momentum,2022-09-01 00:00:00-04:00,2022-10-03 00:00:00-04:00,AXP,11,0.007129838918572107,False,False,29,0.35714285714285715,-0.08533311794124154,0.08374251159827462,-0.10741249387414264,-0.07718910087841402,-0.07809514193193279,-0.0532928890746317,False,False,False
Dual Momentum,2022-09-01 00:00:00-04:00,2022-10-03 00:00:00-04:00,CAT,12,-0.02872868681849028,False,False,29,0.39285714285714285,-0.08141784076129843,0.057222685177126476,-0.1188898172635161,-0.07718910087841402,-0.07809514193193279,-0.0532928890746317,False,False,False
Dual Momentum,2022-09-01 00:00:00-04:00,2022-10-03 00:00:00-04:00,PG,13,-0.02913111736976315,False,False,29,0.42857142857142855,-0.07676132388838008,0.028803607871068726,-0.08430685098181001,-0.07718910087841402,-0.07809514193193279,-0.0532928890746317,True,True,False
Dual Momentum,2022-09-01 00:00:00-04:00,2022-10-03 00:00:00-04:00,DOW,14,-0.037976545602701695,False,False,29,0.4642857142857143,-0.10939353264732743,0.026357360716638745,-0.14704718467823386,-0.07718910087841402,-0.07809514193193279,-0.0532928890746317,False,False,False
Dual Momentum,2022-09-01 00:00:00-04:00,2022-10-03 00:00:00-04:00,WMT,15,-0.042394974014924314,False,False,29,0.5,-0.017353372239927833,0.04308121126807718,-0.03221699663455513,-0.07718910087841402,-0.07809514193193279,-0.0532928890746317,True,True,True
Dual Momentum,2022-09-01 00:00:00-04:00,2022-10-03 00:00:00-04:00,AAPL,16,-0.04494480241526111,False,False,29,0.5357142857142857,-0.11765833934528169,0.048646409186981154,-0.11899908414042248,-0.07718910087841402,-0.07809514193193279,-0.0532928890746317,False,False,False
Dual Momentum,2022-09-01 00:00:00-04:00,2022-10-03 00:00:00-04:00,HON,17,-0.049026391472455244,False,False,29,0.5714285714285714,-0.10087240908201378,0.026968420202511778,-0.11905894828617225,-0.07718910087841402,-0.07809514193193279,-0.0532928890746317,False,False,False
Dual Momentum,2022-09-01 00:00:00-04:00,2022-10-03 00:00:00-04:00,GS,18,-0.10493091777076824,False,False,29,0.6071428571428571,-0.09912999633652952,0.04395672363267522,-0.1250494371913169,-0.07718910087841402,-0.07809514193193279,-0.0532928890746317,False,False,False
Dual Momentum,2022-09-01 00:00:00-04:00,2022-10-03 00:00:00-04:00,VZ,19,-0.13730248214109364,False,False,29,0.6428571428571429,-0.07540834413414566,0.029058447615335492,-0.08861677982633775,-0.07718910087841402,-0.07809514193193279,-0.0532928890746317,True,True,False
Dual Momentum,2022-09-01 00:00:00-04:00,2022-10-03 00:00:00-04:00,CSCO,20,-0.1666808239220694,False,False,29,0.6785714285714286,-0.08750307127119206,0.04846293278105729,-0.1034329502226442,-0.07718910087841402,-0.07809514193193279,-0.0532928890746317,False,False,False
Dual Momentum,2022-09-01 00:00:00-04:00,2022-10-03 00:00:00-04:00,BA,21,-0.19004298682630927,False,False,29,0.7142857142857143,-0.22784810126582278,0.0187974760803995,-0.23424051984955996,-0.07718910087841402,-0.07809514193193279,-0.0532928890746317,False,False,False
Dual Momentum,2022-09-01 00:00:00-04:00,2022-10-03 00:00:00-04:00,MSFT,22,-0.203913182931858,False,False,29,0.75,-0.09062473802688542,0.033144003435294334,-0.10097747553170733,-0.07718910087841402,-0.07809514193193279,-0.0532928890746317,False,False,False
Dual Momentum,2022-09-01 00:00:00-04:00,2022-10-03 00:00:00-04:00,DIS,23,-0.22650104799169857,False,False,29,0.7857142857142857,-0.14366220187562595,0.05098837231904496,-0.15663301587748935,-0.07718910087841402,-0.07809514193193279,-0.0532928890746317,False,False,False
Dual Momentum,2022-09-01 00:00:00-04:00,2022-10-03 00:00:00-04:00,MMM,24,-0.24651660685009125,False,False,29,0.8214285714285714,-0.10144837143389696,0.017859860045009945,-0.11190675264074923,-0.07718910087841402,-0.07809514193193279,-0.0532928890746317,False,False,False
Dual Momentum,2022-09-01 00:00:00-04:00,2022-10-03 00:00:00-04:00,HD,25,-0.2633391465064695,False,False,29,0.8571428571428571,-0.025658989035230895,0.0500344285884593,-0.07902218880292122,-0.07718910087841402,-0.07809514193193279,-0.0532928890746317,True,True,True
Dual Momentum,2022-09-01 00:00:00-04:00,2022-10-03 00:00:00-04:00,JPM,26,-0.2679007595999736,False,False,29,0.8928571428571429,-0.06770247612488256,0.07291003427068321,-0.07847125257584597,-0.07718910087841402,-0.07809514193193279,-0.0532928890746317,True,True,False
Dual Momentum,2022-09-01 00:00:00-04:00,2022-10-03 00:00:00-04:00,INTC,27,-0.33445810494312644,False,False,29,0.9285714285714286,-0.1659803172816129,0.02565727540615237,-0.1846690117419535,-0.07718910087841402,-0.07809514193193279,-0.0532928890746317,False,False,False
Dual Momentum,2022-09-01 00:00:00-04:00,2022-10-03 00:00:00-04:00,NKE,28,-0.3668785389106498,False,False,29,0.9642857142857143,-0.21201548832364392,0.07453306374959512,-0.21798717784592625,-0.07718910087841402,-0.07809514193193279,-0.0532928890746317,False,False,False
Dual Momentum,2022-09-01 00:00:00-04:00,2022-10-03 00:00:00-04:00,CRM,29,-0.4521337982756519,False,False,29,1.0,-0.06385998811778437,0.0696712700702189,-0.07180220236778456,-0.07718910087841402,-0.07809514193193279,-0.0532928890746317,True,True,False
Dual Momentum,2022-10-03 00:00:00-04:00,2022-11-01 00:00:00-04:00,CVX,1,0.257793772917684,True,True,29,0.0,0.23427492842506648,0.23427492842506648,-0.004497537513963534,0.08048100868914077,0.13501667971770392,0.17201969245302084,True,True,True
Dual Momentum,2022-10-03 00:00:00-04:00,2022-11-01 00:00:00-04:00,MRK,2,0.14471521389048503,True,True,29,0.03571428571428571,0.16063180960863122,0.17043343423599278,-0.008072008392333796,0.08048100868914077,0.13501667971770392,0.17201969245302084,True,True,False
Dual Momentum,2022-10-03 00:00:00-04:00,2022-11-01 00:00:00-04:00,AMGN,3,0.019688265380327197,False,False,29,0.07142857142857142,0.1810576900863421,0.20269852373640962,-0.008104464313705706,0.08048100868914077,0.13501667971770392,0.17201969245302084,True,True,True
Dual Momentum,2022-10-03 00:00:00-04:00,2022-11-01 00:00:00-04:00,UNH,4,0.010915129838777293,False,False,29,0.10714285714285714,0.09450200741635628,0.10061533757402863,-0.038139884522705114,0.08048100868914077,0.13501667971770392,0.17201969245302084,True,False,False
Dual Momentum,2022-10-03 00:00:00-04:00,2022-11-01 00:00:00-04:00,TRV,5,-0.0070426313527089945,False,False,29,0.14285714285714285,0.19806794030423647,0.20014251919284543,-0.014458058265739315,0.08048100868914077,0.13501667971770392,0.17201969245302084,True,True,True
Dual Momentum,2022-10-03 00:00:00-04:00,2022-11-01 00:00:00-04:00,KO,6,-0.025668535666808268,False,False,29,0.17857142857142858,0.06511730178297737,0.08073109391852507,-0.04151861199539819,0.08048100868914077,0.13501667971770392,0.17201969245302084,False,False,False
Dual Momentum,2022-10-03 00:00:00-04:00,2022-11-01 00:00:00-04:00,JNJ,7,-0.033272367129226654,False,False,29,0.21428571428571427,0.059468109916486434,0.06756364107809065,-0.031164265181433115,0.08048100868914077,0.13501667971770392,0.17201969245302084,False,False,False
Dual Momentum,2022-10-03 00:00:00-04:00,2022-11-01 00:00:00-04:00,IBM,8,-0.07973247954077112,False,False,29,0.25,0.1505491728771542,0.15562556404671568,-0.03836567442324901,0.08048100868914077,0.13501667971770392,0.17201969245302084,True,True,False
Dual Momentum,2022-10-03 00:00:00-04:00,2022-11-01 00:00:00-04:00,WMT,9,-0.08329951381054035,False,False,29,0.2857142857142857,0.09774242583338921,0.09851025353392284,-0.016661675038650015,0.08048100868914077,0.13501667971770392,0.17201969245302084,True,False,False
Dual Momentum,2022-10-03 00:00:00-04:00,2022-11-01 00:00:00-04:00,MCD,10,-0.12208895347374904,False,False,29,0.32142857142857145,0.17201969245302084,0.17681573899962855,-0.007750931506843917,0.08048100868914077,0.13501667971770392,0.17201969245302084,True,True,True
Dual Momentum,2022-10-03 00:00:00-04:00,2022-11-01 00:00:00-04:00,AXP,11,-0.17068624398472387,False,False,29,0.35714285714285715,0.09120989341941876,0.09812274782033881,-0.049302808849988056,0.08048100868914077,0.13501667971770392,0.17201969245302084,True,False,False
Dual Momentum,2022-10-03 00:00:00-04:00,2022-11-01 00:00:00-04:00,V,12,-0.18026962766919952,False,False,29,0.39285714285714285,0.16488251860984815,0.17943568421899725,-0.026430255827194937,0.08048100868914077,0.13501667971770392,0.17201969245302084,True,True,False
Dual Momentum,2022-10-03 00:00:00-04:00,2022-11-01 00:00:00-04:00,HON,13,-0.18114376294209777,False,False,29,0.42857142857142855,0.2021522506359139,0.20632692973209066,-0.005821075539283682,0.08048100868914077,0.13501667971770392,0.17201969245302084,True,True,True
Dual Momentum,2022-10-03 00:00:00-04:00,2022-11-01 00:00:00-04:00,CAT,14,-0.19050462549158742,False,False,29,0.4642857142857143,0.3145368636616661,0.3197679474226225,-0.00824218888127004,0.08048100868914077,0.13501667971770392,0.17201969245302084,True,True,True
Dual Momentum,2022-10-03 00:00:00-04:00,2022-11-01 00:00:00-04:00,DOW,15,-0.1983385467571147,False,False,29,0.5,0.05518458387664871,0.08032930891159618,-0.045171458064255376,0.08048100868914077,0.13501667971770392,0.17201969245302084,False,False,False
Dual Momentum,2022-10-03 00:00:00-04:00,2022-11-01 00:00:00-04:00,PG,16,-0.21071184802422405,False,False,29,0.5357142857142857,0.06605853981474463,0.07373541222826807,-0.0398428875365372,0.08048100868914077,0.13501667971770392,0.17201969245302084,False,False,False
Dual Momentum,2022-10-03 00:00:00-04:00,2022-11-01 00:00:00-04:00,AAPL,17,-0.2212575067878535,False,False,29,0.5714285714285714,0.12206049914520589,0.1395700097913919,-0.02778397595495896,0.08048100868914077,0.13501667971770392,0.17201969245302084,True,False,False
Dual Momentum,2022-10-03 00:00:00-04:00,2022-11-01 00:00:00-04:00,GS,18,-0.2248864726167653,False,False,29,0.6071428571428571,0.16138922716411197,0.16492251200063968,-0.03169909144131766,0.08048100868914077,0.13501667971770392,0.17201969245302084,True,True,False
Dual Momentum,2022-10-03 00:00:00-04:00,2022-11-01 00:00:00-04:00,VZ,19,-0.24622522197240804,False,False,29,0.6428571428571429,0.003118875063153448,0.047490591328580356,-0.08747357415842738,0.08048100868914077,0.13501667971770392,0.17201969245302084,False,False,False
Dual Momentum,2022-10-03 00:00:00-04:00,2022-11-01 00:00:00-04:00,MSFT,20,-0.30914288429860937,False,False,29,0.6785714285714286,-0.003440861331817313,0.06639476134005817,-0.06915590339168998,0.08048100868914077,0.13501667971770392,0.17201969245302084,False,False,False
Dual Momentum,2022-10-03 00:00:00-04:00,2022-11-01 00:00:00-04:00,HD,21,-0.31409186320856186,False,False,29,0.7142857142857143,0.06893242076443395,0.06893242076443395,-0.04672594229900062,0.08048100868914077,0.13501667971770392,0.17201969245302084,False,False,False
Dual Momentum,2022-10-03 00:00:00-04:00,2022-11-01 00:00:00-04:00,JPM,22,-0.32583022804596995,False,False,29,0.75,0.2119399882271955,0.2172894870504558,-0.03251128627841415,0.08048100868914077,0.13501667971770392,0.17201969245302084,True,True,True
Dual Momentum,2022-10-03 00:00:00-04:00,2022-11-01 00:00:00-04:00,CSCO,23,-0.3574997825296291,False,False,29,0.7857142857142857,0.1311379747110284,0.13436421193814896,-0.042081468103606245,0.08048100868914077,0.13501667971770392,0.17201969245302084,True,False,False
Dual Momentum,2022-10-03 00:00:00-04:00,2022-11-01 00:00:00-04:00,MMM,24,-0.35908477705347586,False,False,29,0.8214285714285714,0.13501667971770392,0.13501667971770392,-0.04136428183584984,0.08048100868914077,0.13501667971770392,0.17201969245302084,True,False,False
Dual Momentum,2022-10-03 00:00:00-04:00,2022-11-01 00:00:00-04:00,DIS,25,-0.3950490886449871,False,False,29,0.8571428571428571,0.12503911253945144,0.12503911253945144,-0.05243910241035543,0.08048100868914077,0.13501667971770392,0.17201969245302084,True,False,False
Dual Momentum,2022-10-03 00:00:00-04:00,2022-11-01 00:00:00-04:00,BA,26,-0.40269351378413365,False,False,29,0.8928571428571429,0.18024594666527927,0.23065573270203643,-0.008032814401095045,0.08048100868914077,0.13501667971770392,0.17201969245302084,True,True,True
Dual Momentum,2022-10-03 00:00:00-04:00,2022-11-01 00:00:00-04:00,CRM,27,-0.43665066036993117,False,False,29,0.9285714285714286,0.13808794990391493,0.1451924960556572,-0.050972719242416864,0.08048100868914077,0.13501667971770392,0.17201969245302084,True,True,False
Dual Momentum,2022-10-03 00:00:00-04:00,2022-11-01 00:00:00-04:00,INTC,28,-0.48906501537060243,False,False,29,0.9642857142857143,0.09380928083651785,0.10976064666418295,-0.06608431862205777,0.08048100868914077,0.13501667971770392,0.17201969245302084,True,False,False
Dual Momentum,2022-10-03 00:00:00-04:00,2022-11-01 00:00:00-04:00,NKE,29,-0.4999345659717017,False,False,29,1.0,0.1510886317138782,0.1510886317138782,-0.010946662610137659,0.08048100868914077,0.13501667971770392,0.17201969245302084,True,True,False
Dual Momentum,2022-11-01 00:00:00-04:00,2022-12-01 00:00:00-05:00,CVX,1,0.41611007754332463,True,True,29,0.0,0.009872833797810232,0.031598483405028244,-0.03638389877833559,0.04775173660046428,0.06715196740211127,0.09293244067493944,False,False,False
Dual Momentum,2022-11-01 00:00:00-04:00,2022-12-01 00:00:00-05:00,MRK,2,0.2735102667970386,True,True,29,0.03571428571428571,0.09041233468225962,0.09617487864586227,-0.032985686728836505,0.04775173660046428,0.06715196740211127,0.09293244067493944,True,True,False
Dual Momentum,2022-11-01 00:00:00-04:00,2022-12-01 00:00:00-05:00,AMGN,3,0.2194305354053001,True,True,29,0.07142857142857142,0.07560691903637884,0.10040807649234051,-0.03620200903563531,0.04775173660046428,0.06715196740211127,0.09293244067493944,True,True,False
Dual Momentum,2022-11-01 00:00:00-04:00,2022-12-01 00:00:00-05:00,UNH,4,0.18613499644135878,True,True,29,0.10714285714285714,-0.004756955990490641,0.0012432476421735394,-0.09771165242473256,0.04775173660046428,0.06715196740211127,0.09293244067493944,False,False,False
Dual Momentum,2022-11-01 00:00:00-04:00,2022-12-01 00:00:00-05:00,TRV,5,0.12815534019438135,True,True,29,0.14285714285714285,0.033443308726617715,0.033443308726617715,-0.0373937611946491,0.04775173660046428,0.06715196740211127,0.09293244067493944,False,False,False
Dual Momentum,2022-11-01 00:00:00-04:00,2022-12-01 00:00:00-05:00,CAT,6,0.09386003468117199,True,False,29,0.17857142857142858,0.08356593666954226,0.0970589645600104,-0.033252567151192625,0.04775173660046428,0.06715196740211127,0.09293244067493944,True,True,False
Dual Momentum,2022-11-01 00:00:00-04:00,2022-12-01 00:00:00-05:00,IBM,7,0.07388049993468315,True,False,29,0.21428571428571427,0.09778069750412888,0.10129394890295029,-0.030958288868756623,0.04775173660046428,0.06715196740211127,0.09293244067493944,True,True,True
Dual Momentum,2022-11-01 00:00:00-04:00,2022-12-01 00:00:00-05:00,MCD,8,0.06843466053584657,True,False,29,0.25,0.003684408534296635,0.029156963822298154,-0.0268554484770942,0.04775173660046428,0.06715196740211127,0.09293244067493944,False,False,False
Dual Momentum,2022-11-01 00:00:00-04:00,2022-12-01 00:00:00-05:00,WMT,9,0.03014369286969454,False,False,29,0.2857142857142857,0.06350994978341906,0.08162550996589912,-0.03287392983696524,0.04775173660046428,0.06715196740211127,0.09293244067493944,True,False,False
Dual Momentum,2022-11-01 00:00:00-04:00,2022-12-01 00:00:00-05:00,JNJ,10,0.029634953573849154,False,False,29,0.32142857142857145,0.03501869323769835,0.03501869323769835,-0.041594729645068496,0.04775173660046428,0.06715196740211127,0.09293244067493944,False,False,False
Dual Momentum,2022-11-01 00:00:00-04:00,2022-12-01 00:00:00-05:00,HON,11,0.010394594598186258,False,False,29,0.35714285714285715,0.08595194138712015,0.08930437151476589,-0.02582565131555581,0.04775173660046428,0.06715196740211127,0.09293244067493944,True,True,False
Dual Momentum,2022-11-01 00:00:00-04:00,2022-12-01 00:00:00-05:00,KO,12,0.0028969042642217335,False,False,29,0.39285714285714285,0.06715196740211127,0.06832631789403143,-0.03215061392195995,0.04775173660046428,0.06715196740211127,0.09293244067493944,True,False,False
Dual Momentum,2022-11-01 00:00:00-04:00,2022-12-01 00:00:00-05:00,GS,13,-0.009542697205118134,False,False,29,0.42857142857142855,0.12721199429855257,0.1287919548169114,-0.007359748411946976,0.04775173660046428,0.06715196740211127,0.09293244067493944,True,True,True
Dual Momentum,2022-11-01 00:00:00-04:00,2022-12-01 00:00:00-05:00,V,14,-0.07918135657109915,False,False,29,0.4642857142857143,0.04104643550390419,0.04104643550390419,-0.07250915020567383,0.04775173660046428,0.06715196740211127,0.09293244067493944,False,False,False
Dual Momentum,2022-11-01 00:00:00-04:00,2022-12-01 00:00:00-05:00,AAPL,15,-0.11903783653631739,False,False,29,0.5,-0.042714342743136124,0.002385833845879093,-0.13204207461172446,0.04775173660046428,0.06715196740211127,0.09293244067493944,False,False,False
Dual Momentum,2022-11-01 00:00:00-04:00,2022-12-01 00:00:00-05:00,JPM,16,-0.13136310588072964,False,False,29,0.5357142857142857,0.0891463578807219,0.08914640458584855,-0.007566762414037864,0.04775173660046428,0.06715196740211127,0.09293244067493944,True,True,False
Dual Momentum,2022-11-01 00:00:00-04:00,2022-12-01 00:00:00-05:00,PG,17,-0.14445586286718948,False,False,29,0.5714285714285714,0.11009661871525589,0.11009661871525589,-0.02776530994649462,0.04775173660046428,0.06715196740211127,0.09293244067493944,True,True,True
Dual Momentum,2022-11-01 00:00:00-04:00,2022-12-01 00:00:00-05:00,CSCO,18,-0.16325679543099325,False,False,29,0.6071428571428571,0.09433982074625957,0.09433982074625957,-0.048047409250324136,0.04775173660046428,0.06715196740211127,0.09293244067493944,True,True,True
Dual Momentum,2022-11-01 00:00:00-04:00,2022-12-01 00:00:00-05:00,AXP,19,-0.16583842070695654,False,False,29,0.6428571428571429,0.05174721345867339,0.059482709658123856,-0.07461953396898857,0.04775173660046428,0.06715196740211127,0.09293244067493944,True,False,False
Dual Momentum,2022-11-01 00:00:00-04:00,2022-12-01 00:00:00-05:00,HD,20,-0.17773553617978866,False,False,29,0.6785714285714286,0.09293244067493944,0.09558196959427079,-0.07613955962625574,0.04775173660046428,0.06715196740211127,0.09293244067493944,True,True,True
Dual Momentum,2022-11-01 00:00:00-04:00,2022-12-01 00:00:00-05:00,DOW,21,-0.18918584981523046,False,False,29,0.7142857142857143,0.09605132398836291,0.1269507643158101,-0.030577667198335212,0.04775173660046428,0.06715196740211127,0.09293244067493944,True,True,True
Dual Momentum,2022-11-01 00:00:00-04:00,2022-12-01 00:00:00-05:00,MMM,22,-0.2193350880538737,False,False,29,0.75,0.015938932847985976,0.056322488685634386,-0.044568759523082147,0.04775173660046428,0.06715196740211127,0.09293244067493944,False,False,False
Dual Momentum,2022-11-01 00:00:00-04:00,2022-12-01 00:00:00-05:00,MSFT,23,-0.24867633855782256,False,False,29,0.7857142857142857,0.0851893559791026,0.09143037110429342,-0.09023860470228673,0.04775173660046428,0.06715196740211127,0.09293244067493944,True,True,False
Dual Momentum,2022-11-01 00:00:00-04:00,2022-12-01 00:00:00-05:00,DIS,24,-0.2548087131717446,False,False,29,0.8214285714285714,-0.09127204284507695,0.010584952850057006,-0.19888587265456537,0.04775173660046428,0.06715196740211127,0.09293244067493944,False,False,False
Dual Momentum,2022-11-01 00:00:00-04:00,2022-12-01 00:00:00-05:00,VZ,25,-0.2683373904749361,False,False,29,0.8571428571428571,0.031595591911813825,0.03633484565624778,-0.031069195339992084,0.04775173660046428,0.06715196740211127,0.09293244067493944,False,False,False
Dual Momentum,2022-11-01 00:00:00-04:00,2022-12-01 00:00:00-05:00,BA,26,-0.288304082114595,False,False,29,0.8928571428571429,0.24230848016256834,0.24994783569255175,-0.017015154618822192,0.04775173660046428,0.06715196740211127,0.09293244067493944,True,True,True
Dual Momentum,2022-11-01 00:00:00-04:00,2022-12-01 00:00:00-05:00,CRM,27,-0.30107895388662553,False,False,29,0.9285714285714286,-0.10575739364427317,0.004242405746922362,-0.17551512863211483,0.04775173660046428,0.06715196740211127,0.09293244067493944,False,False,False
Dual Momentum,2022-11-01 00:00:00-04:00,2022-12-01 00:00:00-05:00,NKE,28,-0.36929098169825536,False,False,29,0.9642857142857143,0.15048594660391346,0.15048594660391346,-0.0728393415743035,0.04775173660046428,0.06715196740211127,0.09293244067493944,True,True,True
Dual Momentum,2022-11-01 00:00:00-04:00,2022-12-01 00:00:00-05:00,INTC,29,-0.40261165652436437,False,False,29,1.0,0.06418126924612544,0.10289160146533405,-0.0565972568910863,0.04775173660046428,0.06715196740211127,0.09293244067493944,True,False,False
Dual Momentum,2022-12-01 00:00:00-05:00,2023-01-03 00:00:00-05:00,MRK,1,0.47269836800099396,True,True,29,0.0,0.012679034325366212,0.035425541000977834,-0.022141246770970846,-0.05537319869108115,-0.0352540081748266,-0.012682959700282104,True,True,True
Dual Momentum,2022-12-01 00:00:00-05:00,2023-01-03 00:00:00-05:00,AMGN,2,0.28148422261021566,True,True,29,0.03571428571428571,-0.09420133725404967,0.00031248728434252193,-0.09892362683487921,-0.05537319869108115,-0.0352540081748266,-0.012682959700282104,False,False,False
Dual Momentum,2022-12-01 00:00:00-05:00,2023-01-03 00:00:00-05:00,CAT,3,0.25018841032950023,True,True,29,0.07142857142857142,0.01595595190200183,0.03440254128910447,-0.04786847253320403,-0.05537319869108115,-0.0352540081748266,-0.012682959700282104,True,True,True
Dual Momentum,2022-12-01 00:00:00-05:00,2023-01-03 00:00:00-05:00,IBM,4,0.2467663771293127,True,True,29,0.10714285714285714,-0.059207926960299084,0.021536398674163237,-0.08521131899239864,-0.05537319869108115,-0.0352540081748266,-0.012682959700282104,False,False,False
Dual Momentum,2022-12-01 00:00:00-05:00,2023-01-03 00:00:00-05:00,CVX,5,0.21928097225609755,True,True,29,0.14285714285714285,-0.033756608847113845,0.001573909440831578,-0.09312883073148892,-0.05537319869108115,-0.0352540081748266,-0.012682959700282104,True,True,False
Dual Momentum,2022-12-01 00:00:00-05:00,2023-01-03 00:00:00-05:00,HON,6,0.19536725169180946,True,False,29,0.17857142857142858,-0.023288483688231,0.0015434657473942792,-0.06378235735633497,-0.05537319869108115,-0.0352540081748266,-0.012682959700282104,True,True,False
Dual Momentum,2022-12-01 00:00:00-05:00,2023-01-03 00:00:00-05:00,GS,7,0.17133954000160645,True,False,29,0.21428571428571427,-0.1060802839752164,0.0,-0.12212182561960616,-0.05537319869108115,-0.0352540081748266,-0.012682959700282104,False,False,False
Dual Momentum,2022-12-01 00:00:00-05:00,2023-01-03 00:00:00-05:00,MCD,8,0.1511437347912068,True,False,29,0.25,-0.0352540081748266,0.024674361119219057,-0.043051651805153135,-0.05537319869108115,-0.0352540081748266,-0.012682959700282104,True,False,False
Dual Momentum,2022-12-01 00:00:00-05:00,2023-01-03 00:00:00-05:00,UNH,9,0.13945807433704283,True,False,29,0.2857142857142857,-0.04636672708103917,0.0011586911894607699,-0.0634553479750054,-0.05537319869108115,-0.0352540081748266,-0.012682959700282104,True,False,False
Dual Momentum,2022-12-01 00:00:00-05:00,2023-01-03 00:00:00-05:00,WMT,10,0.13274480414068512,True,False,29,0.32142857142857145,-0.05894524302963233,0.010259791792046169,-0.07043202437300722,-0.05537319869108115,-0.0352540081748266,-0.012682959700282104,False,False,False
Dual Momentum,2022-12-01 00:00:00-05:00,2023-01-03 00:00:00-05:00,TRV,11,0.11074618895572841,True,False,29,0.35714285714285715,-0.017447670417002237,0.006285772838897641,-0.04670719860493677,-0.05537319869108115,-0.0352540081748266,-0.012682959700282104,True,True,False
Dual Momentum,2022-12-01 00:00:00-05:00,2023-01-03 00:00:00-05:00,JNJ,12,0.0931797020725793,True,False,29,0.39285714285714285,-0.015865756277662513,0.011396819174462447,-0.02754174870208148,-0.05537319869108115,-0.0352540081748266,-0.012682959700282104,True,True,False
Dual Momentum,2022-12-01 00:00:00-05:00,2023-01-03 00:00:00-05:00,KO,13,0.049045692434216415,True,False,29,0.42857142857142855,-0.0007861067075355388,0.01713551431375926,-0.020122649700158646,-0.05537319869108115,-0.0352540081748266,-0.012682959700282104,True,True,True
Dual Momentum,2022-12-01 00:00:00-05:00,2023-01-03 00:00:00-05:00,V,14,0.04703747978256656,True,False,29,0.4642857142857143,-0.03557613353071487,0.013732596875140057,-0.06852538729723434,-0.05537319869108115,-0.0352540081748266,-0.012682959700282104,True,False,False
Dual Momentum,2022-12-01 00:00:00-05:00,2023-01-03 00:00:00-05:00,JPM,15,0.017318109704465456,False,False,29,0.5,-0.02127644990758637,0.0034738096089959036,-0.07070486600897286,-0.05537319869108115,-0.0352540081748266,-0.012682959700282104,True,True,False
Dual Momentum,2022-12-01 00:00:00-05:00,2023-01-03 00:00:00-05:00,HD,16,0.01457400381422147,False,False,29,0.5357142857142857,-0.027243727464035694,0.06417201467324318,-0.04774593897958734,-0.05537319869108115,-0.0352540081748266,-0.012682959700282104,True,True,False
Dual Momentum,2022-12-01 00:00:00-05:00,2023-01-03 00:00:00-05:00,PG,17,-0.011365648808310369,False,False,29,0.5714285714285714,0.009496542142104936,0.03424028766080456,-0.009697120458698971,-0.05537319869108115,-0.0352540081748266,-0.012682959700282104,True,True,True
Dual Momentum,2022-12-01 00:00:00-05:00,2023-01-03 00:00:00-05:00,CSCO,18,-0.09207056190368546,False,False,29,0.6071428571428571,-0.04049745847024777,0.016639703252920413,-0.06395387372802952,-0.05537319869108115,-0.0352540081748266,-0.012682959700282104,True,False,False
Dual Momentum,2022-12-01 00:00:00-05:00,2023-01-03 00:00:00-05:00,BA,19,-0.09569785607107117,False,False,29,0.6428571428571429,0.07865603578581748,0.09794269082869,-0.03370974180846675,-0.05537319869108115,-0.0352540081748266,-0.012682959700282104,True,True,True
Dual Momentum,2022-12-01 00:00:00-05:00,2023-01-03 00:00:00-05:00,DOW,20,-0.10606006734270934,False,False,29,0.6785714285714286,-0.012682959700282104,0.030829141544341576,-0.04858542191649817,-0.05537319869108115,-0.0352540081748266,-0.012682959700282104,True,True,True
Dual Momentum,2022-12-01 00:00:00-05:00,2023-01-03 00:00:00-05:00,AAPL,21,-0.10723047055823931,False,False,29,0.7142857142857143,-0.1209771692685161,0.018284727780997656,-0.15073213158527743,-0.05537319869108115,-0.0352540081748266,-0.012682959700282104,False,False,False
Dual Momentum,2022-12-01 00:00:00-05:00,2023-01-03 00:00:00-05:00,MMM,22,-0.11660053286005234,False,False,29,0.75,-0.04540439640223726,0.021366992304336252,-0.07462681927366577,-0.05537319869108115,-0.0352540081748266,-0.012682959700282104,True,False,False
Dual Momentum,2022-12-01 00:00:00-05:00,2023-01-03 00:00:00-05:00,AXP,23,-0.11688570019891531,False,False,29,0.7857142857142857,-0.051864081570040965,0.024283676336289695,-0.09510520415311352,-0.05537319869108115,-0.0352540081748266,-0.012682959700282104,True,False,False
Dual Momentum,2022-12-01 00:00:00-05:00,2023-01-03 00:00:00-05:00,MSFT,24,-0.14387791995216082,False,False,29,0.8214285714285714,-0.0425018458110582,0.03958729083527146,-0.07878032475926455,-0.05537319869108115,-0.0352540081748266,-0.012682959700282104,True,False,False
Dual Momentum,2022-12-01 00:00:00-05:00,2023-01-03 00:00:00-05:00,NKE,25,-0.18536806904256653,False,False,29,0.8571428571428571,0.08015167105129928,0.08589183131384925,-0.07355696858755356,-0.05537319869108115,-0.0352540081748266,-0.012682959700282104,True,True,True
Dual Momentum,2022-12-01 00:00:00-05:00,2023-01-03 00:00:00-05:00,CRM,26,-0.2383192757248186,False,False,29,0.8928571428571429,-0.08376836421544998,0.00027104903629715515,-0.14374813501553618,-0.05537319869108115,-0.0352540081748266,-0.012682959700282104,False,False,False
Dual Momentum,2022-12-01 00:00:00-05:00,2023-01-03 00:00:00-05:00,VZ,27,-0.2496433259576023,False,False,29,0.9285714285714286,0.0150587275634535,0.0150587275634535,-0.06636049805335742,-0.05537319869108115,-0.0352540081748266,-0.012682959700282104,True,True,True
Dual Momentum,2022-12-01 00:00:00-05:00,2023-01-03 00:00:00-05:00,DIS,28,-0.3357540673779402,False,False,29,0.9642857142857143,-0.09083470855134401,0.018596184270281535,-0.14100343464047704,-0.05537319869108115,-0.0352540081748266,-0.012682959700282104,False,False,False
Dual Momentum,2022-12-01 00:00:00-05:00,2023-01-03 00:00:00-05:00,INTC,29,-0.3651089718703162,False,False,29,1.0,-0.10548944787100012,0.007936500427734305,-0.16170633259367906,-0.05537319869108115,-0.0352540081748266,-0.012682959700282104,False,False,False
Dual Momentum,2023-01-03 00:00:00-05:00,2023-02-01 00:00:00-05:00,MRK,1,0.38338669567936856,True,True,29,0.0,-0.031156643654884797,0.046010169768008424,-0.04800291274986468,0.05421835359083116,0.018323147736303946,0.0788695507064785,False,False,False
Dual Momentum,2023-01-03 00:00:00-05:00,2023-02-01 00:00:00-05:00,CVX,2,0.13015727832458568,True,True,29,0.03571428571428571,-0.03498865248614258,0.05487552891737146,-0.045512453408993014,0.05421835359083116,0.018323147736303946,0.0788695507064785,False,False,False
Dual Momentum,2023-01-03 00:00:00-05:00,2023-02-01 00:00:00-05:00,IBM,3,0.12380646886600166,True,True,29,0.07142857142857142,-0.04684621494537888,0.04309009496029503,-0.05754784994181472,0.05421835359083116,0.018323147736303946,0.0788695507064785,False,False,False
Dual Momentum,2023-01-03 00:00:00-05:00,2023-02-01 00:00:00-05:00,HON,4,0.12132686633293854,True,True,29,0.10714285714285714,-0.038858846800082,0.009621064663292156,-0.07594717517278804,0.05421835359083116,0.018323147736303946,0.0788695507064785,False,False,False
Dual Momentum,2023-01-03 00:00:00-05:00,2023-02-01 00:00:00-05:00,AMGN,5,0.1108771299186797,True,True,29,0.14285714285714285,-0.044888281358112514,0.06121808543491847,-0.044888281358112514,0.05421835359083116,0.018323147736303946,0.0788695507064785,False,False,False
Dual Momentum,2023-01-03 00:00:00-05:00,2023-02-01 00:00:00-05:00,CAT,6,0.09508684355470676,True,False,29,0.17857142857142858,0.050983171986885845,0.11063972607334294,-0.018613910021071156,0.05421835359083116,0.018323147736303946,0.0788695507064785,False,True,False
Dual Momentum,2023-01-03 00:00:00-05:00,2023-02-01 00:00:00-05:00,MCD,7,0.08355558641931182,True,False,29,0.21428571428571427,0.013243521452793727,0.04500435509219414,-0.015254388617208514,0.05421835359083116,0.018323147736303946,0.0788695507064785,False,False,False
Dual Momentum,2023-01-03 00:00:00-05:00,2023-02-01 00:00:00-05:00,HD,8,0.0752822301799192,True,False,29,0.25,0.015656924734835043,0.05588777806754219,-0.03159887364413072,0.05421835359083116,0.018323147736303946,0.0788695507064785,False,False,False
Dual Momentum,2023-01-03 00:00:00-05:00,2023-02-01 00:00:00-05:00,GS,9,0.061417894881811375,True,False,29,0.2857142857142857,0.03936335121177881,0.0835024258228676,-0.02703329380227748,0.05421835359083116,0.018323147736303946,0.0788695507064785,False,True,False
Dual Momentum,2023-01-03 00:00:00-05:00,2023-02-01 00:00:00-05:00,UNH,10,0.049837285705597756,True,False,29,0.32142857142857145,-0.04795014519399843,0.0009521451742442455,-0.09593808237695955,0.05421835359083116,0.018323147736303946,0.0788695507064785,False,False,False
Dual Momentum,2023-01-03 00:00:00-05:00,2023-02-01 00:00:00-05:00,KO,11,0.04829679036557466,True,False,29,0.35714285714285715,-0.03807427009292175,0.002517345467949905,-0.06544994413485694,0.05421835359083116,0.018323147736303946,0.0788695507064785,False,False,False
Dual Momentum,2023-01-03 00:00:00-05:00,2023-02-01 00:00:00-05:00,TRV,12,0.0425386973812647,True,False,29,0.39285714285714285,0.012211259085599169,0.04177581025109145,-0.028654364665904652,0.05421835359083116,0.018323147736303946,0.0788695507064785,False,False,False
Dual Momentum,2023-01-03 00:00:00-05:00,2023-02-01 00:00:00-05:00,JNJ,13,0.016390598562638914,False,False,29,0.42857142857142855,-0.07476166723127453,0.027077487018960733,-0.08577447069759936,0.05421835359083116,0.018323147736303946,0.0788695507064785,False,False,False
Dual Momentum,2023-01-03 00:00:00-05:00,2023-02-01 00:00:00-05:00,PG,14,0.011049802513332097,False,False,29,0.4642857142857143,-0.05285512333225917,0.02550521551271201,-0.07518712263768079,0.05421835359083116,0.018323147736303946,0.0788695507064785,False,False,False
Dual Momentum,2023-01-03 00:00:00-05:00,2023-02-01 00:00:00-05:00,JPM,15,0.008717598539245808,False,False,29,0.5,0.029509654721819656,0.06883981606263734,-0.009982298496607589,0.05421835359083116,0.018323147736303946,0.0788695507064785,False,True,False
Dual Momentum,2023-01-03 00:00:00-05:00,2023-02-01 00:00:00-05:00,BA,16,-0.0052741227511015065,False,False,29,0.5357142857142857,0.09930035742498067,0.1227779363363295,-0.0028504952602064204,0.05421835359083116,0.018323147736303946,0.0788695507064785,True,True,True
Dual Momentum,2023-01-03 00:00:00-05:00,2023-02-01 00:00:00-05:00,WMT,17,-0.036637477666147444,False,False,29,0.5714285714285714,0.007786735065794748,0.037250195664463526,-0.030726125654499392,0.05421835359083116,0.018323147736303946,0.0788695507064785,False,False,False
Dual Momentum,2023-01-03 00:00:00-05:00,2023-02-01 00:00:00-05:00,V,18,-0.05762007996547269,False,False,29,0.6071428571428571,0.0959958161502299,0.11257651261702373,-0.014908233636210078,0.05421835359083116,0.018323147736303946,0.0788695507064785,True,True,True
Dual Momentum,2023-01-03 00:00:00-05:00,2023-02-01 00:00:00-05:00,NKE,19,-0.1230833501633749,False,False,29,0.6428571428571429,0.0788695507064785,0.09008852768973652,-0.009363142823935133,0.05421835359083116,0.018323147736303946,0.0788695507064785,True,True,True
Dual Momentum,2023-01-03 00:00:00-05:00,2023-02-01 00:00:00-05:00,CSCO,20,-0.12396879583820197,False,False,29,0.6785714285714286,0.019152420412771765,0.0410560943819267,-0.038134128329058936,0.05421835359083116,0.018323147736303946,0.0788695507064785,False,True,False
Dual Momentum,2023-01-03 00:00:00-05:00,2023-02-01 00:00:00-05:00,MMM,21,-0.16840458766575583,False,False,29,0.7142857142857143,-0.05735694599288599,0.06895969045268702,-0.08031603865796433,0.05421835359083116,0.018323147736303946,0.0788695507064785,False,False,False
Dual Momentum,2023-01-03 00:00:00-05:00,2023-02-01 00:00:00-05:00,DOW,22,-0.17892286107083,False,False,29,0.75,0.17154154078691608,0.17490118948171074,-0.005731168173421897,0.05421835359083116,0.018323147736303946,0.0788695507064785,True,True,True
Dual Momentum,2023-01-03 00:00:00-05:00,2023-02-01 00:00:00-05:00,VZ,23,-0.19391382617535335,False,False,29,0.7857142857142857,0.0724194390955275,0.07727200752148589,-0.019013223427088555,0.05421835359083116,0.018323147736303946,0.0788695507064785,True,True,False
Dual Momentum,2023-01-03 00:00:00-05:00,2023-02-01 00:00:00-05:00,AXP,24,-0.20164895408695027,False,False,29,0.8214285714285714,0.16344099838765325,0.19350361187086662,-0.03236697715499781,0.05421835359083116,0.018323147736303946,0.0788695507064785,True,True,True
Dual Momentum,2023-01-03 00:00:00-05:00,2023-02-01 00:00:00-05:00,MSFT,25,-0.2164780076591578,False,False,29,0.8571428571428571,0.018323147736303946,0.02776849027348738,-0.09762217689105157,0.05421835359083116,0.018323147736303946,0.0788695507064785,False,False,False
Dual Momentum,2023-01-03 00:00:00-05:00,2023-02-01 00:00:00-05:00,AAPL,26,-0.2525182191429419,False,False,29,0.8928571428571429,0.10508156178667583,0.13010438609353536,-0.04689899192202418,0.05421835359083116,0.018323147736303946,0.0788695507064785,True,True,True
Dual Momentum,2023-01-03 00:00:00-05:00,2023-02-01 00:00:00-05:00,DIS,27,-0.36657925740913366,False,False,29,0.9285714285714286,0.2193751635896266,0.24275117210775843,-0.012924269302011515,0.05421835359083116,0.018323147736303946,0.0788695507064785,True,True,True
Dual Momentum,2023-01-03 00:00:00-05:00,2023-02-01 00:00:00-05:00,CRM,28,-0.37551817817396715,False,False,29,0.9642857142857143,0.24069823414510938,0.24276950653104867,-0.015977539929741158,0.05421835359083116,0.018323147736303946,0.0788695507064785,True,True,True
Dual Momentum,2023-01-03 00:00:00-05:00,2023-02-01 00:00:00-05:00,INTC,29,-0.44973214560749597,False,False,29,1.0,0.031053633646629386,0.1271720642963925,-0.02513857364163985,0.05421835359083116,0.018323147736303946,0.0788695507064785,False,True,False
Dual Momentum,2023-02-01 00:00:00-05:00,2023-03-01 00:00:00-05:00,BA,1,0.43106695270574913,True,True,29,0.0,-0.050162648432566015,0.04346801751059526,-0.06953938973908125,-0.02418476285949489,-0.029791633602742507,-0.017806873129187606,False,False,False
Dual Momentum,2023-02-01 00:00:00-05:00,2023-03-01 00:00:00-05:00,MRK,2,0.23898197124557496,True,True,29,0.03571428571428571,-0.009441786452068945,0.039917660446251224,-0.04879877512309527,-0.02418476285949489,-0.029791633602742507,-0.017806873129187606,True,True,True
Dual Momentum,2023-02-01 00:00:00-05:00,2023-03-01 00:00:00-05:00,GS,3,0.22184326020478595,True,True,29,0.07142857142857142,-0.020073113028501566,0.057309720587461976,-0.02163739341537263,-0.02418476285949489,-0.029791633602742507,-0.017806873129187606,True,True,False
Dual Momentum,2023-02-01 00:00:00-05:00,2023-03-01 00:00:00-05:00,CAT,4,0.22051273792836357,True,True,29,0.10714285714285714,-0.038689203243587156,0.003773572783484447,-0.0743990741706545,-0.02418476285949489,-0.029791633602742507,-0.017806873129187606,False,False,False
Dual Momentum,2023-02-01 00:00:00-05:00,2023-03-01 00:00:00-05:00,JPM,5,0.20235966848520648,True,True,29,0.14285714285714285,0.0281456426179163,0.04435283881604524,-0.0055709570396847985,-0.02418476285949489,-0.029791633602742507,-0.017806873129187606,True,True,True
Dual Momentum,2023-02-01 00:00:00-05:00,2023-03-01 00:00:00-05:00,TRV,6,0.13522409620380937,True,False,29,0.17857142857142858,-0.026456481680426913,0.004815044478552188,-0.0651886495107592,-0.02418476285949489,-0.029791633602742507,-0.017806873129187606,False,True,False
Dual Momentum,2023-02-01 00:00:00-05:00,2023-03-01 00:00:00-05:00,CVX,7,0.12894473071743273,True,False,29,0.21428571428571427,-0.05510727271651861,0.015013046016730591,-0.06690967290723004,-0.02418476285949489,-0.029791633602742507,-0.017806873129187606,False,False,False
Dual Momentum,2023-02-01 00:00:00-05:00,2023-03-01 00:00:00-05:00,AMGN,8,0.10707432458639365,True,False,29,0.25,-0.06725976643567888,0.0032106641804927616,-0.06725976643567888,-0.02418476285949489,-0.029791633602742507,-0.017806873129187606,False,False,False
Dual Momentum,2023-02-01 00:00:00-05:00,2023-03-01 00:00:00-05:00,HD,9,0.09964127545347101,True,False,29,0.2857142857142857,-0.09451263649133312,0.05918315986851019,-0.09451263649133312,-0.02418476285949489,-0.029791633602742507,-0.017806873129187606,False,False,False
Dual Momentum,2023-02-01 00:00:00-05:00,2023-03-01 00:00:00-05:00,MCD,10,0.09117159912683093,True,False,29,0.32142857142857145,-0.011100848242666106,0.012957531579084192,-0.02557883171502162,-0.02418476285949489,-0.029791633602742507,-0.017806873129187606,True,True,True
Dual Momentum,2023-02-01 00:00:00-05:00,2023-03-01 00:00:00-05:00,HON,11,0.09035234883951726,True,False,29,0.35714285714285715,-0.07326202329381082,0.005014174489491374,-0.08088119240201197,-0.02418476285949489,-0.029791633602742507,-0.017806873129187606,False,False,False
Dual Momentum,2023-02-01 00:00:00-05:00,2023-03-01 00:00:00-05:00,V,12,0.08654166523393458,True,False,29,0.39285714285714285,-0.041331249172024465,0.021493617625367945,-0.050067961006053374,-0.02418476285949489,-0.029791633602742507,-0.017806873129187606,False,False,False
Dual Momentum,2023-02-01 00:00:00-05:00,2023-03-01 00:00:00-05:00,IBM,13,0.05686992030280469,True,False,29,0.42857142857142855,-0.029791633602742507,0.034111195872226,-0.030092701886636153,-0.02418476285949489,-0.029791633602742507,-0.017806873129187606,False,False,False
Dual Momentum,2023-02-01 00:00:00-05:00,2023-03-01 00:00:00-05:00,NKE,14,0.029711490598537615,False,False,29,0.4642857142857143,-0.07779504197638809,0.026661528447293303,-0.08256454439567451,-0.02418476285949489,-0.029791633602742507,-0.017806873129187606,False,False,False
Dual Momentum,2023-02-01 00:00:00-05:00,2023-03-01 00:00:00-05:00,CSCO,15,0.02001252138689602,False,False,29,0.5,0.0010333065733170166,0.06922925650650447,-0.04050433765945238,-0.02418476285949489,-0.029791633602742507,-0.017806873129187606,True,True,True
Dual Momentum,2023-02-01 00:00:00-05:00,2023-03-01 00:00:00-05:00,AXP,16,0.012339420487322172,False,False,29,0.5357142857142857,0.0007498435486554822,0.05058242610383257,-0.013265881824420012,-0.02418476285949489,-0.029791633602742507,-0.017806873129187606,True,True,True
Dual Momentum,2023-02-01 00:00:00-05:00,2023-03-01 00:00:00-05:00,UNH,17,-0.008767507864208879,False,False,29,0.5714285714285714,-0.05268523889789456,0.008860871222354794,-0.07212711708965658,-0.02418476285949489,-0.029791633602742507,-0.017806873129187606,False,False,False
Dual Momentum,2023-02-01 00:00:00-05:00,2023-03-01 00:00:00-05:00,DIS,18,-0.028128548335752068,False,False,29,0.6071428571428571,-0.08580650482410668,0.08921649385757147,-0.08792646719923058,-0.02418476285949489,-0.029791633602742507,-0.017806873129187606,False,False,False
Dual Momentum,2023-02-01 00:00:00-05:00,2023-03-01 00:00:00-05:00,KO,19,-0.030265197999617577,False,False,29,0.6428571428571429,-0.032875319555324856,0.00719663797511827,-0.03696423255206682,-0.02418476285949489,-0.029791633602742507,-0.017806873129187606,False,False,False
Dual Momentum,2023-02-01 00:00:00-05:00,2023-03-01 00:00:00-05:00,CRM,20,-0.045299517438857184,False,False,29,0.6785714285714286,-0.028259459560211142,0.06623750134674755,-0.048113061894561326,-0.02418476285949489,-0.029791633602742507,-0.017806873129187606,False,True,False
Dual Momentum,2023-02-01 00:00:00-05:00,2023-03-01 00:00:00-05:00,WMT,21,-0.04850943605314606,False,False,29,0.7142857142857143,-0.018098251171653423,0.0325769922159409,-0.03459554675515697,-0.02418476285949489,-0.029791633602742507,-0.017806873129187606,True,True,False
Dual Momentum,2023-02-01 00:00:00-05:00,2023-03-01 00:00:00-05:00,VZ,22,-0.06100905632142839,False,False,29,0.75,-0.07811395102752194,0.0002381119584078384,-0.0928792729379182,-0.02418476285949489,-0.029791633602742507,-0.017806873129187606,False,False,False
Dual Momentum,2023-02-01 00:00:00-05:00,2023-03-01 00:00:00-05:00,DOW,23,-0.07335273559268729,False,False,29,0.7857142857142857,-0.02171990516720468,0.026906156814672233,-0.05431855957865761,-0.02418476285949489,-0.029791633602742507,-0.017806873129187606,True,True,False
Dual Momentum,2023-02-01 00:00:00-05:00,2023-03-01 00:00:00-05:00,JNJ,24,-0.07656055869403755,False,False,29,0.8214285714285714,-0.05447864582081785,0.020553493583193472,-0.05447864582081785,-0.02418476285949489,-0.029791633602742507,-0.017806873129187606,False,False,False
Dual Momentum,2023-02-01 00:00:00-05:00,2023-03-01 00:00:00-05:00,AAPL,25,-0.08060401052681898,False,False,29,0.8571428571428571,0.02142252536722289,0.09314440139618219,-0.018406569938288597,-0.02418476285949489,-0.029791633602742507,-0.017806873129187606,True,True,True
Dual Momentum,2023-02-01 00:00:00-05:00,2023-03-01 00:00:00-05:00,PG,26,-0.09544103357662315,False,False,29,0.8928571428571429,-0.02836401862167459,0.014217372229927916,-0.04398902883022626,-0.02418476285949489,-0.029791633602742507,-0.017806873129187606,False,True,False
Dual Momentum,2023-02-01 00:00:00-05:00,2023-03-01 00:00:00-05:00,MSFT,27,-0.10223788066687,False,False,29,0.9285714285714286,0.015569801168741071,0.11806857956502337,-0.010201607981035754,-0.02418476285949489,-0.029791633602742507,-0.017806873129187606,True,True,True
Dual Momentum,2023-02-01 00:00:00-05:00,2023-03-01 00:00:00-05:00,MMM,28,-0.17618226464419107,False,False,29,0.9642857142857143,-0.017806873129187606,0.05499788261323757,-0.055665166465475924,-0.02418476285949489,-0.029791633602742507,-0.017806873129187606,True,True,True
Dual Momentum,2023-02-01 00:00:00-05:00,2023-03-01 00:00:00-05:00,INTC,29,-0.33105035894152124,False,False,29,1.0,-0.09161021910128553,0.11760489969884946,-0.10249797172362873,-0.02418476285949489,-0.029791633602742507,-0.017806873129187606,False,False,False
Dual Momentum,2023-03-01 00:00:00-05:00,2023-04-03 00:00:00-04:00,BA,1,0.5779378200479552,True,True,29,0.0,0.05623666929273052,0.07271551003980892,-0.04496946197299545,0.0379364734424652,0.026291650509159714,0.061692267092019026,True,True,False
Dual Momentum,2023-03-01 00:00:00-05:00,2023-04-03 00:00:00-04:00,MRK,2,0.17742753042115722,True,True,29,0.03571428571428571,0.006857206513184,0.05870139979383615,-0.026498849555378734,0.0379364734424652,0.026291650509159714,0.061692267092019026,False,False,False
Dual Momentum,2023-03-01 00:00:00-05:00,2023-04-03 00:00:00-04:00,CAT,3,0.14554917550636337,True,True,29,0.07142857142857142,-0.04958471240069895,0.056567875222551134,-0.1263583738256694,0.0379364734424652,0.026291650509159714,0.061692267092019026,False,False,False
Dual Momentum,2023-03-01 00:00:00-05:00,2023-04-03 00:00:00-04:00,WMT,4,0.1371996137419309,True,True,29,0.10714285714285714,0.05157744401047748,0.05663117323223221,-0.035233179557778826,0.0379364734424652,0.026291650509159714,0.061692267092019026,True,True,False
Dual Momentum,2023-03-01 00:00:00-05:00,2023-04-03 00:00:00-04:00,JPM,5,0.13558167858712888,True,True,29,0.14285714285714285,-0.08578472615300448,0.013652294329077774,-0.13363825280874542,0.0379364734424652,0.026291650509159714,0.061692267092019026,False,False,False
Dual Momentum,2023-03-01 00:00:00-05:00,2023-04-03 00:00:00-04:00,GS,6,0.10871236714411081,True,False,29,0.17857142857142858,-0.06654479202767927,0.027104210028803255,-0.1360087619623963,0.0379364734424652,0.026291650509159714,0.061692267092019026,False,False,False
Dual Momentum,2023-03-01 00:00:00-05:00,2023-04-03 00:00:00-04:00,CSCO,7,0.10476957380586116,True,False,29,0.21428571428571427,0.07473161674923201,0.08071859807924087,-0.008670482676556679,0.0379364734424652,0.026291650509159714,0.061692267092019026,True,True,True
Dual Momentum,2023-03-01 00:00:00-05:00,2023-04-03 00:00:00-04:00,MCD,8,0.08781998986721651,True,False,29,0.25,0.07027474292915437,0.07027474292915437,-0.008265600602095358,0.0379364734424652,0.026291650509159714,0.061692267092019026,True,True,True
Dual Momentum,2023-03-01 00:00:00-05:00,2023-04-03 00:00:00-04:00,TRV,9,0.07562734303359697,True,False,29,0.2857142857142857,-0.06560441228546876,0.005108903497761386,-0.11854758903957174,0.0379364734424652,0.026291650509159714,0.061692267092019026,False,False,False
Dual Momentum,2023-03-01 00:00:00-05:00,2023-04-03 00:00:00-04:00,AXP,10,0.06376870672189394,True,False,29,0.32142857142857145,-0.05417559363716562,0.040401143039580756,-0.10725620240004552,0.0379364734424652,0.026291650509159714,0.061692267092019026,False,False,False
Dual Momentum,2023-03-01 00:00:00-05:00,2023-04-03 00:00:00-04:00,V,11,0.060918379880983586,True,False,29,0.35714285714285715,0.026291650509159714,0.036270682794465436,-0.048756113502059883,0.0379364734424652,0.026291650509159714,0.061692267092019026,False,False,False
Dual Momentum,2023-03-01 00:00:00-05:00,2023-04-03 00:00:00-04:00,NKE,12,0.060677800049992126,True,False,29,0.39285714285714285,0.04153695842890537,0.0718053817051254,-0.015513798831173542,0.0379364734424652,0.026291650509159714,0.061692267092019026,True,True,False
Dual Momentum,2023-03-01 00:00:00-05:00,2023-04-03 00:00:00-04:00,AAPL,13,0.029944281167467945,False,False,29,0.42857142857142855,0.1187766853150587,0.12374852803692504,-0.019955148632125885,0.0379364734424652,0.026291650509159714,0.061692267092019026,True,True,True
Dual Momentum,2023-03-01 00:00:00-05:00,2023-04-03 00:00:00-04:00,CRM,14,0.00707850265156007,False,False,29,0.4642857142857143,0.21614790346051382,0.22706888426953165,-6.14133706832165e-05,0.0379364734424652,0.026291650509159714,0.061692267092019026,True,True,True
Dual Momentum,2023-03-01 00:00:00-05:00,2023-04-03 00:00:00-04:00,HON,15,0.006746933226055907,False,False,29,0.5,-0.003305536309906265,0.04240535443516791,-0.0364640262387077,0.0379364734424652,0.026291650509159714,0.061692267092019026,False,False,False
Dual Momentum,2023-03-01 00:00:00-05:00,2023-04-03 00:00:00-04:00,HD,16,-0.002090678662307388,False,False,29,0.5357142857142857,0.01742013694813105,0.02805553210262346,-0.03412872217337015,0.0379364734424652,0.026291650509159714,0.061692267092019026,False,False,False
Dual Momentum,2023-03-01 00:00:00-05:00,2023-04-03 00:00:00-04:00,IBM,17,-0.02025314101989384,False,False,29,0.5714285714285714,0.016058939461194965,0.02001542952954871,-0.055779748320014644,0.0379364734424652,0.026291650509159714,0.061692267092019026,False,False,False
Dual Momentum,2023-03-01 00:00:00-05:00,2023-04-03 00:00:00-04:00,PG,18,-0.04211789797882759,False,False,29,0.6071428571428571,0.07518982232378613,0.07707342947821116,-0.014125332522406775,0.0379364734424652,0.026291650509159714,0.061692267092019026,True,True,True
Dual Momentum,2023-03-01 00:00:00-05:00,2023-04-03 00:00:00-04:00,UNH,19,-0.04304206005696509,False,False,29,0.6428571428571429,0.02812069503804615,0.030430326507704386,-0.030384082937917167,0.0379364734424652,0.026291650509159714,0.061692267092019026,False,True,False
Dual Momentum,2023-03-01 00:00:00-05:00,2023-04-03 00:00:00-04:00,KO,20,-0.05435187660814933,False,False,29,0.6785714285714286,0.061692267092019026,0.061692267092019026,-0.012853071579602693,0.0379364734424652,0.026291650509159714,0.061692267092019026,True,True,True
Dual Momentum,2023-03-01 00:00:00-05:00,2023-04-03 00:00:00-04:00,MSFT,21,-0.05497687045521382,False,False,29,0.7142857142857143,0.14045953543390266,0.15140563376088712,-0.02053756257918815,0.0379364734424652,0.026291650509159714,0.061692267092019026,True,True,True
Dual Momentum,2023-03-01 00:00:00-05:00,2023-04-03 00:00:00-04:00,DIS,22,-0.05681290776460779,False,False,29,0.75,0.010283267897348125,0.035386621735972845,-0.088012946851039,0.0379364734424652,0.026291650509159714,0.061692267092019026,False,False,False
Dual Momentum,2023-03-01 00:00:00-05:00,2023-04-03 00:00:00-04:00,AMGN,23,-0.06291282798652564,False,False,29,0.7857142857142857,0.050484048023069494,0.054000155873418,-0.021573978537366756,0.0379364734424652,0.026291650509159714,0.061692267092019026,True,True,False
Dual Momentum,2023-03-01 00:00:00-05:00,2023-04-03 00:00:00-04:00,CVX,24,-0.06602302496702384,False,False,29,0.8214285714285714,0.04605354414653662,0.04605354414653662,-0.07647894322808202,0.0379364734424652,0.026291650509159714,0.061692267092019026,True,True,False
Dual Momentum,2023-03-01 00:00:00-05:00,2023-04-03 00:00:00-04:00,DOW,25,-0.11382765851245957,False,False,29,0.8571428571428571,-0.036131821766795524,0.02548441071116825,-0.14121138062649985,0.0379364734424652,0.026291650509159714,0.061692267092019026,False,False,False
Dual Momentum,2023-03-01 00:00:00-05:00,2023-04-03 00:00:00-04:00,JNJ,26,-0.1284826848276689,False,False,29,0.8928571428571429,0.012678994299173851,0.021174932166858618,-0.018952841526179598,0.0379364734424652,0.026291650509159714,0.061692267092019026,False,False,False
Dual Momentum,2023-03-01 00:00:00-05:00,2023-04-03 00:00:00-04:00,VZ,27,-0.2039853915214429,False,False,29,0.9285714285714286,0.00878313632213601,0.00878321669151405,-0.06587429555625501,0.0379364734424652,0.026291650509159714,0.061692267092019026,False,False,False
Dual Momentum,2023-03-01 00:00:00-05:00,2023-04-03 00:00:00-04:00,MMM,28,-0.2411709679872014,False,False,29,0.9642857142857143,-0.05304411171925283,0.011617381837742524,-0.09798279422544498,0.0379364734424652,0.026291650509159714,0.061692267092019026,False,False,False
Dual Momentum,2023-03-01 00:00:00-05:00,2023-04-03 00:00:00-04:00,INTC,29,-0.4058701800520268,False,False,29,1.0,0.31602077173222676,0.31602077173222676,-0.0023971782518978912,0.0379364734424652,0.026291650509159714,0.061692267092019026,True,True,True
Dual Momentum,2023-04-03 00:00:00-04:00,2023-05-01 00:00:00-04:00,BA,1,0.5537594410408297,True,True,29,0.0,-0.030780089087520834,0.027114681342638614,-0.06884402699801762,0.016191572210576544,0.021954025574769664,0.05242186622459566,False,False,False
Dual Momentum,2023-04-03 00:00:00-04:00,2023-05-01 00:00:00-04:00,CAT,2,0.3038826322439716,True,True,29,0.03571428571428571,-0.0412129825090658,0.016694977124420474,-0.10809291987489744,0.016191572210576544,0.021954025574769664,0.05242186622459566,False,False,False
Dual Momentum,2023-04-03 00:00:00-04:00,2023-05-01 00:00:00-04:00,CSCO,3,0.2585819364987909,True,True,29,0.07142857142857142,-0.08654339441033121,0.011962899545330696,-0.11034747937030309,0.016191572210576544,0.021954025574769664,0.05242186622459566,False,False,False
Dual Momentum,2023-04-03 00:00:00-04:00,2023-05-01 00:00:00-04:00,WMT,4,0.22766647126648953,True,True,29,0.10714285714285714,0.022405658457919975,0.04074985841001566,-0.00480623596291696,0.016191572210576544,0.021954025574769664,0.05242186622459566,True,True,False
Dual Momentum,2023-04-03 00:00:00-04:00,2023-05-01 00:00:00-04:00,AAPL,5,0.21164077292336647,True,True,29,0.14285714285714285,0.030498463550068244,0.033968459909608395,-0.027333105061955187,0.016191572210576544,0.021954025574769664,0.05242186622459566,True,True,False
Dual Momentum,2023-04-03 00:00:00-04:00,2023-05-01 00:00:00-04:00,NKE,6,0.21058273800676752,True,False,29,0.17857142857142858,0.036081551080795915,0.04073482709293641,-0.037959109301890614,0.016191572210576544,0.021954025574769664,0.05242186622459566,True,True,False
Dual Momentum,2023-04-03 00:00:00-04:00,2023-05-01 00:00:00-04:00,CRM,7,0.21049442632325444,True,False,29,0.21428571428571427,-0.002320619135985247,0.009585373072012349,-0.055039751278766924,0.016191572210576544,0.021954025574769664,0.05242186622459566,False,False,False
Dual Momentum,2023-04-03 00:00:00-04:00,2023-05-01 00:00:00-04:00,AXP,8,0.19862638852481584,True,False,29,0.25,-0.010117517597971082,0.018627648333275015,-0.05806747376156096,0.016191572210576544,0.021954025574769664,0.05242186622459566,False,False,False
Dual Momentum,2023-04-03 00:00:00-04:00,2023-05-01 00:00:00-04:00,MRK,9,0.19237496661430376,True,False,29,0.2857142857142857,0.09296838703795207,0.10297303803231928,-0.003586571631555624,0.016191572210576544,0.021954025574769664,0.05242186622459566,True,True,True
Dual Momentum,2023-04-03 00:00:00-04:00,2023-05-01 00:00:00-04:00,JPM,10,0.18656093228278725,True,False,29,0.32142857142857145,0.10366010719974583,0.10366010719974583,-0.02077900560807222,0.016191572210576544,0.021954025574769664,0.05242186622459566,True,True,True
Dual Momentum,2023-04-03 00:00:00-04:00,2023-05-01 00:00:00-04:00,V,11,0.1519505067645741,True,False,29,0.35714285714285715,0.03392090390418079,0.04590880228833294,-0.004928298323525038,0.016191572210576544,0.021954025574769664,0.05242186622459566,True,True,False
Dual Momentum,2023-04-03 00:00:00-04:00,2023-05-01 00:00:00-04:00,MCD,12,0.15179951126177182,True,False,29,0.39285714285714285,0.05242186622459566,0.054058867710562675,-0.004662079092216276,0.016191572210576544,0.021954025574769664,0.05242186622459566,True,True,True
Dual Momentum,2023-04-03 00:00:00-04:00,2023-05-01 00:00:00-04:00,CVX,13,0.14611611116764966,True,False,29,0.42857142857142855,-0.012308611290134497,0.027024479333968232,-0.033863383848180884,0.016191572210576544,0.021954025574769664,0.05242186622459566,False,False,False
Dual Momentum,2023-04-03 00:00:00-04:00,2023-05-01 00:00:00-04:00,MSFT,14,0.12878592822745594,True,False,29,0.4642857142857143,0.07137370054313297,0.07821452792391637,-0.03710566211124977,0.016191572210576544,0.021954025574769664,0.05242186622459566,True,True,True
Dual Momentum,2023-04-03 00:00:00-04:00,2023-05-01 00:00:00-04:00,GS,15,0.12489529183063008,True,False,29,0.5,0.0549151429974033,0.05801199563760129,-0.020757794162266863,0.016191572210576544,0.021954025574769664,0.05242186622459566,True,True,True
Dual Momentum,2023-04-03 00:00:00-04:00,2023-05-01 00:00:00-04:00,HON,16,0.11637606517355215,True,False,29,0.5357142857142857,0.049483327304645996,0.053733750793766744,-0.008185768561349671,0.016191572210576544,0.021954025574769664,0.05242186622459566,True,True,False
Dual Momentum,2023-04-03 00:00:00-04:00,2023-05-01 00:00:00-04:00,DOW,17,0.10486367906373051,True,False,29,0.5714285714285714,-0.013763366668587351,0.04563567982307659,-0.05450924478180963,0.016191572210576544,0.021954025574769664,0.05242186622459566,False,False,False
Dual Momentum,2023-04-03 00:00:00-04:00,2023-05-01 00:00:00-04:00,HD,18,0.09748321424415551,True,False,29,0.6071428571428571,0.013938572813170014,0.02824982663811504,-0.036049835079973724,0.016191572210576544,0.021954025574769664,0.05242186622459566,False,False,False
Dual Momentum,2023-04-03 00:00:00-04:00,2023-05-01 00:00:00-04:00,DIS,19,0.060698963214318225,True,False,29,0.6428571428571429,0.021954025574769664,0.02345081597228349,-0.03742138885413271,0.016191572210576544,0.021954025574769664,0.05242186622459566,True,False,False
Dual Momentum,2023-04-03 00:00:00-04:00,2023-05-01 00:00:00-04:00,PG,20,0.054754501444388204,True,False,29,0.6785714285714286,0.05778421877501927,0.07188521249197355,-0.009027800336941616,0.016191572210576544,0.021954025574769664,0.05242186622459566,True,True,True
Dual Momentum,2023-04-03 00:00:00-04:00,2023-05-01 00:00:00-04:00,TRV,21,0.02971267590836635,False,False,29,0.7142857142857143,0.05408696096592891,0.08361580208673836,-0.023506271733405026,0.016191572210576544,0.021954025574769664,0.05242186622459566,True,True,True
Dual Momentum,2023-04-03 00:00:00-04:00,2023-05-01 00:00:00-04:00,AMGN,22,0.017090555979367483,False,False,29,0.75,-0.008140569767047023,0.05966953425568078,-0.036487643391387325,0.016191572210576544,0.021954025574769664,0.05242186622459566,False,False,False
Dual Momentum,2023-04-03 00:00:00-04:00,2023-05-01 00:00:00-04:00,KO,23,0.00791692090392404,False,False,29,0.7857142857142857,0.02969510914042739,0.04317822123643311,-0.007062578364322669,0.016191572210576544,0.021954025574769664,0.05242186622459566,True,True,False
Dual Momentum,2023-04-03 00:00:00-04:00,2023-05-01 00:00:00-04:00,IBM,24,-0.03694155313761993,False,False,29,0.8214285714285714,-0.03527533891400825,0.012521946815017726,-0.04894259894323971,0.016191572210576544,0.021954025574769664,0.05242186622459566,False,False,False
Dual Momentum,2023-04-03 00:00:00-04:00,2023-05-01 00:00:00-04:00,UNH,25,-0.07087211113163638,False,False,29,0.8571428571428571,0.01935284875388632,0.09326028973828793,-0.014097406373206223,0.016191572210576544,0.021954025574769664,0.05242186622459566,True,False,False
Dual Momentum,2023-04-03 00:00:00-04:00,2023-05-01 00:00:00-04:00,INTC,26,-0.0950804977474271,False,False,29,0.8928571428571429,-0.0555555841636074,0.027322292546660076,-0.13448699036470435,0.016191572210576544,0.021954025574769664,0.05242186622459566,False,False,False
Dual Momentum,2023-04-03 00:00:00-04:00,2023-05-01 00:00:00-04:00,JNJ,27,-0.10890535964323456,False,False,29,0.9285714285714286,0.05582441646771663,0.07925121642975186,-0.006518196364813766,0.016191572210576544,0.021954025574769664,0.05242186622459566,True,True,True
Dual Momentum,2023-04-03 00:00:00-04:00,2023-05-01 00:00:00-04:00,MMM,28,-0.15883985720658678,False,False,29,0.9642857142857143,0.01131726064653571,0.020447178091791418,-0.03899177129219855,0.016191572210576544,0.021954025574769664,0.05242186622459566,False,False,False
Dual Momentum,2023-04-03 00:00:00-04:00,2023-05-01 00:00:00-04:00,VZ,29,-0.19857258164634428,False,False,29,1.0,0.01967361371670373,0.03555344959063533,-0.04800961832302675,0.016191572210576544,0.021954025574769664,0.05242186622459566,True,False,False
Dual Momentum,2023-05-01 00:00:00-04:00,2023-06-01 00:00:00-04:00,MRK,1,0.31183811981958454,True,True,29,0.0,-0.04438677462888585,0.03324703117376515,-0.06329879767889146,0.006306032897097857,-0.04309701360194351,-0.013748870782771538,False,False,False
Dual Momentum,2023-05-01 00:00:00-04:00,2023-06-01 00:00:00-04:00,BA,2,0.29976744948888956,True,True,29,0.03571428571428571,0.0010182143702650581,0.011296978574810712,-0.0629333126183712,0.006306032897097857,-0.04309701360194351,-0.013748870782771538,False,True,True
Dual Momentum,2023-05-01 00:00:00-04:00,2023-06-01 00:00:00-04:00,JPM,3,0.23342757433330563,True,True,29,0.07142857142857142,-0.04034873575877218,0.007802619522090604,-0.07345708183940425,0.006306032897097857,-0.04309701360194351,-0.013748870782771538,False,True,False
Dual Momentum,2023-05-01 00:00:00-04:00,2023-06-01 00:00:00-04:00,CAT,4,0.18460299481466858,True,True,29,0.10714285714285714,-0.053159444555161195,0.011944973191029273,-0.06264234219448173,0.006306032897097857,-0.04309701360194351,-0.013748870782771538,False,False,False
Dual Momentum,2023-05-01 00:00:00-04:00,2023-06-01 00:00:00-04:00,TRV,5,0.18172036763152333,True,True,29,0.14285714285714285,-0.05702539354903302,0.030509813481105263,-0.06251722081680733,0.006306032897097857,-0.04309701360194351,-0.013748870782771538,False,False,False
Dual Momentum,2023-05-01 00:00:00-04:00,2023-06-01 00:00:00-04:00,WMT,6,0.17782568367373308,True,False,29,0.17857142857142858,-0.028301041718600595,0.02579655426714189,-0.03627623708361327,0.006306032897097857,-0.04309701360194351,-0.013748870782771538,False,True,False
Dual Momentum,2023-05-01 00:00:00-04:00,2023-06-01 00:00:00-04:00,MCD,7,0.14161636805240452,True,False,29,0.21428571428571427,-0.03652088108584295,0.010618309704733875,-0.04183003687176434,0.006306032897097857,-0.04309701360194351,-0.013748870782771538,False,True,False
Dual Momentum,2023-05-01 00:00:00-04:00,2023-06-01 00:00:00-04:00,CVX,8,0.1400150340412627,True,False,29,0.25,-0.0890132238099941,0.006081861384765741,-0.09467301425185215,0.006306032897097857,-0.04309701360194351,-0.013748870782771538,False,False,False
Dual Momentum,2023-05-01 00:00:00-04:00,2023-06-01 00:00:00-04:00,NKE,9,0.13906714272635723,True,False,29,0.2857142857142857,-0.17916792823797256,0.01386695975596508,-0.17916792823797256,0.006306032897097857,-0.04309701360194351,-0.013748870782771538,False,False,False
Dual Momentum,2023-05-01 00:00:00-04:00,2023-06-01 00:00:00-04:00,MSFT,10,0.11780238509599705,True,False,29,0.32142857142857145,0.06408605545100676,0.09817704432041907,-0.01162973168811443,0.006306032897097857,-0.04309701360194351,-0.013748870782771538,True,True,True
Dual Momentum,2023-05-01 00:00:00-04:00,2023-06-01 00:00:00-04:00,V,11,0.10774040694890363,True,False,29,0.35714285714285715,-0.04167891828645187,0.008330930067522724,-0.07003303343138545,0.006306032897097857,-0.04309701360194351,-0.013748870782771538,False,True,False
Dual Momentum,2023-05-01 00:00:00-04:00,2023-06-01 00:00:00-04:00,CRM,12,0.09421352274956418,True,False,29,0.39285714285714285,0.052892543984209395,0.137742728039711,-0.03539640766605345,0.006306032897097857,-0.04309701360194351,-0.013748870782771538,True,True,True
Dual Momentum,2023-05-01 00:00:00-04:00,2023-06-01 00:00:00-04:00,AAPL,13,0.08330097502625122,True,False,29,0.42857142857142855,0.05119213276123791,0.06095279973045442,-0.029359523147049815,0.006306032897097857,-0.04309701360194351,-0.013748870782771538,True,True,True
Dual Momentum,2023-05-01 00:00:00-04:00,2023-06-01 00:00:00-04:00,DOW,14,0.08193355757093079,True,False,29,0.4642857142857143,-0.08756911403258572,0.008263181820339582,-0.09985905856192401,0.006306032897097857,-0.04309701360194351,-0.013748870782771538,False,False,False
Dual Momentum,2023-05-01 00:00:00-04:00,2023-06-01 00:00:00-04:00,PG,15,0.07706506226516807,True,False,29,0.5,-0.08190735019500273,0.009869951875413951,-0.0905596086596504,0.006306032897097857,-0.04309701360194351,-0.013748870782771538,False,False,False
Dual Momentum,2023-05-01 00:00:00-04:00,2023-06-01 00:00:00-04:00,AXP,16,0.07216595312011265,True,False,29,0.5357142857142857,-0.01723823402149305,0.0,-0.09620025084316408,0.006306032897097857,-0.04309701360194351,-0.013748870782771538,False,True,False
Dual Momentum,2023-05-01 00:00:00-04:00,2023-06-01 00:00:00-04:00,GS,17,0.06589355979410172,True,False,29,0.5714285714285714,-0.04961229820919211,0.00991136109024171,-0.0776922790525213,0.006306032897097857,-0.04309701360194351,-0.013748870782771538,False,False,False
Dual Momentum,2023-05-01 00:00:00-04:00,2023-06-01 00:00:00-04:00,HON,18,0.0653773234401438,True,False,29,0.6071428571428571,-0.035717081031375386,0.010799942914863081,-0.04506577360303754,0.006306032897097857,-0.04309701360194351,-0.013748870782771538,False,True,False
Dual Momentum,2023-05-01 00:00:00-04:00,2023-06-01 00:00:00-04:00,CSCO,19,0.061617442200990746,True,False,29,0.6428571428571429,0.05423722727333824,0.06970359057759978,-0.0347457404307876,0.006306032897097857,-0.04309701360194351,-0.013748870782771538,True,True,True
Dual Momentum,2023-05-01 00:00:00-04:00,2023-06-01 00:00:00-04:00,KO,20,0.02365220670049717,False,False,29,0.6785714285714286,-0.06562732648662783,0.00841778492101053,-0.07451287406582563,0.006306032897097857,-0.04309701360194351,-0.013748870782771538,False,False,False
Dual Momentum,2023-05-01 00:00:00-04:00,2023-06-01 00:00:00-04:00,HD,21,0.02304465442275694,False,False,29,0.7142857142857143,-0.04309701360194351,0.001939884109149137,-0.07321568738902029,0.006306032897097857,-0.04309701360194351,-0.013748870782771538,False,False,False
Dual Momentum,2023-05-01 00:00:00-04:00,2023-06-01 00:00:00-04:00,IBM,22,0.01470267464677777,False,False,29,0.75,0.030402659882909022,0.043479196679545584,-0.03632744517011577,0.006306032897097857,-0.04309701360194351,-0.013748870782771538,True,True,True
Dual Momentum,2023-05-01 00:00:00-04:00,2023-06-01 00:00:00-04:00,AMGN,23,-0.017414766760867617,False,False,29,0.7857142857142857,-0.07496816058815658,0.005291023117609095,-0.09801403269663878,0.006306032897097857,-0.04309701360194351,-0.013748870782771538,False,False,False
Dual Momentum,2023-05-01 00:00:00-04:00,2023-06-01 00:00:00-04:00,DIS,24,-0.022878842286187417,False,False,29,0.8214285714285714,-0.13680319259764828,0.01464692563216241,-0.15037598926753093,0.006306032897097857,-0.04309701360194351,-0.013748870782771538,False,False,False
Dual Momentum,2023-05-01 00:00:00-04:00,2023-06-01 00:00:00-04:00,JNJ,25,-0.041006781853413,False,False,29,0.8571428571428571,-0.04825205675829225,0.015770150134885252,-0.055765353242605675,0.006306032897097857,-0.04309701360194351,-0.013748870782771538,False,False,False
Dual Momentum,2023-05-01 00:00:00-04:00,2023-06-01 00:00:00-04:00,UNH,26,-0.08231112069598312,False,False,29,0.8928571428571429,-0.013748870782771538,0.012656779329107692,-0.044582457422568056,0.006306032897097857,-0.04309701360194351,-0.013748870782771538,False,True,True
Dual Momentum,2023-05-01 00:00:00-04:00,2023-06-01 00:00:00-04:00,VZ,27,-0.1049647355615888,False,False,29,0.9285714285714286,-0.09114115290195246,0.00025535197084591843,-0.11488377857195886,0.006306032897097857,-0.04309701360194351,-0.013748870782771538,False,False,False
Dual Momentum,2023-05-01 00:00:00-04:00,2023-06-01 00:00:00-04:00,INTC,28,-0.18950534755949622,False,False,29,0.9642857142857143,0.026365223883876077,0.04218031745378403,-0.13307639870533627,0.006306032897097857,-0.04309701360194351,-0.013748870782771538,True,True,True
Dual Momentum,2023-05-01 00:00:00-04:00,2023-06-01 00:00:00-04:00,MMM,29,-0.21632768799267865,False,False,29,1.0,-0.10766598255746906,0.004607856008361111,-0.11033901459597661,0.006306032897097857,-0.04309701360194351,-0.013748870782771538,False,False,False
Dual Momentum,2023-06-01 00:00:00-04:00,2023-07-03 00:00:00-04:00,CRM,1,0.39429477822134085,True,True,29,0.0,0.011286083742917619,0.05844782330914233,-0.016521006185165055,0.06332431755917023,0.05071824680237991,0.07200180251569965,False,False,False
Dual Momentum,2023-06-01 00:00:00-04:00,2023-07-03 00:00:00-04:00,MRK,2,0.28800578369817864,True,True,29,0.03571428571428571,0.04134103668724709,0.05171167456464776,-0.03424915132943451,0.06332431755917023,0.05071824680237991,0.07200180251569965,False,False,False
Dual Momentum,2023-06-01 00:00:00-04:00,2023-07-03 00:00:00-04:00,MSFT,3,0.24510913834253256,True,True,29,0.07142857142857142,0.04068371128056114,0.0783603368409056,-0.010523572150948013,0.06332431755917023,0.05071824680237991,0.07200180251569965,False,False,False
Dual Momentum,2023-06-01 00:00:00-04:00,2023-07-03 00:00:00-04:00,BA,4,0.2435013857161239,True,True,29,0.10714285714285714,0.01956792189652412,0.08451998634498792,-0.028334815040586214,0.06332431755917023,0.05071824680237991,0.07200180251569965,False,False,False
Dual Momentum,2023-06-01 00:00:00-04:00,2023-07-03 00:00:00-04:00,JPM,5,0.21529972928246632,True,True,29,0.14285714285714285,0.07083215428674694,0.07083215428674694,-0.007837732865018543,0.06332431755917023,0.05071824680237991,0.07200180251569965,True,True,False
Dual Momentum,2023-06-01 00:00:00-04:00,2023-07-03 00:00:00-04:00,MCD,6,0.1341220185276626,True,False,29,0.17857142857142858,0.05071824680237991,0.055340710379020885,-0.012051602974565201,0.06332431755917023,0.05071824680237991,0.07200180251569965,False,False,False
Dual Momentum,2023-06-01 00:00:00-04:00,2023-07-03 00:00:00-04:00,WMT,7,0.11822861123479456,True,False,29,0.21428571428571427,0.07249848197283737,0.08221046849974667,-0.001846662009506006,0.06332431755917023,0.05071824680237991,0.07200180251569965,True,True,True
Dual Momentum,2023-06-01 00:00:00-04:00,2023-07-03 00:00:00-04:00,CSCO,8,0.11379328262810184,True,False,29,0.25,0.032154458413477194,0.053255540646044874,-0.012459848733020307,0.06332431755917023,0.05071824680237991,0.07200180251569965,False,False,False
Dual Momentum,2023-06-01 00:00:00-04:00,2023-07-03 00:00:00-04:00,AAPL,9,0.10336495035535642,True,False,29,0.2857142857142857,0.09048941574648772,0.09442881863558505,-0.004333169868794284,0.06332431755917023,0.05071824680237991,0.07200180251569965,True,True,True
Dual Momentum,2023-06-01 00:00:00-04:00,2023-07-03 00:00:00-04:00,V,10,0.09914825210580358,True,False,29,0.32142857142857145,0.06406856069741695,0.06981549458724201,-0.007677379522764927,0.06332431755917023,0.05071824680237991,0.07200180251569965,True,True,False
Dual Momentum,2023-06-01 00:00:00-04:00,2023-07-03 00:00:00-04:00,CAT,11,0.09106373421546854,True,False,29,0.35714285714285715,0.1842738450327568,0.20806057237069453,-0.007896761592286361,0.06332431755917023,0.05071824680237991,0.07200180251569965,True,True,True
Dual Momentum,2023-06-01 00:00:00-04:00,2023-07-03 00:00:00-04:00,TRV,12,0.03985599027332398,True,False,29,0.39285714285714285,0.019624591757519516,0.052933705552406174,-0.010548547496045724,0.06332431755917023,0.05071824680237991,0.07200180251569965,False,False,False
Dual Momentum,2023-06-01 00:00:00-04:00,2023-07-03 00:00:00-04:00,AXP,13,0.03732802767032006,True,False,29,0.42857142857142855,0.09581301988395885,0.11303889732133765,-0.005218168262255407,0.06332431755917023,0.05071824680237991,0.07200180251569965,True,True,True
Dual Momentum,2023-06-01 00:00:00-04:00,2023-07-03 00:00:00-04:00,PG,14,0.02559094079930313,False,False,29,0.4642857142857143,0.05745193175540497,0.06157053489953257,-0.005584663537576362,0.06332431755917023,0.05071824680237991,0.07200180251569965,False,True,False
Dual Momentum,2023-06-01 00:00:00-04:00,2023-07-03 00:00:00-04:00,IBM,15,0.024614915176591978,False,False,29,0.5,0.038772861006042936,0.0858767595054839,-0.005138614524789142,0.06332431755917023,0.05071824680237991,0.07200180251569965,False,False,False
Dual Momentum,2023-06-01 00:00:00-04:00,2023-07-03 00:00:00-04:00,HON,16,0.011192589161842736,False,False,29,0.5357142857142857,0.07787340050468616,0.08673461759870271,-0.007193119863767028,0.06332431755917023,0.05071824680237991,0.07200180251569965,True,True,True
Dual Momentum,2023-06-01 00:00:00-04:00,2023-07-03 00:00:00-04:00,GS,17,-0.0016868655964583645,False,False,29,0.5714285714285714,-0.006471169215768069,0.07155409001909141,-0.04298804072293638,0.06332431755917023,0.05071824680237991,0.07200180251569965,False,False,False
Dual Momentum,2023-06-01 00:00:00-04:00,2023-07-03 00:00:00-04:00,NKE,18,-0.015681397249060036,False,False,29,0.6071428571428571,0.06954859715019257,0.10518095565076768,-0.012286415584059962,0.06332431755917023,0.05071824680237991,0.07200180251569965,True,True,False
Dual Momentum,2023-06-01 00:00:00-04:00,2023-07-03 00:00:00-04:00,INTC,19,-0.01684946930230291,False,False,29,0.6428571428571429,0.05471708462754199,0.16698128200885765,-0.06603771373468348,0.06332431755917023,0.05071824680237991,0.07200180251569965,False,True,False
Dual Momentum,2023-06-01 00:00:00-04:00,2023-07-03 00:00:00-04:00,HD,20,-0.01732843652632643,False,False,29,0.6785714285714286,0.0905828468827905,0.1105792931521048,-0.014328382262093431,0.06332431755917023,0.05071824680237991,0.07200180251569965,True,True,True
Dual Momentum,2023-06-01 00:00:00-04:00,2023-07-03 00:00:00-04:00,KO,21,-0.027811243118376905,False,False,29,0.7142857142857143,0.011986663231518646,0.04510305779006352,-0.0028361390196889324,0.06332431755917023,0.05071824680237991,0.07200180251569965,False,False,False
Dual Momentum,2023-06-01 00:00:00-04:00,2023-07-03 00:00:00-04:00,JNJ,22,-0.028409769247916383,False,False,29,0.75,0.06341428373555469,0.07590275746602138,-0.008994431538992265,0.06332431755917023,0.05071824680237991,0.07200180251569965,True,True,False
Dual Momentum,2023-06-01 00:00:00-04:00,2023-07-03 00:00:00-04:00,DOW,23,-0.03948303065790004,False,False,29,0.7857142857142857,0.0867347439689865,0.10897956527325281,-0.010000034254424306,0.06332431755917023,0.05071824680237991,0.07200180251569965,True,True,True
Dual Momentum,2023-06-01 00:00:00-04:00,2023-07-03 00:00:00-04:00,AMGN,24,-0.054875933743418814,False,False,29,0.8214285714285714,0.00568291076115468,0.05450988626033948,-0.03750681827688762,0.06332431755917023,0.05071824680237991,0.07200180251569965,False,False,False
Dual Momentum,2023-06-01 00:00:00-04:00,2023-07-03 00:00:00-04:00,CVX,25,-0.06888996829196481,False,False,29,0.8571428571428571,0.03886318338772643,0.07186463780554786,-0.01031062476621436,0.06332431755917023,0.05071824680237991,0.07200180251569965,False,False,False
Dual Momentum,2023-06-01 00:00:00-04:00,2023-07-03 00:00:00-04:00,UNH,26,-0.07125406830059611,False,False,29,0.8928571428571429,-0.01584164945537292,0.03097649647197831,-0.08632823402576328,0.06332431755917023,0.05071824680237991,0.07200180251569965,False,False,False
Dual Momentum,2023-06-01 00:00:00-04:00,2023-07-03 00:00:00-04:00,VZ,27,-0.13664727345782224,False,False,29,0.9285714285714286,0.044101142625373235,0.046348449859457075,-0.052808902603529106,0.06332431755917023,0.05071824680237991,0.07200180251569965,False,False,False
Dual Momentum,2023-06-01 00:00:00-04:00,2023-07-03 00:00:00-04:00,DIS,28,-0.225226708234897,False,False,29,0.9642857142857143,0.008144793674750517,0.0692307288693439,-0.014592770285752676,0.06332431755917023,0.05071824680237991,0.07200180251569965,False,False,False
Dual Momentum,2023-06-01 00:00:00-04:00,2023-07-03 00:00:00-04:00,MMM,29,-0.23199533942919381,False,False,29,1.0,0.07200180251569965,0.1221783332553319,-0.011661470882882385,0.06332431755917023,0.05071824680237991,0.07200180251569965,True,True,True
Dual Momentum,2023-07-03 00:00:00-04:00,2023-08-01 00:00:00-04:00,BA,1,0.5824340512495878,True,True,29,0.0,0.1285035774430301,0.1407601182081355,-0.012399052780767472,0.030140888184609915,0.03139520866030332,0.06797844416153964,True,True,True
Dual Momentum,2023-07-03 00:00:00-04:00,2023-08-01 00:00:00-04:00,CAT,2,0.49158665010583236,True,True,29,0.03571428571428571,0.11445702252524526,0.11445702252524526,-0.02890828894311248,0.030140888184609915,0.03139520866030332,0.06797844416153964,True,True,True
Dual Momentum,2023-07-03 00:00:00-04:00,2023-08-01 00:00:00-04:00,MSFT,3,0.42057810034093257,True,True,29,0.07142857142857142,-0.00993238179374345,0.0833763972727688,-0.03593865000241625,0.030140888184609915,0.03139520866030332,0.06797844416153964,False,False,False
Dual Momentum,2023-07-03 00:00:00-04:00,2023-08-01 00:00:00-04:00,CRM,4,0.4068056256591648,True,True,29,0.10714285714285714,0.06325678313861705,0.1313102935149999,-0.01301232012393716,0.030140888184609915,0.03139520866030332,0.06797844416153964,True,True,False
Dual Momentum,2023-07-03 00:00:00-04:00,2023-08-01 00:00:00-04:00,JPM,5,0.37962145141349546,True,True,29,0.14285714285714285,0.08428205963468649,0.09771197389289998,-0.02584738938038167,0.030140888184609915,0.03139520866030332,0.06797844416153964,True,True,True
Dual Momentum,2023-07-03 00:00:00-04:00,2023-08-01 00:00:00-04:00,MRK,6,0.35680483619590375,True,False,29,0.17857142857142858,-0.04254386570190605,0.0013104003169328582,-0.08124408997726862,0.030140888184609915,0.03139520866030332,0.06797844416153964,False,False,False
Dual Momentum,2023-07-03 00:00:00-04:00,2023-08-01 00:00:00-04:00,V,7,0.3335298261933999,True,False,29,0.21428571428571427,0.0005907298080094492,0.03531653362037046,-0.03932487361401871,0.030140888184609915,0.03139520866030332,0.06797844416153964,False,False,False
Dual Momentum,2023-07-03 00:00:00-04:00,2023-08-01 00:00:00-04:00,AAPL,8,0.3004375225102274,True,False,29,0.25,0.012694967460341378,0.02296433744147608,-0.03705217315631759,0.030140888184609915,0.03139520866030332,0.06797844416153964,False,False,False
Dual Momentum,2023-07-03 00:00:00-04:00,2023-08-01 00:00:00-04:00,CSCO,9,0.2828549457452618,True,False,29,0.2857142857142857,0.03132070658168318,0.057216749903549635,-0.017920403438356436,0.030140888184609915,0.03139520866030332,0.06797844416153964,True,False,False
Dual Momentum,2023-07-03 00:00:00-04:00,2023-08-01 00:00:00-04:00,MCD,10,0.2806004093892045,True,False,29,0.32142857142857145,-0.016085251719194504,0.005238634395770214,-0.02783847103103998,0.030140888184609915,0.03139520866030332,0.06797844416153964,False,False,False
Dual Momentum,2023-07-03 00:00:00-04:00,2023-08-01 00:00:00-04:00,INTC,11,0.26963089238231297,True,False,29,0.35714285714285715,0.06797844416153964,0.10882514868894466,-0.06440079083123729,0.030140888184609915,0.03139520866030332,0.06797844416153964,True,True,True
Dual Momentum,2023-07-03 00:00:00-04:00,2023-08-01 00:00:00-04:00,AXP,12,0.2529962373416812,True,False,29,0.39285714285714285,-0.03312744942070145,0.029277604341715557,-0.06064545070559457,0.030140888184609915,0.03139520866030332,0.06797844416153964,False,False,False
Dual Momentum,2023-07-03 00:00:00-04:00,2023-08-01 00:00:00-04:00,DOW,13,0.2307755981333599,True,False,29,0.42857142857142855,0.05633791588379666,0.060845198371751286,-0.02798121330661585,0.030140888184609915,0.03139520866030332,0.06797844416153964,True,True,False
Dual Momentum,2023-07-03 00:00:00-04:00,2023-08-01 00:00:00-04:00,HON,14,0.20859475908303393,True,False,29,0.4642857142857143,-0.06499337005369177,0.01973023007433783,-0.06499337005369177,0.030140888184609915,0.03139520866030332,0.06797844416153964,False,False,False
Dual Momentum,2023-07-03 00:00:00-04:00,2023-08-01 00:00:00-04:00,WMT,15,0.19465828489776293,True,False,29,0.5,0.020024175104340847,0.02633749247396655,-0.02142727518025367,0.030140888184609915,0.03139520866030332,0.06797844416153964,False,False,False
Dual Momentum,2023-07-03 00:00:00-04:00,2023-08-01 00:00:00-04:00,PG,16,0.17243967062200083,True,False,29,0.5357142857142857,0.03553054834712399,0.04748807687499235,-0.029838979074873873,0.030140888184609915,0.03139520866030332,0.06797844416153964,True,True,False
Dual Momentum,2023-07-03 00:00:00-04:00,2023-08-01 00:00:00-04:00,TRV,17,0.1538368466423139,True,False,29,0.5714285714285714,-0.0014505435918988896,0.024254506137039833,-0.04404073556057697,0.030140888184609915,0.03139520866030332,0.06797844416153964,False,False,False
Dual Momentum,2023-07-03 00:00:00-04:00,2023-08-01 00:00:00-04:00,IBM,18,0.1317824617675698,True,False,29,0.6071428571428571,0.08117218251619507,0.08379546852663489,-0.014015832922068872,0.030140888184609915,0.03139520866030332,0.06797844416153964,True,True,True
Dual Momentum,2023-07-03 00:00:00-04:00,2023-08-01 00:00:00-04:00,NKE,19,0.12857047596879534,True,False,29,0.6428571428571429,-0.009544325397346953,0.0021610435660006644,-0.06654062816807016,0.030140888184609915,0.03139520866030332,0.06797844416153964,False,False,False
Dual Momentum,2023-07-03 00:00:00-04:00,2023-08-01 00:00:00-04:00,HD,20,0.12352917007326081,True,False,29,0.6785714285714286,0.0709534901716975,0.07841055160364285,-0.02869774455887264,0.030140888184609915,0.03139520866030332,0.06797844416153964,True,True,True
Dual Momentum,2023-07-03 00:00:00-04:00,2023-08-01 00:00:00-04:00,CVX,21,0.09849034848292626,True,False,29,0.7142857142857143,0.05018537060304018,0.05236702922637937,-0.028883938634206463,0.030140888184609915,0.03139520866030332,0.06797844416153964,True,True,False
Dual Momentum,2023-07-03 00:00:00-04:00,2023-08-01 00:00:00-04:00,GS,22,0.09534737658766557,True,False,29,0.75,0.09798087641177333,0.1216152987561736,-0.03011692582202541,0.030140888184609915,0.03139520866030332,0.06797844416153964,True,True,True
Dual Momentum,2023-07-03 00:00:00-04:00,2023-08-01 00:00:00-04:00,KO,23,0.08068980967467154,True,False,29,0.7857142857142857,0.03139520866030332,0.050996529767958654,-0.02259155156826642,0.030140888184609915,0.03139520866030332,0.06797844416153964,True,False,False
Dual Momentum,2023-07-03 00:00:00-04:00,2023-08-01 00:00:00-04:00,JNJ,24,0.016184246704698202,False,False,29,0.8214285714285714,0.012352185705468477,0.0670560083354439,-0.0426555891675684,0.030140888184609915,0.03139520866030332,0.06797844416153964,False,False,False
Dual Momentum,2023-07-03 00:00:00-04:00,2023-08-01 00:00:00-04:00,VZ,25,-0.008708408525573863,False,False,29,0.8571428571428571,-0.06096726623055826,0.013720629730000988,-0.14421779355596875,0.030140888184609915,0.03139520866030332,0.06797844416153964,False,False,False
Dual Momentum,2023-07-03 00:00:00-04:00,2023-08-01 00:00:00-04:00,AMGN,26,-0.014423187975230012,False,False,29,0.8928571428571429,0.06202243270442054,0.07807050896116818,-0.012522039899128035,0.030140888184609915,0.03139520866030332,0.06797844416153964,True,True,False
Dual Momentum,2023-07-03 00:00:00-04:00,2023-08-01 00:00:00-04:00,UNH,27,-0.05470477407563645,False,False,29,0.9285714285714286,0.06149335018175961,0.07897931870283847,-0.06467271036377953,0.030140888184609915,0.03139520866030332,0.06797844416153964,True,True,False
Dual Momentum,2023-07-03 00:00:00-04:00,2023-08-01 00:00:00-04:00,MMM,28,-0.08853384550421517,False,False,29,0.9642857142857143,0.11277447335378987,0.12914179313469054,-0.046207458453777384,0.030140888184609915,0.03139520866030332,0.06797844416153964,True,True,True
Dual Momentum,2023-07-03 00:00:00-04:00,2023-08-01 00:00:00-04:00,DIS,29,-0.10181081265939662,False,False,29,1.0,1.3609236404477087e-07,0.0205340456155938,-0.04443432813565451,0.030140888184609915,0.03139520866030332,0.06797844416153964,False,False,False
Dual Momentum,2023-08-01 00:00:00-04:00,2023-09-01 00:00:00-04:00,BA,1,0.7852606180545505,True,True,29,0.0,-0.04862135509735721,0.023363514967198684,-0.1038518116270879,-0.006794141693279632,-0.009482763222981916,0.0071137516668320355,False,False,False
Dual Momentum,2023-08-01 00:00:00-04:00,2023-09-01 00:00:00-04:00,MSFT,2,0.46311905858533353,True,True,29,0.03571428571428571,-0.009482763222981916,0.009994349709464334,-0.07030968472949284,-0.006794141693279632,-0.009482763222981916,0.0071137516668320355,False,False,False
Dual Momentum,2023-08-01 00:00:00-04:00,2023-09-01 00:00:00-04:00,CRM,3,0.40710385988093734,True,True,29,0.07142857142857142,-0.001741840907222958,0.021885804893688077,-0.1058109960014908,-0.006794141693279632,-0.009482763222981916,0.0071137516668320355,True,True,False
Dual Momentum,2023-08-01 00:00:00-04:00,2023-09-01 00:00:00-04:00,CAT,4,0.3668128342895265,True,True,29,0.10714285714285714,0.04417965145602287,0.07747040606192379,-0.014482085735345485,-0.006794141693279632,-0.009482763222981916,0.0071137516668320355,True,True,True
Dual Momentum,2023-08-01 00:00:00-04:00,2023-09-01 00:00:00-04:00,INTC,5,0.35410214035252907,True,True,29,0.14285714285714285,0.002757182168205974,0.005583494266985012,-0.10286999572247746,-0.006794141693279632,-0.009482763222981916,0.0071137516668320355,True,True,False
Dual Momentum,2023-08-01 00:00:00-04:00,2023-09-01 00:00:00-04:00,AAPL,6,0.32138532844400913,True,False,29,0.17857142857142858,-0.033092697859854026,0.0024968926857886764,-0.12254264079914556,-0.006794141693279632,-0.009482763222981916,0.0071137516668320355,False,False,False
Dual Momentum,2023-08-01 00:00:00-04:00,2023-09-01 00:00:00-04:00,JPM,7,0.30107945318660656,True,False,29,0.21428571428571427,-0.07203230135272587,0.0036207034919493175,-0.07603380316562491,-0.006794141693279632,-0.009482763222981916,0.0071137516668320355,False,False,False
Dual Momentum,2023-08-01 00:00:00-04:00,2023-09-01 00:00:00-04:00,DOW,8,0.22501019073691308,True,False,29,0.25,-0.009132668525424381,0.0030221896701390083,-0.06115548776403623,-0.006794141693279632,-0.009482763222981916,0.0071137516668320355,False,True,False
Dual Momentum,2023-08-01 00:00:00-04:00,2023-09-01 00:00:00-04:00,PG,9,0.20854984697532064,True,False,29,0.2857142857142857,-0.006286869417432728,0.016037901173531433,-0.03175529491473139,-0.006794141693279632,-0.009482763222981916,0.0071137516668320355,True,True,False
Dual Momentum,2023-08-01 00:00:00-04:00,2023-09-01 00:00:00-04:00,NKE,10,0.2058670395443567,True,False,29,0.32142857142857145,-0.06989076883518619,0.017727205591202555,-0.12227259352755737,-0.006794141693279632,-0.009482763222981916,0.0071137516668320355,False,False,False
Dual Momentum,2023-08-01 00:00:00-04:00,2023-09-01 00:00:00-04:00,CSCO,11,0.1998782953388658,True,False,29,0.35714285714285715,0.09168731666260621,0.09435052926151699,-0.006277335243020876,-0.006794141693279632,-0.009482763222981916,0.0071137516668320355,True,True,True
Dual Momentum,2023-08-01 00:00:00-04:00,2023-09-01 00:00:00-04:00,V,12,0.17638061606584454,True,False,29,0.39285714285714285,0.04552325691864434,0.04873418210030667,-0.007969770508804763,-0.006794141693279632,-0.009482763222981916,0.0071137516668320355,True,True,True
Dual Momentum,2023-08-01 00:00:00-04:00,2023-09-01 00:00:00-04:00,HD,13,0.17431420808035258,True,False,29,0.42857142857142855,0.0071137516668320355,0.019321299672969916,-0.03182997967326162,-0.006794141693279632,-0.009482763222981916,0.0071137516668320355,True,True,True
Dual Momentum,2023-08-01 00:00:00-04:00,2023-09-01 00:00:00-04:00,AXP,14,0.16201288281879167,True,False,29,0.4642857142857143,-0.05287277973637383,0.011074728455784166,-0.06323304289465637,-0.006794141693279632,-0.009482763222981916,0.0071137516668320355,False,False,False
Dual Momentum,2023-08-01 00:00:00-04:00,2023-09-01 00:00:00-04:00,MCD,15,0.161793539793194,True,False,29,0.5,-0.030515059392301258,0.0031058145464484266,-0.04887361142454638,-0.006794141693279632,-0.009482763222981916,0.0071137516668320355,False,False,False
Dual Momentum,2023-08-01 00:00:00-04:00,2023-09-01 00:00:00-04:00,WMT,16,0.1459006542307173,True,False,29,0.5357142857142857,0.021875573833293638,0.0226284841458273,-0.02737676046447801,-0.006794141693279632,-0.009482763222981916,0.0071137516668320355,True,True,True
Dual Momentum,2023-08-01 00:00:00-04:00,2023-09-01 00:00:00-04:00,IBM,17,0.10884364591512208,True,False,29,0.5714285714285714,0.03261456800590845,0.03591033522438947,-0.01997682651510191,-0.006794141693279632,-0.009482763222981916,0.0071137516668320355,True,True,True
Dual Momentum,2023-08-01 00:00:00-04:00,2023-09-01 00:00:00-04:00,MRK,18,0.10583530708539546,True,False,29,0.6071428571428571,0.0004562243331562854,0.022080183705382117,-0.04726284209194409,-0.006794141693279632,-0.009482763222981916,0.0071137516668320355,True,True,False
Dual Momentum,2023-08-01 00:00:00-04:00,2023-09-01 00:00:00-04:00,GS,19,0.08289102378778224,True,False,29,0.6428571428571429,-0.06096349711631677,0.013361470352875715,-0.1016952688100149,-0.006794141693279632,-0.009482763222981916,0.0071137516668320355,False,False,False
Dual Momentum,2023-08-01 00:00:00-04:00,2023-09-01 00:00:00-04:00,KO,20,0.06627827276991316,True,False,29,0.6785714285714286,-0.033660778823114135,0.008052798173514342,-0.03672094412384408,-0.006794141693279632,-0.009482763222981916,0.0071137516668320355,False,False,False
Dual Momentum,2023-08-01 00:00:00-04:00,2023-09-01 00:00:00-04:00,HON,21,0.03302252066362632,False,False,29,0.7142857142857143,-0.01409526704874875,0.010085370810620997,-0.04013385584333262,-0.006794141693279632,-0.009482763222981916,0.0071137516668320355,False,False,False
Dual Momentum,2023-08-01 00:00:00-04:00,2023-09-01 00:00:00-04:00,TRV,22,-0.005794376783616384,False,False,29,0.75,-0.05642387091618395,0.004997388742242759,-0.07298510234687683,-0.006794141693279632,-0.009482763222981916,0.0071137516668320355,False,False,False
Dual Momentum,2023-08-01 00:00:00-04:00,2023-09-01 00:00:00-04:00,JNJ,23,-0.006414480458988292,False,False,29,0.7857142857142857,-0.022708209696872816,0.0577030164244281,-0.023556064391041742,-0.006794141693279632,-0.009482763222981916,0.0071137516668320355,False,False,False
Dual Momentum,2023-08-01 00:00:00-04:00,2023-09-01 00:00:00-04:00,VZ,24,-0.01678304802930053,False,False,29,0.8214285714285714,0.020414163287501896,0.02478851462975995,-0.061533827503850724,-0.006794141693279632,-0.009482763222981916,0.0071137516668320355,True,True,True
Dual Momentum,2023-08-01 00:00:00-04:00,2023-09-01 00:00:00-04:00,CVX,25,-0.05125500597741384,False,False,29,0.8571428571428571,0.003440679690238646,0.0037275869000856776,-0.05360303281851553,-0.006794141693279632,-0.009482763222981916,0.0071137516668320355,True,True,False
Dual Momentum,2023-08-01 00:00:00-04:00,2023-09-01 00:00:00-04:00,MMM,26,-0.05430675144016406,False,False,29,0.8928571428571429,-0.023276260962982298,0.003766846529380752,-0.1106626462464807,-0.006794141693279632,-0.009482763222981916,0.0071137516668320355,False,False,False
Dual Momentum,2023-08-01 00:00:00-04:00,2023-09-01 00:00:00-04:00,UNH,27,-0.057693628163499766,False,False,29,0.9285714285714286,-0.05615757014080336,0.01211826729422727,-0.06149745292717579,-0.006794141693279632,-0.009482763222981916,0.0071137516668320355,False,False,False
Dual Momentum,2023-08-01 00:00:00-04:00,2023-09-01 00:00:00-04:00,AMGN,28,-0.0996549141647316,False,False,29,0.9642857142857143,0.11001522555639776,0.14391493394978383,-0.028604249629494594,-0.006794141693279632,-0.009482763222981916,0.0071137516668320355,True,True,True
Dual Momentum,2023-08-01 00:00:00-04:00,2023-09-01 00:00:00-04:00,DIS,29,-0.15043487266079258,False,False,29,1.0,-0.07865798622584252,0.03826297914878052,-0.07865798622584252,-0.006794141693279632,-0.009482763222981916,0.0071137516668320355,False,False,False
Dual Momentum,2023-09-01 00:00:00-04:00,2023-10-02 00:00:00-04:00,CRM,1,0.4600476346957345,True,True,29,0.0,-0.10156610295057367,0.014899399339449948,-0.10715883569084084,-0.055266501715619865,-0.055804783711945194,-0.0207527322397566,False,False,False
Dual Momentum,2023-09-01 00:00:00-04:00,2023-10-02 00:00:00-04:00,MSFT,2,0.37051738872874784,True,True,29,0.03571428571428571,-0.04715943021686364,0.028824640007645952,-0.06601856654782456,-0.055266501715619865,-0.055804783711945194,-0.0207527322397566,True,True,False
Dual Momentum,2023-09-01 00:00:00-04:00,2023-10-02 00:00:00-04:00,AAPL,3,0.33648463343761503,True,True,29,0.07142857142857142,-0.09641673720157162,0.0025858273783734287,-0.11541506333377927,-0.055266501715619865,-0.055804783711945194,-0.0207527322397566,False,False,False
Dual Momentum,2023-09-01 00:00:00-04:00,2023-10-02 00:00:00-04:00,BA,4,0.2778347559899361,True,True,29,0.10714285714285714,-0.15278760521812773,0.0010176802103498694,-0.1591592974367395,-0.055266501715619865,-0.055804783711945194,-0.0207527322397566,False,False,False
Dual Momentum,2023-09-01 00:00:00-04:00,2023-10-02 00:00:00-04:00,INTC,5,0.24021868413628344,True,True,29,0.14285714285714285,-0.0050294636428385164,0.11958627561015511,-0.06007268855966663,-0.055266501715619865,-0.055804783711945194,-0.0207527322397566,True,True,True
Dual Momentum,2023-09-01 00:00:00-04:00,2023-10-02 00:00:00-04:00,CSCO,6,0.21549505368552824,True,False,29,0.17857142857142858,-0.06185732630852814,0.013939697605308776,-0.08468370718678453,-0.055266501715619865,-0.055804783711945194,-0.0207527322397566,False,False,False
Dual Momentum,2023-09-01 00:00:00-04:00,2023-10-02 00:00:00-04:00,CAT,7,0.21389287859399886,True,False,29,0.21428571428571427,-0.04269648435461948,0.016186875404547107,-0.054950567189582245,-0.055266501715619865,-0.055804783711945194,-0.0207527322397566,True,True,False
Dual Momentum,2023-09-01 00:00:00-04:00,2023-10-02 00:00:00-04:00,V,8,0.18198068030866987,True,False,29,0.25,-0.07366560931224253,0.0104658525764596,-0.07899946230461041,-0.055266501715619865,-0.055804783711945194,-0.0207527322397566,False,False,False
Dual Momentum,2023-09-01 00:00:00-04:00,2023-10-02 00:00:00-04:00,DOW,9,0.11997282711208657,True,False,29,0.2857142857142857,-0.06796296009430769,0.009631157654932165,-0.09004176635073025,-0.055266501715619865,-0.055804783711945194,-0.0207527322397566,False,False,False
Dual Momentum,2023-09-01 00:00:00-04:00,2023-10-02 00:00:00-04:00,JPM,10,0.09540201736825038,True,False,29,0.32142857142857145,-0.00862480778208008,0.028475705805584228,-0.02354704539438568,-0.055266501715619865,-0.055804783711945194,-0.0207527322397566,True,True,True
Dual Momentum,2023-09-01 00:00:00-04:00,2023-10-02 00:00:00-04:00,PG,11,0.08101104020990246,True,False,29,0.35714285714285715,-0.06533245019461886,0.002711455246710459,-0.06533245019461886,-0.055266501715619865,-0.055804783711945194,-0.0207527322397566,False,False,False
Dual Momentum,2023-09-01 00:00:00-04:00,2023-10-02 00:00:00-04:00,WMT,12,0.07929294181302882,True,False,29,0.39285714285714285,-0.0207527322397566,0.018296829923546643,-0.022594815503244714,-0.055266501715619865,-0.055804783711945194,-0.0207527322397566,True,True,True
Dual Momentum,2023-09-01 00:00:00-04:00,2023-10-02 00:00:00-04:00,HD,13,0.0737653975956516,True,False,29,0.42857142857142855,-0.09481904648874451,0.004367506647684483,-0.09692752623087675,-0.055266501715619865,-0.055804783711945194,-0.0207527322397566,False,False,False
Dual Momentum,2023-09-01 00:00:00-04:00,2023-10-02 00:00:00-04:00,MCD,14,0.05895975077661442,True,False,29,0.4642857142857143,-0.07269777481076689,0.010830352832079226,-0.07358253492449995,-0.055266501715619865,-0.055804783711945194,-0.0207527322397566,False,False,False
Dual Momentum,2023-09-01 00:00:00-04:00,2023-10-02 00:00:00-04:00,IBM,15,0.04030324971735766,True,False,29,0.5,-0.049029127001703254,0.03171265305901838,-0.05194902912625343,-0.055266501715619865,-0.055804783711945194,-0.0207527322397566,True,True,False
Dual Momentum,2023-09-01 00:00:00-04:00,2023-10-02 00:00:00-04:00,AXP,16,0.03400231542087684,False,False,29,0.5357142857142857,-0.06695164307001034,0.033067179772553024,-0.06695164307001034,-0.055266501715619865,-0.055804783711945194,-0.0207527322397566,False,False,False
Dual Momentum,2023-09-01 00:00:00-04:00,2023-10-02 00:00:00-04:00,MRK,17,0.021708884488183644,False,False,29,0.5714285714285714,-0.055804783711945194,0.006566358510566861,-0.05690644682749535,-0.055266501715619865,-0.055804783711945194,-0.0207527322397566,False,False,False
Dual Momentum,2023-09-01 00:00:00-04:00,2023-10-02 00:00:00-04:00,KO,18,-0.020824019249092274,False,False,29,0.6071428571428571,-0.06077376009200042,0.0021666844685872544,-0.06564536753019135,-0.055266501715619865,-0.055804783711945194,-0.0207527322397566,False,False,False
Dual Momentum,2023-09-01 00:00:00-04:00,2023-10-02 00:00:00-04:00,NKE,19,-0.03388350718104882,False,False,29,0.6428571428571429,-0.05658540306616455,0.009708716798255024,-0.13052862993837544,-0.055266501715619865,-0.055804783711945194,-0.0207527322397566,False,False,False
Dual Momentum,2023-09-01 00:00:00-04:00,2023-10-02 00:00:00-04:00,VZ,20,-0.04109287725080857,False,False,29,0.6785714285714286,-0.07287804235076856,0.004572730486908538,-0.07659338227258872,-0.055266501715619865,-0.055804783711945194,-0.0207527322397566,False,False,False
Dual Momentum,2023-09-01 00:00:00-04:00,2023-10-02 00:00:00-04:00,JNJ,21,-0.06148697651614943,False,False,29,0.7142857142857143,-0.037170236122834766,0.02385071634871183,-0.03816154185921172,-0.055266501715619865,-0.055804783711945194,-0.0207527322397566,True,True,False
Dual Momentum,2023-09-01 00:00:00-04:00,2023-10-02 00:00:00-04:00,AMGN,22,-0.06679101355097061,False,False,29,0.75,0.034908214211377686,0.05771602274113974,-0.03981737432343191,-0.055266501715619865,-0.055804783711945194,-0.0207527322397566,True,True,True
Dual Momentum,2023-09-01 00:00:00-04:00,2023-10-02 00:00:00-04:00,UNH,23,-0.08764928492455959,False,False,29,0.7857142857142857,0.059494785321996035,0.07756070758095235,-0.01177456085268791,-0.055266501715619865,-0.055804783711945194,-0.0207527322397566,True,True,True
Dual Momentum,2023-09-01 00:00:00-04:00,2023-10-02 00:00:00-04:00,CVX,24,-0.09263971075026345,False,False,29,0.8214285714285714,0.026091895713937996,0.055705868325354846,0.0,-0.055266501715619865,-0.055804783711945194,-0.0207527322397566,True,True,True
Dual Momentum,2023-09-01 00:00:00-04:00,2023-10-02 00:00:00-04:00,DIS,25,-0.1162741358463284,False,False,29,0.8571428571428571,-0.014493003800067461,0.04968939192573818,-0.03519673247845323,-0.055266501715619865,-0.055804783711945194,-0.0207527322397566,True,True,True
Dual Momentum,2023-09-01 00:00:00-04:00,2023-10-02 00:00:00-04:00,MMM,26,-0.11705206619270436,False,False,29,0.8928571428571429,-0.13653322786052147,0.01397935740145484,-0.13876997932916169,-0.055266501715619865,-0.055804783711945194,-0.0207527322397566,False,False,False
Dual Momentum,2023-09-01 00:00:00-04:00,2023-10-02 00:00:00-04:00,GS,27,-0.12032020591015558,False,False,29,0.9285714285714286,-0.023174626231355466,0.05011058271457469,-0.032426439086619796,-0.055266501715619865,-0.055804783711945194,-0.0207527322397566,True,True,False
Dual Momentum,2023-09-01 00:00:00-04:00,2023-10-02 00:00:00-04:00,HON,28,-0.12147086115402506,False,False,29,0.9642857142857143,-0.029470058500485785,0.0395745342977738,-0.03353163158737171,-0.055266501715619865,-0.055804783711945194,-0.0207527322397566,True,True,False
Dual Momentum,2023-09-01 00:00:00-04:00,2023-10-02 00:00:00-04:00,TRV,29,-0.12496459829231166,False,False,29,1.0,0.010665024093402531,0.05534519086445888,-0.017736011192437284,-0.055266501715619865,-0.055804783711945194,-0.0207527322397566,True,True,True
Dual Momentum,2023-10-02 00:00:00-04:00,2023-11-01 00:00:00-04:00,CRM,1,0.5784231402532132,True,True,29,0.0,0.0005977301653818934,0.05547816652418147,-0.03545809673602962,-0.01739257400194094,0.0010325205902894652,0.03009949229717601,True,False,False
Dual Momentum,2023-10-02 00:00:00-04:00,2023-11-01 00:00:00-04:00,INTC,2,0.41975372799050303,True,True,29,0.03571428571428571,0.024993010688056483,0.04521202816440839,-0.09716375102306707,-0.01739257400194094,0.0010325205902894652,0.03009949229717601,True,True,False
Dual Momentum,2023-10-02 00:00:00-04:00,2023-11-01 00:00:00-04:00,AAPL,3,0.3641738665398282,True,True,29,0.07142857142857142,-0.0012849567243802262,0.06494573800020786,-0.03241440589267075,-0.01739257400194094,0.0010325205902894652,0.03009949229717601,True,False,False
Dual Momentum,2023-10-02 00:00:00-04:00,2023-11-01 00:00:00-04:00,MSFT,4,0.3529489817159941,True,True,29,0.10714285714285714,0.07433295452853028,0.09666049296295709,-0.014177513688439891,-0.01739257400194094,0.0010325205902894652,0.03009949229717601,True,True,True
Dual Momentum,2023-10-02 00:00:00-04:00,2023-11-01 00:00:00-04:00,CSCO,5,0.16869753463910997,True,True,29,0.14285714285714285,-0.026451586224747192,0.021252863655405463,-0.04422397498887276,-0.01739257400194094,0.0010325205902894652,0.03009949229717601,False,False,False
Dual Momentum,2023-10-02 00:00:00-04:00,2023-11-01 00:00:00-04:00,CAT,6,0.15781037704449186,True,False,29,0.17857142857142858,-0.17006622645515446,0.015294830861615871,-0.1750433351815447,-0.01739257400194094,0.0010325205902894652,0.03009949229717601,False,False,False
Dual Momentum,2023-10-02 00:00:00-04:00,2023-11-01 00:00:00-04:00,WMT,7,0.14493974100804863,True,False,29,0.21428571428571427,0.029594304150525774,0.030346797127668967,-0.04915674064737552,-0.01739257400194094,0.0010325205902894652,0.03009949229717601,True,True,False
Dual Momentum,2023-10-02 00:00:00-04:00,2023-11-01 00:00:00-04:00,V,8,0.1285625150414451,True,False,29,0.25,0.03009949229717601,0.05339380883677425,-0.0063687729668151505,-0.01739257400194094,0.0010325205902894652,0.03009949229717601,True,True,True
Dual Momentum,2023-10-02 00:00:00-04:00,2023-11-01 00:00:00-04:00,JPM,9,0.11919761704898346,True,False,29,0.2857142857142857,-0.03143328425590941,0.06497121348830759,-0.05967299321290842,-0.01739257400194094,0.0010325205902894652,0.03009949229717601,False,False,False
Dual Momentum,2023-10-02 00:00:00-04:00,2023-11-01 00:00:00-04:00,DOW,10,0.07236453866036907,True,False,29,0.32142857142857145,-0.059465670125589565,0.014817792856985923,-0.07857283033261886,-0.01739257400194094,0.0010325205902894652,0.03009949229717601,False,False,False
Dual Momentum,2023-10-02 00:00:00-04:00,2023-11-01 00:00:00-04:00,AMGN,11,0.05541188340963532,True,False,29,0.35714285714285715,-0.04273301904402904,0.07750902905215407,-0.0672744484400617,-0.01739257400194094,0.0010325205902894652,0.03009949229717601,False,False,False
Dual Momentum,2023-10-02 00:00:00-04:00,2023-11-01 00:00:00-04:00,AXP,12,0.04698993266117202,True,False,29,0.39285714285714285,-0.008948550476667982,0.05572802493780871,-0.04669888522524801,-0.01739257400194094,0.0010325205902894652,0.03009949229717601,True,False,False
Dual Momentum,2023-10-02 00:00:00-04:00,2023-11-01 00:00:00-04:00,IBM,13,0.03996960224245183,True,False,29,0.42857142857142855,0.03541862396379236,0.03541862396379236,-0.029777042316133095,-0.01739257400194094,0.0010325205902894652,0.03009949229717601,True,True,True
Dual Momentum,2023-10-02 00:00:00-04:00,2023-11-01 00:00:00-04:00,BA,14,0.01751771795006385,False,False,29,0.4642857142857143,-0.009296489099851812,0.042565382799000684,-0.07949026543933313,-0.01739257400194094,0.0010325205902894652,0.03009949229717601,True,False,False
Dual Momentum,2023-10-02 00:00:00-04:00,2023-11-01 00:00:00-04:00,MCD,15,0.01014526779328584,False,False,29,0.5,0.003816910625245029,0.006450549828396657,-0.06209917294086731,-0.01739257400194094,0.0010325205902894652,0.03009949229717601,True,True,False
Dual Momentum,2023-10-02 00:00:00-04:00,2023-11-01 00:00:00-04:00,PG,16,-0.021947810007833746,False,False,29,0.5357142857142857,0.04732026843649817,0.05218566759761889,-0.023000673042899322,-0.01739257400194094,0.0010325205902894652,0.03009949229717601,True,True,True
Dual Momentum,2023-10-02 00:00:00-04:00,2023-11-01 00:00:00-04:00,HD,17,-0.022909809098854872,False,False,29,0.5714285714285714,-0.049680629220581474,0.0097498446042672,-0.0873818767398492,-0.01739257400194094,0.0010325205902894652,0.03009949229717601,False,False,False
Dual Momentum,2023-10-02 00:00:00-04:00,2023-11-01 00:00:00-04:00,CVX,18,-0.028552125964728114,False,False,29,0.6071428571428571,-0.13282650104854965,0.019692863475127886,-0.14482583301325902,-0.01739257400194094,0.0010325205902894652,0.03009949229717601,False,False,False
Dual Momentum,2023-10-02 00:00:00-04:00,2023-11-01 00:00:00-04:00,GS,19,-0.028643280586854503,False,False,29,0.6428571428571429,-0.05806932718750901,0.004813178271726892,-0.1014502835739215,-0.01739257400194094,0.0010325205902894652,0.03009949229717601,False,False,False
Dual Momentum,2023-10-02 00:00:00-04:00,2023-11-01 00:00:00-04:00,UNH,20,-0.03483630819800365,False,False,29,0.6785714285714286,0.04836486413731467,0.08159747671133122,-0.004727680131011991,-0.01739257400194094,0.0010325205902894652,0.03009949229717601,True,True,True
Dual Momentum,2023-10-02 00:00:00-04:00,2023-11-01 00:00:00-04:00,DIS,21,-0.0370676873082324,False,False,29,0.7142857142857143,0.007538546598982121,0.06636208138816024,-0.02706352576742499,-0.01739257400194094,0.0010325205902894652,0.03009949229717601,True,True,False
Dual Momentum,2023-10-02 00:00:00-04:00,2023-11-01 00:00:00-04:00,MRK,22,-0.05410682859935967,False,False,29,0.75,0.007001908886168806,0.04278921204706143,-0.03588422692004889,-0.01739257400194094,0.0010325205902894652,0.03009949229717601,True,True,False
Dual Momentum,2023-10-02 00:00:00-04:00,2023-11-01 00:00:00-04:00,KO,23,-0.09878928323997171,False,False,29,0.7857142857142857,0.015918404128710817,0.015918404128710817,-0.07798247617573395,-0.01739257400194094,0.0010325205902894652,0.03009949229717601,True,True,False
Dual Momentum,2023-10-02 00:00:00-04:00,2023-11-01 00:00:00-04:00,JNJ,24,-0.09882600835089805,False,False,29,0.8214285714285714,-0.04008507106165937,0.02477159008505514,-0.06736586894103425,-0.01739257400194094,0.0010325205902894652,0.03009949229717601,False,False,False
Dual Momentum,2023-10-02 00:00:00-04:00,2023-11-01 00:00:00-04:00,HON,25,-0.11534652706090542,False,False,29,0.8571428571428571,0.0010325205902894652,0.023315043901176002,-0.04956524117943195,-0.01739257400194094,0.0010325205902894652,0.03009949229717601,True,False,False
Dual Momentum,2023-10-02 00:00:00-04:00,2023-11-01 00:00:00-04:00,TRV,26,-0.11687360674857394,False,False,29,0.8928571428571429,0.030412747094545,0.0636458233850492,-0.03531798692270838,-0.01739257400194094,0.0010325205902894652,0.03009949229717601,True,True,True
Dual Momentum,2023-10-02 00:00:00-04:00,2023-11-01 00:00:00-04:00,VZ,27,-0.12230382926329164,False,False,29,0.9285714285714286,0.11485281352572296,0.11485281352572296,-0.05106846493731021,-0.01739257400194094,0.0010325205902894652,0.03009949229717601,True,True,True
Dual Momentum,2023-10-02 00:00:00-04:00,2023-11-01 00:00:00-04:00,NKE,28,-0.16045419022454455,False,False,29,0.9642857142857143,0.06600859036131945,0.09823293801653121,-0.025675609871770644,-0.01739257400194094,0.0010325205902894652,0.03009949229717601,True,True,True
Dual Momentum,2023-10-02 00:00:00-04:00,2023-11-01 00:00:00-04:00,MMM,29,-0.17371126291976113,False,False,29,1.0,-0.01608203805220587,0.0019428393365330532,-0.07879100706839803,-0.01739257400194094,0.0010325205902894652,0.03009949229717601,True,False,False
Dual Momentum,2023-11-01 00:00:00-04:00,2023-12-01 00:00:00-05:00,MSFT,1,0.37370193586692535,True,True,29,0.0,0.11314470964604317,0.13328817722328723,-0.00041206228822654456,0.08723744152454915,0.08551945371012715,0.11899450992478289,True,True,False
Dual Momentum,2023-11-01 00:00:00-04:00,2023-12-01 00:00:00-05:00,INTC,2,0.31739196410973136,True,True,29,0.03571428571428571,0.21933879030759518,0.24627630709088888,-0.0060274307041952024,0.08723744152454915,0.08551945371012715,0.11899450992478289,True,True,True
Dual Momentum,2023-11-01 00:00:00-04:00,2023-12-01 00:00:00-05:00,CRM,3,0.19563000259868057,True,True,29,0.07142857142857142,0.24427630189323435,0.25671909250294833,-0.0021401188517814473,0.08723744152454915,0.08551945371012715,0.11899450992478289,True,True,True
Dual Momentum,2023-11-01 00:00:00-04:00,2023-12-01 00:00:00-05:00,AAPL,4,0.18856858691773692,True,True,29,0.10714285714285714,0.11450743377095418,0.12973202297665298,-0.005146227384868474,0.08723744152454915,0.08551945371012715,0.11899450992478289,True,True,False
Dual Momentum,2023-11-01 00:00:00-04:00,2023-12-01 00:00:00-05:00,WMT,5,0.1488744543740983,True,True,29,0.14285714285714285,-0.0537727105366157,0.03489429977119074,-0.06138479182915768,0.08723744152454915,0.08551945371012715,0.11899450992478289,False,False,False
Dual Momentum,2023-11-01 00:00:00-04:00,2023-12-01 00:00:00-05:00,IBM,6,0.1142360730354286,True,False,29,0.17857142857142858,0.10487276249137345,0.1061980065872008,-0.00379312449488145,0.08723744152454915,0.08551945371012715,0.11899450992478289,True,True,False
Dual Momentum,2023-11-01 00:00:00-04:00,2023-12-01 00:00:00-05:00,CSCO,7,0.0951726472113088,True,False,29,0.21428571428571427,-0.07225232745274046,0.02805536193361169,-0.11222148459084968,0.08723744152454915,0.08551945371012715,0.11899450992478289,False,False,False
Dual Momentum,2023-11-01 00:00:00-04:00,2023-12-01 00:00:00-05:00,UNH,8,0.08530756303489029,True,False,29,0.25,0.04211081055441723,0.04520951886965996,-0.006000212824961104,0.08723744152454915,0.08551945371012715,0.11899450992478289,False,False,False
Dual Momentum,2023-11-01 00:00:00-04:00,2023-12-01 00:00:00-05:00,PG,9,0.07374189959341915,True,False,29,0.2857142857142857,0.01758695528320997,0.01957795964095066,-0.012277614379151203,0.08723744152454915,0.08551945371012715,0.11899450992478289,False,False,False
Dual Momentum,2023-11-01 00:00:00-04:00,2023-12-01 00:00:00-05:00,AMGN,10,0.04001016080493125,True,False,29,0.32142857142857145,0.06170303090312035,0.07932217555942933,-0.004604490289022101,0.08723744152454915,0.08551945371012715,0.11899450992478289,False,False,False
Dual Momentum,2023-11-01 00:00:00-04:00,2023-12-01 00:00:00-05:00,V,11,0.027164620946310336,False,False,29,0.35714285714285715,0.08551945371012715,0.08967851508169011,-0.0019480253877199871,0.08723744152454915,0.08551945371012715,0.11899450992478289,False,False,False
Dual Momentum,2023-11-01 00:00:00-04:00,2023-12-01 00:00:00-05:00,JPM,12,0.015683870576602255,False,False,29,0.39285714285714285,0.11899450992478289,0.12122070135494734,-0.005601427499439038,0.08723744152454915,0.08551945371012715,0.11899450992478289,True,True,True
Dual Momentum,2023-11-01 00:00:00-04:00,2023-12-01 00:00:00-05:00,MCD,13,-0.0033333514972743172,False,False,29,0.42857142857142855,0.08344959642853511,0.08344959642853511,-0.012053282995187709,0.08723744152454915,0.08551945371012715,0.11899450992478289,False,False,False
Dual Momentum,2023-11-01 00:00:00-04:00,2023-12-01 00:00:00-05:00,MRK,14,-0.024162948892019864,False,False,29,0.4642857142857143,-0.006759916656501885,0.015644723460609855,-0.036214290517818104,0.08723744152454915,0.08551945371012715,0.11899450992478289,False,False,False
Dual Momentum,2023-11-01 00:00:00-04:00,2023-12-01 00:00:00-05:00,KO,15,-0.0572099963101943,False,False,29,0.5,0.034049050129918434,0.037420725139042155,-0.0130279815773654,0.08723744152454915,0.08551945371012715,0.11899450992478289,False,False,False
Dual Momentum,2023-11-01 00:00:00-04:00,2023-12-01 00:00:00-05:00,JNJ,16,-0.07216269764727823,False,False,29,0.5357142857142857,0.05699321414848124,0.05699321414848124,-0.023795032146929684,0.08723744152454915,0.08551945371012715,0.11899450992478289,False,False,False
Dual Momentum,2023-11-01 00:00:00-04:00,2023-12-01 00:00:00-05:00,CAT,17,-0.09000449311751157,False,False,29,0.5714285714285714,0.11905299855456342,0.12949227853146006,-0.005286315304427802,0.08723744152454915,0.08551945371012715,0.11899450992478289,True,True,True
Dual Momentum,2023-11-01 00:00:00-04:00,2023-12-01 00:00:00-05:00,HD,18,-0.10337092221624888,False,False,29,0.6071428571428571,0.10626169447000233,0.10707255312275121,-0.012500463496609826,0.08723744152454915,0.08551945371012715,0.11899450992478289,True,True,False
Dual Momentum,2023-11-01 00:00:00-04:00,2023-12-01 00:00:00-05:00,HON,19,-0.10681710768237651,False,False,29,0.6428571428571429,0.07311068122162734,0.07311068122162734,-0.015038835364804992,0.08723744152454915,0.08551945371012715,0.11899450992478289,False,False,False
Dual Momentum,2023-11-01 00:00:00-04:00,2023-12-01 00:00:00-05:00,VZ,20,-0.10689004729529417,False,False,29,0.6785714285714286,0.08443964373907886,0.08556898308375871,-0.0073425112299797535,0.08723744152454915,0.08551945371012715,0.11899450992478289,False,False,False
Dual Momentum,2023-11-01 00:00:00-04:00,2023-12-01 00:00:00-05:00,TRV,21,-0.10870537307488481,False,False,29,0.7142857142857143,0.07075266469276076,0.07813131837955356,-0.01315097881420435,0.08723744152454915,0.08551945371012715,0.11899450992478289,False,False,False
Dual Momentum,2023-11-01 00:00:00-04:00,2023-12-01 00:00:00-05:00,BA,22,-0.12291076373606225,False,False,29,0.75,0.22183563334632184,0.22831987453831082,-0.011545165339342134,0.08723744152454915,0.08551945371012715,0.11899450992478289,True,True,True
Dual Momentum,2023-11-01 00:00:00-04:00,2023-12-01 00:00:00-05:00,CVX,23,-0.13869278289973042,False,False,29,0.7857142857142857,0.0019150330861892328,0.031875739672856396,-0.029113609316084532,0.08723744152454915,0.08551945371012715,0.11899450992478289,False,False,False
Dual Momentum,2023-11-01 00:00:00-04:00,2023-12-01 00:00:00-05:00,GS,24,-0.15070284635289177,False,False,29,0.8214285714285714,0.13494841736690266,0.14591692569716708,-0.0016153702438458373,0.08723744152454915,0.08551945371012715,0.11899450992478289,True,True,True
Dual Momentum,2023-11-01 00:00:00-04:00,2023-12-01 00:00:00-05:00,DOW,25,-0.15316552101648206,False,False,29,0.8571428571428571,0.08853899467336213,0.09211160998553058,-0.013267064305086618,0.08723744152454915,0.08551945371012715,0.11899450992478289,True,True,False
Dual Momentum,2023-11-01 00:00:00-04:00,2023-12-01 00:00:00-05:00,AXP,26,-0.1557886519366095,False,False,29,0.8928571428571429,0.16506262541446692,0.16847578802297036,-0.00921568743868062,0.08723744152454915,0.08551945371012715,0.11899450992478289,True,True,True
Dual Momentum,2023-11-01 00:00:00-04:00,2023-12-01 00:00:00-05:00,MMM,27,-0.17488572271911285,False,False,29,0.9285714285714286,0.10130995286449118,0.1151263288095492,-0.01744183718696468,0.08723744152454915,0.08551945371012715,0.11899450992478289,True,True,False
Dual Momentum,2023-11-01 00:00:00-04:00,2023-12-01 00:00:00-05:00,NKE,28,-0.18519523651811964,False,False,29,0.9642857142857143,0.07948734805723623,0.09361267061375078,-0.025158476394706142,0.08723744152454915,0.08551945371012715,0.11899450992478289,False,False,False
Dual Momentum,2023-11-01 00:00:00-04:00,2023-12-01 00:00:00-05:00,DIS,29,-0.2479491469980467,False,False,29,1.0,0.13749539625045037,0.18373601064402467,-0.016558303622394965,0.08723744152454915,0.08551945371012715,0.11899450992478289,True,True,True
Dual Momentum,2023-12-01 00:00:00-05:00,2024-01-02 00:00:00-05:00,INTC,1,0.7249095270839203,True,True,29,0.0,0.10910727478132021,0.15599629862022768,-0.07191170292375282,0.04016146939275056,0.045299261674597524,0.08516231188318368,True,True,True
Dual Momentum,2023-12-01 00:00:00-05:00,2024-01-02 00:00:00-05:00,MSFT,2,0.5185164982689359,True,True,29,0.03571428571428571,-0.00769746389880599,0.003715877110618049,-0.03678744489785213,0.04016146939275056,0.045299261674597524,0.08516231188318368,False,False,False
Dual Momentum,2023-12-01 00:00:00-05:00,2024-01-02 00:00:00-05:00,CRM,3,0.3500187972067159,True,True,29,0.07142857142857142,0.04215989529896058,0.07343983493337491,-0.01243999785237293,0.04016146939275056,0.045299261674597524,0.08516231188318368,True,False,False
Dual Momentum,2023-12-01 00:00:00-05:00,2024-01-02 00:00:00-05:00,AAPL,4,0.30711057427371524,True,True,29,0.10714285714285714,-0.016707982906554397,0.0488100835214873,-0.016707982906554397,0.04016146939275056,0.045299261674597524,0.08516231188318368,False,False,False
Dual Momentum,2023-12-01 00:00:00-05:00,2024-01-02 00:00:00-05:00,IBM,5,0.27522967528153064,True,True,29,0.14285714285714285,0.027902151606054915,0.050060078760245874,-0.002588243498712006,0.04016146939275056,0.045299261674597524,0.08516231188318368,False,False,False
Dual Momentum,2023-12-01 00:00:00-05:00,2024-01-02 00:00:00-05:00,V,6,0.17873007443151967,True,False,29,0.17857142857142858,0.014934213393595464,0.0291646489624402,-0.01426961624283618,0.04016146939275056,0.045299261674597524,0.08516231188318368,False,False,False
Dual Momentum,2023-12-01 00:00:00-05:00,2024-01-02 00:00:00-05:00,AMGN,7,0.17809855863023505,True,False,29,0.21428571428571427,0.06415765566678333,0.07067718647055177,-0.012335082791479435,0.04016146939275056,0.045299261674597524,0.08516231188318368,True,True,False
Dual Momentum,2023-12-01 00:00:00-05:00,2024-01-02 00:00:00-05:00,UNH,8,0.171000108476828,True,False,29,0.25,-0.04284010420413864,0.007775933704742499,-0.0627703545507664,0.04016146939275056,0.045299261674597524,0.08516231188318368,False,False,False
Dual Momentum,2023-12-01 00:00:00-05:00,2024-01-02 00:00:00-05:00,JPM,9,0.13102627682520684,True,False,29,0.2857142857142857,0.08516231188318368,0.09543079400487064,0.0,0.04016146939275056,0.045299261674597524,0.08516231188318368,True,True,True
Dual Momentum,2023-12-01 00:00:00-05:00,2024-01-02 00:00:00-05:00,WMT,10,0.12085278871607019,True,False,29,0.32142857142857145,0.015793897221504816,0.02277041309660044,-0.03401072680284989,0.04016146939275056,0.045299261674597524,0.08516231188318368,False,False,False
Dual Momentum,2023-12-01 00:00:00-05:00,2024-01-02 00:00:00-05:00,PG,11,0.11795675160883468,True,False,29,0.35714285714285715,-0.04545758054358584,0.001043524817052388,-0.07063222397422719,0.04016146939275056,0.045299261674597524,0.08516231188318368,False,False,False
Dual Momentum,2023-12-01 00:00:00-05:00,2024-01-02 00:00:00-05:00,BA,12,0.10268498321867336,True,False,29,0.39285714285714285,0.1100659879906083,0.15433405364402097,-0.00763689968431025,0.04016146939275056,0.045299261674597524,0.08516231188318368,True,True,True
Dual Momentum,2023-12-01 00:00:00-05:00,2024-01-02 00:00:00-05:00,HD,13,0.09962979822732265,True,False,29,0.42857142857142855,0.09680407575354688,0.13093100849893857,-0.002644701296173113,0.04016146939275056,0.045299261674597524,0.08516231188318368,True,True,True
Dual Momentum,2023-12-01 00:00:00-05:00,2024-01-02 00:00:00-05:00,MCD,14,0.07099528739170391,True,False,29,0.4642857142857143,0.04165901334098576,0.048013836864883475,-0.0008826125330979595,0.04016146939275056,0.045299261674597524,0.08516231188318368,True,False,False
Dual Momentum,2023-12-01 00:00:00-05:00,2024-01-02 00:00:00-05:00,VZ,15,0.054632871993996135,True,False,29,0.5,-0.017447961454112315,0.01249999933257917,-0.05052093768843369,0.04016146939275056,0.045299261674597524,0.08516231188318368,False,False,False
Dual Momentum,2023-12-01 00:00:00-05:00,2024-01-02 00:00:00-05:00,JNJ,16,0.03781721284191364,True,False,29,0.5357142857142857,0.003132063426496634,0.022884102541767648,-0.02985167673563005,0.04016146939275056,0.045299261674597524,0.08516231188318368,False,False,False
Dual Momentum,2023-12-01 00:00:00-05:00,2024-01-02 00:00:00-05:00,HON,17,0.024381735613900002,False,False,29,0.5714285714285714,0.06290074119493005,0.06956743162234869,-0.017760934722499733,0.04016146939275056,0.045299261674597524,0.08516231188318368,True,True,False
Dual Momentum,2023-12-01 00:00:00-05:00,2024-01-02 00:00:00-05:00,CSCO,18,0.019322791111284543,False,False,29,0.6071428571428571,0.04577489729285733,0.048674375367361744,-0.014291576782727633,0.04016146939275056,0.045299261674597524,0.08516231188318368,True,True,False
Dual Momentum,2023-12-01 00:00:00-05:00,2024-01-02 00:00:00-05:00,CAT,19,0.009748176206509473,False,False,29,0.6428571428571429,0.1648207750610755,0.1877259046799935,-0.003572740828826415,0.04016146939275056,0.045299261674597524,0.08516231188318368,True,True,True
Dual Momentum,2023-12-01 00:00:00-05:00,2024-01-02 00:00:00-05:00,KO,20,0.00943963301273043,False,False,29,0.6785714285714286,0.00909557350390422,0.030375785996587856,-0.013729193514563476,0.04016146939275056,0.045299261674597524,0.08516231188318368,False,False,False
Dual Momentum,2023-12-01 00:00:00-05:00,2024-01-02 00:00:00-05:00,TRV,21,0.0030720890596591666,False,False,29,0.7142857142857143,0.06282258790879958,0.06628738734599193,-0.0042236843131781,0.04016146939275056,0.045299261674597524,0.08516231188318368,True,True,False
Dual Momentum,2023-12-01 00:00:00-05:00,2024-01-02 00:00:00-05:00,GS,22,0.0021758514320402433,False,False,29,0.75,0.12165400654679992,0.13559427437389493,-0.003045680470242007,0.04016146939275056,0.045299261674597524,0.08516231188318368,True,True,True
Dual Momentum,2023-12-01 00:00:00-05:00,2024-01-02 00:00:00-05:00,AXP,23,-0.01507311355343266,False,False,29,0.7857142857142857,0.09269343083975468,0.10329880770597377,-0.027773005776349335,0.04016146939275056,0.045299261674597524,0.08516231188318368,True,True,True
Dual Momentum,2023-12-01 00:00:00-05:00,2024-01-02 00:00:00-05:00,MRK,24,-0.02261355944805432,False,False,29,0.8214285714285714,0.06903665655611801,0.06982009673313017,-0.0019445388284591303,0.04016146939275056,0.045299261674597524,0.08516231188318368,True,True,False
Dual Momentum,2023-12-01 00:00:00-05:00,2024-01-02 00:00:00-05:00,MMM,25,-0.05653830063591825,False,False,29,0.8571428571428571,0.09894764670588474,0.11473071815513736,-0.006879847814882378,0.04016146939275056,0.045299261674597524,0.08516231188318368,True,True,True
Dual Momentum,2023-12-01 00:00:00-05:00,2024-01-02 00:00:00-05:00,DIS,26,-0.06298014741696545,False,False,29,0.8928571428571429,-0.025300266555446815,0.02586862786649169,-0.03029990828668616,0.04016146939275056,0.045299261674597524,0.08516231188318368,False,False,False
Dual Momentum,2023-12-01 00:00:00-05:00,2024-01-02 00:00:00-05:00,NKE,27,-0.06907051470401326,False,False,29,0.9285714285714286,-0.024653191551511133,0.11837212286825327,-0.031904335036121556,0.04016146939275056,0.045299261674597524,0.08516231188318368,False,False,False
Dual Momentum,2023-12-01 00:00:00-05:00,2024-01-02 00:00:00-05:00,DOW,28,-0.07797716810656685,False,False,29,0.9642857142857143,0.05675688716477323,0.07905412977182213,-0.025868755835530832,0.04016146939275056,0.045299261674597524,0.08516231188318368,True,True,False
Dual Momentum,2023-12-01 00:00:00-05:00,2024-01-02 00:00:00-05:00,CVX,29,-0.08997036378677581,False,False,29,1.0,0.045299261674597524,0.06634562025633017,-0.021364351246155877,0.04016146939275056,0.045299261674597524,0.08516231188318368,True,False,False
Dual Momentum,2024-01-02 00:00:00-05:00,2024-02-01 00:00:00-05:00,INTC,1,0.5831660990831418,True,True,29,0.0,-0.12296747636891425,0.0223576761218367,-0.13902440848868147,0.02641058501606408,0.02669892665497442,0.07784503997800263,False,False,False
Dual Momentum,2024-01-02 00:00:00-05:00,2024-02-01 00:00:00-05:00,JPM,2,0.35057067505595363,True,True,29,0.03571428571428571,0.03324113758379599,0.06097045705567483,-0.02233627128392146,0.02641058501606408,0.02669892665497442,0.07784503997800263,True,True,False
Dual Momentum,2024-01-02 00:00:00-05:00,2024-02-01 00:00:00-05:00,CRM,3,0.338453426632086,True,True,29,0.07142857142857142,0.08240601568740336,0.11034786791493767,-0.04106836195593144,0.02641058501606408,0.02669892665497442,0.07784503997800263,True,True,True
Dual Momentum,2024-01-02 00:00:00-05:00,2024-02-01 00:00:00-05:00,CAT,4,0.33736007223178044,True,True,29,0.10714285714285714,0.03821994929969552,0.0468136553844003,-0.05619750067347351,0.02641058501606408,0.02669892665497442,0.07784503997800263,True,True,False
Dual Momentum,2024-01-02 00:00:00-05:00,2024-02-01 00:00:00-05:00,MSFT,5,0.332253426921296,True,True,29,0.14285714285714285,0.07481439856330585,0.11089722302346994,-0.019739635335754957,0.02641058501606408,0.02669892665497442,0.07784503997800263,True,True,False
Dual Momentum,2024-01-02 00:00:00-05:00,2024-02-01 00:00:00-05:00,IBM,6,0.31241014829055413,True,False,29,0.17857142857142858,0.1277407504344079,0.2092368219074483,-0.03033818189440407,0.02641058501606408,0.02669892665497442,0.07784503997800263,True,True,True
Dual Momentum,2024-01-02 00:00:00-05:00,2024-02-01 00:00:00-05:00,HD,7,0.23925055728209044,True,False,29,0.21428571428571427,0.02669892665497442,0.05447264163526344,-0.022137572640653747,0.02641058501606408,0.02669892665497442,0.07784503997800263,True,False,False
Dual Momentum,2024-01-02 00:00:00-05:00,2024-02-01 00:00:00-05:00,BA,8,0.23512136066409273,True,False,29,0.25,-0.1688432938724883,0.0050917193905830604,-0.22916663454144337,0.02641058501606408,0.02669892665497442,0.07784503997800263,False,False,False
Dual Momentum,2024-01-02 00:00:00-05:00,2024-02-01 00:00:00-05:00,GS,9,0.2305132301128172,True,False,29,0.2857142857142857,0.0037337029381800946,0.02848565140510817,-0.02853781255640131,0.02641058501606408,0.02669892665497442,0.07784503997800263,False,False,False
Dual Momentum,2024-01-02 00:00:00-05:00,2024-02-01 00:00:00-05:00,AMGN,10,0.22317880507552745,True,False,29,0.32142857142857145,0.09475082042119287,0.10219996950468824,0.0,0.02641058501606408,0.02669892665497442,0.07784503997800263,True,True,True
Dual Momentum,2024-01-02 00:00:00-05:00,2024-02-01 00:00:00-05:00,AAPL,11,0.19063171723992678,True,False,29,0.35714285714285715,-0.0168847062316555,0.049318941551136586,-0.03729623229001511,0.02641058501606408,0.02669892665497442,0.07784503997800263,False,False,False
Dual Momentum,2024-01-02 00:00:00-05:00,2024-02-01 00:00:00-05:00,V,12,0.1778399954501917,True,False,29,0.39285714285714285,0.05307966430259481,0.07850222670468754,-0.010592916523894491,0.02641058501606408,0.02669892665497442,0.07784503997800263,True,True,False
Dual Momentum,2024-01-02 00:00:00-05:00,2024-02-01 00:00:00-05:00,AXP,13,0.16651705547939466,True,False,29,0.42857142857142855,0.07784503997800263,0.10452761996682747,-0.0434637130288954,0.02641058501606408,0.02669892665497442,0.07784503997800263,True,True,True
Dual Momentum,2024-01-02 00:00:00-05:00,2024-02-01 00:00:00-05:00,TRV,14,0.13475396682599516,True,False,29,0.4642857142857143,0.10478464885466554,0.1314934355389592,-0.0017348596412162243,0.02641058501606408,0.02669892665497442,0.07784503997800263,True,True,True
Dual Momentum,2024-01-02 00:00:00-05:00,2024-02-01 00:00:00-05:00,UNH,15,0.13283309013326172,True,False,29,0.5,-0.03418498189944996,0.04206226510150657,-0.09080565083747838,0.02641058501606408,0.02669892665497442,0.07784503997800263,False,False,False
Dual Momentum,2024-01-02 00:00:00-05:00,2024-02-01 00:00:00-05:00,HON,16,0.12738596255914647,True,False,29,0.5357142857142857,-0.062194755244955546,0.008378836398204692,-0.062194755244955546,0.02641058501606408,0.02669892665497442,0.07784503997800263,False,False,False
Dual Momentum,2024-01-02 00:00:00-05:00,2024-02-01 00:00:00-05:00,MMM,17,0.11319385784054403,True,False,29,0.5714285714285714,-0.1310072394484102,0.01878110330413274,-0.14628962941981194,0.02641058501606408,0.02669892665497442,0.07784503997800263,False,False,False
Dual Momentum,2024-01-02 00:00:00-05:00,2024-02-01 00:00:00-05:00,WMT,18,0.09426272451003737,True,False,29,0.6071428571428571,0.05373615914081897,0.0670905080893458,-0.010492813598812711,0.02641058501606408,0.02669892665497442,0.07784503997800263,True,True,False
Dual Momentum,2024-01-02 00:00:00-05:00,2024-02-01 00:00:00-05:00,MCD,19,0.08528818564040508,True,False,29,0.6428571428571429,-0.011353916818629961,0.024877345753253177,-0.026605617423542283,0.02641058501606408,0.02669892665497442,0.07784503997800263,False,False,False
Dual Momentum,2024-01-02 00:00:00-05:00,2024-02-01 00:00:00-05:00,DOW,20,0.05741447262577526,True,False,29,0.6785714285714286,-0.01516262954166725,0.01717206061173293,-0.04932418741045841,0.02641058501606408,0.02669892665497442,0.07784503997800263,False,False,False
Dual Momentum,2024-01-02 00:00:00-05:00,2024-02-01 00:00:00-05:00,MRK,21,0.05076159693029436,True,False,29,0.7142857142857143,0.1327408023775325,0.1327408023775325,0.0,0.02641058501606408,0.02669892665497442,0.07784503997800263,True,True,True
Dual Momentum,2024-01-02 00:00:00-05:00,2024-02-01 00:00:00-05:00,JNJ,22,0.04505655762295557,True,False,29,0.75,0.007837868045401208,0.04237565696208301,-0.0008921136569328691,0.02641058501606408,0.02669892665497442,0.07784503997800263,False,False,False
Dual Momentum,2024-01-02 00:00:00-05:00,2024-02-01 00:00:00-05:00,VZ,23,0.030591092150860977,False,False,29,0.7857142857142857,0.15027072973996747,0.1645549123932739,-0.001325185201886181,0.02641058501606408,0.02669892665497442,0.07784503997800263,True,True,True
Dual Momentum,2024-01-02 00:00:00-05:00,2024-02-01 00:00:00-05:00,PG,24,0.012703131199766071,False,False,29,0.8214285714285714,0.07789077509763986,0.08978543378406711,-0.0003416442439826417,0.02641058501606408,0.02669892665497442,0.07784503997800263,True,True,True
Dual Momentum,2024-01-02 00:00:00-05:00,2024-02-01 00:00:00-05:00,CSCO,25,0.004391356390575973,False,False,29,0.8571428571428571,0.0025914472881727324,0.05029591496862307,-0.013376333328341872,0.02641058501606408,0.02669892665497442,0.07784503997800263,False,False,False
Dual Momentum,2024-01-02 00:00:00-05:00,2024-02-01 00:00:00-05:00,KO,26,-0.02463269102954857,False,False,29,0.8928571428571429,0.013095290677169746,0.028231333537376502,-0.0023809045221038216,0.02641058501606408,0.02669892665497442,0.07784503997800263,False,False,False
Dual Momentum,2024-01-02 00:00:00-05:00,2024-02-01 00:00:00-05:00,CVX,27,-0.05374565011450372,False,False,29,0.9285714285714286,-0.012000994269139142,0.02016514037720607,-0.06913815911984811,0.02641058501606408,0.02669892665497442,0.07784503997800263,False,False,False
Dual Momentum,2024-01-02 00:00:00-05:00,2024-02-01 00:00:00-05:00,DIS,28,-0.0766129979936312,False,False,29,0.9642857142857143,0.06958918869440023,0.08290768966826123,-0.01564938862166143,0.02641058501606408,0.02669892665497442,0.07784503997800263,True,True,False
Dual Momentum,2024-01-02 00:00:00-05:00,2024-02-01 00:00:00-05:00,NKE,29,-0.08692186019658676,False,False,29,1.0,-0.053061975391030636,0.0022302561324067938,-0.07378505170390215,0.02641058501606408,0.02669892665497442,0.07784503997800263,False,False,False
Dual Momentum,2024-02-01 00:00:00-05:00,2024-03-01 00:00:00-05:00,IBM,1,0.5103676059446207,True,True,29,0.0,0.019338169722316056,0.03835219921280464,-0.017700748006587275,0.05024436275824362,0.02297441619608076,0.05058767082709714,False,False,False
Dual Momentum,2024-02-01 00:00:00-05:00,2024-03-01 00:00:00-05:00,INTC,2,0.43745164090858113,True,True,29,0.03571428571428571,0.008974271474517126,0.05220611880634607,-0.03592127430909442,0.05024436275824362,0.02297441619608076,0.05058767082709714,False,False,False
Dual Momentum,2024-02-01 00:00:00-05:00,2024-03-01 00:00:00-05:00,CRM,3,0.42115362021886327,True,True,29,0.07142857142857142,0.08861374801573985,0.10116657567344167,-0.019822274156999442,0.05024436275824362,0.02297441619608076,0.05058767082709714,True,True,True
Dual Momentum,2024-02-01 00:00:00-05:00,2024-03-01 00:00:00-05:00,CAT,4,0.40268824799366376,True,True,29,0.10714285714285714,0.10143764655828691,0.10437278747850476,-0.004286993255619098,0.05024436275824362,0.02297441619608076,0.05058767082709714,True,True,True
Dual Momentum,2024-02-01 00:00:00-05:00,2024-03-01 00:00:00-05:00,AMGN,5,0.3491412573965542,True,True,29,0.14285714285714285,-0.1139538758717571,0.04839428065086104,-0.12379176766099131,0.05024436275824362,0.02297441619608076,0.05058767082709714,False,False,False
Dual Momentum,2024-02-01 00:00:00-05:00,2024-03-01 00:00:00-05:00,MSFT,6,0.3118743763781273,True,False,29,0.17857142857142858,0.025385191855771705,0.04529093132940121,-0.011505377138536166,0.05024436275824362,0.02297441619608076,0.05058767082709714,False,True,False
Dual Momentum,2024-02-01 00:00:00-05:00,2024-03-01 00:00:00-05:00,AXP,7,0.2735965003147962,True,False,29,0.21428571428571427,0.09457968357957114,0.09672588578186758,-0.002395666430808796,0.05024436275824362,0.02297441619608076,0.05058767082709714,True,True,True
Dual Momentum,2024-02-01 00:00:00-05:00,2024-03-01 00:00:00-05:00,JPM,8,0.2602221910724203,True,False,29,0.25,0.06945396580855845,0.07365794283129867,-0.012727520857149677,0.05024436275824362,0.02297441619608076,0.05058767082709714,True,True,True
Dual Momentum,2024-02-01 00:00:00-05:00,2024-03-01 00:00:00-05:00,HD,9,0.20985401622487565,True,False,29,0.2857142857142857,0.0762873798622159,0.08030552592003226,-0.009564290234973183,0.05024436275824362,0.02297441619608076,0.05058767082709714,True,True,True
Dual Momentum,2024-02-01 00:00:00-05:00,2024-03-01 00:00:00-05:00,TRV,10,0.1832942935655122,True,False,29,0.32142857142857145,0.05058767082709714,0.0654356536007692,-0.0052348835385459536,0.05024436275824362,0.02297441619608076,0.05058767082709714,True,True,True
Dual Momentum,2024-02-01 00:00:00-05:00,2024-03-01 00:00:00-05:00,V,11,0.1822785750280862,True,False,29,0.35714285714285715,0.03781440686106752,0.048551503127918005,-0.00044405575760064764,0.05024436275824362,0.02297441619608076,0.05058767082709714,False,True,False
Dual Momentum,2024-02-01 00:00:00-05:00,2024-03-01 00:00:00-05:00,VZ,12,0.15656773175298522,True,False,29,0.39285714285714285,-0.06302716506979866,0.0009372285670412595,-0.08013115022641748,0.05024436275824362,0.02297441619608076,0.05058767082709714,False,False,False
Dual Momentum,2024-02-01 00:00:00-05:00,2024-03-01 00:00:00-05:00,GS,13,0.15501695669137416,True,False,29,0.42857142857142855,0.02070903907085242,0.037344072021803454,-0.024009593493748538,0.05024436275824362,0.02297441619608076,0.05058767082709714,False,False,False
Dual Momentum,2024-02-01 00:00:00-05:00,2024-03-01 00:00:00-05:00,WMT,14,0.10222097992767809,True,False,29,0.4642857142857143,0.0645743886552812,0.09444779614891208,-0.0031381812955472155,0.05024436275824362,0.02297441619608076,0.05058767082709714,True,True,True
Dual Momentum,2024-02-01 00:00:00-05:00,2024-03-01 00:00:00-05:00,AAPL,15,0.09173895912214491,True,False,29,0.5,-0.02288658056721371,0.03837171129130734,-0.025762319477000473,0.05024436275824362,0.02297441619608076,0.05058767082709714,False,False,False
Dual Momentum,2024-02-01 00:00:00-05:00,2024-03-01 00:00:00-05:00,CSCO,16,0.08411363282644069,True,False,29,0.5357142857142857,-0.042205728042316704,0.007565386000667029,-0.047381850740519926,0.05024436275824362,0.02297441619608076,0.05058767082709714,False,False,False
Dual Momentum,2024-02-01 00:00:00-05:00,2024-03-01 00:00:00-05:00,MRK,17,0.05984425401583526,True,False,29,0.5714285714285714,0.026041319798840945,0.05329572636285196,-0.007116901511952878,0.05024436275824362,0.02297441619608076,0.05058767082709714,False,True,False
Dual Momentum,2024-02-01 00:00:00-05:00,2024-03-01 00:00:00-05:00,UNH,18,0.04418141935555053,True,False,29,0.6071428571428571,-0.03814634713590992,0.04712777781267308,-0.04803170909735943,0.05024436275824362,0.02297441619608076,0.05058767082709714,False,False,False
Dual Momentum,2024-02-01 00:00:00-05:00,2024-03-01 00:00:00-05:00,BA,19,0.03516946260200715,False,False,29,0.6428571428571429,-0.04601569634495484,0.0036943909392590513,-0.07804902135816638,0.05024436275824362,0.02297441619608076,0.05058767082709714,False,False,False
Dual Momentum,2024-02-01 00:00:00-05:00,2024-03-01 00:00:00-05:00,DOW,20,0.03140405677814928,False,False,29,0.6785714285714286,0.04941154706109985,0.05397887460967943,-0.02875166963981257,0.05024436275824362,0.02297441619608076,0.05058767082709714,False,True,False
Dual Momentum,2024-02-01 00:00:00-05:00,2024-03-01 00:00:00-05:00,HON,21,0.028800197013317153,False,False,29,0.7142857142857143,0.014326042698580732,0.03451261398884298,-0.03170474090644282,0.05024436275824362,0.02297441619608076,0.05058767082709714,False,False,False
Dual Momentum,2024-02-01 00:00:00-05:00,2024-03-01 00:00:00-05:00,PG,22,0.02275718442512331,False,False,29,0.75,0.008164814365671624,0.03170244208982176,-0.011864555466140292,0.05024436275824362,0.02297441619608076,0.05058767082709714,False,False,False
Dual Momentum,2024-02-01 00:00:00-05:00,2024-03-01 00:00:00-05:00,MCD,23,0.00016353486700571018,False,False,29,0.7857142857142857,0.0046208996301508876,0.02413432073271804,-0.03483028208299943,0.05024436275824362,0.02297441619608076,0.05058767082709714,False,False,False
Dual Momentum,2024-02-01 00:00:00-05:00,2024-03-01 00:00:00-05:00,JNJ,24,-0.00640165281236893,False,False,29,0.8214285714285714,0.03097339380431463,0.03364895496626996,-0.020991248056753453,0.05024436275824362,0.02297441619608076,0.05058767082709714,False,True,False
Dual Momentum,2024-02-01 00:00:00-05:00,2024-03-01 00:00:00-05:00,KO,25,-0.05288117699979089,False,False,29,0.8571428571428571,0.00553962315281864,0.034413179142151806,-0.013093903682827257,0.05024436275824362,0.02297441619608076,0.05058767082709714,False,False,False
Dual Momentum,2024-02-01 00:00:00-05:00,2024-03-01 00:00:00-05:00,DIS,26,-0.057205450226312626,False,False,29,0.8928571428571429,0.1563765678027258,0.1717338876927108,-0.0057071804394482895,0.05024436275824362,0.02297441619608076,0.05058767082709714,True,True,True
Dual Momentum,2024-02-01 00:00:00-05:00,2024-03-01 00:00:00-05:00,MMM,27,-0.0671090674196353,False,False,29,0.9285714285714286,-0.008700221547042086,0.017268787146960785,-0.03178302837889513,0.05024436275824362,0.02297441619608076,0.05058767082709714,False,False,False
Dual Momentum,2024-02-01 00:00:00-05:00,2024-03-01 00:00:00-05:00,CVX,28,-0.08391828291668124,False,False,29,0.9642857142857143,0.04406541973193856,0.06848733203367807,-0.0112693038763233,0.05024436275824362,0.02297441619608076,0.05058767082709714,False,True,False
Dual Momentum,2024-02-01 00:00:00-05:00,2024-03-01 00:00:00-05:00,NKE,29,-0.19832730513066554,False,False,29,1.0,0.02297441619608076,0.05426877766728144,-0.027968632362169066,0.05024436275824362,0.02297441619608076,0.05058767082709714,False,False,False
Dual Momentum,2024-03-01 00:00:00-05:00,2024-04-01 00:00:00-04:00,CAT,1,0.6146304021175157,True,True,29,0.0,0.10023975624901671,0.10023975624901671,-0.007394993197980315,0.032373786615141675,0.0288944352784819,0.0444963759459267,True,True,True
Dual Momentum,2024-03-01 00:00:00-05:00,2024-04-01 00:00:00-04:00,IBM,2,0.47518958995380656,True,True,29,0.03571428571428571,0.024314046509141374,0.07380449848424608,-0.0016713181745753314,0.032373786615141675,0.0288944352784819,0.0444963759459267,False,False,False
Dual Momentum,2024-03-01 00:00:00-05:00,2024-04-01 00:00:00-04:00,INTC,3,0.4496165337957032,True,True,29,0.07142857142857142,0.02027188351863396,0.07417649692092221,-0.0654226650474008,0.032373786615141675,0.0288944352784819,0.0444963759459267,False,False,False
Dual Momentum,2024-03-01 00:00:00-05:00,2024-04-01 00:00:00-04:00,CRM,4,0.410974722707804,True,True,29,0.10714285714285714,-0.016012634617910138,0.03814329464194821,-0.04184456785949031,0.032373786615141675,0.0288944352784819,0.0444963759459267,False,False,False
Dual Momentum,2024-03-01 00:00:00-05:00,2024-04-01 00:00:00-04:00,AXP,5,0.40365349554502794,True,True,29,0.14285714285714285,0.03707077556514604,0.05644969314240833,-0.014545581333522573,0.032373786615141675,0.0288944352784819,0.0444963759459267,True,True,False
Dual Momentum,2024-03-01 00:00:00-05:00,2024-04-01 00:00:00-04:00,JPM,6,0.381375094783134,True,False,29,0.17857142857142858,0.07695209994793006,0.08088319347888429,-0.007700376310710855,0.032373786615141675,0.0288944352784819,0.0444963759459267,True,True,True
Dual Momentum,2024-03-01 00:00:00-05:00,2024-04-01 00:00:00-04:00,HD,7,0.3282785113239537,True,False,29,0.21428571428571427,0.008916729773830623,0.049646885919875317,-0.02440802198837344,0.032373786615141675,0.0288944352784819,0.0444963759459267,False,False,False
Dual Momentum,2024-03-01 00:00:00-05:00,2024-04-01 00:00:00-04:00,TRV,8,0.29750311034244703,True,False,29,0.25,0.045734792615531594,0.05055808309382415,-0.012647446427679232,0.032373786615141675,0.0288944352784819,0.0444963759459267,True,True,True
Dual Momentum,2024-03-01 00:00:00-05:00,2024-04-01 00:00:00-04:00,AMGN,9,0.28309181828684915,True,False,29,0.2857142857142857,0.020289209023750088,0.04365295188295004,-0.030126404272051377,0.032373786615141675,0.0288944352784819,0.0444963759459267,False,False,False
Dual Momentum,2024-03-01 00:00:00-05:00,2024-04-01 00:00:00-04:00,V,10,0.28272641266249376,True,False,29,0.32142857142857145,-0.010028420947234218,0.027401040022666745,-0.024858885771184558,0.032373786615141675,0.0288944352784819,0.0444963759459267,False,False,False
Dual Momentum,2024-03-01 00:00:00-05:00,2024-04-01 00:00:00-04:00,DIS,11,0.27469426927886853,True,False,29,0.35714285714285715,0.09529785183043882,0.11037319166066695,-0.02010063125556205,0.032373786615141675,0.0288944352784819,0.0444963759459267,True,True,True
Dual Momentum,2024-03-01 00:00:00-05:00,2024-04-01 00:00:00-04:00,MSFT,12,0.2563784948200034,True,False,29,0.39285714285714285,0.0288944352784819,0.045567304633228556,-0.033137842665387884,0.032373786615141675,0.0288944352784819,0.0444963759459267,False,False,False
Dual Momentum,2024-03-01 00:00:00-05:00,2024-04-01 00:00:00-04:00,GS,13,0.21316431027738325,True,False,29,0.42857142857142855,0.06942465943772835,0.07589250169587536,-0.02107140057582857,0.032373786615141675,0.0288944352784819,0.0444963759459267,True,True,True
Dual Momentum,2024-03-01 00:00:00-05:00,2024-04-01 00:00:00-04:00,WMT,14,0.2125868865645022,True,False,29,0.4642857142857143,0.029173622156547285,0.052211001904296506,-0.010204055814730717,0.032373786615141675,0.0288944352784819,0.0444963759459267,False,True,False
Dual Momentum,2024-03-01 00:00:00-05:00,2024-04-01 00:00:00-04:00,VZ,15,0.21225081836826787,True,False,29,0.5,0.0500126358513453,0.05401364740141479,-0.021255373838153457,0.032373786615141675,0.0288944352784819,0.0444963759459267,True,True,True
Dual Momentum,2024-03-01 00:00:00-05:00,2024-04-01 00:00:00-04:00,MRK,16,0.18901985040340552,True,False,29,0.5357142857142857,0.0444963759459267,0.055760052858173204,-0.054257868765579254,0.032373786615141675,0.0288944352784819,0.0444963759459267,True,True,True
Dual Momentum,2024-03-01 00:00:00-05:00,2024-04-01 00:00:00-04:00,DOW,17,0.17367460694149228,True,False,29,0.5714285714285714,0.035618249080047404,0.05136921763481106,-0.006980589713806773,0.032373786615141675,0.0288944352784819,0.0444963759459267,True,True,False
Dual Momentum,2024-03-01 00:00:00-05:00,2024-04-01 00:00:00-04:00,PG,18,0.13121508490107958,True,False,29,0.6071428571428571,0.023599918553935728,0.032204868036225465,-0.0027839445296445886,0.032373786615141675,0.0288944352784819,0.0444963759459267,False,False,False
Dual Momentum,2024-03-01 00:00:00-05:00,2024-04-01 00:00:00-04:00,JNJ,19,0.06949212047244369,True,False,29,0.6428571428571429,-0.025397154459727678,0.007909550118903708,-0.04368792136650579,0.032373786615141675,0.0288944352784819,0.0444963759459267,False,False,False
Dual Momentum,2024-03-01 00:00:00-05:00,2024-04-01 00:00:00-04:00,MCD,20,0.048968668589857156,True,False,29,0.6785714285714286,-0.033940845995896085,0.01705614928800414,-0.0488006174934662,0.032373786615141675,0.0288944352784819,0.0444963759459267,False,False,False
Dual Momentum,2024-03-01 00:00:00-05:00,2024-04-01 00:00:00-04:00,HON,21,0.04191485321529309,True,False,29,0.7142857142857143,0.03947558873166912,0.046712895351965544,-0.01331036856930845,0.032373786615141675,0.0288944352784819,0.0444963759459267,True,True,False
Dual Momentum,2024-03-01 00:00:00-05:00,2024-04-01 00:00:00-04:00,UNH,22,0.04043538566265026,True,False,29,0.75,0.01430107481707954,0.01784983332316248,-0.04337785655695248,0.032373786615141675,0.0288944352784819,0.0444963759459267,False,False,False
Dual Momentum,2024-03-01 00:00:00-05:00,2024-04-01 00:00:00-04:00,KO,23,0.027806980955049188,False,False,29,0.7857142857142857,0.02953868968762685,0.033745524932631055,-0.015525825082847833,0.032373786615141675,0.0288944352784819,0.0444963759459267,False,True,False
Dual Momentum,2024-03-01 00:00:00-05:00,2024-04-01 00:00:00-04:00,CVX,24,0.02384966178379022,False,False,29,0.8214285714285714,0.025159844207041093,0.033583659688599,-0.040455155336001414,0.032373786615141675,0.0288944352784819,0.0444963759459267,False,False,False
Dual Momentum,2024-03-01 00:00:00-05:00,2024-04-01 00:00:00-04:00,AAPL,25,0.023484469796654084,False,False,29,0.8571428571428571,-0.04656067804707986,0.005458065780464372,-0.06159825245347328,0.032373786615141675,0.0288944352784819,0.0444963759459267,False,False,False
Dual Momentum,2024-03-01 00:00:00-05:00,2024-04-01 00:00:00-04:00,MMM,26,0.0050639376592187535,False,False,29,0.8928571428571429,0.18313539833488823,0.18633189750795642,-0.016949185757086704,0.032373786615141675,0.0288944352784819,0.0444963759459267,True,True,True
Dual Momentum,2024-03-01 00:00:00-05:00,2024-04-01 00:00:00-04:00,BA,27,-0.0047388793254853345,False,False,29,0.9285714285714286,-0.05764703189625464,0.0051960664636947484,-0.12980390062519154,0.032373786615141675,0.0288944352784819,0.0444963759459267,False,False,False
Dual Momentum,2024-03-01 00:00:00-05:00,2024-04-01 00:00:00-04:00,CSCO,28,-0.013937605255753716,False,False,29,0.9642857142857143,0.0384535105671584,0.05071708702511368,-0.009353580487018953,0.032373786615141675,0.0288944352784819,0.0444963759459267,True,True,False
Dual Momentum,2024-03-01 00:00:00-05:00,2024-04-01 00:00:00-04:00,NKE,29,-0.01451317461314272,False,False,29,1.0,-0.09685183408206,0.0006739163663544989,-0.11697317761772463,0.032373786615141675,0.0288944352784819,0.0444963759459267,False,False,False
Dual Momentum,2024-04-01 00:00:00-04:00,2024-05-01 00:00:00-04:00,CAT,1,0.5374470593478877,True,True,29,0.0,-0.08948709998968718,0.039539503908706086,-0.09784447397754037,-0.04285752259356945,-0.03595025211447522,-0.01417208609228049,False,False,False
Dual Momentum,2024-04-01 00:00:00-04:00,2024-05-01 00:00:00-04:00,IBM,2,0.49612280887723936,True,True,29,0.03571428571428571,-0.12794715500949616,0.01726319116292485,-0.13021040634728975,-0.04285752259356945,-0.03595025211447522,-0.01417208609228049,False,False,False
Dual Momentum,2024-04-01 00:00:00-04:00,2024-05-01 00:00:00-04:00,JPM,3,0.4749733259913198,True,True,29,0.07142857142857142,-0.03299382546972962,0.00475022212184828,-0.09872849119074201,-0.04285752259356945,-0.03595025211447522,-0.01417208609228049,True,True,False
Dual Momentum,2024-04-01 00:00:00-04:00,2024-05-01 00:00:00-04:00,CRM,4,0.4213762423358274,True,True,29,0.10714285714285714,-0.10829007938373547,0.03185370198461013,-0.11047789087583415,-0.04285752259356945,-0.03595025211447522,-0.01417208609228049,False,False,False
Dual Momentum,2024-04-01 00:00:00-04:00,2024-05-01 00:00:00-04:00,TRV,5,0.3892835189114485,True,True,29,0.14285714285714285,-0.07680265172091794,0.012793005118618028,-0.11840221123397576,-0.04285752259356945,-0.03595025211447522,-0.01417208609228049,False,False,False
Dual Momentum,2024-04-01 00:00:00-04:00,2024-05-01 00:00:00-04:00,DIS,6,0.3819519014778081,True,False,29,0.17857142857142858,-0.08823535269865124,0.013354006411698816,-0.09601835950991167,-0.04285752259356945,-0.03595025211447522,-0.01417208609228049,False,False,False
Dual Momentum,2024-04-01 00:00:00-04:00,2024-05-01 00:00:00-04:00,GS,7,0.36338885594036774,True,False,29,0.21428571428571427,0.02402337624159734,0.039958734560208375,-0.07094181582779624,-0.04285752259356945,-0.03595025211447522,-0.01417208609228049,True,True,True
Dual Momentum,2024-04-01 00:00:00-04:00,2024-05-01 00:00:00-04:00,AXP,8,0.35558155411344394,True,False,29,0.25,0.02859041705832177,0.060918519486377276,-0.053927992697046956,-0.04285752259356945,-0.03595025211447522,-0.01417208609228049,True,True,True
Dual Momentum,2024-04-01 00:00:00-04:00,2024-05-01 00:00:00-04:00,INTC,9,0.3287170422838315,True,False,29,0.2857142857142857,-0.31880787301537483,0.02528785072777273,-0.31880787301537483,-0.04285752259356945,-0.03595025211447522,-0.01417208609228049,False,False,False
Dual Momentum,2024-04-01 00:00:00-04:00,2024-05-01 00:00:00-04:00,AMGN,10,0.31551047217394634,True,False,29,0.32142857142857145,-0.028109542781361574,0.006380532383987392,-0.07596317516728157,-0.04285752259356945,-0.03595025211447522,-0.01417208609228049,True,True,False
Dual Momentum,2024-04-01 00:00:00-04:00,2024-05-01 00:00:00-04:00,HD,11,0.27554152825847544,True,False,29,0.35714285714285715,-0.12703494674680582,0.004377836847957672,-0.14305179262631973,-0.04285752259356945,-0.03595025211447522,-0.01417208609228049,False,False,False
Dual Momentum,2024-04-01 00:00:00-04:00,2024-05-01 00:00:00-04:00,MSFT,12,0.2602284211666994,True,False,29,0.39285714285714285,-0.0739239066552756,0.013036746900339624,-0.08300411801063645,-0.04285752259356945,-0.03595025211447522,-0.01417208609228049,False,False,False
Dual Momentum,2024-04-01 00:00:00-04:00,2024-05-01 00:00:00-04:00,V,13,0.23145526899364044,True,False,29,0.42857142857142855,-0.04355127447531071,0.009416606231091196,-0.04355127447531071,-0.04285752259356945,-0.03595025211447522,-0.01417208609228049,False,False,False
Dual Momentum,2024-04-01 00:00:00-04:00,2024-05-01 00:00:00-04:00,VZ,14,0.20473769010362974,True,False,29,0.4642857142857143,-0.04818041848154575,0.034055555379687075,-0.06681530098168231,-0.04285752259356945,-0.03595025211447522,-0.01417208609228049,False,False,False
Dual Momentum,2024-04-01 00:00:00-04:00,2024-05-01 00:00:00-04:00,MRK,15,0.19761896061793438,True,False,29,0.5,-0.023313959435055986,0.008505589024457638,-0.05452603258227495,-0.04285752259356945,-0.03595025211447522,-0.01417208609228049,True,True,False
Dual Momentum,2024-04-01 00:00:00-04:00,2024-05-01 00:00:00-04:00,WMT,16,0.17455592609818615,True,False,29,0.5357142857142857,-0.01658088590393758,0.009616836767272874,-0.02901677058028196,-0.04285752259356945,-0.03595025211447522,-0.01417208609228049,True,True,False
Dual Momentum,2024-04-01 00:00:00-04:00,2024-05-01 00:00:00-04:00,DOW,17,0.13724004320469074,True,False,29,0.5714285714285714,-0.01417208609228049,0.04891110920906572,-0.04839264673518706,-0.04285752259356945,-0.03595025211447522,-0.01417208609228049,True,True,True
Dual Momentum,2024-04-01 00:00:00-04:00,2024-05-01 00:00:00-04:00,MMM,18,0.1277948884645077,True,False,29,0.6071428571428571,0.07743014411964211,0.07743014411964211,-0.03097198902037568,-0.04285752259356945,-0.03595025211447522,-0.01417208609228049,True,True,True
Dual Momentum,2024-04-01 00:00:00-04:00,2024-05-01 00:00:00-04:00,PG,19,0.10234294896828144,True,False,29,0.6428571428571429,0.01578886748436026,0.022258976822751686,-0.044929356310524304,-0.04285752259356945,-0.03595025211447522,-0.01417208609228049,True,True,True
Dual Momentum,2024-04-01 00:00:00-04:00,2024-05-01 00:00:00-04:00,UNH,20,0.05445144968069804,True,False,29,0.6785714285714286,-0.030760095602722415,0.025946982776795968,-0.11747926276619458,-0.04285752259356945,-0.03595025211447522,-0.01417208609228049,True,True,False
Dual Momentum,2024-04-01 00:00:00-04:00,2024-05-01 00:00:00-04:00,CVX,21,0.05009887833578186,True,False,29,0.7142857142857143,0.015858859778237644,0.06506843244822114,-0.011878561886684347,-0.04285752259356945,-0.03595025211447522,-0.01417208609228049,True,True,True
Dual Momentum,2024-04-01 00:00:00-04:00,2024-05-01 00:00:00-04:00,KO,22,0.035254121667392724,False,False,29,0.75,0.010133922414413021,0.026969448008782093,-0.053121978712409534,-0.04285752259356945,-0.03595025211447522,-0.01417208609228049,True,True,True
Dual Momentum,2024-04-01 00:00:00-04:00,2024-05-01 00:00:00-04:00,HON,23,0.030758551139326906,False,False,29,0.7857142857142857,-0.06533920318886044,0.002434376858523546,-0.07614777783367832,-0.04285752259356945,-0.03595025211447522,-0.01417208609228049,False,False,False
Dual Momentum,2024-04-01 00:00:00-04:00,2024-05-01 00:00:00-04:00,CSCO,24,0.003456041521894715,False,False,29,0.8214285714285714,-0.057615281184349,0.013013161006188989,-0.057615281184349,-0.04285752259356945,-0.03595025211447522,-0.01417208609228049,False,False,False
Dual Momentum,2024-04-01 00:00:00-04:00,2024-05-01 00:00:00-04:00,JNJ,25,-0.006909414654921231,False,False,29,0.8571428571428571,-0.05693627218825714,0.0027263040353362467,-0.09250564364048164,-0.04285752259356945,-0.03595025211447522,-0.01417208609228049,False,False,False
Dual Momentum,2024-04-01 00:00:00-04:00,2024-05-01 00:00:00-04:00,MCD,26,-0.01697806363944787,False,False,29,0.8928571428571429,-0.03595025211447522,0.000177576529196255,-0.06703390287793198,-0.04285752259356945,-0.03595025211447522,-0.01417208609228049,True,False,False
Dual Momentum,2024-04-01 00:00:00-04:00,2024-05-01 00:00:00-04:00,BA,27,-0.08414007035321291,False,False,29,0.9285714285714286,-0.12869332493877716,0.0032770994903339457,-0.16926762180143085,-0.04285752259356945,-0.03595025211447522,-0.01417208609228049,False,False,False
Dual Momentum,2024-04-01 00:00:00-04:00,2024-05-01 00:00:00-04:00,AAPL,28,-0.0903187352319953,False,False,29,0.9642857142857143,-0.009404841160883026,0.0418831804981421,-0.04153279394208975,-0.04285752259356945,-0.03595025211447522,-0.01417208609228049,True,True,True
Dual Momentum,2024-04-01 00:00:00-04:00,2024-05-01 00:00:00-04:00,NKE,29,-0.15995126601450438,False,False,29,1.0,-0.02131973138680654,0.025690293090276484,-0.053725717464177536,-0.04285752259356945,-0.03595025211447522,-0.01417208609228049,True,True,False
Dual Momentum,2024-05-01 00:00:00-04:00,2024-06-03 00:00:00-04:00,AXP,1,0.40029110569926685,True,True,29,0.0,0.02984308074897668,0.04798049153505901,-0.017537230113962243,0.055128064310500324,0.022466642718343977,0.052218079831295006,False,True,False
Dual Momentum,2024-05-01 00:00:00-04:00,2024-06-03 00:00:00-04:00,CAT,2,0.27875855569368935,True,True,29,0.03571428571428571,0.022466642718343977,0.09313684159827029,-0.012388312814413549,0.055128064310500324,0.022466642718343977,0.052218079831295006,False,False,False
Dual Momentum,2024-05-01 00:00:00-04:00,2024-06-03 00:00:00-04:00,DIS,3,0.2539327010417771,True,True,29,0.07142857142857142,-0.06397696099535566,0.05076832631830075,-0.09902060726751927,0.055128064310500324,0.022466642718343977,0.052218079831295006,False,False,False
Dual Momentum,2024-05-01 00:00:00-04:00,2024-06-03 00:00:00-04:00,TRV,4,0.2492837012988709,True,True,29,0.10714285714285714,0.011500751744359938,0.03935709626439832,-0.017628294556292334,0.055128064310500324,0.022466642718343977,0.052218079831295006,False,False,False
Dual Momentum,2024-05-01 00:00:00-04:00,2024-06-03 00:00:00-04:00,JPM,5,0.23752569549518676,True,True,29,0.14285714285714285,0.052218079831295006,0.07078574430723528,-0.019815979294010022,0.055128064310500324,0.022466642718343977,0.052218079831295006,False,True,True
Dual Momentum,2024-05-01 00:00:00-04:00,2024-06-03 00:00:00-04:00,MRK,6,0.2365137903040222,True,False,29,0.17857142857142858,-0.02208233755403377,0.03250122872019534,-0.0459529186841805,0.055128064310500324,0.022466642718343977,0.052218079831295006,False,False,False
Dual Momentum,2024-05-01 00:00:00-04:00,2024-06-03 00:00:00-04:00,GS,7,0.2276261514722,True,False,29,0.21428571428571427,0.08192563122347307,0.10497059385498786,-0.003515432729657153,0.055128064310500324,0.022466642718343977,0.052218079831295006,True,True,True
Dual Momentum,2024-05-01 00:00:00-04:00,2024-06-03 00:00:00-04:00,VZ,8,0.2229228295483221,True,False,29,0.25,0.047037558564120285,0.04958036978224145,-0.014747123672179785,0.055128064310500324,0.022466642718343977,0.052218079831295006,False,True,False
Dual Momentum,2024-05-01 00:00:00-04:00,2024-06-03 00:00:00-04:00,AMGN,9,0.19797857269333896,True,False,29,0.2857142857142857,0.12688389474206963,0.17659939243346723,-0.0029177467880187047,0.055128064310500324,0.022466642718343977,0.052218079831295006,True,True,True
Dual Momentum,2024-05-01 00:00:00-04:00,2024-06-03 00:00:00-04:00,CRM,10,0.19679698686679892,True,False,29,0.32142857142857145,-0.12787151392834317,0.07806120777153125,-0.21195453308701273,0.055128064310500324,0.022466642718343977,0.052218079831295006,False,False,False
Dual Momentum,2024-05-01 00:00:00-04:00,2024-06-03 00:00:00-04:00,IBM,11,0.1899658449316688,True,False,29,0.35714285714285715,0.015107578393017684,0.06947747915362301,-0.01852886331538961,0.055128064310500324,0.022466642718343977,0.052218079831295006,False,False,False
Dual Momentum,2024-05-01 00:00:00-04:00,2024-06-03 00:00:00-04:00,MSFT,12,0.16595942191366952,True,False,29,0.39285714285714285,0.06028755300029265,0.10847869902765406,-0.005858199940863118,0.055128064310500324,0.022466642718343977,0.052218079831295006,True,True,True
Dual Momentum,2024-05-01 00:00:00-04:00,2024-06-03 00:00:00-04:00,V,13,0.13654518838518492,True,False,29,0.42857142857142855,0.020307546430767376,0.05501639500591016,-0.006152946595012199,0.055128064310500324,0.022466642718343977,0.052218079831295006,False,False,False
Dual Momentum,2024-05-01 00:00:00-04:00,2024-06-03 00:00:00-04:00,WMT,14,0.1257186014331939,True,False,29,0.4642857142857143,0.10835874633879583,0.11495705371480835,-0.012308320829265695,0.055128064310500324,0.022466642718343977,0.052218079831295006,True,True,True
Dual Momentum,2024-05-01 00:00:00-04:00,2024-06-03 00:00:00-04:00,MMM,15,0.08495298968268594,True,False,29,0.5,0.030245420070773132,0.08093775258013824,-0.0314984685442502,0.055128064310500324,0.022466642718343977,0.052218079831295006,False,True,False
Dual Momentum,2024-05-01 00:00:00-04:00,2024-06-03 00:00:00-04:00,PG,16,0.06419939808442221,True,False,29,0.5357142857142857,0.003980833044072707,0.03221461812108961,-0.011391527914771493,0.055128064310500324,0.022466642718343977,0.052218079831295006,False,False,False
Dual Momentum,2024-05-01 00:00:00-04:00,2024-06-03 00:00:00-04:00,DOW,17,0.047589090813201285,True,False,29,0.5714285714285714,0.02139942327077593,0.05522446172372142,-0.011395449805851499,0.055128064310500324,0.022466642718343977,0.052218079831295006,False,False,False
Dual Momentum,2024-05-01 00:00:00-04:00,2024-06-03 00:00:00-04:00,KO,18,0.021440118481111714,False,False,29,0.6071428571428571,0.014724793955003923,0.03171526373566613,-0.01181223324660674,0.055128064310500324,0.022466642718343977,0.052218079831295006,False,False,False
Dual Momentum,2024-05-01 00:00:00-04:00,2024-06-03 00:00:00-04:00,HD,19,0.020363148000727138,False,False,29,0.6428571428571429,0.008886974316058449,0.05234084354657087,-0.027746937981363184,0.055128064310500324,0.022466642718343977,0.052218079831295006,False,False,False
Dual Momentum,2024-05-01 00:00:00-04:00,2024-06-03 00:00:00-04:00,CVX,20,0.016265037553418793,False,False,29,0.6785714285714286,0.014558625458116703,0.04718650048659989,-0.023261521409453145,0.055128064310500324,0.022466642718343977,0.052218079831295006,False,False,False
Dual Momentum,2024-05-01 00:00:00-04:00,2024-06-03 00:00:00-04:00,HON,21,0.00961404887184747,False,False,29,0.7142857142857143,0.0673500962762612,0.08541666210137988,-0.00036467002790319114,0.055128064310500324,0.022466642718343977,0.052218079831295006,True,True,True
Dual Momentum,2024-05-01 00:00:00-04:00,2024-06-03 00:00:00-04:00,UNH,22,-0.03398639266212389,False,False,29,0.75,0.031026961830287636,0.10203234088792978,-0.01249848652775476,0.055128064310500324,0.022466642718343977,0.052218079831295006,False,True,False
Dual Momentum,2024-05-01 00:00:00-04:00,2024-06-03 00:00:00-04:00,MCD,23,-0.052783211033872623,False,False,29,0.7857142857142857,-0.043390854928033296,0.019750843143038876,-0.08187783566516604,0.055128064310500324,0.022466642718343977,0.052218079831295006,False,False,False
Dual Momentum,2024-05-01 00:00:00-04:00,2024-06-03 00:00:00-04:00,CSCO,24,-0.07615096310897573,False,False,29,0.8214285714285714,0.0004281636333738348,0.07301904859055663,-0.018201352220098443,0.055128064310500324,0.022466642718343977,0.052218079831295006,False,False,False
Dual Momentum,2024-05-01 00:00:00-04:00,2024-06-03 00:00:00-04:00,JNJ,25,-0.11704939764198607,False,False,29,0.8571428571428571,-0.0020149191770540975,0.04427530923115097,-0.026007260225434092,0.055128064310500324,0.022466642718343977,0.052218079831295006,False,False,False
Dual Momentum,2024-05-01 00:00:00-04:00,2024-06-03 00:00:00-04:00,AAPL,26,-0.1295359758390826,False,False,29,0.8928571428571429,0.13905890521860909,0.1396496146653634,-0.0027715604176684616,0.055128064310500324,0.022466642718343977,0.052218079831295006,True,True,True
Dual Momentum,2024-05-01 00:00:00-04:00,2024-06-03 00:00:00-04:00,INTC,27,-0.1397791694746474,False,False,29,0.9285714285714286,0.032682657908452706,0.07894202159454844,-0.01058152149237468,0.055128064310500324,0.022466642718343977,0.052218079831295006,False,True,False
Dual Momentum,2024-05-01 00:00:00-04:00,2024-06-03 00:00:00-04:00,NKE,28,-0.1556033908804062,False,False,29,0.9642857142857143,0.03354088637620789,0.035508179981160515,-0.018734356458352086,0.055128064310500324,0.022466642718343977,0.052218079831295006,False,True,False
Dual Momentum,2024-05-01 00:00:00-04:00,2024-06-03 00:00:00-04:00,BA,29,-0.2972995936824463,False,False,29,1.0,0.06322385873367531,0.12614928288246263,0.0,0.055128064310500324,0.022466642718343977,0.052218079831295006,True,True,True
Dual Momentum,2024-06-03 00:00:00-04:00,2024-07-01 00:00:00-04:00,AXP,1,0.5141017826769776,True,True,29,0.0,-0.032683864484591485,0.004913015115972641,-0.08093926269468654,0.03472492168023544,0.0058281441437455506,0.029890494711201754,False,False,False
Dual Momentum,2024-06-03 00:00:00-04:00,2024-07-01 00:00:00-04:00,GS,2,0.41924493194921153,True,True,29,0.03571428571428571,-0.009501442282580208,0.012312943636271667,-0.042975060455887726,0.03472492168023544,0.0058281441437455506,0.029890494711201754,False,False,False
Dual Momentum,2024-06-03 00:00:00-04:00,2024-07-01 00:00:00-04:00,JPM,3,0.3943164487067681,True,True,29,0.07142857142857142,0.0026198507207917388,0.0026198507207917388,-0.05649735822064694,0.03472492168023544,0.0058281441437455506,0.029890494711201754,False,False,False
Dual Momentum,2024-06-03 00:00:00-04:00,2024-07-01 00:00:00-04:00,TRV,4,0.35901832841677117,True,True,29,0.10714285714285714,-0.040047785238474964,0.0016775424049984,-0.06243207658469685,0.03472492168023544,0.0058281441437455506,0.029890494711201754,False,False,False
Dual Momentum,2024-06-03 00:00:00-04:00,2024-07-01 00:00:00-04:00,MSFT,5,0.26978757083893035,True,True,29,0.14285714285714285,0.081762204822458,0.09780289233393002,-0.01590736016889427,0.03472492168023544,0.0058281441437455506,0.029890494711201754,True,True,True
Dual Momentum,2024-06-03 00:00:00-04:00,2024-07-01 00:00:00-04:00,VZ,6,0.25372845081985473,True,False,29,0.17857142857142858,0.0058281441437455506,0.013113495060858904,-0.05415219246699832,0.03472492168023544,0.0058281441437455506,0.029890494711201754,False,False,False
Dual Momentum,2024-06-03 00:00:00-04:00,2024-07-01 00:00:00-04:00,DIS,7,0.23693238050066667,True,False,29,0.21428571428571427,-0.04579049193734408,0.00048001394486663074,-0.0555823658899931,0.03472492168023544,0.0058281441437455506,0.029890494711201754,False,False,False
Dual Momentum,2024-06-03 00:00:00-04:00,2024-07-01 00:00:00-04:00,WMT,8,0.23681659886007744,True,False,29,0.25,0.03633020758533556,0.05388461065416594,-0.005342672305112428,0.03472492168023544,0.0058281441437455506,0.029890494711201754,True,True,True
Dual Momentum,2024-06-03 00:00:00-04:00,2024-07-01 00:00:00-04:00,CAT,9,0.21521516679925456,True,False,29,0.2857142857142857,-0.01689777920143465,0.0015548413966874897,-0.07340044149397895,0.03472492168023544,0.0058281441437455506,0.029890494711201754,False,False,False
Dual Momentum,2024-06-03 00:00:00-04:00,2024-07-01 00:00:00-04:00,AMGN,10,0.21324297413559257,True,False,29,0.32142857142857145,0.021350031371442757,0.06300693130475121,-0.037452384878909006,0.03472492168023544,0.0058281441437455506,0.029890494711201754,False,True,False
Dual Momentum,2024-06-03 00:00:00-04:00,2024-07-01 00:00:00-04:00,MMM,11,0.1922614229002697,True,False,29,0.35714285714285715,0.024808069668149857,0.03656471756359392,-0.026800886840909977,0.03472492168023544,0.0058281441437455506,0.029890494711201754,False,True,False
Dual Momentum,2024-06-03 00:00:00-04:00,2024-07-01 00:00:00-04:00,IBM,12,0.17098611170626432,True,False,29,0.39285714285714285,0.0414915319320972,0.07157446116194688,-0.018073703783958006,0.03472492168023544,0.0058281441437455506,0.029890494711201754,True,True,True
Dual Momentum,2024-06-03 00:00:00-04:00,2024-07-01 00:00:00-04:00,MRK,13,0.1624955896284308,True,False,29,0.42857142857142855,0.002862973017365711,0.07685008116396896,-0.03321065612730145,0.03472492168023544,0.0058281441437455506,0.029890494711201754,False,False,False
Dual Momentum,2024-06-03 00:00:00-04:00,2024-07-01 00:00:00-04:00,V,14,0.1130057596229932,True,False,29,0.4642857142857143,-0.03405457161956249,0.026731136710594683,-0.04335562156878614,0.03472492168023544,0.0058281441437455506,0.029890494711201754,False,False,False
Dual Momentum,2024-06-03 00:00:00-04:00,2024-07-01 00:00:00-04:00,DOW,15,0.09383613508019151,True,False,29,0.5,-0.07906172305935122,0.0006950637021310158,-0.09209383783608927,0.03472492168023544,0.0058281441437455506,0.029890494711201754,False,False,False
Dual Momentum,2024-06-03 00:00:00-04:00,2024-07-01 00:00:00-04:00,CRM,16,0.09164002840356011,True,False,29,0.5357142857142857,0.10028975618405167,0.1089419757233061,-0.029196204367032408,0.03472492168023544,0.0058281441437455506,0.029890494711201754,True,True,True
Dual Momentum,2024-06-03 00:00:00-04:00,2024-07-01 00:00:00-04:00,HON,17,0.09026502052107266,True,False,29,0.5714285714285714,0.045726663514856325,0.0745519156593637,-0.013884828532451987,0.03472492168023544,0.0058281441437455506,0.029890494711201754,True,True,True
Dual Momentum,2024-06-03 00:00:00-04:00,2024-07-01 00:00:00-04:00,PG,18,0.08867917975100603,True,False,29,0.6071428571428571,0.010126407908318757,0.033428975109565995,-0.001829975028194264,0.03472492168023544,0.0058281441437455506,0.029890494711201754,False,True,False
Dual Momentum,2024-06-03 00:00:00-04:00,2024-07-01 00:00:00-04:00,KO,19,0.0657470118142407,True,False,29,0.6428571428571429,0.028972060656963672,0.03282897850622013,-0.0044537910389667035,0.03472492168023544,0.0058281441437455506,0.029890494711201754,False,True,False
Dual Momentum,2024-06-03 00:00:00-04:00,2024-07-01 00:00:00-04:00,CVX,20,0.04548016457854853,True,False,29,0.6785714285714286,-0.018319814338184526,0.001176464029690294,-0.05919897135339158,0.03472492168023544,0.0058281441437455506,0.029890494711201754,False,False,False
Dual Momentum,2024-06-03 00:00:00-04:00,2024-07-01 00:00:00-04:00,HD,21,0.032853759149423345,False,False,29,0.7142857142857143,0.03078093615605071,0.0720514991878849,-0.029132450731878312,0.03472492168023544,0.0058281441437455506,0.029890494711201754,False,True,True
Dual Momentum,2024-06-03 00:00:00-04:00,2024-07-01 00:00:00-04:00,AAPL,22,0.02856584790155048,False,False,29,0.75,0.09948181821589497,0.14152423936710457,-0.003887955891371475,0.03472492168023544,0.0058281441437455506,0.029890494711201754,True,True,True
Dual Momentum,2024-06-03 00:00:00-04:00,2024-07-01 00:00:00-04:00,UNH,23,0.019189118463651456,False,False,29,0.7857142857142857,0.029890494711201754,0.03527618561472301,-0.02831595496831152,0.03472492168023544,0.0058281441437455506,0.029890494711201754,False,True,True
Dual Momentum,2024-06-03 00:00:00-04:00,2024-07-01 00:00:00-04:00,NKE,24,-0.05943428710648002,False,False,29,0.8214285714285714,-0.2012274112804402,0.037240693880058906,-0.2112781233103831,0.03472492168023544,0.0058281441437455506,0.029890494711201754,False,False,False
Dual Momentum,2024-06-03 00:00:00-04:00,2024-07-01 00:00:00-04:00,MCD,25,-0.07356006222273437,False,False,29,0.8571428571428571,-0.01201878144024715,0.02000526366015909,-0.03326475084588765,0.03472492168023544,0.0058281441437455506,0.029890494711201754,False,False,False
Dual Momentum,2024-06-03 00:00:00-04:00,2024-07-01 00:00:00-04:00,JNJ,26,-0.08281176876688179,False,False,29,0.8928571428571429,-0.008013598019529278,0.01677417483547261,-0.022886489637835905,0.03472492168023544,0.0058281441437455506,0.029890494711201754,False,False,False
Dual Momentum,2024-06-03 00:00:00-04:00,2024-07-01 00:00:00-04:00,INTC,27,-0.09735743206366532,False,False,29,0.9285714285714286,-0.003867208645325193,0.014502077149127324,-0.035127255882495434,0.03472492168023544,0.0058281441437455506,0.029890494711201754,False,False,False
Dual Momentum,2024-06-03 00:00:00-04:00,2024-07-01 00:00:00-04:00,CSCO,28,-0.1623675876791456,False,False,29,0.9642857142857143,0.016267160384621393,0.02440065876174069,-0.03788533237809166,0.03472492168023544,0.0058281441437455506,0.029890494711201754,False,True,False
Dual Momentum,2024-06-03 00:00:00-04:00,2024-07-01 00:00:00-04:00,BA,29,-0.2239021373238972,False,False,29,1.0,0.023078222779867152,0.0816441621871622,-0.033915399013615066,0.03472492168023544,0.0058281441437455506,0.029890494711201754,False,True,False
Dual Momentum,2024-07-01 00:00:00-04:00,2024-08-01 00:00:00-04:00,AXP,1,0.5608753530924575,True,True,29,0.0,0.0958813534696974,0.10619902897216837,-0.003357288224290933,0.0127192657401074,0.03760041125932956,0.07260493245140842,True,True,True
Dual Momentum,2024-07-01 00:00:00-04:00,2024-08-01 00:00:00-04:00,GS,2,0.4351458316693251,True,True,29,0.03571428571428571,0.12208748471026909,0.1380606356781915,-0.001100085783056426,0.0127192657401074,0.03760041125932956,0.07260493245140842,True,True,True
Dual Momentum,2024-07-01 00:00:00-04:00,2024-08-01 00:00:00-04:00,MSFT,3,0.434349034612046,True,True,29,0.07142857142857142,-0.06388064391595383,0.04388609516824671,-0.08296836874558444,0.0127192657401074,0.03760041125932956,0.07260493245140842,False,False,False
Dual Momentum,2024-07-01 00:00:00-04:00,2024-08-01 00:00:00-04:00,JPM,4,0.41449192265625534,True,True,29,0.10714285714285714,0.05689878982849028,0.07851258968730179,-0.0008873628427867875,0.0127192657401074,0.03760041125932956,0.07260493245140842,True,True,False
Dual Momentum,2024-07-01 00:00:00-04:00,2024-08-01 00:00:00-04:00,MMM,5,0.3597373555796106,True,True,29,0.14285714285714285,0.23954901370931858,0.25072913142442843,-0.04472097250762286,0.0127192657401074,0.03760041125932956,0.07260493245140842,True,True,True
Dual Momentum,2024-07-01 00:00:00-04:00,2024-08-01 00:00:00-04:00,VZ,6,0.34333769221532084,True,False,29,0.17857142857142858,-0.002038251534580704,0.04335720419130462,-0.05037802411509085,0.0127192657401074,0.03760041125932956,0.07260493245140842,False,False,False
Dual Momentum,2024-07-01 00:00:00-04:00,2024-08-01 00:00:00-04:00,CRM,7,0.2698458250718885,True,False,29,0.21428571428571427,0.008346077397718865,0.03232311240074415,-0.04880243595207634,0.0127192657401074,0.03760041125932956,0.07260493245140842,False,False,False
Dual Momentum,2024-07-01 00:00:00-04:00,2024-08-01 00:00:00-04:00,WMT,8,0.26939769070791364,True,False,29,0.25,0.015024202932348851,0.05067003694296224,-0.009427005382268816,0.0127192657401074,0.03760041125932956,0.07260493245140842,True,False,False
Dual Momentum,2024-07-01 00:00:00-04:00,2024-08-01 00:00:00-04:00,DIS,9,0.2467281780131947,True,False,29,0.2857142857142857,-0.05137812617601867,0.0034204862441786776,-0.09837474168137372,0.0127192657401074,0.03760041125932956,0.07260493245140842,False,False,False
Dual Momentum,2024-07-01 00:00:00-04:00,2024-08-01 00:00:00-04:00,IBM,10,0.24508119603764822,True,False,29,0.32142857142857145,0.11161717231054435,0.13150769238729287,-0.00040352877867477766,0.0127192657401074,0.03760041125932956,0.07260493245140842,True,True,True
Dual Momentum,2024-07-01 00:00:00-04:00,2024-08-01 00:00:00-04:00,AAPL,11,0.24070295676568532,True,False,29,0.35714285714285715,0.057899889942735205,0.11853450909695007,-0.0008015378937271667,0.0127192657401074,0.03760041125932956,0.07260493245140842,True,True,False
Dual Momentum,2024-07-01 00:00:00-04:00,2024-08-01 00:00:00-04:00,CAT,12,0.23793981439331868,True,False,29,0.39285714285714285,0.03760041125932956,0.1018171414082536,-0.040195929469820535,0.0127192657401074,0.03760041125932956,0.07260493245140842,True,False,False
Dual Momentum,2024-07-01 00:00:00-04:00,2024-08-01 00:00:00-04:00,TRV,13,0.22918746338538765,True,False,29,0.42857142857142855,0.06453978285019324,0.09644385153267887,-0.02239131369285452,0.0127192657401074,0.03760041125932956,0.07260493245140842,True,True,False
Dual Momentum,2024-07-01 00:00:00-04:00,2024-08-01 00:00:00-04:00,MRK,14,0.21452868825095206,True,False,29,0.4642857142857143,-0.09770298264880684,0.03628980508623636,-0.10496075881641975,0.0127192657401074,0.03760041125932956,0.07260493245140842,False,False,False
Dual Momentum,2024-07-01 00:00:00-04:00,2024-08-01 00:00:00-04:00,AMGN,15,0.18827630999100498,True,False,29,0.5,0.07260493245140842,0.10694467098727212,-0.023074016184403634,0.0127192657401074,0.03760041125932956,0.07260493245140842,True,True,True
Dual Momentum,2024-07-01 00:00:00-04:00,2024-08-01 00:00:00-04:00,KO,16,0.16482185379163417,True,False,29,0.5357142857142857,0.04638448009808527,0.059347267465485354,-0.02717475049672069,0.0127192657401074,0.03760041125932956,0.07260493245140842,True,True,False
Dual Momentum,2024-07-01 00:00:00-04:00,2024-08-01 00:00:00-04:00,HD,17,0.16310281500034085,True,False,29,0.5714285714285714,0.07580234250171913,0.09252125177711301,-0.03570601539301366,0.0127192657401074,0.03760041125932956,0.07260493245140842,True,True,True
Dual Momentum,2024-07-01 00:00:00-04:00,2024-08-01 00:00:00-04:00,HON,18,0.15563455044481178,True,False,29,0.6071428571428571,-0.041334537325401155,0.035891770466224715,-0.06990730489377572,0.0127192657401074,0.03760041125932956,0.07260493245140842,False,False,False
Dual Momentum,2024-07-01 00:00:00-04:00,2024-08-01 00:00:00-04:00,V,19,0.15035705819553735,True,False,29,0.6428571428571429,0.009628664736609727,0.03726456904086617,-0.04204114090831379,0.0127192657401074,0.03760041125932956,0.07260493245140842,False,False,False
Dual Momentum,2024-07-01 00:00:00-04:00,2024-08-01 00:00:00-04:00,PG,20,0.1408133335216144,True,False,29,0.6785714285714286,-0.02260048932746328,0.036087143297301116,-0.03985444821662909,0.0127192657401074,0.03760041125932956,0.07260493245140842,False,False,False
Dual Momentum,2024-07-01 00:00:00-04:00,2024-08-01 00:00:00-04:00,DOW,21,0.0809436400797865,True,False,29,0.7142857142857143,0.03169812880158185,0.05603778811118865,-0.04754717724465063,0.0127192657401074,0.03760041125932956,0.07260493245140842,True,False,False
Dual Momentum,2024-07-01 00:00:00-04:00,2024-08-01 00:00:00-04:00,UNH,22,0.022746602878556565,False,False,29,0.75,0.13902315075240868,0.14750865008342617,-0.0439072661033999,0.0127192657401074,0.03760041125932956,0.07260493245140842,True,True,True
Dual Momentum,2024-07-01 00:00:00-04:00,2024-08-01 00:00:00-04:00,MCD,23,-0.01570522935532681,False,False,29,0.7857142857142857,0.047050938943661746,0.05038652127969723,-0.04434328791067588,0.0127192657401074,0.03760041125932956,0.07260493245140842,True,True,False
Dual Momentum,2024-07-01 00:00:00-04:00,2024-08-01 00:00:00-04:00,JNJ,24,-0.04748832246601564,False,False,29,0.8214285714285714,0.08495915928682152,0.10618170182320119,-0.010748257877387202,0.0127192657401074,0.03760041125932956,0.07260493245140842,True,True,True
Dual Momentum,2024-07-01 00:00:00-04:00,2024-08-01 00:00:00-04:00,CVX,25,-0.06453746867438048,False,False,29,0.8571428571428571,0.0011254461739866883,0.04530425460493914,-0.03224312865981882,0.0127192657401074,0.03760041125932956,0.07260493245140842,False,False,False
Dual Momentum,2024-07-01 00:00:00-04:00,2024-08-01 00:00:00-04:00,BA,26,-0.06881209324176807,False,False,29,0.8928571428571429,0.04281011625907749,0.08095499586748112,-0.0272777239514167,0.0127192657401074,0.03760041125932956,0.07260493245140842,True,True,False
Dual Momentum,2024-07-01 00:00:00-04:00,2024-08-01 00:00:00-04:00,CSCO,27,-0.0860999752960957,False,False,29,0.9285714285714286,0.03278303282887851,0.03596939099692387,-0.030305562072495906,0.0127192657401074,0.03760041125932956,0.07260493245140842,True,False,False
Dual Momentum,2024-07-01 00:00:00-04:00,2024-08-01 00:00:00-04:00,INTC,28,-0.09594099125035105,False,False,29,0.9642857142857143,-0.01552899020670584,0.20219985063418977,-0.029116808148361484,0.0127192657401074,0.03760041125932956,0.07260493245140842,False,False,False
Dual Momentum,2024-07-01 00:00:00-04:00,2024-08-01 00:00:00-04:00,NKE,29,-0.14794761049079141,False,False,29,1.0,-0.010595945341954294,0.020662219319122377,-0.06079458038383889,0.0127192657401074,0.03760041125932956,0.07260493245140842,False,False,False
Dual Momentum,2024-08-01 00:00:00-04:00,2024-09-03 00:00:00-04:00,MMM,1,0.8123643343264348,True,True,29,0.0,0.04883938714770286,0.06445258625866179,-0.06423523298373213,0.01429683176047547,0.026541884619424527,0.04883938714770286,True,True,True
Dual Momentum,2024-08-01 00:00:00-04:00,2024-09-03 00:00:00-04:00,AXP,2,0.8073914133743341,True,True,29,0.03571428571428571,0.007563521640765458,0.03112068396251777,-0.12534963984432712,0.01429683176047547,0.026541884619424527,0.04883938714770286,False,False,False
Dual Momentum,2024-08-01 00:00:00-04:00,2024-09-03 00:00:00-04:00,GS,3,0.7935719406263337,True,True,29,0.07142857142857142,0.0009257480944206975,0.008263054966696659,-0.1424119067705062,0.01429683176047547,0.026541884619424527,0.04883938714770286,False,False,False
Dual Momentum,2024-08-01 00:00:00-04:00,2024-09-03 00:00:00-04:00,JPM,4,0.595950277943496,True,True,29,0.10714285714285714,0.04268287300061058,0.05759844272695158,-0.1045966070216463,0.01429683176047547,0.026541884619424527,0.04883938714770286,True,True,False
Dual Momentum,2024-08-01 00:00:00-04:00,2024-09-03 00:00:00-04:00,CAT,5,0.46920443978657267,True,True,29,0.14285714285714285,0.017066331481345953,0.029338813565936706,-0.11334090370891048,0.01429683176047547,0.026541884619424527,0.04883938714770286,True,False,False
Dual Momentum,2024-08-01 00:00:00-04:00,2024-09-03 00:00:00-04:00,IBM,6,0.38953971907904816,True,False,29,0.17857142857142858,0.05635597350950494,0.05771599000521377,-0.057050942567063445,0.01429683176047547,0.026541884619424527,0.04883938714770286,True,True,True
Dual Momentum,2024-08-01 00:00:00-04:00,2024-09-03 00:00:00-04:00,TRV,7,0.367330387828362,True,False,29,0.21428571428571427,0.03675186301131572,0.04577956133154326,-0.054028046945777675,0.01429683176047547,0.026541884619424527,0.04883938714770286,True,True,False
Dual Momentum,2024-08-01 00:00:00-04:00,2024-09-03 00:00:00-04:00,HD,8,0.3580293391432021,True,False,29,0.25,0.0003906989357442825,0.02321676421258112,-0.08275900511717915,0.01429683176047547,0.026541884619424527,0.04883938714770286,False,False,False
Dual Momentum,2024-08-01 00:00:00-04:00,2024-09-03 00:00:00-04:00,AAPL,9,0.3253974521544638,True,False,29,0.2857142857142857,0.019809017852211896,0.03930833770113007,-0.12644303917309097,0.01429683176047547,0.026541884619424527,0.04883938714770286,True,False,False
Dual Momentum,2024-08-01 00:00:00-04:00,2024-09-03 00:00:00-04:00,CRM,10,0.3203509661360795,True,False,29,0.32142857142857145,-0.02801057804071616,0.04636420827811061,-0.10654087666819145,0.01429683176047547,0.026541884619424527,0.04883938714770286,False,False,False
Dual Momentum,2024-08-01 00:00:00-04:00,2024-09-03 00:00:00-04:00,AMGN,11,0.300233652272323,True,False,29,0.35714285714285715,-0.005620959495470701,0.01428194341649247,-0.0877741920905214,0.01429683176047547,0.026541884619424527,0.04883938714770286,False,False,False
Dual Momentum,2024-08-01 00:00:00-04:00,2024-09-03 00:00:00-04:00,WMT,12,0.29122412926198193,True,False,29,0.39285714285714285,0.12538721879740589,0.12742457865923873,-0.03250615050043537,0.01429683176047547,0.026541884619424527,0.04883938714770286,True,True,True
Dual Momentum,2024-08-01 00:00:00-04:00,2024-09-03 00:00:00-04:00,MSFT,13,0.2756793279472267,True,False,29,0.42857142857142855,-0.0050541213367137905,0.01608705718968717,-0.08367599606901799,0.01429683176047547,0.026541884619424527,0.04883938714770286,False,False,False
Dual Momentum,2024-08-01 00:00:00-04:00,2024-09-03 00:00:00-04:00,VZ,14,0.2726004172163019,True,False,29,0.4642857142857143,0.031718920615234625,0.031718920615234625,-0.025325704511543035,0.01429683176047547,0.026541884619424527,0.04883938714770286,True,True,False
Dual Momentum,2024-08-01 00:00:00-04:00,2024-09-03 00:00:00-04:00,KO,15,0.23706858101109862,True,False,29,0.5,0.08119422650376751,0.0831342389878924,-0.004477657488922593,0.01429683176047547,0.026541884619424527,0.04883938714770286,True,True,True
Dual Momentum,2024-08-01 00:00:00-04:00,2024-09-03 00:00:00-04:00,DIS,16,0.1903315402400505,True,False,29,0.5357142857142857,-0.04528013825784338,0.0009588358971381883,-0.10600884478353556,0.01429683176047547,0.026541884619424527,0.04883938714770286,False,False,False
Dual Momentum,2024-08-01 00:00:00-04:00,2024-09-03 00:00:00-04:00,DOW,17,0.17654856575107924,True,False,29,0.5714285714285714,-0.023149106619784754,0.006217998366684574,-0.07827361707613467,0.01429683176047547,0.026541884619424527,0.04883938714770286,False,False,False
Dual Momentum,2024-08-01 00:00:00-04:00,2024-09-03 00:00:00-04:00,HON,18,0.17617672634458592,True,False,29,0.6071428571428571,0.021808839323512963,0.027221823816172996,-0.04287170845966637,0.01429683176047547,0.026541884619424527,0.04883938714770286,True,False,False
Dual Momentum,2024-08-01 00:00:00-04:00,2024-09-03 00:00:00-04:00,V,19,0.16555013120417983,True,False,29,0.6428571428571429,0.03977851102678365,0.04211120382026756,-0.04438102862545501,0.01429683176047547,0.026541884619424527,0.04883938714770286,True,True,False
Dual Momentum,2024-08-01 00:00:00-04:00,2024-09-03 00:00:00-04:00,CVX,20,0.14705053186373984,True,False,29,0.6785714285714286,-0.07265438566109084,0.004977589645982938,-0.1198410459526954,0.01429683176047547,0.026541884619424527,0.04883938714770286,False,False,False
Dual Momentum,2024-08-01 00:00:00-04:00,2024-09-03 00:00:00-04:00,MRK,21,0.12194126333208422,True,False,29,0.7142857142857143,0.0453461049309114,0.04967741622860289,-0.021302810953165663,0.01429683176047547,0.026541884619424527,0.04883938714770286,True,True,False
Dual Momentum,2024-08-01 00:00:00-04:00,2024-09-03 00:00:00-04:00,PG,22,0.11306828964889437,True,False,29,0.75,0.06309062708355073,0.06843613213957034,-0.0012432384445595357,0.01429683176047547,0.026541884619424527,0.04883938714770286,True,True,True
Dual Momentum,2024-08-01 00:00:00-04:00,2024-09-03 00:00:00-04:00,UNH,23,0.11094206661756623,True,False,29,0.7857142857142857,0.026541884619424527,0.027824079555400116,-0.03494456048993766,0.01429683176047547,0.026541884619424527,0.04883938714770286,True,False,False
Dual Momentum,2024-08-01 00:00:00-04:00,2024-09-03 00:00:00-04:00,JNJ,24,0.11001459771783173,True,False,29,0.8214285714285714,0.050569107890898746,0.05527378187702281,-0.012872214879904864,0.01429683176047547,0.026541884619424527,0.04883938714770286,True,True,True
Dual Momentum,2024-08-01 00:00:00-04:00,2024-09-03 00:00:00-04:00,BA,25,0.06071569655449771,True,False,29,0.8571428571428571,-0.12089474326685856,0.006157885099712157,-0.14473684210526316,0.01429683176047547,0.026541884619424527,0.04883938714770286,False,False,False
Dual Momentum,2024-08-01 00:00:00-04:00,2024-09-03 00:00:00-04:00,MCD,26,0.05666465692484279,True,False,29,0.8928571428571429,0.07947815888338261,0.09515785694769585,-0.016565524722302882,0.01429683176047547,0.026541884619424527,0.04883938714770286,True,True,True
Dual Momentum,2024-08-01 00:00:00-04:00,2024-09-03 00:00:00-04:00,CSCO,27,-0.03708991471105327,False,False,29,0.9285714285714286,0.03475924094252747,0.049362373371678814,-0.08473882796081555,0.01429683176047547,0.026541884619424527,0.04883938714770286,True,True,False
Dual Momentum,2024-08-01 00:00:00-04:00,2024-09-03 00:00:00-04:00,INTC,28,-0.12613632147230158,False,False,29,0.9642857142857143,-0.28765552275146755,0.009201405734105439,-0.3769466346501811,0.01429683176047547,0.026541884619424527,0.04883938714770286,False,False,False
Dual Momentum,2024-08-01 00:00:00-04:00,2024-09-03 00:00:00-04:00,NKE,29,-0.2276489791319264,False,False,29,1.0,0.11216771171563411,0.14364099657868912,-0.05287799746137478,0.01429683176047547,0.026541884619424527,0.04883938714770286,True,True,True
Dual Momentum,2024-09-03 00:00:00-04:00,2024-10-01 00:00:00-04:00,MMM,1,0.6836724971450587,True,True,29,0.0,0.02247961441176849,0.057965599153344094,-0.04428224435750783,0.026207965084110718,0.027150800038795664,0.06338182866036335,False,False,False
Dual Momentum,2024-09-03 00:00:00-04:00,2024-10-01 00:00:00-04:00,AXP,2,0.5592477952037964,True,True,29,0.03571428571428571,0.06064040106357349,0.06611384204964565,-0.059350262478409355,0.026207965084110718,0.027150800038795664,0.06338182866036335,True,True,False
Dual Momentum,2024-09-03 00:00:00-04:00,2024-10-01 00:00:00-04:00,GS,3,0.5283431341334743,True,True,29,0.07142857142857142,-0.0254005208729845,0.004394370073036669,-0.09850831227176793,0.026207965084110718,0.027150800038795664,0.06338182866036335,False,False,False
Dual Momentum,2024-09-03 00:00:00-04:00,2024-10-01 00:00:00-04:00,WMT,4,0.5044697585490965,True,True,29,0.10714285714285714,0.043320639666845295,0.05521781690020733,-0.013319511444887189,0.026207965084110718,0.027150800038795664,0.06338182866036335,True,True,False
Dual Momentum,2024-09-03 00:00:00-04:00,2024-10-01 00:00:00-04:00,JPM,5,0.4824143733208297,True,True,29,0.14285714285714285,-0.06027895227309732,0.008097179608849148,-0.09757072602644645,0.026207965084110718,0.027150800038795664,0.06338182866036335,False,False,False
Dual Momentum,2024-09-03 00:00:00-04:00,2024-10-01 00:00:00-04:00,CAT,6,0.4452441082757368,True,False,29,0.17857142857142858,0.11089968400126549,0.12779289309743036,-0.0741036738075248,0.026207965084110718,0.027150800038795664,0.06338182866036335,True,True,True
Dual Momentum,2024-09-03 00:00:00-04:00,2024-10-01 00:00:00-04:00,IBM,7,0.32855494382595496,True,False,29,0.21428571428571427,0.09271445658157984,0.11014785044777753,-0.01272859161635942,0.026207965084110718,0.027150800038795664,0.06338182866036335,True,True,True
Dual Momentum,2024-09-03 00:00:00-04:00,2024-10-01 00:00:00-04:00,TRV,8,0.3047109338048941,True,False,29,0.25,0.03655996106882764,0.0809096253280821,-0.0002652617394168777,0.026207965084110718,0.027150800038795664,0.06338182866036335,True,True,False
Dual Momentum,2024-09-03 00:00:00-04:00,2024-10-01 00:00:00-04:00,AMGN,9,0.27977685342225334,True,False,29,0.2857142857142857,-0.029648288557287628,0.021935098531880914,-0.05944724301554094,0.026207965084110718,0.027150800038795664,0.06338182866036335,False,False,False
Dual Momentum,2024-09-03 00:00:00-04:00,2024-10-01 00:00:00-04:00,KO,10,0.2743027853090618,True,False,29,0.32142857142857145,0.0021299571560173813,0.015046633395231268,-0.025814598764835273,0.026207965084110718,0.027150800038795664,0.06338182866036335,False,False,False
Dual Momentum,2024-09-03 00:00:00-04:00,2024-10-01 00:00:00-04:00,AAPL,11,0.21386159609234756,True,False,29,0.35714285714285715,0.004244169285750887,0.01986427347209907,-0.06401225089556706,0.026207965084110718,0.027150800038795664,0.06338182866036335,False,False,False
Dual Momentum,2024-09-03 00:00:00-04:00,2024-10-01 00:00:00-04:00,HD,12,0.20747305955884587,True,False,29,0.39285714285714285,0.09817891082131225,0.10168530724854374,-0.02805109240039172,0.026207965084110718,0.027150800038795664,0.06338182866036335,True,True,True
Dual Momentum,2024-09-03 00:00:00-04:00,2024-10-01 00:00:00-04:00,MRK,13,0.19433159784430298,True,False,29,0.42857142857142855,-0.029913338873645556,0.017250276699429357,-0.04946723628285332,0.026207965084110718,0.027150800038795664,0.06338182866036335,False,False,False
Dual Momentum,2024-09-03 00:00:00-04:00,2024-10-01 00:00:00-04:00,VZ,14,0.16205166497932222,True,False,29,0.4642857142857143,0.07149653748238527,0.08102954021290554,-0.025262157126500706,0.026207965084110718,0.027150800038795664,0.06338182866036335,True,True,True
Dual Momentum,2024-09-03 00:00:00-04:00,2024-10-01 00:00:00-04:00,PG,15,0.15650684719560148,True,False,29,0.5,0.012921797314562777,0.04040219059686767,-0.003800727259148262,0.026207965084110718,0.027150800038795664,0.06338182866036335,False,False,False
Dual Momentum,2024-09-03 00:00:00-04:00,2024-10-01 00:00:00-04:00,UNH,16,0.11606097815792737,True,False,29,0.5357142857142857,-0.009190645780440598,0.026024391298032246,-0.04137063604228297,0.026207965084110718,0.027150800038795664,0.06338182866036335,False,False,False
Dual Momentum,2024-09-03 00:00:00-04:00,2024-10-01 00:00:00-04:00,JNJ,17,0.11596151392757847,True,False,29,0.5714285714285714,-0.01700546002319947,0.021847014168822287,-0.03159043700576514,0.026207965084110718,0.027150800038795664,0.06338182866036335,False,False,False
Dual Momentum,2024-09-03 00:00:00-04:00,2024-10-01 00:00:00-04:00,MSFT,18,0.10708689688104278,True,False,29,0.6071428571428571,0.027150800038795664,0.05728509651535485,-0.040941954067838515,0.026207965084110718,0.027150800038795664,0.06338182866036335,True,False,False
Dual Momentum,2024-09-03 00:00:00-04:00,2024-10-01 00:00:00-04:00,CRM,19,0.1010398809608446,True,False,29,0.6428571428571429,0.08689097138216195,0.10473210039947634,-0.04425619838161954,0.026207965084110718,0.027150800038795664,0.06338182866036335,True,True,True
Dual Momentum,2024-09-03 00:00:00-04:00,2024-10-01 00:00:00-04:00,V,20,0.0933173253762496,True,False,29,0.6785714285714286,0.0021708587741202656,0.06042624282722997,-0.029453252112405903,0.026207965084110718,0.027150800038795664,0.06338182866036335,False,False,False
Dual Momentum,2024-09-03 00:00:00-04:00,2024-10-01 00:00:00-04:00,HON,21,0.08776658114955382,True,False,29,0.7142857142857143,-0.0058751982863195495,0.015410619766193179,-0.04955446702977773,0.026207965084110718,0.027150800038795664,0.06338182866036335,False,False,False
Dual Momentum,2024-09-03 00:00:00-04:00,2024-10-01 00:00:00-04:00,DOW,22,0.08412424247462269,True,False,29,0.75,0.03509103203888575,0.05595592353201373,-0.060697949482866,0.026207965084110718,0.027150800038795664,0.06338182866036335,True,True,False
Dual Momentum,2024-09-03 00:00:00-04:00,2024-10-01 00:00:00-04:00,CSCO,23,0.07782123973124966,True,False,29,0.7857142857142857,0.05565498539666458,0.05963035766433267,-0.04889669512117856,0.026207965084110718,0.027150800038795664,0.06338182866036335,True,True,False
Dual Momentum,2024-09-03 00:00:00-04:00,2024-10-01 00:00:00-04:00,CVX,24,0.06153475009686038,True,False,29,0.8214285714285714,0.005496380214096375,0.024390181594855287,-0.06994174879882187,0.026207965084110718,0.027150800038795664,0.06338182866036335,False,False,False
Dual Momentum,2024-09-03 00:00:00-04:00,2024-10-01 00:00:00-04:00,MCD,25,0.04835527599982892,True,False,29,0.8571428571428571,0.06338182866036335,0.07193733391538948,-0.009254064925415362,0.026207965084110718,0.027150800038795664,0.06338182866036335,True,True,True
Dual Momentum,2024-09-03 00:00:00-04:00,2024-10-01 00:00:00-04:00,DIS,26,-0.015212070227327845,False,False,29,0.8928571428571429,0.06226978597215127,0.0888293122247934,-0.03370168487139624,0.026207965084110718,0.027150800038795664,0.06338182866036335,True,True,False
Dual Momentum,2024-09-03 00:00:00-04:00,2024-10-01 00:00:00-04:00,BA,27,-0.22586102052699153,False,False,29,0.9285714285714286,-0.09321674058085172,0.015386501484769832,-0.0945338765582866,0.026207965084110718,0.027150800038795664,0.06338182866036335,False,False,False
Dual Momentum,2024-09-03 00:00:00-04:00,2024-10-01 00:00:00-04:00,NKE,28,-0.2368661745886822,False,False,29,0.9642857142857143,0.06395841159242455,0.09563544402047675,-0.07217986437269996,0.026207965084110718,0.027150800038795664,0.06338182866036335,True,True,True
Dual Momentum,2024-09-03 00:00:00-04:00,2024-10-01 00:00:00-04:00,INTC,29,-0.5029999850323328,False,False,29,1.0,0.08913640145489787,0.14484674091335248,-0.14066854957565478,0.026207965084110718,0.027150800038795664,0.06338182866036335,True,True,True
Dual Momentum,2024-10-01 00:00:00-04:00,2024-11-01 00:00:00-04:00,WMT,1,0.5524000994980325,True,True,29,0.0,0.022930173019685363,0.03296986290693482,-0.02107072826689016,-0.0036275018480911303,-0.019607804877414203,0.022930173019685363,True,True,True
Dual Momentum,2024-10-01 00:00:00-04:00,2024-11-01 00:00:00-04:00,MMM,2,0.5340082650774975,True,True,29,0.03571428571428571,-0.0553676433697573,0.039264804571231826,-0.08455888061968575,-0.0036275018480911303,-0.019607804877414203,0.022930173019685363,False,False,False
Dual Momentum,2024-10-01 00:00:00-04:00,2024-11-01 00:00:00-04:00,AXP,3,0.45757232008508586,True,True,29,0.07142857142857142,0.006382806461038726,0.05834655555214696,-0.0185416020583985,-0.0036275018480911303,-0.019607804877414203,0.022930173019685363,True,True,False
Dual Momentum,2024-10-01 00:00:00-04:00,2024-11-01 00:00:00-04:00,IBM,4,0.38797459322601924,True,True,29,0.10714285714285714,-0.0582876754249122,0.07587350106210167,-0.0775960572628347,-0.0036275018480911303,-0.019607804877414203,0.022930173019685363,False,False,False
Dual Momentum,2024-10-01 00:00:00-04:00,2024-11-01 00:00:00-04:00,CAT,5,0.33377269923841113,True,True,29,0.14285714285714285,-0.03026473626851256,0.03151269369765286,-0.05814583074313018,-0.0036275018480911303,-0.019607804877414203,0.022930173019685363,False,False,False
Dual Momentum,2024-10-01 00:00:00-04:00,2024-11-01 00:00:00-04:00,GS,6,0.3058763660984154,True,False,29,0.17857142857142858,0.05139723975830024,0.09286678780761015,-0.020987462734335716,-0.0036275018480911303,-0.019607804877414203,0.022930173019685363,True,True,True
Dual Momentum,2024-10-01 00:00:00-04:00,2024-11-01 00:00:00-04:00,JPM,7,0.26001324458007846,True,False,29,0.21428571428571427,0.07673525187639263,0.0920993606640581,-0.02182861475697495,-0.0036275018480911303,-0.019607804877414203,0.022930173019685363,True,True,True
Dual Momentum,2024-10-01 00:00:00-04:00,2024-11-01 00:00:00-04:00,VZ,8,0.25810412822011397,True,False,29,0.25,-0.04854257161181197,0.007117261912053641,-0.07948995390211566,-0.0036275018480911303,-0.019607804877414203,0.022930173019685363,False,False,False
Dual Momentum,2024-10-01 00:00:00-04:00,2024-11-01 00:00:00-04:00,TRV,9,0.2538172200855864,True,False,29,0.2857142857142857,0.05606232126925881,0.15448201043579624,-0.037988865182470466,-0.0036275018480911303,-0.019607804877414203,0.022930173019685363,True,True,True
Dual Momentum,2024-10-01 00:00:00-04:00,2024-11-01 00:00:00-04:00,KO,10,0.2510173905279416,True,False,29,0.32142857142857145,-0.09195578464658416,0.009015277942234778,-0.09486847795987063,-0.0036275018480911303,-0.019607804877414203,0.022930173019685363,False,False,False
Dual Momentum,2024-10-01 00:00:00-04:00,2024-11-01 00:00:00-04:00,PG,11,0.21096750424162236,True,False,29,0.35714285714285715,-0.04016448884771373,0.009639646266174973,-0.041441957679462016,-0.0036275018480911303,-0.019607804877414203,0.022930173019685363,False,False,False
Dual Momentum,2024-10-01 00:00:00-04:00,2024-11-01 00:00:00-04:00,AAPL,12,0.20820399157308866,True,False,29,0.39285714285714285,-0.03725167611187552,0.03472455564318966,-0.03725167611187552,-0.0036275018480911303,-0.019607804877414203,0.022930173019685363,False,False,False
Dual Momentum,2024-10-01 00:00:00-04:00,2024-11-01 00:00:00-04:00,HD,13,0.18882515551675727,True,False,29,0.42857142857142855,-0.02282068965471551,0.04341368111781119,-0.03705272014095762,-0.0036275018480911303,-0.019607804877414203,0.022930173019685363,False,False,False
Dual Momentum,2024-10-01 00:00:00-04:00,2024-11-01 00:00:00-04:00,MSFT,14,0.15071076775617875,True,False,29,0.4642857142857143,-0.047166703543597754,0.023456576393784845,-0.05348003285382241,-0.0036275018480911303,-0.019607804877414203,0.022930173019685363,False,False,False
Dual Momentum,2024-10-01 00:00:00-04:00,2024-11-01 00:00:00-04:00,AMGN,15,0.14162235925221922,True,False,29,0.5,-0.010433250040029485,0.0221084495947641,-0.03546036388653184,-0.0036275018480911303,-0.019607804877414203,0.022930173019685363,False,True,False
Dual Momentum,2024-10-01 00:00:00-04:00,2024-11-01 00:00:00-04:00,UNH,16,0.12700565814335296,True,False,29,0.5357142857142857,-0.033982904494233135,0.04039310822937536,-0.07179455124260514,-0.0036275018480911303,-0.019607804877414203,0.022930173019685363,False,False,False
Dual Momentum,2024-10-01 00:00:00-04:00,2024-11-01 00:00:00-04:00,CSCO,17,0.08034001895544929,True,False,29,0.5714285714285714,0.038567960263265366,0.08258474065160604,-0.01506306209502506,-0.0036275018480911303,-0.019607804877414203,0.022930173019685363,True,True,True
Dual Momentum,2024-10-01 00:00:00-04:00,2024-11-01 00:00:00-04:00,DIS,18,0.06895767869164127,True,False,29,0.6071428571428571,0.005357661865003971,0.024687460563791896,-0.039184837092143154,-0.0036275018480911303,-0.019607804877414203,0.022930173019685363,True,True,False
Dual Momentum,2024-10-01 00:00:00-04:00,2024-11-01 00:00:00-04:00,MRK,19,0.06401746813009224,True,False,29,0.6428571428571429,-0.10687975077266898,0.007283273409290469,-0.1347841955522442,-0.0036275018480911303,-0.019607804877414203,0.022930173019685363,False,False,False
Dual Momentum,2024-10-01 00:00:00-04:00,2024-11-01 00:00:00-04:00,V,20,0.06192752355051789,True,False,29,0.6785714285714286,0.041593144615723165,0.06993557664949845,-0.013467010764254272,-0.0036275018480911303,-0.019607804877414203,0.022930173019685363,True,True,True
Dual Momentum,2024-10-01 00:00:00-04:00,2024-11-01 00:00:00-04:00,JNJ,21,0.05926555512474696,True,False,29,0.7142857142857143,-0.011389747279697549,0.026595829052836972,-0.022471344934071213,-0.0036275018480911303,-0.019607804877414203,0.022930173019685363,False,True,False
Dual Momentum,2024-10-01 00:00:00-04:00,2024-11-01 00:00:00-04:00,MCD,22,0.04794621687141576,True,False,29,0.75,-0.032839713550022576,0.0439720424763248,-0.0481759528554615,-0.0036275018480911303,-0.019607804877414203,0.022930173019685363,False,False,False
Dual Momentum,2024-10-01 00:00:00-04:00,2024-11-01 00:00:00-04:00,CRM,23,0.035187209021092736,False,False,29,0.7857142857142857,0.058692536414392205,0.09651984453244666,-0.016232625553544322,-0.0036275018480911303,-0.019607804877414203,0.022930173019685363,True,True,True
Dual Momentum,2024-10-01 00:00:00-04:00,2024-11-01 00:00:00-04:00,DOW,24,0.027315522748925236,False,False,29,0.8214285714285714,-0.092908121098216,0.019333003223438894,-0.09950516663330666,-0.0036275018480911303,-0.019607804877414203,0.022930173019685363,False,False,False
Dual Momentum,2024-10-01 00:00:00-04:00,2024-11-01 00:00:00-04:00,CVX,25,0.006528427566113715,False,False,29,0.8571428571428571,0.04188571407056063,0.052839457466607564,-0.0061497035718390824,-0.0036275018480911303,-0.019607804877414203,0.022930173019685363,True,True,True
Dual Momentum,2024-10-01 00:00:00-04:00,2024-11-01 00:00:00-04:00,HON,26,0.004397914031389449,False,False,29,0.8928571428571429,-0.0006781001141641374,0.08017250505084639,-0.023397687074213747,-0.0036275018480911303,-0.019607804877414203,0.022930173019685363,True,True,False
Dual Momentum,2024-10-01 00:00:00-04:00,2024-11-01 00:00:00-04:00,NKE,27,-0.17791039801663666,False,False,29,0.9285714285714286,-0.12443174794921796,0.018636356700550527,-0.14545453433108513,-0.0036275018480911303,-0.019607804877414203,0.022930173019685363,False,False,False
Dual Momentum,2024-10-01 00:00:00-04:00,2024-11-01 00:00:00-04:00,BA,28,-0.41601693980494303,False,False,29,0.9642857142857143,0.008715119549171702,0.0790967595173242,-0.035917088341896775,-0.0036275018480911303,-0.019607804877414203,0.022930173019685363,True,True,False
Dual Momentum,2024-10-01 00:00:00-04:00,2024-11-01 00:00:00-04:00,INTC,29,-0.5281961920121447,False,False,29,1.0,-0.019607804877414203,0.015345295157740857,-0.08482522799565129,-0.0036275018480911303,-0.019607804877414203,0.022930173019685363,False,False,False
Dual Momentum,2024-11-01 00:00:00-04:00,2024-12-02 00:00:00-05:00,MMM,1,0.6487849800637611,True,True,29,0.0,0.04491444525248656,0.060721643286520965,-0.02833354866216009,0.05539799412702706,0.08238946481383524,0.10359028405442894,False,False,False
Dual Momentum,2024-11-01 00:00:00-04:00,2024-12-02 00:00:00-05:00,WMT,2,0.4749375833518037,True,True,29,0.03571428571428571,0.1246819017396601,0.1246819017396601,-0.01199561224297363,0.05539799412702706,0.08238946481383524,0.10359028405442894,True,True,True
Dual Momentum,2024-11-01 00:00:00-04:00,2024-12-02 00:00:00-05:00,GS,3,0.3748041317965962,True,True,29,0.07142857142857142,0.17502301272042753,0.17832684918873887,-0.01825003731543695,0.05539799412702706,0.08238946481383524,0.10359028405442894,True,True,True
Dual Momentum,2024-11-01 00:00:00-04:00,2024-12-02 00:00:00-05:00,AXP,4,0.34058514229157777,True,True,29,0.10714285714285714,0.12453163835528214,0.13044452248612592,-0.009511626114861671,0.05539799412702706,0.08238946481383524,0.10359028405442894,True,True,True
Dual Momentum,2024-11-01 00:00:00-04:00,2024-12-02 00:00:00-05:00,JPM,5,0.29987217738953253,True,True,29,0.14285714285714285,0.1162551437577315,0.13754699857959696,-0.01963675096986761,0.05539799412702706,0.08238946481383524,0.10359028405442894,True,True,True
Dual Momentum,2024-11-01 00:00:00-04:00,2024-12-02 00:00:00-05:00,CAT,6,0.23654049903055419,True,False,29,0.17857142857142858,0.07773683187388936,0.10693789300612866,-0.007326722084655235,0.05539799412702706,0.08238946481383524,0.10359028405442894,True,False,False
Dual Momentum,2024-11-01 00:00:00-04:00,2024-12-02 00:00:00-05:00,AAPL,7,0.21356771832936094,True,False,29,0.21428571428571427,0.07494701743382182,0.07739343928405518,-0.005702196897105494,0.05539799412702706,0.08238946481383524,0.10359028405442894,True,False,False
Dual Momentum,2024-11-01 00:00:00-04:00,2024-12-02 00:00:00-05:00,TRV,8,0.17616290974070692,True,False,29,0.25,0.08366454296364645,0.09112660602503442,-0.01910132533128006,0.05539799412702706,0.08238946481383524,0.10359028405442894,True,True,False
Dual Momentum,2024-11-01 00:00:00-04:00,2024-12-02 00:00:00-05:00,IBM,9,0.13706823088889086,True,False,29,0.2857142857142857,0.10359028405442894,0.11746403533181682,-0.01058874029968726,0.05539799412702706,0.08238946481383524,0.10359028405442894,True,True,True
Dual Momentum,2024-11-01 00:00:00-04:00,2024-12-02 00:00:00-05:00,UNH,10,0.12621299943143183,True,False,29,0.32142857142857145,0.08649491539705112,0.11609918500569538,-0.018969345361493306,0.05539799412702706,0.08238946481383524,0.10359028405442894,True,True,False
Dual Momentum,2024-11-01 00:00:00-04:00,2024-12-02 00:00:00-05:00,CSCO,11,0.11829690587203223,True,False,29,0.35714285714285715,0.08238946481383524,0.09371580515078382,-0.0038363699804658813,0.05539799412702706,0.08238946481383524,0.10359028405442894,True,False,False
Dual Momentum,2024-11-01 00:00:00-04:00,2024-12-02 00:00:00-05:00,HD,12,0.11445319206204707,True,False,29,0.39285714285714285,0.0923483089198025,0.11289261408562457,-0.03313076661554426,0.05539799412702706,0.08238946481383524,0.10359028405442894,True,True,False
Dual Momentum,2024-11-01 00:00:00-04:00,2024-12-02 00:00:00-05:00,KO,13,0.0954086811433994,True,False,29,0.42857142857142855,-0.014269115550853195,0.002902129797825115,-0.062318574374698565,0.05539799412702706,0.08238946481383524,0.10359028405442894,False,False,False
Dual Momentum,2024-11-01 00:00:00-04:00,2024-12-02 00:00:00-05:00,HON,14,0.059465286772240944,True,False,29,0.4642857142857143,0.13596366082691014,0.17683842051744625,-0.0024722461596300427,0.05539799412702706,0.08238946481383524,0.10359028405442894,True,True,True
Dual Momentum,2024-11-01 00:00:00-04:00,2024-12-02 00:00:00-05:00,PG,15,0.056852277502298154,True,False,29,0.5,0.08353999884533736,0.09146466398748099,-0.03327076319728517,0.05539799412702706,0.08238946481383524,0.10359028405442894,True,True,False
Dual Momentum,2024-11-01 00:00:00-04:00,2024-12-02 00:00:00-05:00,V,16,0.05219750870670681,True,False,29,0.5357142857142857,0.10056652259588228,0.10056652259588228,-0.004506179891761941,0.05539799412702706,0.08238946481383524,0.10359028405442894,True,True,False
Dual Momentum,2024-11-01 00:00:00-04:00,2024-12-02 00:00:00-05:00,VZ,17,0.04005967844342995,True,False,29,0.5714285714285714,0.05104461012503925,0.061965607850279936,-0.048670709082681674,0.05539799412702706,0.08238946481383524,0.10359028405442894,False,False,False
Dual Momentum,2024-11-01 00:00:00-04:00,2024-12-02 00:00:00-05:00,JNJ,18,0.03314132396037284,False,False,29,0.6071428571428571,-0.02857322598996337,0.0029891376389699076,-0.06115311755286068,0.05539799412702706,0.08238946481383524,0.10359028405442894,False,False,False
Dual Momentum,2024-11-01 00:00:00-04:00,2024-12-02 00:00:00-05:00,CRM,19,0.031231403302423466,False,False,29,0.6428571428571429,0.1439202723685038,0.20201204134199613,-0.0007925127575416635,0.05539799412702706,0.08238946481383524,0.10359028405442894,True,True,True
Dual Momentum,2024-11-01 00:00:00-04:00,2024-12-02 00:00:00-05:00,CVX,20,0.03005192489554842,False,False,29,0.6785714285714286,0.08457694033522611,0.09102757600379396,-0.005115417111439591,0.05539799412702706,0.08238946481383524,0.10359028405442894,True,True,False
Dual Momentum,2024-11-01 00:00:00-04:00,2024-12-02 00:00:00-05:00,MSFT,21,0.009963486094459073,False,False,29,0.7142857142857143,0.03471566539058313,0.051657077984505584,-0.00841050630434137,0.05539799412702706,0.08238946481383524,0.10359028405442894,False,False,False
Dual Momentum,2024-11-01 00:00:00-04:00,2024-12-02 00:00:00-05:00,AMGN,22,0.008186931433497913,False,False,29,0.75,-0.10779809461239032,0.02999796087512574,-0.18459451310818087,0.05539799412702706,0.08238946481383524,0.10359028405442894,False,False,False
Dual Momentum,2024-11-01 00:00:00-04:00,2024-12-02 00:00:00-05:00,MCD,23,-0.002281738358060892,False,False,29,0.7857142857142857,0.0025653746349947326,0.0315777780739237,-0.0375198399550819,0.05539799412702706,0.08238946481383524,0.10359028405442894,False,False,False
Dual Momentum,2024-11-01 00:00:00-04:00,2024-12-02 00:00:00-05:00,DIS,24,-0.004287814746620877,False,False,29,0.8214285714285714,0.23072096864649883,0.2351097694162363,-0.009090858358731468,0.05539799412702706,0.08238946481383524,0.10359028405442894,True,True,True
Dual Momentum,2024-11-01 00:00:00-04:00,2024-12-02 00:00:00-05:00,DOW,25,-0.04209961683925212,False,False,29,0.8571428571428571,-0.09120381970375613,0.0044444691051135354,-0.12464643076382886,0.05539799412702706,0.08238946481383524,0.10359028405442894,False,False,False
Dual Momentum,2024-11-01 00:00:00-04:00,2024-12-02 00:00:00-05:00,MRK,26,-0.17488465097305295,False,False,29,0.8928571428571429,-0.0004911631200720246,0.016408050408259767,-0.07172320235924834,0.05539799412702706,0.08238946481383524,0.10359028405442894,False,False,False
Dual Momentum,2024-11-01 00:00:00-04:00,2024-12-02 00:00:00-05:00,NKE,27,-0.23295331942461073,False,False,29,0.9285714285714286,0.01645290322018189,0.03646975702604194,-0.05632704953252743,0.05539799412702706,0.08238946481383524,0.10359028405442894,False,False,False
Dual Momentum,2024-11-01 00:00:00-04:00,2024-12-02 00:00:00-05:00,BA,28,-0.2883561350936298,False,False,29,0.9642857142857143,0.020487006858365353,0.03194138579528372,-0.10308941043226583,0.05539799412702706,0.08238946481383524,0.10359028405442894,False,False,False
Dual Momentum,2024-11-01 00:00:00-04:00,2024-12-02 00:00:00-05:00,INTC,29,-0.49704302069881057,False,False,29,1.0,0.0800000066342561,0.14913044805112086,-0.04739131098208216,0.05539799412702706,0.08238946481383524,0.10359028405442894,True,False,False
Dual Momentum,2024-12-02 00:00:00-05:00,2025-01-02 00:00:00-05:00,MMM,1,0.7694069986670948,True,True,29,0.0,-0.02426413124972826,0.015352345432428693,-0.0611098940424446,-0.01923189734636621,-0.02844902741823785,-0.008688122537812037,False,True,False
Dual Momentum,2024-12-02 00:00:00-05:00,2025-01-02 00:00:00-05:00,WMT,2,0.5895470845460471,True,True,29,0.03571428571428571,-0.02844902741823785,0.03619921684834915,-0.040002302341021756,-0.01923189734636621,-0.02844902741823785,-0.008688122537812037,False,False,False
Dual Momentum,2024-12-02 00:00:00-05:00,2025-01-02 00:00:00-05:00,GS,3,0.5868973732818907,True,True,29,0.07142857142857142,-0.047187398119651225,0.006430876882452585,-0.10445721661590834,-0.01923189734636621,-0.02844902741823785,-0.008688122537812037,False,False,False
Dual Momentum,2024-12-02 00:00:00-05:00,2025-01-02 00:00:00-05:00,AXP,4,0.3991408580395077,True,True,29,0.10714285714285714,-0.02028000355163606,0.0020901168031657313,-0.06459619599883992,-0.01923189734636621,-0.02844902741823785,-0.008688122537812037,False,True,False
Dual Momentum,2024-12-02 00:00:00-05:00,2025-01-02 00:00:00-05:00,JPM,5,0.37145135249204975,True,True,29,0.14285714285714285,-0.034582270739582754,0.0028050368250127633,-0.08022437075723077,-0.01923189734636621,-0.02844902741823785,-0.008688122537812037,False,False,False
Dual Momentum,2024-12-02 00:00:00-05:00,2025-01-02 00:00:00-05:00,AAPL,6,0.3257751654621879,True,False,29,0.17857142857142858,0.0491422408529687,0.09621958359558924,-0.0004636094254260037,-0.01923189734636621,-0.02844902741823785,-0.008688122537812037,True,True,True
Dual Momentum,2024-12-02 00:00:00-05:00,2025-01-02 00:00:00-05:00,UNH,7,0.2611808059994716,True,False,29,0.21428571428571427,-0.16946507722947957,0.014381163224610027,-0.22207647561076094,-0.01923189734636621,-0.02844902741823785,-0.008688122537812037,False,False,False
Dual Momentum,2024-12-02 00:00:00-05:00,2025-01-02 00:00:00-05:00,CSCO,8,0.2534144733159678,True,False,29,0.25,0.0003375808151573345,0.016540007544678215,-0.03341778072974033,-0.01923189734636621,-0.02844902741823785,-0.008688122537812037,True,True,True
Dual Momentum,2024-12-02 00:00:00-05:00,2025-01-02 00:00:00-05:00,IBM,9,0.24071255896991972,True,False,29,0.2857142857142857,-0.024967081861818397,0.05208779432254529,-0.04329673522259492,-0.01923189734636621,-0.02844902741823785,-0.008688122537812037,False,True,False
Dual Momentum,2024-12-02 00:00:00-05:00,2025-01-02 00:00:00-05:00,TRV,10,0.23275024426180213,True,False,29,0.32142857142857145,-0.0896903607089814,0.00011226668259500805,-0.1199801932282164,-0.01923189734636621,-0.02844902741823785,-0.008688122537812037,False,False,False
Dual Momentum,2024-12-02 00:00:00-05:00,2025-01-02 00:00:00-05:00,CAT,11,0.21984173481678626,True,False,29,0.35714285714285715,-0.10295481325411904,0.00552213170127569,-0.12325134771018498,-0.01923189734636621,-0.02844902741823785,-0.008688122537812037,False,False,False
Dual Momentum,2024-12-02 00:00:00-05:00,2025-01-02 00:00:00-05:00,HON,12,0.1909377888979802,True,False,29,0.39285714285714285,-0.02624467747789483,0.021956337086337374,-0.043012160239465747,-0.01923189734636621,-0.02844902741823785,-0.008688122537812037,False,True,False
Dual Momentum,2024-12-02 00:00:00-05:00,2025-01-02 00:00:00-05:00,VZ,13,0.15697304970339854,True,False,29,0.42857142857142855,-0.09577597492092826,0.003388116603114222,-0.11000687684382149,-0.01923189734636621,-0.02844902741823785,-0.008688122537812037,False,False,False
Dual Momentum,2024-12-02 00:00:00-05:00,2025-01-02 00:00:00-05:00,PG,14,0.14932154240792372,True,False,29,0.4642857142857143,-0.06157874610800462,0.005806211329123068,-0.07123711698431856,-0.01923189734636621,-0.02844902741823785,-0.008688122537812037,False,False,False
Dual Momentum,2024-12-02 00:00:00-05:00,2025-01-02 00:00:00-05:00,HD,15,0.14355807381915664,True,False,29,0.5,-0.08594402699321957,0.01715620029987086,-0.107109583896973,-0.01923189734636621,-0.02844902741823785,-0.008688122537812037,False,False,False
Dual Momentum,2024-12-02 00:00:00-05:00,2025-01-02 00:00:00-05:00,V,16,0.11914613734157742,True,False,29,0.5357142857142857,0.0027772166014801147,0.014894402753215186,-0.03237599192530538,-0.01923189734636621,-0.02844902741823785,-0.008688122537812037,True,True,True
Dual Momentum,2024-12-02 00:00:00-05:00,2025-01-02 00:00:00-05:00,KO,17,0.10930815667134097,True,False,29,0.5714285714285714,-0.026541913960426156,0.0021857827162834464,-0.03934441929056165,-0.01923189734636621,-0.02844902741823785,-0.008688122537812037,False,True,False
Dual Momentum,2024-12-02 00:00:00-05:00,2025-01-02 00:00:00-05:00,CVX,18,0.08394330466311528,True,False,29,0.6071428571428571,-0.11133562885582216,0.004066816744182855,-0.14145038409791078,-0.01923189734636621,-0.02844902741823785,-0.008688122537812037,False,False,False
Dual Momentum,2024-12-02 00:00:00-05:00,2025-01-02 00:00:00-05:00,DIS,19,0.054148655426583314,True,False,29,0.6428571428571429,-0.04741929508320364,0.007216832084655289,-0.0633666909268561,-0.01923189734636621,-0.02844902741823785,-0.008688122537812037,False,False,False
Dual Momentum,2024-12-02 00:00:00-05:00,2025-01-02 00:00:00-05:00,CRM,20,0.0459950823650459,True,False,29,0.6785714285714286,0.01413787367515007,0.111445869847282,-0.025150531184961133,-0.01923189734636621,-0.02844902741823785,-0.008688122537812037,True,True,True
Dual Momentum,2024-12-02 00:00:00-05:00,2025-01-02 00:00:00-05:00,AMGN,21,0.03148682146540893,False,False,29,0.7142857142857143,-0.07054742420133508,0.0010990785980220519,-0.10202784130669185,-0.01923189734636621,-0.02844902741823785,-0.008688122537812037,False,False,False
Dual Momentum,2024-12-02 00:00:00-05:00,2025-01-02 00:00:00-05:00,MCD,22,0.03073463260063347,False,False,29,0.75,-0.008688122537812037,0.035093751227913694,-0.016763156356838116,-0.01923189734636621,-0.02844902741823785,-0.008688122537812037,True,True,True
Dual Momentum,2024-12-02 00:00:00-05:00,2025-01-02 00:00:00-05:00,MSFT,23,0.022957689321099428,False,False,29,0.7857142857142857,0.0074968314352135135,0.0800172611807215,-0.004033546824290801,-0.01923189734636621,-0.02844902741823785,-0.008688122537812037,True,True,True
Dual Momentum,2024-12-02 00:00:00-05:00,2025-01-02 00:00:00-05:00,JNJ,24,-0.021019117554760602,False,False,29,0.8214285714285714,-0.06151874955435788,0.001615508885298933,-0.07754456683724298,-0.01923189734636621,-0.02844902741823785,-0.008688122537812037,False,False,False
Dual Momentum,2024-12-02 00:00:00-05:00,2025-01-02 00:00:00-05:00,DOW,25,-0.17397134149726423,False,False,29,0.8571428571428571,-0.0892049587030802,0.006097571481639585,-0.12262872593191654,-0.01923189734636621,-0.02844902741823785,-0.008688122537812037,False,False,False
Dual Momentum,2024-12-02 00:00:00-05:00,2025-01-02 00:00:00-05:00,MRK,26,-0.18411266145410343,False,False,29,0.8928571428571429,-0.006362742332136628,0.032831999638248455,-0.03073807158047137,-0.01923189734636621,-0.02844902741823785,-0.008688122537812037,True,True,True
Dual Momentum,2024-12-02 00:00:00-05:00,2025-01-02 00:00:00-05:00,NKE,27,-0.22035173908933936,False,False,29,0.9285714285714286,-0.02143225769739132,0.041837789867539055,-0.04324941847252339,-0.01923189734636621,-0.02844902741823785,-0.008688122537812037,False,True,False
Dual Momentum,2024-12-02 00:00:00-05:00,2025-01-02 00:00:00-05:00,BA,28,-0.22279998779296872,False,False,29,0.9642857142857143,0.14367258912410774,0.1709961069585204,-0.0162915046197204,-0.01923189734636621,-0.02844902741823785,-0.008688122537812037,True,True,True
Dual Momentum,2024-12-02 00:00:00-05:00,2025-01-02 00:00:00-05:00,INTC,29,-0.4454388826450625,False,False,29,1.0,-0.18558778510600293,0.02576487060052446,-0.2391304548135751,-0.01923189734636621,-0.02844902741823785,-0.008688122537812037,False,False,False
Dual Momentum,2025-01-02 00:00:00-05:00,2025-02-03 00:00:00-05:00,WMT,1,0.5402742270535144,True,True,29,0.0,0.07546119713082122,0.1002444795518691,-0.005112321590414193,0.00556490245392216,0.0016100291591740756,0.0669292000111894,True,True,True
Dual Momentum,2025-01-02 00:00:00-05:00,2025-02-03 00:00:00-05:00,AAPL,2,0.48854621570284995,True,True,29,0.03571428571428571,-0.07608560980484891,0.0006829768719587292,-0.11870807115287696,0.00556490245392216,0.0016100291591740756,0.0669292000111894,False,False,False
Dual Momentum,2025-01-02 00:00:00-05:00,2025-02-03 00:00:00-05:00,GS,3,0.41988108643410627,True,True,29,0.07142857142857142,0.0805959478070537,0.12202455029295223,-0.038925541315591006,0.00556490245392216,0.0016100291591740756,0.0669292000111894,True,True,True
Dual Momentum,2025-01-02 00:00:00-05:00,2025-02-03 00:00:00-05:00,MMM,4,0.4151477939957975,True,True,29,0.10714285714285714,0.14498398232654752,0.18965365964719072,-0.010054475601336765,0.00556490245392216,0.0016100291591740756,0.0669292000111894,True,True,True
Dual Momentum,2025-01-02 00:00:00-05:00,2025-02-03 00:00:00-05:00,AXP,5,0.32743549677361306,True,True,29,0.14285714285714285,0.04307997134207131,0.09012350524094503,-0.027184888521885053,0.00556490245392216,0.0016100291591740756,0.0669292000111894,True,True,False
Dual Momentum,2025-01-02 00:00:00-05:00,2025-02-03 00:00:00-05:00,CSCO,6,0.22882916811568887,True,False,29,0.17857142857142858,0.022442216627922118,0.05862436046313224,-0.011871320820869613,0.00556490245392216,0.0016100291591740756,0.0669292000111894,True,True,False
Dual Momentum,2025-01-02 00:00:00-05:00,2025-02-03 00:00:00-05:00,JPM,7,0.22664170886793,True,False,29,0.21428571428571427,0.09240512410805257,0.12991347685914367,-0.006101615606323718,0.00556490245392216,0.0016100291591740756,0.0669292000111894,True,True,True
Dual Momentum,2025-01-02 00:00:00-05:00,2025-02-03 00:00:00-05:00,IBM,8,0.1950392416371609,True,False,29,0.25,0.137859618461889,0.18023621217197827,-0.03250372573097282,0.00556490245392216,0.0016100291591740756,0.0669292000111894,True,True,True
Dual Momentum,2025-01-02 00:00:00-05:00,2025-02-03 00:00:00-05:00,HON,9,0.1459451958560114,True,False,29,0.2857142857142857,-0.020126026829572763,0.008367530190646066,-0.05491699452015886,0.00556490245392216,0.0016100291591740756,0.0669292000111894,False,False,False
Dual Momentum,2025-01-02 00:00:00-05:00,2025-02-03 00:00:00-05:00,V,10,0.14158511237231886,True,False,29,0.32142857142857145,0.0699225059576698,0.1053242789628579,-0.04386705315534645,0.00556490245392216,0.0016100291591740756,0.0669292000111894,True,True,True
Dual Momentum,2025-01-02 00:00:00-05:00,2025-02-03 00:00:00-05:00,UNH,11,0.1170442377162535,True,False,29,0.35714285714285715,0.0669292000111894,0.08643692638002354,-0.010236237711088614,0.00556490245392216,0.0016100291591740756,0.0669292000111894,True,True,True
Dual Momentum,2025-01-02 00:00:00-05:00,2025-02-03 00:00:00-05:00,CRM,12,0.10446934616180537,True,False,29,0.39285714285714285,-0.0010109935401213521,0.09152256222378341,-0.06693227589932704,0.00556490245392216,0.0016100291591740756,0.0669292000111894,False,False,False
Dual Momentum,2025-01-02 00:00:00-05:00,2025-02-03 00:00:00-05:00,HD,13,0.09131793911538111,True,False,29,0.42857142857142855,0.0356769605423215,0.08685893811832912,-0.030678576492177534,0.00556490245392216,0.0016100291591740756,0.0669292000111894,True,True,False
Dual Momentum,2025-01-02 00:00:00-05:00,2025-02-03 00:00:00-05:00,TRV,14,0.07158304175001295,True,False,29,0.4642857142857143,0.0016100291591740756,0.050323973463904714,-0.04953976723669162,0.00556490245392216,0.0016100291591740756,0.0669292000111894,False,False,False
Dual Momentum,2025-01-02 00:00:00-05:00,2025-02-03 00:00:00-05:00,PG,15,0.06337043690547883,True,False,29,0.5,-0.009584277294568566,0.01717084420542303,-0.0631804310987023,0.00556490245392216,0.0016100291591740756,0.0669292000111894,False,False,False
Dual Momentum,2025-01-02 00:00:00-05:00,2025-02-03 00:00:00-05:00,MCD,16,0.06299183295142385,True,False,29,0.5357142857142857,-0.013507623337327246,0.016532041095674854,-0.049561883431033404,0.00556490245392216,0.0016100291591740756,0.0669292000111894,False,False,False
Dual Momentum,2025-01-02 00:00:00-05:00,2025-02-03 00:00:00-05:00,KO,17,0.05822739171903435,True,False,29,0.5714285714285714,0.013311989867220264,0.031114701012884716,-0.02774656236559958,0.00556490245392216,0.0016100291591740756,0.0669292000111894,True,True,False
Dual Momentum,2025-01-02 00:00:00-05:00,2025-02-03 00:00:00-05:00,CAT,18,0.005615013205061636,False,False,29,0.6071428571428571,-9.577741519639638e-05,0.12470669175652183,-0.042981068049566695,0.00556490245392216,0.0016100291591740756,0.0669292000111894,False,False,False
Dual Momentum,2025-01-02 00:00:00-05:00,2025-02-03 00:00:00-05:00,MSFT,19,0.0038715419963533115,False,False,29,0.6428571428571429,-0.032735615345496294,0.053697633323972704,-0.03298671747119919,0.00556490245392216,0.0016100291591740756,0.0669292000111894,False,False,False
Dual Momentum,2025-01-02 00:00:00-05:00,2025-02-03 00:00:00-05:00,VZ,20,-0.01393052991744681,False,False,29,0.6785714285714286,-0.0005853679993655936,0.03933030322362008,-0.04431446819333973,0.00556490245392216,0.0016100291591740756,0.0669292000111894,False,False,False
Dual Momentum,2025-01-02 00:00:00-05:00,2025-02-03 00:00:00-05:00,AMGN,21,-0.03539810968091073,False,False,29,0.7142857142857143,0.09432430727289587,0.09432430727289587,-0.019566720966707307,0.00556490245392216,0.0016100291591740756,0.0669292000111894,True,True,True
Dual Momentum,2025-01-02 00:00:00-05:00,2025-02-03 00:00:00-05:00,BA,22,-0.058710878963570856,False,False,29,0.75,-0.02355446697183672,0.057035490483944296,-0.07677641539368896,0.00556490245392216,0.0016100291591740756,0.0669292000111894,False,False,False
Dual Momentum,2025-01-02 00:00:00-05:00,2025-02-03 00:00:00-05:00,JNJ,23,-0.06121688976690853,False,False,29,0.7857142857142857,0.046615869006154664,0.06135105628680715,-0.031329658524845594,0.00556490245392216,0.0016100291591740756,0.0669292000111894,True,True,False
Dual Momentum,2025-01-02 00:00:00-05:00,2025-02-03 00:00:00-05:00,CVX,24,-0.07274928157243676,False,False,29,0.8214285714285714,0.0241958965136142,0.11197439846667878,0.0,0.00556490245392216,0.0016100291591740756,0.0669292000111894,True,True,False
Dual Momentum,2025-01-02 00:00:00-05:00,2025-02-03 00:00:00-05:00,DIS,25,-0.08517032084496023,False,False,29,0.8571428571428571,-0.0031333146226004693,0.031154899419350013,-0.049597072491826766,0.00556490245392216,0.0016100291591740756,0.0669292000111894,False,False,False
Dual Momentum,2025-01-02 00:00:00-05:00,2025-02-03 00:00:00-05:00,NKE,26,-0.15674525071034973,False,False,29,0.8928571428571429,-0.01770482291914821,0.034229505359014034,-0.07777034638545988,0.00556490245392216,0.0016100291591740756,0.0669292000111894,False,False,False
Dual Momentum,2025-01-02 00:00:00-05:00,2025-02-03 00:00:00-05:00,MRK,27,-0.22093505635082944,False,False,29,0.9285714285714286,-0.02143995792207376,0.026824929821198884,-0.051156736173673334,0.00556490245392216,0.0016100291591740756,0.0669292000111894,False,False,False
Dual Momentum,2025-01-02 00:00:00-05:00,2025-02-03 00:00:00-05:00,DOW,28,-0.29471763119383754,False,False,29,0.9642857142857143,-0.05281421176681744,0.04572270068764728,-0.07041902500444608,0.00556490245392216,0.0016100291591740756,0.0669292000111894,False,False,False
Dual Momentum,2025-01-02 00:00:00-05:00,2025-02-03 00:00:00-05:00,INTC,29,-0.5389361732923557,False,False,29,1.0,-0.062283749747556794,0.10776076888308195,-0.07414730765901845,0.00556490245392216,0.0016100291591740756,0.0669292000111894,False,False,False
Dual Momentum,2025-02-03 00:00:00-05:00,2025-03-03 00:00:00-05:00,WMT,1,0.6680607125133438,True,True,29,0.0,0.012503939599813219,0.0881472520108233,-0.04805204366091609,0.0059223891656297045,0.031084686640632242,0.07336264741243448,True,False,False
Dual Momentum,2025-02-03 00:00:00-05:00,2025-03-03 00:00:00-05:00,MMM,2,0.6050427081745196,True,True,29,0.03571428571428571,0.04750678564615729,0.0475068705810322,-0.045051138341308694,0.0059223891656297045,0.031084686640632242,0.07336264741243448,True,True,False
Dual Momentum,2025-02-03 00:00:00-05:00,2025-03-03 00:00:00-05:00,IBM,3,0.5797224807231136,True,True,29,0.07142857142857142,0.015994886788178286,0.05727444891228228,-0.01670964550831966,0.0059223891656297045,0.031084686640632242,0.07336264741243448,True,False,False
Dual Momentum,2025-02-03 00:00:00-05:00,2025-03-03 00:00:00-05:00,GS,4,0.526324024891788,True,True,29,0.10714285714285714,-0.0008208248936860674,0.07378575620349448,-0.03194884231701933,0.0059223891656297045,0.031084686640632242,0.07336264741243448,False,False,False
Dual Momentum,2025-02-03 00:00:00-05:00,2025-03-03 00:00:00-05:00,JPM,5,0.41767464463289006,True,True,29,0.14285714285714285,0.008287892131081387,0.07035123606061022,-0.03238731232511949,0.0059223891656297045,0.031084686640632242,0.07336264741243448,True,False,False
Dual Momentum,2025-02-03 00:00:00-05:00,2025-03-03 00:00:00-05:00,AAPL,6,0.39055889099149743,True,False,29,0.17857142857142858,0.05246243948609419,0.08819896953925532,-0.018653021620321564,0.0059223891656297045,0.031084686640632242,0.07336264741243448,True,True,False
Dual Momentum,2025-02-03 00:00:00-05:00,2025-03-03 00:00:00-05:00,AXP,7,0.3672523928896154,True,False,29,0.21428571428571427,-0.03446619515975624,0.0354271660974641,-0.0725839106374252,0.0059223891656297045,0.031084686640632242,0.07336264741243448,False,False,False
Dual Momentum,2025-02-03 00:00:00-05:00,2025-03-03 00:00:00-05:00,CSCO,8,0.31983674515395677,True,False,29,0.25,0.06977897249912335,0.10483475182519464,-0.01063298561639181,0.0059223891656297045,0.031084686640632242,0.07336264741243448,True,True,False
Dual Momentum,2025-02-03 00:00:00-05:00,2025-03-03 00:00:00-05:00,V,9,0.2798169290499928,True,False,29,0.2857142857142857,0.06944345894756632,0.07238968321333905,-0.0022353228400735503,0.0059223891656297045,0.031084686640632242,0.07336264741243448,True,True,False
Dual Momentum,2025-02-03 00:00:00-05:00,2025-03-03 00:00:00-05:00,CRM,10,0.2759734154816118,True,False,29,0.32142857142857145,-0.1040866768684402,0.035925863734402874,-0.13042837707955957,0.0059223891656297045,0.031084686640632242,0.07336264741243448,False,False,False
Dual Momentum,2025-02-03 00:00:00-05:00,2025-03-03 00:00:00-05:00,HD,11,0.25534542752835376,True,False,29,0.35714285714285715,-0.022579579230181834,0.02925236289430755,-0.06874821396085196,0.0059223891656297045,0.031084686640632242,0.07336264741243448,False,False,False
Dual Momentum,2025-02-03 00:00:00-05:00,2025-03-03 00:00:00-05:00,HON,12,0.17910218627782726,True,False,29,0.39285714285714285,-0.03431990612300395,0.014382063870923334,-0.0942021733372087,0.0059223891656297045,0.031084686640632242,0.07336264741243448,False,False,False
Dual Momentum,2025-02-03 00:00:00-05:00,2025-03-03 00:00:00-05:00,TRV,13,0.17132548623492339,True,False,29,0.42857142857142855,0.06648256847713019,0.06664755389172772,-0.023328697793267295,0.0059223891656297045,0.031084686640632242,0.07336264741243448,True,True,False
Dual Momentum,2025-02-03 00:00:00-05:00,2025-03-03 00:00:00-05:00,UNH,14,0.13462921649054427,True,False,29,0.4642857142857143,-0.12477860714939149,0.021974120192862046,-0.19095947044025086,0.0059223891656297045,0.031084686640632242,0.07336264741243448,False,False,False
Dual Momentum,2025-02-03 00:00:00-05:00,2025-03-03 00:00:00-05:00,CAT,15,0.12282883396732047,True,False,29,0.5,-0.04533973790433554,0.015158832831291269,-0.07664640312389104,0.0059223891656297045,0.031084686640632242,0.07336264741243448,False,False,False
Dual Momentum,2025-02-03 00:00:00-05:00,2025-03-03 00:00:00-05:00,JNJ,16,0.07741985679657781,True,False,29,0.5357142857142857,0.09395040064115467,0.10369868501652912,-0.00802632382041546,0.0059223891656297045,0.031084686640632242,0.07336264741243448,True,True,True
Dual Momentum,2025-02-03 00:00:00-05:00,2025-03-03 00:00:00-05:00,MCD,17,0.07685100307787529,True,False,29,0.5714285714285714,0.07967718893235465,0.09591660409197345,-0.009859893668001107,0.0059223891656297045,0.031084686640632242,0.07336264741243448,True,True,True
Dual Momentum,2025-02-03 00:00:00-05:00,2025-03-03 00:00:00-05:00,MSFT,18,0.07006309123858823,True,False,29,0.6071428571428571,-0.0291067183091942,0.02077440055029256,-0.05892839155402951,0.0059223891656297045,0.031084686640632242,0.07336264741243448,False,False,False
Dual Momentum,2025-02-03 00:00:00-05:00,2025-03-03 00:00:00-05:00,AMGN,19,0.06506303790386214,True,False,29,0.6428571428571429,0.07986140954487864,0.11837003624838305,-0.012233835421642136,0.0059223891656297045,0.031084686640632242,0.07336264741243448,True,True,True
Dual Momentum,2025-02-03 00:00:00-05:00,2025-03-03 00:00:00-05:00,BA,20,0.05171596832673875,True,False,29,0.6785714285714286,0.016713592854564308,0.0835678766340362,-0.013095162663283144,0.0059223891656297045,0.031084686640632242,0.07336264741243448,True,False,False
Dual Momentum,2025-02-03 00:00:00-05:00,2025-03-03 00:00:00-05:00,KO,21,0.050666566720137585,True,False,29,0.7142857142857143,0.11174427869201775,0.135960714570301,-0.013137039809906104,0.0059223891656297045,0.031084686640632242,0.07336264741243448,True,True,True
Dual Momentum,2025-02-03 00:00:00-05:00,2025-03-03 00:00:00-05:00,VZ,22,0.04786221577632843,True,False,29,0.75,0.0928517210207751,0.11854494612230759,-0.004070207118354818,0.0059223891656297045,0.031084686640632242,0.07336264741243448,True,True,True
Dual Momentum,2025-02-03 00:00:00-05:00,2025-03-03 00:00:00-05:00,PG,23,0.03550497695699728,False,False,29,0.7857142857142857,0.04901205221106664,0.05547839036665092,-0.01976187587488687,0.0059223891656297045,0.031084686640632242,0.07336264741243448,True,True,False
Dual Momentum,2025-02-03 00:00:00-05:00,2025-03-03 00:00:00-05:00,DIS,24,0.026866712474767684,False,False,29,0.8214285714285714,0.024427382014112986,0.0650200851594942,-0.03286936382251471,0.0059223891656297045,0.031084686640632242,0.07336264741243448,True,False,False
Dual Momentum,2025-02-03 00:00:00-05:00,2025-03-03 00:00:00-05:00,CVX,25,-0.0537251353678625,False,False,29,0.8571428571428571,0.08207170842761147,0.08350640574059809,-0.008053670793571777,0.0059223891656297045,0.031084686640632242,0.07336264741243448,True,True,True
Dual Momentum,2025-02-03 00:00:00-05:00,2025-03-03 00:00:00-05:00,NKE,26,-0.15520642240201632,False,False,29,0.8928571428571429,0.07336264741243448,0.10066749182534718,-0.08384513318298081,0.0059223891656297045,0.031084686640632242,0.07336264741243448,True,True,True
Dual Momentum,2025-02-03 00:00:00-05:00,2025-03-03 00:00:00-05:00,MRK,27,-0.21933610936896797,False,False,29,0.9285714285714286,-0.06471008112678422,0.020584982462032997,-0.17415667540640123,0.0059223891656297045,0.031084686640632242,0.07336264741243448,False,False,False
Dual Momentum,2025-02-03 00:00:00-05:00,2025-03-03 00:00:00-05:00,DOW,28,-0.28487148174016264,False,False,29,0.9642857142857143,0.031084686640632242,0.04947636107088571,-0.04031415928717497,0.0059223891656297045,0.031084686640632242,0.07336264741243448,True,False,False
Dual Momentum,2025-02-03 00:00:00-05:00,2025-03-03 00:00:00-05:00,INTC,29,-0.3556719112761697,False,False,29,1.0,0.31787036926250756,0.4522931067090714,-0.010015742413613582,0.0059223891656297045,0.031084686640632242,0.07336264741243448,True,True,True
Dual Momentum,2025-03-03 00:00:00-05:00,2025-04-01 00:00:00-04:00,MMM,1,0.5966664126312824,True,True,29,0.0,-0.0630223735470129,0.005466277193026503,-0.094662450580967,-0.0621507302691362,-0.04674640960838261,-0.0122121821089205,False,False,False
Dual Momentum,2025-03-03 00:00:00-05:00,2025-04-01 00:00:00-04:00,WMT,2,0.5238344022677,True,True,29,0.03571428571428571,-0.10409891426498263,0.015411251838144402,-0.14400909109807747,-0.0621507302691362,-0.04674640960838261,-0.0122121821089205,False,False,False
Dual Momentum,2025-03-03 00:00:00-05:00,2025-04-01 00:00:00-04:00,IBM,3,0.5228380468531655,True,True,29,0.07142857142857142,-0.02634052648756069,0.0459683992182669,-0.0687760489834528,-0.0621507302691362,-0.04674640960838261,-0.0122121821089205,True,True,False
Dual Momentum,2025-03-03 00:00:00-05:00,2025-04-01 00:00:00-04:00,CSCO,4,0.4174022565587592,True,True,29,0.10714285714285714,-0.04674640960838261,0.007609844205842542,-0.08013656512171186,-0.0621507302691362,-0.04674640960838261,-0.0122121821089205,True,False,False
Dual Momentum,2025-03-03 00:00:00-05:00,2025-04-01 00:00:00-04:00,GS,5,0.3832184804930987,True,True,29,0.14285714285714285,-0.12716883428691794,0.010250650116568893,-0.16442790693807696,-0.0621507302691362,-0.04674640960838261,-0.0122121821089205,False,False,False
Dual Momentum,2025-03-03 00:00:00-05:00,2025-04-01 00:00:00-04:00,JPM,6,0.3490229523688779,True,False,29,0.17857142857142858,-0.08098481636017896,0.008787906531131595,-0.1506439608560156,-0.0621507302691362,-0.04674640960838261,-0.0122121821089205,False,False,False
Dual Momentum,2025-03-03 00:00:00-05:00,2025-04-01 00:00:00-04:00,V,7,0.3460071694605493,True,False,29,0.21428571428571427,-0.034600600221798894,0.009752089655432172,-0.10088153677539524,-0.0621507302691362,-0.04674640960838261,-0.0122121821089205,True,True,False
Dual Momentum,2025-03-03 00:00:00-05:00,2025-04-01 00:00:00-04:00,AXP,8,0.2786375729808066,True,False,29,0.25,-0.11840233532982125,0.006734561352958579,-0.15894238037430974,-0.0621507302691362,-0.04674640960838261,-0.0122121821089205,False,False,False
Dual Momentum,2025-03-03 00:00:00-05:00,2025-04-01 00:00:00-04:00,AAPL,9,0.27718721928855095,True,False,29,0.2857142857142857,-0.0909053417325204,0.009264260537503954,-0.13801230756200955,-0.0621507302691362,-0.04674640960838261,-0.0122121821089205,False,False,False
Dual Momentum,2025-03-03 00:00:00-05:00,2025-04-01 00:00:00-04:00,TRV,10,0.24542058618153528,True,False,29,0.32142857142857145,0.028344460010291783,0.03509663956042619,-0.037275446877112484,-0.0621507302691362,-0.04674640960838261,-0.0122121821089205,True,True,True
Dual Momentum,2025-03-03 00:00:00-05:00,2025-04-01 00:00:00-04:00,MCD,11,0.23852370297909276,True,False,29,0.35714285714285715,0.016130627647664042,0.05910216460473938,-0.04024522056661939,-0.0621507302691362,-0.04674640960838261,-0.0122121821089205,True,True,True
Dual Momentum,2025-03-03 00:00:00-05:00,2025-04-01 00:00:00-04:00,HD,12,0.22877542828341446,True,False,29,0.39285714285714285,-0.07683364269207138,0.000302292766084733,-0.12469805194313388,-0.0621507302691362,-0.04674640960838261,-0.0122121821089205,False,False,False
Dual Momentum,2025-03-03 00:00:00-05:00,2025-04-01 00:00:00-04:00,KO,13,0.1776535599529807,True,False,29,0.42857142857142855,0.028031847919401276,0.042426012725848894,-0.022164912994992014,-0.0621507302691362,-0.04674640960838261,-0.0122121821089205,True,True,True
Dual Momentum,2025-03-03 00:00:00-05:00,2025-04-01 00:00:00-04:00,JNJ,14,0.17016403762623966,True,False,29,0.4642857142857143,-0.025642731657509743,0.030492198005244164,-0.0266732759476469,-0.0621507302691362,-0.04674640960838261,-0.0122121821089205,True,True,False
Dual Momentum,2025-03-03 00:00:00-05:00,2025-04-01 00:00:00-04:00,VZ,15,0.15034298596453954,True,False,29,0.5,0.0588918709035835,0.10242087736477146,-0.04166676902499633,-0.0621507302691362,-0.04674640960838261,-0.0122121821089205,True,True,True
Dual Momentum,2025-03-03 00:00:00-05:00,2025-04-01 00:00:00-04:00,DIS,16,0.12096447927105047,True,False,29,0.5357142857142857,-0.13807307619274944,0.012974518812072455,-0.16104146310788459,-0.0621507302691362,-0.04674640960838261,-0.0122121821089205,False,False,False
Dual Momentum,2025-03-03 00:00:00-05:00,2025-04-01 00:00:00-04:00,CRM,17,0.10856064777491681,True,False,29,0.5714285714285714,-0.10677757984139002,0.0068771007449128785,-0.13890360016938263,-0.0621507302691362,-0.04674640960838261,-0.0122121821089205,False,False,False
Dual Momentum,2025-03-03 00:00:00-05:00,2025-04-01 00:00:00-04:00,HON,18,0.08575103596131006,True,False,29,0.6071428571428571,-0.0122121821089205,0.02222526386428436,-0.04206436525065049,-0.0621507302691362,-0.04674640960838261,-0.0122121821089205,True,True,True
Dual Momentum,2025-03-03 00:00:00-05:00,2025-04-01 00:00:00-04:00,PG,19,0.08507404616267422,True,False,29,0.6428571428571429,-0.01734078348086321,0.03692828394723535,-0.06556060378444717,-0.0621507302691362,-0.04674640960838261,-0.0122121821089205,True,True,False
Dual Momentum,2025-03-03 00:00:00-05:00,2025-04-01 00:00:00-04:00,AMGN,20,0.05004108674827523,True,False,29,0.6785714285714286,0.010542084027892917,0.092861469484123,-0.012461796181721274,-0.0621507302691362,-0.04674640960838261,-0.0122121821089205,True,True,True
Dual Momentum,2025-03-03 00:00:00-05:00,2025-04-01 00:00:00-04:00,CVX,21,0.021197706025440022,False,False,29,0.7142857142857143,0.049103088896431446,0.05957615294658991,-0.07349799217441788,-0.0621507302691362,-0.04674640960838261,-0.0122121821089205,True,True,True
Dual Momentum,2025-03-03 00:00:00-05:00,2025-04-01 00:00:00-04:00,CAT,22,0.004018100033159389,False,False,29,0.75,-0.05931591510357992,0.013750163569484108,-0.083278204887833,-0.0621507302691362,-0.04674640960838261,-0.0122121821089205,True,False,False
Dual Momentum,2025-03-03 00:00:00-05:00,2025-04-01 00:00:00-04:00,BA,23,-0.0025702361408267427,False,False,29,0.7857142857142857,-0.03965655916297506,0.04169014487574252,-0.17834146741759005,-0.0621507302691362,-0.04674640960838261,-0.0122121821089205,True,True,False
Dual Momentum,2025-03-03 00:00:00-05:00,2025-04-01 00:00:00-04:00,UNH,24,-0.04601713860859247,False,False,29,0.8214285714285714,0.113027350546131,0.11806613004809408,-0.019309829366097375,-0.0621507302691362,-0.04674640960838261,-0.0122121821089205,True,True,True
Dual Momentum,2025-03-03 00:00:00-05:00,2025-04-01 00:00:00-04:00,MSFT,25,-0.07382806849922119,False,False,29,0.8571428571428571,-0.060603910340834344,0.008349496648207388,-0.07745021040155642,-0.0621507302691362,-0.04674640960838261,-0.0122121821089205,True,False,False
Dual Momentum,2025-03-03 00:00:00-05:00,2025-04-01 00:00:00-04:00,NKE,26,-0.12494680213908038,False,False,29,0.8928571428571429,-0.2020252676177362,0.012126531399027307,-0.21677715263432262,-0.0621507302691362,-0.04674640960838261,-0.0122121821089205,False,False,False
Dual Momentum,2025-03-03 00:00:00-05:00,2025-04-01 00:00:00-04:00,INTC,27,-0.23114832865573443,False,False,29,0.9285714285714286,-0.09760002136230472,0.05639999389648431,-0.22839996337890622,-0.0621507302691362,-0.04674640960838261,-0.0122121821089205,False,False,False
Dual Momentum,2025-03-03 00:00:00-05:00,2025-04-01 00:00:00-04:00,MRK,28,-0.2531479080611144,False,False,29,0.9642857142857143,-0.013670013829252925,0.06090652480780756,-0.04301269923748641,-0.0621507302691362,-0.04674640960838261,-0.0122121821089205,True,True,False
Dual Momentum,2025-03-03 00:00:00-05:00,2025-04-01 00:00:00-04:00,DOW,29,-0.30310024720211404,False,False,29,1.0,-0.10835269347180887,0.0005172086555651489,-0.12257557670457997,-0.0621507302691362,-0.04674640960838261,-0.0122121821089205,False,False,False
Dual Momentum,2025-04-01 00:00:00-04:00,2025-05-01 00:00:00-04:00,IBM,1,0.48958711437422364,True,True,29,0.0,-0.0265694460325675,0.019191061215023897,-0.13518541100554193,0.005238186997322369,-0.0265694460325675,0.004464210963665227,False,False,False
Dual Momentum,2025-04-01 00:00:00-04:00,2025-05-01 00:00:00-04:00,MMM,2,0.44585798115892694,True,True,29,0.03571428571428571,-0.050926708540343535,0.020521657898361134,-0.1628003170900748,0.005238186997322369,-0.0265694460325675,0.004464210963665227,False,False,False
Dual Momentum,2025-04-01 00:00:00-04:00,2025-05-01 00:00:00-04:00,CSCO,3,0.33069920419170495,True,True,29,0.07142857142857142,-0.052366143734959625,0.010752685498973458,-0.1453581723430919,0.005238186997322369,-0.0265694460325675,0.004464210963665227,False,False,False
Dual Momentum,2025-04-01 00:00:00-04:00,2025-05-01 00:00:00-04:00,V,4,0.3219641077593891,True,True,29,0.10714285714285714,-0.013868189202723702,2.856342185619809e-05,-0.14678685270305314,0.005238186997322369,-0.0265694460325675,0.004464210963665227,False,True,False
Dual Momentum,2025-04-01 00:00:00-04:00,2025-05-01 00:00:00-04:00,WMT,5,0.30344156227801533,True,True,29,0.14285714285714285,0.10829326747227408,0.11697512076065952,-0.08830248742402969,0.005238186997322369,-0.0265694460325675,0.004464210963665227,True,True,True
Dual Momentum,2025-04-01 00:00:00-04:00,2025-05-01 00:00:00-04:00,TRV,6,0.2941277372476827,True,False,29,0.17857142857142858,-0.01222638586669722,0.004603927772637073,-0.13045280019189043,0.005238186997322369,-0.0265694460325675,0.004464210963665227,False,True,False
Dual Momentum,2025-04-01 00:00:00-04:00,2025-05-01 00:00:00-04:00,JPM,7,0.25246017206394056,True,False,29,0.21428571428571427,0.007071891736010416,0.023660036829937336,-0.16163047524704222,0.005238186997322369,-0.0265694460325675,0.004464210963665227,True,True,True
Dual Momentum,2025-04-01 00:00:00-04:00,2025-05-01 00:00:00-04:00,GS,8,0.24446732151407358,True,False,29,0.25,0.008927472386488278,0.04430712608571774,-0.1912012091134332,0.005238186997322369,-0.0265694460325675,0.004464210963665227,True,True,True
Dual Momentum,2025-04-01 00:00:00-04:00,2025-05-01 00:00:00-04:00,MCD,9,0.23136938836243037,True,False,29,0.2857142857142857,0.00022356591725958275,0.027788484838739524,-0.07212205159167728,0.005238186997322369,-0.0265694460325675,0.004464210963665227,False,True,False
Dual Momentum,2025-04-01 00:00:00-04:00,2025-05-01 00:00:00-04:00,AXP,10,0.18735811229052035,True,False,29,0.32142857142857145,0.01185261712126473,0.04357650150137782,-0.1677511756723492,0.005238186997322369,-0.0265694460325675,0.004464210963665227,True,True,True
Dual Momentum,2025-04-01 00:00:00-04:00,2025-05-01 00:00:00-04:00,VZ,11,0.16736161494530433,True,False,29,0.35714285714285715,-0.022355845364468885,0.015388023072092194,-0.10134088013678266,0.005238186997322369,-0.0265694460325675,0.004464210963665227,False,True,False
Dual Momentum,2025-04-01 00:00:00-04:00,2025-05-01 00:00:00-04:00,JNJ,12,0.1645255115959987,True,False,29,0.39285714285714285,-0.035649852903129275,0.006719354568299973,-0.11964157417246113,0.005238186997322369,-0.0265694460325675,0.004464210963665227,False,False,False
Dual Momentum,2025-04-01 00:00:00-04:00,2025-05-01 00:00:00-04:00,KO,13,0.14526836928683284,True,False,29,0.42857142857142855,0.004464210963665227,0.03766733261188504,-0.07854337553548585,0.005238186997322369,-0.0265694460325675,0.004464210963665227,False,True,True
Dual Momentum,2025-04-01 00:00:00-04:00,2025-05-01 00:00:00-04:00,CVX,14,0.1053179501583672,True,False,29,0.4642857142857143,-0.1905073998879071,0.007830790064903281,-0.21071189397542767,0.005238186997322369,-0.0265694460325675,0.004464210963665227,False,False,False
Dual Momentum,2025-04-01 00:00:00-04:00,2025-05-01 00:00:00-04:00,HD,15,0.09230112706696048,True,False,29,0.5,-0.010518035030070205,0.022436373049187663,-0.10388864725968905,0.005238186997322369,-0.0265694460325675,0.004464210963665227,False,True,False
Dual Momentum,2025-04-01 00:00:00-04:00,2025-05-01 00:00:00-04:00,UNH,16,0.08929790563456241,True,False,29,0.5357142857142857,-0.21763607965499643,0.1533458253301947,-0.23726550737374796,0.005238186997322369,-0.0265694460325675,0.004464210963665227,False,False,False
Dual Momentum,2025-04-01 00:00:00-04:00,2025-05-01 00:00:00-04:00,CRM,17,0.06587643143890687,True,False,29,0.5714285714285714,0.018484097588624016,0.018484097588624016,-0.14453602720907022,0.005238186997322369,-0.0265694460325675,0.004464210963665227,True,True,True
Dual Momentum,2025-04-01 00:00:00-04:00,2025-05-01 00:00:00-04:00,PG,18,0.04131894934917746,True,False,29,0.6071428571428571,-0.05222804147323501,0.024799287280910187,-0.08137425897243822,0.005238186997322369,-0.0265694460325675,0.004464210963665227,False,False,False
Dual Momentum,2025-04-01 00:00:00-04:00,2025-05-01 00:00:00-04:00,AAPL,19,0.040992689209714994,True,False,29,0.6428571428571429,-0.04881481723375769,0.02447573723125429,-0.2301987897260046,0.005238186997322369,-0.0265694460325675,0.004464210963665227,False,False,False
Dual Momentum,2025-04-01 00:00:00-04:00,2025-05-01 00:00:00-04:00,CAT,20,0.018601318357876373,False,False,29,0.6785714285714286,-0.043211979092473984,0.02856176590391546,-0.1825938926629831,0.005238186997322369,-0.0265694460325675,0.004464210963665227,False,False,False
Dual Momentum,2025-04-01 00:00:00-04:00,2025-05-01 00:00:00-04:00,AMGN,21,0.01623552643760684,False,False,29,0.7142857142857143,-0.07579369259629243,0.013909499208905496,-0.1390302726520174,0.005238186997322369,-0.0265694460325675,0.004464210963665227,False,False,False
Dual Momentum,2025-04-01 00:00:00-04:00,2025-05-01 00:00:00-04:00,HON,22,0.003367115758600603,False,False,29,0.75,-0.0033631293129188222,0.02510540067814282,-0.15039544872705013,0.005238186997322369,-0.0265694460325675,0.004464210963665227,False,True,False
Dual Momentum,2025-04-01 00:00:00-04:00,2025-05-01 00:00:00-04:00,DIS,23,-0.025205921170207035,False,False,29,0.7857142857142857,-0.0717047365433282,0.0027461009347482523,-0.1853132867641386,0.005238186997322369,-0.0265694460325675,0.004464210963665227,False,False,False
Dual Momentum,2025-04-01 00:00:00-04:00,2025-05-01 00:00:00-04:00,BA,24,-0.06553061100788193,False,False,29,0.8214285714285714,0.07558827119715072,0.08547058105468741,-0.24188232421875,0.005238186997322369,-0.0265694460325675,0.004464210963665227,True,True,True
Dual Momentum,2025-04-01 00:00:00-04:00,2025-05-01 00:00:00-04:00,MSFT,25,-0.16465558323134077,False,False,29,0.8571428571428571,0.15070069252944007,0.15070069252944007,-0.07970089128327307,0.005238186997322369,-0.0265694460325675,0.004464210963665227,True,True,True
Dual Momentum,2025-04-01 00:00:00-04:00,2025-05-01 00:00:00-04:00,INTC,26,-0.2528910784443096,False,False,29,0.8928571428571429,-0.10372341347438696,0.0593971712903103,-0.2167552972255432,0.005238186997322369,-0.0265694460325675,0.004464210963665227,False,False,False
Dual Momentum,2025-04-01 00:00:00-04:00,2025-05-01 00:00:00-04:00,MRK,27,-0.2923223104335202,False,False,29,0.9285714285714286,-0.05838450232845649,0.0,-0.15398332458398933,0.005238186997322369,-0.0265694460325675,0.004464210963665227,False,False,False
Dual Momentum,2025-04-01 00:00:00-04:00,2025-05-01 00:00:00-04:00,DOW,28,-0.30871780428563256,False,False,29,0.9642857142857143,-0.1102088786272698,0.020011379711010413,-0.27320184660863966,0.005238186997322369,-0.0265694460325675,0.004464210963665227,False,False,False
Dual Momentum,2025-04-01 00:00:00-04:00,2025-05-01 00:00:00-04:00,NKE,29,-0.3161378842395388,False,False,29,1.0,-0.11201637630274486,0.024596462379960382,-0.18094945995730993,0.005238186997322369,-0.0265694460325675,0.004464210963665227,False,False,False
Dual Momentum,2025-05-01 00:00:00-04:00,2025-06-02 00:00:00-04:00,WMT,1,0.4078094709679003,True,True,29,0.0,0.021222235270360157,0.028035517141772992,-0.050585712508726344,0.04887824673712604,0.04454472323308711,0.07507397326269905,False,False,False
Dual Momentum,2025-05-01 00:00:00-04:00,2025-06-02 00:00:00-04:00,V,2,0.3281142340355374,True,True,29,0.03571428571428571,0.05148580141545267,0.0699781990135484,-0.015799501323078946,0.04887824673712604,0.04454472323308711,0.07507397326269905,True,True,False
Dual Momentum,2025-05-01 00:00:00-04:00,2025-06-02 00:00:00-04:00,IBM,3,0.2924043488517589,True,True,29,0.07142857142857142,0.07507397326269905,0.12272999978635868,-0.014454959649907284,0.04887824673712604,0.04454472323308711,0.07507397326269905,True,True,True
Dual Momentum,2025-05-01 00:00:00-04:00,2025-06-02 00:00:00-04:00,TRV,4,0.25034130457336334,True,True,29,0.10714285714285714,0.04454472323308711,0.06070446581549516,-0.006303577141290262,0.04887824673712604,0.04454472323308711,0.07507397326269905,False,False,False
Dual Momentum,2025-05-01 00:00:00-04:00,2025-06-02 00:00:00-04:00,MCD,5,0.24440184051895208,True,True,29,0.14285714285714285,-0.002100052251981288,0.02736710067872039,-0.02599382916506432,0.04887824673712604,0.04454472323308711,0.07507397326269905,False,False,False
Dual Momentum,2025-05-01 00:00:00-04:00,2025-06-02 00:00:00-04:00,CSCO,6,0.22856021302909246,True,False,29,0.17857142857142858,0.08566983287154639,0.13793705112276022,-0.0017306762934187203,0.04887824673712604,0.04454472323308711,0.07507397326269905,True,True,True
Dual Momentum,2025-05-01 00:00:00-04:00,2025-06-02 00:00:00-04:00,JPM,7,0.1805262540734789,True,False,29,0.21428571428571427,0.0830999359720288,0.10986653289821047,-0.0027590107850811174,0.04887824673712604,0.04454472323308711,0.07507397326269905,True,True,True
Dual Momentum,2025-05-01 00:00:00-04:00,2025-06-02 00:00:00-04:00,VZ,8,0.15593789458794016,True,False,29,0.25,0.0006853705240374985,0.017820299462879774,-0.034727175150835565,0.04887824673712604,0.04454472323308711,0.07507397326269905,False,False,False
Dual Momentum,2025-05-01 00:00:00-04:00,2025-06-02 00:00:00-04:00,GS,9,0.12896309387825822,True,False,29,0.2857142857142857,0.09758032252570104,0.13262187059314368,-0.004743615584288374,0.04887824673712604,0.04454472323308711,0.07507397326269905,True,True,True
Dual Momentum,2025-05-01 00:00:00-04:00,2025-06-02 00:00:00-04:00,MMM,10,0.12731048953247392,True,False,29,0.32142857142857145,0.07458936755873569,0.1189615506356565,-0.004700557801769034,0.04887824673712604,0.04454472323308711,0.07507397326269905,True,True,False
Dual Momentum,2025-05-01 00:00:00-04:00,2025-06-02 00:00:00-04:00,KO,11,0.10945005466841962,True,False,29,0.35714285714285715,0.00041685695195115,0.009583563059887945,-0.04749982908182693,0.04887824673712604,0.04454472323308711,0.07507397326269905,False,False,False
Dual Momentum,2025-05-01 00:00:00-04:00,2025-06-02 00:00:00-04:00,AXP,12,0.08363784871376545,True,False,29,0.39285714285714285,0.09085833111189179,0.13291037494537483,-0.005522429053463229,0.04887824673712604,0.04454472323308711,0.07507397326269905,True,True,True
Dual Momentum,2025-05-01 00:00:00-04:00,2025-06-02 00:00:00-04:00,HON,13,0.061728139588118625,True,False,29,0.42857142857142855,0.0748556589205489,0.08866154312616548,-0.0043251557357189,0.04887824673712604,0.04454472323308711,0.07507397326269905,True,True,False
Dual Momentum,2025-05-01 00:00:00-04:00,2025-06-02 00:00:00-04:00,CRM,14,0.0435912969562644,True,False,29,0.4642857142857143,-0.037637189431367624,0.08284567206306281,-0.06912954010342653,0.04887824673712604,0.04454472323308711,0.07507397326269905,False,False,False
Dual Momentum,2025-05-01 00:00:00-04:00,2025-06-02 00:00:00-04:00,HD,15,0.01446936965604495,False,False,29,0.5,0.01343290202566605,0.08170748843443043,-0.008825671528641998,0.04887824673712604,0.04454472323308711,0.07507397326269905,False,False,False
Dual Momentum,2025-05-01 00:00:00-04:00,2025-06-02 00:00:00-04:00,JNJ,16,0.009276972995303279,False,False,29,0.5357142857142857,0.0051892727432159,0.018967714929413626,-0.05729030726276907,0.04887824673712604,0.04454472323308711,0.07507397326269905,False,False,False
Dual Momentum,2025-05-01 00:00:00-04:00,2025-06-02 00:00:00-04:00,DIS,17,-0.008541192372519713,False,False,29,0.5714285714285714,0.2345788167738163,0.2429058817797196,-0.01818772298333271,0.04887824673712604,0.04454472323308711,0.07507397326269905,True,True,True
Dual Momentum,2025-05-01 00:00:00-04:00,2025-06-02 00:00:00-04:00,BA,18,-0.01181031801282717,False,False,29,0.6071428571428571,0.15384188506998675,0.16095155424342855,-0.004484590083932094,0.04887824673712604,0.04454472323308711,0.07507397326269905,True,True,True
Dual Momentum,2025-05-01 00:00:00-04:00,2025-06-02 00:00:00-04:00,AAPL,19,-0.02302879133590441,False,False,29,0.6428571428571429,-0.040832982347857816,0.02621004246961478,-0.07571263990691635,0.04887824673712604,0.04454472323308711,0.07507397326269905,False,False,False
Dual Momentum,2025-05-01 00:00:00-04:00,2025-06-02 00:00:00-04:00,PG,20,-0.02578405659502947,False,False,29,0.6785714285714286,0.052035312222888264,0.06429720116123683,-0.024710749628547246,0.04887824673712604,0.04454472323308711,0.07507397326269905,True,True,False
Dual Momentum,2025-05-01 00:00:00-04:00,2025-06-02 00:00:00-04:00,MSFT,21,-0.06835573039168485,False,False,29,0.7142857142857143,0.06432566745875623,0.07489576201952364,-0.014404656969413399,0.04887824673712604,0.04454472323308711,0.07507397326269905,True,True,False
Dual Momentum,2025-05-01 00:00:00-04:00,2025-06-02 00:00:00-04:00,CAT,22,-0.09146092622578361,False,False,29,0.75,0.11269183991293508,0.14114562145965803,-0.0011561945645036653,0.04887824673712604,0.04454472323308711,0.07507397326269905,True,True,True
Dual Momentum,2025-05-01 00:00:00-04:00,2025-06-02 00:00:00-04:00,CVX,23,-0.10263199111264609,False,False,29,0.7857142857142857,0.03512682951521806,0.06121688406637826,-0.005907530815124962,0.04887824673712604,0.04454472323308711,0.07507397326269905,False,False,False
Dual Momentum,2025-05-01 00:00:00-04:00,2025-06-02 00:00:00-04:00,AMGN,24,-0.10476690869083471,False,False,29,0.8214285714285714,0.003916986847651849,0.015921129417999946,-0.08922097617737579,0.04887824673712604,0.04454472323308711,0.07507397326269905,False,False,False
Dual Momentum,2025-05-01 00:00:00-04:00,2025-06-02 00:00:00-04:00,NKE,25,-0.22190447139801694,False,False,29,0.8571428571428571,0.06649731335322673,0.12473539440887405,-0.007410056128814624,0.04887824673712604,0.04454472323308711,0.07507397326269905,True,True,False
Dual Momentum,2025-05-01 00:00:00-04:00,2025-06-02 00:00:00-04:00,UNH,26,-0.26554208527512224,False,False,29,0.8928571428571429,-0.2630554900283105,0.0016288604935965623,-0.39492366776436905,0.04887824673712604,0.04454472323308711,0.07507397326269905,False,False,False
Dual Momentum,2025-05-01 00:00:00-04:00,2025-06-02 00:00:00-04:00,MRK,27,-0.3175496572996339,False,False,29,0.9285714285714286,-0.08862869089137315,0.0023666616583051248,-0.1325286590400384,0.04887824673712604,0.04454472323308711,0.07507397326269905,False,False,False
Dual Momentum,2025-05-01 00:00:00-04:00,2025-06-02 00:00:00-04:00,INTC,28,-0.3439018363259311,False,False,29,0.9642857142857143,-0.036597418212048316,0.13155291482405174,-0.045004939580343684,0.04887824673712604,0.04454472323308711,0.07507397326269905,False,False,False
Dual Momentum,2025-05-01 00:00:00-04:00,2025-06-02 00:00:00-04:00,DOW,29,-0.3932896012499948,False,False,29,1.0,-0.07596856941699881,0.0557367298316378,-0.09028678594018225,0.04887824673712604,0.04454472323308711,0.07507397326269905,False,False,False
Dual Momentum,2025-06-02 00:00:00-04:00,2025-07-01 00:00:00-04:00,V,1,0.35604537166911654,True,True,29,0.0,-0.02467125291954808,0.035118770815799616,-0.07677033946995826,0.05175951002140766,0.035020428822377214,0.1006980625197571,False,False,False
Dual Momentum,2025-06-02 00:00:00-04:00,2025-07-01 00:00:00-04:00,IBM,2,0.3314056442599982,True,True,29,0.03571428571428571,0.14233075760989422,0.148574724233683,-0.0024432998561170205,0.05175951002140766,0.035020428822377214,0.1006980625197571,True,True,True
Dual Momentum,2025-06-02 00:00:00-04:00,2025-07-01 00:00:00-04:00,WMT,3,0.3063220221463534,True,True,29,0.07142857142857142,-0.01254556663686568,0.020740562099893278,-0.054734862921223204,0.05175951002140766,0.035020428822377214,0.1006980625197571,False,False,False
Dual Momentum,2025-06-02 00:00:00-04:00,2025-07-01 00:00:00-04:00,CSCO,4,0.2696040116036349,True,True,29,0.10714285714285714,0.10600984708518069,0.11238633489840577,-0.0003188340173699844,0.05175951002140766,0.035020428822377214,0.1006980625197571,True,True,True
Dual Momentum,2025-06-02 00:00:00-04:00,2025-07-01 00:00:00-04:00,DIS,5,0.24907473836252292,True,True,29,0.14285714285714285,0.1006980625197571,0.11130399064361574,-0.007454786607931196,0.05175951002140766,0.035020428822377214,0.1006980625197571,True,True,True
Dual Momentum,2025-06-02 00:00:00-04:00,2025-07-01 00:00:00-04:00,TRV,6,0.24844617921744483,True,False,29,0.17857142857142858,-0.02209668389191255,0.016128896752118926,-0.0494197924162697,0.05175951002140766,0.035020428822377214,0.1006980625197571,False,False,False
Dual Momentum,2025-06-02 00:00:00-04:00,2025-07-01 00:00:00-04:00,JPM,7,0.22006599998469079,True,False,29,0.21428571428571427,0.10596157873006962,0.11265305009913074,-0.010303332077596039,0.05175951002140766,0.035020428822377214,0.1006980625197571,True,True,True
Dual Momentum,2025-06-02 00:00:00-04:00,2025-07-01 00:00:00-04:00,GS,8,0.20854181633277746,True,False,29,0.25,0.1827598823644061,0.19328442691791947,-0.010741718907501308,0.05175951002140766,0.035020428822377214,0.1006980625197571,True,True,True
Dual Momentum,2025-06-02 00:00:00-04:00,2025-07-01 00:00:00-04:00,BA,9,0.19803527112456076,True,False,29,0.2857142857142857,-0.007014862818797041,0.037065160122183194,-0.07441462350069084,0.05175951002140766,0.035020428822377214,0.1006980625197571,False,False,False
Dual Momentum,2025-06-02 00:00:00-04:00,2025-07-01 00:00:00-04:00,AXP,10,0.1625789432117457,True,False,29,0.32142857142857145,0.08407720126919949,0.0950230318648313,-0.021207645159230015,0.05175951002140766,0.035020428822377214,0.1006980625197571,True,True,False
Dual Momentum,2025-06-02 00:00:00-04:00,2025-07-01 00:00:00-04:00,MMM,11,0.14618478525868528,True,False,29,0.35714285714285715,0.02792999431454124,0.033813605383077316,-0.04260493393498932,0.05175951002140766,0.035020428822377214,0.1006980625197571,False,False,False
Dual Momentum,2025-06-02 00:00:00-04:00,2025-07-01 00:00:00-04:00,MSFT,12,0.11892257722905075,True,False,29,0.39285714285714285,0.08399419373058548,0.09336109364514655,-0.0005468784004660776,0.05175951002140766,0.035020428822377214,0.1006980625197571,True,True,False
Dual Momentum,2025-06-02 00:00:00-04:00,2025-07-01 00:00:00-04:00,HON,13,0.11675826531378997,True,False,29,0.42857142857142855,0.03813323576717287,0.03813323576717287,-0.021333480284892015,0.05175951002140766,0.035020428822377214,0.1006980625197571,False,True,False
Dual Momentum,2025-06-02 00:00:00-04:00,2025-07-01 00:00:00-04:00,VZ,14,0.11380391023685821,True,False,29,0.4642857142857143,-0.00867599105798933,0.013698511900608779,-0.050228419513121736,0.05175951002140766,0.035020428822377214,0.1006980625197571,False,False,False
Dual Momentum,2025-06-02 00:00:00-04:00,2025-07-01 00:00:00-04:00,MCD,15,0.10277866509732614,True,False,29,0.5,-0.058668434632261346,0.011778716707026682,-0.0877289468046154,0.05175951002140766,0.035020428822377214,0.1006980625197571,False,False,False
Dual Momentum,2025-06-02 00:00:00-04:00,2025-07-01 00:00:00-04:00,KO,16,0.03055488045073118,False,False,29,0.5357142857142857,-0.0074311020299389074,0.009162831624676349,-0.03833087534552604,0.05175951002140766,0.035020428822377214,0.1006980625197571,False,False,False
Dual Momentum,2025-06-02 00:00:00-04:00,2025-07-01 00:00:00-04:00,PG,17,0.02217201308355632,False,False,29,0.5714285714285714,-0.05407651966286109,0.00011826418865568122,-0.07011005322211283,0.05175951002140766,0.035020428822377214,0.1006980625197571,False,False,False
Dual Momentum,2025-06-02 00:00:00-04:00,2025-07-01 00:00:00-04:00,CRM,18,0.00873588091193156,False,False,29,0.6071428571428571,0.03573190947204119,0.05210081045151105,-0.01988418251933899,0.05175951002140766,0.035020428822377214,0.1006980625197571,False,True,False
Dual Momentum,2025-06-02 00:00:00-04:00,2025-07-01 00:00:00-04:00,HD,19,0.004453377144334469,False,False,29,0.6428571428571429,0.003982477475583446,0.02798853090433262,-0.047106685905095036,0.05175951002140766,0.035020428822377214,0.1006980625197571,False,False,False
Dual Momentum,2025-06-02 00:00:00-04:00,2025-07-01 00:00:00-04:00,CAT,20,0.0032150084208115715,False,False,29,0.6785714285714286,0.11579631702052096,0.12318525348777953,-0.020117185315167263,0.05175951002140766,0.035020428822377214,0.1006980625197571,True,True,True
Dual Momentum,2025-06-02 00:00:00-04:00,2025-07-01 00:00:00-04:00,JNJ,21,-0.023873669441833,False,False,29,0.7142857142857143,-0.009580426784277285,0.020649928068013912,-0.03521487003013857,0.05175951002140766,0.035020428822377214,0.1006980625197571,False,False,False
Dual Momentum,2025-06-02 00:00:00-04:00,2025-07-01 00:00:00-04:00,INTC,22,-0.025909340591458663,False,False,29,0.75,0.14630392445802598,0.20020532393105728,-0.005646750800195388,0.05175951002140766,0.035020428822377214,0.1006980625197571,True,True,True
Dual Momentum,2025-06-02 00:00:00-04:00,2025-07-01 00:00:00-04:00,CVX,23,-0.029872591911306312,False,False,29,0.7857142857142857,0.035020428822377214,0.09863504375062315,-0.01487481215736175,0.05175951002140766,0.035020428822377214,0.1006980625197571,False,False,False
Dual Momentum,2025-06-02 00:00:00-04:00,2025-07-01 00:00:00-04:00,AMGN,24,-0.09638381071337332,False,False,29,0.8214285714285714,-0.019710120444608514,0.04848755524260717,-0.06235128784666544,0.05175951002140766,0.035020428822377214,0.1006980625197571,False,False,False
Dual Momentum,2025-06-02 00:00:00-04:00,2025-07-01 00:00:00-04:00,AAPL,25,-0.116098770596888,False,False,29,0.8571428571428571,0.031905339059412396,0.03550028727213084,-0.026013607056071364,0.05175951002140766,0.035020428822377214,0.1006980625197571,False,False,False
Dual Momentum,2025-06-02 00:00:00-04:00,2025-07-01 00:00:00-04:00,NKE,26,-0.27915936377282746,False,False,29,0.8928571428571429,0.19883424432320007,0.2354704615693859,-0.014321373570532536,0.05175951002140766,0.035020428822377214,0.1006980625197571,True,True,True
Dual Momentum,2025-06-02 00:00:00-04:00,2025-07-01 00:00:00-04:00,MRK,27,-0.32491921398785273,False,False,29,0.9285714285714286,0.03545293303878272,0.07037146606669142,-0.021033435312845183,0.05175951002140766,0.035020428822377214,0.1006980625197571,False,True,False
Dual Momentum,2025-06-02 00:00:00-04:00,2025-07-01 00:00:00-04:00,DOW,28,-0.4456481925661854,False,False,29,0.9642857142857143,-0.04446849138564979,0.12725968161464363,-0.04627617341580237,0.05175951002140766,0.035020428822377214,0.1006980625197571,False,False,False
Dual Momentum,2025-06-02 00:00:00-04:00,2025-07-01 00:00:00-04:00,UNH,29,-0.4799652180643854,False,False,29,1.0,0.03650244659212554,0.05172861628852443,-0.029724262236385246,0.05175951002140766,0.035020428822377214,0.1006980625197571,False,True,False
Dual Momentum,2025-07-01 00:00:00-04:00,2025-08-01 00:00:00-04:00,GS,1,0.46260925062036007,True,True,29,0.0,0.003545254785701779,0.04220332629907486,-0.023587672926308922,0.016126817923419967,-0.011904828237844334,0.020322178697292914,False,True,False
Dual Momentum,2025-07-01 00:00:00-04:00,2025-08-01 00:00:00-04:00,JPM,2,0.40348700994842646,True,True,29,0.03571428571428571,0.003124983507574841,0.04074231897553182,-0.0317287153230561,0.016126817923419967,-0.011904828237844334,0.020322178697292914,False,True,False
Dual Momentum,2025-07-01 00:00:00-04:00,2025-08-01 00:00:00-04:00,BA,3,0.3764945283077499,True,True,29,0.07142857142857142,0.047494018846024666,0.15842483265587703,-0.013031005859375,0.016126817923419967,-0.011904828237844334,0.020322178697292914,True,True,True
Dual Momentum,2025-07-01 00:00:00-04:00,2025-08-01 00:00:00-04:00,IBM,4,0.3609041070412722,True,True,29,0.10714285714285714,-0.14646061714522618,0.0035987108476427387,-0.14646061714522618,0.016126817923419967,-0.011904828237844334,0.020322178697292914,False,False,False
Dual Momentum,2025-07-01 00:00:00-04:00,2025-08-01 00:00:00-04:00,CSCO,5,0.3458032845752794,True,True,29,0.14285714285714285,-0.021101549774522277,0.007318569629771066,-0.028786633022805264,0.016126817923419967,-0.011904828237844334,0.020322178697292914,False,False,False
Dual Momentum,2025-07-01 00:00:00-04:00,2025-08-01 00:00:00-04:00,DIS,6,0.33188553233661455,True,False,29,0.17857142857142858,-0.04785427491681371,0.008987835628946339,-0.04785427491681371,0.016126817923419967,-0.011904828237844334,0.020322178697292914,False,False,False
Dual Momentum,2025-07-01 00:00:00-04:00,2025-08-01 00:00:00-04:00,V,7,0.32372270669235137,True,False,29,0.21428571428571427,-0.027471633875182033,0.016505556498936702,-0.027471633875182033,0.016126817923419967,-0.011904828237844334,0.020322178697292914,False,False,False
Dual Momentum,2025-07-01 00:00:00-04:00,2025-08-01 00:00:00-04:00,WMT,8,0.21011463282269038,True,False,29,0.25,0.0040984310103917565,0.01793035453689984,-0.034528580807592024,0.016126817923419967,-0.011904828237844334,0.020322178697292914,False,True,False
Dual Momentum,2025-07-01 00:00:00-04:00,2025-08-01 00:00:00-04:00,AXP,9,0.20836199808666067,True,False,29,0.2857142857142857,-0.06991342103199516,0.0411479132207897,-0.06991342103199516,0.016126817923419967,-0.011904828237844334,0.020322178697292914,False,False,False
Dual Momentum,2025-07-01 00:00:00-04:00,2025-08-01 00:00:00-04:00,MSFT,10,0.1578578397109558,True,False,29,0.32142857142857145,0.077608043020434,0.12090479518442909,-0.015650403178492867,0.016126817923419967,-0.011904828237844334,0.020322178697292914,True,True,True
Dual Momentum,2025-07-01 00:00:00-04:00,2025-08-01 00:00:00-04:00,TRV,11,0.14620692806326918,True,False,29,0.35714285714285715,-0.022983210162527135,0.010665451220181588,-0.06418054346911306,0.016126817923419967,-0.011904828237844334,0.020322178697292914,False,False,False
Dual Momentum,2025-07-01 00:00:00-04:00,2025-08-01 00:00:00-04:00,HON,12,0.1436361007451017,True,False,29,0.39285714285714285,-0.05227327165487716,0.03484884667323018,-0.05291564365112644,0.016126817923419967,-0.011904828237844334,0.020322178697292914,False,False,False
Dual Momentum,2025-07-01 00:00:00-04:00,2025-08-01 00:00:00-04:00,MMM,13,0.13146330257370487,True,False,29,0.42857142857142855,-0.036184205924809865,0.07993428272998848,-0.04236839751659516,0.016126817923419967,-0.011904828237844334,0.020322178697292914,False,False,False
Dual Momentum,2025-07-01 00:00:00-04:00,2025-08-01 00:00:00-04:00,CAT,14,0.03877295523895352,True,False,29,0.4642857142857143,0.10849779503899182,0.1453117911808397,-0.006052914871199633,0.016126817923419967,-0.011904828237844334,0.020322178697292914,True,True,True
Dual Momentum,2025-07-01 00:00:00-04:00,2025-08-01 00:00:00-04:00,CVX,15,0.02824567086692764,False,False,29,0.5,0.06418301037404239,0.09676310191679005,-0.005790441274312275,0.016126817923419967,-0.011904828237844334,0.020322178697292914,True,True,True
Dual Momentum,2025-07-01 00:00:00-04:00,2025-08-01 00:00:00-04:00,VZ,16,0.02003432413857742,False,False,29,0.5357142857142857,0.013126741393654662,0.017807400758323544,-0.047721772113208716,0.016126817923419967,-0.011904828237844334,0.020322178697292914,False,True,False
Dual Momentum,2025-07-01 00:00:00-04:00,2025-08-01 00:00:00-04:00,KO,17,0.012222163480528403,False,False,29,0.5714285714285714,-0.03366688147907171,0.020566264662726486,-0.045781111214242554,0.016126817923419967,-0.011904828237844334,0.020322178697292914,False,False,False
Dual Momentum,2025-07-01 00:00:00-04:00,2025-08-01 00:00:00-04:00,CRM,18,-0.0008257934433827385,False,False,29,0.6071428571428571,-0.06281234643352707,0.01734790385891749,-0.06453980057296893,0.016126817923419967,-0.011904828237844334,0.020322178697292914,False,False,False
Dual Momentum,2025-07-01 00:00:00-04:00,2025-08-01 00:00:00-04:00,MCD,19,-0.010545848181621076,False,False,29,0.6428571428571429,0.03760691488319168,0.044205166875226576,-0.007657948660059866,0.016126817923419967,-0.011904828237844334,0.020322178697292914,True,True,True
Dual Momentum,2025-07-01 00:00:00-04:00,2025-08-01 00:00:00-04:00,JNJ,20,-0.025288071903529552,False,False,29,0.6785714285714286,0.08156852586979801,0.11104566907558722,-0.0012418460222629601,0.016126817923419967,-0.011904828237844334,0.020322178697292914,True,True,True
Dual Momentum,2025-07-01 00:00:00-04:00,2025-08-01 00:00:00-04:00,INTC,21,-0.048428260520801736,False,False,29,0.7142857142857143,-0.12673533064823972,0.07657863849815394,-0.12673533064823972,0.016126817923419967,-0.011904828237844334,0.020322178697292914,False,False,False
Dual Momentum,2025-07-01 00:00:00-04:00,2025-08-01 00:00:00-04:00,PG,22,-0.05817389154879693,False,False,29,0.75,-0.04417074971368129,0.016574892516589168,-0.05594707451775649,0.016126817923419967,-0.011904828237844334,0.020322178697292914,False,False,False
Dual Momentum,2025-07-01 00:00:00-04:00,2025-08-01 00:00:00-04:00,HD,23,-0.05974660604691362,False,False,29,0.7857142857142857,0.009551575885859087,0.04594615846694361,-0.03260690656028775,0.016126817923419967,-0.011904828237844334,0.020322178697292914,False,True,False
Dual Momentum,2025-07-01 00:00:00-04:00,2025-08-01 00:00:00-04:00,AMGN,24,-0.08513741003993103,False,False,29,0.8214285714285714,0.06089057167312739,0.11167445039343571,-0.0036784355679249092,0.016126817923419967,-0.011904828237844334,0.020322178697292914,True,True,True
Dual Momentum,2025-07-01 00:00:00-04:00,2025-08-01 00:00:00-04:00,AAPL,25,-0.09046599881786088,False,False,29,0.8571428571428571,0.020322178697292914,0.046257337960529776,-0.0025644688827239914,0.016126817923419967,-0.011904828237844334,0.020322178697292914,True,True,True
Dual Momentum,2025-07-01 00:00:00-04:00,2025-08-01 00:00:00-04:00,NKE,26,-0.17908059626863337,False,False,29,0.8928571428571429,0.020141733084220403,0.11112655183311793,-0.013335046643650705,0.016126817923419967,-0.011904828237844334,0.020322178697292914,True,True,False
Dual Momentum,2025-07-01 00:00:00-04:00,2025-08-01 00:00:00-04:00,MRK,27,-0.2914771509940628,False,False,29,0.9285714285714286,-0.011904828237844334,0.07928064286848335,-0.029128616476510882,0.016126817923419967,-0.011904828237844334,0.020322178697292914,False,False,False
Dual Momentum,2025-07-01 00:00:00-04:00,2025-08-01 00:00:00-04:00,UNH,28,-0.45040430862127234,False,False,29,0.9642857142857143,-0.1966855917848087,0.04673521978143991,-0.205853153563204,0.016126817923419967,-0.011904828237844334,0.020322178697292914,False,False,False
Dual Momentum,2025-07-01 00:00:00-04:00,2025-08-01 00:00:00-04:00,DOW,29,-0.46851276173330725,False,False,29,1.0,-0.12996598995760067,0.17014754311687574,-0.13204682793056022,0.016126817923419967,-0.011904828237844334,0.020322178697292914,False,False,False
Dual Momentum,2025-08-01 00:00:00-04:00,2025-09-02 00:00:00-04:00,GS,1,0.43274141017947554,True,True,29,0.0,0.04197268171191304,0.06026647706597754,-0.023166488503217453,0.01788289193432413,0.03676370143534502,0.06893435420372573,True,True,False
Dual Momentum,2025-08-01 00:00:00-04:00,2025-09-02 00:00:00-04:00,BA,2,0.43113350235044035,True,True,29,0.03571428571428571,0.05390750510625364,0.08475737690669671,-0.016176819781843488,0.01788289193432413,0.03676370143534502,0.06893435420372573,True,True,False
Dual Momentum,2025-08-01 00:00:00-04:00,2025-09-02 00:00:00-04:00,JPM,3,0.35417869496029364,True,True,29,0.07142857142857142,0.03395312504597037,0.04321621740889836,-0.02121213426851909,0.01788289193432413,0.03676370143534502,0.06893435420372573,True,False,False
Dual Momentum,2025-08-01 00:00:00-04:00,2025-09-02 00:00:00-04:00,DIS,4,0.2643162776207588,True,True,29,0.10714285714285714,-0.004847346092166638,0.01862404400052431,-0.05144993171363332,0.01788289193432413,0.03676370143534502,0.06893435420372573,False,False,False
Dual Momentum,2025-08-01 00:00:00-04:00,2025-09-02 00:00:00-04:00,MSFT,5,0.25335293233430467,True,True,29,0.14285714285714285,-0.06300436914055763,0.006074660004921073,-0.0666738468791378,0.01788289193432413,0.03676370143534502,0.06893435420372573,False,False,False
Dual Momentum,2025-08-01 00:00:00-04:00,2025-09-02 00:00:00-04:00,CSCO,6,0.24536208213368393,True,False,29,0.17857142857142858,0.008887514698268317,0.07465561237372298,-0.026070293183824145,0.01788289193432413,0.03676370143534502,0.06893435420372573,False,False,False
Dual Momentum,2025-08-01 00:00:00-04:00,2025-09-02 00:00:00-04:00,V,7,0.23268733941048203,True,False,29,0.21428571428571427,0.016927158939189058,0.02892145771637855,-0.044754417268347724,0.01788289193432413,0.03676370143534502,0.06893435420372573,False,False,False
Dual Momentum,2025-08-01 00:00:00-04:00,2025-09-02 00:00:00-04:00,MMM,8,0.2143642618030588,True,False,29,0.25,0.055708683987479635,0.09535833589422227,-0.015358361774743812,0.01788289193432413,0.03676370143534502,0.06893435420372573,True,True,False
Dual Momentum,2025-08-01 00:00:00-04:00,2025-09-02 00:00:00-04:00,IBM,9,0.20442579163678687,True,False,29,0.2857142857142857,-0.035325820407390296,0.014279439437400843,-0.06551938935757529,0.01788289193432413,0.03676370143534502,0.06893435420372573,False,False,False
Dual Momentum,2025-08-01 00:00:00-04:00,2025-09-02 00:00:00-04:00,WMT,10,0.19627715597206663,True,False,29,0.32142857142857145,-0.005539872165209236,0.06857134079909377,-0.02405242925044926,0.01788289193432413,0.03676370143534502,0.06893435420372573,False,False,False
Dual Momentum,2025-08-01 00:00:00-04:00,2025-09-02 00:00:00-04:00,CAT,11,0.1486923189540652,True,False,29,0.35714285714285715,-0.03058755776010258,0.02990843695348966,-0.05037833550912629,0.01788289193432413,0.03676370143534502,0.06893435420372573,False,False,False
Dual Momentum,2025-08-01 00:00:00-04:00,2025-09-02 00:00:00-04:00,AXP,12,0.12874391077983893,True,False,29,0.39285714285714285,0.11097509115944293,0.12934050991964763,-0.019351775210111333,0.01788289193432413,0.03676370143534502,0.06893435420372573,True,True,True
Dual Momentum,2025-08-01 00:00:00-04:00,2025-09-02 00:00:00-04:00,VZ,13,0.08582904850399897,True,False,29,0.42857142857142855,0.020097073326860615,0.0568261041555036,-0.025871966682785907,0.01788289193432413,0.03676370143534502,0.06893435420372573,True,False,False
Dual Momentum,2025-08-01 00:00:00-04:00,2025-09-02 00:00:00-04:00,HON,14,0.08552029621532675,True,False,29,0.4642857142857143,-0.014501691862716659,0.012970535255681037,-0.032389293911083916,0.01788289193432413,0.03676370143534502,0.06893435420372573,False,False,False
Dual Momentum,2025-08-01 00:00:00-04:00,2025-09-02 00:00:00-04:00,TRV,15,0.05181912748017492,True,False,29,0.5,0.04266603301286409,0.07257066068156037,-0.01575955583411137,0.01788289193432413,0.03676370143534502,0.06893435420372573,True,True,False
Dual Momentum,2025-08-01 00:00:00-04:00,2025-09-02 00:00:00-04:00,JNJ,16,0.049391628351822314,True,False,29,0.5357142857142857,0.08032783863615878,0.09475479588029612,-0.004169703040978634,0.01788289193432413,0.03676370143534502,0.06893435420372573,True,True,True
Dual Momentum,2025-08-01 00:00:00-04:00,2025-09-02 00:00:00-04:00,MCD,17,0.04350521873919777,True,False,29,0.5714285714285714,0.03732209969844047,0.04382196749288214,-0.016902829501872052,0.01788289193432413,0.03676370143534502,0.06893435420372573,True,True,False
Dual Momentum,2025-08-01 00:00:00-04:00,2025-09-02 00:00:00-04:00,CVX,18,0.03953660792143743,True,False,29,0.6071428571428571,0.06376344608671758,0.06787316808728772,-0.01783133178015872,0.01788289193432413,0.03676370143534502,0.06893435420372573,True,True,False
Dual Momentum,2025-08-01 00:00:00-04:00,2025-09-02 00:00:00-04:00,KO,19,0.037054281180093795,True,False,29,0.6428571428571429,0.005247931850176579,0.04533541487638337,-0.004810522425582442,0.01788289193432413,0.03676370143534502,0.06893435420372573,False,False,False
Dual Momentum,2025-08-01 00:00:00-04:00,2025-09-02 00:00:00-04:00,NKE,20,-0.036745751498996726,False,False,29,0.6785714285714286,0.03530900039987861,0.09163960515675829,-0.012391116991525286,0.01788289193432413,0.03676370143534502,0.06893435420372573,True,False,False
Dual Momentum,2025-08-01 00:00:00-04:00,2025-09-02 00:00:00-04:00,AMGN,21,-0.045639933696636215,False,False,29,0.7142857142857143,-0.02436470581168071,0.017740524937574387,-0.05187496758450039,0.01788289193432413,0.03676370143534502,0.06893435420372573,False,False,False
Dual Momentum,2025-08-01 00:00:00-04:00,2025-09-02 00:00:00-04:00,HD,22,-0.062193521690697806,False,False,29,0.75,0.09749326608508335,0.12690987349291527,-0.005627772505572781,0.01788289193432413,0.03676370143534502,0.06893435420372573,True,True,True
Dual Momentum,2025-08-01 00:00:00-04:00,2025-09-02 00:00:00-04:00,PG,23,-0.08826007910660816,False,False,29,0.7857142857142857,0.03676370143534502,0.06094338444547587,-0.011595804070894444,0.01788289193432413,0.03676370143534502,0.06893435420372573,True,False,False
Dual Momentum,2025-08-01 00:00:00-04:00,2025-09-02 00:00:00-04:00,AAPL,24,-0.09986765846575574,False,False,29,0.8214285714285714,0.08839658378021675,0.11626521510209509,-0.04443493780127561,0.01788289193432413,0.03676370143534502,0.06893435420372573,True,True,True
Dual Momentum,2025-08-01 00:00:00-04:00,2025-09-02 00:00:00-04:00,CRM,25,-0.10678985164724197,False,False,29,0.8571428571428571,-0.0006666213668061749,0.010392700252588538,-0.11180837356933959,0.01788289193432413,0.03676370143534502,0.06893435420372573,False,False,False
Dual Momentum,2025-08-01 00:00:00-04:00,2025-09-02 00:00:00-04:00,INTC,26,-0.1269841723704912,False,False,29,0.8928571428571429,0.22461534157777452,0.3605128557254107,-0.027179522392077327,0.01788289193432413,0.03676370143534502,0.06893435420372573,True,True,True
Dual Momentum,2025-08-01 00:00:00-04:00,2025-09-02 00:00:00-04:00,MRK,27,-0.22849738035870937,False,False,29,0.9285714285714286,0.08305567800757485,0.12586527425619565,-0.006280413802261631,0.01788289193432413,0.03676370143534502,0.06893435420372573,True,True,True
Dual Momentum,2025-08-01 00:00:00-04:00,2025-09-02 00:00:00-04:00,DOW,28,-0.5030064936322041,False,False,29,0.9642857142857143,0.06893435420372573,0.09805105195213537,-0.1127635186704381,0.01788289193432413,0.03676370143534502,0.06893435420372573,True,True,True
Dual Momentum,2025-08-01 00:00:00-04:00,2025-09-02 00:00:00-04:00,UNH,29,-0.551201322094456,False,False,29,1.0,0.2302381649098073,0.2625195169969978,-0.06388410066575223,0.01788289193432413,0.03676370143534502,0.06893435420372573,True,True,True
Dual Momentum,2025-09-02 00:00:00-04:00,2025-10-01 00:00:00-04:00,BA,1,0.5328542346177758,True,True,29,0.0,-0.07467141284854961,0.030482545351815826,-0.08582673040593469,0.04315072119045049,0.003247871306122363,0.04806443731897758,False,False,False
Dual Momentum,2025-09-02 00:00:00-04:00,2025-10-01 00:00:00-04:00,GS,2,0.26105932603929194,True,True,29,0.03571428571428571,0.07771691862591212,0.12066970148064105,-0.02068203153349013,0.04315072119045049,0.003247871306122363,0.04806443731897758,True,True,True
Dual Momentum,2025-09-02 00:00:00-04:00,2025-10-01 00:00:00-04:00,JPM,3,0.22382646520860594,True,True,29,0.07142857142857142,0.0456605408345776,0.059115601544258434,-0.029374422663868804,0.04315072119045049,0.003247871306122363,0.04806443731897758,True,True,False
Dual Momentum,2025-09-02 00:00:00-04:00,2025-10-01 00:00:00-04:00,MSFT,4,0.21653868469510162,True,True,29,0.10714285714285714,0.028633024952197106,0.03957801336064959,-0.016184685022133327,0.04315072119045049,0.003247871306122363,0.04806443731897758,False,True,False
Dual Momentum,2025-09-02 00:00:00-04:00,2025-10-01 00:00:00-04:00,MMM,5,0.21077649610720872,True,True,29,0.14285714285714285,0.003247871306122363,0.05293944387084992,-0.02286459142419095,0.04315072119045049,0.003247871306122363,0.04806443731897758,False,False,False
Dual Momentum,2025-09-02 00:00:00-04:00,2025-10-01 00:00:00-04:00,CSCO,6,0.19929010900671162,True,False,29,0.17857142857142858,-0.0030831184781600074,0.01189262625576748,-0.029070547196706098,0.04315072119045049,0.003247871306122363,0.04806443731897758,False,False,False
Dual Momentum,2025-09-02 00:00:00-04:00,2025-10-01 00:00:00-04:00,JNJ,7,0.1740734064418099,True,False,29,0.21428571428571427,0.04806443731897758,0.04806443731897758,-0.023327869117212963,0.04315072119045049,0.003247871306122363,0.04806443731897758,True,True,True
Dual Momentum,2025-09-02 00:00:00-04:00,2025-10-01 00:00:00-04:00,V,8,0.1289574996838414,True,False,29,0.25,-0.02576511196969411,0.009504488759785268,-0.045346552008490804,0.04315072119045049,0.003247871306122363,0.04806443731897758,False,False,False
Dual Momentum,2025-09-02 00:00:00-04:00,2025-10-01 00:00:00-04:00,IBM,9,0.09853429697335447,True,False,29,0.2857142857142857,0.1631383575224421,0.1990453492056099,-0.011000390052409381,0.04315072119045049,0.003247871306122363,0.04806443731897758,True,True,True
Dual Momentum,2025-09-02 00:00:00-04:00,2025-10-01 00:00:00-04:00,KO,10,0.0954352328811423,True,False,29,0.32142857142857145,-0.028131074576622117,0.00725070111116799,-0.04508146852097927,0.04315072119045049,0.003247871306122363,0.04806443731897758,False,False,False
Dual Momentum,2025-09-02 00:00:00-04:00,2025-10-01 00:00:00-04:00,AXP,11,0.09433638911411979,True,False,29,0.35714285714285715,0.013286013181337708,0.0689708366642916,-0.017939194121544988,0.04315072119045049,0.003247871306122363,0.04806443731897758,False,True,False
Dual Momentum,2025-09-02 00:00:00-04:00,2025-10-01 00:00:00-04:00,WMT,12,0.09414086015471779,True,False,29,0.39285714285714285,0.054818402632325736,0.09132973029233393,-0.007405134175096029,0.04315072119045049,0.003247871306122363,0.04806443731897758,True,True,True
Dual Momentum,2025-09-02 00:00:00-04:00,2025-10-01 00:00:00-04:00,MCD,13,0.07716877888380647,True,False,29,0.42857142857142855,-0.03127288201881673,0.020380183615117176,-0.0484586834214068,0.04315072119045049,0.003247871306122363,0.04806443731897758,False,False,False
Dual Momentum,2025-09-02 00:00:00-04:00,2025-10-01 00:00:00-04:00,VZ,14,0.05675939148135423,True,False,29,0.4642857142857143,-0.005434830169044669,0.007246369925949514,-0.02898553995169395,0.04315072119045049,0.003247871306122363,0.04806443731897758,False,False,False
Dual Momentum,2025-09-02 00:00:00-04:00,2025-10-01 00:00:00-04:00,TRV,15,0.052335381724060825,True,False,29,0.5,0.027652289275195807,0.036609597470377286,-0.008884478269361118,0.04315072119045049,0.003247871306122363,0.04806443731897758,False,True,False
Dual Momentum,2025-09-02 00:00:00-04:00,2025-10-01 00:00:00-04:00,CAT,16,0.04560423914999401,True,False,29,0.5357142857142857,0.1452006049483514,0.17257361836134755,-0.008190221590307134,0.04315072119045049,0.003247871306122363,0.04806443731897758,True,True,True
Dual Momentum,2025-09-02 00:00:00-04:00,2025-10-01 00:00:00-04:00,CVX,17,0.03634840934451433,False,False,29,0.5714285714285714,-0.03520682448289403,0.012058600405485453,-0.04735785576790341,0.04315072119045049,0.003247871306122363,0.04806443731897758,False,False,False
Dual Momentum,2025-09-02 00:00:00-04:00,2025-10-01 00:00:00-04:00,DIS,18,0.029410367148530625,False,False,29,0.6071428571428571,-0.02512386331357941,0.023585697542003015,-0.047000552064743295,0.04315072119045049,0.003247871306122363,0.04806443731897758,False,False,False
Dual Momentum,2025-09-02 00:00:00-04:00,2025-10-01 00:00:00-04:00,AMGN,19,0.0033036693216430546,False,False,29,0.6428571428571429,-0.010574172000014204,0.0043479774686447925,-0.0616369233147116,0.04315072119045049,0.003247871306122363,0.04806443731897758,False,False,False
Dual Momentum,2025-09-02 00:00:00-04:00,2025-10-01 00:00:00-04:00,AAPL,20,0.0004039886970286233,False,False,29,0.6785714285714286,0.11249724596419886,0.12366411085496876,-0.014394759682469838,0.04315072119045049,0.003247871306122363,0.04806443731897758,True,True,True
Dual Momentum,2025-09-02 00:00:00-04:00,2025-10-01 00:00:00-04:00,NKE,21,-0.0073441020144687785,False,False,29,0.7142857142857143,-0.01705452269665153,0.0054204609388917024,-0.10060813655821377,0.04315072119045049,0.003247871306122363,0.04806443731897758,False,False,False
Dual Momentum,2025-09-02 00:00:00-04:00,2025-10-01 00:00:00-04:00,INTC,22,-0.020908743072631908,False,False,29,0.75,0.40410385082360634,0.5201005239857486,-0.00837516175123687,0.04315072119045049,0.003247871306122363,0.04806443731897758,True,True,True
Dual Momentum,2025-09-02 00:00:00-04:00,2025-10-01 00:00:00-04:00,HON,23,-0.033144419044190965,False,False,29,0.7857142857142857,-0.030087960743409692,0.005022370606439397,-0.05833284562401542,0.04315072119045049,0.003247871306122363,0.04806443731897758,False,False,False
Dual Momentum,2025-09-02 00:00:00-04:00,2025-10-01 00:00:00-04:00,HD,24,-0.034072092310104996,False,False,29,0.8214285714285714,0.007442184115202588,0.06314672754390593,-0.002303786892228321,0.04315072119045049,0.003247871306122363,0.04806443731897758,False,True,False
Dual Momentum,2025-09-02 00:00:00-04:00,2025-10-01 00:00:00-04:00,PG,25,-0.0976398924868993,False,False,29,0.8571428571428571,-0.023258796426843253,0.027389290072417527,-0.04060752796079403,0.04315072119045049,0.003247871306122363,0.04806443731897758,False,False,False
Dual Momentum,2025-09-02 00:00:00-04:00,2025-10-01 00:00:00-04:00,MRK,26,-0.14608320900327565,False,False,29,0.8928571428571429,0.018124476539490564,0.018124476539490564,-0.07282429686059333,0.04315072119045049,0.003247871306122363,0.04806443731897758,False,True,False
Dual Momentum,2025-09-02 00:00:00-04:00,2025-10-01 00:00:00-04:00,CRM,27,-0.24109299260974415,False,False,29,0.9285714285714286,-0.07031706768142998,0.012479282553927495,-0.07927172977352881,0.04315072119045049,0.003247871306122363,0.04806443731897758,False,False,False
Dual Momentum,2025-09-02 00:00:00-04:00,2025-10-01 00:00:00-04:00,DOW,28,-0.4222973383736096,False,False,29,0.9642857142857143,-0.05489059106745764,0.06355761253047221,-0.08522484804249508,0.04315072119045049,0.003247871306122363,0.04806443731897758,False,False,False
Dual Momentum,2025-09-02 00:00:00-04:00,2025-10-01 00:00:00-04:00,UNH,29,-0.48070331926413334,False,False,29,1.0,0.12247298889374347,0.17514848566675,-0.014952366156104402,0.04315072119045049,0.003247871306122363,0.04806443731897758,True,True,True
Dual Momentum,2025-10-01 00:00:00-04:00,2025-11-03 00:00:00-05:00,INTC,1,0.6413893522731928,True,True,29,0.0,0.20041758023720524,0.2669251741358738,-0.0008946847715186612,0.033928005720840426,0.009731914976569334,0.060304243295442594,True,True,True
Dual Momentum,2025-10-01 00:00:00-04:00,2025-11-03 00:00:00-05:00,GS,2,0.3911764177650505,True,True,29,0.03571428571428571,-0.005103153186641229,0.01703585373704919,-0.06755120408201509,0.033928005720840426,0.009731914976569334,0.060304243295442594,False,False,False
Dual Momentum,2025-10-01 00:00:00-04:00,2025-11-03 00:00:00-05:00,JPM,3,0.31837166185969035,True,True,29,0.07142857142857142,-0.0046437382777473335,0.0019746954001240713,-0.07012608255310504,0.033928005720840426,0.009731914976569334,0.060304243295442594,False,False,False
Dual Momentum,2025-10-01 00:00:00-04:00,2025-11-03 00:00:00-05:00,CAT,4,0.31555850660790363,True,True,29,0.10714285714285714,0.21850726972894519,0.26141412538216846,-0.006054714158054475,0.033928005720840426,0.009731914976569334,0.060304243295442594,True,True,True
Dual Momentum,2025-10-01 00:00:00-04:00,2025-11-03 00:00:00-05:00,JNJ,5,0.30437010717201907,True,True,29,0.14285714285714285,0.016129110624882204,0.045591438681201524,-0.016451578945401613,0.033928005720840426,0.009731914976569334,0.060304243295442594,False,True,False
Dual Momentum,2025-10-01 00:00:00-04:00,2025-11-03 00:00:00-05:00,IBM,6,0.2800175620646903,True,False,29,0.17857142857142858,0.09921472300250311,0.13972168229624438,-0.059386213761610684,0.033928005720840426,0.009731914976569334,0.060304243295442594,True,True,True
Dual Momentum,2025-10-01 00:00:00-04:00,2025-11-03 00:00:00-05:00,MMM,7,0.20013191655464202,True,False,29,0.21428571428571427,0.07484621984799666,0.11913245080020762,-0.03878277201788394,0.033928005720840426,0.009731914976569334,0.060304243295442594,True,True,True
Dual Momentum,2025-10-01 00:00:00-04:00,2025-11-03 00:00:00-05:00,BA,8,0.19652952649199107,True,False,29,0.25,-0.05593197293559471,0.05691326689035203,-0.07340774663949778,0.033928005720840426,0.009731914976569334,0.060304243295442594,False,False,False
Dual Momentum,2025-10-01 00:00:00-04:00,2025-11-03 00:00:00-05:00,MSFT,9,0.18873369450312283,True,False,29,0.2857142857142857,0.009731914976569334,0.07560209611227764,-0.017094045710453698,0.033928005720840426,0.009731914976569334,0.060304243295442594,False,False,False
Dual Momentum,2025-10-01 00:00:00-04:00,2025-11-03 00:00:00-05:00,CSCO,10,0.16310700342861661,True,False,29,0.32142857142857145,0.10545677875198756,0.10545677875198756,-0.010111712523461547,0.033928005720840426,0.009731914976569334,0.060304243295442594,True,True,True
Dual Momentum,2025-10-01 00:00:00-04:00,2025-11-03 00:00:00-05:00,TRV,11,0.15970710298976054,True,False,29,0.35714285714285715,-0.03695429725484767,0.037134379720362265,-0.09141345392151878,0.033928005720840426,0.009731914976569334,0.060304243295442594,False,False,False
Dual Momentum,2025-10-01 00:00:00-04:00,2025-11-03 00:00:00-05:00,VZ,12,0.1557069938688702,True,False,29,0.39285714285714285,-0.08494603044856264,0.0038707192789180223,-0.11088534440264464,0.033928005720840426,0.009731914976569334,0.060304243295442594,False,False,False
Dual Momentum,2025-10-01 00:00:00-04:00,2025-11-03 00:00:00-05:00,WMT,13,0.11903033230477211,True,False,29,0.42857142857142855,-0.016965642030744243,0.06844779554538527,-0.026228398569117295,0.033928005720840426,0.009731914976569334,0.060304243295442594,False,False,False
Dual Momentum,2025-10-01 00:00:00-04:00,2025-11-03 00:00:00-05:00,CVX,14,0.11608589995254692,True,False,29,0.4642857142857143,0.016663379321779415,0.028095313228335694,-0.03836458382034302,0.033928005720840426,0.009731914976569334,0.060304243295442594,False,True,False
Dual Momentum,2025-10-01 00:00:00-04:00,2025-11-03 00:00:00-05:00,AXP,15,0.10164688041634351,True,False,29,0.5,0.09339790665914571,0.10778461579249976,-0.04304963931469896,0.033928005720840426,0.009731914976569334,0.060304243295442594,True,True,True
Dual Momentum,2025-10-01 00:00:00-04:00,2025-11-03 00:00:00-05:00,AMGN,16,0.09933170614116937,True,False,29,0.5357142857142857,0.04914741911684173,0.06820177588372212,-0.005097599384091045,0.033928005720840426,0.009731914976569334,0.060304243295442594,True,True,False
Dual Momentum,2025-10-01 00:00:00-04:00,2025-11-03 00:00:00-05:00,KO,17,0.0835935103873009,True,False,29,0.5714285714285714,0.03443097786554139,0.07683045980041481,-0.010073755895244063,0.033928005720840426,0.009731914976569334,0.060304243295442594,True,True,False
Dual Momentum,2025-10-01 00:00:00-04:00,2025-11-03 00:00:00-05:00,V,18,0.06922523369339384,True,False,29,0.6071428571428571,0.0020276025557506294,0.043166600711893155,-0.01804229300738902,0.033928005720840426,0.009731914976569334,0.060304243295442594,False,False,False
Dual Momentum,2025-10-01 00:00:00-04:00,2025-11-03 00:00:00-05:00,MCD,19,0.04858588167134603,True,False,29,0.6428571428571429,-0.0184330808798,0.03142510578068136,-0.03699804457820177,0.033928005720840426,0.009731914976569334,0.060304243295442594,False,False,False
Dual Momentum,2025-10-01 00:00:00-04:00,2025-11-03 00:00:00-05:00,HD,20,0.04424539896214319,True,False,29,0.6785714285714286,-0.06770696387761699,0.0018298924492938795,-0.07322144503929795,0.033928005720840426,0.009731914976569334,0.060304243295442594,False,False,False
Dual Momentum,2025-10-01 00:00:00-04:00,2025-11-03 00:00:00-05:00,DIS,21,0.0216639119172648,False,False,29,0.7142857142857143,-0.013411616301920004,0.017356203504198087,-0.048825417241026514,0.033928005720840426,0.009731914976569334,0.060304243295442594,False,False,False
Dual Momentum,2025-10-01 00:00:00-04:00,2025-11-03 00:00:00-05:00,AAPL,22,-0.013458745276907158,False,False,29,0.75,0.060304243295442594,0.08735882122111072,-0.043287325754916894,0.033928005720840426,0.009731914976569334,0.060304243295442594,True,True,True
Dual Momentum,2025-10-01 00:00:00-04:00,2025-11-03 00:00:00-05:00,HON,23,-0.07782642904487769,False,False,29,0.7857142857142857,0.014779787268135225,0.0569121265181336,-0.04698332693003815,0.033928005720840426,0.009731914976569334,0.060304243295442594,False,True,False
Dual Momentum,2025-10-01 00:00:00-04:00,2025-11-03 00:00:00-05:00,NKE,24,-0.07830376056660471,False,False,29,0.8214285714285714,-0.1295224598157585,0.03523887785828839,-0.1358439128176716,0.033928005720840426,0.009731914976569334,0.060304243295442594,False,False,False
Dual Momentum,2025-10-01 00:00:00-04:00,2025-11-03 00:00:00-05:00,PG,25,-0.07960592408564426,False,False,29,0.8571428571428571,-0.016593081483848193,0.031234031905885917,-0.04378651689689639,0.033928005720840426,0.009731914976569334,0.060304243295442594,False,False,False
Dual Momentum,2025-10-01 00:00:00-04:00,2025-11-03 00:00:00-05:00,MRK,26,-0.13540344236784052,False,False,29,0.8928571428571429,0.00680828691882529,0.06820044775412493,-0.02382903386351365,0.033928005720840426,0.009731914976569334,0.060304243295442594,False,False,False
Dual Momentum,2025-10-01 00:00:00-04:00,2025-11-03 00:00:00-05:00,CRM,27,-0.30304698011922626,False,False,29,0.9285714285714286,0.0994121799081269,0.1295614858470986,-0.012601001806033074,0.033928005720840426,0.009731914976569334,0.060304243295442594,True,True,True
Dual Momentum,2025-10-01 00:00:00-04:00,2025-11-03 00:00:00-05:00,UNH,28,-0.31245095272842804,False,False,29,0.9642857142857143,-0.013870392439564783,0.10788018403285227,-0.019714997585249083,0.033928005720840426,0.009731914976569334,0.060304243295442594,False,False,False
Dual Momentum,2025-10-01 00:00:00-04:00,2025-11-03 00:00:00-05:00,DOW,29,-0.396236960110927,False,False,29,1.0,0.030131033082267944,0.1375545295020728,-0.09825330492826156,0.033928005720840426,0.009731914976569334,0.060304243295442594,False,True,False
Dual Momentum,2025-11-03 00:00:00-05:00,2025-12-01 00:00:00-05:00,INTC,1,1.0581575424789995,True,True,29,0.0,-0.009689425829774834,0.008447208759947644,-0.18285715802115687,-0.010004907839144317,0.006270007131292887,0.0367542108595198,True,False,False
Dual Momentum,2025-11-03 00:00:00-05:00,2025-12-01 00:00:00-05:00,CAT,2,0.5718200175351136,True,True,29,0.03571428571428571,-0.009584508026939664,0.013994685962541276,-0.0674559913995354,-0.010004907839144317,0.006270007131292887,0.0367542108595198,True,False,False
Dual Momentum,2025-11-03 00:00:00-05:00,2025-12-01 00:00:00-05:00,JNJ,3,0.27126762668193827,True,True,29,0.07142857142857142,0.09952967124880296,0.10650487370827033,-0.020529064921823825,-0.010004907839144317,0.006270007131292887,0.0367542108595198,True,True,True
Dual Momentum,2025-11-03 00:00:00-05:00,2025-12-01 00:00:00-05:00,MSFT,4,0.2544097235706353,True,True,29,0.10714285714285714,-0.058590151717371475,0.009907513203383456,-0.10398000783035999,-0.010004907839144317,0.006270007131292887,0.0367542108595198,False,False,False
Dual Momentum,2025-11-03 00:00:00-05:00,2025-12-01 00:00:00-05:00,GS,5,0.25157093316061374,True,True,29,0.14285714285714285,0.0367542108595198,0.06549136558440893,-0.045049920309350844,-0.010004907839144317,0.006270007131292887,0.0367542108595198,True,True,True
Dual Momentum,2025-11-03 00:00:00-05:00,2025-12-01 00:00:00-05:00,CSCO,6,0.22917132731850587,True,False,29,0.17857142857142858,0.02761019529768216,0.07304643921678755,-0.05455026940349095,-0.010004907839144317,0.006270007131292887,0.0367542108595198,True,True,False
Dual Momentum,2025-11-03 00:00:00-05:00,2025-12-01 00:00:00-05:00,IBM,7,0.2265292787138724,True,False,29,0.21428571428571427,0.0006493460475733848,0.060686346643688216,-0.05955087555900762,-0.010004907839144317,0.006270007131292887,0.0367542108595198,True,False,False
Dual Momentum,2025-11-03 00:00:00-05:00,2025-12-01 00:00:00-05:00,JPM,8,0.18246771724550137,True,False,29,0.25,0.006270007131292887,0.03617355252958698,-0.05848885877855792,-0.010004907839144317,0.006270007131292887,0.0367542108595198,True,False,False
Dual Momentum,2025-11-03 00:00:00-05:00,2025-12-01 00:00:00-05:00,AAPL,9,0.1497024792408863,True,False,29,0.2857142857142857,0.029064133628151412,0.03783672561058271,-0.01790836741841162,-0.010004907839144317,0.006270007131292887,0.0367542108595198,True,True,False
Dual Momentum,2025-11-03 00:00:00-05:00,2025-12-01 00:00:00-05:00,AXP,10,0.14588342222732598,True,False,29,0.32142857142857145,0.00792233880140758,0.04495845597157544,-0.07451528921484951,-0.010004907839144317,0.006270007131292887,0.0367542108595198,True,True,False
Dual Momentum,2025-11-03 00:00:00-05:00,2025-12-01 00:00:00-05:00,BA,11,0.1387944675221282,True,False,29,0.35714285714285715,-0.06473959120430928,0.017917296061527033,-0.1250741925034814,-0.010004907839144317,0.006270007131292887,0.0367542108595198,False,False,False
Dual Momentum,2025-11-03 00:00:00-05:00,2025-12-01 00:00:00-05:00,MMM,12,0.10984045581459823,True,False,29,0.39285714285714285,0.03254853468562158,0.042772505756414336,-0.04011798193358551,-0.010004907839144317,0.006270007131292887,0.0367542108595198,True,True,False
Dual Momentum,2025-11-03 00:00:00-05:00,2025-12-01 00:00:00-05:00,KO,13,0.10960981322194963,True,False,29,0.42857142857142855,0.06264422203601616,0.06438945895520098,-0.016569757835487642,-0.010004907839144317,0.006270007131292887,0.0367542108595198,True,True,True
Dual Momentum,2025-11-03 00:00:00-05:00,2025-12-01 00:00:00-05:00,TRV,14,0.10908309155124174,True,False,29,0.4642857142857143,0.09402341974054407,0.11021758875983023,-0.011706204000498488,-0.010004907839144317,0.006270007131292887,0.0367542108595198,True,True,True
Dual Momentum,2025-11-03 00:00:00-05:00,2025-12-01 00:00:00-05:00,CVX,15,0.09396478227915228,True,False,29,0.5,-0.025190262614228187,0.0036846563892274364,-0.05094953068990882,-0.010004907839144317,0.006270007131292887,0.0367542108595198,False,False,False
Dual Momentum,2025-11-03 00:00:00-05:00,2025-12-01 00:00:00-05:00,AMGN,16,0.07197042670879306,True,False,29,0.5357142857142857,0.15778205047888094,0.1665226979672061,-0.021143979202683738,-0.010004907839144317,0.006270007131292887,0.0367542108595198,True,True,True
Dual Momentum,2025-11-03 00:00:00-05:00,2025-12-01 00:00:00-05:00,VZ,17,0.05957081207638093,True,False,29,0.5714285714285714,0.036699642534602006,0.056188408634189724,-0.016957686596006716,-0.010004907839144317,0.006270007131292887,0.0367542108595198,True,True,False
Dual Momentum,2025-11-03 00:00:00-05:00,2025-12-01 00:00:00-05:00,MCD,18,0.05150356256063682,True,False,29,0.6071428571428571,0.045913696525081704,0.05250780680655032,-0.010850978736937189,-0.010004907839144317,0.006270007131292887,0.0367542108595198,True,True,True
Dual Momentum,2025-11-03 00:00:00-05:00,2025-12-01 00:00:00-05:00,WMT,19,0.03851559306983088,True,False,29,0.6428571428571429,0.09611197376412961,0.09799648131586713,-0.01924223501760769,-0.010004907839144317,0.006270007131292887,0.0367542108595198,True,True,True
Dual Momentum,2025-11-03 00:00:00-05:00,2025-12-01 00:00:00-05:00,V,20,0.0019946211264660896,False,False,29,0.6785714285714286,-0.02170236908137979,0.01155985099646406,-0.06560151389472346,-0.010004907839144317,0.006270007131292887,0.0367542108595198,False,False,False
Dual Momentum,2025-11-03 00:00:00-05:00,2025-12-01 00:00:00-05:00,DIS,21,0.0003561250378383285,False,False,29,0.7142857142857143,-0.06779213887459234,0.040337495189563644,-0.09471350991040617,-0.010004907839144317,0.006270007131292887,0.0367542108595198,False,False,False
Dual Momentum,2025-11-03 00:00:00-05:00,2025-12-01 00:00:00-05:00,HON,22,-0.030148000940414477,False,False,29,0.75,-0.04922416864612311,0.008493481478912157,-0.06681271350623585,-0.010004907839144317,0.006270007131292887,0.0367542108595198,False,False,False
Dual Momentum,2025-11-03 00:00:00-05:00,2025-12-01 00:00:00-05:00,HD,23,-0.06171785135057928,False,False,29,0.7857142857142857,-0.06090024306983366,0.01769175882917473,-0.12105782730692227,-0.010004907839144317,0.006270007131292887,0.0367542108595198,False,False,False
Dual Momentum,2025-11-03 00:00:00-05:00,2025-12-01 00:00:00-05:00,PG,24,-0.07580371111660122,False,False,29,0.8214285714285714,-0.013324411519796686,0.009327089178653214,-0.040040131219542974,-0.010004907839144317,0.006270007131292887,0.0367542108595198,False,False,False
Dual Momentum,2025-11-03 00:00:00-05:00,2025-12-01 00:00:00-05:00,MRK,25,-0.10487438617538747,False,False,29,0.8571428571428571,0.22093966411944077,0.23399784674057678,-0.04383813599075914,-0.010004907839144317,0.006270007131292887,0.0367542108595198,True,True,True
Dual Momentum,2025-11-03 00:00:00-05:00,2025-12-01 00:00:00-05:00,NKE,26,-0.1458006235721493,False,False,29,0.8928571428571429,-0.008388103994978025,0.023794879783206824,-0.06844868686271055,-0.010004907839144317,0.006270007131292887,0.0367542108595198,True,False,False
Dual Momentum,2025-11-03 00:00:00-05:00,2025-12-01 00:00:00-05:00,CRM,27,-0.2341595737721862,False,False,29,0.9285714285714286,-0.12050006427317206,0.005999990609976136,-0.1463076577151543,-0.010004907839144317,0.006270007131292887,0.0367542108595198,False,False,False
Dual Momentum,2025-11-03 00:00:00-05:00,2025-12-01 00:00:00-05:00,DOW,28,-0.35319725233863497,False,False,29,0.9642857142857143,0.015285884460868537,0.03335457948162501,-0.11275963154253132,-0.010004907839144317,0.006270007131292887,0.0367542108595198,True,True,False
Dual Momentum,2025-11-03 00:00:00-05:00,2025-12-01 00:00:00-05:00,UNH,29,-0.35918781174309744,False,False,29,1.0,-0.03529607117926814,0.011912880807700699,-0.10202570431683922,-0.010004907839144317,0.006270007131292887,0.0367542108595198,False,False,False
Dual Momentum,2025-12-01 00:00:00-05:00,2026-01-02 00:00:00-05:00,INTC,1,0.7092289151164737,True,True,29,0.0,-0.05243352033580051,0.10436527304848475,-0.12318112825459893,0.013149893728817696,0.0027677952762414915,0.018231987765925606,False,False,False
Dual Momentum,2025-12-01 00:00:00-05:00,2026-01-02 00:00:00-05:00,CAT,2,0.6930360923907999,True,True,29,0.03571428571428571,0.012587558005771271,0.1000860123567493,-0.02270288356314598,0.013149893728817696,0.0027677952762414915,0.018231987765925606,False,True,False
Dual Momentum,2025-12-01 00:00:00-05:00,2026-01-02 00:00:00-05:00,GS,3,0.34117757195794884,True,True,29,0.07142857142857142,0.08525929677328392,0.12835039741427767,-0.010970133044989727,0.013149893728817696,0.0027677952762414915,0.018231987765925606,True,True,True
Dual Momentum,2025-12-01 00:00:00-05:00,2026-01-02 00:00:00-05:00,JNJ,4,0.2820294730120676,True,True,29,0.10714285714285714,0.0015496602443296759,0.04208230548285119,-0.0319128099508027,0.013149893728817696,0.0027677952762414915,0.018231987765925606,False,False,False
Dual Momentum,2025-12-01 00:00:00-05:00,2026-01-02 00:00:00-05:00,MSFT,5,0.2459953350656381,True,True,29,0.14285714285714285,-0.008291725765819491,0.010359471049731228,-0.035951250976777316,0.013149893728817696,0.0027677952762414915,0.018231987765925606,False,False,False
Dual Momentum,2025-12-01 00:00:00-05:00,2026-01-02 00:00:00-05:00,IBM,6,0.24567401845479764,True,False,29,0.17857142857142858,-0.029199725130878096,0.028840827703199956,-0.03526799507505496,0.013149893728817696,0.0027677952762414915,0.018231987765925606,False,False,False
Dual Momentum,2025-12-01 00:00:00-05:00,2026-01-02 00:00:00-05:00,AXP,7,0.22387969540373853,True,False,29,0.21428571428571427,0.01775639469533541,0.0649425998875699,-0.01789142248322395,0.013149893728817696,0.0027677952762414915,0.018231987765925606,True,True,False
Dual Momentum,2025-12-01 00:00:00-05:00,2026-01-02 00:00:00-05:00,CSCO,8,0.22274150363100942,True,False,29,0.25,0.005088842420461814,0.05412808697989613,-0.013303636491351134,0.013149893728817696,0.0027677952762414915,0.018231987765925606,False,True,False
Dual Momentum,2025-12-01 00:00:00-05:00,2026-01-02 00:00:00-05:00,JPM,9,0.20183201742551615,True,False,29,0.2857142857142857,0.030516074767891865,0.05722954662051327,-0.046301395403875234,0.013149893728817696,0.0027677952762414915,0.018231987765925606,True,True,True
Dual Momentum,2025-12-01 00:00:00-05:00,2026-01-02 00:00:00-05:00,MRK,10,0.16909732455958948,True,False,29,0.32142857142857145,0.01634805030320008,0.03618764674664354,-0.08269679849229461,0.013149893728817696,0.0027677952762414915,0.018231987765925606,True,True,False
Dual Momentum,2025-12-01 00:00:00-05:00,2026-01-02 00:00:00-05:00,AAPL,11,0.1569778403688391,True,False,29,0.35714285714285715,-0.02068264395553665,0.038164085211169096,-0.039782672575633726,0.013149893728817696,0.0027677952762414915,0.018231987765925606,False,False,False
Dual Momentum,2025-12-01 00:00:00-05:00,2026-01-02 00:00:00-05:00,AMGN,12,0.14862731436872778,True,False,29,0.39285714285714285,-0.041682555588753556,0.009648107041593912,-0.0894277476506834,0.013149893728817696,0.0027677952762414915,0.018231987765925606,False,False,False
Dual Momentum,2025-12-01 00:00:00-05:00,2026-01-02 00:00:00-05:00,TRV,13,0.146903763540007,True,False,29,0.42857142857142855,-0.00946366323607395,0.012810767019154845,-0.05127849135360141,0.013149893728817696,0.0027677952762414915,0.018231987765925606,False,False,False
Dual Momentum,2025-12-01 00:00:00-05:00,2026-01-02 00:00:00-05:00,WMT,14,0.1291030330519951,True,False,29,0.4642857142857143,0.010380420925434564,0.06496613392661277,-0.0013573570082279218,0.013149893728817696,0.0027677952762414915,0.018231987765925606,False,True,False
Dual Momentum,2025-12-01 00:00:00-05:00,2026-01-02 00:00:00-05:00,MMM,15,0.12453482334867583,True,False,29,0.5,-0.06198720720606643,0.02349442919655309,-0.07165452018435792,0.013149893728817696,0.0027677952762414915,0.018231987765925606,False,False,False
Dual Momentum,2025-12-01 00:00:00-05:00,2026-01-02 00:00:00-05:00,BA,16,0.0822882363590991,True,False,29,0.5357142857142857,0.1544770646987652,0.17421674957280486,-0.013494935230496496,0.013149893728817696,0.0027677952762414915,0.018231987765925606,True,True,True
Dual Momentum,2025-12-01 00:00:00-05:00,2026-01-02 00:00:00-05:00,KO,17,0.049743580744205484,True,False,29,0.5714285714285714,-0.03787882553464261,0.004270044001430273,-0.05247937498490318,0.013149893728817696,0.0027677952762414915,0.018231987765925606,False,False,False
Dual Momentum,2025-12-01 00:00:00-05:00,2026-01-02 00:00:00-05:00,MCD,18,0.028734681605970813,False,False,29,0.6071428571428571,-0.01353889488861193,0.03977637878462903,-0.031956818819850685,0.013149893728817696,0.0027677952762414915,0.018231987765925606,False,False,False
Dual Momentum,2025-12-01 00:00:00-05:00,2026-01-02 00:00:00-05:00,VZ,19,0.001747701662972112,False,False,29,0.6428571428571429,-0.004638700194701584,0.026855472765721977,-0.03173838288311204,0.013149893728817696,0.0027677952762414915,0.018231987765925606,False,False,False
Dual Momentum,2025-12-01 00:00:00-05:00,2026-01-02 00:00:00-05:00,CVX,20,-0.013988308948066241,False,False,29,0.6785714285714286,0.0027677952762414915,0.014497508719882646,-0.034662257153735165,0.013149893728817696,0.0027677952762414915,0.018231987765925606,False,False,False
Dual Momentum,2025-12-01 00:00:00-05:00,2026-01-02 00:00:00-05:00,HON,21,-0.026462550552097452,False,False,29,0.7142857142857143,0.02843162881641015,0.06401082131711022,-0.003941682591360518,0.013149893728817696,0.0027677952762414915,0.018231987765925606,True,True,True
Dual Momentum,2025-12-01 00:00:00-05:00,2026-01-02 00:00:00-05:00,V,22,-0.07295198088089139,False,False,29,0.75,0.050849896076919254,0.07145439152950028,-0.0260106579827033,0.013149893728817696,0.0027677952762414915,0.018231987765925606,True,True,True
Dual Momentum,2025-12-01 00:00:00-05:00,2026-01-02 00:00:00-05:00,DIS,23,-0.0780712231698345,False,False,29,0.7857142857142857,0.08852008657720645,0.10617582400062697,-0.004289024248402273,0.013149893728817696,0.0027677952762414915,0.018231987765925606,True,True,True
Dual Momentum,2025-12-01 00:00:00-05:00,2026-01-02 00:00:00-05:00,HD,24,-0.08354095194657296,False,False,29,0.8214285714285714,-0.02372200569193117,0.041291232483943396,-0.027957638939282825,0.013149893728817696,0.0027677952762414915,0.018231987765925606,False,False,False
Dual Momentum,2025-12-01 00:00:00-05:00,2026-01-02 00:00:00-05:00,PG,25,-0.1305066980591465,False,False,29,0.8571428571428571,-0.033693513815208465,0.005334188072758428,-0.06725192277803682,0.013149893728817696,0.0027677952762414915,0.018231987765925606,False,False,False
Dual Momentum,2025-12-01 00:00:00-05:00,2026-01-02 00:00:00-05:00,NKE,26,-0.17249640378924347,False,False,29,0.8928571428571429,0.0036068058217471055,0.08420893376633165,-0.1063194776383719,0.013149893728817696,0.0027677952762414915,0.018231987765925606,False,True,False
Dual Momentum,2025-12-01 00:00:00-05:00,2026-01-02 00:00:00-05:00,CRM,27,-0.222188730719856,False,False,29,0.9285714285714286,0.16074592392552867,0.17874829044501217,-0.0003060832902880284,0.013149893728817696,0.0027677952762414915,0.018231987765925606,True,True,True
Dual Momentum,2025-12-01 00:00:00-05:00,2026-01-02 00:00:00-05:00,UNH,28,-0.29334152106431255,False,False,29,0.9642857142857143,0.018231987765925606,0.061558506590420725,-0.016539839661765643,0.013149893728817696,0.0027677952762414915,0.018231987765925606,True,True,True
Dual Momentum,2025-12-01 00:00:00-05:00,2026-01-02 00:00:00-05:00,DOW,29,-0.3396491156098319,False,False,29,1.0,-0.0021187112810439057,0.06144064280708461,-0.045762784144060875,0.013149893728817696,0.0027677952762414915,0.018231987765925606,False,False,False
Dual Momentum,2026-01-02 00:00:00-05:00,2026-02-02 00:00:00-05:00,CAT,1,0.7527206087640408,True,True,29,0.0,0.1450401581965366,0.18004285246811103,-0.003947487302175201,0.005643786778186444,0.04349478219421976,0.08971254536362916,True,True,True
Dual Momentum,2026-01-02 00:00:00-05:00,2026-02-02 00:00:00-05:00,INTC,2,0.6734695148587222,True,True,29,0.03571428571428571,0.20810168162801612,0.4455916815563077,-0.00026481694755742247,0.005643786778186444,0.04349478219421976,0.08971254536362916,True,True,True
Dual Momentum,2026-01-02 00:00:00-05:00,2026-02-02 00:00:00-05:00,GS,3,0.6273369905387438,True,True,29,0.07142857142857142,0.05444568055378052,0.11391399133766633,-0.003676470588235281,0.005643786778186444,0.04349478219421976,0.08971254536362916,True,True,False
Dual Momentum,2026-01-02 00:00:00-05:00,2026-02-02 00:00:00-05:00,JNJ,4,0.380692838782964,True,True,29,0.10714285714285714,0.10395520631279398,0.112078113629005,-0.028575570500204095,0.005643786778186444,0.04349478219421976,0.08971254536362916,True,True,True
Dual Momentum,2026-01-02 00:00:00-05:00,2026-02-02 00:00:00-05:00,AXP,5,0.3792449687793278,True,True,29,0.14285714285714285,-0.05182681757650287,0.045358626552757686,-0.06765903942496576,0.005643786778186444,0.04349478219421976,0.08971254536362916,False,False,False
Dual Momentum,2026-01-02 00:00:00-05:00,2026-02-02 00:00:00-05:00,JPM,6,0.34347208398002294,True,False,29,0.17857142857142858,-0.051679617948446555,0.046155112034111045,-0.07644182352349849,0.005643786778186444,0.04349478219421976,0.08971254536362916,False,False,False
Dual Momentum,2026-01-02 00:00:00-05:00,2026-02-02 00:00:00-05:00,BA,7,0.2910744929607867,True,False,29,0.21428571428571427,0.06642221360794442,0.1659409269761829,-0.013339392549793772,0.005643786778186444,0.04349478219421976,0.08971254536362916,True,True,False
Dual Momentum,2026-01-02 00:00:00-05:00,2026-02-02 00:00:00-05:00,MSFT,8,0.2721752946347764,True,False,29,0.25,-0.11179006704072625,0.01096225145588603,-0.13082440649194738,0.005643786778186444,0.04349478219421976,0.08971254536362916,False,False,False
Dual Momentum,2026-01-02 00:00:00-05:00,2026-02-02 00:00:00-05:00,CSCO,9,0.2699297322454377,True,False,29,0.2857142857142857,0.019178145209117314,0.03692104707714927,-0.0502282231658272,0.005643786778186444,0.04349478219421976,0.08971254536362916,True,False,False
Dual Momentum,2026-01-02 00:00:00-05:00,2026-02-02 00:00:00-05:00,WMT,10,0.2627309747587778,True,False,29,0.32142857142857145,0.07242213356518445,0.09144754522892495,-0.014538336265418561,0.005643786778186444,0.04349478219421976,0.08971254536362916,True,True,False
Dual Momentum,2026-01-02 00:00:00-05:00,2026-02-02 00:00:00-05:00,MRK,11,0.2429029117782826,True,False,29,0.35714285714285715,0.04349478219421976,0.06983802976726539,-0.010423561895623767,0.005643786778186444,0.04349478219421976,0.08971254536362916,True,False,False
Dual Momentum,2026-01-02 00:00:00-05:00,2026-02-02 00:00:00-05:00,AAPL,12,0.22223052255942233,True,False,29,0.39285714285714285,-0.04492043820889757,0.020495064908978566,-0.10592823397619688,0.005643786778186444,0.04349478219421976,0.08971254536362916,False,False,False
Dual Momentum,2026-01-02 00:00:00-05:00,2026-02-02 00:00:00-05:00,IBM,13,0.20576943089937916,True,False,29,0.42857142857142855,0.03343865611709873,0.0750773162056464,-0.028767299465070728,0.005643786778186444,0.04349478219421976,0.08971254536362916,True,False,False
Dual Momentum,2026-01-02 00:00:00-05:00,2026-02-02 00:00:00-05:00,DIS,14,0.17760232575127843,True,False,29,0.4642857142857143,-0.08312768072555843,0.022831396365330603,-0.08312768072555843,0.005643786778186444,0.04349478219421976,0.08971254536362916,False,False,False
Dual Momentum,2026-01-02 00:00:00-05:00,2026-02-02 00:00:00-05:00,TRV,15,0.1098104110244178,True,False,29,0.5,-0.009355109624782698,0.009978975573452953,-0.07141109228918308,0.005643786778186444,0.04349478219421976,0.08971254536362916,False,False,False
Dual Momentum,2026-01-02 00:00:00-05:00,2026-02-02 00:00:00-05:00,MMM,16,0.09922109820551639,True,False,29,0.5357142857142857,-0.040911910201050894,0.08094943902230689,-0.05059334693875506,0.005643786778186444,0.04349478219421976,0.08971254536362916,False,False,False
Dual Momentum,2026-01-02 00:00:00-05:00,2026-02-02 00:00:00-05:00,AMGN,17,0.0923220863491474,True,False,29,0.5714285714285714,0.032545633344768676,0.07445941280925994,-0.03211964051208216,0.005643786778186444,0.04349478219421976,0.08971254536362916,True,False,False
Dual Momentum,2026-01-02 00:00:00-05:00,2026-02-02 00:00:00-05:00,V,18,0.018067348327057697,False,False,29,0.6071428571428571,-0.07156940850812665,0.02500930691483938,-0.08091567694416069,0.005643786778186444,0.04349478219421976,0.08971254536362916,False,False,False
Dual Momentum,2026-01-02 00:00:00-05:00,2026-02-02 00:00:00-05:00,NKE,19,0.0018260069768674114,False,False,29,0.6428571428571429,-0.03656255355038929,0.048906278077817555,-0.04656254828954742,0.005643786778186444,0.04349478219421976,0.08971254536362916,False,False,False
Dual Momentum,2026-01-02 00:00:00-05:00,2026-02-02 00:00:00-05:00,KO,20,-0.00590861972466461,False,False,29,0.6785714285714286,0.07387267366329975,0.07387267366329975,-0.03693628199477472,0.005643786778186444,0.04349478219421976,0.08971254536362916,True,True,False
Dual Momentum,2026-01-02 00:00:00-05:00,2026-02-02 00:00:00-05:00,MCD,21,-0.008502764009709951,False,False,29,0.7142857142857143,0.04490825926991571,0.04490825926991571,-0.02279804352308179,0.005643786778186444,0.04349478219421976,0.08971254536362916,True,True,False
Dual Momentum,2026-01-02 00:00:00-05:00,2026-02-02 00:00:00-05:00,CRM,22,-0.013177515921303562,False,False,29,0.75,-0.19113209143623766,0.010679095433403951,-0.2121509891100103,0.005643786778186444,0.04349478219421976,0.08971254536362916,False,False,False
Dual Momentum,2026-01-02 00:00:00-05:00,2026-02-02 00:00:00-05:00,HON,23,-0.01436531179202094,False,False,29,0.7857142857142857,0.15611434013302072,0.17323325380001608,-0.011957690060938275,0.005643786778186444,0.04349478219421976,0.08971254536362916,True,True,True
Dual Momentum,2026-01-02 00:00:00-05:00,2026-02-02 00:00:00-05:00,HD,24,-0.04121568593630065,False,False,29,0.8214285714285714,0.08971254536362916,0.1373497059066866,-0.016655506235738082,0.005643786778186444,0.04349478219421976,0.08971254536362916,True,True,True
Dual Momentum,2026-01-02 00:00:00-05:00,2026-02-02 00:00:00-05:00,VZ,25,-0.05737702029998615,False,False,29,0.8571428571428571,0.11242220620709875,0.11366983803566555,-0.034802837770160466,0.005643786778186444,0.04349478219421976,0.08971254536362916,True,True,True
Dual Momentum,2026-01-02 00:00:00-05:00,2026-02-02 00:00:00-05:00,CVX,26,-0.06399727203897743,False,False,29,0.8928571428571429,0.13977796867020365,0.1651442951722042,-0.006045857790731524,0.005643786778186444,0.04349478219421976,0.08971254536362916,True,True,True
Dual Momentum,2026-01-02 00:00:00-05:00,2026-02-02 00:00:00-05:00,PG,27,-0.14279575049134885,False,False,29,0.9285714285714286,0.0726167333096781,0.0726167333096781,-0.03836214343310029,0.005643786778186444,0.04349478219421976,0.08971254536362916,True,True,False
Dual Momentum,2026-01-02 00:00:00-05:00,2026-02-02 00:00:00-05:00,DOW,28,-0.28719931708578894,False,False,29,0.9642857142857143,0.16772828078230062,0.23524420393917422,-0.010403352009422218,0.005643786778186444,0.04349478219421976,0.08971254536362916,True,True,True
Dual Momentum,2026-01-02 00:00:00-05:00,2026-02-02 00:00:00-05:00,UNH,29,-0.35617033675357324,False,False,29,1.0,-0.13563004232700737,0.08150494627180183,-0.15261412179224643,0.005643786778186444,0.04349478219421976,0.08971254536362916,False,False,False
Dual Momentum,2026-02-02 00:00:00-05:00,2026-03-02 00:00:00-05:00,INTC,1,1.3119403153615865,True,True,29,0.0,-0.031339037293492855,0.12842429264035982,-0.06026736654892628,-0.01577764548015448,0.010097060395595658,0.08443777828674293,False,False,False
Dual Momentum,2026-02-02 00:00:00-05:00,2026-03-02 00:00:00-05:00,CAT,2,1.1444427900618463,True,True,29,0.03571428571428571,0.1116516705036692,0.19700826016897222,-0.0036222221543870115,-0.01577764548015448,0.010097060395595658,0.08443777828674293,True,True,True
Dual Momentum,2026-02-02 00:00:00-05:00,2026-03-02 00:00:00-05:00,GS,3,0.7346183849129881,True,True,29,0.07142857142857142,-0.09409555756248555,0.03890012960137024,-0.09409555756248555,-0.01577764548015448,0.010097060395595658,0.08443777828674293,False,False,False
Dual Momentum,2026-02-02 00:00:00-05:00,2026-03-02 00:00:00-05:00,JNJ,4,0.48644642023867757,True,True,29,0.10714285714285714,0.09720874606315877,0.09720874606315877,-0.004686436973958652,-0.01577764548015448,0.010097060395595658,0.08443777828674293,True,True,True
Dual Momentum,2026-02-02 00:00:00-05:00,2026-03-02 00:00:00-05:00,CSCO,5,0.3804070731454279,True,True,29,0.14285714285714285,0.008064424384270685,0.12890417613035088,-0.06016397483396563,-0.01577764548015448,0.010097060395595658,0.08443777828674293,True,False,False
Dual Momentum,2026-02-02 00:00:00-05:00,2026-03-02 00:00:00-05:00,CVX,6,0.3455091609500638,True,False,29,0.17857142857142858,0.10811736128000371,0.10811736128000371,-0.004554938502083772,-0.01577764548015448,0.010097060395595658,0.08443777828674293,True,True,True
Dual Momentum,2026-02-02 00:00:00-05:00,2026-03-02 00:00:00-05:00,AXP,7,0.331556552818306,True,False,29,0.21428571428571427,-0.1345796600833974,0.054659706636285055,-0.1345796600833974,-0.01577764548015448,0.010097060395595658,0.08443777828674293,False,False,False
Dual Momentum,2026-02-02 00:00:00-05:00,2026-03-02 00:00:00-05:00,MRK,8,0.331402925110567,True,False,29,0.25,0.12159460006996281,0.1363966273506807,-0.0015438230484889903,-0.01577764548015448,0.010097060395595658,0.08443777828674293,True,True,True
Dual Momentum,2026-02-02 00:00:00-05:00,2026-03-02 00:00:00-05:00,IBM,9,0.29245781976658924,True,False,29,0.2857142857142857,-0.22915082640577522,0.029690106314819165,-0.2781424054571683,-0.01577764548015448,0.010097060395595658,0.08443777828674293,False,False,False
Dual Momentum,2026-02-02 00:00:00-05:00,2026-03-02 00:00:00-05:00,BA,10,0.27548567023712667,True,False,29,0.32142857142857145,-0.028541950683756312,0.06542297653298723,-0.033227285711053045,-0.01577764548015448,0.010097060395595658,0.08443777828674293,False,False,False
Dual Momentum,2026-02-02 00:00:00-05:00,2026-03-02 00:00:00-05:00,JPM,11,0.2682986375203058,True,False,29,0.35714285714285715,-0.03169535149197278,0.07206214557454205,-0.042961215801187724,-0.01577764548015448,0.010097060395595658,0.08443777828674293,False,False,False
Dual Momentum,2026-02-02 00:00:00-05:00,2026-03-02 00:00:00-05:00,DIS,12,0.2539579061421269,True,False,29,0.39285714285714285,0.005768691035825224,0.06826263624080742,-0.028747299918624125,-0.01577764548015448,0.010097060395595658,0.08443777828674293,True,False,False
Dual Momentum,2026-02-02 00:00:00-05:00,2026-03-02 00:00:00-05:00,WMT,13,0.23342936121935143,True,False,29,0.42857142857142855,0.06661090271057457,0.12711287662505022,-0.0037656648388467717,-0.01577764548015448,0.010097060395595658,0.08443777828674293,True,True,False
Dual Momentum,2026-02-02 00:00:00-05:00,2026-03-02 00:00:00-05:00,AAPL,14,0.22525795149504035,True,False,29,0.4642857142857143,0.010097060395595658,0.080298375121574,-0.016694078830489234,-0.01577764548015448,0.010097060395595658,0.08443777828674293,True,False,False
Dual Momentum,2026-02-02 00:00:00-05:00,2026-03-02 00:00:00-05:00,AMGN,15,0.20369581473834764,True,False,29,0.5,0.15087788291281612,0.15722556603186355,-0.0025922552443216063,-0.01577764548015448,0.010097060395595658,0.08443777828674293,True,True,True
Dual Momentum,2026-02-02 00:00:00-05:00,2026-03-02 00:00:00-05:00,HON,16,0.16558679520974628,True,False,29,0.5357142857142857,0.07808063130677279,0.08734087847186389,-0.005127287653962864,-0.01577764548015448,0.010097060395595658,0.08443777828674293,True,True,False
Dual Momentum,2026-02-02 00:00:00-05:00,2026-03-02 00:00:00-05:00,MMM,17,0.11788690018360737,True,False,29,0.5714285714285714,0.0615312108370345,0.15538905246874957,-0.019537609510751675,-0.01577764548015448,0.010097060395595658,0.08443777828674293,True,True,False
Dual Momentum,2026-02-02 00:00:00-05:00,2026-03-02 00:00:00-05:00,NKE,18,0.1160180328218623,True,False,29,0.6071428571428571,-0.02209552902066647,0.1107688038467014,-0.02209552902066647,-0.01577764548015448,0.010097060395595658,0.08443777828674293,False,False,False
Dual Momentum,2026-02-02 00:00:00-05:00,2026-03-02 00:00:00-05:00,MSFT,19,0.09446131733533303,True,False,29,0.6428571428571429,-0.0847976999573199,0.0011621420866239074,-0.11077253668486431,-0.01577764548015448,0.010097060395595658,0.08443777828674293,False,False,False
Dual Momentum,2026-02-02 00:00:00-05:00,2026-03-02 00:00:00-05:00,TRV,20,0.09026509120893267,True,False,29,0.6785714285714286,0.07572316045926519,0.08359274143576223,-0.009198661593848967,-0.01577764548015448,0.010097060395595658,0.08443777828674293,True,True,False
Dual Momentum,2026-02-02 00:00:00-05:00,2026-03-02 00:00:00-05:00,VZ,21,0.06254893905348458,True,False,29,0.7142857142857143,0.12113048599828935,0.1323462812860523,-0.01570212503786461,-0.01577764548015448,0.010097060395595658,0.08443777828674293,True,True,True
Dual Momentum,2026-02-02 00:00:00-05:00,2026-03-02 00:00:00-05:00,HD,22,0.0583036845315017,True,False,29,0.75,0.0020307878680767555,0.0625000762087844,-0.01603249293653075,-0.01577764548015448,0.010097060395595658,0.08443777828674293,True,False,False
Dual Momentum,2026-02-02 00:00:00-05:00,2026-03-02 00:00:00-05:00,KO,23,0.05379675838719167,True,False,29,0.7857142857142857,0.08318882345009859,0.09318742914539913,-0.008132256938797155,-0.01577764548015448,0.010097060395595658,0.08443777828674293,True,True,False
Dual Momentum,2026-02-02 00:00:00-05:00,2026-03-02 00:00:00-05:00,MCD,24,0.0026492615327304847,False,False,29,0.8214285714285714,0.06915351497447664,0.07006259866560471,-0.011880904529535607,-0.01577764548015448,0.010097060395595658,0.08443777828674293,True,True,False
Dual Momentum,2026-02-02 00:00:00-05:00,2026-03-02 00:00:00-05:00,PG,25,-0.04675522774133267,False,False,29,0.8571428571428571,0.08443777828674293,0.09729690936568458,-0.007676146063513634,-0.01577764548015448,0.010097060395595658,0.08443777828674293,True,True,True
Dual Momentum,2026-02-02 00:00:00-05:00,2026-03-02 00:00:00-05:00,DOW,26,-0.04968556563552562,False,False,29,0.8928571428571429,0.1295862927405338,0.264363658843491,-0.014545440673828125,-0.01577764548015448,0.010097060395595658,0.08443777828674293,True,True,True
Dual Momentum,2026-02-02 00:00:00-05:00,2026-03-02 00:00:00-05:00,V,27,-0.06346932718626896,False,False,29,0.9285714285714286,-0.026719818067762913,0.03928209398434768,-0.06503407085927959,-0.01577764548015448,0.010097060395595658,0.08443777828674293,False,False,False
Dual Momentum,2026-02-02 00:00:00-05:00,2026-03-02 00:00:00-05:00,CRM,28,-0.2060560258619374,False,False,29,0.9642857142857143,-0.1019360910413184,0.011849746740413725,-0.18558430257239278,-0.01577764548015448,0.010097060395595658,0.08443777828674293,False,False,False
Dual Momentum,2026-02-02 00:00:00-05:00,2026-03-02 00:00:00-05:00,UNH,29,-0.28848669597209853,False,False,29,1.0,0.007482007660800871,0.032305402104409575,-0.06898122019939357,-0.01577764548015448,0.010097060395595658,0.08443777828674293,True,False,False
Dual Momentum,2026-03-02 00:00:00-05:00,2026-04-01 00:00:00-04:00,INTC,1,1.239077011843071,True,True,29,0.0,0.018099529937821268,0.11244337828548345,-0.08076922247063778,-0.0339092644447434,-0.03174412256600856,0.001800739939127327,True,True,True
Dual Momentum,2026-03-02 00:00:00-05:00,2026-04-01 00:00:00-04:00,CAT,2,1.1443891516952522,True,True,29,0.03571428571428571,-0.015664828683689125,0.030320782192635676,-0.09630672746356794,-0.0339092644447434,-0.03174412256600856,0.001800739939127327,True,True,False
Dual Momentum,2026-03-02 00:00:00-05:00,2026-04-01 00:00:00-04:00,MRK,3,0.6722400023084141,True,True,29,0.07142857142857142,-0.0140447943889761,0.0015382949455555739,-0.08060167346817226,-0.0339092644447434,-0.03174412256600856,0.001800739939127327,True,True,False
Dual Momentum,2026-03-02 00:00:00-05:00,2026-04-01 00:00:00-04:00,JNJ,4,0.6609673127826889,True,True,29,0.10714285714285714,-0.014406655088718745,0.010112782406081822,-0.06802039618112099,-0.0339092644447434,-0.03174412256600856,0.001800739939127327,True,True,False
Dual Momentum,2026-03-02 00:00:00-05:00,2026-04-01 00:00:00-04:00,GS,5,0.43446253246902167,True,True,29,0.14285714285714285,0.02375000606414135,0.04619046100080526,-0.07083337491568953,-0.0339092644447434,-0.03174412256600856,0.001800739939127327,True,True,True
Dual Momentum,2026-03-02 00:00:00-05:00,2026-04-01 00:00:00-04:00,AMGN,6,0.4253973903183752,True,False,29,0.17857142857142858,-0.08530930280699911,0.008479403466293611,-0.11095357354568869,-0.0339092644447434,-0.03174412256600856,0.001800739939127327,False,False,False
Dual Momentum,2026-03-02 00:00:00-05:00,2026-04-01 00:00:00-04:00,CVX,7,0.4175561649882378,True,False,29,0.21428571428571427,0.06126199392624043,0.12809325375835812,-0.032469983907356226,-0.0339092644447434,-0.03174412256600856,0.001800739939127327,True,True,True
Dual Momentum,2026-03-02 00:00:00-05:00,2026-04-01 00:00:00-04:00,AAPL,8,0.32214307577472256,True,False,29,0.25,-0.03174412256600856,0.01570060233866921,-0.06440300959528777,-0.0339092644447434,-0.03174412256600856,0.001800739939127327,True,False,False
Dual Momentum,2026-03-02 00:00:00-05:00,2026-04-01 00:00:00-04:00,WMT,9,0.321578181489637,True,False,29,0.2857142857142857,-0.026721548532736117,0.010120829474292048,-0.07216222783108195,-0.0339092644447434,-0.03174412256600856,0.001800739939127327,True,True,False
Dual Momentum,2026-03-02 00:00:00-05:00,2026-04-01 00:00:00-04:00,CSCO,10,0.27645799129307846,True,False,29,0.32142857142857145,-0.009523760300096717,0.05536507307632621,-0.0450794253210165,-0.0339092644447434,-0.03174412256600856,0.001800739939127327,True,True,False
Dual Momentum,2026-03-02 00:00:00-05:00,2026-04-01 00:00:00-04:00,VZ,11,0.2224839830958123,True,False,29,0.35714285714285715,0.001800739939127327,0.03401364369341242,-0.0214086044553935,-0.0339092644447434,-0.03174412256600856,0.001800739939127327,True,True,True
Dual Momentum,2026-03-02 00:00:00-05:00,2026-04-01 00:00:00-04:00,KO,12,0.17148535315570657,True,False,29,0.39285714285714285,-0.05632481100321851,0.001846172626202014,-0.08210084771199755,-0.0339092644447434,-0.03174412256600856,0.001800739939127327,False,False,False
Dual Momentum,2026-03-02 00:00:00-05:00,2026-04-01 00:00:00-04:00,HON,13,0.16935116854352517,True,False,29,0.42857142857142855,-0.063823711648613,0.0225793414001072,-0.09423165829413083,-0.0339092644447434,-0.03174412256600856,0.001800739939127327,False,False,False
Dual Momentum,2026-03-02 00:00:00-05:00,2026-04-01 00:00:00-04:00,DOW,14,0.15771506700679327,True,False,29,0.4642857142857143,0.3547230636787553,0.3921824254741373,-0.04283390133419762,-0.0339092644447434,-0.03174412256600856,0.001800739939127327,True,True,True
Dual Momentum,2026-03-02 00:00:00-05:00,2026-04-01 00:00:00-04:00,JPM,15,0.15595078176129884,True,False,29,0.5,0.0019673802305253396,0.025711453100570214,-0.05328857456975833,-0.0339092644447434,-0.03174412256600856,0.001800739939127327,True,True,True
Dual Momentum,2026-03-02 00:00:00-05:00,2026-04-01 00:00:00-04:00,TRV,16,0.14158705506684033,True,False,29,0.5357142857142857,-0.050528442978369115,0.01807776564809771,-0.07108685618274224,-0.0339092644447434,-0.03174412256600856,0.001800739939127327,False,False,False
Dual Momentum,2026-03-02 00:00:00-05:00,2026-04-01 00:00:00-04:00,BA,17,0.12918113538112586,True,False,29,0.5714285714285714,-0.0995575221238938,0.026371711123306163,-0.16938052557211003,-0.0339092644447434,-0.03174412256600856,0.001800739939127327,False,False,False
Dual Momentum,2026-03-02 00:00:00-05:00,2026-04-01 00:00:00-04:00,MMM,18,0.12704142044007316,True,False,29,0.6071428571428571,-0.10014172525781351,0.012078581398119459,-0.14130769655574804,-0.0339092644447434,-0.03174412256600856,0.001800739939127327,False,False,False
Dual Momentum,2026-03-02 00:00:00-05:00,2026-04-01 00:00:00-04:00,MCD,19,0.10923014484027549,True,False,29,0.6428571428571429,-0.0854902100391064,0.002023111611873185,-0.1013822612749099,-0.0339092644447434,-0.03174412256600856,0.001800739939127327,False,False,False
Dual Momentum,2026-03-02 00:00:00-05:00,2026-04-01 00:00:00-04:00,AXP,20,0.060656681001520774,True,False,29,0.6785714285714286,0.011774352922731879,0.03054076773301473,-0.04033642385550007,-0.0339092644447434,-0.03174412256600856,0.001800739939127327,True,True,True
Dual Momentum,2026-03-02 00:00:00-05:00,2026-04-01 00:00:00-04:00,HD,21,0.053499866474517876,True,False,29,0.7142857142857143,-0.11580788122981578,0.00029329427083335524,-0.14026352756293714,-0.0339092644447434,-0.03174412256600856,0.001800739939127327,False,False,False
Dual Momentum,2026-03-02 00:00:00-05:00,2026-04-01 00:00:00-04:00,NKE,22,0.024930437809134176,False,False,29,0.75,-0.22270447409982663,0.02721197348740878,-0.22270447409982663,-0.0339092644447434,-0.03174412256600856,0.001800739939127327,False,False,False
Dual Momentum,2026-03-02 00:00:00-05:00,2026-04-01 00:00:00-04:00,PG,23,0.020101748060673774,False,False,29,0.7857142857142857,-0.1292878713465685,0.007623025088057345,-0.14084343824889445,-0.0339092644447434,-0.03174412256600856,0.001800739939127327,False,False,False
Dual Momentum,2026-03-02 00:00:00-05:00,2026-04-01 00:00:00-04:00,UNH,24,0.003701643392897802,False,False,29,0.8214285714285714,-0.041012756162422837,0.024812582612499856,-0.10480297533351546,-0.0339092644447434,-0.03174412256600856,0.001800739939127327,False,False,False
Dual Momentum,2026-03-02 00:00:00-05:00,2026-04-01 00:00:00-04:00,DIS,25,-0.03862349570432244,False,False,29,0.8571428571428571,-0.07026097727817249,0.0,-0.11872672636971804,-0.0339092644447434,-0.03174412256600856,0.001800739939127327,False,False,False
Dual Momentum,2026-03-02 00:00:00-05:00,2026-04-01 00:00:00-04:00,IBM,26,-0.06027547543323186,False,False,29,0.8928571428571429,0.027238075315520582,0.10470946096944678,-0.008273139294030507,-0.0339092644447434,-0.03174412256600856,0.001800739939127327,True,True,True
Dual Momentum,2026-03-02 00:00:00-05:00,2026-04-01 00:00:00-04:00,V,27,-0.10488079607544121,False,False,29,0.9285714285714286,-0.0331221053691334,0.032551457086426705,-0.06713145431233725,-0.0339092644447434,-0.03174412256600856,0.001800739939127327,True,False,False
Dual Momentum,2026-03-02 00:00:00-05:00,2026-04-01 00:00:00-04:00,MSFT,28,-0.13630084264387576,False,False,29,0.9642857142857143,-0.049305026728782564,0.05139242428162172,-0.09311202338025648,-0.0339092644447434,-0.03174412256600856,0.001800739939127327,False,False,False
Dual Momentum,2026-03-02 00:00:00-05:00,2026-04-01 00:00:00-04:00,CRM,29,-0.29082315159435024,False,False,29,1.0,-0.029350639823251368,0.06420773005901315,-0.07106494097190463,-0.0339092644447434,-0.03174412256600856,0.001800739939127327,True,True,False
Dual Momentum,2026-04-01 00:00:00-04:00,2026-05-01 00:00:00-04:00,INTC,1,0.9700893669484234,True,True,29,0.0,1.071111043294271,1.1264444986979165,-0.00044445461697051325,0.10299734048914799,0.04123440006099455,0.09123102466737243,True,True,True
Dual Momentum,2026-04-01 00:00:00-04:00,2026-05-01 00:00:00-04:00,CAT,2,0.8411855465047862,True,True,29,0.03571428571428571,0.24452550072355894,0.24471974115781925,-0.02455681179576452,0.10299734048914799,0.04123440006099455,0.09123102466737243,True,True,True
Dual Momentum,2026-04-01 00:00:00-04:00,2026-05-01 00:00:00-04:00,DOW,3,0.6384986180218442,True,True,29,0.07142857142857142,-0.0156287470726979,0.018754435468733233,-0.16326045644091902,0.10299734048914799,0.04123440006099455,0.09123102466737243,False,False,False
Dual Momentum,2026-04-01 00:00:00-04:00,2026-05-01 00:00:00-04:00,JNJ,4,0.6308669500475856,True,True,29,0.10714285714285714,-0.06734533819100108,0.0065553943043605845,-0.08884367083863431,0.10299734048914799,0.04123440006099455,0.09123102466737243,False,False,False
Dual Momentum,2026-04-01 00:00:00-04:00,2026-05-01 00:00:00-04:00,MRK,5,0.5591705939559386,True,True,29,0.14285714285714285,-0.07073126875436397,0.02581074054510779,-0.10737920984499749,0.10299734048914799,0.04123440006099455,0.09123102466737243,False,False,False
Dual Momentum,2026-04-01 00:00:00-04:00,2026-05-01 00:00:00-04:00,CVX,6,0.4917874377739897,True,False,29,0.17857142857142858,-0.05292335668932979,0.017278064812578764,-0.12005547160147823,0.10299734048914799,0.04123440006099455,0.09123102466737243,False,False,False
Dual Momentum,2026-04-01 00:00:00-04:00,2026-05-01 00:00:00-04:00,AMGN,7,0.28831184797775866,True,False,29,0.21428571428571427,-0.06305999710593213,0.01282063267600253,-0.06305999710593213,0.10299734048914799,0.04123440006099455,0.09123102466737243,False,False,False
Dual Momentum,2026-04-01 00:00:00-04:00,2026-05-01 00:00:00-04:00,WMT,8,0.2792020113367828,True,False,29,0.25,0.0655896006415988,0.06995150347625367,-0.019951535119198782,0.10299734048914799,0.04123440006099455,0.09123102466737243,False,True,False
Dual Momentum,2026-04-01 00:00:00-04:00,2026-05-01 00:00:00-04:00,AAPL,9,0.24073837703047563,True,False,29,0.2857142857142857,0.09752829417302289,0.09752829417302289,-0.03298179567813819,0.10299734048914799,0.04123440006099455,0.09123102466737243,False,True,True
Dual Momentum,2026-04-01 00:00:00-04:00,2026-05-01 00:00:00-04:00,VZ,10,0.2199866739938645,True,False,29,0.32142857142857145,-0.021044147610346564,0.0019971734517791884,-0.10253933607689159,0.10299734048914799,0.04123440006099455,0.09123102466737243,False,False,False
Dual Momentum,2026-04-01 00:00:00-04:00,2026-05-01 00:00:00-04:00,GS,11,0.21403519483189548,True,False,29,0.35714285714285715,0.06564336830005946,0.10705274729345526,-0.03366473097179601,0.10299734048914799,0.04123440006099455,0.09123102466737243,False,True,False
Dual Momentum,2026-04-01 00:00:00-04:00,2026-05-01 00:00:00-04:00,CSCO,12,0.13790905844023493,True,False,29,0.39285714285714285,0.18265590604766269,0.18265590604766269,-0.01340076518329425,0.10299734048914799,0.04123440006099455,0.09123102466737243,True,True,True
Dual Momentum,2026-04-01 00:00:00-04:00,2026-05-01 00:00:00-04:00,TRV,13,0.10296306966030211,True,False,29,0.42857142857142855,0.05529966484789317,0.07086881394291944,-0.008386041081469453,0.10299734048914799,0.04123440006099455,0.09123102466737243,False,True,False
Dual Momentum,2026-04-01 00:00:00-04:00,2026-05-01 00:00:00-04:00,KO,14,0.09826325254223556,True,False,29,0.4642857142857143,0.04123440006099455,0.05476027918455606,-0.02101116001916592,0.10299734048914799,0.04123440006099455,0.09123102466737243,False,False,False
Dual Momentum,2026-04-01 00:00:00-04:00,2026-05-01 00:00:00-04:00,MCD,15,0.0822004158966807,True,False,29,0.5,-0.049875903432626045,0.007640895753157073,-0.06728575479004117,0.10299734048914799,0.04123440006099455,0.09123102466737243,False,False,False
Dual Momentum,2026-04-01 00:00:00-04:00,2026-05-01 00:00:00-04:00,HON,16,0.04652239034825656,True,False,29,0.5357142857142857,-0.05360674981078861,0.04233962578421502,-0.08529561072260272,0.10299734048914799,0.04123440006099455,0.09123102466737243,False,False,False
Dual Momentum,2026-04-01 00:00:00-04:00,2026-05-01 00:00:00-04:00,JPM,17,0.029126031489681736,False,False,29,0.5714285714285714,0.06827147800603406,0.0896742492765552,-0.022580380221962293,0.10299734048914799,0.04123440006099455,0.09123102466737243,False,True,False
Dual Momentum,2026-04-01 00:00:00-04:00,2026-05-01 00:00:00-04:00,MMM,18,-0.03320116050702493,False,False,29,0.6071428571428571,0.008628887169417565,0.08300226523598009,-0.0265032899098675,0.10299734048914799,0.04123440006099455,0.09123102466737243,False,False,False
Dual Momentum,2026-04-01 00:00:00-04:00,2026-05-01 00:00:00-04:00,AXP,19,-0.04480734850674806,False,False,29,0.6428571428571429,0.06104180466417586,0.11176065701049298,-0.043241021097280896,0.10299734048914799,0.04123440006099455,0.09123102466737243,False,True,False
Dual Momentum,2026-04-01 00:00:00-04:00,2026-05-01 00:00:00-04:00,BA,20,-0.05011215606916464,False,False,29,0.6785714285714286,0.1321867021940264,0.1619164469201091,-0.0058967909004530306,0.10299734048914799,0.04123440006099455,0.09123102466737243,True,True,True
Dual Momentum,2026-04-01 00:00:00-04:00,2026-05-01 00:00:00-04:00,PG,21,-0.07428753452440895,False,False,29,0.7142857142857143,0.035182374128667426,0.0670353224461111,-0.022095689401313123,0.10299734048914799,0.04123440006099455,0.09123102466737243,False,False,False
Dual Momentum,2026-04-01 00:00:00-04:00,2026-05-01 00:00:00-04:00,HD,22,-0.08596785636801929,False,False,29,0.75,0.0022164192454454668,0.07341287356970216,-0.042687479001433104,0.10299734048914799,0.04123440006099455,0.09123102466737243,False,False,False
Dual Momentum,2026-04-01 00:00:00-04:00,2026-05-01 00:00:00-04:00,UNH,23,-0.1144691443636009,False,False,29,0.7857142857142857,0.3564786619502922,0.3565879901081921,-0.012581531661724044,0.10299734048914799,0.04123440006099455,0.09123102466737243,True,True,True
Dual Momentum,2026-04-01 00:00:00-04:00,2026-05-01 00:00:00-04:00,V,24,-0.14379071069131566,False,False,29,0.8214285714285714,0.09123102466737243,0.12106223767393098,-0.036584079957758586,0.10299734048914799,0.04123440006099455,0.09123102466737243,False,True,True
Dual Momentum,2026-04-01 00:00:00-04:00,2026-05-01 00:00:00-04:00,IBM,25,-0.16285599711272403,False,False,29,0.8571428571428571,-0.03126548624121628,0.06765235135169445,-0.08421448162203715,0.10299734048914799,0.04123440006099455,0.09123102466737243,False,False,False
Dual Momentum,2026-04-01 00:00:00-04:00,2026-05-01 00:00:00-04:00,DIS,26,-0.21754619237242445,False,False,29,0.8928571428571429,0.07341150370929261,0.10127490157359054,-0.022311402195860586,0.10299734048914799,0.04123440006099455,0.09123102466737243,False,True,False
Dual Momentum,2026-04-01 00:00:00-04:00,2026-05-01 00:00:00-04:00,NKE,27,-0.2428472766350126,False,False,29,0.9285714285714286,-0.037371145543847684,0.008805819073968602,-0.09600516027945338,0.10299734048914799,0.04123440006099455,0.09123102466737243,False,False,False
Dual Momentum,2026-04-01 00:00:00-04:00,2026-05-01 00:00:00-04:00,MSFT,28,-0.25007289528420484,False,False,29,0.9642857142857143,0.10525044942483608,0.16120918228485404,-0.025007360058162287,0.10299734048914799,0.04123440006099455,0.09123102466737243,True,True,True
Dual Momentum,2026-04-01 00:00:00-04:00,2026-05-01 00:00:00-04:00,CRM,29,-0.31315080889230784,False,False,29,1.0,-0.02250114441301021,0.03850188741216032,-0.12267082491314152,0.10299734048914799,0.04123440006099455,0.09123102466737243,False,False,False
Dual Momentum,2026-05-01 00:00:00-04:00,2026-06-01 00:00:00-04:00,INTC,1,3.64503454514049,True,True,29,0.0,0.17414167262201508,0.42435626981534735,-0.0063304330172700984,0.04729289090034916,-0.008954416056738745,0.09089405158571906,True,True,True
Dual Momentum,2026-05-01 00:00:00-04:00,2026-06-01 00:00:00-04:00,CAT,2,1.0650035532559619,True,True,29,0.03571428571428571,-0.04089918330636311,0.038479537238811146,-0.05718970212409957,0.04729289090034916,-0.008954416056738745,0.09089405158571906,False,False,False
Dual Momentum,2026-05-01 00:00:00-04:00,2026-06-01 00:00:00-04:00,DOW,3,0.7633384417512812,True,True,29,0.07142857142857142,-0.15490300548311875,0.013067878733585392,-0.1747658766798844,0.04729289090034916,-0.008954416056738745,0.09089405158571906,False,False,False
Dual Momentum,2026-05-01 00:00:00-04:00,2026-06-01 00:00:00-04:00,UNH,4,0.4217478094785809,True,True,29,0.10714285714285714,0.01115708661586412,0.08654153653200058,-0.03685879067290132,0.04729289090034916,-0.008954416056738745,0.09089405158571906,False,True,False
Dual Momentum,2026-05-01 00:00:00-04:00,2026-06-01 00:00:00-04:00,JNJ,5,0.4004897543476498,True,True,29,0.14285714285714285,-0.019978862062088654,0.028114945375046885,-0.03793763945776052,0.04729289090034916,-0.008954416056738745,0.09089405158571906,False,False,False
Dual Momentum,2026-05-01 00:00:00-04:00,2026-06-01 00:00:00-04:00,MRK,6,0.37033020597583177,True,False,29,0.17857142857142858,0.046470221396261335,0.09614523636256922,-0.014065712790504059,0.04729289090034916,-0.008954416056738745,0.09089405158571906,False,True,False
Dual Momentum,2026-05-01 00:00:00-04:00,2026-06-01 00:00:00-04:00,CSCO,7,0.36272058946804653,True,False,29,0.21428571428571427,0.3057220274742718,0.32348770224042545,-0.008174435422328319,0.04729289090034916,-0.008954416056738745,0.09089405158571906,True,True,True
Dual Momentum,2026-05-01 00:00:00-04:00,2026-06-01 00:00:00-04:00,WMT,8,0.36058643821040137,True,False,29,0.25,-0.12864645648086803,0.026515686281642692,-0.12879838529795473,0.04729289090034916,-0.008954416056738745,0.09089405158571906,False,False,False
Dual Momentum,2026-05-01 00:00:00-04:00,2026-06-01 00:00:00-04:00,AAPL,9,0.30196494104179394,True,False,29,0.2857142857142857,0.1113651184711053,0.13063985741131257,-0.014344138832980247,0.04729289090034916,-0.008954416056738745,0.09089405158571906,True,True,True
Dual Momentum,2026-05-01 00:00:00-04:00,2026-06-01 00:00:00-04:00,CVX,10,0.29967698063836723,True,False,29,0.32142857142857145,-0.02734574666753098,0.0490928680936924,-0.061526467962030984,0.04729289090034916,-0.008954416056738745,0.09089405158571906,False,False,False
Dual Momentum,2026-05-01 00:00:00-04:00,2026-06-01 00:00:00-04:00,GS,11,0.28392903823233606,True,False,29,0.35714285714285715,0.11283799627730162,0.12092966671473815,-0.01898739737218702,0.04729289090034916,-0.008954416056738745,0.09089405158571906,True,True,True
Dual Momentum,2026-05-01 00:00:00-04:00,2026-06-01 00:00:00-04:00,TRV,12,0.19227561809657523,True,False,29,0.39285714285714285,-0.05712418537771413,0.01094289530278747,-0.05712418537771413,0.04729289090034916,-0.008954416056738745,0.09089405158571906,False,False,False
Dual Momentum,2026-05-01 00:00:00-04:00,2026-06-01 00:00:00-04:00,VZ,13,0.18429199406387342,True,False,29,0.42857142857142855,-0.016359487981939536,0.013874487143420211,-0.051356359153521325,0.04729289090034916,-0.008954416056738745,0.09089405158571906,False,False,False
Dual Momentum,2026-05-01 00:00:00-04:00,2026-06-01 00:00:00-04:00,AMGN,14,0.1745841610059493,True,False,29,0.4642857142857143,0.010157344955157743,0.04173039107920906,-0.036088099997032,0.04729289090034916,-0.008954416056738745,0.09089405158571906,False,True,False
Dual Momentum,2026-05-01 00:00:00-04:00,2026-06-01 00:00:00-04:00,KO,15,0.17048724612790678,True,False,29,0.5,-0.008954416056738745,0.04250227139632168,-0.019674573090179392,0.04729289090034916,-0.008954416056738745,0.09089405158571906,False,False,False
Dual Momentum,2026-05-01 00:00:00-04:00,2026-06-01 00:00:00-04:00,AXP,16,0.07318184960333118,True,False,29,0.5357142857142857,-0.03485685781468073,0.0016334292147284213,-0.0660461443097603,0.04729289090034916,-0.008954416056738745,0.09089405158571906,False,False,False
Dual Momentum,2026-05-01 00:00:00-04:00,2026-06-01 00:00:00-04:00,JPM,17,0.06061041703364056,True,False,29,0.5714285714285714,-0.051791726998575593,0.007485177975068202,-0.06459622468790738,0.04729289090034916,-0.008954416056738745,0.09089405158571906,False,False,False
Dual Momentum,2026-05-01 00:00:00-04:00,2026-06-01 00:00:00-04:00,HON,18,0.04023564446152328,True,False,29,0.6071428571428571,0.09420077868753274,0.12197665104076805,-0.030181889241122084,0.04729289090034916,-0.008954416056738745,0.09089405158571906,True,True,True
Dual Momentum,2026-05-01 00:00:00-04:00,2026-06-01 00:00:00-04:00,BA,19,0.014125055318516377,False,False,29,0.6428571428571429,-0.008854137761172609,0.0593316570740714,-0.07118053095024246,0.04729289090034916,-0.008954416056738745,0.09089405158571906,False,True,False
Dual Momentum,2026-05-01 00:00:00-04:00,2026-06-01 00:00:00-04:00,MMM,20,0.012773356985028128,False,False,29,0.6785714285714286,0.02598774237284096,0.0693941322366407,-0.03999184451254201,0.04729289090034916,-0.008954416056738745,0.09089405158571906,False,True,False
Dual Momentum,2026-05-01 00:00:00-04:00,2026-06-01 00:00:00-04:00,MCD,21,-0.016212056849889467,False,False,29,0.7142857142857143,-0.056260701851559514,0.002986000437001035,-0.07709532272149444,0.04729289090034916,-0.008954416056738745,0.09089405158571906,False,False,False
Dual Momentum,2026-05-01 00:00:00-04:00,2026-06-01 00:00:00-04:00,PG,22,-0.016918543542386533,False,False,29,0.75,-0.04294301402373957,0.009535427799209462,-0.05261371803216752,0.04729289090034916,-0.008954416056738745,0.09089405158571906,False,False,False
Dual Momentum,2026-05-01 00:00:00-04:00,2026-06-01 00:00:00-04:00,V,23,-0.05457941886572215,False,False,29,0.7857142857142857,-0.014844826511770881,0.008966747917916962,-0.05022828301840554,0.04729289090034916,-0.008954416056738745,0.09089405158571906,False,False,False
Dual Momentum,2026-05-01 00:00:00-04:00,2026-06-01 00:00:00-04:00,IBM,24,-0.09645373406215141,False,False,29,0.8214285714285714,0.3853077903295168,0.3853077903295168,-0.08802891376958133,0.04729289090034916,-0.008954416056738745,0.09089405158571906,True,True,True
Dual Momentum,2026-05-01 00:00:00-04:00,2026-06-01 00:00:00-04:00,HD,25,-0.09957791611014277,False,False,29,0.8571428571428571,-0.045349870411398596,0.0012722899193906567,-0.12420481261347527,0.04729289090034916,-0.008954416056738745,0.09089405158571906,False,False,False
Dual Momentum,2026-05-01 00:00:00-04:00,2026-06-01 00:00:00-04:00,DIS,26,-0.12621749654655112,False,False,29,0.8928571428571429,-0.02624520753139392,0.05823753032434986,-0.04157094775696224,0.04729289090034916,-0.008954416056738745,0.09089405158571906,False,False,False
Dual Momentum,2026-05-01 00:00:00-04:00,2026-06-01 00:00:00-04:00,MSFT,27,-0.20086349615059662,False,False,29,0.9285714285714286,0.12850487181837766,0.12850487181837766,-0.028875972177436315,0.04729289090034916,-0.008954416056738745,0.09089405158571906,True,True,True
Dual Momentum,2026-05-01 00:00:00-04:00,2026-06-01 00:00:00-04:00,CRM,28,-0.3294595900641387,False,False,29,0.9642857142857143,0.09089405158571906,0.09089405158571906,-0.09802959975733794,0.04729289090034916,-0.008954416056738745,0.09089405158571906,True,True,True
Dual Momentum,2026-05-01 00:00:00-04:00,2026-06-01 00:00:00-04:00,NKE,29,-0.41088841451097546,False,False,29,1.0,0.024705807423917037,0.0631414823759,-0.0774208643254507,0.04729289090034916,-0.008954416056738745,0.09089405158571906,False,True,False
Dual Momentum,2026-06-01 00:00:00-04:00,2026-07-01 00:00:00-04:00,INTC,1,3.614889277454134,True,True,29,0.0,0.23366535340871075,0.3008316339809314,-0.10143469289194629,-0.011174391690643826,-0.005249541528497992,0.09681442325960399,True,True,True
Dual Momentum,2026-06-01 00:00:00-04:00,2026-07-01 00:00:00-04:00,CAT,2,1.0387771961607966,True,True,29,0.03571428571428571,0.2020090217941528,0.24797715554581923,-0.007893854909943432,-0.011174391690643826,-0.005249541528497992,0.09681442325960399,True,True,True
Dual Momentum,2026-06-01 00:00:00-04:00,2026-07-01 00:00:00-04:00,CSCO,3,0.7892366782923492,True,True,29,0.07142857142857142,-0.027211996803068406,0.08823034027546206,-0.057929911120453204,-0.011174391690643826,-0.005249541528497992,0.09681442325960399,False,False,False
Dual Momentum,2026-06-01 00:00:00-04:00,2026-07-01 00:00:00-04:00,MRK,4,0.44894786972363976,True,True,29,0.10714285714285714,0.09681442325960399,0.11634989434357124,-0.04404663604748482,-0.011174391690643826,-0.005249541528497992,0.09681442325960399,True,True,True
Dual Momentum,2026-06-01 00:00:00-04:00,2026-07-01 00:00:00-04:00,DOW,5,0.4355453467109833,True,True,29,0.14285714285714285,-0.21751827045078698,0.052262800453353186,-0.21751827045078698,-0.011174391690643826,-0.005249541528497992,0.09681442325960399,False,False,False
Dual Momentum,2026-06-01 00:00:00-04:00,2026-07-01 00:00:00-04:00,GS,6,0.3894308872864074,True,False,29,0.17857142857142858,-0.005249541528497992,0.10801412453508874,-0.015059181551949519,-0.011174391690643826,-0.005249541528497992,0.09681442325960399,True,False,False
Dual Momentum,2026-06-01 00:00:00-04:00,2026-07-01 00:00:00-04:00,AAPL,7,0.3577284747970073,True,False,29,0.21428571428571427,-0.052288207913766205,0.025094464327964472,-0.11588024210800285,-0.011174391690643826,-0.005249541528497992,0.09681442325960399,False,False,False
Dual Momentum,2026-06-01 00:00:00-04:00,2026-07-01 00:00:00-04:00,JNJ,8,0.2968900848318359,True,False,29,0.25,0.13463263200100362,0.16442651187290358,-0.010573479581627465,-0.011174391690643826,-0.005249541528497992,0.09681442325960399,True,True,True
Dual Momentum,2026-06-01 00:00:00-04:00,2026-07-01 00:00:00-04:00,UNH,9,0.27773379879900784,True,False,29,0.2857142857142857,0.11534471365724408,0.14427722161585477,-0.003695685963733042,-0.011174391690643826,-0.005249541528497992,0.09681442325960399,True,True,True
Dual Momentum,2026-06-01 00:00:00-04:00,2026-07-01 00:00:00-04:00,IBM,10,0.23903634327502155,True,False,29,0.32142857142857145,-0.13297157428990225,0.03072394501001874,-0.2445201948679835,-0.011174391690643826,-0.005249541528497992,0.09681442325960399,False,False,False
Dual Momentum,2026-06-01 00:00:00-04:00,2026-07-01 00:00:00-04:00,WMT,11,0.21196704081410123,True,False,29,0.35714285714285715,-0.040094186079683625,0.071559303096425,-0.040094186079683625,-0.011174391690643826,-0.005249541528497992,0.09681442325960399,False,False,False
Dual Momentum,2026-06-01 00:00:00-04:00,2026-07-01 00:00:00-04:00,AMGN,12,0.19499107811980765,True,False,29,0.39285714285714285,0.08773771543461861,0.08917745525620369,-0.03323539782698881,-0.011174391690643826,-0.005249541528497992,0.09681442325960399,True,True,False
Dual Momentum,2026-06-01 00:00:00-04:00,2026-07-01 00:00:00-04:00,CVX,13,0.18066441527692811,True,False,29,0.42857142857142855,-0.10630225828329032,0.045069947874456284,-0.10630225828329032,-0.011174391690643826,-0.005249541528497992,0.09681442325960399,False,False,False
Dual Momentum,2026-06-01 00:00:00-04:00,2026-07-01 00:00:00-04:00,KO,14,0.17283775561589576,True,False,29,0.4642857142857143,0.04641729838316011,0.07100882048139945,-0.022524895412676327,-0.011174391690643826,-0.005249541528497992,0.09681442325960399,True,True,False
Dual Momentum,2026-06-01 00:00:00-04:00,2026-07-01 00:00:00-04:00,HON,15,0.15951942355867432,True,False,29,0.5,-0.0737603246038564,0.02684616916956073,-0.1217093818274052,-0.011174391690643826,-0.005249541528497992,0.09681442325960399,False,False,False
Dual Momentum,2026-06-01 00:00:00-04:00,2026-07-01 00:00:00-04:00,VZ,16,0.134396801788371,True,False,29,0.5357142857142857,-0.10757894991049033,0.014947322952563846,-0.11578947553932373,-0.011174391690643826,-0.005249541528497992,0.09681442325960399,False,False,False
Dual Momentum,2026-06-01 00:00:00-04:00,2026-07-01 00:00:00-04:00,TRV,17,0.08482143467289416,True,False,29,0.5714285714285714,0.15117789735350584,0.15898214018916068,-0.0082899831974933,-0.011174391690643826,-0.005249541528497992,0.09681442325960399,True,True,True
Dual Momentum,2026-06-01 00:00:00-04:00,2026-07-01 00:00:00-04:00,JPM,18,0.014661865805482455,False,False,29,0.6071428571428571,0.10306024114111079,0.15371694937115166,-0.00812934087686612,-0.011174391690643826,-0.005249541528497992,0.09681442325960399,True,True,True
Dual Momentum,2026-06-01 00:00:00-04:00,2026-07-01 00:00:00-04:00,MMM,19,-0.008004934508046735,False,False,29,0.6428571428571429,0.07836093019233514,0.12924893526986891,-0.01283847476260469,-0.011174391690643826,-0.005249541528497992,0.09681442325960399,True,True,False
Dual Momentum,2026-06-01 00:00:00-04:00,2026-07-01 00:00:00-04:00,AXP,20,-0.010785933998830322,False,False,29,0.6785714285714286,0.09059260744624487,0.12568649879562455,-0.041927483994841586,-0.011174391690643826,-0.005249541528497992,0.09681442325960399,True,True,False
Dual Momentum,2026-06-01 00:00:00-04:00,2026-07-01 00:00:00-04:00,BA,21,-0.018971230427536234,False,False,29,0.7142857142857143,-0.04860748849994734,0.01304955210883807,-0.08937643898913261,-0.011174391690643826,-0.005249541528497992,0.09681442325960399,False,False,False
Dual Momentum,2026-06-01 00:00:00-04:00,2026-07-01 00:00:00-04:00,V,22,-0.06276560838472789,False,False,29,0.75,0.05286314259311098,0.0566827377325021,-0.05579665143547308,-0.011174391690643826,-0.005249541528497992,0.09681442325960399,True,True,False
Dual Momentum,2026-06-01 00:00:00-04:00,2026-07-01 00:00:00-04:00,PG,23,-0.06545231764174553,False,False,29,0.7857142857142857,0.035401320992344276,0.0835923978317068,-0.018795955213428472,-0.011174391690643826,-0.005249541528497992,0.09681442325960399,True,True,False
Dual Momentum,2026-06-01 00:00:00-04:00,2026-07-01 00:00:00-04:00,MCD,24,-0.08792351127560094,False,False,29,0.8214285714285714,-0.021706845656177642,0.04721715071068622,-0.04241299935479814,-0.011174391690643826,-0.005249541528497992,0.09681442325960399,False,False,False
Dual Momentum,2026-06-01 00:00:00-04:00,2026-07-01 00:00:00-04:00,MSFT,25,-0.10586986700325962,False,False,29,0.8571428571428571,-0.1807288793137629,0.003183914891119466,-0.24877376697834042,-0.011174391690643826,-0.005249541528497992,0.09681442325960399,False,False,False
Dual Momentum,2026-06-01 00:00:00-04:00,2026-07-01 00:00:00-04:00,DIS,26,-0.13185719785635286,False,False,29,0.8928571428571429,-0.04298831246096235,0.02823128875042724,-0.04853913061785031,-0.011174391690643826,-0.005249541528497992,0.09681442325960399,False,False,False
Dual Momentum,2026-06-01 00:00:00-04:00,2026-07-01 00:00:00-04:00,HD,27,-0.20843578329170875,False,False,29,0.9285714285714286,0.13170778812515005,0.13170778812515005,-0.025418092205149012,-0.011174391690643826,-0.005249541528497992,0.09681442325960399,True,True,True
Dual Momentum,2026-06-01 00:00:00-04:00,2026-07-01 00:00:00-04:00,CRM,28,-0.23160652304305906,False,False,29,0.9642857142857143,-0.18169213481382507,0.0633458935239779,-0.261898582625421,-0.011174391690643826,-0.005249541528497992,0.09681442325960399,False,False,False
Dual Momentum,2026-06-01 00:00:00-04:00,2026-07-01 00:00:00-04:00,NKE,29,-0.39690820153848827,False,False,29,1.0,-0.09050964170590381,0.0173550287254578,-0.12126538669272369,-0.011174391690643826,-0.005249541528497992,0.09681442325960399,False,False,False
Dual Momentum,2026-07-01 00:00:00-04:00,2026-08-03 00:00:00-04:00,INTC,1,2.9332395741637325,True,True,29,0.0,-0.34518517388237846,0.0054815221715855955,-0.39414814136646414,0.005959734820679463,0.026968140332092494,0.0829866176492835,False,False,False
Dual Momentum,2026-07-01 00:00:00-04:00,2026-08-03 00:00:00-04:00,CAT,2,1.3026800381095511,True,True,29,0.03571428571428571,-0.21358950331344517,0.007099161935486098,-0.24806607780091516,0.005959734820679463,0.026968140332092494,0.0829866176492835,False,False,False
Dual Momentum,2026-07-01 00:00:00-04:00,2026-08-03 00:00:00-04:00,CSCO,3,0.776931423399928,True,True,29,0.07142857142857142,-0.012967998206539488,0.047408062292819686,-0.07386080836689335,0.005959734820679463,0.026968140332092494,0.0829866176492835,False,False,False
Dual Momentum,2026-07-01 00:00:00-04:00,2026-08-03 00:00:00-04:00,MRK,4,0.6738424746241625,True,True,29,0.10714285714285714,0.014530120226293963,0.05499577257263244,-0.06132326522603948,0.005959734820679463,0.026968140332092494,0.0829866176492835,True,False,False
Dual Momentum,2026-07-01 00:00:00-04:00,2026-08-03 00:00:00-04:00,JNJ,5,0.43797722553192675,True,True,29,0.14285714285714285,0.006791712618768431,0.08548862348068864,-0.030641636749598966,0.005959734820679463,0.026968140332092494,0.0829866176492835,True,False,False
Dual Momentum,2026-07-01 00:00:00-04:00,2026-08-03 00:00:00-04:00,AMGN,6,0.3554214926973005,True,False,29,0.17857142857142858,0.07133991883972102,0.09116065922598393,-0.02393622303423648,0.005959734820679463,0.026968140332092494,0.0829866176492835,True,True,False
Dual Momentum,2026-07-01 00:00:00-04:00,2026-08-03 00:00:00-04:00,GS,7,0.2787826076219375,True,False,29,0.21428571428571427,0.014851485148514865,0.14256434676670793,-0.03198018593363239,0.005959734820679463,0.026968140332092494,0.0829866176492835,True,False,False
Dual Momentum,2026-07-01 00:00:00-04:00,2026-08-03 00:00:00-04:00,KO,8,0.2629142814122958,True,False,29,0.25,0.0829866176492835,0.11285191634149139,-0.010648655442896171,0.005959734820679463,0.026968140332092494,0.0829866176492835,True,True,True
Dual Momentum,2026-07-01 00:00:00-04:00,2026-08-03 00:00:00-04:00,DOW,9,0.23610690420475677,True,False,29,0.2857142857142857,0.126492589309823,0.2212686744026262,0.0,0.005959734820679463,0.026968140332092494,0.0829866176492835,True,True,True
Dual Momentum,2026-07-01 00:00:00-04:00,2026-08-03 00:00:00-04:00,UNH,10,0.23252107125743393,True,False,29,0.32142857142857145,0.0007672013029105251,0.10671048723062726,-0.01395309872942807,0.005959734820679463,0.026968140332092494,0.0829866176492835,False,False,False
Dual Momentum,2026-07-01 00:00:00-04:00,2026-08-03 00:00:00-04:00,TRV,11,0.2025610322926059,True,False,29,0.35714285714285715,0.13615948033777614,0.20130161984344075,-0.019584801329094792,0.005959734820679463,0.026968140332092494,0.0829866176492835,True,True,True
Dual Momentum,2026-07-01 00:00:00-04:00,2026-08-03 00:00:00-04:00,AAPL,12,0.13590632252231827,True,False,29,0.39285714285714285,0.05500269831438409,0.17424347234324178,-0.014449257766829704,0.005959734820679463,0.026968140332092494,0.0829866176492835,True,True,False
Dual Momentum,2026-07-01 00:00:00-04:00,2026-08-03 00:00:00-04:00,HON,13,0.10599934711804337,True,False,29,0.42857142857142855,0.07989093326565988,0.10861821017962936,-0.040517356774840474,0.005959734820679463,0.026968140332092494,0.0829866176492835,True,True,False
Dual Momentum,2026-07-01 00:00:00-04:00,2026-08-03 00:00:00-04:00,WMT,14,0.10450579010825045,True,False,29,0.4642857142857143,0.026968140332092494,0.07227821014247415,-0.03032776192852371,0.005959734820679463,0.026968140332092494,0.0829866176492835,True,False,False
Dual Momentum,2026-07-01 00:00:00-04:00,2026-08-03 00:00:00-04:00,MMM,15,0.07440669568828229,True,False,29,0.5,0.09801985892185461,0.14058351243185152,-0.05274198395883445,0.005959734820679463,0.026968140332092494,0.0829866176492835,True,True,True
Dual Momentum,2026-07-01 00:00:00-04:00,2026-08-03 00:00:00-04:00,CVX,16,0.06644042452584964,True,False,29,0.5357142857142857,0.18570226099769993,0.1997209460027205,0.0,0.005959734820679463,0.026968140332092494,0.0829866176492835,True,True,True
Dual Momentum,2026-07-01 00:00:00-04:00,2026-08-03 00:00:00-04:00,JPM,17,0.050737125652279724,True,False,29,0.5714285714285714,0.0821439540032638,0.09912172286532184,-0.010232315380591883,0.005959734820679463,0.026968140332092494,0.0829866176492835,True,True,False
Dual Momentum,2026-07-01 00:00:00-04:00,2026-08-03 00:00:00-04:00,V,18,0.02318698734201674,False,False,29,0.6071428571428571,0.0694798798033438,0.0853551960116532,-0.010390023791594816,0.005959734820679463,0.026968140332092494,0.0829866176492835,True,True,False
Dual Momentum,2026-07-01 00:00:00-04:00,2026-08-03 00:00:00-04:00,VZ,19,0.01981306999885435,False,False,29,0.6428571428571429,0.13533066316283437,0.17587815415987373,-0.03845253391665615,0.005959734820679463,0.026968140332092494,0.0829866176492835,True,True,True
Dual Momentum,2026-07-01 00:00:00-04:00,2026-08-03 00:00:00-04:00,IBM,20,0.007581870601493623,False,False,29,0.6785714285714286,-0.18354427593142786,0.11492517822372306,-0.28774226950244663,0.005959734820679463,0.026968140332092494,0.0829866176492835,False,False,False
Dual Momentum,2026-07-01 00:00:00-04:00,2026-08-03 00:00:00-04:00,AXP,21,-0.002181052547198692,False,False,29,0.7142857142857143,0.0008876888562165952,0.06618473599343644,-0.06575981075369608,0.005959734820679463,0.026968140332092494,0.0829866176492835,False,False,False
Dual Momentum,2026-07-01 00:00:00-04:00,2026-08-03 00:00:00-04:00,PG,22,-0.01748404375522339,False,False,29,0.75,0.002789700292519459,0.05662466470468375,-0.036056859531724994,0.005959734820679463,0.026968140332092494,0.0829866176492835,False,False,False
Dual Momentum,2026-07-01 00:00:00-04:00,2026-08-03 00:00:00-04:00,BA,23,-0.02164870923371931,False,False,29,0.7857142857142857,0.017214423215160313,0.093068221172522,-0.06149314622177804,0.005959734820679463,0.026968140332092494,0.0829866176492835,True,False,False
Dual Momentum,2026-07-01 00:00:00-04:00,2026-08-03 00:00:00-04:00,MCD,24,-0.0980678988787248,False,False,29,0.8214285714285714,0.020203483645062414,0.06234969881041863,-0.03437560978694498,0.005959734820679463,0.026968140332092494,0.0829866176492835,True,False,False
Dual Momentum,2026-07-01 00:00:00-04:00,2026-08-03 00:00:00-04:00,HD,25,-0.12210877702983258,False,False,29,0.8571428571428571,-0.040058824660319736,0.013757825204925522,-0.0873778807655724,0.005959734820679463,0.026968140332092494,0.0829866176492835,False,False,False
Dual Momentum,2026-07-01 00:00:00-04:00,2026-08-03 00:00:00-04:00,DIS,26,-0.13947548964036172,False,False,29,0.8928571428571429,0.011082337244988194,0.03417913327868294,-0.04205080331081734,0.005959734820679463,0.026968140332092494,0.0829866176492835,True,False,False
Dual Momentum,2026-07-01 00:00:00-04:00,2026-08-03 00:00:00-04:00,MSFT,27,-0.26743619733990187,False,False,29,0.9285714285714286,0.2502429049810142,0.2502429049810142,-0.019641265045824197,0.005959734820679463,0.026968140332092494,0.0829866176492835,True,True,True
Dual Momentum,2026-07-01 00:00:00-04:00,2026-08-03 00:00:00-04:00,CRM,28,-0.3521287166855881,False,False,29,0.9642857142857143,0.1650228336272781,0.17235847148736028,-0.043582833627278106,0.005959734820679463,0.026968140332092494,0.0829866176492835,True,True,True
Dual Momentum,2026-07-01 00:00:00-04:00,2026-08-03 00:00:00-04:00,NKE,29,-0.3946270093851001,False,False,29,1.0,0.028260824295234688,0.08792268733065378,-0.03115944125559922,0.005959734820679463,0.026968140332092494,0.0829866176492835,True,True,False
