date,horizon,ic
2001-01-02,1,
2001-01-03,1,
2001-01-04,1,
2001-01-05,1,
2001-01-08,1,
2001-01-09,1,
2001-01-10,1,
2001-01-11,1,
2001-01-12,1,
2001-01-16,1,
2001-01-17,1,
2001-01-18,1,
2001-01-19,1,
2001-01-22,1,
2001-01-23,1,
2001-01-24,1,
2001-01-25,1,
2001-01-26,1,
2001-01-29,1,
2001-01-30,1,
2001-01-31,1,
2001-02-01,1,
2001-02-02,1,
2001-02-05,1,
2001-02-06,1,
2001-02-07,1,
2001-02-08,1,
2001-02-09,1,
2001-02-12,1,
2001-02-13,1,
2001-02-14,1,
2001-02-15,1,
2001-02-16,1,
2001-02-20,1,
2001-02-21,1,
2001-02-22,1,
2001-02-23,1,
2001-02-26,1,
2001-02-27,1,
2001-02-28,1,
2001-03-01,1,
2001-03-02,1,
2001-03-05,1,
2001-03-06,1,
2001-03-07,1,
2001-03-08,1,
2001-03-09,1,
2001-03-12,1,
2001-03-13,1,
2001-03-14,1,
2001-03-15,1,
2001-03-16,1,
2001-03-19,1,
2001-03-20,1,
2001-03-21,1,
2001-03-22,1,
2001-03-23,1,
2001-03-26,1,
2001-03-27,1,0.07682023617298936
2001-03-28,1,0.09702641630468746
2001-03-29,1,-0.034006291739432884
2001-03-30,1,0.040908943676683004
2001-04-02,1,0.09973434209780876
2001-04-03,1,-0.05533004528839884
2001-04-04,1,-0.10636712298189499
2001-04-05,1,0.036439469106466144
2001-04-06,1,-0.07673372160527704
2001-04-09,1,-0.12563106798606366
2001-04-10,1,-0.05803083901796014
2001-04-11,1,-0.09964035105305259
2001-04-12,1,0.009001635511281511
2001-04-16,1,0.020301112174185513
2001-04-17,1,-0.11103690476104021
2001-04-18,1,-0.0954544177711344
2001-04-19,1,-0.05609940615549281
2001-04-20,1,0.02927517803047409
2001-04-23,1,0.06273470793810962
2001-04-24,1,0.002130385075240885
2001-04-25,1,-0.005941197227934934
2001-04-26,1,-0.066282079771197
2001-04-27,1,-0.08635691847665779
2001-04-30,1,-0.06807564601945544
2001-05-01,1,-0.1632973201815993
2001-05-02,1,-0.031947484679103966
2001-05-03,1,-0.0552443717736126
2001-05-04,1,0.060693302818745756
2001-05-07,1,-0.006135114829208279
2001-05-08,1,0.04005611781347409
2001-05-09,1,0.059923930214874646
2001-05-10,1,0.07152334020895718
2001-05-11,1,0.010055706325242055
2001-05-14,1,0.03241085972320939
2001-05-15,1,0.05636590188000921
2001-05-16,1,0.04481441913385754
2001-05-17,1,0.005135400056320085
2001-05-18,1,0.05074225707714914
2001-05-21,1,-0.12010554413374391
2001-05-22,1,-0.09858151606222257
2001-05-23,1,0.0036848996372349377
2001-05-24,1,0.016858952798171394
2001-05-25,1,-0.0735460442417574
2001-05-29,1,-0.07782600246488117
2001-05-30,1,0.07839331852838775
2001-05-31,1,-0.008193995801003629
2001-06-01,1,0.026844294820013073
2001-06-04,1,0.0400282081694846
2001-06-05,1,0.007609884197807777
2001-06-06,1,0.03443816320100943
2001-06-07,1,0.026703973646382103
2001-06-08,1,-0.06243200835904114
2001-06-11,1,0.016954192673881076
2001-06-12,1,-0.10586096572623935
2001-06-13,1,-0.0579348779097038
2001-06-14,1,0.026449300081305947
2001-06-15,1,0.0006191625108429692
2001-06-18,1,0.047204526103840204
2001-06-19,1,0.10138965803070246
2001-06-20,1,0.018905610213592137
2001-06-21,1,-0.07118194941469615
2001-06-22,1,0.032449489343436305
2001-06-25,1,0.06496255709817413
2001-06-26,1,0.008715131255500688
2001-06-27,1,-0.003299559431777098
2001-06-28,1,0.11295440553987274
2001-06-29,1,-0.2102629003517331
2001-07-02,1,-0.12160221723627838
2001-07-03,1,-0.06344423226763117
2001-07-05,1,-0.07686958010149651
2001-07-06,1,0.028593057642650445
2001-07-09,1,0.044499926513952896
2001-07-10,1,-0.04071515237985902
2001-07-11,1,0.02332890737992599
2001-07-12,1,-0.011073072992554249
2001-07-13,1,0.07350826281118569
2001-07-16,1,-0.014685347086991823
2001-07-17,1,0.02642705395383462
2001-07-18,1,-0.05325680717896545
2001-07-19,1,0.0012745192348839966
2001-07-20,1,-0.008301903097741276
2001-07-23,1,0.016409303804886703
2001-07-24,1,-0.03140107361375637
2001-07-25,1,0.00438782679816571
2001-07-26,1,0.01489856428086182
2001-07-27,1,0.026933782325443186
2001-07-30,1,0.002610157930757396
2001-07-31,1,0.0031289862152136974
2001-08-01,1,-0.10348936599895871
2001-08-02,1,-0.035051915483798136
2001-08-03,1,-0.0221573958339658
2001-08-06,1,9.117370051614103e-05
2001-08-07,1,0.02976676471696098
2001-08-08,1,-0.0041974438645633
2001-08-09,1,0.06364149232672843
2001-08-10,1,0.014748356127743292
2001-08-13,1,0.036521023536671735
2001-08-14,1,0.04679099230218555
2001-08-15,1,0.10450077822383017
2001-08-16,1,0.03213465628949807
2001-08-17,1,0.1070816844420773
2001-08-20,1,0.0323832957810313
2001-08-21,1,0.059117086615504764
2001-08-22,1,0.11644974829975734
2001-08-23,1,-0.06364610166097454
2001-08-24,1,0.03830772551223531
2001-08-27,1,0.08791655785851776
2001-08-28,1,0.08479559725776296
2001-08-29,1,0.08172304676075169
2001-08-30,1,-0.0859800223649343
2001-08-31,1,0.02980848207985574
2001-09-04,1,0.12223010156766367
2001-09-05,1,0.06609429664301725
2001-09-06,1,0.047862506020893224
2001-09-07,1,-0.004610291871711247
2001-09-10,1,0.08907512296794062
2001-09-17,1,0.06576563286614659
2001-09-18,1,0.061160177442389385
2001-09-19,1,0.02940636369027748
2001-09-20,1,-0.029239837093989442
2001-09-21,1,-0.14605417961736553
2001-09-24,1,0.043603388631421935
2001-09-25,1,0.18185255866237604
2001-09-26,1,0.07246612448974961
2001-09-27,1,-0.06759672803695749
2001-09-28,1,0.037317129896966304
2001-10-01,1,-0.05372568556584928
2001-10-02,1,-0.2233846338833097
2001-10-03,1,-0.14940389059821538
2001-10-04,1,-0.028112799521488513
2001-10-05,1,0.06276583504014792
2001-10-08,1,0.050806370782963385
2001-10-09,1,-0.21175282201402015
2001-10-10,1,-0.1898017488887206
2001-10-11,1,-0.022842394781328587
2001-10-12,1,0.007804966607925006
2001-10-15,1,-0.09626552325573003
2001-10-16,1,0.06359144659953653
2001-10-17,1,0.017824047649005827
2001-10-18,1,0.03954242136428837
2001-10-19,1,0.03015341761210185
2001-10-22,1,-0.11388552288124694
2001-10-23,1,0.09117162268705466
2001-10-24,1,-0.07846127659859298
2001-10-25,1,-0.12394999427303113
2001-10-26,1,0.030981913862809244
2001-10-29,1,0.09889610890086624
2001-10-30,1,-0.0877828058222242
2001-10-31,1,-0.07918501125132157
2001-11-01,1,0.049388463959998255
2001-11-02,1,-0.11581264514698582
2001-11-05,1,-0.018574852041626237
2001-11-06,1,-0.015351294881646244
2001-11-07,1,-0.13086056318542819
2001-11-08,1,-0.029834612563964257
2001-11-09,1,0.058126431967202276
2001-11-12,1,-0.06523391775244852
2001-11-13,1,-0.12916211793331167
2001-11-14,1,-0.1165286765234147
2001-11-15,1,-0.15055434202455856
2001-11-16,1,-0.016473944999744465
2001-11-19,1,-0.08195244570053178
2001-11-20,1,-0.041681951232179076
2001-11-21,1,0.02140397830960575
2001-11-23,1,0.05474295824967715
2001-11-26,1,-0.06923934583699246
2001-11-27,1,-0.06933892327413518
2001-11-28,1,-0.0009220097664922139
2001-11-29,1,-0.07553631501839864
2001-11-30,1,-0.06827781549217102
2001-12-03,1,0.03349424729582616
2001-12-04,1,0.012503009091484418
2001-12-05,1,-0.10060243253195349
2001-12-06,1,-0.049795679210481975
2001-12-07,1,-0.06842044167466699
2001-12-10,1,0.029357700165417732
2001-12-11,1,0.021028301726731036
2001-12-12,1,-0.1206811798238783
2001-12-13,1,-0.02779037901778722
2001-12-14,1,-0.019099944464757088
2001-12-17,1,0.07026652487916177
2001-12-18,1,0.02605449512575668
2001-12-19,1,-0.15819410029317407
2001-12-20,1,0.02379479414059389
2001-12-21,1,-0.06360805247405654
2001-12-24,1,0.0836277911109501
2001-12-26,1,-0.0744471545810992
2001-12-27,1,-0.05324827687799453
2001-12-28,1,-0.11746533948014966
2001-12-31,1,-0.09945131512503136
2002-01-02,1,0.022225729572348016
2002-01-03,1,0.12737461289468688
2002-01-04,1,-0.01633889171604084
2002-01-07,1,0.022528943670536872
2002-01-08,1,0.0059263789619773515
2002-01-09,1,0.025810374938073276
2002-01-10,1,-0.07760649082292494
2002-01-11,1,-0.05997500741071551
2002-01-14,1,0.02945114272536013
2002-01-15,1,-0.04768824301994733
2002-01-16,1,0.020648390035859922
2002-01-17,1,-0.027596562718026185
2002-01-18,1,0.01438158234954753
2002-01-22,1,-0.005634221690595692
2002-01-23,1,0.029484073218862074
2002-01-24,1,0.005337206620695489
2002-01-25,1,0.06135822944521807
2002-01-28,1,-0.025865354846212628
2002-01-29,1,-0.03448773935163932
2002-01-30,1,-0.02697684409307127
2002-01-31,1,-0.05556902704158754
2002-02-01,1,0.04017721083687388
2002-02-04,1,0.06737569250349394
2002-02-05,1,0.014746852444473144
2002-02-06,1,-0.07665805552158446
2002-02-07,1,-0.09156228289914967
2002-02-08,1,-0.049915784325241803
2002-02-11,1,0.03368084417658854
2002-02-12,1,0.028091938633327866
2002-02-13,1,0.030802875218513038
2002-02-14,1,0.019528503497308662
2002-02-15,1,-6.566965204864712e-05
2002-02-19,1,2.2385605958881173e-05
2002-02-20,1,0.03183418752564217
2002-02-21,1,-0.04451428755199238
2002-02-22,1,0.03553352861150523
2002-02-25,1,-0.014488225587142134
2002-02-26,1,-0.003181771971577306
2002-02-27,1,0.04922500447656741
2002-02-28,1,-0.038914535493781655
2002-03-01,1,-0.04046760778792147
2002-03-04,1,-0.13460394754812469
2002-03-05,1,-0.2193497251468778
2002-03-06,1,-0.16837397341247437
2002-03-07,1,-0.09178459050647454
2002-03-08,1,-0.06825519356977841
2002-03-11,1,0.06784052041391166
2002-03-12,1,0.01416392927685217
2002-03-13,1,-0.0920420894450267
2002-03-14,1,0.08373939278142334
2002-03-15,1,0.05235861820616175
2002-03-18,1,0.049541458048589795
2002-03-19,1,-0.010388132694525171
2002-03-20,1,-0.07894833473358899
2002-03-21,1,-0.017057150138547104
2002-03-22,1,0.031004985150023378
2002-03-25,1,0.03189545439062174
2002-03-26,1,0.016024854848373987
2002-03-27,1,0.03028184755240805
2002-03-28,1,0.02715451067698754
2002-04-01,1,0.046296388081072545
2002-04-02,1,-0.03631234868742382
2002-04-03,1,0.0012278806189250856
2002-04-04,1,0.0988960839506909
2002-04-05,1,0.06822309346893747
2002-04-08,1,0.0324290850380534
2002-04-09,1,0.1448130080207708
2002-04-10,1,0.10795212518537763
2002-04-11,1,-0.04257723595354432
2002-04-12,1,0.0509361888704724
2002-04-15,1,-0.08353009052680584
2002-04-16,1,-0.0035401164732341214
2002-04-17,1,-0.060211744441817594
2002-04-18,1,0.023059866799583394
2002-04-19,1,0.024884128212696817
2002-04-22,1,0.10480701347217769
2002-04-23,1,0.004161053138824513
2002-04-24,1,0.005210550358732071
2002-04-25,1,0.003854620850531092
2002-04-26,1,0.08303970661984642
2002-04-29,1,0.05313581042361738
2002-04-30,1,0.06935625026587569
2002-05-01,1,-0.0029217088285301263
2002-05-02,1,0.016733040694172988
2002-05-03,1,0.04766199277998411
2002-05-06,1,-0.03917211208102684
2002-05-07,1,-0.11993939219728338
2002-05-08,1,-0.03721082495757974
2002-05-09,1,0.04475243376136521
2002-05-10,1,-0.03758637712040087
2002-05-13,1,-0.10130948575665419
2002-05-14,1,-0.07167424567043823
2002-05-15,1,-0.030122080908653783
2002-05-16,1,-0.05664176549018168
2002-05-17,1,0.05015203879896658
2002-05-20,1,-0.09138835675277296
2002-05-21,1,-0.007254140935043483
2002-05-22,1,-0.00563435054591279
2002-05-23,1,-0.10973661814959959
2002-05-24,1,0.020477025360898276
2002-05-28,1,-0.00735670647122831
2002-05-29,1,0.08481501166747459
2002-05-30,1,0.004280403273739254
2002-05-31,1,0.0642406603193775
2002-06-03,1,-0.06819688327284189
2002-06-04,1,0.021364593222268982
2002-06-05,1,0.10238399992349236
2002-06-06,1,-0.04399439939607718
2002-06-07,1,-0.010814210902652792
2002-06-10,1,0.03552482945656396
2002-06-11,1,0.017427241500995963
2002-06-12,1,0.08210916363935568
2002-06-13,1,0.07422254136451438
2002-06-14,1,-0.10481212829328979
2002-06-17,1,0.049814419036552315
2002-06-18,1,0.13175108463788796
2002-06-19,1,0.0854675451844575
2002-06-20,1,0.040169755768966135
2002-06-21,1,-0.03846834323787004
2002-06-24,1,0.06881981518930264
2002-06-25,1,0.04550416968093005
2002-06-26,1,-0.019541132413936776
2002-06-27,1,-0.0675327893840162
2002-06-28,1,-0.00933133338770348
2002-07-01,1,0.06146405975187195
2002-07-02,1,-0.12212851504255615
2002-07-03,1,-0.2247615620480154
2002-07-05,1,0.02911077623756445
2002-07-08,1,0.038379942448016194
2002-07-09,1,-0.002529836353781176
2002-07-10,1,-0.11839771517638664
2002-07-11,1,-0.11446158579400073
2002-07-12,1,-0.04310545418457596
2002-07-15,1,-0.01564343587545592
2002-07-16,1,-0.024664501193526072
2002-07-17,1,0.022977600306793133
2002-07-18,1,0.020403128006829925
2002-07-19,1,-0.056974168752973224
2002-07-22,1,0.07237037391027071
2002-07-23,1,-0.00019097630814495547
2002-07-24,1,0.10006677697501294
2002-07-25,1,-0.05524549479337009
2002-07-26,1,-0.14640766414430667
2002-07-29,1,-0.06996441357721397
2002-07-30,1,0.1177214070704048
2002-07-31,1,-0.022071664040634674
2002-08-01,1,0.13425483114018372
2002-08-02,1,0.061504482363598054
2002-08-05,1,-0.07942213969622768
2002-08-06,1,-0.008252936343765078
2002-08-07,1,-0.034140049105327065
2002-08-08,1,0.006262290982737296
2002-08-09,1,0.029260561736269335
2002-08-12,1,0.05886205602120348
2002-08-13,1,-0.059704152374122466
2002-08-14,1,-0.03302409130789782
2002-08-15,1,-0.05654270272687244
2002-08-16,1,-0.11676179149594125
2002-08-19,1,0.018120398608775734
2002-08-20,1,-0.25005386639155114
2002-08-21,1,-0.15060028862498417
2002-08-22,1,0.056199497710987104
2002-08-23,1,-0.13027087358440306
2002-08-26,1,-0.008606138735644562
2002-08-27,1,0.08314595148677448
2002-08-28,1,-0.002416789552656009
2002-08-29,1,-0.026429325931059636
2002-08-30,1,0.06644288782312445
2002-09-03,1,-0.006200002005523118
2002-09-04,1,0.07919540194590366
2002-09-05,1,-0.09817885445741803
2002-09-06,1,0.08591255760121079
2002-09-09,1,-0.07663751730430679
2002-09-10,1,-0.019379770255632887
2002-09-11,1,0.10413442938396471
2002-09-12,1,0.07178186595865366
2002-09-13,1,0.07281335873897253
2002-09-16,1,0.046405074848829816
2002-09-17,1,0.052362873771154055
2002-09-18,1,0.05326692850727307
2002-09-19,1,0.018350374984778216
2002-09-20,1,0.08420023875746808
2002-09-23,1,0.07875686068884434
2002-09-24,1,-0.08333556909764367
2002-09-25,1,-0.05551795177645977
2002-09-26,1,0.08022421971346695
2002-09-27,1,0.056313527203054874
2002-09-30,1,-0.05477824294963659
2002-10-01,1,0.05629959034648398
2002-10-02,1,0.13371102749440214
2002-10-03,1,0.051244348463481255
2002-10-04,1,0.12237615271032724
2002-10-07,1,0.014030202607966474
2002-10-08,1,0.12205812372328277
2002-10-09,1,-0.09584267369863855
2002-10-10,1,-0.18475442813271645
2002-10-11,1,-0.00587756035752992
2002-10-14,1,-0.26060101512799494
2002-10-15,1,0.15794405824139285
2002-10-16,1,-0.08790015941492474
2002-10-17,1,0.0115551022845666
2002-10-18,1,-0.04559247143403741
2002-10-21,1,-0.0668463528445559
2002-10-22,1,-0.13624000705097605
2002-10-23,1,-0.12900280506710135
2002-10-24,1,-0.025636866133268644
2002-10-25,1,-0.04846183958498688
2002-10-28,1,-0.007275711823983782
2002-10-29,1,0.021931344154445784
2002-10-30,1,-0.07312910851907937
2002-10-31,1,-0.037672965764769716
2002-11-01,1,-0.12766778069689472
2002-11-04,1,-0.06360022232919996
2002-11-05,1,-0.10691196195689093
2002-11-06,1,-0.051539596335858195
2002-11-07,1,-0.0004277559155260252
2002-11-08,1,-0.06839347087620037
2002-11-11,1,0.03383697041019906
2002-11-12,1,0.01719608470175832
2002-11-13,1,-0.11194022565845241
2002-11-14,1,0.025764594166916188
2002-11-15,1,-0.07487198434600074
2002-11-18,1,-0.08518160700743523
2002-11-19,1,0.0017821446047761001
2002-11-20,1,-0.06619926752597924
2002-11-21,1,-0.15863923319695178
2002-11-22,1,-0.06091584739854838
2002-11-25,1,-0.1460239997373385
2002-11-26,1,0.05854945230975635
2002-11-27,1,-0.007172409792066905
2002-11-29,1,-0.020754597034178885
2002-12-02,1,-0.18526048282352223
2002-12-03,1,-0.1456306866279296
2002-12-04,1,-0.012355479936063654
2002-12-05,1,0.006999576380759768
2002-12-06,1,-0.16944236063245038
2002-12-09,1,0.04255328277485741
2002-12-10,1,-0.033458263198345536
2002-12-11,1,-0.034934540203443464
2002-12-12,1,-0.06501630791048083
2002-12-13,1,0.036572789661837975
2002-12-16,1,-0.06375763007652326
2002-12-17,1,-0.2186874256732875
2002-12-18,1,-0.07390120217588927
2002-12-19,1,0.008267596481155298
2002-12-20,1,0.024447371506857885
2002-12-23,1,-0.15394150814410315
2002-12-24,1,-0.06829720288252072
2002-12-26,1,-0.19482475732012458
2002-12-27,1,-0.0473750039479065
2002-12-30,1,-0.10544597526617612
2002-12-31,1,0.11961048412980373
2003-01-02,1,0.023950502253690498
2003-01-03,1,0.05024942104148921
2003-01-06,1,0.06977063879282494
2003-01-07,1,-0.05513102610879266
2003-01-08,1,0.08417020930233692
2003-01-09,1,0.08222316432828254
2003-01-10,1,0.023177470325426663
2003-01-13,1,0.05957326049196573
2003-01-14,1,-0.02294548481595348
2003-01-15,1,-0.08473785306887263
2003-01-16,1,-0.12653022664747232
2003-01-17,1,-0.0066542168501894615
2003-01-21,1,0.02870533906667335
2003-01-22,1,0.03621883430861195
2003-01-23,1,-0.05000398973228524
2003-01-24,1,-0.09350512771348712
2003-01-27,1,0.007359667100961773
2003-01-28,1,-0.05906216205668062
2003-01-29,1,-0.058564867580927514
2003-01-30,1,-0.046866148031580596
2003-01-31,1,-0.04606505105732228
2003-02-03,1,-0.014762386140664292
2003-02-04,1,0.008053365196190524
2003-02-05,1,-0.04894567854033091
2003-02-06,1,0.07224484549928917
2003-02-07,1,0.05204137308688011
2003-02-10,1,-0.000463121071031272
2003-02-11,1,0.02052698494776862
2003-02-12,1,-0.030229712810856655
2003-02-13,1,-0.08180619681817933
2003-02-14,1,-0.09246619377707474
2003-02-18,1,0.07552141425285899
2003-02-19,1,-0.001874086142645012
2003-02-20,1,-0.040271192631369065
2003-02-21,1,0.07364001399543083
2003-02-24,1,0.06858568007806312
2003-02-25,1,0.05107277241110633
2003-02-26,1,-0.08167693036201909
2003-02-27,1,-0.06323896214148839
2003-02-28,1,-0.003393344089224666
2003-03-03,1,0.05099800448977113
2003-03-04,1,0.09885180766232282
2003-03-05,1,0.0858482062351395
2003-03-06,1,0.05959253122385052
2003-03-07,1,0.10710531182062444
2003-03-10,1,-0.013451998569126418
2003-03-11,1,0.008589546364207766
2003-03-12,1,-0.03941547148408402
2003-03-13,1,-0.1058705366312884
2003-03-14,1,-0.17279722610255427
2003-03-17,1,-0.1480061298489043
2003-03-18,1,-0.11522987991031673
2003-03-19,1,-0.027670322104009017
2003-03-20,1,-0.07528270380964996
2003-03-21,1,-0.018568035938378455
2003-03-24,1,0.018567073393813967
2003-03-25,1,0.04204538447259963
2003-03-26,1,-0.06980041044999381
2003-03-27,1,-0.02004361754811818
2003-03-28,1,0.07664463381416146
2003-03-31,1,-0.052839357626517994
2003-04-01,1,-0.06782758461817613
2003-04-02,1,0.0994718365775306
2003-04-03,1,-0.039278162355693834
2003-04-04,1,-0.0865149753513759
2003-04-07,1,-0.023683499120727668
2003-04-08,1,-0.0713387830689976
2003-04-09,1,0.047523486511540015
2003-04-10,1,0.02397057372026964
2003-04-11,1,-0.07761675614392566
2003-04-14,1,0.037256848163237224
2003-04-15,1,-0.04111971646781019
2003-04-16,1,-0.0012353371224225272
2003-04-17,1,-0.04750705160602687
2003-04-21,1,-0.09987881711162029
2003-04-22,1,-0.0559718568371397
2003-04-23,1,-0.09440542417085082
2003-04-24,1,-0.028925893610706292
2003-04-25,1,-0.006763392623114748
2003-04-28,1,0.05930513505982375
2003-04-29,1,-0.1290759693581762
2003-04-30,1,-0.035143826887802196
2003-05-01,1,0.03935417283812807
2003-05-02,1,-0.022588433805316045
2003-05-05,1,-0.03527800953465202
2003-05-06,1,-0.11681327201745025
2003-05-07,1,-0.06466207563397071
2003-05-08,1,0.008777216295623811
2003-05-09,1,0.16888071466858828
2003-05-12,1,0.0382363770119144
2003-05-13,1,-0.07034804868077421
2003-05-14,1,-0.022302486329766454
2003-05-15,1,-0.021956555805517614
2003-05-16,1,-0.26033989917257305
2003-05-19,1,-0.06520376344770691
2003-05-20,1,0.06936551065735772
2003-05-21,1,0.09112167961365286
2003-05-22,1,0.08449518144133414
2003-05-23,1,0.07037441207254014
2003-05-27,1,0.0768291936651403
2003-05-28,1,0.012024053093320374
2003-05-29,1,-0.012325830713449634
2003-05-30,1,-0.03626119191277156
2003-06-02,1,-0.03982023264135798
2003-06-03,1,0.13571064241605588
2003-06-04,1,0.08328059509808095
2003-06-05,1,-0.15269325783783508
2003-06-06,1,-0.26999768313453
2003-06-09,1,0.09378973229576178
2003-06-10,1,0.07454698179067869
2003-06-11,1,0.04079992315464825
2003-06-12,1,-0.12468506531790831
2003-06-13,1,-0.00253488419513088
2003-06-16,1,0.01452369111116222
2003-06-17,1,-0.0020234387500140155
2003-06-18,1,-0.13224032781522055
2003-06-19,1,-0.05941724904244541
2003-06-20,1,-0.14172760367779305
2003-06-23,1,-0.003394853881786722
2003-06-24,1,0.12126105720124226
2003-06-25,1,0.09473305284124682
2003-06-26,1,-0.026884882902947296
2003-06-27,1,0.009963232965439302
2003-06-30,1,-0.04148929671469279
2003-07-01,1,0.08456287262931975
2003-07-02,1,-0.03750295339980171
2003-07-03,1,0.11481959318279106
2003-07-07,1,0.1548444185139032
2003-07-08,1,-0.016362806545535107
2003-07-09,1,-0.19471494691274616
2003-07-10,1,0.0024571264390088423
2003-07-11,1,0.1284072299375486
2003-07-14,1,-0.0964768955718388
2003-07-15,1,-0.09267155340961883
2003-07-16,1,-0.21419984815095047
2003-07-17,1,0.04052412093999432
2003-07-18,1,-0.0074860534295968836
2003-07-21,1,0.06241132637323207
2003-07-22,1,-0.004866393457222318
2003-07-23,1,0.012251525740984419
2003-07-24,1,-0.06574005453444845
2003-07-25,1,0.06732174492444983
2003-07-28,1,-0.06795264069706347
2003-07-29,1,-0.02005470392092379
2003-07-30,1,-0.01708650783661277
2003-07-31,1,-0.019303931350208664
2003-08-01,1,-0.07707110062040161
2003-08-04,1,-0.05754982513173576
2003-08-05,1,-0.07003753518338214
2003-08-06,1,-0.04583006671476486
2003-08-07,1,0.028432457995874183
2003-08-08,1,0.0639532470861431
2003-08-11,1,0.035686873430107006
2003-08-12,1,0.04699306903185767
2003-08-13,1,-0.022194794573549455
2003-08-14,1,-0.04113239778814515
2003-08-15,1,0.06087257586035114
2003-08-18,1,0.024003944519440816
2003-08-19,1,-0.0370965251562983
2003-08-20,1,0.0010493370461424044
2003-08-21,1,-0.07009799069079646
2003-08-22,1,-0.05692303710540094
2003-08-25,1,0.047300782130946975
2003-08-26,1,0.10074461584943943
2003-08-27,1,0.02014253471996701
2003-08-28,1,0.020832049817284967
2003-08-29,1,-0.06499235032808323
2003-09-02,1,-0.07603834431668596
2003-09-03,1,0.0037144670917710304
2003-09-04,1,-0.06741766051281237
2003-09-05,1,-0.014884284823380061
2003-09-08,1,-0.025694975148749816
2003-09-09,1,-0.10959981104621164
2003-09-10,1,0.03966875554987329
2003-09-11,1,0.08929270209055519
2003-09-12,1,-0.0030190842132872125
2003-09-15,1,0.021173336844400127
2003-09-16,1,0.030079511644732337
2003-09-17,1,-0.014646715948482287
2003-09-18,1,0.04184118406453417
2003-09-19,1,-0.018397007999678337
2003-09-22,1,0.09526982944255884
2003-09-23,1,-0.08648074243281846
2003-09-24,1,-0.1481856707474292
2003-09-25,1,-0.12030135407205061
2003-09-26,1,-0.047653231401512904
2003-09-29,1,-0.05443548076825987
2003-09-30,1,-0.00928320206708784
2003-10-01,1,0.03622439049882112
2003-10-02,1,0.003575645798306083
2003-10-03,1,0.10641679469593565
2003-10-06,1,0.056819888911933174
2003-10-07,1,0.009324347026988606
2003-10-08,1,0.04456157566526065
2003-10-09,1,0.021721107537706674
2003-10-10,1,0.10373857641565769
2003-10-13,1,0.0415740098504653
2003-10-14,1,-0.10499889936667807
2003-10-15,1,-0.04463943428660824
2003-10-16,1,-0.10450139228762843
2003-10-17,1,-0.008758410907153012
2003-10-20,1,0.12973080551671473
2003-10-21,1,-0.07928258055411179
2003-10-22,1,-0.09689420119535024
2003-10-23,1,-0.014738729622780505
2003-10-24,1,0.11833810117987746
2003-10-27,1,0.1155892806509071
2003-10-28,1,0.04720617570919145
2003-10-29,1,-0.04923396758250524
2003-10-30,1,-0.12797132613842047
2003-10-31,1,0.14052427278031002
2003-11-03,1,0.11199641129752591
2003-11-04,1,0.03127876399569555
2003-11-05,1,-0.03237921481491514
2003-11-06,1,-0.0652676855271496
2003-11-07,1,-0.11084978442466847
2003-11-10,1,-0.08477803143431012
2003-11-11,1,0.06718988368833925
2003-11-12,1,-0.00942306676379836
2003-11-13,1,-0.06819549275452687
2003-11-14,1,-0.06288507592018842
2003-11-17,1,-0.004115368172414863
2003-11-18,1,-0.04005928165740185
2003-11-19,1,-0.040229433337420725
2003-11-20,1,0.004546989684712183
2003-11-21,1,0.038042694539027484
2003-11-24,1,0.04735301526977181
2003-11-25,1,0.02540456148719161
2003-11-26,1,0.11571746923502035
2003-11-28,1,0.06058858860138993
2003-12-01,1,-0.018765998961720383
2003-12-02,1,-0.11152287647491031
2003-12-03,1,-0.08433982497018029
2003-12-04,1,-0.07868981853535349
2003-12-05,1,0.04370047978453835
2003-12-08,1,-0.0508867961548139
2003-12-09,1,-0.09707801918386197
2003-12-10,1,-0.010538859689062516
2003-12-11,1,-0.007620328026841612
2003-12-12,1,0.02353398517628119
2003-12-15,1,-0.026524778197349733
2003-12-16,1,-0.029231188039427862
2003-12-17,1,-0.01725125033393579
2003-12-18,1,0.03494351789118346
2003-12-19,1,-0.015448772936580334
2003-12-22,1,-0.0092814080387611
2003-12-23,1,-0.007482746006673655
2003-12-24,1,0.029676556216314723
2003-12-26,1,0.09550119382140755
2003-12-29,1,-0.1375620511797351
2003-12-30,1,-0.1481472901686464
2003-12-31,1,-0.08861626080767837
2004-01-02,1,0.025867790246222145
2004-01-05,1,-0.05314811582594922
2004-01-06,1,-0.10826849402750684
2004-01-07,1,-0.0233841176315369
2004-01-08,1,-0.030085918337614356
2004-01-09,1,0.05589169376956071
2004-01-12,1,-0.02894005935657074
2004-01-13,1,-0.0009484650957400824
2004-01-14,1,-0.01494525422589624
2004-01-15,1,0.03999992556917815
2004-01-16,1,0.05226781009231889
2004-01-20,1,-0.0996289436776618
2004-01-21,1,-0.14811549093132245
2004-01-22,1,-0.026943733253361007
2004-01-23,1,0.011833033861419304
2004-01-26,1,-0.05125705995836058
2004-01-27,1,-0.08000578388568147
2004-01-28,1,-0.12204973136469165
2004-01-29,1,0.004599202609598345
2004-01-30,1,0.02523225907263706
2004-02-02,1,0.04353771118208032
2004-02-03,1,-0.09362147978055559
2004-02-04,1,-0.09316216546894038
2004-02-05,1,-0.0061480114454244535
2004-02-06,1,0.05780117148832769
2004-02-09,1,0.01760912895488922
2004-02-10,1,0.05435807462539639
2004-02-11,1,0.010664223151950444
2004-02-12,1,-0.05361127712623794
2004-02-13,1,0.1147058978440056
2004-02-17,1,-0.059952559513697865
2004-02-18,1,-0.11491778093478318
2004-02-19,1,-0.01992577609821601
2004-02-20,1,-0.06076208599488906
2004-02-23,1,-0.06454634243339752
2004-02-24,1,0.025512071491256172
2004-02-25,1,-0.02053748008541043
2004-02-26,1,0.021619685526069205
2004-02-27,1,0.025907916253065502
2004-03-01,1,-0.07535855644251264
2004-03-02,1,-0.016372413952777193
2004-03-03,1,0.01758611154545425
2004-03-04,1,-0.03430889460149485
2004-03-05,1,-0.028014559528280455
2004-03-08,1,-0.07164844627114583
2004-03-09,1,-0.1289942042724991
2004-03-10,1,-0.11273589812112078
2004-03-11,1,0.0050761570247453815
2004-03-12,1,-0.02166701633803606
2004-03-15,1,0.019727348252730485
2004-03-16,1,-0.027563339782527275
2004-03-17,1,0.04468111618708126
2004-03-18,1,0.02096293411493145
2004-03-19,1,-0.06731495601606605
2004-03-22,1,0.031407806053465076
2004-03-23,1,-0.029490000038414482
2004-03-24,1,-0.05369602353818934
2004-03-25,1,0.00809217784541161
2004-03-26,1,-0.022854957148491818
2004-03-29,1,0.04802830126717064
2004-03-30,1,-0.03011336975448215
2004-03-31,1,-0.02463534632282149
2004-04-01,1,-0.044836375301127
2004-04-02,1,-0.04410525729414351
2004-04-05,1,-0.0026665742856059444
2004-04-06,1,0.04607450986491956
2004-04-07,1,-0.02909422995640232
2004-04-08,1,0.026219300919342776
2004-04-12,1,-0.02772520701540221
2004-04-13,1,-0.05541979258454668
2004-04-14,1,0.00924602245350878
2004-04-15,1,0.14227910630703494
2004-04-16,1,0.05280953285910092
2004-04-19,1,0.028140749890139535
2004-04-20,1,-0.032525172944571065
2004-04-21,1,-0.011028444331532723
2004-04-22,1,-0.01899006745819784
2004-04-23,1,0.019038743385329026
2004-04-26,1,0.055217131916696076
2004-04-27,1,0.013129658332439452
2004-04-28,1,0.060696048489875545
2004-04-29,1,0.07257923314244435
2004-04-30,1,0.11028987935162299
2004-05-03,1,-0.10679576810322927
2004-05-04,1,0.05126838623266297
2004-05-05,1,0.07069201853694514
2004-05-06,1,0.03109889523608094
2004-05-07,1,0.039098157460665944
2004-05-10,1,-0.13979265800540847
2004-05-11,1,0.027227050454723088
2004-05-12,1,0.015639618525617925
2004-05-13,1,0.08973406153238567
2004-05-14,1,0.0853473234110768
2004-05-17,1,-0.04484804790494006
2004-05-18,1,-0.06547646233391147
2004-05-19,1,0.05802391095298313
2004-05-20,1,-0.05060517770306915
2004-05-21,1,-0.061140958602834854
2004-05-24,1,-0.09601515994418741
2004-05-25,1,-0.1150914142662664
2004-05-26,1,-0.07562585492726948
2004-05-27,1,-0.05143497190396364
2004-05-28,1,0.0718296636111227
2004-06-01,1,-0.011915897531396167
2004-06-02,1,0.016278754631898082
2004-06-03,1,-0.0020192634788443005
2004-06-04,1,-0.046463667752157205
2004-06-07,1,0.0036171030798452927
2004-06-08,1,0.020637647699922407
2004-06-09,1,0.04023578493253325
2004-06-10,1,0.11786366977927244
2004-06-14,1,-0.008518196289493156
2004-06-15,1,0.021786557319474945
2004-06-16,1,0.05079461775111599
2004-06-17,1,-0.009483957592058893
2004-06-18,1,-0.0015496382024318767
2004-06-21,1,-0.01790877950821807
2004-06-22,1,0.021087745834676524
2004-06-23,1,-0.06531666402950208
2004-06-24,1,0.01077447160406154
2004-06-25,1,0.012571534828440738
2004-06-28,1,0.010613951467324596
2004-06-29,1,-0.02652767021250438
2004-06-30,1,0.054409864963685405
2004-07-01,1,0.039498827975590525
2004-07-02,1,0.10962479387424565
2004-07-06,1,0.031815505870875505
2004-07-07,1,-0.00913146671495139
2004-07-08,1,-0.04620374154429125
2004-07-09,1,0.053153843276064004
2004-07-12,1,0.07289538828040683
2004-07-13,1,0.10392933511567372
2004-07-14,1,-0.06859192102892729
2004-07-15,1,0.1360176478840099
2004-07-16,1,0.011732705927664804
2004-07-19,1,-0.10112753645700048
2004-07-20,1,-0.025662192801293615
2004-07-21,1,-0.06992806012959749
2004-07-22,1,0.0879185465284909
2004-07-23,1,0.039701161349244576
2004-07-26,1,-0.026210943127923218
2004-07-27,1,0.13893829823171044
2004-07-28,1,-0.062182776265012785
2004-07-29,1,-0.03183878401117019
2004-07-30,1,0.06877657438639011
2004-08-02,1,0.02066434528601805
2004-08-03,1,-0.012179901141624736
2004-08-04,1,-0.01612001502522327
2004-08-05,1,-0.07905844498170912
2004-08-06,1,0.08873073048957884
2004-08-09,1,-0.017433133473576258
2004-08-10,1,0.06565066044553285
2004-08-11,1,0.03889535342238634
2004-08-12,1,-0.02406443971092484
2004-08-13,1,-0.05511295820482232
2004-08-16,1,-0.13760686911448905
2004-08-17,1,-0.07100874542547018
2004-08-18,1,0.10540030729617449
2004-08-19,1,-0.09110840866729497
2004-08-20,1,-0.06872039048627479
2004-08-23,1,0.041174795035414456
2004-08-24,1,-0.09645391765894737
2004-08-25,1,0.033833158806253524
2004-08-26,1,-0.06269939570865468
2004-08-27,1,0.01557773473974005
2004-08-30,1,0.10063231720687009
2004-08-31,1,-0.012252540901264755
2004-09-01,1,-0.011719661004586908
2004-09-02,1,0.06112908972894278
2004-09-03,1,0.05550651906737056
2004-09-07,1,0.026473034747147555
2004-09-08,1,-0.08235562577886159
2004-09-09,1,-0.09310591311212514
2004-09-10,1,-0.14070488224288186
2004-09-13,1,0.04536594976381414
2004-09-14,1,0.11114374273764105
2004-09-15,1,-0.004988071450086617
2004-09-16,1,-0.004227006220077071
2004-09-17,1,0.023958843178962973
2004-09-20,1,0.035432150401555416
2004-09-21,1,0.12830415254428784
2004-09-22,1,0.013525296076453223
2004-09-23,1,0.08295855604810376
2004-09-24,1,0.11731056792620873
2004-09-27,1,-0.008012334396795957
2004-09-28,1,-0.056060482808042524
2004-09-29,1,0.03808923111970126
2004-09-30,1,-0.12310257965450086
2004-10-01,1,-0.03698839870070082
2004-10-04,1,0.014938036455992796
2004-10-05,1,0.06566636354714825
2004-10-06,1,-0.001761274686591906
2004-10-07,1,0.025308445228071786
2004-10-08,1,0.004046603283546887
2004-10-11,1,0.03973685500380696
2004-10-12,1,-0.07969195954244558
2004-10-13,1,0.14290646371873367
2004-10-14,1,0.06273243144497385
2004-10-15,1,0.1205707275931937
2004-10-18,1,0.04920436784262154
2004-10-19,1,-0.01253292446054394
2004-10-20,1,0.00802117827423087
2004-10-21,1,-0.04061530362793542
2004-10-22,1,0.0605249473674595
2004-10-25,1,0.018273145767054372
2004-10-26,1,-0.030225261643881167
2004-10-27,1,-0.04153113966044054
2004-10-28,1,-0.03678027567938463
2004-10-29,1,-0.0030200402750716324
2004-11-01,1,-0.05080252532304791
2004-11-02,1,-0.02155999808099135
2004-11-03,1,-0.006438985123913312
2004-11-04,1,-0.09078758585452144
2004-11-05,1,-0.013288649696764415
2004-11-08,1,-0.020934836358236678
2004-11-09,1,-0.005154813599002155
2004-11-10,1,-0.02496768641244383
2004-11-11,1,0.013866511540307328
2004-11-12,1,-0.023819057963399226
2004-11-15,1,-0.1009971517855918
2004-11-16,1,-0.07533024387249604
2004-11-17,1,-0.06993981250839951
2004-11-18,1,-0.07579511926040178
2004-11-19,1,0.06830820482817798
2004-11-22,1,0.09087083477942592
2004-11-23,1,0.00929858061981822
2004-11-24,1,0.04119297949223498
2004-11-26,1,0.041259497796354426
2004-11-29,1,0.025947829443642927
2004-11-30,1,-0.015862201666024735
2004-12-01,1,-0.05714937678556094
2004-12-02,1,0.022387361460346943
2004-12-03,1,0.0707145393699773
2004-12-06,1,-0.1190720692793573
2004-12-07,1,0.035680020102821876
2004-12-08,1,-0.07234675201368469
2004-12-09,1,0.05343536307787718
2004-12-10,1,0.015783935947211968
2004-12-13,1,-0.06110919485760728
2004-12-14,1,0.026694448050789236
2004-12-15,1,-0.05797691382800026
2004-12-16,1,-0.0061634252959852495
2004-12-17,1,-0.06910967231406995
2004-12-20,1,0.0487774811999397
2004-12-21,1,-0.02680062639176264
2004-12-22,1,-0.033429362187782655
2004-12-23,1,-0.026655185733821713
2004-12-27,1,0.035032751746906725
2004-12-28,1,-0.10345909920652077
2004-12-29,1,-0.0637866611137156
2004-12-30,1,-0.016087129650656926
2004-12-31,1,-0.11855768633503029
2005-01-03,1,-0.10778573143082229
2005-01-04,1,-0.03959737536646092
2005-01-05,1,0.0030217775834922474
2005-01-06,1,-0.018693963788890336
2005-01-07,1,0.025495706643571297
2005-01-10,1,-0.06633459467844713
2005-01-11,1,-0.036737521134410527
2005-01-12,1,0.07748486169040482
2005-01-13,1,0.0849733319972399
2005-01-14,1,0.04668368776147333
2005-01-18,1,0.02784547603324835
2005-01-19,1,-0.0746228175480829
2005-01-20,1,-0.004329730961519053
2005-01-21,1,0.01345160666287491
2005-01-24,1,-0.011235327004511911
2005-01-25,1,-0.07105344922089728
2005-01-26,1,0.014281265430237012
2005-01-27,1,0.1030331796675864
2005-01-28,1,0.039175031050343964
2005-01-31,1,-0.013003415862603954
2005-02-01,1,0.03651215414158895
2005-02-02,1,0.10334993452846226
2005-02-03,1,0.03990586491057994
2005-02-04,1,-0.056945891348949194
2005-02-07,1,-0.02268042613335686
2005-02-08,1,-0.01469974318073882
2005-02-09,1,0.0007174588669531618
2005-02-10,1,-0.03048930891841939
2005-02-11,1,0.03686883574162977
2005-02-14,1,-0.04686219556653212
2005-02-15,1,0.08722103807696492
2005-02-16,1,-0.017894607429338752
2005-02-17,1,-0.005447015500372172
2005-02-18,1,-0.0005168114697465521
2005-02-22,1,-0.0035960039954377465
2005-02-23,1,0.09250702481519359
2005-02-24,1,0.06844320910903658
2005-02-25,1,-0.04294962280038064
2005-02-28,1,-0.056099998416465416
2005-03-01,1,0.0739824553976686
2005-03-02,1,0.013325440373224747
2005-03-03,1,0.05831973266599742
2005-03-04,1,-0.03579310235997363
2005-03-07,1,-0.09077023786789984
2005-03-08,1,0.017375515174730613
2005-03-09,1,-0.06262534657573594
2005-03-10,1,0.06191471707286408
2005-03-11,1,-0.038882247259350786
2005-03-14,1,0.04106589231874367
2005-03-15,1,-0.0014153394506597147
2005-03-16,1,0.10359821882613705
2005-03-17,1,0.05319949440114239
2005-03-18,1,0.0032461893059469895
2005-03-21,1,0.0116728438209907
2005-03-22,1,0.008550422460080203
2005-03-23,1,0.040882471618220825
2005-03-24,1,0.04006351087684265
2005-03-28,1,-0.019956059172197015
2005-03-29,1,-0.06883941099203829
2005-03-30,1,0.03666419823838983
2005-03-31,1,0.10576347650625363
2005-04-01,1,0.08690881913018057
2005-04-04,1,0.000616432571250689
2005-04-05,1,0.0036568854839622196
2005-04-06,1,-0.01782870764270029
2005-04-07,1,0.004557522378862985
2005-04-08,1,0.059132505487157566
2005-04-11,1,-0.013600364727519233
2005-04-12,1,-0.0698956753197782
2005-04-13,1,-0.021288910797234554
2005-04-14,1,-0.02864440384085242
2005-04-15,1,-0.01486550589727826
2005-04-18,1,0.019961131570287057
2005-04-19,1,-0.00501374450950647
2005-04-20,1,0.0033032889612114816
2005-04-21,1,0.0216474231749926
2005-04-22,1,0.040255117042436055
2005-04-25,1,0.04507512384295266
2005-04-26,1,0.061682850495849526
2005-04-27,1,0.06579575926748443
2005-04-28,1,0.04268431686242049
2005-04-29,1,0.010546497210212813
2005-05-02,1,-0.022444262784632647
2005-05-03,1,-0.060338883504082896
2005-05-04,1,0.007532589305158676
2005-05-05,1,-0.009350801348121635
2005-05-06,1,0.015076954059358189
2005-05-09,1,0.06686875254284011
2005-05-10,1,0.0836470966261971
2005-05-11,1,0.014801460112415954
2005-05-12,1,-0.007006646403605513
2005-05-13,1,0.0008405706525980087
2005-05-16,1,-0.001962228387585008
2005-05-17,1,-0.12694908150777479
2005-05-18,1,-0.059276611372900204
2005-05-19,1,-0.05348699374774569
2005-05-20,1,0.02246994476278507
2005-05-23,1,-0.027881905651028337
2005-05-24,1,-0.002496483448545671
2005-05-25,1,-0.09591447015537302
2005-05-26,1,-0.0697350629285483
2005-05-27,1,0.056256868751176865
2005-05-31,1,-0.10146403445803413
2005-06-01,1,-0.03474330581600611
2005-06-02,1,0.009509286475101608
2005-06-03,1,0.06310906885060694
2005-06-06,1,-0.041433445493853825
2005-06-07,1,-0.015942694411344424
2005-06-08,1,0.0517105920545667
2005-06-09,1,-0.051971344855234296
2005-06-10,1,-0.014201133188802862
2005-06-13,1,-0.01740184139034428
2005-06-14,1,-0.014671104816336763
2005-06-15,1,-0.053453700888924406
2005-06-16,1,-0.07748607153852924
2005-06-17,1,-0.0384882949539587
2005-06-20,1,0.05590921368483904
2005-06-21,1,-0.0082802514838256
2005-06-22,1,-0.018942933743740422
2005-06-23,1,0.006888644957667212
2005-06-24,1,0.059213456476529806
2005-06-27,1,0.06033708010531612
2005-06-28,1,0.008888066863338142
2005-06-29,1,-0.009549850092950684
2005-06-30,1,-0.04332113455823551
2005-07-01,1,0.08443004667945628
2005-07-05,1,-0.007212400716113209
2005-07-06,1,0.07434201154544802
2005-07-07,1,-0.01926836791023513
2005-07-08,1,0.014462204334515063
2005-07-11,1,-0.036844876820462794
2005-07-12,1,-0.08963340294510966
2005-07-13,1,-0.11387624451815859
2005-07-14,1,0.018813779221851908
2005-07-15,1,0.03570734531762806
2005-07-18,1,0.07406007857678575
2005-07-19,1,-0.03149535421822463
2005-07-20,1,-0.16252764105963294
2005-07-21,1,0.060862889742304055
2005-07-22,1,-0.06278315063724953
2005-07-25,1,0.013281853112283167
2005-07-26,1,0.0036771399286214244
2005-07-27,1,0.09485600469276936
2005-07-28,1,-0.010180728212478297
2005-07-29,1,0.07247456151083446
2005-08-01,1,0.03718230115071518
2005-08-02,1,-0.12840603520889313
2005-08-03,1,-0.12655815642576376
2005-08-04,1,-0.10130658502647075
2005-08-05,1,0.0007358035638585465
2005-08-08,1,0.08436180543356095
2005-08-09,1,0.0881321371803868
2005-08-10,1,0.019253265170925193
2005-08-11,1,-0.07556461818911238
2005-08-12,1,-0.006690681075043591
2005-08-15,1,-0.11278044575210275
2005-08-16,1,-0.07106425921031877
2005-08-17,1,-0.10751076908484042
2005-08-18,1,0.039122433843896035
2005-08-19,1,0.12321889275236064
2005-08-22,1,0.06956128573217288
2005-08-23,1,-0.013449183514976341
2005-08-24,1,-0.012657391513582942
2005-08-25,1,-0.10820885223651111
2005-08-26,1,0.0469784931462517
2005-08-29,1,0.14334878465303982
2005-08-30,1,0.11802070382848857
2005-08-31,1,0.050150734729413685
2005-09-01,1,-0.0987388191076059
2005-09-02,1,0.04890541351598527
2005-09-06,1,0.04351237497814886
2005-09-07,1,0.045495970706895116
2005-09-08,1,0.09635180923856039
2005-09-09,1,-0.019006641653117724
2005-09-12,1,0.07110661229845848
2005-09-13,1,0.010585731330663909
2005-09-14,1,0.018292286985427602
2005-09-15,1,0.02502693603711818
2005-09-16,1,0.0776857785122525
2005-09-19,1,-0.008615387967970154
2005-09-20,1,0.1049976769662096
2005-09-21,1,-0.06585019568274499
2005-09-22,1,-0.04053974197435018
2005-09-23,1,0.05990950730639529
2005-09-26,1,0.0744040234154004
2005-09-27,1,0.07153482725001822
2005-09-28,1,0.018596807845429622
2005-09-29,1,0.017049998088404062
2005-09-30,1,0.11703105395543871
2005-10-03,1,-0.029693436975916775
2005-10-04,1,-0.0934311049035333
2005-10-05,1,-0.11093452936905
2005-10-06,1,0.07091803081948243
2005-10-07,1,-0.02539838172411967
2005-10-10,1,0.08731346409349405
2005-10-11,1,-0.060853039581305474
2005-10-12,1,-0.08501586123623886
2005-10-13,1,0.04220204126008841
2005-10-14,1,0.0313436146773205
2005-10-17,1,-0.005781370652846529
2005-10-18,1,0.026013070815398567
2005-10-19,1,-0.07879666985976426
2005-10-20,1,0.08983265522089703
2005-10-21,1,0.029162947855974918
2005-10-24,1,0.03466949684158767
2005-10-25,1,0.01065645201737653
2005-10-26,1,0.07204451884242799
2005-10-27,1,-0.004367910735277547
2005-10-28,1,-0.042956011400738174
2005-10-31,1,0.03124776037331375
2005-11-01,1,-0.0181412319080948
2005-11-02,1,-0.038569617754571385
2005-11-03,1,-0.10727487028936913
2005-11-04,1,-0.01787014584547095
2005-11-07,1,0.027409368868188132
2005-11-08,1,0.0474571384968977
2005-11-09,1,0.018179653927051925
2005-11-10,1,0.06864889977405539
2005-11-11,1,0.02193150882631532
2005-11-14,1,0.015372928413952646
2005-11-15,1,0.09723327953450459
2005-11-16,1,0.04033596304397066
2005-11-17,1,-0.08442003546018365
2005-11-18,1,0.021002166170068545
2005-11-21,1,-0.01683508436631543
2005-11-22,1,-0.11008337360107255
2005-11-23,1,-0.003176223300263678
2005-11-25,1,-0.02195672924287965
2005-11-28,1,0.051126825160709294
2005-11-29,1,-0.000508966448601478
2005-11-30,1,0.017256633082252077
2005-12-01,1,-0.01801469582627861
2005-12-02,1,0.019201315345263446
2005-12-05,1,0.022075302829940104
2005-12-06,1,-0.011075695964753645
2005-12-07,1,-0.005191721810446291
2005-12-08,1,-0.0617486194755615
2005-12-09,1,0.03191540300407782
2005-12-12,1,-0.046914690572245156
2005-12-13,1,-0.10267778460919313
2005-12-14,1,0.021854677948560552
2005-12-15,1,0.06254579591030207
2005-12-16,1,-0.05592017341330342
2005-12-19,1,0.004999212952857354
2005-12-20,1,0.09387710394505334
2005-12-21,1,0.06073986730362041
2005-12-22,1,0.0018362664477358304
2005-12-23,1,-0.024332994934082083
2005-12-27,1,0.05067655290479005
2005-12-28,1,-0.031092214263785296
2005-12-29,1,-0.06052719001455653
2005-12-30,1,0.025437550700354816
2006-01-03,1,0.05052517810014005
2006-01-04,1,-0.03233778181291669
2006-01-05,1,0.061979422281735704
2006-01-06,1,0.00350957179892927
2006-01-09,1,0.0583019963391599
2006-01-10,1,0.039709084055538794
2006-01-11,1,-0.09492992415137456
2006-01-12,1,-0.02684942745558924
2006-01-13,1,0.037857673292881845
2006-01-17,1,-0.10298501849932262
2006-01-18,1,0.08236414144544904
2006-01-19,1,-0.06329631627007472
2006-01-20,1,0.03349344266804614
2006-01-23,1,0.07374003062144435
2006-01-24,1,0.029438931231756765
2006-01-25,1,0.08850720442118236
2006-01-26,1,0.039121580433635235
2006-01-27,1,0.06266276431141211
2006-01-30,1,0.023515842936045184
2006-01-31,1,-0.07214134331914088
2006-02-01,1,-0.06988728107694461
2006-02-02,1,0.028746859525938043
2006-02-03,1,0.1348399999510998
2006-02-06,1,-0.17537534958133089
2006-02-07,1,-0.029638993786712257
2006-02-08,1,-0.028924883121390185
2006-02-09,1,-0.07936632973389436
2006-02-10,1,-0.05786001477448583
2006-02-13,1,-0.02510869834174255
2006-02-14,1,0.02196717286601356
2006-02-15,1,0.048349306619297115
2006-02-16,1,0.02057344421721264
2006-02-17,1,0.02133379704315465
2006-02-21,1,-0.017627242105614296
2006-02-22,1,0.049757817982193066
2006-02-23,1,0.036691596328984916
2006-02-24,1,-0.02135834296546171
2006-02-27,1,-0.036501959792623585
2006-02-28,1,0.10555846302267924
2006-03-01,1,0.03176945033096018
2006-03-02,1,0.05670894569985419
2006-03-03,1,-0.011195528615398524
2006-03-06,1,-0.12398247142618957
2006-03-07,1,-0.08675761877457762
2006-03-08,1,0.04783328932043513
2006-03-09,1,0.04954975526915047
2006-03-10,1,0.06966441122266834
2006-03-13,1,0.024480645943266214
2006-03-14,1,0.06681686499670182
2006-03-15,1,-0.05105942424290483
2006-03-16,1,0.046693082786928186
2006-03-17,1,0.03805214941415804
2006-03-20,1,-0.019587502087289193
2006-03-21,1,0.01014058747382645
2006-03-22,1,0.010328154414981376
2006-03-23,1,0.06390875352018005
2006-03-24,1,0.10500680255890883
2006-03-27,1,0.025237312906987833
2006-03-28,1,0.07840409568825606
2006-03-29,1,-0.05081326243635718
2006-03-30,1,0.022982228770784197
2006-03-31,1,0.004753372100660403
2006-04-03,1,0.08972595180958903
2006-04-04,1,0.07053460986029926
2006-04-05,1,0.028832396566847093
2006-04-06,1,-0.07469802782889484
2006-04-07,1,-0.06009071838094586
2006-04-10,1,-0.11501875537822694
2006-04-11,1,0.10428867357222242
2006-04-12,1,0.04898737579046
2006-04-13,1,0.0748047880966921
2006-04-17,1,0.057471343301904836
2006-04-18,1,0.06857372527092212
2006-04-19,1,-0.05160234782067629
2006-04-20,1,0.012813189507252631
2006-04-21,1,0.022950980252230416
2006-04-24,1,0.030435408893093967
2006-04-25,1,-0.053916482791090015
2006-04-26,1,-0.07696501884562652
2006-04-27,1,-0.02906863904517024
2006-04-28,1,0.16166928438599565
2006-05-01,1,0.11617261169488036
2006-05-02,1,0.03421024735522938
2006-05-03,1,0.06330596021063506
2006-05-04,1,-0.06774354139009085
2006-05-05,1,-0.02866219338475875
2006-05-08,1,0.12817934950352888
2006-05-09,1,0.012253121181804903
2006-05-10,1,-0.07223411914949511
2006-05-11,1,-0.20329837319219526
2006-05-12,1,-0.13037258285226697
2006-05-15,1,0.0648180586124373
2006-05-16,1,-0.06919202121071867
2006-05-17,1,-0.1291433640781354
2006-05-18,1,-0.021204192604860433
2006-05-19,1,-0.08310479375000987
2006-05-22,1,0.0946134964995222
2006-05-23,1,-0.08323366165697056
2006-05-24,1,0.06679563630499427
2006-05-25,1,-0.006887330730654448
2006-05-26,1,-0.010597065018375092
2006-05-30,1,0.08411589432665167
2006-05-31,1,0.0023741945859047527
2006-06-01,1,0.008463246547130944
2006-06-02,1,-0.008677558771279074
2006-06-05,1,-0.018612442680383496
2006-06-06,1,-0.019755890411525357
2006-06-07,1,-0.09296276033395148
2006-06-08,1,-0.012581808775118794
2006-06-09,1,-0.020063438545463042
2006-06-12,1,-0.01590398573727748
2006-06-13,1,-0.031087954385356335
2006-06-14,1,-0.07383706536314566
2006-06-15,1,0.022432925255088262
2006-06-16,1,0.06492519943083264
2006-06-19,1,0.08775249510744312
2006-06-20,1,-0.05629638217824393
2006-06-21,1,0.046048425257705757
2006-06-22,1,-0.002067425012443291
2006-06-23,1,-0.005923632381800704
2006-06-26,1,0.12482075417132758
2006-06-27,1,0.0052031054233114
2006-06-28,1,-0.057348249291462164
2006-06-29,1,0.002692214607780246
2006-06-30,1,0.03314886140670385
2006-07-03,1,0.07316734104307496
2006-07-05,1,0.005791526434028418
2006-07-06,1,0.07049030118118726
2006-07-07,1,0.06589407682902593
2006-07-10,1,0.026154801374968152
2006-07-11,1,0.12261870401016599
2006-07-12,1,-0.01404346161972045
2006-07-13,1,0.024500919617254837
2006-07-14,1,0.08429096985859903
2006-07-17,1,0.11280755529039628
2006-07-18,1,-0.17070587956513902
2006-07-19,1,0.07319400231304636
2006-07-20,1,0.08134404019230874
2006-07-21,1,-0.08072194368353945
2006-07-24,1,-0.032984593050854945
2006-07-25,1,-0.04471419602707555
2006-07-26,1,0.05675146612395074
2006-07-27,1,-0.08334999133000548
2006-07-28,1,-0.03395140699433027
2006-07-31,1,0.0909809170336333
2006-08-01,1,-0.08236803912610555
2006-08-02,1,-0.02617867130897644
2006-08-03,1,-0.0030398236824755766
2006-08-04,1,0.0437220738739612
2006-08-07,1,0.1110366401700048
2006-08-08,1,0.09847701184437493
2006-08-09,1,-0.004444375488204304
2006-08-10,1,0.037227851379097454
2006-08-11,1,0.017743470861315613
2006-08-14,1,-0.07670287988368003
2006-08-15,1,-0.19320406793573414
2006-08-16,1,-0.1600176225996467
2006-08-17,1,-0.018775124169683667
2006-08-18,1,0.08700464629116178
2006-08-21,1,0.07332693163334862
2006-08-22,1,0.04031025810668788
2006-08-23,1,0.02311423486780631
2006-08-24,1,-0.058881880159269595
2006-08-25,1,-0.01471914590033769
2006-08-28,1,-0.03376222133663183
2006-08-29,1,-0.09109351759981484
2006-08-30,1,-0.11090597092036715
2006-08-31,1,-0.006032319251646266
2006-09-01,1,-0.012375783286460882
2006-09-05,1,0.03672691031747522
2006-09-06,1,0.08237571035463001
2006-09-07,1,0.0072570216462904975
2006-09-08,1,-0.032462643976968936
2006-09-11,1,-0.13238066645611005
2006-09-12,1,-0.06945355354752031
2006-09-13,1,-0.015280919649493473
2006-09-14,1,-0.05624770150141378
2006-09-15,1,-0.03632662788677522
2006-09-18,1,0.10502609624050223
2006-09-19,1,0.03879771171474122
2006-09-20,1,0.02638751328422978
2006-09-21,1,0.021712755918250976
2006-09-22,1,0.04712323718129965
2006-09-25,1,-0.08574911553201559
2006-09-26,1,-0.03334122549353343
2006-09-27,1,0.009141261108921946
2006-09-28,1,-0.06478825228115621
2006-09-29,1,0.0815458472762289
2006-10-02,1,0.09234485739403449
2006-10-03,1,-0.04477660451343397
2006-10-04,1,-0.15310336800997337
2006-10-05,1,-0.037065434487058395
2006-10-06,1,0.0359772546852015
2006-10-09,1,-0.031997315664795155
2006-10-10,1,0.009998340918308273
2006-10-11,1,-0.06205979213157325
2006-10-12,1,-0.0704769752421845
2006-10-13,1,-0.09745968412025303
2006-10-16,1,-0.03773674287950608
2006-10-17,1,-0.04003992694234421
2006-10-18,1,-0.05569960777051113
2006-10-19,1,0.009538557954599885
2006-10-20,1,0.10407559614585726
2006-10-23,1,-0.04493511378975419
2006-10-24,1,-0.07542446674289256
2006-10-25,1,0.011203574055838652
2006-10-26,1,-0.13157991477170256
2006-10-27,1,0.05506471212269557
2006-10-30,1,-0.03230259398969303
2006-10-31,1,-0.015887559397637783
2006-11-01,1,0.026083143718213405
2006-11-02,1,-0.027977541211945605
2006-11-03,1,0.07724629810263636
2006-11-06,1,0.022353744346712424
2006-11-07,1,0.027428158269288065
2006-11-08,1,-0.04994352924715345
2006-11-09,1,-0.019518168066367497
2006-11-10,1,0.01984303859573851
2006-11-13,1,-0.0318264700368545
2006-11-14,1,-0.024767763160804975
2006-11-15,1,-0.038623174760387215
2006-11-16,1,0.0007724544651482044
2006-11-17,1,0.07104402370178205
2006-11-20,1,-0.011569176034042599
2006-11-21,1,-0.019114190392408168
2006-11-22,1,-0.02064040393344146
2006-11-24,1,-0.09130490971016615
2006-11-27,1,0.01816355962171004
2006-11-28,1,0.04684189018738192
2006-11-29,1,0.033619986789488736
2006-11-30,1,-0.09160667868417832
2006-12-01,1,0.10026196357618644
2006-12-04,1,-0.00033419437375152176
2006-12-05,1,0.019586873943550822
2006-12-06,1,0.014068126039252392
2006-12-07,1,0.01992386477227517
2006-12-08,1,0.05402631239359945
2006-12-11,1,-0.051117888006069194
2006-12-12,1,0.015478560364769665
2006-12-13,1,-0.018405438763347624
2006-12-14,1,-0.08562541180633473
2006-12-15,1,-0.04742401501761728
2006-12-18,1,0.05508956260173091
2006-12-19,1,0.009553658499503764
2006-12-20,1,-0.06940220236176282
2006-12-21,1,-0.04005619105139293
2006-12-22,1,0.043398217012060085
2006-12-26,1,0.0023872589962910832
2006-12-27,1,-0.06809780692026099
2006-12-28,1,-0.08012215122854298
2006-12-29,1,-0.06369634676340358
2007-01-03,1,-0.024385386780143153
2007-01-04,1,-0.04307615238765094
2007-01-05,1,0.08456997221913773
2007-01-08,1,0.02836681865528846
2007-01-09,1,0.029033623242379177
2007-01-10,1,-0.013261517502147145
2007-01-11,1,-0.05549487932112521
2007-01-12,1,0.0838991500940696
2007-01-16,1,0.011168903566592843
2007-01-17,1,-0.03130212589497979
2007-01-18,1,-0.04686801006189841
2007-01-19,1,0.0402271968531703
2007-01-22,1,-0.04076784005359853
2007-01-23,1,0.03447976931889319
2007-01-24,1,-0.023368523638028743
2007-01-25,1,-0.03492592774374645
2007-01-26,1,0.04482205734331753
2007-01-29,1,-0.004758214843953513
2007-01-30,1,-0.020354396619997966
2007-01-31,1,0.005782988493436071
2007-02-01,1,-0.03207594442697292
2007-02-02,1,0.11719523901873123
2007-02-05,1,-0.04274315580548121
2007-02-06,1,-0.043953015780058335
2007-02-07,1,0.002369098695149887
2007-02-08,1,-0.09431241786065823
2007-02-09,1,-0.01498241078239857
2007-02-12,1,0.015567728936832753
2007-02-13,1,0.022857056067550414
2007-02-14,1,0.09652938808607647
2007-02-15,1,-0.01425570382216999
2007-02-16,1,-0.017484970247084407
2007-02-20,1,0.016858607736757947
2007-02-21,1,-0.08576565798647114
2007-02-22,1,0.016534379389044774
2007-02-23,1,-0.028350255375897145
2007-02-26,1,-0.12568308289339744
2007-02-27,1,0.012948314118629282
2007-02-28,1,0.01911283646057902
2007-03-01,1,0.04041252906149863
2007-03-02,1,0.104753795340367
2007-03-05,1,-0.0163760687086514
2007-03-06,1,0.06853356702641544
2007-03-07,1,0.1343456433526108
2007-03-08,1,-0.0008911816934181039
2007-03-09,1,0.12402570392699358
2007-03-12,1,0.05113405602853781
2007-03-13,1,-0.07117381975330431
2007-03-14,1,-0.026077669190383096
2007-03-15,1,0.05671185721937978
2007-03-16,1,0.06743059011837894
2007-03-19,1,0.01755989073028008
2007-03-20,1,-0.09577591768084408
2007-03-21,1,0.039602304485342375
2007-03-22,1,0.0015649739322528956
2007-03-23,1,0.011812559005085196
2007-03-26,1,-0.002132579852934106
2007-03-27,1,-0.025348416598529964
2007-03-28,1,0.002162587298699969
2007-03-29,1,-0.012631469475320916
2007-03-30,1,0.10396997567571635
2007-04-02,1,-0.0070876200067468125
2007-04-03,1,0.09252739306897333
2007-04-04,1,-0.034374704162383314
2007-04-05,1,0.04515146584755428
2007-04-09,1,-0.038398148298138354
2007-04-10,1,0.008355692240388882
2007-04-11,1,0.003317172100475501
2007-04-12,1,-0.004382046878092003
2007-04-13,1,0.015534496395174272
2007-04-16,1,-0.07761078364959026
2007-04-17,1,-0.08305907737713186
2007-04-18,1,-0.025057326701314563
2007-04-19,1,-0.03041405525466473
2007-04-20,1,0.16862803416498984
2007-04-23,1,-0.046385794656468124
2007-04-24,1,0.05223158652118969
2007-04-25,1,0.045946870558920376
2007-04-26,1,0.02865741684291696
2007-04-27,1,-0.01914161979083138
2007-04-30,1,-0.04135047994553118
2007-05-01,1,0.006082791308394581
2007-05-02,1,0.05657773165530673
2007-05-03,1,0.017667775852093837
2007-05-04,1,0.04808907384388448
2007-05-07,1,0.048947781251190245
2007-05-08,1,0.0822529685803311
2007-05-09,1,0.011888687200516949
2007-05-10,1,0.0635544043857978
2007-05-11,1,0.07154631198849322
2007-05-14,1,0.09575592131871474
2007-05-15,1,0.016845374531990275
2007-05-16,1,0.08567519041673503
2007-05-17,1,-0.021369042987500777
2007-05-18,1,0.021936839960781232
2007-05-21,1,-0.10029616748028727
2007-05-22,1,-0.03686976482770301
2007-05-23,1,-0.053985651250021624
2007-05-24,1,0.12506890415583283
2007-05-25,1,0.04849262511475105
2007-05-29,1,0.14715216176981458
2007-05-30,1,-0.04204128923845183
2007-05-31,1,-0.009234746951189044
2007-06-01,1,0.083678786564932
2007-06-04,1,0.025674062673349707
2007-06-05,1,-0.03086715084823977
2007-06-06,1,-0.08892711963442593
2007-06-07,1,0.01744671411987898
2007-06-08,1,0.1248222480281658
2007-06-11,1,0.010112062860389301
2007-06-12,1,0.1826908747291251
2007-06-13,1,0.10912624408424808
2007-06-14,1,0.03376675286258029
2007-06-15,1,0.0038857349261582886
2007-06-18,1,0.051960874311417715
2007-06-19,1,-0.09977895301967647
2007-06-20,1,0.06436385852293845
2007-06-21,1,-0.01898330089409897
2007-06-22,1,-0.025499698950974443
2007-06-25,1,0.012410936892507338
2007-06-26,1,-0.030387439499317045
2007-06-27,1,-0.017759016252708842
2007-06-28,1,0.07324701770479992
2007-06-29,1,0.13228726325249707
2007-07-02,1,-0.012568086679354338
2007-07-03,1,0.06772162202707516
2007-07-05,1,0.0668463914858048
2007-07-06,1,0.026060593551618716
2007-07-09,1,0.013511224467021821
2007-07-10,1,-0.009081221581198807
2007-07-11,1,0.054211002727585396
2007-07-12,1,0.02845385562385978
2007-07-13,1,0.05962049949596287
2007-07-16,1,0.04457947495272486
2007-07-17,1,-0.0030881663960064514
2007-07-18,1,0.040379248448101514
2007-07-19,1,-0.014753834071526467
2007-07-20,1,0.0832298746622388
2007-07-23,1,-0.03218438588495797
2007-07-24,1,-0.0917386173614655
2007-07-25,1,-0.02182337455132026
2007-07-26,1,-0.014795428603890208
2007-07-27,1,0.1458561268167857
2007-07-30,1,0.05437459554591876
2007-07-31,1,0.01609270303778913
2007-08-01,1,0.13799796108140625
2007-08-02,1,0.1730722812726747
2007-08-03,1,0.08356062626558876
2007-08-06,1,0.11972773714998215
2007-08-07,1,-0.06607067183395657
2007-08-08,1,0.11926264943320983
2007-08-09,1,-0.3771962607467917
2007-08-10,1,-0.18900316635749867
2007-08-13,1,-0.040048041267133995
2007-08-14,1,-0.02179751382473837
2007-08-15,1,-0.07338840798929594
2007-08-16,1,-0.06574769719644466
2007-08-17,1,0.015070872965883862
2007-08-20,1,-0.027424685979570592
2007-08-21,1,-0.06907845703078777
2007-08-22,1,-0.03854317562496984
2007-08-23,1,0.00040581849842386594
2007-08-24,1,0.07052914868120395
2007-08-27,1,0.028836323244638848
2007-08-28,1,0.048981554664459075
2007-08-29,1,0.08128071538881336
2007-08-30,1,-0.07942964025920621
2007-08-31,1,0.10306511168197098
2007-09-04,1,0.12562745813488696
2007-09-05,1,0.07744595217726911
2007-09-06,1,-0.0357424664697813
2007-09-07,1,0.23795473693787028
2007-09-10,1,0.05997857843943725
2007-09-11,1,0.07354171905427441
2007-09-12,1,0.042991173669294606
2007-09-13,1,-0.06197934069296295
2007-09-14,1,0.1750374707254894
2007-09-17,1,-0.05204614762728995
2007-09-18,1,-0.10425811485469834
2007-09-19,1,0.13751114092321687
2007-09-20,1,0.015915629923140905
2007-09-21,1,0.1559259403475705
2007-09-24,1,0.20308194087450024
2007-09-25,1,0.051410817547431195
2007-09-26,1,0.028663532859553385
2007-09-27,1,-0.036233390283804255
2007-09-28,1,-0.0040477597071293895
2007-10-01,1,-0.08741271463675525
2007-10-02,1,-0.0635575800356575
2007-10-03,1,0.01695004937378689
2007-10-04,1,-0.09069336758855501
2007-10-05,1,0.09604084531330843
2007-10-08,1,0.07573989406764368
2007-10-09,1,0.0852764100426079
2007-10-10,1,-0.09384612578436265
2007-10-11,1,0.14876325083726724
2007-10-12,1,0.10248689649541572
2007-10-15,1,0.13183571194790664
2007-10-16,1,0.11191594333824399
2007-10-17,1,0.14898655676058203
2007-10-18,1,-0.11790897033497288
2007-10-19,1,-0.024934276331247573
2007-10-22,1,0.14050225201475638
2007-10-23,1,-0.018101098117856044
2007-10-24,1,0.11506552967912889
2007-10-25,1,0.12467793786336041
2007-10-26,1,0.06048350740629216
2007-10-29,1,-0.11189148275419282
2007-10-30,1,0.08257705077823498
2007-10-31,1,-0.011595143513867428
2007-11-01,1,0.043262785876253304
2007-11-02,1,0.07154828003043809
2007-11-05,1,0.16188830127818574
2007-11-06,1,0.05565523430807702
2007-11-07,1,-0.08221864741905838
2007-11-08,1,-0.12979541648473322
2007-11-09,1,-0.29425528516616895
2007-11-12,1,0.010914349761809916
2007-11-13,1,0.10008749204857764
2007-11-14,1,0.003692156002502379
2007-11-15,1,0.12399043035753772
2007-11-16,1,0.08033824549108193
2007-11-19,1,0.13236152387473687
2007-11-20,1,-0.06009949410105612
2007-11-21,1,-0.06548278006148849
2007-11-23,1,0.0982023367568771
2007-11-26,1,0.09337049350195452
2007-11-27,1,-0.09412387444783528
2007-11-28,1,0.11462354838679809
2007-11-29,1,-0.12778475423070232
2007-11-30,1,0.14903302582526795
2007-12-03,1,0.11874290437006926
2007-12-04,1,0.03721194433928953
2007-12-05,1,-0.13163953749262391
2007-12-06,1,-0.1084389385869954
2007-12-07,1,-0.11824348110525411
2007-12-10,1,-0.06379316211689956
2007-12-11,1,0.1525625732616719
2007-12-12,1,0.09575143953168723
2007-12-13,1,0.11800045018318789
2007-12-14,1,0.0037316134068745652
2007-12-17,1,-0.049037946412145136
2007-12-18,1,0.04249461703910074
2007-12-19,1,0.07007813650731388
2007-12-20,1,-0.04879509938660032
2007-12-21,1,-0.012192614470981454
2007-12-24,1,0.09434932621502945
2007-12-26,1,-0.038030659578564927
2007-12-27,1,0.09083094759284112
2007-12-28,1,-0.032066432689490054
2007-12-31,1,0.06268578815131211
2008-01-02,1,0.23803036095634458
2008-01-03,1,0.1241577049512072
2008-01-04,1,-0.004829771132495485
2008-01-07,1,0.08377946678885653
2008-01-08,1,0.05181421098165001
2008-01-09,1,-0.14513616704834237
2008-01-10,1,-0.007136995835846884
2008-01-11,1,-0.042243046546740645
2008-01-14,1,0.0809363370312944
2008-01-15,1,-0.15589542751189997
2008-01-16,1,0.00044292091092738937
2008-01-17,1,-0.019908785526728777
2008-01-18,1,-0.013208131170622816
2008-01-22,1,-0.14175048959737327
2008-01-23,1,-0.15682517256918052
2008-01-24,1,-0.051798116375237825
2008-01-25,1,-0.0537445026446645
2008-01-28,1,-0.1250552394293135
2008-01-29,1,-0.058292669682520705
2008-01-30,1,-0.027822839655923626
2008-01-31,1,-0.15363763052945578
2008-02-01,1,0.012907473248420172
2008-02-04,1,0.018556925577927763
2008-02-05,1,0.05780196247694722
2008-02-06,1,0.013912565568879962
2008-02-07,1,-0.018686053373039614
2008-02-08,1,0.13002357472924123
2008-02-11,1,-0.10397664071384287
2008-02-12,1,-0.10589403069679981
2008-02-13,1,-0.00025752513606279074
2008-02-14,1,-0.005388915837161657
2008-02-15,1,0.03385556102499627
2008-02-19,1,-0.032669852036006905
2008-02-20,1,0.07715478210281426
2008-02-21,1,0.03683495212590373
2008-02-22,1,-0.0011028610035870219
2008-02-25,1,-0.08735749984625059
2008-02-26,1,-0.01242733400917125
2008-02-27,1,0.08519308127913681
2008-02-28,1,-0.016308223242259133
2008-02-29,1,0.13618360780619845
2008-03-03,1,0.034103207019726224
2008-03-04,1,0.030884738721271145
2008-03-05,1,0.1013232000811585
2008-03-06,1,0.06161031884316801
2008-03-07,1,0.059871534361493846
2008-03-10,1,-0.0230375807392203
2008-03-11,1,0.0017999070541235753
2008-03-12,1,0.0835093595206511
2008-03-13,1,0.04303195492789128
2008-03-14,1,0.1010046309186065
2008-03-17,1,-0.09536837157082381
2008-03-18,1,-0.05667839471162094
2008-03-19,1,-0.03395192975338886
2008-03-20,1,-0.17571322252182756
2008-03-24,1,-0.07764484508176998
2008-03-25,1,-0.019107102194077335
2008-03-26,1,-0.04966391182897286
2008-03-27,1,0.02976823971989956
2008-03-28,1,-0.0005689395276464169
2008-03-31,1,-0.08857987520950457
2008-04-01,1,-0.04062702882759755
2008-04-02,1,0.02471326243758487
2008-04-03,1,-0.040689404706297
2008-04-04,1,-0.0704856420787346
2008-04-07,1,0.06492717110300264
2008-04-08,1,-0.02698552115966332
2008-04-09,1,0.1027684494979985
2008-04-10,1,0.0037190298246974553
2008-04-11,1,0.11083860347623838
2008-04-14,1,0.20094322941684273
2008-04-15,1,0.0872924612557681
2008-04-16,1,-0.10819314601229066
2008-04-17,1,0.01959814491551566
2008-04-18,1,0.142646755004019
2008-04-21,1,0.10329554245590934
2008-04-22,1,-0.004694806312641825
2008-04-23,1,-0.17349233745985257
2008-04-24,1,0.04191455969974233
2008-04-25,1,-0.003571478965451726
2008-04-28,1,-0.13716370040413858
2008-04-29,1,0.03466449021289941
2008-04-30,1,-0.10923078255252709
2008-05-01,1,-0.009346947463922254
2008-05-02,1,0.12509738977883977
2008-05-05,1,0.0829889267748219
2008-05-06,1,-0.06908420083086694
2008-05-07,1,0.12853970466607953
2008-05-08,1,0.004119418002891651
2008-05-09,1,-0.04891201829903764
2008-05-12,1,0.08011457995801617
2008-05-13,1,-0.0865258338864998
2008-05-14,1,0.007997118949191102
2008-05-15,1,-0.003166412523684603
2008-05-16,1,-0.06856869465267422
2008-05-19,1,0.024065121595623462
2008-05-20,1,-0.03255244528310335
2008-05-21,1,-0.013782190480111802
2008-05-22,1,0.01710611080657668
2008-05-23,1,0.08540925617261788
2008-05-27,1,0.07816071911103471
2008-05-28,1,-0.07064457395035133
2008-05-29,1,0.1214735396221138
2008-05-30,1,0.07523693433445117
2008-06-02,1,0.07334476225033214
2008-06-03,1,0.01815314328200743
2008-06-04,1,0.1388102818486122
2008-06-05,1,-0.006020391443252826
2008-06-06,1,0.15448239670201905
2008-06-09,1,-0.057975745658400635
2008-06-10,1,0.03753369723693487
2008-06-11,1,-0.002460759180710118
2008-06-12,1,0.11571556014574438
2008-06-13,1,0.15863208403692214
2008-06-16,1,0.15794901588095317
2008-06-17,1,0.13028328758296281
2008-06-18,1,-0.0341779184342164
2008-06-19,1,0.08766500667069459
2008-06-20,1,0.14121420524359338
2008-06-23,1,-0.09088259858861147
2008-06-24,1,-0.054001488842704316
2008-06-25,1,0.033939192999521646
2008-06-26,1,0.2062441963307383
2008-06-27,1,0.10597590324161374
2008-06-30,1,0.10467961164606161
2008-07-01,1,-0.015007039527812318
2008-07-02,1,-0.08689857891041455
2008-07-03,1,0.052990973399587915
2008-07-07,1,-0.13125046578792884
2008-07-08,1,0.10800804330213006
2008-07-09,1,0.08681571543484815
2008-07-10,1,0.0718274590812627
2008-07-11,1,0.11233476970207147
2008-07-14,1,0.006860999911596341
2008-07-15,1,-0.1371973107577444
2008-07-16,1,-0.17171232733705857
2008-07-17,1,0.030904904037674777
2008-07-18,1,-0.0397636129399651
2008-07-21,1,-0.15845335947641798
2008-07-22,1,-0.20189578084454435
2008-07-23,1,0.1164740008107179
2008-07-24,1,-0.00037939026570690885
2008-07-25,1,0.07200080274564967
2008-07-28,1,-0.1016445654513636
2008-07-29,1,0.03618934325511561
2008-07-30,1,-0.042884566005746194
2008-07-31,1,0.061386119196151216
2008-08-01,1,0.007001933365172832
2008-08-04,1,-0.0994321933881073
2008-08-05,1,-0.11782525907119146
2008-08-06,1,0.0283609720333703
2008-08-07,1,-0.07126796040946132
2008-08-08,1,-0.075517174571043
2008-08-11,1,-0.034952755514315065
2008-08-12,1,-0.06293267817967094
2008-08-13,1,-0.04591078066543104
2008-08-14,1,-0.025609114176331323
2008-08-15,1,0.02132088223604503
2008-08-18,1,0.03525054147615971
2008-08-19,1,-0.004264515266887219
2008-08-20,1,-0.05277128288757258
2008-08-21,1,0.03059114660011171
2008-08-22,1,0.013370988332291884
2008-08-25,1,-0.009558964264466625
2008-08-26,1,-0.026865462461947112
2008-08-27,1,0.03797579706104571
2008-08-28,1,0.009306304712928268
2008-08-29,1,0.11708072372019021
2008-09-02,1,0.12074614867105034
2008-09-03,1,0.03016412301664904
2008-09-04,1,-0.09951526595646691
2008-09-05,1,0.18623640127252167
2008-09-08,1,0.197506799963447
2008-09-09,1,-0.11116189986355482
2008-09-10,1,0.013658187459438571
2008-09-11,1,-0.1532787779850564
2008-09-12,1,0.24120526635184403
2008-09-15,1,0.025527306133664527
2008-09-16,1,0.012659611761406515
2008-09-17,1,-0.04178082943348173
2008-09-18,1,-0.265651130763647
2008-09-19,1,-0.08746105704954339
2008-09-22,1,0.11912925207503826
2008-09-23,1,-0.04345168222546856
2008-09-24,1,0.02982308735950004
2008-09-25,1,0.1713997327819175
2008-09-26,1,0.2035478879246197
2008-09-29,1,-0.2589022554123096
2008-09-30,1,0.1840992915143611
2008-10-01,1,0.2265181195095105
2008-10-02,1,-0.03946244304504442
2008-10-03,1,0.17058771704950015
2008-10-06,1,0.16381687813458026
2008-10-07,1,-0.007225082555375331
2008-10-08,1,0.06965617855328451
2008-10-09,1,0.0929357525582179
2008-10-10,1,-0.3142573042568624
2008-10-13,1,-0.017320672277065473
2008-10-14,1,0.2596298693945191
2008-10-15,1,-0.01303678661922019
2008-10-16,1,-0.11866460806972018
2008-10-17,1,-0.0727131041603832
2008-10-20,1,0.15850740485439757
2008-10-21,1,0.2519667290463939
2008-10-22,1,0.1524562953296351
2008-10-23,1,0.08708017792789274
2008-10-24,1,0.1531569168392201
2008-10-27,1,-0.027136843836383165
2008-10-28,1,-0.21954938483729
2008-10-29,1,-0.15323774318314384
2008-10-30,1,-0.08868595239470002
2008-10-31,1,-0.06945175708787821
2008-11-03,1,-0.2191107118013252
2008-11-04,1,0.07104766401018289
2008-11-05,1,0.23370631080709947
2008-11-06,1,-0.044743670376885473
2008-11-07,1,0.19262890605270458
2008-11-10,1,0.2873971993667292
2008-11-11,1,0.3303326269998492
2008-11-12,1,-0.16568223164111592
2008-11-13,1,0.19517897274153828
2008-11-14,1,0.19020778527463927
2008-11-17,1,0.17383769775343663
2008-11-18,1,0.2456002103973829
2008-11-19,1,0.24978217666768232
2008-11-20,1,-0.09954591820749713
2008-11-21,1,-0.2783268889395272
2008-11-24,1,-0.1454759137296001
2008-11-25,1,-0.35053699757735685
2008-11-26,1,-0.04159626070684929
2008-11-28,1,0.26216355503298117
2008-12-01,1,-0.18358415362980637
2008-12-02,1,-0.037480047800163924
2008-12-03,1,0.06178525536281245
2008-12-04,1,-0.03171577676312575
2008-12-05,1,-0.24344218501531842
2008-12-08,1,-0.13293781380366695
2008-12-09,1,-0.10896885437335392
2008-12-10,1,0.04192000995451771
2008-12-11,1,-0.017466811188794156
2008-12-12,1,0.13995208255895766
2008-12-15,1,-0.14864088189969307
2008-12-16,1,-0.13854849168489525
2008-12-17,1,0.043278906893370946
2008-12-18,1,-0.06665088095923817
2008-12-19,1,0.07975781043285385
2008-12-22,1,0.10738784317475777
2008-12-23,1,0.05248529022815685
2008-12-24,1,-0.0687853528519336
2008-12-26,1,0.13072425828109172
2008-12-29,1,-0.10616598470063647
2008-12-30,1,-0.20644196105859305
2008-12-31,1,-0.27415632479409546
2009-01-02,1,-0.13318154414934708
2009-01-05,1,-0.26017530561601593
2009-01-06,1,-0.057061459332290655
2009-01-07,1,0.03876195823377719
2009-01-08,1,0.01726364990182801
2009-01-09,1,0.06630239162310242
2009-01-12,1,0.04661491232681512
2009-01-13,1,0.024358927178984417
2009-01-14,1,0.09155003009991719
2009-01-15,1,0.07698281330410356
2009-01-16,1,0.10828413749324393
2009-01-20,1,-0.0600756852486181
2009-01-21,1,0.09069862425615806
2009-01-22,1,0.06105439159962025
2009-01-23,1,0.05775755641945096
2009-01-26,1,-0.12951675322807663
2009-01-27,1,-0.04280753170642082
2009-01-28,1,0.07185632919022933
2009-01-29,1,0.05136306816400205
2009-01-30,1,0.08183551206381948
2009-02-02,1,0.04818284300054852
2009-02-03,1,-0.024344423901539056
2009-02-04,1,-0.013092873352000567
2009-02-05,1,-0.1087333204540905
2009-02-06,1,-0.039794228102035076
2009-02-09,1,0.013228780470777187
2009-02-10,1,0.03700517275577947
2009-02-11,1,0.1021015706759222
2009-02-12,1,0.07470586542967315
2009-02-13,1,-0.040957440392971375
2009-02-17,1,-0.03610760639472495
2009-02-18,1,0.053259420610701845
2009-02-19,1,0.036930495344436494
2009-02-20,1,0.015289479283985408
2009-02-23,1,0.022806650690274252
2009-02-24,1,0.10322230010796878
2009-02-25,1,0.011265280922717419
2009-02-26,1,0.11092328221431168
2009-02-27,1,0.05920207603527387
2009-03-02,1,0.15741654019488424
2009-03-03,1,-0.008277901685312164
2009-03-04,1,0.24018326106596832
2009-03-05,1,0.006286486883136366
2009-03-06,1,0.1573742302984576
2009-03-09,1,-0.13742758463424
2009-03-10,1,-0.010558512257676594
2009-03-11,1,-0.1598229335228253
2009-03-12,1,-0.1143578693588947
2009-03-13,1,-0.09986461562073284
2009-03-16,1,-0.09409987839895181
2009-03-17,1,-0.13730222162863204
2009-03-18,1,-0.0813664994605819
2009-03-19,1,0.030817745658924412
2009-03-20,1,-0.17257948387872724
2009-03-23,1,0.022155493349812913
2009-03-24,1,-0.1394413330425154
2009-03-25,1,-0.11074222418323325
2009-03-26,1,-0.013574151553443445
2009-03-27,1,0.035749666648880005
2009-03-30,1,-0.04141632235218747
2009-03-31,1,-0.12766605974075282
2009-04-01,1,-0.19667964690809464
2009-04-02,1,-0.10371125062613631
2009-04-03,1,-0.06587176866564709
2009-04-06,1,0.05157685010317106
2009-04-07,1,0.019505230525458276
2009-04-08,1,-0.12506555465368244
2009-04-09,1,-0.0056666213650517884
2009-04-13,1,-0.035256909666514916
2009-04-14,1,-0.1306058129079558
2009-04-15,1,0.03163212715999069
2009-04-16,1,0.001839724714641027
2009-04-17,1,-0.14813749234037132
2009-04-20,1,0.09363644348509124
2009-04-21,1,0.053339725804750424
2009-04-22,1,-0.08175060028873857
2009-04-23,1,0.07892330569890664
2009-04-24,1,-0.07252279139048119
2009-04-27,1,-0.02253346042509405
2009-04-28,1,0.07497039819490935
2009-04-29,1,0.05911139824367971
2009-04-30,1,0.03841915410103198
2009-05-01,1,0.12992427146385047
2009-05-04,1,-0.053977073078762816
2009-05-05,1,-0.02782810855148468
2009-05-06,1,-0.2656925102417201
2009-05-07,1,0.12494666368790229
2009-05-08,1,-0.1421842695966985
2009-05-11,1,-0.20114663161898885
2009-05-12,1,-0.3683423112766327
2009-05-13,1,0.1565401972759823
2009-05-14,1,-0.09208986944090895
2009-05-15,1,0.282130236763108
2009-05-18,1,0.1937508601599831
2009-05-19,1,0.006166074683802359
2009-05-20,1,-0.14493923960997984
2009-05-21,1,-0.06589984831309491
2009-05-22,1,0.1936244395014806
2009-05-26,1,0.01831428962704251
2009-05-27,1,0.09848385201144223
2009-05-28,1,0.07512337914957715
2009-05-29,1,0.2973004867917727
2009-06-01,1,-0.10709041954774022
2009-06-02,1,-0.25925195581002863
2009-06-03,1,0.24911364479887757
2009-06-04,1,0.01287581213689626
2009-06-05,1,-0.2181724792202991
2009-06-08,1,0.11890440892784726
2009-06-09,1,0.12682127771011617
2009-06-10,1,0.09928272155325468
2009-06-11,1,-0.16995102241003168
2009-06-12,1,-0.28278141220551956
2009-06-15,1,-0.14688850011512386
2009-06-16,1,-0.213150633405436
2009-06-17,1,-0.06138820598411794
2009-06-18,1,0.07996341695533617
2009-06-19,1,-0.39706641001284754
2009-06-22,1,-0.006200546942190479
2009-06-23,1,0.16646155801275092
2009-06-24,1,0.11401852928145682
2009-06-25,1,0.09996464444413024
2009-06-26,1,-0.0663411294739761
2009-06-29,1,-0.04050768353567995
2009-06-30,1,0.051318142820477954
2009-07-01,1,-0.18453485861041152
2009-07-02,1,-0.2675347847642801
2009-07-06,1,-0.07254363179554862
2009-07-07,1,-0.20616430358590931
2009-07-08,1,0.02268324431228203
2009-07-09,1,0.016762094865752652
2009-07-10,1,0.03869206705256063
2009-07-13,1,0.0526149441637011
2009-07-14,1,0.06291815783359368
2009-07-15,1,0.08710229294691306
2009-07-16,1,0.011425594477270816
2009-07-17,1,0.08915149007684929
2009-07-20,1,-0.003604257649979432
2009-07-21,1,-0.08287504806095092
2009-07-22,1,0.05786367630674486
2009-07-23,1,-0.009146189689066787
2009-07-24,1,0.03627671658629412
2009-07-27,1,-0.09898420189073757
2009-07-28,1,-0.09984158288836045
2009-07-29,1,0.00862423435390741
2009-07-30,1,0.051149483909558896
2009-07-31,1,0.03657802674042704
2009-08-03,1,-0.02336893160596178
2009-08-04,1,-0.09135073563716985
2009-08-05,1,-0.11181704761922602
2009-08-06,1,0.006707846661610905
2009-08-07,1,-0.007936801836732319
2009-08-10,1,-0.07748862940388423
2009-08-11,1,0.167793335336838
2009-08-12,1,0.042144074374076676
2009-08-13,1,-0.12697694286861447
2009-08-14,1,-0.1937612770555575
2009-08-17,1,0.21678893802869417
2009-08-18,1,-0.012779651037834926
2009-08-19,1,0.02184424145185
2009-08-20,1,0.0448207825472516
2009-08-21,1,0.0038515457662480082
2009-08-24,1,0.11106460593329713
2009-08-25,1,-0.06173375546729928
2009-08-26,1,-0.066331103408561
2009-08-27,1,0.057270139589558657
2009-08-28,1,-0.03592378734386432
2009-08-31,1,-0.10677333272427295
2009-09-01,1,-0.060595941799992746
2009-09-02,1,-0.011280984845778368
2009-09-03,1,0.039302302477789076
2009-09-04,1,-0.015171646593838234
2009-09-08,1,0.06895837803527904
2009-09-09,1,0.09056120891877187
2009-09-10,1,-0.04650219540397927
2009-09-11,1,0.016042219858433522
2009-09-14,1,0.07844216343400609
2009-09-15,1,0.039743385264398204
2009-09-16,1,-0.21035351535568736
2009-09-17,1,-0.06504911038351777
2009-09-18,1,-0.08666698441584432
2009-09-21,1,0.14463681073511292
2009-09-22,1,-0.12988082946642315
2009-09-23,1,-0.22674656532538356
2009-09-24,1,-0.13135805054887026
2009-09-25,1,0.20500491215838268
2009-09-28,1,0.04454604144015061
2009-09-29,1,-0.09829313812937537
2009-09-30,1,-0.3032079032233921
2009-10-01,1,-0.07167146281695391
2009-10-02,1,0.2748049223318006
2009-10-05,1,0.1625289986861967
2009-10-06,1,-0.004206610996077357
2009-10-07,1,0.17876313811546302
2009-10-08,1,0.001875167415959797
2009-10-09,1,0.007272632866421173
2009-10-12,1,0.010714953163331794
2009-10-13,1,0.11491780663031204
2009-10-14,1,-0.055804016487939145
2009-10-15,1,-0.19257209627615865
2009-10-16,1,0.04706393805159724
2009-10-19,1,-0.03554639102291252
2009-10-20,1,-0.09477463351718819
2009-10-21,1,-0.005810866676940461
2009-10-22,1,-0.10236687597475977
2009-10-23,1,-0.08439439178832352
2009-10-26,1,-0.13777375183363233
2009-10-27,1,-0.16825917634207752
2009-10-28,1,0.054596925263230296
2009-10-29,1,-0.10537180804045654
2009-10-30,1,0.12924883633757564
2009-11-02,1,-0.01191958113356446
2009-11-03,1,0.012330514671884637
2009-11-04,1,0.021727422738690022
2009-11-05,1,-0.01640015834265992
2009-11-06,1,0.0721169790100669
2009-11-09,1,0.12012589814460588
2009-11-10,1,-0.054908004427225925
2009-11-11,1,-0.02926097828432283
2009-11-12,1,0.032238516322154374
2009-11-13,1,-0.02647422739109269
2009-11-16,1,0.11961151758828072
2009-11-17,1,-0.018677616533625315
2009-11-18,1,0.0034561338682795157
2009-11-19,1,-0.10022973687197755
2009-11-20,1,0.007570686760842618
2009-11-23,1,0.013137593229514216
2009-11-24,1,0.09031966983693732
2009-11-25,1,-0.0753752822995239
2009-11-27,1,0.06642219514421872
2009-11-30,1,0.024630968686355087
2009-12-01,1,-0.0785199302899875
2009-12-02,1,-0.006003157920485158
2009-12-03,1,-0.08809544562059732
2009-12-04,1,0.009420237629051219
2009-12-07,1,0.049706397144622626
2009-12-08,1,0.03960860217137458
2009-12-09,1,0.0861353509493262
2009-12-10,1,-0.06868413646866071
2009-12-11,1,-0.02287475114178473
2009-12-14,1,0.00821074596479053
2009-12-15,1,-0.012322414781036678
2009-12-16,1,0.08657745740315147
2009-12-17,1,-0.09479405086996312
2009-12-18,1,-0.020983656819942405
2009-12-21,1,0.042056818007935544
2009-12-22,1,-0.023959846635802855
2009-12-23,1,-0.03136866164353932
2009-12-24,1,-0.035762708797267305
2009-12-28,1,-0.10840037589701489
2009-12-29,1,-0.0667029749386117
2009-12-30,1,-0.06961073710879075
2009-12-31,1,-0.06853273916750505
2010-01-04,1,-0.018906382588520686
2010-01-05,1,-0.04116421623750675
2010-01-06,1,-0.125734506769904
2010-01-07,1,0.00902179289919436
2010-01-08,1,-0.06728614011590522
2010-01-11,1,-0.040777533775382846
2010-01-12,1,-0.06213015859363491
2010-01-13,1,-0.022948766158646564
2010-01-14,1,-0.025297447356184485
2010-01-15,1,0.07267124856880625
2010-01-19,1,0.03162408578920541
2010-01-20,1,0.05792619690437932
2010-01-21,1,-0.05600654777691475
2010-01-22,1,0.04911507480630806
2010-01-25,1,0.037637981351465025
2010-01-26,1,-0.06760369814049308
2010-01-27,1,-0.018377714784634066
2010-01-28,1,-0.06614367507364924
2010-01-29,1,0.052599430858376386
2010-02-01,1,0.0457445602942184
2010-02-02,1,0.019697581618591507
2010-02-03,1,-0.1168223506783134
2010-02-04,1,-0.06749082299640868
2010-02-05,1,0.0760914930430738
2010-02-08,1,0.048970243196914336
2010-02-09,1,-0.005963371684558753
2010-02-10,1,0.02877637921100641
2010-02-11,1,0.05369827389427796
2010-02-12,1,0.0693191955281743
2010-02-16,1,-0.015023584514965655
2010-02-17,1,-0.012800084883789859
2010-02-18,1,0.04175875889020029
2010-02-19,1,0.009522844102760237
2010-02-22,1,-0.08148300190835404
2010-02-23,1,0.0011385299862338861
2010-02-24,1,0.04020243582044135
2010-02-25,1,0.009347969700526903
2010-02-26,1,0.11758058050800413
2010-03-01,1,-0.03035802759463506
2010-03-02,1,-0.09508931409987513
2010-03-03,1,0.0009557411732230892
2010-03-04,1,0.022436864176641657
2010-03-05,1,-0.02150104483939923
2010-03-08,1,-0.00853864549942851
2010-03-09,1,0.04053635154947013
2010-03-10,1,0.006372489386621282
2010-03-11,1,-0.017268078396346986
2010-03-12,1,-0.0023007839492575873
2010-03-15,1,-0.031006055070088277
2010-03-16,1,-0.05834561449405575
2010-03-17,1,-0.09555983270368199
2010-03-18,1,-0.1338708474674734
2010-03-19,1,0.0902484575522169
2010-03-22,1,0.013815337500530484
2010-03-23,1,-0.0013871645381078868
2010-03-24,1,0.02875759368808029
2010-03-25,1,0.005651998110963597
2010-03-26,1,-0.022232834363976998
2010-03-29,1,-0.037554807503627434
2010-03-30,1,-0.08942275449783448
2010-03-31,1,-0.008066112221187145
2010-04-01,1,0.09040032196707401
2010-04-05,1,0.05265146621329592
2010-04-06,1,-0.03312632624323553
2010-04-07,1,0.023217856638123015
2010-04-08,1,-0.02405010579768443
2010-04-09,1,0.01991070751976401
2010-04-12,1,0.04534357499039162
2010-04-13,1,0.05434006264325164
2010-04-14,1,-0.04007185828655914
2010-04-15,1,-0.10852541134637578
2010-04-16,1,-0.1363943588025063
2010-04-19,1,0.01891494270165778
2010-04-20,1,0.01968683499001122
2010-04-21,1,0.11164088271717008
2010-04-22,1,0.018985640012274832
2010-04-23,1,0.021538897573152808
2010-04-26,1,-0.18078829601507482
2010-04-27,1,0.016544067967149828
2010-04-28,1,0.11962239244365643
2010-04-29,1,-0.18891835721951272
2010-04-30,1,0.21338015750364026
2010-05-03,1,-0.24622763084797133
2010-05-04,1,-0.15748262899411472
2010-05-05,1,-0.13052789133984052
2010-05-06,1,-0.1652381580863088
2010-05-07,1,0.15634557658527087
2010-05-10,1,0.12884505501901475
2010-05-11,1,0.11658754848396619
2010-05-12,1,-0.036547024567208666
2010-05-13,1,-0.10286609911493812
2010-05-14,1,0.04826065454522917
2010-05-17,1,-0.04375266608997864
2010-05-18,1,-0.10586119002999035
2010-05-19,1,-0.14076642844865697
2010-05-20,1,0.00485395830587977
2010-05-21,1,0.08602297129752738
2010-05-24,1,0.011138066143645476
2010-05-25,1,0.021515311524208637
2010-05-26,1,-0.033396746585537956
2010-05-27,1,0.04347797273928319
2010-05-28,1,0.09830631092756395
2010-06-01,1,-0.04082463635556611
2010-06-02,1,0.01834594277475894
2010-06-03,1,-0.05266003421702452
2010-06-04,1,0.03605366142541414
2010-06-07,1,0.02122016377430217
2010-06-08,1,0.08007555434658908
2010-06-09,1,-0.09916236736742857
2010-06-10,1,0.023960173410587572
2010-06-11,1,0.020089272971795184
2010-06-14,1,-0.1452685693993506
2010-06-15,1,0.08049118611386506
2010-06-16,1,0.15066366610764723
2010-06-17,1,-0.019048676001380497
2010-06-18,1,-0.02197872855905039
2010-06-21,1,-0.026301783175711607
2010-06-22,1,0.012931225968131047
2010-06-23,1,0.08836312354361807
2010-06-24,1,0.026402972742716087
2010-06-25,1,0.0372594884754349
2010-06-28,1,0.08304178179095104
2010-06-29,1,0.05339016559874182
2010-06-30,1,0.030754610268158337
2010-07-01,1,0.05196895794990234
2010-07-02,1,0.08864715730456128
2010-07-06,1,-0.17672983831267547
2010-07-07,1,-0.1329767231094815
2010-07-08,1,-0.23113098119181763
2010-07-09,1,0.056479461356498485
2010-07-12,1,-0.20347308123246943
2010-07-13,1,0.026479591690021655
2010-07-14,1,0.07422306177355856
2010-07-15,1,0.21838776755039843
2010-07-16,1,-0.004939270600657746
2010-07-19,1,-0.10279368192174036
2010-07-20,1,0.08596057488424338
2010-07-21,1,-0.247494778062424
2010-07-22,1,-0.15201570151105134
2010-07-23,1,-0.19061853380713678
2010-07-26,1,-0.08152227208648294
2010-07-27,1,0.11124173062460048
2010-07-28,1,0.0047128841878116695
2010-07-29,1,0.07918880654253793
2010-07-30,1,-0.15376236032162105
2010-08-02,1,0.08350660543351016
2010-08-03,1,-0.048664867275183495
2010-08-04,1,0.032950582845831244
2010-08-05,1,0.028867104130260602
2010-08-06,1,-0.05174706420913331
2010-08-09,1,0.18455302812754834
2010-08-10,1,0.051840861179467755
2010-08-11,1,0.11208139317540726
2010-08-12,1,0.17815859890825655
2010-08-13,1,0.05052456580455729
2010-08-16,1,0.0331257735575798
2010-08-17,1,-0.0590804551344833
2010-08-18,1,0.05801168694445261
2010-08-19,1,0.07011267178317854
2010-08-20,1,0.13788675997676494
2010-08-23,1,0.1018290827038123
2010-08-24,1,-0.16951810714085233
2010-08-25,1,0.09143150458105984
2010-08-26,1,-0.06532236227109717
2010-08-27,1,0.13406088932810914
2010-08-30,1,0.15506062437505158
2010-08-31,1,-0.056762963052012665
2010-09-01,1,-0.04891278584992789
2010-09-02,1,-0.13466446285397646
2010-09-03,1,0.16895788155643165
2010-09-07,1,-0.002541669426162315
2010-09-08,1,-0.035679941708070546
2010-09-09,1,-0.009999010018237577
2010-09-10,1,-0.10420139507619827
2010-09-13,1,-0.002392639268879053
2010-09-14,1,-0.04823927422045146
2010-09-15,1,0.003887857237484322
2010-09-16,1,0.01922938797175657
2010-09-17,1,-0.08237587817682009
2010-09-20,1,-0.03372434136230752
2010-09-21,1,0.08075492872813289
2010-09-22,1,-0.05095506012607623
2010-09-23,1,-0.06953226347059213
2010-09-24,1,-0.02744962866036342
2010-09-27,1,-0.06964470755489732
2010-09-28,1,-0.061586590548140065
2010-09-29,1,-0.13087612244686597
2010-09-30,1,0.054670831850131864
2010-10-01,1,0.07199099253466024
2010-10-04,1,0.03340475336117445
2010-10-05,1,-0.06178790777320321
2010-10-06,1,0.007764631705685285
2010-10-07,1,0.042134172028196006
2010-10-08,1,-0.014254542693647449
2010-10-11,1,-0.0016532460816255001
2010-10-12,1,0.00662096289460439
2010-10-13,1,0.04252549598766592
2010-10-14,1,-0.08412971895315104
2010-10-15,1,-0.07293610229522801
2010-10-18,1,-0.1351762237826347
2010-10-19,1,0.11538068975647701
2010-10-20,1,-0.002664746060606587
2010-10-21,1,0.012536906045194347
2010-10-22,1,0.09181485605528716
2010-10-25,1,0.03642976477080004
2010-10-26,1,-0.018494164872943794
2010-10-27,1,-0.03714632522794063
2010-10-28,1,-0.014624433240345958
2010-10-29,1,0.047085315234329024
2010-11-01,1,-0.07712866307831213
2010-11-02,1,-0.03691925419620817
2010-11-03,1,-0.01853946600329952
2010-11-04,1,-0.04183436585324911
2010-11-05,1,0.03406436958537673
2010-11-08,1,-0.1241351605750944
2010-11-09,1,0.1156144645332227
2010-11-10,1,0.0787857754158001
2010-11-11,1,-0.19741074552066554
2010-11-12,1,-0.022695036114065422
2010-11-15,1,-0.1435132507123862
2010-11-16,1,0.1042001459469904
2010-11-17,1,0.18074802807226628
2010-11-18,1,0.06229876573078853
2010-11-19,1,0.11981516544480844
2010-11-22,1,-0.043829274072912365
2010-11-23,1,0.17913585277695174
2010-11-24,1,0.050137028790223095
2010-11-26,1,0.01806789904641768
2010-11-29,1,0.014646895751470244
2010-11-30,1,0.04948633359827076
2010-12-01,1,-0.06340067956537516
2010-12-02,1,0.026383506658487484
2010-12-03,1,0.07241556753004012
2010-12-06,1,-0.0018206280980556
2010-12-07,1,-0.0666294580647906
2010-12-08,1,0.04821505345171702
2010-12-09,1,0.034249039579643675
2010-12-10,1,-0.13040726365338545
2010-12-13,1,-0.041505701088986754
2010-12-14,1,-0.030337475594770763
2010-12-15,1,0.07980528717010431
2010-12-16,1,0.0029725566839141912
2010-12-17,1,0.0657147291427569
2010-12-20,1,0.05814984631567521
2010-12-21,1,-0.17831229469556814
2010-12-22,1,-0.05759499440969153
2010-12-23,1,0.023110350174474634
2010-12-27,1,-0.06653917821215594
2010-12-28,1,0.003303946902022246
2010-12-29,1,-0.12663718918222358
2010-12-30,1,-0.07264816420354923
2010-12-31,1,0.040747204352445714
2011-01-03,1,-0.14038621720146083
2011-01-04,1,0.11633525564076985
2011-01-05,1,-0.04510519960321843
2011-01-06,1,0.06931215103002529
2011-01-07,1,0.05682817846950314
2011-01-10,1,0.004436652316962439
2011-01-11,1,-0.00875454634160719
2011-01-12,1,0.0412246728972817
2011-01-13,1,0.020827647244085798
2011-01-14,1,-0.032587778335806304
2011-01-18,1,-0.25393913527896694
2011-01-19,1,-0.1828249940389495
2011-01-20,1,-0.0013978611734207613
2011-01-21,1,0.090652206583334
2011-01-24,1,-0.10493314152415929
2011-01-25,1,0.17587909062266555
2011-01-26,1,-0.005739429587653055
2011-01-27,1,-0.12906743348512267
2011-01-28,1,0.09108578264863698
2011-01-31,1,0.14632763928798068
2011-02-01,1,0.011551512119635605
2011-02-02,1,-0.04042790312349856
2011-02-03,1,0.04944364418809283
2011-02-04,1,0.091519092367217
2011-02-07,1,-0.008791449389976946
2011-02-08,1,-0.053711049280298045
2011-02-09,1,0.11859385640384285
2011-02-10,1,0.0985949900487162
2011-02-11,1,0.08844122283228052
2011-02-14,1,-0.1323081676179403
2011-02-15,1,0.10618494036991755
2011-02-16,1,0.06503455494052907
2011-02-17,1,-0.10065729336792634
2011-02-18,1,-0.23153385154556816
2011-02-22,1,-0.08530918184749696
2011-02-23,1,-0.03340999820882645
2011-02-24,1,0.12188652599390519
2011-02-25,1,0.00851517680772094
2011-02-28,1,-0.11165677392093576
2011-03-01,1,0.09493399688227842
2011-03-02,1,0.07883670880116399
2011-03-03,1,-0.0061931438612865455
2011-03-04,1,-0.024113351204439193
2011-03-07,1,-0.06648564371334098
2011-03-08,1,-0.07753549558779169
2011-03-09,1,-0.10170113543052234
2011-03-10,1,0.10514008507623689
2011-03-11,1,0.08608736512835144
2011-03-14,1,0.008538852706303366
2011-03-15,1,-0.011449941512108801
2011-03-16,1,0.08500370479254941
2011-03-17,1,-0.10545379504608404
2011-03-18,1,0.09512023012398085
2011-03-21,1,-0.025580085145486115
2011-03-22,1,0.03625116092258849
2011-03-23,1,0.026888479043517103
2011-03-24,1,0.00898671296523925
2011-03-25,1,-0.0019621794471820267
2011-03-28,1,0.0615138856062103
2011-03-29,1,0.06605873900554335
2011-03-30,1,0.06295807086014987
2011-03-31,1,0.040736256441960474
2011-04-01,1,0.10727332938020596
2011-04-04,1,0.047764651047421086
2011-04-05,1,-0.17413407200208325
2011-04-06,1,-0.06272259855397172
2011-04-07,1,-0.06345360548745242
2011-04-08,1,0.009840369426258797
2011-04-11,1,-0.02924472748063754
2011-04-12,1,0.13669378291683368
2011-04-13,1,0.009600632486441586
2011-04-14,1,0.07662596270829923
2011-04-15,1,-0.14208898618157378
2011-04-18,1,0.06231884727127559
2011-04-19,1,0.0738771162263082
2011-04-20,1,0.09445622561308889
2011-04-21,1,-0.07176132504747734
2011-04-25,1,-0.04080660920724736
2011-04-26,1,-0.006050898326956753
2011-04-27,1,0.043331013643467774
2011-04-28,1,-0.019449470873686276
2011-04-29,1,-0.07409002832594488
2011-05-02,1,-0.11347805120867
2011-05-03,1,-0.05084651563699871
2011-05-04,1,-0.0008256539694511116
2011-05-05,1,0.02120233953578055
2011-05-06,1,0.14983940379014546
2011-05-09,1,0.018191387568030397
2011-05-10,1,-0.062708707331981
2011-05-11,1,0.005641879709883828
2011-05-12,1,0.013418371790192531
2011-05-13,1,0.02591703919900706
2011-05-16,1,0.04929825057387871
2011-05-17,1,0.03175549313515363
2011-05-18,1,0.07371206169751253
2011-05-19,1,0.04676708103595388
2011-05-20,1,0.04440642664980537
2011-05-23,1,-0.02845555337500685
2011-05-24,1,0.023884161810473748
2011-05-25,1,0.04781843867232244
2011-05-26,1,-0.061118234258734146
2011-05-27,1,0.012102511486947196
2011-05-31,1,0.06902334951248722
2011-06-01,1,0.014905882193395446
2011-06-02,1,0.04937727288660264
2011-06-03,1,0.06730211408541413
2011-06-06,1,0.06106752492610889
2011-06-07,1,0.08782759170821507
2011-06-08,1,0.06560671476606908
2011-06-09,1,-0.011691548098777269
2011-06-10,1,0.02147037873533882
2011-06-13,1,-0.05463780614816389
2011-06-14,1,-0.018506295918562697
2011-06-15,1,-0.005845134793555161
2011-06-16,1,0.049430650066272515
2011-06-17,1,0.09279771632085751
2011-06-20,1,-0.11569239353258932
2011-06-21,1,-0.0040859357290890805
2011-06-22,1,0.029370556083982247
2011-06-23,1,0.08748143905179025
2011-06-24,1,0.00560788374970305
2011-06-27,1,-0.017095154539026818
2011-06-28,1,-0.05414624307791985
2011-06-29,1,-0.09026331108162199
2011-06-30,1,-0.07718843262043597
2011-07-01,1,0.1829554242686977
2011-07-05,1,0.09287515208557752
2011-07-06,1,-0.2154815803143571
2011-07-07,1,0.17015326207700524
2011-07-08,1,0.04676279259229114
2011-07-11,1,-0.0327311993287461
2011-07-12,1,0.08195655646954429
2011-07-13,1,0.0789734860283289
2011-07-14,1,0.02924087369348687
2011-07-15,1,0.11642077456561345
2011-07-18,1,0.008738962048105314
2011-07-19,1,-0.10024855465874476
2011-07-20,1,-0.1148623847875624
2011-07-21,1,-0.03564326343844907
2011-07-22,1,0.09772205450107384
2011-07-25,1,-0.040198140710419154
2011-07-26,1,0.003678959523833511
2011-07-27,1,0.08865269022742263
2011-07-28,1,0.05934026768465364
2011-07-29,1,0.1963219401674288
2011-08-01,1,0.08457875077803904
2011-08-02,1,-0.00916638076070069
2011-08-03,1,0.10038312731282026
2011-08-04,1,0.029048003722062433
2011-08-05,1,0.1359875675359921
2011-08-08,1,-0.1105971926035108
2011-08-09,1,0.10578884735867741
2011-08-10,1,-0.1754470677143062
2011-08-11,1,-0.025760408820648516
2011-08-12,1,-0.2665212911072419
2011-08-15,1,0.05898330431941882
2011-08-16,1,0.0364692140404788
2011-08-17,1,0.16909189149195716
2011-08-18,1,0.1513070125376198
2011-08-19,1,0.08239019832073609
2011-08-22,1,-0.147928011982832
2011-08-23,1,-0.11046115436595674
2011-08-24,1,0.14686332535687852
2011-08-25,1,-0.12087263432299211
2011-08-26,1,-0.3268838075838054
2011-08-29,1,0.0026120452434834325
2011-08-30,1,-0.052448185384926425
2011-08-31,1,0.22192071323076729
2011-09-01,1,0.25647283715559716
2011-09-02,1,0.24411339828595113
2011-09-06,1,-0.29508486917172383
2011-09-07,1,0.2040717610525989
2011-09-08,1,0.149349313229387
2011-09-09,1,0.03610889066636249
2011-09-12,1,-0.11547035564084665
2011-09-13,1,-0.16961052765217086
2011-09-14,1,-0.17475976836538265
2011-09-15,1,0.12009748608312067
2011-09-16,1,0.3272087915928919
2011-09-19,1,0.17785818568421685
2011-09-20,1,0.22626504533773803
2011-09-21,1,0.17856579744382495
2011-09-22,1,-0.14790902326842403
2011-09-23,1,-0.1559924791859214
2011-09-26,1,-0.2691726754378546
2011-09-27,1,0.3050423554130202
2011-09-28,1,-0.17942670511892836
2011-09-29,1,0.2520286415755946
2011-09-30,1,0.3761328286653267
2011-10-03,1,-0.33010285169910275
2011-10-04,1,-0.24853231440324117
2011-10-05,1,-0.2897030277191622
2011-10-06,1,0.22611269166107859
2011-10-07,1,-0.2551376040969469
2011-10-10,1,-0.15253113607286148
2011-10-11,1,-0.2963723651229364
2011-10-12,1,0.09682992041937233
2011-10-13,1,-0.17698503583390968
2011-10-14,1,0.2814681240111799
2011-10-17,1,-0.25048855348971816
2011-10-18,1,0.15668660261625686
2011-10-19,1,0.03758618814922179
2011-10-20,1,-0.1184749308759803
2011-10-21,1,-0.3206609597605487
2011-10-24,1,0.1782999391988681
2011-10-25,1,-0.2062304536142296
2011-10-26,1,-0.2683242448375458
2011-10-27,1,-0.17711852806775039
2011-10-28,1,0.06384597585719756
2011-10-31,1,0.030806711277054866
2011-11-01,1,0.007721870637188882
2011-11-02,1,0.015465635270369567
2011-11-03,1,-0.03450680547812376
2011-11-04,1,-0.00048099874884941277
2011-11-07,1,0.062134867665895856
2011-11-08,1,-0.005669867846463846
2011-11-09,1,0.05021002487814147
2011-11-10,1,0.02759510705339688
2011-11-11,1,0.08618949326474015
2011-11-14,1,0.09366556184240067
2011-11-15,1,-0.035251627951649656
2011-11-16,1,-0.05180673269428543
2011-11-17,1,0.009548571397362184
2011-11-18,1,0.03795856340909589
2011-11-21,1,0.09066703149606137
2011-11-22,1,0.033565996599829784
2011-11-23,1,0.12116071968505841
2011-11-25,1,-0.07677407081613398
2011-11-28,1,0.12481955192319787
2011-11-29,1,-0.06241982014606537
2011-11-30,1,-0.04979758206342946
2011-12-01,1,-0.060487183682703345
2011-12-02,1,0.04453327276681988
2011-12-05,1,0.06187822361804387
2011-12-06,1,0.021957254667888983
2011-12-07,1,0.07395884687900739
2011-12-08,1,0.03666093074171716
2011-12-09,1,0.07459640946799533
2011-12-12,1,0.08606186098729243
2011-12-13,1,-0.03074824064175025
2011-12-14,1,0.15060551836018682
2011-12-15,1,0.020553003401136537
2011-12-16,1,0.002564877806286319
2011-12-19,1,0.06658994196678115
2011-12-20,1,0.05833973616919917
2011-12-21,1,-0.1672800867906584
2011-12-22,1,-0.0802358317007796
2011-12-23,1,0.11676562427613506
2011-12-27,1,-0.05634398296037514
2011-12-28,1,0.10479103504838436
2011-12-29,1,-0.1338433002188807
2011-12-30,1,-0.09773195055735646
2012-01-03,1,0.08572254673644933
2012-01-04,1,0.07058061942239904
2012-01-05,1,0.02773478515327977
2012-01-06,1,0.05049111315402751
2012-01-09,1,-0.07353206247805567
2012-01-10,1,-0.047028895889689025
2012-01-11,1,-0.014511013252929502
2012-01-12,1,0.012505002475876147
2012-01-13,1,0.037083469399711765
2012-01-17,1,-0.015934597733965487
2012-01-18,1,-0.10443434401094717
2012-01-19,1,-0.0827769341196402
2012-01-20,1,-0.11979873295969408
2012-01-23,1,0.0622776698940101
2012-01-24,1,-0.06484815662110038
2012-01-25,1,-0.014148481622427945
2012-01-26,1,-0.08091131443646875
2012-01-27,1,-0.03146122612854943
2012-01-30,1,-0.005630471845149842
2012-01-31,1,0.03539690096015974
2012-02-01,1,-0.01634424864483613
2012-02-02,1,-0.03512303368655794
2012-02-03,1,-0.11253013260448824
2012-02-06,1,-0.03766913049375219
2012-02-07,1,0.039099707967882466
2012-02-08,1,-0.027902598877734348
2012-02-09,1,-0.0221211500736358
2012-02-10,1,0.15060105471540733
2012-02-13,1,-0.03473431817103473
2012-02-14,1,-0.11305728213118468
2012-02-15,1,0.004153060202218468
2012-02-16,1,-0.08872212728940068
2012-02-17,1,-0.04512971868107669
2012-02-21,1,-0.09566497326783074
2012-02-22,1,0.038245288522198606
2012-02-23,1,-0.0658998636871694
2012-02-24,1,-0.0002851026417536823
2012-02-27,1,-0.058285987776123115
2012-02-28,1,-0.0830147710291024
2012-02-29,1,0.07233173992082423
2012-03-01,1,-0.009673617104301173
2012-03-02,1,-0.017590700726920608
2012-03-05,1,-0.15423040828834866
2012-03-06,1,0.13627140341250887
2012-03-07,1,0.15860457496893265
2012-03-08,1,-0.03925411614565142
2012-03-09,1,-0.05090841674332026
2012-03-12,1,0.08316074191688763
2012-03-13,1,0.025431684552078223
2012-03-14,1,0.07173742944678493
2012-03-15,1,-0.06081020955723067
2012-03-16,1,-0.0284560476233701
2012-03-19,1,-0.1272563082731423
2012-03-20,1,0.11271219769384451
2012-03-21,1,-0.014888910057673121
2012-03-22,1,-0.00913907171303394
2012-03-23,1,0.043200747459005234
2012-03-26,1,-0.04335684568434378
2012-03-27,1,-0.018591265297597026
2012-03-28,1,-0.04734856420370637
2012-03-29,1,0.022787855897583358
2012-03-30,1,0.05796358388568057
2012-04-02,1,0.10495812419205207
2012-04-03,1,-0.034208383271201875
2012-04-04,1,0.14899494066001126
2012-04-05,1,0.006282662736771296
2012-04-09,1,-0.13095222019760766
2012-04-10,1,0.013549334435232006
2012-04-11,1,0.001221125656219037
2012-04-12,1,0.12048898238678618
2012-04-13,1,0.03519278254561414
2012-04-16,1,0.0059316361192287975
2012-04-17,1,0.220292270936558
2012-04-18,1,-0.0023659507936871003
2012-04-19,1,0.05026296815676192
2012-04-20,1,0.020621100879480464
2012-04-23,1,-0.1472594483645459
2012-04-24,1,0.00025119186565092117
2012-04-25,1,-0.006384701658982955
2012-04-26,1,0.07381227045565433
2012-04-27,1,0.013149076715114772
2012-04-30,1,0.0037765216101332245
2012-05-01,1,0.17864050035389684
2012-05-02,1,0.12786799897553247
2012-05-03,1,0.053053148405587475
2012-05-04,1,0.07634674318227205
2012-05-07,1,-0.02988361374611344
2012-05-08,1,0.046593510475274665
2012-05-09,1,0.05159202667022775
2012-05-10,1,0.15493966120171543
2012-05-11,1,0.11585015487983642
2012-05-14,1,0.17863406563080858
2012-05-15,1,0.10436040972550936
2012-05-16,1,-0.026812347951094113
2012-05-17,1,-0.021240334732470032
2012-05-18,1,-0.14391994908714842
2012-05-21,1,0.18871728411884325
2012-05-22,1,-0.019651287041246374
2012-05-23,1,0.13210170441457
2012-05-24,1,-0.115655969784975
2012-05-25,1,-0.16623206834103688
2012-05-29,1,0.1875344441349222
2012-05-30,1,0.11375925894871633
2012-05-31,1,-0.021130517623544225
2012-06-01,1,-0.008821307993177081
2012-06-04,1,-0.1365161257320654
2012-06-05,1,-0.18587051283603223
2012-06-06,1,0.04800545640887537
2012-06-07,1,0.1286046088309976
2012-06-08,1,0.2599890258396519
2012-06-11,1,-0.0812630493248531
2012-06-12,1,0.16755164145586204
2012-06-13,1,0.02106310191277702
2012-06-14,1,-0.1770098666516409
2012-06-15,1,0.14929108085340234
2012-06-18,1,-0.21041457877563685
2012-06-19,1,-0.07749498983398648
2012-06-20,1,0.2280034176080451
2012-06-21,1,-0.031708228211701335
2012-06-22,1,0.2337323649045965
2012-06-25,1,0.15521503183593657
2012-06-26,1,-0.08457531416887032
2012-06-27,1,-0.024151388290645615
2012-06-28,1,-0.23477565790407148
2012-06-29,1,0.12647343197277686
2012-07-02,1,-0.21687512973077466
2012-07-03,1,-0.002560520556730884
2012-07-05,1,0.21069649388851058
2012-07-06,1,0.19979519592014716
2012-07-09,1,0.09691969459353975
2012-07-10,1,0.0313470592542123
2012-07-11,1,0.1446156796073647
2012-07-12,1,-0.01370659864514673
2012-07-13,1,0.08325138643708
2012-07-16,1,0.04605189740375898
2012-07-17,1,-0.2334152558392604
2012-07-18,1,-0.22894050893080928
2012-07-19,1,0.0660173404905711
2012-07-20,1,0.15931307580895454
2012-07-23,1,0.10165741927378069
2012-07-24,1,0.0015291053243629527
2012-07-25,1,-0.0019669647380675397
2012-07-26,1,-0.13951263546285117
2012-07-27,1,0.030250597395447658
2012-07-30,1,-0.08735351165262752
2012-07-31,1,-0.01890229314016297
2012-08-01,1,0.11053314454141923
2012-08-02,1,-0.17103189058055107
2012-08-03,1,-0.15752179520348175
2012-08-06,1,-0.2015662323282444
2012-08-07,1,-0.05107198807598666
2012-08-08,1,-0.09245265015207012
2012-08-09,1,-0.07304486950876703
2012-08-10,1,0.04738205269026026
2012-08-13,1,0.0976408330587821
2012-08-14,1,-0.10559315483729365
2012-08-15,1,-0.07396385253237016
2012-08-16,1,0.0023954391761769615
2012-08-17,1,-0.057504414666857136
2012-08-20,1,-0.06421133461772888
2012-08-21,1,0.01888343650459289
2012-08-22,1,0.03479393817389198
2012-08-23,1,0.07036846311065757
2012-08-24,1,0.08379875187396707
2012-08-27,1,-0.020429590328496533
2012-08-28,1,0.004676710230629984
2012-08-29,1,-0.020485717710830784
2012-08-30,1,0.0031850786385292807
2012-08-31,1,0.15038800022789484
2012-09-04,1,-0.019646451587422883
2012-09-05,1,-0.056579640700212874
2012-09-06,1,-0.06251963541704036
2012-09-07,1,-0.05198813603206556
2012-09-10,1,-0.05495856331955494
2012-09-11,1,0.0716603934270417
2012-09-12,1,0.03952902662404567
2012-09-13,1,0.0010886470586878123
2012-09-14,1,-0.09144908061142196
2012-09-17,1,-0.09642135501181744
2012-09-18,1,0.06735603728793566
2012-09-19,1,0.010937825670705096
2012-09-20,1,0.04906077305375563
2012-09-21,1,-0.126676457718979
2012-09-24,1,-0.017060892365241654
2012-09-25,1,-0.1469870544818183
2012-09-26,1,0.15572302193776602
2012-09-27,1,0.08391160388249759
2012-09-28,1,0.05156559947265802
2012-10-01,1,0.030229765464112792
2012-10-02,1,0.02882950775112013
2012-10-03,1,0.05755876193692986
2012-10-04,1,-0.03554220160309371
2012-10-05,1,-0.09333055356844856
2012-10-08,1,-0.0347260550223612
2012-10-09,1,-0.02899562093596829
2012-10-10,1,0.008892932867713395
2012-10-11,1,0.048072781428262525
2012-10-12,1,0.04201149744160061
2012-10-15,1,0.05086103784426791
2012-10-16,1,-0.03358323991264171
2012-10-17,1,0.01853901787510189
2012-10-18,1,-0.021333277004998107
2012-10-19,1,0.034175278224998676
2012-10-22,1,-0.09498994905139094
2012-10-23,1,0.06773219250637923
2012-10-24,1,-0.14746621974782118
2012-10-25,1,-0.01693799442466937
2012-10-26,1,0.08351276697972376
2012-10-31,1,-0.024100005580945508
2012-11-01,1,-0.036969002390417456
2012-11-02,1,-0.040316965143771165
2012-11-05,1,-0.0718519014993416
2012-11-06,1,0.0853537852292221
2012-11-07,1,0.020174677523737243
2012-11-08,1,-0.051057879652942686
2012-11-09,1,0.0733710378319539
2012-11-12,1,0.10567031894013922
2012-11-13,1,-0.027535686245441168
2012-11-14,1,-0.07956070769441696
2012-11-15,1,0.028113022140912523
2012-11-16,1,-0.061894671162449164
2012-11-19,1,0.06654183786227345
2012-11-20,1,-0.07228254037021588
2012-11-21,1,-0.11990310934708188
2012-11-23,1,-0.01519867718469853
2012-11-26,1,-0.027482630141880796
2012-11-27,1,-0.030369187330081385
2012-11-28,1,-0.1222582159975623
2012-11-29,1,-0.012360396360474833
2012-11-30,1,0.021225849841484852
2012-12-03,1,-0.028041225993507248
2012-12-04,1,-0.12015999356215205
2012-12-05,1,0.017144139448634948
2012-12-06,1,-0.031091445159992005
2012-12-07,1,0.027579671935662693
2012-12-10,1,-0.11426526896089392
2012-12-11,1,-0.05799689298451892
2012-12-12,1,0.0547701276688287
2012-12-13,1,0.03305648105192322
2012-12-14,1,-0.07865287160401047
2012-12-17,1,-0.1434673231784355
2012-12-18,1,-0.08044728984383641
2012-12-19,1,0.0633739203132474
2012-12-20,1,-0.02124284492425898
2012-12-21,1,0.07759063689010616
2012-12-24,1,0.03484436885868278
2012-12-26,1,0.022705364647351456
2012-12-27,1,-0.05298728839101711
2012-12-28,1,-0.03262069004834977
2012-12-31,1,-0.0006279719302826591
2013-01-02,1,-0.06497430403771809
2013-01-03,1,-0.0631166561445465
2013-01-04,1,0.023897709955636986
2013-01-07,1,-0.022255245130749546
2013-01-08,1,0.08654498851356175
2013-01-09,1,-0.02683693207137541
2013-01-10,1,-0.01111729740090331
2013-01-11,1,0.043667628825659284
2013-01-14,1,-0.025054603534285465
2013-01-15,1,0.00011940049577424836
2013-01-16,1,0.0989692713168953
2013-01-17,1,-0.04216087877381037
2013-01-18,1,-0.020225954462154274
2013-01-22,1,0.006024675868267607
2013-01-23,1,0.05608444637135183
2013-01-24,1,0.07493279890284643
2013-01-25,1,-0.003048460915482496
2013-01-28,1,-0.06230905370821183
2013-01-29,1,-0.027392507505357943
2013-01-30,1,-0.009690542720550616
2013-01-31,1,0.0811931728555171
2013-02-01,1,-0.008391195351145114
2013-02-04,1,0.07034707081905717
2013-02-05,1,-0.020961457965675594
2013-02-06,1,-0.0038737044821234965
2013-02-07,1,0.04726339292453356
2013-02-08,1,-0.011025376017769536
2013-02-11,1,0.09866639760507069
2013-02-12,1,0.11036238352340415
2013-02-13,1,0.08482231842156894
2013-02-14,1,-0.03215066450189871
2013-02-15,1,0.03482767504324895
2013-02-19,1,-0.21151852587789896
2013-02-20,1,-0.07111149848290148
2013-02-21,1,0.0802706721153951
2013-02-22,1,-0.17473595004191905
2013-02-25,1,0.06436928662490216
2013-02-26,1,0.07390200165781584
2013-02-27,1,0.035600874402102974
2013-02-28,1,0.12007023772977876
2013-03-01,1,0.1132271265534766
2013-03-04,1,0.08484204582047826
2013-03-05,1,-0.08321144256853945
2013-03-06,1,-0.054239831188908856
2013-03-07,1,-0.047148682740517825
2013-03-08,1,-0.0206703566097953
2013-03-11,1,-0.07796416892593679
2013-03-12,1,0.07802014324475369
2013-03-13,1,0.005524733391482091
2013-03-14,1,-0.10436755142659486
2013-03-15,1,0.07509062043260108
2013-03-18,1,0.09790984100865656
2013-03-19,1,0.12034682409775865
2013-03-20,1,-0.005794017224626384
2013-03-21,1,0.07258959388218494
2013-03-22,1,0.09600461767854256
2013-03-25,1,0.15019023974064413
2013-03-26,1,-0.04573648697606692
2013-03-27,1,0.07184163678776896
2013-03-28,1,0.03348816744049817
2013-04-01,1,0.05402771210730831
2013-04-02,1,-0.14968451492745988
2013-04-03,1,-0.03486526754785399
2013-04-04,1,-0.04750264063231943
2013-04-05,1,0.11632078066567604
2013-04-08,1,-0.09629665851313939
2013-04-09,1,-0.01660071942789926
2013-04-10,1,-0.004214482006976106
2013-04-11,1,0.062455051222543516
2013-04-12,1,0.013369008390958684
2013-04-15,1,0.1603218681099166
2013-04-16,1,0.11285187975025228
2013-04-17,1,-0.033146910147016255
2013-04-18,1,0.13668514998574616
2013-04-19,1,0.037211877746417106
2013-04-22,1,-0.05143445586729928
2013-04-23,1,-0.1343578163331607
2013-04-24,1,-0.15563098092714078
2013-04-25,1,-0.0007362306294931592
2013-04-26,1,-0.09201295448391032
2013-04-29,1,-0.002107580751679537
2013-04-30,1,0.1136847579061068
2013-05-01,1,-0.03735139987844089
2013-05-02,1,-0.11328913505967579
2013-05-03,1,-0.04192573249076426
2013-05-06,1,-0.05488203435891112
2013-05-07,1,-0.1569415142254695
2013-05-08,1,0.04011084280722405
2013-05-09,1,0.027986225477957878
2013-05-10,1,0.1606827280766638
2013-05-13,1,-0.0009599981347062791
2013-05-14,1,0.0748155905591481
2013-05-15,1,-0.1031788943023852
2013-05-16,1,0.04983674670165851
2013-05-17,1,-0.0762419473770838
2013-05-20,1,-0.0035264665526849428
2013-05-21,1,-0.08474788943294057
2013-05-22,1,0.017872712539547808
2013-05-23,1,-0.04878728765843414
2013-05-24,1,0.017321473613753656
2013-05-28,1,-0.058414665846697286
2013-05-29,1,0.01578142232832415
2013-05-30,1,-0.0063306411200817776
2013-05-31,1,0.014652606338015526
2013-06-03,1,0.030297868510033236
2013-06-04,1,-0.02223512874566732
2013-06-05,1,-0.017522381897403315
2013-06-06,1,0.04435179215733552
2013-06-07,1,0.08510775000501279
2013-06-10,1,0.07038580386340647
2013-06-11,1,0.020125188548578345
2013-06-12,1,-0.08194378126014061
2013-06-13,1,0.03472710420847015
2013-06-14,1,0.06438371796067124
2013-06-17,1,0.03992175979271937
2013-06-18,1,0.0573000805078655
2013-06-19,1,-0.03938002259572226
2013-06-20,1,-0.022634817700501093
2013-06-21,1,0.029504169905196134
2013-06-24,1,0.014610772169956052
2013-06-25,1,0.08759136520222209
2013-06-26,1,-0.0019793743154141283
2013-06-27,1,0.013941966204270793
2013-06-28,1,0.062479611738280684
2013-07-01,1,0.04598520557922434
2013-07-02,1,-0.0005616201514573208
2013-07-03,1,0.1102088040426904
2013-07-05,1,0.011822120443129443
2013-07-08,1,-0.11927106852833652
2013-07-09,1,-0.08425547229162293
2013-07-10,1,-0.13473217446009172
2013-07-11,1,-0.025994703854617045
2013-07-12,1,0.058152539807233
2013-07-15,1,-0.10242117205078907
2013-07-16,1,0.044950836052129635
2013-07-17,1,0.05351561004991358
2013-07-18,1,-0.033323309642946546
2013-07-19,1,-0.007456863513484241
2013-07-22,1,-0.09594798455123348
2013-07-23,1,-0.003483388042511341
2013-07-24,1,0.07625183096061242
2013-07-25,1,-0.08455237040475017
2013-07-26,1,-0.08638367280478486
2013-07-29,1,0.013544236120721618
2013-07-30,1,-0.003434118912805998
2013-07-31,1,0.0031576194739856363
2013-08-01,1,0.03251067170961713
2013-08-02,1,0.06701132072570551
2013-08-05,1,-0.044739782026603364
2013-08-06,1,0.013488453292444778
2013-08-07,1,-0.0059890676528842795
2013-08-08,1,-0.011675218323694097
2013-08-09,1,0.0668657891603637
2013-08-12,1,0.08519545984664219
2013-08-13,1,-0.003996615708779256
2013-08-14,1,-0.18628812557879398
2013-08-15,1,0.10816889868806734
2013-08-16,1,0.047746903693788124
2013-08-19,1,0.05817518855618695
2013-08-20,1,0.015416491323167598
2013-08-21,1,0.029216680778996813
2013-08-22,1,0.007561745162694969
2013-08-23,1,0.03679104916203741
2013-08-26,1,-0.10762158321583577
2013-08-27,1,0.06994959567881562
2013-08-28,1,0.06884919867902747
2013-08-29,1,-0.0703942858018064
2013-08-30,1,0.16862315590674729
2013-09-03,1,0.005502707710388441
2013-09-04,1,-0.004672160407779489
2013-09-05,1,-0.03708966579942426
2013-09-06,1,-0.0011576676505049694
2013-09-09,1,0.07995729189752436
2013-09-10,1,-0.003108322292740227
2013-09-11,1,-0.09748412790773558
2013-09-12,1,-0.004213511524921343
2013-09-13,1,-0.012639026216947244
2013-09-16,1,0.08128734259674757
2013-09-17,1,-0.03547903493636321
2013-09-18,1,0.04399407858307523
2013-09-19,1,-0.014712143052243703
2013-09-20,1,-0.011590509871202572
2013-09-23,1,0.0819386891817963
2013-09-24,1,0.08850906869120245
2013-09-25,1,0.05614711673502831
2013-09-26,1,0.015093640158644483
2013-09-27,1,0.08398323987304593
2013-09-30,1,0.12707010171656566
2013-10-01,1,0.021716735782669472
2013-10-02,1,0.015102997816363603
2013-10-03,1,0.09958328389711443
2013-10-04,1,-0.11717377378009793
2013-10-07,1,-0.1634095038564788
2013-10-08,1,-0.0833526129189694
2013-10-09,1,0.11094316293559357
2013-10-10,1,0.02491466240360918
2013-10-11,1,0.06685471484890117
2013-10-14,1,0.09163108568258294
2013-10-15,1,0.05631756834556859
2013-10-16,1,-0.00487650757003906
2013-10-17,1,0.11538630890680518
2013-10-18,1,-0.00607222321902133
2013-10-21,1,-0.11052048132309542
2013-10-22,1,-0.12233299120070991
2013-10-23,1,0.1328351608041395
2013-10-24,1,-0.06494256789636317
2013-10-25,1,-0.16724337233578898
2013-10-28,1,0.036201240751256684
2013-10-29,1,-0.11967331171440465
2013-10-30,1,0.053006759820396154
2013-10-31,1,-0.010076288296025191
2013-11-01,1,0.0637225162887697
2013-11-04,1,0.04767228959537379
2013-11-05,1,-0.14303579913358425
2013-11-06,1,-0.21210705851687692
2013-11-07,1,0.13234219442299422
2013-11-08,1,0.03793162094139862
2013-11-11,1,0.01774451656950369
2013-11-12,1,0.06053265929806872
2013-11-13,1,-0.021965125996186958
2013-11-14,1,-0.0408862385946172
2013-11-15,1,-0.10374825068713724
2013-11-18,1,0.019011432067881646
2013-11-19,1,0.06392536107188174
2013-11-20,1,0.03685711047547395
2013-11-21,1,0.02925847702744309
2013-11-22,1,-0.037390248699146644
2013-11-25,1,0.11693605963688367
2013-11-26,1,-0.02308222834739149
2013-11-27,1,-0.12944429881596273
2013-11-29,1,0.03894190310754628
2013-12-02,1,-0.047128212574247874
2013-12-03,1,-0.06293446859167896
2013-12-04,1,-0.006285685109482965
2013-12-05,1,0.06667589435664108
2013-12-06,1,-0.023568347867134423
2013-12-09,1,0.024555259910364835
2013-12-10,1,-0.03594904252553111
2013-12-11,1,0.09131409296696917
2013-12-12,1,0.03873119975444115
2013-12-13,1,0.00709990517514859
2013-12-16,1,-0.09990144002679041
2013-12-17,1,0.03395581258675765
2013-12-18,1,-0.038645961777342475
2013-12-19,1,-0.052673356970340125
2013-12-20,1,-0.009203094474127956
2013-12-23,1,-0.04571194529384709
2013-12-24,1,0.028004585884565166
2013-12-26,1,-0.1385294168545768
2013-12-27,1,-0.03178906693617267
2013-12-30,1,-0.012651832448244336
2013-12-31,1,-0.06792847100899134
2014-01-02,1,-0.030852353897911106
2014-01-03,1,0.023326077595273182
2014-01-06,1,-0.005884032179654913
2014-01-07,1,0.06993722993199197
2014-01-08,1,0.07873310757761738
2014-01-09,1,0.051653576586509
2014-01-10,1,-0.05058442402003139
2014-01-13,1,-0.004115758045716592
2014-01-14,1,-0.06247489491071464
2014-01-15,1,0.0276818289196553
2014-01-16,1,0.027285716530861447
2014-01-17,1,-0.027960224397669285
2014-01-21,1,0.013518036581745618
2014-01-22,1,-0.029436575428277153
2014-01-23,1,-0.10404821061010791
2014-01-24,1,0.03422910582682743
2014-01-27,1,0.0821023808136428
2014-01-28,1,0.05588597212368075
2014-01-29,1,0.03684895262717191
2014-01-30,1,0.1073548242837898
2014-01-31,1,0.011263394966640323
2014-02-03,1,0.002645253020342752
2014-02-04,1,-0.024920176766956757
2014-02-05,1,-0.018287408620017962
2014-02-06,1,0.0060870870198894474
2014-02-07,1,-0.020005645375405404
2014-02-10,1,-0.049099978954111646
2014-02-11,1,-0.026061618491673478
2014-02-12,1,-0.014115817938707264
2014-02-13,1,0.00040632091593053823
2014-02-14,1,0.018902862684149143
2014-02-18,1,-0.09260479122716996
2014-02-19,1,0.14572126774566524
2014-02-20,1,-0.004388645406658242
2014-02-21,1,-0.014337730898018467
2014-02-24,1,-0.01799513351296975
2014-02-25,1,-0.07159917887884155
2014-02-26,1,-0.0339224631167685
2014-02-27,1,-0.06104848972992763
2014-02-28,1,0.09319931787416676
2014-03-03,1,-0.0355507107394965
2014-03-04,1,-0.024915505608121367
2014-03-05,1,-0.1229009840551392
2014-03-06,1,-0.06406648479131516
2014-03-07,1,-0.09186655648495087
2014-03-10,1,-0.017153242808870237
2014-03-11,1,0.0849550927120798
2014-03-12,1,0.040304225348294836
2014-03-13,1,0.07166327833925208
2014-03-14,1,0.025420656125458307
2014-03-17,1,0.001096438217861538
2014-03-18,1,-0.0792756752824232
2014-03-19,1,-0.00270517555346059
2014-03-20,1,-0.13757208466193804
2014-03-21,1,-0.10892764195425202
2014-03-24,1,0.04114553609092946
2014-03-25,1,-0.04118771649918153
2014-03-26,1,0.01773824197220911
2014-03-27,1,0.01226534033132931
2014-03-28,1,0.002857016940997339
2014-03-31,1,-0.03299623468005969
2014-04-01,1,-0.07273422551048553
2014-04-02,1,-0.08414383862068855
2014-04-03,1,-0.05223044057246217
2014-04-04,1,-0.017809837037406438
2014-04-07,1,0.038559537757205005
2014-04-08,1,-0.007394566864143585
2014-04-09,1,-0.013107450295105403
2014-04-10,1,0.012132637830716005
2014-04-11,1,0.011259684091816385
2014-04-14,1,0.032095528501706036
2014-04-15,1,0.018916366128457644
2014-04-16,1,-0.05421746016099072
2014-04-17,1,0.0061915117293230276
2014-04-21,1,-0.039954332865211384
2014-04-22,1,0.05364603953855952
2014-04-23,1,0.07914594232642012
2014-04-24,1,-0.05663056686737254
2014-04-25,1,0.0037277348937194356
2014-04-28,1,-0.02089126526815145
2014-04-29,1,0.03770051009664558
2014-04-30,1,-0.06977794479623997
2014-05-01,1,0.005581819131684205
2014-05-02,1,0.023067880343369877
2014-05-05,1,0.07025214743804832
2014-05-06,1,0.10512830834743343
2014-05-07,1,-0.002498583148930462
2014-05-08,1,-0.13243247374207692
2014-05-09,1,-0.036356948311016164
2014-05-12,1,0.02836743741548845
2014-05-13,1,-0.0023675713949845916
2014-05-14,1,-0.0784908841375732
2014-05-15,1,0.05231683053598681
2014-05-16,1,-0.016664905452645498
2014-05-19,1,0.009686276240506718
2014-05-20,1,0.036572820249306845
2014-05-21,1,-0.1080114750446334
2014-05-22,1,-0.1185392082137003
2014-05-23,1,-0.16149647316573096
2014-05-27,1,0.07734460757546664
2014-05-28,1,0.012593598413674646
2014-05-29,1,0.09658156809865362
2014-05-30,1,0.2035893773815756
2014-06-02,1,0.1420195533187289
2014-06-03,1,0.11536210284585985
2014-06-04,1,-0.19649818432387642
2014-06-05,1,-0.10551059875786535
2014-06-06,1,-0.12480422300129354
2014-06-09,1,0.004389695606572243
2014-06-10,1,-0.02148337289824203
2014-06-11,1,-0.07283492030164715
2014-06-12,1,-0.03861969893831222
2014-06-13,1,-0.03490700094709083
2014-06-16,1,-0.09734266158905462
2014-06-17,1,-0.023234739745410897
2014-06-18,1,0.0023495053675997722
2014-06-19,1,0.057616596844209535
2014-06-20,1,-0.017295081411376766
2014-06-23,1,-0.035106793916565425
2014-06-24,1,0.019877045400560477
2014-06-25,1,0.0069511710488785565
2014-06-26,1,-0.05361923138797198
2014-06-27,1,-0.03357811206370067
2014-06-30,1,-0.056590389027292284
2014-07-01,1,-0.03372026023128421
2014-07-02,1,-0.02798638947945545
2014-07-03,1,0.041129332799639574
2014-07-07,1,0.08962199610118773
2014-07-08,1,0.16984625373286485
2014-07-09,1,0.1046895316852523
2014-07-10,1,0.07200727494813759
2014-07-11,1,0.008110899671409925
2014-07-14,1,0.038547562382073096
2014-07-15,1,0.05117618776996036
2014-07-16,1,0.012684050618275735
2014-07-17,1,0.00869950668541193
2014-07-18,1,0.03437549213703699
2014-07-21,1,-0.046884230184730126
2014-07-22,1,-0.013845137999975853
2014-07-23,1,0.024345005017792402
2014-07-24,1,0.05832886036569402
2014-07-25,1,0.05934006999922864
2014-07-28,1,-0.0689315637634081
2014-07-29,1,-0.029832533090824433
2014-07-30,1,-0.12629945909620893
2014-07-31,1,-0.00592530685047561
2014-08-01,1,0.08243475588616545
2014-08-04,1,-0.1033323994747913
2014-08-05,1,-0.07501961558309074
2014-08-06,1,0.0763247807423867
2014-08-07,1,-0.10566164587677718
2014-08-08,1,0.045455464173718776
2014-08-11,1,0.02903889855585139
2014-08-12,1,0.10953969824716345
2014-08-13,1,-0.029321637577721292
2014-08-14,1,0.02371692386066486
2014-08-15,1,0.00810762792390166
2014-08-18,1,-0.023093041359194676
2014-08-19,1,0.05159928010387192
2014-08-20,1,-0.14308233992598943
2014-08-21,1,0.025274577122144686
2014-08-22,1,0.003939365994283959
2014-08-25,1,0.0019052451612390359
2014-08-26,1,0.020215072160691808
2014-08-27,1,0.04003181272307381
2014-08-28,1,0.0651911473689384
2014-08-29,1,0.10527195216117506
2014-09-02,1,0.06056908193966706
2014-09-03,1,0.025162557566486065
2014-09-04,1,0.04499050065150866
2014-09-05,1,0.019043524962853997
2014-09-08,1,0.07513447831671376
2014-09-09,1,-0.01824997191885848
2014-09-10,1,-0.046096315410262094
2014-09-11,1,0.04715744625266004
2014-09-12,1,0.04677328007309812
2014-09-15,1,0.18809213754178208
2014-09-16,1,0.056975619857133994
2014-09-17,1,0.08334750357323786
2014-09-18,1,0.07512434455072692
2014-09-19,1,0.0870264091372775
2014-09-22,1,-0.0005925055011812826
2014-09-23,1,0.08162592664786444
2014-09-24,1,0.07138846944727341
2014-09-25,1,0.10065164441412908
2014-09-26,1,0.10139713713766335
2014-09-29,1,0.2546831824894752
2014-09-30,1,0.03191545036247177
2014-10-01,1,-0.11088000613956371
2014-10-02,1,0.08992960973016256
2014-10-03,1,-0.06573853559368646
2014-10-06,1,0.1725115516050467
2014-10-07,1,-0.07237318413318218
2014-10-08,1,0.21390304319056966
2014-10-09,1,0.09780570251048562
2014-10-10,1,-0.041432356982606895
2014-10-13,1,-0.04624442498518581
2014-10-14,1,-0.18872196669961364
2014-10-15,1,-0.16632290574826175
2014-10-16,1,-0.01565402432643542
2014-10-17,1,-0.017217693866889816
2014-10-20,1,-0.12153926252001362
2014-10-21,1,0.19963282364348695
2014-10-22,1,-0.13957820399564239
2014-10-23,1,0.13733492003698342
2014-10-24,1,0.18065128740597647
2014-10-27,1,-0.21934452084565292
2014-10-28,1,0.028448238115577878
2014-10-29,1,0.09027223735678674
2014-10-30,1,-0.15489059747776554
2014-10-31,1,0.09381213735506903
2014-11-03,1,0.19393821990500834
2014-11-04,1,-0.12422938628343426
2014-11-05,1,-0.02680430001580881
2014-11-06,1,-0.08930843365290514
2014-11-07,1,0.07515540686627123
2014-11-10,1,-0.03884147124266167
2014-11-11,1,-0.003259250920533334
2014-11-12,1,0.14121271719901338
2014-11-13,1,-0.1533691387614544
2014-11-14,1,0.03351399144789357
2014-11-17,1,-0.03687918734470184
2014-11-18,1,0.07758873976972731
2014-11-19,1,-0.18550316941159092
2014-11-20,1,-0.161373420524428
2014-11-21,1,0.07498044254903327
2014-11-24,1,0.045503173549895956
2014-11-25,1,0.1421545100726325
2014-11-26,1,0.21725676749869297
2014-11-28,1,0.15410594768819863
2014-12-01,1,0.1351077429930939
2014-12-02,1,-0.09164715965964758
2014-12-03,1,0.19987476268219187
2014-12-04,1,-0.03261948205469423
2014-12-05,1,0.1723033488924336
2014-12-08,1,-0.21209567051912703
2014-12-09,1,0.19594974001972315
2014-12-10,1,0.1288271762652586
2014-12-11,1,0.06852651885396582
2014-12-12,1,0.10964441664647827
2014-12-15,1,-0.10126847036982474
2014-12-16,1,-0.16572403622186763
2014-12-17,1,-0.11809778630330586
2014-12-18,1,-0.19262791313425004
2014-12-19,1,0.1029948710178455
2014-12-22,1,-0.10691935034723557
2014-12-23,1,0.11303375702565249
2014-12-24,1,0.0076311798569713325
2014-12-26,1,0.06884740565449561
2014-12-29,1,0.02437686600568043
2014-12-30,1,-0.020368188139532225
2014-12-31,1,-0.10020966672277376
2015-01-02,1,0.07810384942023763
2015-01-05,1,0.002482016915676735
2015-01-06,1,0.11780298418668211
2015-01-07,1,0.06911077970364016
2015-01-08,1,0.032161446741013615
2015-01-09,1,0.11570679165734658
2015-01-12,1,-0.0022471745244320414
2015-01-13,1,0.09219075358511493
2015-01-14,1,0.10311054840196615
2015-01-15,1,0.017414210639735868
2015-01-16,1,0.169489536975494
2015-01-20,1,-0.11315363469392
2015-01-21,1,-0.0018824023798763177
2015-01-22,1,0.04782707297070631
2015-01-23,1,-0.09311225190797161
2015-01-26,1,0.0020207588487519807
2015-01-27,1,0.07671256735556387
2015-01-28,1,0.030139523161668978
2015-01-29,1,-0.052682391889709204
2015-01-30,1,-0.1574478857987688
2015-02-02,1,-0.2970117431821323
2015-02-03,1,0.15867643380647112
2015-02-04,1,-0.21154765275648355
2015-02-05,1,-0.14310990851486288
2015-02-06,1,-0.12870906206118735
2015-02-09,1,0.1705933687134356
2015-02-10,1,0.005072488045936482
2015-02-11,1,-0.03512734487658619
2015-02-12,1,-0.18063133286196287
2015-02-13,1,0.015076610383583834
2015-02-17,1,0.05496092477515137
2015-02-18,1,-0.05099696477775272
2015-02-19,1,0.0036842605887011486
2015-02-20,1,0.1279184342660021
2015-02-23,1,-0.06852852535493643
2015-02-24,1,-0.04214724065848052
2015-02-25,1,0.041342018667798706
2015-02-26,1,-0.06099084346151072
2015-02-27,1,0.08884835535303147
2015-03-02,1,0.013323441572517242
2015-03-03,1,0.07832388061044238
2015-03-04,1,-0.024065673060990177
2015-03-05,1,0.016271201373407512
2015-03-06,1,0.07159910390986689
2015-03-09,1,0.029807631600203183
2015-03-10,1,0.020634459515455048
2015-03-11,1,0.0031791362011813476
2015-03-12,1,0.07778720999533634
2015-03-13,1,0.01597491778917092
2015-03-16,1,0.023898658406389328
2015-03-17,1,-0.07707156562417164
2015-03-18,1,0.08965932698078438
2015-03-19,1,-0.11028435192249597
2015-03-20,1,-0.13424072084749583
2015-03-23,1,-0.007533416683852
2015-03-24,1,-0.048805937203710084
2015-03-25,1,0.034789254104776075
2015-03-26,1,0.12537248511398538
2015-03-27,1,0.024726796550256894
2015-03-30,1,0.024406192976888876
2015-03-31,1,-0.09440301954944666
2015-04-01,1,-0.03721080411577656
2015-04-02,1,-0.10830422906366986
2015-04-06,1,-0.09385483124109002
2015-04-07,1,0.03627889144616786
2015-04-08,1,-0.03989668318841013
2015-04-09,1,-0.016046344565329388
2015-04-10,1,-0.011249149492126936
2015-04-13,1,-0.014812665576887922
2015-04-14,1,0.022444378953988545
2015-04-15,1,-0.05136187176452889
2015-04-16,1,-0.0828922276335914
2015-04-17,1,0.0334841648320018
2015-04-20,1,0.010354149494767864
2015-04-21,1,-0.07117186507256115
2015-04-22,1,-0.013122545085261344
2015-04-23,1,-0.045152965363829525
2015-04-24,1,-0.04459396617084585
2015-04-27,1,0.006626807776514681
2015-04-28,1,-0.0028781183975164623
2015-04-29,1,-0.05611365637749224
2015-04-30,1,0.047642400469684675
2015-05-01,1,-0.016863549176835992
2015-05-04,1,0.005930229382376013
2015-05-05,1,0.050008782379738985
2015-05-06,1,-0.005856680179204675
2015-05-07,1,0.007421657741619873
2015-05-08,1,0.05184642680621884
2015-05-11,1,0.061126272256801055
2015-05-12,1,0.0027011733640037536
2015-05-13,1,0.04433740334494156
2015-05-14,1,-0.04930116133542304
2015-05-15,1,0.04225121410933392
2015-05-18,1,0.03850604421386649
2015-05-19,1,0.053241018011172724
2015-05-20,1,-0.026366873577356405
2015-05-21,1,0.04771956459414864
2015-05-22,1,0.062466517082978464
2015-05-26,1,0.05090041147943242
2015-05-27,1,-0.006971019766442669
2015-05-28,1,0.11010401919304756
2015-05-29,1,0.031286289795632874
2015-06-01,1,-0.025296960067339423
2015-06-02,1,0.017450030810973627
2015-06-03,1,0.028825567242784015
2015-06-04,1,0.05330215802758368
2015-06-05,1,0.03508199223002959
2015-06-08,1,0.11890422817668288
2015-06-09,1,0.08985660881369936
2015-06-10,1,-0.07093004141971776
2015-06-11,1,0.046600619951100535
2015-06-12,1,0.02873679032805985
2015-06-15,1,0.020324646744177787
2015-06-16,1,-0.009782075736737535
2015-06-17,1,-0.03656866875829896
2015-06-18,1,0.026915023686509963
2015-06-19,1,0.06653735861917004
2015-06-22,1,0.0002842828100936399
2015-06-23,1,0.033931675166066044
2015-06-24,1,0.133393994654215
2015-06-25,1,-0.010667440120391449
2015-06-26,1,0.020194340319074085
2015-06-29,1,0.10421584457431439
2015-06-30,1,0.0827459117185323
2015-07-01,1,-0.026206928984685275
2015-07-02,1,0.10298877917130562
2015-07-06,1,-0.08962925211675567
2015-07-07,1,0.08940364401276499
2015-07-08,1,0.010573455850368748
2015-07-09,1,0.11500952287729235
2015-07-10,1,-0.0595997818746138
2015-07-13,1,-0.015677432614349455
2015-07-14,1,0.14698291559794657
2015-07-15,1,0.16389273903297377
2015-07-16,1,0.15242801615656312
2015-07-17,1,0.19233248668713596
2015-07-20,1,-0.07991944128044452
2015-07-21,1,0.17035015274938586
2015-07-22,1,-0.025540684754769213
2015-07-23,1,0.14098910859506233
2015-07-24,1,0.01533760626016073
2015-07-27,1,-0.10420228562931325
2015-07-28,1,-0.13268693374340182
2015-07-29,1,0.05491345736134373
2015-07-30,1,0.09684018584370843
2015-07-31,1,0.1724480236758254
2015-08-03,1,0.0872649494005921
2015-08-04,1,0.06504478344008247
2015-08-05,1,-0.1376002841700695
2015-08-06,1,0.10666678689535547
2015-08-07,1,-0.2443099358922645
2015-08-10,1,0.1883110652431639
2015-08-11,1,-0.08445261875646448
2015-08-12,1,0.28101337889959366
2015-08-13,1,-0.0024884511772962927
2015-08-14,1,0.11650704501519593
2015-08-17,1,0.16408360676383169
2015-08-18,1,0.109838033215724
2015-08-19,1,0.09086928980158003
2015-08-20,1,-0.053466898803281496
2015-08-21,1,-0.08712262577738718
2015-08-24,1,0.022956157801997553
2015-08-25,1,-0.040261690385123304
2015-08-26,1,-0.2544353951431699
2015-08-27,1,-0.22870827185185288
2015-08-28,1,-0.12470960289531632
2015-08-31,1,0.1630709841510699
2015-09-01,1,0.16428332570329915
2015-09-02,1,-0.07038476347322882
2015-09-03,1,0.10449340035831065
2015-09-04,1,-0.009711008897859785
2015-09-08,1,0.06153126780347944
2015-09-09,1,0.10670731610876605
2015-09-10,1,0.13344559048984087
2015-09-11,1,0.10148927970782688
2015-09-14,1,-0.1392822742159838
2015-09-15,1,-0.22005544440116465
2015-09-16,1,0.06266442252318817
2015-09-17,1,0.12988519115003058
2015-09-18,1,0.16722989525209167
2015-09-21,1,0.20644458049094175
2015-09-22,1,0.35221259491016965
2015-09-23,1,-0.09054982125108697
2015-09-24,1,0.11321714443189174
2015-09-25,1,0.08275355932817023
2015-09-28,1,0.013053818382597894
2015-09-29,1,-0.023056129603733804
2015-09-30,1,0.13088373745940737
2015-10-01,1,-0.23665387673936356
2015-10-02,1,-0.2518074265298491
2015-10-05,1,-0.14941819176287818
2015-10-06,1,-0.1555696435176649
2015-10-07,1,-0.09298775231605629
2015-10-08,1,-0.04589455886390681
2015-10-09,1,0.24254944077582494
2015-10-12,1,0.08341901190957585
2015-10-13,1,-0.046796213604162445
2015-10-14,1,-0.03120892126072067
2015-10-15,1,0.04142160178848354
2015-10-16,1,0.08387736875105826
2015-10-19,1,-0.00930086766989409
2015-10-20,1,0.11120103867280767
2015-10-21,1,0.07167184659747995
2015-10-22,1,0.004844713086228027
2015-10-23,1,0.12348015146899091
2015-10-26,1,0.18934571535045833
2015-10-27,1,-0.16550724023018942
2015-10-28,1,-0.04858648332149474
2015-10-29,1,-0.032532582483184386
2015-10-30,1,-0.1937818375899862
2015-11-02,1,-0.16870439191442502
2015-11-03,1,0.10644012483497416
2015-11-04,1,0.06150038464187999
2015-11-05,1,-0.02926940168058447
2015-11-06,1,0.10373767926420734
2015-11-09,1,0.08891112015359517
2015-11-10,1,0.14035854830202615
2015-11-11,1,0.02963354502859465
2015-11-12,1,0.06455212440232294
2015-11-13,1,-0.03627934144512082
2015-11-16,1,0.18320728129014655
2015-11-17,1,0.02294269993177181
2015-11-18,1,-0.014345593103871967
2015-11-19,1,-0.03021967428567934
2015-11-20,1,0.005237213565436325
2015-11-23,1,-0.14601856022193913
2015-11-24,1,-0.12052049089462082
2015-11-25,1,0.030808696044656043
2015-11-27,1,0.044706699142410176
2015-11-30,1,0.07231626464555711
2015-12-01,1,-0.027681492765506098
2015-12-02,1,0.09499209374798674
2015-12-03,1,0.177368207961935
2015-12-04,1,0.0853019041085424
2015-12-07,1,0.023250101629672722
2015-12-08,1,-0.12636858568039247
2015-12-09,1,-0.09656440411288492
2015-12-10,1,0.09694917439965245
2015-12-11,1,0.20263102014116224
2015-12-14,1,-0.007016428033952422
2015-12-15,1,-0.09666357403391919
2015-12-16,1,0.04071085814037005
2015-12-17,1,-0.12345604419394403
2015-12-18,1,-0.05952443066475324
2015-12-21,1,-0.0820006561691209
2015-12-22,1,-0.0859558784931824
2015-12-23,1,-0.004151828967985363
2015-12-24,1,0.06072762245402747
2015-12-28,1,0.008990565714932161
2015-12-29,1,0.05096048530215054
2015-12-30,1,-0.11001233669341141
2015-12-31,1,-0.13760485455401314
2016-01-04,1,0.12322603930884504
2016-01-05,1,0.21207135310807904
2016-01-06,1,0.18806503449396247
2016-01-07,1,0.06253879949977723
2016-01-08,1,0.14284522820677648
2016-01-11,1,0.15882422817509476
2016-01-12,1,0.09714200819135732
2016-01-13,1,-0.07156126801249478
2016-01-14,1,0.1255888823718119
2016-01-15,1,0.23048606711918276
2016-01-19,1,-0.1429219063341874
2016-01-20,1,-0.2530370515506528
2016-01-21,1,-0.04705653642707185
2016-01-22,1,0.1425079651937141
2016-01-25,1,-0.1559651929285289
2016-01-26,1,0.04004340297199098
2016-01-27,1,0.0927987437741921
2016-01-28,1,-0.1650602786322665
2016-01-29,1,-0.012714742112281144
2016-02-01,1,0.2997544166706707
2016-02-02,1,-0.12717732170214266
2016-02-03,1,-0.21584784479703928
2016-02-04,1,0.11418245946352812
2016-02-05,1,0.2366081711345552
2016-02-08,1,0.058862062150179945
2016-02-09,1,-0.11083706219516824
2016-02-10,1,0.05573230288954157
2016-02-11,1,-0.08613211142621545
2016-02-12,1,-0.158505678328105
2016-02-16,1,-0.16594808444747114
2016-02-17,1,0.04856837720632332
2016-02-18,1,-0.002840874629206716
2016-02-19,1,-0.1788095839621038
2016-02-22,1,0.07572584153840702
2016-02-23,1,-0.10333982902069501
2016-02-24,1,-0.04312392374629438
2016-02-25,1,-0.250124928985825
2016-02-26,1,-0.06572165206395747
2016-02-29,1,-0.16396595830131863
2016-03-01,1,-0.02723507150574883
2016-03-02,1,-0.23907224694111961
2016-03-03,1,-0.06249706069509948
2016-03-04,1,-0.05712721996687709
2016-03-07,1,0.029855074384371075
2016-03-08,1,-0.03835704587558318
2016-03-09,1,0.09259084969324947
2016-03-10,1,-0.2572961679652347
2016-03-11,1,-0.038029392564386665
2016-03-14,1,0.06842169667853748
2016-03-15,1,-0.03994396435896945
2016-03-16,1,-0.04696263384629212
2016-03-17,1,-0.05664264002202213
2016-03-18,1,-0.045461546172294136
2016-03-21,1,-0.031343419530126114
2016-03-22,1,0.0811187279979934
2016-03-23,1,0.042390940081495306
2016-03-24,1,0.03369746145615213
2016-03-28,1,-0.08380620405504
2016-03-29,1,-0.11800249590249862
2016-03-30,1,-0.09924285754679298
2016-03-31,1,0.09439609017700207
2016-04-01,1,-0.0695031740568059
2016-04-04,1,-0.013466229272252448
2016-04-05,1,-0.03721790766575981
2016-04-06,1,-0.013127183539014396
2016-04-07,1,0.012722785659868131
2016-04-08,1,0.07672662758417806
2016-04-11,1,-0.011270354277812231
2016-04-12,1,-0.0534294594929915
2016-04-13,1,-0.07044796830459493
2016-04-14,1,0.014255582361123184
2016-04-15,1,-0.09557916997510738
2016-04-18,1,0.04245150280636909
2016-04-19,1,-0.051450041683209984
2016-04-20,1,-0.04568687298046505
2016-04-21,1,0.004532747915490926
2016-04-22,1,-0.119176937581229
2016-04-25,1,0.11714523859203006
2016-04-26,1,0.06556682057234575
2016-04-27,1,-0.08908323452453373
2016-04-28,1,-0.005350531115345161
2016-04-29,1,-0.019328473450914988
2016-05-02,1,-0.17590637181429328
2016-05-03,1,-0.04395571953041132
2016-05-04,1,-0.02511629780606243
2016-05-05,1,0.04579469900169676
2016-05-06,1,-0.11144736787087435
2016-05-09,1,0.13737346952071888
2016-05-10,1,0.051259437138873536
2016-05-11,1,-0.004073332771205897
2016-05-12,1,-0.0021265912335339653
2016-05-13,1,0.08776305229695118
2016-05-16,1,0.007358145090522085
2016-05-17,1,0.04624777494188076
2016-05-18,1,-0.03137495367260169
2016-05-19,1,-0.0070666635186866535
2016-05-20,1,0.07122595969068213
2016-05-23,1,0.019287526138605234
2016-05-24,1,0.00402928214152142
2016-05-25,1,-0.007872887934976818
2016-05-26,1,-0.07303493387048697
2016-05-27,1,0.07039943981336758
2016-05-31,1,0.04819776302563638
2016-06-01,1,0.0631854534362806
2016-06-02,1,0.056251377755777696
2016-06-03,1,-0.005176050897432104
2016-06-06,1,0.019483552116378672
2016-06-07,1,0.0409530559777025
2016-06-08,1,0.0923516194076329
2016-06-09,1,-0.056726119960859224
2016-06-10,1,0.035801435399549365
2016-06-13,1,0.10419866424349021
2016-06-14,1,-0.05296752914019156
2016-06-15,1,0.024087082220848665
2016-06-16,1,-0.10282847437980198
2016-06-17,1,0.07929451516054283
2016-06-20,1,0.08240131244585315
2016-06-21,1,-0.03606858214793713
2016-06-22,1,0.05470157387997131
2016-06-23,1,-0.02477644935820275
2016-06-24,1,0.08455724405433143
2016-06-27,1,-0.021311852214530486
2016-06-28,1,0.010588773121820367
2016-06-29,1,0.0045967739271703745
2016-06-30,1,-0.05656319078795894
2016-07-01,1,0.11266226840111188
2016-07-05,1,0.02678136665261222
2016-07-06,1,-0.09336580961902106
2016-07-07,1,-0.07508793813234713
2016-07-08,1,-0.11589143694185504
2016-07-11,1,-0.13005385094128394
2016-07-12,1,-0.01734522156852706
2016-07-13,1,-0.08909511107672789
2016-07-14,1,0.043638774631454096
2016-07-15,1,-0.04092694193024969
2016-07-18,1,0.06836648916236723
2016-07-19,1,-0.10338260622105547
2016-07-20,1,0.0384487284128451
2016-07-21,1,0.09738880560773423
2016-07-22,1,-0.027725671871408727
2016-07-25,1,-0.07450872798166615
2016-07-26,1,-0.009538293762338178
2016-07-27,1,0.002844638181713304
2016-07-28,1,0.034735956408535246
2016-07-29,1,-0.015947987858625327
2016-08-01,1,0.09917423715717269
2016-08-02,1,-0.06661581636922911
2016-08-03,1,0.0707828094914265
2016-08-04,1,-0.06786197506269806
2016-08-05,1,-0.04517120684084385
2016-08-08,1,0.0066673980953865924
2016-08-09,1,-0.006295815152717182
2016-08-10,1,0.00849849582535168
2016-08-11,1,0.02828909322141331
2016-08-12,1,0.0443110316899433
2016-08-15,1,-0.004516584444218271
2016-08-16,1,0.036620446100172614
2016-08-17,1,0.11871781344970067
2016-08-18,1,0.02848694463344453
2016-08-19,1,-0.05648697853313053
2016-08-22,1,-0.023411687782343652
2016-08-23,1,-0.06347907096684863
2016-08-24,1,0.0387845562696766
2016-08-25,1,0.024217551898152185
2016-08-26,1,0.06617608719868288
2016-08-29,1,-0.07311273908420855
2016-08-30,1,-0.06702601647860412
2016-08-31,1,0.057390671726454935
2016-09-01,1,0.018454647085474132
2016-09-02,1,0.04002214471209196
2016-09-06,1,-0.044563537082131045
2016-09-07,1,-0.013224620786296534
2016-09-08,1,-0.12339593490752386
2016-09-09,1,0.023935294687602835
2016-09-12,1,-0.02713739972492204
2016-09-13,1,0.1307877179531888
2016-09-14,1,0.0857342129845475
2016-09-15,1,0.08803314014789096
2016-09-16,1,-0.03399891523136202
2016-09-19,1,0.04440979376802202
2016-09-20,1,0.09916982703883284
2016-09-21,1,-0.10147246905407525
2016-09-22,1,-0.09223846691208673
2016-09-23,1,-0.03515528771281447
2016-09-26,1,0.0800344154300657
2016-09-27,1,0.03196523061807819
2016-09-28,1,0.02540847952376431
2016-09-29,1,0.10484781036894493
2016-09-30,1,-0.003085318462171305
2016-10-03,1,0.08080967803383417
2016-10-04,1,0.05180491927244017
2016-10-05,1,-0.0065240921742317085
2016-10-06,1,0.0008002240961936966
2016-10-07,1,-0.04245949560019704
2016-10-10,1,-0.014949243739128844
2016-10-11,1,-0.056590264510149965
2016-10-12,1,-0.06936758744336806
2016-10-13,1,-0.015323624722770301
2016-10-14,1,0.013238204865262728
2016-10-17,1,-0.07804351730099954
2016-10-18,1,0.0158071767239494
2016-10-19,1,0.013161463039192169
2016-10-20,1,0.027404341918614364
2016-10-21,1,-0.02065539206853045
2016-10-24,1,0.0038073402364304726
2016-10-25,1,-0.058901662953611954
2016-10-26,1,0.020799425719836048
2016-10-27,1,-0.03141525992983781
2016-10-28,1,-0.006793446978567479
2016-10-31,1,-0.010622381262642934
2016-11-01,1,-0.018825694770259728
2016-11-02,1,0.03715089273281777
2016-11-03,1,-0.05123838083545069
2016-11-04,1,0.011562303712125297
2016-11-07,1,-0.005521674362226267
2016-11-08,1,-0.12337630812944395
2016-11-09,1,-0.0648873264450246
2016-11-10,1,-0.025225984212000646
2016-11-11,1,-0.019755621631626585
2016-11-14,1,-0.05649211273426555
2016-11-15,1,-0.03004863846098639
2016-11-16,1,-0.010913298726856764
2016-11-17,1,0.06623307133939497
2016-11-18,1,-0.03378624907464442
2016-11-21,1,0.004491617419933428
2016-11-22,1,0.022198510201451162
2016-11-23,1,-0.027989876716265984
2016-11-25,1,-0.0510639801212748
2016-11-28,1,-0.01726518141064007
2016-11-29,1,0.04230628218104711
2016-11-30,1,0.14354216282266452
2016-12-01,1,0.023392069772327696
2016-12-02,1,-0.07324736193970013
2016-12-05,1,0.12731898442868556
2016-12-06,1,0.02239770581586709
2016-12-07,1,0.012821006803047359
2016-12-08,1,-0.08214317465293829
2016-12-09,1,-0.061903069451246635
2016-12-12,1,-0.1431849209604173
2016-12-13,1,0.042227188935064025
2016-12-14,1,0.1490714169229689
2016-12-15,1,-0.15289605902832124
2016-12-16,1,0.042877058402611364
2016-12-19,1,0.17439143505643057
2016-12-20,1,-0.11633813590824313
2016-12-21,1,-0.05735243587172719
2016-12-22,1,0.0092164640104407
2016-12-23,1,0.009281658744085089
2016-12-27,1,-0.045086918507592534
2016-12-28,1,-0.031234563298385386
2016-12-29,1,-0.08346262712539165
2016-12-30,1,-0.1393108850269137
2017-01-03,1,-0.06325033974005895
2017-01-04,1,-0.21823348092894732
2017-01-05,1,-0.1383698724355581
2017-01-06,1,-0.07823665623171543
2017-01-09,1,0.13018050359221175
2017-01-10,1,0.007152666080327938
2017-01-11,1,-0.13255755853251344
2017-01-12,1,-0.05127627856841087
2017-01-13,1,-0.17917130422726113
2017-01-17,1,0.16688832047317467
2017-01-18,1,-0.06474814111918421
2017-01-19,1,0.0031214990762721434
2017-01-20,1,0.030224983211624437
2017-01-23,1,0.08771071833097868
2017-01-24,1,0.05812369230936356
2017-01-25,1,-0.022352498288376092
2017-01-26,1,-0.018379006429539584
2017-01-27,1,-0.14970196374640932
2017-01-30,1,-0.03291945639660108
2017-01-31,1,0.16507054300907553
2017-02-01,1,-0.10954650673360437
2017-02-02,1,0.03566127683702615
2017-02-03,1,-0.08058881036957882
2017-02-06,1,-0.0449213850788742
2017-02-07,1,-0.08567138186464367
2017-02-08,1,-0.10486472651692619
2017-02-09,1,-0.11015171551714914
2017-02-10,1,0.0433760938957088
2017-02-13,1,-0.011958116169380178
2017-02-14,1,-0.035298730178149294
2017-02-15,1,-0.03712606938210331
2017-02-16,1,-0.02070715396642817
2017-02-17,1,0.03224310311737687
2017-02-21,1,0.021072039042497197
2017-02-22,1,-0.021423997028825418
2017-02-23,1,-0.05677064436818153
2017-02-24,1,-0.016217445657531058
2017-02-27,1,0.09590330497158175
2017-02-28,1,0.051294368643116324
2017-03-01,1,-0.011081731340231977
2017-03-02,1,0.1740235438839617
2017-03-03,1,0.06917955444164259
2017-03-06,1,0.13820348650395892
2017-03-07,1,-0.008303090989680486
2017-03-08,1,0.07700853204029778
2017-03-09,1,-0.04032032500841763
2017-03-10,1,0.056146327565663
2017-03-13,1,0.07600707489522235
2017-03-14,1,-0.13765598926870592
2017-03-15,1,-0.0655315961162011
2017-03-16,1,-0.11241527782920828
2017-03-17,1,0.20824698297334457
2017-03-20,1,0.11801863820962652
2017-03-21,1,0.12832212094391304
2017-03-22,1,-0.09881835343131896
2017-03-23,1,0.09931026709611883
2017-03-24,1,-0.047291312476716224
2017-03-27,1,-0.05061523409843967
2017-03-28,1,-0.12897390270135772
2017-03-29,1,-0.061369887900104995
2017-03-30,1,-0.0413604472931601
2017-03-31,1,0.16982846960836898
2017-04-03,1,0.08717993943654685
2017-04-04,1,0.0011056312532393472
2017-04-05,1,-0.11383237677290373
2017-04-06,1,-0.03335535849899309
2017-04-07,1,-0.11376994063450378
2017-04-10,1,-0.11165806191244385
2017-04-11,1,0.10414078993866874
2017-04-12,1,0.1424576920189523
2017-04-13,1,0.04201789590315098
2017-04-17,1,0.03340055662639524
2017-04-18,1,-0.02826861262075422
2017-04-19,1,-0.06117791107315292
2017-04-20,1,0.0005296837999913046
2017-04-21,1,-0.018026866828461
2017-04-24,1,0.003011224168623049
2017-04-25,1,-0.11277810955130808
2017-04-26,1,0.07125522894908026
2017-04-27,1,0.09133341389425312
2017-04-28,1,0.166497948966769
2017-05-01,1,-0.009666366657031925
2017-05-02,1,0.06272589646949871
2017-05-03,1,0.06951088065422763
2017-05-04,1,-0.05274759352869999
2017-05-05,1,-0.009833578296943988
2017-05-08,1,0.04136149497916975
2017-05-09,1,0.01925667879915007
2017-05-10,1,0.11409134229011905
2017-05-11,1,0.14370473068759332
2017-05-12,1,-0.026314520953506924
2017-05-15,1,0.16092084208049454
2017-05-16,1,-0.02888841804991849
2017-05-17,1,0.12812937833162302
2017-05-18,1,-0.06684004335722271
2017-05-19,1,-0.01563955867252893
2017-05-22,1,0.027618079693833345
2017-05-23,1,0.06554406351608258
2017-05-24,1,0.07334764597332542
2017-05-25,1,0.045225005485284776
2017-05-26,1,0.01717331236299111
2017-05-30,1,0.06648946920221588
2017-05-31,1,-0.14069966364716965
2017-06-01,1,0.11179262060835574
2017-06-02,1,0.014338109260927455
2017-06-05,1,0.05838405484643978
2017-06-06,1,0.03906029311122212
2017-06-07,1,0.03012681075497771
2017-06-08,1,-0.20620090371360972
2017-06-09,1,-0.19740227775345573
2017-06-12,1,0.03146752432339465
2017-06-13,1,-0.020745221673045853
2017-06-14,1,0.07878324126591871
2017-06-15,1,0.06389635751419226
2017-06-16,1,0.08010115790785242
2017-06-19,1,0.07645536652936763
2017-06-20,1,0.15567065149261503
2017-06-21,1,-0.0509668109701326
2017-06-22,1,-0.05132714276914516
2017-06-23,1,-0.15855890751530016
2017-06-26,1,-0.1218001611275957
2017-06-27,1,-0.039656034510335635
2017-06-28,1,-0.1202668214092877
2017-06-29,1,0.017698737385940414
2017-06-30,1,-0.16384590931825313
2017-07-03,1,0.15824999693598413
2017-07-05,1,0.11157979050673711
2017-07-06,1,0.14305011752796334
2017-07-07,1,0.0484720732974615
2017-07-10,1,-0.021111245694195487
2017-07-11,1,0.052125411501592826
2017-07-12,1,-0.14662820213356798
2017-07-13,1,0.0010921227857625423
2017-07-14,1,-0.09063230202915104
2017-07-17,1,0.126005995846415
2017-07-18,1,-0.13442688430599284
2017-07-19,1,-0.040897774072508074
2017-07-20,1,0.14053399800476787
2017-07-21,1,0.19183587654559894
2017-07-24,1,-0.15747154001759928
2017-07-25,1,-0.04290162680143709
2017-07-26,1,-0.12487574345511102
2017-07-27,1,0.09825693277960833
2017-07-28,1,-0.0532374410432895
2017-07-31,1,0.04196820792570427
2017-08-01,1,0.016537084880009125
2017-08-02,1,0.030978100277996704
2017-08-03,1,-0.023634836419619304
2017-08-04,1,0.10375784217804622
2017-08-07,1,-0.00037309868852707166
2017-08-08,1,0.0863650056881402
2017-08-09,1,0.01644068216160226
2017-08-10,1,-0.02429445057769018
2017-08-11,1,0.06341859354467615
2017-08-14,1,0.16990815628217734
2017-08-15,1,-0.04179726863459604
2017-08-16,1,0.043796400001968105
2017-08-17,1,-0.0026766230494237207
2017-08-18,1,0.1042063031785881
2017-08-21,1,-0.02993635164150572
2017-08-22,1,0.01697709417378587
2017-08-23,1,0.050085089477615044
2017-08-24,1,-0.10103677585719366
2017-08-25,1,0.10536197859507897
2017-08-28,1,0.08794765656232745
2017-08-29,1,-0.00047135663493939623
2017-08-30,1,-0.010488458543264051
2017-08-31,1,-0.07789931152036436
2017-09-01,1,0.07856584515050398
2017-09-05,1,-0.07857793897910068
2017-09-06,1,0.1482087366567639
2017-09-07,1,-0.021305531519387952
2017-09-08,1,-0.0939391881003081
2017-09-11,1,-0.17149514450033015
2017-09-12,1,-0.15848442556525533
2017-09-13,1,-0.030524597579540954
2017-09-14,1,-0.02551206029158259
2017-09-15,1,0.11248329729230992
2017-09-18,1,0.1495449257971166
2017-09-19,1,-0.044758141030643454
2017-09-20,1,0.030323870619265798
2017-09-21,1,-0.008919546863793374
2017-09-22,1,-0.05196091837967943
2017-09-25,1,-0.047574629217977775
2017-09-26,1,0.027499161760496073
2017-09-27,1,0.01342184508326983
2017-09-28,1,0.05413926932751593
2017-09-29,1,-0.008515989045275318
2017-10-02,1,-0.0581677089879556
2017-10-03,1,-0.016883901960916353
2017-10-04,1,-0.09072063184614224
2017-10-05,1,-0.03172807017073907
2017-10-06,1,0.08466764972218914
2017-10-09,1,-0.041043695227750074
2017-10-10,1,0.09875016054765798
2017-10-11,1,0.016625306753341708
2017-10-12,1,0.026033512613443992
2017-10-13,1,0.11923333302198688
2017-10-16,1,-0.021500433648606564
2017-10-17,1,0.023377664700234318
2017-10-18,1,-0.015142118942596107
2017-10-19,1,0.004348343027628253
2017-10-20,1,0.04487182953825599
2017-10-23,1,0.14973360927286278
2017-10-24,1,0.053857103372145054
2017-10-25,1,0.03901208824645137
2017-10-26,1,0.10131283898584958
2017-10-27,1,-0.005635339414161286
2017-10-30,1,0.12689249562053362
2017-10-31,1,-0.03874677779475787
2017-11-01,1,0.09563428421333953
2017-11-02,1,0.06593033538278248
2017-11-03,1,0.019836170614224692
2017-11-06,1,-0.004401275903129948
2017-11-07,1,0.011481709944345641
2017-11-08,1,-0.04289344110180502
2017-11-09,1,0.05194366071982383
2017-11-10,1,0.044135171695330676
2017-11-13,1,0.065460597074271
2017-11-14,1,-0.10474576530395528
2017-11-15,1,0.02549601923800846
2017-11-16,1,0.0018550333466920623
2017-11-17,1,0.15492095369114967
2017-11-20,1,0.13058165719256498
2017-11-21,1,-0.09985941227420767
2017-11-22,1,0.10011305685129791
2017-11-24,1,-0.07593724813649486
2017-11-27,1,0.05970001844820345
2017-11-28,1,-0.06902067168032706
2017-11-29,1,-0.05443556637576238
2017-11-30,1,-0.0579159892261963
2017-12-01,1,-0.04352502953546461
2017-12-04,1,-0.01825565711974291
2017-12-05,1,0.03476533639262964
2017-12-06,1,0.03888045924315578
2017-12-07,1,-0.003096001522019836
2017-12-08,1,-0.13845838678271685
2017-12-11,1,-0.11640765335033844
2017-12-12,1,-0.016336965480184613
2017-12-13,1,-0.09169136077688608
2017-12-14,1,-0.00014271598308475796
2017-12-15,1,0.06937023264321523
2017-12-18,1,-0.03484612034536271
2017-12-19,1,0.03333453597507822
2017-12-20,1,0.012060969160816492
2017-12-21,1,0.03274079805484218
2017-12-22,1,0.12677323431779844
2017-12-26,1,0.004312838516181611
2017-12-27,1,-0.10474470286763293
2017-12-28,1,-0.04257806081580572
2017-12-29,1,-0.044335277134729886
2018-01-02,1,-0.014650444662820198
2018-01-03,1,-0.08548843116395188
2018-01-04,1,0.0029033076303442732
2018-01-05,1,0.025689305256727534
2018-01-08,1,0.047954036327919315
2018-01-09,1,0.0003321866153588103
2018-01-10,1,0.0015794048180418324
2018-01-11,1,-0.01309871414916119
2018-01-12,1,-0.11649020775318637
2018-01-16,1,0.09302139740531346
2018-01-17,1,0.07296600233633914
2018-01-18,1,0.04232423421297519
2018-01-19,1,0.05670619454889873
2018-01-22,1,-0.05109676565276111
2018-01-23,1,-0.04711416968922751
2018-01-24,1,0.012334604698135682
2018-01-25,1,0.055929803946496576
2018-01-26,1,0.02960140810291409
2018-01-29,1,-0.08368673215198508
2018-01-30,1,-1.04806928153691e-05
2018-01-31,1,-0.04949791498639213
2018-02-01,1,-0.025057228362149443
2018-02-02,1,0.027667518156383193
2018-02-05,1,-0.010905791889585549
2018-02-06,1,0.025171523717049324
2018-02-07,1,-0.1149178791295461
2018-02-08,1,-0.03241850001916839
2018-02-09,1,0.011401821841350197
2018-02-12,1,0.18751118015696297
2018-02-13,1,0.05730836185964537
2018-02-14,1,-0.04094077338338735
2018-02-15,1,-0.05786603598822033
2018-02-16,1,-0.012151356688696728
2018-02-20,1,-0.038571057826697515
2018-02-21,1,0.006557782959994125
2018-02-22,1,4.1309710614320466e-05
2018-02-23,1,-0.07404818679980638
2018-02-26,1,0.07492771145143075
2018-02-27,1,0.12648951818994061
2018-02-28,1,-0.015435418800943752
2018-03-01,1,-0.001013132824942052
2018-03-02,1,-0.08252539623763744
2018-03-05,1,-0.04939581965095164
2018-03-06,1,0.028127317634835784
2018-03-07,1,-0.03478647307145441
2018-03-08,1,-0.08162979273191937
2018-03-09,1,-0.10992887126371481
2018-03-12,1,-0.05357318613806765
2018-03-13,1,0.10393964733602036
2018-03-14,1,0.09127963545597313
2018-03-15,1,-0.10268230063207134
2018-03-16,1,0.10077806193285814
2018-03-19,1,0.23350013232573444
2018-03-20,1,-0.01597546995899187
2018-03-21,1,0.07287196509534076
2018-03-22,1,0.09842769599082281
2018-03-23,1,0.14885892999964395
2018-03-26,1,-0.1389472870173811
2018-03-27,1,-0.0851525706263011
2018-03-28,1,0.025194544820534355
2018-03-29,1,0.05590860468128106
2018-04-02,1,0.009688593934814416
2018-04-03,1,-0.057654589891575715
2018-04-04,1,-0.08701505757923023
2018-04-05,1,0.10336942047515804
2018-04-06,1,0.0610040176334203
2018-04-09,1,-0.04513613402474603
2018-04-10,1,0.0352933571051201
2018-04-11,1,0.033449641827907814
2018-04-12,1,-0.015005667853083852
2018-04-13,1,-0.08813593793441742
2018-04-16,1,0.1110074446084567
2018-04-17,1,0.0001397034483582327
2018-04-18,1,0.16438255253721204
2018-04-19,1,0.06428262318594134
2018-04-20,1,0.025538463713417493
2018-04-23,1,0.032825948340343324
2018-04-24,1,-0.11382760881890604
2018-04-25,1,0.08554029213879259
2018-04-26,1,-0.02367598858550188
2018-04-27,1,0.10065110829331975
2018-04-30,1,-0.1176547054816798
2018-05-01,1,0.116215512383864
2018-05-02,1,0.04873746869709105
2018-05-03,1,-0.09190227853470022
2018-05-04,1,0.056767684309451595
2018-05-07,1,0.11325073472683099
2018-05-08,1,0.08071429591056677
2018-05-09,1,0.0434820681960093
2018-05-10,1,-0.1035647461030436
2018-05-11,1,-0.13304065895921477
2018-05-14,1,0.12041784119726412
2018-05-15,1,-0.022444371239205323
2018-05-16,1,0.08259783585079528
2018-05-17,1,0.017208790533375134
2018-05-18,1,0.026478487621207608
2018-05-21,1,-0.11139038043246059
2018-05-22,1,0.12842512966312802
2018-05-23,1,0.13223937288937537
2018-05-24,1,-0.06638747940816134
2018-05-25,1,0.17780621278483
2018-05-29,1,0.08364480499376761
2018-05-30,1,0.09473619609468452
2018-05-31,1,0.07215127034944935
2018-06-01,1,-0.02953807539015307
2018-06-04,1,0.07255149673469058
2018-06-05,1,-0.07214181737016895
2018-06-06,1,-0.11336103438698922
2018-06-07,1,-0.005558007492964661
2018-06-08,1,-0.13038101640580124
2018-06-11,1,-4.485850981800585e-05
2018-06-12,1,0.1039808331617387
2018-06-13,1,0.050719450486147344
2018-06-14,1,-0.02659869432959225
2018-06-15,1,0.15833388866669257
2018-06-18,1,0.028646703301617962
2018-06-19,1,0.055892251041883306
2018-06-20,1,-0.030157238092326562
2018-06-21,1,-0.0031960286178544886
2018-06-22,1,-0.11124345046459343
2018-06-25,1,0.09651522588491733
2018-06-26,1,-0.037494915395333735
2018-06-27,1,0.09624716854428257
2018-06-28,1,-0.15613746469771927
2018-06-29,1,0.11201384451727654
2018-07-02,1,-0.032419325449943276
2018-07-03,1,0.023110058927502695
2018-07-05,1,0.046400288228428274
2018-07-06,1,-0.11297245390425968
2018-07-09,1,-0.11183573710161343
2018-07-10,1,0.11104333391880375
2018-07-11,1,0.029217717903075927
2018-07-12,1,-0.016575255150917723
2018-07-13,1,0.07797661417981835
2018-07-16,1,0.0005941987208498698
2018-07-17,1,-0.10274874768978773
2018-07-18,1,-0.006076885557078133
2018-07-19,1,0.0664159583716234
2018-07-20,1,0.1251740516872155
2018-07-23,1,-0.13581638430266504
2018-07-24,1,0.12917403007478143
2018-07-25,1,-0.13200731936983368
2018-07-26,1,-0.19422663115945177
2018-07-27,1,-0.12706618207312745
2018-07-30,1,-0.04553460326679988
2018-07-31,1,0.052806633822634556
2018-08-01,1,0.08370033960674886
2018-08-02,1,-0.09795062480386729
2018-08-03,1,0.07628180759163572
2018-08-06,1,-0.003637405362346743
2018-08-07,1,0.030960082562747303
2018-08-08,1,-0.00710404977670293
2018-08-09,1,0.16232148780983102
2018-08-10,1,0.06885484550299162
2018-08-13,1,0.12726858169005817
2018-08-14,1,0.02736548379382671
2018-08-15,1,-0.08885722105356679
2018-08-16,1,0.005129703109838397
2018-08-17,1,0.016366414419710235
2018-08-20,1,-0.04851121368956904
2018-08-21,1,0.06273243058993339
2018-08-22,1,0.161740337151723
2018-08-23,1,-0.036403931329080944
2018-08-24,1,-0.12142967910402944
2018-08-27,1,-0.014155731879821713
2018-08-28,1,-0.004481510849221987
2018-08-29,1,0.12968924072931742
2018-08-30,1,0.07104750435520965
2018-08-31,1,0.22544559563854358
2018-09-04,1,-0.06518705922622005
2018-09-05,1,0.1500167928614477
2018-09-06,1,0.024151708576287408
2018-09-07,1,0.02578244242917566
2018-09-10,1,0.09995820368186085
2018-09-11,1,-0.004046535129743606
2018-09-12,1,0.00637860892255116
2018-09-13,1,-0.025637365451664562
2018-09-14,1,-0.06955096409171928
2018-09-17,1,0.06032741245857708
2018-09-18,1,-0.22546873832259076
2018-09-19,1,-0.14844427901000434
2018-09-20,1,0.015302531719227758
2018-09-21,1,0.05762886757872204
2018-09-24,1,0.1605938960131852
2018-09-25,1,0.07835011294993491
2018-09-26,1,0.12341778343890433
2018-09-27,1,-0.00617120955832535
2018-09-28,1,-0.008250155048351195
2018-10-01,1,-0.07926674868264437
2018-10-02,1,-0.03939241972611732
2018-10-03,1,-0.009262056246631331
2018-10-04,1,0.07025078983326694
2018-10-05,1,-0.13946823834264419
2018-10-08,1,0.06935243728953175
2018-10-09,1,-0.1811642289542257
2018-10-10,1,-0.07516420106838982
2018-10-11,1,0.1182620037859906
2018-10-12,1,-0.016769563720105102
2018-10-15,1,0.01536135906241653
2018-10-16,1,0.012839452290547875
2018-10-17,1,0.1157745557315577
2018-10-18,1,0.02523906986900528
2018-10-19,1,0.07303544697977148
2018-10-22,1,-0.0639596658601455
2018-10-23,1,0.013928059647387041
2018-10-24,1,-0.13114171334385613
2018-10-25,1,0.06751448453436541
2018-10-26,1,0.023910723378906148
2018-10-29,1,-0.09494829921583713
2018-10-30,1,-0.09858177491231435
2018-10-31,1,-0.3134081885346237
2018-11-01,1,-0.013619487691802759
2018-11-02,1,0.018370324528735958
2018-11-05,1,-0.04847706824943225
2018-11-06,1,-0.0100877608484276
2018-11-07,1,0.08632170356482013
2018-11-08,1,0.06468375350396786
2018-11-09,1,0.04660515781483517
2018-11-12,1,0.00041029203837814206
2018-11-13,1,-0.02298543516290763
2018-11-14,1,-0.015675206078316167
2018-11-15,1,0.07738084063818737
2018-11-16,1,0.041148447805725345
2018-11-19,1,-0.05512043693833755
2018-11-20,1,-0.22228429270695213
2018-11-21,1,0.0363176264911699
2018-11-23,1,-0.053874562157587805
2018-11-26,1,0.15893464564528917
2018-11-27,1,-0.11246985445515421
2018-11-28,1,0.039033227740757244
2018-11-29,1,-0.002233200628773375
2018-11-30,1,-0.053002798472278484
2018-12-03,1,0.20232677952033504
2018-12-04,1,-0.004461059773966773
2018-12-06,1,0.08514971841316955
2018-12-07,1,0.0799817335468578
2018-12-10,1,0.19377644535318986
2018-12-11,1,-0.02699589962464038
2018-12-12,1,0.25704263366318575
2018-12-13,1,0.08330635594372428
2018-12-14,1,-0.04826949470764483
2018-12-17,1,-0.016494452123574657
2018-12-18,1,0.1307429463317634
2018-12-19,1,0.07455958308839238
2018-12-20,1,0.1126628738311001
2018-12-21,1,-0.043517410094698485
2018-12-24,1,-0.178359579477369
2018-12-26,1,0.023423753390042212
2018-12-27,1,-0.03910786299914319
2018-12-28,1,0.05737667813279044
2018-12-31,1,-0.3285088492682659
2001-01-02,5,
2001-01-03,5,
2001-01-04,5,
2001-01-05,5,
2001-01-08,5,
2001-01-09,5,
2001-01-10,5,
2001-01-11,5,
2001-01-12,5,
2001-01-16,5,
2001-01-17,5,
2001-01-18,5,
2001-01-19,5,
2001-01-22,5,
2001-01-23,5,
2001-01-24,5,
2001-01-25,5,
2001-01-26,5,
2001-01-29,5,
2001-01-30,5,
2001-01-31,5,
2001-02-01,5,
2001-02-02,5,
2001-02-05,5,
2001-02-06,5,
2001-02-07,5,
2001-02-08,5,
2001-02-09,5,
2001-02-12,5,
2001-02-13,5,
2001-02-14,5,
2001-02-15,5,
2001-02-16,5,
2001-02-20,5,
2001-02-21,5,
2001-02-22,5,
2001-02-23,5,
2001-02-26,5,
2001-02-27,5,
2001-02-28,5,
2001-03-01,5,
2001-03-02,5,
2001-03-05,5,
2001-03-06,5,
2001-03-07,5,
2001-03-08,5,
2001-03-09,5,
2001-03-12,5,
2001-03-13,5,
2001-03-14,5,
2001-03-15,5,
2001-03-16,5,
2001-03-19,5,
2001-03-20,5,
2001-03-21,5,
2001-03-22,5,
2001-03-23,5,
2001-03-26,5,
2001-03-27,5,0.1178015009229105
2001-03-28,5,0.0684380134429566
2001-03-29,5,0.03562087859220989
2001-03-30,5,0.052963255601499615
2001-04-02,5,0.020574393543745965
2001-04-03,5,-0.1159706028119537
2001-04-04,5,-0.11840348158981547
2001-04-05,5,-0.125458510228932
2001-04-06,5,-0.15378908541081512
2001-04-09,5,-0.13516252900512996
2001-04-10,5,-0.09159312782660663
2001-04-11,5,-0.1084586056994462
2001-04-12,5,-0.12158659303976556
2001-04-16,5,-0.1251997689226249
2001-04-17,5,-0.10816914853701046
2001-04-18,5,-0.05745686924653808
2001-04-19,5,0.010105974379410038
2001-04-20,5,0.020147634347362706
2001-04-23,5,-0.03231481818545538
2001-04-24,5,-0.09890919262808372
2001-04-25,5,-0.18949823742258712
2001-04-26,5,-0.17197363111243297
2001-04-27,5,-0.18458510006717818
2001-04-30,5,-0.1517011639778985
2001-05-01,5,-0.13631878778220058
2001-05-02,5,-0.0206848689813268
2001-05-03,5,0.045511938847361225
2001-05-04,5,0.09286450160647242
2001-05-07,5,0.04514233882921167
2001-05-08,5,0.062035517408029074
2001-05-09,5,0.078580468900445
2001-05-10,5,0.0859282615577447
2001-05-11,5,0.05242047119133855
2001-05-14,5,0.007413163000237264
2001-05-15,5,-0.004196725143633279
2001-05-16,5,-0.040252969621211
2001-05-17,5,-0.06440502366157193
2001-05-18,5,-0.08554131357520602
2001-05-21,5,-0.15004456607663158
2001-05-22,5,-0.10525333866805256
2001-05-23,5,-0.05035509464014345
2001-05-24,5,-0.05441751257527905
2001-05-25,5,-0.035793250183613186
2001-05-29,5,0.041714635296019556
2001-05-30,5,0.07771819453867704
2001-05-31,5,0.04255280523529662
2001-06-01,5,0.07027263869471365
2001-06-04,5,0.060699166009691476
2001-06-05,5,0.015722165243684964
2001-06-06,5,-0.04947841782806276
2001-06-07,5,-0.08527237417442746
2001-06-08,5,-0.08990509076458214
2001-06-11,5,-0.05124704754231182
2001-06-12,5,-0.06544458023817351
2001-06-13,5,0.03216185181468768
2001-06-14,5,0.08115773587830605
2001-06-15,5,0.07675689619666394
2001-06-18,5,0.060213572451864594
2001-06-19,5,0.0566468847742216
2001-06-20,5,0.022000120048424495
2001-06-21,5,-0.0014681157390979483
2001-06-22,5,0.09211774911848303
2001-06-25,5,0.06911078204295056
2001-06-26,5,-0.014268111752996996
2001-06-27,5,-0.02634171685014343
2001-06-28,5,-0.07981729448296819
2001-06-29,5,-0.22422058216678598
2001-07-02,5,-0.05651978750160183
2001-07-03,5,-0.06005779498641333
2001-07-05,5,0.0321413151733068
2001-07-06,5,0.027603934601820312
2001-07-09,5,0.018956392102951636
2001-07-10,5,0.02285898806278414
2001-07-11,5,0.04937086947880358
2001-07-12,5,0.03122319938732354
2001-07-13,5,0.03260173447905801
2001-07-16,5,0.011634725130455098
2001-07-17,5,-0.0018845715613817946
2001-07-18,5,-0.023376564986488987
2001-07-19,5,-0.00010012061476843132
2001-07-20,5,0.0026756783774222596
2001-07-23,5,0.0037950029689074335
2001-07-24,5,-0.018520113543142584
2001-07-25,5,-0.012564720488262512
2001-07-26,5,-0.03671907186543808
2001-07-27,5,-0.046341626159927186
2001-07-30,5,-0.07285635331779003
2001-07-31,5,-0.06001693322784834
2001-08-01,5,-0.046000138032502136
2001-08-02,5,-0.023392094014547008
2001-08-03,5,0.01779654024214133
2001-08-06,5,0.05311777396562646
2001-08-07,5,0.05594753503777645
2001-08-08,5,0.04963876693562991
2001-08-09,5,0.06299486399116969
2001-08-10,5,0.04426713848995756
2001-08-13,5,0.061210492726908386
2001-08-14,5,0.0611273703762969
2001-08-15,5,0.14328942625893304
2001-08-16,5,0.14630577068020853
2001-08-17,5,0.09938607571984204
2001-08-20,5,0.03503063590381033
2001-08-21,5,0.05313533515108522
2001-08-22,5,0.08795804639633995
2001-08-23,5,0.06774397983928257
2001-08-24,5,0.07918158068902245
2001-08-27,5,0.05985319627612085
2001-08-28,5,0.07531350365667296
2001-08-29,5,0.08021025877445452
2001-08-30,5,0.06734798648940069
2001-08-31,5,0.0839176127897192
2001-09-04,5,0.1040746795999881
2001-09-05,5,0.10124348560482434
2001-09-06,5,0.1048495908284233
2001-09-07,5,0.07888603646921397
2001-09-10,5,0.05767319782823891
2001-09-17,5,0.028587591807720584
2001-09-18,5,0.016016827645060634
2001-09-19,5,0.025359070251974102
2001-09-20,5,0.027763266229855935
2001-09-21,5,0.02868319497047193
2001-09-24,5,0.10508768940976092
2001-09-25,5,0.08568925183361746
2001-09-26,5,-0.13795574401806765
2001-09-27,5,-0.23534546366128842
2001-09-28,5,-0.22435299473734863
2001-10-01,5,-0.19215042925641432
2001-10-02,5,-0.16949938194957107
2001-10-03,5,-0.15795159761804192
2001-10-04,5,-0.18939208365223864
2001-10-05,5,-0.16590481562159792
2001-10-08,5,-0.18993519502083006
2001-10-09,5,-0.2434684526571125
2001-10-10,5,-0.14159579519966778
2001-10-11,5,-0.004948658215126911
2001-10-12,5,0.020275241314401636
2001-10-15,5,0.04075114518141945
2001-10-16,5,0.051632461916651905
2001-10-17,5,0.03668498797424829
2001-10-18,5,-0.015131638653450654
2001-10-19,5,-0.08542234080177213
2001-10-22,5,-0.0863674329182433
2001-10-23,5,-0.004191267249141234
2001-10-24,5,-0.07112613093350198
2001-10-25,5,-0.011221009622097756
2001-10-26,5,0.0804576789962049
2001-10-29,5,-0.0245657624629418
2001-10-30,5,-0.08653488056153705
2001-10-31,5,-0.09248044898547425
2001-11-01,5,-0.11034292655587458
2001-11-02,5,-0.15340665729095548
2001-11-05,5,-0.07920210144891353
2001-11-06,5,-0.09970750947665709
2001-11-07,5,-0.16758132634485995
2001-11-08,5,-0.15074353934405996
2001-11-09,5,-0.2094323389629714
2001-11-12,5,-0.23259530137167386
2001-11-13,5,-0.23972366413491047
2001-11-14,5,-0.22135208166165218
2001-11-15,5,-0.1548412399234581
2001-11-16,5,-0.05077630012207983
2001-11-19,5,-0.0727592406959685
2001-11-20,5,-0.05753540587882785
2001-11-21,5,-0.03230956960338408
2001-11-23,5,-0.06752798910759514
2001-11-26,5,-0.10691202143761622
2001-11-27,5,-0.07739807788206204
2001-11-28,5,-0.047824195535947155
2001-11-29,5,-0.09152593824548168
2001-11-30,5,-0.06578317940574128
2001-12-03,5,-0.05065328738578976
2001-12-04,5,-0.05674846660805399
2001-12-05,5,-0.06579182431176914
2001-12-06,5,-0.061026643482646435
2001-12-07,5,-0.025955723222034665
2001-12-10,5,-0.020582327095986272
2001-12-11,5,-0.010084206966489536
2001-12-12,5,-0.01591004691326032
2001-12-13,5,-0.025968775925947166
2001-12-14,5,-0.005501579167674297
2001-12-17,5,-0.018406611098343503
2001-12-18,5,-0.051732130709928874
2001-12-19,5,-0.13719701302614373
2001-12-20,5,-0.03449372543123796
2001-12-21,5,-0.08074804333316939
2001-12-24,5,-0.12295225323794821
2001-12-26,5,-0.10990924910381594
2001-12-27,5,0.0016056461078912834
2001-12-28,5,-0.010584820683187213
2001-12-31,5,0.01594538603435956
2002-01-02,5,0.05528234206600828
2002-01-03,5,0.056778500725878145
2002-01-04,5,-0.04813432479104647
2002-01-07,5,-0.06579630518848648
2002-01-08,5,-0.05634850860660094
2002-01-09,5,-0.05993770151544372
2002-01-10,5,-0.05857926014823272
2002-01-11,5,-0.019213788669324893
2002-01-14,5,0.002989887820987019
2002-01-15,5,0.0300845354107344
2002-01-16,5,0.07763907711120006
2002-01-17,5,0.05156899816678533
2002-01-18,5,0.09104416500112394
2002-01-22,5,0.04616523927747171
2002-01-23,5,0.010819138584874932
2002-01-24,5,-0.0048078863464153555
2002-01-25,5,-0.021397604370475394
2002-01-28,5,-0.030521436093976326
2002-01-29,5,-0.01882855871929541
2002-01-30,5,0.006081636437737341
2002-01-31,5,-0.0031582626686079123
2002-02-01,5,0.013535997349467836
2002-02-04,5,0.0010287623295283297
2002-02-05,5,-0.019523856548180923
2002-02-06,5,-0.0494904757200942
2002-02-07,5,-0.008618861089482123
2002-02-08,5,0.011650407322373643
2002-02-11,5,0.019683238939747463
2002-02-12,5,0.020875251249250618
2002-02-13,5,0.05718143918431788
2002-02-14,5,0.014161339479738907
2002-02-15,5,0.043886783208662135
2002-02-19,5,0.03488506899818763
2002-02-20,5,0.021868050077956794
2002-02-21,5,0.014563495305441718
2002-02-22,5,0.028177885214682605
2002-02-25,5,-0.05712330608301114
2002-02-26,5,-0.0830801374647897
2002-02-27,5,-0.17277493373344843
2002-02-28,5,-0.2323531103476581
2002-03-01,5,-0.23241450558915805
2002-03-04,5,-0.26814449841463156
2002-03-05,5,-0.22568740714215707
2002-03-06,5,-0.09135311923127427
2002-03-07,5,-0.0935632767864657
2002-03-08,5,-0.022545717170632373
2002-03-11,5,0.04164121348933909
2002-03-12,5,0.03382278732084633
2002-03-13,5,0.03356634922595153
2002-03-14,5,0.03806677258410706
2002-03-15,5,-0.004005786084646393
2002-03-18,5,0.007548629032958862
2002-03-19,5,-0.02259816694868216
2002-03-20,5,0.0074026464177680655
2002-03-21,5,0.04873022139721783
2002-03-22,5,0.07100046974627708
2002-03-25,5,0.04891852177480104
2002-03-26,5,0.04456565051587296
2002-03-27,5,0.03294250389295921
2002-03-28,5,0.07760956796881803
2002-04-01,5,0.09366855406396934
2002-04-02,5,0.08904472611429286
2002-04-03,5,0.14001696511753864
2002-04-04,5,0.19486359891073693
2002-04-05,5,0.14570937703930395
2002-04-08,5,0.14083376713317475
2002-04-09,5,0.033908487236849784
2002-04-10,5,-0.016042501909893488
2002-04-11,5,-0.08251299326238727
2002-04-12,5,-0.06237837097110381
2002-04-15,5,-0.05763343082024084
2002-04-16,5,0.032682860012799214
2002-04-17,5,0.028288743221093503
2002-04-18,5,0.06952101952496548
2002-04-19,5,0.058277107139558144
2002-04-22,5,0.08740504533360428
2002-04-23,5,0.07447216938002954
2002-04-24,5,0.12761127660598434
2002-04-25,5,0.09841547311950269
2002-04-26,5,0.09069967933062188
2002-04-29,5,0.08597968035339724
2002-04-30,5,0.04932755671310072
2002-05-01,5,-0.0451441412099977
2002-05-02,5,-0.053429755377763816
2002-05-03,5,-0.054891992135227746
2002-05-06,5,-0.0865190386933267
2002-05-07,5,-0.12703094175277188
2002-05-08,5,-0.060213413011044686
2002-05-09,5,-0.06314919196571067
2002-05-10,5,-0.11471036293257898
2002-05-13,5,-0.07625158344016175
2002-05-14,5,-0.08366012714375706
2002-05-15,5,-0.04568167387212377
2002-05-16,5,-0.021410510348182026
2002-05-17,5,-0.04157060361648929
2002-05-20,5,-0.05658623437074191
2002-05-21,5,-0.03404948063132173
2002-05-22,5,-0.01076053716896502
2002-05-23,5,-0.018991536241078726
2002-05-24,5,-0.006014321734795263
2002-05-28,5,-0.026511544392765873
2002-05-29,5,0.019678442840848583
2002-05-30,5,0.017689807814345954
2002-05-31,5,0.028713499590449502
2002-06-03,5,0.010588654456090236
2002-06-04,5,0.036868011243147564
2002-06-05,5,0.043719803665068356
2002-06-06,5,0.060623998707157185
2002-06-07,5,0.07856229523002393
2002-06-10,5,0.07479131409620704
2002-06-11,5,0.07332192375196354
2002-06-12,5,0.12783835099728794
2002-06-13,5,0.10310330804890501
2002-06-14,5,0.08355091568682596
2002-06-17,5,0.1112058590999505
2002-06-18,5,0.12266182786962154
2002-06-19,5,0.07659163411027894
2002-06-20,5,0.015653494185042322
2002-06-21,5,-0.0387108706915101
2002-06-24,5,0.031408763763683505
2002-06-25,5,0.03522462094229849
2002-06-26,5,-0.020686222587745735
2002-06-27,5,-0.11098196865443762
2002-06-28,5,-0.0809806418679974
2002-07-01,5,-0.04942004436421974
2002-07-02,5,-0.09697210336397184
2002-07-03,5,-0.12024336303169328
2002-07-05,5,-0.05889172417278896
2002-07-08,5,-0.08660057071146546
2002-07-09,5,-0.08137071855263624
2002-07-10,5,-0.12294207203524751
2002-07-11,5,-0.06345596645610885
2002-07-12,5,0.023250495118956126
2002-07-15,5,0.005856349513588894
2002-07-16,5,0.05085458523792413
2002-07-17,5,0.04519403087620434
2002-07-18,5,0.0896813149210993
2002-07-19,5,0.045005469502679966
2002-07-22,5,0.019695149852258783
2002-07-23,5,-0.04751715079602926
2002-07-24,5,-0.006532845884262356
2002-07-25,5,-0.056618771429385616
2002-07-26,5,0.03448541939213177
2002-07-29,5,0.09747748861119301
2002-07-30,5,0.12981399873995855
2002-07-31,5,0.06127480472263464
2002-08-01,5,0.0623471865934695
2002-08-02,5,-0.010331352468331372
2002-08-05,5,-0.050938218636989774
2002-08-06,5,0.00754563666812359
2002-08-07,5,-0.0029596384273861145
2002-08-08,5,-0.013029167748785845
2002-08-09,5,-0.04292753838858481
2002-08-12,5,-0.09779345567987424
2002-08-13,5,-0.13309090130286555
2002-08-14,5,-0.21522096639075725
2002-08-15,5,-0.2417222658330924
2002-08-16,5,-0.2000358622630976
2002-08-19,5,-0.22650034600359037
2002-08-20,5,-0.23721034138420957
2002-08-21,5,-0.07855419035247045
2002-08-22,5,0.04693849333625963
2002-08-23,5,0.02148874846122954
2002-08-26,5,0.06873042671446904
2002-08-27,5,0.08159358811985873
2002-08-28,5,0.08211987758817804
2002-08-29,5,0.0017724473233226051
2002-08-30,5,0.042483227437810536
2002-09-03,5,-0.01777786484321009
2002-09-04,5,-0.011619246159319606
2002-09-05,5,0.0015978871244416077
2002-09-06,5,0.08266627616077254
2002-09-09,5,0.07502141063482762
2002-09-10,5,0.11528387871704147
2002-09-11,5,0.138621196063172
2002-09-12,5,0.12665230284698617
2002-09-13,5,0.10315845077081942
2002-09-16,5,0.09374132991472911
2002-09-17,5,0.1215530680012442
2002-09-18,5,0.10965492298458528
2002-09-19,5,0.09016342643404067
2002-09-20,5,0.07677075337073255
2002-09-23,5,0.04584908610638785
2002-09-24,5,0.00655552409857688
2002-09-25,5,0.05323232665393463
2002-09-26,5,0.11889425297870267
2002-09-27,5,0.1222964725169478
2002-09-30,5,0.14127439986274754
2002-10-01,5,0.1635415127856451
2002-10-02,5,0.19176397352212524
2002-10-03,5,0.1209655899182187
2002-10-04,5,-0.014487243566280719
2002-10-07,5,-0.08801054405464005
2002-10-08,5,-0.23304334820649666
2002-10-09,5,-0.20409042140645997
2002-10-10,5,-0.19262848663196622
2002-10-11,5,-0.09778918103055038
2002-10-14,5,-0.10195251679798245
2002-10-15,5,0.016375738001360652
2002-10-16,5,-0.1441485477791146
2002-10-17,5,-0.17750279018803897
2002-10-18,5,-0.13846044790171472
2002-10-21,5,-0.14939937013358118
2002-10-22,5,-0.14106016620196735
2002-10-23,5,-0.06777646299521026
2002-10-24,5,-0.035953879156349955
2002-10-25,5,-0.05318539975556464
2002-10-28,5,-0.09750439655555432
2002-10-29,5,-0.10755428337211953
2002-10-30,5,-0.14964191387239242
2002-10-31,5,-0.13135283896333888
2002-11-01,5,-0.10989228781903697
2002-11-04,5,-0.09801852510331087
2002-11-05,5,-0.05232554056633683
2002-11-06,5,-0.0108902899486714
2002-11-07,5,-0.006190345821763551
2002-11-08,5,-0.023700546748782466
2002-11-11,5,-0.04277950841380075
2002-11-12,5,-0.08307084543309912
2002-11-13,5,-0.07907472535406049
2002-11-14,5,-0.09281787706684572
2002-11-15,5,-0.15099484338362618
2002-11-18,5,-0.13782194320403024
2002-11-19,5,-0.16664545332006375
2002-11-20,5,-0.15953104085742198
2002-11-21,5,-0.1832433020329912
2002-11-22,5,-0.11425177350488791
2002-11-25,5,-0.14961284537246494
2002-11-26,5,-0.15278784595135736
2002-11-27,5,-0.1540741811907756
2002-11-29,5,-0.17053397112332033
2002-12-02,5,-0.1999391728960615
2002-12-03,5,-0.16063209396182282
2002-12-04,5,-0.06999184522289441
2002-12-05,5,-0.05420030280249305
2002-12-06,5,-0.07351190817104783
2002-12-09,5,0.053049665179079414
2002-12-10,5,-0.031115048148479534
2002-12-11,5,-0.09774602466270031
2002-12-12,5,-0.11403170768921879
2002-12-13,5,-0.09624207490560975
2002-12-16,5,-0.1294410414958454
2002-12-17,5,-0.1537577511008403
2002-12-18,5,-0.08365412760242925
2002-12-19,5,-0.1487144624711011
2002-12-20,5,-0.1760759302677166
2002-12-23,5,-0.23482012656700296
2002-12-24,5,-0.13484826979149128
2002-12-26,5,-0.05719394266684641
2002-12-27,5,0.063525145763267
2002-12-30,5,0.0712746465278059
2002-12-31,5,0.09498396378444533
2003-01-02,5,0.07192980532875641
2003-01-03,5,0.09284745958391061
2003-01-06,5,0.10438472029787066
2003-01-07,5,0.10432539055041157
2003-01-08,5,0.08174886263071922
2003-01-09,5,0.005007486395723158
2003-01-10,5,-0.11726657231088555
2003-01-13,5,-0.15223423175803608
2003-01-14,5,-0.13912790353742824
2003-01-15,5,-0.09371434876210184
2003-01-16,5,-0.0806015706550456
2003-01-17,5,-0.05763795643219739
2003-01-21,5,-0.03061384978140826
2003-01-22,5,-0.06799200842948229
2003-01-23,5,-0.09183272459034132
2003-01-24,5,-0.12801033303146292
2003-01-27,5,-0.08348777305862194
2003-01-28,5,-0.09778659231936064
2003-01-29,5,-0.09091975735583968
2003-01-30,5,-0.05892869137296375
2003-01-31,5,0.0001458020700097488
2003-02-03,5,0.03480392534025797
2003-02-04,5,0.10246923077967984
2003-02-05,5,0.07182515859638602
2003-02-06,5,0.07663446911153021
2003-02-07,5,0.010473260250321168
2003-02-10,5,-0.005968823986155448
2003-02-11,5,-0.01911370738016673
2003-02-12,5,-0.015342485654336338
2003-02-13,5,-0.05289001540003353
2003-02-14,5,0.012352515241762238
2003-02-18,5,0.08039260450440666
2003-02-19,5,0.06536915098880026
2003-02-20,5,0.038595331634557854
2003-02-21,5,0.012832002107206749
2003-02-24,5,-0.005712880847262392
2003-02-25,5,-0.012695402711357337
2003-02-26,5,0.015457797123893734
2003-02-27,5,0.08092675126234633
2003-02-28,5,0.1201865745143425
2003-03-03,5,0.15764948483374594
2003-03-04,5,0.12939448695913497
2003-03-05,5,0.0784405177142386
2003-03-06,5,0.02352497403726454
2003-03-07,5,-0.021709382520886524
2003-03-10,5,-0.16498954845134253
2003-03-11,5,-0.19707682427713846
2003-03-12,5,-0.24365061891008094
2003-03-13,5,-0.2569703363624359
2003-03-14,5,-0.2400655236673855
2003-03-17,5,-0.13526867207142784
2003-03-18,5,-0.08048971635323603
2003-03-19,5,-0.014794791602770883
2003-03-20,5,-0.010407022905619158
2003-03-21,5,-0.013016572585177157
2003-03-24,5,0.05223820642581118
2003-03-25,5,0.02453886625308717
2003-03-26,5,0.022727777870166197
2003-03-27,5,0.07624362355661995
2003-03-28,5,0.04048533056851969
2003-03-31,5,-0.08651394177154377
2003-04-01,5,-0.08566131363741507
2003-04-02,5,-0.07556303369381083
2003-04-03,5,-0.08774593687057022
2003-04-04,5,-0.0592127331034833
2003-04-07,5,-0.05349978282011381
2003-04-08,5,-0.023738103081616894
2003-04-09,5,-0.009693245158610706
2003-04-10,5,-0.05195731518740445
2003-04-11,5,-0.07545255554870743
2003-04-14,5,-0.08927149769257434
2003-04-15,5,-0.10378028149379168
2003-04-16,5,-0.1090804510474598
2003-04-17,5,-0.09596964640910066
2003-04-21,5,-0.1014053759968714
2003-04-22,5,-0.05096713494773757
2003-04-23,5,-0.07196719396537883
2003-04-24,5,-0.06483784384406441
2003-04-25,5,-0.06234768696782996
2003-04-28,5,-0.04986852346403739
2003-04-29,5,-0.10200426473016282
2003-04-30,5,-0.07044575979572991
2003-05-01,5,-0.07792950703129722
2003-05-02,5,-0.10110882464685948
2003-05-05,5,-0.02405876313967252
2003-05-06,5,-0.0009175852014578578
2003-05-07,5,0.03066046287535203
2003-05-08,5,0.03149470649775813
2003-05-09,5,0.015685499655926527
2003-05-12,5,-0.1400228747503953
2003-05-13,5,-0.20318814140398272
2003-05-14,5,-0.14441188069245484
2003-05-15,5,-0.08044008482630077
2003-05-16,5,-0.047844676926715075
2003-05-19,5,0.10430789010694942
2003-05-20,5,0.14601667150905273
2003-05-21,5,0.14217031356106608
2003-05-22,5,0.10953730469632428
2003-05-23,5,0.046615855100659694
2003-05-27,5,-0.0045227357165101715
2003-05-28,5,0.020064768555760757
2003-05-29,5,0.05901148212351952
2003-05-30,5,-0.006672921517513119
2003-06-02,5,-0.07315090462330111
2003-06-03,5,0.0018673860504423772
2003-06-04,5,-0.046384635783915364
2003-06-05,5,-0.08824660576190374
2003-06-06,5,-0.09863357722328742
2003-06-09,5,0.060849317479547915
2003-06-10,5,0.02010562911261816
2003-06-11,5,-0.022603315180588952
2003-06-12,5,-0.08583897125612362
2003-06-13,5,-0.04796220648089515
2003-06-16,5,-0.12911324094998028
2003-06-17,5,-0.15189852213683705
2003-06-18,5,-0.07643369099306703
2003-06-19,5,0.0555869373142992
2003-06-20,5,0.061331873362739445
2003-06-23,5,0.12567771064842462
2003-06-24,5,0.11004174447268536
2003-06-25,5,0.09244323274307097
2003-06-26,5,0.03351672132268002
2003-06-27,5,0.10177700260220776
2003-06-30,5,0.1361360854971485
2003-07-01,5,0.1630036219973761
2003-07-02,5,0.09006242069949723
2003-07-03,5,0.07422293910649895
2003-07-07,5,0.07862317700432041
2003-07-08,5,-0.05288687399544204
2003-07-09,5,-0.08912124072061242
2003-07-10,5,-0.1955178269807742
2003-07-11,5,-0.1733364380500629
2003-07-14,5,-0.19393144566918952
2003-07-15,5,-0.08762294014476153
2003-07-16,5,-0.044676082152116985
2003-07-17,5,0.06582405561135081
2003-07-18,5,0.03275740114751753
2003-07-21,5,0.06232334597964852
2003-07-22,5,0.03369972139782875
2003-07-23,5,-0.009478866197796733
2003-07-24,5,-0.013433255631522867
2003-07-25,5,-0.005331032103092702
2003-07-28,5,-0.08459862665971006
2003-07-29,5,-0.07508029222008651
2003-07-30,5,-0.11898732134187526
2003-07-31,5,-0.12371941763038104
2003-08-01,5,-0.12320208276709346
2003-08-04,5,-0.08345856023276352
2003-08-05,5,-0.015825292316881904
2003-08-06,5,0.04768678821277646
2003-08-07,5,0.06838385893208856
2003-08-08,5,0.03602859702637031
2003-08-11,5,0.019771466862855004
2003-08-12,5,0.0345104234942185
2003-08-13,5,0.01492488792187254
2003-08-14,5,0.0028780574829217103
2003-08-15,5,0.0019684401054497155
2003-08-18,5,-0.04528058081826938
2003-08-19,5,-0.03773260717633992
2003-08-20,5,0.03718460355374545
2003-08-21,5,0.052979992814691575
2003-08-22,5,0.08554201051666585
2003-08-25,5,0.06873357827490305
2003-08-26,5,0.013774345317211589
2003-08-27,5,-0.030115923142065373
2003-08-28,5,-0.08661960265529738
2003-08-29,5,-0.1071690572599113
2003-09-02,5,-0.08935615631260027
2003-09-03,5,-0.11040594953242425
2003-09-04,5,-0.08996692459787128
2003-09-05,5,0.006947036012593848
2003-09-08,5,-0.010605674648067151
2003-09-09,5,0.026367624237570185
2003-09-10,5,0.08900303152146186
2003-09-11,5,0.05789020869876694
2003-09-12,5,0.05285549275370969
2003-09-15,5,0.033619006538918424
2003-09-16,5,0.07851974674557691
2003-09-17,5,0.00262257349662825
2003-09-18,5,-0.08221688285723464
2003-09-19,5,-0.13735495401221057
2003-09-22,5,-0.12777825365811424
2003-09-23,5,-0.18162740532288732
2003-09-24,5,-0.14521656172459185
2003-09-25,5,-0.04524348772193045
2003-09-26,5,0.035941472527998904
2003-09-29,5,0.10569697065559941
2003-09-30,5,0.10215588434093824
2003-10-01,5,0.09873807693910396
2003-10-02,5,0.11940679272685255
2003-10-03,5,0.1638041414360476
2003-10-06,5,0.1415391917560827
2003-10-07,5,0.08024335987234187
2003-10-08,5,0.04215046604762166
2003-10-09,5,0.02634308120769158
2003-10-10,5,-0.02225148950814438
2003-10-13,5,-0.08067200855614726
2003-10-14,5,-0.03633671699819458
2003-10-15,5,-0.03758753018198728
2003-10-16,5,-0.05538488747897117
2003-10-17,5,-0.016112735790459777
2003-10-20,5,0.04114839477025079
2003-10-21,5,0.016194994186495944
2003-10-22,5,0.07073375672612621
2003-10-23,5,0.11555274132000819
2003-10-24,5,0.07927582165209847
2003-10-27,5,0.062497363921368065
2003-10-28,5,0.0478016162922253
2003-10-29,5,0.04892121483112155
2003-10-30,5,0.06317343223702154
2003-10-31,5,0.0982138169191856
2003-11-03,5,-0.03100156726379959
2003-11-04,5,-0.12021007273582007
2003-11-05,5,-0.07139195872908029
2003-11-06,5,-0.08290259495461348
2003-11-07,5,-0.08874268583026676
2003-11-10,5,-0.08302386151601894
2003-11-11,5,-0.047921789403783555
2003-11-12,5,-0.08590418276042354
2003-11-13,5,-0.08622645348582614
2003-11-14,5,-0.0367477054401993
2003-11-17,5,-0.01919837961051128
2003-11-18,5,0.01906710623302739
2003-11-19,5,0.03551658529827004
2003-11-20,5,0.08677081385220446
2003-11-21,5,0.12050038798984511
2003-11-24,5,0.08760722075038296
2003-11-25,5,0.021591585430325275
2003-11-26,5,-0.01415168008433707
2003-11-28,5,-0.0903805271934079
2003-12-01,5,-0.10729139160032046
2003-12-02,5,-0.10809776697041112
2003-12-03,5,-0.12033471043883348
2003-12-04,5,-0.10533864827060095
2003-12-05,5,-0.0717373112173983
2003-12-08,5,-0.07788405377381247
2003-12-09,5,-0.05636230298976114
2003-12-10,5,0.002505071279800476
2003-12-11,5,-0.0035285046457283697
2003-12-12,5,0.003206889368828864
2003-12-15,5,-0.025494161250837186
2003-12-16,5,-0.010319928884328321
2003-12-17,5,0.013116960094593717
2003-12-18,5,0.038548027552553585
2003-12-19,5,0.07664770168916155
2003-12-22,5,0.00781211074428581
2003-12-23,5,-0.08139151708481461
2003-12-24,5,-0.08777707796651181
2003-12-26,5,-0.03599987990290926
2003-12-29,5,-0.0926534611790571
2003-12-30,5,-0.09267397734914799
2003-12-31,5,-0.07042575713291
2004-01-02,5,-0.05152495059611209
2004-01-05,5,-0.054696545055163026
2004-01-06,5,-0.053690414930530866
2004-01-07,5,-0.020629392416210025
2004-01-08,5,-0.007873939519937857
2004-01-09,5,0.006129816623723947
2004-01-12,5,0.02544985362008995
2004-01-13,5,0.015334223707977181
2004-01-14,5,-0.020383943744983635
2004-01-15,5,-0.01972637962876029
2004-01-16,5,-0.05285022581596046
2004-01-20,5,-0.14412734548827394
2004-01-21,5,-0.1364035649320295
2004-01-22,5,-0.1373279294371212
2004-01-23,5,-0.0891522582933786
2004-01-26,5,-0.0922852485163303
2004-01-27,5,-0.06094245806856888
2004-01-28,5,-0.0661613418814868
2004-01-29,5,-0.06671363809811826
2004-01-30,5,-0.029751321232413867
2004-02-02,5,-0.024264283851102814
2004-02-03,5,-0.037665686031654384
2004-02-04,5,0.014982362820692614
2004-02-05,5,0.07499270688093053
2004-02-06,5,0.052185852145567695
2004-02-09,5,0.07223342637652364
2004-02-10,5,0.04121097058461059
2004-02-11,5,-0.05635724382150819
2004-02-12,5,-0.07267822549951258
2004-02-13,5,-0.059360694582127324
2004-02-17,5,-0.12409507566832208
2004-02-18,5,-0.07151125186103786
2004-02-19,5,-0.023593470772615543
2004-02-20,5,0.009803829486115202
2004-02-23,5,0.026486319581723008
2004-02-24,5,0.032936013440085586
2004-02-25,5,0.0036166211008629386
2004-02-26,5,0.01619007952775113
2004-02-27,5,0.006765465985886429
2004-03-01,5,-0.02322269529215148
2004-03-02,5,-0.037555999580353154
2004-03-03,5,-0.07899607152584809
2004-03-04,5,-0.12554759865123982
2004-03-05,5,-0.1205476438664307
2004-03-08,5,-0.13070868237576933
2004-03-09,5,-0.06504496991040501
2004-03-10,5,-0.011465234191557339
2004-03-11,5,0.06966054114041156
2004-03-12,5,0.03571209440789257
2004-03-15,5,0.015717545268531214
2004-03-16,5,-0.0011910798799326355
2004-03-17,5,0.004035296261862241
2004-03-18,5,-0.03252199321347396
2004-03-19,5,-0.04286804399043558
2004-03-22,5,-0.03588435086290891
2004-03-23,5,-0.011240142096110866
2004-03-24,5,-0.002939837236878892
2004-03-25,5,0.018410037671038708
2004-03-26,5,0.010871206768324877
2004-03-29,5,0.028037581009874152
2004-03-30,5,-0.027642258705208107
2004-03-31,5,-0.027318550326428482
2004-04-01,5,-0.011231970577655319
2004-04-02,5,0.029371985207667903
2004-04-05,5,-0.012685010017677622
2004-04-06,5,-0.03965910127578068
2004-04-07,5,-0.0569241765092453
2004-04-08,5,0.0036405241687623964
2004-04-12,5,0.022925478017824887
2004-04-13,5,0.0462965165712826
2004-04-14,5,0.08281253589894946
2004-04-15,5,0.08754098459063418
2004-04-16,5,0.0142609885173901
2004-04-19,5,-0.0038986622967526986
2004-04-20,5,0.0014529869260800576
2004-04-21,5,0.03706901868710991
2004-04-22,5,0.07227552253123325
2004-04-23,5,0.08591517198035639
2004-04-26,5,0.12792329359325832
2004-04-27,5,0.09173571419745408
2004-04-28,5,0.14733790754335943
2004-04-29,5,0.12236515740011457
2004-04-30,5,0.042063524754633035
2004-05-03,5,-0.011681429077301174
2004-05-04,5,0.015990321843657708
2004-05-05,5,0.01945634227904605
2004-05-06,5,0.02058249109289637
2004-05-07,5,0.04158569702475008
2004-05-10,5,0.029520745425058007
2004-05-11,5,0.07952730659585189
2004-05-12,5,0.02755924587676605
2004-05-13,5,0.08113582999618223
2004-05-14,5,0.008827908790320938
2004-05-17,5,-0.0569488383522262
2004-05-18,5,-0.07545335975437491
2004-05-19,5,-0.0881148470653608
2004-05-20,5,-0.14585732387944655
2004-05-21,5,-0.16632453650932486
2004-05-24,5,-0.11717754304447817
2004-05-25,5,-0.07501092135241239
2004-05-26,5,0.0008152028207142348
2004-05-27,5,0.03254302193271429
2004-05-28,5,-0.00024399969383807603
2004-06-01,5,-0.018368875036746328
2004-06-02,5,0.03393176006356155
2004-06-03,5,0.04222747737844426
2004-06-04,5,0.07983027445670365
2004-06-07,5,0.07804971852227216
2004-06-08,5,0.09812137658439567
2004-06-09,5,0.09234054735125351
2004-06-10,5,0.09104920536290748
2004-06-14,5,0.016393201580448453
2004-06-15,5,-0.003313307424309868
2004-06-16,5,-0.013193065313628813
2004-06-17,5,-0.0346851203454325
2004-06-18,5,-0.029314838616859858
2004-06-21,5,0.0026562619916420376
2004-06-22,5,0.01279389921159803
2004-06-23,5,-0.010030280078535276
2004-06-24,5,0.05538829665457427
2004-06-25,5,0.03507518072202948
2004-06-28,5,0.0556970878557495
2004-06-29,5,0.0592086575288346
2004-06-30,5,0.07583701846135772
2004-07-01,5,0.062026168448998636
2004-07-02,5,0.05667118949750163
2004-07-06,5,0.036261633156498975
2004-07-07,5,0.07453454747961409
2004-07-08,5,0.07509158654247526
2004-07-09,5,0.12950527044567609
2004-07-12,5,0.10773729617052913
2004-07-13,5,0.035837862437317215
2004-07-14,5,-0.00759647459406152
2004-07-15,5,0.0052124943022270245
2004-07-16,5,-0.003912794175675084
2004-07-19,5,-0.011709306748882747
2004-07-20,5,0.014451770758932567
2004-07-21,5,0.09191793039216242
2004-07-22,5,0.08191858315095027
2004-07-23,5,-0.0038914048828317042
2004-07-26,5,0.02901369600300178
2004-07-27,5,0.06734516444414729
2004-07-28,5,-0.0255051312173799
2004-07-29,5,0.0013067078358309026
2004-07-30,5,-0.025719184331877226
2004-08-02,5,0.004090960018607751
2004-08-03,5,0.010942409604032444
2004-08-04,5,0.03685182145931405
2004-08-05,5,0.030922166360239887
2004-08-06,5,0.09016603335546215
2004-08-09,5,0.01270335377587798
2004-08-10,5,-0.012102772765904418
2004-08-11,5,-0.08440761961501372
2004-08-12,5,-0.03566813470943456
2004-08-13,5,-0.09532885638636053
2004-08-16,5,-0.11857945822047365
2004-08-17,5,-0.06426535521780566
2004-08-18,5,-0.054608831297607754
2004-08-19,5,-0.10391403627207264
2004-08-20,5,-0.0702183149383817
2004-08-23,5,-0.0015954292907709433
2004-08-24,5,0.004991313691897437
2004-08-25,5,0.048776261759603895
2004-08-26,5,0.021130194029818385
2004-08-27,5,0.04938891773259653
2004-08-30,5,0.05961406022949416
2004-08-31,5,0.062371817197676184
2004-09-01,5,-0.009067233511441364
2004-09-02,5,-0.0369966853506813
2004-09-03,5,-0.11917004257672974
2004-09-07,5,-0.13317794891695944
2004-09-08,5,-0.11561359679638945
2004-09-09,5,-0.10436186219217296
2004-09-10,5,-0.052379985624805094
2004-09-13,5,0.06395113908153122
2004-09-14,5,0.09705198967216402
2004-09-15,5,0.10198807558471654
2004-09-16,5,0.10492844292411968
2004-09-17,5,0.14964950976709285
2004-09-20,5,0.14989462090808567
2004-09-21,5,0.13060503423108025
2004-09-22,5,0.07520681029315128
2004-09-23,5,0.07212080432394213
2004-09-24,5,-0.044122241619776
2004-09-27,5,-0.08324731916203923
2004-09-28,5,-0.06391278815082495
2004-09-29,5,-0.036313251824375774
2004-09-30,5,-0.016579241777674784
2004-10-01,5,0.05069583862425619
2004-10-04,5,0.05947166815292538
2004-10-05,5,0.07520731214320765
2004-10-06,5,-0.013670387885647515
2004-10-07,5,0.056848112601139915
2004-10-08,5,0.07288074001715164
2004-10-11,5,0.12552920365758174
2004-10-12,5,0.1346756746758713
2004-10-13,5,0.14222373942148583
2004-10-14,5,0.09475962314356515
2004-10-15,5,0.07420188191882153
2004-10-18,5,0.04620298866802004
2004-10-19,5,0.04871174018028976
2004-10-20,5,0.012117375376480354
2004-10-21,5,-0.0018456933685530922
2004-10-22,5,-0.00870199113034586
2004-10-25,5,-0.04897189386905981
2004-10-26,5,-0.08122120446463695
2004-10-27,5,-0.07148265704879228
2004-10-28,5,-0.06065054024146063
2004-10-29,5,-0.07406095959014927
2004-11-01,5,-0.07261760495311638
2004-11-02,5,-0.05905571348503313
2004-11-03,5,-0.023835290974445665
2004-11-04,5,-0.03023624451974185
2004-11-05,5,0.008102106581265206
2004-11-08,5,0.0026120063493238837
2004-11-09,5,-0.03624185534653907
2004-11-10,5,-0.09492785235306168
2004-11-11,5,-0.10029333231199615
2004-11-12,5,-0.14918439256285893
2004-11-15,5,-0.10351630069846227
2004-11-16,5,-0.03712555159893081
2004-11-17,5,0.01768553133186092
2004-11-18,5,0.042092543067532226
2004-11-19,5,0.11081662968352883
2004-11-22,5,0.1004955951297507
2004-11-23,5,0.06915649283455529
2004-11-24,5,-0.001076763716295273
2004-11-26,5,-0.011602710818729696
2004-11-29,5,-0.007844754340128502
2004-11-30,5,-0.0734754310081514
2004-12-01,5,-0.06480081453641845
2004-12-02,5,-0.07088099729086779
2004-12-03,5,-0.030822301250405786
2004-12-06,5,-0.03114557506453474
2004-12-07,5,0.004670317311572369
2004-12-08,5,0.007602278874219595
2004-12-09,5,0.004373947641846273
2004-12-10,5,-0.02449810439729287
2004-12-13,5,-0.04154272496684018
2004-12-14,5,-0.01965814840213678
2004-12-15,5,-0.033820519002646814
2004-12-16,5,-0.04392372229586141
2004-12-17,5,-0.06652457576211697
2004-12-20,5,0.018585374198992647
2004-12-21,5,-0.031147969300722656
2004-12-22,5,-0.04400618306424503
2004-12-23,5,-0.03772745299515637
2004-12-27,5,-0.10546322336257284
2004-12-28,5,-0.2019549040347612
2004-12-29,5,-0.16022059462376181
2004-12-30,5,-0.13468797403927132
2004-12-31,5,-0.12310446385863345
2005-01-03,5,-0.048714515916222195
2005-01-04,5,-0.042504155675161914
2005-01-05,5,-0.055587216822697655
2005-01-06,5,-0.040696582042788504
2005-01-07,5,0.020408644160577118
2005-01-10,5,0.06151271079339179
2005-01-11,5,0.10578189528605118
2005-01-12,5,0.07930700799168411
2005-01-13,5,0.044248175734553585
2005-01-14,5,-0.0009427978272893493
2005-01-18,5,-0.00656143813428921
2005-01-19,5,-0.030905862258948216
2005-01-20,5,-0.014597355767301649
2005-01-21,5,0.0644812052593883
2005-01-24,5,0.042998679033232866
2005-01-25,5,0.05422992597652571
2005-01-26,5,0.08553926961968551
2005-01-27,5,0.1408760445312392
2005-01-28,5,0.09631408845232856
2005-01-31,5,0.04530539055124578
2005-02-01,5,0.05730226024759427
2005-02-02,5,0.053708905636743146
2005-02-03,5,-0.031827809593398745
2005-02-04,5,-0.046417479915035476
2005-02-07,5,-0.029643861922379642
2005-02-08,5,-0.016917308055653432
2005-02-09,5,0.021660798837123234
2005-02-10,5,0.021685746700137277
2005-02-11,5,0.04078399642100213
2005-02-14,5,0.012415321733521749
2005-02-15,5,0.02559917479832867
2005-02-16,5,0.024610888227424417
2005-02-17,5,0.058117284662888694
2005-02-18,5,0.06738996080117177
2005-02-22,5,0.05192578933335761
2005-02-23,5,0.10714714562769243
2005-02-24,5,0.04886540893748401
2005-02-25,5,0.03476874452826141
2005-02-28,5,0.03768571779664653
2005-03-01,5,0.03696227642412188
2005-03-02,5,-0.010424859950668214
2005-03-03,5,-0.06183568009337589
2005-03-04,5,-0.0703065959785952
2005-03-07,5,-0.0700196457341436
2005-03-08,5,-0.01637255494587823
2005-03-09,5,-0.021639021947755202
2005-03-10,5,0.05989133838819862
2005-03-11,5,0.048263088374234306
2005-03-14,5,0.04687792857948619
2005-03-15,5,0.05372356901570194
2005-03-16,5,0.07712920761926374
2005-03-17,5,0.029078644647485462
2005-03-18,5,0.021015616919003798
2005-03-21,5,0.004070047311675504
2005-03-22,5,-0.024544825866336783
2005-03-23,5,0.025026792370781273
2005-03-24,5,0.0883086702705132
2005-03-28,5,0.10314484151656127
2005-03-29,5,0.08725881395464595
2005-03-30,5,0.10547622920381144
2005-03-31,5,0.11406232472965228
2005-04-01,5,0.03688997259191363
2005-04-04,5,0.02014002538218371
2005-04-05,5,0.015275387062131801
2005-04-06,5,-0.02994034331674478
2005-04-07,5,-0.0304866249820448
2005-04-08,5,-0.06530845044134236
2005-04-11,5,-0.08750360802150113
2005-04-12,5,-0.05764484342879655
2005-04-13,5,-0.039509437740105444
2005-04-14,5,-0.023880475291959472
2005-04-15,5,0.0012718931084820253
2005-04-18,5,0.03038708399667021
2005-04-19,5,0.04872679097584812
2005-04-20,5,0.08434815340170396
2005-04-21,5,0.0844844698158864
2005-04-22,5,0.10619047185106371
2005-04-25,5,0.10663356465366366
2005-04-26,5,0.062031956457237976
2005-04-27,5,0.023534548673851522
2005-04-28,5,-0.009195845344428143
2005-04-29,5,-0.024626483133812504
2005-05-02,5,-0.02242775212917162
2005-05-03,5,-3.920560177697242e-05
2005-05-04,5,0.05839258580955471
2005-05-05,5,0.04451773743111242
2005-05-06,5,0.04625808855174729
2005-05-09,5,0.04244196932676734
2005-05-10,5,0.013853242445734612
2005-05-11,5,-0.053119041985403986
2005-05-12,5,-0.09400560820368613
2005-05-13,5,-0.11749839343177103
2005-05-16,5,-0.11687307834021093
2005-05-17,5,-0.10412934548920666
2005-05-18,5,-0.05627232286070265
2005-05-19,5,-0.061507940703092304
2005-05-20,5,-0.0642842750351424
2005-05-23,5,-0.050475603701570414
2005-05-24,5,-0.08725854024726926
2005-05-25,5,-0.11599136213853946
2005-05-26,5,-0.09179563452750648
2005-05-27,5,-0.032189372449710235
2005-05-31,5,-0.06667746128769597
2005-06-01,5,-0.024603577592777138
2005-06-02,5,0.0377882152544648
2005-06-03,5,0.020827404454592965
2005-06-06,5,-0.022913570172609074
2005-06-07,5,-0.016237873012406583
2005-06-08,5,-0.014660339546147778
2005-06-09,5,-0.060279850042913585
2005-06-10,5,-0.07002358250417579
2005-06-13,5,-0.07001586378471097
2005-06-14,5,-0.06021708263652606
2005-06-15,5,-0.04338253604907302
2005-06-16,5,-0.03267499321750668
2005-06-17,5,-0.01336155914269296
2005-06-20,5,0.038275240545247564
2005-06-21,5,0.033709242091713255
2005-06-22,5,0.0522717916549419
2005-06-23,5,0.06719549474934276
2005-06-24,5,0.060215416888013275
2005-06-27,5,0.08269798913997689
2005-06-28,5,0.05158012986803032
2005-06-29,5,0.0670274906222189
2005-06-30,5,0.05617740607037724
2005-07-01,5,0.06474066052540295
2005-07-05,5,0.01824854271709951
2005-07-06,5,-0.002090534502088571
2005-07-07,5,-0.10174109515347796
2005-07-08,5,-0.0923440163875248
2005-07-11,5,-0.104508314981628
2005-07-12,5,-0.024991961256797555
2005-07-13,5,-0.006448530178926525
2005-07-14,5,-0.01886577919940933
2005-07-15,5,0.005549703116376544
2005-07-18,5,-0.04873567327108257
2005-07-19,5,-0.08126375148109678
2005-07-20,5,-0.03009471191751809
2005-07-21,5,0.0770039292931336
2005-07-22,5,0.01705828411767993
2005-07-25,5,0.07369262487142991
2005-07-26,5,0.09230110491657517
2005-07-27,5,0.0420087860345727
2005-07-28,5,-0.06468989474421091
2005-07-29,5,-0.11798486729678818
2005-08-01,5,-0.1468984109817427
2005-08-02,5,-0.12998878825449067
2005-08-03,5,-0.04973410878929202
2005-08-04,5,0.026400225555623377
2005-08-05,5,0.025435706486644977
2005-08-08,5,0.057659411745467605
2005-08-09,5,-0.01949629544077759
2005-08-10,5,-0.09740831620619686
2005-08-11,5,-0.13731454437710408
2005-08-12,5,-0.10613633107623022
2005-08-15,5,-0.058233320675524954
2005-08-16,5,0.004147456106901279
2005-08-17,5,0.052983545558785344
2005-08-18,5,0.0904916981597372
2005-08-19,5,0.03376362838606491
2005-08-22,5,0.014240446902993493
2005-08-23,5,0.05036655096266608
2005-08-24,5,0.10687303970202794
2005-08-25,5,0.0798852752453054
2005-08-26,5,0.10162418774967545
2005-08-29,5,0.1289801811622244
2005-08-30,5,0.11798036596540905
2005-08-31,5,0.057381348458355436
2005-09-01,5,0.056832780885232116
2005-09-02,5,0.07439577813838151
2005-09-06,5,0.08946440139786825
2005-09-07,5,0.08194616413203452
2005-09-08,5,0.06410348406497826
2005-09-09,5,0.018997870624288767
2005-09-12,5,0.06632561591583636
2005-09-13,5,0.037166694302495626
2005-09-14,5,0.0768626117963571
2005-09-15,5,0.07737297084223962
2005-09-16,5,0.05638822980401864
2005-09-19,5,0.06057540619547307
2005-09-20,5,0.08461579425701019
2005-09-21,5,0.05018257726362556
2005-09-22,5,0.08510869746396485
2005-09-23,5,0.1323048839747026
2005-09-26,5,0.15060461199872843
2005-09-27,5,0.09987997001107304
2005-09-28,5,0.01419542887228584
2005-09-29,5,-0.07121224247168229
2005-09-30,5,-0.05368851423372254
2005-10-03,5,-0.09454140183876451
2005-10-04,5,-0.06426760326718498
2005-10-05,5,-0.0539588625371036
2005-10-06,5,-0.015253036252455679
2005-10-07,5,-0.010605195014840233
2005-10-10,5,0.01169335836194568
2005-10-11,5,-0.05677952158839163
2005-10-12,5,-0.013553122303916918
2005-10-13,5,0.0024710544380029437
2005-10-14,5,0.025670628671026693
2005-10-17,5,0.031090306185523636
2005-10-18,5,0.07021763528587284
2005-10-19,5,0.05291392709666873
2005-10-20,5,0.10736906790553088
2005-10-21,5,0.06628801885962848
2005-10-24,5,0.04673368025783515
2005-10-25,5,0.05388683764340979
2005-10-26,5,-0.003798964966650566
2005-10-27,5,-0.03871770180565562
2005-10-28,5,-0.06539187610830963
2005-10-31,5,-0.060986039258474754
2005-11-01,5,-0.05975039114208236
2005-11-02,5,-0.03376263961698788
2005-11-03,5,-0.006821642450737162
2005-11-04,5,0.057130339556554444
2005-11-07,5,0.07302339115532708
2005-11-08,5,0.07438984422070788
2005-11-09,5,0.07403444823948817
2005-11-10,5,0.09921029849334423
2005-11-11,5,0.05593832783258934
2005-11-14,5,0.0432300127513743
2005-11-15,5,0.017610697418935273
2005-11-16,5,-0.07293537971453813
2005-11-17,5,-0.08602195708585217
2005-11-18,5,-0.07406454503552377
2005-11-21,5,-0.04580246134394662
2005-11-22,5,-0.053941376064166206
2005-11-23,5,0.04265992819776572
2005-11-25,5,0.026582441718523815
2005-11-28,5,0.007461194850586535
2005-11-29,5,-0.009227120001398316
2005-11-30,5,0.001739608977092152
2005-12-01,5,-0.032566536561874054
2005-12-02,5,-0.04430230593872655
2005-12-05,5,-0.04263955474733184
2005-12-06,5,-0.04612739233241129
2005-12-07,5,-0.07890838967267506
2005-12-08,5,-0.07301496057389444
2005-12-09,5,-0.026387335686188954
2005-12-12,5,-0.07267991857491209
2005-12-13,5,-0.041068629462536296
2005-12-14,5,0.04831370619032484
2005-12-15,5,0.06457121030405999
2005-12-16,5,0.054873782869388626
2005-12-19,5,0.04849867062968277
2005-12-20,5,0.06605957926741782
2005-12-21,5,0.021542522698007056
2005-12-22,5,-0.046821074030091836
2005-12-23,5,-0.009630105409648012
2005-12-27,5,0.014203126753870607
2005-12-28,5,-0.024344695076520654
2005-12-29,5,-0.007090917020942822
2005-12-30,5,0.012954090060540999
2006-01-03,5,0.043894930699122474
2006-01-04,5,0.025841736802928495
2006-01-05,5,0.015899954921624656
2006-01-06,5,-0.01842547813919553
2006-01-09,5,-0.007687229944013505
2006-01-10,5,-0.05958804501239986
2006-01-11,5,-0.011411332302986727
2006-01-12,5,-0.021930496208825152
2006-01-13,5,0.013541135347825518
2006-01-17,5,0.033146909907047904
2006-01-18,5,0.07475416445247535
2006-01-19,5,0.07396206679150755
2006-01-20,5,0.1217871767473888
2006-01-23,5,0.1449863160460137
2006-01-24,5,0.13547325139343827
2006-01-25,5,0.10361372171695504
2006-01-26,5,0.018792224092624574
2006-01-27,5,0.007008883227668199
2006-01-30,5,0.035789646014754734
2006-01-31,5,-0.07039017537536228
2006-02-01,5,-0.03717805269421315
2006-02-02,5,-0.0231558851661293
2006-02-03,5,-0.07074004865405091
2006-02-06,5,-0.14924066155416113
2006-02-07,5,-0.09997384385012893
2006-02-08,5,-0.09359398165367538
2006-02-09,5,-0.044860576571550605
2006-02-10,5,0.007201326080940831
2006-02-13,5,0.03418508503674527
2006-02-14,5,0.046683870918743306
2006-02-15,5,0.04304020683427887
2006-02-16,5,0.05815540980860316
2006-02-17,5,0.037884752034878816
2006-02-21,5,0.00999876364356362
2006-02-22,5,0.09026629742813834
2006-02-23,5,0.09563019359950183
2006-02-24,5,0.09014322635486308
2006-02-27,5,0.0715433654270308
2006-02-28,5,0.027346733853469557
2006-03-01,5,-0.05019808177013362
2006-03-02,5,-0.0663286417210918
2006-03-03,5,-0.06051825653059636
2006-03-06,5,-0.0336950254001398
2006-03-07,5,0.04166338401998812
2006-03-08,5,0.11535970446090382
2006-03-09,5,0.05026033309369728
2006-03-10,5,0.038268896957117535
2006-03-13,5,0.054413032057822205
2006-03-14,5,0.06103551157659062
2006-03-15,5,0.03832114340668188
2006-03-16,5,0.055033574582354756
2006-03-17,5,0.06780441723850493
2006-03-20,5,0.09196960403551793
2006-03-21,5,0.08532044387156534
2006-03-22,5,0.1012332324680623
2006-03-23,5,0.08158605648922089
2006-03-24,5,0.08305723391410834
2006-03-27,5,0.0577192342719899
2006-03-28,5,0.08056706730705288
2006-03-29,5,0.09177273141723105
2006-03-30,5,0.1197307215228186
2006-03-31,5,0.057653687120721116
2006-04-03,5,-0.008363011464312954
2006-04-04,5,-0.0896094294093961
2006-04-05,5,-0.052356287750238324
2006-04-06,5,-0.038172288442840874
2006-04-07,5,0.031027480385752856
2006-04-10,5,0.0970376049826392
2006-04-11,5,0.14648794818264904
2006-04-12,5,0.09362917200514095
2006-04-13,5,0.07899877548375496
2006-04-17,5,0.04174269784601435
2006-04-18,5,0.023763296026704465
2006-04-19,5,-0.02036191878144004
2006-04-20,5,-0.04109920051957331
2006-04-21,5,-0.07596513412829022
2006-04-24,5,0.0022997675930473147
2006-04-25,5,0.03604043307606192
2006-04-26,5,0.07018994038006734
2006-04-27,5,0.13557106931871885
2006-04-28,5,0.13715831974328804
2006-05-01,5,0.053389334926580836
2006-05-02,5,0.046728156170402796
2006-05-03,5,0.04185359826179132
2006-05-04,5,-0.01754874647321665
2006-05-05,5,-0.08532987658655046
2006-05-08,5,-0.129842117204145
2006-05-09,5,-0.14990813575491116
2006-05-10,5,-0.2044658478218738
2006-05-11,5,-0.20950758112832762
2006-05-12,5,-0.15374534426918077
2006-05-15,5,-0.12111118885806406
2006-05-16,5,-0.1019622413762699
2006-05-17,5,-0.0823512578338422
2006-05-18,5,0.0210356088725196
2006-05-19,5,0.019806095896592983
2006-05-22,5,0.050409159227464036
2006-05-23,5,0.05245337144068165
2006-05-24,5,0.08709637300323723
2006-05-25,5,0.04527271070310362
2006-05-26,5,0.05336748052794482
2006-05-30,5,0.03451559521115864
2006-05-31,5,-0.016032977215322763
2006-06-01,5,-0.0856564985937284
2006-06-02,5,-0.08279558797094605
2006-06-05,5,-0.10415574614275433
2006-06-06,5,-0.11514101845151183
2006-06-07,5,-0.10550831684331706
2006-06-08,5,-0.043745148463521975
2006-06-09,5,-0.021632830475178416
2006-06-12,5,0.016325596615757245
2006-06-13,5,0.020377738814857434
2006-06-14,5,0.026492091283419256
2006-06-15,5,0.07843160368713502
2006-06-16,5,0.06719192869777972
2006-06-19,5,0.01512355503183636
2006-06-20,5,0.02013993651529352
2006-06-21,5,0.0528911825357145
2006-06-22,5,0.005655086990833146
2006-06-23,5,-0.005503926673606391
2006-06-26,5,0.03973938750846173
2006-06-27,5,0.0028247540405535758
2006-06-28,5,0.02353946513269904
2006-06-29,5,0.06559022082472679
2006-06-30,5,0.09017703508684266
2006-07-03,5,0.08213579352174459
2006-07-05,5,0.10771398060449598
2006-07-06,5,0.07857539767384424
2006-07-07,5,0.05601375589675339
2006-07-10,5,0.05229885947393897
2006-07-11,5,0.08671852245736708
2006-07-12,5,0.015911468793093145
2006-07-13,5,0.05403931226079553
2006-07-14,5,0.0797733142984337
2006-07-17,5,0.015257861501732693
2006-07-18,5,-0.051148001016666986
2006-07-19,5,-0.00374825752585556
2006-07-20,5,-0.008340666269675293
2006-07-21,5,-0.07579190660134733
2006-07-24,5,-0.04311772417765859
2006-07-25,5,-0.0068431953237214375
2006-07-26,5,-0.014007342623123368
2006-07-27,5,-0.07626405259108582
2006-07-28,5,-0.02754671113522447
2006-07-31,5,0.013588142494757446
2006-08-01,5,-0.0007487277868226343
2006-08-02,5,0.09065018215966048
2006-08-03,5,0.10201025046921271
2006-08-04,5,0.13817619538162876
2006-08-07,5,0.11084405859500852
2006-08-08,5,0.03319661317297787
2006-08-09,5,-0.11256334163685747
2006-08-10,5,-0.1653642874521005
2006-08-11,5,-0.19537557869242653
2006-08-14,5,-0.1852113555173806
2006-08-15,5,-0.13836407130209907
2006-08-16,5,-0.0180361245042732
2006-08-17,5,0.06168687514173585
2006-08-18,5,0.056961001706952286
2006-08-21,5,0.030336438527946742
2006-08-22,5,-0.018730680163931517
2006-08-23,5,-0.08806529289077202
2006-08-24,5,-0.13886975712823618
2006-08-25,5,-0.1294219562234656
2006-08-28,5,-0.15448208563222104
2006-08-29,5,-0.09549358734628711
2006-08-30,5,0.006770937901117211
2006-08-31,5,0.06469370634918373
2006-09-01,5,0.04041324654743202
2006-09-05,5,-0.03433181710611981
2006-09-06,5,-0.07525038130049974
2006-09-07,5,-0.13399537023064184
2006-09-08,5,-0.1583911407075396
2006-09-11,5,-0.15927435187912914
2006-09-12,5,-0.047034638929955436
2006-09-13,5,0.008596947922767852
2006-09-14,5,0.018447499867250295
2006-09-15,5,0.05887022190196292
2006-09-18,5,0.0645943004442491
2006-09-19,5,0.0217023014818789
2006-09-20,5,-0.017808386610625095
2006-09-21,5,-0.03461588063757717
2006-09-22,5,-0.07004220037742273
2006-09-25,5,-0.059442385727080764
2006-09-26,5,0.06150860414242113
2006-09-27,5,0.0329900204681963
2006-09-28,5,-0.0396095645293107
2006-09-29,5,-0.03221574167426014
2006-10-02,5,-0.05437274569842174
2006-10-03,5,-0.13982750616669837
2006-10-04,5,-0.09913985625222703
2006-10-05,5,-0.07912684422282283
2006-10-06,5,-0.06635741467006434
2006-10-09,5,-0.11421353361837719
2006-10-10,5,-0.08482406424168232
2006-10-11,5,-0.11889621782677029
2006-10-12,5,-0.12728890138802448
2006-10-13,5,-0.10080703338711225
2006-10-16,5,-0.03548208775080851
2006-10-17,5,0.0050339447044139
2006-10-18,5,-0.0072634958920651735
2006-10-19,5,0.02637823612945736
2006-10-20,5,-0.03778781909444706
2006-10-23,5,-0.08556975860738172
2006-10-24,5,-0.0774616946579185
2006-10-25,5,-0.053308093798474
2006-10-26,5,-0.061384228121173355
2006-10-27,5,0.012404796413899383
2006-10-30,5,0.01343010059805488
2006-10-31,5,0.04537233465951329
2006-11-01,5,0.06782081450645702
2006-11-02,5,0.01826886504479887
2006-11-03,5,0.06281256716343202
2006-11-06,5,0.027747600046077923
2006-11-07,5,-0.0059865522234265655
2006-11-08,5,-0.03239744500803772
2006-11-09,5,-0.05608254459556968
2006-11-10,5,-0.017733441391360422
2006-11-13,5,0.00016690117125895738
2006-11-14,5,0.011083785829768931
2006-11-15,5,0.01672905087511575
2006-11-16,5,0.013125355716813343
2006-11-17,5,-0.058119549681355055
2006-11-20,5,-0.06981536079479733
2006-11-21,5,-0.030064038011629525
2006-11-22,5,0.001153712161033802
2006-11-24,5,-0.02833740930679265
2006-11-27,5,0.055342348946045394
2006-11-28,5,0.05021693915119809
2006-11-29,5,0.04469254188322548
2006-11-30,5,0.03128305577103764
2006-12-01,5,0.07043070540674339
2006-12-04,5,0.015093334410119967
2006-12-05,5,-0.016606029805983625
2006-12-06,5,-0.00331495720315742
2006-12-07,5,0.0015381477836989184
2006-12-08,5,-0.047705673324746435
2006-12-11,5,-0.0902882273324211
2006-12-12,5,-0.03789494406990211
2006-12-13,5,-0.05577773453379439
2006-12-14,5,-0.07197882773718045
2006-12-15,5,-0.060818679666867284
2006-12-18,5,-0.015935811291125923
2006-12-19,5,-0.04491224590671172
2006-12-20,5,-0.06168773249168246
2006-12-21,5,-0.03010002478683755
2006-12-22,5,-0.024050161154283486
2006-12-26,5,-0.06728103965733898
2006-12-27,5,-0.11803638408491235
2006-12-28,5,-0.08187937827791232
2006-12-29,5,-0.057853479331231854
2007-01-03,5,-0.007544598602871307
2007-01-04,5,0.03149381997304244
2007-01-05,5,0.051474355452902
2007-01-08,5,0.030889753485830316
2007-01-09,5,0.03211017410196434
2007-01-10,5,-0.03365707940919007
2007-01-11,5,-0.03205530767111076
2007-01-12,5,0.0008919389444133532
2007-01-16,5,-0.04964967400833752
2007-01-17,5,-0.041887260442303516
2007-01-18,5,-0.032924666744458125
2007-01-19,5,-0.021766809203723703
2007-01-22,5,-0.010402862695345395
2007-01-23,5,0.007092746676439341
2007-01-24,5,0.007035206791555344
2007-01-25,5,0.004038353748758735
2007-01-26,5,-0.00018668523959506305
2007-01-29,5,0.021022246393212735
2007-01-30,5,0.03086514875332512
2007-01-31,5,0.03756082471580363
2007-02-01,5,0.029142496966892976
2007-02-02,5,-0.015493822448589737
2007-02-05,5,-0.10199748446157257
2007-02-06,5,-0.058602619475308496
2007-02-07,5,-0.014349346104151249
2007-02-08,5,0.031165862660126418
2007-02-09,5,0.05467172491808158
2007-02-12,5,0.05531846400716928
2007-02-13,5,0.05834748233902685
2007-02-14,5,-0.021150591727799997
2007-02-15,5,-0.042282487706721446
2007-02-16,5,-0.03763368305337356
2007-02-20,5,-0.10818530348168919
2007-02-21,5,-0.09201018897642703
2007-02-22,5,-0.026065825832332676
2007-02-23,5,-0.027382605338915417
2007-02-26,5,-0.029899009557885162
2007-02-27,5,0.11971158469652922
2007-02-28,5,0.1379493954499819
2007-03-01,5,0.21343674410113384
2007-03-02,5,0.18045901152195076
2007-03-05,5,0.11479841168429848
2007-03-06,5,0.17742722010194753
2007-03-07,5,0.10190281861700437
2007-03-08,5,0.03860315159108241
2007-03-09,5,0.07367914465045447
2007-03-12,5,0.0534444540547593
2007-03-13,5,0.016945542617837792
2007-03-14,5,0.014554002087139787
2007-03-15,5,0.04308960114148864
2007-03-16,5,0.017080485230863893
2007-03-19,5,-0.00655610069484935
2007-03-20,5,-0.006874145152497931
2007-03-21,5,0.0036551098000689214
2007-03-22,5,-0.012559344588587304
2007-03-23,5,-0.003979015587837813
2007-03-26,5,0.03968115834786351
2007-03-27,5,0.061448530186737044
2007-03-28,5,0.1103453212822475
2007-03-29,5,0.1131677300623978
2007-03-30,5,0.13015480845607733
2007-04-02,5,0.05427293425560339
2007-04-03,5,0.03771791362736577
2007-04-04,5,0.013422222307875124
2007-04-05,5,0.017400374718466893
2007-04-09,5,-0.0059182494801492186
2007-04-10,5,-0.00810181021804796
2007-04-11,5,-0.05447026131391221
2007-04-12,5,-0.062404967554639174
2007-04-13,5,-0.06333614122223034
2007-04-16,5,-0.010045234402839321
2007-04-17,5,-0.004669857032998283
2007-04-18,5,0.07180051335133351
2007-04-19,5,0.09992229394814475
2007-04-20,5,0.12068877330111408
2007-04-23,5,0.035291374490724794
2007-04-24,5,0.028255928437208064
2007-04-25,5,0.029691418462495997
2007-04-26,5,0.03471024357554839
2007-04-27,5,0.003966582635062238
2007-04-30,5,0.014454619963738941
2007-05-01,5,0.045011628645814726
2007-05-02,5,0.07033942079773928
2007-05-03,5,0.06490663239640074
2007-05-04,5,0.09882516264115535
2007-05-07,5,0.08981555236174306
2007-05-08,5,0.1153397369079906
2007-05-09,5,0.08996950324772911
2007-05-10,5,0.11678586264137598
2007-05-11,5,0.09069867782358976
2007-05-14,5,0.08398668326895181
2007-05-15,5,0.003853171614700004
2007-05-16,5,-0.016495888415521447
2007-05-17,5,-0.07736006406236547
2007-05-18,5,-0.027361529387401228
2007-05-21,5,-0.02787231106604522
2007-05-22,5,0.09007229416526749
2007-05-23,5,0.10887996602383614
2007-05-24,5,0.09914604904617597
2007-05-25,5,0.12003403202006392
2007-05-29,5,0.10907372644891851
2007-05-30,5,0.03658274311878261
2007-05-31,5,-0.016869416072028257
2007-06-01,5,0.01267391026211057
2007-06-04,5,0.013229852226161585
2007-06-05,5,0.0001318000917879941
2007-06-06,5,0.10093891676926084
2007-06-07,5,0.18275080958462878
2007-06-08,5,0.1937404363015667
2007-06-11,5,0.14996789991155948
2007-06-12,5,0.1526685481000025
2007-06-13,5,0.017445481104741273
2007-06-14,5,0.02850279393692077
2007-06-15,5,-0.00902569657512252
2007-06-18,5,-0.02789161617342837
2007-06-19,5,-0.031135483655535545
2007-06-20,5,0.007336047216847483
2007-06-21,5,-0.00678921607495305
2007-06-22,5,0.03373856513719713
2007-06-25,5,0.09174157415533239
2007-06-26,5,0.08027292973674863
2007-06-27,5,0.11223812694111437
2007-06-28,5,0.13265159234846172
2007-06-29,5,0.11648289610712097
2007-07-02,5,0.0739848555330541
2007-07-03,5,0.0734204575136443
2007-07-05,5,0.07074317496148932
2007-07-06,5,0.052874787559221974
2007-07-09,5,0.06813246323036444
2007-07-10,5,0.07805713110823663
2007-07-11,5,0.0972380911011447
2007-07-12,5,0.06964876215553054
2007-07-13,5,0.026837431130368048
2007-07-16,5,0.02441404710145978
2007-07-17,5,0.0035809632809310483
2007-07-18,5,-0.023893947376481296
2007-07-19,5,-0.03760374973901195
2007-07-20,5,-0.02595641487285816
2007-07-23,5,0.006003784898013588
2007-07-24,5,0.056447923229171276
2007-07-25,5,0.07402311905558805
2007-07-26,5,0.15739815224909015
2007-07-27,5,0.20735659528416003
2007-07-30,5,0.13589408654957055
2007-07-31,5,0.14689413303479468
2007-08-01,5,0.06143146155489922
2007-08-02,5,0.011528158070309083
2007-08-03,5,-0.08490022907661686
2007-08-06,5,-0.14141101952354454
2007-08-07,5,-0.2541669022196513
2007-08-08,5,-0.274718874199697
2007-08-09,5,-0.3718849818940195
2007-08-10,5,-0.16885269274608944
2007-08-13,5,-0.0450732695292864
2007-08-14,5,-0.029799940455723307
2007-08-15,5,-0.05731425508218931
2007-08-16,5,-0.10241829423196896
2007-08-17,5,-0.08888802923087474
2007-08-20,5,-0.05652900473654681
2007-08-21,5,-0.009728320852938442
2007-08-22,5,0.08244130237012466
2007-08-23,5,0.1326142727656714
2007-08-24,5,0.10787754342201862
2007-08-27,5,0.08953994663932345
2007-08-28,5,0.10082509602033622
2007-08-29,5,0.1099559960553177
2007-08-30,5,0.07950221224725876
2007-08-31,5,0.17823871790317009
2007-09-04,5,0.17121492570345392
2007-09-05,5,0.1422049117682469
2007-09-06,5,0.14219685532995538
2007-09-07,5,0.1279012386146984
2007-09-10,5,0.08254143190190931
2007-09-11,5,0.02814440551731409
2007-09-12,5,-0.04083332413781934
2007-09-13,5,0.027432956447498647
2007-09-14,5,0.059748213168313524
2007-09-17,5,0.061383967159725154
2007-09-18,5,0.13661530380252718
2007-09-19,5,0.20328233248264888
2007-09-20,5,0.17290209099663317
2007-09-21,5,0.1744603195010554
2007-09-24,5,0.12301783663554787
2007-09-25,5,-0.04068802004864257
2007-09-26,5,-0.08767274104269897
2007-09-27,5,-0.08830657570974401
2007-09-28,5,-0.14034973444244467
2007-10-01,5,-0.07428231946585007
2007-10-02,5,0.03786889535243196
2007-10-03,5,0.08547988813706078
2007-10-04,5,0.0358141513887344
2007-10-05,5,0.12903843633919942
2007-10-08,5,0.12094674227318562
2007-10-09,5,0.15278771600374838
2007-10-10,5,0.1621405678018605
2007-10-11,5,0.2437169193985754
2007-10-12,5,0.14229598089547116
2007-10-15,5,0.10252281763632504
2007-10-16,5,0.11157446142755809
2007-10-17,5,0.05219022943070848
2007-10-18,5,0.025839176751366322
2007-10-19,5,0.1215188283993418
2007-10-22,5,0.1505014927180234
2007-10-23,5,0.04059638511381898
2007-10-24,5,0.09993597601613859
2007-10-25,5,0.06333419175570187
2007-10-26,5,0.033962493123022304
2007-10-29,5,0.009730101130850414
2007-10-30,5,0.13409549106971214
2007-10-31,5,0.10128063243712329
2007-11-01,5,0.07269176365157401
2007-11-02,5,-0.009676180030912555
2007-11-05,5,-0.16151105168102414
2007-11-06,5,-0.2119517580395398
2007-11-07,5,-0.2087576177084336
2007-11-08,5,-0.17500741823250793
2007-11-09,5,-0.09728729071143441
2007-11-12,5,0.14640952086310377
2007-11-13,5,0.15793314596181457
2007-11-14,5,0.10078119688024102
2007-11-15,5,0.0995104052265337
2007-11-16,5,0.08523791172026013
2007-11-19,5,0.0912127883689189
2007-11-20,5,0.000798881334813338
2007-11-21,5,0.07798153399586291
2007-11-23,5,0.035480843601786244
2007-11-26,5,0.049825975539947505
2007-11-27,5,0.0684044053942862
2007-11-28,5,0.11164722387349703
2007-11-29,5,0.012568768222364083
2007-11-30,5,0.011349561800398226
2007-12-03,5,-0.10756227764294234
2007-12-04,5,-0.1838268631029513
2007-12-05,5,-0.1409241641236226
2007-12-06,5,-0.03507264272461197
2007-12-07,5,0.0498811463423943
2007-12-10,5,0.09444521547314998
2007-12-11,5,0.1296148342970687
2007-12-12,5,0.10605942576161312
2007-12-13,5,0.08014730431767915
2007-12-14,5,-0.02287097247086735
2007-12-17,5,-0.053330537482516475
2007-12-18,5,0.005298605175736392
2007-12-19,5,0.007335429995539675
2007-12-20,5,-2.4530051816601978e-05
2007-12-21,5,0.019010099391308242
2007-12-24,5,0.05094550650593449
2007-12-26,5,0.1413698718181496
2007-12-27,5,0.2088790587532488
2007-12-28,5,0.16100875120547053
2007-12-31,5,0.16114070956780877
2008-01-02,5,0.17464296902664275
2008-01-03,5,0.041383769740836976
2008-01-04,5,0.005693501187861626
2008-01-07,5,-0.01832092364415774
2008-01-08,5,-0.026409169000572514
2008-01-09,5,-0.1670639321589999
2008-01-10,5,-0.104406451079568
2008-01-11,5,-0.1029892543047035
2008-01-14,5,-0.0767553394527371
2008-01-15,5,-0.15794037238307432
2008-01-16,5,-0.1661486976759695
2008-01-17,5,-0.18120080741129752
2008-01-18,5,-0.19856442257245482
2008-01-22,5,-0.2482378055399717
2008-01-23,5,-0.20725874239464095
2008-01-24,5,-0.15563134240253101
2008-01-25,5,-0.1768416006823132
2008-01-28,5,-0.1197164322892129
2008-01-29,5,-0.04153702463281497
2008-01-30,5,-0.011649000559701264
2008-01-31,5,-0.005689253296672159
2008-02-01,5,0.06498792997882102
2008-02-04,5,0.06542704980967604
2008-02-05,5,0.016843555415231637
2008-02-06,5,-0.07439412391941014
2008-02-07,5,-0.05973563522674633
2008-02-08,5,-0.030213305463740674
2008-02-11,5,-0.07143735222078036
2008-02-12,5,-0.01706322525163966
2008-02-13,5,0.052400472492964305
2008-02-14,5,0.07518818426980203
2008-02-15,5,0.05529145208976243
2008-02-19,5,-0.00511533160065691
2008-02-20,5,-0.01377471822052439
2008-02-21,5,0.01393424560713494
2008-02-22,5,-0.013855794468219633
2008-02-25,5,0.05583656918188894
2008-02-26,5,0.11366776109631646
2008-02-27,5,0.14045280980607466
2008-02-28,5,0.12349370811706117
2008-02-29,5,0.16341150465671878
2008-03-03,5,0.09197524524338131
2008-03-04,5,0.09591574364918899
2008-03-05,5,0.08170344469825652
2008-03-06,5,0.0624810251473756
2008-03-07,5,0.08863907204594118
2008-03-10,5,0.1067893020094436
2008-03-11,5,0.07102689587873982
2008-03-12,5,0.03911201989577746
2008-03-13,5,0.004253045122161333
2008-03-14,5,-0.10254454786220647
2008-03-17,5,-0.18667785572760273
2008-03-18,5,-0.14971636421343124
2008-03-19,5,-0.14132226924014987
2008-03-20,5,-0.14152349497208483
2008-03-24,5,-0.05542531089473891
2008-03-25,5,-0.04541563737565234
2008-03-26,5,-0.08737573904105346
2008-03-27,5,-0.04683443792678277
2008-03-28,5,-0.0767959145251434
2008-03-31,5,-0.11586842356171109
2008-04-01,5,-0.05609119944425694
2008-04-02,5,-0.06609530468266199
2008-04-03,5,-0.017249318622964555
2008-04-04,5,0.02097196433826552
2008-04-07,5,0.09293666605600169
2008-04-08,5,0.17033189652441105
2008-04-09,5,0.24534302506437794
2008-04-10,5,0.1575678557043897
2008-04-11,5,0.13979057206867831
2008-04-14,5,0.1497470058486181
2008-04-15,5,0.10753861827254506
2008-04-16,5,0.036061709127783864
2008-04-17,5,0.008812160285128018
2008-04-18,5,0.0330152426776455
2008-04-21,5,-0.042763569363731525
2008-04-22,5,-0.12625635243031605
2008-04-23,5,-0.13818651235813786
2008-04-24,5,-0.1011046841643692
2008-04-25,5,-0.10800492994267674
2008-04-28,5,-0.06283455084401422
2008-04-29,5,0.03376056732109
2008-04-30,5,0.009022054684279074
2008-05-01,5,0.06228218373608733
2008-05-02,5,0.10314578231836469
2008-05-05,5,0.06293626471699547
2008-05-06,5,0.0794739738382865
2008-05-07,5,0.0503600724666734
2008-05-08,5,-0.0024756858489952405
2008-05-09,5,-0.022762330236405507
2008-05-12,5,-0.035930505875857124
2008-05-13,5,-0.05462499276118995
2008-05-14,5,-0.040582027502821166
2008-05-15,5,-0.045046712078873605
2008-05-16,5,-0.06130374080196729
2008-05-19,5,0.007379019648736426
2008-05-20,5,0.05512709737617039
2008-05-21,5,0.012595925209700508
2008-05-22,5,0.08221218210701337
2008-05-23,5,0.15669441786416383
2008-05-27,5,0.10806271178128538
2008-05-28,5,0.08492159062229401
2008-05-29,5,0.18005146497246272
2008-05-30,5,0.11230108633148925
2008-06-02,5,0.14699349056091338
2008-06-03,5,0.1091637326350301
2008-06-04,5,0.07734720454350087
2008-06-05,5,0.0619247724413522
2008-06-06,5,0.136326336930818
2008-06-09,5,0.13130215291699188
2008-06-10,5,0.21495591780575884
2008-06-11,5,0.24802319561892763
2008-06-12,5,0.21678873536496526
2008-06-13,5,0.19870255012152027
2008-06-16,5,0.1779510720956484
2008-06-17,5,0.09264976889803256
2008-06-18,5,0.030205149019091323
2008-06-19,5,0.043878611125421775
2008-06-20,5,0.10630973231042908
2008-06-23,5,0.08764261080120297
2008-06-24,5,0.17605854219508132
2008-06-25,5,0.1344251961423297
2008-06-26,5,0.0817328701274217
2008-06-27,5,0.024606810332229046
2008-06-30,5,-0.061895642710548836
2008-07-01,5,-0.03082482068377644
2008-07-02,5,0.006395947110452755
2008-07-03,5,0.08529995399426868
2008-07-07,5,0.12410176391447296
2008-07-08,5,0.15505834256275228
2008-07-09,5,0.00991500353470476
2008-07-10,5,-0.12156338527960654
2008-07-11,5,-0.11713473554290144
2008-07-14,5,-0.17582148771387698
2008-07-15,5,-0.239054754907909
2008-07-16,5,-0.24679616644852673
2008-07-17,5,-0.12252350744783717
2008-07-18,5,-0.13482824943304825
2008-07-21,5,-0.10492482015317749
2008-07-22,5,-0.0452850207211632
2008-07-23,5,0.07498615421943645
2008-07-24,5,0.015978577075509457
2008-07-25,5,0.03794261112309961
2008-07-28,5,-0.039055048216714655
2008-07-29,5,-0.04124903677428685
2008-07-30,5,-0.09105803933650894
2008-07-31,5,-0.04797206955423471
2008-08-01,5,-0.11225673820075718
2008-08-04,5,-0.15050232845923303
2008-08-05,5,-0.12598647377789915
2008-08-06,5,-0.09095815935979018
2008-08-07,5,-0.13831878629180033
2008-08-08,5,-0.13775963069446012
2008-08-11,5,-0.079221283477107
2008-08-12,5,-0.06266107339254648
2008-08-13,5,-0.02095316834292848
2008-08-14,5,-0.05674116872466751
2008-08-15,5,-0.013376461090810641
2008-08-18,5,-0.012070996864684751
2008-08-19,5,-0.02287371208221141
2008-08-20,5,-0.030178637786301993
2008-08-21,5,0.03645325897672551
2008-08-22,5,0.022061627403748403
2008-08-25,5,0.07706552710012726
2008-08-26,5,0.0898734992879449
2008-08-27,5,0.10236400738348382
2008-08-28,5,0.056855162110867725
2008-08-29,5,0.08969034253231127
2008-09-02,5,0.12270675834562939
2008-09-03,5,0.12307083264413932
2008-09-04,5,0.11656100922057651
2008-09-05,5,0.13932115004594423
2008-09-08,5,0.12853240570356436
2008-09-09,5,0.014928516464801153
2008-09-10,5,0.04707391506364734
2008-09-11,5,0.006137256081930857
2008-09-12,5,-0.04818601504673464
2008-09-15,5,-0.1573241341145332
2008-09-16,5,-0.12068540384782614
2008-09-17,5,-0.14441754330106268
2008-09-18,5,-0.16462291055198663
2008-09-19,5,0.05141890473241565
2008-09-22,5,0.1760901988822688
2008-09-23,5,0.08408261977362695
2008-09-24,5,0.19091873214601546
2008-09-25,5,0.22892820950845408
2008-09-26,5,0.17478307943959787
2008-09-29,5,0.1312708751305948
2008-09-30,5,0.2081764982170599
2008-10-01,5,0.18140213550360207
2008-10-02,5,0.07677841344122693
2008-10-03,5,0.18066535404375417
2008-10-06,5,-0.014700841970723754
2008-10-07,5,-0.07165353240691257
2008-10-08,5,0.0679405545595209
2008-10-09,5,0.013170813209682183
2008-10-10,5,-0.13075751832173133
2008-10-13,5,0.03683607287527513
2008-10-14,5,0.1126045390946437
2008-10-15,5,0.10346372931890953
2008-10-16,5,0.15688126400446772
2008-10-17,5,0.2154665004827827
2008-10-20,5,0.2532482209330903
2008-10-21,5,0.19357432151320242
2008-10-22,5,-0.016476642266931494
2008-10-23,5,-0.14980573153750465
2008-10-24,5,-0.1832953360585405
2008-10-27,5,-0.2570916085919955
2008-10-28,5,-0.3233074813910998
2008-10-29,5,-0.20879048554115842
2008-10-30,5,0.01103695261199043
2008-10-31,5,-0.005695429197134456
2008-11-03,5,0.0863174793805974
2008-11-04,5,0.2719822544778571
2008-11-05,5,0.33812441499225493
2008-11-06,5,0.1942561112407416
2008-11-07,5,0.3387705832678254
2008-11-10,5,0.34765300125211884
2008-11-11,5,0.30945326541908325
2008-11-12,5,0.28384436799309365
2008-11-13,5,0.3571890258863903
2008-11-14,5,0.288002993871379
2008-11-17,5,0.16416498105987964
2008-11-18,5,0.04872266009538328
2008-11-19,5,-0.22994648882946395
2008-11-20,5,-0.38556116851359545
2008-11-21,5,-0.2344633257149818
2008-11-24,5,-0.15743112478199583
2008-11-25,5,-0.1109312289501922
2008-11-26,5,0.09031872138117572
2008-11-28,5,0.0877474996847334
2008-12-01,5,-0.22302029371071358
2008-12-02,5,-0.20736939552638686
2008-12-03,5,-0.2376096919774213
2008-12-04,5,-0.23583625219779594
2008-12-05,5,-0.23924892526797092
2008-12-08,5,-0.07265267819642293
2008-12-09,5,-0.04275066953455761
2008-12-10,5,-0.06463450077598576
2008-12-11,5,-0.044997118886816685
2008-12-12,5,-0.08990549547487954
2008-12-15,5,-0.08942242706395694
2008-12-16,5,0.005478816431900361
2008-12-17,5,0.07582796447264344
2008-12-18,5,0.04190844153795127
2008-12-19,5,0.14309247989316667
2008-12-22,5,0.03423932354602705
2008-12-23,5,-0.14609241852959096
2008-12-24,5,-0.3314034618217904
2008-12-26,5,-0.32333165422789617
2008-12-29,5,-0.44220517144148636
2008-12-30,5,-0.4220915633657842
2008-12-31,5,-0.33010210729930983
2009-01-02,5,-0.20956689861313588
2009-01-05,5,-0.1323921295039249
2009-01-06,5,0.005984215217492305
2009-01-07,5,0.06402783452079273
2009-01-08,5,0.09015756380513694
2009-01-09,5,0.11407858179079494
2009-01-12,5,0.12645643457687
2009-01-13,5,0.10452363003366429
2009-01-14,5,0.17374586048061955
2009-01-15,5,0.13917685438359573
2009-01-16,5,0.13950861668626424
2009-01-20,5,0.014263221708186965
2009-01-21,5,0.04155491963182346
2009-01-22,5,0.018130090687713093
2009-01-23,5,-0.028601807659218336
2009-01-26,5,-0.013622366942374614
2009-01-27,5,0.06541376422531177
2009-01-28,5,0.085845153624465
2009-01-29,5,0.05773402988993336
2009-01-30,5,-0.03816969698394048
2009-02-02,5,-0.12445925380105331
2009-02-03,5,-0.06528792573358017
2009-02-04,5,-0.0321333459019082
2009-02-05,5,-0.003860645939387725
2009-02-06,5,0.05871155785806179
2009-02-09,5,0.05132973757353075
2009-02-10,5,0.026635089903412883
2009-02-11,5,0.06564813372891827
2009-02-12,5,0.043928123205519885
2009-02-13,5,0.002400606465073859
2009-02-17,5,0.04584930332359762
2009-02-18,5,0.1096051836571804
2009-02-19,5,0.08050687966268023
2009-02-20,5,0.12099508640481849
2009-02-23,5,0.09618312665526757
2009-02-24,5,0.11688744540941087
2009-02-25,5,0.1551554585731417
2009-02-26,5,0.23219565211178325
2009-02-27,5,0.17976204941656432
2009-03-02,5,0.2335460255304039
2009-03-03,5,0.0972513653017571
2009-03-04,5,0.1070091582129971
2009-03-05,5,-0.0899863667282649
2009-03-06,5,-0.1748239135882884
2009-03-09,5,-0.2624338277781591
2009-03-10,5,-0.23875971525169018
2009-03-11,5,-0.25946000306597056
2009-03-12,5,-0.2419852935627986
2009-03-13,5,-0.1548990587582739
2009-03-16,5,-0.20873508097187252
2009-03-17,5,-0.1734409726461448
2009-03-18,5,-0.1517709120303332
2009-03-19,5,-0.1721437645796961
2009-03-20,5,-0.19447474954782623
2009-03-23,5,-0.06941758728169194
2009-03-24,5,-0.0878614772729675
2009-03-25,5,-0.07177736772896623
2009-03-26,5,-0.0860091682264972
2009-03-27,5,-0.10522063499123538
2009-03-30,5,-0.20101995929023148
2009-03-31,5,-0.21221755018419503
2009-04-01,5,-0.15407642171342278
2009-04-02,5,-0.17329649366850672
2009-04-03,5,-0.12554097614247509
2009-04-06,5,-0.08083624743010624
2009-04-07,5,-0.16789259353698072
2009-04-08,5,-0.12701558272593627
2009-04-09,5,-0.10385607552401596
2009-04-13,5,-0.11116149622332372
2009-04-14,5,-0.0838003904698149
2009-04-15,5,0.012269976964648481
2009-04-16,5,-0.01679575247318465
2009-04-17,5,0.020941009670519907
2009-04-20,5,0.03939718819540457
2009-04-21,5,-0.019101458031495436
2009-04-22,5,-0.02441678631961099
2009-04-23,5,0.05833363520573604
2009-04-24,5,-0.009578312601421392
2009-04-27,5,0.04602159926015222
2009-04-28,5,0.05575860481413987
2009-04-29,5,0.05731792691378729
2009-04-30,5,-0.0660841199209134
2009-05-01,5,-0.03274845107477668
2009-05-04,5,-0.13883533740251308
2009-05-05,5,-0.19172010260059758
2009-05-06,5,-0.3122149994952132
2009-05-07,5,-0.18660340424405947
2009-05-08,5,-0.29120468855945464
2009-05-11,5,-0.1468136004767992
2009-05-12,5,0.03900372243736555
2009-05-13,5,0.26967388221722266
2009-05-14,5,0.1543959638380876
2009-05-15,5,0.16782308139395266
2009-05-18,5,0.11185698468356013
2009-05-19,5,0.02785399172484084
2009-05-20,5,0.0724213059841118
2009-05-21,5,0.14838431603150048
2009-05-22,5,0.26757974496991144
2009-05-26,5,0.15955434155659515
2009-05-27,5,0.04074279585404414
2009-05-28,5,0.10158235648318677
2009-05-29,5,0.04182955829293732
2009-06-01,5,-0.16751503419435665
2009-06-02,5,-0.04493219002850741
2009-06-03,5,0.1148714133064592
2009-06-04,5,0.05643654627579403
2009-06-05,5,0.01610851738779813
2009-06-08,5,-0.023574771273870733
2009-06-09,5,-0.1236386492617383
2009-06-10,5,-0.27394604153945795
2009-06-11,5,-0.3390561129401097
2009-06-12,5,-0.25547994905403953
2009-06-15,5,-0.30492662993786634
2009-06-16,5,-0.30477417834437825
2009-06-17,5,-0.15640196138825024
2009-06-18,5,-0.10577525040945598
2009-06-19,5,-0.07671881582249661
2009-06-22,5,0.17600019524673283
2009-06-23,5,0.15745111282550867
2009-06-24,5,0.11005983100126804
2009-06-25,5,-0.06912851423491387
2009-06-26,5,-0.24578205129513706
2009-06-29,5,-0.2302179389933024
2009-06-30,5,-0.288951840347625
2009-07-01,5,-0.3100933785403173
2009-07-02,5,-0.24830922230504782
2009-07-06,5,-0.06617563022781843
2009-07-07,5,-0.050885217213018745
2009-07-08,5,0.10070294828416293
2009-07-09,5,0.13402662596776388
2009-07-10,5,0.1058617381424676
2009-07-13,5,0.08849238608120177
2009-07-14,5,0.07322099011258194
2009-07-15,5,0.05830993756708802
2009-07-16,5,0.056426300567808334
2009-07-17,5,0.026328364363059027
2009-07-20,5,0.03269764135497416
2009-07-21,5,-0.046558750780314975
2009-07-22,5,-0.04660225595579792
2009-07-23,5,-0.03739069642305439
2009-07-24,5,-0.016024402697238403
2009-07-27,5,0.05148210686409823
2009-07-28,5,0.04253184238558746
2009-07-29,5,-0.027244871859513967
2009-07-30,5,-0.058875190804121826
2009-07-31,5,-0.0774876737504644
2009-08-03,5,-0.08412742167992869
2009-08-04,5,-0.11048254679927291
2009-08-05,5,-0.05455112982026035
2009-08-06,5,0.058237384872387735
2009-08-07,5,-0.008826548689785147
2009-08-10,5,-0.11086574562182078
2009-08-11,5,0.051004018552379064
2009-08-12,5,-0.023568396310593213
2009-08-13,5,-0.05027104128104238
2009-08-14,5,0.027584622707072876
2009-08-17,5,0.12017617817895147
2009-08-18,5,0.08898515518553125
2009-08-19,5,0.04195105325670451
2009-08-20,5,0.01422845078344013
2009-08-21,5,0.00883591305480565
2009-08-24,5,-0.02281985917268127
2009-08-25,5,-0.0984986690540811
2009-08-26,5,-0.11211934204872957
2009-08-27,5,-0.08092233505892085
2009-08-28,5,-0.0833768179345252
2009-08-31,5,-0.0785482627822388
2009-09-01,5,0.022117960096070453
2009-09-02,5,0.03788968346909789
2009-09-03,5,0.0052358415911766725
2009-09-04,5,-0.003288995844275746
2009-09-08,5,0.01847979957097221
2009-09-09,5,0.020240078023677763
2009-09-10,5,-0.07643462609036315
2009-09-11,5,-0.06191883063876036
2009-09-14,5,-0.07676869072691514
2009-09-15,5,-0.0596091699122891
2009-09-16,5,-0.1499189711075005
2009-09-17,5,-0.16455714838008534
2009-09-18,5,-0.1808751295976838
2009-09-21,5,-0.03427759290373356
2009-09-22,5,-0.08315794136231439
2009-09-23,5,-0.09039429202199492
2009-09-24,5,-0.12661662671656274
2009-09-25,5,-0.08156439343499645
2009-09-28,5,-0.07177135689393647
2009-09-29,5,-0.0014565601977564067
2009-09-30,5,0.012316389522398684
2009-10-01,5,0.23933667329763217
2009-10-02,5,0.2724340513460872
2009-10-05,5,0.16053269972140785
2009-10-06,5,0.11505890293818886
2009-10-07,5,0.17211347035715474
2009-10-08,5,0.07549891351555303
2009-10-09,5,-0.03920824116984697
2009-10-12,5,-0.01281629749614037
2009-10-13,5,-0.037712458953363594
2009-10-14,5,-0.1147110732832042
2009-10-15,5,-0.09556360109620175
2009-10-16,5,-0.09205879833289507
2009-10-19,5,-0.11693700386199166
2009-10-20,5,-0.15652710062463468
2009-10-21,5,-0.21978408883390038
2009-10-22,5,-0.1759647583072733
2009-10-23,5,-0.1867537841710613
2009-10-26,5,-0.11122104445033269
2009-10-27,5,-0.04905855703603311
2009-10-28,5,0.04620463788520835
2009-10-29,5,0.03695402821867542
2009-10-30,5,0.06672676639015379
2009-11-02,5,0.017786749221313493
2009-11-03,5,0.08960424877723495
2009-11-04,5,0.047451637809909505
2009-11-05,5,0.053681596222946694
2009-11-06,5,0.062260867227463254
2009-11-09,5,0.024906385450187415
2009-11-10,5,-0.026618070754248806
2009-11-11,5,0.0014852048162145653
2009-11-12,5,-0.0018188317234202175
2009-11-13,5,-0.03405219851667771
2009-11-16,5,0.003621948064476981
2009-11-17,5,-0.03519003936714561
2009-11-18,5,0.02496843693483724
2009-11-19,5,0.02232036589910423
2009-11-20,5,0.08104475991078591
2009-11-23,5,0.0721033104078788
2009-11-24,5,0.056995019387500345
2009-11-25,5,0.024704627459465302
2009-11-27,5,-0.022397125341776576
2009-11-30,5,-0.08343670571771866
2009-12-01,5,-0.08488851102170043
2009-12-02,5,-0.03243197371059087
2009-12-03,5,-0.013691114357611155
2009-12-04,5,0.0293160414647045
2009-12-07,5,0.04262346646427131
2009-12-08,5,0.025936284014794583
2009-12-09,5,-0.009515604346855507
2009-12-10,5,-0.041051529447651496
2009-12-11,5,-0.05715758080717346
2009-12-14,5,-0.043443808882756126
2009-12-15,5,-0.029598589656537874
2009-12-16,5,-0.032170711789846776
2009-12-17,5,-0.07117849450036506
2009-12-18,5,-0.05352328505025227
2009-12-21,5,-0.08553562523608207
2009-12-22,5,-0.125900350429397
2009-12-23,5,-0.14482525594341847
2009-12-24,5,-0.14068261015684255
2009-12-28,5,-0.08459071913246817
2009-12-29,5,-0.07105183408168715
2009-12-30,5,-0.12277273748846156
2009-12-31,5,-0.0993494368254367
2010-01-04,5,-0.09547965780984151
2010-01-05,5,-0.11041464159084301
2010-01-06,5,-0.13380025221149952
2010-01-07,5,-0.09681446911414285
2010-01-08,5,-0.12021799461903701
2010-01-11,5,-0.04723371413374265
2010-01-12,5,-0.0010891472586623632
2010-01-13,5,0.02608671336421364
2010-01-14,5,0.021632812637266838
2010-01-15,5,0.049911032963291004
2010-01-19,5,0.026487215529179
2010-01-20,5,-0.01667381365398664
2010-01-21,5,-0.016377012314502757
2010-01-22,5,-0.01735482496080192
2010-01-25,5,0.0031328022206381333
2010-01-26,5,-0.024896107591481278
2010-01-27,5,0.02065958740208303
2010-01-28,5,-0.026976983658354894
2010-01-29,5,-0.039366369148757754
2010-02-01,5,-0.031684011230396256
2010-02-02,5,-0.0366863710274328
2010-02-03,5,-0.0413720289205395
2010-02-04,5,0.036718249516458204
2010-02-05,5,0.0811019746333967
2010-02-08,5,0.053200062674829636
2010-02-09,5,0.034276232685672765
2010-02-10,5,0.04580282488054669
2010-02-11,5,0.05481534729025155
2010-02-12,5,0.02221385911685039
2010-02-16,5,-0.024053613257368368
2010-02-17,5,-0.009806432930178475
2010-02-18,5,0.006520806835807563
2010-02-19,5,-0.014783164140607817
2010-02-22,5,0.05097083793720346
2010-02-23,5,0.06720244491664096
2010-02-24,5,0.03261947962680258
2010-02-25,5,0.020469460743781403
2010-02-26,5,-0.008030142355991945
2010-03-01,5,-0.06307376894296914
2010-03-02,5,-0.05652189064079466
2010-03-03,5,0.0016807661247640793
2010-03-04,5,-0.01058261047145649
2010-03-05,5,-0.0243439722117503
2010-03-08,5,-0.0002920598489133563
2010-03-09,5,-0.007760067956976969
2010-03-10,5,-0.04865417290765914
2010-03-11,5,-0.10094170660675604
2010-03-12,5,-0.14339280783189431
2010-03-15,5,-0.0989748068615004
2010-03-16,5,-0.04569546106978596
2010-03-17,5,-0.02564169097715656
2010-03-18,5,0.014330282975930845
2010-03-19,5,0.043659586051145054
2010-03-22,5,0.013108195693239217
2010-03-23,5,-0.007048071289849504
2010-03-24,5,-0.040844678140950365
2010-03-25,5,-0.04296785883924573
2010-03-26,5,0.002057700398403459
2010-03-29,5,0.032945093545700674
2010-03-30,5,0.009446578354150787
2010-03-31,5,0.03806161308983084
2010-04-01,5,0.042452207372254074
2010-04-05,5,-0.005257425058291932
2010-04-06,5,0.0040918710298226135
2010-04-07,5,0.031764982008795135
2010-04-08,5,-0.002893622193373604
2010-04-09,5,-0.010811790584102931
2010-04-12,5,-0.053426818936009736
2010-04-13,5,-0.08668967769142318
2010-04-14,5,-0.13324682645314237
2010-04-15,5,-0.05264251072951014
2010-04-16,5,0.007526129456735418
2010-04-19,5,0.08041895240304947
2010-04-20,5,0.024379233779366904
2010-04-21,5,0.02871226057624118
2010-04-22,5,0.03227510389013805
2010-04-23,5,-0.08117132496411059
2010-04-26,5,-0.009935764463281553
2010-04-27,5,-0.04344399421300816
2010-04-28,5,-0.09506292088488535
2010-04-29,5,-0.1994981096079822
2010-04-30,5,-0.181561634623583
2010-05-03,5,-0.18178586031094082
2010-05-04,5,-0.01858367105673206
2010-05-05,5,0.12367086042426627
2010-05-06,5,0.16690011567873078
2010-05-07,5,0.17714616946196296
2010-05-10,5,0.0809233161266318
2010-05-11,5,-0.00943757169358027
2010-05-12,5,-0.1152431262909195
2010-05-13,5,-0.16809576857785402
2010-05-14,5,-0.10232675034884332
2010-05-17,5,-0.08481298427824575
2010-05-18,5,-0.06598141841214575
2010-05-19,5,-0.009403610681688074
2010-05-20,5,0.06342809297831829
2010-05-21,5,0.10282938398112373
2010-05-24,5,0.11001509644810409
2010-05-25,5,0.08365468727766948
2010-05-26,5,0.08380010738642064
2010-05-27,5,0.03266448226335916
2010-05-28,5,0.015159413820871543
2010-06-01,5,-0.010211697933213476
2010-06-02,5,0.01711766623650118
2010-06-03,5,-0.010266267711056588
2010-06-04,5,0.010627115386152125
2010-06-07,5,-0.020203486084501374
2010-06-08,5,-0.11395665381631492
2010-06-09,5,-0.0978764270562893
2010-06-10,5,0.007915746865152656
2010-06-11,5,-0.0004713529168455589
2010-06-14,5,-0.009899882630540644
2010-06-15,5,0.023861786689356523
2010-06-16,5,0.02241574304984305
2010-06-17,5,0.0028541489879627935
2010-06-18,5,0.02238969135543163
2010-06-21,5,0.05098965963650762
2010-06-22,5,0.08483899859132621
2010-06-23,5,0.09365968007421006
2010-06-24,5,0.08439505226456898
2010-06-25,5,0.026735156176035346
2010-06-28,5,0.054210282583869375
2010-06-29,5,-0.009412522420997698
2010-06-30,5,-0.0837797347170996
2010-07-01,5,-0.18161063804052185
2010-07-02,5,-0.18690138246742388
2010-07-06,5,-0.30089267138853965
2010-07-07,5,-0.2400063436024687
2010-07-08,5,-0.1425251545424664
2010-07-09,5,0.08582167753607933
2010-07-12,5,0.07690533286386823
2010-07-13,5,0.11195238846318538
2010-07-14,5,0.11795272350512677
2010-07-15,5,-0.0037800802446543475
2010-07-16,5,-0.20618027948245168
2010-07-19,5,-0.2760072226285515
2010-07-20,5,-0.25866133746248193
2010-07-21,5,-0.20559208215737143
2010-07-22,5,-0.0816611663745933
2010-07-23,5,0.00032723677790301404
2010-07-26,5,0.0104127488542799
2010-07-27,5,0.045871333544736964
2010-07-28,5,-0.03864359830067581
2010-07-29,5,-0.01456527608149525
2010-07-30,5,-0.04085476176479418
2010-08-02,5,-0.0025532453022207896
2010-08-03,5,0.014805719445150646
2010-08-04,5,0.05243434850652306
2010-08-05,5,0.10331901088655533
2010-08-06,5,0.18137402090687874
2010-08-09,5,0.19800009345292832
2010-08-10,5,0.19860877738066912
2010-08-11,5,0.13130662078490926
2010-08-12,5,0.14558148299217866
2010-08-13,5,0.10252574768440713
2010-08-16,5,0.11512239452259983
2010-08-17,5,0.0923142384957741
2010-08-18,5,0.04645953608323325
2010-08-19,5,0.08233574666538886
2010-08-20,5,0.03937956234907535
2010-08-23,5,0.057594074882750416
2010-08-24,5,0.0895785569402989
2010-08-25,5,0.09937332249451365
2010-08-26,5,-0.009524804533776413
2010-08-27,5,-0.060134932356628285
2010-08-30,5,0.018728550021148368
2010-08-31,5,-0.03128897915812177
2010-09-01,5,-0.02862630201724999
2010-09-02,5,-0.008431440091099083
2010-09-03,5,0.04253350117489794
2010-09-07,5,-0.059846470561150736
2010-09-08,5,-0.09184639926368411
2010-09-09,5,-0.06265614101110475
2010-09-10,5,-0.06498556047930167
2010-09-13,5,-0.05911383482185322
2010-09-14,5,-0.07208571231347831
2010-09-15,5,0.007706421979484302
2010-09-16,5,0.001956302388120877
2010-09-17,5,-0.09656054052811071
2010-09-20,5,-0.06054067092682312
2010-09-21,5,-0.07292043656718089
2010-09-22,5,-0.13891900659382675
2010-09-23,5,-0.15545533572821307
2010-09-24,5,-0.10454375117739442
2010-09-27,5,-0.03385818259999209
2010-09-28,5,0.012286590122664455
2010-09-29,5,0.00034767087439680275
2010-09-30,5,0.058908268380803396
2010-10-01,5,0.04069253254415116
2010-10-04,5,-0.01624276140685488
2010-10-05,5,-0.025240606721642116
2010-10-06,5,0.024727063940139113
2010-10-07,5,0.037869417354887205
2010-10-08,5,-0.018784306022866255
2010-10-11,5,-0.04072124384678692
2010-10-12,5,-0.12566586175621014
2010-10-13,5,-0.06378944377074681
2010-10-14,5,-0.10538095354498755
2010-10-15,5,-0.0400394275709057
2010-10-18,5,-0.0009094475094434304
2010-10-19,5,0.09789121422824676
2010-10-20,5,0.04074704836618301
2010-10-21,5,0.0237874862438078
2010-10-22,5,0.03052240243114894
2010-10-25,5,0.014961617845235135
2010-10-26,5,-0.04519959183932038
2010-10-27,5,-0.03953708212300908
2010-10-28,5,-0.06454158695335266
2010-10-29,5,-0.04735750538885651
2010-11-01,5,-0.056681765195145985
2010-11-02,5,-0.04954612098702447
2010-11-03,5,-0.012460522560733782
2010-11-04,5,0.03828293851901628
2010-11-05,5,-0.037811354693795804
2010-11-08,5,-0.07949657771247508
2010-11-09,5,-0.06065689252760554
2010-11-10,5,-0.0590703905708633
2010-11-11,5,-0.02012405359962725
2010-11-12,5,0.09118488661949248
2010-11-15,5,0.14154958672275758
2010-11-16,5,0.17756978725917827
2010-11-17,5,0.2119862144309086
2010-11-18,5,0.16215880675970862
2010-11-19,5,0.16252563548482735
2010-11-22,5,0.11141610519994023
2010-11-23,5,0.16688838553190516
2010-11-24,5,0.0637504331556361
2010-11-26,5,0.020456831392198536
2010-11-29,5,0.01722491069151481
2010-11-30,5,-0.010085110372976908
2010-12-01,5,-0.016577067771658134
2010-12-02,5,0.04076057621438485
2010-12-03,5,0.04938466461613132
2010-12-06,5,-0.06439532051894427
2010-12-07,5,-0.08744579276457723
2010-12-08,5,-0.06386546324523565
2010-12-09,5,-0.0410645091528303
2010-12-10,5,-0.06449132796716013
2010-12-13,5,0.018464611560994312
2010-12-14,5,0.07587259095163218
2010-12-15,5,0.030222321697565332
2010-12-16,5,-0.028709172216673812
2010-12-17,5,-0.02310352757552689
2010-12-20,5,-0.1017054583006187
2010-12-21,5,-0.14297634337415124
2010-12-22,5,-0.10563524734693831
2010-12-23,5,-0.07875353402481892
2010-12-27,5,-0.07881243854270686
2010-12-28,5,-0.13346860143665668
2010-12-29,5,-0.08013788248356482
2010-12-30,5,-0.07362674861732194
2010-12-31,5,-0.036203225880256804
2011-01-03,5,-0.02523024285250115
2011-01-04,5,0.08868014567339749
2011-01-05,5,0.0471309324730419
2011-01-06,5,0.09095043817296218
2011-01-07,5,0.053737020054661085
2011-01-10,5,0.010382202078525953
2011-01-11,5,-0.12053551348929814
2011-01-12,5,-0.18444816263675662
2011-01-13,5,-0.2192741887972347
2011-01-14,5,-0.19522596729120706
2011-01-18,5,-0.2248788631368511
2011-01-19,5,0.0009472691446887685
2011-01-20,5,0.11590634007650719
2011-01-21,5,0.0705809749590525
2011-01-24,5,0.05340792372495431
2011-01-25,5,0.15608451606538756
2011-01-26,5,0.08312069264681574
2011-01-27,5,0.046267537261189685
2011-01-28,5,0.10624236081703244
2011-01-31,5,0.10636187954813021
2011-02-01,5,0.05116260291322408
2011-02-02,5,0.040001401766796445
2011-02-03,5,0.07479282593558047
2011-02-04,5,0.09100857597201796
2011-02-07,5,0.10733861066181156
2011-02-08,5,0.04866548601497115
2011-02-09,5,0.08580336261315256
2011-02-10,5,0.06592621903751344
2011-02-11,5,-0.004418545463793384
2011-02-14,5,-0.17669154685136745
2011-02-15,5,-0.15579455348709118
2011-02-16,5,-0.18622944948892123
2011-02-17,5,-0.14788909862760088
2011-02-18,5,-0.10108121555525744
2011-02-22,5,-0.02083433861232774
2011-02-23,5,0.06990136493255676
2011-02-24,5,0.15418372144115305
2011-02-25,5,0.0521384434308322
2011-02-28,5,-0.016142937598099757
2011-03-01,5,0.0217421798689001
2011-03-02,5,-0.07333057450330652
2011-03-03,5,-0.1532875975147833
2011-03-04,5,-0.08315742629222227
2011-03-07,5,-0.06700401809441353
2011-03-08,5,-0.041801259019754136
2011-03-09,5,0.013942660778045126
2011-03-10,5,0.08173213014252596
2011-03-11,5,-0.011848367431328131
2011-03-14,5,0.008868242574846504
2011-03-15,5,0.004996714287787105
2011-03-16,5,0.04053933876107219
2011-03-17,5,-0.005735125451877808
2011-03-18,5,0.061648832944083076
2011-03-21,5,0.019186586137262922
2011-03-22,5,0.05261862785679442
2011-03-23,5,0.04579175578428979
2011-03-24,5,0.08616183418853358
2011-03-25,5,0.10337959125110988
2011-03-28,5,0.1161555290338079
2011-03-29,5,0.11827656343325876
2011-03-30,5,0.01327704619303984
2011-03-31,5,-0.03184741803670763
2011-04-01,5,-0.08948096015227258
2011-04-04,5,-0.1284116096739638
2011-04-05,5,-0.14561216452086484
2011-04-06,5,-0.03659113048341429
2011-04-07,5,0.02430850127068495
2011-04-08,5,0.07767810648320685
2011-04-11,5,0.020107818445160155
2011-04-12,5,0.04067123667692229
2011-04-13,5,0.0075087648224544945
2011-04-14,5,0.03690801490531471
2011-04-15,5,-0.005878754417753963
2011-04-18,5,0.04361593887568125
2011-04-19,5,0.017978391512820182
2011-04-20,5,0.031116452898610068
2011-04-21,5,-0.028471322940808275
2011-04-25,5,-0.017531052654717404
2011-04-26,5,-0.10584075469136497
2011-04-27,5,-0.11784755706585309
2011-04-28,5,-0.10965234117759894
2011-04-29,5,-0.10380383327334602
2011-05-02,5,-0.005039728212328532
2011-05-03,5,0.045301965981860544
2011-05-04,5,0.025386642646487947
2011-05-05,5,0.04002289533258816
2011-05-06,5,0.031318498529455195
2011-05-09,5,-0.03308898594482502
2011-05-10,5,-0.0379223052573402
2011-05-11,5,0.057390945793211835
2011-05-12,5,0.08681682783191741
2011-05-13,5,0.08110556459022801
2011-05-16,5,0.09578968137618449
2011-05-17,5,0.08746012985904927
2011-05-18,5,0.0899383135034621
2011-05-19,5,0.07426581997229133
2011-05-20,5,0.0426300853968576
2011-05-23,5,-0.032466235214523555
2011-05-24,5,0.04260567519383703
2011-05-25,5,0.03552301081632484
2011-05-26,5,0.00922019923841599
2011-05-27,5,0.0752925113441637
2011-05-31,5,0.0781226056241274
2011-06-01,5,0.08188099450621639
2011-06-02,5,0.11230926227597353
2011-06-03,5,0.06755112190977224
2011-06-06,5,0.062377131209464816
2011-06-07,5,0.03739163778934195
2011-06-08,5,-0.031738427625825905
2011-06-09,5,-0.05228831443270838
2011-06-10,5,-0.030480724853332208
2011-06-13,5,0.0018425012177213788
2011-06-14,5,-0.001263243094726341
2011-06-15,5,0.018375424916997795
2011-06-16,5,0.030784661425752383
2011-06-17,5,0.032854261366803604
2011-06-20,5,-0.0038412444679517817
2011-06-21,5,0.052430163067257694
2011-06-22,5,0.04886108240225846
2011-06-23,5,-0.005015075336372307
2011-06-24,5,-0.08897992041245902
2011-06-27,5,-0.022752350875132204
2011-06-28,5,0.04186492707482415
2011-06-29,5,-0.0633446578412167
2011-06-30,5,0.02911544329935838
2011-07-01,5,0.11392061831780498
2011-07-05,5,0.02633163828957742
2011-07-06,5,0.012758868736149261
2011-07-07,5,0.11995955487671968
2011-07-08,5,0.08269351267511664
2011-07-11,5,0.10521222809720879
2011-07-12,5,0.12477724257389161
2011-07-13,5,0.0531193411339881
2011-07-14,5,-0.015559761998472527
2011-07-15,5,-0.03209302955939401
2011-07-18,5,-0.0683696344821908
2011-07-19,5,-0.10336545566719968
2011-07-20,5,-0.06272876763107725
2011-07-21,5,0.022522196867430143
2011-07-22,5,0.07460624899125264
2011-07-25,5,0.1098681591999962
2011-07-26,5,0.12619802660702364
2011-07-27,5,0.1698875396685772
2011-07-28,5,0.14366464896442013
2011-07-29,5,0.10489731203047332
2011-08-01,5,0.04621722198663452
2011-08-02,5,0.05639458922315868
2011-08-03,5,0.1116026815470081
2011-08-04,5,0.06908113189690347
2011-08-05,5,0.03850690178877499
2011-08-08,5,-0.18730070286502998
2011-08-09,5,-0.14146107342193986
2011-08-10,5,-0.23474632610155907
2011-08-11,5,-0.021393569538001183
2011-08-12,5,0.035286360333042846
2011-08-15,5,0.1138106597579243
2011-08-16,5,0.1364744524011301
2011-08-17,5,0.12244140029766146
2011-08-18,5,0.05893422424559281
2011-08-19,5,-0.10147716616721779
2011-08-22,5,-0.28159736023021376
2011-08-23,5,-0.22973374348646639
2011-08-24,5,-0.21292287094600215
2011-08-25,5,-0.15134253538887246
2011-08-26,5,0.05772497556978219
2011-08-29,5,0.25683269013120413
2011-08-30,5,0.15888239247854286
2011-08-31,5,0.25286249321171117
2011-09-01,5,0.2299553295433195
2011-09-02,5,0.12443492272393294
2011-09-06,5,-0.04797445439598398
2011-09-07,5,0.03907850726652841
2011-09-08,5,-0.12689129879445268
2011-09-09,5,-0.13426422494599755
2011-09-12,5,-0.0016611375955656548
2011-09-13,5,0.11776193068838585
2011-09-14,5,0.2328516647646613
2011-09-15,5,0.2992544094650406
2011-09-16,5,0.22752439584592346
2011-09-19,5,0.11559277751628454
2011-09-20,5,-0.02140726361149333
2011-09-21,5,0.00666438329063891
2011-09-22,5,-0.20128518139188434
2011-09-23,5,-0.025170776915863828
2011-09-26,5,0.2033434992425505
2011-09-27,5,0.1329266985432129
2011-09-28,5,-0.08788776751577329
2011-09-29,5,-0.13757314960641182
2011-09-30,5,-0.15906885456144676
2011-10-03,5,-0.43925091246611353
2011-10-04,5,-0.3345725523336884
2011-10-05,5,-0.34699499975597564
2011-10-06,5,-0.20719277563529495
2011-10-07,5,-0.3524849808806546
2011-10-10,5,-0.09956692147267862
2011-10-11,5,-0.12958518026205104
2011-10-12,5,0.10706434483469747
2011-10-13,5,0.07741185055089096
2011-10-14,5,0.07811312900540619
2011-10-17,5,-0.2497631746708678
2011-10-18,5,-0.04401998607743937
2011-10-19,5,-0.21133592807791787
2011-10-20,5,-0.32625834978565404
2011-10-21,5,-0.34391191372781826
2011-10-24,5,-0.14275866152772576
2011-10-25,5,-0.14829937036757174
2011-10-26,5,-0.11569559574965704
2011-10-27,5,-0.002687882668102245
2011-10-28,5,0.07443440760636938
2011-10-31,5,0.01701176651255048
2011-11-01,5,0.006425492875290312
2011-11-02,5,0.0298686218045431
2011-11-03,5,-0.015228687607474055
2011-11-04,5,0.06674968349260557
2011-11-07,5,0.10253547330948047
2011-11-08,5,0.12358242777442525
2011-11-09,5,0.10213165992124833
2011-11-10,5,0.08920011800538104
2011-11-11,5,0.017477794436951414
2011-11-14,5,-0.006210619982967012
2011-11-15,5,-0.046011826480805415
2011-11-16,5,-0.027521148823075877
2011-11-17,5,0.021993742584228006
2011-11-18,5,0.06484190377293078
2011-11-21,5,0.11928639368550548
2011-11-22,5,0.008277388661162606
2011-11-23,5,-0.0067251631641166215
2011-11-25,5,-0.08088203906225945
2011-11-28,5,-0.025049616585947027
2011-11-29,5,-0.028323819832296412
2011-11-30,5,-0.0036146055506566166
2011-12-01,5,0.06927535503895185
2011-12-02,5,0.14176806000873168
2011-12-05,5,0.11534065077721244
2011-12-06,5,0.06158205829417054
2011-12-07,5,0.041506468348886
2011-12-08,5,0.07728001987904541
2011-12-09,5,0.08190247678650109
2011-12-12,5,0.10139173924400431
2011-12-13,5,0.08163419548472764
2011-12-14,5,0.12072960312018335
2011-12-15,5,-0.01846357101934075
2011-12-16,5,-0.025341725295171733
2011-12-19,5,-0.011217765948874277
2011-12-20,5,-0.04825870571143226
2011-12-21,5,-0.054235818603249206
2011-12-22,5,-0.0379655115193109
2011-12-23,5,-0.07027797108683924
2011-12-27,5,-0.05026910016631067
2011-12-28,5,0.007347426578829366
2011-12-29,5,-0.02737253351811772
2011-12-30,5,-0.01886437566085945
2012-01-03,5,0.037732465314489594
2012-01-04,5,-0.0031319642360412357
2012-01-05,5,-0.05459776625718318
2012-01-06,5,-0.062009026060742975
2012-01-09,5,-0.07700394580726679
2012-01-10,5,-0.048688326395515374
2012-01-11,5,-0.05837097862272923
2012-01-12,5,-0.0863727909411299
2012-01-13,5,-0.1391808809263161
2012-01-17,5,-0.1125147400244858
2012-01-18,5,-0.14558330330926078
2012-01-19,5,-0.10914429925945356
2012-01-20,5,-0.10923409988890835
2012-01-23,5,-0.031382570683572225
2012-01-24,5,-0.06601638190390102
2012-01-25,5,-0.02946702531341504
2012-01-26,5,-0.041822520924970144
2012-01-27,5,-0.013224195176363186
2012-01-30,5,-0.014741218445163662
2012-01-31,5,-0.05409481961805872
2012-02-01,5,-0.08217128754092898
2012-02-02,5,-0.07896239664911597
2012-02-03,5,-0.07235753701937743
2012-02-06,5,0.028123815680542542
2012-02-07,5,0.03479739057445145
2012-02-08,5,-0.03726626066118587
2012-02-09,5,-0.01996473542347412
2012-02-10,5,-0.02937646135485714
2012-02-13,5,-0.09255278087432343
2012-02-14,5,-0.1153624967686045
2012-02-15,5,-0.06162714689912507
2012-02-16,5,-0.08069713602825612
2012-02-17,5,-0.0632359073738497
2012-02-21,5,-0.0570413561376278
2012-02-22,5,-0.09219973099760052
2012-02-23,5,-0.10174315679160932
2012-02-24,5,-0.09122348009109661
2012-02-27,5,-0.11871645436870439
2012-02-28,5,-0.09214512085788852
2012-02-29,5,-0.005584723133123223
2012-03-01,5,0.02476005154866319
2012-03-02,5,-0.00038294984877913844
2012-03-05,5,0.011661023858598319
2012-03-06,5,0.06871698441493275
2012-03-07,5,0.08422749541896866
2012-03-08,5,0.01700542276861119
2012-03-09,5,0.01649438707272963
2012-03-12,5,0.07348215841234823
2012-03-13,5,-0.03236721586231621
2012-03-14,5,-0.0007162078517014492
2012-03-15,5,-0.04069220132462262
2012-03-16,5,-0.027511600962403588
2012-03-19,5,-0.004059157892595371
2012-03-20,5,0.06728949060007962
2012-03-21,5,-0.018408774729303457
2012-03-22,5,-0.01446770804211157
2012-03-23,5,-0.014496628943835988
2012-03-26,5,-0.008766733089864065
2012-03-27,5,0.05682137127928656
2012-03-28,5,0.019619075978372903
2012-03-29,5,0.1157618780437109
2012-03-30,5,0.07852795857025993
2012-04-02,5,-0.05084162055758455
2012-04-03,5,-0.06056989056412383
2012-04-04,5,-0.01737705590769492
2012-04-05,5,0.023260257987873696
2012-04-09,5,0.03176114042886249
2012-04-10,5,0.09914363174617516
2012-04-11,5,0.17768759372939383
2012-04-12,5,0.1591586274161861
2012-04-13,5,0.13169533866650396
2012-04-16,5,0.13529217125317522
2012-04-17,5,0.05777869506012366
2012-04-18,5,-0.013366555714584427
2012-04-19,5,-0.03420071856300678
2012-04-20,5,-0.05804014576496155
2012-04-23,5,-0.04784400916778331
2012-04-24,5,0.027908643960341963
2012-04-25,5,0.08845618643684475
2012-04-26,5,0.16228236632750545
2012-04-27,5,0.10622115839591922
2012-04-30,5,0.12213705794624445
2012-05-01,5,0.08833739751301149
2012-05-02,5,0.08927730137090004
2012-05-03,5,0.07179896692427581
2012-05-04,5,0.12162849618857807
2012-05-07,5,0.14400729413366836
2012-05-08,5,0.21474968925222881
2012-05-09,5,0.19824981604703548
2012-05-10,5,0.13589992781455257
2012-05-11,5,0.08339612389294355
2012-05-14,5,0.02470937088532909
2012-05-15,5,0.03463143035709642
2012-05-16,5,-0.016760296991590665
2012-05-17,5,0.04030456356048403
2012-05-18,5,0.011896631213009445
2012-05-21,5,0.03354340309778604
2012-05-22,5,0.050336225769438775
2012-05-23,5,0.07297685867479968
2012-05-24,5,0.005034131988581859
2012-05-25,5,0.045093632324850426
2012-05-29,5,0.04241832552238855
2012-05-30,5,-0.11861763518734257
2012-05-31,5,-0.14292870324438411
2012-06-01,5,-0.07903049550820689
2012-06-04,5,0.05605455056393188
2012-06-05,5,0.08679773402048611
2012-06-06,5,0.21823729649155812
2012-06-07,5,0.2339719044263883
2012-06-08,5,0.1104657466367091
2012-06-11,5,0.036449454259572196
2012-06-12,5,-0.026510765513402375
2012-06-13,5,-0.15097718484248998
2012-06-14,5,-0.03657026884785207
2012-06-15,5,0.018978211357719064
2012-06-18,5,0.053474999982483576
2012-06-19,5,0.20448170249579914
2012-06-20,5,0.19989152881863903
2012-06-21,5,0.06410862466850628
2012-06-22,5,-0.04494269775135561
2012-06-25,5,-0.08355822330088919
2012-06-26,5,-0.2194476752649591
2012-06-27,5,-0.20727335631071997
2012-06-28,5,-0.10127386281292663
2012-06-29,5,0.10191564076066757
2012-07-02,5,0.118537028722699
2012-07-03,5,0.14858791517110492
2012-07-05,5,0.1986844188961933
2012-07-06,5,0.15153241919071198
2012-07-09,5,0.12536884995254863
2012-07-10,5,0.08879817684613829
2012-07-11,5,-0.03624655961719266
2012-07-12,5,-0.17427819784174628
2012-07-13,5,-0.14288833249543192
2012-07-16,5,-0.11356082062217888
2012-07-17,5,-0.07963570937195898
2012-07-18,5,0.0005809731651538275
2012-07-19,5,0.06787109760846989
2012-07-20,5,-0.005387806740874081
2012-07-23,5,-0.040227185024343484
2012-07-24,5,-0.10161094136198928
2012-07-25,5,-0.08858404179012302
2012-07-26,5,-0.007487319965957551
2012-07-27,5,-0.00947456412122522
2012-07-30,5,-0.10476203577769591
2012-07-31,5,-0.1682238610594195
2012-08-01,5,-0.19059722134679624
2012-08-02,5,-0.2846413668902519
2012-08-03,5,-0.2628118255285282
2012-08-06,5,-0.19047790515786367
2012-08-07,5,-0.046106327307572255
2012-08-08,5,-0.05568211439104474
2012-08-09,5,-0.04895949173241777
2012-08-10,5,-0.022823365252473964
2012-08-13,5,-0.06909560109095299
2012-08-14,5,-0.13125367351829673
2012-08-15,5,-0.05861857706577963
2012-08-16,5,-0.038267488105166426
2012-08-17,5,-0.008200504126357786
2012-08-20,5,0.048981156422547086
2012-08-21,5,0.06504671548013875
2012-08-22,5,0.04865813135433343
2012-08-23,5,0.022239586375573776
2012-08-24,5,0.0037517885423645776
2012-08-27,5,0.059842219915848316
2012-08-28,5,0.045987030301690525
2012-08-29,5,0.013740811591684221
2012-08-30,5,-0.06206291392149093
2012-08-31,5,-0.06893350278965069
2012-09-04,5,-0.14985843455175266
2012-09-05,5,-0.07793578371721731
2012-09-06,5,-0.03691975718300459
2012-09-07,5,0.010303123850350163
2012-09-10,5,-0.0035350689745259284
2012-09-11,5,-0.00461020610011291
2012-09-12,5,-0.00509999907604533
2012-09-13,5,-0.012506295980755373
2012-09-14,5,-0.0320908816512827
2012-09-17,5,-0.06091939666900902
2012-09-18,5,-0.03057356480144092
2012-09-19,5,-0.1425670560427465
2012-09-20,5,-0.06048154138438601
2012-09-21,5,-0.05489039841223671
2012-09-24,5,0.04920695646266247
2012-09-25,5,0.08359478383242898
2012-09-26,5,0.16480258655308364
2012-09-27,5,0.11465820845697493
2012-09-28,5,0.06488495203469859
2012-10-01,5,-0.03044749927144577
2012-10-02,5,-0.036919405312003814
2012-10-03,5,-0.04420023704338243
2012-10-04,5,-0.07918769079374066
2012-10-05,5,-0.047393652108564735
2012-10-08,5,0.026171942420207067
2012-10-09,5,0.08136818608092343
2012-10-10,5,0.064206931044194
2012-10-11,5,0.046576701485998205
2012-10-12,5,0.0439739667868157
2012-10-15,5,0.03834418183694881
2012-10-16,5,-0.05294814220535439
2012-10-17,5,-0.031690648553558805
2012-10-18,5,-0.09802682086612965
2012-10-19,5,-0.08196386131161996
2012-10-22,5,-0.03649873893564326
2012-10-23,5,-0.016086235730818917
2012-10-24,5,-0.04572205265963899
2012-10-25,5,0.02169592430225632
2012-10-26,5,0.018781413672008352
2012-10-31,5,-0.0170224106468061
2012-11-01,5,-0.015926855622178007
2012-11-02,5,0.005877779962746238
2012-11-05,5,0.018548400688048035
2012-11-06,5,0.09812553183281292
2012-11-07,5,0.05408022471718827
2012-11-08,5,-0.015059842200628837
2012-11-09,5,0.02506898141243424
2012-11-12,5,0.005298269298905941
2012-11-13,5,-0.003428244625646758
2012-11-14,5,-0.02893151289753171
2012-11-15,5,-0.0428688623383906
2012-11-16,5,-0.1023969324192551
2012-11-19,5,-0.06958505606572046
2012-11-20,5,-0.11889961508143453
2012-11-21,5,-0.12717679398138823
2012-11-23,5,-0.08850972508374115
2012-11-26,5,-0.04950518317285598
2012-11-27,5,-0.08312075547011785
2012-11-28,5,-0.107804323510558
2012-11-29,5,-0.0453346826609926
2012-11-30,5,-0.04691121953813778
2012-12-03,5,-0.06304590448943867
2012-12-04,5,-0.09742190436225101
2012-12-05,5,-0.08475445133164486
2012-12-06,5,-0.056763723722706584
2012-12-07,5,-0.024159841315281136
2012-12-10,5,-0.07468466246320347
2012-12-11,5,-0.10085712687436281
2012-12-12,5,-0.13868301626166174
2012-12-13,5,-0.10080468954348729
2012-12-14,5,-0.1319997825164767
2012-12-17,5,-0.045112381064238975
2012-12-18,5,0.019164900163152778
2012-12-19,5,0.06908031839664064
2012-12-20,5,0.024472318994246484
2012-12-21,5,0.02544550631026513
2012-12-24,5,-0.002052632701736106
2012-12-26,5,-0.05353819864850939
2012-12-27,5,-0.08585684111227813
2012-12-28,5,-0.043273233563983556
2012-12-31,5,-0.02592367836348656
2013-01-02,5,-0.005010781866308873
2013-01-03,5,0.013646565802980286
2013-01-04,5,0.03292201068745831
2013-01-07,5,0.042415574869229734
2013-01-08,5,0.037930420999234674
2013-01-09,5,-0.02391515961610628
2013-01-10,5,0.0732544652568709
2013-01-11,5,0.040488452955262565
2013-01-14,5,0.01860242587771521
2013-01-15,5,0.05347008168461894
2013-01-16,5,0.06734451181338859
2013-01-17,5,0.05267259967590764
2013-01-18,5,0.05470452100463854
2013-01-22,5,0.035735547854921564
2013-01-23,5,0.020528553321105394
2013-01-24,5,-0.014352261895188111
2013-01-25,5,0.010344658825758335
2013-01-28,5,0.015702837622237203
2013-01-29,5,0.0863436827129643
2013-01-30,5,0.1038763642098317
2013-01-31,5,0.08958745843329761
2013-02-01,5,0.07536681992863499
2013-02-04,5,0.05503344287842345
2013-02-05,5,0.05521113679510343
2013-02-06,5,0.09219555724381898
2013-02-07,5,0.13425191770101524
2013-02-08,5,0.1160146057636478
2013-02-11,5,0.15269302258926756
2013-02-12,5,-0.015566653297382478
2013-02-13,5,-0.0783654158661089
2013-02-14,5,-0.1088192424605124
2013-02-15,5,-0.16470781567694043
2013-02-19,5,-0.1670621389980451
2013-02-20,5,-0.012521091925226406
2013-02-21,5,0.029442586863010278
2013-02-22,5,0.040169737393144694
2013-02-25,5,0.1188840063502235
2013-02-26,5,0.1269202791736819
2013-02-27,5,0.12401358838401672
2013-02-28,5,0.12027327019354292
2013-03-01,5,0.036343040244176075
2013-03-04,5,-0.06142212583036515
2013-03-05,5,-0.1140422335853773
2013-03-06,5,-0.06579329663916245
2013-03-07,5,-0.048011731585944815
2013-03-08,5,-0.0782065442740651
2013-03-11,5,-0.021681509740379086
2013-03-12,5,0.04324016182548312
2013-03-13,5,0.060655400388088095
2013-03-14,5,0.04601158510341961
2013-03-15,5,0.08896267081722772
2013-03-18,5,0.12282611553191239
2013-03-19,5,0.15088565355034544
2013-03-20,5,0.09217516928146925
2013-03-21,5,0.14197322738623394
2013-03-22,5,0.11221491569505758
2013-03-25,5,0.053051199216787186
2013-03-26,5,-0.08498002359989294
2013-03-27,5,-0.08821065453764128
2013-03-28,5,-0.08277922825953253
2013-04-01,5,-0.031011441196341537
2013-04-02,5,-0.09021527823892216
2013-04-03,5,-0.041959884901097956
2013-04-04,5,-0.049243005713277666
2013-04-05,5,0.0020676084193052336
2013-04-08,5,-0.02395382684110206
2013-04-09,5,0.06767091923500602
2013-04-10,5,0.08280450418202984
2013-04-11,5,0.07466123447132092
2013-04-12,5,0.13270722995438577
2013-04-15,5,0.19684813236170673
2013-04-16,5,0.12221983211447453
2013-04-17,5,-0.025810069225593476
2013-04-18,5,-0.09893376876711248
2013-04-19,5,-0.15217910746628366
2013-04-22,5,-0.21004666781525994
2013-04-23,5,-0.17815956583469533
2013-04-24,5,-0.04986264506989686
2013-04-25,5,0.014257857156530971
2013-04-26,5,-0.05347584981665644
2013-04-29,5,-0.030559802029078584
2013-04-30,5,-0.05993765719755865
2013-05-01,5,-0.18881335515529593
2013-05-02,5,-0.16301821186602852
2013-05-03,5,-0.11897275221419011
2013-05-06,5,-0.03238986794369772
2013-05-07,5,-0.008974986065367237
2013-05-08,5,0.08779780023385592
2013-05-09,5,0.04866761502503099
2013-05-10,5,0.04292636065600512
2013-05-13,5,-0.08001259806109676
2013-05-14,5,-0.07112537961233162
2013-05-15,5,-0.12453399215295692
2013-05-16,5,-0.06929241829431386
2013-05-17,5,-0.10174175237684326
2013-05-20,5,-0.04708238505859466
2013-05-21,5,-0.08331461522362013
2013-05-22,5,-0.05611903487888969
2013-05-23,5,-0.04780695946555707
2013-05-24,5,-0.040337607791399124
2013-05-28,5,-0.01909473983978151
2013-05-29,5,0.004591001907908413
2013-05-30,5,0.004952039170140154
2013-05-31,5,0.058703275984945937
2013-06-03,5,0.07855709626486952
2013-06-04,5,0.05977532940366643
2013-06-05,5,0.0717488064186055
2013-06-06,5,0.0550209492122633
2013-06-07,5,0.05574707737472049
2013-06-10,5,0.037551219305684044
2013-06-11,5,0.04674343397575364
2013-06-12,5,0.05315446496536406
2013-06-13,5,0.05949191212242774
2013-06-14,5,0.030889814420894127
2013-06-17,5,-0.0021093969861848806
2013-06-18,5,0.0006078255928637102
2013-06-19,5,0.05337688966771419
2013-06-20,5,0.07024872246120532
2013-06-21,5,0.07183681482196222
2013-06-24,5,0.08397398350595946
2013-06-25,5,0.1169172232507475
2013-06-26,5,0.044885174010150755
2013-06-27,5,0.07865508913141349
2013-06-28,5,0.07421517612306015
2013-07-01,5,0.017776697837222494
2013-07-02,5,-0.020076363294058153
2013-07-03,5,-0.07569705350204206
2013-07-05,5,-0.147884282803766
2013-07-08,5,-0.12134260244945005
2013-07-09,5,-0.1371057542248415
2013-07-10,5,-0.09842224424267171
2013-07-11,5,0.011291062937961139
2013-07-12,5,0.008167046155782866
2013-07-15,5,-0.024925769162634052
2013-07-16,5,-0.03498698628530018
2013-07-17,5,-0.060792177442300546
2013-07-18,5,-0.02313393734348528
2013-07-19,5,-0.03364705489597812
2013-07-22,5,-0.04385454729379209
2013-07-23,5,-0.001205431466829216
2013-07-24,5,0.02757188917205547
2013-07-25,5,-0.010545222665233327
2013-07-26,5,0.038617596063994744
2013-07-29,5,0.09246080691732392
2013-07-30,5,0.06734760314880218
2013-07-31,5,0.05431414929820377
2013-08-01,5,0.05089468790016249
2013-08-02,5,-0.0018406527947385555
2013-08-05,5,-0.0166756038592767
2013-08-06,5,0.02334431160735456
2013-08-07,5,0.020125478688644602
2013-08-08,5,-0.07219938900577415
2013-08-09,5,-0.010130535224608047
2013-08-12,5,-0.030358192487679493
2013-08-13,5,-0.042026690984415076
2013-08-14,5,0.010187133976120926
2013-08-15,5,0.12752017826011144
2013-08-16,5,0.0845432518524383
2013-08-19,5,0.06110375006572159
2013-08-20,5,-0.024363897694536178
2013-08-21,5,0.016645073349873387
2013-08-22,5,0.04963313675575628
2013-08-23,5,-0.02964509536037745
2013-08-26,5,0.053859454465410184
2013-08-27,5,0.10679383005242551
2013-08-28,5,0.07599003533637387
2013-08-29,5,0.022341455263233997
2013-08-30,5,0.03447007146457867
2013-09-03,5,-0.019527129470099262
2013-09-04,5,-0.02109874928305647
2013-09-05,5,-0.04440577612289835
2013-09-06,5,-0.04572169029463161
2013-09-09,5,-0.02811936804939025
2013-09-10,5,-0.03318043499547439
2013-09-11,5,-0.03477678928323807
2013-09-12,5,0.03523390566024166
2013-09-13,5,0.048169605254447946
2013-09-16,5,0.035561087487325414
2013-09-17,5,0.031210516473544545
2013-09-18,5,0.08050620053059866
2013-09-19,5,0.08635635690888702
2013-09-20,5,0.09598958960850039
2013-09-23,5,0.13278774211671782
2013-09-24,5,0.16032591356484518
2013-09-25,5,0.12825952857310072
2013-09-26,5,0.09117092683937908
2013-09-27,5,0.14080792229975508
2013-09-30,5,0.06608567903955795
2013-10-01,5,-0.08176213443191137
2013-10-02,5,-0.11353966987717534
2013-10-03,5,-0.06931067098506177
2013-10-04,5,-0.10055279728515626
2013-10-07,5,-0.04016643213453957
2013-10-08,5,0.0696500552998748
2013-10-09,5,0.13713061705811538
2013-10-10,5,0.10563284037379864
2013-10-11,5,0.13749074096968844
2013-10-14,5,0.09949358044346321
2013-10-15,5,0.0052096327834812725
2013-10-16,5,-0.09216616129634739
2013-10-17,5,-0.03402454408019482
2013-10-18,5,-0.0856318990725136
2013-10-21,5,-0.15165336400739474
2013-10-22,5,-0.061378995046217216
2013-10-23,5,-0.04947058768779628
2013-10-24,5,-0.09207664896434146
2013-10-25,5,-0.07056762696017427
2013-10-28,5,0.015596703618393154
2013-10-29,5,0.060603961423206155
2013-10-30,5,0.02838283252904
2013-10-31,5,-0.09614333766650596
2013-11-01,5,-0.015301762941750102
2013-11-04,5,-0.031058699363687044
2013-11-05,5,-0.07008393618564833
2013-11-06,5,-0.0042037085393014486
2013-11-07,5,0.09851634233892066
2013-11-08,5,0.01605136369384735
2013-11-11,5,-0.049666660398004575
2013-11-12,5,-0.06943710811102302
2013-11-13,5,-0.06280554893840994
2013-11-14,5,-0.046672079641209785
2013-11-15,5,-0.03916118393756489
2013-11-18,5,0.004115742789433069
2013-11-19,5,0.054793075792738365
2013-11-20,5,0.033019990915784975
2013-11-21,5,-0.020848304327406503
2013-11-22,5,0.006949503077771273
2013-11-25,5,0.00923802268439193
2013-11-26,5,-0.054734343013635375
2013-11-27,5,-0.06690144995740814
2013-11-29,5,-0.023095226974629724
2013-12-02,5,-0.06586178651776511
2013-12-03,5,-0.024736209476841072
2013-12-04,5,-0.018829180746784847
2013-12-05,5,0.04832184688721915
2013-12-06,5,0.04071626370101209
2013-12-09,5,0.05066089186608372
2013-12-10,5,-0.003545617320930544
2013-12-11,5,0.015715190808494647
2013-12-12,5,-0.05051063294656597
2013-12-13,5,-0.0759329687873756
2013-12-16,5,-0.08917490926960374
2013-12-17,5,-0.05277197490570891
2013-12-18,5,-0.05599448081674205
2013-12-19,5,-0.1193715882340662
2013-12-20,5,-0.12690825874210376
2013-12-23,5,-0.1083887702531464
2013-12-24,5,-0.0844933875087768
2013-12-26,5,-0.12101696314530391
2013-12-27,5,-0.06286233177658809
2013-12-30,5,-0.05216882294526443
2013-12-31,5,-0.0396379176432375
2014-01-02,5,0.043767175342545
2014-01-03,5,0.06503198848390226
2014-01-06,5,0.03562989532140632
2014-01-07,5,0.05227516718307777
2014-01-08,5,-0.00598522345274783
2014-01-09,5,-0.02788594971244749
2014-01-10,5,-0.043209584507951884
2014-01-13,5,-0.03382082280014179
2014-01-14,5,-0.04622306475701038
2014-01-15,5,-0.0029732921429515557
2014-01-16,5,-0.05251548426395886
2014-01-17,5,-0.0732338256061821
2014-01-21,5,-0.012972736996106805
2014-01-22,5,0.0025184280514118688
2014-01-23,5,0.05827976545791813
2014-01-24,5,0.14483411637396584
2014-01-27,5,0.13632219056939068
2014-01-28,5,0.11356205301583136
2014-01-29,5,0.07075160978086617
2014-01-30,5,0.05161787244460185
2014-01-31,5,0.0272136491722053
2014-02-03,5,-0.021938895885332238
2014-02-04,5,-0.04700304706327914
2014-02-05,5,-0.008194354196007786
2014-02-06,5,-0.032916305390055044
2014-02-07,5,-0.02538119277409179
2014-02-10,5,-0.01586400608387512
2014-02-11,5,-0.031097641044005746
2014-02-12,5,0.045506081040257634
2014-02-13,5,0.06862834387586356
2014-02-14,5,0.05333393577115831
2014-02-18,5,0.03425815254598386
2014-02-19,5,0.059647824632986624
2014-02-20,5,-0.037094380661308386
2014-02-21,5,-0.07486486988493818
2014-02-24,5,-0.041267503130223385
2014-02-25,5,-0.06449706398421091
2014-02-26,5,-0.029656990087182655
2014-02-27,5,-0.06302609240336803
2014-02-28,5,-0.06154779916302416
2014-03-03,5,-0.1359145938151725
2014-03-04,5,-0.12312175066880413
2014-03-05,5,-0.06348530325103073
2014-03-06,5,-0.01948570031545502
2014-03-07,5,0.03179695433957792
2014-03-10,5,0.07965449957853452
2014-03-11,5,0.09014165036020655
2014-03-12,5,0.04655663159288946
2014-03-13,5,0.021718769979279164
2014-03-14,5,-0.09302294923017182
2014-03-17,5,-0.17356553810702505
2014-03-18,5,-0.14639453195012708
2014-03-19,5,-0.15335199922014223
2014-03-20,5,-0.13685618335696464
2014-03-21,5,-0.0715652997969398
2014-03-24,5,0.0037505209301226068
2014-03-25,5,-0.01963990986314167
2014-03-26,5,-0.024715681936341986
2014-03-27,5,-0.08373976621082896
2014-03-28,5,-0.1265784339286303
2014-03-31,5,-0.15561001490357357
2014-04-01,5,-0.12404159108610516
2014-04-02,5,-0.07121741283140977
2014-04-03,5,-0.00916850744837724
2014-04-04,5,0.06633709425522506
2014-04-07,5,0.06727250608322559
2014-04-08,5,0.040871220420445574
2014-04-09,5,0.026262438981888413
2014-04-10,5,0.004966884321674519
2014-04-11,5,0.007843513405032376
2014-04-14,5,-0.02563803928158766
2014-04-15,5,0.0005814664837889173
2014-04-16,5,0.017252494365289937
2014-04-17,5,0.043212674529798184
2014-04-21,5,0.014022462344874448
2014-04-22,5,0.016781757097962122
2014-04-23,5,0.011701914884936966
2014-04-24,5,-0.03602111469965984
2014-04-25,5,-0.006964280913561312
2014-04-28,5,-0.01643123317749684
2014-04-29,5,0.052819380456391375
2014-04-30,5,0.06798893393472652
2014-05-01,5,0.08665935196325654
2014-05-02,5,0.020951214823108348
2014-05-05,5,0.007805473301037814
2014-05-06,5,0.002655872933747371
2014-05-07,5,-0.07751285747774284
2014-05-08,5,-0.11665361436404248
2014-05-09,5,0.005726006629123711
2014-05-12,5,0.0199876821027046
2014-05-13,5,0.015704972100946592
2014-05-14,5,0.025275557055957736
2014-05-15,5,0.0026578695323952895
2014-05-16,5,-0.08059830534927301
2014-05-19,5,-0.14417971690160356
2014-05-20,5,-0.11286518030396625
2014-05-21,5,-0.11142186145703101
2014-05-22,5,-0.03204064518144347
2014-05-23,5,0.11066340726784096
2014-05-27,5,0.19097558023691585
2014-05-28,5,0.19274974084850874
2014-05-29,5,0.13185807468679564
2014-05-30,5,0.051348859414788416
2014-06-02,5,-0.11288297463151678
2014-06-03,5,-0.1537363029658067
2014-06-04,5,-0.18103628391812476
2014-06-05,5,-0.12883363930111077
2014-06-06,5,-0.11045463168904937
2014-06-09,5,-0.09347985944114096
2014-06-10,5,-0.12849064438369895
2014-06-11,5,-0.1095584672192357
2014-06-12,5,-0.07549875897301464
2014-06-13,5,-0.0338186485611675
2014-06-16,5,-0.03369983251157774
2014-06-17,5,-0.005955802124595483
2014-06-18,5,0.02806759943836935
2014-06-19,5,0.024168371309006238
2014-06-20,5,-0.057690441423732225
2014-06-23,5,-0.0465427367871406
2014-06-24,5,-0.036462986947819
2014-06-25,5,-0.060002047391822105
2014-06-26,5,-0.08501140451899072
2014-06-27,5,-0.002026453869643527
2014-06-30,5,0.018232814564836736
2014-07-01,5,0.0895358162711673
2014-07-02,5,0.1376740583142298
2014-07-03,5,0.1385089919538164
2014-07-07,5,0.18824180111471264
2014-07-08,5,0.15488809643773646
2014-07-09,5,0.0800315912797353
2014-07-10,5,0.03957748389968371
2014-07-11,5,0.04240839075683013
2014-07-14,5,0.05060401948467881
2014-07-15,5,0.027510082881262006
2014-07-16,5,0.015296425827321337
2014-07-17,5,0.02700395121282824
2014-07-18,5,0.047850127625823295
2014-07-21,5,0.04970929361569746
2014-07-22,5,0.022497719585548425
2014-07-23,5,-0.012132795817962373
2014-07-24,5,-0.07634450257119003
2014-07-25,5,-0.05663977313044451
2014-07-28,5,-0.04436866112606027
2014-07-29,5,-0.07609247971291176
2014-07-30,5,-0.08877334513118243
2014-07-31,5,-0.03757154813061225
2014-08-01,5,-0.05169965130924521
2014-08-04,5,-0.06306639083164758
2014-08-05,5,0.00568712249661108
2014-08-06,5,0.07923517245835028
2014-08-07,5,0.04852706809644346
2014-08-08,5,0.07441475075229667
2014-08-11,5,0.0711627642242701
2014-08-12,5,0.03741119132627342
2014-08-13,5,-0.0035166467172952805
2014-08-14,5,-0.048811695030304476
2014-08-15,5,-0.06270038274863653
2014-08-18,5,-0.039697308281791945
2014-08-19,5,-0.041154518286578304
2014-08-20,5,-0.04458194367898665
2014-08-21,5,0.06530145892555658
2014-08-22,5,0.06393622009103801
2014-08-25,5,0.1251192738407791
2014-08-26,5,0.14272255377180837
2014-08-27,5,0.11924998849571537
2014-08-28,5,0.09590443954302796
2014-08-29,5,0.07926623722469492
2014-09-02,5,0.047229545593258634
2014-09-03,5,0.05205635829969082
2014-09-04,5,0.03725172173381553
2014-09-05,5,0.03710252451087413
2014-09-08,5,0.016834091839594216
2014-09-09,5,0.08282941667013227
2014-09-10,5,0.08911380120968898
2014-09-11,5,0.16081055318058846
2014-09-12,5,0.167754654202493
2014-09-15,5,0.18748239354892218
2014-09-16,5,0.10496380265543424
2014-09-17,5,0.12927119081931127
2014-09-18,5,0.11850767826199553
2014-09-19,5,0.1071989851441219
2014-09-22,5,0.10273573078471296
2014-09-23,5,0.23305167640975058
2014-09-24,5,0.18221998267050546
2014-09-25,5,0.10032418288238827
2014-09-26,5,0.11004602196591029
2014-09-29,5,0.07334460556528476
2014-09-30,5,0.02522422229543432
2014-10-01,5,-0.007341068766289549
2014-10-02,5,0.13458740511163936
2014-10-03,5,0.08132168998545039
2014-10-06,5,0.04572711444452651
2014-10-07,5,-0.034416400896217
2014-10-08,5,-0.06980280805820444
2014-10-09,5,-0.15842206421817542
2014-10-10,5,-0.16095390532018797
2014-10-13,5,-0.1793369098913836
2014-10-14,5,-0.20498764935369346
2014-10-15,5,-0.046582119553715405
2014-10-16,5,-0.03805540754855355
2014-10-17,5,0.03666610006605318
2014-10-20,5,0.12153392300499694
2014-10-21,5,0.055520295546651395
2014-10-22,5,-0.010300641304325217
2014-10-23,5,0.08884426814867463
2014-10-24,5,-0.05336935167852644
2014-10-27,5,-0.07670375523949091
2014-10-28,5,0.13557374402000297
2014-10-29,5,0.055616617613858534
2014-10-30,5,0.003077805599748258
2014-10-31,5,0.009263769449010207
2014-11-03,5,0.0276737145512611
2014-11-04,5,-0.1073140617143658
2014-11-05,5,-0.04259285717381384
2014-11-06,5,0.016434166673969804
2014-11-07,5,0.03481193223241661
2014-11-10,5,-0.008007844942821068
2014-11-11,5,-0.017291716803979083
2014-11-12,5,0.0055456618115037725
2014-11-13,5,-0.15367472119790063
2014-11-14,5,-0.1464005668168587
2014-11-17,5,-0.1665849006348244
2014-11-18,5,-0.11076775130365869
2014-11-19,5,-0.06012453892133976
2014-11-20,5,0.1402543402207287
2014-11-21,5,0.20964466966854833
2014-11-24,5,0.24577955918184635
2014-11-25,5,0.22382300111256834
2014-11-26,5,0.24568809107377151
2014-11-28,5,0.11486587410035692
2014-12-01,5,0.12184308293663433
2014-12-02,5,0.0060189965586081185
2014-12-03,5,0.10720943707965692
2014-12-04,5,0.07566719673497058
2014-12-05,5,0.10559416010669671
2014-12-08,5,0.07399134494250022
2014-12-09,5,0.13189322412872406
2014-12-10,5,-0.06141424740447272
2014-12-11,5,-0.13718306010428796
2014-12-12,5,-0.2206435613312488
2014-12-15,5,-0.21472886032861874
2014-12-16,5,-0.21758881340238218
2014-12-17,5,-0.12339663490065454
2014-12-18,5,-0.05167838723032776
2014-12-19,5,0.08068437219442885
2014-12-22,5,0.04109760911052167
2014-12-23,5,0.09146854872674018
2014-12-24,5,-0.034427210180192264
2014-12-26,5,0.04365160905096525
2014-12-29,5,0.015405246210004147
2014-12-30,5,0.04209276911125886
2014-12-31,5,0.04649340583975473
2015-01-02,5,0.08979851480235151
2015-01-05,5,0.11380152014263151
2015-01-06,5,0.13687143398711873
2015-01-07,5,0.13321199305588713
2015-01-08,5,0.08424492950174478
2015-01-09,5,0.10328892507039333
2015-01-12,5,0.13495308362900282
2015-01-13,5,0.10325228070705093
2015-01-14,5,0.062253057545024734
2015-01-15,5,0.04613702297080629
2015-01-16,5,-0.023936306121042396
2015-01-20,5,-0.07471287439447008
2015-01-21,5,0.0014087743866744158
2015-01-22,5,0.03534011551585001
2015-01-23,5,-0.027305469143684487
2015-01-26,5,-0.04961403868257287
2015-01-27,5,-0.20025614030317887
2015-01-28,5,-0.1781557106919904
2015-01-29,5,-0.23248312416849815
2015-01-30,5,-0.2898676557135622
2015-02-02,5,-0.2937359970442083
2015-02-03,5,-0.08983623284396826
2015-02-04,5,-0.15022339519320677
2015-02-05,5,-0.05938369240547008
2015-02-06,5,-0.07412028789183663
2015-02-09,5,-0.03489847532696276
2015-02-10,5,-0.07450914269076218
2015-02-11,5,-0.10708826312642764
2015-02-12,5,-0.08184292565741115
2015-02-13,5,0.043069844924198665
2015-02-17,5,0.028749842478698575
2015-02-18,5,-0.03192773732089362
2015-02-19,5,0.039730900674857225
2015-02-20,5,0.0003933128356129936
2015-02-23,5,0.010728816873237951
2015-02-24,5,0.04759951964740966
2015-02-25,5,0.0772749387815066
2015-02-26,5,0.05107641847217079
2015-02-27,5,0.0887535630143463
2015-03-02,5,0.09551349816516315
2015-03-03,5,0.08803108981932196
2015-03-04,5,0.056843687455489476
2015-03-05,5,0.07016049534240211
2015-03-06,5,0.1004568611111796
2015-03-09,5,0.09837183418544396
2015-03-10,5,0.08084020849602214
2015-03-11,5,0.02756086764398973
2015-03-12,5,0.04984970944004696
2015-03-13,5,-0.023783303186873835
2015-03-16,5,-0.0985354252146671
2015-03-17,5,-0.11061136518371446
2015-03-18,5,-0.07965247085798804
2015-03-19,5,-0.1283866447460013
2015-03-20,5,-0.012269543943240195
2015-03-23,5,0.04554637371019464
2015-03-24,5,0.06040728717009609
2015-03-25,5,0.0899404672760831
2015-03-26,5,0.012780270912161957
2015-03-27,5,-0.10558765138390455
2015-03-30,5,-0.15831365163147834
2015-03-31,5,-0.147312006837982
2015-04-01,5,-0.11978621549565524
2015-04-02,5,-0.10015546833931144
2015-04-06,5,-0.06562157653792575
2015-04-07,5,-0.029117081219085836
2015-04-08,5,-0.06321132332034246
2015-04-09,5,-0.04387261902795343
2015-04-10,5,-0.0493652064936146
2015-04-13,5,-0.01657979943910973
2015-04-14,5,0.0029201368048729784
2015-04-15,5,-0.03957404780336792
2015-04-16,5,-0.06519666361657825
2015-04-17,5,-0.035431105687130954
2015-04-20,5,-0.08095353671337334
2015-04-21,5,-0.07806738063933237
2015-04-22,5,-0.04011097791445742
2015-04-23,5,-0.04256208162504129
2015-04-24,5,-0.017121456578198135
2015-04-27,5,0.0018863326692696802
2015-04-28,5,-0.02091351343302854
2015-04-29,5,-0.0011913892070188135
2015-04-30,5,0.037502794787531886
2015-05-01,5,0.007118528716238676
2015-05-04,5,0.020309091979791537
2015-05-05,5,0.07167465164095134
2015-05-06,5,0.06548324236871399
2015-05-07,5,0.09850258045492277
2015-05-08,5,0.07807699134727274
2015-05-11,5,0.08254470174741922
2015-05-12,5,0.043572922901195736
2015-05-13,5,0.06322179157710298
2015-05-14,5,0.0610094152257517
2015-05-15,5,0.09050138216488222
2015-05-18,5,0.07502548690785611
2015-05-19,5,0.08918074195831358
2015-05-20,5,0.08143791810162868
2015-05-21,5,0.10161303117426503
2015-05-22,5,0.09946547141675048
2015-05-26,5,0.06465505193461758
2015-05-27,5,0.055506101403361596
2015-05-28,5,0.07091406980812823
2015-05-29,5,0.03211799668319064
2015-06-01,5,0.03621183357430907
2015-06-02,5,0.11626587260527256
2015-06-03,5,0.13749786458465654
2015-06-04,5,0.11059915607941086
2015-06-05,5,0.09976134094036074
2015-06-08,5,0.1038975563160421
2015-06-09,5,0.053198175551499534
2015-06-10,5,-0.015540779371428809
2015-06-11,5,-0.014013025819660609
2015-06-12,5,0.008864281623300663
2015-06-15,5,-0.008082841049655917
2015-06-16,5,0.010359829287626085
2015-06-17,5,0.011865833350981389
2015-06-18,5,0.11678863972584506
2015-06-19,5,0.08463568113222082
2015-06-22,5,0.09026671333235016
2015-06-23,5,0.10490727761959918
2015-06-24,5,0.10762545404109679
2015-06-25,5,0.05180456546236001
2015-06-26,5,0.0733134974465949
2015-06-29,5,0.06762743376181606
2015-06-30,5,0.049004298428564685
2015-07-01,5,0.04534497747605729
2015-07-02,5,0.08717774273182587
2015-07-06,5,0.019808649317376435
2015-07-07,5,0.09718562769947557
2015-07-08,5,0.10387989679220132
2015-07-09,5,0.1632687610051494
2015-07-10,5,0.17305506730141165
2015-07-13,5,0.23384190707796912
2015-07-14,5,0.2017611189047221
2015-07-15,5,0.23335402766810442
2015-07-16,5,0.1651215747900884
2015-07-17,5,0.1771521307668439
2015-07-20,5,0.10729475065559411
2015-07-21,5,0.07922852399959504
2015-07-22,5,-0.04861758588479001
2015-07-23,5,-0.012886613138935047
2015-07-24,5,0.007753048602459638
2015-07-27,5,0.062116682586542876
2015-07-28,5,0.11634089309963087
2015-07-29,5,0.1668158905936921
2015-07-30,5,0.10204416275887689
2015-07-31,5,0.1140543192333809
2015-08-03,5,-0.08531153443253241
2015-08-04,5,-0.05493117162339936
2015-08-05,5,-0.09613478803672494
2015-08-06,5,0.08452361182241652
2015-08-07,5,0.04851137310124503
2015-08-10,5,0.23037381720522004
2015-08-11,5,0.2282518120700504
2015-08-12,5,0.24711291503821514
2015-08-13,5,0.15220409075949096
2015-08-14,5,0.09884448599861721
2015-08-17,5,0.027813187941917228
2015-08-18,5,-0.017930845872465396
2015-08-19,5,-0.028548125847419226
2015-08-20,5,-0.1909066438599868
2015-08-21,5,-0.24740057517059308
2015-08-24,5,-0.22819582384160825
2015-08-25,5,-0.21170069265945804
2015-08-26,5,-0.14938754373194335
2015-08-27,5,-0.047039840449818585
2015-08-28,5,0.115333781652303
2015-08-31,5,0.14237255587156677
2015-09-01,5,0.09587209565891533
2015-09-02,5,0.05986261951856608
2015-09-03,5,0.13379417571879113
2015-09-04,5,0.12835816345708215
2015-09-08,5,0.11376825299809765
2015-09-09,5,-0.019281057851240978
2015-09-10,5,-0.025178909119565156
2015-09-11,5,-0.030652553953542848
2015-09-14,5,0.01075427458649321
2015-09-15,5,0.1308722028436446
2015-09-16,5,0.3060712137607363
2015-09-17,5,0.27924403952677607
2015-09-18,5,0.253968166684372
2015-09-21,5,0.2198207659595156
2015-09-22,5,0.1442878620152339
2015-09-23,5,0.03657036395049403
2015-09-24,5,0.13486721382514955
2015-09-25,5,-0.02253898888385145
2015-09-28,5,-0.18723989473941932
2015-09-29,5,-0.2389091428652875
2015-09-30,5,-0.2824601966736534
2015-10-01,5,-0.34022179974334077
2015-10-02,5,-0.2852692973398924
2015-10-05,5,-0.07242451666324945
2015-10-06,5,0.020994221509112135
2015-10-07,5,0.07772163740848151
2015-10-08,5,0.09205203531064068
2015-10-09,5,0.1342772493880774
2015-10-12,5,0.07058744857577266
2015-10-13,5,0.01582613707520372
2015-10-14,5,0.1001568691024829
2015-10-15,5,0.14636966186749803
2015-10-16,5,0.11748202312169691
2015-10-19,5,0.1459390424099472
2015-10-20,5,0.19326112550911875
2015-10-21,5,0.08468463500364996
2015-10-22,5,0.048112019575897925
2015-10-23,5,0.03534686831314634
2015-10-26,5,-0.11109382558499478
2015-10-27,5,-0.23500471391017294
2015-10-28,5,-0.09675568005925902
2015-10-29,5,-0.050858985076442285
2015-10-30,5,-0.05896097580085995
2015-11-02,5,0.05963731657220053
2015-11-03,5,0.13218707403470625
2015-11-04,5,0.1266086305024749
2015-11-05,5,0.1272070079652496
2015-11-06,5,0.15746713845935628
2015-11-09,5,0.12091535811148986
2015-11-10,5,0.15965673737260108
2015-11-11,5,0.10986752410460948
2015-11-12,5,0.08265948864004527
2015-11-13,5,0.04212719044260451
2015-11-16,5,0.06541051772815433
2015-11-17,5,-0.06535719619159686
2015-11-18,5,-0.10224170133768946
2015-11-19,5,-0.11424824262594543
2015-11-20,5,-0.06700070084150005
2015-11-23,5,-0.03389699720210109
2015-11-24,5,0.012044488845633623
2015-11-25,5,0.08961196930535893
2015-11-27,5,0.14073631468933212
2015-11-30,5,0.1309222522764217
2015-12-01,5,0.12522524065727722
2015-12-02,5,0.09779762838241593
2015-12-03,5,0.02911309214927223
2015-12-04,5,-0.0246807940837026
2015-12-07,5,0.022938306675295565
2015-12-08,5,0.018180780160917488
2015-12-09,5,0.0011225694723565292
2015-12-10,5,0.06174746757315021
2015-12-11,5,0.0007760508697573517
2015-12-14,5,-0.14467376213802108
2015-12-15,5,-0.1921468362776191
2015-12-16,5,-0.18766249968153548
2015-12-17,5,-0.17494655970988526
2015-12-18,5,-0.07324863950224621
2015-12-21,5,-0.03260667932976905
2015-12-22,5,0.0319144734817554
2015-12-23,5,0.029666925940003898
2015-12-24,5,-0.0791597004266843
2015-12-28,5,-0.07687014731357869
2015-12-29,5,0.008102568718339231
2015-12-30,5,0.07779126707146035
2015-12-31,5,0.14281699352483856
2016-01-04,5,0.22210070327796075
2016-01-05,5,0.25450369853001564
2016-01-06,5,0.22966044813328215
2016-01-07,5,0.17301424930539397
2016-01-08,5,0.16701305055690083
2016-01-11,5,0.19607071363386533
2016-01-12,5,0.09189253933922341
2016-01-13,5,-0.0655924081720367
2016-01-14,5,-0.04565326640817197
2016-01-15,5,-0.008947530435021923
2016-01-19,5,-0.21652545260091005
2016-01-20,5,-0.1103121162551172
2016-01-21,5,0.05249464422396601
2016-01-22,5,-0.03067065239471912
2016-01-25,5,-0.07213591121539578
2016-01-26,5,0.1115041955022
2016-01-27,5,0.03893608815759906
2016-01-28,5,-0.09929181261214666
2016-01-29,5,-0.00944535979165304
2016-02-01,5,0.05822369868808518
2016-02-02,5,0.01827889020948076
2016-02-03,5,0.06213139041143144
2016-02-04,5,0.17830412911076474
2016-02-05,5,0.10338632185425888
2016-02-08,5,-0.11102498356333187
2016-02-09,5,-0.18665870008023563
2016-02-10,5,-0.12999816563217495
2016-02-11,5,-0.15640392447897924
2016-02-12,5,-0.1934529691561823
2016-02-16,5,-0.07523970255601113
2016-02-17,5,-0.04506467772626511
2016-02-18,5,-0.08821386490645865
2016-02-19,5,-0.2009616081190694
2016-02-22,5,-0.13782669579834303
2016-02-23,5,-0.2633744979044549
2016-02-24,5,-0.2630115333065578
2016-02-25,5,-0.30638806339681696
2016-02-26,5,-0.2662556924436491
2016-02-29,5,-0.2568422544514981
2016-03-01,5,-0.12530931496436934
2016-03-02,5,-0.1384224077525938
2016-03-03,5,0.01329422274232524
2016-03-04,5,-0.061196858801291706
2016-03-07,5,-0.05627518520205015
2016-03-08,5,-0.050165974591492045
2016-03-09,5,-0.07939935791155066
2016-03-10,5,-0.13810967187635986
2016-03-11,5,-0.052964708692066494
2016-03-14,5,-0.03679784452533738
2016-03-15,5,-0.07937525472272196
2016-03-16,5,-0.03932427593757314
2016-03-17,5,-0.01458924905611427
2016-03-18,5,0.014055043055596945
2016-03-21,5,0.007860287464327688
2016-03-22,5,-0.012831462178880699
2016-03-23,5,-0.07484163128561072
2016-03-24,5,-0.048050886073905855
2016-03-28,5,-0.08537136795733556
2016-03-29,5,-0.04262308983288869
2016-03-30,5,-0.04115547591872106
2016-03-31,5,-0.004146045523564086
2016-04-01,5,-0.04302682700721883
2016-04-04,5,-0.014762049953641576
2016-04-05,5,-0.004433352431849695
2016-04-06,5,-0.03366146386562859
2016-04-07,5,-0.04614023681318356
2016-04-08,5,-0.026156151749382628
2016-04-11,5,-0.08182738963104372
2016-04-12,5,-0.09059028576242774
2016-04-13,5,-0.06547413265916625
2016-04-14,5,-0.05762466712760397
2016-04-15,5,-0.05609605143687525
2016-04-18,5,-0.06144642221992882
2016-04-19,5,-0.03546708314379973
2016-04-20,5,0.04797002488756732
2016-04-21,5,0.02661447685342878
2016-04-22,5,0.013287991983533845
2016-04-25,5,0.04456962725894874
2016-04-26,5,-0.10039755566962945
2016-04-27,5,-0.15464659313283785
2016-04-28,5,-0.13504113538720766
2016-04-29,5,-0.07517743165633399
2016-05-02,5,-0.11555454975070496
2016-05-03,5,-0.023521594083006706
2016-05-04,5,0.02224229320017721
2016-05-05,5,0.03238906192086889
2016-05-06,5,0.004143381191844972
2016-05-09,5,0.09537315240332249
2016-05-10,5,0.043700134965838855
2016-05-11,5,0.06862665861522056
2016-05-12,5,0.05425357880027818
2016-05-13,5,0.057655928213163586
2016-05-16,5,0.054293561649081834
2016-05-17,5,0.06477430874834277
2016-05-18,5,0.06330609155332875
2016-05-19,5,0.045253194345685685
2016-05-20,5,0.048632104846757986
2016-05-23,5,0.03181716239115875
2016-05-24,5,0.02672325447692749
2016-05-25,5,0.06613034037851138
2016-05-26,5,0.054646601353542296
2016-05-27,5,0.04104942668701876
2016-05-31,5,0.04170842527316913
2016-06-01,5,0.007715982475926661
2016-06-02,5,0.052474093916359765
2016-06-03,5,0.012572625877235134
2016-06-06,5,0.003262440151468895
2016-06-07,5,0.02543510225914869
2016-06-08,5,0.027998352731316997
2016-06-09,5,-0.014744024445906412
2016-06-10,5,-0.018315625069499204
2016-06-13,5,0.013097253495433172
2016-06-14,5,-0.019869625432709905
2016-06-15,5,0.030361985113431078
2016-06-16,5,0.003567219341337973
2016-06-17,5,0.0932605360216761
2016-06-20,5,0.05207759549561216
2016-06-21,5,0.04806150629850136
2016-06-22,5,0.09111250116418931
2016-06-23,5,0.048591063395283976
2016-06-24,5,0.03856238698010888
2016-06-27,5,0.04057016308987809
2016-06-28,5,0.054242056990565925
2016-06-29,5,0.02883079742090173
2016-06-30,5,-0.009364872376064839
2016-07-01,5,-0.005429786184910016
2016-07-05,5,-0.1189813404018973
2016-07-06,5,-0.1725370863512448
2016-07-07,5,-0.16080458116296353
2016-07-08,5,-0.13424528651862683
2016-07-11,5,-0.08520358914130692
2016-07-12,5,-0.013896530846158104
2016-07-13,5,-0.04159288415102909
2016-07-14,5,0.01796363474033192
2016-07-15,5,0.002336150131802801
2016-07-18,5,0.00909269956445145
2016-07-19,5,-0.04352751383702183
2016-07-20,5,0.020147269682151744
2016-07-21,5,0.035312609361441157
2016-07-22,5,-0.006351696524697022
2016-07-25,5,-0.01091443813396488
2016-07-26,5,0.048610861665408484
2016-07-27,5,0.0424691541038753
2016-07-28,5,0.08330564554292115
2016-07-29,5,0.014347236309573188
2016-08-01,5,-0.01114928400632178
2016-08-02,5,-0.040951216460909205
2016-08-03,5,-0.0011366960397045658
2016-08-04,5,-0.03191019516616096
2016-08-05,5,-0.01693522603722741
2016-08-08,5,0.02133162745605894
2016-08-09,5,0.011014152077018507
2016-08-10,5,0.03118325131148031
2016-08-11,5,0.0901908825210982
2016-08-12,5,0.1006655673593714
2016-08-15,5,0.07210860621702506
2016-08-16,5,0.06074608252271014
2016-08-17,5,0.017851424915789255
2016-08-18,5,-0.059757306683342976
2016-08-19,5,-0.07290979423294329
2016-08-22,5,-0.029775162544766764
2016-08-23,5,-0.05520065963089577
2016-08-24,5,-0.04152222471621462
2016-08-25,5,-0.016106243749839093
2016-08-26,5,-0.014365809829162232
2016-08-29,5,-0.030297200429364856
2016-08-30,5,-0.016576651448676087
2016-08-31,5,-0.012318899871951722
2016-09-01,5,-0.051390625708891094
2016-09-02,5,-0.04390083994667921
2016-09-06,5,-0.09441119027301702
2016-09-07,5,-0.044384193490415814
2016-09-08,5,0.01591930864511086
2016-09-09,5,0.10455748860959665
2016-09-12,5,0.08792727302262188
2016-09-13,5,0.14210172067932736
2016-09-14,5,0.11175613376362062
2016-09-15,5,0.014005330467307802
2016-09-16,5,-0.06615124770843175
2016-09-19,5,-0.05566676993422848
2016-09-20,5,-0.03985577251966823
2016-09-21,5,-0.024374200445090977
2016-09-22,5,0.015550790517239274
2016-09-23,5,0.07330988383253136
2016-09-26,5,0.07888293883027739
2016-09-27,5,0.05108058992923441
2016-09-28,5,0.09720930507357357
2016-09-29,5,0.09233234132996258
2016-09-30,5,0.06057877860560147
2016-10-03,5,0.06308700935145585
2016-10-04,5,0.007977437677059857
2016-10-05,5,-0.039823290245959334
2016-10-06,5,-0.0724227012628641
2016-10-07,5,-0.07362452455496611
2016-10-10,5,-0.068867171838037
2016-10-11,5,-0.08175557220738251
2016-10-12,5,-0.0658973579516891
2016-10-13,5,-0.018418630172195267
2016-10-14,5,-0.0024749753314311377
2016-10-17,5,-0.008044871356789432
2016-10-18,5,0.02733348964368716
2016-10-19,5,-0.01988632060497358
2016-10-20,5,-0.019343737993407373
2016-10-21,5,-0.04876673161650954
2016-10-24,5,-0.04754283785448904
2016-10-25,5,-0.04827980476218724
2016-10-26,5,-0.029608845180473034
2016-10-27,5,-0.0035585888139791464
2016-10-28,5,-0.0190717727724384
2016-10-31,5,-0.003732269275473104
2016-11-01,5,-0.01456424655989396
2016-11-02,5,-0.039174549809111385
2016-11-03,5,-0.09507906676121132
2016-11-04,5,-0.13205685358219987
2016-11-07,5,-0.14011383713986644
2016-11-08,5,-0.15184318063557645
2016-11-09,5,-0.04686777337000129
2016-11-10,5,0.002741375694463695
2016-11-11,5,0.02076449528983383
2016-11-14,5,-0.02157236656615084
2016-11-15,5,0.030444515151043443
2016-11-16,5,0.04908772240571861
2016-11-17,5,0.05267702950609746
2016-11-18,5,-0.009164563242402243
2016-11-21,5,0.029203292293503897
2016-11-22,5,0.045782973893204945
2016-11-23,5,0.09122815963536857
2016-11-25,5,0.10553245871653719
2016-11-28,5,0.09436007944064789
2016-11-29,5,0.10565347558941583
2016-11-30,5,0.09607747784925376
2016-12-01,5,0.024804363546707363
2016-12-02,5,-0.03791396090546907
2016-12-05,5,0.014414415870709296
2016-12-06,5,-0.06576720502434749
2016-12-07,5,-0.08942585571911059
2016-12-08,5,-0.053983730080211824
2016-12-09,5,-0.11280026588125064
2016-12-12,5,-0.04216648049086617
2016-12-13,5,0.09913900530569701
2016-12-14,5,0.08596768589010897
2016-12-15,5,-0.01426789508258221
2016-12-16,5,0.06922267744912486
2016-12-19,5,0.021675128824003354
2016-12-20,5,-0.10635502748742083
2016-12-21,5,-0.0699564955879546
2016-12-22,5,-0.07288448630358678
2016-12-23,5,-0.13668386727277082
2016-12-27,5,-0.15487266071784225
2016-12-28,5,-0.26853434688539335
2016-12-29,5,-0.28584441864244814
2016-12-30,5,-0.2706532161012786
2017-01-03,5,-0.1528642398718995
2017-01-04,5,-0.13530470116892582
2017-01-05,5,-0.07580158589851704
2017-01-06,5,-0.03854864497647949
2017-01-09,5,-0.11387809127210342
2017-01-10,5,-0.13643748247599466
2017-01-11,5,-0.1466418289566825
2017-01-12,5,-0.07516012526410062
2017-01-13,5,-0.059029523139262
2017-01-17,5,0.08733597322087308
2017-01-18,5,0.04564313551010631
2017-01-19,5,0.0624737505166213
2017-01-20,5,0.05820650326694861
2017-01-23,5,0.007205134042463134
2017-01-24,5,-0.052928275097171885
2017-01-25,5,-0.018871451252111232
2017-01-26,5,-0.049659050578549566
2017-01-27,5,-0.03963546536058332
2017-01-30,5,0.0053172777468922065
2017-01-31,5,-0.009050399341346781
2017-02-01,5,-0.1216938485143146
2017-02-02,5,-0.06846828243025785
2017-02-03,5,-0.1300852535520257
2017-02-06,5,-0.08859241396262618
2017-02-07,5,-0.08669926500323293
2017-02-08,5,-0.0584223300646449
2017-02-09,5,-0.026931257571978208
2017-02-10,5,0.009372964867942802
2017-02-13,5,-0.009990436843692262
2017-02-14,5,0.004923273025670817
2017-02-15,5,-0.02670026609702721
2017-02-16,5,-0.01677859138083956
2017-02-17,5,-0.015087466192224825
2017-02-21,5,0.006060736653870961
2017-02-22,5,0.04182746074248315
2017-02-23,5,0.012948871461521867
2017-02-24,5,0.11865565643853605
2017-02-27,5,0.12292330197523695
2017-02-28,5,0.14952243604156282
2017-03-01,5,0.11579762652393501
2017-03-02,5,0.1390943783644574
2017-03-03,5,0.06410341110624661
2017-03-06,5,0.06844846560266636
2017-03-07,5,0.05751005054381442
2017-03-08,5,0.0011566804880301755
2017-03-09,5,-0.05249058362031217
2017-03-10,5,-0.09161944152457453
2017-03-13,5,-0.008169061836613195
2017-03-14,5,-0.014567697788883355
2017-03-15,5,0.10555761205458626
2017-03-16,5,0.08840713634634585
2017-03-17,5,0.18778296526555183
2017-03-20,5,0.07942344880823583
2017-03-21,5,-0.03268227930427891
2017-03-22,5,-0.14090857006624574
2017-03-23,5,-0.10315994611212098
2017-03-24,5,-0.1661555301224613
2017-03-27,5,-0.049140732342464986
2017-03-28,5,0.02164674335748157
2017-03-29,5,0.08952418274470379
2017-03-30,5,0.06643883650310799
2017-03-31,5,0.08575863314223617
2017-04-03,5,-0.054341278923656006
2017-04-04,5,-0.1663813683306825
2017-04-05,5,-0.10799959599770229
2017-04-06,5,0.009249107226411769
2017-04-07,5,0.03471433003985013
2017-04-10,5,0.07533084557552676
2017-04-11,5,0.0896205550249959
2017-04-12,5,0.008702410610186463
2017-04-13,5,-0.05274676066885137
2017-04-17,5,-0.06608630865794922
2017-04-18,5,-0.042131407514435726
2017-04-19,5,-0.0613573965241888
2017-04-20,5,0.00819486862488291
2017-04-21,5,0.04462322264808882
2017-04-24,5,0.09143727514725303
2017-04-25,5,0.09889925455606789
2017-04-26,5,0.13374221115069082
2017-04-27,5,0.11583072669059354
2017-04-28,5,0.10954685973795882
2017-05-01,5,0.02981420015699759
2017-05-02,5,0.03869947261295431
2017-05-03,5,0.02439675369616245
2017-05-04,5,0.06517238910951093
2017-05-05,5,0.12801583226413055
2017-05-08,5,0.13546011320666937
2017-05-09,5,0.1454169942952725
2017-05-10,5,0.1422143695128014
2017-05-11,5,0.16504260767358556
2017-05-12,5,0.07415297523078965
2017-05-15,5,0.09250763545307689
2017-05-16,5,0.016195975491096314
2017-05-17,5,0.03843924688519553
2017-05-18,5,0.03224236079864581
2017-05-19,5,0.08602659021994596
2017-05-22,5,0.09290631941984685
2017-05-23,5,0.10981674990418275
2017-05-24,5,0.021563684582732563
2017-05-25,5,0.033476738252998094
2017-05-26,5,0.00562692673130127
2017-05-30,5,0.04439510647472253
2017-05-31,5,0.054008759028555585
2017-06-01,5,0.09332922447540079
2017-06-02,5,-0.08948747232297842
2017-06-05,5,-0.17517017877862287
2017-06-06,5,-0.16998386180455086
2017-06-07,5,-0.20885336376273425
2017-06-08,5,-0.18116397571262666
2017-06-09,5,0.0031525024339451335
2017-06-12,5,0.1286019729435785
2017-06-13,5,0.13920347062244226
2017-06-14,5,0.18819935211524205
2017-06-15,5,0.15457457933746532
2017-06-16,5,0.1060806902821862
2017-06-19,5,0.021601084319625673
2017-06-20,5,-0.07779580151100002
2017-06-21,5,-0.18698456275181044
2017-06-22,5,-0.1920108772725526
2017-06-23,5,-0.19147523709198397
2017-06-26,5,-0.18746559531086784
2017-06-27,5,-0.07004804324088823
2017-06-28,5,0.027364869199888123
2017-06-29,5,0.13387331040597922
2017-06-30,5,0.14143610139732524
2017-07-03,5,0.18543479377682323
2017-07-05,5,0.13864983996321378
2017-07-06,5,0.017015507963600567
2017-07-07,5,-0.03904436946879622
2017-07-10,5,-0.12784327076966945
2017-07-11,5,-0.07083471918595056
2017-07-12,5,-0.15252371435442502
2017-07-13,5,-0.04690159364994551
2017-07-14,5,0.015621627860721592
2017-07-17,5,0.11956575041634004
2017-07-18,5,0.011309083736678601
2017-07-19,5,0.05163775212993754
2017-07-20,5,0.006697402013100719
2017-07-21,5,0.0012548425893724425
2017-07-24,5,-0.11900230933476048
2017-07-25,5,-0.017629977708835978
2017-07-26,5,0.015630837846890237
2017-07-27,5,0.07406139021263204
2017-07-28,5,0.03703634723508708
2017-07-31,5,0.08393960214679935
2017-08-01,5,0.04573150862045706
2017-08-02,5,0.03885282610679012
2017-08-03,5,0.05346445690999774
2017-08-04,5,0.08222458799627215
2017-08-07,5,0.08101143676418267
2017-08-08,5,0.11468251670613769
2017-08-09,5,0.08511725006810321
2017-08-10,5,0.10182039951253122
2017-08-11,5,0.12346735889498886
2017-08-14,5,0.11235402023368235
2017-08-15,5,0.02810451529956194
2017-08-16,5,0.06331910828326155
2017-08-17,5,0.03670970811941391
2017-08-18,5,0.005452282652045443
2017-08-21,5,0.0025800315770923344
2017-08-22,5,0.040256191356957405
2017-08-23,5,0.04878368947546395
2017-08-24,5,0.060064450166888356
2017-08-25,5,0.031380842092703115
2017-08-28,5,0.03233660853758816
2017-08-29,5,-0.027899932098971868
2017-08-30,5,0.03789609577743162
2017-08-31,5,0.02413073087671046
2017-09-01,5,0.033023270088614706
2017-09-05,5,-0.08148876377888342
2017-09-06,5,-0.14095567803415798
2017-09-07,5,-0.23255781169709727
2017-09-08,5,-0.2327805492438808
2017-09-11,5,-0.12914567795827794
2017-09-12,5,0.00030716107586916026
2017-09-13,5,0.07056570851854457
2017-09-14,5,0.06849326125748414
2017-09-15,5,0.07387655833140871
2017-09-18,5,0.004141494388677169
2017-09-19,5,-0.06887558332415085
2017-09-20,5,-0.03722791576811361
2017-09-21,5,-0.02667085096996432
2017-09-22,5,-0.011112200414720497
2017-09-25,5,0.021966118430117934
2017-09-26,5,-0.005284257585209372
2017-09-27,5,0.02986829497980225
2017-09-28,5,-0.05328047146234458
2017-09-29,5,-0.0646929169674959
2017-10-02,5,-0.024853444226623354
2017-10-03,5,-0.015131599926575267
2017-10-04,5,0.01979670907590435
2017-10-05,5,0.043335656051350195
2017-10-06,5,0.05838202120278786
2017-10-09,5,0.0964344029269632
2017-10-10,5,0.10029944413039918
2017-10-11,5,0.057962249067564475
2017-10-12,5,0.045576116144797445
2017-10-13,5,0.03003173857297669
2017-10-16,5,-0.018324348520589926
2017-10-17,5,0.06553199638950832
2017-10-18,5,0.07993135087678757
2017-10-19,5,0.11955508461476105
2017-10-20,5,0.18989280768013425
2017-10-23,5,0.14997908902458867
2017-10-24,5,0.1336393174676056
2017-10-25,5,0.10570314131073255
2017-10-26,5,0.15740194721112732
2017-10-27,5,0.16947480151575312
2017-10-30,5,0.14818039551441245
2017-10-31,5,0.06973828356406339
2017-11-01,5,0.10901516885592982
2017-11-02,5,0.01839563372331505
2017-11-03,5,0.013047850105305582
2017-11-06,5,0.02516484888995908
2017-11-07,5,0.044711539471405964
2017-11-08,5,0.011650001313988221
2017-11-09,5,0.03639233497448837
2017-11-10,5,0.021811527958315664
2017-11-13,5,0.05560336907228714
2017-11-14,5,0.08203449874676379
2017-11-15,5,0.09240333292015306
2017-11-16,5,0.12534339696890326
2017-11-17,5,0.09616648544820927
2017-11-20,5,0.041592430126870306
2017-11-21,5,-0.06233986723046212
2017-11-22,5,-0.05412628834792981
2017-11-24,5,-0.08803543460113097
2017-11-27,5,-0.0829196484152098
2017-11-28,5,-0.10398533865913312
2017-11-29,5,-0.0712741394363339
2017-11-30,5,-0.02390789835750281
2017-12-01,5,-0.005891546292768407
2017-12-04,5,-0.0505427900571224
2017-12-05,5,-0.08121765031454714
2017-12-06,5,-0.12152773869768174
2017-12-07,5,-0.17991003961816743
2017-12-08,5,-0.18017825725320757
2017-12-11,5,-0.08037271070993543
2017-12-12,5,-0.042042467166616866
2017-12-13,5,-0.0033729153576398502
2017-12-14,5,0.04142963366933961
2017-12-15,5,0.04161040890389603
2017-12-18,5,0.04676549721969055
2017-12-19,5,0.0666052715714694
2017-12-20,5,0.032511101797020964
2017-12-21,5,0.0034460488562277087
2017-12-22,5,-0.01581701138034977
2017-12-26,5,-0.10636954047048248
2017-12-27,5,-0.1351420381441442
2017-12-28,5,-0.10000092132852104
2017-12-29,5,-0.06010731783191691
2018-01-02,5,-0.011645029463866158
2018-01-03,5,0.010672123184024615
2018-01-04,5,0.03444582831491071
2018-01-05,5,0.012882019750621298
2018-01-08,5,-0.03286556472114735
2018-01-09,5,0.01874774466734536
2018-01-10,5,0.025784854179261338
2018-01-11,5,0.02718459306572448
2018-01-12,5,0.04645950799513447
2018-01-16,5,0.07868620744285099
2018-01-17,5,0.008240878410666298
2018-01-18,5,0.014241669698884591
2018-01-19,5,0.026858781553275302
2018-01-22,5,0.004451358774504174
2018-01-23,5,0.005836732915917535
2018-01-24,5,0.018253917616719333
2018-01-25,5,-0.029212054233274054
2018-01-26,5,-0.07090466454980968
2018-01-29,5,-0.06089227823968714
2018-01-30,5,0.00027806668864258777
2018-01-31,5,0.0003671982810721032
2018-02-01,5,-0.04937803154666719
2018-02-02,5,-0.02659901932124563
2018-02-05,5,-0.016755875332206148
2018-02-06,5,0.024773188400285157
2018-02-07,5,0.05753452410092717
2018-02-08,5,0.09142850499052106
2018-02-09,5,0.09377640138611525
2018-02-12,5,0.05367896671173447
2018-02-13,5,-0.02054603047713147
2018-02-14,5,-0.024115603910735858
2018-02-15,5,0.009794607985952736
2018-02-16,5,-0.028652720594790498
2018-02-20,5,-0.0016916426743235956
2018-02-21,5,0.06133513989361964
2018-02-22,5,0.03487447648790635
2018-02-23,5,0.041616957106668094
2018-02-26,5,0.06269483877732263
2018-02-27,5,-0.004815110342400903
2018-02-28,5,-0.05836405919561739
2018-03-01,5,-0.0629794437078428
2018-03-02,5,-0.08895942323540632
2018-03-05,5,-0.10210337891973617
2018-03-06,5,-0.09278540642084697
2018-03-07,5,-0.08191451594477438
2018-03-08,5,-0.008051023188573548
2018-03-09,5,-0.016018002399632317
2018-03-12,5,0.08287443495285393
2018-03-13,5,0.18777220993008095
2018-03-14,5,0.16627952339301472
2018-03-15,5,0.12740346108577194
2018-03-16,5,0.17549946087472257
2018-03-19,5,0.23224847530695703
2018-03-20,5,0.05144228026877846
2018-03-21,5,-0.004929803117249039
2018-03-22,5,-0.025628735779986783
2018-03-23,5,-0.043046408026296674
2018-03-26,5,-0.07478131534113769
2018-03-27,5,-0.026527017428754733
2018-03-28,5,-0.01089529857782553
2018-03-29,5,-0.015879839987873866
2018-04-02,5,0.0037517251313278492
2018-04-03,5,-0.031351142150793855
2018-04-04,5,0.01749448583701731
2018-04-05,5,0.055494721482637746
2018-04-06,5,-0.0031167003731205367
2018-04-09,5,-0.04396972563591042
2018-04-10,5,0.03556836247683699
2018-04-11,5,0.03653488296268709
2018-04-12,5,0.07444333489876175
2018-04-13,5,0.11361429380048667
2018-04-16,5,0.15639074747390636
2018-04-17,5,0.09173092146184858
2018-04-18,5,0.05406484984774797
2018-04-19,5,0.0036980371636417837
2018-04-20,5,-0.0291506781142699
2018-04-23,5,0.02791078498797123
2018-04-24,5,-0.03056211933865917
2018-04-25,5,0.054263802864539884
2018-04-26,5,0.04516157439318433
2018-04-27,5,-0.0004627495587009405
2018-04-30,5,-0.05300389092970498
2018-05-01,5,0.056982663433449966
2018-05-02,5,0.06493158913668769
2018-05-03,5,0.06794450981654017
2018-05-04,5,0.0870047582307599
2018-05-07,5,0.018570391749229333
2018-05-08,5,3.93032691278264e-05
2018-05-09,5,-0.03621933776915136
2018-05-10,5,-0.03141806757443295
2018-05-11,5,0.013082950034008537
2018-05-14,5,0.10341143020995446
2018-05-15,5,0.015137327641595125
2018-05-16,5,0.04532681689282184
2018-05-17,5,0.056313495725487064
2018-05-18,5,-0.004582680540056511
2018-05-21,5,0.0767780286906996
2018-05-22,5,0.16085608156467304
2018-05-23,5,0.1601744315660928
2018-05-24,5,0.14052370564364136
2018-05-25,5,0.1652269151731783
2018-05-29,5,0.11672070060902502
2018-05-30,5,0.032795914817433165
2018-05-31,5,-0.06446399722771697
2018-06-01,5,-0.0894488655231378
2018-06-04,5,-0.12229169987728264
2018-06-05,5,-0.14199141839148807
2018-06-06,5,-0.0664319239349401
2018-06-07,5,0.008524915868816318
2018-06-08,5,-0.018541198341814783
2018-06-11,5,0.10475915154157535
2018-06-12,5,0.11271407217942672
2018-06-13,5,0.0929753945991958
2018-06-14,5,0.046045937552451933
2018-06-15,5,0.06915149952591391
2018-06-18,5,-0.01090352311492209
2018-06-19,5,0.020498585888881267
2018-06-20,5,-0.015360691450195793
2018-06-21,5,0.00446332688211349
2018-06-22,5,-0.07924484979178599
2018-06-25,5,0.07477775783466967
2018-06-26,5,0.005479811131937676
2018-06-27,5,0.03268334311186162
2018-06-28,5,0.018788723192666425
2018-06-29,5,0.03398251285398491
2018-07-02,5,-0.07748321894915779
2018-07-03,5,-0.015444803381254079
2018-07-05,5,-0.0035918772038910566
2018-07-06,5,-0.024357750201297167
2018-07-09,5,0.03756670316710361
2018-07-10,5,0.09009171571803454
2018-07-11,5,-0.010993437878524854
2018-07-12,5,-0.05083962920265957
2018-07-13,5,0.017205251576655162
2018-07-16,5,0.04251753989185972
2018-07-17,5,-0.044286508629742025
2018-07-18,5,0.060734152466695765
2018-07-19,5,-0.0035091055430813123
2018-07-20,5,-0.13049706490718038
2018-07-23,5,-0.2063037833050689
2018-07-24,5,-0.19341724822068573
2018-07-25,5,-0.1870999230789238
2018-07-26,5,-0.08547295914068656
2018-07-27,5,-0.04653515929217686
2018-07-30,5,0.05244177194479054
2018-07-31,5,0.05935475904268693
2018-08-01,5,0.056601488869707485
2018-08-02,5,-9.289144158506944e-05
2018-08-03,5,0.0871720129361806
2018-08-06,5,0.0973710876910826
2018-08-07,5,0.12031305573314105
2018-08-08,5,0.1372818972834648
2018-08-09,5,0.14391438689784725
2018-08-10,5,0.0881923717128973
2018-08-13,5,0.05645110195688296
2018-08-14,5,-0.02051560991795035
2018-08-15,5,-0.0460012501456766
2018-08-16,5,0.08093283478277061
2018-08-17,5,0.043676448051552845
2018-08-20,5,-0.039615702024751585
2018-08-21,5,-0.01060539929045189
2018-08-22,5,-0.027499737342681692
2018-08-23,5,-0.016359548876817443
2018-08-24,5,0.04123610849976174
2018-08-27,5,0.17694203127760028
2018-08-28,5,0.14712703844439176
2018-08-29,5,0.17096832944664317
2018-08-30,5,0.14373474552044582
2018-08-31,5,0.13154223413684416
2018-09-04,5,0.0824590798602833
2018-09-05,5,0.0865856091645216
2018-09-06,5,0.05105781428856345
2018-09-07,5,0.03146841292905267
2018-09-10,5,-0.013962773406098784
2018-09-11,5,-0.050936639441283245
2018-09-12,5,-0.1527918780742703
2018-09-13,5,-0.2037078336701853
2018-09-14,5,-0.16713969911275925
2018-09-17,5,-0.09241016750258518
2018-09-18,5,-0.03825324362412354
2018-09-19,5,0.10841409188706803
2018-09-20,5,0.19169199155744002
2018-09-21,5,0.1549403753716271
2018-09-24,5,0.13387780529350046
2018-09-25,5,0.016552292256037385
2018-09-26,5,-0.015496153114605317
2018-09-27,5,-0.053643468945931944
2018-09-28,5,-0.03667479892111687
2018-10-01,5,-0.06749057146429491
2018-10-02,5,-0.0034849469650465536
2018-10-03,5,-0.08464192522792074
2018-10-04,5,-0.13283862067191746
2018-10-05,5,-0.10278136817218068
2018-10-08,5,-0.061009842070561725
2018-10-09,5,-0.07946827127713979
2018-10-10,5,0.01823449850536966
2018-10-11,5,0.1276732550879429
2018-10-12,5,0.04423779851162712
2018-10-15,5,0.09183850040982093
2018-10-16,5,0.03731940139737969
2018-10-17,5,0.02261043833291159
2018-10-18,5,-0.054123906906444086
2018-10-19,5,-0.011412595883290036
2018-10-22,5,-0.03970568315581775
2018-10-23,5,-0.05714126900273874
2018-10-24,5,-0.08106535911013356
2018-10-25,5,-0.16768627508071743
2018-10-26,5,-0.19920842555120605
2018-10-29,5,-0.21401615917406608
2018-10-30,5,-0.18400755056746626
2018-10-31,5,-0.14333110510959457
2018-11-01,5,0.0654223196538219
2018-11-02,5,0.10785831444416644
2018-11-05,5,0.11548820716421268
2018-11-06,5,0.1198088083702942
2018-11-07,5,0.07580100418581219
2018-11-08,5,0.03839428917367948
2018-11-09,5,0.020756652082725865
2018-11-12,5,0.0008600246997432857
2018-11-13,5,-0.02613689894137941
2018-11-14,5,-0.06460808528440991
2018-11-15,5,-0.024371215190723838
2018-11-16,5,-0.0753716711795074
2018-11-19,5,-0.037930677415368035
2018-11-20,5,-0.0543429333849583
2018-11-21,5,0.04173235320922687
2018-11-23,5,0.018891466855806775
2018-11-26,5,-0.020628413231477082
2018-11-27,5,0.09369781709073727
2018-11-28,5,0.14168178796379388
2018-11-29,5,0.15132434660517954
2018-11-30,5,0.11592677382367024
2018-12-03,5,0.16452832232034742
2018-12-04,5,0.13199563531127514
2018-12-06,5,0.23560485031333264
2018-12-07,5,0.2368641171604096
2018-12-10,5,0.21896704158266858
2018-12-11,5,0.11685017304253992
2018-12-12,5,0.15758300006634898
2018-12-13,5,0.0641417877690197
2018-12-14,5,0.07354606193584037
2018-12-17,5,0.0852553973322815
2018-12-18,5,0.026385783503675164
2018-12-19,5,-0.04387060530707869
2018-12-20,5,-0.08897279363003573
2018-12-21,5,-0.14426136353367344
2018-12-24,5,-0.2887995878533425
2018-12-26,5,-0.1301598531482698
2018-12-27,5,-0.27255449593619846
2018-12-28,5,-0.31670753802423773
2018-12-31,5,-0.36272195691342446
2001-01-02,10,
2001-01-03,10,
2001-01-04,10,
2001-01-05,10,
2001-01-08,10,
2001-01-09,10,
2001-01-10,10,
2001-01-11,10,
2001-01-12,10,
2001-01-16,10,
2001-01-17,10,
2001-01-18,10,
2001-01-19,10,
2001-01-22,10,
2001-01-23,10,
2001-01-24,10,
2001-01-25,10,
2001-01-26,10,
2001-01-29,10,
2001-01-30,10,
2001-01-31,10,
2001-02-01,10,
2001-02-02,10,
2001-02-05,10,
2001-02-06,10,
2001-02-07,10,
2001-02-08,10,
2001-02-09,10,
2001-02-12,10,
2001-02-13,10,
2001-02-14,10,
2001-02-15,10,
2001-02-16,10,
2001-02-20,10,
2001-02-21,10,
2001-02-22,10,
2001-02-23,10,
2001-02-26,10,
2001-02-27,10,
2001-02-28,10,
2001-03-01,10,
2001-03-02,10,
2001-03-05,10,
2001-03-06,10,
2001-03-07,10,
2001-03-08,10,
2001-03-09,10,
2001-03-12,10,
2001-03-13,10,
2001-03-14,10,
2001-03-15,10,
2001-03-16,10,
2001-03-19,10,
2001-03-20,10,
2001-03-21,10,
2001-03-22,10,
2001-03-23,10,
2001-03-26,10,
2001-03-27,10,0.039693653822716925
2001-03-28,10,-0.01404337282451958
2001-03-29,10,-0.05197168977745312
2001-03-30,10,-0.08344333257874398
2001-04-02,10,-0.10131590937652227
2001-04-03,10,-0.15230666065166257
2001-04-04,10,-0.1578310878432916
2001-04-05,10,-0.14622579823806997
2001-04-06,10,-0.1593447661726104
2001-04-09,10,-0.1568937228107361
2001-04-10,10,-0.10250144354274889
2001-04-11,10,-0.08853930339002268
2001-04-12,10,-0.08200548753977975
2001-04-16,10,-0.1116752255492408
2001-04-17,10,-0.12849746005552526
2001-04-18,10,-0.16810190460356067
2001-04-19,10,-0.12394616262487047
2001-04-20,10,-0.15117692266536192
2001-04-23,10,-0.13811359817520721
2001-04-24,10,-0.16512811297553867
2001-04-25,10,-0.1485018183149224
2001-04-26,10,-0.12359074239746748
2001-04-27,10,-0.07227583667484037
2001-04-30,10,-0.06778947535740022
2001-05-01,10,-0.04572116478446062
2001-05-02,10,0.015612755606942691
2001-05-03,10,0.08233102792792027
2001-05-04,10,0.09740409242347962
2001-05-07,10,0.08046153911080431
2001-05-08,10,0.06987132657264035
2001-05-09,10,0.051893113068867736
2001-05-10,10,0.015243850099382403
2001-05-11,10,0.0018160184120553386
2001-05-14,10,-0.009880786614149354
2001-05-15,10,-0.018599641311049343
2001-05-16,10,-0.05558108964834054
2001-05-17,10,-0.07089918038602695
2001-05-18,10,-0.07435105953413747
2001-05-21,10,-0.0885600584953132
2001-05-22,10,-0.03761910526081005
2001-05-23,10,0.03888251408200999
2001-05-24,10,0.011287629496130444
2001-05-25,10,0.004610048848434543
2001-05-29,10,0.03401391475738981
2001-05-30,10,0.03440183398965922
2001-05-31,10,0.0036859344989458014
2001-06-01,10,0.008010702671701805
2001-06-04,10,-0.00923429030001557
2001-06-05,10,-0.04758293077181486
2001-06-06,10,-0.0314433304948655
2001-06-07,10,-0.0192281808354814
2001-06-08,10,-0.008283111626597228
2001-06-11,10,0.034668825973782263
2001-06-12,10,0.03587168949751835
2001-06-13,10,0.09303404876652487
2001-06-14,10,0.11895700794613721
2001-06-15,10,0.17214158648500397
2001-06-18,10,0.08385363130108611
2001-06-19,10,0.04450102674139468
2001-06-20,10,0.004818991076870006
2001-06-21,10,-0.012262043860473502
2001-06-22,10,0.015827722261556428
2001-06-25,10,-0.0010095426466958297
2001-06-26,10,-0.04485092417080489
2001-06-27,10,-0.0050549647254104066
2001-06-28,10,-0.019144341445200073
2001-06-29,10,-0.15599873677161338
2001-07-02,10,-0.0202831898993139
2001-07-03,10,-0.01622377515872483
2001-07-05,10,0.006714657650762742
2001-07-06,10,0.02883953124268815
2001-07-09,10,0.011465444412266138
2001-07-10,10,-0.0008053993999117736
2001-07-11,10,0.014388970812971892
2001-07-12,10,0.015634127261726243
2001-07-13,10,0.005180938027992123
2001-07-16,10,-0.03200164853523222
2001-07-17,10,-0.015277550196259605
2001-07-18,10,-0.013866460443323056
2001-07-19,10,-0.016436661995338758
2001-07-20,10,-0.021738485982450973
2001-07-23,10,-0.03793338097447136
2001-07-24,10,-0.05205607445264049
2001-07-25,10,-0.032899438275471544
2001-07-26,10,-0.03023348194954662
2001-07-27,10,-0.01971970527158125
2001-07-30,10,-0.016115454215206645
2001-07-31,10,0.015085779128951897
2001-08-01,10,-0.026600268276649453
2001-08-02,10,0.010695842185971473
2001-08-03,10,0.015191749359515746
2001-08-06,10,0.04290918075213528
2001-08-07,10,0.01878748465355614
2001-08-08,10,0.052480038222975256
2001-08-09,10,0.07779841052773573
2001-08-10,10,0.0914488356680098
2001-08-13,10,0.08514263679522024
2001-08-14,10,0.11070275863696524
2001-08-15,10,0.1513185207817406
2001-08-16,10,0.1328869605617671
2001-08-17,10,0.11998438714647897
2001-08-20,10,0.10472889638658886
2001-08-21,10,0.11237565929223944
2001-08-22,10,0.11462883818995057
2001-08-23,10,0.09838850197185424
2001-08-24,10,0.09945155265759172
2001-08-27,10,0.08383761050866186
2001-08-28,10,0.06991148232480168
2001-08-29,10,0.10083451848092598
2001-08-30,10,0.08426953229730583
2001-08-31,10,0.08832831077495329
2001-09-04,10,0.07996071334510593
2001-09-05,10,0.07548430082596357
2001-09-06,10,0.09998905030501695
2001-09-07,10,0.10206190318477068
2001-09-10,10,0.10566587973537979
2001-09-17,10,0.10528764035359021
2001-09-18,10,0.06650848908032848
2001-09-19,10,-0.06241143347932569
2001-09-20,10,-0.1463473001222765
2001-09-21,10,-0.12282898765981363
2001-09-24,10,-0.07135045499884071
2001-09-25,10,-0.050642318962712596
2001-09-26,10,-0.1698275842304975
2001-09-27,10,-0.27347834919718605
2001-09-28,10,-0.25774893985948544
2001-10-01,10,-0.2527873528020988
2001-10-02,10,-0.27686086153660205
2001-10-03,10,-0.19256603394993027
2001-10-04,10,-0.1464076857438134
2001-10-05,10,-0.1161095902850339
2001-10-08,10,-0.11499738172096617
2001-10-09,10,-0.1584003147912543
2001-10-10,10,-0.07297686414241253
2001-10-11,10,-0.0009676062128130536
2001-10-12,10,-0.0265886000945742
2001-10-15,10,-0.017775100419800027
2001-10-16,10,0.04714241937123695
2001-10-17,10,-0.0034492149811221583
2001-10-18,10,-0.02880961297214617
2001-10-19,10,-0.02156405000325664
2001-10-22,10,-0.040599862973335545
2001-10-23,10,-0.026045199274046856
2001-10-24,10,-0.0745620058180514
2001-10-25,10,-0.07638340786773773
2001-10-26,10,-0.040473444887888003
2001-10-29,10,-0.04595771467061187
2001-10-30,10,-0.1349120109930743
2001-10-31,10,-0.17542180211691963
2001-11-01,10,-0.20680911237076227
2001-11-02,10,-0.2727641332205916
2001-11-05,10,-0.25829683094780775
2001-11-06,10,-0.2691027102372585
2001-11-07,10,-0.29369549429035524
2001-11-08,10,-0.23602373174241034
2001-11-09,10,-0.19308728555002022
2001-11-12,10,-0.21645709888851175
2001-11-13,10,-0.20806429768642506
2001-11-14,10,-0.17338265629340122
2001-11-15,10,-0.15272758883775078
2001-11-16,10,-0.11449525475733831
2001-11-19,10,-0.0985130361952272
2001-11-20,10,-0.04839710538311268
2001-11-21,10,-0.0656712898198983
2001-11-23,10,-0.09061003267041128
2001-11-26,10,-0.10932788896494855
2001-11-27,10,-0.10516533842488845
2001-11-28,10,-0.08351013928171372
2001-11-29,10,-0.0820703416265999
2001-11-30,10,-0.07698195857262827
2001-12-03,10,-0.03350472460732204
2001-12-04,10,-0.04017029149517703
2001-12-05,10,-0.03479991771787551
2001-12-06,10,-0.056711941070605676
2001-12-07,10,-0.04610709452739395
2001-12-10,10,-0.02329086629575036
2001-12-11,10,-0.03473207411839595
2001-12-12,10,-0.07414269410607424
2001-12-13,10,-0.03315245441953527
2001-12-14,10,-0.05478113688229995
2001-12-17,10,-0.11525741107251428
2001-12-18,10,-0.1524274281084418
2001-12-19,10,-0.10772123541195568
2001-12-20,10,-0.025691175891749837
2001-12-21,10,-0.018023832100263378
2001-12-24,10,-0.013302273160725669
2001-12-26,10,-0.010218774058392983
2001-12-27,10,-0.01683344529656282
2001-12-28,10,-0.051357752523118215
2001-12-31,10,-0.04106360580429369
2002-01-02,10,-0.06090363091513972
2002-01-03,10,-0.038453158565970945
2002-01-04,10,-0.09474959553632757
2002-01-07,10,-0.07680576204306104
2002-01-08,10,-0.01953791597459251
2002-01-09,10,0.03192584515994706
2002-01-10,10,0.023553511591125304
2002-01-11,10,0.05899405606772939
2002-01-14,10,0.05758667755278561
2002-01-15,10,0.033486420615134474
2002-01-16,10,0.044684332875676025
2002-01-17,10,0.024689507867439054
2002-01-18,10,0.02539236868291514
2002-01-22,10,0.023650162802891266
2002-01-23,10,0.010964806580029577
2002-01-24,10,-0.013060711603963705
2002-01-25,10,-0.02877465686279173
2002-01-28,10,-0.03962161256386723
2002-01-29,10,-0.01014696210308236
2002-01-30,10,0.009084809131187444
2002-01-31,10,0.012089403823900516
2002-02-01,10,0.021300903470366984
2002-02-04,10,0.03008130125399113
2002-02-05,10,0.005332276083257134
2002-02-06,10,0.004157516280830046
2002-02-07,10,-0.015099162844865866
2002-02-08,10,0.016349096599378346
2002-02-11,10,0.023397276774080197
2002-02-12,10,0.04150705711098695
2002-02-13,10,0.05091448021529463
2002-02-14,10,0.04877826559721895
2002-02-15,10,0.015805937812331427
2002-02-19,10,-0.025751948640404317
2002-02-20,10,-0.12297140940294665
2002-02-21,10,-0.1848834941481049
2002-02-22,10,-0.2092754639899157
2002-02-25,10,-0.2295282848834416
2002-02-26,10,-0.18631192164671637
2002-02-27,10,-0.21820307770553155
2002-02-28,10,-0.25545768533287727
2002-03-01,10,-0.23851482057349888
2002-03-04,10,-0.20619767485493706
2002-03-05,10,-0.13973951539929205
2002-03-06,10,-0.048051832781426274
2002-03-07,10,-0.02492449437926284
2002-03-08,10,-0.007313483753723797
2002-03-11,10,0.028190119199783273
2002-03-12,10,0.02332571387475774
2002-03-13,10,0.038430548203089006
2002-03-14,10,0.06920773467143296
2002-03-15,10,0.038555179417518425
2002-03-18,10,0.045981979717199695
2002-03-19,10,0.011583673792378664
2002-03-20,10,0.015128185871503328
2002-03-21,10,0.07770823523998074
2002-03-22,10,0.08379613885929622
2002-03-25,10,0.08764032932390206
2002-03-26,10,0.12342492931889046
2002-03-27,10,0.14426786300728942
2002-03-28,10,0.14405369214624583
2002-04-01,10,0.14031113817842814
2002-04-02,10,0.11293125859893018
2002-04-03,10,0.11592230825296841
2002-04-04,10,0.11928417669086504
2002-04-05,10,0.07641638671537705
2002-04-08,10,0.07557970938770574
2002-04-09,10,0.093422657885819
2002-04-10,10,0.05995953399089085
2002-04-11,10,0.04965001665955619
2002-04-12,10,0.038087393659181144
2002-04-15,10,0.033935661848336504
2002-04-16,10,0.08341652064725895
2002-04-17,10,0.09383996632455317
2002-04-18,10,0.10913428439869714
2002-04-19,10,0.09539835197028111
2002-04-22,10,0.10956820699294309
2002-04-23,10,0.08668616745427016
2002-04-24,10,0.05551820021701469
2002-04-25,10,0.03802827782702985
2002-04-26,10,0.04632403179694254
2002-04-29,10,0.027947666738764806
2002-04-30,10,-0.024521400451466304
2002-05-01,10,-0.05494234005483096
2002-05-02,10,-0.08822282379276548
2002-05-03,10,-0.12379536241431578
2002-05-06,10,-0.1320374844517642
2002-05-07,10,-0.1488681693638417
2002-05-08,10,-0.0731756181476782
2002-05-09,10,-0.049142344927162636
2002-05-10,10,-0.09209664410597534
2002-05-13,10,-0.0802413099555929
2002-05-14,10,-0.06091540935694554
2002-05-15,10,-0.04136843067949596
2002-05-16,10,-0.01686155325038619
2002-05-17,10,-0.03742664351417089
2002-05-20,10,-0.08067923711735349
2002-05-21,10,-0.048227678073341135
2002-05-22,10,-0.035777764313781296
2002-05-23,10,-0.03663441360702149
2002-05-24,10,-0.03342384783429953
2002-05-28,10,-0.0314835048482026
2002-05-29,10,0.006130501344503325
2002-05-30,10,0.04103749936536838
2002-05-31,10,0.07434976278249422
2002-06-03,10,0.0600367152375931
2002-06-04,10,0.08944649117790157
2002-06-05,10,0.10138289594131875
2002-06-06,10,0.09877327720701022
2002-06-07,10,0.10931541933431521
2002-06-10,10,0.10762791626480174
2002-06-11,10,0.134082819861244
2002-06-12,10,0.13827292234101687
2002-06-13,10,0.1022366176708946
2002-06-14,10,0.052881295431670944
2002-06-17,10,0.09234821330254732
2002-06-18,10,0.09525524484853874
2002-06-19,10,0.043101681639699366
2002-06-20,10,-0.04519640031341258
2002-06-21,10,-0.024900192714566425
2002-06-24,10,0.022258337751749655
2002-06-25,10,-0.01787546945671348
2002-06-26,10,-0.08700371144010732
2002-06-27,10,-0.11507931044103566
2002-06-28,10,-0.1470086431686664
2002-07-01,10,-0.12239274178673357
2002-07-02,10,-0.16111352667269796
2002-07-03,10,-0.13439819638835532
2002-07-05,10,-0.0512504778177359
2002-07-08,10,-0.06343679611335591
2002-07-09,10,-0.043956930911860974
2002-07-10,10,-0.05624379272808192
2002-07-11,10,0.049625448531358765
2002-07-12,10,0.08935066306519138
2002-07-15,10,0.043303038373601686
2002-07-16,10,0.02975820519295197
2002-07-17,10,0.05578003941073844
2002-07-18,10,0.059543655595794366
2002-07-19,10,0.08607567797996384
2002-07-22,10,0.11912674855634149
2002-07-23,10,0.09689178010907194
2002-07-24,10,0.07558142108140414
2002-07-25,10,0.025265766970732163
2002-07-26,10,0.024252895581260897
2002-07-29,10,0.06371337611451074
2002-07-30,10,0.10313705308547041
2002-07-31,10,0.05120031274610153
2002-08-01,10,0.04057739072512983
2002-08-02,10,-0.028702472152113013
2002-08-05,10,-0.0998352344290794
2002-08-06,10,-0.08241414394710662
2002-08-07,10,-0.1568331107513767
2002-08-08,10,-0.22559668260716353
2002-08-09,10,-0.19090054309362953
2002-08-12,10,-0.24702454511261313
2002-08-13,10,-0.24348467580655236
2002-08-14,10,-0.2281946148711757
2002-08-15,10,-0.17961538866944346
2002-08-16,10,-0.17143644575754616
2002-08-19,10,-0.11181743119654226
2002-08-20,10,-0.10430871354814458
2002-08-21,10,0.01659759468690862
2002-08-22,10,0.05678352973716112
2002-08-23,10,0.0705242436562949
2002-08-26,10,0.0639490018945906
2002-08-27,10,0.06062473142510676
2002-08-28,10,0.06131981648287899
2002-08-29,10,0.043892005231580766
2002-08-30,10,0.08833401279769673
2002-09-03,10,0.09119476703951152
2002-09-04,10,0.10325699352529998
2002-09-05,10,0.0854221752079903
2002-09-06,10,0.12607162686002826
2002-09-09,10,0.11022003421102824
2002-09-10,10,0.1415693325569891
2002-09-11,10,0.15965650598910636
2002-09-12,10,0.1479433880812369
2002-09-13,10,0.1310113497639465
2002-09-16,10,0.11050324100204714
2002-09-17,10,0.0918373319969087
2002-09-18,10,0.10948267485849901
2002-09-19,10,0.13320134682551635
2002-09-20,10,0.1200189099496809
2002-09-23,10,0.12062943161128989
2002-09-24,10,0.13470483776736314
2002-09-25,10,0.18165435079247597
2002-09-26,10,0.17694083284333334
2002-09-27,10,0.1304130368609184
2002-09-30,10,0.08916052744790318
2002-10-01,10,-0.009998544377215257
2002-10-02,10,0.03601820149399341
2002-10-03,10,-0.0437506042146611
2002-10-04,10,-0.0760934870753705
2002-10-07,10,-0.1315775618770805
2002-10-08,10,-0.16527704183324923
2002-10-09,10,-0.24517192801742563
2002-10-10,10,-0.24674258464332982
2002-10-11,10,-0.2002310289862963
2002-10-14,10,-0.21057703060535998
2002-10-15,10,-0.12674361857372818
2002-10-16,10,-0.15724057911856645
2002-10-17,10,-0.14045170552655983
2002-10-18,10,-0.13003222218263188
2002-10-21,10,-0.1579659998487995
2002-10-22,10,-0.17524210104137153
2002-10-23,10,-0.17765353196851036
2002-10-24,10,-0.12338816838746378
2002-10-25,10,-0.10520257044938998
2002-10-28,10,-0.11873486493960181
2002-10-29,10,-0.10474536975529658
2002-10-30,10,-0.09945005241225045
2002-10-31,10,-0.08650363064423008
2002-11-01,10,-0.06839404900408615
2002-11-04,10,-0.03895146130583022
2002-11-05,10,-0.042914741013828125
2002-11-06,10,-0.010147900034595389
2002-11-07,10,-0.06341060959234265
2002-11-08,10,-0.11694257682692386
2002-11-11,10,-0.14266714775923342
2002-11-12,10,-0.17786423163456044
2002-11-13,10,-0.1873129843338194
2002-11-14,10,-0.1747293192643314
2002-11-15,10,-0.1921463377974282
2002-11-18,10,-0.22059924243472134
2002-11-19,10,-0.2210342983569972
2002-11-20,10,-0.22303442242325058
2002-11-21,10,-0.21748931242682998
2002-11-22,10,-0.17629898642644098
2002-11-25,10,-0.15004708825531435
2002-11-26,10,-0.13542881825144407
2002-11-27,10,-0.14652235781052317
2002-11-29,10,-0.1781366506546336
2002-12-02,10,-0.16245399782049963
2002-12-03,10,-0.13495873990362656
2002-12-04,10,-0.11105687166103691
2002-12-05,10,-0.11382504686984167
2002-12-06,10,-0.103847382512428
2002-12-09,10,-0.02695598090725314
2002-12-10,10,-0.11001764901596085
2002-12-11,10,-0.12159309179900908
2002-12-12,10,-0.16196751711097845
2002-12-13,10,-0.1674001994616722
2002-12-16,10,-0.2489572927931451
2002-12-17,10,-0.22538469705356684
2002-12-18,10,-0.09744588597565372
2002-12-19,10,-0.08551074705626761
2002-12-20,10,-0.05839955126725953
2002-12-23,10,-0.058564669191776914
2002-12-24,10,0.015876835928942918
2002-12-26,10,0.023922002683036552
2002-12-27,10,0.0677447437675277
2002-12-30,10,0.07019567477074802
2002-12-31,10,0.08823320001359598
2003-01-02,10,0.0557562015592384
2003-01-03,10,-0.015312973545271944
2003-01-06,10,-0.058960284187660646
2003-01-07,10,-0.050572070985904785
2003-01-08,10,0.0010041828389367945
2003-01-09,10,-0.06378130303882701
2003-01-10,10,-0.12607932192198187
2003-01-13,10,-0.12948747736659205
2003-01-14,10,-0.14342825743115942
2003-01-15,10,-0.15926483663294086
2003-01-16,10,-0.15984309300915642
2003-01-17,10,-0.11057244751231085
2003-01-21,10,-0.0979136169722903
2003-01-22,10,-0.08320707279968835
2003-01-23,10,-0.08860461658230545
2003-01-24,10,-0.07144247556117601
2003-01-27,10,-0.042880195520773205
2003-01-28,10,-0.033140704327246695
2003-01-29,10,-0.0358824821699201
2003-01-30,10,-0.015792897187185035
2003-01-31,10,-0.008197418119423483
2003-02-03,10,-0.011193260984025049
2003-02-04,10,0.0205275479501921
2003-02-05,10,0.03543682016859389
2003-02-06,10,0.04079300739991532
2003-02-07,10,0.042065370194032475
2003-02-10,10,0.03340066329464117
2003-02-11,10,0.02915345592163372
2003-02-12,10,-0.01866437656925843
2003-02-13,10,-0.0477126359957833
2003-02-14,10,-0.021945395400329283
2003-02-18,10,0.02546707488651601
2003-02-19,10,0.01875188854907699
2003-02-20,10,0.04117653386953325
2003-02-21,10,0.059613160162750534
2003-02-24,10,0.07784014346124457
2003-02-25,10,0.05206603436068418
2003-02-26,10,0.05218659413016885
2003-02-27,10,0.03974216506247593
2003-02-28,10,0.04236594100430066
2003-03-03,10,-0.0645483077462127
2003-03-04,10,-0.08304111529483542
2003-03-05,10,-0.12351993369102411
2003-03-06,10,-0.1594796489785187
2003-03-07,10,-0.17542055280560742
2003-03-10,10,-0.19582002422869962
2003-03-11,10,-0.1944826431462314
2003-03-12,10,-0.19202315347063528
2003-03-13,10,-0.20887111966701732
2003-03-14,10,-0.17101021852730647
2003-03-17,10,-0.0656460081672721
2003-03-18,10,-0.04417431860313337
2003-03-19,10,0.01079945745909855
2003-03-20,10,0.04423185563760673
2003-03-21,10,0.049343560993866074
2003-03-24,10,0.04761713577052302
2003-03-25,10,0.02234668375479295
2003-03-26,10,-0.03506925253679739
2003-03-27,10,0.0034160933958113063
2003-03-28,10,-0.0049073245532215036
2003-03-31,10,-0.0961844369416463
2003-04-01,10,-0.07783417376102944
2003-04-02,10,-0.030894715316540984
2003-04-03,10,-0.08568040830798913
2003-04-04,10,-0.09075233255555269
2003-04-07,10,-0.09406219638238104
2003-04-08,10,-0.1196175180341976
2003-04-09,10,-0.09608184613473521
2003-04-10,10,-0.09285960820688065
2003-04-11,10,-0.13252933494916536
2003-04-14,10,-0.11010485671351528
2003-04-15,10,-0.13837719825521602
2003-04-16,10,-0.1371321030734122
2003-04-17,10,-0.1391864370863206
2003-04-21,10,-0.14656446982544147
2003-04-22,10,-0.12822254268365182
2003-04-23,10,-0.1005814560934366
2003-04-24,10,-0.09625274632592921
2003-04-25,10,-0.11549160875079281
2003-04-28,10,-0.09683198037897696
2003-04-29,10,-0.11060963503213617
2003-04-30,10,-0.07211246219599134
2003-05-01,10,-0.05853933630191966
2003-05-02,10,-0.07345130901931307
2003-05-05,10,-0.1383184981433319
2003-05-06,10,-0.1452033932958171
2003-05-07,10,-0.09179048564417609
2003-05-08,10,-0.026576946722583795
2003-05-09,10,0.0055134843962574495
2003-05-12,10,-0.0031613817087398155
2003-05-13,10,0.0026473118173000534
2003-05-14,10,0.0434120476273271
2003-05-15,10,0.04410279172280861
2003-05-16,10,0.010191391361909007
2003-05-19,10,0.06159887595065875
2003-05-20,10,0.11541133205270751
2003-05-21,10,0.11647949856569915
2003-05-22,10,0.07791594136851589
2003-05-23,10,-0.018710240146790773
2003-05-27,10,-0.009788794246639067
2003-05-28,10,-0.018897830738773744
2003-05-29,10,-0.00035512568794113735
2003-05-30,10,-0.04336918388868417
2003-06-02,10,-0.030850724962081893
2003-06-03,10,0.0009586815755873522
2003-06-04,10,-0.024965705810922976
2003-06-05,10,-0.10703694082138501
2003-06-06,10,-0.0725546805947203
2003-06-09,10,-0.03389871441024018
2003-06-10,10,-0.08537225811318523
2003-06-11,10,-0.07525517365672174
2003-06-12,10,-0.02452795880097408
2003-06-13,10,0.01723661273274117
2003-06-16,10,0.012602469557114212
2003-06-17,10,-0.005958514886838708
2003-06-18,10,0.025639963647455858
2003-06-19,10,0.07515929187219728
2003-06-20,10,0.11978745327194168
2003-06-23,10,0.1593257736063046
2003-06-24,10,0.14934425452965858
2003-06-25,10,0.10039725391223464
2003-06-26,10,0.09876872273199701
2003-06-27,10,0.11477591669617156
2003-06-30,10,0.06630118526265832
2003-07-01,10,0.058442878965495396
2003-07-02,10,-0.08349853117986139
2003-07-03,10,-0.0539287694743218
2003-07-07,10,-0.08911067688719715
2003-07-08,10,-0.12395835363799174
2003-07-09,10,-0.09393018528890688
2003-07-10,10,-0.03239449989058714
2003-07-11,10,-0.045757097806776545
2003-07-14,10,-0.0517644833399141
2003-07-15,10,-0.018313589251402636
2003-07-16,10,-0.022638575207888936
2003-07-17,10,0.06556071003693091
2003-07-18,10,0.03858530573537432
2003-07-21,10,0.013236713404669777
2003-07-22,10,-0.0370971529323096
2003-07-23,10,-0.07892806845114217
2003-07-24,10,-0.09800256758954579
2003-07-25,10,-0.0940983598445637
2003-07-28,10,-0.08611961488048794
2003-07-29,10,-0.06617388989208074
2003-07-30,10,-0.05942951526949056
2003-07-31,10,-0.06911149178660218
2003-08-01,10,-0.06561004483182677
2003-08-04,10,-0.011333869937187067
2003-08-05,10,0.011650389032061479
2003-08-06,10,0.023387572770480952
2003-08-07,10,0.0257515106129455
2003-08-08,10,-0.010779994147896719
2003-08-11,10,-0.03198656810439408
2003-08-12,10,-0.013603824826836811
2003-08-13,10,0.01912672800190819
2003-08-14,10,0.027091400947158097
2003-08-15,10,0.05699803073050347
2003-08-18,10,0.02025353468982953
2003-08-19,10,-0.009563675841121968
2003-08-20,10,0.009693810322798911
2003-08-21,10,-0.006992319073065569
2003-08-22,10,-0.007740368520232545
2003-08-25,10,-0.018396350740296063
2003-08-26,10,-0.06056109761122158
2003-08-27,10,-0.0859642905365448
2003-08-28,10,-0.09228514297024243
2003-08-29,10,-0.10350926706222957
2003-09-02,10,-0.06976958330555656
2003-09-03,10,-0.019092306281615568
2003-09-04,10,-0.007338783706737011
2003-09-05,10,0.04156797524175703
2003-09-08,10,0.0207746911779829
2003-09-09,10,0.05594555579828794
2003-09-10,10,0.053992043681868204
2003-09-11,10,-0.0008017984565660539
2003-09-12,10,-0.07085986794558141
2003-09-15,10,-0.07516789290808941
2003-09-16,10,-0.11127118621518828
2003-09-17,10,-0.11212700167405791
2003-09-18,10,-0.09242877268697064
2003-09-19,10,-0.05031638391850082
2003-09-22,10,-0.007456316738543297
2003-09-23,10,-0.025060454654381007
2003-09-24,10,0.026047857187728295
2003-09-25,10,0.08586878979919992
2003-09-26,10,0.09552084469047545
2003-09-29,10,0.14582215916220612
2003-09-30,10,0.1192212809267706
2003-10-01,10,0.11235353139039746
2003-10-02,10,0.09006990934091447
2003-10-03,10,0.10126221119353689
2003-10-06,10,0.06205442087498204
2003-10-07,10,0.05210513112895761
2003-10-08,10,0.0314172734395186
2003-10-09,10,-0.020817587870752816
2003-10-10,10,-0.02020454656599288
2003-10-13,10,-0.005858347535450784
2003-10-14,10,-0.001914755048302161
2003-10-15,10,0.03641960456861015
2003-10-16,10,0.024792099400459712
2003-10-17,10,0.0265588415991075
2003-10-20,10,0.06043747552554463
2003-10-21,10,0.03900795343719734
2003-10-22,10,0.0782818281682954
2003-10-23,10,0.10618988690878427
2003-10-24,10,0.06409567617472461
2003-10-27,10,0.006788527156220528
2003-10-28,10,-0.053046462964722915
2003-10-29,10,-0.02180161357662651
2003-10-30,10,0.005196373222044797
2003-10-31,10,0.019494863902336783
2003-11-03,10,-0.06988787805604656
2003-11-04,10,-0.12343117540305402
2003-11-05,10,-0.14468553249234262
2003-11-06,10,-0.14034011680066868
2003-11-07,10,-0.11063522846190328
2003-11-10,10,-0.04316856657889337
2003-11-11,10,0.007187536698219669
2003-11-12,10,-0.026129621595317076
2003-11-13,10,0.017578395224887054
2003-11-14,10,0.05882911280445225
2003-11-17,10,0.06419524876388519
2003-11-18,10,0.025239036049132007
2003-11-19,10,-0.00418716886690683
2003-11-20,10,-0.02296536408415334
2003-11-21,10,-0.024278255099698307
2003-11-24,10,-0.06470894027031389
2003-11-25,10,-0.10452330881952189
2003-11-26,10,-0.09803914241768849
2003-11-28,10,-0.1296483999739081
2003-12-01,10,-0.14935125802071855
2003-12-02,10,-0.13729492928473244
2003-12-03,10,-0.10446643134898324
2003-12-04,10,-0.09428600068516022
2003-12-05,10,-0.06469946029607615
2003-12-08,10,-0.06749675361745801
2003-12-09,10,-0.05903943900695946
2003-12-10,10,-0.001173912894586448
2003-12-11,10,0.012232456860104577
2003-12-12,10,0.04935770618745057
2003-12-15,10,-0.008433049407283419
2003-12-16,10,-0.04606675281588898
2003-12-17,10,-0.07507137479600359
2003-12-18,10,-0.05363908937860492
2003-12-19,10,-0.029481332830219135
2003-12-22,10,-0.058941305889747844
2003-12-23,10,-0.06746997085091891
2003-12-24,10,-0.05933413363932391
2003-12-26,10,-0.057488689083410455
2003-12-29,10,-0.07487895859698793
2003-12-30,10,-0.07018707407660188
2003-12-31,10,-0.06847622362894379
2004-01-02,10,-0.0666646087739229
2004-01-05,10,-0.05313843150010294
2004-01-06,10,-0.03996098963732454
2004-01-07,10,-0.015999575003833186
2004-01-08,10,-0.04226495293747684
2004-01-09,10,-0.027505807846286826
2004-01-12,10,-0.05939848817576955
2004-01-13,10,-0.054046270227430665
2004-01-14,10,-0.09704104770626204
2004-01-15,10,-0.058427696989403595
2004-01-16,10,-0.08218634860374852
2004-01-20,10,-0.13281629835919698
2004-01-21,10,-0.15772673554630043
2004-01-22,10,-0.13875884414326628
2004-01-23,10,-0.08381681314305219
2004-01-26,10,-0.06346458456101985
2004-01-27,10,-0.037395201805074246
2004-01-28,10,-0.004500748279522711
2004-01-29,10,0.03004189179281898
2004-01-30,10,0.012924630934645376
2004-02-02,10,0.033884259448452844
2004-02-03,10,-0.0033401083880751654
2004-02-04,10,0.00017800569434844572
2004-02-05,10,0.036839278421171594
2004-02-06,10,-0.0014308884496277198
2004-02-09,10,-0.04917568903854394
2004-02-10,10,-0.02268121492385603
2004-02-11,10,-0.03601544993340706
2004-02-12,10,-0.03275768378537141
2004-02-13,10,0.010239098129169314
2004-02-17,10,-0.043492077205549255
2004-02-18,10,-0.040923579831110585
2004-02-19,10,0.0072991429746540205
2004-02-20,10,0.011156089539854802
2004-02-23,10,-0.005143884647287644
2004-02-24,10,0.009182827090976316
2004-02-25,10,-0.03571023497620667
2004-02-26,10,-0.027058275037499066
2004-02-27,10,-0.04622851764183206
2004-03-01,10,-0.07040247996291943
2004-03-02,10,-0.06215936219211967
2004-03-03,10,-0.04858041627565753
2004-03-04,10,-0.05088087370063403
2004-03-05,10,-0.046371520866386795
2004-03-08,10,-0.08495496552172492
2004-03-09,10,-0.04568072749600292
2004-03-10,10,-0.008543402141356194
2004-03-11,10,0.002865154436151812
2004-03-12,10,-0.005719409206086477
2004-03-15,10,-0.001238817093675434
2004-03-16,10,0.01896050593517494
2004-03-17,10,0.0627806087603913
2004-03-18,10,0.012621088409575255
2004-03-19,10,-0.002260068814640912
2004-03-22,10,-0.020600740140354193
2004-03-23,10,-0.02298951184271614
2004-03-24,10,-0.007017720586187046
2004-03-25,10,0.003490031630645102
2004-03-26,10,0.007780605858143248
2004-03-29,10,-0.015112018115958912
2004-03-30,10,-0.048869692030042856
2004-03-31,10,-0.07413005292507797
2004-04-01,10,-0.027030267570940337
2004-04-02,10,-0.0027002121585375425
2004-04-05,10,-0.013993336706005865
2004-04-06,10,-0.012139982519713556
2004-04-07,10,-0.014914927722692168
2004-04-08,10,0.004420585565213206
2004-04-12,10,-1.561734749785118e-05
2004-04-13,10,0.02817057475638544
2004-04-14,10,0.05710131567694816
2004-04-15,10,0.09440877764512044
2004-04-16,10,0.08701110089656879
2004-04-19,10,0.10069352929112192
2004-04-20,10,0.08564727816389504
2004-04-21,10,0.10855250558094547
2004-04-22,10,0.13577940809796488
2004-04-23,10,0.1141846773590056
2004-04-26,10,0.07682431104325685
2004-04-27,10,0.04975651814282563
2004-04-28,10,0.10606853669558586
2004-04-29,10,0.09469198792947309
2004-04-30,10,0.062099218655445085
2004-05-03,10,0.03121858978069691
2004-05-04,10,0.0831650079358754
2004-05-05,10,0.05742008899725309
2004-05-06,10,0.057124403454217175
2004-05-07,10,0.03473441453460511
2004-05-10,10,-0.018617067560852206
2004-05-11,10,-0.0011869945844082536
2004-05-12,10,-0.0617603481904931
2004-05-13,10,-0.08996046143430528
2004-05-14,10,-0.12152173397988986
2004-05-17,10,-0.12967491170547585
2004-05-18,10,-0.07960054740293228
2004-05-19,10,-0.06248523411138231
2004-05-20,10,-0.1021489308555351
2004-05-21,10,-0.14088381557411594
2004-05-24,10,-0.1137931464102807
2004-05-25,10,-0.062303129818197474
2004-05-26,10,0.008794877429851751
2004-05-27,10,0.06613364483300173
2004-05-28,10,0.06930604983768897
2004-06-01,10,0.046240131603524644
2004-06-02,10,0.05891536721460335
2004-06-03,10,0.05957419157422829
2004-06-04,10,0.04767302431409122
2004-06-07,10,0.039789501550811776
2004-06-08,10,0.04604979200593662
2004-06-09,10,0.024442098624574474
2004-06-10,10,0.03454157442528739
2004-06-14,10,0.0011744470558688574
2004-06-15,10,0.017497110292847482
2004-06-16,10,-0.0024134351806965903
2004-06-17,10,0.029504788928797453
2004-06-18,10,0.018741589663767235
2004-06-21,10,0.05753699784986818
2004-06-22,10,0.062266529095383265
2004-06-23,10,0.047644271727167446
2004-06-24,10,0.051577247759600556
2004-06-25,10,0.043833030813527976
2004-06-28,10,0.039480276492776224
2004-06-29,10,0.06554513620917118
2004-06-30,10,0.08815805921656028
2004-07-01,10,0.12055677039985771
2004-07-02,10,0.12043948746155973
2004-07-06,10,0.08332343375136002
2004-07-07,10,0.06650063702150798
2004-07-08,10,0.04595276675843487
2004-07-09,10,0.0942458103103532
2004-07-12,10,0.08236875743667842
2004-07-13,10,0.06410438604461803
2004-07-14,10,0.06768280189115415
2004-07-15,10,0.08039902546396235
2004-07-16,10,0.02082343127284241
2004-07-19,10,0.0287863146026168
2004-07-20,10,0.07264531143396386
2004-07-21,10,0.06638817450367826
2004-07-22,10,0.08132135874195448
2004-07-23,10,0.036445824833844634
2004-07-26,10,0.07373558757937847
2004-07-27,10,0.037545600609190946
2004-07-28,10,0.0034176145791871217
2004-07-29,10,0.0188527863339192
2004-07-30,10,0.03904198430163737
2004-08-02,10,0.020375110332033784
2004-08-03,10,0.012610240427535307
2004-08-04,10,-0.011976958029963045
2004-08-05,10,0.013121850946485804
2004-08-06,10,0.013019550666517162
2004-08-09,10,-0.04605704953161315
2004-08-10,10,-0.05355321237311648
2004-08-11,10,-0.09261305426489409
2004-08-12,10,-0.10018952948798901
2004-08-13,10,-0.12739616555164737
2004-08-16,10,-0.11757382069522565
2004-08-17,10,-0.043976870659212595
2004-08-18,10,-0.020704104715140743
2004-08-19,10,-0.06007387102331962
2004-08-20,10,-0.021386715998763555
2004-08-23,10,0.022246906959361674
2004-08-24,10,0.042187489297977214
2004-08-25,10,0.01830484668031833
2004-08-26,10,-0.03114552933029253
2004-08-27,10,-0.061976182958448284
2004-08-30,10,-0.0859503957853541
2004-08-31,10,-0.06848289196168342
2004-09-01,10,-0.07081842477746103
2004-09-02,10,-0.07182990800793401
2004-09-03,10,-0.09349177589938269
2004-09-07,10,-0.0832739942172989
2004-09-08,10,-0.048910529980673724
2004-09-09,10,-0.01346316735516324
2004-09-10,10,0.06043396319476328
2004-09-13,10,0.13820823338566113
2004-09-14,10,0.1490979954822413
2004-09-15,10,0.12465815400028803
2004-09-16,10,0.12358254679970176
2004-09-17,10,0.0779945661042622
2004-09-20,10,0.052388135494648325
2004-09-21,10,0.019695558894276
2004-09-22,10,-0.0057278896235549315
2004-09-23,10,-0.00033154956014686324
2004-09-24,10,0.01071497674572241
2004-09-27,10,-0.03640615190723659
2004-09-28,10,-0.009999524083029928
2004-09-29,10,-0.024829760863411682
2004-09-30,10,0.023183720251541758
2004-10-01,10,0.07067254201227798
2004-10-04,10,0.11810953272831062
2004-10-05,10,0.12792891501285453
2004-10-06,10,0.11298023525589508
2004-10-07,10,0.10250483610783652
2004-10-08,10,0.08150926287843432
2004-10-11,10,0.09406774237305335
2004-10-12,10,0.09580568174683582
2004-10-13,10,0.0863259660302128
2004-10-14,10,0.03385152066604387
2004-10-15,10,0.017348619802616396
2004-10-18,10,-0.007848985621036792
2004-10-19,10,-0.03798842007356636
2004-10-20,10,-0.04318045420546232
2004-10-21,10,-0.030273477961188483
2004-10-22,10,-0.050887535453524646
2004-10-25,10,-0.08639783900165282
2004-10-26,10,-0.09796927777987376
2004-10-27,10,-0.06965480748754237
2004-10-28,10,-0.07649768656357367
2004-10-29,10,-0.045966143971821964
2004-11-01,10,-0.05207784513513356
2004-11-02,10,-0.07748352667214495
2004-11-03,10,-0.10292666461811914
2004-11-04,10,-0.10145394544283069
2004-11-05,10,-0.10819703276050119
2004-11-08,10,-0.09211940392411762
2004-11-09,10,-0.044814729035347084
2004-11-10,10,-0.04657582731468127
2004-11-11,10,-0.0489037567086149
2004-11-12,10,-0.03155726503809205
2004-11-15,10,-0.022678066928852183
2004-11-16,10,0.009260994518122803
2004-11-17,10,0.0029249322260490405
2004-11-18,10,0.04575342843353936
2004-11-19,10,0.09275892963882851
2004-11-22,10,0.027757141962855086
2004-11-23,10,0.019659992502849274
2004-11-24,10,-0.01975558847386302
2004-11-26,10,-0.03356861552355954
2004-11-29,10,-0.029624331053248854
2004-11-30,10,-0.056229522162043265
2004-12-01,10,-0.031935193168832955
2004-12-02,10,-0.022788714917964276
2004-12-03,10,-0.019751243641006538
2004-12-06,10,-0.04615419483611643
2004-12-07,10,-0.013449975357697317
2004-12-08,10,-0.04252582248868857
2004-12-09,10,-0.01790345744690822
2004-12-10,10,-0.046504181297208645
2004-12-13,10,-0.01883025798816245
2004-12-14,10,-0.01880849270447642
2004-12-15,10,-0.06278016522492462
2004-12-16,10,-0.056490766827146315
2004-12-17,10,-0.10646796689958707
2004-12-20,10,-0.14204332904739858
2004-12-21,10,-0.16094741041111735
2004-12-22,10,-0.15501940628918684
2004-12-23,10,-0.14060123644593356
2004-12-27,10,-0.11274823625472269
2004-12-28,10,-0.14043425784841038
2004-12-29,10,-0.13316352182678526
2004-12-30,10,-0.10887424335639093
2004-12-31,10,-0.08789075540129022
2005-01-03,10,-0.028791458036392045
2005-01-04,10,0.01146464924999533
2005-01-05,10,0.01537910231847045
2005-01-06,10,0.008719573209508455
2005-01-07,10,0.019125946704995594
2005-01-10,10,0.014172927710817964
2005-01-11,10,0.022611286458031937
2005-01-12,10,0.06413966580113324
2005-01-13,10,0.053329924091721055
2005-01-14,10,0.05184093297159336
2005-01-18,10,0.043267492458862085
2005-01-19,10,0.04179232706708216
2005-01-20,10,0.09036125874325834
2005-01-21,10,0.09972898360020761
2005-01-24,10,0.05450652241775657
2005-01-25,10,0.04043321429100919
2005-01-26,10,0.07015322977766936
2005-01-27,10,0.0703657217992503
2005-01-28,10,0.009565718768639438
2005-01-31,10,0.004245696978681102
2005-02-01,10,0.01942369206823453
2005-02-02,10,0.05184122476317855
2005-02-03,10,0.008702477967710174
2005-02-04,10,-0.013302348332265103
2005-02-07,10,-0.03187315470935927
2005-02-08,10,-0.01639711223279125
2005-02-09,10,0.0071756214723953235
2005-02-10,10,0.05475079333695809
2005-02-11,10,0.06786870140788694
2005-02-14,10,0.035931816846264425
2005-02-15,10,0.08233652347151327
2005-02-16,10,0.06678890271659763
2005-02-17,10,0.0749358296859819
2005-02-18,10,0.07312424484601898
2005-02-22,10,0.06231904346432209
2005-02-23,10,0.054132653729467614
2005-02-24,10,0.003999735147197277
2005-02-25,10,-0.0060181885249420055
2005-02-28,10,-0.02575171724797595
2005-03-01,10,0.0062111252534539415
2005-03-02,10,-0.021548271676671282
2005-03-03,10,0.00953631603260383
2005-03-04,10,-0.02156022568669382
2005-03-07,10,-0.015038961023152345
2005-03-08,10,0.008616331950277344
2005-03-09,10,0.009424426438538696
2005-03-10,10,0.0237082037101119
2005-03-11,10,0.016402744489977975
2005-03-14,10,0.013669015657111806
2005-03-15,10,-0.0004227530241838146
2005-03-16,10,0.04027917604068182
2005-03-17,10,0.05377445879650595
2005-03-18,10,0.06978674589941318
2005-03-21,10,0.07058869001451418
2005-03-22,10,0.06890371612568279
2005-03-23,10,0.07555729342154008
2005-03-24,10,0.0831275923165263
2005-03-28,10,0.08411497591039199
2005-03-29,10,0.08175179756688007
2005-03-30,10,0.0848015146919248
2005-03-31,10,0.049213853519258034
2005-04-01,10,-0.02218588702656133
2005-04-04,10,-0.04456510373576351
2005-04-05,10,-0.018305514865750078
2005-04-06,10,-0.03617262779959604
2005-04-07,10,-0.02054450611011607
2005-04-08,10,-0.02184645193331169
2005-04-11,10,-0.006918398418808986
2005-04-12,10,0.003770298827500644
2005-04-13,10,0.04204637920264639
2005-04-14,10,0.07672465134687498
2005-04-15,10,0.07451697762184151
2005-04-18,10,0.09685063897042522
2005-04-19,10,0.06862606381854167
2005-04-20,10,0.06813204019229667
2005-04-21,10,0.08585582500120664
2005-04-22,10,0.0849911346717022
2005-04-25,10,0.08378822765214076
2005-04-26,10,0.05867481763434017
2005-04-27,10,0.05371716420737815
2005-04-28,10,0.030798596008429845
2005-04-29,10,0.01933594323177433
2005-05-02,10,0.009871154672560006
2005-05-03,10,0.00979918840203708
2005-05-04,10,-0.011951185930191715
2005-05-05,10,-0.034909385256164736
2005-05-06,10,-0.033923770396204374
2005-05-09,10,-0.006539250705020518
2005-05-10,10,-0.0259636764399445
2005-05-11,10,-0.057319445697468545
2005-05-12,10,-0.10073007562808123
2005-05-13,10,-0.13365321631918659
2005-05-16,10,-0.12350468405733765
2005-05-17,10,-0.14937649696216015
2005-05-18,10,-0.11079817591404448
2005-05-19,10,-0.07821837904916712
2005-05-20,10,-0.043781793308018034
2005-05-23,10,-0.07273343439922082
2005-05-24,10,-0.09522737832641082
2005-05-25,10,-0.08953460135088363
2005-05-26,10,-0.08544603877868821
2005-05-27,10,-0.06488313575793005
2005-05-31,10,-0.0943292334948899
2005-06-01,10,-0.050459566510140996
2005-06-02,10,-0.04170275794247781
2005-06-03,10,-0.06726649102893827
2005-06-06,10,-0.06140557842700532
2005-06-07,10,-0.046666733306699126
2005-06-08,10,-0.036635304254727094
2005-06-09,10,-0.045904698591189605
2005-06-10,10,-0.03309588599343875
2005-06-13,10,-0.009380299001645779
2005-06-14,10,-0.0023074363504296705
2005-06-15,10,0.023263408542133816
2005-06-16,10,0.017371627894840834
2005-06-17,10,0.04506796379309463
2005-06-20,10,0.08644593797879455
2005-06-21,10,0.06713984694631302
2005-06-22,10,0.10173334700594072
2005-06-23,10,0.09698132893438569
2005-06-24,10,0.10147814512335633
2005-06-27,10,0.06318910063776284
2005-06-28,10,0.03660490788248243
2005-06-29,10,-0.014389132828366158
2005-06-30,10,-0.005692248463692181
2005-07-01,10,0.005885208577400905
2005-07-05,10,-0.023790970376082236
2005-07-06,10,-0.03714230180432714
2005-07-07,10,-0.09607331913171765
2005-07-08,10,-0.07993347050241874
2005-07-11,10,-0.10121549735610674
2005-07-12,10,-0.08733408871569712
2005-07-13,10,-0.03965309064610148
2005-07-14,10,0.031248461360996436
2005-07-15,10,0.009383355130713455
2005-07-18,10,0.013355958160769862
2005-07-19,10,-0.003650401876848318
2005-07-20,10,-0.009642070381795573
2005-07-21,10,-0.0028321396817729207
2005-07-22,10,-0.06118270605358346
2005-07-25,10,-0.05820994455468891
2005-07-26,10,-0.04032863225176164
2005-07-27,10,-0.05161876978369007
2005-07-28,10,-0.06541225530448395
2005-07-29,10,-0.07661583133705349
2005-08-01,10,-0.06659199487432985
2005-08-02,10,-0.12968738643651107
2005-08-03,10,-0.10406249246109599
2005-08-04,10,-0.08564438709029058
2005-08-05,10,-0.040123579492846805
2005-08-08,10,0.006891254125729849
2005-08-09,10,-0.00928728901748264
2005-08-10,10,-0.03872574512659905
2005-08-11,10,-0.03702556441713749
2005-08-12,10,-0.049946825399503125
2005-08-15,10,-0.028485443022585398
2005-08-16,10,0.04756602719204562
2005-08-17,10,0.10433100063150427
2005-08-18,10,0.11379017925706028
2005-08-19,10,0.11232146042520556
2005-08-22,10,0.10163822017312032
2005-08-23,10,0.10482688479622213
2005-08-24,10,0.11876688356860847
2005-08-25,10,0.1315173724510821
2005-08-26,10,0.13974505446480112
2005-08-29,10,0.16770790071627178
2005-08-30,10,0.1421806294057931
2005-08-31,10,0.08603594700222794
2005-09-01,10,0.05820999091806675
2005-09-02,10,0.10802378051148495
2005-09-06,10,0.0767458991501453
2005-09-07,10,0.0766617775574939
2005-09-08,10,0.07414622431939877
2005-09-09,10,0.05451124070679688
2005-09-12,10,0.07577037487886784
2005-09-13,10,0.0866297601160925
2005-09-14,10,0.089440366813561
2005-09-15,10,0.1232786736018061
2005-09-16,10,0.1321457293183798
2005-09-19,10,0.13948431694077115
2005-09-20,10,0.1200024338501213
2005-09-21,10,0.02198933024940954
2005-09-22,10,-0.02544411744998687
2005-09-23,10,0.02543744183054242
2005-09-26,10,-0.00634368990155848
2005-09-27,10,-0.015067759830337006
2005-09-28,10,-0.05578569664072408
2005-09-29,10,-0.0830522760562792
2005-09-30,10,-0.06001604339066172
2005-10-03,10,-0.06803674988537828
2005-10-04,10,-0.07070941047593364
2005-10-05,10,-0.03880659452259439
2005-10-06,10,0.0015157619525755601
2005-10-07,10,0.013016972651155987
2005-10-10,10,0.030728695351433015
2005-10-11,10,0.025912972672383735
2005-10-12,10,0.034888272749187856
2005-10-13,10,0.08994660990821876
2005-10-14,10,0.06852262458899795
2005-10-17,10,0.056525232448139215
2005-10-18,10,0.06660446461372482
2005-10-19,10,0.04243696408396479
2005-10-20,10,0.039371009923308206
2005-10-21,10,-0.0025442496374089513
2005-10-24,10,-0.026080413878299787
2005-10-25,10,-0.0020317459834209724
2005-10-26,10,0.0021498865317375907
2005-10-27,10,-0.02865835345156133
2005-10-28,10,-0.013142997822981565
2005-10-31,10,-0.0011145862343538893
2005-11-01,10,-0.006414821237277917
2005-11-02,10,0.02079601776248354
2005-11-03,10,0.06074546428108435
2005-11-04,10,0.06933243715103761
2005-11-07,10,0.08460843238291181
2005-11-08,10,0.04882714611123705
2005-11-09,10,-0.013797580882071577
2005-11-10,10,-0.015451396570454972
2005-11-11,10,-0.03425782502268479
2005-11-14,10,-0.011460625107126384
2005-11-15,10,-0.021435650369041114
2005-11-16,10,-0.042181502713044945
2005-11-17,10,-0.050531449059380965
2005-11-18,10,-0.04414723965264898
2005-11-21,10,-0.04324489384775616
2005-11-22,10,-0.03844651342504855
2005-11-23,10,0.0035211804032986675
2005-11-25,10,-0.03216988554759639
2005-11-28,10,-0.04347293806986555
2005-11-29,10,-0.04771769641362072
2005-11-30,10,-0.0930072771628335
2005-12-01,10,-0.09167523573138411
2005-12-02,10,-0.04836616717271972
2005-12-05,10,-0.06691160980377937
2005-12-06,10,-0.05717020867613809
2005-12-07,10,-0.010606348395922088
2005-12-08,10,-0.00589011061725499
2005-12-09,10,0.015438810221431296
2005-12-12,10,-0.025876095442460667
2005-12-13,10,0.0069634307420819155
2005-12-14,10,0.02818611266369454
2005-12-15,10,-0.00695735705240664
2005-12-16,10,0.016053155850564063
2005-12-19,10,0.055594049339808674
2005-12-20,10,0.03670945586760891
2005-12-21,10,0.03783429499388033
2005-12-22,10,0.0022448923692734123
2005-12-23,10,0.01309278685568943
2005-12-27,10,0.0024443610031355477
2005-12-28,10,-0.029287620187455322
2005-12-29,10,-0.04119137665436727
2005-12-30,10,-0.0010452850144909152
2006-01-03,10,-0.0022493544057340152
2006-01-04,10,0.009719913814353307
2006-01-05,10,-0.008420087747014514
2006-01-06,10,-0.0064995696121075966
2006-01-09,10,0.029622506498479716
2006-01-10,10,0.02793554055461948
2006-01-11,10,0.05004366857788365
2006-01-12,10,0.10112992914924131
2006-01-13,10,0.13869612234289594
2006-01-17,10,0.11185629013693564
2006-01-18,10,0.11059401181776576
2006-01-19,10,0.07103884159330358
2006-01-20,10,0.09483981847363196
2006-01-23,10,0.11560610294908547
2006-01-24,10,0.041975090167189415
2006-01-25,10,0.04306321815419288
2006-01-26,10,0.012234808844089173
2006-01-27,10,-0.02904149289821091
2006-01-30,10,-0.09000384204119417
2006-01-31,10,-0.09865038621405653
2006-02-01,10,-0.08865273821513335
2006-02-02,10,-0.05368889368924612
2006-02-03,10,-0.06397675970146688
2006-02-06,10,-0.09029794694484772
2006-02-07,10,-0.02201784940897573
2006-02-08,10,-0.000689286665362818
2006-02-09,10,0.02305770160304226
2006-02-10,10,0.031922264542049265
2006-02-13,10,0.03455403007131425
2006-02-14,10,0.09992155521549548
2006-02-15,10,0.09214676344556173
2006-02-16,10,0.10647945717365681
2006-02-17,10,0.09172352376222605
2006-02-21,10,0.03203052717907999
2006-02-22,10,0.00230110386748387
2006-02-23,10,-0.0037475352204474717
2006-02-24,10,-0.0035430427786908017
2006-02-27,10,0.01654244999109448
2006-02-28,10,0.05034927961411713
2006-03-01,10,0.04142156852772932
2006-03-02,10,0.014013594529891062
2006-03-03,10,-0.004484633119619612
2006-03-06,10,0.01903088996550266
2006-03-07,10,0.07661707127196665
2006-03-08,10,0.11113180609758748
2006-03-09,10,0.07220157475114666
2006-03-10,10,0.0655404322112605
2006-03-13,10,0.08779325623825637
2006-03-14,10,0.0977747470721202
2006-03-15,10,0.09485700063161437
2006-03-16,10,0.10076281794616412
2006-03-17,10,0.0997103904481472
2006-03-20,10,0.09689859346945905
2006-03-21,10,0.09755680859517277
2006-03-22,10,0.10946377899311587
2006-03-23,10,0.14533931017004031
2006-03-24,10,0.12103855869077289
2006-03-27,10,0.059985708562829095
2006-03-28,10,0.018133134139430247
2006-03-29,10,0.03311359940473362
2006-03-30,10,0.06813308252212152
2006-03-31,10,0.03260854704511161
2006-04-03,10,0.07350070260914289
2006-04-04,10,0.06497644584249417
2006-04-05,10,0.03428405187954675
2006-04-06,10,0.039541171156813076
2006-04-07,10,0.05946287847085988
2006-04-10,10,0.07988458779445312
2006-04-11,10,0.0999334335874867
2006-04-12,10,0.02012979095441424
2006-04-13,10,0.004867354609010375
2006-04-17,10,0.029672560081196696
2006-04-18,10,0.016812924702367022
2006-04-19,10,0.009689376762765047
2006-04-20,10,0.06058679679177082
2006-04-21,10,0.03429714475348208
2006-04-24,10,0.008737406131643725
2006-04-25,10,0.031043519118238064
2006-04-26,10,0.06858726363145165
2006-04-27,10,0.07120410097137304
2006-04-28,10,0.04730847402251785
2006-05-01,10,-0.04033075091170372
2006-05-02,10,-0.06630497019829609
2006-05-03,10,-0.08115849540081302
2006-05-04,10,-0.16633088990274064
2006-05-05,10,-0.1558225776936332
2006-05-08,10,-0.18121808947354268
2006-05-09,10,-0.18730525763542147
2006-05-10,10,-0.21971715180327137
2006-05-11,10,-0.1706290779615352
2006-05-12,10,-0.09499815428875898
2006-05-15,10,-0.053650433885167534
2006-05-16,10,-0.03908877763256565
2006-05-17,10,0.002394845869029328
2006-05-18,10,0.05429936562808358
2006-05-19,10,0.05861644640661496
2006-05-22,10,0.08207465981658245
2006-05-23,10,0.03148239224961772
2006-05-24,10,0.026934518590624613
2006-05-25,10,-0.01845901027462325
2006-05-26,10,-0.05420256091656632
2006-05-30,10,-0.04568392162092115
2006-05-31,10,-0.07952341466871507
2006-06-01,10,-0.08833356245378972
2006-06-02,10,-0.08835430864152595
2006-06-05,10,-0.07008682686686986
2006-06-06,10,-0.04613399530220516
2006-06-07,10,-0.017210231979497878
2006-06-08,10,0.019123228513934255
2006-06-09,10,0.027037001027584686
2006-06-12,10,0.002881913778078317
2006-06-13,10,0.015449187490295103
2006-06-14,10,0.027399462510740512
2006-06-15,10,0.05443136570928792
2006-06-16,10,0.04443303813432329
2006-06-19,10,0.02371090863033073
2006-06-20,10,0.0037209354002158026
2006-06-21,10,0.02984590193767073
2006-06-22,10,0.030497660863118465
2006-06-23,10,0.058974910609545135
2006-06-26,10,0.07727532899417414
2006-06-27,10,0.07396704852652033
2006-06-28,10,0.09346857236911882
2006-06-29,10,0.0683543438155174
2006-06-30,10,0.09164586818535186
2006-07-03,10,0.08163664376579254
2006-07-05,10,0.07009727333124872
2006-07-06,10,0.06068932501638942
2006-07-07,10,0.043893334191694944
2006-07-10,10,0.04463644237838156
2006-07-11,10,0.04254061424523457
2006-07-12,10,-0.01965239357163245
2006-07-13,10,0.015347949867771535
2006-07-14,10,-0.006935781043961109
2006-07-17,10,-0.03428636237782598
2006-07-18,10,-0.03798200956335375
2006-07-19,10,-0.01788510031476151
2006-07-20,10,-0.05621574121052274
2006-07-21,10,-0.09313750523093833
2006-07-24,10,-0.05541477319294173
2006-07-25,10,-0.017007442851470416
2006-07-26,10,0.04525195903852441
2006-07-27,10,0.0012191311080286251
2006-07-28,10,0.040283013162489126
2006-07-31,10,0.06100362466240868
2006-08-01,10,0.006816950978414558
2006-08-02,10,-0.028604977569769156
2006-08-03,10,-0.05346189373399022
2006-08-04,10,-0.04654468895296255
2006-08-07,10,-0.03323806366899789
2006-08-08,10,-0.055442036373681336
2006-08-09,10,-0.0816168115829508
2006-08-10,10,-0.07403140664038989
2006-08-11,10,-0.09887168787218623
2006-08-14,10,-0.1121915730124758
2006-08-15,10,-0.11142789251451427
2006-08-16,10,-0.08487397748371588
2006-08-17,10,-0.05178374736511025
2006-08-18,10,-0.055359193318246895
2006-08-21,10,-0.09984247403991683
2006-08-22,10,-0.07205355404617263
2006-08-23,10,-0.0495715393365157
2006-08-24,10,-0.05877135316754219
2006-08-25,10,-0.048066468298779225
2006-08-28,10,-0.0959585125274946
2006-08-29,10,-0.10825172940275421
2006-08-30,10,-0.07963326673274614
2006-08-31,10,-0.08674454392089774
2006-09-01,10,-0.09062689321718695
2006-09-05,10,-0.07583221607046599
2006-09-06,10,-0.09000095283543143
2006-09-07,10,-0.11236137054815512
2006-09-08,10,-0.10357155882688786
2006-09-11,10,-0.07162544921944655
2006-09-12,10,-0.033843371382944555
2006-09-13,10,0.0008327535771879845
2006-09-14,10,-0.007636882431049715
2006-09-15,10,0.0021171777178917942
2006-09-18,10,0.014336820025593175
2006-09-19,10,0.01097765898536341
2006-09-20,10,-0.024788156170246444
2006-09-21,10,-0.06466792648307122
2006-09-22,10,-0.08343283985778754
2006-09-25,10,-0.10453579910979348
2006-09-26,10,-0.08597919826207467
2006-09-27,10,-0.059933348498130486
2006-09-28,10,-0.10058731327504117
2006-09-29,10,-0.10351443571952411
2006-10-02,10,-0.17418064661012128
2006-10-03,10,-0.19873913158746762
2006-10-04,10,-0.1744247961997116
2006-10-05,10,-0.13158663680007926
2006-10-06,10,-0.08988749084934283
2006-10-09,10,-0.04940558463625391
2006-10-10,10,-0.06176929675427581
2006-10-11,10,-0.08431036001236435
2006-10-12,10,-0.07500989065579276
2006-10-13,10,-0.0884958507284359
2006-10-16,10,-0.06068923860994688
2006-10-17,10,-0.059224222560542564
2006-10-18,10,-0.06342844831459973
2006-10-19,10,-0.03854767153927211
2006-10-20,10,-0.05510765169097364
2006-10-23,10,-0.042974194582582274
2006-10-24,10,-0.0020874561241376608
2006-10-25,10,0.003970534080185957
2006-10-26,10,-0.02399208720701848
2006-10-27,10,0.04495502305893282
2006-10-30,10,0.032206465032727956
2006-10-31,10,0.044732481405152826
2006-11-01,10,0.036918787065524324
2006-11-02,10,0.012548858908684669
2006-11-03,10,0.029580900686190462
2006-11-06,10,0.017965524780972544
2006-11-07,10,0.011316868737144289
2006-11-08,10,-0.011916042377077407
2006-11-09,10,-0.01909273156161029
2006-11-10,10,-0.025940941691656342
2006-11-13,10,-0.03011613794670313
2006-11-14,10,-0.028612053287038513
2006-11-15,10,-0.026472963523700634
2006-11-16,10,-0.049778029676526836
2006-11-17,10,-0.004455196154981745
2006-11-20,10,-0.012391958371086987
2006-11-21,10,0.004285317604621908
2006-11-22,10,0.016569096556152147
2006-11-24,10,0.029807228696377554
2006-11-27,10,0.05468460294258416
2006-11-28,10,0.025698654883073668
2006-11-29,10,0.01972436213855069
2006-11-30,10,-0.00724826233039519
2006-12-01,10,0.004918386138430565
2006-12-04,10,-0.06949574057610847
2006-12-05,10,-0.06653107438417971
2006-12-06,10,-0.062150139678435336
2006-12-07,10,-0.061579438711562406
2006-12-08,10,-0.07617253584542164
2006-12-11,10,-0.07589425682769978
2006-12-12,10,-0.03970241613410982
2006-12-13,10,-0.05245631962795155
2006-12-14,10,-0.07974801535272849
2006-12-15,10,-0.0691759675576426
2006-12-18,10,-0.05232247684420452
2006-12-19,10,-0.09013695999044943
2006-12-20,10,-0.04849368351216034
2006-12-21,10,-0.021581601257063137
2006-12-22,10,-0.003517932643610424
2006-12-26,10,-0.03843681645076304
2006-12-27,10,-0.061156365869541124
2006-12-28,10,-0.05895113007924565
2006-12-29,10,-0.033135243807777284
2007-01-03,10,-0.017060542488076955
2007-01-04,10,0.018138087460867112
2007-01-05,10,0.04626733455481938
2007-01-08,10,0.0009625130726994405
2007-01-09,10,-0.0025808689904065134
2007-01-10,10,-0.047315283387624966
2007-01-11,10,-0.04874862723833094
2007-01-12,10,-0.0041876689468340065
2007-01-16,10,-0.04595969204735984
2007-01-17,10,-0.03737267064292763
2007-01-18,10,-0.03004631597919221
2007-01-19,10,-0.004383987506834599
2007-01-22,10,0.015081654645416125
2007-01-23,10,0.012856149096549535
2007-01-24,10,0.024403019077958478
2007-01-25,10,0.03528818348174208
2007-01-26,10,0.029519781389500874
2007-01-29,10,-0.014359164922787897
2007-01-30,10,0.004835497131245791
2007-01-31,10,0.0068595387620708215
2007-02-01,10,0.01947455468492388
2007-02-02,10,0.017076085624945763
2007-02-05,10,-0.02093900197710755
2007-02-06,10,-0.0006229767343760835
2007-02-07,10,-0.018608790619587173
2007-02-08,10,-0.010721491832305646
2007-02-09,10,0.00921308829886288
2007-02-12,10,-0.03034403270159522
2007-02-13,10,-0.030511072557942456
2007-02-14,10,-0.04141191267220861
2007-02-15,10,-0.05509237313348404
2007-02-16,10,-0.041497411302216576
2007-02-20,10,-0.01252189060633755
2007-02-21,10,0.016368323830452253
2007-02-22,10,0.09952303249445
2007-02-23,10,0.10770519492706877
2007-02-26,10,0.1328355188472961
2007-02-27,10,0.1862590848776822
2007-02-28,10,0.16025747999921164
2007-03-01,10,0.16885714119961237
2007-03-02,10,0.15647277461226905
2007-03-05,10,0.11801080364946297
2007-03-06,10,0.13782857203205437
2007-03-07,10,0.07657721443865041
2007-03-08,10,0.05502903804067931
2007-03-09,10,0.05798320756209256
2007-03-12,10,0.02301364670773247
2007-03-13,10,-0.008837171610782398
2007-03-14,10,0.0018447998681762428
2007-03-15,10,0.014647587864800162
2007-03-16,10,0.0006468490666231093
2007-03-19,10,0.013091185903188484
2007-03-20,10,0.0256210135557475
2007-03-21,10,0.08083702242279898
2007-03-22,10,0.057479844776422345
2007-03-23,10,0.08967887585188367
2007-03-26,10,0.06215340171658079
2007-03-27,10,0.06631429539763087
2007-03-28,10,0.06875482383171626
2007-03-29,10,0.04775664426305173
2007-03-30,10,0.043437354605047995
2007-04-02,10,0.005584229728886275
2007-04-03,10,-0.007855218857812202
2007-04-04,10,-0.03653605420113653
2007-04-05,10,-0.03340958116601038
2007-04-09,10,0.015420784911618073
2007-04-10,10,-0.010243233714987388
2007-04-11,10,0.007119176047664521
2007-04-12,10,0.042137247701618266
2007-04-13,10,0.06216970405757605
2007-04-16,10,0.036032843848208096
2007-04-17,10,0.034003920470227385
2007-04-18,10,0.07164129832886566
2007-04-19,10,0.07562366669435137
2007-04-20,10,0.08458568676816018
2007-04-23,10,0.0320507792988551
2007-04-24,10,0.0456571467653381
2007-04-25,10,0.053898014210651206
2007-04-26,10,0.041588022611267345
2007-04-27,10,0.046193609626874646
2007-04-30,10,0.05555909984485052
2007-05-01,10,0.0835689895930919
2007-05-02,10,0.10440258549669737
2007-05-03,10,0.11586732458000358
2007-05-04,10,0.11807169345395034
2007-05-07,10,0.1111491527581173
2007-05-08,10,0.08943038557167866
2007-05-09,10,0.061768045360607815
2007-05-10,10,0.04183755763755245
2007-05-11,10,0.062096167934474096
2007-05-14,10,0.054174720053160604
2007-05-15,10,0.06425829232466583
2007-05-16,10,0.04901142653541769
2007-05-17,10,0.012016219529562349
2007-05-18,10,0.04703639187347285
2007-05-21,10,0.05463259149916369
2007-05-22,10,0.08836882263363006
2007-05-23,10,0.06604127759489312
2007-05-24,10,0.080900195547839
2007-05-25,10,0.10495216089100116
2007-05-29,10,0.08663983674267382
2007-05-30,10,0.0885540383165511
2007-05-31,10,0.14128399858422677
2007-06-01,10,0.13603484912384425
2007-06-04,10,0.10821861289967284
2007-06-05,10,0.1027540183100518
2007-06-06,10,0.07261420380157724
2007-06-07,10,0.12455586742763085
2007-06-08,10,0.10558836910008185
2007-06-11,10,0.07629135189536031
2007-06-12,10,0.07539644086335628
2007-06-13,10,0.010087844940086797
2007-06-14,10,0.004988634509235438
2007-06-15,10,0.01534521988383491
2007-06-18,10,0.0635952386989586
2007-06-19,10,0.056807398897669135
2007-06-20,10,0.11629449281730844
2007-06-21,10,0.10163711820015207
2007-06-22,10,0.1002753397021526
2007-06-25,10,0.10103214704821177
2007-06-26,10,0.09938235011465067
2007-06-27,10,0.10936126173825546
2007-06-28,10,0.1184840890435781
2007-06-29,10,0.10883977454897942
2007-07-02,10,0.09398027550240237
2007-07-03,10,0.10220049958831195
2007-07-05,10,0.07054949335330644
2007-07-06,10,0.04335988302270183
2007-07-09,10,0.05884558044644163
2007-07-10,10,0.03756596460609428
2007-07-11,10,0.01940863869785367
2007-07-12,10,-0.019001339139821168
2007-07-13,10,-0.03175667621096461
2007-07-16,10,0.01125002015822522
2007-07-17,10,0.030406294274884813
2007-07-18,10,0.043707356510726374
2007-07-19,10,0.07624358489671336
2007-07-20,10,0.10070693454158718
2007-07-23,10,0.07711115790810522
2007-07-24,10,0.09644705592713099
2007-07-25,10,0.06139452420500329
2007-07-26,10,0.044414238737331066
2007-07-27,10,0.06207869914991316
2007-07-30,10,0.07661892409169602
2007-07-31,10,0.06262880337288779
2007-08-01,10,0.03443015527648522
2007-08-02,10,-0.05396733672348532
2007-08-03,10,-0.13565996737212055
2007-08-06,10,-0.14451376352671172
2007-08-07,10,-0.2361546172126372
2007-08-08,10,-0.2621474682820346
2007-08-09,10,-0.3763588907235516
2007-08-10,10,-0.1609060869532538
2007-08-13,10,-0.028180963825759082
2007-08-14,10,0.005464767035667174
2007-08-15,10,0.02534223408999653
2007-08-16,10,-0.00019446434307809852
2007-08-17,10,-0.011969899075519678
2007-08-20,10,0.030754527604414522
2007-08-21,10,0.0982931830458793
2007-08-22,10,0.12876546573401149
2007-08-23,10,0.14074358710227866
2007-08-24,10,0.18765279982551358
2007-08-27,10,0.18673298461736604
2007-08-28,10,0.16192870199716478
2007-08-29,10,0.1543855246187231
2007-08-30,10,0.14147880635995916
2007-08-31,10,0.17576296460687854
2007-09-04,10,0.1581523546240084
2007-09-05,10,0.09647234298602597
2007-09-06,10,0.1362769123874098
2007-09-07,10,0.12507050853484136
2007-09-10,10,0.10338940148754917
2007-09-11,10,0.14495321869949176
2007-09-12,10,0.147237592122434
2007-09-13,10,0.14278090695668624
2007-09-14,10,0.15397857211550586
2007-09-17,10,0.08913090927208168
2007-09-18,10,0.08743489191398551
2007-09-19,10,0.10248880468234384
2007-09-20,10,0.06297048763640908
2007-09-21,10,0.03704816668930997
2007-09-24,10,0.022042506409427568
2007-09-25,10,-0.022192878396596862
2007-09-26,10,-0.016428227305441055
2007-09-27,10,-0.04232814202659491
2007-09-28,10,-0.0011909693547619803
2007-10-01,10,0.04918299188663901
2007-10-02,10,0.1239063824604433
2007-10-03,10,0.16372823693967625
2007-10-04,10,0.19186924541839848
2007-10-05,10,0.17357565481008316
2007-10-08,10,0.1710914046827965
2007-10-09,10,0.1950774803437386
2007-10-10,10,0.1466382328420331
2007-10-11,10,0.18504212771196998
2007-10-12,10,0.16662750318958133
2007-10-15,10,0.17088590935089307
2007-10-16,10,0.10361203794192712
2007-10-17,10,0.0940736561871463
2007-10-18,10,0.05007519608109035
2007-10-19,10,0.10273212538393559
2007-10-22,10,0.11017565749117139
2007-10-23,10,0.1126271310335132
2007-10-24,10,0.14198776901524976
2007-10-25,10,0.10709325311895619
2007-10-26,10,0.02930614193702399
2007-10-29,10,-0.09358132276734397
2007-10-30,10,-0.05572505655483904
2007-10-31,10,-0.06414354877072895
2007-11-01,10,-0.06807003481143736
2007-11-02,10,-0.06958602952545441
2007-11-05,10,-0.057938031575073996
2007-11-06,10,-0.05345452247837556
2007-11-07,10,-0.09597556923433564
2007-11-08,10,-0.05654138935956446
2007-11-09,10,0.0021652292480733412
2007-11-12,10,0.1713552855038665
2007-11-13,10,0.12795481077513568
2007-11-14,10,0.1498546719941122
2007-11-15,10,0.11371107669786563
2007-11-16,10,0.11535996650715445
2007-11-19,10,0.11501699956708242
2007-11-20,10,0.08077479397278034
2007-11-21,10,0.046834171357472844
2007-11-23,10,0.016747639702479493
2007-11-26,10,-0.06326513666302507
2007-11-27,10,-0.08386419837307199
2007-11-28,10,-0.016253146882523113
2007-11-29,10,-0.01636829014927504
2007-11-30,10,0.04125655514881311
2007-12-03,10,-0.010226705710631777
2007-12-04,10,-0.0553759273812048
2007-12-05,10,-0.04258182587495755
2007-12-06,10,0.029373780462017197
2007-12-07,10,0.03513645048407194
2007-12-10,10,0.07544580577468656
2007-12-11,10,0.11522279922426398
2007-12-12,10,0.09156984099954081
2007-12-13,10,0.06947905237081586
2007-12-14,10,0.020982997668929772
2007-12-17,10,0.039000878630740275
2007-12-18,10,0.12268536246909213
2007-12-19,10,0.14342332751539827
2007-12-20,10,0.10448913336920582
2007-12-21,10,0.11892480605112186
2007-12-24,10,0.12973254841810913
2007-12-26,10,0.10051420646426068
2007-12-27,10,0.12756704686779757
2007-12-28,10,0.09917163798610217
2007-12-31,10,0.0959159107004763
2008-01-02,10,0.003103534582655186
2008-01-03,10,-0.07478477935883011
2008-01-04,10,-0.08964307245850749
2008-01-07,10,-0.10925004306019409
2008-01-08,10,-0.19917844752610087
2008-01-09,10,-0.24768485687433536
2008-01-10,10,-0.20201364430794327
2008-01-11,10,-0.2204639549064716
2008-01-14,10,-0.2335776524281481
2008-01-15,10,-0.25321599167261827
2008-01-16,10,-0.2173304343920691
2008-01-17,10,-0.25615260615883084
2008-01-18,10,-0.21738010150455203
2008-01-22,10,-0.20588566805113204
2008-01-23,10,-0.1641339640171993
2008-01-24,10,-0.10240306757692051
2008-01-25,10,-0.06811350958511368
2008-01-28,10,-0.028123810845506074
2008-01-29,10,-0.010173091483744571
2008-01-30,10,-0.04065057391479391
2008-01-31,10,-0.0454338959275852
2008-02-01,10,0.002227897141270806
2008-02-04,10,-0.024706427663317237
2008-02-05,10,-0.040809366215953276
2008-02-06,10,-0.039012499175568496
2008-02-07,10,-0.02932766034124401
2008-02-08,10,0.002599193403242872
2008-02-11,10,-0.07370947689848395
2008-02-12,10,-0.04028859988056045
2008-02-13,10,0.025566055519241727
2008-02-14,10,0.02831813121324287
2008-02-15,10,0.0614156560723391
2008-02-19,10,0.06497555633529242
2008-02-20,10,0.0860851000720702
2008-02-21,10,0.08780511308378879
2008-02-22,10,0.08466790111468973
2008-02-25,10,0.06478902425147855
2008-02-26,10,0.10587640333262376
2008-02-27,10,0.12031981427283989
2008-02-28,10,0.12458081318742914
2008-02-29,10,0.15533717690843585
2008-03-03,10,0.11383768449093791
2008-03-04,10,0.09249571588763998
2008-03-05,10,0.06046961011177699
2008-03-06,10,0.0038950661525457494
2008-03-07,10,-0.0660529484921704
2008-03-10,10,-0.06952382889260261
2008-03-11,10,-0.053264619862232
2008-03-12,10,-0.06475241950462825
2008-03-13,10,-0.04540320827781678
2008-03-14,10,-0.06073323856241442
2008-03-17,10,-0.17932889594813264
2008-03-18,10,-0.15095384783088062
2008-03-19,10,-0.12475762286964255
2008-03-20,10,-0.15576282467511546
2008-03-24,10,-0.10998924673818578
2008-03-25,10,-0.08220418473772236
2008-03-26,10,-0.08299936185740217
2008-03-27,10,-0.03653890199279938
2008-03-28,10,-0.018377214540905053
2008-03-31,10,-0.010534222391698097
2008-04-01,10,0.060961872393171385
2008-04-02,10,0.08788544623352805
2008-04-03,10,0.07371755832144639
2008-04-04,10,0.1028876818460773
2008-04-07,10,0.1464812967410914
2008-04-08,10,0.1505820055320216
2008-04-09,10,0.1719729157072494
2008-04-10,10,0.106997638292159
2008-04-11,10,0.10667907567818355
2008-04-14,10,0.06994897901093051
2008-04-15,10,-0.023026288447435265
2008-04-16,10,-0.07521859046041171
2008-04-17,10,-0.07012379416209848
2008-04-18,10,-0.055356779504625725
2008-04-21,10,-0.0699414053403246
2008-04-22,10,-0.05992433390789339
2008-04-23,10,-0.07296410099436344
2008-04-24,10,0.016624420524700267
2008-04-25,10,0.012809044448471156
2008-04-28,10,0.0036337574029644956
2008-04-29,10,0.0660938413689887
2008-04-30,10,0.04664402394474229
2008-05-01,10,0.06353717239811085
2008-05-02,10,0.06812093619099363
2008-05-05,10,0.003265484194883725
2008-05-06,10,-0.012910718749897224
2008-05-07,10,-0.00512076003278567
2008-05-08,10,-0.0429888179072283
2008-05-09,10,-0.059657179303658076
2008-05-12,10,-0.020531767578266896
2008-05-13,10,-0.018269692298702938
2008-05-14,10,-0.04016792209813291
2008-05-15,10,0.00910445519835065
2008-05-16,10,0.047107104017705785
2008-05-19,10,0.08363750784420426
2008-05-20,10,0.09030243626139309
2008-05-21,10,0.1169426850284196
2008-05-22,10,0.13396327640778738
2008-05-23,10,0.19175287708674435
2008-05-27,10,0.16010363043940148
2008-05-28,10,0.1347988039742852
2008-05-29,10,0.16066252361990135
2008-05-30,10,0.16323764595648574
2008-06-02,10,0.18884749433426917
2008-06-03,10,0.190046650866711
2008-06-04,10,0.1927862413202036
2008-06-05,10,0.20845116125663515
2008-06-06,10,0.232858069775805
2008-06-09,10,0.2048201012988183
2008-06-10,10,0.1792864226304508
2008-06-11,10,0.17124534905912164
2008-06-12,10,0.15009955186133433
2008-06-13,10,0.16958134470954292
2008-06-16,10,0.13994830140113768
2008-06-17,10,0.1458784007739472
2008-06-18,10,0.09414145074764985
2008-06-19,10,0.06173240628398327
2008-06-20,10,0.05970171193238993
2008-06-23,10,-0.03272368609880029
2008-06-24,10,0.03482657718828049
2008-06-25,10,0.08141577814103029
2008-06-26,10,0.10526188451957202
2008-06-27,10,0.10009051510426044
2008-06-30,10,0.06351994448151488
2008-07-01,10,-0.01761767569005635
2008-07-02,10,-0.08626029924414289
2008-07-03,10,-0.05142307936370723
2008-07-07,10,-0.08968669135575173
2008-07-08,10,-0.10744393565323569
2008-07-09,10,-0.20630497021629365
2008-07-10,10,-0.170208339045941
2008-07-11,10,-0.1759433993591807
2008-07-14,10,-0.19191516300508454
2008-07-15,10,-0.21299797899776604
2008-07-16,10,-0.16503187486047066
2008-07-17,10,-0.08352101217174276
2008-07-18,10,-0.07726206745907162
2008-07-21,10,-0.09925189588070583
2008-07-22,10,-0.06310471452054123
2008-07-23,10,0.01152378492202635
2008-07-24,10,-0.03873729076462429
2008-07-25,10,-0.07765592820201343
2008-07-28,10,-0.1578430841179362
2008-07-29,10,-0.14008562704632774
2008-07-30,10,-0.15004632377780594
2008-07-31,10,-0.1521801275946839
2008-08-01,10,-0.18894243727467544
2008-08-04,10,-0.178762521634565
2008-08-05,10,-0.12619870439579567
2008-08-06,10,-0.07642562469452976
2008-08-07,10,-0.133677593454327
2008-08-08,10,-0.09846343704650694
2008-08-11,10,-0.08590729046545816
2008-08-12,10,-0.08828319025898768
2008-08-13,10,-0.05113663333435018
2008-08-14,10,-0.03640360994006493
2008-08-15,10,-0.016235232987844444
2008-08-18,10,0.06694594288977875
2008-08-19,10,0.07641674110933552
2008-08-20,10,0.0695262940619689
2008-08-21,10,0.05278751107220018
2008-08-22,10,0.05416431878117472
2008-08-25,10,0.07933905712229396
2008-08-26,10,0.10415397338836982
2008-08-27,10,0.10894283205424776
2008-08-28,10,0.08818948019145348
2008-08-29,10,0.12190215251057449
2008-09-02,10,0.1335372242285856
2008-09-03,10,0.0877074582795415
2008-09-04,10,0.04737109390957312
2008-09-05,10,0.02166024190581235
2008-09-08,10,-0.0360081894389588
2008-09-09,10,-0.08260723257417989
2008-09-10,10,-0.031873074185167605
2008-09-11,10,-0.012200601831307526
2008-09-12,10,0.08659421463530723
2008-09-15,10,0.11428726940887939
2008-09-16,10,0.013413171807789791
2008-09-17,10,0.07241901613624767
2008-09-18,10,0.08683285783016984
2008-09-19,10,0.1247702280906891
2008-09-22,10,0.18624274665328444
2008-09-23,10,0.20675741434848377
2008-09-24,10,0.21587395724462807
2008-09-25,10,0.1875062544785498
2008-09-26,10,0.231935710553764
2008-09-29,10,0.10814369662161158
2008-09-30,10,0.1866587687453483
2008-10-01,10,0.2121837297330994
2008-10-02,10,0.15656803714843312
2008-10-03,10,0.14054830410093697
2008-10-06,10,0.028704610856587577
2008-10-07,10,0.005609215863195325
2008-10-08,10,0.08570777800281808
2008-10-09,10,0.09592710212589148
2008-10-10,10,0.04506972744089004
2008-10-13,10,0.172898429105219
2008-10-14,10,0.18152252304138056
2008-10-15,10,0.046624531862887474
2008-10-16,10,0.013643357679645026
2008-10-17,10,0.051240578847135204
2008-10-20,10,0.08739473603585517
2008-10-21,10,-0.036180176090691296
2008-10-22,10,-0.0998056983342819
2008-10-23,10,-0.04402831187077046
2008-10-24,10,-0.09824930417680261
2008-10-27,10,-0.10967286250700577
2008-10-28,10,-0.025437932204501006
2008-10-29,10,0.17080835852534776
2008-10-30,10,0.16810160619274891
2008-10-31,10,0.1942665773903685
2008-11-03,10,0.23944670777487514
2008-11-04,10,0.3152638627199122
2008-11-05,10,0.33581359834960367
2008-11-06,10,0.3373891734195596
2008-11-07,10,0.3270410068007424
2008-11-10,10,0.28978883600334293
2008-11-11,10,0.22914013127866806
2008-11-12,10,0.025584718260874478
2008-11-13,10,0.06878407555682464
2008-11-14,10,0.1655914586841244
2008-11-17,10,0.06040507526906894
2008-11-18,10,-0.02109354192816567
2008-11-19,10,-0.08392116045740329
2008-11-20,10,-0.22380259691187837
2008-11-21,10,-0.31154553909374855
2008-11-24,10,-0.2666628548863785
2008-11-25,10,-0.2676111799928165
2008-11-26,10,-0.12275591956629585
2008-11-28,10,-0.1282984426414619
2008-12-01,10,-0.2385713247148246
2008-12-02,10,-0.20748861664179774
2008-12-03,10,-0.2210453099825423
2008-12-04,10,-0.21984098165450494
2008-12-05,10,-0.2517025758499024
2008-12-08,10,-0.10590776876750382
2008-12-09,10,-0.014394343661591173
2008-12-10,10,0.01546680271934872
2008-12-11,10,-0.03198094555363257
2008-12-12,10,0.018146621931304858
2008-12-15,10,-0.048047737270789814
2008-12-16,10,-0.08138591110366576
2008-12-17,10,-0.16165596934270593
2008-12-18,10,-0.2612361727413869
2008-12-19,10,-0.3732461489407238
2008-12-22,10,-0.3766843490319673
2008-12-23,10,-0.36349745602147465
2008-12-24,10,-0.3569092666626573
2008-12-26,10,-0.2732620843474326
2008-12-29,10,-0.3047048538191527
2008-12-30,10,-0.2512406109670836
2008-12-31,10,-0.15388014241741063
2009-01-02,10,-0.04385985951672627
2009-01-05,10,0.01181007129218136
2009-01-06,10,0.052589167555939564
2009-01-07,10,0.11824780260849264
2009-01-08,10,0.15203309021322547
2009-01-09,10,0.1685696213649159
2009-01-12,10,0.12626503701247235
2009-01-13,10,0.10088251162921873
2009-01-14,10,0.13598123828580744
2009-01-15,10,0.09902370701486954
2009-01-16,10,0.09350716399747848
2009-01-20,10,0.05448683584989241
2009-01-21,10,0.057578982399237096
2009-01-22,10,0.022725420537603062
2009-01-23,10,-0.02821408197730561
2009-01-26,10,-0.042198165411144455
2009-01-27,10,0.01852911927103177
2009-01-28,10,0.05932670968508809
2009-01-29,10,0.07436432686085893
2009-01-30,10,0.05186250418880979
2009-02-02,10,0.041762012804494
2009-02-03,10,0.031088239873158754
2009-02-04,10,0.06178897831773648
2009-02-05,10,0.07720163369446428
2009-02-06,10,0.06505004951631667
2009-02-09,10,0.07081614792237174
2009-02-10,10,0.08513662786028463
2009-02-11,10,0.12353165008344064
2009-02-12,10,0.09366757771180328
2009-02-13,10,0.05454408968545162
2009-02-17,10,0.09353990255379921
2009-02-18,10,0.12246162339082024
2009-02-19,10,0.10064666958101436
2009-02-20,10,0.11766774233681748
2009-02-23,10,0.14184927349369017
2009-02-24,10,0.15751307616765772
2009-02-25,10,0.15298219079873007
2009-02-26,10,0.13547307605516837
2009-02-27,10,0.08305503731099512
2009-03-02,10,0.02078949453196932
2009-03-03,10,-0.05418479282890288
2009-03-04,10,-0.08462581818561812
2009-03-05,10,-0.19280072087040082
2009-03-06,10,-0.21183501788911327
2009-03-09,10,-0.31249433125346554
2009-03-10,10,-0.26360878431017
2009-03-11,10,-0.2829395345162458
2009-03-12,10,-0.284674541167635
2009-03-13,10,-0.2260538068814707
2009-03-16,10,-0.17616495476924243
2009-03-17,10,-0.1480204793645322
2009-03-18,10,-0.1464499589634818
2009-03-19,10,-0.196053759375125
2009-03-20,10,-0.21972302594093376
2009-03-23,10,-0.1635665692254677
2009-03-24,10,-0.18038016729896073
2009-03-25,10,-0.15058321537425456
2009-03-26,10,-0.13416924524703033
2009-03-27,10,-0.1388102621634147
2009-03-30,10,-0.19119866456763523
2009-03-31,10,-0.2472371358060657
2009-04-01,10,-0.23842974411015755
2009-04-02,10,-0.22440304223585214
2009-04-03,10,-0.14061996441459373
2009-04-06,10,-0.15892377461594828
2009-04-07,10,-0.16219815938446336
2009-04-08,10,-0.1204511635788039
2009-04-09,10,-0.07749963309236295
2009-04-13,10,-0.05344797350871025
2009-04-14,10,-0.05967009562474163
2009-04-15,10,-0.0192433490894399
2009-04-16,10,0.025158193266081895
2009-04-17,10,-0.0066266759960743144
2009-04-20,10,0.05103519522679785
2009-04-21,10,0.012102022628002428
2009-04-22,10,0.0031892300021093703
2009-04-23,10,-0.034039410012567606
2009-04-24,10,-0.07036859075909302
2009-04-27,10,-0.06183158463910652
2009-04-28,10,-0.08896985009930267
2009-04-29,10,-0.1676473471197583
2009-04-30,10,-0.16192435133074526
2009-05-01,10,-0.18527755944802465
2009-05-04,10,-0.19120811050804487
2009-05-05,10,-0.13497640650881812
2009-05-06,10,-0.12101403617918985
2009-05-07,10,-0.05125835866696595
2009-05-08,10,-0.13582825713992833
2009-05-11,10,-0.03394674803927166
2009-05-12,10,0.041922051319873276
2009-05-13,10,0.2315971422170795
2009-05-14,10,0.20454892882414807
2009-05-15,10,0.2639939090063589
2009-05-18,10,0.17551786165512556
2009-05-19,10,0.04375313081940726
2009-05-20,10,0.11217836666260245
2009-05-21,10,0.14565203979459407
2009-05-22,10,0.1148762880240853
2009-05-26,10,0.0917725976377852
2009-05-27,10,0.12246470735612741
2009-05-28,10,0.10836581727142211
2009-05-29,10,0.04638157697291893
2009-06-01,10,-0.11763058430956409
2009-06-02,10,-0.13422095019370578
2009-06-03,10,-0.09922306134157213
2009-06-04,10,-0.18443299843871308
2009-06-05,10,-0.18850772013303566
2009-06-08,10,-0.27659630078404046
2009-06-09,10,-0.31995466995509975
2009-06-10,10,-0.3064824809943644
2009-06-11,10,-0.3220128319225542
2009-06-12,10,-0.23147098271830793
2009-06-15,10,-0.1471568479399692
2009-06-16,10,-0.12947772341299635
2009-06-17,10,-0.03504916183787847
2009-06-18,10,-0.09682747798934412
2009-06-19,10,-0.22617916792863244
2009-06-22,10,-0.06110021529757177
2009-06-23,10,-0.14928238082352546
2009-06-24,10,-0.17617338259720566
2009-06-25,10,-0.21229692470690337
2009-06-26,10,-0.23897558501957358
2009-06-29,10,-0.17855464167969057
2009-06-30,10,-0.10531268525965957
2009-07-01,10,-0.09030206946715398
2009-07-02,10,-0.010417264077610103
2009-07-06,10,0.09788779194242637
2009-07-07,10,0.06285355698439214
2009-07-08,10,0.0981090790491224
2009-07-09,10,0.10951478617626367
2009-07-10,10,0.07544281928737469
2009-07-13,10,0.07116620255646833
2009-07-14,10,0.028071973994666963
2009-07-15,10,0.026212287850519236
2009-07-16,10,0.023391194620657703
2009-07-17,10,0.013425258521124755
2009-07-20,10,0.05525236547011778
2009-07-21,10,0.007662426419040401
2009-07-22,10,0.026423631858329855
2009-07-23,10,-0.014770310572911453
2009-07-24,10,-0.03858312775734959
2009-07-27,10,-0.03760133700613698
2009-07-28,10,-0.051134181927915266
2009-07-29,10,-0.06668938527045562
2009-07-30,10,-0.030872823098027805
2009-07-31,10,-0.06630091310683599
2009-08-03,10,-0.13196886094506502
2009-08-04,10,-0.07824744421631952
2009-08-05,10,-0.034415094433828154
2009-08-06,10,0.013614725454655516
2009-08-07,10,0.02461321362420605
2009-08-10,10,0.019646961449975988
2009-08-11,10,0.08447463930054697
2009-08-12,10,0.006731465625035929
2009-08-13,10,-0.01968669099000405
2009-08-14,10,0.024759648027590425
2009-08-17,10,0.05805112277848791
2009-08-18,10,-0.04173327481139543
2009-08-19,10,-0.0343238799123651
2009-08-20,10,-0.03885363273630238
2009-08-21,10,-0.033560421518210135
2009-08-24,10,-0.061790856571775236
2009-08-25,10,-0.07217685279419782
2009-08-26,10,-0.012231915224230441
2009-08-27,10,-0.00041590481714760927
2009-08-28,10,-0.04003206685982281
2009-08-31,10,-0.043571684020782826
2009-09-01,10,-0.009444921383829059
2009-09-02,10,-0.04841535672627071
2009-09-03,10,-0.050146560754863075
2009-09-04,10,-0.05797244249207362
2009-09-08,10,-0.04046966289364614
2009-09-09,10,-0.05338662896249753
2009-09-10,10,-0.13137687684656402
2009-09-11,10,-0.15659973952659031
2009-09-14,10,-0.08581252848627519
2009-09-15,10,-0.10658815490095985
2009-09-16,10,-0.15483424541221416
2009-09-17,10,-0.1896656940266324
2009-09-18,10,-0.19606228409543558
2009-09-21,10,-0.07966947120537186
2009-09-22,10,-0.07447219360106887
2009-09-23,10,-0.049299837310456805
2009-09-24,10,0.06554945255777418
2009-09-25,10,0.1353575631986333
2009-09-28,10,0.07807635294654185
2009-09-29,10,0.07992139091045015
2009-09-30,10,0.1469369269278129
2009-10-01,10,0.21858618609325914
2009-10-02,10,0.1506630093226966
2009-10-05,10,0.09567601096939958
2009-10-06,10,0.055033581581298424
2009-10-07,10,0.032738143543512156
2009-10-08,10,-0.009131383143585173
2009-10-09,10,-0.06634073158096532
2009-10-12,10,-0.10793433551629825
2009-10-13,10,-0.16060320301564954
2009-10-14,10,-0.2698357731277414
2009-10-15,10,-0.195454963988131
2009-10-16,10,-0.20448096015972622
2009-10-19,10,-0.17956776130156657
2009-10-20,10,-0.15153345467342025
2009-10-21,10,-0.1321256620734029
2009-10-22,10,-0.1078586452482268
2009-10-23,10,-0.07140732690010472
2009-10-26,10,-0.019147483231521538
2009-10-27,10,0.049570862299281794
2009-10-28,10,0.062098181458299165
2009-10-29,10,0.05385849222552788
2009-10-30,10,0.08556121668155572
2009-11-02,10,0.01607704421569878
2009-11-03,10,0.047880697434799675
2009-11-04,10,0.03841951314383233
2009-11-05,10,0.04012109808917501
2009-11-06,10,0.02687903469590736
2009-11-09,10,-0.01495072776562182
2009-11-10,10,-0.06432654502253113
2009-11-11,10,-0.010050448190892632
2009-11-12,10,-0.010814009536653135
2009-11-13,10,0.013334986909488955
2009-11-16,10,0.04119650231807746
2009-11-17,10,0.0029920932794112462
2009-11-18,10,0.01963381064397202
2009-11-19,10,-0.02084190275222637
2009-11-20,10,-0.004883353862670953
2009-11-23,10,-0.013842209148725589
2009-11-24,10,-0.00031815616412853904
2009-11-25,10,0.0096019692532566
2009-11-27,10,-0.01009303264128535
2009-11-30,10,-0.05293872762945559
2009-12-01,10,-0.0667785896807833
2009-12-02,10,-0.022452702848245736
2009-12-03,10,-0.022415990881560422
2009-12-04,10,-0.018257286940804876
2009-12-07,10,-0.01716054588841424
2009-12-08,10,-0.019275199706389957
2009-12-09,10,-0.0473131045158654
2009-12-10,10,-0.10890109447733888
2009-12-11,10,-0.07143690056187152
2009-12-14,10,-0.08267832826352838
2009-12-15,10,-0.09606357075338258
2009-12-16,10,-0.10290753908348328
2009-12-17,10,-0.1710333300432357
2009-12-18,10,-0.12937379526304343
2009-12-21,10,-0.12208250823524844
2009-12-22,10,-0.18456104099225193
2009-12-23,10,-0.16649426699917774
2009-12-24,10,-0.1655388648948959
2009-12-28,10,-0.17651055216400746
2009-12-29,10,-0.14690621468919246
2009-12-30,10,-0.16640915913833823
2009-12-31,10,-0.15643567691494586
2010-01-04,10,-0.11627024510221251
2010-01-05,10,-0.09620982332766242
2010-01-06,10,-0.09223876937250435
2010-01-07,10,-0.08296890082411106
2010-01-08,10,-0.07837017546791196
2010-01-11,10,-0.026683225309313705
2010-01-12,10,-0.009215395912979206
2010-01-13,10,0.003653537282993135
2010-01-14,10,0.007201381001628096
2010-01-15,10,0.05365261385983841
2010-01-19,10,0.042732721545770416
2010-01-20,10,0.032428763110349125
2010-01-21,10,-0.010428389701319091
2010-01-22,10,-0.027012466051417897
2010-01-25,10,-0.016200676271492034
2010-01-26,10,-0.01578107268138855
2010-01-27,10,-0.009013770763181739
2010-01-28,10,0.02902393088167132
2010-01-29,10,0.05831790727804323
2010-02-01,10,0.07165235959259714
2010-02-02,10,0.033429050099591316
2010-02-03,10,0.023712452778724497
2010-02-04,10,0.07223188966179936
2010-02-05,10,0.09145792438143006
2010-02-08,10,0.06162810931347863
2010-02-09,10,0.042548180892070527
2010-02-10,10,0.05925160770955501
2010-02-11,10,0.03916070064346697
2010-02-12,10,0.06017469098488272
2010-02-16,10,0.025308150327595664
2010-02-17,10,0.015581082039501839
2010-02-18,10,0.030079006915289974
2010-02-19,10,-0.0040246221976400175
2010-02-22,10,-0.015630785223033423
2010-02-23,10,0.0035407250599944025
2010-02-24,10,0.005668726418477993
2010-02-25,10,0.006045554727191773
2010-02-26,10,-0.014911526395265315
2010-03-01,10,-0.051040868732563485
2010-03-02,10,-0.0479888164230435
2010-03-03,10,-0.02378951548213521
2010-03-04,10,-0.05721880174481189
2010-03-05,10,-0.11714479782238371
2010-03-08,10,-0.08302749538156433
2010-03-09,10,-0.037680203014357885
2010-03-10,10,-0.05546016982304627
2010-03-11,10,-0.0641818134714497
2010-03-12,10,-0.06050590147447159
2010-03-15,10,-0.06106957486509656
2010-03-16,10,-0.05161115124031234
2010-03-17,10,-0.07018409323094962
2010-03-18,10,-0.02522942344353457
2010-03-19,10,0.028725421204631115
2010-03-22,10,0.027619801991967122
2010-03-23,10,0.010646314534719405
2010-03-24,10,0.010959336628390326
2010-03-25,10,-0.0036737443426487874
2010-03-26,10,-0.011954161328689551
2010-03-29,10,0.007471097913605757
2010-03-30,10,0.008940679916793077
2010-03-31,10,0.00038002954068730183
2010-04-01,10,-0.004358604289650093
2010-04-05,10,-0.03440200338841618
2010-04-06,10,-0.06633571711894883
2010-04-07,10,-0.05137570062550502
2010-04-08,10,-0.023377404312862747
2010-04-09,10,-0.00432361115475988
2010-04-12,10,0.006193173917652037
2010-04-13,10,-0.03484008282152357
2010-04-14,10,-0.07696930291798458
2010-04-15,10,-0.022683715684081965
2010-04-16,10,-0.04720159255001131
2010-04-19,10,0.05031956661932534
2010-04-20,10,-0.011411248095514841
2010-04-21,10,-0.045230681488517555
2010-04-22,10,-0.11751677721707561
2010-04-23,10,-0.17954367368790278
2010-04-26,10,-0.11309133976490951
2010-04-27,10,-0.040468780511864956
2010-04-28,10,0.01390925323307647
2010-04-29,10,-0.03594097809307066
2010-04-30,10,-0.009097535613979758
2010-05-03,10,-0.08685449425258382
2010-05-04,10,-0.04339194345489943
2010-05-05,10,-0.017292687579074744
2010-05-06,10,-0.027440407922731714
2010-05-07,10,0.07241355119772042
2010-05-10,10,0.0033085476128503406
2010-05-11,10,-0.0395267953376523
2010-05-12,10,-0.07353759917694636
2010-05-13,10,-0.027203598125120736
2010-05-14,10,0.009553389440977724
2010-05-17,10,0.0006292460105149731
2010-05-18,10,0.023324804784178033
2010-05-19,10,0.06185999861672012
2010-05-20,10,0.07681744631975852
2010-05-21,10,0.049575292270227736
2010-05-24,10,0.016162679743003994
2010-05-25,10,0.03808345748971085
2010-05-26,10,0.023806841337985888
2010-05-27,10,0.021106106760283464
2010-05-28,10,0.055081719705214416
2010-06-01,10,-0.045062159037857985
2010-06-02,10,0.003900994051614962
2010-06-03,10,0.02639008613781156
2010-06-04,10,0.02674041070582501
2010-06-07,10,-0.006289808670817139
2010-06-08,10,-0.021284233971027244
2010-06-09,10,-0.03570121825921823
2010-06-10,10,0.02766312757433646
2010-06-11,10,0.026353219197309825
2010-06-14,10,0.03897725939633072
2010-06-15,10,0.023574332530487054
2010-06-16,10,0.016369772705215432
2010-06-17,10,0.022643137379183643
2010-06-18,10,0.009219991685694448
2010-06-21,10,0.03410598142802007
2010-06-22,10,0.06878176589661314
2010-06-23,10,0.04887205635657399
2010-06-24,10,-0.02971916725810111
2010-06-25,10,-0.06422277727297236
2010-06-28,10,-0.11609899453402345
2010-06-29,10,-0.17544562016022666
2010-06-30,10,-0.16374561164018936
2010-07-01,10,-0.08866734492683999
2010-07-02,10,-0.09658058713057323
2010-07-06,10,-0.18137008700066629
2010-07-07,10,-0.08738835724096392
2010-07-08,10,-0.11588092511465088
2010-07-09,10,-0.08039566676746004
2010-07-12,10,-0.15952382294219053
2010-07-13,10,-0.09281833028853564
2010-07-14,10,-0.03104336570138192
2010-07-15,10,-0.06847337411762537
2010-07-16,10,-0.13710622157960564
2010-07-19,10,-0.1831895435800552
2010-07-20,10,-0.11731468430837977
2010-07-21,10,-0.1710277628256633
2010-07-22,10,-0.05513819666741987
2010-07-23,10,-0.026773707276051675
2010-07-26,10,6.722917333040732e-05
2010-07-27,10,0.024799817632275473
2010-07-28,10,0.05396948115274601
2010-07-29,10,0.06029284132407436
2010-07-30,10,0.04332968423081174
2010-08-02,10,0.07941456698463661
2010-08-03,10,0.06869023631390678
2010-08-04,10,0.10811059778238936
2010-08-05,10,0.13817733200856458
2010-08-06,10,0.19202532556680113
2010-08-09,10,0.21392229792222614
2010-08-10,10,0.19344590763844452
2010-08-11,10,0.1660902529544171
2010-08-12,10,0.14612011339534223
2010-08-13,10,0.07828772763478957
2010-08-16,10,0.0803856002654405
2010-08-17,10,0.11583807510943862
2010-08-18,10,0.13349401830258767
2010-08-19,10,0.10321739401464425
2010-08-20,10,0.011660602077239438
2010-08-23,10,0.0380552328874862
2010-08-24,10,-0.004895545122944078
2010-08-25,10,0.039878688150570704
2010-08-26,10,-0.006165802437277124
2010-08-27,10,-0.03472018060757391
2010-08-30,10,-0.055102566819871135
2010-08-31,10,-0.07852050766782008
2010-09-01,10,-0.06569989043578309
2010-09-02,10,-0.03230494076850948
2010-09-03,10,-0.00034735437757557933
2010-09-07,10,-0.08865700729134565
2010-09-08,10,-0.04673357168624743
2010-09-09,10,-0.03914813842838522
2010-09-10,10,-0.10025387345724966
2010-09-13,10,-0.07535093441805431
2010-09-14,10,-0.0918464450513274
2010-09-15,10,-0.10476579599397025
2010-09-16,10,-0.14019849408713825
2010-09-17,10,-0.13782731581897847
2010-09-20,10,-0.06603926459383917
2010-09-21,10,-0.07212749795293694
2010-09-22,10,-0.13854711657337812
2010-09-23,10,-0.08417438832443508
2010-09-24,10,-0.03495158945475734
2010-09-27,10,-0.026524436040940996
2010-09-28,10,0.005738993591815456
2010-09-29,10,0.042262970661199585
2010-09-30,10,0.06925934255595093
2010-10-01,10,0.00862640350764294
2010-10-04,10,-0.06140955900958973
2010-10-05,10,-0.09507929814164891
2010-10-06,10,-0.0072601859318862745
2010-10-07,10,-0.011303644391957702
2010-10-08,10,-0.029154113754851912
2010-10-11,10,-0.01867205287477205
2010-10-12,10,-0.007431555438681465
2010-10-13,10,-0.020018326813296204
2010-10-14,10,-0.060448080936097215
2010-10-15,10,-0.02543990129570477
2010-10-18,10,0.0016696442466441357
2010-10-19,10,0.04217210623640052
2010-10-20,10,0.003678260727154364
2010-10-21,10,-0.01858437107294822
2010-10-22,10,-0.046892991531334
2010-10-25,10,-0.055591317879365616
2010-10-26,10,-0.06774322085476887
2010-10-27,10,-0.04396869019191974
2010-10-28,10,-0.02373098141753351
2010-10-29,10,-0.025333460661366713
2010-11-01,10,-0.048972985175909096
2010-11-02,10,-0.04087624745305466
2010-11-03,10,0.0034087452549126213
2010-11-04,10,0.02440921552440973
2010-11-05,10,0.0409952564215663
2010-11-08,10,0.06792862204540072
2010-11-09,10,0.11337774055187007
2010-11-10,10,0.1219565665637002
2010-11-11,10,0.0890918206192454
2010-11-12,10,0.16217529044798798
2010-11-15,10,0.1535241846831204
2010-11-16,10,0.20307791080133833
2010-11-17,10,0.156504927713295
2010-11-18,10,0.13966949544489882
2010-11-19,10,0.14921801500331566
2010-11-22,10,0.10940239887895106
2010-11-23,10,0.09195762274265024
2010-11-24,10,0.07786817102978259
2010-11-26,10,0.03691881261129451
2010-11-29,10,-0.014175715839994751
2010-11-30,10,-0.06482913279901217
2010-12-01,10,-0.06285297160605485
2010-12-02,10,-0.006858837147572823
2010-12-03,10,-0.035102965160315906
2010-12-06,10,-0.045674528438248777
2010-12-07,10,-0.03408121972332801
2010-12-08,10,-0.04429858492092405
2010-12-09,10,-0.05181640276057992
2010-12-10,10,-0.04596608941862711
2010-12-13,10,-0.021226697146065156
2010-12-14,10,-0.0034463746202931084
2010-12-15,10,-0.006932209062142465
2010-12-16,10,-0.06171537821872464
2010-12-17,10,-0.06156604313354516
2010-12-20,10,-0.15162080685059567
2010-12-21,10,-0.1558220092784223
2010-12-22,10,-0.1192978933949562
2010-12-23,10,-0.08977167437156572
2010-12-27,10,-0.06963739579567547
2010-12-28,10,-0.04826094088342987
2010-12-29,10,-0.03474913554339199
2010-12-30,10,-0.008405800676539493
2010-12-31,10,0.005763894763479373
2011-01-03,10,-0.017313524640810374
2011-01-04,10,-0.00561807280287735
2011-01-05,10,-0.10962587165718375
2011-01-06,10,-0.09408691581954233
2011-01-07,10,-0.09013381872809706
2011-01-10,10,-0.13455705822533587
2011-01-11,10,-0.07877829834172077
2011-01-12,10,-0.06081290974785162
2011-01-13,10,-0.11019431633956987
2011-01-14,10,-0.08550134724394004
2011-01-18,10,-0.025708323225382135
2011-01-19,10,0.0711862698122763
2011-01-20,10,0.1167301459771572
2011-01-21,10,0.12132120762656723
2011-01-24,10,0.12255689768328146
2011-01-25,10,0.164835141434206
2011-01-26,10,0.08903992542361669
2011-01-27,10,0.0913236544584857
2011-01-28,10,0.12237675162281095
2011-01-31,10,0.11672565147090504
2011-02-01,10,0.05205859374866544
2011-02-02,10,0.0763142747501456
2011-02-03,10,0.08161128196113701
2011-02-04,10,0.06827042795031545
2011-02-07,10,-0.029764616224824597
2011-02-08,10,-0.08206176680551486
2011-02-09,10,-0.0755466538637341
2011-02-10,10,-0.04903571143026713
2011-02-11,10,-0.07757946499728272
2011-02-14,10,-0.14863404986779669
2011-02-15,10,-0.06660762728305114
2011-02-16,10,-0.04462209643326343
2011-02-17,10,-0.0675263697208125
2011-02-18,10,-0.07158395745424187
2011-02-22,10,0.007596826085357483
2011-02-23,10,-0.004849015873722763
2011-02-24,10,-0.05470348520884801
2011-02-25,10,-0.06889404309963576
2011-02-28,10,-0.06979775959651036
2011-03-01,10,-0.031935105644765725
2011-03-02,10,-0.05919761556822232
2011-03-03,10,-0.0488279948643348
2011-03-04,10,-0.05835733716783359
2011-03-07,10,-0.016002020040357577
2011-03-08,10,0.014637595683097424
2011-03-09,10,0.05045416723913596
2011-03-10,10,0.06938983838335214
2011-03-11,10,0.03990585445894479
2011-03-14,10,0.01794601452958113
2011-03-15,10,0.020041544364046503
2011-03-16,10,0.038817700417818034
2011-03-17,10,0.02903571148163963
2011-03-18,10,0.08562156819614668
2011-03-21,10,0.09299981444707477
2011-03-22,10,0.09351163960811186
2011-03-23,10,0.042954400023488284
2011-03-24,10,0.033808448321055035
2011-03-25,10,0.014658931437275384
2011-03-28,10,0.00617175455788195
2011-03-29,10,-0.01982648664818996
2011-03-30,10,0.01195952388989947
2011-03-31,10,0.001470031670142673
2011-04-01,10,0.010326386331036618
2011-04-04,10,-0.07841399720583282
2011-04-05,10,-0.06713097345347592
2011-04-06,10,-0.0038353137711813587
2011-04-07,10,0.042128490596846105
2011-04-08,10,0.03282066779402566
2011-04-11,10,0.01860435242356099
2011-04-12,10,0.027016176481725673
2011-04-13,10,0.01884592809945027
2011-04-14,10,0.017950153668055416
2011-04-15,10,-0.023046788534669644
2011-04-18,10,-0.04166509175029039
2011-04-19,10,-0.06748116920653306
2011-04-20,10,-0.08005419263010463
2011-04-21,10,-0.09287049758792087
2011-04-25,10,-0.038408006361195325
2011-04-26,10,-0.021228467280074177
2011-04-27,10,-0.06539888941393
2011-04-28,10,-0.0763035037572575
2011-04-29,10,-0.07625021353597218
2011-05-02,10,-0.06208454963828211
2011-05-03,10,-0.001414087191824275
2011-05-04,10,0.05283582857085419
2011-05-05,10,0.09427558056769023
2011-05-06,10,0.08953666090398987
2011-05-09,10,0.030882402522036917
2011-05-10,10,0.01600920808791424
2011-05-11,10,0.09451722813714583
2011-05-12,10,0.11373272208309813
2011-05-13,10,0.08641427417567125
2011-05-16,10,0.04200404910446656
2011-05-17,10,0.08186207034458265
2011-05-18,10,0.07899809671534877
2011-05-19,10,0.04019792565106343
2011-05-20,10,0.07929425348953623
2011-05-23,10,0.08849437298775648
2011-05-24,10,0.09659994682470194
2011-05-25,10,0.10510356255242283
2011-05-26,10,0.0648561012481607
2011-05-27,10,0.09269817734010682
2011-05-31,10,0.08943220900354293
2011-06-01,10,0.06175631762040887
2011-06-02,10,0.04742465817880094
2011-06-03,10,0.026840476089099494
2011-06-06,10,0.022373296116068104
2011-06-07,10,0.02991073471897533
2011-06-08,10,0.007873392190106278
2011-06-09,10,0.011936564467086705
2011-06-10,10,0.040708061531559626
2011-06-13,10,0.03901757817044257
2011-06-14,10,0.07029858645511698
2011-06-15,10,0.05298276554128622
2011-06-16,10,0.027140651891355713
2011-06-17,10,-0.00440820094053361
2011-06-20,10,0.0006180600107747024
2011-06-21,10,0.07779478190868341
2011-06-22,10,0.0004323989551676814
2011-06-23,10,0.03151716074981135
2011-06-24,10,0.02077022547025375
2011-06-27,10,0.02089568359873655
2011-06-28,10,0.04036193601668155
2011-06-29,10,0.07572763095551423
2011-06-30,10,0.0748955835640836
2011-07-01,10,0.12411270517070694
2011-07-05,10,0.08612090868341521
2011-07-06,10,0.02519982801574939
2011-07-07,10,0.06120838249924017
2011-07-08,10,0.03108001319750563
2011-07-11,10,0.03548922803662525
2011-07-12,10,-0.0014259594456101628
2011-07-13,10,-0.015228377209334803
2011-07-14,10,-0.015567709311171945
2011-07-15,10,0.01679741243853891
2011-07-18,10,0.03747406459380732
2011-07-19,10,0.06266651408160388
2011-07-20,10,0.09079965165899617
2011-07-21,10,0.12165303817739802
2011-07-22,10,0.10865735708666659
2011-07-25,10,0.09799984143344825
2011-07-26,10,0.11104613950545815
2011-07-27,10,0.15473145474912134
2011-07-28,10,0.13665726253106963
2011-07-29,10,0.10381699997072336
2011-08-01,10,0.038464423799973495
2011-08-02,10,0.022630159223731464
2011-08-03,10,0.04291655603961541
2011-08-04,10,0.0723858835082519
2011-08-05,10,0.0770745496064085
2011-08-08,10,0.03821598478022198
2011-08-09,10,0.020709822168861653
2011-08-10,10,-0.06246390448608693
2011-08-11,10,0.010857638402595874
2011-08-12,10,0.015617764226546677
2011-08-15,10,0.00022021376697503448
2011-08-16,10,0.0008171969577531848
2011-08-17,10,-0.002175294637321551
2011-08-18,10,-0.047408658816064216
2011-08-19,10,-0.029087448850542527
2011-08-22,10,0.007189564304384488
2011-08-23,10,-0.07187039612797214
2011-08-24,10,0.05037912062018012
2011-08-25,10,0.07789852942924189
2011-08-26,10,0.12343619434983795
2011-08-29,10,0.1519277674859002
2011-08-30,10,0.11127818631733083
2011-08-31,10,0.08516866603354228
2011-09-01,10,0.05580202037754764
2011-09-02,10,0.08110421531609585
2011-09-06,10,0.05372780164386158
2011-09-07,10,0.1681236745752419
2011-09-08,10,0.17503309302369185
2011-09-09,10,0.10099164947767456
2011-09-12,10,0.0586977230000326
2011-09-13,10,0.03642769097274224
2011-09-14,10,0.1227672209902657
2011-09-15,10,0.11198358275787532
2011-09-16,10,0.1343999294013651
2011-09-19,10,0.14790909448226566
2011-09-20,10,0.016087867328146342
2011-09-21,10,-0.08451716958382
2011-09-22,10,-0.23480519459151966
2011-09-23,10,-0.1301799216892105
2011-09-26,10,-0.1512672264500692
2011-09-27,10,-0.08700967832237393
2011-09-28,10,-0.2949647973015492
2011-09-29,10,-0.2284381746278258
2011-09-30,10,-0.3451424028301214
2011-10-03,10,-0.4139293697687155
2011-10-04,10,-0.3364010921503232
2011-10-05,10,-0.20144823697740008
2011-10-06,10,-0.0921315126781063
2011-10-07,10,-0.21385853187120338
2011-10-10,10,-0.23558504232047145
2011-10-11,10,-0.11143083473998948
2011-10-12,10,-0.09165998883609995
2011-10-13,10,-0.24967495802185313
2011-10-14,10,-0.2513700296041811
2011-10-17,10,-0.2610589582873685
2011-10-18,10,-0.1190855070479643
2011-10-19,10,-0.19672168847473898
2011-10-20,10,-0.20923522646517628
2011-10-21,10,-0.18126734823662272
2011-10-24,10,-0.0726780190666211
2011-10-25,10,-0.15446130842496586
2011-10-26,10,-0.0518040624909546
2011-10-27,10,0.03207422282043263
2011-10-28,10,0.05529769253257182
2011-10-31,10,0.06195509311058688
2011-11-01,10,0.054381908876752996
2011-11-02,10,0.07020446934602266
2011-11-03,10,0.024449508266119167
2011-11-04,10,0.04734945884766219
2011-11-07,10,0.08434255413109958
2011-11-08,10,0.10620848139493617
2011-11-09,10,0.1190233861280834
2011-11-10,10,0.08943195891623879
2011-11-11,10,0.04852893847741926
2011-11-14,10,0.04523425292194952
2011-11-15,10,0.03361541585766265
2011-11-16,10,0.06495855767091734
2011-11-17,10,0.08562750184683601
2011-11-18,10,0.10743439079878152
2011-11-21,10,0.09126745876304837
2011-11-22,10,0.019105762778707232
2011-11-23,10,0.05407616101623153
2011-11-25,10,-0.011556092449414591
2011-11-28,10,0.07939329666763492
2011-11-29,10,0.07214405394208784
2011-11-30,10,0.004299655184917787
2011-12-01,10,0.07546577759622589
2011-12-02,10,0.11899081163423583
2011-12-05,10,0.086502632578831
2011-12-06,10,0.09360834846243668
2011-12-07,10,0.10984311723800544
2011-12-08,10,0.04577190150125913
2011-12-09,10,0.018292261040683377
2011-12-12,10,0.0477337642040248
2011-12-13,10,0.05084631304773386
2011-12-14,10,0.07403808589068414
2011-12-15,10,-0.009681276997337724
2011-12-16,10,-0.05747948672468863
2011-12-19,10,-0.06294884884507804
2011-12-20,10,-0.06753160955593679
2011-12-21,10,-0.07978918452421195
2011-12-22,10,-0.025921774469511848
2011-12-23,10,-0.004323603527828407
2011-12-27,10,-0.024552171092782647
2011-12-28,10,0.009342172160909074
2011-12-29,10,-0.03615786717319014
2011-12-30,10,-0.021895595896907562
2012-01-03,10,-0.0033990837160019502
2012-01-04,10,-0.04754960588398198
2012-01-05,10,-0.11207453791524895
2012-01-06,10,-0.15698272799232618
2012-01-09,10,-0.16192683109184342
2012-01-10,10,-0.14061585005243724
2012-01-11,10,-0.12058091672807522
2012-01-12,10,-0.10355790699513538
2012-01-13,10,-0.11565789669968463
2012-01-17,10,-0.112443338784494
2012-01-18,10,-0.0905930962931271
2012-01-19,10,-0.07166701015835135
2012-01-20,10,-0.05498917586459704
2012-01-23,10,-0.01179394177724737
2012-01-24,10,-0.040470485861013865
2012-01-25,10,-0.039440625983925094
2012-01-26,10,-0.06546748412113423
2012-01-27,10,-0.01784507600305051
2012-01-30,10,0.033690309359590866
2012-01-31,10,-0.004417072539167549
2012-02-01,10,-0.05674490760343267
2012-02-02,10,-0.05135741755968586
2012-02-03,10,-0.05533051840699786
2012-02-06,10,-0.02826898515804493
2012-02-07,10,-0.04457250698986119
2012-02-08,10,-0.04686876447618235
2012-02-09,10,-0.048150403321666514
2012-02-10,10,-0.03045385666657365
2012-02-13,10,-0.09503055878393701
2012-02-14,10,-0.10995221613383228
2012-02-15,10,-0.04083315170024366
2012-02-16,10,-0.07052871774493187
2012-02-17,10,-0.08451411431789695
2012-02-21,10,-0.12904161257284116
2012-02-22,10,-0.09171609699437443
2012-02-23,10,-0.08819843548485427
2012-02-24,10,-0.033272577481413795
2012-02-27,10,-0.07420137087652057
2012-02-28,10,0.009999649293237994
2012-02-29,10,0.07971753719550027
2012-03-01,10,0.05591042489665608
2012-03-02,10,0.0006018525765900533
2012-03-05,10,0.016192438619904725
2012-03-06,10,0.0428963848068413
2012-03-07,10,0.06943179323001783
2012-03-08,10,0.02516753717241163
2012-03-09,10,0.04027352176211258
2012-03-12,10,0.08785313622247737
2012-03-13,10,0.05057736099015874
2012-03-14,10,0.003689647619445451
2012-03-15,10,-0.04305718841802694
2012-03-16,10,-0.032859046558520275
2012-03-19,10,-0.01584232672850876
2012-03-20,10,0.06307145816411011
2012-03-21,10,0.012335328642534539
2012-03-22,10,0.05072928315320124
2012-03-23,10,0.016206680906621758
2012-03-26,10,-0.0962287556073024
2012-03-27,10,-0.037196951904944306
2012-03-28,10,-0.005042242276333832
2012-03-29,10,0.07109741793880131
2012-03-30,10,0.04418520253180809
2012-04-02,10,0.04179009839073377
2012-04-03,10,0.06265479986755311
2012-04-04,10,0.09478096294857102
2012-04-05,10,0.09887269268508145
2012-04-09,10,0.09900182631959206
2012-04-10,10,0.09060429570837272
2012-04-11,10,0.09409043654667056
2012-04-12,10,0.08279309250802898
2012-04-13,10,0.07009564610286413
2012-04-16,10,0.051887148842237364
2012-04-17,10,0.050197872334676076
2012-04-18,10,0.03602622190227929
2012-04-19,10,0.06195798337585225
2012-04-20,10,0.044557601324633635
2012-04-23,10,0.07029370348599037
2012-04-24,10,0.0815543086970241
2012-04-25,10,0.08830241243427726
2012-04-26,10,0.11146662390902284
2012-04-27,10,0.12562220892268677
2012-04-30,10,0.12184767119928945
2012-05-01,10,0.14859125249769495
2012-05-02,10,0.14326387469950075
2012-05-03,10,0.09333981393677084
2012-05-04,10,0.10107421841869088
2012-05-07,10,0.1057912197778483
2012-05-08,10,0.1711002820332296
2012-05-09,10,0.14234234873722057
2012-05-10,10,0.15599794106768541
2012-05-11,10,0.0972917454262458
2012-05-14,10,0.0424117745113421
2012-05-15,10,0.039844874574691116
2012-05-16,10,0.02594335543714838
2012-05-17,10,0.026662614864370486
2012-05-18,10,0.02801018824572351
2012-05-21,10,0.05086031852044898
2012-05-22,10,-0.08163923565375779
2012-05-23,10,-0.051990228191814564
2012-05-24,10,-0.0560831627305837
2012-05-25,10,0.07896436501585173
2012-05-29,10,0.09350957642483626
2012-05-30,10,0.05394576675144969
2012-05-31,10,0.040930080424517866
2012-06-01,10,-0.007581830114894631
2012-06-04,10,0.04630120503165458
2012-06-05,10,0.03712808730804136
2012-06-06,10,0.09218331415729364
2012-06-07,10,0.1644991274747867
2012-06-08,10,0.12111827733306313
2012-06-11,10,0.0824784979142019
2012-06-12,10,0.13273966442062296
2012-06-13,10,0.026308816256304338
2012-06-14,10,0.00912553153309593
2012-06-15,10,-0.00587814186163682
2012-06-18,10,-0.03275932575746316
2012-06-19,10,-0.034069422877151666
2012-06-20,10,-0.01015510795860318
2012-06-21,10,-0.03115289260941367
2012-06-22,10,0.03967592039741226
2012-06-25,10,0.03759307018822317
2012-06-26,10,-0.0014766141956598126
2012-06-27,10,0.05098020335345409
2012-06-28,10,0.0602934989484784
2012-06-29,10,0.13009947742533493
2012-07-02,10,0.1071331962759951
2012-07-03,10,0.07599348008066763
2012-07-05,10,0.028540750375007837
2012-07-06,10,-0.001881224276453721
2012-07-09,10,0.0013518790614594131
2012-07-10,10,-0.007958431055310765
2012-07-11,10,-0.03524767561640482
2012-07-12,10,-0.0684966123384129
2012-07-13,10,-0.10801853397791307
2012-07-16,10,-0.10875664940090034
2012-07-17,10,-0.13890872294517786
2012-07-18,10,-0.07119120634105015
2012-07-19,10,0.04943611778261817
2012-07-20,10,-0.020073012267711972
2012-07-23,10,-0.09138271719443951
2012-07-24,10,-0.1862652917281731
2012-07-25,10,-0.1839739723909664
2012-07-26,10,-0.2193251797067805
2012-07-27,10,-0.21232908581881124
2012-07-30,10,-0.21236844624784293
2012-07-31,10,-0.17440819188197307
2012-08-01,10,-0.19204322635914348
2012-08-02,10,-0.2738672936600991
2012-08-03,10,-0.23709816156894253
2012-08-06,10,-0.19511526198049323
2012-08-07,10,-0.1347965317104346
2012-08-08,10,-0.0771457903940369
2012-08-09,10,-0.048731970661944096
2012-08-10,10,-0.008195722187282426
2012-08-13,10,-0.003817179037468373
2012-08-14,10,-0.04868667105681617
2012-08-15,10,-0.014627658637653525
2012-08-16,10,-0.01231656832392107
2012-08-17,10,0.00793504394989282
2012-08-20,10,0.05352203158428741
2012-08-21,10,0.04740990364142539
2012-08-22,10,0.020204112506915693
2012-08-23,10,-0.025478406205610638
2012-08-24,10,-0.03780012077092842
2012-08-27,10,-0.06248008667395995
2012-08-28,10,-0.03760478157599456
2012-08-29,10,-0.03783041189536663
2012-08-30,10,-0.0760538798464362
2012-08-31,10,-0.06740705573670766
2012-09-04,10,-0.12670153869115416
2012-09-05,10,-0.06384516456399564
2012-09-06,10,-0.021304437525652975
2012-09-07,10,0.0025277194986699316
2012-09-10,10,-0.015338588500084934
2012-09-11,10,-0.0007903165806786278
2012-09-12,10,-0.07676958789557187
2012-09-13,10,-0.020880466112762515
2012-09-14,10,-0.051912409837748946
2012-09-17,10,-0.03672229880265004
2012-09-18,10,0.012166117391306524
2012-09-19,10,-0.018256757756138935
2012-09-20,10,0.0072138431014538654
2012-09-21,10,-0.002276574081071944
2012-09-24,10,0.010504742306078493
2012-09-25,10,0.0367230850049915
2012-09-26,10,0.10791384872180236
2012-09-27,10,0.02493180458039256
2012-09-28,10,0.02168719223145479
2012-10-01,10,-0.0007779575944606723
2012-10-02,10,0.03961994739241824
2012-10-03,10,0.009973906546864187
2012-10-04,10,-0.004408914785111911
2012-10-05,10,0.022835368281870987
2012-10-08,10,0.057456284973798726
2012-10-09,10,0.018677412346771366
2012-10-10,10,0.03697943410654012
2012-10-11,10,-0.022834743694060525
2012-10-12,10,-0.02236171328091092
2012-10-15,10,0.012847413496428222
2012-10-16,10,-0.026576393806568236
2012-10-17,10,-0.029594939947032415
2012-10-18,10,-0.026749405146242813
2012-10-19,10,-0.026166705856759138
2012-10-22,10,-0.02646942973622798
2012-10-23,10,-0.008050668999046901
2012-10-24,10,-0.027223108992596577
2012-10-25,10,0.015159947348534295
2012-10-26,10,0.03567704897586092
2012-10-31,10,-0.013912787246934516
2012-11-01,10,-0.028516226794359154
2012-11-02,10,0.027558568042320306
2012-11-05,10,0.02427242099257015
2012-11-06,10,0.07025857838578169
2012-11-07,10,0.028767956549972124
2012-11-08,10,-0.024988774333866575
2012-11-09,10,-0.012643886679370896
2012-11-12,10,-0.03241649787616632
2012-11-13,10,-0.09003896308764141
2012-11-14,10,-0.14291004422903594
2012-11-15,10,-0.10717830346640846
2012-11-16,10,-0.10361759080247418
2012-11-19,10,-0.08677967364104557
2012-11-20,10,-0.15662304139548294
2012-11-21,10,-0.1265560640056206
2012-11-23,10,-0.10049115294566975
2012-11-26,10,-0.08889780488591599
2012-11-27,10,-0.11815521050716016
2012-11-28,10,-0.11160961493801146
2012-11-29,10,-0.06325312670956207
2012-11-30,10,-0.03340890698633676
2012-12-03,10,-0.061556005066010666
2012-12-04,10,-0.10007374651712068
2012-12-05,10,-0.11143756444544652
2012-12-06,10,-0.08296141036856829
2012-12-07,10,-0.09176064803525683
2012-12-10,10,-0.08058631025844729
2012-12-11,10,-0.057464711419418044
2012-12-12,10,-0.032225891043699176
2012-12-13,10,-0.04644359160265773
2012-12-14,10,-0.08506422713485672
2012-12-17,10,-0.06608585096784832
2012-12-18,10,-0.009622721007100694
2012-12-19,10,-0.013800146877071007
2012-12-20,10,-0.015987974228775865
2012-12-21,10,0.016998318394766683
2012-12-24,10,0.035380397016077314
2012-12-26,10,0.007954830005100121
2012-12-27,10,-0.017504629507418844
2012-12-28,10,0.018824380847529524
2012-12-31,10,0.01094868955169038
2013-01-02,10,0.025135569554355162
2013-01-03,10,0.0686528833309817
2013-01-04,10,0.0798884289425447
2013-01-07,10,0.07513280538964003
2013-01-08,10,0.07240928110661267
2013-01-09,10,0.0376409092226498
2013-01-10,10,0.08781370575556399
2013-01-11,10,0.09426854977835664
2013-01-14,10,0.06413181978863144
2013-01-15,10,0.058756199673309674
2013-01-16,10,0.030574854094497107
2013-01-17,10,0.04747840131614962
2013-01-18,10,0.06479442415581402
2013-01-22,10,0.08686738999195517
2013-01-23,10,0.08222516045925084
2013-01-24,10,0.07243429418458772
2013-01-25,10,0.0752225881705831
2013-01-28,10,0.06744849159595198
2013-01-29,10,0.1232763383331735
2013-01-30,10,0.15663532361441282
2013-01-31,10,0.18077894353188553
2013-02-01,10,0.16810098159332015
2013-02-04,10,0.13517123468300982
2013-02-05,10,0.03138045709755088
2013-02-06,10,0.013071788726123863
2013-02-07,10,0.04722416935524313
2013-02-08,10,-0.03534146567321131
2013-02-11,10,0.0020055520300632907
2013-02-12,10,-0.0015544963704554333
2013-02-13,10,-0.054030377080467575
2013-02-14,10,-0.07124467038857188
2013-02-15,10,-0.034224952683031384
2013-02-19,10,-0.024632269050336792
2013-02-20,10,0.04355580000158241
2013-02-21,10,0.07926320893412189
2013-02-22,10,0.060166224166187936
2013-02-25,10,0.10816560357601371
2013-02-26,10,0.07554834318323375
2013-02-27,10,0.07643676096344812
2013-02-28,10,0.058457300588618366
2013-03-01,10,-0.015974770073936183
2013-03-04,10,-0.07071026336630713
2013-03-05,10,-0.06105354695752128
2013-03-06,10,-0.017896424050517275
2013-03-07,10,-0.003888762923176031
2013-03-08,10,0.016397560212030274
2013-03-11,10,0.04909073871764598
2013-03-12,10,0.11576263704205625
2013-03-13,10,0.07759243095171221
2013-03-14,10,0.08203524228636619
2013-03-15,10,0.0995706176588316
2013-03-18,10,0.08001229246921993
2013-03-19,10,0.012524994527996691
2013-03-20,10,-0.003823656744241411
2013-03-21,10,0.006738875848045757
2013-03-22,10,0.031203930554158966
2013-03-25,10,-0.009348944569032147
2013-03-26,10,-0.06126244822778338
2013-03-27,10,-0.06070117485051432
2013-03-28,10,-0.04721803598437643
2013-04-01,10,-0.03881981370516895
2013-04-02,10,0.005191538362712416
2013-04-03,10,0.09510492403358084
2013-04-04,10,0.08066491961263594
2013-04-05,10,0.11261723048655796
2013-04-08,10,0.10159256337169315
2013-04-09,10,0.10725549458190405
2013-04-10,10,0.09945694041585763
2013-04-11,10,0.04340799014738556
2013-04-12,10,0.055443511760046756
2013-04-15,10,-0.006199245870771752
2013-04-16,10,-0.051833100498604776
2013-04-17,10,-0.05774322550932194
2013-04-18,10,-0.06637946484680372
2013-04-19,10,-0.1448623900469683
2013-04-22,10,-0.16115163356960546
2013-04-23,10,-0.16422414979812744
2013-04-24,10,-0.16572352662628387
2013-04-25,10,-0.10035763206733089
2013-04-26,10,-0.08823559097105112
2013-04-29,10,-0.039401629717508976
2013-04-30,10,-0.0465401197401317
2013-05-01,10,-0.07649397154488036
2013-05-02,10,-0.08805562439196277
2013-05-03,10,-0.054005752296140894
2013-05-06,10,-0.07014318483892028
2013-05-07,10,-0.06334563069826651
2013-05-08,10,-0.024437372029594142
2013-05-09,10,-0.0034789937243828034
2013-05-10,10,-0.011130572141748184
2013-05-13,10,-0.056463390901108856
2013-05-14,10,-0.1070901329142931
2013-05-15,10,-0.1527794055581641
2013-05-16,10,-0.09539404114475873
2013-05-17,10,-0.1018188014410713
2013-05-20,10,-0.06724011453508753
2013-05-21,10,-0.10684466391053063
2013-05-22,10,-0.07748979090864613
2013-05-23,10,-0.03206663952901895
2013-05-24,10,0.0058232534346340115
2013-05-28,10,0.013481675048810475
2013-05-29,10,0.04520433161810829
2013-05-30,10,0.04113253862718771
2013-05-31,10,0.055591440841741106
2013-06-03,10,0.06170347853131974
2013-06-04,10,0.04937104397241273
2013-06-05,10,0.05004662109455648
2013-06-06,10,0.06513245762454853
2013-06-07,10,0.015384681949981098
2013-06-10,10,-0.0048033863983895095
2013-06-11,10,0.007070015908855798
2013-06-12,10,0.060530787559966555
2013-06-13,10,0.08245451481610182
2013-06-14,10,0.09164832518267738
2013-06-17,10,0.08594144753204566
2013-06-18,10,0.08543370109518143
2013-06-19,10,0.0709338441263271
2013-06-20,10,0.10844123246416394
2013-06-21,10,0.12647773512039445
2013-06-24,10,0.07627661485226796
2013-06-25,10,0.07335772519207794
2013-06-26,10,-0.02055048484040892
2013-06-27,10,-0.008125123599686217
2013-06-28,10,0.009749829937792548
2013-07-01,10,-0.0551140286179679
2013-07-02,10,-0.06444956393060025
2013-07-03,10,-0.056895895199322186
2013-07-05,10,-0.13045438652752528
2013-07-08,10,-0.12979288004931025
2013-07-09,10,-0.12810038474196234
2013-07-10,10,-0.07335238730664688
2013-07-11,10,-0.007727285824885069
2013-07-12,10,-0.020822567846214127
2013-07-15,10,-0.07709569892680286
2013-07-16,10,-0.02864849736956524
2013-07-17,10,-0.008421446663084742
2013-07-18,10,0.007193334553542683
2013-07-19,10,0.04052586638513873
2013-07-22,10,0.07692279721503069
2013-07-23,10,0.06268468396518238
2013-07-24,10,0.06079196401647771
2013-07-25,10,0.03103350148763974
2013-07-26,10,0.017691269344898626
2013-07-29,10,0.04350562998552049
2013-07-30,10,0.05240275817702551
2013-07-31,10,0.04982138731936598
2013-08-01,10,-0.011019642408997108
2013-08-02,10,-0.019297450580588026
2013-08-05,10,-0.05444214014861014
2013-08-06,10,-0.022013796006180475
2013-08-07,10,-0.02504740460582159
2013-08-08,10,0.014494899575206563
2013-08-09,10,0.046215815926910916
2013-08-12,10,0.031850539059460045
2013-08-13,10,-0.04371201335599823
2013-08-14,10,0.008234641571630981
2013-08-15,10,0.1238905079925215
2013-08-16,10,0.03520108394529236
2013-08-19,10,0.07499528630472704
2013-08-20,10,0.08252650365008377
2013-08-21,10,0.0646601494575725
2013-08-22,10,0.025325358402963388
2013-08-23,10,0.009659526185185393
2013-08-26,10,0.015261996320778954
2013-08-27,10,0.03765333106483654
2013-08-28,10,0.00722884237898947
2013-08-29,10,0.002646914927894232
2013-08-30,10,0.018032201535172838
2013-09-03,10,-0.03753164280427301
2013-09-04,10,-0.03274323747126493
2013-09-05,10,0.0074536709679748755
2013-09-06,10,0.02012767165723389
2013-09-09,10,0.028388413771652108
2013-09-10,10,0.03068570755851088
2013-09-11,10,0.04713807622115227
2013-09-12,10,0.09317998884866588
2013-09-13,10,0.10522919930780775
2013-09-16,10,0.11483652804926354
2013-09-17,10,0.1279701762336505
2013-09-18,10,0.13842485930020462
2013-09-19,10,0.1117804062334103
2013-09-20,10,0.14203681810957267
2013-09-23,10,0.11099210227902652
2013-09-24,10,0.03601727017798712
2013-09-25,10,-0.004818049240614218
2013-09-26,10,0.044355929292493705
2013-09-27,10,0.061586874959712816
2013-09-30,10,0.03536941209730562
2013-10-01,10,-0.0014551406566766913
2013-10-02,10,-0.00028733601511527276
2013-10-03,10,0.01188276517508152
2013-10-04,10,0.011056917472893703
2013-10-07,10,0.04417278134104619
2013-10-08,10,0.05911091418704997
2013-10-09,10,0.02879856857717926
2013-10-10,10,0.04466966384247144
2013-10-11,10,0.006452992792548646
2013-10-14,10,-0.06009952479165303
2013-10-15,10,-0.04330201420823717
2013-10-16,10,-0.09282341405594532
2013-10-17,10,-0.0341160893889629
2013-10-18,10,-0.057572484028450964
2013-10-21,10,-0.05289954327694464
2013-10-22,10,0.01765137989630218
2013-10-23,10,0.005079622809872557
2013-10-24,10,-0.1038574087138586
2013-10-25,10,-0.022835262918989036
2013-10-28,10,0.02812928873583991
2013-10-29,10,0.01585438843941757
2013-10-30,10,0.03591776837239419
2013-10-31,10,0.0017818904700583353
2013-11-01,10,-0.011894629222794736
2013-11-04,10,-0.07479902939836458
2013-11-05,10,-0.1055175538766733
2013-11-06,10,-0.05398139717915779
2013-11-07,10,0.04835898669399735
2013-11-08,10,-0.002775589646365734
2013-11-11,10,-0.04429947302167545
2013-11-12,10,-0.009109096365104315
2013-11-13,10,-0.047867282145005276
2013-11-14,10,-0.06985331351881127
2013-11-15,10,-0.031288744493860904
2013-11-18,10,-0.00920988574000506
2013-11-19,10,-0.0043054621228419965
2013-11-20,10,-0.0003639928088938494
2013-11-21,10,-0.019118163866270823
2013-11-22,10,-0.05197892326612575
2013-11-25,10,-0.026664487599619303
2013-11-26,10,-0.08179680999038748
2013-11-27,10,-0.031557448653414526
2013-11-29,10,0.011348444180477353
2013-12-02,10,0.007036198381246298
2013-12-03,10,-0.014767330736630873
2013-12-04,10,0.016762346622107103
2013-12-05,10,0.005425384062167285
2013-12-06,10,-0.016032216405873247
2013-12-09,10,-0.023577078646782514
2013-12-10,10,-0.05454112411321768
2013-12-11,10,-0.03797468857952937
2013-12-12,10,-0.1144572403597061
2013-12-13,10,-0.12754593193637015
2013-12-16,10,-0.14322716193390309
2013-12-17,10,-0.11606643655574991
2013-12-18,10,-0.13258768410912708
2013-12-19,10,-0.1270717256750914
2013-12-20,10,-0.09777566295424493
2013-12-23,10,-0.060489827969698234
2013-12-24,10,-0.012353760340287038
2013-12-26,10,-0.014074929724418834
2013-12-27,10,-0.014544891066057853
2013-12-30,10,0.006717263156206528
2013-12-31,10,-0.017035701622569153
2014-01-02,10,-0.0044770993323271745
2014-01-03,10,-0.0069371009854543525
2014-01-06,10,-0.011605053012438785
2014-01-07,10,-0.020299627850790966
2014-01-08,10,-0.025603640821531406
2014-01-09,10,-0.06126072948059989
2014-01-10,10,-0.0665268025570644
2014-01-13,10,-0.003962159795144196
2014-01-14,10,-0.021288195714798366
2014-01-15,10,0.02624047337140817
2014-01-16,10,0.0557249086542239
2014-01-17,10,0.011162157821641214
2014-01-21,10,0.041781599100119936
2014-01-22,10,0.03647131216633224
2014-01-23,10,0.06585088124928316
2014-01-24,10,0.1383410501520415
2014-01-27,10,0.13195227190089312
2014-01-28,10,0.09003134743860045
2014-01-29,10,0.06319762386619633
2014-01-30,10,0.040239609726898856
2014-01-31,10,0.008125632067683372
2014-02-03,10,-0.027934299489881884
2014-02-04,10,-0.0368229861741558
2014-02-05,10,0.05459411407484101
2014-02-06,10,0.0356984428437383
2014-02-07,10,0.031074173914843416
2014-02-10,10,0.03369306886160433
2014-02-11,10,0.011005662993788964
2014-02-12,10,0.005780698343816199
2014-02-13,10,-0.011937254478947985
2014-02-14,10,0.016034329187786318
2014-02-18,10,0.009278817421362356
2014-02-19,10,0.03647369645700619
2014-02-20,10,-0.04935313860983397
2014-02-21,10,-0.07643380515558633
2014-02-24,10,-0.09927000184482801
2014-02-25,10,-0.09182766134221972
2014-02-26,10,-0.06073956216978085
2014-02-27,10,-0.04260872277904259
2014-02-28,10,-0.011912264253259728
2014-03-03,10,-0.026869628926899283
2014-03-04,10,-0.010920557138588798
2014-03-05,10,-0.015064445112552097
2014-03-06,10,0.018317116041378624
2014-03-07,10,-0.01028732980646969
2014-03-10,10,-0.04956153628270433
2014-03-11,10,-0.04486263048505539
2014-03-12,10,-0.09284126697896698
2014-03-13,10,-0.09387019341450431
2014-03-14,10,-0.10620360182561181
2014-03-17,10,-0.12745951389153093
2014-03-18,10,-0.1320193113912896
2014-03-19,10,-0.1332452449676682
2014-03-20,10,-0.1669671268871692
2014-03-21,10,-0.1358706519502996
2014-03-24,10,-0.09408633381771264
2014-03-25,10,-0.10853567736962982
2014-03-26,10,-0.06440936290271099
2014-03-27,10,-0.0715378726427268
2014-03-28,10,-0.054788409316238254
2014-03-31,10,-0.07562019224233386
2014-04-01,10,-0.07075535873575536
2014-04-02,10,-0.0232823118028723
2014-04-03,10,0.021593650568370447
2014-04-04,10,0.06225943187462638
2014-04-07,10,0.04054646232229317
2014-04-08,10,0.05220546056183272
2014-04-09,10,0.05242227021482889
2014-04-10,10,0.03402829255413959
2014-04-11,10,0.031122212339889453
2014-04-14,10,0.03789857363722852
2014-04-15,10,0.043137034103428826
2014-04-16,10,0.020571089093769045
2014-04-17,10,0.03306620126202446
2014-04-21,10,0.032780215950172914
2014-04-22,10,0.034881877265792775
2014-04-23,10,0.049478035393234455
2014-04-24,10,0.030031414069639124
2014-04-25,10,0.015080756593875826
2014-04-28,10,0.005138170909962057
2014-04-29,10,0.041993709776292
2014-04-30,10,0.02660532229242427
2014-05-01,10,0.030470918892776967
2014-05-02,10,0.027246194122609556
2014-05-05,10,0.04171373302263854
2014-05-06,10,0.027908314393530937
2014-05-07,10,-0.018603812278430266
2014-05-08,10,-0.05060072089034
2014-05-09,10,-0.018156550592225134
2014-05-12,10,-0.06080751234318653
2014-05-13,10,-0.05445678375199385
2014-05-14,10,-0.055789115392512335
2014-05-15,10,-0.009262965539800211
2014-05-16,10,0.031175783497955238
2014-05-19,10,0.08117669668421737
2014-05-20,10,0.0961175615316526
2014-05-21,10,0.022926389364095134
2014-05-22,10,0.013006264770946617
2014-05-23,10,0.014841943389916934
2014-05-27,10,0.05639948705332559
2014-05-28,10,0.03936709341089809
2014-05-29,10,0.005685550074209658
2014-05-30,10,-0.03571181769276833
2014-06-02,10,-0.12803723714794588
2014-06-03,10,-0.19319843904200365
2014-06-04,10,-0.21914638871511763
2014-06-05,10,-0.1582935709204722
2014-06-06,10,-0.11935774556056249
2014-06-09,10,-0.09140570559336687
2014-06-10,10,-0.10890544265426484
2014-06-11,10,-0.07206875649288806
2014-06-12,10,-0.05956170188698934
2014-06-13,10,-0.07561567158367379
2014-06-16,10,-0.06814677417233166
2014-06-17,10,-0.05711912354021185
2014-06-18,10,-0.05910571020068875
2014-06-19,10,-0.056091007773353276
2014-06-20,10,-0.056417308797818706
2014-06-23,10,-0.006279740709060118
2014-06-24,10,0.05557589020493013
2014-06-25,10,0.09233087185258919
2014-06-26,10,0.09743452030538186
2014-06-27,10,0.12178030137429098
2014-06-30,10,0.10191141619182251
2014-07-01,10,0.11563575810475912
2014-07-02,10,0.11593072997077672
2014-07-03,10,0.14206152376908135
2014-07-07,10,0.1592984773895308
2014-07-08,10,0.1132602638301232
2014-07-09,10,0.06308290149122454
2014-07-10,10,0.057136051039443234
2014-07-11,10,0.05090809560643972
2014-07-14,10,0.042654166645595584
2014-07-15,10,0.03703190634700017
2014-07-16,10,0.005245940237941833
2014-07-17,10,-0.023401119767839148
2014-07-18,10,-0.011582203685743898
2014-07-21,10,0.00146697319506638
2014-07-22,10,-0.034042295904703285
2014-07-23,10,-0.08034453154205826
2014-07-24,10,-0.06862011308845448
2014-07-25,10,-0.09050950194685477
2014-07-28,10,-0.09646448223032349
2014-07-29,10,-0.07055824751545811
2014-07-30,10,-0.025741244374876494
2014-07-31,10,0.020454562322438016
2014-08-01,10,0.027576795246444324
2014-08-04,10,-0.0073388152538726775
2014-08-05,10,0.03067796063282645
2014-08-06,10,0.06002089955696216
2014-08-07,10,-0.011719748060486122
2014-08-08,10,0.01057006303789654
2014-08-11,10,0.014934332095308263
2014-08-12,10,-0.014323575500995106
2014-08-13,10,-0.03343090981516656
2014-08-14,10,-0.012910427464358583
2014-08-15,10,0.0046213117646863484
2014-08-18,10,0.03982198393245231
2014-08-19,10,0.08010574365469877
2014-08-20,10,0.07731509763396927
2014-08-21,10,0.11520857514106204
2014-08-22,10,0.11596966699694783
2014-08-25,10,0.11792062070433541
2014-08-26,10,0.10074779092584228
2014-08-27,10,0.09850862480119524
2014-08-28,10,0.08156798326010231
2014-08-29,10,0.058421701945756625
2014-09-02,10,0.09268803982343694
2014-09-03,10,0.08900687892383137
2014-09-04,10,0.09860507605034047
2014-09-05,10,0.12263573160613553
2014-09-08,10,0.12990412732316045
2014-09-09,10,0.12335963868085034
2014-09-10,10,0.15788134141723775
2014-09-11,10,0.18046817579552935
2014-09-12,10,0.20252959258584044
2014-09-15,10,0.20747353800506976
2014-09-16,10,0.19806169361441114
2014-09-17,10,0.1682759375320803
2014-09-18,10,0.1140120311127844
2014-09-19,10,0.12342176164638365
2014-09-22,10,0.10362020912273169
2014-09-23,10,0.14603852887337887
2014-09-24,10,0.11777323266719417
2014-09-25,10,0.1389917085560776
2014-09-26,10,0.09257109189800837
2014-09-29,10,0.025122090627832026
2014-09-30,10,-0.05411058949553252
2014-10-01,10,-0.10924724316814223
2014-10-02,10,-0.07879084389868114
2014-10-03,10,-0.061046940617416494
2014-10-06,10,-0.04199637286814241
2014-10-07,10,-0.0873237807588723
2014-10-08,10,0.008622431920378655
2014-10-09,10,-0.06885121439678939
2014-10-10,10,-0.06922748880763446
2014-10-13,10,-0.026256737104440413
2014-10-14,10,-0.09550323645826889
2014-10-15,10,-0.025528064650245458
2014-10-16,10,0.06731089867233551
2014-10-17,10,0.014909917400052984
2014-10-20,10,0.029720065673462963
2014-10-21,10,0.1245272310498531
2014-10-22,10,0.031737125451309564
2014-10-23,10,0.06277976934788318
2014-10-24,10,0.0017570097953961891
2014-10-27,10,-0.015065780420817307
2014-10-28,10,0.04790239592795744
2014-10-29,10,0.03225887224673704
2014-10-30,10,0.04712923736002027
2014-10-31,10,0.0610001136343202
2014-11-03,10,0.03791829113832838
2014-11-04,10,-0.06290514927374914
2014-11-05,10,0.003661023085417732
2014-11-06,10,-0.05740688251571706
2014-11-07,10,-0.06528824682820995
2014-11-10,10,-0.08887143797450885
2014-11-11,10,-0.06878243892830807
2014-11-12,10,-0.030427267847872655
2014-11-13,10,0.02107669923497565
2014-11-14,10,0.08898383892003692
2014-11-17,10,0.16163928842680944
2014-11-18,10,0.15785434700857193
2014-11-19,10,0.18424457831162938
2014-11-20,10,0.17337194124932542
2014-11-21,10,0.19554787535111748
2014-11-24,10,0.13955221615502258
2014-11-25,10,0.16502002785326092
2014-11-26,10,0.1667856758075167
2014-11-28,10,0.1377215266614075
2014-12-01,10,0.14776770524202415
2014-12-02,10,0.09941290013485891
2014-12-03,10,0.06836784831879457
2014-12-04,10,-0.030392261005609135
2014-12-05,10,-0.10068810251346348
2014-12-08,10,-0.12754828258712342
2014-12-09,10,-0.0674636030615803
2014-12-10,10,-0.1097698845792156
2014-12-11,10,-0.14836176459761283
2014-12-12,10,-0.1439183196398727
2014-12-15,10,-0.17648069638700498
2014-12-16,10,-0.16031533543245363
2014-12-17,10,-0.12047087234691761
2014-12-18,10,0.02584514022290423
2014-12-19,10,0.10736010154724551
2014-12-22,10,0.09007919283267907
2014-12-23,10,0.11544522108234381
2014-12-24,10,0.09063434782322284
2014-12-26,10,0.10534911337703956
2014-12-29,10,0.09144148816476387
2014-12-30,10,0.10712275951975252
2014-12-31,10,0.1061297345493737
2015-01-02,10,0.14029583903698245
2015-01-05,10,0.16633953200301452
2015-01-06,10,0.15272408500651743
2015-01-07,10,0.1419787400257232
2015-01-08,10,0.1285975937188336
2015-01-09,10,0.10249255190498473
2015-01-12,10,0.06553463347685293
2015-01-13,10,0.10401715874529516
2015-01-14,10,0.09012622410325474
2015-01-15,10,0.006752394283393654
2015-01-16,10,-0.03966134182928169
2015-01-20,10,-0.1867159520992434
2015-01-21,10,-0.13793542096521058
2015-01-22,10,-0.17028351826682325
2015-01-23,10,-0.19894746497828403
2015-01-26,10,-0.2303921598046464
2015-01-27,10,-0.20339376194861392
2015-01-28,10,-0.21070526450262012
2015-01-29,10,-0.23002485996680147
2015-01-30,10,-0.2814055803030473
2015-02-02,10,-0.23234869336025551
2015-02-03,10,-0.11191061024923632
2015-02-04,10,-0.18691167336734177
2015-02-05,10,-0.11461270630416881
2015-02-06,10,-0.03857180274666879
2015-02-09,10,-0.0023489800226209707
2015-02-10,10,-0.07286344405765995
2015-02-11,10,-0.047676896403411155
2015-02-12,10,-0.06368682355654295
2015-02-13,10,0.030848029167929822
2015-02-17,10,0.03781593021477794
2015-02-18,10,0.03804552048541896
2015-02-19,10,0.04017838805820892
2015-02-20,10,0.03917666526080815
2015-02-23,10,0.05230413136622455
2015-02-24,10,0.08679687670621837
2015-02-25,10,0.08543293745175069
2015-02-26,10,0.11116953355779735
2015-02-27,10,0.1374422152542865
2015-03-02,10,0.13498204600474115
2015-03-03,10,0.11796928791870957
2015-03-04,10,0.06929325010413405
2015-03-05,10,0.09669239583895588
2015-03-06,10,0.0652675528471538
2015-03-09,10,0.00883767394626817
2015-03-10,10,-0.010190391271607034
2015-03-11,10,-0.043904693949010795
2015-03-12,10,-0.020044196195214862
2015-03-13,10,0.010748767450602792
2015-03-16,10,-0.005982590264194047
2015-03-17,10,-0.020423590404217033
2015-03-18,10,-0.005656370485969294
2015-03-19,10,-0.09381508935261922
2015-03-20,10,-0.09796103581787369
2015-03-23,10,-0.07947750337297498
2015-03-24,10,-0.03808515853877115
2015-03-25,10,-0.04868793997698289
2015-03-26,10,-0.05205883848365692
2015-03-27,10,-0.09038122717876565
2015-03-30,10,-0.12750121927045574
2015-03-31,10,-0.18351333218825888
2015-04-01,10,-0.1279374863164844
2015-04-02,10,-0.11289179390991849
2015-04-06,10,-0.05912392736788585
2015-04-07,10,-0.010813712739413507
2015-04-08,10,-0.037606500597116656
2015-04-09,10,-0.04008177166485107
2015-04-10,10,-0.03640503438404348
2015-04-13,10,-0.049557987640257595
2015-04-14,10,-0.062475859108506726
2015-04-15,10,-0.07094138914214083
2015-04-16,10,-0.0864438823023077
2015-04-17,10,-0.050108531137902666
2015-04-20,10,-0.060938693947026674
2015-04-21,10,-0.06308003168697514
2015-04-22,10,-0.02195526293948566
2015-04-23,10,-0.028547021357818878
2015-04-24,10,0.0018099543319217838
2015-04-27,10,0.02562135944570686
2015-04-28,10,0.02627888405610202
2015-04-29,10,0.03576778162771023
2015-04-30,10,0.08646956001551723
2015-05-01,10,0.06045446403389892
2015-05-04,10,0.08255394191833773
2015-05-05,10,0.08822345934657955
2015-05-06,10,0.09090798788681416
2015-05-07,10,0.11351665307520756
2015-05-08,10,0.12163133848962066
2015-05-11,10,0.11630054476069969
2015-05-12,10,0.10336579719683595
2015-05-13,10,0.09284295614771815
2015-05-14,10,0.11562029966988298
2015-05-15,10,0.12321083932914216
2015-05-18,10,0.12437208008600134
2015-05-19,10,0.13221527487079093
2015-05-20,10,0.11600376845506617
2015-05-21,10,0.11019490888168514
2015-05-22,10,0.10306278897584108
2015-05-26,10,0.11810171499155392
2015-05-27,10,0.1241556966542824
2015-05-28,10,0.11694013358003325
2015-05-29,10,0.08395708226512343
2015-06-01,10,0.08329176654899703
2015-06-02,10,0.10452524023432515
2015-06-03,10,0.09162212251852607
2015-06-04,10,0.07699524611231284
2015-06-05,10,0.0571204183502593
2015-06-08,10,0.06683746859565128
2015-06-09,10,0.028028792020897007
2015-06-10,10,0.006179319370275802
2015-06-11,10,0.06323218232575348
2015-06-12,10,0.07545547262677606
2015-06-15,10,0.051635202164174256
2015-06-16,10,0.09857348493583244
2015-06-17,10,0.10219288453879431
2015-06-18,10,0.12167474648426808
2015-06-19,10,0.10978018185773487
2015-06-22,10,0.07705700258788226
2015-06-23,10,0.04762722289733181
2015-06-24,10,0.0576279899417029
2015-06-25,10,0.031003537140812987
2015-06-26,10,0.033309419057184604
2015-06-29,10,0.09446609714883586
2015-06-30,10,0.0982092829653184
2015-07-01,10,0.11915844958268021
2015-07-02,10,0.136314507569266
2015-07-06,10,0.16635982691381318
2015-07-07,10,0.17359395110416648
2015-07-08,10,0.1853703698748995
2015-07-09,10,0.19716547867020395
2015-07-10,10,0.21112430234681448
2015-07-13,10,0.2065976472874235
2015-07-14,10,0.1747094935053882
2015-07-15,10,0.12564658653234562
2015-07-16,10,0.07324276791146864
2015-07-17,10,0.09868760518638488
2015-07-20,10,0.09590194267506565
2015-07-21,10,0.1219494559558199
2015-07-22,10,0.10897856479893461
2015-07-23,10,0.07829555433348656
2015-07-24,10,0.084145398286569
2015-07-27,10,-0.0006749378256338294
2015-07-28,10,0.06965829101838243
2015-07-29,10,0.08070714336578479
2015-07-30,10,0.14601108197037382
2015-07-31,10,0.10950704582143905
2015-08-03,10,0.08293291003941239
2015-08-04,10,0.09304832798587123
2015-08-05,10,0.06831731793559831
2015-08-06,10,0.13677880872529868
2015-08-07,10,0.09210265507828747
2015-08-10,10,0.10488103665690351
2015-08-11,10,0.08993511568919871
2015-08-12,10,0.13928561035208994
2015-08-13,10,-0.015182072812507868
2015-08-14,10,-0.08692558146373183
2015-08-17,10,-0.16261040614278877
2015-08-18,10,-0.165233572751897
2015-08-19,10,-0.13984493549131236
2015-08-20,10,-0.1748473248015665
2015-08-21,10,-0.13515018559417633
2015-08-24,10,-0.1228972583664725
2015-08-25,10,-0.12887228396165581
2015-08-26,10,-0.09802796301764109
2015-08-27,10,0.07211308486570621
2015-08-28,10,0.1570160609495725
2015-08-31,10,0.13836340149553877
2015-09-01,10,0.051612881683412964
2015-09-02,10,0.0295900291972125
2015-09-03,10,0.09853208983926301
2015-09-04,10,0.1274183531758869
2015-09-08,10,0.19068471125508943
2015-09-09,10,0.2658063533589664
2015-09-10,10,0.2035562639915916
2015-09-11,10,0.19262774829970483
2015-09-14,10,0.16997525170992156
2015-09-15,10,0.18018678939148255
2015-09-16,10,0.2278445420281703
2015-09-17,10,0.2663182224680279
2015-09-18,10,0.1825276723105647
2015-09-21,10,0.05238811233973966
2015-09-22,10,-0.08438309365067975
2015-09-23,10,-0.21842054188198523
2015-09-24,10,-0.2287395049922171
2015-09-25,10,-0.2580304998759183
2015-09-28,10,-0.20063938592627195
2015-09-29,10,-0.182056365193494
2015-09-30,10,-0.19679577045642252
2015-10-01,10,-0.22456808748899942
2015-10-02,10,-0.11808701423001056
2015-10-05,10,0.003550993871146412
2015-10-06,10,0.05025703182948702
2015-10-07,10,0.13243943116612167
2015-10-08,10,0.16360222060870103
2015-10-09,10,0.14938336821072032
2015-10-12,10,0.1418094996746177
2015-10-13,10,0.16082124387048755
2015-10-14,10,0.12034057850478656
2015-10-15,10,0.10824712130043208
2015-10-16,10,0.09161938911384641
2015-10-19,10,0.0371412715983314
2015-10-20,10,-0.02648511457112676
2015-10-21,10,-0.0029715619616127497
2015-10-22,10,0.015350719180710373
2015-10-23,10,0.009609555119150825
2015-10-26,10,0.013751672359086
2015-10-27,10,-0.0064654028432069195
2015-10-28,10,0.09292847150671212
2015-10-29,10,0.10597248241678461
2015-10-30,10,0.10597963767840651
2015-11-02,10,0.13410461800255435
2015-11-03,10,0.18133385930232562
2015-11-04,10,0.14296744799431502
2015-11-05,10,0.11997832324130933
2015-11-06,10,0.12336061625533426
2015-11-09,10,0.1069802585526653
2015-11-10,10,0.08201221972154747
2015-11-11,10,0.018610862444038326
2015-11-12,10,0.01666625400186174
2015-11-13,10,0.01653592622166689
2015-11-16,10,0.03276368156962682
2015-11-17,10,-0.06629143330930586
2015-11-18,10,-0.03361005791736173
2015-11-19,10,0.01876629936440413
2015-11-20,10,0.07266283172512877
2015-11-23,10,0.09603494319840777
2015-11-24,10,0.08321542677420224
2015-11-25,10,0.0758068374238357
2015-11-27,10,0.08745611714003453
2015-11-30,10,0.11830080371544902
2015-12-01,10,0.09892422253713476
2015-12-02,10,0.08031547785912027
2015-12-03,10,0.04543760392658144
2015-12-04,10,-0.048801373944875555
2015-12-07,10,-0.08681609616624568
2015-12-08,10,-0.1441332929001015
2015-12-09,10,-0.15167030892826122
2015-12-10,10,-0.11850490377309647
2015-12-11,10,-0.09310760803512438
2015-12-14,10,-0.17491032000940399
2015-12-15,10,-0.1533035255657721
2015-12-16,10,-0.14403288541192252
2015-12-17,10,-0.18841364474710418
2015-12-18,10,-0.08872374062127102
2015-12-21,10,-0.0028573999194491206
2015-12-22,10,0.02156012022266604
2015-12-23,10,0.03362374060612023
2015-12-24,10,0.05126892275142092
2015-12-28,10,0.0824459553751319
2015-12-29,10,0.10781123654932728
2015-12-30,10,0.154104238630195
2015-12-31,10,0.1723766055024733
2016-01-04,10,0.21735790145675643
2016-01-05,10,0.19793958347378932
2016-01-06,10,0.14207758709659396
2016-01-07,10,0.08705523255392514
2016-01-08,10,0.12766243614138104
2016-01-11,10,0.031082173170034144
2016-01-12,10,0.0018819076632527628
2016-01-13,10,-0.0031624719452232287
2016-01-14,10,-0.04106823771046285
2016-01-15,10,-0.07620405995464793
2016-01-19,10,-0.09485314286287327
2016-01-20,10,-0.08798920481740732
2016-01-21,10,-0.06946715919191089
2016-01-22,10,-0.06036469657337656
2016-01-25,10,-0.031685586783320514
2016-01-26,10,0.035657872921906225
2016-01-27,10,0.04724046956054743
2016-01-28,10,0.05117721464059831
2016-01-29,10,0.07585630229873953
2016-02-01,10,0.033214504833775735
2016-02-02,10,-0.0855668789782018
2016-02-03,10,-0.0625569115158877
2016-02-04,10,0.039532925795303424
2016-02-05,10,-0.04803688429868523
2016-02-08,10,-0.14132183964312897
2016-02-09,10,-0.17999191977499332
2016-02-10,10,-0.16172647355749842
2016-02-11,10,-0.24089066222368755
2016-02-12,10,-0.2231303854842889
2016-02-16,10,-0.21038615454206208
2016-02-17,10,-0.20363979598598048
2016-02-18,10,-0.2892310191180507
2016-02-19,10,-0.2947261097824574
2016-02-22,10,-0.2907819906835712
2016-02-23,10,-0.28709298181081827
2016-02-24,10,-0.28565101009873173
2016-02-25,10,-0.22339116819733193
2016-02-26,10,-0.2286864561048044
2016-02-29,10,-0.21271829417333382
2016-03-01,10,-0.07880331595002688
2016-03-02,10,-0.09447700130591065
2016-03-03,10,-0.06208208942347968
2016-03-04,10,-0.09924796890626485
2016-03-07,10,-0.1112451087675402
2016-03-08,10,-0.1374905819324686
2016-03-09,10,-0.09363312492814169
2016-03-10,10,-0.1339777698846922
2016-03-11,10,-0.026983235693804404
2016-03-14,10,-0.02267244878095254
2016-03-15,10,-0.07093279518438855
2016-03-16,10,-0.07556585368737054
2016-03-17,10,-0.018953422122781585
2016-03-18,10,-0.04806937556709213
2016-03-21,10,-0.04363231007967043
2016-03-22,10,-0.0404031621698037
2016-03-23,10,-0.044846115193237
2016-03-24,10,-0.06777165620286572
2016-03-28,10,-0.07136247501435446
2016-03-29,10,-0.056300040275917854
2016-03-30,10,-0.11766031033715495
2016-03-31,10,-0.09285656275409965
2016-04-01,10,-0.10589012678453885
2016-04-04,10,-0.11746469679912294
2016-04-05,10,-0.07279604137911547
2016-04-06,10,-0.07179047447913249
2016-04-07,10,-0.10277036735546786
2016-04-08,10,-0.09696458108527808
2016-04-11,10,-0.12767259329945
2016-04-12,10,-0.10406952371446833
2016-04-13,10,-0.02484796077995068
2016-04-14,10,-0.04176985363007064
2016-04-15,10,-0.056587547302802695
2016-04-18,10,-0.03004058663468797
2016-04-19,10,-0.07850531431254268
2016-04-20,10,-0.10266746392363445
2016-04-21,10,-0.07646556471836254
2016-04-22,10,-0.05830289727746653
2016-04-25,10,-0.07880194069930374
2016-04-26,10,-0.08706670758509462
2016-04-27,10,-0.11047183189406852
2016-04-28,10,-0.10061621165725676
2016-04-29,10,-0.08557112611606896
2016-05-02,10,-0.04495905176215514
2016-05-03,10,-0.008965688836559328
2016-05-04,10,0.03306928201495543
2016-05-05,10,0.05054052883311254
2016-05-06,10,0.04174284651388192
2016-05-09,10,0.11739331291054725
2016-05-10,10,0.09660216935257092
2016-05-11,10,0.11694550423416086
2016-05-12,10,0.09192132737730689
2016-05-13,10,0.0765227796806668
2016-05-16,10,0.07378127054926892
2016-05-17,10,0.0605893302476031
2016-05-18,10,0.08746352080206926
2016-05-19,10,0.08624874511747208
2016-05-20,10,0.09293246224751485
2016-05-23,10,0.0636708830367373
2016-05-24,10,0.06584581207125866
2016-05-25,10,0.08141050674187424
2016-05-26,10,0.02030905317734517
2016-05-27,10,0.044939347852658455
2016-05-31,10,0.04191961126167249
2016-06-01,10,0.01959284003220542
2016-06-02,10,-0.015964158292460652
2016-06-03,10,-0.021663981522206523
2016-06-06,10,0.007857267895440325
2016-06-07,10,0.04757398016794864
2016-06-08,10,0.03950305730886933
2016-06-09,10,0.03848431147405859
2016-06-10,10,0.04396502035449139
2016-06-13,10,0.06983751597694526
2016-06-14,10,0.06926414579716585
2016-06-15,10,0.08615700664788598
2016-06-16,10,0.08269949018740273
2016-06-17,10,0.07775056228793968
2016-06-20,10,0.09645471317424009
2016-06-21,10,0.07806376671853989
2016-06-22,10,0.08660199134165705
2016-06-23,10,0.05240385908690907
2016-06-24,10,0.028521322137781798
2016-06-27,10,-0.07416000800909348
2016-06-28,10,-0.07207552582027697
2016-06-29,10,-0.08015790009894971
2016-06-30,10,-0.08025647866208094
2016-07-01,10,-0.031126537972269195
2016-07-05,10,-0.0962627654679568
2016-07-06,10,-0.13727815354248998
2016-07-07,10,-0.1191328290755749
2016-07-08,10,-0.08529979249987218
2016-07-11,10,-0.057317689367410794
2016-07-12,10,-0.028038608748105338
2016-07-13,10,-0.027857523376344038
2016-07-14,10,0.02185592308617024
2016-07-15,10,0.003334978018119858
2016-07-18,10,0.020097313227660975
2016-07-19,10,0.041488723178863526
2016-07-20,10,0.023597423255022374
2016-07-21,10,0.058220806834565625
2016-07-22,10,-0.002672261907572294
2016-07-25,10,-0.04133379655447721
2016-07-26,10,-0.009057708638997523
2016-07-27,10,0.012719954021009306
2016-07-28,10,0.0027108948723232086
2016-07-29,10,-0.01265267914368367
2016-08-01,10,-0.02016449539747085
2016-08-02,10,-0.05715512333830267
2016-08-03,10,-0.009847818155171181
2016-08-04,10,0.004977881405482065
2016-08-05,10,0.036301728273383606
2016-08-08,10,0.05492502577944145
2016-08-09,10,0.05354307583300811
2016-08-10,10,0.03462590258972594
2016-08-11,10,0.056910964573295045
2016-08-12,10,0.03500516766658633
2016-08-15,10,0.029200687603477805
2016-08-16,10,0.005114679111549602
2016-08-17,10,-0.02068020622628867
2016-08-18,10,-0.0693885843470535
2016-08-19,10,-0.07059988998155435
2016-08-22,10,-0.036082151172181796
2016-08-23,10,-0.0290905083554987
2016-08-24,10,-0.022049170885314023
2016-08-25,10,-0.06393987599038248
2016-08-26,10,-0.06008887517115715
2016-08-29,10,-0.11281498622361014
2016-08-30,10,-0.028570346222511558
2016-08-31,10,0.02139196079328333
2016-09-01,10,0.04019669482279365
2016-09-02,10,0.04422242799296977
2016-09-06,10,0.01592474659388952
2016-09-07,10,0.07503461197577725
2016-09-08,10,0.07182505871230668
2016-09-09,10,0.08832420679610252
2016-09-12,10,0.05631358943821523
2016-09-13,10,0.07325205472305996
2016-09-14,10,0.02767895145936254
2016-09-15,10,-0.0036464582536627926
2016-09-16,10,-0.0005644225311072762
2016-09-19,10,-0.005038030806462856
2016-09-20,10,0.013863584739555939
2016-09-21,10,0.030916074319383473
2016-09-22,10,0.045400960022767375
2016-09-23,10,0.06654004276366282
2016-09-26,10,0.09314931122485753
2016-09-27,10,0.0597590364527716
2016-09-28,10,0.04417815125636769
2016-09-29,10,0.004073136662824459
2016-09-30,10,-0.03366571792284568
2016-10-03,10,-0.021145709398128827
2016-10-04,10,-0.060705747273157744
2016-10-05,10,-0.08000318924779638
2016-10-06,10,-0.07720447373770356
2016-10-07,10,-0.07350814272914923
2016-10-10,10,-0.060504322593166134
2016-10-11,10,-0.043332407871422556
2016-10-12,10,-0.04658607533724875
2016-10-13,10,-0.030001483750393375
2016-10-14,10,-0.053051865954921604
2016-10-17,10,-0.04828052809045593
2016-10-18,10,-0.03945361959137661
2016-10-19,10,-0.05312224934805633
2016-10-20,10,-0.030499833681537823
2016-10-21,10,-0.05650126342191542
2016-10-24,10,-0.036551255021685304
2016-10-25,10,-0.03306927881709575
2016-10-26,10,-0.028104706912320254
2016-10-27,10,-0.05128755714049812
2016-10-28,10,-0.0560210214990861
2016-10-31,10,-0.09562176072362888
2016-11-01,10,-0.09342874332547348
2016-11-02,10,-0.08290348665949765
2016-11-03,10,-0.09019940574311847
2016-11-04,10,-0.08941835409280047
2016-11-07,10,-0.10325866234889856
2016-11-08,10,-0.12945858179969275
2016-11-09,10,-0.04100832717729524
2016-11-10,10,0.024802936025919212
2016-11-11,10,0.018958691174006292
2016-11-14,10,0.011331610289000645
2016-11-15,10,0.08612448448437943
2016-11-16,10,0.1156120587165533
2016-11-17,10,0.11998036188167151
2016-11-18,10,0.06889677473637622
2016-11-21,10,0.12265517575706233
2016-11-22,10,0.11948498568276487
2016-11-23,10,0.11344241941368456
2016-11-25,10,0.07531170117024352
2016-11-28,10,0.06626072392845675
2016-11-29,10,0.033688963704871754
2016-11-30,10,0.03311939076340309
2016-12-01,10,0.014424424854387184
2016-12-02,10,-0.06857309985634379
2016-12-05,10,-0.010542816605002626
2016-12-06,10,0.01118393907122513
2016-12-07,10,-0.018751594313940658
2016-12-08,10,-0.06573161442939353
2016-12-09,10,-0.03802941512899173
2016-12-12,10,-0.003936002975037641
2016-12-13,10,0.007811866684239625
2016-12-14,10,0.00011741577975809929
2016-12-15,10,-0.0675936308110478
2016-12-16,10,-0.030174641673589467
2016-12-19,10,-0.08738738878685068
2016-12-20,10,-0.24992668980427443
2016-12-21,10,-0.27034652926799496
2016-12-22,10,-0.26684897915867983
2016-12-23,10,-0.19708634546707357
2016-12-27,10,-0.1804505310817145
2016-12-28,10,-0.21410181193285482
2016-12-29,10,-0.2176825923657322
2016-12-30,10,-0.26836980452299053
2017-01-03,10,-0.18450743674104472
2017-01-04,10,-0.19768215896301877
2017-01-05,10,-0.11050903024834627
2017-01-06,10,-0.0694333497402882
2017-01-09,10,-0.03082352949911346
2017-01-10,10,-0.04887169435359182
2017-01-11,10,-0.048629676923670394
2017-01-12,10,-0.0027227941464318577
2017-01-13,10,-0.01716790322251067
2017-01-17,10,0.03601684660523989
2017-01-18,10,0.03234585601302379
2017-01-19,10,0.008133148155877566
2017-01-20,10,0.021432552857138472
2017-01-23,10,0.0012842870725171098
2017-01-24,10,-0.043513603818706545
2017-01-25,10,-0.10121981962485717
2017-01-26,10,-0.07726538684534806
2017-01-27,10,-0.1045788272456724
2017-01-30,10,-0.04845025258166291
2017-01-31,10,-0.04286710344064796
2017-02-01,10,-0.08913355785924092
2017-02-02,10,-0.06017709424359758
2017-02-03,10,-0.09025013416549453
2017-02-06,10,-0.08002798387155931
2017-02-07,10,-0.043136672625407935
2017-02-08,10,-0.041092942346638815
2017-02-09,10,-0.03202360208028004
2017-02-10,10,0.010889183174413734
2017-02-13,10,0.011362267528525608
2017-02-14,10,0.04125035952057016
2017-02-15,10,-7.73746325101834e-05
2017-02-16,10,0.0605186623731729
2017-02-17,10,0.066871726361381
2017-02-21,10,0.06257667611980185
2017-02-22,10,0.07030488463814323
2017-02-23,10,0.07610698730962723
2017-02-24,10,0.08848654512836762
2017-02-27,10,0.0927651650995231
2017-02-28,10,0.12338574659291153
2017-03-01,10,0.09842338963373445
2017-03-02,10,0.09455994751023034
2017-03-03,10,-0.0011980833104779016
2017-03-06,10,0.03464979960260114
2017-03-07,10,0.04157728470304159
2017-03-08,10,0.09941840479435732
2017-03-09,10,0.05862281285878477
2017-03-10,10,0.0893387125205605
2017-03-13,10,0.047793718821199975
2017-03-14,10,-0.021468102094226033
2017-03-15,10,-0.03496854415359073
2017-03-16,10,-0.04168680710704744
2017-03-17,10,0.00044947910111120407
2017-03-20,10,-0.0012654789163851054
2017-03-21,10,0.023984042741371666
2017-03-22,10,-0.014819764339083599
2017-03-23,10,-0.020945803558771126
2017-03-24,10,-0.07503952337257512
2017-03-27,10,-0.08889837556636354
2017-03-28,10,-0.11872562490383186
2017-03-29,10,0.008025809467164297
2017-03-30,10,0.05510351857855962
2017-03-31,10,0.10589839483137609
2017-04-03,10,0.02867530193907403
2017-04-04,10,-0.04748475928538852
2017-04-05,10,-0.06680012569226777
2017-04-06,10,-0.033495239263304194
2017-04-07,10,-0.01979277643710831
2017-04-10,10,0.024139174179722587
2017-04-11,10,0.014142615416289585
2017-04-12,10,0.013791524077426202
2017-04-13,10,0.0015796567005126926
2017-04-17,10,0.029620424031517944
2017-04-18,10,0.035981940454623704
2017-04-19,10,0.0727042354200345
2017-04-20,10,0.09202928495160131
2017-04-21,10,0.09452350534312147
2017-04-24,10,0.09179175938715152
2017-04-25,10,0.08788615778752414
2017-04-26,10,0.09668727113758908
2017-04-27,10,0.1050961440485555
2017-04-28,10,0.1295735776817439
2017-05-01,10,0.09167224397015121
2017-05-02,10,0.09490876709299924
2017-05-03,10,0.10010331062335547
2017-05-04,10,0.1110931332207589
2017-05-05,10,0.11153410459436944
2017-05-08,10,0.14131811099760624
2017-05-09,10,0.10433760526937934
2017-05-10,10,0.1010050209043877
2017-05-11,10,0.1346202287480579
2017-05-12,10,0.11874552885057435
2017-05-15,10,0.11941273958991021
2017-05-16,10,0.10332297583088906
2017-05-17,10,0.07844500643918932
2017-05-18,10,0.06732395763034764
2017-05-19,10,0.07016510030569831
2017-05-22,10,0.10471602910654229
2017-05-23,10,0.10344569252516408
2017-05-24,10,0.07410667153897166
2017-05-25,10,-0.07471550937631109
2017-05-26,10,-0.1530470253089489
2017-05-30,10,-0.13930239462359603
2017-05-31,10,-0.13271730865315853
2017-06-01,10,-0.04403765137456878
2017-06-02,10,-0.051518310930919485
2017-06-05,10,-0.03429008296375765
2017-06-06,10,-0.023253200549885222
2017-06-07,10,0.011645360952040978
2017-06-08,10,-0.011980669473305582
2017-06-09,10,0.07576711294826637
2017-06-12,10,0.08665235967701894
2017-06-13,10,0.050995023104296856
2017-06-14,10,0.04509822533874772
2017-06-15,10,-0.024532403532229824
2017-06-16,10,-0.06679866639715322
2017-06-19,10,-0.15132541187590864
2017-06-20,10,-0.09709343968646023
2017-06-21,10,-0.11745251644727457
2017-06-22,10,-0.06044577978876909
2017-06-23,10,-0.020444397423178925
2017-06-26,10,0.027466124539039172
2017-06-27,10,0.06770059064161035
2017-06-28,10,0.03147318648064747
2017-06-29,10,0.05546554120207109
2017-06-30,10,0.042672444671879785
2017-07-03,10,0.11605919153187995
2017-07-05,10,-0.008313941576436357
2017-07-06,10,-0.05791541470950353
2017-07-07,10,-0.04007728292350461
2017-07-10,10,0.01243693098438557
2017-07-11,10,-0.037040239601867836
2017-07-12,10,-0.05730590685995204
2017-07-13,10,-0.04404420793253773
2017-07-14,10,-0.010419499589276179
2017-07-17,10,-0.003273637843251251
2017-07-18,10,-0.00454308538993638
2017-07-19,10,0.051301669826113325
2017-07-20,10,0.08758233373791856
2017-07-21,10,0.05998074345841946
2017-07-24,10,0.033679179041288206
2017-07-25,10,0.061787251868675855
2017-07-26,10,0.07928725733173485
2017-07-27,10,0.08976864480237022
2017-07-28,10,0.09262050266574763
2017-07-31,10,0.08261429532568568
2017-08-01,10,0.10078443319245346
2017-08-02,10,0.09188802193092745
2017-08-03,10,0.10974363901387922
2017-08-04,10,0.12599348231569082
2017-08-07,10,0.1272516340379245
2017-08-08,10,0.09497962416320227
2017-08-09,10,0.10351961810107232
2017-08-10,10,0.09987410856691147
2017-08-11,10,0.1034075864289129
2017-08-14,10,0.11144800769921294
2017-08-15,10,0.04078100495485201
2017-08-16,10,0.06821678009925906
2017-08-17,10,0.05797795216244589
2017-08-18,10,0.048116524300088455
2017-08-21,10,0.020406121913473702
2017-08-22,10,0.00756426025808291
2017-08-23,10,0.05400926493726941
2017-08-24,10,0.05552831909195203
2017-08-25,10,0.04554624769687419
2017-08-28,10,-0.02037170687901274
2017-08-29,10,-0.10431450326181246
2017-08-30,10,-0.11184778279586895
2017-08-31,10,-0.1411068449822377
2017-09-01,10,-0.07459033397346296
2017-09-05,10,-0.07910902273264586
2017-09-06,10,-0.04941350193952429
2017-09-07,10,-0.12321959624422928
2017-09-08,10,-0.12661943313262883
2017-09-11,10,-0.10206255645061627
2017-09-12,10,-0.06513859490078044
2017-09-13,10,-0.006222686645163137
2017-09-14,10,0.012800257395473094
2017-09-15,10,0.059334789188836064
2017-09-18,10,0.028085900153729238
2017-09-19,10,-0.03812195658944084
2017-09-20,10,-0.010953649683473921
2017-09-21,10,-0.03250108667926227
2017-09-22,10,-0.03408434804319728
2017-09-25,10,0.02817104788633001
2017-09-26,10,0.03197226258778362
2017-09-27,10,0.05011811454109815
2017-09-28,10,0.03192595714661121
2017-09-29,10,0.010793804516607391
2017-10-02,10,0.059305823840471526
2017-10-03,10,0.05436148917660952
2017-10-04,10,0.05351435383300662
2017-10-05,10,0.05480586278713672
2017-10-06,10,0.07492642807653828
2017-10-09,10,0.05966839436347256
2017-10-10,10,0.11846234655502792
2017-10-11,10,0.09779003084243075
2017-10-12,10,0.0954597415186188
2017-10-13,10,0.14451145745832564
2017-10-16,10,0.12907324918399524
2017-10-17,10,0.17224097762584892
2017-10-18,10,0.16743557869922795
2017-10-19,10,0.19703288721132536
2017-10-20,10,0.22232320768005956
2017-10-23,10,0.1795956283681046
2017-10-24,10,0.1453947074074354
2017-10-25,10,0.12384625612870895
2017-10-26,10,0.09464393806165643
2017-10-27,10,0.09141782101442442
2017-10-30,10,0.09517607609165714
2017-10-31,10,0.07506454843372475
2017-11-01,10,0.07323636868310444
2017-11-02,10,0.0550742177169132
2017-11-03,10,0.00718810551287947
2017-11-06,10,0.031436816281848565
2017-11-07,10,0.058650859499055484
2017-11-08,10,0.052495598175621515
2017-11-09,10,0.09470655597837638
2017-11-10,10,0.07519654041183232
2017-11-13,10,0.058439680318145656
2017-11-14,10,-0.022925128233767595
2017-11-15,10,0.00018408500231568663
2017-11-16,10,-0.01717441419883076
2017-11-17,10,-0.031104140177963084
2017-11-20,10,-0.07113912488678827
2017-11-21,10,-0.09559128235993336
2017-11-22,10,-0.07511273974677148
2017-11-24,10,-0.10615380206374674
2017-11-27,10,-0.09660243611424851
2017-11-28,10,-0.15473700293501705
2017-11-29,10,-0.12932731376899412
2017-11-30,10,-0.14786941621559124
2017-12-01,10,-0.12884590864495446
2017-12-04,10,-0.08334191715130292
2017-12-05,10,-0.08949373097402132
2017-12-06,10,-0.06587021944572387
2017-12-07,10,-0.07889821114868499
2017-12-08,10,-0.08105344457968475
2017-12-11,10,-0.005247884413590441
2017-12-12,10,0.02703505551255593
2017-12-13,10,0.015978795055469768
2017-12-14,10,0.016752394987234968
2017-12-15,10,-0.0054474337911333695
2017-12-18,10,-0.051380817384188926
2017-12-19,10,-0.06170390420486356
2017-12-20,10,-0.05577088706355655
2017-12-21,10,-0.031920414696524804
2017-12-22,10,-0.025977816592184542
2017-12-26,10,-0.08502622339281944
2017-12-27,10,-0.07481772778778538
2017-12-28,10,-0.06025991267906624
2017-12-29,10,-0.07159518415277329
2018-01-02,10,-0.014788399999754172
2018-01-03,10,0.025903765849445405
2018-01-04,10,0.05451062643111629
2018-01-05,10,0.05865414023664563
2018-01-08,10,0.041211133518050336
2018-01-09,10,0.023220762197957292
2018-01-10,10,0.035248601616829286
2018-01-11,10,0.03363507060477685
2018-01-12,10,0.0395977416035009
2018-01-16,10,0.058624347336900154
2018-01-17,10,0.015802892121992658
2018-01-18,10,0.013407330126322123
2018-01-19,10,-0.030041340985947563
2018-01-22,10,-0.04560185498082269
2018-01-23,10,-0.0018064826011198489
2018-01-24,10,-0.006689432557243
2018-01-25,10,-0.05946688591546843
2018-01-26,10,-0.05872810177894919
2018-01-29,10,-0.04336658073838215
2018-01-30,10,0.005628723733285939
2018-01-31,10,0.028222456768970013
2018-02-01,10,0.038968652722444375
2018-02-02,10,0.04257980301155889
2018-02-05,10,0.014255711255435425
2018-02-06,10,0.011429158351466417
2018-02-07,10,0.023738674604529112
2018-02-08,10,0.05309359948847014
2018-02-09,10,0.04011600296907742
2018-02-12,10,0.05267756239793337
2018-02-13,10,0.02577700992381839
2018-02-14,10,0.005456538778040017
2018-02-15,10,0.03102620308608151
2018-02-16,10,0.02711514872121698
2018-02-20,10,-0.00011309956925073278
2018-02-21,10,0.0010841786575117671
2018-02-22,10,-0.04072920507614506
2018-02-23,10,-0.0588208923574141
2018-02-26,10,-0.05758418201522958
2018-02-27,10,-0.09222141351010801
2018-02-28,10,-0.11053998594003794
2018-03-01,10,-0.05535291497453473
2018-03-02,10,-0.08822873802180899
2018-03-05,10,-0.03361891147837876
2018-03-06,10,0.039511046947003935
2018-03-07,10,0.03742899436007633
2018-03-08,10,0.05180006887444332
2018-03-09,10,0.09966044795014163
2018-03-12,10,0.1772842513567276
2018-03-13,10,0.13594239806252761
2018-03-14,10,0.06474273137523417
2018-03-15,10,0.053184149187041854
2018-03-16,10,0.07927805571991267
2018-03-19,10,0.07201827090015442
2018-03-20,10,0.015362377986169429
2018-03-21,10,-0.010979692772428945
2018-03-22,10,-0.019570892597680373
2018-03-23,10,-0.030204430451639813
2018-03-26,10,-0.07907360470733811
2018-03-27,10,-0.022939794903927467
2018-03-28,10,0.039293277222955315
2018-03-29,10,0.0076052239621053445
2018-04-02,10,-0.035202573632723874
2018-04-03,10,-0.016482096429049735
2018-04-04,10,0.01569319895002844
2018-04-05,10,0.0936319391025665
2018-04-06,10,0.07269988242699787
2018-04-09,10,0.05892762771029548
2018-04-10,10,0.07667288082225206
2018-04-11,10,0.04147536371542887
2018-04-12,10,0.05989473746737358
2018-04-13,10,0.057981581832383645
2018-04-16,10,0.09780710770397175
2018-04-17,10,0.024794305627619403
2018-04-18,10,0.06499678137423237
2018-04-19,10,0.03516828008390136
2018-04-20,10,-0.00444705978327128
2018-04-23,10,-0.01041306401720389
2018-04-24,10,0.01705498721447533
2018-04-25,10,0.0622604798593997
2018-04-26,10,0.060331587342089286
2018-04-27,10,0.040756530456414246
2018-04-30,10,-0.024116313709688864
2018-05-01,10,0.048197573134959815
2018-05-02,10,0.037792551488281624
2018-05-03,10,0.03419781239788712
2018-05-04,10,0.06080214039902703
2018-05-07,10,0.07099429194792756
2018-05-08,10,0.01587612023512884
2018-05-09,10,0.030685784713625184
2018-05-10,10,0.02283599983144289
2018-05-11,10,0.008431859546488094
2018-05-14,10,0.10697453440840424
2018-05-15,10,0.10762320309568717
2018-05-16,10,0.12772759356304422
2018-05-17,10,0.12217187494590523
2018-05-18,10,0.10594733907394158
2018-05-21,10,0.12908818916234763
2018-05-22,10,0.1296114929090698
2018-05-23,10,0.062238540044228144
2018-05-24,10,0.028212038658137508
2018-05-25,10,0.03410842907554346
2018-05-29,10,-0.01325451790376501
2018-05-30,10,-0.03241181128315737
2018-05-31,10,-0.03514743445978439
2018-06-01,10,-0.06324387059310584
2018-06-04,10,-0.009490401032994731
2018-06-05,10,-0.014904575695665303
2018-06-06,10,0.013900022061227873
2018-06-07,10,0.029091595079944358
2018-06-08,10,0.049977225746979693
2018-06-11,10,0.07009322183358992
2018-06-12,10,0.10289423197445029
2018-06-13,10,0.07744691068353929
2018-06-14,10,0.08133099182022592
2018-06-15,10,0.04839797437547881
2018-06-18,10,0.04061091936790367
2018-06-19,10,0.01671956898370204
2018-06-20,10,0.004305460423428427
2018-06-21,10,0.023238525671679947
2018-06-22,10,-0.02647326893717006
2018-06-25,10,-0.007972690781197013
2018-06-26,10,0.009185237928584907
2018-06-27,10,0.008877833176561187
2018-06-28,10,-0.016980964225164284
2018-06-29,10,0.052923210958055085
2018-07-02,10,0.004684390339402789
2018-07-03,10,-0.030267147884342042
2018-07-05,10,-0.03346450089573903
2018-07-06,10,-0.00761358885181424
2018-07-09,10,0.060494336260809134
2018-07-10,10,0.04802733772380709
2018-07-11,10,0.05546017663284736
2018-07-12,10,-0.0025898231225512445
2018-07-13,10,-0.07902386618182072
2018-07-16,10,-0.14955561890850091
2018-07-17,10,-0.1732725887700513
2018-07-18,10,-0.10630998519875978
2018-07-19,10,-0.06424532542086811
2018-07-20,10,-0.09848402180620462
2018-07-23,10,-0.0880547814960727
2018-07-24,10,-0.049254477416139406
2018-07-25,10,-0.07202018704179487
2018-07-26,10,-0.04420190904705583
2018-07-27,10,0.03591842021097257
2018-07-30,10,0.07824707605501402
2018-07-31,10,0.10388122774427766
2018-08-01,10,0.10026809715678535
2018-08-02,10,0.07070070769999773
2018-08-03,10,0.09346289998478552
2018-08-06,10,0.10501291293681246
2018-08-07,10,0.1037763726735243
2018-08-08,10,0.13999530167706242
2018-08-09,10,0.19673162166015204
2018-08-10,10,0.14343212549562798
2018-08-13,10,0.04353374603823562
2018-08-14,10,-0.007413012677496465
2018-08-15,10,-0.0625575475957495
2018-08-16,10,0.030642186057610776
2018-08-17,10,0.04805511516582264
2018-08-20,10,0.09869928578151471
2018-08-21,10,0.10800768683660521
2018-08-22,10,0.14708198123114083
2018-08-23,10,0.10196903071182312
2018-08-24,10,0.12093739483870652
2018-08-27,10,0.17375152624479823
2018-08-28,10,0.14661839075588012
2018-08-29,10,0.1678840835897844
2018-08-30,10,0.11066116056726362
2018-08-31,10,0.08072085138772643
2018-09-04,10,0.01101367161095631
2018-09-05,10,-0.04538643062118473
2018-09-06,10,-0.11244727257051564
2018-09-07,10,-0.11333940116899306
2018-09-10,10,-0.08860347652178971
2018-09-11,10,-0.043313928505531174
2018-09-12,10,-0.026639264128433184
2018-09-13,10,0.00938053831434595
2018-09-14,10,-0.007837618710449556
2018-09-17,10,0.028193718436334655
2018-09-18,10,-0.022726710895198614
2018-09-19,10,0.053091843930391076
2018-09-20,10,0.08777347227535057
2018-09-21,10,0.08551837402542291
2018-09-24,10,0.02266066667043506
2018-09-25,10,0.005865455522106535
2018-09-26,10,-0.06657081628042268
2018-09-27,10,-0.11939668758026153
2018-09-28,10,-0.08086693701561723
2018-10-01,10,-0.0746460565399079
2018-10-02,10,-0.04519942045571534
2018-10-03,10,-0.038141684871184627
2018-10-04,10,-0.02563662533586979
2018-10-05,10,-0.07097737934189213
2018-10-08,10,-0.018924776764274398
2018-10-09,10,-0.0461767755482164
2018-10-10,10,0.029355069023356595
2018-10-11,10,0.03565620204379794
2018-10-12,10,0.02666984408981861
2018-10-15,10,0.019816723067404323
2018-10-16,10,-0.01985979226159756
2018-10-17,10,-0.009890423038646474
2018-10-18,10,-0.13169837547448188
2018-10-19,10,-0.14388684211732133
2018-10-22,10,-0.1403041952850386
2018-10-23,10,-0.1279346910912151
2018-10-24,10,-0.13757071025874315
2018-10-25,10,-0.06177682072978307
2018-10-26,10,-0.05377648254399391
2018-10-29,10,-0.03874538205615185
2018-10-30,10,-0.020753948105053398
2018-10-31,10,-0.04159429105900192
2018-11-01,10,0.08084658568048476
2018-11-02,10,0.0925710896856809
2018-11-05,10,0.07780185964494615
2018-11-06,10,0.04461422800255841
2018-11-07,10,0.002095656603695259
2018-11-08,10,-0.05355403398583678
2018-11-09,10,-0.054559651138762606
2018-11-12,10,-0.025339547647739945
2018-11-13,10,-0.037371572351013176
2018-11-14,10,-0.00857253515642621
2018-11-15,10,0.022279938038343824
2018-11-16,10,-0.03382608857546692
2018-11-19,10,0.04526368716982142
2018-11-20,10,0.06265053840333662
2018-11-21,10,0.15046901196898863
2018-11-23,10,0.15437172382235956
2018-11-26,10,0.17887558961802807
2018-11-27,10,0.15053757242354251
2018-11-28,10,0.20183461338310515
2018-11-29,10,0.2079702161862106
2018-11-30,10,0.16287800227274316
2018-12-03,10,0.14719801902055088
2018-12-04,10,0.12515437150940514
2018-12-06,10,0.16333547799061576
2018-12-07,10,0.1807322081546696
2018-12-10,10,0.15493779473157035
2018-12-11,10,0.0830474998095705
2018-12-12,10,0.08890558899812813
2018-12-13,10,0.015011124075771896
2018-12-14,10,0.01691700737928939
2018-12-17,10,-0.11098839156314806
2018-12-18,10,-0.06561285534117611
2018-12-19,10,-0.2407209393413252
2018-12-20,10,-0.3291381498293054
2018-12-21,10,-0.38108409418694944
2018-12-24,10,-0.37387877190621
2018-12-26,10,-0.35288179924863255
2018-12-27,10,-0.36079315348316304
2018-12-28,10,-0.35435798791115714
2018-12-31,10,-0.36208719493342484
2001-01-02,20,
2001-01-03,20,
2001-01-04,20,
2001-01-05,20,
2001-01-08,20,
2001-01-09,20,
2001-01-10,20,
2001-01-11,20,
2001-01-12,20,
2001-01-16,20,
2001-01-17,20,
2001-01-18,20,
2001-01-19,20,
2001-01-22,20,
2001-01-23,20,
2001-01-24,20,
2001-01-25,20,
2001-01-26,20,
2001-01-29,20,
2001-01-30,20,
2001-01-31,20,
2001-02-01,20,
2001-02-02,20,
2001-02-05,20,
2001-02-06,20,
2001-02-07,20,
2001-02-08,20,
2001-02-09,20,
2001-02-12,20,
2001-02-13,20,
2001-02-14,20,
2001-02-15,20,
2001-02-16,20,
2001-02-20,20,
2001-02-21,20,
2001-02-22,20,
2001-02-23,20,
2001-02-26,20,
2001-02-27,20,
2001-02-28,20,
2001-03-01,20,
2001-03-02,20,
2001-03-05,20,
2001-03-06,20,
2001-03-07,20,
2001-03-08,20,
2001-03-09,20,
2001-03-12,20,
2001-03-13,20,
2001-03-14,20,
2001-03-15,20,
2001-03-16,20,
2001-03-19,20,
2001-03-20,20,
2001-03-21,20,
2001-03-22,20,
2001-03-23,20,
2001-03-26,20,
2001-03-27,20,-0.009961983285403743
2001-03-28,20,-0.04269551627558762
2001-03-29,20,-0.052129830758068534
2001-03-30,20,-0.09679156974800024
2001-04-02,20,-0.11894218313018377
2001-04-03,20,-0.1555060287115349
2001-04-04,20,-0.15754142859038855
2001-04-05,20,-0.16113775030412825
2001-04-06,20,-0.1750666407682125
2001-04-09,20,-0.18854960466169013
2001-04-10,20,-0.160535809016274
2001-04-11,20,-0.14115653778907958
2001-04-12,20,-0.11334302576716768
2001-04-16,20,-0.11075100702313809
2001-04-17,20,-0.10340927809689038
2001-04-18,20,-0.07630664795699921
2001-04-19,20,-0.023633903434537945
2001-04-20,20,-0.019121948779782592
2001-04-23,20,-0.02569102022419359
2001-04-24,20,-0.060644979750116915
2001-04-25,20,-0.09473033259609709
2001-04-26,20,-0.09246563613390597
2001-04-27,20,-0.07063147987738966
2001-04-30,20,-0.06460072973632561
2001-05-01,20,-0.026326371498852686
2001-05-02,20,0.012657880639570638
2001-05-03,20,0.06911294765563544
2001-05-04,20,0.07286992827414907
2001-05-07,20,0.07016899246111723
2001-05-08,20,0.06609263987643971
2001-05-09,20,0.09304842030917611
2001-05-10,20,0.07900983779729531
2001-05-11,20,0.054090631181287874
2001-05-14,20,0.06316464908209664
2001-05-15,20,0.04719989599764836
2001-05-16,20,-0.007239961383732783
2001-05-17,20,-0.044120064939034226
2001-05-18,20,-0.05449761442207798
2001-05-21,20,-0.08668768672556304
2001-05-22,20,-0.044482662283189624
2001-05-23,20,-0.040281565094940484
2001-05-24,20,-0.05744313744551139
2001-05-25,20,-0.03283843928389821
2001-05-29,20,0.011843544279412704
2001-05-30,20,0.06370669159760164
2001-05-31,20,0.05954146191931454
2001-06-01,20,0.12465123045187051
2001-06-04,20,0.09783915377041161
2001-06-05,20,0.06694244909529587
2001-06-06,20,0.04054422904800632
2001-06-07,20,0.017463607143988886
2001-06-08,20,0.0220878856727412
2001-06-11,20,0.04343723104516379
2001-06-12,20,0.012923150017770571
2001-06-13,20,0.07027720594776563
2001-06-14,20,0.1074489941364023
2001-06-15,20,0.08015230008144492
2001-06-18,20,0.0772478599032679
2001-06-19,20,0.04706961509846271
2001-06-20,20,0.008464001542336948
2001-06-21,20,0.022562419158760002
2001-06-22,20,0.015749156687072604
2001-06-25,20,-0.018401478102312213
2001-06-26,20,-0.024462745938566434
2001-06-27,20,0.002403126538403324
2001-06-28,20,-0.0017692849331884964
2001-06-29,20,-0.0952620830592735
2001-07-02,20,-0.016137349035634126
2001-07-03,20,0.0221025303343911
2001-07-05,20,0.02354599563976689
2001-07-06,20,0.003189048463771719
2001-07-09,20,-0.014439738368280495
2001-07-10,20,-0.028966048537852816
2001-07-11,20,-0.0025038461010136116
2001-07-12,20,0.01066455087897277
2001-07-13,20,0.002060245860610078
2001-07-16,20,-0.007279442327439758
2001-07-17,20,0.008332822842557546
2001-07-18,20,-0.00731580516276162
2001-07-19,20,0.022346680189649828
2001-07-20,20,0.023037197776704824
2001-07-23,20,0.02503663991637588
2001-07-24,20,0.02329287448843387
2001-07-25,20,0.0565078862580783
2001-07-26,20,0.04217809933626347
2001-07-27,20,0.04783523303522656
2001-07-30,20,0.028512842054911686
2001-07-31,20,0.046203405722409135
2001-08-01,20,0.03932646142535355
2001-08-02,20,0.045905484780867305
2001-08-03,20,0.05928299700647673
2001-08-06,20,0.04920315213974702
2001-08-07,20,0.042103976317171575
2001-08-08,20,0.0621502507900147
2001-08-09,20,0.08005682302039815
2001-08-10,20,0.08264627541091181
2001-08-13,20,0.09102130684627191
2001-08-14,20,0.10340206892828621
2001-08-15,20,0.14629144332585303
2001-08-16,20,0.12786192386473114
2001-08-17,20,0.13291412203344247
2001-08-20,20,0.1273577774104388
2001-08-21,20,0.1537738906749884
2001-08-22,20,0.14732121835563872
2001-08-23,20,0.13041768101429754
2001-08-24,20,0.1351972358004784
2001-08-27,20,0.1342109422081726
2001-08-28,20,0.11846447330926822
2001-08-29,20,0.11400635516037559
2001-08-30,20,0.09667481310146109
2001-08-31,20,0.10165471773480476
2001-09-04,20,0.09299084329379441
2001-09-05,20,0.07493298900576646
2001-09-06,20,0.020535764509930058
2001-09-07,20,-0.01543762802597227
2001-09-10,20,-0.010855317601831845
2001-09-17,20,-0.07488034402837576
2001-09-18,20,-0.12236745236522045
2001-09-19,20,-0.15382156432251395
2001-09-20,20,-0.1637939351591454
2001-09-21,20,-0.135758942935365
2001-09-24,20,-0.10238998640637266
2001-09-25,20,-0.11558467667946552
2001-09-26,20,-0.15245805831626333
2001-09-27,20,-0.1988420894640143
2001-09-28,20,-0.21949311831268073
2001-10-01,20,-0.22217486715342807
2001-10-02,20,-0.19925273817836314
2001-10-03,20,-0.1471061805302974
2001-10-04,20,-0.11274220720121676
2001-10-05,20,-0.08654961565531874
2001-10-08,20,-0.10132410583862175
2001-10-09,20,-0.1343963338429426
2001-10-10,20,-0.11592624325643053
2001-10-11,20,-0.07274427636799143
2001-10-12,20,-0.06769221434092806
2001-10-15,20,-0.07153079416379064
2001-10-16,20,-0.09385101587673893
2001-10-17,20,-0.13780058307543433
2001-10-18,20,-0.16549848689901536
2001-10-19,20,-0.20746517412393886
2001-10-22,20,-0.22405593104135568
2001-10-23,20,-0.21217648012101473
2001-10-24,20,-0.24041363728640655
2001-10-25,20,-0.21996367540356446
2001-10-26,20,-0.18154976785346036
2001-10-29,20,-0.21290946861119156
2001-10-30,20,-0.23704521686842925
2001-10-31,20,-0.23773947785357705
2001-11-01,20,-0.23666518146884055
2001-11-02,20,-0.22870106262426
2001-11-05,20,-0.2241737297746016
2001-11-06,20,-0.22061995241999885
2001-11-07,20,-0.23031461542719311
2001-11-08,20,-0.19938557933443357
2001-11-09,20,-0.17520169972947358
2001-11-12,20,-0.1747195867536091
2001-11-13,20,-0.16288680703481973
2001-11-14,20,-0.17427849956403715
2001-11-15,20,-0.1732507140285662
2001-11-16,20,-0.12152075247961817
2001-11-19,20,-0.11557280943235304
2001-11-20,20,-0.0837242566632029
2001-11-21,20,-0.07925442377955598
2001-11-23,20,-0.09767465773820762
2001-11-26,20,-0.11005230490602064
2001-11-27,20,-0.10090006826164301
2001-11-28,20,-0.11177702079345098
2001-11-29,20,-0.10069476560665308
2001-11-30,20,-0.09294820591145578
2001-12-03,20,-0.12312520767866161
2001-12-04,20,-0.15246434735423842
2001-12-05,20,-0.13841948240635257
2001-12-06,20,-0.12194440906800107
2001-12-07,20,-0.1111859198249133
2001-12-10,20,-0.08904348167175134
2001-12-11,20,-0.05393145913465889
2001-12-12,20,-0.08660544619280214
2001-12-13,20,-0.05695933908926199
2001-12-14,20,-0.04583343341713029
2001-12-17,20,-0.07705138852492183
2001-12-18,20,-0.05339411792728685
2001-12-19,20,-0.07595552349226266
2001-12-20,20,-0.05146326062629293
2001-12-21,20,-0.03310525554007024
2001-12-24,20,-0.0021446821874782952
2001-12-26,20,-0.009434565949023806
2001-12-27,20,0.0017524405339719184
2001-12-28,20,-0.024738511631744037
2001-12-31,20,0.008772856593851838
2002-01-02,20,0.025376851338013647
2002-01-03,20,0.007164535324366075
2002-01-04,20,-0.04362147582825121
2002-01-07,20,-0.03911459349832032
2002-01-08,20,-0.03188511503971833
2002-01-09,20,-0.02236412618145928
2002-01-10,20,-0.026014219954609157
2002-01-11,20,0.016231017862761894
2002-01-14,20,0.039192076757536054
2002-01-15,20,0.02673053314251302
2002-01-16,20,0.021504401998745495
2002-01-17,20,-0.013237580311705015
2002-01-18,20,-0.02840182988802873
2002-01-22,20,-0.007109612655831596
2002-01-23,20,-0.013137405602951995
2002-01-24,20,-0.03579922055079856
2002-01-25,20,-0.016165093331728133
2002-01-28,20,-0.04213919723954291
2002-01-29,20,-0.01900925747942844
2002-01-30,20,-0.01842695940018678
2002-01-31,20,-0.009442426631488383
2002-02-01,20,0.01825357889019569
2002-02-04,20,-0.000544088177378073
2002-02-05,20,-0.07215197042484639
2002-02-06,20,-0.12195070350360035
2002-02-07,20,-0.14461512096644766
2002-02-08,20,-0.1331075046439702
2002-02-11,20,-0.08708131427798271
2002-02-12,20,-0.07886595925019835
2002-02-13,20,-0.0764937411288318
2002-02-14,20,-0.10305656652575418
2002-02-15,20,-0.10433612059010813
2002-02-19,20,-0.10601354841706799
2002-02-20,20,-0.12147527692770269
2002-02-21,20,-0.15891136930173025
2002-02-22,20,-0.1679472574375082
2002-02-25,20,-0.1767416352716604
2002-02-26,20,-0.18334135121829245
2002-02-27,20,-0.170092115094703
2002-02-28,20,-0.18520236281614075
2002-03-01,20,-0.16742250556435787
2002-03-04,20,-0.15590252392054466
2002-03-05,20,-0.09807816792819765
2002-03-06,20,-0.04380497109317214
2002-03-07,20,0.0192132751330353
2002-03-08,20,0.05006190349732454
2002-03-11,20,0.06726103665757856
2002-03-12,20,0.09022184368453459
2002-03-13,20,0.11094579354501817
2002-03-14,20,0.11609794876412381
2002-03-15,20,0.10395736472908297
2002-03-18,20,0.10545370904882986
2002-03-19,20,0.09866136340144162
2002-03-20,20,0.08237381692814427
2002-03-21,20,0.09450577568915533
2002-03-22,20,0.08818364585119043
2002-03-25,20,0.09031321402863442
2002-03-26,20,0.1090356908204864
2002-03-27,20,0.11742183760238192
2002-03-28,20,0.1318967593460264
2002-04-01,20,0.13606467897798497
2002-04-02,20,0.15922635377850208
2002-04-03,20,0.20525851845598717
2002-04-04,20,0.18806909992057433
2002-04-05,20,0.15494492594273582
2002-04-08,20,0.14524273465074847
2002-04-09,20,0.16335365598100218
2002-04-10,20,0.12216128979797841
2002-04-11,20,0.10503496829794151
2002-04-12,20,0.08049731381030568
2002-04-15,20,0.0649736088577432
2002-04-16,20,0.06941042694508462
2002-04-17,20,0.053205583510300386
2002-04-18,20,0.061748099802702586
2002-04-19,20,0.0404559587931741
2002-04-22,20,0.04270648421123543
2002-04-23,20,-0.0002731658468360586
2002-04-24,20,-0.005281481339150647
2002-04-25,20,-0.013848832664491752
2002-04-26,20,-0.021186232068286577
2002-04-29,20,-0.01928046247077824
2002-04-30,20,-0.03225263272387641
2002-05-01,20,-0.06242067936395675
2002-05-02,20,-0.06832846434326277
2002-05-03,20,-0.07142109182214006
2002-05-06,20,-0.11962716956485511
2002-05-07,20,-0.11808656441425772
2002-05-08,20,-0.07634487313782864
2002-05-09,20,-0.05832531783443426
2002-05-10,20,-0.07049660811492947
2002-05-13,20,-0.08799218810536795
2002-05-14,20,-0.07328833571035447
2002-05-15,20,-0.0539461123919976
2002-05-16,20,-0.02173400539503081
2002-05-17,20,-0.02516571522950368
2002-05-20,20,-0.03383706720754455
2002-05-21,20,-0.0064397930399861065
2002-05-22,20,-0.006740929471245508
2002-05-23,20,-0.009024410913127332
2002-05-24,20,-0.005003662438619249
2002-05-28,20,0.015923429358204694
2002-05-29,20,0.0657344160918896
2002-05-30,20,0.07430909237300488
2002-05-31,20,0.06140505109253398
2002-06-03,20,0.09017429617266899
2002-06-04,20,0.10980072290767005
2002-06-05,20,0.10102800369498435
2002-06-06,20,0.05881604981595359
2002-06-07,20,0.06673567860161807
2002-06-10,20,0.08181346795598027
2002-06-11,20,0.09105178751629135
2002-06-12,20,0.06628087708180604
2002-06-13,20,0.026379455187276777
2002-06-14,20,-0.01183816517439058
2002-06-17,20,0.025267997760493627
2002-06-18,20,0.002350870635969844
2002-06-19,20,-0.027530292239350704
2002-06-20,20,-0.04332765245620167
2002-06-21,20,-0.06545031707676774
2002-06-24,20,-0.016290209063698824
2002-06-25,20,-0.03943753677908331
2002-06-26,20,-0.01305757051089431
2002-06-27,20,-0.01103401635910723
2002-06-28,20,-0.03644897206794699
2002-07-01,20,-0.05264553522179051
2002-07-02,20,-0.042510168712432
2002-07-03,20,-0.001644382006526353
2002-07-05,20,0.05254555628260344
2002-07-08,20,0.07502646370982309
2002-07-09,20,0.06065346519334446
2002-07-10,20,0.05841027504332495
2002-07-11,20,0.08205650153139972
2002-07-12,20,0.11771858098665651
2002-07-15,20,0.12170793457119601
2002-07-16,20,0.11859369418860638
2002-07-17,20,0.11191854296460026
2002-07-18,20,0.09094145715386799
2002-07-19,20,0.07544729037032895
2002-07-22,20,0.06135327588251639
2002-07-23,20,0.05753851389268476
2002-07-24,20,-0.006576745114583064
2002-07-25,20,-0.10133727628175432
2002-07-26,20,-0.0805530171341379
2002-07-29,20,-0.0740919566904818
2002-07-30,20,-0.04979786788603883
2002-07-31,20,-0.0637675455853423
2002-08-01,20,-0.07534511469108057
2002-08-02,20,-0.1049735428236373
2002-08-05,20,-0.12290964763220838
2002-08-06,20,-0.11428784855450712
2002-08-07,20,-0.08340509378473093
2002-08-08,20,-0.10885728439154167
2002-08-09,20,-0.08586985881874956
2002-08-12,20,-0.10268476168091102
2002-08-13,20,-0.13312972180245045
2002-08-14,20,-0.10108228265348543
2002-08-15,20,-0.09058031209143898
2002-08-16,20,-0.05488130404887594
2002-08-19,20,-0.013250817089466325
2002-08-20,20,0.023855714658414292
2002-08-21,20,0.10377267347339143
2002-08-22,20,0.12648877613653153
2002-08-23,20,0.13329190027148488
2002-08-26,20,0.14594635022612792
2002-08-27,20,0.13721997406261696
2002-08-28,20,0.12250053743609869
2002-08-29,20,0.1387283978502
2002-08-30,20,0.15933138007061523
2002-09-03,20,0.15418465473643778
2002-09-04,20,0.1631051758033924
2002-09-05,20,0.16184820001621544
2002-09-06,20,0.17562772998998424
2002-09-09,20,0.15898742897581336
2002-09-10,20,0.17930168141711786
2002-09-11,20,0.20930324245191642
2002-09-12,20,0.20425305450158346
2002-09-13,20,0.1536463819366344
2002-09-16,20,0.12720447956638897
2002-09-17,20,0.07585073355880594
2002-09-18,20,0.1205729067491607
2002-09-19,20,0.0879182607514347
2002-09-20,20,0.09097811578660123
2002-09-23,20,0.0572808569478873
2002-09-24,20,0.06499056703917358
2002-09-25,20,0.04387711716998941
2002-09-26,20,0.028948802778341224
2002-09-27,20,-0.03090487575269056
2002-09-30,20,-0.09643048165862783
2002-10-01,20,-0.07682088019242374
2002-10-02,20,-0.09520520690667839
2002-10-03,20,-0.127970244029897
2002-10-04,20,-0.19624039226428575
2002-10-07,20,-0.2567317974017637
2002-10-08,20,-0.2704237295923456
2002-10-09,20,-0.3165827373644588
2002-10-10,20,-0.283194113720285
2002-10-11,20,-0.23981463059563474
2002-10-14,20,-0.23652759518422994
2002-10-15,20,-0.1935688223879919
2002-10-16,20,-0.2007612904881732
2002-10-17,20,-0.21223226047160457
2002-10-18,20,-0.15895943778999003
2002-10-21,20,-0.16760352607937895
2002-10-22,20,-0.1709841005022882
2002-10-23,20,-0.17156338898163717
2002-10-24,20,-0.1686447128618112
2002-10-25,20,-0.17111569384027536
2002-10-28,20,-0.16998115106283818
2002-10-29,20,-0.17147698720557086
2002-10-30,20,-0.18759820027173055
2002-10-31,20,-0.18942632872238122
2002-11-01,20,-0.17872768449052065
2002-11-04,20,-0.16611374150415759
2002-11-05,20,-0.1791637493289101
2002-11-06,20,-0.1394744207747932
2002-11-07,20,-0.1367935175148796
2002-11-08,20,-0.16823956942254711
2002-11-11,20,-0.16809732545676
2002-11-12,20,-0.18158739739071392
2002-11-13,20,-0.18258587629126644
2002-11-14,20,-0.1523347437121251
2002-11-15,20,-0.17974692058356695
2002-11-18,20,-0.17668454160301558
2002-11-19,20,-0.18315728995535552
2002-11-20,20,-0.20552087283318987
2002-11-21,20,-0.18792413109182263
2002-11-22,20,-0.15844583304058069
2002-11-25,20,-0.16462000750470343
2002-11-26,20,-0.17641384218040343
2002-11-27,20,-0.2179538620576757
2002-11-29,20,-0.2359120728290973
2002-12-02,20,-0.2481160249816669
2002-12-03,20,-0.22242897947258108
2002-12-04,20,-0.14617507465795895
2002-12-05,20,-0.1250891473009425
2002-12-06,20,-0.10791347258840052
2002-12-09,20,-0.0657500818791965
2002-12-10,20,-0.08880961318366054
2002-12-11,20,-0.07729052226977842
2002-12-12,20,-0.0733387976610045
2002-12-13,20,-0.0704674072577654
2002-12-16,20,-0.08955878647624502
2002-12-17,20,-0.09252960809389857
2002-12-18,20,-0.07618789345703067
2002-12-19,20,-0.07947745108422502
2002-12-20,20,-0.06893474092883987
2002-12-23,20,-0.037612890697006574
2002-12-24,20,-0.05040742705445875
2002-12-26,20,-0.06699343849112313
2002-12-27,20,-0.020277363739708096
2002-12-30,20,-0.01740958527891513
2002-12-31,20,-0.023384899144541674
2003-01-02,20,-0.09556337409820587
2003-01-03,20,-0.10130146215418527
2003-01-06,20,-0.11250922395105559
2003-01-07,20,-0.10269759904086218
2003-01-08,20,-0.08446977364907271
2003-01-09,20,-0.09801549009899606
2003-01-10,20,-0.09377597711719962
2003-01-13,20,-0.0903772061185452
2003-01-14,20,-0.10529512791673938
2003-01-15,20,-0.11984012838916812
2003-01-16,20,-0.11457671911706951
2003-01-17,20,-0.05448710738123012
2003-01-21,20,-0.04554448468249983
2003-01-22,20,-0.03725946562600896
2003-01-23,20,-0.05144532312200429
2003-01-24,20,-0.018282373828206567
2003-01-27,20,0.00493672003971298
2003-01-28,20,-0.014114168404299979
2003-01-29,20,-0.03257421299974987
2003-01-30,20,-0.030366233480127704
2003-01-31,20,-0.009168436579713637
2003-02-03,20,0.0031205226805544974
2003-02-04,20,0.04020312191069883
2003-02-05,20,0.02949677832753515
2003-02-06,20,0.04930174332790521
2003-02-07,20,0.01799941892558427
2003-02-10,20,-0.0047329104264037134
2003-02-11,20,-0.007376773697525942
2003-02-12,20,-0.023359349317366565
2003-02-13,20,-0.043246154633475066
2003-02-14,20,-0.06917047018097468
2003-02-18,20,-0.06119424820825301
2003-02-19,20,-0.10371400447974427
2003-02-20,20,-0.1301065763791518
2003-02-21,20,-0.149242845885132
2003-02-24,20,-0.11455986214624865
2003-02-25,20,-0.12268966505285592
2003-02-26,20,-0.1258345588208911
2003-02-27,20,-0.10285178162524983
2003-02-28,20,-0.05463355531768596
2003-03-03,20,-0.012781410326751147
2003-03-04,20,-0.03011314954787927
2003-03-05,20,-0.07350332556639537
2003-03-06,20,-0.0707651962268354
2003-03-07,20,-0.08150958695139086
2003-03-10,20,-0.12348300960740816
2003-03-11,20,-0.12735608895136677
2003-03-12,20,-0.13414174093308595
2003-03-13,20,-0.1350343679601198
2003-03-14,20,-0.0972514088781471
2003-03-17,20,-0.06481958021091505
2003-03-18,20,-0.026629176565747537
2003-03-19,20,0.004999696646164021
2003-03-20,20,-0.0026485285982710645
2003-03-21,20,0.009612638725333484
2003-03-24,20,0.001569260373196648
2003-03-25,20,-0.03660753779406224
2003-03-26,20,-0.06961322224037646
2003-03-27,20,-0.05824181601827039
2003-03-28,20,-0.08668647665808657
2003-03-31,20,-0.12146705817427177
2003-04-01,20,-0.1228911004387079
2003-04-02,20,-0.10249136281470357
2003-04-03,20,-0.15414666626017348
2003-04-04,20,-0.15616615468420988
2003-04-07,20,-0.17663752734687682
2003-04-08,20,-0.18782204059409247
2003-04-09,20,-0.17087314505381088
2003-04-10,20,-0.20363951603728822
2003-04-11,20,-0.2089547348224292
2003-04-14,20,-0.19656834054770536
2003-04-15,20,-0.19405282063735946
2003-04-16,20,-0.1921133567702236
2003-04-17,20,-0.18143970368082682
2003-04-21,20,-0.21253687181693143
2003-04-22,20,-0.17991211553757758
2003-04-23,20,-0.14245199101159356
2003-04-24,20,-0.11456548058753101
2003-04-25,20,-0.11297655262487959
2003-04-28,20,-0.09365050872737421
2003-04-29,20,-0.09829966518790109
2003-04-30,20,-0.06748001950741435
2003-05-01,20,-0.054428258871443876
2003-05-02,20,-0.05199608363959474
2003-05-05,20,-0.03530161935272506
2003-05-06,20,-0.0015088171366213856
2003-05-07,20,0.0362430966497958
2003-05-08,20,0.019535195286408322
2003-05-09,20,0.007171833576864643
2003-05-12,20,0.007869637245469357
2003-05-13,20,0.0024003035440655096
2003-05-14,20,0.01402497410580626
2003-05-15,20,-0.0023200430541926833
2003-05-16,20,0.001603737602013445
2003-05-19,20,0.06064419855630941
2003-05-20,20,0.08253175848789458
2003-05-21,20,0.06878732978768616
2003-05-22,20,0.04971005774867215
2003-05-23,20,-0.00407990969226819
2003-05-27,20,-0.024623563594320136
2003-05-28,20,-0.006535061248821407
2003-05-29,20,0.023543008262218224
2003-05-30,20,0.006026275724553862
2003-06-02,20,0.008676194202878847
2003-06-03,20,0.031038523666497227
2003-06-04,20,0.017110832036313663
2003-06-05,20,-0.03246291037561343
2003-06-06,20,0.06159293103466714
2003-06-09,20,0.14292417999305573
2003-06-10,20,0.12063026513594596
2003-06-11,20,0.03924159276143924
2003-06-12,20,0.045880496606882336
2003-06-13,20,0.08808030303264704
2003-06-16,20,0.057114741438459654
2003-06-17,20,0.026500476052521555
2003-06-18,20,-0.023304941373732423
2003-06-19,20,0.019545544378869083
2003-06-20,20,0.01986025985908895
2003-06-23,20,0.04326113191909325
2003-06-24,20,0.04002899309742056
2003-06-25,20,0.007132751925122155
2003-06-26,20,-0.01647805212235614
2003-06-27,20,-0.007668250429886047
2003-06-30,20,-0.010304674581955345
2003-07-01,20,0.0025951234241654965
2003-07-02,20,-0.015767172328484284
2003-07-03,20,-0.021490404766471228
2003-07-07,20,-0.05260799581217708
2003-07-08,20,-0.10298774759025225
2003-07-09,20,-0.12974538313485126
2003-07-10,20,-0.11279444477724637
2003-07-11,20,-0.103669009505268
2003-07-14,20,-0.10586211512853064
2003-07-15,20,-0.07036740334485354
2003-07-16,20,-0.05169984620170602
2003-07-17,20,0.01175875563725555
2003-07-18,20,0.007959495341822742
2003-07-21,20,0.032103621291119336
2003-07-22,20,0.03316890902975024
2003-07-23,20,0.026722847419516967
2003-07-24,20,0.012102620631137416
2003-07-25,20,0.009083134252162546
2003-07-28,20,-0.01597803246949643
2003-07-29,20,0.007562332077760346
2003-07-30,20,0.006775164532674556
2003-07-31,20,0.010168856741382343
2003-08-01,20,0.017247842670038673
2003-08-04,20,0.017884107860558347
2003-08-05,20,0.02199929349335941
2003-08-06,20,0.02732852363237239
2003-08-07,20,0.027153371291960163
2003-08-08,20,-0.007046779466355907
2003-08-11,20,-0.02064278242195869
2003-08-12,20,-0.03741665186962667
2003-08-13,20,-0.030374083328716144
2003-08-14,20,-0.008350182206700762
2003-08-15,20,0.004299391516665245
2003-08-18,20,-0.018279002001532155
2003-08-19,20,-0.018029258519188997
2003-08-20,20,-0.017006872792565547
2003-08-21,20,0.006067716512442664
2003-08-22,20,0.003175888729077077
2003-08-25,20,0.0233957484718865
2003-08-26,20,-0.003193382113545343
2003-08-27,20,-0.06738211502917678
2003-08-28,20,-0.11465178525284238
2003-08-29,20,-0.11773682232794543
2003-09-02,20,-0.12445254309050909
2003-09-03,20,-0.08347051981447226
2003-09-04,20,-0.054939787950413634
2003-09-05,20,0.004194252842940521
2003-09-08,20,0.0049670212257432855
2003-09-09,20,0.02402283368783623
2003-09-10,20,0.06147433370476944
2003-09-11,20,0.08018558503149038
2003-09-12,20,0.04701464548771703
2003-09-15,20,0.0585390410432761
2003-09-16,20,0.07107625707098947
2003-09-17,20,0.06505294465686452
2003-09-18,20,0.051522205832477304
2003-09-19,20,0.012492637137055349
2003-09-22,20,0.022419739507412485
2003-09-23,20,0.030365076768354204
2003-09-24,20,0.026384254614575917
2003-09-25,20,0.03482312834442977
2003-09-26,20,0.058676085537978956
2003-09-29,20,0.09800305480962454
2003-09-30,20,0.09802792585679976
2003-10-01,20,0.09156915829356506
2003-10-02,20,0.07256208044484903
2003-10-03,20,0.0653390967755225
2003-10-06,20,0.05648892616879673
2003-10-07,20,0.038977380081951035
2003-10-08,20,0.0291879450010344
2003-10-09,20,0.02441921591612112
2003-10-10,20,0.005763550953440318
2003-10-13,20,-0.027160123299703465
2003-10-14,20,-0.044548432052247636
2003-10-15,20,-0.004593938866867502
2003-10-16,20,0.005497233114414595
2003-10-17,20,0.013259660106491768
2003-10-20,20,-0.0034095005932665012
2003-10-21,20,-0.04129207258683929
2003-10-22,20,-0.030392289790288487
2003-10-23,20,0.0073359317323676175
2003-10-24,20,0.005928591569806066
2003-10-27,20,-2.25268654608844e-05
2003-10-28,20,-0.019850789176066738
2003-10-29,20,-0.01369768043626291
2003-10-30,20,0.02059928852617099
2003-10-31,20,0.06224889867247106
2003-11-03,20,0.019245695916838126
2003-11-04,20,-0.05652897608713519
2003-11-05,20,-0.10310906828652067
2003-11-06,20,-0.13128085892749236
2003-11-07,20,-0.11447833575998118
2003-11-10,20,-0.10535880647922721
2003-11-11,20,-0.1194618236251262
2003-11-12,20,-0.12207637319283801
2003-11-13,20,-0.11473820495063176
2003-11-14,20,-0.08267418786171069
2003-11-17,20,-0.08841407094446088
2003-11-18,20,-0.08106927765230024
2003-11-19,20,-0.08268499344174517
2003-11-20,20,-0.06933424055513485
2003-11-21,20,-0.07896649520184552
2003-11-24,20,-0.10517086576844822
2003-11-25,20,-0.09442448804837203
2003-11-26,20,-0.09311107499757071
2003-11-28,20,-0.10373767949047571
2003-12-01,20,-0.13320397552051833
2003-12-02,20,-0.13387805940861897
2003-12-03,20,-0.13278709201436026
2003-12-04,20,-0.1071210912171386
2003-12-05,20,-0.05457109882077241
2003-12-08,20,-0.07530797499583289
2003-12-09,20,-0.08112025601567249
2003-12-10,20,-0.05078237550051257
2003-12-11,20,-0.05418139298159111
2003-12-12,20,-0.06084679531050716
2003-12-15,20,-0.09096214237184237
2003-12-16,20,-0.07614705660036597
2003-12-17,20,-0.10204261922784655
2003-12-18,20,-0.06066237528384993
2003-12-19,20,-0.04179727729438654
2003-12-22,20,-0.031673930980315596
2003-12-23,20,-0.05126188849244963
2003-12-24,20,-0.048447766396977475
2003-12-26,20,-0.07419684827238941
2003-12-29,20,-0.10499740770660512
2003-12-30,20,-0.12805092180257696
2003-12-31,20,-0.10394933759042958
2004-01-02,20,-0.08890217061555354
2004-01-05,20,-0.09319357201631569
2004-01-06,20,-0.0964870983564765
2004-01-07,20,-0.08410996843895624
2004-01-08,20,-0.060618828554867846
2004-01-09,20,-0.03211470552284514
2004-01-12,20,-0.0536632117589346
2004-01-13,20,-0.01762818332314566
2004-01-14,20,-0.00848500594177218
2004-01-15,20,-0.026874130605441308
2004-01-16,20,-0.029921185485842564
2004-01-20,20,-0.08057352262553662
2004-01-21,20,-0.0835954068153976
2004-01-22,20,-0.08044489164962483
2004-01-23,20,-0.0857810313766421
2004-01-26,20,-0.0950230144205194
2004-01-27,20,-0.06257054026947949
2004-01-28,20,-0.04251049623940115
2004-01-29,20,-0.0104456087757369
2004-01-30,20,-0.002371383238788184
2004-02-02,20,-0.004221926580363255
2004-02-03,20,-0.020210133719447916
2004-02-04,20,0.012140811482523033
2004-02-05,20,0.03914668342341056
2004-02-06,20,0.008528960803947497
2004-02-09,20,-0.025205542712452237
2004-02-10,20,-0.05408980729133406
2004-02-11,20,-0.06870597200226428
2004-02-12,20,-0.08044175785032465
2004-02-13,20,-0.07110847744743484
2004-02-17,20,-0.10410214771993286
2004-02-18,20,-0.07818860664138741
2004-02-19,20,-0.05523621989193042
2004-02-20,20,-0.04549289167765189
2004-02-23,20,-0.05124646775786959
2004-02-24,20,-0.026982090441544832
2004-02-25,20,-0.04773343436861776
2004-02-26,20,-0.049140306741318335
2004-02-27,20,-0.05090431823567845
2004-03-01,20,-0.04144548072813863
2004-03-02,20,-0.013035794022657934
2004-03-03,20,0.003645901025094253
2004-03-04,20,0.000452395986136846
2004-03-05,20,-0.0014045945708688146
2004-03-08,20,0.004977856511600918
2004-03-09,20,-0.0009710008938583983
2004-03-10,20,0.015300345926647693
2004-03-11,20,0.0297166017947138
2004-03-12,20,0.033441905130471336
2004-03-15,20,-0.007734111470255307
2004-03-16,20,-0.017845977314557674
2004-03-17,20,-0.007191854750574351
2004-03-18,20,-0.007164396744924811
2004-03-19,20,-0.013857512427250675
2004-03-22,20,-0.019833354353715287
2004-03-23,20,-0.01326527848557748
2004-03-24,20,-0.03832865534139552
2004-03-25,20,-0.02417201056764136
2004-03-26,20,-0.024460689184381584
2004-03-29,20,-0.02122486402428005
2004-03-30,20,-0.0402947069734385
2004-03-31,20,-0.03381317130026987
2004-04-01,20,-0.009288755763643495
2004-04-02,20,-0.0005197922053483193
2004-04-05,20,0.005244387175071125
2004-04-06,20,0.017074169392720415
2004-04-07,20,0.02213341095933813
2004-04-08,20,0.037427560158698185
2004-04-12,20,0.025003950520500796
2004-04-13,20,0.04803161055061385
2004-04-14,20,0.06567104468014943
2004-04-15,20,0.11950039305660423
2004-04-16,20,0.1045555101588813
2004-04-19,20,0.0895093913717281
2004-04-20,20,0.10597843028703241
2004-04-21,20,0.10469968415754972
2004-04-22,20,0.12221430402404575
2004-04-23,20,0.11732342648449136
2004-04-26,20,0.09393726810568725
2004-04-27,20,0.07941515498174204
2004-04-28,20,0.08893983103912058
2004-04-29,20,0.0337995453772503
2004-04-30,20,-0.022637136708415006
2004-05-03,20,-0.03764819517941988
2004-05-04,20,0.017718211500572175
2004-05-05,20,0.03279503438957579
2004-05-06,20,0.0011136812297431631
2004-05-07,20,-0.04431535004511808
2004-05-10,20,-0.082619426747662
2004-05-11,20,-0.024036081876304655
2004-05-12,20,-0.02884002936600426
2004-05-13,20,0.0212092262303109
2004-05-14,20,-0.017535064009780416
2004-05-17,20,-0.04376336485427468
2004-05-18,20,-0.013725402802108367
2004-05-19,20,-0.014548834992978921
2004-05-20,20,-0.04705281234181699
2004-05-21,20,-0.06378652281520521
2004-05-24,20,-0.06072790237066873
2004-05-25,20,-0.02109580862501942
2004-05-26,20,0.009436946628214898
2004-05-27,20,0.029979909681861684
2004-05-28,20,0.03316497698668956
2004-06-01,20,0.024589378564557243
2004-06-02,20,0.05098464986131532
2004-06-03,20,0.04313570390694894
2004-06-04,20,0.06603894889476777
2004-06-07,20,0.07147122637860755
2004-06-08,20,0.0796699151731533
2004-06-09,20,0.07122737739082925
2004-06-10,20,0.06966975895746641
2004-06-14,20,0.052226610108342494
2004-06-15,20,0.05929224664915365
2004-06-16,20,0.04607939003669424
2004-06-17,20,0.061552985614869986
2004-06-18,20,0.054791190019590305
2004-06-21,20,0.07553216513134495
2004-06-22,20,0.06032088146787122
2004-06-23,20,0.03873803044910912
2004-06-24,20,0.06706800150718391
2004-06-25,20,0.056423721316835956
2004-06-28,20,0.05891399235329474
2004-06-29,20,0.07361155271830629
2004-06-30,20,0.09701157180539371
2004-07-01,20,0.09976653638046724
2004-07-02,20,0.11611366555815784
2004-07-06,20,0.11679397979036472
2004-07-07,20,0.10030564098950355
2004-07-08,20,0.09479901453498414
2004-07-09,20,0.0795245118353783
2004-07-12,20,0.09516972827520928
2004-07-13,20,0.07391739294612694
2004-07-14,20,0.06667866848207561
2004-07-15,20,0.09314975321023745
2004-07-16,20,0.06969095245905929
2004-07-19,20,0.050869473960166146
2004-07-20,20,0.0460098895253748
2004-07-21,20,0.04849311768834263
2004-07-22,20,0.07513059839101924
2004-07-23,20,0.025348864063622224
2004-07-26,20,0.012629864628151712
2004-07-27,20,-0.013981395256657371
2004-07-28,20,-0.06359812403553765
2004-07-29,20,-0.03586536466456586
2004-07-30,20,-0.05436689421444177
2004-08-02,20,-0.06584192833325403
2004-08-03,20,-0.037219863340223716
2004-08-04,20,-0.028383834284345603
2004-08-05,20,-0.03849314453007493
2004-08-06,20,-0.012343208777987856
2004-08-09,20,-0.024771856197008123
2004-08-10,20,-0.015538648583220453
2004-08-11,20,-0.039168081580061964
2004-08-12,20,-0.07602195984345363
2004-08-13,20,-0.13424141495729397
2004-08-16,20,-0.12456674968589751
2004-08-17,20,-0.05510112868756067
2004-08-18,20,-0.02915708615848306
2004-08-19,20,-0.07736828437683922
2004-08-20,20,-0.07861482619917241
2004-08-23,20,-0.038524679912976166
2004-08-24,20,-0.027042841822892693
2004-08-25,20,-0.031010271094759033
2004-08-26,20,-0.02068011742235391
2004-08-27,20,0.02445840392287332
2004-08-30,20,0.02581454213734535
2004-08-31,20,-0.007270690514085867
2004-09-01,20,0.014383565583535162
2004-09-02,20,-0.01678871762310574
2004-09-03,20,-0.054399095630228676
2004-09-07,20,-0.052834741760217005
2004-09-08,20,-0.0380019309555607
2004-09-09,20,-0.015699142969642654
2004-09-10,20,0.02111768152041822
2004-09-13,20,0.045599178235735886
2004-09-14,20,0.06477609041062464
2004-09-15,20,0.030559585686253915
2004-09-16,20,0.0588800443598472
2004-09-17,20,0.07843254400587134
2004-09-20,20,0.06943559910946522
2004-09-21,20,0.08711542333736459
2004-09-22,20,0.04477756830216488
2004-09-23,20,0.019535707098058817
2004-09-24,20,0.013724359069623939
2004-09-27,20,0.008842778510970354
2004-09-28,20,0.03726608313468652
2004-09-29,20,0.04688313080946363
2004-09-30,20,0.014932268633492705
2004-10-01,20,0.02942211034438027
2004-10-04,20,0.03675647806192396
2004-10-05,20,0.016488581242693204
2004-10-06,20,0.016426577983146114
2004-10-07,20,0.007293532696562044
2004-10-08,20,-0.01513851567371407
2004-10-11,20,-0.01682932331937683
2004-10-12,20,-0.021372531141880285
2004-10-13,20,-0.006112390973430669
2004-10-14,20,-0.022501315949188642
2004-10-15,20,-0.03252238894792529
2004-10-18,20,-0.061485651384366846
2004-10-19,20,-0.07316185501107729
2004-10-20,20,-0.10800994247787854
2004-10-21,20,-0.12134422685894958
2004-10-22,20,-0.1369723018433018
2004-10-25,20,-0.14914181284303685
2004-10-26,20,-0.12142652182027558
2004-10-27,20,-0.10685117428463681
2004-10-28,20,-0.10355609786158948
2004-10-29,20,-0.09409738824238978
2004-11-01,20,-0.06077743980295747
2004-11-02,20,-0.05902715475743263
2004-11-03,20,-0.07274993648769675
2004-11-04,20,-0.04969584409368163
2004-11-05,20,-0.007221513143823493
2004-11-08,20,-0.0430619896966925
2004-11-09,20,-0.02432754622391136
2004-11-10,20,-0.05560331255814958
2004-11-11,20,-0.04186508455883699
2004-11-12,20,-0.019904280842856035
2004-11-15,20,-0.020856332243228012
2004-11-16,20,-0.003912234263435347
2004-11-17,20,0.02404377432096123
2004-11-18,20,0.021238718204628016
2004-11-19,20,0.034245892746233374
2004-11-22,20,0.034614354504423725
2004-11-23,20,0.027873568223176097
2004-11-24,20,0.007952425389480615
2004-11-26,20,-0.011702049231036358
2004-11-29,20,-0.010309174448218248
2004-11-30,20,-0.02855711531998408
2004-12-01,20,-0.04899105039715101
2004-12-02,20,-0.03821667710819869
2004-12-03,20,-0.06384919630165843
2004-12-06,20,-0.10513938782358033
2004-12-07,20,-0.0595181385940806
2004-12-08,20,-0.07661596553386142
2004-12-09,20,-0.06569192480880964
2004-12-10,20,-0.06062882390577917
2004-12-13,20,-0.07805805535942345
2004-12-14,20,-0.09890038640837459
2004-12-15,20,-0.08787741443831706
2004-12-16,20,-0.07805382459941443
2004-12-17,20,-0.07707878500907185
2004-12-20,20,-0.05127655602030621
2004-12-21,20,-0.08360174978740335
2004-12-22,20,-0.07937600027875982
2004-12-23,20,-0.0822810353336564
2004-12-27,20,-0.0752545434995171
2004-12-28,20,-0.07366218366506964
2004-12-29,20,-0.052890878170124944
2004-12-30,20,-0.05082802133480327
2004-12-31,20,-0.0388569580833861
2005-01-03,20,-0.029602469014755363
2005-01-04,20,0.002538783169167379
2005-01-05,20,0.03598110149800135
2005-01-06,20,0.05156299924218085
2005-01-07,20,0.06387100437885342
2005-01-10,20,0.05509400513492212
2005-01-11,20,0.07765892291495247
2005-01-12,20,0.08221962774905668
2005-01-13,20,0.04749571188936724
2005-01-14,20,0.04152289868369515
2005-01-18,20,0.019211610573363878
2005-01-19,20,0.03226535991760735
2005-01-20,20,0.03767771583957552
2005-01-21,20,0.035820183531080685
2005-01-24,20,0.006773282271427656
2005-01-25,20,0.02275347293151709
2005-01-26,20,0.039844967771497375
2005-01-27,20,0.057453791019159886
2005-01-28,20,0.046353100777391215
2005-01-31,20,0.023845357482354414
2005-02-01,20,0.06564637624554834
2005-02-02,20,0.0701250647652529
2005-02-03,20,0.05219351291680104
2005-02-04,20,0.026669409387558952
2005-02-07,20,0.019528311792010457
2005-02-08,20,0.016038067662104305
2005-02-09,20,-0.010460205902116082
2005-02-10,20,0.025831787031620045
2005-02-11,20,0.02866505681752729
2005-02-14,20,0.02726800423882121
2005-02-15,20,0.0412655692031898
2005-02-16,20,0.02519796388397403
2005-02-17,20,0.039004033072627356
2005-02-18,20,0.05363484432859388
2005-02-22,20,0.06313099260726424
2005-02-23,20,0.0531093243269965
2005-02-24,20,0.024353090124894866
2005-02-25,20,0.0016515225992702832
2005-02-28,20,-0.020136904009821856
2005-03-01,20,-0.023419665368058173
2005-03-02,20,-0.015183207657946538
2005-03-03,20,0.029337308565798366
2005-03-04,20,0.020913343698954413
2005-03-07,20,0.018223305467656985
2005-03-08,20,0.03867924262910958
2005-03-09,20,0.04833497367920387
2005-03-10,20,0.05828423806839072
2005-03-11,20,0.06850683561753958
2005-03-14,20,0.06583884753000774
2005-03-15,20,0.04691252694520766
2005-03-16,20,0.05058583594365705
2005-03-17,20,0.021540346654607516
2005-03-18,20,0.026445472193893996
2005-03-21,20,0.04364417907546392
2005-03-22,20,0.03963682121595711
2005-03-23,20,0.04514398937099824
2005-03-24,20,0.066120487324489
2005-03-28,20,0.0779300361034783
2005-03-29,20,0.08316421572100781
2005-03-30,20,0.09789185572104013
2005-03-31,20,0.07936034041859845
2005-04-01,20,0.054059868630826555
2005-04-04,20,0.04406425272915503
2005-04-05,20,0.04037699792569368
2005-04-06,20,0.043621951492423476
2005-04-07,20,0.0462404823897389
2005-04-08,20,0.0418108634690794
2005-04-11,20,0.028890434277660405
2005-04-12,20,0.02691193210647474
2005-04-13,20,0.0543426709821375
2005-04-14,20,0.05912074047268653
2005-04-15,20,0.051720655773560525
2005-04-18,20,0.04181662859543521
2005-04-19,20,0.043517178192028876
2005-04-20,20,0.03365521474147595
2005-04-21,20,0.04546047712546836
2005-04-22,20,0.009847493792143199
2005-04-25,20,0.014419987315883932
2005-04-26,20,0.014300728211803958
2005-04-27,20,-0.010409061261982194
2005-04-28,20,-0.050564851393795185
2005-04-29,20,-0.07755434098522639
2005-05-02,20,-0.058856517276435545
2005-05-03,20,-0.0644901296782357
2005-05-04,20,-0.0585373054038894
2005-05-05,20,-0.051999807563497445
2005-05-06,20,-0.03500243270048771
2005-05-09,20,-0.035154280883828104
2005-05-10,20,-0.06407033572579125
2005-05-11,20,-0.07689154332133537
2005-05-12,20,-0.10777433876107058
2005-05-13,20,-0.12243124648220002
2005-05-16,20,-0.13169392221613294
2005-05-17,20,-0.14109789251522514
2005-05-18,20,-0.11218002032522202
2005-05-19,20,-0.10556485826729582
2005-05-20,20,-0.09903870518553391
2005-05-23,20,-0.11932252589353075
2005-05-24,20,-0.12486772179515258
2005-05-25,20,-0.11860387718128149
2005-05-26,20,-0.0946446896326792
2005-05-27,20,-0.06827680182737506
2005-05-31,20,-0.0731325888614462
2005-06-01,20,-0.030514468674628214
2005-06-02,20,-0.008248251562816583
2005-06-03,20,-0.007645613678695193
2005-06-06,20,0.014185438192739916
2005-06-07,20,0.008520025703522149
2005-06-08,20,0.013629047695903524
2005-06-09,20,0.01178157382422229
2005-06-10,20,0.01933874944595265
2005-06-13,20,0.013924214237281728
2005-06-14,20,0.0015632790737582984
2005-06-15,20,0.0037066207712938407
2005-06-16,20,0.016211722111204536
2005-06-17,20,0.048354012352434105
2005-06-20,20,0.0721295877648193
2005-06-21,20,0.0507592914604201
2005-06-22,20,0.027697865538252268
2005-06-23,20,0.019143815390403753
2005-06-24,20,-0.003705062685817922
2005-06-27,20,-0.02305219640265274
2005-06-28,20,-0.02904099944810994
2005-06-29,20,-0.02258032773213503
2005-06-30,20,-0.04118740294339326
2005-07-01,20,-0.024475142614063264
2005-07-05,20,-0.03619694258595704
2005-07-06,20,-0.04436781125133831
2005-07-07,20,-0.06631732818119669
2005-07-08,20,-0.07639283843083065
2005-07-11,20,-0.10066089490753383
2005-07-12,20,-0.09275992881296335
2005-07-13,20,-0.0717745143409227
2005-07-14,20,-0.05953387373991024
2005-07-15,20,-0.06844830920182718
2005-07-18,20,-0.06742395309407824
2005-07-19,20,-0.10834123668287253
2005-07-20,20,-0.11170221567435244
2005-07-21,20,-0.09014091418473033
2005-07-22,20,-0.10261552128538794
2005-07-25,20,-0.06935052141519997
2005-07-26,20,-0.056743913793094215
2005-07-27,20,-0.05415585246514767
2005-07-28,20,-0.06844400368746349
2005-07-29,20,-0.08916967144405148
2005-08-01,20,-0.07703463905544192
2005-08-02,20,-0.0616005980765711
2005-08-03,20,0.010125378897597168
2005-08-04,20,0.048178553669567206
2005-08-05,20,0.05354090273268346
2005-08-08,20,0.07175720408532517
2005-08-09,20,0.08946737131115959
2005-08-10,20,0.08149956366476545
2005-08-11,20,0.09781945302027086
2005-08-12,20,0.11076386016093856
2005-08-15,20,0.1202122890518258
2005-08-16,20,0.13490257210439766
2005-08-17,20,0.12024277630942175
2005-08-18,20,0.12159623464590007
2005-08-19,20,0.13389993980744874
2005-08-22,20,0.1082725217541842
2005-08-23,20,0.09022745745518229
2005-08-24,20,0.08492710202099565
2005-08-25,20,0.09161317410926807
2005-08-26,20,0.116323426381585
2005-08-29,20,0.12732918156388667
2005-08-30,20,0.11419766882913529
2005-08-31,20,0.11008971024091328
2005-09-01,20,0.1203337560639852
2005-09-02,20,0.14299175528397604
2005-09-06,20,0.13209580976355528
2005-09-07,20,0.07672515633079524
2005-09-08,20,0.04078488837913833
2005-09-09,20,0.05074665601699978
2005-09-12,20,0.033381514416805744
2005-09-13,20,0.04002125850267564
2005-09-14,20,0.015881706148569465
2005-09-15,20,0.0016062325522512117
2005-09-16,20,0.02893112088526693
2005-09-19,20,0.02478369045952558
2005-09-20,20,0.0007980181720901442
2005-09-21,20,-0.013570779361815544
2005-09-22,20,-0.037378126267883144
2005-09-23,20,0.0009582575210912979
2005-09-26,20,0.018089806171205366
2005-09-27,20,0.017598196573934754
2005-09-28,20,-0.006334991827327725
2005-09-29,20,-0.012551962734974074
2005-09-30,20,-0.008963437830615047
2005-10-03,20,-0.029064920208602473
2005-10-04,20,-0.007638534727071676
2005-10-05,20,0.008687160403143957
2005-10-06,20,0.05711706418869158
2005-10-07,20,0.03119853079354882
2005-10-10,20,0.023941781019861077
2005-10-11,20,0.03010715647767317
2005-10-12,20,0.037607699051263745
2005-10-13,20,0.03126057011858781
2005-10-14,20,0.03870758591260428
2005-10-17,20,0.026286049533995385
2005-10-18,20,0.05914640192151542
2005-10-19,20,0.06646638896410502
2005-10-20,20,0.0761605123097046
2005-10-21,20,0.04730487736838461
2005-10-24,20,0.03203061467845588
2005-10-25,20,0.007071047898808505
2005-10-26,20,-0.03181639400380529
2005-10-27,20,-0.056051977006779226
2005-10-28,20,-0.05384239757618123
2005-10-31,20,-0.0316206481806649
2005-11-01,20,-0.044037954407018916
2005-11-02,20,-0.0369773411865008
2005-11-03,20,-0.030762648619124398
2005-11-04,20,-0.006994253578448447
2005-11-07,20,-0.0037124568073649603
2005-11-08,20,-0.02221037968827891
2005-11-09,20,-0.03238686996897038
2005-11-10,20,-0.054612128310223655
2005-11-11,20,-0.04283335222648914
2005-11-14,20,-0.04704192878099107
2005-11-15,20,-0.0724453259856201
2005-11-16,20,-0.09075942723808078
2005-11-17,20,-0.08925169408403374
2005-11-18,20,-0.07904330298609948
2005-11-21,20,-0.0775860921430124
2005-11-22,20,-0.034633844726540866
2005-11-23,20,-0.004772238625766678
2005-11-25,20,-0.013624216875927972
2005-11-28,20,-0.026461791371806764
2005-11-29,20,-0.023674740688203907
2005-11-30,20,-0.03612033990477536
2005-12-01,20,-0.06209720544933891
2005-12-02,20,-0.015001004494799252
2005-12-05,20,0.003221505938189172
2005-12-06,20,0.0058876539906551496
2005-12-07,20,0.028758239968048622
2005-12-08,20,-0.013740047807071136
2005-12-09,20,0.03336118063410705
2005-12-12,20,0.02950472324611125
2005-12-13,20,0.025780909609282268
2005-12-14,20,0.04255373335659494
2005-12-15,20,0.019890140525529027
2005-12-16,20,0.0061566846142671414
2005-12-19,20,0.015434775486799869
2005-12-20,20,0.006409192588959176
2005-12-21,20,-0.004657123976905427
2005-12-22,20,0.014426022007108201
2005-12-23,20,0.019182573239880138
2005-12-27,20,0.0081826679954532
2005-12-28,20,0.012346391085736888
2005-12-29,20,0.01936251011818611
2005-12-30,20,0.05401177527086052
2006-01-03,20,0.06944500073068625
2006-01-04,20,0.0570223789236996
2006-01-05,20,0.06581326487942535
2006-01-06,20,0.08266130199749484
2006-01-09,20,0.03712457647276751
2006-01-10,20,0.036680836596682594
2006-01-11,20,0.041740909284941154
2006-01-12,20,0.05254495083532512
2006-01-13,20,0.03039754741271676
2006-01-17,20,0.023688206246499345
2006-01-18,20,0.024699139215290145
2006-01-19,20,0.029929159290476282
2006-01-20,20,0.03950716645275768
2006-01-23,20,0.047091643271821915
2006-01-24,20,0.026524256203473873
2006-01-25,20,0.02615048280266293
2006-01-26,20,0.00671128672484988
2006-01-27,20,-0.010210532312988905
2006-01-30,20,-0.04840405027734141
2006-01-31,20,-0.0143708964781264
2006-02-01,20,0.025053733904192552
2006-02-02,20,0.048952835015338314
2006-02-03,20,0.03043896333067466
2006-02-06,20,-0.05387400780267271
2006-02-07,20,-0.03246100102702852
2006-02-08,20,-0.030348744424522015
2006-02-09,20,-0.015363121453659747
2006-02-10,20,0.021502538160532735
2006-02-13,20,0.044643165462006924
2006-02-14,20,0.07681574679409442
2006-02-15,20,0.06061263047490056
2006-02-16,20,0.0769527502410825
2006-02-17,20,0.08051854116154059
2006-02-21,20,0.07862056040715255
2006-02-22,20,0.08834653628135963
2006-02-23,20,0.08288755977392215
2006-02-24,20,0.09821438595682529
2006-02-27,20,0.10159872301745448
2006-02-28,20,0.11753838148129736
2006-03-01,20,0.10599405698625877
2006-03-02,20,0.08574152087695337
2006-03-03,20,0.07921610941740041
2006-03-06,20,0.08959594237738117
2006-03-07,20,0.11443981768500514
2006-03-08,20,0.1256796284271451
2006-03-09,20,0.12165332298242787
2006-03-10,20,0.10463152500682009
2006-03-13,20,0.09581087442096009
2006-03-14,20,0.0873332176019137
2006-03-15,20,0.09345146991770233
2006-03-16,20,0.12550094910958218
2006-03-17,20,0.11594338445451519
2006-03-20,20,0.1065025988998833
2006-03-21,20,0.10261766371789906
2006-03-22,20,0.1005331562313914
2006-03-23,20,0.11778003562779649
2006-03-24,20,0.10722419110863668
2006-03-27,20,0.08482008493026796
2006-03-28,20,0.07490752475270145
2006-03-29,20,0.02570092810288032
2006-03-30,20,0.042359890917450335
2006-03-31,20,0.04377673082370803
2006-04-03,20,0.058787477779245124
2006-04-04,20,0.0348650401744878
2006-04-05,20,0.034233441426610556
2006-04-06,20,0.024660625749393424
2006-04-07,20,0.025705800841872614
2006-04-10,20,0.06142315521341165
2006-04-11,20,0.07660849611736047
2006-04-12,20,0.03284985294430327
2006-04-13,20,-0.005936433028055284
2006-04-17,20,-0.049975878720657424
2006-04-18,20,-0.0642786479527097
2006-04-19,20,-0.0967439939586877
2006-04-20,20,-0.09935809136657511
2006-04-21,20,-0.10539811176538429
2006-04-24,20,-0.1361013520641489
2006-04-25,20,-0.09984851940184972
2006-04-26,20,-0.08695751916697468
2006-04-27,20,-0.030168403676521634
2006-04-28,20,-0.018578672835485477
2006-05-01,20,-0.07067983374287388
2006-05-02,20,-0.07846218636579795
2006-05-03,20,-0.056401346282350606
2006-05-04,20,-0.08039577169556224
2006-05-05,20,-0.08764579396046113
2006-05-08,20,-0.08449086130043294
2006-05-09,20,-0.12656187227572258
2006-05-10,20,-0.16809603893492023
2006-05-11,20,-0.15137553433970727
2006-05-12,20,-0.13854030315326812
2006-05-15,20,-0.10796965090819406
2006-05-16,20,-0.10667352428006206
2006-05-17,20,-0.048156919007133904
2006-05-18,20,-0.026557286279429018
2006-05-19,20,-0.03829715694550942
2006-05-22,20,0.01519900347939085
2006-05-23,20,0.0043493311161060455
2006-05-24,20,0.017376686295070998
2006-05-25,20,0.004658569316923322
2006-05-26,20,0.009736596971503444
2006-05-30,20,0.02688373372855695
2006-05-31,20,-0.008899157249140758
2006-06-01,20,0.00984131382688278
2006-06-02,20,0.0369037844813258
2006-06-05,20,0.05375022006343274
2006-06-06,20,0.05720880331331506
2006-06-07,20,0.05279182350586182
2006-06-08,20,0.06620994436335562
2006-06-09,20,0.06676648114828236
2006-06-12,20,0.055475320896385
2006-06-13,20,0.05672726187691264
2006-06-14,20,0.08601808038184172
2006-06-15,20,0.10790195755444097
2006-06-16,20,0.11241854313461376
2006-06-19,20,0.09567018003963756
2006-06-20,20,0.06709783725519566
2006-06-21,20,0.08357795159558248
2006-06-22,20,0.08395868097070598
2006-06-23,20,0.08673259307218646
2006-06-26,20,0.0889096877134415
2006-06-27,20,0.03799730746982496
2006-06-28,20,0.045718805324141264
2006-06-29,20,0.04644567467888943
2006-06-30,20,0.04120997988312434
2006-07-03,20,0.02747000159591423
2006-07-05,20,0.009413235366787233
2006-07-06,20,0.014742664155952934
2006-07-07,20,0.00026208448635779
2006-07-10,20,-0.0017438500018260707
2006-07-11,20,0.006930238935813082
2006-07-12,20,0.0017722092097576072
2006-07-13,20,-0.001382804087181938
2006-07-14,20,0.0055099271584410055
2006-07-17,20,-0.006811585997072677
2006-07-18,20,-0.050849908597880876
2006-07-19,20,-0.0648783970473414
2006-07-20,20,-0.1116628770588093
2006-07-21,20,-0.1368295339232696
2006-07-24,20,-0.08941718115780208
2006-07-25,20,-0.08824170888964088
2006-07-26,20,-0.06128372426075641
2006-07-27,20,-0.0715564476697378
2006-07-28,20,-0.06262271195215702
2006-07-31,20,-0.045954846741572096
2006-08-01,20,-0.06271430814830302
2006-08-02,20,-0.05916195457604025
2006-08-03,20,-0.08388940882353817
2006-08-04,20,-0.07442011381131597
2006-08-07,20,-0.08735246927003641
2006-08-08,20,-0.07894015423117251
2006-08-09,20,-0.09935385347948567
2006-08-10,20,-0.09339099372631504
2006-08-11,20,-0.10448050017953994
2006-08-14,20,-0.15937183892554976
2006-08-15,20,-0.16489344432956277
2006-08-16,20,-0.1260996734215801
2006-08-17,20,-0.11419589538006376
2006-08-18,20,-0.12222764740322108
2006-08-21,20,-0.11692711042256397
2006-08-22,20,-0.11922188926518286
2006-08-23,20,-0.10465136356656135
2006-08-24,20,-0.10896258803231464
2006-08-25,20,-0.11177153668450306
2006-08-28,20,-0.09926177032834367
2006-08-29,20,-0.09524555123161207
2006-08-30,20,-0.08044534817403841
2006-08-31,20,-0.06862670499901503
2006-09-01,20,-0.05732349811413472
2006-09-05,20,-0.06256649944239266
2006-09-06,20,-0.08111010655671265
2006-09-07,20,-0.1075792943857618
2006-09-08,20,-0.0991835216154922
2006-09-11,20,-0.09606443363351967
2006-09-12,20,-0.07882977855200665
2006-09-13,20,-0.04514610090310177
2006-09-14,20,-0.0634210229843351
2006-09-15,20,-0.062349657137207665
2006-09-18,20,-0.0966823996086125
2006-09-19,20,-0.11382633601339658
2006-09-20,20,-0.12458431613891623
2006-09-21,20,-0.1459471029881427
2006-09-22,20,-0.1465886973083056
2006-09-25,20,-0.1355275702347172
2006-09-26,20,-0.11736280128798314
2006-09-27,20,-0.1376104409175502
2006-09-28,20,-0.1205845726891323
2006-09-29,20,-0.11657891748042506
2006-10-02,20,-0.13199858522249802
2006-10-03,20,-0.16535497096780555
2006-10-04,20,-0.14335375108301418
2006-10-05,20,-0.09836618248927934
2006-10-06,20,-0.0911315820528941
2006-10-09,20,-0.09357913213319535
2006-10-10,20,-0.09797556856137135
2006-10-11,20,-0.1101804806514165
2006-10-12,20,-0.08990159814541658
2006-10-13,20,-0.08050836780134747
2006-10-16,20,-0.05316332708894363
2006-10-17,20,-0.037640192361344374
2006-10-18,20,-0.04238142942985465
2006-10-19,20,-0.012219706141370575
2006-10-20,20,-0.012004130486697791
2006-10-23,20,-0.013019016785727464
2006-10-24,20,0.005432668431823208
2006-10-25,20,0.0011245707167311463
2006-10-26,20,-0.007953116418249978
2006-10-27,20,0.01348260297411505
2006-10-30,20,-0.007081951273554057
2006-10-31,20,0.003226399017823494
2006-11-01,20,0.017470376464515595
2006-11-02,20,-0.03532287997640853
2006-11-03,20,0.029816017685331975
2006-11-06,20,0.02196408416475329
2006-11-07,20,0.005009846201813504
2006-11-08,20,-0.013393332482587905
2006-11-09,20,-0.002982700796220927
2006-11-10,20,0.01594846463067902
2006-11-13,20,0.002507973385618738
2006-11-14,20,-0.009219467170356483
2006-11-15,20,-0.011989736110701296
2006-11-16,20,-0.025251053378590224
2006-11-17,20,-0.026773184174902674
2006-11-20,20,-0.04772631788766147
2006-11-21,20,-0.02325839380569108
2006-11-22,20,-0.023238955413020405
2006-11-24,20,-0.018279191619322885
2006-11-27,20,-0.00710789312479283
2006-11-28,20,-0.004822303365920602
2006-11-29,20,-0.022539030473403016
2006-11-30,20,-0.055743924045582
2006-12-01,20,-0.021282380485780083
2006-12-04,20,-0.057294848164447056
2006-12-05,20,-0.08228067864647177
2006-12-06,20,-0.05924365739340438
2006-12-07,20,-0.04119362285939061
2006-12-08,20,-0.0511299353516384
2006-12-11,20,-0.04847942772731763
2006-12-12,20,-0.02440745982224997
2006-12-13,20,-0.03824341414685487
2006-12-14,20,-0.029224058436040083
2006-12-15,20,-0.04839978463161527
2006-12-18,20,-0.03669924855387841
2006-12-19,20,-0.0547643183063199
2006-12-20,20,-0.03914443442590068
2006-12-21,20,-0.009885880797674069
2006-12-22,20,-0.024726427399409376
2006-12-26,20,-0.0437757950715445
2006-12-27,20,-0.06125559817101255
2006-12-28,20,-0.061159094717335105
2006-12-29,20,-0.049169495337601836
2007-01-03,20,-0.016816019752567288
2007-01-04,20,0.005321321216532592
2007-01-05,20,0.03845636327195396
2007-01-08,20,0.005590988332785764
2007-01-09,20,-0.00200722450910521
2007-01-10,20,-0.02492734577335182
2007-01-11,20,-0.03290670696459399
2007-01-12,20,-0.019269180122991298
2007-01-16,20,-0.03302789656676079
2007-01-17,20,-0.01376698512947627
2007-01-18,20,0.022286327203459605
2007-01-19,20,0.027876140608264346
2007-01-22,20,0.022370900435614918
2007-01-23,20,0.028207127959116864
2007-01-24,20,0.015142208917643826
2007-01-25,20,0.020147397530802014
2007-01-26,20,0.01425898479434525
2007-01-29,20,-0.03382413761741504
2007-01-30,20,-0.03141668696158186
2007-01-31,20,-0.03187274061150816
2007-02-01,20,-0.05841557962682872
2007-02-02,20,-0.058836364814464394
2007-02-05,20,-0.04621111042963654
2007-02-06,20,-0.015912452490905952
2007-02-07,20,0.01774057962467062
2007-02-08,20,0.02737271349340588
2007-02-09,20,0.06936126449749254
2007-02-12,20,0.06312359840461958
2007-02-13,20,0.04693306863828991
2007-02-14,20,0.04738949909182122
2007-02-15,20,0.049836465867364114
2007-02-16,20,0.07641500393645957
2007-02-20,20,0.09020295647509002
2007-02-21,20,0.08746704930573909
2007-02-22,20,0.11162060357041483
2007-02-23,20,0.10439666802385424
2007-02-26,20,0.11254365229508878
2007-02-27,20,0.1384453429644054
2007-02-28,20,0.12175212559742431
2007-03-01,20,0.11685807523186957
2007-03-02,20,0.10635756953007121
2007-03-05,20,0.06378767475282077
2007-03-06,20,0.10233796889959446
2007-03-07,20,0.09578185006689836
2007-03-08,20,0.08120378753390242
2007-03-09,20,0.10453296127675596
2007-03-12,20,0.06544305784403248
2007-03-13,20,0.04601129748657079
2007-03-14,20,0.05776326063436203
2007-03-15,20,0.044426516460502316
2007-03-16,20,0.03871708702071008
2007-03-19,20,0.02737304644052645
2007-03-20,20,0.006091181978175957
2007-03-21,20,0.0322673843200463
2007-03-22,20,0.019873590883453324
2007-03-23,20,0.06446477375961493
2007-03-26,20,0.051144605645188836
2007-03-27,20,0.058643046010830244
2007-03-28,20,0.05927414250823434
2007-03-29,20,0.07964748274347637
2007-03-30,20,0.08364308883213768
2007-04-02,20,0.045168158179367764
2007-04-03,20,0.05262818614233003
2007-04-04,20,0.03783734343652716
2007-04-05,20,0.05475609517247899
2007-04-09,20,0.04079635973430853
2007-04-10,20,0.05190173900095968
2007-04-11,20,0.052377106430229595
2007-04-12,20,0.05689278685496039
2007-04-13,20,0.07124667892609708
2007-04-16,20,0.06205724840168655
2007-04-17,20,0.07534398106587428
2007-04-18,20,0.1017531098599515
2007-04-19,20,0.09551430692760021
2007-04-20,20,0.10452329752558066
2007-04-23,20,0.07361537398712699
2007-04-24,20,0.08204515730074982
2007-04-25,20,0.07981923364552487
2007-04-26,20,0.06030416167024213
2007-04-27,20,0.07186726739478717
2007-04-30,20,0.08449591262567241
2007-05-01,20,0.11433476110240146
2007-05-02,20,0.1170588231185196
2007-05-03,20,0.11604302512424702
2007-05-04,20,0.13936315082399534
2007-05-07,20,0.12406159869185637
2007-05-08,20,0.12502226478982031
2007-05-09,20,0.08170671303623502
2007-05-10,20,0.08245544516221863
2007-05-11,20,0.10188418143766627
2007-05-14,20,0.09673370881101882
2007-05-15,20,0.12199131938570432
2007-05-16,20,0.13568092104997104
2007-05-17,20,0.111218852498574
2007-05-18,20,0.09592363209857735
2007-05-21,20,0.09645537050906658
2007-05-22,20,0.09796017277193662
2007-05-23,20,0.11523372740676177
2007-05-24,20,0.103052909412306
2007-05-25,20,0.10408534473207764
2007-05-29,20,0.0951855851347844
2007-05-30,20,0.0648206954394482
2007-05-31,20,0.08004808696484382
2007-06-01,20,0.09225821784870883
2007-06-04,20,0.11255053061912594
2007-06-05,20,0.10409635697718943
2007-06-06,20,0.11080129641365952
2007-06-07,20,0.14338544951922866
2007-06-08,20,0.14425957473188136
2007-06-11,20,0.1298033776350827
2007-06-12,20,0.11821228664691427
2007-06-13,20,0.10016824654646955
2007-06-14,20,0.0954379934579446
2007-06-15,20,0.0909688085181728
2007-06-18,20,0.10041270729450645
2007-06-19,20,0.09929509309835902
2007-06-20,20,0.12308625293741393
2007-06-21,20,0.09271691792602246
2007-06-22,20,0.09109547957732127
2007-06-25,20,0.0682508053243375
2007-06-26,20,0.03827987596986601
2007-06-27,20,0.02228978380435267
2007-06-28,20,0.016044398446457286
2007-06-29,20,0.03802749672682239
2007-07-02,20,0.04147846569500273
2007-07-03,20,0.04160627537874921
2007-07-05,20,0.062294023126099
2007-07-06,20,0.05805407361357986
2007-07-09,20,0.04871010323012438
2007-07-10,20,0.07659014404093153
2007-07-11,20,0.03878709053658527
2007-07-12,20,0.005586938957410963
2007-07-13,20,0.038812628146439904
2007-07-16,20,0.07403508855411842
2007-07-17,20,0.06215694585054177
2007-07-18,20,0.05026595628890265
2007-07-19,20,-0.0004721659876497746
2007-07-20,20,0.0037504690120918087
2007-07-23,20,0.017234311891706138
2007-07-24,20,0.03876384398181949
2007-07-25,20,0.08773023663397307
2007-07-26,20,0.10061669569191484
2007-07-27,20,0.09083303889399878
2007-07-30,20,0.08345389250423486
2007-07-31,20,0.09120886976614508
2007-08-01,20,0.09917310290687557
2007-08-02,20,0.08515253476234713
2007-08-03,20,-0.007988923591030608
2007-08-06,20,-0.022057143885441922
2007-08-07,20,-0.06296231955260168
2007-08-08,20,-0.11056971064310323
2007-08-09,20,-0.24697031786682527
2007-08-10,20,0.02238706953305528
2007-08-13,20,0.13459330877100795
2007-08-14,20,0.14811740077031793
2007-08-15,20,0.13731351543813639
2007-08-16,20,0.07308865923964326
2007-08-17,20,0.09096926788138127
2007-08-20,20,0.12070321744709328
2007-08-21,20,0.12989625574494604
2007-08-22,20,0.1709316806709689
2007-08-23,20,0.17772557246065213
2007-08-24,20,0.19280206174599213
2007-08-27,20,0.2057236746393791
2007-08-28,20,0.19520030607234107
2007-08-29,20,0.19154955171534405
2007-08-30,20,0.1764494070619777
2007-08-31,20,0.19391495837370082
2007-09-04,20,0.1640204533157181
2007-09-05,20,0.1271109796180734
2007-09-06,20,0.15010870354967254
2007-09-07,20,0.10516202764090415
2007-09-10,20,0.07167923058961348
2007-09-11,20,0.08355452265301891
2007-09-12,20,0.09674292601193939
2007-09-13,20,0.0760101692815338
2007-09-14,20,0.11016555785964297
2007-09-17,20,0.09922124713450395
2007-09-18,20,0.13859261614080184
2007-09-19,20,0.17886925391940828
2007-09-20,20,0.17187821352066707
2007-09-21,20,0.16605015246401617
2007-09-24,20,0.12972364686336332
2007-09-25,20,0.11140174839411583
2007-09-26,20,0.10306431611132179
2007-09-27,20,0.10274046695725225
2007-09-28,20,0.12178310564812263
2007-10-01,20,0.12935189246116366
2007-10-02,20,0.12424629705737363
2007-10-03,20,0.14620545791374687
2007-10-04,20,0.14523429225385376
2007-10-05,20,0.17161486835274278
2007-10-08,20,0.1693313911166114
2007-10-09,20,0.1821003104583845
2007-10-10,20,0.17561306961188458
2007-10-11,20,0.18582244623440416
2007-10-12,20,0.13379315441797177
2007-10-15,20,0.07256211175162364
2007-10-16,20,0.06677765020713404
2007-10-17,20,0.06504808132048545
2007-10-18,20,0.03351982404417933
2007-10-19,20,0.07698950404497062
2007-10-22,20,0.0830543984076155
2007-10-23,20,0.0726336310939001
2007-10-24,20,0.07947188743209993
2007-10-25,20,0.060349294403480844
2007-10-26,20,0.0301296797939955
2007-10-29,20,0.029203072279377955
2007-10-30,20,0.058172599348070946
2007-10-31,20,0.05257738592061461
2007-11-01,20,0.038258902154852385
2007-11-02,20,0.04811332340214995
2007-11-05,20,0.08067694073990545
2007-11-06,20,0.04175103985423617
2007-11-07,20,0.01387310932754561
2007-11-08,20,0.02744267271990123
2007-11-09,20,0.022526015470503032
2007-11-12,20,0.09516308583773297
2007-11-13,20,0.08827345683232433
2007-11-14,20,0.0954446995707178
2007-11-15,20,0.09535029382359234
2007-11-16,20,0.06827940139596365
2007-11-19,20,0.049571165860242884
2007-11-20,20,0.024629110886553805
2007-11-21,20,0.04816814583540098
2007-11-23,20,0.030988961329031492
2007-11-26,20,-0.0034287897479840022
2007-11-27,20,-0.004454490310942579
2007-11-28,20,0.03538120856358689
2007-11-29,20,0.033116445779025026
2007-11-30,20,0.04684212697359061
2007-12-03,20,0.02381114096169526
2007-12-04,20,0.06092674294457274
2007-12-05,20,0.07571201644766273
2007-12-06,20,0.08858520043578443
2007-12-07,20,0.11438281828617013
2007-12-10,20,0.1428997253075014
2007-12-11,20,0.15918247678231082
2007-12-12,20,0.13469602008263726
2007-12-13,20,0.10686170718420887
2007-12-14,20,0.07941207862483927
2007-12-17,20,0.023793813374618628
2007-12-18,20,0.019486449750262605
2007-12-19,20,0.021104213894022436
2007-12-20,20,-0.010590306283214349
2007-12-21,20,-0.08128232945621187
2007-12-24,20,-0.090354922284777
2007-12-26,20,-0.08020064751856862
2007-12-27,20,-0.08636633385651607
2007-12-28,20,-0.14557435377818778
2007-12-31,20,-0.12896054674617105
2008-01-02,20,-0.16835699188829817
2008-01-03,20,-0.23695013668252743
2008-01-04,20,-0.23448705926381
2008-01-07,20,-0.23314379670374696
2008-01-08,20,-0.2434134513233347
2008-01-09,20,-0.23991387516218515
2008-01-10,20,-0.19488117738432845
2008-01-11,20,-0.16709767289792174
2008-01-14,20,-0.1633770191533424
2008-01-15,20,-0.19137261558897822
2008-01-16,20,-0.15616743254954918
2008-01-17,20,-0.15953801922985608
2008-01-18,20,-0.15506452633717085
2008-01-22,20,-0.15937296476798848
2008-01-23,20,-0.12467154715429724
2008-01-24,20,-0.05808883524156236
2008-01-25,20,-0.055100239515644196
2008-01-28,20,-0.0502464583585768
2008-01-29,20,-0.024534089736622893
2008-01-30,20,0.0014539162480183441
2008-01-31,20,-0.01296386596556075
2008-02-01,20,0.03509815217614945
2008-02-04,20,0.04092908081106261
2008-02-05,20,0.022039332146874584
2008-02-06,20,0.0409468990875716
2008-02-07,20,0.03337498876273358
2008-02-08,20,0.06324948112996237
2008-02-11,20,0.03789965561295392
2008-02-12,20,0.06631272468901397
2008-02-13,20,0.0893545696027331
2008-02-14,20,0.09926486869067527
2008-02-15,20,0.0970037570379038
2008-02-19,20,0.06649039831653666
2008-02-20,20,0.05347669197713652
2008-02-21,20,0.02328983217904973
2008-02-22,20,0.01448884536945661
2008-02-25,20,0.02515467202112886
2008-02-26,20,0.0601172232149213
2008-02-27,20,0.057015456410974434
2008-02-28,20,0.06138452619239476
2008-02-29,20,0.059574530906979443
2008-03-03,20,0.003538884835353359
2008-03-04,20,-0.019765379246975367
2008-03-05,20,-0.022012702846257507
2008-03-06,20,-0.04830605192522224
2008-03-07,20,-0.09520402516337322
2008-03-10,20,-0.08364848793823462
2008-03-11,20,-0.0668189241286992
2008-03-12,20,-0.06258237219994818
2008-03-13,20,-0.04449979908512347
2008-03-14,20,-0.01983821841759812
2008-03-17,20,-0.036392454928573716
2008-03-18,20,-0.00232727989008003
2008-03-19,20,-0.02047339866539766
2008-03-20,20,-0.0679902245449967
2008-03-24,20,-0.01688378208051782
2008-03-25,20,0.01625168247698061
2008-03-26,20,0.01403159497548739
2008-03-27,20,0.017611906031004033
2008-03-28,20,0.011855473725770968
2008-03-31,20,0.002158252439349273
2008-04-01,20,-4.484247830945263e-05
2008-04-02,20,0.0032730614341438145
2008-04-03,20,0.015756033100335076
2008-04-04,20,0.02274214634298996
2008-04-07,20,0.062474198533340866
2008-04-08,20,0.0630439652148909
2008-04-09,20,0.06802646157164238
2008-04-10,20,0.05158429532645683
2008-04-11,20,0.0644950566229251
2008-04-14,20,0.034963450246752466
2008-04-15,20,0.012480783133949777
2008-04-16,20,-0.0244978041024905
2008-04-17,20,-0.0026605206109690666
2008-04-18,20,0.02300479737029514
2008-04-21,20,-0.04368642283277937
2008-04-22,20,-0.034908387577253085
2008-04-23,20,-0.04214092397310542
2008-04-24,20,-0.00502515416213846
2008-04-25,20,-0.007235890291115372
2008-04-28,20,0.003002560956853195
2008-04-29,20,0.028898947988591096
2008-04-30,20,-0.006387690648147211
2008-05-01,20,0.030012853352215374
2008-05-02,20,0.046493919480362925
2008-05-05,20,0.031656095002159025
2008-05-06,20,0.020708980595158164
2008-05-07,20,0.05786842617684142
2008-05-08,20,0.06335207993509454
2008-05-09,20,0.100237339244874
2008-05-12,20,0.10413794629274212
2008-05-13,20,0.08665325532083051
2008-05-14,20,0.09690947099324344
2008-05-15,20,0.11515251845797726
2008-05-16,20,0.1400208332041327
2008-05-19,20,0.17342712371329994
2008-05-20,20,0.20650921378158352
2008-05-21,20,0.2228630875502128
2008-05-22,20,0.23670568677136083
2008-05-23,20,0.2528117635268984
2008-05-27,20,0.21369679309256226
2008-05-28,20,0.2040445051649104
2008-05-29,20,0.19010055070869986
2008-05-30,20,0.19722106902185182
2008-06-02,20,0.18696551044613388
2008-06-03,20,0.1913936997172158
2008-06-04,20,0.1515572698677797
2008-06-05,20,0.12151508248961625
2008-06-06,20,0.14936143678360927
2008-06-09,20,0.11836711075425248
2008-06-10,20,0.14088387422075851
2008-06-11,20,0.1325440448908504
2008-06-12,20,0.14993432884338886
2008-06-13,20,0.14970150602959179
2008-06-16,20,0.11530260994025741
2008-06-17,20,0.08635477378556473
2008-06-18,20,0.01737648730937088
2008-06-19,20,0.017384194130719014
2008-06-20,20,0.014642613674303407
2008-06-23,20,-0.08443778091248172
2008-06-24,20,-0.11208091329060162
2008-06-25,20,-0.08909600662095869
2008-06-26,20,-0.08824439271051614
2008-06-27,20,-0.1119712112718994
2008-06-30,20,-0.1317265812265123
2008-07-01,20,-0.1294146008684637
2008-07-02,20,-0.12084195219746614
2008-07-03,20,-0.09612748104195748
2008-07-07,20,-0.1326332385562203
2008-07-08,20,-0.12080563144261658
2008-07-09,20,-0.1597674709009958
2008-07-10,20,-0.1627186964305206
2008-07-11,20,-0.1826841230599558
2008-07-14,20,-0.22861000335989026
2008-07-15,20,-0.22742561361352412
2008-07-16,20,-0.21250788578613733
2008-07-17,20,-0.15960565997375095
2008-07-18,20,-0.17976380616368873
2008-07-21,20,-0.17046848476837387
2008-07-22,20,-0.09215066208078676
2008-07-23,20,-0.008519723425231397
2008-07-24,20,-0.06451068210983309
2008-07-25,20,-0.08329643820859138
2008-07-28,20,-0.10998147498216067
2008-07-29,20,-0.08703071253875046
2008-07-30,20,-0.11626393150389511
2008-07-31,20,-0.10731652672770774
2008-08-01,20,-0.12494042627143999
2008-08-04,20,-0.1062230280679456
2008-08-05,20,-0.03443104746799952
2008-08-06,20,-0.022716899705749298
2008-08-07,20,-0.043822568126641606
2008-08-08,20,-0.00028217785310728186
2008-08-11,20,0.055217055570861734
2008-08-12,20,0.06026981503510227
2008-08-13,20,0.06964391151177167
2008-08-14,20,0.048076707476226034
2008-08-15,20,0.12091824120157348
2008-08-18,20,0.13068735286552716
2008-08-19,20,0.09627104505317928
2008-08-20,20,0.03470945437988837
2008-08-21,20,0.02269630650609002
2008-08-22,20,0.03787671889593314
2008-08-25,20,0.06962820921553392
2008-08-26,20,0.09296432416997831
2008-08-27,20,0.0981958200994397
2008-08-28,20,0.10317332348065023
2008-08-29,20,0.1318665997239012
2008-09-02,20,0.1159498207783521
2008-09-03,20,0.14004433077986705
2008-09-04,20,0.1753880258672202
2008-09-05,20,0.19277551696110443
2008-09-08,20,0.1851704035388544
2008-09-09,20,0.192931285540672
2008-09-10,20,0.19859189368922872
2008-09-11,20,0.20622562258379967
2008-09-12,20,0.2301200848570077
2008-09-15,20,0.19333565578389325
2008-09-16,20,0.19147676387681084
2008-09-17,20,0.24087635202385113
2008-09-18,20,0.18175498040871116
2008-09-19,20,0.18414675120453133
2008-09-22,20,0.1951205412163817
2008-09-23,20,0.22374251541322213
2008-09-24,20,0.2468179026828506
2008-09-25,20,0.24977830995452743
2008-09-26,20,0.2118320448101029
2008-09-29,20,0.16056962069944733
2008-09-30,20,0.16125474973011247
2008-10-01,20,0.13989990682515963
2008-10-02,20,0.08232243695431984
2008-10-03,20,0.11438948770523306
2008-10-06,20,0.055040454770493845
2008-10-07,20,-0.032384024573553466
2008-10-08,20,0.014857692989870911
2008-10-09,20,0.05624963249910065
2008-10-10,20,-0.021875000804708528
2008-10-13,20,0.09828207716834665
2008-10-14,20,0.15598009705607271
2008-10-15,20,0.16526091770116189
2008-10-16,20,0.13425111987588842
2008-10-17,20,0.17571006176927623
2008-10-20,20,0.2231504417735092
2008-10-21,20,0.21603716513589494
2008-10-22,20,0.20449415639738983
2008-10-23,20,0.23662240316153602
2008-10-24,20,0.19597714843641073
2008-10-27,20,0.14630915422452162
2008-10-28,20,0.14388148733408174
2008-10-29,20,0.13171629953865263
2008-10-30,20,0.15231867071262586
2008-10-31,20,0.2094537243439633
2008-11-03,20,0.1983379420061001
2008-11-04,20,0.25066236042877776
2008-11-05,20,0.2573109072819562
2008-11-06,20,0.20604745701259636
2008-11-07,20,0.16135374512513834
2008-11-10,20,0.11107164567570472
2008-11-11,20,0.028799210075488236
2008-11-12,20,-0.03517441140559345
2008-11-13,20,-0.029510284303590734
2008-11-14,20,-0.048884288048095526
2008-11-17,20,-0.12380171678306019
2008-11-18,20,-0.2051304520770222
2008-11-19,20,-0.2293289310139229
2008-11-20,20,-0.35300726551564987
2008-11-21,20,-0.3123685856996194
2008-11-24,20,-0.22592787723896765
2008-11-25,20,-0.17856874993562452
2008-11-26,20,-0.10725669403062106
2008-11-28,20,-0.05187424241705971
2008-12-01,20,-0.1897453476379891
2008-12-02,20,-0.1988594857030523
2008-12-03,20,-0.27417144132366106
2008-12-04,20,-0.3382884047482446
2008-12-05,20,-0.4282757351295013
2008-12-08,20,-0.3566239557003336
2008-12-09,20,-0.3192088235327566
2008-12-10,20,-0.29075310439312874
2008-12-11,20,-0.23560658796751888
2008-12-12,20,-0.19226823512274707
2008-12-15,20,-0.16249459683335124
2008-12-16,20,-0.1237847991669753
2008-12-17,20,-0.06175604109995117
2008-12-18,20,-0.0007567977331319418
2008-12-19,20,-0.05542915989495134
2008-12-22,20,-0.01958930431023021
2008-12-23,20,-0.037288325362489286
2008-12-24,20,-0.06025093600868055
2008-12-26,20,-0.05674879179927413
2008-12-29,20,-0.12513873183572746
2008-12-30,20,-0.07171425420310258
2008-12-31,20,-0.029261734084665328
2009-01-02,20,0.03850583306625228
2009-01-05,20,0.07111594182785518
2009-01-06,20,0.07887270908147613
2009-01-07,20,0.09914188892354284
2009-01-08,20,0.08434386970306734
2009-01-09,20,0.08196691833776261
2009-01-12,20,0.0922078817501848
2009-01-13,20,0.08758711487659801
2009-01-14,20,0.09415094171379224
2009-01-15,20,0.06867233827045824
2009-01-16,20,0.07158391523893287
2009-01-20,20,0.042359514266425306
2009-01-21,20,0.05715873687771169
2009-01-22,20,0.05737944785688179
2009-01-23,20,0.034484633156957545
2009-01-26,20,0.03004867984340846
2009-01-27,20,0.10350097254595868
2009-01-28,20,0.12385604390445815
2009-01-29,20,0.15572742802598843
2009-01-30,20,0.1717922875126211
2009-02-02,20,0.15793776965628584
2009-02-03,20,0.1373057529307312
2009-02-04,20,0.16565242896832427
2009-02-05,20,0.16659240829037067
2009-02-06,20,0.14736849004467642
2009-02-09,20,0.1403404279549142
2009-02-10,20,0.13762266703196618
2009-02-11,20,0.1536430240026085
2009-02-12,20,0.12015463322833975
2009-02-13,20,0.09193285023808645
2009-02-17,20,0.11271817163733171
2009-02-18,20,0.11482509362768673
2009-02-19,20,0.11127425584857387
2009-02-20,20,0.10033249234570467
2009-02-23,20,0.026659473081531933
2009-02-24,20,0.04715404681335236
2009-02-25,20,-0.014037212793337722
2009-02-26,20,-0.033360847043162695
2009-02-27,20,-0.02184032891238536
2009-03-02,20,-0.03838358064307718
2009-03-03,20,-0.11990643186180178
2009-03-04,20,-0.13197497109841397
2009-03-05,20,-0.2720314436655939
2009-03-06,20,-0.3229974562477865
2009-03-09,20,-0.3553148096598596
2009-03-10,20,-0.32520434614995847
2009-03-11,20,-0.30895185955887433
2009-03-12,20,-0.3135366141375611
2009-03-13,20,-0.2612324044687232
2009-03-16,20,-0.262211098280139
2009-03-17,20,-0.2983681000938458
2009-03-18,20,-0.2689680937092559
2009-03-19,20,-0.2714980811561496
2009-03-20,20,-0.2599253388788986
2009-03-23,20,-0.20657377786814154
2009-03-24,20,-0.20445392090292527
2009-03-25,20,-0.1735553156421885
2009-03-26,20,-0.13986216710993069
2009-03-27,20,-0.14075809343231355
2009-03-30,20,-0.21539455643543817
2009-03-31,20,-0.24795810039912616
2009-04-01,20,-0.228200367276326
2009-04-02,20,-0.2197329350022908
2009-04-03,20,-0.1946990336013301
2009-04-06,20,-0.19791160853264506
2009-04-07,20,-0.2224370500361173
2009-04-08,20,-0.19644506844021703
2009-04-09,20,-0.15728175036238545
2009-04-13,20,-0.10478783160223265
2009-04-14,20,-0.12383085936572172
2009-04-15,20,-0.11846003671387938
2009-04-16,20,-0.09230039401741913
2009-04-17,20,-0.11676380697341807
2009-04-20,20,-0.03705286406455233
2009-04-21,20,-0.05054348309511831
2009-04-22,20,-0.05810148933474532
2009-04-23,20,-0.054258082559655446
2009-04-24,20,-0.08106809735668809
2009-04-27,20,-0.0530355832186506
2009-04-28,20,-0.021975151276800903
2009-04-29,20,-0.01855893721207118
2009-04-30,20,-0.007413315708796908
2009-05-01,20,0.044822702896662577
2009-05-04,20,-0.0230069534262966
2009-05-05,20,-0.06858593256671784
2009-05-06,20,-0.02441541464374764
2009-05-07,20,0.04729976000015653
2009-05-08,20,-0.030438673885968517
2009-05-11,20,0.027813918443002225
2009-05-12,20,0.08570049299656357
2009-05-13,20,0.21212207580730794
2009-05-14,20,0.15860435600102454
2009-05-15,20,0.13222380630529115
2009-05-18,20,0.049238264499347054
2009-05-19,20,-0.03402965114556034
2009-05-20,20,-0.050987004282596796
2009-05-21,20,-0.009752320941876448
2009-05-22,20,-0.11765969236959534
2009-05-26,20,-0.16067746385904874
2009-05-27,20,-0.13290572523026797
2009-05-28,20,-0.13586558613663702
2009-05-29,20,-0.11647162361938121
2009-06-01,20,-0.17438921132008509
2009-06-02,20,-0.17576273436797077
2009-06-03,20,-0.09149989783599742
2009-06-04,20,-0.18645660154412314
2009-06-05,20,-0.25670119276808095
2009-06-08,20,-0.2493107371070249
2009-06-09,20,-0.3226475518057483
2009-06-10,20,-0.33318878913179373
2009-06-11,20,-0.3541939604833728
2009-06-12,20,-0.3226815206860961
2009-06-15,20,-0.2508218815374691
2009-06-16,20,-0.1624256949443515
2009-06-17,20,-0.06602137524398773
2009-06-18,20,-0.058653123104279156
2009-06-19,20,-0.046250965047554576
2009-06-22,20,0.08097538400933153
2009-06-23,20,0.06235794337008024
2009-06-24,20,0.07726136402533222
2009-06-25,20,0.07402120635397642
2009-06-26,20,0.0385816134698907
2009-06-29,20,0.018610804159063212
2009-06-30,20,-0.029517540354744947
2009-07-01,20,-0.0048111574677359055
2009-07-02,20,0.06786711976856476
2009-07-06,20,0.15466085524798973
2009-07-07,20,0.07268898985382118
2009-07-08,20,0.08383202241966568
2009-07-09,20,0.08252980622869263
2009-07-10,20,0.043751864935005394
2009-07-13,20,0.016650783576641102
2009-07-14,20,-0.01340417942380328
2009-07-15,20,0.053118386687186214
2009-07-16,20,0.04388806040071132
2009-07-17,20,-0.005281167372375347
2009-07-20,20,-0.042122603171379586
2009-07-21,20,-0.04634391295777825
2009-07-22,20,0.00019127931673286984
2009-07-23,20,-0.0012689936466506303
2009-07-24,20,-0.010811057218785917
2009-07-27,20,0.00441593538727568
2009-07-28,20,0.010386382545844062
2009-07-29,20,-0.04135326490347125
2009-07-30,20,-0.040587296549641466
2009-07-31,20,-0.06355419719071627
2009-08-03,20,-0.07653263730824117
2009-08-04,20,-0.08922953986256793
2009-08-05,20,-0.04395555107882682
2009-08-06,20,0.00956135464700463
2009-08-07,20,0.015141980754737003
2009-08-10,20,0.016156865515357454
2009-08-11,20,0.07939513269749524
2009-08-12,20,0.05688560452004222
2009-08-13,20,0.01826473780746814
2009-08-14,20,0.024519817251411606
2009-08-17,20,0.05429706543475494
2009-08-18,20,0.03648284233174732
2009-08-19,20,-0.003365646969731108
2009-08-20,20,-0.02478064217960723
2009-08-21,20,-0.04243375249618374
2009-08-24,20,-0.020136400126740495
2009-08-25,20,-0.06799689191388109
2009-08-26,20,-0.07910049785169498
2009-08-27,20,-0.07635513920991868
2009-08-28,20,-0.07317254332386863
2009-08-31,20,-0.06983277758959351
2009-09-01,20,-0.04145256619433061
2009-09-02,20,-0.055238221520681544
2009-09-03,20,-0.05904969749582832
2009-09-04,20,-0.03588288915520274
2009-09-08,20,-0.030050667649593375
2009-09-09,20,-0.04506489932295428
2009-09-10,20,-0.06041851951066656
2009-09-11,20,-0.027893651359939448
2009-09-14,20,-0.024146699483307884
2009-09-15,20,-0.030888002761609176
2009-09-16,20,-0.02062683213816637
2009-09-17,20,0.008329728377275709
2009-09-18,20,-0.04503883226077217
2009-09-21,20,-0.009766112092100631
2009-09-22,20,-0.02229360099505065
2009-09-23,20,-0.017090676777567995
2009-09-24,20,0.03483985647123156
2009-09-25,20,0.03593294126644661
2009-09-28,20,-0.022390958776482575
2009-09-29,20,-0.06955426297897795
2009-09-30,20,-0.14530737873949856
2009-10-01,20,-0.02849277656976523
2009-10-02,20,-0.08984579142891722
2009-10-05,20,-0.1379136329635947
2009-10-06,20,-0.1167267265064981
2009-10-07,20,-0.11686646953806927
2009-10-08,20,-0.09802505014109442
2009-10-09,20,-0.10735437194189874
2009-10-12,20,-0.07392885844927109
2009-10-13,20,-0.07600797518308952
2009-10-14,20,-0.11663490227079702
2009-10-15,20,-0.1279893230615246
2009-10-16,20,-0.07422824297496088
2009-10-19,20,-0.06273735893623922
2009-10-20,20,-0.05237662536137292
2009-10-21,20,-0.04942037881532594
2009-10-22,20,-0.07889963448810973
2009-10-23,20,-0.0686620798960362
2009-10-26,20,-0.03678803743523427
2009-10-27,20,-0.023944096674058203
2009-10-28,20,0.0434751772136617
2009-10-29,20,0.021350513718128804
2009-10-30,20,0.041587261341863226
2009-11-02,20,0.00921203718510361
2009-11-03,20,0.007773418576772679
2009-11-04,20,0.00939012674138936
2009-11-05,20,-0.00893690093351356
2009-11-06,20,0.0019115528638686565
2009-11-09,20,-0.029836772487503004
2009-11-10,20,-0.049755215376255546
2009-11-11,20,-0.01539677994535319
2009-11-12,20,-0.012363662780165843
2009-11-13,20,-0.017288581806537296
2009-11-16,20,-0.004574999768563188
2009-11-17,20,-0.001305113464634211
2009-11-18,20,0.0028949929452228833
2009-11-19,20,-0.03583469053954044
2009-11-20,20,-0.02402917179862674
2009-11-23,20,-0.026310162605516746
2009-11-24,20,-0.01878844113413638
2009-11-25,20,-0.014792015305354993
2009-11-27,20,-0.018776082329452982
2009-11-30,20,-0.06514324116664509
2009-12-01,20,-0.08324911500139637
2009-12-02,20,-0.07122804264456564
2009-12-03,20,-0.09116873881532002
2009-12-04,20,-0.05889238451482219
2009-12-07,20,-0.0754408209186136
2009-12-08,20,-0.12740838554677597
2009-12-09,20,-0.1510168420640966
2009-12-10,20,-0.194183165216123
2009-12-11,20,-0.1796249831172793
2009-12-14,20,-0.17607690185294123
2009-12-15,20,-0.19285189562368957
2009-12-16,20,-0.19421413230177326
2009-12-17,20,-0.19369514178798863
2009-12-18,20,-0.1811426656787062
2009-12-21,20,-0.1666017489333621
2009-12-22,20,-0.18927865252533618
2009-12-23,20,-0.17102400380704477
2009-12-24,20,-0.14670498729375359
2009-12-28,20,-0.16294748486880828
2009-12-29,20,-0.12537639370885656
2009-12-30,20,-0.12165166289875748
2009-12-31,20,-0.08140084748153585
2010-01-04,20,-0.06075664051539166
2010-01-05,20,-0.04885782771391883
2010-01-06,20,-0.07492467408937421
2010-01-07,20,-0.06427143853738994
2010-01-08,20,-0.06169595981327475
2010-01-11,20,-0.0037887378219754837
2010-01-12,20,0.021683437323963023
2010-01-13,20,0.03784796576133919
2010-01-14,20,0.0571224304539819
2010-01-15,20,0.06914052234960041
2010-01-19,20,0.04915506522591987
2010-01-20,20,0.03361591387544181
2010-01-21,20,0.04138882861448416
2010-01-22,20,0.05929974220275455
2010-01-25,20,0.05078914708048987
2010-01-26,20,0.02658515577282467
2010-01-27,20,0.06459520879195627
2010-01-28,20,0.06733971019918028
2010-01-29,20,0.10500452056501826
2010-02-01,20,0.08875413610134002
2010-02-02,20,0.05208086650665842
2010-02-03,20,0.028800284878136972
2010-02-04,20,0.0505434251839244
2010-02-05,20,0.05496351440868115
2010-02-08,20,0.019177187587146267
2010-02-09,20,0.008941978289100098
2010-02-10,20,0.019534276991280717
2010-02-11,20,0.00972239058184941
2010-02-12,20,-0.020037138748906502
2010-02-16,20,-0.03576625592265771
2010-02-17,20,-0.03453077698018491
2010-02-18,20,-0.03727100227481677
2010-02-19,20,-0.09253324060913327
2010-02-22,20,-0.06987210648475056
2010-02-23,20,-0.03860203921979297
2010-02-24,20,-0.03154065781967144
2010-02-25,20,-0.03607970893943661
2010-02-26,20,-0.03707270986001018
2010-03-01,20,-0.06915118775940803
2010-03-02,20,-0.06864610656045109
2010-03-03,20,-0.08163426415942795
2010-03-04,20,-0.08016230298199978
2010-03-05,20,-0.04842517908865927
2010-03-08,20,-0.03106480868174016
2010-03-09,20,-0.02656567131961447
2010-03-10,20,-0.03787408332958163
2010-03-11,20,-0.03181778896105778
2010-03-12,20,-0.02263600837373691
2010-03-15,20,-0.01469144272909138
2010-03-16,20,0.011380975594260932
2010-03-17,20,0.01327364286975825
2010-03-18,20,-0.004667223040522669
2010-03-19,20,-0.02188232395223962
2010-03-22,20,-0.037089284314088124
2010-03-23,20,-0.04614682685304896
2010-03-24,20,-0.022586993461623246
2010-03-25,20,-0.021888699237932244
2010-03-26,20,-0.01660890599049494
2010-03-29,20,-0.03032766202993081
2010-03-30,20,-0.0327455875311148
2010-03-31,20,-0.01160302501738091
2010-04-01,20,-0.032949110564905376
2010-04-05,20,0.0011090014130152044
2010-04-06,20,-0.04914985162639349
2010-04-07,20,-0.04162541008745612
2010-04-08,20,-0.06781320915899018
2010-04-09,20,-0.09300913361667425
2010-04-12,20,-0.04909683278189092
2010-04-13,20,-0.038807675499222774
2010-04-14,20,-0.03893806064571537
2010-04-15,20,-0.04351171221590993
2010-04-16,20,-0.02550923049376444
2010-04-19,20,0.0013270966304873943
2010-04-20,20,-0.033215163380110095
2010-04-21,20,-0.03907551309789308
2010-04-22,20,-0.11694354056761386
2010-04-23,20,-0.11558466320452977
2010-04-26,20,-0.12116625191057931
2010-04-27,20,-0.08462172868687402
2010-04-28,20,-0.06109001188696686
2010-04-29,20,-0.04895439375941927
2010-04-30,20,0.0023169273702933514
2010-05-03,20,-0.1026658353242904
2010-05-04,20,-0.022847622533601092
2010-05-05,20,0.02724915603326923
2010-05-06,20,0.014409185018535534
2010-05-07,20,0.05017743145011342
2010-05-10,20,-0.03675858483784125
2010-05-11,20,-0.050983472854093236
2010-05-12,20,-0.06509676469633642
2010-05-13,20,-0.04435078288942921
2010-05-14,20,0.006361527668749004
2010-05-17,20,-0.024642419532525342
2010-05-18,20,-0.004757374983789378
2010-05-19,20,0.02758734322833519
2010-05-20,20,0.06821616481716287
2010-05-21,20,0.057603658321878644
2010-05-24,20,0.04331875635290609
2010-05-25,20,0.03880554291337847
2010-05-26,20,0.04400839989185245
2010-05-27,20,0.05223386705814263
2010-05-28,20,0.06285043950467399
2010-06-01,20,0.051060340117547884
2010-06-02,20,0.035350455467854126
2010-06-03,20,0.032467475681377526
2010-06-04,20,0.05636070299466719
2010-06-07,20,0.06855079496208347
2010-06-08,20,0.04950525374709275
2010-06-09,20,0.0034546539308460376
2010-06-10,20,-0.014079065398288355
2010-06-11,20,-0.012425250643804288
2010-06-14,20,-0.030155460519235323
2010-06-15,20,-0.019736449270466985
2010-06-16,20,-0.02823199365295596
2010-06-17,20,-0.02048604883065365
2010-06-18,20,-0.024513259771510015
2010-06-21,20,-0.017073109332820885
2010-06-22,20,0.014655014078681135
2010-06-23,20,-0.015349449878913124
2010-06-24,20,-0.06249622886868934
2010-06-25,20,-0.0996336477818838
2010-06-28,20,-0.11829234164357717
2010-06-29,20,-0.12525187881948946
2010-06-30,20,-0.13299558682556928
2010-07-01,20,-0.12366525027466682
2010-07-02,20,-0.16439189906601248
2010-07-06,20,-0.1800698791620668
2010-07-07,20,-0.15727979248345442
2010-07-08,20,-0.11043229413801595
2010-07-09,20,-0.06762019704587514
2010-07-12,20,-0.0916534159990074
2010-07-13,20,-0.015845173903032656
2010-07-14,20,0.007923081391374352
2010-07-15,20,0.023774197672649308
2010-07-16,20,-0.006687092374255282
2010-07-19,20,-0.00920932302207963
2010-07-20,20,0.010263439132628711
2010-07-21,20,-0.008228657854275501
2010-07-22,20,0.07530797788407036
2010-07-23,20,0.09591117095108354
2010-07-26,20,0.13794896246974628
2010-07-27,20,0.1477815930957533
2010-07-28,20,0.13973423201843022
2010-07-29,20,0.13468230286700011
2010-07-30,20,0.10757222636724545
2010-08-02,20,0.11976313818146693
2010-08-03,20,0.11631575225486744
2010-08-04,20,0.16946908414810277
2010-08-05,20,0.1678076958676055
2010-08-06,20,0.1669755691836528
2010-08-09,20,0.22229884822980314
2010-08-10,20,0.1861701350270459
2010-08-11,20,0.16591097159810275
2010-08-12,20,0.12166885045740984
2010-08-13,20,0.03665851901374178
2010-08-16,20,0.03366723842304519
2010-08-17,20,0.011362736895806202
2010-08-18,20,0.05184572799120119
2010-08-19,20,0.03739678331755944
2010-08-20,20,-0.03287172279466924
2010-08-23,20,-0.07270279912140765
2010-08-24,20,-0.04340620728297944
2010-08-25,20,0.0010775203114547977
2010-08-26,20,-0.06697934874942577
2010-08-27,20,-0.04956463538890195
2010-08-30,20,-0.07569732650854348
2010-08-31,20,-0.10477693928219457
2010-09-01,20,-0.11341745058702422
2010-09-02,20,-0.09764553409744352
2010-09-03,20,-0.03421313388383748
2010-09-07,20,-0.11395175996554174
2010-09-08,20,-0.14337068865806715
2010-09-09,20,-0.14241326344519986
2010-09-10,20,-0.15773923120386776
2010-09-13,20,-0.138603707512359
2010-09-14,20,-0.1377256531866137
2010-09-15,20,-0.12382366279020987
2010-09-16,20,-0.08188861450633204
2010-09-17,20,-0.0981237099186863
2010-09-20,20,-0.09572923131153145
2010-09-21,20,-0.12432117128220964
2010-09-22,20,-0.10971678382765386
2010-09-23,20,-0.0531450011019337
2010-09-24,20,-0.01487020615095768
2010-09-27,20,0.01406414892802591
2010-09-28,20,0.02421001377592896
2010-09-29,20,0.0460609210162704
2010-09-30,20,0.04588202791872052
2010-10-01,20,0.03757744463700165
2010-10-04,20,0.022010484501595835
2010-10-05,20,0.006371463560506453
2010-10-06,20,0.02237355927225025
2010-10-07,20,-0.009787757092998008
2010-10-08,20,-0.024519099289611417
2010-10-11,20,-0.021086363142828028
2010-10-12,20,-0.027560790766005854
2010-10-13,20,-0.026776077645290726
2010-10-14,20,-0.020582978788516094
2010-10-15,20,-0.027608205567943547
2010-10-18,20,-0.01566728241920465
2010-10-19,20,0.006439486426203835
2010-10-20,20,0.01752600699218054
2010-10-21,20,0.014006096461376434
2010-10-22,20,0.0069003633303746335
2010-10-25,20,0.003975554323971204
2010-10-26,20,0.008099914937966905
2010-10-27,20,0.03728931725556112
2010-10-28,20,0.04057314758036113
2010-10-29,20,0.05782430218391225
2010-11-01,20,0.05276797702779801
2010-11-02,20,0.06799851735303486
2010-11-03,20,0.05949037969877805
2010-11-04,20,0.08807091545500872
2010-11-05,20,0.1171839748614835
2010-11-08,20,0.1154737513069637
2010-11-09,20,0.12291655026879345
2010-11-10,20,0.10953167831694068
2010-11-11,20,0.09349025497405342
2010-11-12,20,0.10429531593049782
2010-11-15,20,0.09431142750235201
2010-11-16,20,0.1212390657590581
2010-11-17,20,0.11276595967609382
2010-11-18,20,0.07775585745431245
2010-11-19,20,0.0836828677472221
2010-11-22,20,0.05476349455794588
2010-11-23,20,0.03286038175843515
2010-11-24,20,0.006138998845350795
2010-11-26,20,-0.043962079731857694
2010-11-29,20,-0.057568359457086396
2010-11-30,20,-0.08262671055489036
2010-12-01,20,-0.0752432280081859
2010-12-02,20,-0.06163914547109494
2010-12-03,20,-0.054938461720917396
2010-12-06,20,-0.11566498787277439
2010-12-07,20,-0.09491509147687646
2010-12-08,20,-0.0906778940769113
2010-12-09,20,-0.07754069961941554
2010-12-10,20,-0.05986466488331453
2010-12-13,20,-0.021638953400002735
2010-12-14,20,-0.014888322871276607
2010-12-15,20,-0.02122213674766416
2010-12-16,20,-0.0524738819803578
2010-12-17,20,-0.06619805027966871
2010-12-20,20,-0.12317992941900625
2010-12-21,20,-0.19237601229199533
2010-12-22,20,-0.15343385001887583
2010-12-23,20,-0.12929281822123817
2010-12-27,20,-0.1446547799828077
2010-12-28,20,-0.08618416823977867
2010-12-29,20,-0.07614976088361389
2010-12-30,20,-0.0714990608931412
2010-12-31,20,-0.04385804131877126
2011-01-03,20,-0.028537563737844943
2011-01-04,20,0.009833037683639429
2011-01-05,20,-0.015242116948457231
2011-01-06,20,0.010801190837585014
2011-01-07,20,0.032723120881997976
2011-01-10,20,0.017762715147433602
2011-01-11,20,0.009241085274686816
2011-01-12,20,0.03667897917343368
2011-01-13,20,0.041125861695983014
2011-01-14,20,0.06943415374437999
2011-01-18,20,0.06685420333017741
2011-01-19,20,0.13586460565971026
2011-01-20,20,0.14700678139382486
2011-01-21,20,0.12494896674545972
2011-01-24,20,0.06522239106667017
2011-01-25,20,0.04940943917152314
2011-01-26,20,0.027455539674512874
2011-01-27,20,0.03707938124372529
2011-01-28,20,0.05360934342749762
2011-01-31,20,0.0303650164009481
2011-02-01,20,0.03180813199637993
2011-02-02,20,0.0466465746374072
2011-02-03,20,0.04617550750727154
2011-02-04,20,0.02369276712013952
2011-02-07,20,-0.0191472100103306
2011-02-08,20,-0.06278358870895522
2011-02-09,20,-0.09418783611304044
2011-02-10,20,-0.06496514764304362
2011-02-11,20,-0.07726667188259004
2011-02-14,20,-0.10260949201610546
2011-02-15,20,-0.07585294188196336
2011-02-16,20,-0.07975111807697491
2011-02-17,20,-0.0965848337068819
2011-02-18,20,-0.03338611086623401
2011-02-22,20,0.015558884141755812
2011-02-23,20,0.04685649393875483
2011-02-24,20,0.06548910643454887
2011-02-25,20,0.048013282070745116
2011-02-28,20,0.00392162545898467
2011-03-01,20,0.038328031988614016
2011-03-02,20,0.022686304567732903
2011-03-03,20,0.01989822746181911
2011-03-04,20,0.04397585223273391
2011-03-07,20,0.04664991704597086
2011-03-08,20,0.07147344405457003
2011-03-09,20,0.06775854572027448
2011-03-10,20,0.07394448384451577
2011-03-11,20,0.03660928860038088
2011-03-14,20,0.02982411955518344
2011-03-15,20,0.02436194010032736
2011-03-16,20,0.06319429179060616
2011-03-17,20,0.04949943891545473
2011-03-18,20,0.07866964896525243
2011-03-21,20,0.004179134548504215
2011-03-22,20,0.030994588500452672
2011-03-23,20,0.04784623761733353
2011-03-24,20,0.05121434108747866
2011-03-25,20,0.045233219215491775
2011-03-28,20,0.027524843850102336
2011-03-29,20,0.010254399897567757
2011-03-30,20,0.0019498238201694452
2011-03-31,20,0.012119199973664039
2011-04-01,20,-0.009058647004677687
2011-04-04,20,-0.06930323572567952
2011-04-05,20,-0.08296683871982853
2011-04-06,20,-0.053820257134292726
2011-04-07,20,-0.03027511411380426
2011-04-08,20,0.012186754746347431
2011-04-11,20,0.007886305699074753
2011-04-12,20,-0.0014549911655398055
2011-04-13,20,-0.02752519746886193
2011-04-14,20,-0.03816689096972911
2011-04-15,20,-0.07376971689781318
2011-04-18,20,-0.04261422087452189
2011-04-19,20,-0.022835761596401116
2011-04-20,20,-0.030548833411174973
2011-04-21,20,-0.03629848181984157
2011-04-25,20,-0.026741273264408637
2011-04-26,20,-0.037766679249648195
2011-04-27,20,-0.022493048835835916
2011-04-28,20,0.0013519525133403494
2011-04-29,20,0.011839069984654137
2011-05-02,20,0.042803019472682925
2011-05-03,20,0.0871241684527837
2011-05-04,20,0.10427714274954292
2011-05-05,20,0.10794060718894768
2011-05-06,20,0.11435008172001034
2011-05-09,20,0.09490122849855542
2011-05-10,20,0.08239266158342733
2011-05-11,20,0.11787731867991548
2011-05-12,20,0.1077240499600775
2011-05-13,20,0.12819604027142312
2011-05-16,20,0.1186064103441951
2011-05-17,20,0.10735115789778973
2011-05-18,20,0.07817827665564363
2011-05-19,20,0.05084476055141522
2011-05-20,20,0.07978179684121972
2011-05-23,20,0.09272620364431823
2011-05-24,20,0.09478211471927075
2011-05-25,20,0.09996141871804486
2011-05-26,20,0.07250185066240836
2011-05-27,20,0.10896699595407124
2011-05-31,20,0.1156522372777179
2011-06-01,20,0.1084590471042228
2011-06-02,20,0.10079995525446815
2011-06-03,20,0.0760850649133177
2011-06-06,20,0.10641686933334779
2011-06-07,20,0.12606946122490345
2011-06-08,20,0.055631372446854226
2011-06-09,20,0.07811061295446024
2011-06-10,20,0.105647492645943
2011-06-13,20,0.06515766106314817
2011-06-14,20,0.08882512614552786
2011-06-15,20,0.08856383580554746
2011-06-16,20,0.08046953935899931
2011-06-17,20,0.08703213570808978
2011-06-20,20,0.05947877346124837
2011-06-21,20,0.07802129317907142
2011-06-22,20,0.04622509661181734
2011-06-23,20,0.0253477035030161
2011-06-24,20,0.008230079040630672
2011-06-27,20,-0.030055131388192952
2011-06-28,20,0.005329229995435525
2011-06-29,20,0.025998733672095476
2011-06-30,20,0.0503601794242009
2011-07-01,20,0.07621571909273793
2011-07-05,20,0.053857451298620164
2011-07-06,20,0.06052543750674756
2011-07-07,20,0.0938263639003055
2011-07-08,20,0.07873647376144666
2011-07-11,20,0.11200001490251402
2011-07-12,20,0.13452112542970457
2011-07-13,20,0.13438312424732016
2011-07-14,20,0.13202575519055346
2011-07-15,20,0.12765874311227104
2011-07-18,20,0.09986559246215897
2011-07-19,20,0.09368256913461283
2011-07-20,20,0.10151504218167309
2011-07-21,20,0.10935834961840349
2011-07-22,20,0.09481169264750372
2011-07-25,20,0.09409733093949028
2011-07-26,20,0.12334508077535414
2011-07-27,20,0.1340605137462849
2011-07-28,20,0.11053418084960426
2011-07-29,20,0.09132281921726501
2011-08-01,20,0.024272805542122015
2011-08-02,20,0.036447432675489166
2011-08-03,20,0.047170777967725376
2011-08-04,20,0.06522024161848057
2011-08-05,20,0.08498214319959294
2011-08-08,20,0.05796527518855513
2011-08-09,20,0.0022928750601523243
2011-08-10,20,0.005987492517024288
2011-08-11,20,0.07872402650521508
2011-08-12,20,0.10470201511057821
2011-08-15,20,0.13842075467929874
2011-08-16,20,0.08996873588731592
2011-08-17,20,0.03767571756734096
2011-08-18,20,-0.01627875251551172
2011-08-19,20,0.01494802070610577
2011-08-22,20,0.036614682901197945
2011-08-23,20,0.11917464568341464
2011-08-24,20,0.20131717271167204
2011-08-25,20,0.14912706419436197
2011-08-26,20,0.1419929116237321
2011-08-29,20,0.1721026165909293
2011-08-30,20,0.1752649142205021
2011-08-31,20,0.15220230581169958
2011-09-01,20,0.1362768618635266
2011-09-02,20,0.18155733514116718
2011-09-06,20,0.06793380903218013
2011-09-07,20,0.061217208410354634
2011-09-08,20,0.003318391915257042
2011-09-09,20,0.025739760562968197
2011-09-12,20,-0.02107602697683229
2011-09-13,20,-0.031989001549106
2011-09-14,20,-0.0599631826712462
2011-09-15,20,0.004421018811997894
2011-09-16,20,-0.010556681528321408
2011-09-19,20,-0.008657382167417503
2011-09-20,20,-0.10958680293756685
2011-09-21,20,-0.15364923788276968
2011-09-22,20,-0.21502062784647633
2011-09-23,20,-0.21465213949831127
2011-09-26,20,-0.26282813073696637
2011-09-27,20,-0.14209520661333278
2011-09-28,20,-0.28222749196040875
2011-09-29,20,-0.32796926930499204
2011-09-30,20,-0.39525088636711725
2011-10-03,20,-0.4443050649190853
2011-10-04,20,-0.3158575946064592
2011-10-05,20,-0.2657431117030042
2011-10-06,20,-0.23793686838123823
2011-10-07,20,-0.2667651405384439
2011-10-10,20,-0.20643288848091457
2011-10-11,20,-0.19536197472567285
2011-10-12,20,-0.09449080483633926
2011-10-13,20,-0.10766783763248407
2011-10-14,20,-0.0943273646307644
2011-10-17,20,-0.1339364764657223
2011-10-18,20,-0.09678027356633587
2011-10-19,20,-0.11538173221130524
2011-10-20,20,-0.07966433270714895
2011-10-21,20,-0.04420908969259777
2011-10-24,20,0.05846713609292474
2011-10-25,20,0.05720758111349849
2011-10-26,20,0.09132730708406869
2011-10-27,20,0.12869782022906612
2011-10-28,20,0.12448584101490509
2011-10-31,20,0.12612971281266577
2011-11-01,20,0.0759538396929742
2011-11-02,20,0.11985741759955175
2011-11-03,20,0.08980740964147899
2011-11-04,20,0.1303767611033909
2011-11-07,20,0.14774403625163485
2011-11-08,20,0.13001792281106092
2011-11-09,20,0.1680792290043052
2011-11-10,20,0.14763733491981754
2011-11-11,20,0.11750903075049222
2011-11-14,20,0.07168659275847486
2011-11-15,20,0.003072206681312602
2011-11-16,20,0.03745872902753356
2011-11-17,20,0.09608458146814536
2011-11-18,20,0.11596503252539142
2011-11-21,20,0.1312404960402472
2011-11-22,20,0.08780100120731239
2011-11-23,20,0.029008838323099265
2011-11-25,20,0.004518968555673003
2011-11-28,20,0.059073325419221986
2011-11-29,20,0.061419756748530695
2011-11-30,20,0.06346888337374414
2011-12-01,20,0.06920023937843958
2011-12-02,20,0.03054298537413812
2011-12-05,20,0.042664407266034036
2011-12-06,20,0.02346429567932737
2011-12-07,20,0.03527198288066946
2011-12-08,20,-0.0013552899801387715
2011-12-09,20,-0.023197836255349057
2011-12-12,20,-0.0596173444612062
2011-12-13,20,-0.08265017639293068
2011-12-14,20,-0.05939345142161413
2011-12-15,20,-0.0616636693624688
2011-12-16,20,-0.06050308171000463
2011-12-19,20,-0.07973250798829315
2011-12-20,20,-0.11381955122768087
2011-12-21,20,-0.14058308546543216
2011-12-22,20,-0.07945804979865224
2011-12-23,20,-0.0721634454035919
2011-12-27,20,-0.06998479664824757
2011-12-28,20,-0.03769075706505077
2011-12-29,20,-0.09532491642810795
2011-12-30,20,-0.08131051306845477
2012-01-03,20,-0.06452723167229757
2012-01-04,20,-0.07745349423278183
2012-01-05,20,-0.10513690859926608
2012-01-06,20,-0.13653309993946738
2012-01-09,20,-0.16227522527996172
2012-01-10,20,-0.12382326948025627
2012-01-11,20,-0.09320038896036748
2012-01-12,20,-0.06052621522833505
2012-01-13,20,-0.05605261912051949
2012-01-17,20,-0.04031933298354033
2012-01-18,20,-0.053478964227761716
2012-01-19,20,-0.03296098248436618
2012-01-20,20,-0.03094299176799248
2012-01-23,20,0.02615859333579363
2012-01-24,20,-0.0074223950348012635
2012-01-25,20,-0.00023670430708818638
2012-01-26,20,-0.02501268981203018
2012-01-27,20,0.016052573739825535
2012-01-30,20,0.0208657270622085
2012-01-31,20,-0.014577262258304862
2012-02-01,20,-0.0413288372405365
2012-02-02,20,-0.05876091148890141
2012-02-03,20,-0.05291499997047839
2012-02-06,20,-0.05275613666485521
2012-02-07,20,-0.051946317008091485
2012-02-08,20,-0.05117500698434329
2012-02-09,20,-0.01760976641301581
2012-02-10,20,-0.019728312259471307
2012-02-13,20,-0.03097182717838792
2012-02-14,20,-0.0034035139651828754
2012-02-15,20,0.026096660989911927
2012-02-16,20,-0.011011575588949333
2012-02-17,20,-0.009629714748346124
2012-02-21,20,-0.02762223843144691
2012-02-22,20,-0.010613396416956591
2012-02-23,20,-0.0505144164387602
2012-02-24,20,0.00776999694885684
2012-02-27,20,0.0131932084201654
2012-02-28,20,0.03813901209980909
2012-02-29,20,0.05157173392132517
2012-03-01,20,0.014529659362038157
2012-03-02,20,-0.0004624689510437259
2012-03-05,20,0.02115302659484132
2012-03-06,20,0.09022036315916805
2012-03-07,20,0.06074294908064507
2012-03-08,20,0.045651721046395324
2012-03-09,20,0.03168685976957945
2012-03-12,20,-0.019895556686706988
2012-03-13,20,-0.04724119983127462
2012-03-14,20,-0.02678214623515568
2012-03-15,20,-0.03897117988798441
2012-03-16,20,-0.06687300092752661
2012-03-19,20,-0.03398316129114687
2012-03-20,20,0.023513237871481765
2012-03-21,20,0.017749371112550403
2012-03-22,20,0.030627483499348452
2012-03-23,20,0.006235487852177584
2012-03-26,20,-0.04295826598216179
2012-03-27,20,0.016419131692330995
2012-03-28,20,0.030875015564248102
2012-03-29,20,0.09772367302714667
2012-03-30,20,0.054614054049006586
2012-04-02,20,0.0372183671476572
2012-04-03,20,0.06351163480475551
2012-04-04,20,0.08213370421941178
2012-04-05,20,0.05004340689310643
2012-04-09,20,0.053469737166879666
2012-04-10,20,0.05868586705340789
2012-04-11,20,0.05494176960284154
2012-04-12,20,0.06475954293803744
2012-04-13,20,0.09050597551831033
2012-04-16,20,0.07945679681120713
2012-04-17,20,0.08776230566328504
2012-04-18,20,0.06366295711604103
2012-04-19,20,0.03659934024195249
2012-04-20,20,0.04326740512976921
2012-04-23,20,0.05195037041035136
2012-04-24,20,0.11982117140639645
2012-04-25,20,0.08896836788288325
2012-04-26,20,0.10883287692172502
2012-04-27,20,0.09017991440642645
2012-04-30,20,0.0964947807159967
2012-05-01,20,0.12496670480062255
2012-05-02,20,0.12833347114889948
2012-05-03,20,0.08294299126885925
2012-05-04,20,0.07596427902849129
2012-05-07,20,0.06991003884329018
2012-05-08,20,0.04692219517750333
2012-05-09,20,0.038956951572676306
2012-05-10,20,0.051157014389797535
2012-05-11,20,0.07569903456625005
2012-05-14,20,0.05014095464040487
2012-05-15,20,0.03820431251631169
2012-05-16,20,0.030800153929006265
2012-05-17,20,0.012254830523630444
2012-05-18,20,0.049631897593257625
2012-05-21,20,0.06195988364105605
2012-05-22,20,-0.0035617003800178294
2012-05-23,20,0.05200721381117667
2012-05-24,20,0.010274590964867282
2012-05-25,20,0.07215527704935847
2012-05-29,20,0.11101409029678731
2012-05-30,20,0.052541770574266636
2012-05-31,20,0.027603387537721076
2012-06-01,20,0.00027553347229019687
2012-06-04,20,0.02186086365828837
2012-06-05,20,-0.0037866716869877017
2012-06-06,20,0.05368626333709191
2012-06-07,20,0.08610015529647726
2012-06-08,20,0.11185947130990002
2012-06-11,20,0.07045808375208384
2012-06-12,20,0.08252887312407352
2012-06-13,20,0.06838550333390594
2012-06-14,20,0.07032583698237807
2012-06-15,20,0.12208460910407125
2012-06-18,20,0.07683800197227908
2012-06-19,20,0.08273303949691747
2012-06-20,20,0.0719176613170339
2012-06-21,20,0.03516940672010565
2012-06-22,20,0.04685059906267977
2012-06-25,20,0.035277522052128335
2012-06-26,20,-0.005207497888093103
2012-06-27,20,-0.021693837896880116
2012-06-28,20,-0.061575362269310756
2012-06-29,20,-0.00458367608534751
2012-07-02,20,-0.044126076576210045
2012-07-03,20,-0.010850498345295645
2012-07-05,20,0.045508711012354805
2012-07-06,20,-0.01923946462810709
2012-07-09,20,-0.07923058205364057
2012-07-10,20,-0.14933686106710733
2012-07-11,20,-0.14242237111837458
2012-07-12,20,-0.1913799846691816
2012-07-13,20,-0.2183855182500315
2012-07-16,20,-0.21303552322997807
2012-07-17,20,-0.19395621231555504
2012-07-18,20,-0.1732835984447624
2012-07-19,20,-0.1582991754050465
2012-07-20,20,-0.1840241260275737
2012-07-23,20,-0.21285308179385432
2012-07-24,20,-0.24351962083399778
2012-07-25,20,-0.21984451668198907
2012-07-26,20,-0.21573435356344534
2012-07-27,20,-0.18581508003310176
2012-07-30,20,-0.18208681346532077
2012-07-31,20,-0.16804726947585663
2012-08-01,20,-0.16866724593264196
2012-08-02,20,-0.1937681505428298
2012-08-03,20,-0.16099193364362135
2012-08-06,20,-0.07817669309866886
2012-08-07,20,-0.04027323326864911
2012-08-08,20,-0.04503777451735487
2012-08-09,20,-0.06340714531401266
2012-08-10,20,-0.05187542786847879
2012-08-13,20,-0.0679642697291355
2012-08-14,20,-0.08973457376427264
2012-08-15,20,-0.08129162155836504
2012-08-16,20,-0.06851206879670563
2012-08-17,20,-0.05295172402506388
2012-08-20,20,-0.045568686808098495
2012-08-21,20,-0.018504085931189358
2012-08-22,20,-0.02097412201851048
2012-08-23,20,-0.0010862561493764904
2012-08-24,20,-0.018311512041072793
2012-08-27,20,-0.0174694082294924
2012-08-28,20,-0.05252307146372607
2012-08-29,20,0.0012188161480462237
2012-08-30,20,0.011692086422838033
2012-08-31,20,0.010858938221004697
2012-09-04,20,-0.012101627482253595
2012-09-05,20,0.013600406169003902
2012-09-06,20,0.027918999115853316
2012-09-07,20,0.0291615577350805
2012-09-10,20,0.028033446861326607
2012-09-11,20,0.04862748268361157
2012-09-12,20,0.027793891667045684
2012-09-13,20,0.014034284413874271
2012-09-14,20,-0.031594944172432055
2012-09-17,20,-0.03169199215015016
2012-09-18,20,0.032626563399361354
2012-09-19,20,0.025453272130108076
2012-09-20,20,0.03105804467525969
2012-09-21,20,0.017912370724215712
2012-09-24,20,0.02745547820804336
2012-09-25,20,0.025280293499263858
2012-09-26,20,0.07285088985054984
2012-09-27,20,0.021804982459918243
2012-09-28,20,-0.0023678852100331264
2012-10-01,20,-0.024316871227955943
2012-10-02,20,-0.016222284981479353
2012-10-03,20,-0.01915478847261845
2012-10-04,20,-0.017181978059368202
2012-10-05,20,-0.005781562583558345
2012-10-08,20,0.01878306285444306
2012-10-09,20,0.032654757533330615
2012-10-10,20,0.025863123561077603
2012-10-11,20,0.026599569530534235
2012-10-12,20,0.04649083162449972
2012-10-15,20,0.019940844976939334
2012-10-16,20,-0.022042530674066703
2012-10-17,20,-0.015499634308824436
2012-10-18,20,0.004777126950771987
2012-10-19,20,0.009353012045427229
2012-10-22,20,0.00690275340122089
2012-10-23,20,0.01091823285710214
2012-10-24,20,-0.009943508355758185
2012-10-25,20,0.024325214270317135
2012-10-26,20,0.014966285668547826
2012-10-31,20,-0.026511935663371913
2012-11-01,20,-0.023109019699832933
2012-11-02,20,-0.006888027061367788
2012-11-05,20,-0.001797439103686011
2012-11-06,20,-0.0433607897965963
2012-11-07,20,-0.07464851475581487
2012-11-08,20,-0.11149167272069009
2012-11-09,20,-0.08111618445954166
2012-11-12,20,-0.11820717796718228
2012-11-13,20,-0.1711127451219131
2012-11-14,20,-0.16198284093047752
2012-11-15,20,-0.1510194560940977
2012-11-16,20,-0.17926747926359296
2012-11-19,20,-0.1716292104022458
2012-11-20,20,-0.1855594826868743
2012-11-21,20,-0.1513928439238594
2012-11-23,20,-0.13153936966338411
2012-11-26,20,-0.09828433897080804
2012-11-27,20,-0.10621365476476087
2012-11-28,20,-0.06900672051023894
2012-11-29,20,-0.01788197323048609
2012-11-30,20,-0.019795973447463405
2012-12-03,20,-0.05394716039719825
2012-12-04,20,-0.07333287116765863
2012-12-05,20,-0.08472428764856108
2012-12-06,20,-0.07893764454274511
2012-12-07,20,-0.04484248645004378
2012-12-10,20,-0.030520444142000627
2012-12-11,20,-0.01927836154872048
2012-12-12,20,-0.022007089455971567
2012-12-13,20,-0.00516712438664789
2012-12-14,20,-0.007864854670646104
2012-12-17,20,-0.0033449474912897012
2012-12-18,20,0.05714797626490914
2012-12-19,20,0.08298657121446816
2012-12-20,20,0.07092298657710987
2012-12-21,20,0.0832722822885772
2012-12-24,20,0.09379442098484225
2012-12-26,20,0.0914228908297638
2012-12-27,20,0.07187912774391363
2012-12-28,20,0.0787903361244941
2012-12-31,20,0.07411395163128097
2013-01-02,20,0.05362923776293267
2013-01-03,20,0.107526488659507
2013-01-04,20,0.11674261876077514
2013-01-07,20,0.11370291863071603
2013-01-08,20,0.10489418994164228
2013-01-09,20,0.09165323249256917
2013-01-10,20,0.11900336413878881
2013-01-11,20,0.11644377119927614
2013-01-14,20,0.12001604165070116
2013-01-15,20,0.1221110057145366
2013-01-16,20,0.1406909583580663
2013-01-17,20,0.12897282926955567
2013-01-18,20,0.14425332977190514
2013-01-22,20,0.10780783855893321
2013-01-23,20,0.08081996489606835
2013-01-24,20,0.08938953937125393
2013-01-25,20,0.035666348698397375
2013-01-28,20,0.055307094932922345
2013-01-29,20,0.09918967816170308
2013-01-30,20,0.1298618461363923
2013-01-31,20,0.1293378497859794
2013-02-01,20,0.12038407192210268
2013-02-04,20,0.12793736769070524
2013-02-05,20,0.09463408264890438
2013-02-06,20,0.08773560479110575
2013-02-07,20,0.0874722796949434
2013-02-08,20,0.09208785941575912
2013-02-11,20,0.08041668452285691
2013-02-12,20,0.04051755787516718
2013-02-13,20,0.007243324681171789
2013-02-14,20,-0.04504921592816403
2013-02-15,20,-0.03146650305720189
2013-02-19,20,-0.02653713195404267
2013-02-20,20,0.04778012462234333
2013-02-21,20,0.04781837326018647
2013-02-22,20,0.03347323734553609
2013-02-25,20,0.085465689795623
2013-02-26,20,0.10609551213930435
2013-02-27,20,0.09264048441664498
2013-02-28,20,0.09561428566547807
2013-03-01,20,0.053636001400348285
2013-03-04,20,0.014021485779106576
2013-03-05,20,-0.05272450062741541
2013-03-06,20,-0.050706654483834025
2013-03-07,20,-0.05217422514410646
2013-03-08,20,-0.018518227331599985
2013-03-11,20,-0.004925002510465728
2013-03-12,20,0.02721375421486344
2013-03-13,20,0.006155253026856509
2013-03-14,20,0.008789603229739791
2013-03-15,20,-0.008209248159794463
2013-03-18,20,0.03695363614334646
2013-03-19,20,0.025086102940984335
2013-03-20,20,-0.0032850264018014948
2013-03-21,20,0.022033971710306455
2013-03-22,20,0.03509090958803107
2013-03-25,20,0.035085974605329945
2013-03-26,20,-0.00353045979234733
2013-03-27,20,-0.03773859340865531
2013-03-28,20,-0.02238785230604792
2013-04-01,20,-0.019620545295260063
2013-04-02,20,-0.021871360055599937
2013-04-03,20,0.027048625299951168
2013-04-04,20,0.014962254871099426
2013-04-05,20,-0.006427724409086054
2013-04-08,20,-0.0322156234328385
2013-04-09,20,-0.026549923860415648
2013-04-10,20,-0.05005462135344257
2013-04-11,20,-0.03930577499532073
2013-04-12,20,-0.04127482866685339
2013-04-15,20,-0.05696209080734438
2013-04-16,20,-0.08515930311095402
2013-04-17,20,-0.10449952046085369
2013-04-18,20,-0.12095340794926182
2013-04-19,20,-0.1487697389736893
2013-04-22,20,-0.19072011562313293
2013-04-23,20,-0.1855535160675238
2013-04-24,20,-0.15589393361087128
2013-04-25,20,-0.1021508498340012
2013-04-26,20,-0.08583978192150794
2013-04-29,20,-0.06841501373177751
2013-04-30,20,-0.0980770275395159
2013-05-01,20,-0.15430942603089326
2013-05-02,20,-0.13665560852390404
2013-05-03,20,-0.11585751870351448
2013-05-06,20,-0.08742804244679075
2013-05-07,20,-0.09105000537445848
2013-05-08,20,-0.04446091464038637
2013-05-09,20,-0.012646110325056654
2013-05-10,20,-0.016468007852488864
2013-05-13,20,-0.03161201245301178
2013-05-14,20,-0.03614511337092094
2013-05-15,20,-0.07104132775750106
2013-05-16,20,-0.010312649004548735
2013-05-17,20,-0.0056327957416845075
2013-05-20,20,-0.0005300130562211669
2013-05-21,20,-0.01994688580908998
2013-05-22,20,-0.01832157159129559
2013-05-23,20,-0.02420869914151108
2013-05-24,20,-0.01354568782332966
2013-05-28,20,-0.001254193594616866
2013-05-29,20,0.048677237358540286
2013-05-30,20,0.05649944328571716
2013-05-31,20,0.07353386272855114
2013-06-03,20,0.08376040965955953
2013-06-04,20,0.07840969707238418
2013-06-05,20,0.07718466137529313
2013-06-06,20,0.08071899766396433
2013-06-07,20,0.09267221903104174
2013-06-10,20,0.06873443566188671
2013-06-11,20,0.037738992056973064
2013-06-12,20,0.03996500959619071
2013-06-13,20,0.07155815686450231
2013-06-14,20,0.06665179029795433
2013-06-17,20,0.009380134356945265
2013-06-18,20,0.027667872346492206
2013-06-19,20,0.018099983986217073
2013-06-20,20,0.020473931868832812
2013-06-21,20,0.01516641666733386
2013-06-24,20,-0.03403417080470122
2013-06-25,20,-0.01363367898212871
2013-06-26,20,-0.023705874878879984
2013-06-27,20,-0.009078912135845918
2013-06-28,20,-0.028955370938759897
2013-07-01,20,-0.046299942522265936
2013-07-02,20,-0.04053723934465436
2013-07-03,20,-0.04084631406057333
2013-07-05,20,-0.055276557575986755
2013-07-08,20,-0.02651854406730939
2013-07-09,20,-0.0015585375962579584
2013-07-10,20,0.0019509791204032846
2013-07-11,20,0.027818441554459884
2013-07-12,20,0.00832808267619271
2013-07-15,20,0.0022821332882236927
2013-07-16,20,0.024054932310135516
2013-07-17,20,0.021986945812485833
2013-07-18,20,-0.005939384215949487
2013-07-19,20,0.01031936590229119
2013-07-22,20,0.0012237147253192154
2013-07-23,20,0.04486626439498352
2013-07-24,20,0.05230232812147265
2013-07-25,20,0.04084367320885996
2013-07-26,20,0.0512194825550454
2013-07-29,20,0.057276966224686705
2013-07-30,20,0.031449970129554604
2013-07-31,20,0.05438124275896964
2013-08-01,20,0.06849500440382193
2013-08-02,20,0.010102885164815925
2013-08-05,20,0.01953590638740709
2013-08-06,20,0.03843045893848065
2013-08-07,20,0.04566090474611418
2013-08-08,20,0.044273321853734705
2013-08-09,20,0.05018235873648702
2013-08-12,20,0.04847944186995738
2013-08-13,20,0.02147615900162506
2013-08-14,20,0.012034525872618612
2013-08-15,20,0.07302510159834326
2013-08-16,20,0.05226536907631392
2013-08-19,20,0.04681824563246912
2013-08-20,20,0.026141639467805566
2013-08-21,20,0.02948493610682719
2013-08-22,20,0.052179985682206956
2013-08-23,20,0.040283878379708836
2013-08-26,20,0.04406396269128508
2013-08-27,20,0.06400985704170953
2013-08-28,20,0.06049344250409567
2013-08-29,20,0.07397665827851592
2013-08-30,20,0.09609007577884322
2013-09-03,20,0.06569786090723169
2013-09-04,20,0.06026755792737598
2013-09-05,20,0.07012760719764806
2013-09-06,20,0.10525176571096792
2013-09-09,20,0.08480531346049083
2013-09-10,20,0.023301977502705726
2013-09-11,20,0.014626853240589276
2013-09-12,20,0.06606304070909574
2013-09-13,20,0.08986934970977635
2013-09-16,20,0.09378318237968006
2013-09-17,20,0.07861995074568971
2013-09-18,20,0.08270058771503895
2013-09-19,20,0.05918519370344179
2013-09-20,20,0.10282030200064413
2013-09-23,20,0.11969395006256464
2013-09-24,20,0.08310576316367553
2013-09-25,20,0.024351085418025244
2013-09-26,20,0.06224324383711701
2013-09-27,20,0.04704096045281953
2013-09-30,20,-0.004203809747069233
2013-10-01,20,-0.01725485614994756
2013-10-02,20,-0.043328450569476845
2013-10-03,20,0.0014475455855210654
2013-10-04,20,-0.021816524785970355
2013-10-07,20,0.02588762446930386
2013-10-08,20,0.06764839100636875
2013-10-09,20,0.049110028984627144
2013-10-10,20,-0.013786249501441186
2013-10-11,20,0.007043912918546327
2013-10-14,20,0.0005853630448297984
2013-10-15,20,0.0023270552503430342
2013-10-16,20,-0.0015303169623629928
2013-10-17,20,-0.01333874637995941
2013-10-18,20,-0.03737840604557206
2013-10-21,20,-0.08065955761218854
2013-10-22,20,-0.0694782701267432
2013-10-23,20,-0.03460165038338574
2013-10-24,20,-0.05705919574303642
2013-10-25,20,-0.03894865774244173
2013-10-28,20,-0.027445480844969096
2013-10-29,20,-0.009034239453342046
2013-10-30,20,-0.02158320872215106
2013-10-31,20,-0.0485965076658646
2013-11-01,20,-0.0278113221683219
2013-11-04,20,-0.057636402917936556
2013-11-05,20,-0.06064390318647316
2013-11-06,20,-0.02625698771824839
2013-11-07,20,0.015422279195707642
2013-11-08,20,-0.015838372285705834
2013-11-11,20,-0.027063037241573037
2013-11-12,20,-0.04778820480088818
2013-11-13,20,-0.026976118233881588
2013-11-14,20,-0.017785380120999457
2013-11-15,20,-0.01845888365806496
2013-11-18,20,-0.013677290748092472
2013-11-19,20,0.009748284740049108
2013-11-20,20,0.0037107322406223914
2013-11-21,20,-0.005148463142225381
2013-11-22,20,-0.013064688484009193
2013-11-25,20,-0.010219565987302079
2013-11-26,20,-0.030779306482904025
2013-11-27,20,-0.0670139435065997
2013-11-29,20,-0.05253280552136491
2013-12-02,20,-0.06726052491174261
2013-12-03,20,-0.10379829218856582
2013-12-04,20,-0.09312183543679112
2013-12-05,20,-0.09658941735472937
2013-12-06,20,-0.0831751773627887
2013-12-09,20,-0.06946171849235981
2013-12-10,20,-0.05036653154156895
2013-12-11,20,-0.044003741390022236
2013-12-12,20,-0.08794021157448798
2013-12-13,20,-0.07336061575223436
2013-12-16,20,-0.08803868877849834
2013-12-17,20,-0.04857302999659598
2013-12-18,20,-0.04579153127561501
2013-12-19,20,-0.07170732291723235
2013-12-20,20,-0.059740909409440594
2013-12-23,20,-0.055383000733566036
2013-12-24,20,-0.07794131247129743
2013-12-26,20,-0.07506808667488855
2013-12-27,20,-0.03257055283350086
2013-12-30,20,-0.023151742283437315
2013-12-31,20,-0.014112397828456634
2014-01-02,20,-0.0028573673220448717
2014-01-03,20,-0.012423335203883975
2014-01-06,20,0.008665309606689922
2014-01-07,20,0.0008482540788537991
2014-01-08,20,0.0186396491154997
2014-01-09,20,0.03091034978352437
2014-01-10,20,0.01304505818514585
2014-01-13,20,0.03635744730527909
2014-01-14,20,0.031185214012289807
2014-01-15,20,0.056454614171322165
2014-01-16,20,0.0589539384327681
2014-01-17,20,0.0626701156089586
2014-01-21,20,0.08257135316391205
2014-01-22,20,0.11157349611828643
2014-01-23,20,0.1285499811990187
2014-01-24,20,0.1342015520594656
2014-01-27,20,0.12256509977188423
2014-01-28,20,0.1081780179220513
2014-01-29,20,0.07379265615179105
2014-01-30,20,0.059541716047431706
2014-01-31,20,0.032984240779344205
2014-02-03,20,0.004958931965487613
2014-02-04,20,-0.0013809264395094215
2014-02-05,20,0.02268591586405464
2014-02-06,20,9.461623909337578e-05
2014-02-07,20,-0.008975873553414426
2014-02-10,20,0.008671712752033253
2014-02-11,20,0.024480570484790704
2014-02-12,20,0.02601560838127476
2014-02-13,20,0.03619552803550856
2014-02-14,20,0.03654708656444232
2014-02-18,20,0.04190630661843094
2014-02-19,20,0.0318482388966008
2014-02-20,20,-0.018002763967760297
2014-02-21,20,-0.06319914444728357
2014-02-24,20,-0.1184182475893941
2014-02-25,20,-0.09742062976408343
2014-02-26,20,-0.09425711025349694
2014-02-27,20,-0.07963785497106535
2014-02-28,20,-0.06110237005754184
2014-03-03,20,-0.08079586267231781
2014-03-04,20,-0.07524189052898984
2014-03-05,20,-0.0821845973672983
2014-03-06,20,-0.08526465800551249
2014-03-07,20,-0.1001085264792804
2014-03-10,20,-0.11803060427819172
2014-03-11,20,-0.1173968259673062
2014-03-12,20,-0.11273309017153732
2014-03-13,20,-0.1269427472222703
2014-03-14,20,-0.12805514235784854
2014-03-17,20,-0.14470297801316803
2014-03-18,20,-0.14667652387076488
2014-03-19,20,-0.12464690420550031
2014-03-20,20,-0.11764832824582887
2014-03-21,20,-0.07063972979327118
2014-03-24,20,-0.02773315882842545
2014-03-25,20,-0.04210898732163661
2014-03-26,20,-0.017340173731233643
2014-03-27,20,-0.04216412958099317
2014-03-28,20,-0.05700881834234263
2014-03-31,20,-0.051996025698778994
2014-04-01,20,-0.030549515863792804
2014-04-02,20,-0.012541432068282404
2014-04-03,20,0.01490448668369009
2014-04-04,20,0.04404548286914996
2014-04-07,20,0.050871927370590826
2014-04-08,20,0.050740390463284664
2014-04-09,20,0.019212407967219666
2014-04-10,20,0.01495594864195492
2014-04-11,20,0.011508477575892562
2014-04-14,20,0.02845901771338043
2014-04-15,20,0.04034205376549637
2014-04-16,20,0.030664330477590304
2014-04-17,20,0.04580669295428869
2014-04-21,20,0.04861426593066408
2014-04-22,20,0.04907171045395503
2014-04-23,20,0.046772055190193
2014-04-24,20,0.028549978032620736
2014-04-25,20,0.026480662020605283
2014-04-28,20,-0.0048517426876029815
2014-04-29,20,0.034534725923347685
2014-04-30,20,0.026609380138272857
2014-05-01,20,0.06949165164834491
2014-05-02,20,0.0818758874233885
2014-05-05,20,0.09364075937382836
2014-05-06,20,0.09817494018584241
2014-05-07,20,0.029717670165124582
2014-05-08,20,0.00423821169555181
2014-05-09,20,0.013670296327915667
2014-05-12,20,0.0107176687037287
2014-05-13,20,0.011006810805038982
2014-05-14,20,-0.02754675643082445
2014-05-15,20,-0.02781589336810049
2014-05-16,20,-0.05063332610755992
2014-05-19,20,-0.06872629666027584
2014-05-20,20,-0.09833347200289516
2014-05-21,20,-0.10308296750032779
2014-05-22,20,-0.08471782948033682
2014-05-23,20,-0.06235699267429331
2014-05-27,20,-0.03184196428120732
2014-05-28,20,-0.05690829869259916
2014-05-29,20,-0.05791730796677777
2014-05-30,20,-0.09194296899460168
2014-06-02,20,-0.14515973625048256
2014-06-03,20,-0.17505577856843715
2014-06-04,20,-0.17192608555581207
2014-06-05,20,-0.12836985022485242
2014-06-06,20,-0.06622098392226086
2014-06-09,20,-0.01653745996302893
2014-06-10,20,0.007484514002107202
2014-06-11,20,0.02620880436252667
2014-06-12,20,0.04388178797390661
2014-06-13,20,0.06666296572819273
2014-06-16,20,0.08281806812361739
2014-06-17,20,0.10659254289152846
2014-06-18,20,0.098113900129098
2014-06-19,20,0.10486292035467913
2014-06-20,20,0.0616578787459988
2014-06-23,20,0.08076444566028762
2014-06-24,20,0.08351325580656536
2014-06-25,20,0.09218586418766711
2014-06-26,20,0.08893303038026067
2014-06-27,20,0.11393317956893793
2014-06-30,20,0.08018284543444752
2014-07-01,20,0.04744115832254431
2014-07-02,20,0.021797943961510347
2014-07-03,20,0.03463025984536773
2014-07-07,20,0.07628012420048152
2014-07-08,20,0.049386938891777685
2014-07-09,20,0.01307727875877427
2014-07-10,20,-0.016939359205937227
2014-07-11,20,-0.022362476309128472
2014-07-14,20,-0.021342886066241688
2014-07-15,20,-0.0012009653465553708
2014-07-16,20,-0.0037291332541334425
2014-07-17,20,-0.0005879651417220702
2014-07-18,20,-0.002601999322043714
2014-07-21,20,-0.021757423981217106
2014-07-22,20,-0.028303766309572258
2014-07-23,20,-0.029584233817231617
2014-07-24,20,-0.049408661377707004
2014-07-25,20,-0.05133111611600829
2014-07-28,20,-0.050495430980152765
2014-07-29,20,-0.06376969671583547
2014-07-30,20,-0.05482714703335968
2014-07-31,20,-0.008141033362535176
2014-08-01,20,0.010470369537601058
2014-08-04,20,0.002634914401859693
2014-08-05,20,0.03339233699293624
2014-08-06,20,0.04904246452273174
2014-08-07,20,0.04605352864281133
2014-08-08,20,0.05530297595861969
2014-08-11,20,0.0529473813393841
2014-08-12,20,0.07847250149820346
2014-08-13,20,0.04634569159084189
2014-08-14,20,0.052420619343075035
2014-08-15,20,0.032889099987165146
2014-08-18,20,0.07429313712409968
2014-08-19,20,0.09337590506842652
2014-08-20,20,0.11080127904861428
2014-08-21,20,0.13750051923092343
2014-08-22,20,0.13325421293181636
2014-08-25,20,0.1345226620860609
2014-08-26,20,0.11710715455897015
2014-08-27,20,0.11536973186554296
2014-08-28,20,0.1327545059711044
2014-08-29,20,0.13464070421806382
2014-09-02,20,0.1326875584899677
2014-09-03,20,0.12692356141400196
2014-09-04,20,0.1176531368364737
2014-09-05,20,0.12520701202878398
2014-09-08,20,0.12962845254429609
2014-09-09,20,0.15084502548684642
2014-09-10,20,0.14660151232682175
2014-09-11,20,0.16039118236883365
2014-09-12,20,0.1411695192244188
2014-09-15,20,0.10303557294401208
2014-09-16,20,0.05055468313892127
2014-09-17,20,0.009105731679116068
2014-09-18,20,-0.029689168881152406
2014-09-19,20,-0.0028750111521714692
2014-09-22,20,0.004929705899487779
2014-09-23,20,0.013600785905074086
2014-09-24,20,0.051180148410907914
2014-09-25,20,0.026514866780527772
2014-09-26,20,0.033592492622058594
2014-09-29,20,0.0453580387301973
2014-09-30,20,-0.0553690219123323
2014-10-01,20,-0.02727548932016911
2014-10-02,20,0.0271482086358256
2014-10-03,20,-0.014396674477553353
2014-10-06,20,0.018920217223073427
2014-10-07,20,0.02898551652876745
2014-10-08,20,0.011657432275732703
2014-10-09,20,-0.0021440840458801643
2014-10-10,20,-0.02014454532169188
2014-10-13,20,-0.0234016078204576
2014-10-14,20,-0.01919388865745228
2014-10-15,20,0.031061975995349596
2014-10-16,20,0.07712690260911542
2014-10-17,20,0.054485801782921436
2014-10-20,20,0.05703273687035915
2014-10-21,20,0.08216331801714866
2014-10-22,20,0.08477966540112201
2014-10-23,20,0.062000369840032925
2014-10-24,20,-0.004292924428106989
2014-10-27,20,-0.04511077953182352
2014-10-28,20,0.0008091526487941468
2014-10-29,20,0.030359888630317026
2014-10-30,20,0.060964464011547474
2014-10-31,20,0.10123553796216801
2014-11-03,20,0.12899066801683756
2014-11-04,20,0.09913164100817344
2014-11-05,20,0.1426080973539284
2014-11-06,20,0.11725096740604404
2014-11-07,20,0.12020064693102193
2014-11-10,20,0.08329370470682598
2014-11-11,20,0.10694522255610822
2014-11-12,20,0.10921474584043092
2014-11-13,20,0.1026335225623249
2014-11-14,20,0.12878356671579663
2014-11-17,20,0.1246100282175842
2014-11-18,20,0.12072709175086926
2014-11-19,20,0.10397664161378171
2014-11-20,20,0.09500278592118878
2014-11-21,20,0.12250960085842413
2014-11-24,20,0.10184850483838179
2014-11-25,20,0.10549318578622181
2014-11-26,20,0.09805247839850273
2014-11-28,20,0.03592887158543186
2014-12-01,20,0.014265981608484551
2014-12-02,20,-0.006064833439842096
2014-12-03,20,0.010477160695539903
2014-12-04,20,-0.01539275579740419
2014-12-05,20,0.003758215564508664
2014-12-08,20,-0.0225742605835983
2014-12-09,20,0.07135915734090888
2014-12-10,20,0.01971916607292607
2014-12-11,20,0.027465431116735647
2014-12-12,20,0.013395377492815896
2014-12-15,20,0.00669743488545699
2014-12-16,20,0.08140930753060804
2014-12-17,20,0.11475850724158673
2014-12-18,20,0.17897151217471538
2014-12-19,20,0.16623887982169216
2014-12-22,20,0.16550506641009202
2014-12-23,20,0.1858529407269029
2014-12-24,20,0.14525906599378532
2014-12-26,20,0.12117739396262256
2014-12-29,20,0.12552803159394274
2014-12-30,20,0.13249865787252538
2014-12-31,20,0.09006164850091951
2015-01-02,20,0.09002205889183014
2015-01-05,20,0.01768102859344953
2015-01-06,20,0.05510029665458981
2015-01-07,20,0.0016618532592482566
2015-01-08,20,-0.019045587137784516
2015-01-09,20,-0.07078272990863431
2015-01-12,20,-0.043140933139822674
2015-01-13,20,-0.05412848196007195
2015-01-14,20,-0.11057309332289422
2015-01-15,20,-0.1616803486663225
2015-01-16,20,-0.17924770059011821
2015-01-20,20,-0.2076906223212424
2015-01-21,20,-0.20251770275822517
2015-01-22,20,-0.19397814531850963
2015-01-23,20,-0.1996413747912445
2015-01-26,20,-0.1735404705083857
2015-01-27,20,-0.19514889373593117
2015-01-28,20,-0.20038810506554383
2015-01-29,20,-0.21475129100855112
2015-01-30,20,-0.19275233359906072
2015-02-02,20,-0.15409009672286766
2015-02-03,20,-0.05158031888598426
2015-02-04,20,-0.09639832610472716
2015-02-05,20,-0.044800501460227286
2015-02-06,20,-0.003176264642260307
2015-02-09,20,0.0498483126327758
2015-02-10,20,0.010409652598450366
2015-02-11,20,0.024860637327307956
2015-02-12,20,0.030738700632061453
2015-02-13,20,0.0867969419446227
2015-02-17,20,0.09007211797156199
2015-02-18,20,0.05959314328210969
2015-02-19,20,0.09373000254130143
2015-02-20,20,0.08951358726045565
2015-02-23,20,0.05826103825521383
2015-02-24,20,0.07731803292120165
2015-02-25,20,0.082105433731779
2015-02-26,20,0.10378910650920899
2015-02-27,20,0.12205994215206616
2015-03-02,20,0.10282860443326149
2015-03-03,20,0.09432617238080271
2015-03-04,20,0.07576174023579188
2015-03-05,20,0.06347850865837176
2015-03-06,20,0.041233491815037555
2015-03-09,20,-0.02663558309613164
2015-03-10,20,-0.016647674614568054
2015-03-11,20,-0.03716481794602156
2015-03-12,20,-0.025416671712386443
2015-03-13,20,-0.039572997597377674
2015-03-16,20,-0.08499534221955593
2015-03-17,20,-0.12901460275279045
2015-03-18,20,-0.10779305283742958
2015-03-19,20,-0.14999349256935773
2015-03-20,20,-0.10345373601042819
2015-03-23,20,-0.03433830163994244
2015-03-24,20,-0.03441165848889711
2015-03-25,20,-0.053173638550499815
2015-03-26,20,-0.07027181905932244
2015-03-27,20,-0.10837723807096862
2015-03-30,20,-0.1363729708656668
2015-03-31,20,-0.1468668665694576
2015-04-01,20,-0.12099121698456819
2015-04-02,20,-0.1007580136561855
2015-04-06,20,-0.08189068241529805
2015-04-07,20,-0.07353930330202908
2015-04-08,20,-0.0487541480961361
2015-04-09,20,-0.05872251320191527
2015-04-10,20,-0.029897069017121462
2015-04-13,20,-0.019419215242492995
2015-04-14,20,-0.026979606719638578
2015-04-15,20,-0.027476828850396238
2015-04-16,20,-0.01820851185543327
2015-04-17,20,0.0009126298708939169
2015-04-20,20,0.0054736067812315775
2015-04-21,20,0.00241125197096115
2015-04-22,20,0.030062751178337368
2015-04-23,20,0.049203823374671184
2015-04-24,20,0.038712142415256855
2015-04-27,20,0.05435663260003855
2015-04-28,20,0.05528240562734997
2015-04-29,20,0.0723144212083029
2015-04-30,20,0.10750715211992581
2015-05-01,20,0.09113858339859329
2015-05-04,20,0.11256453232854345
2015-05-05,20,0.11164346360055026
2015-05-06,20,0.11899943822880567
2015-05-07,20,0.1591791997652909
2015-05-08,20,0.13205826713425392
2015-05-11,20,0.14128769222474355
2015-05-12,20,0.13998532995460147
2015-05-13,20,0.12485578216415764
2015-05-14,20,0.1275396249405286
2015-05-15,20,0.13292207479392282
2015-05-18,20,0.13975650731121667
2015-05-19,20,0.12733735870422214
2015-05-20,20,0.12470907802236894
2015-05-21,20,0.11850906723214005
2015-05-22,20,0.10529567850499409
2015-05-26,20,0.09763939500776464
2015-05-27,20,0.0936763435581076
2015-05-28,20,0.1148754594593547
2015-05-29,20,0.09604961696934756
2015-06-01,20,0.10932994594164729
2015-06-02,20,0.13383204184850775
2015-06-03,20,0.13682584221161714
2015-06-04,20,0.11516407046454857
2015-06-05,20,0.11044343755994682
2015-06-08,20,0.0945500294347051
2015-06-09,20,0.05499751176825289
2015-06-10,20,0.03687203956859862
2015-06-11,20,0.05495532819482849
2015-06-12,20,0.07391016670759129
2015-06-15,20,0.06092569559827898
2015-06-16,20,0.069052571117118
2015-06-17,20,0.08095167846001289
2015-06-18,20,0.1230391410160731
2015-06-19,20,0.13173223752803728
2015-06-22,20,0.11716697497437452
2015-06-23,20,0.11572085622692589
2015-06-24,20,0.11621262772998724
2015-06-25,20,0.10218800804620917
2015-06-26,20,0.09347891501279737
2015-06-29,20,0.11455744965643648
2015-06-30,20,0.09482033333286224
2015-07-01,20,0.1079948578307901
2015-07-02,20,0.1214183195460317
2015-07-06,20,0.1298753518757871
2015-07-07,20,0.15934084710560578
2015-07-08,20,0.1493755461786209
2015-07-09,20,0.132707884065121
2015-07-10,20,0.13283162485938965
2015-07-13,20,0.1220622006110374
2015-07-14,20,0.1359685075634215
2015-07-15,20,0.1152786017090471
2015-07-16,20,0.12779360992860386
2015-07-17,20,0.1155208212095726
2015-07-20,20,0.11332602035475084
2015-07-21,20,0.13688564407825957
2015-07-22,20,0.12268017991801952
2015-07-23,20,0.11118567951830795
2015-07-24,20,0.09289358018480362
2015-07-27,20,0.09520099159328102
2015-07-28,20,0.12528764901939093
2015-07-29,20,0.138913345167581
2015-07-30,20,0.11238453088039524
2015-07-31,20,0.045648411142622754
2015-08-03,20,-0.04879405168529084
2015-08-04,20,-0.027061555609307213
2015-08-05,20,-0.026374372450978102
2015-08-06,20,-0.0031923183059340576
2015-08-07,20,-0.006124109710479066
2015-08-10,20,0.07844278493569491
2015-08-11,20,0.04351095160214292
2015-08-12,20,0.08546042169412468
2015-08-13,20,0.05320508955517768
2015-08-14,20,0.06368511201511691
2015-08-17,20,0.017184422155386413
2015-08-18,20,-0.06907452335651718
2015-08-19,20,-0.07069965507323034
2015-08-20,20,-0.04389482919344542
2015-08-21,20,-0.008985765760673232
2015-08-24,20,0.04439594972126958
2015-08-25,20,0.1118745451303586
2015-08-26,20,0.10061194641032836
2015-08-27,20,0.18316800591501284
2015-08-28,20,0.21885252811056036
2015-08-31,20,0.20130623962511088
2015-09-01,20,0.1865839667509299
2015-09-02,20,0.19750324873853145
2015-09-03,20,0.16375516348510674
2015-09-04,20,0.09484366903221152
2015-09-08,20,0.01365921699399731
2015-09-09,20,-0.021109856455186694
2015-09-10,20,-0.06903098086162061
2015-09-11,20,-0.10021122755718566
2015-09-14,20,-0.026087080860995978
2015-09-15,20,0.004920142375183994
2015-09-16,20,0.031934431662371233
2015-09-17,20,0.02790905270782442
2015-09-18,20,0.031686282473916645
2015-09-21,20,0.03029254721280211
2015-09-22,20,-0.03156711221951424
2015-09-23,20,-0.06784691127336623
2015-09-24,20,-0.057462081724562436
2015-09-25,20,-0.08335995739195967
2015-09-28,20,-0.03913066978221041
2015-09-29,20,0.014339654134263937
2015-09-30,20,-0.030568696662397882
2015-10-01,20,-0.057460258354948335
2015-10-02,20,0.0028902465970103266
2015-10-05,20,0.013223505851266323
2015-10-06,20,0.010967929724891544
2015-10-07,20,0.06493688222289648
2015-10-08,20,0.09363063386220015
2015-10-09,20,0.0854736230231389
2015-10-12,20,0.08373327533984433
2015-10-13,20,0.07003927733753368
2015-10-14,20,0.12042322702327311
2015-10-15,20,0.13041771319116208
2015-10-16,20,0.12837216394611042
2015-10-19,20,0.11573905612496782
2015-10-20,20,0.13280578442763769
2015-10-21,20,0.12138293218782586
2015-10-22,20,0.11960146562157357
2015-10-23,20,0.12476943994750928
2015-10-26,20,0.11361627362671753
2015-10-27,20,0.05729014360435019
2015-10-28,20,0.06947166670134204
2015-10-29,20,0.06507981670211038
2015-10-30,20,0.05936916172483417
2015-11-02,20,0.07938229372955295
2015-11-03,20,0.11111334404615895
2015-11-04,20,0.09055284452220387
2015-11-05,20,0.11215958917125424
2015-11-06,20,0.10484498502169795
2015-11-09,20,0.11543508629288923
2015-11-10,20,0.0722008679049078
2015-11-11,20,0.03652120813366378
2015-11-12,20,0.0676599779972439
2015-11-13,20,0.07809506973080914
2015-11-16,20,0.0763874648384127
2015-11-17,20,0.0033219681660511865
2015-11-18,20,0.006285102233924354
2015-11-19,20,-0.02359853807254184
2015-11-20,20,-0.014583232690252522
2015-11-23,20,-0.04484988425202153
2015-11-24,20,-0.05606095345958907
2015-11-25,20,-0.030177902756565133
2015-11-27,20,-0.0031859246424226955
2015-11-30,20,0.0025765509287307194
2015-12-01,20,-0.010532520735862154
2015-12-02,20,-0.03348100212404224
2015-12-03,20,-0.12190863898154322
2015-12-04,20,-0.13355171538434393
2015-12-07,20,-0.11293108161552705
2015-12-08,20,-0.07404358642716027
2015-12-09,20,-0.0025816693052530676
2015-12-10,20,0.07340227169495699
2015-12-11,20,0.1115820457076516
2015-12-14,20,0.07407123531005731
2015-12-15,20,0.054689715489941754
2015-12-16,20,0.06502874331224293
2015-12-17,20,0.09100764167187603
2015-12-18,20,0.10389856893468005
2015-12-21,20,0.055216360533962026
2015-12-22,20,0.0472460281655045
2015-12-23,20,0.04158403376836057
2015-12-24,20,0.02704428716307279
2015-12-28,20,0.04357595847151647
2015-12-29,20,0.06267347364745146
2015-12-30,20,0.07612951638341453
2015-12-31,20,0.0950815756780499
2016-01-04,20,0.1495459965281051
2016-01-05,20,0.11886205100668576
2016-01-06,20,0.055455458488760254
2016-01-07,20,0.0029381332338638396
2016-01-08,20,0.02658208275240288
2016-01-11,20,0.02325866869908105
2016-01-12,20,0.005561237655063966
2016-01-13,20,0.021192276156249294
2016-01-14,20,0.004141420768560819
2016-01-15,20,-0.03991904832653622
2016-01-19,20,-0.14515235242884436
2016-01-20,20,-0.11971667053502258
2016-01-21,20,-0.021350267044520078
2016-01-22,20,-0.05033830739260435
2016-01-25,20,-0.05854764482331465
2016-01-26,20,-0.04202094942171597
2016-01-27,20,-0.05509288294508192
2016-01-28,20,-0.12099711345909372
2016-01-29,20,-0.09794381914547654
2016-02-01,20,-0.12935813349848818
2016-02-02,20,-0.21073934959576637
2016-02-03,20,-0.22477515051232613
2016-02-04,20,-0.18658491378983308
2016-02-05,20,-0.28161542807804757
2016-02-08,20,-0.3096826889429334
2016-02-09,20,-0.3249327549559569
2016-02-10,20,-0.2773509769467214
2016-02-11,20,-0.3242913737465777
2016-02-12,20,-0.3087040435226232
2016-02-16,20,-0.237560396420705
2016-02-17,20,-0.21403237931239982
2016-02-18,20,-0.23347158211589628
2016-02-19,20,-0.26776001915981107
2016-02-22,20,-0.24205471713715082
2016-02-23,20,-0.26228607402096377
2016-02-24,20,-0.22157688727804672
2016-02-25,20,-0.2189048734902528
2016-02-26,20,-0.1685154403669397
2016-02-29,20,-0.1993684444985815
2016-03-01,20,-0.1399190358518748
2016-03-02,20,-0.1762386495166196
2016-03-03,20,-0.09270829803020884
2016-03-04,20,-0.09605815684402724
2016-03-07,20,-0.11124042400386612
2016-03-08,20,-0.14883398026034345
2016-03-09,20,-0.11084231951423372
2016-03-10,20,-0.15485605982366116
2016-03-11,20,-0.08738128913270184
2016-03-14,20,-0.06615748254237647
2016-03-15,20,-0.1333148004499016
2016-03-16,20,-0.13242555881699167
2016-03-17,20,-0.10401271464957144
2016-03-18,20,-0.1125117113435162
2016-03-21,20,-0.08662125292180718
2016-03-22,20,-0.11062957334436656
2016-03-23,20,-0.16450777907992373
2016-03-24,20,-0.17457739718920226
2016-03-28,20,-0.186659474130549
2016-03-29,20,-0.16707592300348098
2016-03-30,20,-0.12963267493426728
2016-03-31,20,-0.124894230157849
2016-04-01,20,-0.13424944455614454
2016-04-04,20,-0.12115306286487436
2016-04-05,20,-0.10006721026867471
2016-04-06,20,-0.0933314909035047
2016-04-07,20,-0.08766268654505037
2016-04-08,20,-0.0723146773651869
2016-04-11,20,-0.1111898562895067
2016-04-12,20,-0.10207874428304244
2016-04-13,20,-0.10065133187777421
2016-04-14,20,-0.10099622145100752
2016-04-15,20,-0.09048940137418869
2016-04-18,20,-0.06041972786292724
2016-04-19,20,-0.0640385155336856
2016-04-20,20,-0.08598959818433079
2016-04-21,20,-0.07078235406349062
2016-04-22,20,-0.07406791320481451
2016-04-25,20,-0.043261868442258
2016-04-26,20,-0.06927369357071149
2016-04-27,20,-0.06453952785448955
2016-04-28,20,-0.04864369953905904
2016-04-29,20,-0.05035198372049929
2016-05-02,20,-0.04076011640072528
2016-05-03,20,0.012092061783198995
2016-05-04,20,0.07699102402309783
2016-05-05,20,0.10983340265652518
2016-05-06,20,0.10154815835432049
2016-05-09,20,0.13980556271867334
2016-05-10,20,0.1494054382997522
2016-05-11,20,0.13048058314810032
2016-05-12,20,0.07994208051276544
2016-05-13,20,0.07346357936320665
2016-05-16,20,0.04770437449817016
2016-05-17,20,0.041305380506411006
2016-05-18,20,0.01540197792701814
2016-05-19,20,0.022785188021926906
2016-05-20,20,0.06202355205129305
2016-05-23,20,0.046427185791731836
2016-05-24,20,0.041462525862832916
2016-05-25,20,0.07226955863832411
2016-05-26,20,0.01598308342630689
2016-05-27,20,0.045510789928524524
2016-05-31,20,0.05547404092478907
2016-06-01,20,0.06706176919319123
2016-06-02,20,0.028349461531469937
2016-06-03,20,0.026188988079614443
2016-06-06,20,0.04111828669026996
2016-06-07,20,0.055895253542931275
2016-06-08,20,0.05406025213425953
2016-06-09,20,0.04369724347255347
2016-06-10,20,0.05876807920476817
2016-06-13,20,0.048677707364007144
2016-06-14,20,0.007146543838485179
2016-06-15,20,0.030585154729928045
2016-06-16,20,0.029878750737895247
2016-06-17,20,0.05879697091819963
2016-06-20,20,0.06803074384951657
2016-06-21,20,0.04334014599631685
2016-06-22,20,0.037991419461367804
2016-06-23,20,0.04473705857567709
2016-06-24,20,0.01322327192297245
2016-06-27,20,-0.06329192542489864
2016-06-28,20,-0.03642275337485457
2016-06-29,20,-0.026627359870408242
2016-06-30,20,-0.035761800345992835
2016-07-01,20,-0.01116827995989308
2016-07-05,20,-0.03532443981986631
2016-07-06,20,-0.0788699856854677
2016-07-07,20,-0.030293204936607768
2016-07-08,20,-0.04366800017157678
2016-07-11,20,-0.0472785270198896
2016-07-12,20,-0.012871163322084283
2016-07-13,20,-0.008028647874705856
2016-07-14,20,0.0019770467535090985
2016-07-15,20,-0.007990623450017529
2016-07-18,20,-0.02443154090858281
2016-07-19,20,-0.04452320336164342
2016-07-20,20,-0.017466766798202693
2016-07-21,20,-0.015988494525654533
2016-07-22,20,-0.04522152714268458
2016-07-25,20,-0.04846791070108014
2016-07-26,20,-0.02865032272229206
2016-07-27,20,-0.016603721685324976
2016-07-28,20,0.0017097386546614023
2016-07-29,20,0.006296118005917295
2016-08-01,20,0.008986501305502206
2016-08-02,20,-0.021995573453582315
2016-08-03,20,-0.0022924483639936975
2016-08-04,20,-0.00909279140631399
2016-08-05,20,0.010030870174765704
2016-08-08,20,0.05921609140310446
2016-08-09,20,0.04007002619018996
2016-08-10,20,0.036857997917401394
2016-08-11,20,0.015503416025818784
2016-08-12,20,0.009649520991111963
2016-08-15,20,-0.040621096860134986
2016-08-16,20,-0.00239521626786388
2016-08-17,20,0.015589816132907311
2016-08-18,20,-0.013061044516418464
2016-08-19,20,-0.00768548134887055
2016-08-22,20,0.009646845125848147
2016-08-23,20,0.04572295248031172
2016-08-24,20,0.044206373203468485
2016-08-25,20,0.0075478065880303265
2016-08-26,20,0.016491173026522005
2016-08-29,20,-0.017162464615256976
2016-08-30,20,0.022553446319132277
2016-08-31,20,0.03960016739613839
2016-09-01,20,0.040565549134950495
2016-09-02,20,0.03725172982156081
2016-09-06,20,0.03538391160163645
2016-09-07,20,0.06024219884978403
2016-09-08,20,0.08433469828656394
2016-09-09,20,0.10515218350846336
2016-09-12,20,0.1065775793625886
2016-09-13,20,0.08009570253219393
2016-09-14,20,0.05313747658040786
2016-09-15,20,0.007394684176291528
2016-09-16,20,-0.028651976551599703
2016-09-19,20,-0.009867635955572208
2016-09-20,20,-0.005127227528973083
2016-09-21,20,-0.021618228281181595
2016-09-22,20,-0.009266894301097046
2016-09-23,20,0.01021997462348455
2016-09-26,20,0.031459603254397
2016-09-27,20,-0.0004446876547617298
2016-09-28,20,-0.004658868629220946
2016-09-29,20,-0.016155712801094093
2016-09-30,20,-0.05228587047120677
2016-10-03,20,-0.046418854398125
2016-10-04,20,-0.06109380759948994
2016-10-05,20,-0.07148064949333903
2016-10-06,20,-0.07674189064215278
2016-10-07,20,-0.086795958993725
2016-10-10,20,-0.06395760236229286
2016-10-11,20,-0.05831054586144848
2016-10-12,20,-0.058476528930885015
2016-10-13,20,-0.07944935195011178
2016-10-14,20,-0.0736781784616183
2016-10-17,20,-0.08688461997465984
2016-10-18,20,-0.0521907405502463
2016-10-19,20,-0.05695297585573696
2016-10-20,20,-0.044928635201551034
2016-10-21,20,-0.04420919885839585
2016-10-24,20,-0.04870965662627397
2016-10-25,20,-0.045637128677277386
2016-10-26,20,-0.007647438359011086
2016-10-27,20,-0.01760209499557842
2016-10-28,20,-0.028412654519410562
2016-10-31,20,-0.044795121431449245
2016-11-01,20,-0.05573868380582991
2016-11-02,20,-0.049016965834759084
2016-11-03,20,-0.031767124629153994
2016-11-04,20,-0.05786398790085044
2016-11-07,20,-0.04051296186152313
2016-11-08,20,-0.0668390902958105
2016-11-09,20,0.0131930558457035
2016-11-10,20,0.05591294888917446
2016-11-11,20,0.05345144508278449
2016-11-14,20,0.04479567460376414
2016-11-15,20,0.07399019470336533
2016-11-16,20,0.11723048173505524
2016-11-17,20,0.06754836743371924
2016-11-18,20,0.06546018989074173
2016-11-21,20,0.11297895064151026
2016-11-22,20,0.09802514519957475
2016-11-23,20,0.08868477015450446
2016-11-25,20,0.07962079494764407
2016-11-28,20,0.0850230894856351
2016-11-29,20,0.06264855959209915
2016-11-30,20,0.026579346932706346
2016-12-01,20,-0.03693879903804156
2016-12-02,20,-0.06343810078459976
2016-12-05,20,-0.045403133586421805
2016-12-06,20,-0.13005319644977267
2016-12-07,20,-0.15512598652662601
2016-12-08,20,-0.2124174715148487
2016-12-09,20,-0.14869723728177328
2016-12-12,20,-0.1074777958192048
2016-12-13,20,-0.11151884990576996
2016-12-14,20,-0.12672101400160116
2016-12-15,20,-0.21117181041680425
2016-12-16,20,-0.14588431529243812
2016-12-19,20,-0.17917821851084303
2016-12-20,20,-0.22306902465507938
2016-12-21,20,-0.20434019201081008
2016-12-22,20,-0.184868746979746
2016-12-23,20,-0.17590583699027418
2016-12-27,20,-0.16628633429344816
2016-12-28,20,-0.15935641116214258
2016-12-29,20,-0.17020185459751994
2016-12-30,20,-0.17103345629044045
2017-01-03,20,-0.1148174306135069
2017-01-04,20,-0.13526587269074195
2017-01-05,20,-0.061987590551402884
2017-01-06,20,-0.04634353411845986
2017-01-09,20,-0.026221942519181606
2017-01-10,20,-0.08879867002737118
2017-01-11,20,-0.07908876664280909
2017-01-12,20,-0.06530210417833172
2017-01-13,20,-0.05136142769559917
2017-01-17,20,-0.04728631812760602
2017-01-18,20,-0.06628927098829844
2017-01-19,20,-0.05818945032920877
2017-01-20,20,-0.04178780797740869
2017-01-23,20,-0.04698326787896875
2017-01-24,20,-0.05028954534324463
2017-01-25,20,-0.08442518505116582
2017-01-26,20,-0.08016370613959006
2017-01-27,20,-0.07097903574322484
2017-01-30,20,-0.05858954493362901
2017-01-31,20,-0.0028203058346834503
2017-02-01,20,-0.06418744584774563
2017-02-02,20,-0.04456869730199931
2017-02-03,20,-0.06440912897176398
2017-02-06,20,-0.04735039871297485
2017-02-07,20,-0.006930060198652721
2017-02-08,20,-0.008475372179346182
2017-02-09,20,0.01912538290524019
2017-02-10,20,0.0600635648466357
2017-02-13,20,0.053472321232728846
2017-02-14,20,0.03642042773481408
2017-02-15,20,0.0030563347482433036
2017-02-16,20,0.005705655230185509
2017-02-17,20,0.033436895214168566
2017-02-21,20,0.023520026211916567
2017-02-22,20,0.06950957364884701
2017-02-23,20,0.0805730943994022
2017-02-24,20,0.09705075264264529
2017-02-27,20,0.0819622197993176
2017-02-28,20,0.08062223705363859
2017-03-01,20,0.03877680652682012
2017-03-02,20,0.04626356922045571
2017-03-03,20,-0.014973323251644651
2017-03-06,20,0.024936906608528826
2017-03-07,20,0.029184542379714018
2017-03-08,20,0.05419026242954673
2017-03-09,20,0.00451735654057568
2017-03-10,20,-0.004841294406420321
2017-03-13,20,-0.05465776604786607
2017-03-14,20,-0.09200681361722744
2017-03-15,20,-0.03791112246177182
2017-03-16,20,0.014120682351959735
2017-03-17,20,0.056651663984653475
2017-03-20,20,0.029502943333082465
2017-03-21,20,0.006070000150643713
2017-03-22,20,-0.062132527955307576
2017-03-23,20,-0.015079763674170481
2017-03-24,20,-0.03556467533633414
2017-03-27,20,-0.02011631841859423
2017-03-28,20,-0.051817559943573135
2017-03-29,20,0.005316479374377351
2017-03-30,20,0.05801323170342059
2017-03-31,20,0.092622813475397
2017-04-03,20,0.04628934909406072
2017-04-04,20,0.017885179213485713
2017-04-05,20,0.015278831893956697
2017-04-06,20,0.056856009738913145
2017-04-07,20,0.05866928366159985
2017-04-10,20,0.07507789424318158
2017-04-11,20,0.09880303658550947
2017-04-12,20,0.1142714992808586
2017-04-13,20,0.1192480769867395
2017-04-17,20,0.1065018637095222
2017-04-18,20,0.126827002351682
2017-04-19,20,0.1307473839931857
2017-04-20,20,0.14481136049186927
2017-04-21,20,0.14769587287204045
2017-04-24,20,0.15517871564861047
2017-04-25,20,0.15470807609377074
2017-04-26,20,0.13756992594871947
2017-04-27,20,0.16039193860321638
2017-04-28,20,0.1642008726855871
2017-05-01,20,0.13805816564770265
2017-05-02,20,0.13802855611543935
2017-05-03,20,0.11061578885628957
2017-05-04,20,0.12121155316272114
2017-05-05,20,0.13351969612878548
2017-05-08,20,0.14379864910607654
2017-05-09,20,0.14354741609489344
2017-05-10,20,0.10700411538497943
2017-05-11,20,0.05639303472469522
2017-05-12,20,-0.026535864942267794
2017-05-15,20,0.0016531713956090639
2017-05-16,20,-0.01545782431275991
2017-05-17,20,0.01484912277477707
2017-05-18,20,0.009537321803791158
2017-05-19,20,0.036170324581666545
2017-05-22,20,0.07344295409759807
2017-05-23,20,0.09458642837658797
2017-05-24,20,0.057677475316396366
2017-05-25,20,0.039542636249661194
2017-05-26,20,-0.008396429689176707
2017-05-30,20,-0.04065816790889266
2017-05-31,20,-0.06071430301669907
2017-06-01,20,-0.05180282471011298
2017-06-02,20,-0.09693560178398462
2017-06-05,20,-0.1401230350660523
2017-06-06,20,-0.09761511844121014
2017-06-07,20,-0.0656403888146287
2017-06-08,20,-0.05909160545022873
2017-06-09,20,0.06395446873893848
2017-06-12,20,0.11063409599113583
2017-06-13,20,0.11742319967406417
2017-06-14,20,0.06938425953066436
2017-06-15,20,0.04796756997988364
2017-06-16,20,-0.005821537730840174
2017-06-19,20,0.001761767845042514
2017-06-20,20,-0.06431112328062756
2017-06-21,20,-0.11508818514050403
2017-06-22,20,-0.07287165501026019
2017-06-23,20,-0.022459283641973127
2017-06-26,20,-0.013025761343343803
2017-06-27,20,0.011483153064362093
2017-06-28,20,-0.0086949245463325
2017-06-29,20,0.031042115380688403
2017-06-30,20,0.024808717951922524
2017-07-03,20,0.0868909312285833
2017-07-05,20,0.06257326595197595
2017-07-06,20,0.0492126520903672
2017-07-07,20,0.029377316061533747
2017-07-10,20,0.045097622685826434
2017-07-11,20,0.03898302588922563
2017-07-12,20,0.03130337945326588
2017-07-13,20,0.06971197066341021
2017-07-14,20,0.08430230888929754
2017-07-17,20,0.12866556390574369
2017-07-18,20,0.1338385656583377
2017-07-19,20,0.1430094830674772
2017-07-20,20,0.1368275484936411
2017-07-21,20,0.14563752553483916
2017-07-24,20,0.12255241952164589
2017-07-25,20,0.11329176481846233
2017-07-26,20,0.12788506081162546
2017-07-27,20,0.1279403214910723
2017-07-28,20,0.09515143944839782
2017-07-31,20,0.10359815801563745
2017-08-01,20,0.08630367150582798
2017-08-02,20,0.09895305095167949
2017-08-03,20,0.12010578640314559
2017-08-04,20,0.1367344126660291
2017-08-07,20,0.1296026784922491
2017-08-08,20,0.10389139241791163
2017-08-09,20,0.12292127966913119
2017-08-10,20,0.12136173051632904
2017-08-11,20,0.12923991035911442
2017-08-14,20,0.0637568240113157
2017-08-15,20,-0.0413813393143934
2017-08-16,20,-0.03718711851069865
2017-08-17,20,-0.07141924330957877
2017-08-18,20,-0.029274613926832817
2017-08-21,20,-0.017771755820528125
2017-08-22,20,-0.013730884673752771
2017-08-23,20,-0.005621430515262555
2017-08-24,20,-0.020171184806526948
2017-08-25,20,-0.023333031049060617
2017-08-28,20,-0.05660036525019074
2017-08-29,20,-0.06609130261078441
2017-08-30,20,-0.06691345839810495
2017-08-31,20,-0.055510065364742116
2017-09-01,20,-0.054601431293019406
2017-09-05,20,-0.11652722461673937
2017-09-06,20,-0.08419682826208885
2017-09-07,20,-0.13931005906568392
2017-09-08,20,-0.1206487538380088
2017-09-11,20,-0.05985469437697368
2017-09-12,20,-0.020747717639997856
2017-09-13,20,0.02506800419823375
2017-09-14,20,0.048141949247471005
2017-09-15,20,0.05360824565834391
2017-09-18,20,0.06129093690343114
2017-09-19,20,0.03427802010219486
2017-09-20,20,0.061522787309916505
2017-09-21,20,0.07461832262843382
2017-09-22,20,0.07661091202121101
2017-09-25,20,0.09492924608404026
2017-09-26,20,0.11900973028958448
2017-09-27,20,0.12468430898050091
2017-09-28,20,0.12180956230253655
2017-09-29,20,0.13704027444305228
2017-10-02,20,0.14277877074650858
2017-10-03,20,0.16907204035555937
2017-10-04,20,0.16663704152082928
2017-10-05,20,0.18158616317259044
2017-10-06,20,0.19310357883476864
2017-10-09,20,0.18117462135339485
2017-10-10,20,0.17499394661752285
2017-10-11,20,0.14386022620080025
2017-10-12,20,0.1276429414974304
2017-10-13,20,0.12285095073692674
2017-10-16,20,0.11406209652209126
2017-10-17,20,0.1310968964824991
2017-10-18,20,0.1317674944528518
2017-10-19,20,0.13262455707300042
2017-10-20,20,0.11485957454970376
2017-10-23,20,0.12010472260216568
2017-10-24,20,0.128132384974628
2017-10-25,20,0.09783587599518495
2017-10-26,20,0.12419637639740974
2017-10-27,20,0.10659512163261696
2017-10-30,20,0.06596233284275568
2017-10-31,20,-0.00878809840694777
2017-11-01,20,-0.003371571061244685
2017-11-02,20,-0.03414698028959801
2017-11-03,20,-0.08823829462617708
2017-11-06,20,-0.08079048745878457
2017-11-07,20,-0.048057870435291056
2017-11-08,20,-0.025610091103953972
2017-11-09,20,-0.021232403853856885
2017-11-10,20,-0.046679667578047944
2017-11-13,20,-0.08871302404216654
2017-11-14,20,-0.10490206514078966
2017-11-15,20,-0.09972317941037884
2017-11-16,20,-0.09725033506719762
2017-11-17,20,-0.061008257207401745
2017-11-20,20,-0.13475315778853134
2017-11-21,20,-0.1346096119284505
2017-11-22,20,-0.10141978010080271
2017-11-24,20,-0.12331937094882033
2017-11-27,20,-0.07964202659291951
2017-11-28,20,-0.09933847054414559
2017-11-29,20,-0.06450524771058083
2017-11-30,20,-0.06383720217426518
2017-12-01,20,-0.07772116127873253
2017-12-04,20,-0.0665797211792917
2017-12-05,20,-0.07799298403470745
2017-12-06,20,-0.08541096646876209
2017-12-07,20,-0.0925810161721425
2017-12-08,20,-0.07589915082103904
2017-12-11,20,-0.0542145786521091
2017-12-12,20,-0.025814365449039364
2017-12-13,20,-0.04162215638775512
2017-12-14,20,-0.05613682625738414
2017-12-15,20,-0.0302982706139809
2017-12-18,20,-0.04156400842136496
2017-12-19,20,-0.0026504355405165174
2017-12-20,20,-0.01171726005482226
2017-12-21,20,-0.010525986499066244
2017-12-22,20,-0.025184297864353104
2017-12-26,20,-0.04597610367189166
2017-12-27,20,-0.016427969665213888
2017-12-28,20,-0.008457285159249865
2017-12-29,20,-0.007741677257457864
2018-01-02,20,-0.004045758281149928
2018-01-03,20,0.002508793612041891
2018-01-04,20,-0.0008747426766972032
2018-01-05,20,0.005123806511306846
2018-01-08,20,0.02105515277274797
2018-01-09,20,-0.00909981850034249
2018-01-10,20,-0.03021408848674325
2018-01-11,20,-0.01647917378452254
2018-01-12,20,-0.014466574895395162
2018-01-16,20,0.038954601404607596
2018-01-17,20,0.03554734344973042
2018-01-18,20,0.02221221005211461
2018-01-19,20,0.001935607455420265
2018-01-22,20,-0.015609465711166911
2018-01-23,20,-0.005547232958759941
2018-01-24,20,0.02035046408111108
2018-01-25,20,0.021539120471590085
2018-01-26,20,0.011169247559463568
2018-01-29,20,0.01513490754749841
2018-01-30,20,0.03720700723398236
2018-01-31,20,0.01963343151729674
2018-02-01,20,0.029686791862270724
2018-02-02,20,0.0143660897297137
2018-02-05,20,0.009465710592571142
2018-02-06,20,-0.00652164743759096
2018-02-07,20,-0.016093934432528954
2018-02-08,20,-0.00861142510166867
2018-02-09,20,-0.02930526280571221
2018-02-12,20,-0.027201102539640518
2018-02-13,20,-0.0559933907401218
2018-02-14,20,-0.043592761243939925
2018-02-15,20,-0.03727591901781197
2018-02-16,20,-0.004576169959926333
2018-02-20,20,0.007208570697693633
2018-02-21,20,0.005600707119812373
2018-02-22,20,-0.006746795974090489
2018-02-23,20,0.02273420089894312
2018-02-26,20,0.08267614319778793
2018-02-27,20,0.03818837366323837
2018-02-28,20,-0.013822198597738125
2018-03-01,20,0.02496477049438068
2018-03-02,20,0.046355750791022124
2018-03-05,20,0.057376439800395744
2018-03-06,20,0.05176897838167159
2018-03-07,20,0.025222002177499484
2018-03-08,20,0.010260516453521558
2018-03-09,20,0.047850373251733316
2018-03-12,20,0.08096685602537787
2018-03-13,20,0.0816085647967036
2018-03-14,20,0.08865791135651224
2018-03-15,20,0.040372624424063815
2018-03-16,20,0.04913383791756392
2018-03-19,20,0.06710646452280777
2018-03-20,20,0.030596310291078562
2018-03-21,20,0.06070635145416219
2018-03-22,20,0.05828755598694602
2018-03-23,20,0.03572461321431219
2018-03-26,20,-0.02542173763924012
2018-03-27,20,0.00048485774904799154
2018-03-28,20,0.05247003440242336
2018-03-29,20,0.020929437503860487
2018-04-02,20,0.03686824846535186
2018-04-03,20,-0.0030005783631185017
2018-04-04,20,0.020285261236305297
2018-04-05,20,0.07723155952684155
2018-04-06,20,0.048686957425211556
2018-04-09,20,0.03184915657186672
2018-04-10,20,0.06012842669278555
2018-04-11,20,0.06696908906101448
2018-04-12,20,0.0902217999692285
2018-04-13,20,0.08288102136981211
2018-04-16,20,0.051748358040419856
2018-04-17,20,0.051059486130858166
2018-04-18,20,0.054507053289965045
2018-04-19,20,0.024256277137982896
2018-04-20,20,0.020991371182673062
2018-04-23,20,0.014855699927111941
2018-04-24,20,0.004421405345298097
2018-04-25,20,0.04851845077631625
2018-04-26,20,0.04884018954769099
2018-04-27,20,0.02275393648134319
2018-04-30,20,0.02137249792201993
2018-05-01,20,0.07716846672468314
2018-05-02,20,0.0854294989230131
2018-05-03,20,0.0851808504319162
2018-05-04,20,0.10206013781807753
2018-05-07,20,0.10930775745687143
2018-05-08,20,0.08244245429088523
2018-05-09,20,0.04035151531804571
2018-05-10,20,0.028346370971909538
2018-05-11,20,0.015972888282452333
2018-05-14,20,0.06994087306889679
2018-05-15,20,0.0860731297126989
2018-05-16,20,0.1001386173621063
2018-05-17,20,0.054864018426374894
2018-05-18,20,0.07436897639388633
2018-05-21,20,0.0667455415966486
2018-05-22,20,0.08510518782582031
2018-05-23,20,0.05029861796274765
2018-05-24,20,0.04013459133531663
2018-05-25,20,0.04092506554879831
2018-05-29,20,0.028100712293089247
2018-05-30,20,0.016751967520790403
2018-05-31,20,0.03444623356371102
2018-06-01,20,0.004302115108913884
2018-06-04,20,0.03149699167485396
2018-06-05,20,0.01405300695140683
2018-06-06,20,0.02771369784142888
2018-06-07,20,0.07234275297508072
2018-06-08,20,0.07544298958177045
2018-06-11,20,0.09118222751391762
2018-06-12,20,0.10251143963913639
2018-06-13,20,0.0877718885346209
2018-06-14,20,0.07133046268011647
2018-06-15,20,0.0855085328346316
2018-06-18,20,0.059616018211033975
2018-06-19,20,0.035776146469072775
2018-06-20,20,-0.0014062142867291288
2018-06-21,20,0.01839747442470539
2018-06-22,20,0.033074082645664866
2018-06-25,20,0.023302665359302793
2018-06-26,20,0.02706794767017606
2018-06-27,20,-0.015114003999283395
2018-06-28,20,-0.08637371143247217
2018-06-29,20,-0.0946936145680796
2018-07-02,20,-0.12743794116743207
2018-07-03,20,-0.09597697382819981
2018-07-05,20,-0.04370391227883389
2018-07-06,20,-0.06783193475982226
2018-07-09,20,-0.03389649850384304
2018-07-10,20,-0.021734642870933782
2018-07-11,20,-0.03932544827753684
2018-07-12,20,-0.04107101928005786
2018-07-13,20,-0.0067825029894613325
2018-07-16,20,0.0023416638063545364
2018-07-17,20,0.01134577282988472
2018-07-18,20,0.015830961544916002
2018-07-19,20,0.017121083941854194
2018-07-20,20,0.001366488329900068
2018-07-23,20,-0.00037024877515409743
2018-07-24,20,0.011772348213691417
2018-07-25,20,0.009885380801471074
2018-07-26,20,0.06301448181214643
2018-07-27,20,0.09565796014357578
2018-07-30,20,0.09915902554246307
2018-07-31,20,0.11040886578461645
2018-08-01,20,0.1018876635574582
2018-08-02,20,0.11716774304458752
2018-08-03,20,0.12749046073455853
2018-08-06,20,0.1559511251253311
2018-08-07,20,0.14498248156235677
2018-08-08,20,0.17075625481048812
2018-08-09,20,0.18553942711989554
2018-08-10,20,0.14862951007153086
2018-08-13,20,0.13750562452068493
2018-08-14,20,0.0924817434935328
2018-08-15,20,0.07606052514534405
2018-08-16,20,0.07718078965572442
2018-08-17,20,0.07749553006466867
2018-08-20,20,0.06056554219414844
2018-08-21,20,0.025093902852819146
2018-08-22,20,0.015603468646199693
2018-08-23,20,-0.019926737120752665
2018-08-24,20,0.02705457183610111
2018-08-27,20,0.08972746281539419
2018-08-28,20,0.105900465388499
2018-08-29,20,0.13638495292089722
2018-08-30,20,0.0946810089304215
2018-08-31,20,0.083115559723074
2018-09-04,20,0.006614215151522933
2018-09-05,20,0.023827779156842296
2018-09-06,20,0.002692278650505074
2018-09-07,20,0.009040275753908415
2018-09-10,20,-0.037348142919777214
2018-09-11,20,-0.030042001081019922
2018-09-12,20,-0.057516415656208006
2018-09-13,20,-0.07569980520100437
2018-09-14,20,-0.04325643448323586
2018-09-17,20,-0.04596275056109475
2018-09-18,20,-0.04066077786152351
2018-09-19,20,-0.013869206045021778
2018-09-20,20,0.024037013876758495
2018-09-21,20,-0.00370129826360596
2018-09-24,20,-0.008223661601107357
2018-09-25,20,-0.03416292969024647
2018-09-26,20,-0.038998030623132035
2018-09-27,20,-0.0562696668988081
2018-09-28,20,-0.032069750190566966
2018-10-01,20,-0.029638100468015054
2018-10-02,20,-0.033674112893712894
2018-10-03,20,-0.026089380264771696
2018-10-04,20,-0.08699400497715366
2018-10-05,20,-0.11008599461612992
2018-10-08,20,-0.0777158564462551
2018-10-09,20,-0.09714262704499087
2018-10-10,20,-0.023268530496284086
2018-10-11,20,0.019625265072961497
2018-10-12,20,0.019466606213214107
2018-10-15,20,0.03451514121434035
2018-10-16,20,0.012545412290911703
2018-10-17,20,-0.008889649864266816
2018-10-18,20,-0.012671783276070844
2018-10-19,20,-0.01226531977849867
2018-10-22,20,-0.0341878219186857
2018-10-23,20,-0.049329912369047664
2018-10-24,20,-0.08452047402278234
2018-10-25,20,-0.06177736605354773
2018-10-26,20,-0.0786553116794911
2018-10-29,20,-0.0645261856755829
2018-10-30,20,-0.051872086936582316
2018-10-31,20,-0.0416096275176092
2018-11-01,20,0.045196428509317224
2018-11-02,20,0.028054406803408434
2018-11-05,20,0.08002459613262931
2018-11-06,20,0.08002356849032109
2018-11-07,20,0.08799747157913171
2018-11-08,20,0.06525950406693698
2018-11-09,20,0.09502894466723762
2018-11-12,20,0.10690082574761368
2018-11-13,20,0.14811211886012357
2018-11-14,20,0.1656630518476494
2018-11-15,20,0.13798759370413738
2018-11-16,20,0.12845115707540106
2018-11-19,20,0.1089865599081867
2018-11-20,20,0.15575596607865624
2018-11-21,20,0.1883546110309885
2018-11-23,20,0.1778037806923552
2018-11-26,20,0.1579621621202307
2018-11-27,20,0.12608702673845046
2018-11-28,20,0.1353677011956427
2018-11-29,20,0.13508650592715718
2018-11-30,20,0.062276215765749474
2018-12-03,20,0.05799092477679707
2018-12-04,20,-0.019547218093883136
2018-12-06,20,-0.051280560192463145
2018-12-07,20,-0.06908650099125163
2018-12-10,20,-0.13799346170763188
2018-12-11,20,-0.19884044254334057
2018-12-12,20,-0.22199902608458433
2018-12-13,20,-0.2809172174137734
2018-12-14,20,-0.30097821910777556
2018-12-17,20,-0.30858625355147135
2018-12-18,20,-0.3083308810788291
2018-12-19,20,-0.37177085975973595
2018-12-20,20,-0.3524223982411536
2018-12-21,20,-0.3342265562867855
2018-12-24,20,-0.33294571847620563
2018-12-26,20,-0.31512211608353713
2018-12-27,20,-0.2977896590466234
2018-12-28,20,-0.2733514667991956
2018-12-31,20,-0.31950645385070475
