date,horizon,ic
2001-01-02,1,
2001-01-03,1,
2001-01-04,1,
2001-01-05,1,
2001-01-08,1,
2001-01-09,1,
2001-01-10,1,
2001-01-11,1,
2001-01-12,1,
2001-01-16,1,
2001-01-17,1,
2001-01-18,1,
2001-01-19,1,
2001-01-22,1,
2001-01-23,1,
2001-01-24,1,
2001-01-25,1,
2001-01-26,1,
2001-01-29,1,
2001-01-30,1,
2001-01-31,1,
2001-02-01,1,
2001-02-02,1,
2001-02-05,1,
2001-02-06,1,
2001-02-07,1,
2001-02-08,1,
2001-02-09,1,
2001-02-12,1,
2001-02-13,1,
2001-02-14,1,
2001-02-15,1,
2001-02-16,1,
2001-02-20,1,
2001-02-21,1,
2001-02-22,1,
2001-02-23,1,
2001-02-26,1,
2001-02-27,1,
2001-02-28,1,
2001-03-01,1,
2001-03-02,1,
2001-03-05,1,
2001-03-06,1,
2001-03-07,1,
2001-03-08,1,
2001-03-09,1,
2001-03-12,1,
2001-03-13,1,
2001-03-14,1,
2001-03-15,1,
2001-03-16,1,
2001-03-19,1,
2001-03-20,1,
2001-03-21,1,
2001-03-22,1,
2001-03-23,1,
2001-03-26,1,
2001-03-27,1,
2001-03-28,1,
2001-03-29,1,
2001-03-30,1,
2001-04-02,1,
2001-04-03,1,
2001-04-04,1,
2001-04-05,1,
2001-04-06,1,
2001-04-09,1,
2001-04-10,1,
2001-04-11,1,
2001-04-12,1,
2001-04-16,1,
2001-04-17,1,
2001-04-18,1,
2001-04-19,1,
2001-04-20,1,
2001-04-23,1,
2001-04-24,1,
2001-04-25,1,
2001-04-26,1,
2001-04-27,1,
2001-04-30,1,
2001-05-01,1,
2001-05-02,1,
2001-05-03,1,
2001-05-04,1,
2001-05-07,1,
2001-05-08,1,
2001-05-09,1,
2001-05-10,1,
2001-05-11,1,
2001-05-14,1,
2001-05-15,1,
2001-05-16,1,
2001-05-17,1,
2001-05-18,1,
2001-05-21,1,
2001-05-22,1,
2001-05-23,1,
2001-05-24,1,
2001-05-25,1,
2001-05-29,1,
2001-05-30,1,
2001-05-31,1,
2001-06-01,1,
2001-06-04,1,
2001-06-05,1,
2001-06-06,1,
2001-06-07,1,
2001-06-08,1,
2001-06-11,1,
2001-06-12,1,
2001-06-13,1,
2001-06-14,1,
2001-06-15,1,
2001-06-18,1,
2001-06-19,1,
2001-06-20,1,
2001-06-21,1,
2001-06-22,1,
2001-06-25,1,
2001-06-26,1,
2001-06-27,1,
2001-06-28,1,
2001-06-29,1,
2001-07-02,1,
2001-07-03,1,
2001-07-05,1,
2001-07-06,1,
2001-07-09,1,
2001-07-10,1,
2001-07-11,1,
2001-07-12,1,
2001-07-13,1,
2001-07-16,1,
2001-07-17,1,
2001-07-18,1,
2001-07-19,1,
2001-07-20,1,
2001-07-23,1,
2001-07-24,1,
2001-07-25,1,
2001-07-26,1,
2001-07-27,1,
2001-07-30,1,
2001-07-31,1,
2001-08-01,1,
2001-08-02,1,
2001-08-03,1,
2001-08-06,1,
2001-08-07,1,
2001-08-08,1,
2001-08-09,1,
2001-08-10,1,
2001-08-13,1,
2001-08-14,1,
2001-08-15,1,
2001-08-16,1,
2001-08-17,1,
2001-08-20,1,
2001-08-21,1,
2001-08-22,1,
2001-08-23,1,
2001-08-24,1,
2001-08-27,1,
2001-08-28,1,
2001-08-29,1,
2001-08-30,1,
2001-08-31,1,
2001-09-04,1,
2001-09-05,1,
2001-09-06,1,
2001-09-07,1,
2001-09-10,1,
2001-09-17,1,
2001-09-18,1,
2001-09-19,1,
2001-09-20,1,
2001-09-21,1,
2001-09-24,1,
2001-09-25,1,
2001-09-26,1,
2001-09-27,1,
2001-09-28,1,
2001-10-01,1,
2001-10-02,1,
2001-10-03,1,
2001-10-04,1,
2001-10-05,1,
2001-10-08,1,
2001-10-09,1,
2001-10-10,1,
2001-10-11,1,
2001-10-12,1,
2001-10-15,1,
2001-10-16,1,
2001-10-17,1,
2001-10-18,1,
2001-10-19,1,
2001-10-22,1,
2001-10-23,1,
2001-10-24,1,
2001-10-25,1,
2001-10-26,1,
2001-10-29,1,
2001-10-30,1,
2001-10-31,1,
2001-11-01,1,
2001-11-02,1,
2001-11-05,1,
2001-11-06,1,
2001-11-07,1,
2001-11-08,1,
2001-11-09,1,
2001-11-12,1,
2001-11-13,1,
2001-11-14,1,
2001-11-15,1,
2001-11-16,1,
2001-11-19,1,
2001-11-20,1,
2001-11-21,1,
2001-11-23,1,
2001-11-26,1,
2001-11-27,1,
2001-11-28,1,
2001-11-29,1,
2001-11-30,1,
2001-12-03,1,
2001-12-04,1,
2001-12-05,1,
2001-12-06,1,
2001-12-07,1,
2001-12-10,1,
2001-12-11,1,
2001-12-12,1,
2001-12-13,1,
2001-12-14,1,
2001-12-17,1,
2001-12-18,1,
2001-12-19,1,
2001-12-20,1,
2001-12-21,1,
2001-12-24,1,
2001-12-26,1,
2001-12-27,1,
2001-12-28,1,
2001-12-31,1,
2002-01-02,1,
2002-01-03,1,
2002-01-04,1,0.03276189523985204
2002-01-07,1,0.086997242704003
2002-01-08,1,0.027895446603717483
2002-01-09,1,0.06974244946873333
2002-01-10,1,0.03367596752989645
2002-01-11,1,0.03959240086344746
2002-01-14,1,0.05114304922983168
2002-01-15,1,0.08405573115182306
2002-01-16,1,0.03994545969258064
2002-01-17,1,0.04465527934894534
2002-01-18,1,0.052017690006203376
2002-01-22,1,-0.009168305848382644
2002-01-23,1,-0.0553920575634771
2002-01-24,1,0.029825781092241477
2002-01-25,1,0.06488193116857922
2002-01-28,1,0.10739078614403229
2002-01-29,1,0.0632486465402252
2002-01-30,1,0.1255376367276051
2002-01-31,1,0.01826259318524971
2002-02-01,1,0.16167681597515524
2002-02-04,1,0.10184273828689787
2002-02-05,1,0.029070846394945442
2002-02-06,1,-0.03578321502752066
2002-02-07,1,-0.04872018564370169
2002-02-08,1,-0.047993257744010406
2002-02-11,1,0.10218353991915054
2002-02-12,1,0.01557153458295485
2002-02-13,1,-0.03485970211286408
2002-02-14,1,-0.04855796510396463
2002-02-15,1,-0.05275253344212208
2002-02-19,1,0.05554362319370228
2002-02-20,1,-0.05449747741110779
2002-02-21,1,-0.05998441836402969
2002-02-22,1,0.013957704562224255
2002-02-25,1,0.020709781657459424
2002-02-26,1,0.01681634367318525
2002-02-27,1,-0.11150822894541508
2002-02-28,1,0.06839478420382576
2002-03-01,1,-0.015314286019974017
2002-03-04,1,-0.04575032027108528
2002-03-05,1,-0.19221398280267069
2002-03-06,1,-0.08388433240855747
2002-03-07,1,0.0016621835820795207
2002-03-08,1,-0.08212988633919238
2002-03-11,1,0.005130570952423519
2002-03-12,1,0.05092032618962679
2002-03-13,1,0.005308787952924087
2002-03-14,1,-0.02161296106544956
2002-03-15,1,-0.024511933340872028
2002-03-18,1,-0.0077139031577425
2002-03-19,1,-0.006098312191149521
2002-03-20,1,0.01904294097704227
2002-03-21,1,0.07261075476474328
2002-03-22,1,0.0005620719845903048
2002-03-25,1,0.030839601685281732
2002-03-26,1,-0.002283629363694432
2002-03-27,1,0.047862243748017466
2002-03-28,1,-0.07405108608727423
2002-04-01,1,-0.07160003639919676
2002-04-02,1,0.05668033217031008
2002-04-03,1,-0.00030071196895031327
2002-04-04,1,0.054208086860084534
2002-04-05,1,0.05299736720347879
2002-04-08,1,-0.07995413861036725
2002-04-09,1,-0.03256129186547377
2002-04-10,1,0.01708715541856994
2002-04-11,1,0.15260478753516774
2002-04-12,1,0.04027226423261433
2002-04-15,1,-0.04467931344103776
2002-04-16,1,-0.09397465933374957
2002-04-17,1,0.03536502861528086
2002-04-18,1,0.01821145097163082
2002-04-19,1,0.06194044071098334
2002-04-22,1,-0.055847000253257256
2002-04-23,1,0.09404531669802858
2002-04-24,1,0.04892517722389541
2002-04-25,1,0.0682087145920035
2002-04-26,1,0.07009905851578148
2002-04-29,1,0.11398962874455583
2002-04-30,1,0.023836528681509248
2002-05-01,1,0.001865564853881487
2002-05-02,1,-0.028697534234416316
2002-05-03,1,0.06404706523183977
2002-05-06,1,0.049966441194341814
2002-05-07,1,-0.08070393404564156
2002-05-08,1,0.03421525116916368
2002-05-09,1,0.012357008385682199
2002-05-10,1,0.029038682759662846
2002-05-13,1,0.010324284315097666
2002-05-14,1,0.05471612477250011
2002-05-15,1,-0.10617319696898268
2002-05-16,1,-0.014719553210024149
2002-05-17,1,-0.06449397378213256
2002-05-20,1,-0.03705569181829135
2002-05-21,1,0.000823795230492685
2002-05-22,1,-0.013259004112997057
2002-05-23,1,-0.027218096297346325
2002-05-24,1,-0.00553354806594361
2002-05-28,1,0.045304112838053384
2002-05-29,1,0.07861886578171108
2002-05-30,1,0.029843645383474497
2002-05-31,1,0.051502054177826634
2002-06-03,1,-0.034394120071978986
2002-06-04,1,0.09249910614317086
2002-06-05,1,0.09120751462949189
2002-06-06,1,0.03014850628392385
2002-06-07,1,0.07644508042274827
2002-06-10,1,0.03896629836194578
2002-06-11,1,0.014853016438354386
2002-06-12,1,-0.020113763019511545
2002-06-13,1,0.08127116320142899
2002-06-14,1,-0.02667846534279977
2002-06-17,1,0.06451018764846846
2002-06-18,1,0.11337910815706326
2002-06-19,1,0.007989307272921471
2002-06-20,1,-0.007166652951767992
2002-06-21,1,0.014612763719024095
2002-06-24,1,-0.052222903212949916
2002-06-25,1,0.1002547088485453
2002-06-26,1,0.0266286759876461
2002-06-27,1,0.00818883837434851
2002-06-28,1,-0.006606883971558993
2002-07-01,1,0.010573874627988518
2002-07-02,1,0.047278591456173365
2002-07-03,1,-0.010419864600561296
2002-07-05,1,0.02926276864191201
2002-07-08,1,-0.012555787250331235
2002-07-09,1,0.02374136538883498
2002-07-10,1,-0.06863809505815363
2002-07-11,1,0.044663888968917605
2002-07-12,1,-0.056347239436843916
2002-07-15,1,-0.0046498351761421345
2002-07-16,1,-0.03682748577056838
2002-07-17,1,0.07251441745363428
2002-07-18,1,0.029790400869449295
2002-07-19,1,-0.05593284112499041
2002-07-22,1,0.09754590490210818
2002-07-23,1,0.03484814402753339
2002-07-24,1,0.08197545881405048
2002-07-25,1,-0.0208127215595565
2002-07-26,1,0.002306983147474428
2002-07-29,1,0.08927769063250282
2002-07-30,1,0.08128275128605507
2002-07-31,1,0.020915276431842583
2002-08-01,1,0.023165959291139803
2002-08-02,1,0.03133852153626724
2002-08-05,1,0.05135935828040611
2002-08-06,1,-0.00892513587403544
2002-08-07,1,0.059723268465518564
2002-08-08,1,0.023820370113647755
2002-08-09,1,0.07515812001096586
2002-08-12,1,0.03800515357491079
2002-08-13,1,0.02895913134202917
2002-08-14,1,0.08982881996737484
2002-08-15,1,0.05148063602218999
2002-08-16,1,-0.025104319568457895
2002-08-19,1,-0.001796750752213382
2002-08-20,1,-0.1340473417296628
2002-08-21,1,-0.12082618637770824
2002-08-22,1,0.018897542184598607
2002-08-23,1,-0.11503444436839265
2002-08-26,1,-0.061851245918757125
2002-08-27,1,0.055857316060332673
2002-08-28,1,0.012042437349176186
2002-08-29,1,0.09278684636554246
2002-08-30,1,0.0339940441474623
2002-09-03,1,-0.03377158786805054
2002-09-04,1,0.10209834080697239
2002-09-05,1,0.0036910672709366136
2002-09-06,1,0.08339353890786083
2002-09-09,1,0.04815318460319713
2002-09-10,1,-0.014122365327696848
2002-09-11,1,0.03392279209865873
2002-09-12,1,0.08429115487702672
2002-09-13,1,0.18295644462249036
2002-09-16,1,0.02268084495309575
2002-09-17,1,0.08716313330928918
2002-09-18,1,0.05951649603955215
2002-09-19,1,-0.04132630961642179
2002-09-20,1,0.037186649346397795
2002-09-23,1,0.07952369343154765
2002-09-24,1,0.07411373828902046
2002-09-25,1,0.07072199458896347
2002-09-26,1,0.12518189860115153
2002-09-27,1,0.06359940581612562
2002-09-30,1,0.03832982525349504
2002-10-01,1,0.15529426446672193
2002-10-02,1,-0.017208194126439792
2002-10-03,1,-0.008070046549087146
2002-10-04,1,0.01165012947360988
2002-10-07,1,0.11429599279875341
2002-10-08,1,0.08787378317132705
2002-10-09,1,0.07499841479042597
2002-10-10,1,-0.09123038616742023
2002-10-11,1,-0.007797910959762221
2002-10-14,1,-0.15657607993139513
2002-10-15,1,0.11318184500266198
2002-10-16,1,-0.00885679383871445
2002-10-17,1,0.09157067750802184
2002-10-18,1,-0.03312264581531173
2002-10-21,1,-0.04837404704005297
2002-10-22,1,-0.05854366728535441
2002-10-23,1,-0.1345031569892331
2002-10-24,1,-0.08217508910743998
2002-10-25,1,-0.04701567896777958
2002-10-28,1,0.11239985300934353
2002-10-29,1,-0.020114212393038202
2002-10-30,1,-0.038873327694192404
2002-10-31,1,-0.15224296385715763
2002-11-01,1,-0.21962222345639945
2002-11-04,1,0.02311844300007781
2002-11-05,1,-0.19454839811907876
2002-11-06,1,0.08210291215971321
2002-11-07,1,0.204473308127911
2002-11-08,1,0.15974559917625894
2002-11-11,1,-0.09207986930978178
2002-11-12,1,-0.020962585928251294
2002-11-13,1,-0.13436884188254888
2002-11-14,1,0.002295331932416791
2002-11-15,1,-0.18128527935775637
2002-11-18,1,0.021520830620900353
2002-11-19,1,-0.10653179342009177
2002-11-20,1,-0.18973676890130625
2002-11-21,1,-0.11382843024464757
2002-11-22,1,-0.13059611745031116
2002-11-25,1,-0.09862576297130797
2002-11-26,1,-0.10517183258870946
2002-11-27,1,-0.10296706115490414
2002-11-29,1,-0.014882363423198612
2002-12-02,1,0.09619848777362706
2002-12-03,1,0.06316138810819792
2002-12-04,1,0.10409975654698476
2002-12-05,1,0.12392779558350728
2002-12-06,1,0.16550045597409882
2002-12-09,1,-0.09023520205560503
2002-12-10,1,0.05812842529327626
2002-12-11,1,0.010290520474395904
2002-12-12,1,0.06196298860630527
2002-12-13,1,0.03701354764211068
2002-12-16,1,0.060627194719598945
2002-12-17,1,0.0688665885960614
2002-12-18,1,0.04576669795732268
2002-12-19,1,0.12054885356455908
2002-12-20,1,0.0821403209772824
2002-12-23,1,-0.008731770103565557
2002-12-24,1,-0.09813796595337183
2002-12-26,1,-0.11948483399757251
2002-12-27,1,-0.04186157126813599
2002-12-30,1,-0.1267474451223458
2002-12-31,1,-0.025691435609412817
2003-01-02,1,0.07154731956447896
2003-01-03,1,-0.03042923313447635
2003-01-06,1,-0.004588855619191369
2003-01-07,1,0.050209928089373246
2003-01-08,1,-0.0641746842719255
2003-01-09,1,-0.07328516700276343
2003-01-10,1,-0.05484457613252825
2003-01-13,1,-0.11676310568587776
2003-01-14,1,0.0897335521367353
2003-01-15,1,0.06259206156007698
2003-01-16,1,0.07067363781014964
2003-01-17,1,0.012623374528728583
2003-01-21,1,0.1340146547589524
2003-01-22,1,0.058037722443413375
2003-01-23,1,0.11689649434793634
2003-01-24,1,0.03850145151749973
2003-01-27,1,-0.03347488890837846
2003-01-28,1,0.015408355536993126
2003-01-29,1,0.13470191321598773
2003-01-30,1,0.07626767683995402
2003-01-31,1,-0.05282702405317137
2003-02-03,1,0.11163587535034714
2003-02-04,1,0.10496982067908854
2003-02-05,1,0.08263259420928527
2003-02-06,1,0.0417896877884996
2003-02-07,1,0.029491911446865752
2003-02-10,1,0.14618424156087073
2003-02-11,1,0.08059798589487115
2003-02-12,1,0.016420635079568924
2003-02-13,1,0.024336113467533657
2003-02-14,1,-0.06690989195967745
2003-02-18,1,0.031695386016617415
2003-02-19,1,0.05732897432433296
2003-02-20,1,-0.015936223070051197
2003-02-21,1,0.03457334390570919
2003-02-24,1,0.06926246955991902
2003-02-25,1,0.03281291742088823
2003-02-26,1,-0.05695619878463372
2003-02-27,1,0.02170017678088345
2003-02-28,1,0.02757567529041902
2003-03-03,1,0.14611876618890984
2003-03-04,1,0.05015411366462216
2003-03-05,1,0.08730177073047836
2003-03-06,1,0.002868109552200605
2003-03-07,1,0.09355557498998995
2003-03-10,1,0.0699132480656049
2003-03-11,1,0.0005107330175939484
2003-03-12,1,-0.006073754774607454
2003-03-13,1,0.046980765478378365
2003-03-14,1,-0.17192375890989017
2003-03-17,1,-0.16089370821108456
2003-03-18,1,-0.057381332234116615
2003-03-19,1,0.0027209071915866197
2003-03-20,1,-0.12276463535068118
2003-03-21,1,0.2007390561081329
2003-03-24,1,-0.07993635123419653
2003-03-25,1,0.05844330698084481
2003-03-26,1,0.04647079707150052
2003-03-27,1,0.03791693394584131
2003-03-28,1,0.11751894809435415
2003-03-31,1,-0.05144967947468717
2003-04-01,1,-0.0701089663174812
2003-04-02,1,0.03301602372284148
2003-04-03,1,-0.01739006833559296
2003-04-04,1,-0.12393466640090743
2003-04-07,1,0.06129636435459183
2003-04-08,1,-0.024486311773456802
2003-04-09,1,0.014687194578320253
2003-04-10,1,0.055084771176395306
2003-04-11,1,-0.04259271012766004
2003-04-14,1,0.05156431091392012
2003-04-15,1,-0.03154969671065037
2003-04-16,1,-0.11074206338535253
2003-04-17,1,-0.032335106340582696
2003-04-21,1,-0.09060193319761503
2003-04-22,1,-0.1403621170525762
2003-04-23,1,-0.06184899207919458
2003-04-24,1,0.06685004360855458
2003-04-25,1,-0.14974028927868085
2003-04-28,1,-0.01026000735550307
2003-04-29,1,-0.09888450779075934
2003-04-30,1,0.016926726163712682
2003-05-01,1,-0.12753457660862713
2003-05-02,1,0.01099140822232443
2003-05-05,1,-0.08484783723300869
2003-05-06,1,-0.05579648852215035
2003-05-07,1,-0.048558415888685015
2003-05-08,1,-0.19254201976729884
2003-05-09,1,-0.022532789772649636
2003-05-12,1,-0.06762967535127627
2003-05-13,1,-0.07644940263818165
2003-05-14,1,-0.04558442790531183
2003-05-15,1,0.03834778608814346
2003-05-16,1,0.045281045367208964
2003-05-19,1,0.033213397892131895
2003-05-20,1,0.04262894350046994
2003-05-21,1,0.032451501943922476
2003-05-22,1,-0.048735708608015266
2003-05-23,1,-0.04038624563869334
2003-05-27,1,-0.012881035889250915
2003-05-28,1,-0.041986306742304004
2003-05-29,1,-0.06989700309178751
2003-05-30,1,-0.09017956799979022
2003-06-02,1,0.01779607373671541
2003-06-03,1,-0.07810293787791955
2003-06-04,1,-0.0018738806099145421
2003-06-05,1,-0.1056305076610017
2003-06-06,1,0.05083616570964881
2003-06-09,1,0.016508630419044417
2003-06-10,1,0.019640879629421782
2003-06-11,1,0.008257876715864117
2003-06-12,1,0.03672202049617132
2003-06-13,1,-0.0511701405791468
2003-06-16,1,-0.01648681251855567
2003-06-17,1,0.003161213311873042
2003-06-18,1,-0.05075933635789433
2003-06-19,1,-0.15935995141563647
2003-06-20,1,0.030937910773067994
2003-06-23,1,-0.003792508693380297
2003-06-24,1,0.1198058792755655
2003-06-25,1,0.09725197505038631
2003-06-26,1,0.007662888883104373
2003-06-27,1,-0.024371606881314567
2003-06-30,1,0.09716082550016349
2003-07-01,1,0.004783708108030349
2003-07-02,1,0.07846471419434509
2003-07-03,1,0.028317941444482585
2003-07-07,1,0.05066203923687918
2003-07-08,1,-0.05166721102500611
2003-07-09,1,-0.060544529454984515
2003-07-10,1,-0.0028276798903639675
2003-07-11,1,0.07458430148854776
2003-07-14,1,-0.12264806914695131
2003-07-15,1,-0.07339144540807872
2003-07-16,1,-0.04710967328178341
2003-07-17,1,0.0005927831513880501
2003-07-18,1,0.07154038732411414
2003-07-21,1,-0.09358684191769394
2003-07-22,1,0.048782300819186816
2003-07-23,1,0.013258613310555964
2003-07-24,1,-0.07925293264418903
2003-07-25,1,-0.05903075995567615
2003-07-28,1,-0.0019295920447008805
2003-07-29,1,-0.06278880113902616
2003-07-30,1,-0.0012198765523990928
2003-07-31,1,-0.018213538634016237
2003-08-01,1,-0.04931916550789499
2003-08-04,1,0.022093270186808525
2003-08-05,1,-0.027112839990953694
2003-08-06,1,-0.016567282129550408
2003-08-07,1,0.04303751421666205
2003-08-08,1,0.11198533478679397
2003-08-11,1,0.07868716758275819
2003-08-12,1,0.03284016323220809
2003-08-13,1,-0.06819104606225868
2003-08-14,1,0.03265821630378516
2003-08-15,1,0.07802258780079946
2003-08-18,1,-0.012217964874087916
2003-08-19,1,-0.017210556112082148
2003-08-20,1,-0.055722297843971355
2003-08-21,1,-0.09558857226008736
2003-08-22,1,-0.02769502818850203
2003-08-25,1,0.041447458065487934
2003-08-26,1,0.06689364762845876
2003-08-27,1,0.08218575554874445
2003-08-28,1,-0.019945697152701006
2003-08-29,1,-0.09747854741116531
2003-09-02,1,-0.010251204547525164
2003-09-03,1,-0.025855578079831465
2003-09-04,1,-0.058360768734402144
2003-09-05,1,0.06194964716087613
2003-09-08,1,-0.03639275568524728
2003-09-09,1,-0.0648355900913575
2003-09-10,1,0.026706116903328136
2003-09-11,1,0.07575559547195335
2003-09-12,1,-0.0037826958526027393
2003-09-15,1,0.02131356090440923
2003-09-16,1,0.077838045809885
2003-09-17,1,0.04518038617942267
2003-09-18,1,0.06408176968283577
2003-09-19,1,-0.06029574662976303
2003-09-22,1,0.09563221396084988
2003-09-23,1,-0.12205265453572023
2003-09-24,1,-0.11147819335209318
2003-09-25,1,-0.1144069996410338
2003-09-26,1,0.11185212892580138
2003-09-29,1,-0.07826220095948368
2003-09-30,1,0.061260103382925354
2003-10-01,1,0.1593951272868275
2003-10-02,1,0.17478075911587862
2003-10-03,1,0.1618561078274891
2003-10-06,1,0.12128184285508793
2003-10-07,1,-0.03272507501036239
2003-10-08,1,0.11196189715030651
2003-10-09,1,-0.020172921497803056
2003-10-10,1,0.13638992465416583
2003-10-13,1,0.06638975893905684
2003-10-14,1,-0.1547276788045118
2003-10-15,1,0.06888857966049368
2003-10-16,1,-0.15047064840903038
2003-10-17,1,0.0026872239953906083
2003-10-20,1,0.14318349223055926
2003-10-21,1,-0.1390901659561803
2003-10-22,1,-0.07208237010462995
2003-10-23,1,-0.08841133452905947
2003-10-24,1,0.1772730470037892
2003-10-27,1,0.047093965084808634
2003-10-28,1,0.06763894587521531
2003-10-29,1,-0.03746863052233101
2003-10-30,1,-0.10731114627741777
2003-10-31,1,0.11677105397854035
2003-11-03,1,0.05347285975116702
2003-11-04,1,0.02024940910577066
2003-11-05,1,-0.03882302094660116
2003-11-06,1,-0.07299320348498968
2003-11-07,1,-0.1321333186938196
2003-11-10,1,-0.0958656540973025
2003-11-11,1,0.1045237613721868
2003-11-12,1,-0.018955060008088078
2003-11-13,1,-0.1211954038316473
2003-11-14,1,-0.18564329413050612
2003-11-17,1,-0.027626874428953778
2003-11-18,1,-0.016167263389808815
2003-11-19,1,0.012401357853139058
2003-11-20,1,0.03392590918245559
2003-11-21,1,0.10672453008859863
2003-11-24,1,0.09213011076219214
2003-11-25,1,0.06207527205860648
2003-11-26,1,0.14442301059580814
2003-11-28,1,0.07236883077428141
2003-12-01,1,-0.02003844161703913
2003-12-02,1,-0.1674648908018515
2003-12-03,1,-0.23857022601915898
2003-12-04,1,-0.13588110304081205
2003-12-05,1,-0.0346045776935672
2003-12-08,1,-0.17776740900405083
2003-12-09,1,-0.26428580295187554
2003-12-10,1,0.16557199699852967
2003-12-11,1,-0.054065198405407904
2003-12-12,1,-0.10322791568100989
2003-12-15,1,-0.06165291717071844
2003-12-16,1,0.07584334503119847
2003-12-17,1,0.03523380172647106
2003-12-18,1,-0.02378008679479058
2003-12-19,1,-0.14431190506632988
2003-12-22,1,-0.005637070185082406
2003-12-23,1,-0.015968667031562155
2003-12-24,1,0.09718509642493689
2003-12-26,1,0.08654772265874396
2003-12-29,1,-0.059017702566257706
2003-12-30,1,-0.07469923756593122
2003-12-31,1,0.011303518223407702
2004-01-02,1,0.059078768724456054
2004-01-05,1,0.13434077736169567
2004-01-06,1,0.0966046739135199
2004-01-07,1,0.011045980216040285
2004-01-08,1,0.060668903230808625
2004-01-09,1,0.04168542972662874
2004-01-12,1,0.02222212808349237
2004-01-13,1,0.040218353589875175
2004-01-14,1,0.021096495038226033
2004-01-15,1,0.051384172135835876
2004-01-16,1,0.09702144283084917
2004-01-20,1,-0.02416341743371512
2004-01-21,1,0.00020034096025445375
2004-01-22,1,-0.024921946979170523
2004-01-23,1,-0.04606392575855926
2004-01-26,1,-0.08186244395633623
2004-01-27,1,-0.14909123994308685
2004-01-28,1,-0.1280932071279845
2004-01-29,1,0.08192444072449992
2004-01-30,1,-0.07499239521030969
2004-02-02,1,0.009346043451937305
2004-02-03,1,-0.10964352534692598
2004-02-04,1,0.0630811217894748
2004-02-05,1,0.24305787367478615
2004-02-06,1,0.00421578137271234
2004-02-09,1,-0.018251192987653785
2004-02-10,1,0.10647355448536155
2004-02-11,1,-0.009486565182221894
2004-02-12,1,-0.1534886730028255
2004-02-13,1,0.15265702571844678
2004-02-17,1,-0.030834183431326538
2004-02-18,1,-0.1282357977370518
2004-02-19,1,-0.13339372126219395
2004-02-20,1,-0.17552295363845455
2004-02-23,1,-0.03651882673794807
2004-02-24,1,0.2091138649089872
2004-02-25,1,0.16309014445680461
2004-02-26,1,0.032990696992404485
2004-02-27,1,0.15680375356626783
2004-03-01,1,-0.06460173404909485
2004-03-02,1,-0.056697582512775214
2004-03-03,1,0.13992215528158872
2004-03-04,1,0.0028763597829285594
2004-03-05,1,-0.131077285389041
2004-03-08,1,-0.19287653558181336
2004-03-09,1,-0.20122668040488798
2004-03-10,1,-0.07933577638745036
2004-03-11,1,0.2066183899947103
2004-03-12,1,-0.1974073422507173
2004-03-15,1,0.02102485923544902
2004-03-16,1,0.20056374312092734
2004-03-17,1,-0.048667878658877686
2004-03-18,1,-0.00484938228858061
2004-03-19,1,-0.24251431696678308
2004-03-22,1,0.0014657486602712463
2004-03-23,1,-0.03611344097502511
2004-03-24,1,0.15982177568779363
2004-03-25,1,0.1267828325644936
2004-03-26,1,0.13346342637699707
2004-03-29,1,0.16416231414672122
2004-03-30,1,-0.008093258894307799
2004-03-31,1,0.012930233020405434
2004-04-01,1,0.1543620814010914
2004-04-02,1,0.04576207588757545
2004-04-05,1,-0.03522793976077758
2004-04-06,1,0.002743882621832589
2004-04-07,1,-0.04278296745877208
2004-04-08,1,-0.0468846177968309
2004-04-12,1,-0.21767220115673255
2004-04-13,1,-0.1559603155504866
2004-04-14,1,-0.07504830633727201
2004-04-15,1,0.015896191125871192
2004-04-16,1,0.08180560906722802
2004-04-19,1,-0.12673312987562652
2004-04-20,1,0.0907577766948285
2004-04-21,1,0.04247749999546067
2004-04-22,1,-0.028642972139144688
2004-04-23,1,-0.06538808871787977
2004-04-26,1,-0.11529127762137917
2004-04-27,1,-0.173097853506788
2004-04-28,1,-0.20843557396205345
2004-04-29,1,-0.09759829000686993
2004-04-30,1,0.13728703750311416
2004-05-03,1,0.11180233017256455
2004-05-04,1,0.06723912140219632
2004-05-05,1,-0.1898315997949832
2004-05-06,1,-0.11184051049433914
2004-05-07,1,-0.16903346945339046
2004-05-10,1,0.16264903932027067
2004-05-11,1,-0.018920741133571183
2004-05-12,1,-0.02180564595551705
2004-05-13,1,-0.04288116940019503
2004-05-14,1,-0.14024582890381637
2004-05-17,1,0.13643948024431263
2004-05-18,1,0.07178234870610484
2004-05-19,1,-0.039224075963611556
2004-05-20,1,0.06363798690981112
2004-05-21,1,0.08911343167158232
2004-05-24,1,0.1824422590815903
2004-05-25,1,-0.03048909212686255
2004-05-26,1,0.03151264061930279
2004-05-27,1,-0.05316524599795104
2004-05-28,1,0.13912423021932438
2004-06-01,1,-0.023241608145045025
2004-06-02,1,-0.05405907451988772
2004-06-03,1,0.031069849526722402
2004-06-04,1,0.08517137103941168
2004-06-07,1,-0.04035592393186816
2004-06-08,1,-0.07872624345995198
2004-06-09,1,0.003772748050569546
2004-06-10,1,-0.026549718303005145
2004-06-14,1,0.130524797069302
2004-06-15,1,0.027985893242856455
2004-06-16,1,-0.00838021704967388
2004-06-17,1,-0.012773251701290109
2004-06-18,1,0.013140207937087848
2004-06-21,1,0.023567665159866188
2004-06-22,1,0.1306658769486918
2004-06-23,1,0.03659232568372346
2004-06-24,1,0.13645036598878013
2004-06-25,1,-0.04114943528283195
2004-06-28,1,-0.05971821408994746
2004-06-29,1,0.09762453141690458
2004-06-30,1,0.01381101906115357
2004-07-01,1,0.007102315985962878
2004-07-02,1,0.03476371931088654
2004-07-06,1,0.039502747085331365
2004-07-07,1,-0.08026742845275021
2004-07-08,1,-0.025099978296738597
2004-07-09,1,-0.06930581062676826
2004-07-12,1,0.0699375502092607
2004-07-13,1,0.06952958788502557
2004-07-14,1,-0.04612053679156028
2004-07-15,1,0.046388371758215446
2004-07-16,1,-0.08891925875404211
2004-07-19,1,0.032258673918974655
2004-07-20,1,-0.1047387802960388
2004-07-21,1,-0.0026975659130786733
2004-07-22,1,0.03076181624171843
2004-07-23,1,-0.15086755210465497
2004-07-26,1,0.17910577605951292
2004-07-27,1,0.07408909888710258
2004-07-28,1,0.042120284461206046
2004-07-29,1,0.13270596027883164
2004-07-30,1,-0.010324882201179228
2004-08-02,1,-0.03792627219815044
2004-08-03,1,-0.08076184292134038
2004-08-04,1,-0.11580091023231834
2004-08-05,1,-0.21043751421385404
2004-08-06,1,0.05799176957979745
2004-08-09,1,0.08881721221401477
2004-08-10,1,-0.05391935341813489
2004-08-11,1,-0.011497969220111566
2004-08-12,1,0.011202257303758198
2004-08-13,1,-0.017287455058764462
2004-08-16,1,-0.009805509031498566
2004-08-17,1,0.027859126155316147
2004-08-18,1,0.1160205441614944
2004-08-19,1,-0.03926659317805063
2004-08-20,1,-0.0656429610742705
2004-08-23,1,-0.07111112830819626
2004-08-24,1,-0.02804437478755961
2004-08-25,1,0.03385232167688617
2004-08-26,1,0.04446563135469352
2004-08-27,1,-0.04188416668207308
2004-08-30,1,0.054436152474508545
2004-08-31,1,0.06657061725116763
2004-09-01,1,0.0004367874891846276
2004-09-02,1,0.007024306951997402
2004-09-03,1,0.08390179597686107
2004-09-07,1,0.0649894909703537
2004-09-08,1,-0.018893151958240706
2004-09-09,1,-0.08194837827131657
2004-09-10,1,-0.04126495150284543
2004-09-13,1,0.06753577094854314
2004-09-14,1,0.06281184609161662
2004-09-15,1,-0.004272267236148221
2004-09-16,1,-0.026567226510873305
2004-09-17,1,0.030541783112803148
2004-09-20,1,0.05979905155733496
2004-09-21,1,0.11452063859651347
2004-09-22,1,0.03270967872137925
2004-09-23,1,0.1550238632017705
2004-09-24,1,0.07093502443650049
2004-09-27,1,0.0652660177186843
2004-09-28,1,-0.09867870001138901
2004-09-29,1,0.05109403845236614
2004-09-30,1,-0.060229787598887696
2004-10-01,1,0.00158423532641991
2004-10-04,1,0.05771245131771901
2004-10-05,1,0.03959672308331828
2004-10-06,1,0.0056761939989594026
2004-10-07,1,0.09670183223573872
2004-10-08,1,-0.05018917356100981
2004-10-11,1,0.039723918654669454
2004-10-12,1,-0.16231749939133036
2004-10-13,1,0.19616024688383552
2004-10-14,1,0.12012283897342141
2004-10-15,1,-0.0066941411496851105
2004-10-18,1,0.06303140348869858
2004-10-19,1,0.023093721663395805
2004-10-20,1,-0.018549689270464298
2004-10-21,1,0.015783082496489523
2004-10-22,1,-0.004715818740381397
2004-10-25,1,0.0794168541083815
2004-10-26,1,-0.10384969442733323
2004-10-27,1,-0.1600476476052947
2004-10-28,1,0.01884594170879306
2004-10-29,1,-0.11116653867862115
2004-11-01,1,-0.034928565512723046
2004-11-02,1,0.12227200555631398
2004-11-03,1,0.06703255856948204
2004-11-04,1,-0.12040997979918475
2004-11-05,1,0.036209420072895696
2004-11-08,1,0.09232959238019511
2004-11-09,1,0.11396586714464911
2004-11-10,1,-0.04613473670313545
2004-11-11,1,-0.03162225732585711
2004-11-12,1,-0.16529752940463374
2004-11-15,1,-0.04113947033281012
2004-11-16,1,-0.07350067432467777
2004-11-17,1,-0.02719426671482937
2004-11-18,1,0.08820481284006179
2004-11-19,1,0.13619637794302555
2004-11-22,1,0.12597939520308438
2004-11-23,1,-0.05920964486180063
2004-11-24,1,0.05526604642167599
2004-11-26,1,-0.016668786452550793
2004-11-29,1,0.1746283001142175
2004-11-30,1,-0.08634770587397697
2004-12-01,1,-0.0828152087495313
2004-12-02,1,0.08479655475703268
2004-12-03,1,-0.013676686865856347
2004-12-06,1,-0.06304183034818737
2004-12-07,1,0.0766447098390865
2004-12-08,1,-0.022452533127081283
2004-12-09,1,0.03574324042959821
2004-12-10,1,0.16865927317625184
2004-12-13,1,-0.13796772701762502
2004-12-14,1,0.036434675137071465
2004-12-15,1,-0.056663634970096105
2004-12-16,1,0.02321256227842558
2004-12-17,1,0.00543824506434411
2004-12-20,1,-0.009255349473881928
2004-12-21,1,-0.062172969075646206
2004-12-22,1,-0.0516721072100683
2004-12-23,1,-0.07616238042666988
2004-12-27,1,0.11495367106944462
2004-12-28,1,-0.12361035588926518
2004-12-29,1,-0.18731442811468257
2004-12-30,1,0.01244709324102907
2004-12-31,1,-0.03488553984484493
2005-01-03,1,0.09118724051398137
2005-01-04,1,0.07146824022601664
2005-01-05,1,0.10151215562327562
2005-01-06,1,-0.01805301374544245
2005-01-07,1,0.21008896191895496
2005-01-10,1,0.08811626889601071
2005-01-11,1,-0.01854235006189945
2005-01-12,1,0.19991052369339302
2005-01-13,1,0.0079542021566507
2005-01-14,1,0.055546693517026194
2005-01-18,1,0.12700680745865842
2005-01-19,1,-0.02334540320167182
2005-01-20,1,0.012430664730639232
2005-01-21,1,0.010467129286834492
2005-01-24,1,-0.04814679982721253
2005-01-25,1,0.024606716663781412
2005-01-26,1,0.06847060809243385
2005-01-27,1,0.01029810838107961
2005-01-28,1,0.11369208102958094
2005-01-31,1,0.05623747669575263
2005-02-01,1,0.05474956600425373
2005-02-02,1,0.11844289394764741
2005-02-03,1,-0.022232158232124686
2005-02-04,1,-0.009721927565626906
2005-02-07,1,-0.013593467464612784
2005-02-08,1,0.04879602670326045
2005-02-09,1,-0.00010397697765223903
2005-02-10,1,-0.09762752140354217
2005-02-11,1,0.0596358316284214
2005-02-14,1,-0.011347771793302765
2005-02-15,1,0.09412834036595522
2005-02-16,1,0.07449896303117358
2005-02-17,1,-0.017601852799464763
2005-02-18,1,-0.034396197647031966
2005-02-22,1,0.08747396714748858
2005-02-23,1,0.10100735821700635
2005-02-24,1,0.12084304416340272
2005-02-25,1,-0.012116689862958236
2005-02-28,1,-0.10949023158845438
2005-03-01,1,0.1970464534536986
2005-03-02,1,0.02833093852355857
2005-03-03,1,0.11189846295449767
2005-03-04,1,-0.02417962245741908
2005-03-07,1,-0.02255248173741807
2005-03-08,1,-0.07335796579279065
2005-03-09,1,-0.10837980213637485
2005-03-10,1,0.1803486842024742
2005-03-11,1,-0.12048693583951146
2005-03-14,1,0.1710990692404098
2005-03-15,1,0.030788780876263536
2005-03-16,1,0.06393903667674646
2005-03-17,1,0.03234141034234389
2005-03-18,1,-0.014570908180374363
2005-03-21,1,0.05159091452081549
2005-03-22,1,-0.05361059549361108
2005-03-23,1,0.09790789748898902
2005-03-24,1,-0.05355378158832051
2005-03-28,1,-0.10444652569193492
2005-03-29,1,-0.04194901750753108
2005-03-30,1,0.0924962413974852
2005-03-31,1,0.19985031039655254
2005-04-01,1,0.08282409478028581
2005-04-04,1,0.040533317476326845
2005-04-05,1,0.019344406395728146
2005-04-06,1,-0.009050234075494552
2005-04-07,1,-0.06634250368743745
2005-04-08,1,0.10902176518557888
2005-04-11,1,0.025265023920762943
2005-04-12,1,-0.08679506624684578
2005-04-13,1,-0.08435606614553223
2005-04-14,1,-0.05890402156448546
2005-04-15,1,0.05436320258359821
2005-04-18,1,0.15080386985676295
2005-04-19,1,-0.03851232201133083
2005-04-20,1,0.02374711280880042
2005-04-21,1,0.07261889277453414
2005-04-22,1,0.17197782864121333
2005-04-25,1,-0.032837945394861456
2005-04-26,1,0.028491512073185964
2005-04-27,1,-0.006393088348070624
2005-04-28,1,0.03303908137689665
2005-04-29,1,0.09176101118240466
2005-05-02,1,-0.019063486379567725
2005-05-03,1,-0.010417377561412438
2005-05-04,1,0.0947029210107751
2005-05-05,1,0.12490428678355239
2005-05-06,1,0.030334240376569132
2005-05-09,1,-0.01932635865222515
2005-05-10,1,0.06650634556635597
2005-05-11,1,-0.10279980255913863
2005-05-12,1,-0.08320284147728949
2005-05-13,1,-0.0073781552547258515
2005-05-16,1,0.1056004043662217
2005-05-17,1,0.011713606377486934
2005-05-18,1,-0.013031657704387552
2005-05-19,1,-0.09940239352225701
2005-05-20,1,0.08647477205597558
2005-05-23,1,0.006213315994788615
2005-05-24,1,-0.02202609770447035
2005-05-25,1,0.010725529457027006
2005-05-26,1,0.021036379959936746
2005-05-27,1,0.11887890527691712
2005-05-31,1,-0.03601862102275962
2005-06-01,1,-0.06375138420221259
2005-06-02,1,0.05337399990097746
2005-06-03,1,0.06946025630494326
2005-06-06,1,-0.0859016822556248
2005-06-07,1,-0.05632054499717103
2005-06-08,1,0.05807899003784788
2005-06-09,1,-0.05165251011586341
2005-06-10,1,0.043686491836464315
2005-06-13,1,-0.05860413445282959
2005-06-14,1,0.06384393346761563
2005-06-15,1,-0.001541716220149165
2005-06-16,1,0.021522774876291628
2005-06-17,1,0.03813117414833262
2005-06-20,1,-0.03350974969189546
2005-06-21,1,0.03880508719170012
2005-06-22,1,0.014954929822528207
2005-06-23,1,-0.03581355143179592
2005-06-24,1,0.15796726969064326
2005-06-27,1,-0.006165789430551205
2005-06-28,1,0.010263715697612589
2005-06-29,1,0.08044716732058306
2005-06-30,1,-0.03626141837536172
2005-07-01,1,0.05728818772811554
2005-07-05,1,0.03269756872011097
2005-07-06,1,0.11641095781720362
2005-07-07,1,-0.06409235686623979
2005-07-08,1,-0.04313655045602614
2005-07-11,1,0.0272783949865381
2005-07-12,1,-0.022870621597515517
2005-07-13,1,-0.1413837503971354
2005-07-14,1,0.08113253365298534
2005-07-15,1,-0.02846378378445283
2005-07-18,1,0.08841164577546859
2005-07-19,1,0.021192521169425205
2005-07-20,1,-0.1409002081478067
2005-07-21,1,0.024541420403032883
2005-07-22,1,-0.10134462727595321
2005-07-25,1,-0.0076521236974373815
2005-07-26,1,0.05066628493358585
2005-07-27,1,0.14022279336900417
2005-07-28,1,-0.03785378354485399
2005-07-29,1,0.045509669568008115
2005-08-01,1,-0.029986514203878857
2005-08-02,1,-0.05125064281851241
2005-08-03,1,-0.008816048479845044
2005-08-04,1,-0.0869941874468826
2005-08-05,1,-0.00892386488104585
2005-08-08,1,0.038614996155530906
2005-08-09,1,0.10612303078122545
2005-08-10,1,0.028717407514081666
2005-08-11,1,-0.008649233959894491
2005-08-12,1,0.013504991548375327
2005-08-15,1,-0.10758875313906834
2005-08-16,1,0.01608275829036818
2005-08-17,1,-0.09719118629535001
2005-08-18,1,0.038658049437297504
2005-08-19,1,0.03817959107846227
2005-08-22,1,-0.014053193625496426
2005-08-23,1,0.08544086490586163
2005-08-24,1,-0.03769426821645421
2005-08-25,1,-0.046984767460316545
2005-08-26,1,0.09826259526089806
2005-08-29,1,0.11331233199737785
2005-08-30,1,0.17745391979508723
2005-08-31,1,0.004055493533695052
2005-09-01,1,-0.04175864845141948
2005-09-02,1,0.11354791102357543
2005-09-06,1,0.10457915812183323
2005-09-07,1,0.006594305654587454
2005-09-08,1,0.07893062557305683
2005-09-09,1,-0.08516941100696941
2005-09-12,1,0.08924360291544939
2005-09-13,1,-0.040603835869985186
2005-09-14,1,-0.017215957787197735
2005-09-15,1,-0.01792055813671336
2005-09-16,1,0.06593204728923986
2005-09-19,1,-0.0498650223384119
2005-09-20,1,0.04088500143897581
2005-09-21,1,0.07407287472599368
2005-09-22,1,0.06747104797186386
2005-09-23,1,0.10801283164056927
2005-09-26,1,0.009753751733833211
2005-09-27,1,0.028008169465709574
2005-09-28,1,0.059408202492816156
2005-09-29,1,0.09850925262690784
2005-09-30,1,0.12219314303477899
2005-10-03,1,-0.10008759481000383
2005-10-04,1,-0.13919065817046639
2005-10-05,1,-0.18810489134515207
2005-10-06,1,0.1508409361008673
2005-10-07,1,-0.11511443873175975
2005-10-10,1,0.03037968689978253
2005-10-11,1,-0.0952888714353104
2005-10-12,1,-0.033871474336775176
2005-10-13,1,0.16992939393300854
2005-10-14,1,0.08539312304256831
2005-10-17,1,-0.11895357746129197
2005-10-18,1,0.09957157493220317
2005-10-19,1,-0.11003434181752676
2005-10-20,1,0.09555684759113539
2005-10-21,1,0.14819803626382913
2005-10-24,1,0.07579004687558123
2005-10-25,1,-0.08683007093900377
2005-10-26,1,-0.09848201783568691
2005-10-27,1,0.09396075171301559
2005-10-28,1,0.08658004695811934
2005-10-31,1,0.004106932101687015
2005-11-01,1,0.09840299947138614
2005-11-02,1,0.0782813602308786
2005-11-03,1,-0.06427473135000011
2005-11-04,1,-0.04014271086849901
2005-11-07,1,0.04184898426327283
2005-11-08,1,-0.04053964325835316
2005-11-09,1,-0.03371825986423876
2005-11-10,1,0.0585284662449663
2005-11-11,1,-0.03482101487941669
2005-11-14,1,0.08005400600440254
2005-11-15,1,0.14228041402159505
2005-11-16,1,0.10298515750423064
2005-11-17,1,-0.13160117414867592
2005-11-18,1,0.04759239317857509
2005-11-21,1,0.11346153357861614
2005-11-22,1,-0.13450941646500697
2005-11-23,1,0.03980043524733125
2005-11-25,1,-0.08860764739721864
2005-11-28,1,0.09058681229370688
2005-11-29,1,0.013491698769333683
2005-11-30,1,0.04356814282735455
2005-12-01,1,0.029570904475165496
2005-12-02,1,0.059820919811347045
2005-12-05,1,0.019319076771098044
2005-12-06,1,-0.090242797713582
2005-12-07,1,0.09496821035028968
2005-12-08,1,-0.0871597179526934
2005-12-09,1,0.0728476046350014
2005-12-12,1,0.013441789941337472
2005-12-13,1,-0.04539326727732421
2005-12-14,1,0.004866552953513217
2005-12-15,1,0.0054260907191013875
2005-12-16,1,-0.08744149433493058
2005-12-19,1,0.10481327211252449
2005-12-20,1,0.10354432850274077
2005-12-21,1,0.07600188895981157
2005-12-22,1,-0.029860526282466975
2005-12-23,1,-0.05175847962897
2005-12-27,1,0.0926369064838839
2005-12-28,1,-0.018041923243781753
2005-12-29,1,-0.10672353127564085
2005-12-30,1,0.14738615445205241
2006-01-03,1,0.05219234658380824
2006-01-04,1,0.01666688158594957
2006-01-05,1,0.10867654083654736
2006-01-06,1,-0.01280180012131979
2006-01-09,1,0.07270203127827451
2006-01-10,1,0.02214763207738551
2006-01-11,1,-0.01044182334014148
2006-01-12,1,-0.009365956809125303
2006-01-13,1,0.03783564947082345
2006-01-17,1,-0.061954905571288965
2006-01-18,1,0.11045427927948213
2006-01-19,1,-0.04335955126731075
2006-01-20,1,0.0158524565505205
2006-01-23,1,0.0669470688096808
2006-01-24,1,-0.04728129526618843
2006-01-25,1,0.08909768450115475
2006-01-26,1,0.059748775628859864
2006-01-27,1,0.05881877138182958
2006-01-30,1,0.015875313712936153
2006-01-31,1,-0.005763213086025771
2006-02-01,1,-0.060909491414227954
2006-02-02,1,0.04833328574660068
2006-02-03,1,0.06399585417169397
2006-02-06,1,-0.14959393050833703
2006-02-07,1,-0.02250133871224205
2006-02-08,1,-0.048114178840197495
2006-02-09,1,-0.06697876718320576
2006-02-10,1,-0.0875336187279803
2006-02-13,1,0.024718379263041053
2006-02-14,1,0.01019350389350857
2006-02-15,1,0.11745840803656389
2006-02-16,1,0.03281602533652239
2006-02-17,1,0.0959911751422166
2006-02-21,1,0.0069596031453283535
2006-02-22,1,0.04186602086338969
2006-02-23,1,0.019517295599135606
2006-02-24,1,-0.02871023599667324
2006-02-27,1,-0.026298931412113147
2006-02-28,1,0.19662811086542947
2006-03-01,1,0.09666491669507637
2006-03-02,1,0.007607200815882243
2006-03-03,1,-0.10674632203689446
2006-03-06,1,-0.1935249132686895
2006-03-07,1,-0.009330269518722387
2006-03-08,1,0.0012004230917530793
2006-03-09,1,0.062468188777626554
2006-03-10,1,0.08426781886801843
2006-03-13,1,0.13294737404865806
2006-03-14,1,0.15312491932586308
2006-03-15,1,0.030454121179463216
2006-03-16,1,-0.019107689602272923
2006-03-17,1,0.006681114004204941
2006-03-20,1,-0.07125804041942373
2006-03-21,1,0.047819454804616295
2006-03-22,1,0.016000529244589175
2006-03-23,1,0.1280748976373555
2006-03-24,1,0.03619875328640896
2006-03-27,1,0.03362979436418646
2006-03-28,1,0.14299130443300012
2006-03-29,1,-0.04628416527839838
2006-03-30,1,0.028268548400386267
2006-03-31,1,0.09152236548625566
2006-04-03,1,0.07829816197465271
2006-04-04,1,0.12340841416721557
2006-04-05,1,0.022491237857997646
2006-04-06,1,-0.12870374960362865
2006-04-07,1,-0.03535307003641374
2006-04-10,1,-0.11626573996170461
2006-04-11,1,0.14616683361352473
2006-04-12,1,0.07782564282816826
2006-04-13,1,0.08466631858810501
2006-04-17,1,0.167645758868137
2006-04-18,1,0.1056570174301587
2006-04-19,1,-0.05609010319522064
2006-04-20,1,0.004521174482245869
2006-04-21,1,0.007893121359709807
2006-04-24,1,-0.009168381927806845
2006-04-25,1,-0.023394005912309366
2006-04-26,1,-0.12197354521931915
2006-04-27,1,0.04760913236705014
2006-04-28,1,0.14374710775198032
2006-05-01,1,0.1187370599599932
2006-05-02,1,0.05827093318543359
2006-05-03,1,0.10844435989177661
2006-05-04,1,-0.0012290780918471447
2006-05-05,1,-0.0819682261522553
2006-05-08,1,0.14537940024963697
2006-05-09,1,-0.014882081991839238
2006-05-10,1,-0.19547101753192928
2006-05-11,1,-0.24477903309623703
2006-05-12,1,-0.2692070262100658
2006-05-15,1,0.09794926656784439
2006-05-16,1,-0.2202537124258281
2006-05-17,1,-0.22055008871687273
2006-05-18,1,0.07984168112760621
2006-05-19,1,-0.24579341802164253
2006-05-22,1,0.18850308624247944
2006-05-23,1,-0.20603761301624357
2006-05-24,1,0.22713702793835516
2006-05-25,1,0.0972155364888266
2006-05-26,1,-0.19430929699721763
2006-05-30,1,0.13125025547669714
2006-05-31,1,0.17492695050706072
2006-06-01,1,0.07742465844544522
2006-06-02,1,-0.19465992877505078
2006-06-05,1,-0.06817753179752484
2006-06-06,1,-0.16808120096242232
2006-06-07,1,-0.19447419393827287
2006-06-08,1,-0.05191322015582459
2006-06-09,1,-0.34520431830053866
2006-06-12,1,-0.19251025511849423
2006-06-13,1,0.1908592165291861
2006-06-14,1,0.3449950700901959
2006-06-15,1,-0.09375403903738198
2006-06-16,1,-0.06451118442508653
2006-06-19,1,0.05346560238379139
2006-06-20,1,0.26517422124465845
2006-06-21,1,0.05472228245904989
2006-06-22,1,0.18249958840293945
2006-06-23,1,0.049276037003196896
2006-06-26,1,-0.03469992665412616
2006-06-27,1,0.029440475008942358
2006-06-28,1,0.23730242440653515
2006-06-29,1,0.1116947540049538
2006-06-30,1,0.1219107922465805
2006-07-03,1,-0.09502085613712742
2006-07-05,1,0.013451390835833082
2006-07-06,1,-0.09898481469003126
2006-07-07,1,-0.08151918099256382
2006-07-10,1,0.0739590794844399
2006-07-11,1,0.005321520277010076
2006-07-12,1,-0.12089594535881931
2006-07-13,1,-0.02572929304015266
2006-07-14,1,-0.08158420848789626
2006-07-17,1,0.05634798832834379
2006-07-18,1,0.1510435600304748
2006-07-19,1,-0.10051340777583147
2006-07-20,1,-0.14889693763535952
2006-07-21,1,0.15493972457132726
2006-07-24,1,0.0363968925255873
2006-07-25,1,-0.1011841031493317
2006-07-26,1,-0.0533426735713288
2006-07-27,1,0.15648303672252808
2006-07-28,1,0.10431558153036742
2006-07-31,1,-0.1108932278373456
2006-08-01,1,0.0649439170665361
2006-08-02,1,0.0993752393476056
2006-08-03,1,-0.13363766188595141
2006-08-04,1,0.025408710564396877
2006-08-07,1,-0.02321681692502267
2006-08-08,1,0.007451092621102956
2006-08-09,1,0.010437279376997026
2006-08-10,1,-0.09278739939697174
2006-08-11,1,-0.003267780063276865
2006-08-14,1,0.11397959571897244
2006-08-15,1,0.04627899637971072
2006-08-16,1,-0.18368745860897806
2006-08-17,1,0.019101543636486903
2006-08-18,1,0.06509222107362334
2006-08-21,1,0.04592759750355708
2006-08-22,1,-0.04701384912518937
2006-08-23,1,-0.07771598318765596
2006-08-24,1,-0.022403348368469772
2006-08-25,1,0.013885433299069124
2006-08-28,1,-0.05213746473851352
2006-08-29,1,-0.10671625788503687
2006-08-30,1,-0.050262610616819185
2006-08-31,1,0.06103311576555793
2006-09-01,1,0.09636182627380592
2006-09-05,1,-0.07608693738138303
2006-09-06,1,-0.014042357986403195
2006-09-07,1,-0.06830873892738189
2006-09-08,1,-0.07398953465993434
2006-09-11,1,-0.07967475806233745
2006-09-12,1,0.12425640926241069
2006-09-13,1,-0.11165974108309436
2006-09-14,1,-0.10073540567765288
2006-09-15,1,0.12864855773442932
2006-09-18,1,-0.031193371068856033
2006-09-19,1,0.04984672980277133
2006-09-20,1,0.016818034483097013
2006-09-21,1,-0.04579621682394648
2006-09-22,1,0.011835789529431975
2006-09-25,1,0.04401837129029568
2006-09-26,1,0.13305609394446702
2006-09-27,1,-0.04216317809658152
2006-09-28,1,0.04771636026116615
2006-09-29,1,0.00596782297918108
2006-10-02,1,-0.05470464846779476
2006-10-03,1,0.111116050690481
2006-10-04,1,0.06028581124378431
2006-10-05,1,-0.07689133212710922
2006-10-06,1,0.035684110327797496
2006-10-09,1,0.04618895275736023
2006-10-10,1,-0.0157562686704282
2006-10-11,1,0.004571542759202049
2006-10-12,1,0.05999245571854243
2006-10-13,1,0.010573203781003656
2006-10-16,1,-0.018984939293162313
2006-10-17,1,-0.08697117762038149
2006-10-18,1,0.0461013166289419
2006-10-19,1,-0.06689360578829914
2006-10-20,1,0.0650609419887314
2006-10-23,1,0.08797756055057201
2006-10-24,1,-0.05026343513877864
2006-10-25,1,-0.022496931855988066
2006-10-26,1,-0.11183492853645818
2006-10-27,1,-0.028216163355262787
2006-10-30,1,0.024468340438954763
2006-10-31,1,-0.10138148594612904
2006-11-01,1,-0.0007897158719913314
2006-11-02,1,0.019557224129532026
2006-11-03,1,0.09464583445880516
2006-11-06,1,0.06381436076544583
2006-11-07,1,-0.06321601556436944
2006-11-08,1,-0.007864791461503706
2006-11-09,1,-0.04333381846661716
2006-11-10,1,-0.020125229901888968
2006-11-13,1,0.007027058614515192
2006-11-14,1,-0.05614568116323051
2006-11-15,1,-0.09792288608153694
2006-11-16,1,-0.017729148896649404
2006-11-17,1,0.09734145898836982
2006-11-20,1,0.09345252320771635
2006-11-21,1,-0.04112790708420903
2006-11-22,1,-0.0373908817519725
2006-11-24,1,-0.04948359818723253
2006-11-27,1,0.03853836943626806
2006-11-28,1,0.08923165897959874
2006-11-29,1,-0.07437707135621563
2006-11-30,1,-0.06100095910571363
2006-12-01,1,0.13477857775144683
2006-12-04,1,0.022116618482176057
2006-12-05,1,0.012465047820593473
2006-12-06,1,0.03555672741782695
2006-12-07,1,0.056336783387835626
2006-12-08,1,0.06772199792629477
2006-12-11,1,-0.07575047689065677
2006-12-12,1,0.034486891877860644
2006-12-13,1,-0.0074627769663731655
2006-12-14,1,-0.03888075643966531
2006-12-15,1,-0.03692853584835507
2006-12-18,1,0.07954616452188384
2006-12-19,1,-0.04139315667234953
2006-12-20,1,-0.01737599639847195
2006-12-21,1,-0.023083745801744913
2006-12-22,1,-0.0363188790991638
2006-12-26,1,0.08366480899844587
2006-12-27,1,-0.020195727166291495
2006-12-28,1,-0.07042209075902865
2006-12-29,1,-0.045569524345495424
2007-01-03,1,-0.02770704703718206
2007-01-04,1,0.018650740549905655
2007-01-05,1,0.1505577436808519
2007-01-08,1,0.01960102831960601
2007-01-09,1,0.024660046155784557
2007-01-10,1,0.05815322198092011
2007-01-11,1,0.01720944791769951
2007-01-12,1,-0.002220052854721999
2007-01-16,1,0.0409511635752778
2007-01-17,1,-0.060459641549105755
2007-01-18,1,0.017180472821088744
2007-01-19,1,-0.005575209553972121
2007-01-22,1,0.056865687889093845
2007-01-23,1,0.07514499592615792
2007-01-24,1,-0.06004210267500969
2007-01-25,1,0.0006176262704123392
2007-01-26,1,0.008257442696825133
2007-01-29,1,-0.008214252350583741
2007-01-30,1,-0.0062796061078278925
2007-01-31,1,0.030156501459516698
2007-02-01,1,-0.07894449931699368
2007-02-02,1,0.06899526936313581
2007-02-05,1,0.019013458621249608
2007-02-06,1,0.0009911838868957232
2007-02-07,1,0.051129368856337676
2007-02-08,1,-0.00835982078015127
2007-02-09,1,-0.05613872343853988
2007-02-12,1,0.07185618039166985
2007-02-13,1,-0.01953579104671649
2007-02-14,1,0.059075382636788125
2007-02-15,1,-0.04137343977473713
2007-02-16,1,0.08241205488606283
2007-02-20,1,-0.005149477199354855
2007-02-21,1,-0.0903549384142756
2007-02-22,1,-0.0055800765816295
2007-02-23,1,-0.030043606483351915
2007-02-26,1,-0.03355129275694113
2007-02-27,1,0.12368515147044926
2007-02-28,1,0.01925035995475954
2007-03-01,1,-0.0011281033993398215
2007-03-02,1,0.0387239486107357
2007-03-05,1,0.13495289836506655
2007-03-06,1,0.03380606745015215
2007-03-07,1,0.20407492110948433
2007-03-08,1,0.05252305468592128
2007-03-09,1,0.10856963394194306
2007-03-12,1,-0.04663068677794659
2007-03-13,1,-0.005914133250518801
2007-03-14,1,0.037957942026333534
2007-03-15,1,0.07035201468066019
2007-03-16,1,0.1161397600343907
2007-03-19,1,0.059042775450235244
2007-03-20,1,-0.01897571327174318
2007-03-21,1,0.02131915472765708
2007-03-22,1,-0.04512146528275942
2007-03-23,1,0.08037377981789262
2007-03-26,1,-0.03657980089332775
2007-03-27,1,0.04114078804620586
2007-03-28,1,0.034363366782108856
2007-03-29,1,-0.0012699021649569592
2007-03-30,1,0.12390702279821508
2007-04-02,1,0.06238888387165045
2007-04-03,1,0.09347838666998502
2007-04-04,1,0.012894080808514166
2007-04-05,1,0.07220738341552747
2007-04-09,1,-0.01748991513327064
2007-04-10,1,-0.029687620464443745
2007-04-11,1,0.0054423432297051695
2007-04-12,1,-0.05083272788417595
2007-04-13,1,-0.03488619330071512
2007-04-16,1,0.015713336419249248
2007-04-17,1,-0.056653418043334666
2007-04-18,1,-0.02828648855355016
2007-04-19,1,0.023563341344938506
2007-04-20,1,0.16846850625461346
2007-04-23,1,-0.0718800868668917
2007-04-24,1,0.0026022290147692724
2007-04-25,1,0.02960683801742712
2007-04-26,1,0.061669534957275784
2007-04-27,1,0.03446984247146866
2007-04-30,1,-0.027796786504617692
2007-05-01,1,0.0495119324179371
2007-05-02,1,0.03720825312414054
2007-05-03,1,0.0723463937452984
2007-05-04,1,0.04382412642634169
2007-05-07,1,0.02840553689988031
2007-05-08,1,0.04737060300402164
2007-05-09,1,0.06264555292930189
2007-05-10,1,0.03665141725994364
2007-05-11,1,0.006168519265504225
2007-05-14,1,0.014381173068252472
2007-05-15,1,-0.013988155237358522
2007-05-16,1,-0.015637725922111725
2007-05-17,1,0.030342998000717703
2007-05-18,1,0.016267555838392376
2007-05-21,1,-0.07038966290990611
2007-05-22,1,-0.04440922608845096
2007-05-23,1,-0.13281959781452116
2007-05-24,1,0.09054789198996724
2007-05-25,1,0.09830736063819584
2007-05-29,1,0.11824101040429305
2007-05-30,1,0.0014904837849483018
2007-05-31,1,0.06421951021516274
2007-06-01,1,0.04750353633435597
2007-06-04,1,0.06792628399684314
2007-06-05,1,-0.0031740520771773337
2007-06-06,1,-0.12774132660031348
2007-06-07,1,-0.027547841302520387
2007-06-08,1,0.10018015785092496
2007-06-11,1,0.00705441341933179
2007-06-12,1,0.16868452223662175
2007-06-13,1,0.09488539527853736
2007-06-14,1,-0.0040575996161530846
2007-06-15,1,-0.01572316304771765
2007-06-18,1,0.06446803380970402
2007-06-19,1,-0.07312713631813254
2007-06-20,1,0.05957345533985089
2007-06-21,1,-0.09950082649572796
2007-06-22,1,-0.07426088119061036
2007-06-25,1,-0.021603914238371234
2007-06-26,1,0.041868790365321755
2007-06-27,1,0.08677541131523923
2007-06-28,1,0.14888924659330965
2007-06-29,1,0.20526474631039657
2007-07-02,1,0.027847813288685956
2007-07-03,1,0.12255543352575159
2007-07-05,1,0.013365114640140613
2007-07-06,1,-0.07015802729769839
2007-07-09,1,-0.01164598283761717
2007-07-10,1,0.09060690829702252
2007-07-11,1,0.09791824331651133
2007-07-12,1,-0.016500734737121707
2007-07-13,1,0.009336207644978462
2007-07-16,1,0.08736593093468793
2007-07-17,1,-0.008799568394822727
2007-07-18,1,0.07052910287630162
2007-07-19,1,-0.10121049184634015
2007-07-20,1,0.1260905629504298
2007-07-23,1,-0.061599668896593344
2007-07-24,1,-0.1312194020268151
2007-07-25,1,-0.0650721011737952
2007-07-26,1,-0.06703955366397693
2007-07-27,1,0.16108638617810878
2007-07-30,1,0.07027863666523403
2007-07-31,1,0.01950525485596147
2007-08-01,1,0.12264229958461767
2007-08-02,1,-0.034165441566007544
2007-08-03,1,-0.05959933530314225
2007-08-06,1,-0.023757783141454148
2007-08-07,1,-0.18749363127828228
2007-08-08,1,-0.16156076847408762
2007-08-09,1,0.14834457938457593
2007-08-10,1,0.21870460410454567
2007-08-13,1,-0.08656746309450995
2007-08-14,1,-0.11933585410411983
2007-08-15,1,-0.1599545295078379
2007-08-16,1,0.06028484156073929
2007-08-17,1,0.18464516948096849
2007-08-20,1,0.186208644828219
2007-08-21,1,0.1865330029748719
2007-08-22,1,0.08297784408491093
2007-08-23,1,0.12791078369521863
2007-08-24,1,0.0041167409528017306
2007-08-27,1,-0.11430766152101908
2007-08-28,1,0.13309844939188045
2007-08-29,1,0.06040216998052171
2007-08-30,1,0.06729035127114644
2007-08-31,1,0.042445961931743485
2007-09-04,1,0.12823611597458517
2007-09-05,1,0.06681204164424712
2007-09-06,1,-0.11018178713376583
2007-09-07,1,0.1388205563915975
2007-09-10,1,0.14516453565912932
2007-09-11,1,0.05995730914893302
2007-09-12,1,0.07837611985943124
2007-09-13,1,-0.08129822838363487
2007-09-14,1,0.07967514051398288
2007-09-17,1,0.12455153436653035
2007-09-18,1,0.06418485159057699
2007-09-19,1,0.17625854217742326
2007-09-20,1,0.045972048260641094
2007-09-21,1,0.10199857423780498
2007-09-24,1,0.21617121551618185
2007-09-25,1,0.03955561221411747
2007-09-26,1,0.0479663160548976
2007-09-27,1,-0.06391238980665201
2007-09-28,1,0.08614353203825674
2007-10-01,1,-0.05131763790117828
2007-10-02,1,-0.0999484350995991
2007-10-03,1,0.11939173023758373
2007-10-04,1,-0.03856254086298138
2007-10-05,1,0.1060116279834232
2007-10-08,1,0.10009256864031132
2007-10-09,1,0.08996735805375186
2007-10-10,1,-0.07444875522790449
2007-10-11,1,0.2004354349511668
2007-10-12,1,0.12377770205230479
2007-10-15,1,0.10236287553455399
2007-10-16,1,0.11764136083097627
2007-10-17,1,0.17026801982756112
2007-10-18,1,-0.12479025673180622
2007-10-19,1,-0.0870548010067532
2007-10-22,1,0.19711761496916963
2007-10-23,1,0.06893731074079901
2007-10-24,1,0.006402969423233179
2007-10-25,1,0.049319323722254914
2007-10-26,1,0.06878220805767223
2007-10-29,1,-0.12127263452299612
2007-10-30,1,0.12739746006870775
2007-10-31,1,0.02896870749385837
2007-11-01,1,0.0845585870682252
2007-11-02,1,0.02424448568669565
2007-11-05,1,0.1636878022505713
2007-11-06,1,0.012622266954687576
2007-11-07,1,-0.0652244909927466
2007-11-08,1,-0.17876224666244278
2007-11-09,1,-0.3017381021682373
2007-11-12,1,0.03233542232309617
2007-11-13,1,0.15249170724310643
2007-11-14,1,-0.009198636999915534
2007-11-15,1,0.14107384913191523
2007-11-16,1,0.034986502125887685
2007-11-19,1,0.15318269714114197
2007-11-20,1,-0.03815937577191158
2007-11-21,1,-0.03791969515854945
2007-11-23,1,0.128560004072309
2007-11-26,1,0.13109102716220686
2007-11-27,1,0.06896986339194855
2007-11-28,1,0.11701499627758256
2007-11-29,1,-0.07203769072005634
2007-11-30,1,0.16309979419295192
2007-12-03,1,0.09033188623960021
2007-12-04,1,0.06718947998066303
2007-12-05,1,-0.1061372909701895
2007-12-06,1,-0.07532313655647721
2007-12-07,1,-0.13050452168200255
2007-12-10,1,-0.0065082425205887475
2007-12-11,1,0.07934448455000244
2007-12-12,1,0.08648766928048378
2007-12-13,1,0.14037610520940746
2007-12-14,1,-0.06641452816320097
2007-12-17,1,-0.03992988258781849
2007-12-18,1,0.1096320028436209
2007-12-19,1,0.03549022890832228
2007-12-20,1,0.03208874550324286
2007-12-21,1,-0.007543626454859689
2007-12-24,1,0.1189152996143855
2007-12-26,1,0.06351507230023222
2007-12-27,1,0.14312145316865452
2007-12-28,1,-0.05959485773047918
2007-12-31,1,0.04775711519799967
2008-01-02,1,0.28387021667228846
2008-01-03,1,0.03075256662629056
2008-01-04,1,-0.15743483206339173
2008-01-07,1,0.05168586000598666
2008-01-08,1,0.07729679554442945
2008-01-09,1,-0.11761490989833166
2008-01-10,1,-0.021714482999656448
2008-01-11,1,0.019091615344922205
2008-01-14,1,-0.07036030294124408
2008-01-15,1,-0.35741136995814926
2008-01-16,1,-0.1606118075671608
2008-01-17,1,0.13328932363010376
2008-01-18,1,-0.0967985170315166
2008-01-22,1,-0.2505920172019591
2008-01-23,1,0.1091669653058828
2008-01-24,1,0.034396476011400966
2008-01-25,1,-0.11095831828017814
2008-01-28,1,-0.16560437362235725
2008-01-29,1,-0.007208620675445596
2008-01-30,1,-0.08918922479481044
2008-01-31,1,-0.02831850929054187
2008-02-01,1,0.08868434811735879
2008-02-04,1,-0.04469315436293955
2008-02-05,1,-0.04386860790115326
2008-02-06,1,0.006209642912145456
2008-02-07,1,0.22185406631414226
2008-02-08,1,0.16960964585455876
2008-02-11,1,-0.03279980243737297
2008-02-12,1,0.00607811624101013
2008-02-13,1,0.12327949579839895
2008-02-14,1,-0.011886815793826676
2008-02-15,1,0.05421410547862074
2008-02-19,1,-0.07194823614081723
2008-02-20,1,0.0915148880784997
2008-02-21,1,0.04131280247326901
2008-02-22,1,-0.023749714863417763
2008-02-25,1,-0.09476950878627541
2008-02-26,1,-0.012177371581497242
2008-02-27,1,0.22486375686679816
2008-02-28,1,0.03901642034985103
2008-02-29,1,0.10313167703380026
2008-03-03,1,-0.0383480950943349
2008-03-04,1,0.17100609252801924
2008-03-05,1,0.20229148229050903
2008-03-06,1,-0.06611501829344925
2008-03-07,1,-0.07126536035469616
2008-03-10,1,0.006233610971818977
2008-03-11,1,0.10628654269842064
2008-03-12,1,0.05566557258941047
2008-03-13,1,0.1244568001332308
2008-03-14,1,-0.053103734298487054
2008-03-17,1,-0.02493048130534192
2008-03-18,1,-0.13327523619231516
2008-03-19,1,-0.11533566257552114
2008-03-20,1,-0.16273165468132125
2008-03-24,1,0.03797671345358088
2008-03-25,1,0.12371030800153104
2008-03-26,1,0.02673772055366582
2008-03-27,1,0.1377843786085295
2008-03-28,1,-0.1067318748388607
2008-03-31,1,-0.15052514083766133
2008-04-01,1,-0.028392833907924398
2008-04-02,1,0.06987400745785151
2008-04-03,1,0.11750669104913786
2008-04-04,1,-0.02537514194574599
2008-04-07,1,0.09061843099937139
2008-04-08,1,0.2077544805922036
2008-04-09,1,-0.011899128857864821
2008-04-10,1,0.13176761514665475
2008-04-11,1,0.10962112917387913
2008-04-14,1,0.05602831940584443
2008-04-15,1,0.10805536232930962
2008-04-16,1,-0.007249376124062094
2008-04-17,1,-0.02177667589934223
2008-04-18,1,0.14988112260925437
2008-04-21,1,0.15932339395524353
2008-04-22,1,-0.013999612353307161
2008-04-23,1,-0.2719879327122138
2008-04-24,1,-0.0240952760569008
2008-04-25,1,-0.07897430646172471
2008-04-28,1,-0.20464382801654307
2008-04-29,1,0.04191662650975415
2008-04-30,1,-0.1645195791950526
2008-05-01,1,0.07613541446082622
2008-05-02,1,0.15677702563266524
2008-05-05,1,0.03856885117665214
2008-05-06,1,0.05476330908783855
2008-05-07,1,0.14508671165737475
2008-05-08,1,0.010342170082088329
2008-05-09,1,-0.08731516416129466
2008-05-12,1,0.06336452318233933
2008-05-13,1,-0.10862084589720288
2008-05-14,1,-0.0015934434859396023
2008-05-15,1,0.12008023829366478
2008-05-16,1,-0.12199577580471058
2008-05-19,1,0.09252771639547018
2008-05-20,1,-0.003866449083128903
2008-05-21,1,-0.0973034006319756
2008-05-22,1,0.13992788441819928
2008-05-23,1,-0.07174627355380943
2008-05-27,1,0.11932600480567035
2008-05-28,1,-0.173538808011949
2008-05-29,1,0.12441563209704137
2008-05-30,1,0.13439147803539037
2008-06-02,1,-0.048683829004067695
2008-06-03,1,-0.09954742649992801
2008-06-04,1,0.03418627147696817
2008-06-05,1,0.2046142032311517
2008-06-06,1,0.22874277993318695
2008-06-09,1,-0.07548415720332152
2008-06-10,1,0.15490092185669718
2008-06-11,1,-0.09003289899004785
2008-06-12,1,-0.012429561905456783
2008-06-13,1,0.10401380765832993
2008-06-16,1,0.17690783254042006
2008-06-17,1,0.1736349175225365
2008-06-18,1,-0.07736206715603387
2008-06-19,1,0.11107234066920753
2008-06-20,1,0.27032611794332223
2008-06-23,1,-0.05512842229454299
2008-06-24,1,-0.11532529312753834
2008-06-25,1,0.11910291985615871
2008-06-26,1,0.18923793701969352
2008-06-27,1,0.15575011123120122
2008-06-30,1,0.1330345431548448
2008-07-01,1,-0.056547476749860166
2008-07-02,1,-0.015438860992831932
2008-07-03,1,0.08218224935652475
2008-07-07,1,-0.1597504829817424
2008-07-08,1,0.16166926894746952
2008-07-09,1,0.20402605625212755
2008-07-10,1,0.08040901999489058
2008-07-11,1,0.2203133808482606
2008-07-14,1,-0.05694924375073908
2008-07-15,1,-0.22856428495036338
2008-07-16,1,-0.2528298006159346
2008-07-17,1,0.0504117850128544
2008-07-18,1,0.04960390815813542
2008-07-21,1,-0.20659480278780495
2008-07-22,1,-0.2907857404463669
2008-07-23,1,0.1559883262031406
2008-07-24,1,0.055313299447962726
2008-07-25,1,0.16328403383369972
2008-07-28,1,-0.15033206902609825
2008-07-29,1,0.15110374938365168
2008-07-30,1,-0.12008417739504096
2008-07-31,1,-0.0520734570575823
2008-08-01,1,-0.11090332110701948
2008-08-04,1,-0.16876328811776575
2008-08-05,1,0.028803710036243536
2008-08-06,1,0.07075794298699513
2008-08-07,1,-0.24688296240182958
2008-08-08,1,-0.2323515627795912
2008-08-11,1,0.004240581691887409
2008-08-12,1,0.1199347247167735
2008-08-13,1,-0.0805726094918146
2008-08-14,1,-0.1830746749383941
2008-08-15,1,0.07564898015001201
2008-08-18,1,0.23101706585319506
2008-08-19,1,0.1745985897592159
2008-08-20,1,0.15729721342767938
2008-08-21,1,-0.20395741304205123
2008-08-22,1,0.07303739951082609
2008-08-25,1,0.04890483169744587
2008-08-26,1,0.015941520108098017
2008-08-27,1,-0.13214946869513222
2008-08-28,1,-0.021576507846808684
2008-08-29,1,-0.17329705243342067
2008-09-02,1,-0.19674894068074922
2008-09-03,1,0.019086794938449746
2008-09-04,1,0.043335705969553266
2008-09-05,1,-0.15553246846682212
2008-09-08,1,-0.11490642806888139
2008-09-09,1,0.22679884682971146
2008-09-10,1,0.10087776068672184
2008-09-11,1,0.04619180648870677
2008-09-12,1,0.05800206695679148
2008-09-15,1,0.08753457912223174
2008-09-16,1,0.00755065547992402
2008-09-17,1,-0.10791847515062482
2008-09-18,1,0.05500889350164416
2008-09-19,1,0.15328107489088855
2008-09-22,1,0.04792435596879278
2008-09-23,1,0.05400339933209481
2008-09-24,1,-0.013357331804442842
2008-09-25,1,-0.004873590823797252
2008-09-26,1,0.01757238202297926
2008-09-29,1,0.12181218742269116
2008-09-30,1,-0.0778787116842385
2008-10-01,1,0.012717843759777837
2008-10-02,1,0.13838372531316182
2008-10-03,1,0.09867822900396331
2008-10-06,1,0.07547202260206266
2008-10-07,1,0.12028734597413637
2008-10-08,1,0.06615062880780975
2008-10-09,1,0.04999261131714322
2008-10-10,1,-0.047834024088780465
2008-10-13,1,0.020814029760091998
2008-10-14,1,0.057487413712246103
2008-10-15,1,0.14764551658478606
2008-10-16,1,-0.06941627824775125
2008-10-17,1,0.05288427041056655
2008-10-20,1,0.0787173746207641
2008-10-21,1,0.01900883562269388
2008-10-22,1,0.07067390274409659
2008-10-23,1,0.03453719910081799
2008-10-24,1,0.04305357009431815
2008-10-27,1,0.033773859457431415
2008-10-28,1,-0.017684510998310223
2008-10-29,1,-0.06527771702003407
2008-10-30,1,-0.045375022479197134
2008-10-31,1,-0.09904480981195975
2008-11-03,1,-0.08527078054464529
2008-11-04,1,0.08259010578229511
2008-11-05,1,0.21354172902880736
2008-11-06,1,-0.03815524367813365
2008-11-07,1,0.18066611856985326
2008-11-10,1,0.1812598087228278
2008-11-11,1,0.2191507247655605
2008-11-12,1,-0.08491798585822377
2008-11-13,1,0.0687460049179397
2008-11-14,1,0.1645164908670998
2008-11-17,1,0.05146689457757041
2008-11-18,1,0.12616668991474686
2008-11-19,1,0.1910257153408702
2008-11-20,1,-0.04805997295370086
2008-11-21,1,-0.13490885383005588
2008-11-24,1,-0.09086721001180596
2008-11-25,1,-0.23791262853633668
2008-11-26,1,-0.22109162046867348
2008-11-28,1,0.2260135594486856
2008-12-01,1,-0.08499192723598374
2008-12-02,1,0.02131894372752044
2008-12-03,1,0.0619633438253374
2008-12-04,1,-0.08074172040090653
2008-12-05,1,-0.20417486110492078
2008-12-08,1,-0.0882180158057527
2008-12-09,1,-0.09090740015402003
2008-12-10,1,0.0612302393892718
2008-12-11,1,-0.03580301203178139
2008-12-12,1,0.14867228690899234
2008-12-15,1,-0.13775070144745408
2008-12-16,1,-0.11530196684693117
2008-12-17,1,0.11921864388951975
2008-12-18,1,-0.13222483856265227
2008-12-19,1,0.21133035371517847
2008-12-22,1,0.10393556843916947
2008-12-23,1,-0.0012854711016198703
2008-12-24,1,-0.0748098483094677
2008-12-26,1,0.17760189668212956
2008-12-29,1,-0.030634589271054613
2008-12-30,1,-0.18692870955962157
2008-12-31,1,-0.3810496013908501
2009-01-02,1,-0.2035626796704872
2009-01-05,1,-0.38459794668578123
2009-01-06,1,0.1518651106999477
2009-01-07,1,-0.07094553550706288
2009-01-08,1,0.03897045598305163
2009-01-09,1,0.24118641114226747
2009-01-12,1,0.0862606717037434
2009-01-13,1,0.1875189101548315
2009-01-14,1,0.11431374689967663
2009-01-15,1,0.04806348246357027
2009-01-16,1,0.16494964843000956
2009-01-20,1,-0.053512900042346434
2009-01-21,1,0.13596800831679426
2009-01-22,1,-0.07660276624458011
2009-01-23,1,0.012863286280976155
2009-01-26,1,-0.13721175829947155
2009-01-27,1,-0.13705208279745892
2009-01-28,1,0.18981951711382952
2009-01-29,1,0.15795499396697493
2009-01-30,1,0.0671517861267578
2009-02-02,1,0.06167770410932842
2009-02-03,1,-0.061237752163732756
2009-02-04,1,-0.06360711702130559
2009-02-05,1,-0.18391244937885468
2009-02-06,1,-0.07761582048532033
2009-02-09,1,0.21423957302598082
2009-02-10,1,-0.019490497238588526
2009-02-11,1,0.06947117069646654
2009-02-12,1,-0.010723461326087898
2009-02-13,1,0.2684855808696351
2009-02-17,1,0.024485193737400907
2009-02-18,1,0.11187715013881845
2009-02-19,1,0.12637987037305362
2009-02-20,1,0.164741765101883
2009-02-23,1,-0.1401692700650684
2009-02-24,1,0.1609750053099242
2009-02-25,1,-0.0010975542265398357
2009-02-26,1,0.09814825594639427
2009-02-27,1,0.2808321762596474
2009-03-02,1,0.0612501595114929
2009-03-03,1,-0.09928819138551692
2009-03-04,1,0.2893090474422033
2009-03-05,1,0.06527817010399625
2009-03-06,1,-0.025537970201193555
2009-03-09,1,-0.23284982001711008
2009-03-10,1,-0.055940339311989815
2009-03-11,1,-0.11510482044683848
2009-03-12,1,-0.0971224986861198
2009-03-13,1,-0.15408789331902958
2009-03-16,1,0.00927285747615131
2009-03-17,1,-0.1555859280700828
2009-03-18,1,-0.16564086108804227
2009-03-19,1,0.11898825014607187
2009-03-20,1,-0.280041980757042
2009-03-23,1,-0.01506654316551432
2009-03-24,1,-0.04505440823571703
2009-03-25,1,-0.20107132975585054
2009-03-26,1,0.08343665740023
2009-03-27,1,0.4186265526081644
2009-03-30,1,-0.012114791269954295
2009-03-31,1,-0.2916361032634985
2009-04-01,1,-0.355238046647562
2009-04-02,1,-0.22621465272489868
2009-04-03,1,0.06845787078308421
2009-04-06,1,0.15713792078205988
2009-04-07,1,-0.1083479812620918
2009-04-08,1,-0.38584334779856855
2009-04-09,1,-0.08673283496466162
2009-04-13,1,0.0031027770028692466
2009-04-14,1,-0.17720319826368536
2009-04-15,1,-0.13960379339653659
2009-04-16,1,-0.19502237405648626
2009-04-17,1,0.37413818030689744
2009-04-20,1,-0.2792399071445442
2009-04-21,1,-0.1612596442739098
2009-04-22,1,-0.0010252739489500279
2009-04-23,1,-0.24643247515876027
2009-04-24,1,0.1718129554993725
2009-04-27,1,0.047775374271795935
2009-04-28,1,-0.26708232740895516
2009-04-29,1,-0.12864167417201666
2009-04-30,1,-0.22586576479901377
2009-05-01,1,-0.22427332840954883
2009-05-04,1,-0.0206471515038593
2009-05-05,1,-0.18526088245855032
2009-05-06,1,0.10352264090260713
2009-05-07,1,-0.2484467124195268
2009-05-08,1,0.17799622849269764
2009-05-11,1,0.05410391379396639
2009-05-12,1,0.25982175739895974
2009-05-13,1,-0.08046256639152165
2009-05-14,1,0.10294621158884251
2009-05-15,1,-0.1560818681992295
2009-05-18,1,-0.1959673374427556
2009-05-19,1,-0.14856299302370876
2009-05-20,1,0.15299275843194057
2009-05-21,1,-0.073394101026225
2009-05-22,1,-0.010791518581491895
2009-05-26,1,-0.0154893997652908
2009-05-27,1,-0.11433561112717607
2009-05-28,1,-0.02139462260305512
2009-05-29,1,-0.2242890542874036
2009-06-01,1,0.1335526779657949
2009-06-02,1,0.1131745138606291
2009-06-03,1,-0.23248051813770168
2009-06-04,1,-0.11046603815968734
2009-06-05,1,0.08397496026261118
2009-06-08,1,-0.07437082166884533
2009-06-09,1,-0.17090774748904414
2009-06-10,1,-0.14329250117958353
2009-06-11,1,0.02101199515068707
2009-06-12,1,0.1603924155915553
2009-06-15,1,0.06801143507874456
2009-06-16,1,0.19489763310466285
2009-06-17,1,0.10213282606214961
2009-06-18,1,0.02025667479529834
2009-06-19,1,0.16187424170133272
2009-06-22,1,-0.010966248835624855
2009-06-23,1,-0.006328322854741683
2009-06-24,1,0.029183099271314836
2009-06-25,1,0.0015851442203978698
2009-06-26,1,0.026303751522679695
2009-06-29,1,0.010719678693206598
2009-06-30,1,0.06187854716988164
2009-07-01,1,0.025205832854373014
2009-07-02,1,0.043885354798998265
2009-07-06,1,0.08975822484757828
2009-07-07,1,0.022349098893584052
2009-07-08,1,-0.010990425737451027
2009-07-09,1,0.10690470820806723
2009-07-10,1,-0.03705905319245173
2009-07-13,1,-0.05996143924161843
2009-07-14,1,-0.11393783251917303
2009-07-15,1,-0.11110674338413173
2009-07-16,1,0.07521928131020997
2009-07-17,1,-0.07598510409963936
2009-07-20,1,-0.0042138681496313906
2009-07-21,1,-0.011420275842664727
2009-07-22,1,-0.12775045118542663
2009-07-23,1,-0.09818194341139917
2009-07-24,1,-0.07491831509062605
2009-07-27,1,0.017370848994926177
2009-07-28,1,0.06403930547091094
2009-07-29,1,-0.08955402086446548
2009-07-30,1,-0.0025488215322946057
2009-07-31,1,-0.04821431859323991
2009-08-03,1,-0.08427215181286067
2009-08-04,1,-0.05483140074941326
2009-08-05,1,-0.11618040272313648
2009-08-06,1,-0.1607123618229185
2009-08-07,1,-0.125819958865086
2009-08-10,1,0.0276100775177488
2009-08-11,1,-0.1609170942091206
2009-08-12,1,-0.07973140561098413
2009-08-13,1,-0.016844061399317333
2009-08-14,1,0.08540089816113346
2009-08-17,1,-0.03448564367432922
2009-08-18,1,-0.006001132311194678
2009-08-19,1,0.040637866019058944
2009-08-20,1,-0.09084300544178127
2009-08-21,1,-0.016568233914745305
2009-08-24,1,0.010935552231112165
2009-08-25,1,-0.021445516121820603
2009-08-26,1,-0.11235537201965146
2009-08-27,1,-0.03442982645221377
2009-08-28,1,0.013741402516763285
2009-08-31,1,0.005479293191088214
2009-09-01,1,0.06413088265270989
2009-09-02,1,0.075654243524562
2009-09-03,1,0.006416205144820342
2009-09-04,1,-0.008969977267170946
2009-09-08,1,-0.013423552896886515
2009-09-09,1,-0.05521658162769047
2009-09-10,1,-0.1492319413882337
2009-09-11,1,-0.05878131238528061
2009-09-14,1,-0.0009606599522328236
2009-09-15,1,-0.06611056024944462
2009-09-16,1,-0.07698458492746053
2009-09-17,1,-0.07159903973585274
2009-09-18,1,0.06628838424497686
2009-09-21,1,0.007725442236220532
2009-09-22,1,-0.07002767018425492
2009-09-23,1,-0.07684346109126437
2009-09-24,1,-0.06375732674016951
2009-09-25,1,0.13412358458719462
2009-09-28,1,0.07229292576068647
2009-09-29,1,0.08214006476315673
2009-09-30,1,-0.12203729522932133
2009-10-01,1,0.031722372364844015
2009-10-02,1,0.19888745492037763
2009-10-05,1,0.0638638989464326
2009-10-06,1,0.015389945641538587
2009-10-07,1,0.024051654797701248
2009-10-08,1,-0.004478141895226709
2009-10-09,1,-0.048549627842617384
2009-10-12,1,-0.009174817606254161
2009-10-13,1,0.14432511747303786
2009-10-14,1,-0.035940752366755396
2009-10-15,1,-0.1910534608610756
2009-10-16,1,0.022406288365998353
2009-10-19,1,-0.020596081202693167
2009-10-20,1,-0.037373490825439386
2009-10-21,1,-0.06469897231066878
2009-10-22,1,-0.12516928537578595
2009-10-23,1,-0.14361527584213754
2009-10-26,1,-0.18982530070304066
2009-10-27,1,-0.32146880403162637
2009-10-28,1,0.21508111682905046
2009-10-29,1,-0.2117894019221615
2009-10-30,1,-0.011167578608620596
2009-11-02,1,0.1536616569757409
2009-11-03,1,-0.009709083268526176
2009-11-04,1,0.14650679926464438
2009-11-05,1,-0.0394067757327664
2009-11-06,1,0.2049919533737464
2009-11-09,1,0.04212612399060335
2009-11-10,1,0.053108994116391556
2009-11-11,1,-0.17568295027004013
2009-11-12,1,0.09150393118339062
2009-11-13,1,0.09744723658098574
2009-11-16,1,-0.002859967147513148
2009-11-17,1,-0.10780541251117842
2009-11-18,1,-0.17597814455950014
2009-11-19,1,-0.12935712917278372
2009-11-20,1,-0.007243755694225265
2009-11-23,1,-0.07135051895826001
2009-11-24,1,0.1094901231923789
2009-11-25,1,-0.21384850721915147
2009-11-27,1,-0.07075469134095684
2009-11-30,1,0.18338585196078053
2009-12-01,1,-0.01351736660133219
2009-12-02,1,-0.05568786149341148
2009-12-03,1,-0.0033486603934956213
2009-12-04,1,-0.06192131818562522
2009-12-07,1,-0.0827870121130319
2009-12-08,1,0.03636552347146066
2009-12-09,1,0.03207891330703437
2009-12-10,1,-0.028629488007061672
2009-12-11,1,0.125334835818447
2009-12-14,1,-0.060466607036120223
2009-12-15,1,0.11486718898359793
2009-12-16,1,-0.0625242215438354
2009-12-17,1,-0.01514794237036818
2009-12-18,1,0.02695948669216537
2009-12-21,1,0.04846036273758754
2009-12-22,1,0.09482979511712018
2009-12-23,1,0.022601769584282914
2009-12-24,1,-0.12345974737333866
2009-12-28,1,-0.11326617551183246
2009-12-29,1,-0.04007357604763757
2009-12-30,1,-0.051425707060073635
2009-12-31,1,0.15003079127930263
2010-01-04,1,0.1710102181824871
2010-01-05,1,0.02584137722253555
2010-01-06,1,-0.09777663222808672
2010-01-07,1,0.05549115107539352
2010-01-08,1,-0.08285426542871015
2010-01-11,1,-0.23867329059249848
2010-01-12,1,0.06886933238856564
2010-01-13,1,-0.035971993847969445
2010-01-14,1,-0.12373587648931231
2010-01-15,1,0.03964536777093625
2010-01-19,1,-0.16504716928497232
2010-01-20,1,-0.16538156105601148
2010-01-21,1,-0.19509778724985707
2010-01-22,1,0.09612040995259438
2010-01-25,1,-0.029212609752349853
2010-01-26,1,-0.04582554570575023
2010-01-27,1,-0.11601746853850137
2010-01-28,1,-0.14732886862296282
2010-01-29,1,0.2170200195019151
2010-02-01,1,0.14297269573446533
2010-02-02,1,-0.03054535379102906
2010-02-03,1,-0.3569792687320125
2010-02-04,1,-0.03070699575975794
2010-02-05,1,0.041865971965960314
2010-02-08,1,0.18006532857167754
2010-02-09,1,0.04502617631461388
2010-02-10,1,0.2191871265450036
2010-02-11,1,0.03600946130166043
2010-02-12,1,0.21434047018134397
2010-02-16,1,-0.048850414781952074
2010-02-17,1,0.07832906395462519
2010-02-18,1,-0.034490925128227316
2010-02-19,1,-0.04541180335651688
2010-02-22,1,-0.2342822400175233
2010-02-23,1,0.048722391299194055
2010-02-24,1,0.014777684433596625
2010-02-25,1,0.054243675900131634
2010-02-26,1,0.28377112058593784
2010-03-01,1,0.044684528372257275
2010-03-02,1,-0.026193155467859944
2010-03-03,1,0.056914974236029064
2010-03-04,1,0.14838727221514122
2010-03-05,1,-0.025139535130105695
2010-03-08,1,0.0033579531929567507
2010-03-09,1,0.07115354780226364
2010-03-10,1,0.011363231208689565
2010-03-11,1,-0.04342076060738382
2010-03-12,1,-0.14788645804308825
2010-03-15,1,0.07732552566852825
2010-03-16,1,-0.008944942132289576
2010-03-17,1,-0.17609935487256453
2010-03-18,1,-0.3009499040375874
2010-03-19,1,0.1336158715860031
2010-03-22,1,0.24305912832371807
2010-03-23,1,-0.016011436664706186
2010-03-24,1,-0.053873791350864314
2010-03-25,1,-0.0176435868975552
2010-03-26,1,0.1331295772717158
2010-03-29,1,-0.018556770153262788
2010-03-30,1,-0.11532517599685269
2010-03-31,1,0.11805098440615323
2010-04-01,1,0.21543247677701743
2010-04-05,1,0.0863041220440053
2010-04-06,1,-0.13782012201822885
2010-04-07,1,0.02276512189780986
2010-04-08,1,0.02789217599345351
2010-04-09,1,0.03449835799885408
2010-04-12,1,-0.04908387163146288
2010-04-13,1,0.1313731837497952
2010-04-14,1,0.02957718847499561
2010-04-15,1,-0.26697743390307743
2010-04-16,1,-0.16148722385646336
2010-04-19,1,0.12976662898716754
2010-04-20,1,0.07388645199202759
2010-04-21,1,0.07788227908575765
2010-04-22,1,0.08654149979391546
2010-04-23,1,0.06759908665347712
2010-04-26,1,-0.19873251554588567
2010-04-27,1,0.03740846036108748
2010-04-28,1,0.048601194041922494
2010-04-29,1,-0.16492146455234188
2010-04-30,1,0.13799188590009073
2010-05-03,1,-0.17459663196683942
2010-05-04,1,-0.07686205135096745
2010-05-05,1,-0.15098179237178297
2010-05-06,1,-0.14684535075840802
2010-05-07,1,0.3177866862566941
2010-05-10,1,0.0577637515136493
2010-05-11,1,0.19875948762108755
2010-05-12,1,-0.06766535573673922
2010-05-13,1,-0.2844680778204001
2010-05-14,1,-0.17403378795921415
2010-05-17,1,-0.2065463944072789
2010-05-18,1,-0.1933664549989516
2010-05-19,1,-0.22713065416347605
2010-05-20,1,0.2610162090344157
2010-05-21,1,0.05857619500848669
2010-05-24,1,0.05741408172473231
2010-05-25,1,0.10394504018196661
2010-05-26,1,0.3066705777039607
2010-05-27,1,-0.09897565976704796
2010-05-28,1,-0.06280031988671905
2010-06-01,1,0.16017855269781286
2010-06-02,1,0.039131904897059616
2010-06-03,1,-0.2868986940737922
2010-06-04,1,-0.1561926269745225
2010-06-07,1,0.02568535417952351
2010-06-08,1,0.10050881987185596
2010-06-09,1,0.16519487571346425
2010-06-10,1,0.11867595348019128
2010-06-11,1,0.13437145127421798
2010-06-14,1,0.07501552273215757
2010-06-15,1,0.030092210243999076
2010-06-16,1,0.023171464491818977
2010-06-17,1,0.003253556655345372
2010-06-18,1,-0.018740487858154273
2010-06-21,1,-0.10918265970231025
2010-06-22,1,-0.04498110188003841
2010-06-23,1,-0.10854062651884937
2010-06-24,1,0.04178672911568895
2010-06-25,1,-0.013312548079170395
2010-06-28,1,-0.23409850841269733
2010-06-29,1,-0.08967805922360646
2010-06-30,1,-0.02829570695154769
2010-07-01,1,-0.0633322617484212
2010-07-02,1,0.007577832099622689
2010-07-06,1,0.2621331191864802
2010-07-07,1,0.007924113569921117
2010-07-08,1,0.07126121455434443
2010-07-09,1,-0.09984993132061092
2010-07-12,1,0.08075219010406005
2010-07-13,1,0.039271285653576044
2010-07-14,1,-0.06632945395673573
2010-07-15,1,-0.13178210440169313
2010-07-16,1,0.015634799647721166
2010-07-19,1,0.09788148829079515
2010-07-20,1,0.0769441818333589
2010-07-21,1,0.09879132059345551
2010-07-22,1,0.08153440902523293
2010-07-23,1,0.04709362962377051
2010-07-26,1,-0.12601846731768934
2010-07-27,1,0.054271168454995404
2010-07-28,1,0.06665872180297971
2010-07-29,1,0.05080132015186601
2010-07-30,1,0.05498310687140512
2010-08-02,1,-0.009645374423898996
2010-08-03,1,0.017168517857525357
2010-08-04,1,0.02758298434109981
2010-08-05,1,-0.03990136720404064
2010-08-06,1,0.04849123326661284
2010-08-09,1,0.07728836046334624
2010-08-10,1,-0.05205939431754434
2010-08-11,1,0.07558756223552218
2010-08-12,1,0.06742699720210651
2010-08-13,1,0.030160064926852862
2010-08-16,1,0.08973902476717244
2010-08-17,1,0.054673866221300126
2010-08-18,1,0.0020671339234939997
2010-08-19,1,0.016649183105118145
2010-08-20,1,-0.0026773305230641422
2010-08-23,1,-0.07216410962407928
2010-08-24,1,-0.031132759109567927
2010-08-25,1,0.07547741991779208
2010-08-26,1,0.06985772515128869
2010-08-27,1,-0.02307239274082236
2010-08-30,1,0.15861595586046204
2010-08-31,1,0.08951744994401313
2010-09-01,1,0.04036994176114766
2010-09-02,1,0.022395425110085618
2010-09-03,1,0.02493699474325798
2010-09-07,1,0.056757623476973024
2010-09-08,1,-0.09156070168505004
2010-09-09,1,-0.01606030614145123
2010-09-10,1,0.010051121087315056
2010-09-13,1,0.049566319899184814
2010-09-14,1,-0.023816017286795912
2010-09-15,1,0.05987531505697811
2010-09-16,1,0.02361429701784212
2010-09-17,1,-0.058655505627885345
2010-09-20,1,0.03214291271055273
2010-09-21,1,0.06326483610923316
2010-09-22,1,-0.020493326877180463
2010-09-23,1,-0.08393021853497669
2010-09-24,1,0.03988924305650974
2010-09-27,1,-0.0914812791372271
2010-09-28,1,-0.05858440388407585
2010-09-29,1,-0.13801314363153103
2010-09-30,1,0.028625255707455003
2010-10-01,1,0.15458553089891325
2010-10-04,1,0.021909942461018173
2010-10-05,1,-0.06232126992409572
2010-10-06,1,0.09117378005309584
2010-10-07,1,-0.05314235591358842
2010-10-08,1,-0.04187510060193151
2010-10-11,1,0.04003108069273173
2010-10-12,1,-0.0738338858399541
2010-10-13,1,0.07346667604648965
2010-10-14,1,0.05280031855598075
2010-10-15,1,-0.1533396957801959
2010-10-18,1,0.054030831072507335
2010-10-19,1,0.06004756985343784
2010-10-20,1,0.1002978284305851
2010-10-21,1,0.04292910705907443
2010-10-22,1,0.1263309118864472
2010-10-25,1,0.03404397524063406
2010-10-26,1,0.07182461925827964
2010-10-27,1,-0.024890530913696644
2010-10-28,1,0.039973320696219485
2010-10-29,1,0.05450228465998273
2010-11-01,1,-0.015287611226289887
2010-11-02,1,0.0625618103198835
2010-11-03,1,-0.05053524242008523
2010-11-04,1,0.009105259387498066
2010-11-05,1,0.04226248042503899
2010-11-08,1,-0.05195433988071312
2010-11-09,1,-0.011179514700861521
2010-11-10,1,0.03790856270004568
2010-11-11,1,-0.025199163619926922
2010-11-12,1,0.0022374175002097224
2010-11-15,1,-0.02745358826746779
2010-11-16,1,0.09154321665670737
2010-11-17,1,0.13161243831839153
2010-11-18,1,0.08424324255269534
2010-11-19,1,0.2030825160901766
2010-11-22,1,0.07817328139626982
2010-11-23,1,0.09274139156000738
2010-11-24,1,0.13603037865253456
2010-11-26,1,-0.05328405307840976
2010-11-29,1,0.08240160827136454
2010-11-30,1,0.026751390149262484
2010-12-01,1,-0.10293738315367269
2010-12-02,1,-0.04948768907224925
2010-12-03,1,0.03867020170981683
2010-12-06,1,-0.013295494078302878
2010-12-07,1,-0.10707964889410944
2010-12-08,1,0.0038443001897973776
2010-12-09,1,0.015133856142103658
2010-12-10,1,-0.09248243226344616
2010-12-13,1,-0.03429671257074441
2010-12-14,1,-0.009042227284758389
2010-12-15,1,0.049732796486820864
2010-12-16,1,-0.04029052769917789
2010-12-17,1,0.025925907677234215
2010-12-20,1,0.08072700331458948
2010-12-21,1,-0.25227963978393836
2010-12-22,1,-0.04036982648498741
2010-12-23,1,-0.111092144443153
2010-12-27,1,-0.06602795931590619
2010-12-28,1,0.03836370485621892
2010-12-29,1,-0.05390624567952408
2010-12-30,1,-0.0541327799137793
2010-12-31,1,0.04322532411199222
2011-01-03,1,-0.06289493441053681
2011-01-04,1,0.007820369468288969
2011-01-05,1,-0.09509255746011187
2011-01-06,1,0.07625111536287928
2011-01-07,1,0.13192833370040524
2011-01-10,1,-0.07601019856867548
2011-01-11,1,-0.03992254639618333
2011-01-12,1,0.029325701344423943
2011-01-13,1,-0.03782974065079485
2011-01-14,1,-0.017539321659858345
2011-01-18,1,-0.04529502757169308
2011-01-19,1,-0.1728443833281592
2011-01-20,1,-0.03482271130293097
2011-01-21,1,-0.034983818085567255
2011-01-24,1,-0.05711276390280574
2011-01-25,1,0.20111268806692245
2011-01-26,1,0.028625506776060447
2011-01-27,1,-0.009138220488694851
2011-01-28,1,0.09495107646157896
2011-01-31,1,0.15129011426451017
2011-02-01,1,-0.016412124597513192
2011-02-02,1,0.128191466680562
2011-02-03,1,0.03436741584434471
2011-02-04,1,0.06078820331430596
2011-02-07,1,0.016591414337484154
2011-02-08,1,-0.03261638050639471
2011-02-09,1,0.15821159241367141
2011-02-10,1,0.1322016104906509
2011-02-11,1,0.1222186957378698
2011-02-14,1,-0.06392208091380139
2011-02-15,1,0.04820843291510382
2011-02-16,1,-0.03433309087247773
2011-02-17,1,-0.09108248987642958
2011-02-18,1,-0.08381761200393069
2011-02-22,1,-0.08100253397922684
2011-02-23,1,0.05685971095474938
2011-02-24,1,0.1610100642853152
2011-02-25,1,-0.04967310768292257
2011-02-28,1,0.00048469369097495327
2011-03-01,1,0.13347089357455882
2011-03-02,1,0.15978672791316692
2011-03-03,1,0.14398359487085016
2011-03-04,1,-0.01499004518025218
2011-03-07,1,-0.04671460931154903
2011-03-08,1,-0.0799069940500453
2011-03-09,1,-0.12541326511023781
2011-03-10,1,0.07391603848010969
2011-03-11,1,0.061078800862053716
2011-03-14,1,0.05567234100128893
2011-03-15,1,0.017164342338489475
2011-03-16,1,0.09910032379586031
2011-03-17,1,-0.10947087674949309
2011-03-18,1,0.28464231850602933
2011-03-21,1,-0.10946194177867768
2011-03-22,1,0.11444395964033138
2011-03-23,1,0.042524618389964006
2011-03-24,1,0.10145941668680711
2011-03-25,1,-0.034630262154665505
2011-03-28,1,0.14012951221974612
2011-03-29,1,0.14090574314179968
2011-03-30,1,0.09317162938604714
2011-03-31,1,0.05591116981773814
2011-04-01,1,0.12090988876471818
2011-04-04,1,0.008920101669549202
2011-04-05,1,-0.2498932119049442
2011-04-06,1,-0.06501874110189516
2011-04-07,1,-0.01912685300277159
2011-04-08,1,-0.060109274405290375
2011-04-11,1,-0.04684585762521073
2011-04-12,1,0.2130310595642276
2011-04-13,1,0.013761404553863765
2011-04-14,1,0.03608861046840178
2011-04-15,1,-0.1422607196415898
2011-04-18,1,0.13890698994351341
2011-04-19,1,0.19314055377691597
2011-04-20,1,0.12640651007716844
2011-04-21,1,-0.12318414672786264
2011-04-25,1,-0.03017899855702744
2011-04-26,1,0.02242094260649754
2011-04-27,1,-0.01653674692422237
2011-04-28,1,0.13391015533772635
2011-04-29,1,-0.12241548607170884
2011-05-02,1,-0.18174648872522392
2011-05-03,1,-0.12430397990419895
2011-05-04,1,-0.02931772090690429
2011-05-05,1,0.13458095428463934
2011-05-06,1,0.21914043963652807
2011-05-09,1,0.02843919338298795
2011-05-10,1,-0.17981472679916108
2011-05-11,1,-0.026546590690775165
2011-05-12,1,-0.03263687329602926
2011-05-13,1,-0.10672118042561997
2011-05-16,1,-0.016321018142494047
2011-05-17,1,0.24680461529187278
2011-05-18,1,0.048919056746190036
2011-05-19,1,-0.016861425284919098
2011-05-20,1,-0.08445359075888072
2011-05-23,1,0.009599799522396495
2011-05-24,1,0.26446440622560163
2011-05-25,1,0.19066669072014097
2011-05-26,1,0.09914366403890172
2011-05-27,1,0.07238021742686561
2011-05-31,1,-0.06879692315583588
2011-06-01,1,0.044270129764196406
2011-06-02,1,-0.017734524762614026
2011-06-03,1,-0.07241932597049704
2011-06-06,1,0.13831684564040075
2011-06-07,1,-0.11621966477706225
2011-06-08,1,0.15486350572255955
2011-06-09,1,-0.15327161314817386
2011-06-10,1,-0.07501344167241254
2011-06-13,1,0.20483414780787382
2011-06-14,1,-0.14604084092870342
2011-06-15,1,-0.12668925709284887
2011-06-16,1,0.03152220488367946
2011-06-17,1,0.13353008586720422
2011-06-20,1,0.24267954817515144
2011-06-21,1,0.0678233398058622
2011-06-22,1,0.027300693984989733
2011-06-23,1,-0.016793049163548953
2011-06-24,1,0.12083782044758115
2011-06-27,1,0.26710623282606727
2011-06-28,1,0.08414986182237524
2011-06-29,1,0.05728680643611132
2011-06-30,1,0.10854236325919091
2011-07-01,1,0.2782434811603154
2011-07-05,1,0.09482535420682135
2011-07-06,1,-0.03959678804014484
2011-07-07,1,0.07573639507625816
2011-07-08,1,-0.14945446972660886
2011-07-11,1,-0.1373460221299661
2011-07-12,1,0.1302271747708041
2011-07-13,1,-0.004037385256935993
2011-07-14,1,0.07019690585540227
2011-07-15,1,0.028555249370238203
2011-07-18,1,0.20435635016732678
2011-07-19,1,-0.07891669488511617
2011-07-20,1,-0.1015032611616763
2011-07-21,1,0.1018171818080169
2011-07-22,1,0.042119877293153495
2011-07-25,1,-0.08139481768768891
2011-07-26,1,-0.16701053858928383
2011-07-27,1,0.002766482969425331
2011-07-28,1,0.05183140905045724
2011-07-29,1,0.1417830143523018
2011-08-01,1,-0.09358805153378941
2011-08-02,1,0.04865180054432619
2011-08-03,1,-0.136689575083121
2011-08-04,1,-0.09077773868108945
2011-08-05,1,-0.14945380645768613
2011-08-08,1,0.17527614166779296
2011-08-09,1,0.09557032287829678
2011-08-10,1,0.16482703073504879
2011-08-11,1,0.1682769051002024
2011-08-12,1,0.010887690799920337
2011-08-15,1,-0.20550512770031792
2011-08-16,1,-0.12022621432963228
2011-08-17,1,-0.24536105189380125
2011-08-18,1,-0.12229914801778145
2011-08-19,1,0.0017101733246112116
2011-08-22,1,0.28519899481881295
2011-08-23,1,0.046505496975842456
2011-08-24,1,-0.05645502966337978
2011-08-25,1,0.23379479153555735
2011-08-26,1,0.07162136721630481
2011-08-29,1,0.1046487708115526
2011-08-30,1,-0.055160463237440435
2011-08-31,1,0.04578149372692331
2011-09-01,1,0.015937843117217656
2011-09-02,1,0.22844289323190403
2011-09-06,1,-0.10882179110129281
2011-09-07,1,0.04379175154682952
2011-09-08,1,-0.031131892528324993
2011-09-09,1,0.056648937839576426
2011-09-12,1,0.07027923516731178
2011-09-13,1,-0.05521735386605364
2011-09-14,1,-0.04172451239057107
2011-09-15,1,0.0998109663466117
2011-09-16,1,0.2875301100626451
2011-09-19,1,-0.0464696785448825
2011-09-20,1,0.05847179317441847
2011-09-21,1,-0.02397433502108971
2011-09-22,1,-0.12317710377251141
2011-09-23,1,-0.04851575007925739
2011-09-26,1,0.03197696003224808
2011-09-27,1,-0.03562542579308914
2011-09-28,1,-0.17896845958809557
2011-09-29,1,0.017906585654250587
2011-09-30,1,0.12178211185127615
2011-10-03,1,-0.04859005936910959
2011-10-04,1,0.03558603080797569
2011-10-05,1,0.03869303895714151
2011-10-06,1,0.14499844206043816
2011-10-07,1,0.017606703922008925
2011-10-10,1,-0.07520150525392785
2011-10-11,1,-0.11517729332708866
2011-10-12,1,0.0760185818403154
2011-10-13,1,0.0905003177659159
2011-10-14,1,0.11351430479110301
2011-10-17,1,-0.12294296076271545
2011-10-18,1,-0.0050823201296867
2011-10-19,1,0.0413610360594412
2011-10-20,1,-0.05920847398793361
2011-10-21,1,-0.10454816332346069
2011-10-24,1,0.13285651314439326
2011-10-25,1,-0.13016191429343174
2011-10-26,1,-0.11033143667621982
2011-10-27,1,-0.04504979800834578
2011-10-28,1,0.22889123515425042
2011-10-31,1,0.16886114829791748
2011-11-01,1,-0.05411914943447381
2011-11-02,1,-0.01625040318295805
2011-11-03,1,-0.02647912172349349
2011-11-04,1,0.00755368643620926
2011-11-07,1,-0.03799902603188263
2011-11-08,1,0.09908474279350313
2011-11-09,1,-0.05870703652867688
2011-11-10,1,-0.017998844859897233
2011-11-11,1,0.1493174120004282
2011-11-14,1,0.04247822734898139
2011-11-15,1,-0.059937755447671645
2011-11-16,1,0.04280743867827375
2011-11-17,1,-0.027010136167335122
2011-11-18,1,0.11011352256627559
2011-11-21,1,0.21490265418987714
2011-11-22,1,0.029786339835875853
2011-11-23,1,0.03712554913161124
2011-11-25,1,0.07116555223122856
2011-11-28,1,0.027618707908239375
2011-11-29,1,-0.03578531877437325
2011-11-30,1,0.017790860212625444
2011-12-01,1,-0.0068811365857904035
2011-12-02,1,-0.005798646050966994
2011-12-05,1,-0.013400374396120462
2011-12-06,1,-0.08058532586925785
2011-12-07,1,0.17701577740010013
2011-12-08,1,-0.03500945090250019
2011-12-09,1,0.044631617310060316
2011-12-12,1,0.09830189433886537
2011-12-13,1,-0.03906653851093729
2011-12-14,1,0.0551244399362572
2011-12-15,1,0.07147741256175213
2011-12-16,1,0.18561409812365437
2011-12-19,1,-0.0902098768054357
2011-12-20,1,-0.027317295608875476
2011-12-21,1,-0.26173674511987605
2011-12-22,1,0.08733597976740276
2011-12-23,1,0.21626809345389483
2011-12-27,1,0.16632445621589773
2011-12-28,1,-0.06817150812187309
2011-12-29,1,-0.21549717808439633
2011-12-30,1,-0.26640175009663974
2012-01-03,1,0.12669183018689797
2012-01-04,1,0.09663634521408022
2012-01-05,1,0.02595098772833906
2012-01-06,1,-0.053317934157042966
2012-01-09,1,-0.09522788923325823
2012-01-10,1,-0.14066963470611205
2012-01-11,1,-0.07117287061725995
2012-01-12,1,0.22479366225905023
2012-01-13,1,0.1163321554182848
2012-01-17,1,-0.18845905274831012
2012-01-18,1,-0.13415742845819623
2012-01-19,1,-0.13278025260261
2012-01-20,1,-0.08632703702732884
2012-01-23,1,0.04046870366672888
2012-01-24,1,-0.10949503492646366
2012-01-25,1,0.04995399472934714
2012-01-26,1,-0.04894408275666784
2012-01-27,1,0.07861864118727001
2012-01-30,1,0.08363238078815505
2012-01-31,1,-0.09226637796071673
2012-02-01,1,-0.14018735076559216
2012-02-02,1,-0.11459067548133106
2012-02-03,1,-0.05516901955659793
2012-02-06,1,0.03064618645230901
2012-02-07,1,-0.04424802617900625
2012-02-08,1,0.000863551992321741
2012-02-09,1,0.14516740102360376
2012-02-10,1,0.06375734160687963
2012-02-13,1,0.10866867446295785
2012-02-14,1,-0.07931983544100504
2012-02-15,1,-0.09556239016126679
2012-02-16,1,-0.058402973208016774
2012-02-17,1,0.09105550717859644
2012-02-21,1,0.1985384070053282
2012-02-22,1,0.0016855952684675173
2012-02-23,1,0.03303713665646772
2012-02-24,1,0.12413942892076323
2012-02-27,1,0.027954422499304254
2012-02-28,1,0.10848005171158143
2012-02-29,1,0.10622437922705638
2012-03-01,1,0.1069739646204166
2012-03-02,1,0.17960424190265614
2012-03-05,1,0.10091533267566333
2012-03-06,1,0.06657112789712331
2012-03-07,1,0.041747054403567185
2012-03-08,1,-0.04797896460086019
2012-03-09,1,0.05249729146700139
2012-03-12,1,-0.13049298268143703
2012-03-13,1,0.043676181785821604
2012-03-14,1,-0.10625168777076094
2012-03-15,1,-0.17674028060380337
2012-03-16,1,0.03955092562184002
2012-03-19,1,0.06841589571207847
2012-03-20,1,0.13959832425714852
2012-03-21,1,0.10174704568135566
2012-03-22,1,0.034687146652063086
2012-03-23,1,0.05696012049168616
2012-03-26,1,0.024769531978147925
2012-03-27,1,0.0871078371666556
2012-03-28,1,-0.006579944446862161
2012-03-29,1,0.028329802990955257
2012-03-30,1,0.07167818971677649
2012-04-02,1,0.28866701916963583
2012-04-03,1,0.1358352621196598
2012-04-04,1,0.2791676791196045
2012-04-05,1,0.13775030784133488
2012-04-09,1,-0.1412514609084338
2012-04-10,1,-0.02259036605664292
2012-04-11,1,-0.0632005350884763
2012-04-12,1,0.26482263075271395
2012-04-13,1,0.03201467459290893
2012-04-16,1,-0.09946298976581745
2012-04-17,1,0.23948703893727138
2012-04-18,1,-0.046083709380752035
2012-04-19,1,0.1101787484776521
2012-04-20,1,0.05470622213774136
2012-04-23,1,-0.15362561503082833
2012-04-24,1,0.09571051035404576
2012-04-25,1,-0.02141862005059325
2012-04-26,1,0.08245557551660539
2012-04-27,1,-0.03154272652951938
2012-04-30,1,-0.04696335407099924
2012-05-01,1,0.2494390230667661
2012-05-02,1,0.06417553143068931
2012-05-03,1,0.002099792088788364
2012-05-04,1,0.000760426644659625
2012-05-07,1,-0.01924009001998703
2012-05-08,1,-0.017926105521188486
2012-05-09,1,0.11458343709713097
2012-05-10,1,0.1243041452284163
2012-05-11,1,0.010432221614111734
2012-05-14,1,0.15836934585180726
2012-05-15,1,0.07252663245247847
2012-05-16,1,-0.12361107203241592
2012-05-17,1,0.04665015690491966
2012-05-18,1,-0.010146106222535851
2012-05-21,1,0.17831872313188046
2012-05-22,1,-0.0014452696078946935
2012-05-23,1,0.11259351498513821
2012-05-24,1,-0.11709714634029118
2012-05-25,1,-0.10012660089721453
2012-05-29,1,0.11715232557628018
2012-05-30,1,-0.003015954177836437
2012-05-31,1,-0.12320227818596709
2012-06-01,1,0.0051323825258723695
2012-06-04,1,-0.026521888346854126
2012-06-05,1,-0.07273215445682384
2012-06-06,1,0.053404219499694955
2012-06-07,1,0.14406086767512286
2012-06-08,1,0.1785658606927292
2012-06-11,1,0.020618014536574025
2012-06-12,1,0.027908855799865406
2012-06-13,1,-0.0023497899186097865
2012-06-14,1,-0.09887224171139576
2012-06-15,1,0.1401650293313301
2012-06-18,1,-0.12844968393103498
2012-06-19,1,-0.12399684251531394
2012-06-20,1,0.10775353162549686
2012-06-21,1,-0.06264185703594807
2012-06-22,1,0.14474011357918556
2012-06-25,1,0.19335777192150883
2012-06-26,1,-0.14884021034781084
2012-06-27,1,-0.12135289116221308
2012-06-28,1,-0.0527640314685589
2012-06-29,1,0.1311478406311698
2012-07-02,1,-0.14493953621998532
2012-07-03,1,0.047456765699108214
2012-07-05,1,0.1377511540546759
2012-07-06,1,0.23453297561612768
2012-07-09,1,0.1443640554146789
2012-07-10,1,-0.04386929083367717
2012-07-11,1,0.2096086587651533
2012-07-12,1,0.06640939806939729
2012-07-13,1,0.09696664635280405
2012-07-16,1,0.04139433449205895
2012-07-17,1,-0.13636717063864576
2012-07-18,1,-0.02255907273980362
2012-07-19,1,0.043144049761949146
2012-07-20,1,0.13417856156012373
2012-07-23,1,0.1420509819423522
2012-07-24,1,0.0011836703876281082
2012-07-25,1,0.029989062859119568
2012-07-26,1,-0.13029052134738695
2012-07-27,1,0.008694300026801943
2012-07-30,1,-0.05672856819365178
2012-07-31,1,0.012896645400927798
2012-08-01,1,0.22598216117254988
2012-08-02,1,-0.055512458525634426
2012-08-03,1,-0.13561548821128186
2012-08-06,1,-0.13413952148016897
2012-08-07,1,0.0003286451055286516
2012-08-08,1,-0.135907036418775
2012-08-09,1,-0.10003406407825804
2012-08-10,1,0.0924011337381627
2012-08-13,1,0.146217063134447
2012-08-14,1,-0.05799906360611728
2012-08-15,1,-0.11432478003001781
2012-08-16,1,0.0676939523569118
2012-08-17,1,-0.10916058000817118
2012-08-20,1,-0.12026169295198778
2012-08-21,1,0.07344259220978132
2012-08-22,1,0.07982313582751467
2012-08-23,1,0.10426809192343342
2012-08-24,1,0.1249914356178733
2012-08-27,1,-0.007174567773580347
2012-08-28,1,0.057506544717713694
2012-08-29,1,0.1268752216539243
2012-08-30,1,-0.017295600906947563
2012-08-31,1,0.1127956526159462
2012-09-04,1,-0.027447154720831615
2012-09-05,1,-0.0952452976482099
2012-09-06,1,-0.2219320785254518
2012-09-07,1,-0.027998077095263082
2012-09-10,1,-0.12078004119647841
2012-09-11,1,0.03950765802834326
2012-09-12,1,-0.06463219238630963
2012-09-13,1,-0.17697887851426966
2012-09-14,1,0.10938734520473936
2012-09-17,1,-0.01266111065389858
2012-09-18,1,0.14235659298523554
2012-09-19,1,0.1302955500050809
2012-09-20,1,0.11467458918068002
2012-09-21,1,0.00556296295099346
2012-09-24,1,0.12090894755652866
2012-09-25,1,-0.15160269241230587
2012-09-26,1,0.11514226151167607
2012-09-27,1,0.08715516062880009
2012-09-28,1,0.020632908438892216
2012-10-01,1,0.06999761392673085
2012-10-02,1,0.13698790076682332
2012-10-03,1,-0.028114308255568595
2012-10-04,1,0.027111389013367865
2012-10-05,1,-0.15602040233290584
2012-10-08,1,-0.09035511351142005
2012-10-09,1,0.12083127136403153
2012-10-10,1,-0.1833215697563144
2012-10-11,1,0.08817648198867405
2012-10-12,1,0.09358589573698435
2012-10-15,1,0.05817050308724724
2012-10-16,1,-0.028472252434180955
2012-10-17,1,-0.036094271943009786
2012-10-18,1,0.07619783502754861
2012-10-19,1,-0.006737680771539616
2012-10-22,1,-0.006331455767177953
2012-10-23,1,0.195509131685914
2012-10-24,1,-0.08985947190066898
2012-10-25,1,0.028971762291199753
2012-10-26,1,0.07110118163969091
2012-10-31,1,-0.12428168127344592
2012-11-01,1,-0.010088760064582397
2012-11-02,1,0.05365932133907626
2012-11-05,1,-0.04504760662143409
2012-11-06,1,0.14165652412526364
2012-11-07,1,0.031533724497668225
2012-11-08,1,0.01095731298315752
2012-11-09,1,-0.003511412983248199
2012-11-12,1,0.20200347439196698
2012-11-13,1,-0.10863152530062742
2012-11-14,1,-0.038947985268557805
2012-11-15,1,0.23568256496834783
2012-11-16,1,-0.020762905207272777
2012-11-19,1,0.16367265525073127
2012-11-20,1,-0.04965926780325266
2012-11-21,1,-0.08473428821591183
2012-11-23,1,-0.059823489134628836
2012-11-26,1,-0.004045115220923582
2012-11-27,1,-0.06181199024225179
2012-11-28,1,-0.039060120432853875
2012-11-29,1,-0.029015725041601687
2012-11-30,1,0.03045129392073689
2012-12-03,1,-0.08411770419289805
2012-12-04,1,-0.20181737091307994
2012-12-05,1,0.0326981930715709
2012-12-06,1,-0.01573221459146339
2012-12-07,1,-0.04874501985789103
2012-12-10,1,-0.12729208726352287
2012-12-11,1,-0.05556221791221414
2012-12-12,1,-0.09485555523253046
2012-12-13,1,-0.08163309713409657
2012-12-14,1,0.05300424917885972
2012-12-17,1,-0.10461709409324503
2012-12-18,1,-0.03033928127449573
2012-12-19,1,0.07739065371119372
2012-12-20,1,-0.03910574821889202
2012-12-21,1,0.10270034181044883
2012-12-24,1,-0.12781593768040583
2012-12-26,1,0.1660595966131421
2012-12-27,1,0.10501534498965508
2012-12-28,1,0.02651406047216316
2012-12-31,1,-0.009286218830686465
2013-01-02,1,-0.10495393476484337
2013-01-03,1,-0.07052777473837245
2013-01-04,1,0.03603842796923961
2013-01-07,1,0.24051956130358493
2013-01-08,1,0.09855562475227853
2013-01-09,1,-0.0814407836351982
2013-01-10,1,0.02367259671770998
2013-01-11,1,0.015217487464292048
2013-01-14,1,-0.018225640880522004
2013-01-15,1,0.08395547928942718
2013-01-16,1,0.049875326849587905
2013-01-17,1,0.02008101226748625
2013-01-18,1,-0.05603113722942663
2013-01-22,1,0.107847486318365
2013-01-23,1,0.003352547620497095
2013-01-24,1,0.048085919421105607
2013-01-25,1,-0.11137553387738353
2013-01-28,1,0.05607437289867955
2013-01-29,1,0.08258506079357618
2013-01-30,1,-0.083700415066312
2013-01-31,1,0.09763244863747429
2013-02-01,1,0.052714234138945965
2013-02-04,1,0.07333810393509245
2013-02-05,1,-0.05245598005197
2013-02-06,1,-0.014443887833304565
2013-02-07,1,0.013222851785393272
2013-02-08,1,-0.02525241601710136
2013-02-11,1,-0.01894036136809243
2013-02-12,1,0.016336112104681055
2013-02-13,1,-0.05537245851242655
2013-02-14,1,0.10136476719499182
2013-02-15,1,-0.060190377117860926
2013-02-19,1,0.033535700342010505
2013-02-20,1,-0.010205136454449206
2013-02-21,1,0.09881770691243084
2013-02-22,1,-0.02048709267986879
2013-02-25,1,0.20491102641584424
2013-02-26,1,0.14563750644988596
2013-02-27,1,0.19302575677326383
2013-02-28,1,0.21980088450516252
2013-03-01,1,0.27178141590804095
2013-03-04,1,0.07012081801509103
2013-03-05,1,-0.1504683877801691
2013-03-06,1,-0.12148120517177177
2013-03-07,1,-0.05991464786183823
2013-03-08,1,-0.012318264381511748
2013-03-11,1,-0.07253979867740469
2013-03-12,1,0.04988419460776957
2013-03-13,1,0.026930341584869465
2013-03-14,1,-0.1796707336397663
2013-03-15,1,0.04455977124030328
2013-03-18,1,0.12699751247395613
2013-03-19,1,0.1840310653406644
2013-03-20,1,0.032277722250586935
2013-03-21,1,0.11631695961699054
2013-03-22,1,0.014074740096925897
2013-03-25,1,0.15797064038595782
2013-03-26,1,-0.027338598474045624
2013-03-27,1,0.1206928014690753
2013-03-28,1,0.07881071464843396
2013-04-01,1,0.017457530642234
2013-04-02,1,-0.17548152738988115
2013-04-03,1,0.037244995964252216
2013-04-04,1,-0.012564173092727038
2013-04-05,1,0.1595450733515668
2013-04-08,1,-0.10515458420858205
2013-04-09,1,-0.03924749035438449
2013-04-10,1,0.05683741449641813
2013-04-11,1,-0.017483744636035223
2013-04-12,1,-0.1276624655968521
2013-04-15,1,0.24693399465107313
2013-04-16,1,0.04682617601613957
2013-04-17,1,-0.10698717414363208
2013-04-18,1,0.20582755654482995
2013-04-19,1,0.11311760029108836
2013-04-22,1,0.0508667184778218
2013-04-23,1,-0.04387065188199434
2013-04-24,1,-0.1452410507691644
2013-04-25,1,0.04260378542211575
2013-04-26,1,-0.09606799310105203
2013-04-29,1,-0.045041352153606044
2013-04-30,1,-0.024849593670544727
2013-05-01,1,0.10266085900390302
2013-05-02,1,-0.08495232114602204
2013-05-03,1,0.01321488644874282
2013-05-06,1,0.019874251857563044
2013-05-07,1,-0.15198834825306767
2013-05-08,1,-0.012711675486847731
2013-05-09,1,-0.017951527224705936
2013-05-10,1,0.08116147839586085
2013-05-13,1,0.05680280179279864
2013-05-14,1,0.0480233102770633
2013-05-15,1,-0.1286006266795006
2013-05-16,1,0.019464040127126218
2013-05-17,1,-0.19958094805983445
2013-05-20,1,-0.07178768675301307
2013-05-21,1,-0.032591736415710705
2013-05-22,1,0.028665003927476743
2013-05-23,1,0.017167625585742294
2013-05-24,1,0.11039990675935511
2013-05-28,1,-0.10978962039665269
2013-05-29,1,-0.039471451116900404
2013-05-30,1,0.051532749711346706
2013-05-31,1,-0.11311392305977107
2013-06-03,1,-0.058119821976024374
2013-06-04,1,-0.09779728034279497
2013-06-05,1,0.19717150768558234
2013-06-06,1,0.09936376785364355
2013-06-07,1,0.027993353142413958
2013-06-10,1,-0.025359997595295076
2013-06-11,1,0.0009859401306159307
2013-06-12,1,0.06938308075071124
2013-06-13,1,0.1163427391639649
2013-06-14,1,0.1324462145038263
2013-06-17,1,0.05652830395794034
2013-06-18,1,-6.171485347129913e-05
2013-06-19,1,-0.17356319043812513
2013-06-20,1,-0.17469219410453984
2013-06-21,1,-0.03936018862441143
2013-06-24,1,0.11951571606941687
2013-06-25,1,0.11206091765200625
2013-06-26,1,0.04597823878759095
2013-06-27,1,-0.12110503941719304
2013-06-28,1,0.08726994358691212
2013-07-01,1,0.03934873632210232
2013-07-02,1,0.006486025790364169
2013-07-03,1,0.13373935802913686
2013-07-05,1,-0.012266243954800504
2013-07-08,1,0.023657044491571466
2013-07-09,1,-0.17643853115208344
2013-07-10,1,-0.03201454687992235
2013-07-11,1,0.0990940301749142
2013-07-12,1,-0.05460379327773527
2013-07-15,1,-0.2148287495861728
2013-07-16,1,0.11294214888767062
2013-07-17,1,0.02872629475856095
2013-07-18,1,0.0818934491183987
2013-07-19,1,-0.0529516065146972
2013-07-22,1,-0.08809222204392042
2013-07-23,1,0.040797303527263254
2013-07-24,1,0.03659053899942232
2013-07-25,1,-0.026729404130639407
2013-07-26,1,-0.10209812239004243
2013-07-29,1,0.04073526676944418
2013-07-30,1,0.12968465039689342
2013-07-31,1,0.10045550256531252
2013-08-01,1,0.07858943962716286
2013-08-02,1,-0.02494170929626885
2013-08-05,1,-0.06042810745750677
2013-08-06,1,-0.03812539048485458
2013-08-07,1,0.025527302276523754
2013-08-08,1,0.0001517734978796979
2013-08-09,1,0.01145052051654285
2013-08-12,1,-0.013590987329694174
2013-08-13,1,-0.05651615049032677
2013-08-14,1,-0.15871730500387315
2013-08-15,1,0.18446758125243487
2013-08-16,1,-0.03271655089924475
2013-08-19,1,0.16113012126864673
2013-08-20,1,0.07844522487470003
2013-08-21,1,0.03691386571144072
2013-08-22,1,-0.12106542093297966
2013-08-23,1,-0.049162466894166854
2013-08-26,1,-0.11705951739752879
2013-08-27,1,0.11805572524834097
2013-08-28,1,0.17000046442702388
2013-08-29,1,-0.1432805589060007
2013-08-30,1,0.11400280342293176
2013-09-03,1,0.09157923559016087
2013-09-04,1,0.021626797137726524
2013-09-05,1,-0.07219074764418347
2013-09-06,1,0.023777719011275587
2013-09-09,1,0.15773753966416343
2013-09-10,1,-0.048540813343476784
2013-09-11,1,-0.023590590448422072
2013-09-12,1,0.03397352347186374
2013-09-13,1,0.018953174571466752
2013-09-16,1,0.016701550570924623
2013-09-17,1,-0.09725890425803739
2013-09-18,1,0.11325951036387256
2013-09-19,1,0.05499421927079822
2013-09-20,1,-0.06579129636368279
2013-09-23,1,0.15161413768732804
2013-09-24,1,0.09996638935109511
2013-09-25,1,0.1119403549985415
2013-09-26,1,0.05456295511883947
2013-09-27,1,0.1161278874615545
2013-09-30,1,0.1335463879309753
2013-10-01,1,-0.04925872273850778
2013-10-02,1,0.013114922731901664
2013-10-03,1,0.07417210920632113
2013-10-04,1,-0.18217511761640012
2013-10-07,1,-0.1618544942404109
2013-10-08,1,-0.019973609671259735
2013-10-09,1,0.2071371552132026
2013-10-10,1,0.035859589906580024
2013-10-11,1,0.03738659220645441
2013-10-14,1,-0.013167431778162533
2013-10-15,1,0.10188352261324522
2013-10-16,1,-0.014046471983206996
2013-10-17,1,0.11047922324213288
2013-10-18,1,-0.09400992013849539
2013-10-21,1,-0.0641831760702473
2013-10-22,1,-0.11956368972049508
2013-10-23,1,0.036483481604451515
2013-10-24,1,-0.04269071665496245
2013-10-25,1,-0.10636459673230869
2013-10-28,1,0.08835680324696724
2013-10-29,1,-0.11581105752855393
2013-10-30,1,0.09900002544662345
2013-10-31,1,-0.07289167258699694
2013-11-01,1,0.05410783866941884
2013-11-04,1,0.04939083393031025
2013-11-05,1,-0.17611176502680648
2013-11-06,1,-0.2621964390358967
2013-11-07,1,0.25377488577299634
2013-11-08,1,0.016068804668139335
2013-11-11,1,-0.005446638878392623
2013-11-12,1,0.10589082780471613
2013-11-13,1,-0.06837929739351253
2013-11-14,1,-0.006530607035210366
2013-11-15,1,-0.22994792117530308
2013-11-18,1,-0.15461175837684998
2013-11-19,1,-0.03540985439642109
2013-11-20,1,0.22695482287970603
2013-11-21,1,0.035901363278474686
2013-11-22,1,-0.07333829120239058
2013-11-25,1,0.25299351112969914
2013-11-26,1,-0.034176272702338834
2013-11-27,1,-0.05912727834399479
2013-11-29,1,0.05670479467429013
2013-12-02,1,-0.03307202355706075
2013-12-03,1,0.04541649796491465
2013-12-04,1,0.0769808262425703
2013-12-05,1,0.0683884291555794
2013-12-06,1,-0.0804569844768975
2013-12-09,1,0.012266641936310324
2013-12-10,1,-0.10147341047257054
2013-12-11,1,0.1843575710816975
2013-12-12,1,0.02111231837961055
2013-12-13,1,0.05565056616430375
2013-12-16,1,-0.00824064051373688
2013-12-17,1,0.0280314920057883
2013-12-18,1,-0.03122163225864978
2013-12-19,1,0.029144548096889492
2013-12-20,1,-0.02318820454554481
2013-12-23,1,-0.02211272582353529
2013-12-24,1,0.07035867175675539
2013-12-26,1,-0.2522169267655476
2013-12-27,1,-0.05275876038281699
2013-12-30,1,0.02647272803930484
2013-12-31,1,-0.07593248100081094
2014-01-02,1,0.019070230322352978
2014-01-03,1,-0.045482568614596895
2014-01-06,1,0.11691972166186622
2014-01-07,1,0.1209802597740128
2014-01-08,1,0.04853546003630648
2014-01-09,1,-0.013555080522591183
2014-01-10,1,-0.16075735909974154
2014-01-13,1,0.17109260983684652
2014-01-14,1,-0.08439339810729828
2014-01-15,1,0.019273370050833266
2014-01-16,1,-0.00924231707420076
2014-01-17,1,-0.024994098087599247
2014-01-21,1,0.12545268374436885
2014-01-22,1,-0.11084191161909361
2014-01-23,1,-0.17493569701701422
2014-01-24,1,-0.06542727067863138
2014-01-27,1,0.16384923934230836
2014-01-28,1,-0.02894917055635269
2014-01-29,1,0.12137292016417159
2014-01-30,1,0.054962412278221566
2014-01-31,1,-0.12028304674197057
2014-02-03,1,0.053198899153089944
2014-02-04,1,-0.017623810494041967
2014-02-05,1,0.025939565462314195
2014-02-06,1,0.06146768651143754
2014-02-07,1,-0.11244895236026758
2014-02-10,1,-0.021682617587135807
2014-02-11,1,0.09179608729054115
2014-02-12,1,0.1385279710344695
2014-02-13,1,-0.0646138193560607
2014-02-14,1,0.12534505041814878
2014-02-18,1,-0.029932664472768468
2014-02-19,1,0.14422329635432657
2014-02-20,1,0.04170067210910698
2014-02-21,1,0.03957086434266344
2014-02-24,1,-0.023434149842707922
2014-02-25,1,0.04510329737679728
2014-02-26,1,0.040725907161504996
2014-02-27,1,-0.01841933650509493
2014-02-28,1,-0.00860278252722326
2014-03-03,1,0.15577154497111192
2014-03-04,1,-0.06680762121786915
2014-03-05,1,-0.10842587860305289
2014-03-06,1,-0.05416021135402646
2014-03-07,1,-0.044487411953392474
2014-03-10,1,-0.03650614754989286
2014-03-11,1,0.010169843391977204
2014-03-12,1,-0.016619678372271462
2014-03-13,1,0.04742857783194276
2014-03-14,1,0.05914806253666772
2014-03-17,1,0.08355255967646158
2014-03-18,1,-0.07371984909288078
2014-03-19,1,-0.024043733019541717
2014-03-20,1,-0.19775289153105402
2014-03-21,1,-0.1760014848488886
2014-03-24,1,0.057541384948113235
2014-03-25,1,-0.07570513632965395
2014-03-26,1,0.01955437002414662
2014-03-27,1,-0.004273477735449486
2014-03-28,1,0.10045640605990601
2014-03-31,1,0.16028205587864952
2014-04-01,1,-0.055457276178653564
2014-04-02,1,-0.19078921924471254
2014-04-03,1,-0.21357238262155664
2014-04-04,1,-0.24041234578010545
2014-04-07,1,0.09484983711204568
2014-04-08,1,0.23390416282935747
2014-04-09,1,-0.23889807570429997
2014-04-10,1,-0.014016747573031214
2014-04-11,1,-0.030498477333287262
2014-04-14,1,0.044583890583864236
2014-04-15,1,0.25186777596452053
2014-04-16,1,0.06953857286642597
2014-04-17,1,0.0735318200840006
2014-04-21,1,0.13304445115642566
2014-04-22,1,-0.05655621652374171
2014-04-23,1,-0.040531735247103295
2014-04-24,1,-0.22554935565164452
2014-04-25,1,-0.17182428241821246
2014-04-28,1,0.11581821643397971
2014-04-29,1,0.13190899413717833
2014-04-30,1,0.07266942946167051
2014-05-01,1,0.05233226053884201
2014-05-02,1,0.05575712744225745
2014-05-05,1,-0.08100139532983931
2014-05-06,1,0.015811207916852074
2014-05-07,1,-0.13028139037892925
2014-05-08,1,-0.06532932002136699
2014-05-09,1,0.11508295808058716
2014-05-12,1,-0.06428571486672913
2014-05-13,1,-0.05470838079515887
2014-05-14,1,-0.1152278093234275
2014-05-15,1,0.006608383096313156
2014-05-16,1,0.11898009648728242
2014-05-19,1,0.007345692631941489
2014-05-20,1,0.19141018728047315
2014-05-21,1,-0.009339746134476103
2014-05-22,1,0.09076827085643556
2014-05-23,1,0.022752041495038133
2014-05-27,1,0.05672636004064663
2014-05-28,1,0.06522110489785149
2014-05-29,1,0.0035555406163273436
2014-05-30,1,0.16689148686064992
2014-06-02,1,0.0902378472008917
2014-06-03,1,0.14958671320187888
2014-06-04,1,-0.061552966928716694
2014-06-05,1,-0.06016262320023186
2014-06-06,1,-0.13365303451862284
2014-06-09,1,-0.02266585933414853
2014-06-10,1,0.017236971315750603
2014-06-11,1,-0.1250430486297616
2014-06-12,1,-0.01625781404862195
2014-06-13,1,0.012962257041954492
2014-06-16,1,-0.03014853769991826
2014-06-17,1,0.04094125457538887
2014-06-18,1,-0.047538903056459254
2014-06-19,1,0.13524069040824804
2014-06-20,1,-0.01818017782117063
2014-06-23,1,-0.07448788724511927
2014-06-24,1,0.13031172916836573
2014-06-25,1,0.03424399477004569
2014-06-26,1,-0.12862919315572324
2014-06-27,1,-0.0016935852070655835
2014-06-30,1,0.05891054584296552
2014-07-01,1,-0.005544519270460187
2014-07-02,1,-0.0005478727014351186
2014-07-03,1,0.04051134937019656
2014-07-07,1,-0.006087940833602142
2014-07-08,1,0.2014409339731088
2014-07-09,1,0.07838778361143792
2014-07-10,1,0.044322694978834454
2014-07-11,1,0.05803447264312534
2014-07-14,1,-0.05804865459066212
2014-07-15,1,-0.020015734645596726
2014-07-16,1,-0.08270344567600092
2014-07-17,1,0.1641475866034
2014-07-18,1,0.011302958552299217
2014-07-21,1,0.06393118360914384
2014-07-22,1,0.035079413778967956
2014-07-23,1,0.07365640323295389
2014-07-24,1,-0.020639537122039184
2014-07-25,1,-0.003927721346030919
2014-07-28,1,-0.052423282791123654
2014-07-29,1,-0.07663394367879584
2014-07-30,1,-0.24541179864267246
2014-07-31,1,0.12602867986438127
2014-08-01,1,0.11667481270052243
2014-08-04,1,-0.13496850909075975
2014-08-05,1,-0.07351099726690327
2014-08-06,1,0.019049653302778313
2014-08-07,1,0.03170892149641427
2014-08-08,1,0.011894053368156342
2014-08-11,1,0.04874437040448652
2014-08-12,1,0.2243511467224411
2014-08-13,1,-0.0314764227165448
2014-08-14,1,0.1075935139126267
2014-08-15,1,0.0734139407516008
2014-08-18,1,0.02933670250663207
2014-08-19,1,0.09675716285290879
2014-08-20,1,-0.1288229283814201
2014-08-21,1,0.04690510559568905
2014-08-22,1,0.0898256518078301
2014-08-25,1,-0.11831472446766865
2014-08-26,1,0.036494605718795974
2014-08-27,1,0.08393867153885422
2014-08-28,1,-0.022554703393344554
2014-08-29,1,0.068670298965259
2014-09-02,1,0.114506489882235
2014-09-03,1,-0.0037603449120101064
2014-09-04,1,0.06916038780730555
2014-09-05,1,0.008307932476543467
2014-09-08,1,0.029382116625920617
2014-09-09,1,0.05038251748024911
2014-09-10,1,-0.04825712570425166
2014-09-11,1,-0.04653738113777743
2014-09-12,1,-0.008966055054721232
2014-09-15,1,0.28357199744138484
2014-09-16,1,0.025042739316246093
2014-09-17,1,0.08902602488380841
2014-09-18,1,-0.00981837498469597
2014-09-19,1,0.00044224948925489975
2014-09-22,1,0.030191262758665665
2014-09-23,1,0.13606423149060537
2014-09-24,1,-0.05460513070507187
2014-09-25,1,0.12947531069420537
2014-09-26,1,0.059558198600144135
2014-09-29,1,0.058041213656288844
2014-09-30,1,-0.10890467648796359
2014-10-01,1,-0.12986558352540212
2014-10-02,1,0.13348777762299388
2014-10-03,1,-0.1034355324083046
2014-10-06,1,0.009404345394694586
2014-10-07,1,-0.00909362428608728
2014-10-08,1,0.0073525655511940055
2014-10-09,1,-0.11230764409210513
2014-10-10,1,-0.3031367459736016
2014-10-13,1,-0.12272425735200285
2014-10-14,1,-0.11359378186744672
2014-10-15,1,0.07071997056303482
2014-10-16,1,0.27714033090366696
2014-10-17,1,0.04892306103159753
2014-10-20,1,0.16138597594580695
2014-10-21,1,0.14116625243583728
2014-10-22,1,-0.0005991151796698212
2014-10-23,1,0.14302834902718636
2014-10-24,1,0.06335005006039825
2014-10-27,1,-0.14032811714366158
2014-10-28,1,0.10660386040361396
2014-10-29,1,-0.10058802571316984
2014-10-30,1,-0.0030629169215620456
2014-10-31,1,0.09833384103464528
2014-11-03,1,0.012891792762624185
2014-11-04,1,-0.08077651048487237
2014-11-05,1,0.0642638661564808
2014-11-06,1,-0.11783272659149072
2014-11-07,1,0.09195207034505255
2014-11-10,1,0.011680239784223185
2014-11-11,1,-0.08013520683548604
2014-11-12,1,0.17480179460530834
2014-11-13,1,-0.06552334451680049
2014-11-14,1,0.12909057360356482
2014-11-17,1,0.14937767389568193
2014-11-18,1,0.08975445085088612
2014-11-19,1,-0.16762178076434167
2014-11-20,1,-0.1252948118153861
2014-11-21,1,-0.013693027903047507
2014-11-24,1,0.1144092564629268
2014-11-25,1,0.16311552606082683
2014-11-26,1,0.14968690263751278
2014-11-28,1,0.046316347183206916
2014-12-01,1,0.11147344532286688
2014-12-02,1,-0.016279587277285026
2014-12-03,1,0.18794672968461945
2014-12-04,1,-0.07130579724271577
2014-12-05,1,0.055975863881717894
2014-12-08,1,-0.16459760893125558
2014-12-09,1,0.13059905185244158
2014-12-10,1,0.05019977049332911
2014-12-11,1,0.015396443429749176
2014-12-12,1,0.03754831752099895
2014-12-15,1,-0.18026005422583413
2014-12-16,1,-0.12447135495968491
2014-12-17,1,0.03621785559767286
2014-12-18,1,-0.16557351659591082
2014-12-19,1,0.09916494821976869
2014-12-22,1,-0.07785092249775519
2014-12-23,1,0.16588623286373444
2014-12-24,1,-0.03570917904736263
2014-12-26,1,-0.03873206861578604
2014-12-29,1,0.01818992560840529
2014-12-30,1,-0.050326653523189435
2014-12-31,1,0.08834833146259038
2015-01-02,1,0.07306666861461668
2015-01-05,1,0.11647423006518834
2015-01-06,1,0.13729805919305094
2015-01-07,1,0.10316633146940202
2015-01-08,1,0.07640252221945976
2015-01-09,1,0.006491450162351698
2015-01-12,1,0.011076854148544557
2015-01-13,1,0.03173094664927898
2015-01-14,1,0.21228257499163067
2015-01-15,1,0.03681555723692636
2015-01-16,1,0.20297240028685073
2015-01-20,1,-0.025757120025478652
2015-01-21,1,0.07260082490609003
2015-01-22,1,0.08143733589283818
2015-01-23,1,-0.08950389264647071
2015-01-26,1,-0.026434445847512613
2015-01-27,1,0.13220546169632744
2015-01-28,1,0.05019864609658458
2015-01-29,1,-0.05175744835132733
2015-01-30,1,-0.1214453221752553
2015-02-02,1,-0.2476584509428693
2015-02-03,1,0.13955918378751178
2015-02-04,1,-0.19206300375493301
2015-02-05,1,-0.11768757070016349
2015-02-06,1,-0.1450303525459857
2015-02-09,1,0.27448673822231867
2015-02-10,1,0.021687342997173266
2015-02-11,1,-0.07947465364134536
2015-02-12,1,-0.19249081221839745
2015-02-13,1,-0.02737682735728803
2015-02-17,1,0.04536140551828859
2015-02-18,1,-0.022134019101574913
2015-02-19,1,0.18648649197600492
2015-02-20,1,0.23105276483973794
2015-02-23,1,-0.03302753888941407
2015-02-24,1,-0.12866800175952103
2015-02-25,1,0.03785450198375654
2015-02-26,1,-0.0053016205325651065
2015-02-27,1,0.1339829133101622
2015-03-02,1,0.0377307805181502
2015-03-03,1,0.04984188958221427
2015-03-04,1,0.02559419958931594
2015-03-05,1,-0.0013047113311037584
2015-03-06,1,0.19149542680069567
2015-03-09,1,0.0879891993127686
2015-03-10,1,-0.018722402617034572
2015-03-11,1,0.02535134774597434
2015-03-12,1,0.14107877198902571
2015-03-13,1,0.23837578795709577
2015-03-16,1,0.033650684917978776
2015-03-17,1,-0.10593816074279201
2015-03-18,1,0.12321773883201902
2015-03-19,1,-0.0858561735883844
2015-03-20,1,-0.19496566801028645
2015-03-23,1,-0.10680757121808136
2015-03-24,1,-0.027130125592378537
2015-03-25,1,0.06495564158474804
2015-03-26,1,0.20341899481511624
2015-03-27,1,0.09065647853621359
2015-03-30,1,-0.04164727406758394
2015-03-31,1,-0.04353351612938578
2015-04-01,1,-0.190510358354049
2015-04-02,1,-0.2622315454773698
2015-04-06,1,-0.11351632892647612
2015-04-07,1,0.20378462564784455
2015-04-08,1,-0.07293364061654306
2015-04-09,1,0.09707203938536804
2015-04-10,1,-0.0726625583404584
2015-04-13,1,-0.1698896742369479
2015-04-14,1,-0.29784001567585183
2015-04-15,1,0.11731912024128634
2015-04-16,1,0.12318401645697147
2015-04-17,1,0.06334922636795685
2015-04-20,1,0.23740482377492447
2015-04-21,1,-0.0215409332601997
2015-04-22,1,-0.10451682205118604
2015-04-23,1,0.09816062208103604
2015-04-24,1,-0.18573187558613058
2015-04-27,1,-0.1384856376408701
2015-04-28,1,-0.11389073064396053
2015-04-29,1,-0.051041273799392016
2015-04-30,1,0.2152310589918556
2015-05-01,1,-0.048970977646586956
2015-05-04,1,-0.05397896649366086
2015-05-05,1,0.09228704674956639
2015-05-06,1,0.10903318884274245
2015-05-07,1,0.0647964762688268
2015-05-08,1,-0.005974953251329924
2015-05-11,1,-0.03679859398933511
2015-05-12,1,-0.03242031532117283
2015-05-13,1,0.14118111407565873
2015-05-14,1,-0.012366547489758323
2015-05-15,1,0.15278114006220675
2015-05-18,1,0.1887075158411046
2015-05-19,1,-0.06084537840161366
2015-05-20,1,-0.09875184387718101
2015-05-21,1,0.06972230015936864
2015-05-22,1,0.14851342983678206
2015-05-26,1,0.09601165392005837
2015-05-27,1,0.06656944793329275
2015-05-28,1,0.10410030564270105
2015-05-29,1,0.09611053376113804
2015-06-01,1,-0.18747749025219823
2015-06-02,1,-0.06454080670724024
2015-06-03,1,0.06721736857044218
2015-06-04,1,-0.015942383214864648
2015-06-05,1,0.048674749243653274
2015-06-08,1,0.040200169003192426
2015-06-09,1,-0.058255910822568174
2015-06-10,1,0.09446293346499249
2015-06-11,1,0.04605917244504331
2015-06-12,1,0.06142974960741784
2015-06-15,1,0.06925171085427581
2015-06-16,1,0.008249771154613391
2015-06-17,1,0.12878777070554234
2015-06-18,1,0.0970020307565659
2015-06-19,1,0.07692310932892266
2015-06-22,1,-0.13729364992776355
2015-06-23,1,0.03800604095125867
2015-06-24,1,0.19958581616206233
2015-06-25,1,0.0012090854980765474
2015-06-26,1,0.12484017752279516
2015-06-29,1,0.2012488371977163
2015-06-30,1,0.22647134545560588
2015-07-01,1,0.05392355337235949
2015-07-02,1,0.2651471683014499
2015-07-06,1,0.04743482099730175
2015-07-07,1,0.1617150938341718
2015-07-08,1,0.046489624527609394
2015-07-09,1,0.24000362234644554
2015-07-10,1,-0.026554539084096378
2015-07-13,1,-0.008951838759415883
2015-07-14,1,0.16327122006375994
2015-07-15,1,0.14621747564329887
2015-07-16,1,0.19587508417727267
2015-07-17,1,0.2323066242074048
2015-07-20,1,-0.03469848056808102
2015-07-21,1,0.21599036443630573
2015-07-22,1,-0.018250367550321295
2015-07-23,1,0.1591651365030321
2015-07-24,1,-0.009874234838931255
2015-07-27,1,-0.0694740633279055
2015-07-28,1,-0.11184118196169801
2015-07-29,1,0.037940793042463714
2015-07-30,1,0.09350756379341552
2015-07-31,1,0.16662190905327015
2015-08-03,1,0.10370139268919017
2015-08-04,1,0.06982821466555088
2015-08-05,1,-0.20717432412124734
2015-08-06,1,0.09992771119787366
2015-08-07,1,-0.20360255395224866
2015-08-10,1,0.17223949271776143
2015-08-11,1,-0.06462386352351927
2015-08-12,1,0.2976285473087094
2015-08-13,1,0.033387331690242
2015-08-14,1,0.14246019651439884
2015-08-17,1,0.11595384309183474
2015-08-18,1,0.11654536650330441
2015-08-19,1,0.023229758606290833
2015-08-20,1,-0.09825979480608744
2015-08-21,1,-0.043263224084989366
2015-08-24,1,0.14131293994312985
2015-08-25,1,0.04184113789355944
2015-08-26,1,-0.17640775534410302
2015-08-27,1,-0.2651954666403929
2015-08-28,1,-0.28907021465209226
2015-08-31,1,0.19846181414337336
2015-09-01,1,0.20903698552869998
2015-09-02,1,-0.05053606559057197
2015-09-03,1,0.1279036969421924
2015-09-04,1,0.048353833965069176
2015-09-08,1,0.06382896364509495
2015-09-09,1,0.09317686568538082
2015-09-10,1,0.18366427456345463
2015-09-11,1,0.09244949339074522
2015-09-14,1,-0.12158856158275802
2015-09-15,1,-0.23614439000535453
2015-09-16,1,0.2299719141442907
2015-09-17,1,0.1672804655622141
2015-09-18,1,0.18530239134622836
2015-09-21,1,0.17096887699477437
2015-09-22,1,0.35719003435143376
2015-09-23,1,-0.16409624997210617
2015-09-24,1,0.06802708512739523
2015-09-25,1,-0.03742434117013246
2015-09-28,1,-0.055216214872668895
2015-09-29,1,0.07552664799012632
2015-09-30,1,0.22968607308340014
2015-10-01,1,-0.22600891747529794
2015-10-02,1,-0.2617551196227004
2015-10-05,1,-0.314903850936657
2015-10-06,1,-0.09292718853114464
2015-10-07,1,-0.21930301172878927
2015-10-08,1,0.06783703599607574
2015-10-09,1,0.3551946511798593
2015-10-12,1,0.0019194178892488183
2015-10-13,1,-0.07840542867598163
2015-10-14,1,0.06952082515235221
2015-10-15,1,0.22439876739084733
2015-10-16,1,0.15523291232419012
2015-10-19,1,-0.1516353371707452
2015-10-20,1,0.1413543202150716
2015-10-21,1,0.009387468694735803
2015-10-22,1,0.0271536026466297
2015-10-23,1,0.2148253150595769
2015-10-26,1,0.24717046886676627
2015-10-27,1,-0.09162302505618845
2015-10-28,1,-0.01587890040626358
2015-10-29,1,-0.025049007371408933
2015-10-30,1,-0.2544056923872067
2015-11-02,1,-0.17407153997744762
2015-11-03,1,0.0881768145014069
2015-11-04,1,0.04235420016313302
2015-11-05,1,-0.024131350080851023
2015-11-06,1,0.14890941948700678
2015-11-09,1,0.1489732422078088
2015-11-10,1,0.22131502979856985
2015-11-11,1,0.11714923694536294
2015-11-12,1,-0.023445995122737852
2015-11-13,1,-0.06810923331808548
2015-11-16,1,0.23861160068197526
2015-11-17,1,-0.04348648380575668
2015-11-18,1,0.027559521449631055
2015-11-19,1,0.06103279818698006
2015-11-20,1,0.046233948020088025
2015-11-23,1,-0.20008349617876317
2015-11-24,1,-0.08995445974709401
2015-11-25,1,0.15334788956837742
2015-11-27,1,-0.14560653537741008
2015-11-30,1,0.10059360135709866
2015-12-01,1,0.08893707778450091
2015-12-02,1,-0.015175407769870175
2015-12-03,1,0.2286076715555024
2015-12-04,1,0.11346917266344124
2015-12-07,1,0.17500052019203133
2015-12-08,1,-0.25095569805461776
2015-12-09,1,-0.14126161472331564
2015-12-10,1,0.06681011717820677
2015-12-11,1,0.22113561819318392
2015-12-14,1,0.024330799210004223
2015-12-15,1,-0.07347344709598537
2015-12-16,1,0.008019357315594295
2015-12-17,1,-0.15348240317636
2015-12-18,1,-0.03905270348924918
2015-12-21,1,-0.2078695452800777
2015-12-22,1,-0.18116296629409537
2015-12-23,1,-0.035983214734738006
2015-12-24,1,0.2253405811227868
2015-12-28,1,0.05177016862720093
2015-12-29,1,0.06770829166954587
2015-12-30,1,-0.09917929591158207
2015-12-31,1,-0.23438421695529224
2016-01-04,1,0.12932580744715932
2016-01-05,1,0.25726417547649433
2016-01-06,1,0.18423294526407974
2016-01-07,1,0.02610210117132108
2016-01-08,1,0.19399273242974135
2016-01-11,1,0.185770861115034
2016-01-12,1,0.0118209625401257
2016-01-13,1,-0.06507283234462838
2016-01-14,1,0.05992836809515061
2016-01-15,1,0.16385846712810712
2016-01-19,1,-0.059076487185258215
2016-01-20,1,-0.28579250232060993
2016-01-21,1,0.05629613946787926
2016-01-22,1,0.1163750580395384
2016-01-25,1,-0.19627317345294049
2016-01-26,1,-0.02595526272061704
2016-01-27,1,0.061835044669273996
2016-01-28,1,-0.09947049396199505
2016-01-29,1,0.01085153042211939
2016-02-01,1,0.12657848983939443
2016-02-02,1,-0.24013692532739164
2016-02-03,1,-0.2617770245674136
2016-02-04,1,-0.09347137379171401
2016-02-05,1,0.059110650076663454
2016-02-08,1,0.22525903262153085
2016-02-09,1,0.10322915334919873
2016-02-10,1,0.12262677399439581
2016-02-11,1,-0.09536483942379886
2016-02-12,1,-0.18401151705073077
2016-02-16,1,-0.17766306020262884
2016-02-17,1,-0.036829882250838344
2016-02-18,1,0.22741247162704342
2016-02-19,1,-0.16212039326914454
2016-02-22,1,0.12590076965067049
2016-02-23,1,0.0059886486623876205
2016-02-24,1,0.046256496889321166
2016-02-25,1,-0.2052645172358551
2016-02-26,1,-0.19981331590780455
2016-02-29,1,-0.034973250691631576
2016-03-01,1,-0.23645804617174312
2016-03-02,1,-0.28259643323658923
2016-03-03,1,-0.07122458638546701
2016-03-04,1,-0.341598841533647
2016-03-07,1,0.30980167418721893
2016-03-08,1,-0.0316361890530322
2016-03-09,1,0.10190088455037143
2016-03-10,1,-0.22544543227285757
2016-03-11,1,0.016616946368318043
2016-03-14,1,0.3467665647514233
2016-03-15,1,-0.11941626387760959
2016-03-16,1,-0.2139005339998363
2016-03-17,1,-0.23377983488577334
2016-03-18,1,0.00626043212539575
2016-03-21,1,0.13953802243602428
2016-03-22,1,0.3887566051751041
2016-03-23,1,-0.1255396730654681
2016-03-24,1,0.10999475658620864
2016-03-28,1,-0.11914945787927471
2016-03-29,1,0.03187877360046809
2016-03-30,1,-0.13047179129286568
2016-03-31,1,0.21577825960342456
2016-04-01,1,0.1174715358173084
2016-04-04,1,0.09146737236908878
2016-04-05,1,-0.06309692793385532
2016-04-06,1,0.13643456523540237
2016-04-07,1,-0.05138691886208939
2016-04-08,1,-0.15230684564151867
2016-04-11,1,-0.11453294996201574
2016-04-12,1,-0.29798269468937233
2016-04-13,1,0.009014987398590909
2016-04-14,1,-0.007015434574330427
2016-04-15,1,0.050242165267636224
2016-04-18,1,-0.07324812819904669
2016-04-19,1,-0.19126828057206252
2016-04-20,1,-0.07276032273616223
2016-04-21,1,-0.18814013444249109
2016-04-22,1,0.25892135474186345
2016-04-25,1,-0.2103182323143795
2016-04-26,1,-0.04010368799298534
2016-04-27,1,0.018036132624407477
2016-04-28,1,0.12462978907203615
2016-04-29,1,0.19685581866072832
2016-05-02,1,0.17403358455181686
2016-05-03,1,0.1637841117042782
2016-05-04,1,0.14211775605266538
2016-05-05,1,-0.019216817883192763
2016-05-06,1,0.11964638714126534
2016-05-09,1,-0.12850575459358454
2016-05-10,1,0.11144897473426703
2016-05-11,1,0.2457658119850976
2016-05-12,1,0.1422998636502596
2016-05-13,1,-0.01798615004195798
2016-05-16,1,-0.17958577469395604
2016-05-17,1,0.07767772206832889
2016-05-18,1,0.04232846734836589
2016-05-19,1,-0.19775447621926592
2016-05-20,1,0.021132800176925922
2016-05-23,1,0.04347327407706393
2016-05-24,1,-0.2742665071799888
2016-05-25,1,0.16950511294841153
2016-05-26,1,-0.14204728922358137
2016-05-27,1,-0.13542161248214565
2016-05-31,1,-0.03701421260885232
2016-06-01,1,-0.1374864648238917
2016-06-02,1,0.07896469164524995
2016-06-03,1,-0.18133207281958003
2016-06-06,1,0.0011100039537078942
2016-06-07,1,0.05933656370063096
2016-06-08,1,0.28681141872722454
2016-06-09,1,0.23075529531606312
2016-06-10,1,0.12256031790462225
2016-06-13,1,0.17875713152882064
2016-06-14,1,-0.12645545858177204
2016-06-15,1,0.08778220846137608
2016-06-16,1,-0.26862885556715593
2016-06-17,1,-0.0051727472136820635
2016-06-20,1,0.1849118794078342
2016-06-21,1,0.13287334052077618
2016-06-22,1,-0.22077871843268518
2016-06-23,1,0.16895892353297634
2016-06-24,1,0.31682416512625927
2016-06-27,1,-0.020464274412505982
2016-06-28,1,-0.13933277128305627
2016-06-29,1,0.042176639660680706
2016-06-30,1,-0.1827769949511393
2016-07-01,1,0.34172372944094914
2016-07-05,1,0.010068076323687255
2016-07-06,1,-0.12131017396382404
2016-07-07,1,-0.20906266574347868
2016-07-08,1,-0.09567002617479971
2016-07-11,1,-0.25777703946947306
2016-07-12,1,0.049260189326762474
2016-07-13,1,-0.06431736509206666
2016-07-14,1,0.03549946643482637
2016-07-15,1,-0.15171988544633355
2016-07-18,1,0.13225837007481375
2016-07-19,1,-0.1067690532741906
2016-07-20,1,-0.03870443445991145
2016-07-21,1,0.07670440395105256
2016-07-22,1,-0.029572861006928835
2016-07-25,1,-0.049748769189647955
2016-07-26,1,0.040922800174695476
2016-07-27,1,0.07652898863100883
2016-07-28,1,0.029365150662604974
2016-07-29,1,0.07962196335258169
2016-08-01,1,0.13666831005339689
2016-08-02,1,-0.21313230231542618
2016-08-03,1,0.08916703716604822
2016-08-04,1,-0.1707589011909307
2016-08-05,1,-0.090336768719928
2016-08-08,1,0.14020673055416116
2016-08-09,1,0.07990017600667194
2016-08-10,1,-0.11968211416318637
2016-08-11,1,-0.06461754938478217
2016-08-12,1,-0.10700435986013566
2016-08-15,1,-0.048380729324123545
2016-08-16,1,0.10540355543494989
2016-08-17,1,0.060089255777510994
2016-08-18,1,-0.1094688077308395
2016-08-19,1,0.07569818364131442
2016-08-22,1,-0.11438548523476692
2016-08-23,1,0.004009094358738105
2016-08-24,1,0.1300647084202218
2016-08-25,1,0.0039071411711699535
2016-08-26,1,-0.02380799470541906
2016-08-29,1,-0.09631670024928508
2016-08-30,1,-0.012179864925279523
2016-08-31,1,0.1327483809890957
2016-09-01,1,0.004027604780303948
2016-09-02,1,0.09457371516523047
2016-09-06,1,-0.12639491921423426
2016-09-07,1,-0.07647241920582894
2016-09-08,1,-0.06864239999274711
2016-09-09,1,0.0324571209858015
2016-09-12,1,-0.035946031163430085
2016-09-13,1,0.13600948251431397
2016-09-14,1,0.08187730788486523
2016-09-15,1,0.04641921735071605
2016-09-16,1,0.061301495623526166
2016-09-19,1,0.12412302696751615
2016-09-20,1,0.19529964532494926
2016-09-21,1,-0.05309897916520609
2016-09-22,1,-0.1649428783639612
2016-09-23,1,0.1159744293335462
2016-09-26,1,0.03637654327509202
2016-09-27,1,0.07113307857234702
2016-09-28,1,0.02722043697048366
2016-09-29,1,-0.07946056060602998
2016-09-30,1,0.06920614378057115
2016-10-03,1,-0.10211682260648498
2016-10-04,1,-0.1114697618880202
2016-10-05,1,0.11014016600836003
2016-10-06,1,0.045426963134272684
2016-10-07,1,-0.003654572335934248
2016-10-10,1,0.021792292511548166
2016-10-11,1,0.13176548481368902
2016-10-12,1,0.057274242872511046
2016-10-13,1,0.02022548740082783
2016-10-14,1,0.12286221513728292
2016-10-17,1,-0.03552882572437714
2016-10-18,1,-0.030037577580213914
2016-10-19,1,-0.027331417250121108
2016-10-20,1,-0.06326218223233136
2016-10-21,1,0.024165878199866205
2016-10-24,1,0.02351796595125469
2016-10-25,1,-0.1037696961136518
2016-10-26,1,-0.0235038653018697
2016-10-27,1,0.023744235709710192
2016-10-28,1,0.05471346629548015
2016-10-31,1,-0.007002628500786042
2016-11-01,1,-0.03563711890419201
2016-11-02,1,0.09671549023918673
2016-11-03,1,-0.003460465914911817
2016-11-04,1,0.05987851771969315
2016-11-07,1,0.03830479177773458
2016-11-08,1,-0.08385510743835281
2016-11-09,1,-0.17528405730623678
2016-11-10,1,-0.022834856958863444
2016-11-11,1,-0.08352370358140114
2016-11-14,1,0.13891517699556305
2016-11-15,1,0.021934913911520297
2016-11-16,1,0.0038512492053274653
2016-11-17,1,0.022453270798896793
2016-11-18,1,0.013199282916133525
2016-11-21,1,0.026074907339863836
2016-11-22,1,0.0063296063369761265
2016-11-23,1,-0.07039517398489253
2016-11-25,1,0.02193138042457175
2016-11-28,1,0.06730246735206469
2016-11-29,1,-0.010790124974419363
2016-11-30,1,-0.0627262570584526
2016-12-01,1,0.10045239463743036
2016-12-02,1,-0.09178967712835409
2016-12-05,1,-0.12311452601320247
2016-12-06,1,-0.1419608389272624
2016-12-07,1,-0.14371260950080927
2016-12-08,1,-0.17408824096326592
2016-12-09,1,0.03219782721816104
2016-12-12,1,-0.03308624664655529
2016-12-13,1,0.028715879256840365
2016-12-14,1,0.067511025668571
2016-12-15,1,-0.18160208689700028
2016-12-16,1,0.036655618976305024
2016-12-19,1,0.13526672615422694
2016-12-20,1,-0.03386290194641318
2016-12-21,1,-0.03263153087005521
2016-12-22,1,0.003742301332116108
2016-12-23,1,-0.003263805846910034
2016-12-27,1,-0.036992812569101016
2016-12-28,1,-0.004504109871009833
2016-12-29,1,-0.1252851683097524
2016-12-30,1,-0.07124518785749202
2017-01-03,1,-0.01456456042990244
2017-01-04,1,-0.13009290492872438
2017-01-05,1,-0.10367306827886558
2017-01-06,1,-0.09400395042713816
2017-01-09,1,0.2676585257836186
2017-01-10,1,-0.06726830566987183
2017-01-11,1,-0.09508540403167758
2017-01-12,1,0.06890209091647867
2017-01-13,1,-0.1661474741505885
2017-01-17,1,0.1393401137747852
2017-01-18,1,-0.04762937279961515
2017-01-19,1,-0.013701565395485098
2017-01-20,1,-0.022846684540269533
2017-01-23,1,0.12928984620095127
2017-01-24,1,0.043006370776201355
2017-01-25,1,0.011129807438357972
2017-01-26,1,0.06500742733277337
2017-01-27,1,-0.14929250665178112
2017-01-30,1,0.037206060800479446
2017-01-31,1,0.1086805147289877
2017-02-01,1,-0.06109779767805304
2017-02-02,1,0.06383873841118512
2017-02-03,1,-0.06087533767716669
2017-02-06,1,0.031892292405897714
2017-02-07,1,-0.14049496883562007
2017-02-08,1,0.0416994321009224
2017-02-09,1,0.0059703417997239525
2017-02-10,1,0.038442277700954146
2017-02-13,1,-0.04333758661429057
2017-02-14,1,-0.010531547408119162
2017-02-15,1,0.00020411396194211628
2017-02-16,1,-0.038647323243833874
2017-02-17,1,0.04329288100361398
2017-02-21,1,0.01966508213951622
2017-02-22,1,-0.13523449223445247
2017-02-23,1,-0.03358724305324459
2017-02-24,1,0.09296409616054511
2017-02-27,1,-0.012247651146758846
2017-02-28,1,0.27832480538236626
2017-03-01,1,-0.15709310789030437
2017-03-02,1,0.15237587589040408
2017-03-03,1,0.03474940344854361
2017-03-06,1,0.05767064639988051
2017-03-07,1,-0.18877725978387472
2017-03-08,1,-0.10893030767975787
2017-03-09,1,0.00878928302306425
2017-03-10,1,0.12703355645503314
2017-03-13,1,-0.03808564649891746
2017-03-14,1,0.189390403900436
2017-03-15,1,-0.05819306054937577
2017-03-16,1,0.04891453220740494
2017-03-17,1,0.14914257765688363
2017-03-20,1,-0.16761803288570085
2017-03-21,1,0.10009459884531026
2017-03-22,1,0.056853921734493565
2017-03-23,1,0.0355380015262545
2017-03-24,1,-0.044994775673666665
2017-03-27,1,0.03300411755802999
2017-03-28,1,-0.0736685916545307
2017-03-29,1,0.06146482597823109
2017-03-30,1,-0.0012773041814681165
2017-03-31,1,0.04438604885782416
2017-04-03,1,0.12907663179175283
2017-04-04,1,-0.07399136940459852
2017-04-05,1,0.03129571434934151
2017-04-06,1,0.009766331600981726
2017-04-07,1,-0.1568240915377301
2017-04-10,1,0.07107339784288748
2017-04-11,1,-0.11066423475975116
2017-04-12,1,-0.051283222178086216
2017-04-13,1,0.1098291157767982
2017-04-17,1,0.06634933113697411
2017-04-18,1,0.0050231441172536835
2017-04-19,1,0.046285587807753506
2017-04-20,1,-0.026366334549329726
2017-04-21,1,0.10272094836386425
2017-04-24,1,0.08378369417367054
2017-04-25,1,-0.030589327087799094
2017-04-26,1,0.07050610200607997
2017-04-27,1,0.032759524311774285
2017-04-28,1,0.17573906381899587
2017-05-01,1,-0.1487511300824501
2017-05-02,1,0.0502903559601336
2017-05-03,1,-0.035732839956006214
2017-05-04,1,-0.009074832395215063
2017-05-05,1,-0.0433719069463138
2017-05-08,1,0.02747761782930577
2017-05-09,1,0.086605895589062
2017-05-10,1,0.11806183949320913
2017-05-11,1,0.08351547749177593
2017-05-12,1,0.04832107281421311
2017-05-15,1,0.1954406711869825
2017-05-16,1,-0.21776143192478636
2017-05-17,1,0.14044964508003496
2017-05-18,1,-0.015264538142104945
2017-05-19,1,-0.005414467130049812
2017-05-22,1,0.1372684423112317
2017-05-23,1,0.014206814692587636
2017-05-24,1,0.017107865206023212
2017-05-25,1,0.09063326010969786
2017-05-26,1,-0.026447238074488497
2017-05-30,1,0.06922345667395943
2017-05-31,1,-0.07286106546575957
2017-06-01,1,0.11112824374618939
2017-06-02,1,-0.02490918879762676
2017-06-05,1,0.09302344479938457
2017-06-06,1,0.10959924786760579
2017-06-07,1,0.10846844026733664
2017-06-08,1,-0.1659229506022212
2017-06-09,1,-0.16959594157032623
2017-06-12,1,0.09429940053100233
2017-06-13,1,-0.1638652061806467
2017-06-14,1,0.0689353834901654
2017-06-15,1,0.06080718311141948
2017-06-16,1,0.10300458828997937
2017-06-19,1,0.06392622749254966
2017-06-20,1,0.13128969616886513
2017-06-21,1,-0.08719273340670801
2017-06-22,1,-0.03185226426118618
2017-06-23,1,-0.14318977314092227
2017-06-26,1,-0.19210586543930136
2017-06-27,1,0.15823542130309784
2017-06-28,1,-0.15715509985122297
2017-06-29,1,0.026778776302437364
2017-06-30,1,-0.14776490668596373
2017-07-03,1,0.27615374366372897
2017-07-05,1,0.16934996983811546
2017-07-06,1,0.23972006934060022
2017-07-07,1,0.16147966659206225
2017-07-10,1,0.04880173233167962
2017-07-11,1,0.10840821325333826
2017-07-12,1,-0.14463613436981707
2017-07-13,1,-0.01736681485596504
2017-07-14,1,-0.045262567422556646
2017-07-17,1,0.11175556191050111
2017-07-18,1,-0.0931881416591092
2017-07-19,1,-0.07423772724757688
2017-07-20,1,0.06042860287944619
2017-07-21,1,0.20843360337762726
2017-07-24,1,-0.1863578319464067
2017-07-25,1,-0.013206079474184573
2017-07-26,1,-0.1651945874187924
2017-07-27,1,0.03107413482053363
2017-07-28,1,-0.06918561973264435
2017-07-31,1,0.06045371153143597
2017-08-01,1,0.05294831026076563
2017-08-02,1,0.0648699503301993
2017-08-03,1,0.005513288122121739
2017-08-04,1,0.13321730795808576
2017-08-07,1,0.03520924768986323
2017-08-08,1,0.04658670842918228
2017-08-09,1,-0.02741814699274085
2017-08-10,1,0.0839840942183528
2017-08-11,1,0.1383345877068957
2017-08-14,1,0.18887957215722714
2017-08-15,1,-0.02563949425894889
2017-08-16,1,-0.11501905783933492
2017-08-17,1,0.11152631162766963
2017-08-18,1,0.06914960127287965
2017-08-21,1,0.06192694521023724
2017-08-22,1,-0.07620837920903745
2017-08-23,1,-0.07885865421150616
2017-08-24,1,-0.1295180190075293
2017-08-25,1,0.12123739616676599
2017-08-28,1,0.10345804522415711
2017-08-29,1,0.14151230502156387
2017-08-30,1,0.057999209216139894
2017-08-31,1,-0.06965409831676428
2017-09-01,1,-0.020369500986127706
2017-09-05,1,-0.12383778727522872
2017-09-06,1,0.07097368521200158
2017-09-07,1,0.08908368741371692
2017-09-08,1,0.02901740123822506
2017-09-11,1,-0.15980812550031936
2017-09-12,1,-0.1583218536638753
2017-09-13,1,0.045627141932111655
2017-09-14,1,-0.09570707431106475
2017-09-15,1,0.18477465210832714
2017-09-18,1,0.16482885888355153
2017-09-19,1,-0.033738484956595365
2017-09-20,1,0.048276153410363926
2017-09-21,1,-0.12034919780770749
2017-09-22,1,-0.16915766171383015
2017-09-25,1,-0.1271044096312219
2017-09-26,1,0.06349774995015126
2017-09-27,1,0.14066144246829645
2017-09-28,1,0.1203044647849736
2017-09-29,1,0.006487169653964882
2017-10-02,1,0.005286316398247372
2017-10-03,1,0.14465984738534415
2017-10-04,1,-0.14130827197731055
2017-10-05,1,0.16871238604106992
2017-10-06,1,0.14022985995239923
2017-10-09,1,-0.010563614489898183
2017-10-10,1,0.14997663147292695
2017-10-11,1,0.11792951695725623
2017-10-12,1,0.0024788851935718657
2017-10-13,1,0.11803737094720625
2017-10-16,1,-0.014755516150545604
2017-10-17,1,0.012174575329510934
2017-10-18,1,0.024862416752417793
2017-10-19,1,-0.0068847675264562605
2017-10-20,1,0.053167155659242515
2017-10-23,1,0.12808397230605204
2017-10-24,1,-0.04226002581960797
2017-10-25,1,0.051969671312895774
2017-10-26,1,0.15034081808662866
2017-10-27,1,-0.008726759758256578
2017-10-30,1,0.15069243243697988
2017-10-31,1,-0.052319927530631076
2017-11-01,1,0.0504597869542263
2017-11-02,1,0.06769375654813495
2017-11-03,1,-0.006145421400284196
2017-11-06,1,0.04918555689479541
2017-11-07,1,-0.008724536878263175
2017-11-08,1,-0.14083658013019454
2017-11-09,1,-0.03743026035308887
2017-11-10,1,0.16498274899909507
2017-11-13,1,0.06977408094275232
2017-11-14,1,-0.07181199818528713
2017-11-15,1,0.0077534534477316916
2017-11-16,1,-0.20407430363088866
2017-11-17,1,0.07437140914735016
2017-11-20,1,0.1278799916244389
2017-11-21,1,-0.18558929497537616
2017-11-22,1,0.1707879445101656
2017-11-24,1,-0.07700471222317361
2017-11-27,1,-0.15350356419878688
2017-11-28,1,-0.32187903474567786
2017-11-29,1,0.15925390036168882
2017-11-30,1,-0.06708361715032611
2017-12-01,1,-0.26250175051265634
2017-12-04,1,0.26181006530674256
2017-12-05,1,0.13480594066484172
2017-12-06,1,0.16180533950607903
2017-12-07,1,-0.04422682713237313
2017-12-08,1,-0.10088668295870937
2017-12-11,1,-0.12211119036353625
2017-12-12,1,0.019654868538733057
2017-12-13,1,0.11014490834867376
2017-12-14,1,0.033038215845003605
2017-12-15,1,-0.00798156148926553
2017-12-18,1,-0.023766378663738957
2017-12-19,1,0.006028440365200774
2017-12-20,1,-0.1151467070351984
2017-12-21,1,0.014883035063306477
2017-12-22,1,-0.0473328040273162
2017-12-26,1,0.20720198730601075
2017-12-27,1,-0.043733879838272434
2017-12-28,1,0.005287792184928796
2017-12-29,1,-0.12637072402044433
2018-01-02,1,0.098694315474851
2018-01-03,1,-0.06045802943918298
2018-01-04,1,0.1121180167569003
2018-01-05,1,0.03723127502446079
2018-01-08,1,0.14370800244191181
2018-01-09,1,-0.09174294133967789
2018-01-10,1,-0.07363832116779993
2018-01-11,1,0.025744942938797536
2018-01-12,1,-0.04093635179972695
2018-01-16,1,0.23361285848925126
2018-01-17,1,0.09627958880156859
2018-01-18,1,0.07702309566377245
2018-01-19,1,-0.024144712368954043
2018-01-22,1,0.04904314134010321
2018-01-23,1,-0.03825862536389014
2018-01-24,1,0.04301486035450286
2018-01-25,1,0.08251182055363902
2018-01-26,1,-0.04972569753087907
2018-01-29,1,0.05350941216725836
2018-01-30,1,0.08678317799061304
2018-01-31,1,0.02461321393459897
2018-02-01,1,-0.003077335270258772
2018-02-02,1,0.021005920987677316
2018-02-05,1,0.05900767832351814
2018-02-06,1,-0.004711229620636614
2018-02-07,1,-0.24081653201113515
2018-02-08,1,0.09221955088368042
2018-02-09,1,0.10358800808259291
2018-02-12,1,0.08658338651233503
2018-02-13,1,0.06134762651900093
2018-02-14,1,0.0021361166171290987
2018-02-15,1,-0.027873492788795935
2018-02-16,1,0.08262416178252809
2018-02-20,1,0.05254592037024459
2018-02-21,1,0.02876695479499882
2018-02-22,1,0.024254423652139603
2018-02-23,1,-0.11716118693557101
2018-02-26,1,0.05458138603848917
2018-02-27,1,0.07207320789799039
2018-02-28,1,-0.07570246166469953
2018-03-01,1,-0.01648769368167176
2018-03-02,1,-0.1438628057550121
2018-03-05,1,0.05430779428103775
2018-03-06,1,0.12963692979600785
2018-03-07,1,0.07057955964892268
2018-03-08,1,0.07957440087280612
2018-03-09,1,-0.15800553256547134
2018-03-12,1,-0.0021718887696890506
2018-03-13,1,0.13922384621290268
2018-03-14,1,0.10351378659137729
2018-03-15,1,-0.11218793739319527
2018-03-16,1,0.16345237290065387
2018-03-19,1,0.37206507994445615
2018-03-20,1,-0.001125296046640003
2018-03-21,1,-0.05643931058805934
2018-03-22,1,0.03341223465440587
2018-03-23,1,0.23824133678512438
2018-03-26,1,-0.23566848237405166
2018-03-27,1,-0.16546899243014326
2018-03-28,1,0.11649784711918361
2018-03-29,1,0.04333143355412799
2018-04-02,1,-0.012103046739937243
2018-04-03,1,-0.04188060728639033
2018-04-04,1,0.006087967267209555
2018-04-05,1,-0.0776313298307675
2018-04-06,1,0.09897424716522965
2018-04-09,1,0.022973280459645876
2018-04-10,1,-0.0930308666418473
2018-04-11,1,0.16714865144035085
2018-04-12,1,-0.10118519434108317
2018-04-13,1,-0.02919741256497985
2018-04-16,1,0.16023472344216316
2018-04-17,1,0.05267258502691534
2018-04-18,1,0.04413488436327442
2018-04-19,1,-0.004961611314581522
2018-04-20,1,-0.04974329893233118
2018-04-23,1,-0.22495471252703117
2018-04-24,1,-0.13024010006354647
2018-04-25,1,0.13758111531968578
2018-04-26,1,-0.07691124734921341
2018-04-27,1,0.1257788627411406
2018-04-30,1,-0.027438079680612442
2018-05-01,1,0.07829791464340632
2018-05-02,1,0.16509393077628182
2018-05-03,1,-0.06759652066396839
2018-05-04,1,0.08310920259826794
2018-05-07,1,0.11412988064736523
2018-05-08,1,0.08226362709952685
2018-05-09,1,0.09122235079606351
2018-05-10,1,-0.01353734455228751
2018-05-11,1,-0.12027295340077258
2018-05-14,1,0.06781296234754026
2018-05-15,1,-0.03939351279139243
2018-05-16,1,0.06596553463147127
2018-05-17,1,0.13077643013702464
2018-05-18,1,0.03623587369929632
2018-05-21,1,-0.17184899960099523
2018-05-22,1,0.10437734878818629
2018-05-23,1,0.1373775389595728
2018-05-24,1,-0.15718826829898824
2018-05-25,1,0.08190531385455983
2018-05-29,1,0.046689887108794785
2018-05-30,1,0.06418605111798163
2018-05-31,1,0.1077494841605849
2018-06-01,1,-0.014888976448008006
2018-06-04,1,0.038547078438283595
2018-06-05,1,0.013809347322677162
2018-06-06,1,-0.19899906603224324
2018-06-07,1,0.08126043332493872
2018-06-08,1,-0.19976191030259624
2018-06-11,1,0.06426242831186842
2018-06-12,1,0.07958781843726297
2018-06-13,1,-0.014615361444307803
2018-06-14,1,-0.09652628435307702
2018-06-15,1,0.11355964203234388
2018-06-18,1,-0.07127123002677065
2018-06-19,1,0.03537085059339811
2018-06-20,1,-0.06628841802957887
2018-06-21,1,-0.06982012870360667
2018-06-22,1,-0.13273884100090644
2018-06-25,1,0.11059993554860381
2018-06-26,1,-0.008323470580730909
2018-06-27,1,0.1868389275672442
2018-06-28,1,-0.06024066590969021
2018-06-29,1,0.07321580778844233
2018-07-02,1,-0.11819702492426562
2018-07-03,1,-0.11489580193263393
2018-07-05,1,0.061366864419169435
2018-07-06,1,0.04053652121007445
2018-07-09,1,-0.017754907365768676
2018-07-10,1,0.021081670196608768
2018-07-11,1,0.09898777435703834
2018-07-12,1,0.04312368929585528
2018-07-13,1,0.10328613160711866
2018-07-16,1,0.18038471673255382
2018-07-17,1,0.00275803468316577
2018-07-18,1,-0.10577494330699568
2018-07-19,1,0.055786163556195464
2018-07-20,1,0.10639980295286312
2018-07-23,1,-0.09747015416792904
2018-07-24,1,0.20517203481910878
2018-07-25,1,-0.12036512142221757
2018-07-26,1,-0.2026533433126788
2018-07-27,1,-0.2244469270655416
2018-07-30,1,-0.05981722898658479
2018-07-31,1,0.15034602476381656
2018-08-01,1,0.1666669375293759
2018-08-02,1,-0.1728999022894207
2018-08-03,1,0.17839748994780094
2018-08-06,1,0.011013807135740497
2018-08-07,1,0.02830439433493208
2018-08-08,1,0.015754288025265923
2018-08-09,1,0.18443534958377142
2018-08-10,1,-0.026793068345755323
2018-08-13,1,0.16667172598463
2018-08-14,1,-0.2010873331393241
2018-08-15,1,-0.040606649708000965
2018-08-16,1,-0.06444472235331809
2018-08-17,1,0.08366675476157033
2018-08-20,1,0.042790842585012034
2018-08-21,1,0.21175385960383572
2018-08-22,1,0.20382017832466096
2018-08-23,1,0.08122661490676569
2018-08-24,1,-0.1051367199893965
2018-08-27,1,0.07599273171836446
2018-08-28,1,0.10829912650720225
2018-08-29,1,0.1343429608847934
2018-08-30,1,0.15713799317846674
2018-08-31,1,0.17201075372846197
2018-09-04,1,-0.26569716185259845
2018-09-05,1,0.024857609953301104
2018-09-06,1,-0.0347347265824547
2018-09-07,1,0.04273663167082928
2018-09-10,1,0.1300523831178693
2018-09-11,1,-0.10502631261791955
2018-09-12,1,-0.05352989447905602
2018-09-13,1,-0.058983820059367434
2018-09-14,1,-0.24743812738809917
2018-09-17,1,0.06506502684123498
2018-09-18,1,-0.29775115765997306
2018-09-19,1,-0.09947785942157135
2018-09-20,1,0.0027356126009981264
2018-09-21,1,0.27423329697541066
2018-09-24,1,0.3029198679569185
2018-09-25,1,0.09696575200235909
2018-09-26,1,0.10170669952262383
2018-09-27,1,0.07720955710173436
2018-09-28,1,-0.07727526723887808
2018-10-01,1,-0.2404093893798423
2018-10-02,1,0.046245084120191404
2018-10-03,1,-0.08534539677226045
2018-10-04,1,0.09194762147205639
2018-10-05,1,-0.2472263994751742
2018-10-08,1,0.09222456103134943
2018-10-09,1,-0.24079537527612188
2018-10-10,1,0.03398880367313503
2018-10-11,1,0.3267713902479528
2018-10-12,1,-0.11112036906607316
2018-10-15,1,0.11769198060036369
2018-10-16,1,-0.04430045354913617
2018-10-17,1,0.016693731643546015
2018-10-18,1,-0.15548857327019222
2018-10-19,1,0.2725777723611132
2018-10-22,1,-0.11880962046696558
2018-10-23,1,-0.07229766436540334
2018-10-24,1,0.11936557745660804
2018-10-25,1,0.004046621692956183
2018-10-26,1,-0.021555145790561118
2018-10-29,1,0.027491488573819892
2018-10-30,1,0.08233118247776838
2018-10-31,1,-0.2327671608835683
2018-11-01,1,-0.03362861412681646
2018-11-02,1,-0.006662454619028068
2018-11-05,1,0.002734212552214674
2018-11-06,1,0.24138583249427523
2018-11-07,1,0.02124554959662038
2018-11-08,1,0.031082354486898188
2018-11-09,1,-0.05242340903652193
2018-11-12,1,-0.10030776003718025
2018-11-13,1,-0.07618997542353169
2018-11-14,1,0.03681693679393534
2018-11-15,1,-0.03246066859470792
2018-11-16,1,-0.20452852823245882
2018-11-19,1,-0.10748862065513304
2018-11-20,1,-0.011316876097508432
2018-11-21,1,-0.06543996527081865
2018-11-23,1,0.08907358302613638
2018-11-26,1,0.061812991213083424
2018-11-27,1,0.13515821069928943
2018-11-28,1,0.12042816277398934
2018-11-29,1,0.009831577087203993
2018-11-30,1,0.09069771365111462
2018-12-03,1,0.15275262213222754
2018-12-04,1,0.09139813294011372
2018-12-06,1,-0.051454561709419123
2018-12-07,1,0.16964212192555664
2018-12-10,1,0.1422763103129734
2018-12-11,1,0.0823550826402586
2018-12-12,1,0.0834547364189531
2018-12-13,1,0.0008760623341056247
2018-12-14,1,-0.157831276703931
2018-12-17,1,0.06258608990840091
2018-12-18,1,0.08087265175663598
2018-12-19,1,-0.10585561913914811
2018-12-20,1,-0.012328728217645477
2018-12-21,1,0.04871772318709838
2018-12-24,1,0.0659384704869199
2018-12-26,1,0.04452645812999023
2018-12-27,1,-0.026669524268781365
2018-12-28,1,0.10586948046065729
2018-12-31,1,-0.29120091594263925
2001-01-02,5,
2001-01-03,5,
2001-01-04,5,
2001-01-05,5,
2001-01-08,5,
2001-01-09,5,
2001-01-10,5,
2001-01-11,5,
2001-01-12,5,
2001-01-16,5,
2001-01-17,5,
2001-01-18,5,
2001-01-19,5,
2001-01-22,5,
2001-01-23,5,
2001-01-24,5,
2001-01-25,5,
2001-01-26,5,
2001-01-29,5,
2001-01-30,5,
2001-01-31,5,
2001-02-01,5,
2001-02-02,5,
2001-02-05,5,
2001-02-06,5,
2001-02-07,5,
2001-02-08,5,
2001-02-09,5,
2001-02-12,5,
2001-02-13,5,
2001-02-14,5,
2001-02-15,5,
2001-02-16,5,
2001-02-20,5,
2001-02-21,5,
2001-02-22,5,
2001-02-23,5,
2001-02-26,5,
2001-02-27,5,
2001-02-28,5,
2001-03-01,5,
2001-03-02,5,
2001-03-05,5,
2001-03-06,5,
2001-03-07,5,
2001-03-08,5,
2001-03-09,5,
2001-03-12,5,
2001-03-13,5,
2001-03-14,5,
2001-03-15,5,
2001-03-16,5,
2001-03-19,5,
2001-03-20,5,
2001-03-21,5,
2001-03-22,5,
2001-03-23,5,
2001-03-26,5,
2001-03-27,5,
2001-03-28,5,
2001-03-29,5,
2001-03-30,5,
2001-04-02,5,
2001-04-03,5,
2001-04-04,5,
2001-04-05,5,
2001-04-06,5,
2001-04-09,5,
2001-04-10,5,
2001-04-11,5,
2001-04-12,5,
2001-04-16,5,
2001-04-17,5,
2001-04-18,5,
2001-04-19,5,
2001-04-20,5,
2001-04-23,5,
2001-04-24,5,
2001-04-25,5,
2001-04-26,5,
2001-04-27,5,
2001-04-30,5,
2001-05-01,5,
2001-05-02,5,
2001-05-03,5,
2001-05-04,5,
2001-05-07,5,
2001-05-08,5,
2001-05-09,5,
2001-05-10,5,
2001-05-11,5,
2001-05-14,5,
2001-05-15,5,
2001-05-16,5,
2001-05-17,5,
2001-05-18,5,
2001-05-21,5,
2001-05-22,5,
2001-05-23,5,
2001-05-24,5,
2001-05-25,5,
2001-05-29,5,
2001-05-30,5,
2001-05-31,5,
2001-06-01,5,
2001-06-04,5,
2001-06-05,5,
2001-06-06,5,
2001-06-07,5,
2001-06-08,5,
2001-06-11,5,
2001-06-12,5,
2001-06-13,5,
2001-06-14,5,
2001-06-15,5,
2001-06-18,5,
2001-06-19,5,
2001-06-20,5,
2001-06-21,5,
2001-06-22,5,
2001-06-25,5,
2001-06-26,5,
2001-06-27,5,
2001-06-28,5,
2001-06-29,5,
2001-07-02,5,
2001-07-03,5,
2001-07-05,5,
2001-07-06,5,
2001-07-09,5,
2001-07-10,5,
2001-07-11,5,
2001-07-12,5,
2001-07-13,5,
2001-07-16,5,
2001-07-17,5,
2001-07-18,5,
2001-07-19,5,
2001-07-20,5,
2001-07-23,5,
2001-07-24,5,
2001-07-25,5,
2001-07-26,5,
2001-07-27,5,
2001-07-30,5,
2001-07-31,5,
2001-08-01,5,
2001-08-02,5,
2001-08-03,5,
2001-08-06,5,
2001-08-07,5,
2001-08-08,5,
2001-08-09,5,
2001-08-10,5,
2001-08-13,5,
2001-08-14,5,
2001-08-15,5,
2001-08-16,5,
2001-08-17,5,
2001-08-20,5,
2001-08-21,5,
2001-08-22,5,
2001-08-23,5,
2001-08-24,5,
2001-08-27,5,
2001-08-28,5,
2001-08-29,5,
2001-08-30,5,
2001-08-31,5,
2001-09-04,5,
2001-09-05,5,
2001-09-06,5,
2001-09-07,5,
2001-09-10,5,
2001-09-17,5,
2001-09-18,5,
2001-09-19,5,
2001-09-20,5,
2001-09-21,5,
2001-09-24,5,
2001-09-25,5,
2001-09-26,5,
2001-09-27,5,
2001-09-28,5,
2001-10-01,5,
2001-10-02,5,
2001-10-03,5,
2001-10-04,5,
2001-10-05,5,
2001-10-08,5,
2001-10-09,5,
2001-10-10,5,
2001-10-11,5,
2001-10-12,5,
2001-10-15,5,
2001-10-16,5,
2001-10-17,5,
2001-10-18,5,
2001-10-19,5,
2001-10-22,5,
2001-10-23,5,
2001-10-24,5,
2001-10-25,5,
2001-10-26,5,
2001-10-29,5,
2001-10-30,5,
2001-10-31,5,
2001-11-01,5,
2001-11-02,5,
2001-11-05,5,
2001-11-06,5,
2001-11-07,5,
2001-11-08,5,
2001-11-09,5,
2001-11-12,5,
2001-11-13,5,
2001-11-14,5,
2001-11-15,5,
2001-11-16,5,
2001-11-19,5,
2001-11-20,5,
2001-11-21,5,
2001-11-23,5,
2001-11-26,5,
2001-11-27,5,
2001-11-28,5,
2001-11-29,5,
2001-11-30,5,
2001-12-03,5,
2001-12-04,5,
2001-12-05,5,
2001-12-06,5,
2001-12-07,5,
2001-12-10,5,
2001-12-11,5,
2001-12-12,5,
2001-12-13,5,
2001-12-14,5,
2001-12-17,5,
2001-12-18,5,
2001-12-19,5,
2001-12-20,5,
2001-12-21,5,
2001-12-24,5,
2001-12-26,5,
2001-12-27,5,
2001-12-28,5,
2001-12-31,5,
2002-01-02,5,
2002-01-03,5,
2002-01-04,5,0.0933895401026217
2002-01-07,5,0.07163005414784032
2002-01-08,5,0.04097175103600864
2002-01-09,5,0.0988062033440172
2002-01-10,5,0.1131999732890255
2002-01-11,5,0.11022544065608957
2002-01-14,5,0.1139931595803716
2002-01-15,5,0.09761918751767983
2002-01-16,5,0.028636995972139086
2002-01-17,5,0.03710765559966115
2002-01-18,5,0.06303370533014398
2002-01-22,5,0.07864524319851536
2002-01-23,5,0.09337580443316952
2002-01-24,5,0.16766454210247078
2002-01-25,5,0.17572277839149975
2002-01-28,5,0.19603418741826212
2002-01-29,5,0.19169953237197818
2002-01-30,5,0.17449907068767023
2002-01-31,5,0.11468831356042977
2002-02-01,5,0.09426154175437866
2002-02-04,5,-0.009747122062936896
2002-02-05,5,-0.003696755898387213
2002-02-06,5,-0.016787480684849226
2002-02-07,5,0.008515717194645476
2002-02-08,5,-0.007801080737584654
2002-02-11,5,-0.04173777495377793
2002-02-12,5,-0.014713653997994772
2002-02-13,5,-0.06285833291782329
2002-02-14,5,-0.06872518164176375
2002-02-15,5,-0.033977971863043244
2002-02-19,5,-0.03723878260216187
2002-02-20,5,-0.044093163275520056
2002-02-21,5,-0.05543618265919751
2002-02-22,5,-0.0007009984301010518
2002-02-25,5,-0.031512890302460024
2002-02-26,5,-0.05356151456878387
2002-02-27,5,-0.13493071120283154
2002-02-28,5,-0.08520849563585682
2002-03-01,5,-0.12613342642005299
2002-03-04,5,-0.18410280292480066
2002-03-05,5,-0.18163597363347325
2002-03-06,5,-0.08158366496724867
2002-03-07,5,-0.036406617979883545
2002-03-08,5,-0.03059741836303835
2002-03-11,5,-0.0037080348758830785
2002-03-12,5,-0.01801149450492286
2002-03-13,5,-0.04774810532546812
2002-03-14,5,-0.02463062193982435
2002-03-15,5,0.017695089522745223
2002-03-18,5,0.00810395169578273
2002-03-19,5,0.01963383766737155
2002-03-20,5,0.02026329772647644
2002-03-21,5,0.03446539898914154
2002-03-22,5,-0.003882657003081745
2002-03-25,5,-0.044025869183955395
2002-03-26,5,-0.03450040266140622
2002-03-27,5,-0.017609694466904757
2002-03-28,5,0.0458231657176462
2002-04-01,5,0.06662937980171811
2002-04-02,5,0.06108311307514855
2002-04-03,5,0.01609240541425224
2002-04-04,5,0.017793820713570524
2002-04-05,5,0.053219201377034925
2002-04-08,5,0.025110873181490804
2002-04-09,5,0.052016827943193185
2002-04-10,5,0.010580256577332199
2002-04-11,5,0.027302695331534045
2002-04-12,5,-0.03422845965569107
2002-04-15,5,-0.045469214347503686
2002-04-16,5,-0.054421257903037604
2002-04-17,5,0.05081066199104357
2002-04-18,5,0.07532859722106507
2002-04-19,5,0.08014595800302966
2002-04-22,5,0.08541206724892857
2002-04-23,5,0.1430400942731745
2002-04-24,5,0.12308715103567651
2002-04-25,5,0.1216285730525439
2002-04-26,5,0.08337523453126293
2002-04-29,5,0.062193906493652966
2002-04-30,5,0.040366101188439106
2002-05-01,5,0.029335434261788897
2002-05-02,5,0.020926793212157218
2002-05-03,5,0.03474795033049126
2002-05-06,5,0.00238602505506483
2002-05-07,5,-0.043917127080170856
2002-05-08,5,0.03860514907605154
2002-05-09,5,-0.025169698905626644
2002-05-10,5,-0.011531408949391411
2002-05-13,5,-0.06627868089454886
2002-05-14,5,-0.07825583375957598
2002-05-15,5,-0.08182571966176311
2002-05-16,5,-0.030544833603064498
2002-05-17,5,-0.03660336086459461
2002-05-20,5,-0.0396822059845681
2002-05-21,5,-0.013330658247342376
2002-05-22,5,0.0007235921003204417
2002-05-23,5,0.0325226522349131
2002-05-24,5,0.07731767080443051
2002-05-28,5,0.07090150282924478
2002-05-29,5,0.09435402832921785
2002-05-30,5,0.10156015860947931
2002-05-31,5,0.1101586242532698
2002-06-03,5,0.11464068459531385
2002-06-04,5,0.1192391735654223
2002-06-05,5,0.06041668031702328
2002-06-06,5,0.015852941666822867
2002-06-07,5,0.05441178355504178
2002-06-10,5,0.023583336642721796
2002-06-11,5,0.024079978357631916
2002-06-12,5,0.08339698216270557
2002-06-13,5,0.10259391670983016
2002-06-14,5,0.06560906786085938
2002-06-17,5,0.06470729524191561
2002-06-18,5,0.03470836448636128
2002-06-19,5,0.0269634543921284
2002-06-20,5,0.018056739977615723
2002-06-21,5,0.01740787225651013
2002-06-24,5,0.0238836204158094
2002-06-25,5,0.03211549454969339
2002-06-26,5,0.007476591693148016
2002-06-27,5,0.009781708770644694
2002-06-28,5,0.01131547086107737
2002-07-01,5,0.03140588463847933
2002-07-02,5,0.05011516375754044
2002-07-03,5,-0.011590191100141886
2002-07-05,5,0.006501006937495827
2002-07-08,5,-0.02561365203927854
2002-07-09,5,-0.024415432968338643
2002-07-10,5,-0.051486940193655004
2002-07-11,5,0.010936438689455734
2002-07-12,5,0.0006943773771962019
2002-07-15,5,-0.010603854674052417
2002-07-16,5,0.038106077088675264
2002-07-17,5,0.09466778006335291
2002-07-18,5,0.1128561314341257
2002-07-19,5,0.112911223828858
2002-07-22,5,0.12271846649391609
2002-07-23,5,0.1134681676540641
2002-07-24,5,0.09479124947269459
2002-07-25,5,0.06362554478632315
2002-07-26,5,0.08457815409552058
2002-07-29,5,0.07386876674876594
2002-07-30,5,0.08038427483248917
2002-07-31,5,0.06433126336052337
2002-08-01,5,0.08777974575044956
2002-08-02,5,0.08482925563267199
2002-08-05,5,0.09243466464155627
2002-08-06,5,0.08184633089739074
2002-08-07,5,0.07876624213214173
2002-08-08,5,0.08409441903243337
2002-08-09,5,0.0983605575539043
2002-08-12,5,0.06572180145820729
2002-08-13,5,0.04319259041241415
2002-08-14,5,0.006802807564984317
2002-08-15,5,-0.09836068761766281
2002-08-16,5,-0.14158843924044137
2002-08-19,5,-0.1751216074295885
2002-08-20,5,-0.23033992361921216
2002-08-21,5,-0.12817071790971313
2002-08-22,5,-0.004203663370127203
2002-08-23,5,0.02669751773654791
2002-08-26,5,0.05539089096408375
2002-08-27,5,0.09613315911874928
2002-08-28,5,0.10773287511498852
2002-08-29,5,0.09312708067483462
2002-08-30,5,0.06748119326866718
2002-09-03,5,0.08771421907810678
2002-09-04,5,0.12181346250802069
2002-09-05,5,0.06476160749117035
2002-09-06,5,0.09179146960467771
2002-09-09,5,0.13306573920035913
2002-09-10,5,0.1213016259784531
2002-09-11,5,0.18400649601862107
2002-09-12,5,0.1993719498353439
2002-09-13,5,0.16299658555613836
2002-09-16,5,0.10633091685042176
2002-09-17,5,0.0922448690301909
2002-09-18,5,0.10308101837377855
2002-09-19,5,0.10233300731421226
2002-09-20,5,0.15473959835810527
2002-09-23,5,0.17369173219210837
2002-09-24,5,0.1588167348501355
2002-09-25,5,0.16587758545169404
2002-09-26,5,0.12074346582061037
2002-09-27,5,0.06952471382124237
2002-09-30,5,0.06291459150387375
2002-10-01,5,0.11599656233971105
2002-10-02,5,0.0994409732065039
2002-10-03,5,0.11954052634762782
2002-10-04,5,0.0710156462250551
2002-10-07,5,0.06705189667392954
2002-10-08,5,-0.020224699013966934
2002-10-09,5,-0.026780169445317636
2002-10-10,5,-0.040358525623031945
2002-10-11,5,0.010642054570264911
2002-10-14,5,-0.01756881917358889
2002-10-15,5,0.0326593288577631
2002-10-16,5,-0.07469757983863011
2002-10-17,5,-0.11028582060357457
2002-10-18,5,-0.17187086760385098
2002-10-21,5,-0.17338261839437458
2002-10-22,5,-0.12115078937039202
2002-10-23,5,-0.10685282808810571
2002-10-24,5,-0.058496189555630705
2002-10-25,5,-0.10264561722585427
2002-10-28,5,-0.16900185501989146
2002-10-29,5,-0.16178541720315054
2002-10-30,5,-0.2052026511801477
2002-10-31,5,-0.23715365523533358
2002-11-01,5,-0.08744460036471817
2002-11-04,5,0.12563658197259478
2002-11-05,5,0.0833610608902246
2002-11-06,5,0.2095048230674735
2002-11-07,5,0.06606160349275861
2002-11-08,5,-0.036019747245344964
2002-11-11,5,-0.185968966769634
2002-11-12,5,-0.1459943164056325
2002-11-13,5,-0.2129680819353915
2002-11-14,5,-0.243102303410877
2002-11-15,5,-0.2578843081342544
2002-11-18,5,-0.2289528139416057
2002-11-19,5,-0.2920875162995482
2002-11-20,5,-0.28571782801586415
2002-11-21,5,-0.25324009402874087
2002-11-22,5,-0.21502202154475833
2002-11-25,5,-0.09545265520743576
2002-11-26,5,-0.013711558241877007
2002-11-27,5,0.0746632763917607
2002-11-29,5,0.1551644167179379
2002-12-02,5,0.17111606321879355
2002-12-03,5,0.15714723614961804
2002-12-04,5,0.1518261571478813
2002-12-05,5,0.10926580645419122
2002-12-06,5,0.08694836991288639
2002-12-09,5,-0.029341160795860483
2002-12-10,5,0.043987620776416395
2002-12-11,5,0.0786071088026599
2002-12-12,5,0.1040461574247786
2002-12-13,5,0.1276217171006779
2002-12-16,5,0.14916059526985168
2002-12-17,5,0.12290752194854436
2002-12-18,5,0.04869980285240458
2002-12-19,5,-0.03348622406308642
2002-12-20,5,-0.11924599113876798
2002-12-23,5,-0.22411923771119308
2002-12-24,5,-0.23184151545164497
2002-12-26,5,-0.12815977674709356
2002-12-27,5,-0.059406818650197334
2002-12-30,5,-0.03025158308431564
2002-12-31,5,0.006934571732314802
2003-01-02,5,0.006314402684517412
2003-01-03,5,-0.05690375454249133
2003-01-06,5,-0.07555903446966954
2003-01-07,5,-0.1305194148503283
2003-01-08,5,-0.09980299580503729
2003-01-09,5,-0.04832491637031799
2003-01-10,5,0.03596610480855011
2003-01-13,5,0.0746452608188261
2003-01-14,5,0.16620011724788145
2003-01-15,5,0.141529862844656
2003-01-16,5,0.16112697606245574
2003-01-17,5,0.14092928265843924
2003-01-21,5,0.13593765869855048
2003-01-22,5,0.07558912972620899
2003-01-23,5,0.11016411686379142
2003-01-24,5,0.08258699551083373
2003-01-27,5,0.029082469057804882
2003-01-28,5,0.10889468697176924
2003-01-29,5,0.16457613745933644
2003-01-30,5,0.13227650279608968
2003-01-31,5,0.14170523767535426
2003-02-03,5,0.15273636299984525
2003-02-04,5,0.16340690113560832
2003-02-05,5,0.1432879061616889
2003-02-06,5,0.10513207107211316
2003-02-07,5,0.10043382597941404
2003-02-10,5,0.06894541916553397
2003-02-11,5,0.020754712186883344
2003-02-12,5,-0.0028510394216037286
2003-02-13,5,-0.010589394313985631
2003-02-14,5,-0.025040305874434825
2003-02-18,5,0.06312471446627228
2003-02-19,5,0.07968985139925623
2003-02-20,5,0.03323254904995929
2003-02-21,5,0.01581183565971941
2003-02-24,5,0.04133714185531763
2003-02-25,5,0.07192123106430305
2003-02-26,5,0.05332262221932947
2003-02-27,5,0.12243036668922262
2003-02-28,5,0.13205666336654712
2003-03-03,5,0.14911766991209063
2003-03-04,5,0.10732260094312526
2003-03-05,5,0.06911361360715346
2003-03-06,5,0.03310347256378001
2003-03-07,5,0.05181148194780434
2003-03-10,5,-0.07887310585057865
2003-03-11,5,-0.1619887605065296
2003-03-12,5,-0.19176432846990915
2003-03-13,5,-0.20658915003499365
2003-03-14,5,-0.2572280208806671
2003-03-17,5,-0.10403070810592412
2003-03-18,5,-0.03699906767841066
2003-03-19,5,0.011460715052814718
2003-03-20,5,0.04707363114044966
2003-03-21,5,0.11391866498862255
2003-03-24,5,0.07926396151268401
2003-03-25,5,0.08057342215610473
2003-03-26,5,0.039067518045411816
2003-03-27,5,0.03474584354415248
2003-03-28,5,0.008617006880155206
2003-03-31,5,-0.10686785461524592
2003-04-01,5,-0.04142687970283111
2003-04-02,5,-0.030195041715506174
2003-04-03,5,-0.03721624417123111
2003-04-04,5,-0.027894006770402414
2003-04-07,5,-0.0038190076227412172
2003-04-08,5,-0.007126741200877497
2003-04-09,5,-0.0227583903330676
2003-04-10,5,-0.052609426587946796
2003-04-11,5,-0.10200639473200913
2003-04-14,5,-0.11471333187022713
2003-04-15,5,-0.1875673781161126
2003-04-16,5,-0.2252365519670531
2003-04-17,5,-0.14741104862579263
2003-04-21,5,-0.17592397538755822
2003-04-22,5,-0.14950540927605827
2003-04-23,5,-0.11413519392009618
2003-04-24,5,-0.1164630560199336
2003-04-25,5,-0.17610227139951945
2003-04-28,5,-0.11701218981939901
2003-04-29,5,-0.14643999728055382
2003-04-30,5,-0.14766483446371464
2003-05-01,5,-0.1763053657485258
2003-05-02,5,-0.1640320222166198
2003-05-05,5,-0.16683784272918087
2003-05-06,5,-0.1450056753532914
2003-05-07,5,-0.176558694208108
2003-05-08,5,-0.17927228803431272
2003-05-09,5,-0.08290580468893553
2003-05-12,5,-0.07091216098708215
2003-05-13,5,-0.03159234968972589
2003-05-14,5,0.03727810243447055
2003-05-15,5,0.08365229340321582
2003-05-16,5,0.0429292167988507
2003-05-19,5,-0.027395343690566728
2003-05-20,5,-0.05707471010530572
2003-05-21,5,-0.07012839877515896
2003-05-22,5,-0.10323565421897828
2003-05-23,5,-0.12311881659164388
2003-05-27,5,-0.10304206236819108
2003-05-28,5,-0.1630569582353137
2003-05-29,5,-0.11396023906304067
2003-05-30,5,-0.12262653207934941
2003-06-02,5,-0.06043577381979397
2003-06-03,5,-0.06159615800137017
2003-06-04,5,-0.03354795574948563
2003-06-05,5,-0.03309090155240088
2003-06-06,5,0.02752145818108419
2003-06-09,5,-0.011990527774627358
2003-06-10,5,-0.028588014412784427
2003-06-11,5,-0.02532857677613498
2003-06-12,5,-0.05601194861932571
2003-06-13,5,-0.13843453854045912
2003-06-16,5,-0.10190917266951234
2003-06-17,5,-0.06447481639847262
2003-06-18,5,-0.024015970596612066
2003-06-19,5,0.03469798107105598
2003-06-20,5,0.12278561212897217
2003-06-23,5,0.10639486437827385
2003-06-24,5,0.16951446197543474
2003-06-25,5,0.10338704530884847
2003-06-26,5,0.10419041536323928
2003-06-27,5,0.08632551502837653
2003-06-30,5,0.10156465648702563
2003-07-01,5,0.05970754590377983
2003-07-02,5,0.07106962595439642
2003-07-03,5,0.025923631155097125
2003-07-07,5,0.03727188290567883
2003-07-08,5,-0.0675685225768662
2003-07-09,5,-0.07682290339916177
2003-07-10,5,-0.09901674749675016
2003-07-11,5,-0.10181989788956909
2003-07-14,5,-0.06969273822633186
2003-07-15,5,-0.04705238856651439
2003-07-16,5,-0.0022831635803725147
2003-07-17,5,0.011372662398598531
2003-07-18,5,-0.022577615763897455
2003-07-21,5,-0.06254821108336588
2003-07-22,5,-0.01754546855415564
2003-07-23,5,-0.0689440974178264
2003-07-24,5,-0.0953366894416232
2003-07-25,5,-0.061559565513604794
2003-07-28,5,-0.07451164449329138
2003-07-29,5,-0.04634578237675878
2003-07-30,5,-0.017661743793567317
2003-07-31,5,-0.011102362622829142
2003-08-01,5,-0.015068979344155747
2003-08-04,5,0.036213177989797285
2003-08-05,5,0.056476535323124105
2003-08-06,5,0.0755565407137878
2003-08-07,5,0.05580242006332534
2003-08-08,5,0.06993345189710234
2003-08-11,5,0.07263382919702277
2003-08-12,5,0.0471986189864337
2003-08-13,5,0.07002612865406058
2003-08-14,5,0.03645700636257407
2003-08-15,5,-0.022527498295050456
2003-08-18,5,-0.09570786499653712
2003-08-19,5,-0.08419488730610686
2003-08-20,5,-0.048717119944062345
2003-08-21,5,0.03094809660301811
2003-08-22,5,0.05946233725142615
2003-08-25,5,0.03642038675588821
2003-08-26,5,-0.00010603698151842587
2003-08-27,5,-0.028939990534526488
2003-08-28,5,-0.09509593660706142
2003-08-29,5,-0.06782671068526894
2003-09-02,5,-0.021722753587089798
2003-09-03,5,-0.061528608934130556
2003-09-04,5,-0.05636811840477656
2003-09-05,5,0.0069899221692535565
2003-09-08,5,-0.009202545885865252
2003-09-09,5,-0.012100225287599544
2003-09-10,5,0.06625443197977313
2003-09-11,5,0.09653446508264724
2003-09-12,5,0.09328629156382619
2003-09-15,5,0.09459352210251609
2003-09-16,5,0.10346853308087804
2003-09-17,5,0.013719974355642272
2003-09-18,5,-0.049342851344782265
2003-09-19,5,-0.1302551076235109
2003-09-22,5,-0.09042022408050372
2003-09-23,5,-0.1443122020811416
2003-09-24,5,-0.08616590489107666
2003-09-25,5,0.06571804644617546
2003-09-26,5,0.21449785447913647
2003-09-29,5,0.22882788856421524
2003-09-30,5,0.27247201921896685
2003-10-01,5,0.26208790274343047
2003-10-02,5,0.2612560157169115
2003-10-03,5,0.19084696099152018
2003-10-06,5,0.15705817339008046
2003-10-07,5,0.12350797381122489
2003-10-08,5,0.06593517967754967
2003-10-09,5,0.027525816446493507
2003-10-10,5,-0.042282622706990805
2003-10-13,5,-0.09898084587280438
2003-10-14,5,-0.03339549647807383
2003-10-15,5,-0.054610168121353296
2003-10-16,5,-0.10771664966614901
2003-10-17,5,-0.09548781812076973
2003-10-20,5,-0.019454817416399355
2003-10-21,5,-0.028123643545254297
2003-10-22,5,0.05806928203546607
2003-10-23,5,0.04401375521401557
2003-10-24,5,0.06671268900440408
2003-10-27,5,0.05763869837525659
2003-10-28,5,0.06173560066505377
2003-10-29,5,0.027859602024128877
2003-10-30,5,0.012347177164386667
2003-10-31,5,0.03304857321285316
2003-11-03,5,-0.08332100259238878
2003-11-04,5,-0.14657300827575445
2003-11-05,5,-0.1214824499969789
2003-11-06,5,-0.10976391377795999
2003-11-07,5,-0.11709046033146522
2003-11-10,5,-0.14507566503697883
2003-11-11,5,-0.14937680953547475
2003-11-12,5,-0.1710753213909389
2003-11-13,5,-0.12929034499946762
2003-11-14,5,-0.07512502032364322
2003-11-17,5,0.07140964201365599
2003-11-18,5,0.1553451827132318
2003-11-19,5,0.19514685758072053
2003-11-20,5,0.2125047379231756
2003-11-21,5,0.22528549650820806
2003-11-24,5,0.10828353374302821
2003-11-25,5,-0.01511708794664815
2003-11-26,5,-0.14481830258206474
2003-11-28,5,-0.18168463612518687
2003-12-01,5,-0.21480370301370535
2003-12-02,5,-0.2552110490639926
2003-12-03,5,-0.3123409730535183
2003-12-04,5,-0.22100293903283985
2003-12-05,5,-0.16887363922690607
2003-12-08,5,-0.21052963833965327
2003-12-09,5,-0.1540166479145916
2003-12-10,5,0.03315150078810979
2003-12-11,5,-0.0780299769325755
2003-12-12,5,-0.062124049400978563
2003-12-15,5,-0.04271081440252424
2003-12-16,5,-0.014437456061025342
2003-12-17,5,-0.06394375258707154
2003-12-18,5,-0.07703976164842703
2003-12-19,5,-0.01298213812595726
2003-12-22,5,0.0701010049388902
2003-12-23,5,0.014965786800485712
2003-12-24,5,0.023151015037266104
2003-12-26,5,0.06292413015955825
2003-12-29,5,0.0957890293248919
2003-12-30,5,0.12415862887958821
2003-12-31,5,0.12983437400790449
2004-01-02,5,0.1364434987877415
2004-01-05,5,0.12247402262568215
2004-01-06,5,0.07763122913728379
2004-01-07,5,0.06187243811468699
2004-01-08,5,0.07199026685173388
2004-01-09,5,0.0775369461342924
2004-01-12,5,0.12497473882515055
2004-01-13,5,0.11660255166918897
2004-01-14,5,0.0892826152858078
2004-01-15,5,0.0887699736781582
2004-01-16,5,0.041751781191622435
2004-01-20,5,-0.05766727612813835
2004-01-21,5,-0.12663923563440815
2004-01-22,5,-0.1958140251381909
2004-01-23,5,-0.15150862262222878
2004-01-26,5,-0.15585049565921
2004-01-27,5,-0.10904772673184981
2004-01-28,5,-0.09961124027400906
2004-01-29,5,-0.01568413829710482
2004-01-30,5,0.061999795623217197
2004-02-02,5,0.11013467426730161
2004-02-03,5,0.1051892563348219
2004-02-04,5,0.1852079007918186
2004-02-05,5,0.16541858343808247
2004-02-06,5,-0.020652519077875624
2004-02-09,5,0.022321249420010774
2004-02-10,5,0.031122372201130444
2004-02-11,5,-0.08680790354669714
2004-02-12,5,-0.15322776043775974
2004-02-13,5,-0.15323923492031782
2004-02-17,5,-0.19371051365988265
2004-02-18,5,-0.11082078322242948
2004-02-19,5,0.009271703496324763
2004-02-20,5,0.09208169293003936
2004-02-23,5,0.24424688231888478
2004-02-24,5,0.23063686023177576
2004-02-25,5,0.10820931231529746
2004-02-26,5,0.10944373810476946
2004-02-27,5,0.09652755875241469
2004-03-01,5,-0.04783244116039676
2004-03-02,5,-0.09990176204015848
2004-03-03,5,-0.14682403685586612
2004-03-04,5,-0.21335770213813463
2004-03-05,5,-0.20129846630903836
2004-03-08,5,-0.22207489657129637
2004-03-09,5,-0.13647677646483708
2004-03-10,5,0.04332465542961885
2004-03-11,5,0.06211312481495446
2004-03-12,5,-0.040583612456101766
2004-03-15,5,-0.04363813301039149
2004-03-16,5,-0.059497016103791385
2004-03-17,5,-0.14696536604119323
2004-03-18,5,-0.0365929059434356
2004-03-19,5,0.029256096265854896
2004-03-22,5,0.15336508695627948
2004-03-23,5,0.23602687986725346
2004-03-24,5,0.27212717081280136
2004-03-25,5,0.20343102955117978
2004-03-26,5,0.19994374371661422
2004-03-29,5,0.1897383630906916
2004-03-30,5,0.08263469265103379
2004-03-31,5,0.0848998342758545
2004-04-01,5,0.06773169420810961
2004-04-02,5,-0.028608724479910804
2004-04-05,5,-0.16618015766617403
2004-04-06,5,-0.19362798736580994
2004-04-07,5,-0.20928019605917467
2004-04-08,5,-0.17063163599282044
2004-04-12,5,-0.14406301885101852
2004-04-13,5,-0.12011647948414277
2004-04-14,5,-0.04509549988048603
2004-04-15,5,0.000300612938225644
2004-04-16,5,0.0009832755400382307
2004-04-19,5,-0.06838305561467868
2004-04-20,5,-0.07107527027279043
2004-04-21,5,-0.15703581371398048
2004-04-22,5,-0.23191687361006297
2004-04-23,5,-0.23544816308057362
2004-04-26,5,-0.17685995922994519
2004-04-27,5,-0.12769821270223117
2004-04-28,5,-0.003972306970903941
2004-04-29,5,0.0018553966849943612
2004-04-30,5,4.854546752117137e-05
2004-05-03,5,-0.1439459149457037
2004-05-04,5,-0.14895893913561026
2004-05-05,5,-0.1818190153160585
2004-05-06,5,-0.11107200130709992
2004-05-07,5,-0.07208847927376905
2004-05-10,5,-0.025657361618451557
2004-05-11,5,-0.03156068702311857
2004-05-12,5,-0.016419489936045077
2004-05-13,5,-0.007919555041851345
2004-05-14,5,0.041577224297454085
2004-05-17,5,0.1373263898500957
2004-05-18,5,0.17239578293198032
2004-05-19,5,0.16095074066543053
2004-05-20,5,0.17361756970838785
2004-05-21,5,0.13138859155534063
2004-05-24,5,0.16154523821596398
2004-05-25,5,0.040950041272014785
2004-05-26,5,0.007570065071562044
2004-05-27,5,0.03046874100790775
2004-05-28,5,0.09092867016372708
2004-06-01,5,0.001553274496666704
2004-06-02,5,-0.02972213510602139
2004-06-03,5,0.02335396345628483
2004-06-04,5,0.004573844742978159
2004-06-07,5,0.014931393674104631
2004-06-08,5,0.046245987086768074
2004-06-09,5,0.06718130216727497
2004-06-10,5,0.056383596833832275
2004-06-14,5,0.07257191497978403
2004-06-15,5,0.005823684371852245
2004-06-16,5,0.07372028811341484
2004-06-17,5,0.09220903330440709
2004-06-18,5,0.16671570423819362
2004-06-21,5,0.1283529518973504
2004-06-22,5,0.08835518860677737
2004-06-23,5,0.04528529310418003
2004-06-24,5,0.0457904021766467
2004-06-25,5,-0.02128095033508741
2004-06-28,5,-0.006394794660690297
2004-06-29,5,0.036827524626200155
2004-06-30,5,-0.031213778046379703
2004-07-01,5,-0.0507402641636293
2004-07-02,5,-0.06978580765343365
2004-07-06,5,-0.07969210105449989
2004-07-07,5,-0.0492815627686035
2004-07-08,5,-0.010318805232300759
2004-07-09,5,0.03624553579898855
2004-07-12,5,0.031169361979759846
2004-07-13,5,0.030678741062589235
2004-07-14,5,-0.0478189235631112
2004-07-15,5,-0.0416027838438572
2004-07-16,5,-0.03963221735043752
2004-07-19,5,-0.05790219328357234
2004-07-20,5,-0.011410066275406638
2004-07-21,5,0.07864675991547981
2004-07-22,5,0.11257371751970552
2004-07-23,5,0.12008661502865937
2004-07-26,5,0.18366178826253998
2004-07-27,5,0.047378589625263166
2004-07-28,5,-0.03005040581622326
2004-07-29,5,-0.07185477007733825
2004-07-30,5,-0.2083156537252941
2004-08-02,5,-0.17751547095321135
2004-08-03,5,-0.11971465975443382
2004-08-04,5,-0.09184225002943695
2004-08-05,5,-0.06011001166484263
2004-08-06,5,0.05407947368204213
2004-08-09,5,0.022269643624261294
2004-08-10,5,-0.03601549285689958
2004-08-11,5,0.017808469952902087
2004-08-12,5,0.05679393683497731
2004-08-13,5,0.021079260565727873
2004-08-16,5,0.007104827957676203
2004-08-17,5,-0.040938218864234495
2004-08-18,5,-0.05406824898521485
2004-08-19,5,-0.10171424419032099
2004-08-20,5,-0.05386787221226636
2004-08-23,5,-0.006822939088766158
2004-08-24,5,0.045694991626111556
2004-08-25,5,0.0876025184469563
2004-08-26,5,0.07514627730083837
2004-08-27,5,0.05956228299060726
2004-08-30,5,0.10521652517952708
2004-08-31,5,0.11083084564748633
2004-09-01,5,0.07131959304637232
2004-09-02,5,0.049735097708983454
2004-09-03,5,0.004547864264728594
2004-09-07,5,-0.010083816857012678
2004-09-08,5,-0.03094878113084529
2004-09-09,5,-0.0358876210406179
2004-09-10,5,0.013221234808903363
2004-09-13,5,0.046162519892205905
2004-09-14,5,0.05212147350410904
2004-09-15,5,0.07217444275802519
2004-09-16,5,0.0837414293266237
2004-09-17,5,0.16763971315347512
2004-09-20,5,0.17243251132514356
2004-09-21,5,0.174265555696973
2004-09-22,5,0.12056605907377087
2004-09-23,5,0.10777829022504477
2004-09-24,5,-0.0036622018234679296
2004-09-27,5,-0.012856830530338023
2004-09-28,5,-0.01150605457344027
2004-09-29,5,0.012852331944694182
2004-09-30,5,0.027758725872967606
2004-10-01,5,0.08382526340233526
2004-10-04,5,0.06270301580128416
2004-10-05,5,0.059132450173857605
2004-10-06,5,-0.03734707981307036
2004-10-07,5,0.03167567652130825
2004-10-08,5,0.03178209215315436
2004-10-11,5,0.0586734996717331
2004-10-12,5,0.08539665245228646
2004-10-13,5,0.17074472435396895
2004-10-14,5,0.05125333221218664
2004-10-15,5,0.00903222350374527
2004-10-18,5,0.0047324788347013575
2004-10-19,5,0.010419653157015268
2004-10-20,5,-0.03540647720117268
2004-10-21,5,-0.08698371242825906
2004-10-22,5,-0.08993721571616084
2004-10-25,5,-0.1360524061173954
2004-10-26,5,-0.17772876355803396
2004-10-27,5,-0.11088181133878346
2004-10-28,5,0.027473903388563224
2004-10-29,5,-0.02381201325276999
2004-11-01,5,0.03817892290229941
2004-11-02,5,0.07317210413323413
2004-11-03,5,0.09533098115835442
2004-11-04,5,0.04909538118594334
2004-11-05,5,0.0973896190966071
2004-11-08,5,-0.019829481051353123
2004-11-09,5,-0.06281055713488667
2004-11-10,5,-0.12742351639658656
2004-11-11,5,-0.13993161299441279
2004-11-12,5,-0.09755089846678383
2004-11-15,5,0.0391684630531265
2004-11-16,5,0.09646779914673613
2004-11-17,5,0.12251573111296343
2004-11-18,5,0.131696582133993
2004-11-19,5,0.10364649815802969
2004-11-22,5,0.1243864134225712
2004-11-23,5,-0.010965263370370543
2004-11-24,5,-0.021541387705428926
2004-11-26,5,0.0029345321070629875
2004-11-29,5,0.00399260599407228
2004-11-30,5,-0.07673643190481193
2004-12-01,5,-0.022227912660517525
2004-12-02,5,0.02347946637273684
2004-12-03,5,-0.014972891651336678
2004-12-06,5,0.06542324973640903
2004-12-07,5,0.0594187884164345
2004-12-08,5,0.03124384742580197
2004-12-09,5,0.018930511369776377
2004-12-10,5,0.027996941182537927
2004-12-13,5,-0.023804149233132888
2004-12-14,5,0.018451549443501438
2004-12-15,5,-0.025814309576042777
2004-12-16,5,-0.040294722372030044
2004-12-17,5,-0.08623702818288659
2004-12-20,5,-0.04723595156641131
2004-12-21,5,-0.1047419607845993
2004-12-22,5,-0.15558955433695199
2004-12-23,5,-0.13830161458178164
2004-12-27,5,-0.1115772015486327
2004-12-28,5,-0.06514115901296735
2004-12-29,5,-0.0032869254221851592
2004-12-30,5,0.07663945454100515
2004-12-31,5,0.04255946259341934
2005-01-03,5,0.13347500183574662
2005-01-04,5,0.136336516006527
2005-01-05,5,0.12456996162336154
2005-01-06,5,0.164819925349336
2005-01-07,5,0.17642666227750467
2005-01-10,5,0.1430266759314034
2005-01-11,5,0.1603795650045666
2005-01-12,5,0.1598303051754032
2005-01-13,5,0.08967855271300647
2005-01-14,5,0.0855087939222513
2005-01-18,5,0.054788067031724744
2005-01-19,5,0.005613892787722891
2005-01-20,5,0.04282139991425468
2005-01-21,5,0.06492429167197163
2005-01-24,5,0.08370517977885454
2005-01-25,5,0.10828670528038961
2005-01-26,5,0.11559364215278661
2005-01-27,5,0.1352817239771454
2005-01-28,5,0.11557762214056508
2005-01-31,5,0.06342747565700556
2005-02-01,5,0.03592947099820605
2005-02-02,5,0.019944919411703073
2005-02-03,5,-0.034250068830768886
2005-02-04,5,-0.05772818468038397
2005-02-07,5,-0.03706587337782449
2005-02-08,5,-0.01680725631039298
2005-02-09,5,-0.0014715676181823567
2005-02-10,5,0.04417684948682573
2005-02-11,5,0.11101492085155137
2005-02-14,5,0.04409746247078253
2005-02-15,5,0.06784635725065027
2005-02-16,5,0.07081869072271967
2005-02-17,5,0.07250897126747755
2005-02-18,5,0.08957372020944772
2005-02-22,5,0.04989065311406326
2005-02-23,5,0.12285344822633658
2005-02-24,5,0.08015862281582352
2005-02-25,5,0.07165864659223023
2005-02-28,5,0.07216873787321752
2005-03-01,5,0.11224735211245111
2005-03-02,5,0.00901983520785904
2005-03-03,5,-0.07127158591529811
2005-03-04,5,-0.046288140591531565
2005-03-07,5,-0.07901484022831214
2005-03-08,5,0.0034167196703979107
2005-03-09,5,0.04805801394628781
2005-03-10,5,0.12073768418628027
2005-03-11,5,0.06356102463644511
2005-03-14,5,0.1122858990149591
2005-03-15,5,0.05557072189424777
2005-03-16,5,0.04246793916950456
2005-03-17,5,0.045585258832849834
2005-03-18,5,0.001705041173628476
2005-03-21,5,-0.032996563572495745
2005-03-22,5,-0.07891216313531199
2005-03-23,5,-0.01269459890993022
2005-03-24,5,0.042734220278327954
2005-03-28,5,0.10384485565864815
2005-03-29,5,0.17112273582787646
2005-03-30,5,0.17950583620109137
2005-03-31,5,0.16839461036408668
2005-04-01,5,0.016301024138028666
2005-04-04,5,0.01007014056940436
2005-04-05,5,0.007282086479054753
2005-04-06,5,-0.03930386458503927
2005-04-07,5,-0.06753978873856328
2005-04-08,5,-0.06665112763760825
2005-04-11,5,-0.094081629442034
2005-04-12,5,-0.031758915397044216
2005-04-13,5,0.0020117787583684562
2005-04-14,5,0.06089859764114928
2005-04-15,5,0.10455704440111636
2005-04-18,5,0.1507587675273313
2005-04-19,5,0.06377596870695747
2005-04-20,5,0.07336205807099162
2005-04-21,5,0.06323300444207539
2005-04-22,5,0.054229283138983043
2005-04-25,5,0.03265734779094201
2005-04-26,5,0.03962300432189533
2005-04-27,5,0.02511461660895226
2005-04-28,5,0.0817354297450425
2005-04-29,5,0.13290167035898262
2005-05-02,5,0.08085384257218078
2005-05-03,5,0.06965914918820262
2005-05-04,5,0.10301927036690742
2005-05-05,5,-0.014021250073958236
2005-05-06,5,-0.05601581280734642
2005-05-09,5,-0.05176255191574033
2005-05-10,5,-0.03630080981107452
2005-05-11,5,-0.04610830406559357
2005-05-12,5,0.008237011964492901
2005-05-13,5,0.0028156705010066044
2005-05-16,5,0.026037888574490145
2005-05-17,5,0.0023146253710610632
2005-05-18,5,-0.032972750328371846
2005-05-19,5,0.0029934630932214206
2005-05-20,5,0.05103530173836179
2005-05-23,5,0.054886727735930334
2005-05-24,5,0.03624293472523733
2005-05-25,5,0.027604874672271455
2005-05-26,5,0.024571184011322356
2005-05-27,5,0.051199240358638876
2005-05-31,5,-0.02546623795047432
2005-06-01,5,-0.046198954541199544
2005-06-02,5,0.008589774261288078
2005-06-03,5,-0.03550420902124238
2005-06-06,5,-0.04636770074775995
2005-06-07,5,-0.03707604502121226
2005-06-08,5,0.026281000297677156
2005-06-09,5,-0.0045715648443131925
2005-06-10,5,0.026230428258500804
2005-06-13,5,0.01680621262852695
2005-06-14,5,0.022719284066786603
2005-06-15,5,0.02946785987780052
2005-06-16,5,0.02687705742308805
2005-06-17,5,-0.0017162988702646821
2005-06-20,5,0.042094625406370136
2005-06-21,5,0.050121873949874135
2005-06-22,5,0.045971591021038
2005-06-23,5,0.06449652705678723
2005-06-24,5,0.09017681400633269
2005-06-27,5,0.05966732705674512
2005-06-28,5,0.06428889789891762
2005-06-29,5,0.1076109990742009
2005-06-30,5,0.0535776967721917
2005-07-01,5,0.03677588573008471
2005-07-05,5,0.01999655108998673
2005-07-06,5,-0.005001393735756357
2005-07-07,5,-0.09229496981687065
2005-07-08,5,-0.0637556287723642
2005-07-11,5,-0.0694030228609451
2005-07-12,5,-0.037793936146612264
2005-07-13,5,-0.01746872965074433
2005-07-14,5,-0.0007125495057048488
2005-07-15,5,-0.010067962615471264
2005-07-18,5,-0.047772449520226856
2005-07-19,5,-0.09567055828190242
2005-07-20,5,-0.08468316253317724
2005-07-21,5,0.06366435516287783
2005-07-22,5,0.028250416614287475
2005-07-25,5,0.08929854106983015
2005-07-26,5,0.1000749629549328
2005-07-27,5,0.05863568748903151
2005-07-28,5,-0.02962422318006836
2005-07-29,5,-0.04253939241946826
2005-08-01,5,-0.07796542972949808
2005-08-02,5,-0.07179310861624873
2005-08-03,5,-0.0041471635244966845
2005-08-04,5,0.022633465170200314
2005-08-05,5,0.08054035921160883
2005-08-08,5,0.09852431700956259
2005-08-09,5,0.018032474935932127
2005-08-10,5,-0.0426561555568202
2005-08-11,5,-0.07768995965262661
2005-08-12,5,-0.0590215220936077
2005-08-15,5,-0.046386138652077955
2005-08-16,5,-0.012123316535400306
2005-08-17,5,0.024561942279994715
2005-08-18,5,0.03796667015299951
2005-08-19,5,0.014817078528832423
2005-08-22,5,0.04002632955582578
2005-08-23,5,0.09174384313674004
2005-08-24,5,0.14783612752216094
2005-08-25,5,0.15265057730863857
2005-08-26,5,0.14115096087061577
2005-08-29,5,0.1495106792909269
2005-08-30,5,0.1542389786727992
2005-08-31,5,0.08136168053246277
2005-09-01,5,0.1273146865921109
2005-09-02,5,0.12197462210231672
2005-09-06,5,0.10500190745180045
2005-09-07,5,0.05016619045684322
2005-09-08,5,0.012559878216794907
2005-09-09,5,-0.04567395523999636
2005-09-12,5,0.01641026998471893
2005-09-13,5,-0.043798319534461894
2005-09-14,5,-0.014144697477588711
2005-09-15,5,0.024229448147106127
2005-09-16,5,0.07947682781365978
2005-09-19,5,0.10436825526326925
2005-09-20,5,0.14595806161331923
2005-09-21,5,0.1579162355241421
2005-09-22,5,0.13518844078606995
2005-09-23,5,0.16300503470222324
2005-09-26,5,0.15842910519532663
2005-09-27,5,0.11236135574805221
2005-09-28,5,0.010513953567578102
2005-09-29,5,-0.08581586437972288
2005-09-30,5,-0.0994661037893749
2005-10-03,5,-0.16152034479381994
2005-10-04,5,-0.1514659195593873
2005-10-05,5,-0.14937457993409842
2005-10-06,5,-0.050181781017183236
2005-10-07,5,-0.022071606754541367
2005-10-10,5,0.07653572062619632
2005-10-11,5,0.008881170736260822
2005-10-12,5,0.07678106868588397
2005-10-13,5,0.04115924113500057
2005-10-14,5,0.015468167316742165
2005-10-17,5,0.03619938226588298
2005-10-18,5,0.13129820956721205
2005-10-19,5,0.06744235142343964
2005-10-20,5,0.055201399952192455
2005-10-21,5,0.04862331599481261
2005-10-24,5,0.03895800760018364
2005-10-25,5,0.0024969507082483315
2005-10-26,5,0.05973934514517766
2005-10-27,5,0.12296264462471054
2005-10-28,5,0.06818063140486653
2005-10-31,5,0.023841510876904937
2005-11-01,5,0.02855574000817767
2005-11-02,5,-0.01979575427425987
2005-11-03,5,-0.053865377611622224
2005-11-04,5,-0.029655576729319517
2005-11-07,5,-0.014677990565928193
2005-11-08,5,0.005186567780715508
2005-11-09,5,0.07848866264951104
2005-11-10,5,0.12770444886860208
2005-11-11,5,0.04797852335684282
2005-11-14,5,0.09144083235940265
2005-11-15,5,0.09342332251274378
2005-11-16,5,-0.002812200113740482
2005-11-17,5,-0.04065471855379171
2005-11-18,5,-0.03828898184020816
2005-11-21,5,-0.025156554268852306
2005-11-22,5,-0.06449669813756399
2005-11-23,5,0.03360965756871822
2005-11-25,5,0.035231750317051155
2005-11-28,5,0.07744486924047453
2005-11-29,5,0.05245057542716609
2005-11-30,5,0.019259751320507296
2005-12-01,5,0.05119861283291348
2005-12-02,5,0.011073183780783518
2005-12-05,5,-0.014736963979230735
2005-12-06,5,-0.02002389704280937
2005-12-07,5,-0.00010366450396778198
2005-12-08,5,-0.05661092458284618
2005-12-09,5,-0.011635522236115976
2005-12-12,5,-0.05434303817790428
2005-12-13,5,-0.022469338311442905
2005-12-14,5,0.04037239136275646
2005-12-15,5,0.07233554994884507
2005-12-16,5,0.07184751807908371
2005-12-19,5,0.07118635493994009
2005-12-20,5,0.08290068279632906
2005-12-21,5,0.016571033234184664
2005-12-22,5,-0.0629064655277991
2005-12-23,5,0.0647163747781184
2005-12-27,5,0.08887081098503197
2005-12-28,5,0.07014855859760546
2005-12-29,5,0.10570497607102379
2005-12-30,5,0.14044935670270808
2006-01-03,5,0.09244713654188866
2006-01-04,5,0.0618966496387454
2006-01-05,5,0.06014111196105601
2006-01-06,5,0.016695115368179834
2006-01-09,5,0.031230268546608785
2006-01-10,5,-0.0022255876687595918
2006-01-11,5,0.04674017889279401
2006-01-12,5,0.0336348713046461
2006-01-13,5,0.03161262853375601
2006-01-17,5,0.025922520656594745
2006-01-18,5,0.007542500127099027
2006-01-19,5,0.014113818968165682
2006-01-20,5,0.05160778234035279
2006-01-23,5,0.07437239827300486
2006-01-24,5,0.08295190022362857
2006-01-25,5,0.0981639345629984
2006-01-26,5,0.021728197482188506
2006-01-27,5,0.005764484005498617
2006-01-30,5,0.03012194671392458
2006-01-31,5,-0.04468753442408729
2006-02-01,5,-0.052297461754470864
2006-02-02,5,-0.04880464516671342
2006-02-03,5,-0.07987297832394953
2006-02-06,5,-0.11567820380052728
2006-02-07,5,-0.06582613193823585
2006-02-08,5,-0.053984483154014204
2006-02-09,5,-0.0014440110488959325
2006-02-10,5,0.04277156374859233
2006-02-13,5,0.1245692058672884
2006-02-14,5,0.1171420927063198
2006-02-15,5,0.13406588984779422
2006-02-16,5,0.09172107252376115
2006-02-17,5,0.06923603561250677
2006-02-21,5,0.006819839202090119
2006-02-22,5,0.10214516598109663
2006-02-23,5,0.13585534560104762
2006-02-24,5,0.11803042439618203
2006-02-27,5,0.06005380689942607
2006-02-28,5,-0.004483789857202336
2006-03-01,5,-0.11750836457561575
2006-03-02,5,-0.14307254527976526
2006-03-03,5,-0.112988462356127
2006-03-06,5,-0.047582990812508844
2006-03-07,5,0.10614014399307457
2006-03-08,5,0.17224670965628702
2006-03-09,5,0.18324144408927887
2006-03-10,5,0.13779400183257862
2006-03-13,5,0.09506060549723479
2006-03-14,5,0.024184505103755097
2006-03-15,5,-0.02730980070215044
2006-03-16,5,-0.02687526181915497
2006-03-17,5,0.04448153899451425
2006-03-20,5,0.061492033522993164
2006-03-21,5,0.10027414652469381
2006-03-22,5,0.14390638092750022
2006-03-23,5,0.11492056411698705
2006-03-24,5,0.11260051588735491
2006-03-27,5,0.14145439234780507
2006-03-28,5,0.13933148164565698
2006-03-29,5,0.13878865360520828
2006-03-30,5,0.1692579592829835
2006-03-31,5,0.09932994446285864
2006-04-03,5,0.013815905283106259
2006-04-04,5,-0.06517106910480396
2006-04-05,5,-0.044130377094379385
2006-04-06,5,-0.029316508970133204
2006-04-07,5,0.042102360165890154
2006-04-10,5,0.13871053456258817
2006-04-11,5,0.19453219496387217
2006-04-12,5,0.12839276283671378
2006-04-13,5,0.10081689601386808
2006-04-17,5,0.08215071803805263
2006-04-18,5,0.006772239809307042
2006-04-19,5,-0.040557179708357836
2006-04-20,5,-0.0865344653591284
2006-04-21,5,-0.06854130522477819
2006-04-24,5,-0.02217544608277002
2006-04-25,5,0.03957938839680362
2006-04-26,5,0.08447432357448138
2006-04-27,5,0.18727656061557071
2006-04-28,5,0.2023077683167104
2006-05-01,5,0.11045176938911441
2006-05-02,5,0.10571661626855834
2006-05-03,5,0.05817109743597072
2006-05-04,5,-0.05493086662426858
2006-05-05,5,-0.18916099197882894
2006-05-08,5,-0.26290879634604186
2006-05-09,5,-0.2717162188915489
2006-05-10,5,-0.3332698601410201
2006-05-11,5,-0.30878780975214715
2006-05-12,5,-0.21335992521408872
2006-05-15,5,-0.2190928835187494
2006-05-16,5,-0.22050713395423444
2006-05-17,5,-0.21369418677207971
2006-05-18,5,0.022245092870695083
2006-05-19,5,0.026780662977858125
2006-05-22,5,0.05890775807670779
2006-05-23,5,0.01315576424103294
2006-05-24,5,0.20356947651512813
2006-05-25,5,0.13954619677217156
2006-05-26,5,0.0026403905636595577
2006-05-30,5,0.05319778272703411
2006-05-31,5,-0.09843388495005997
2006-06-01,5,-0.24098914430863388
2006-06-02,5,-0.27425917450809945
2006-06-05,5,-0.33238035700913615
2006-06-06,5,-0.36615053742700954
2006-06-07,5,-0.2897656636265257
2006-06-08,5,-0.013886083944354633
2006-06-09,5,-0.03125837576787711
2006-06-12,5,0.12240185462871422
2006-06-13,5,0.24327009734313665
2006-06-14,5,0.28379766291843256
2006-06-15,5,0.09749011848743691
2006-06-16,5,0.22708428343899262
2006-06-19,5,0.23627908732430253
2006-06-20,5,0.1864664394328611
2006-06-21,5,0.11310488788990099
2006-06-22,5,0.20629616729361613
2006-06-23,5,0.1777308148813089
2006-06-26,5,0.23493383956202324
2006-06-27,5,0.190960039027226
2006-06-28,5,0.18593671466542785
2006-06-29,5,0.0020471669440776945
2006-06-30,5,-0.0998966734518226
2006-07-03,5,-0.10797547706442054
2006-07-05,5,-0.054204246020933565
2006-07-06,5,-0.10237684564279073
2006-07-07,5,-0.08485569347593916
2006-07-10,5,-0.07746529855890337
2006-07-11,5,-0.07577369574802355
2006-07-12,5,-0.012774595649394246
2006-07-13,5,-0.019879336176934034
2006-07-14,5,-0.08108366914691334
2006-07-17,5,0.025244943049135715
2006-07-18,5,0.006019954261626956
2006-07-19,5,-0.08682474817264262
2006-07-20,5,-0.06776669158436484
2006-07-21,5,0.05636532729758986
2006-07-24,5,0.029235938219128937
2006-07-25,5,-0.004258054311588314
2006-07-26,5,0.0715510539878643
2006-07-27,5,0.13042270482230442
2006-07-28,5,0.006130641499591011
2006-07-31,5,-0.01993533381985683
2006-08-01,5,0.014837726174104577
2006-08-02,5,0.006295821365351433
2006-08-03,5,-0.0332354778215614
2006-08-04,5,-0.026058749369709713
2006-08-07,5,-0.04981437967935301
2006-08-08,5,0.02047105355072405
2006-08-09,5,0.046466329747914856
2006-08-10,5,-0.051024649873624164
2006-08-11,5,-0.027179722637869483
2006-08-14,5,0.003928792487259521
2006-08-15,5,-0.028365711849891336
2006-08-16,5,-0.058342548833032006
2006-08-17,5,0.01425957957717592
2006-08-18,5,-0.0006264774352787268
2006-08-21,5,-0.04209133432477562
2006-08-22,5,-0.10218834182464237
2006-08-23,5,-0.1270882706305243
2006-08-24,5,-0.08693134041502126
2006-08-25,5,-0.06586717194022869
2006-08-28,5,-0.03276406004002696
2006-08-29,5,-0.042434655499761845
2006-08-30,5,0.002069885578590105
2006-08-31,5,-0.013866195656574846
2006-09-01,5,-0.07473079451395388
2006-09-05,5,-0.11929772771353021
2006-09-06,5,-0.0737447002475075
2006-09-07,5,-0.11321386862946071
2006-09-08,5,-0.13008117948957476
2006-09-11,5,-0.036056343111904976
2006-09-12,5,-0.0053899981891509996
2006-09-13,5,-0.04056251024678263
2006-09-14,5,0.02659991430422904
2006-09-15,5,0.04183439374665051
2006-09-18,5,0.0006258221645021757
2006-09-19,5,0.022657694428044318
2006-09-20,5,0.06662637645661632
2006-09-21,5,0.031800481529694405
2006-09-22,5,0.08655026907220659
2006-09-25,5,0.0870142713719883
2006-09-26,5,0.013071525249189423
2006-09-27,5,0.011853529815912691
2006-09-28,5,0.05580951478939917
2006-09-29,5,0.0072709333404795875
2006-10-02,5,0.017648698571321376
2006-10-03,5,0.08191631658527641
2006-10-04,5,0.019226618506625385
2006-10-05,5,-0.003494866348812508
2006-10-06,5,0.03910427169201333
2006-10-09,5,0.024795961385855644
2006-10-10,5,-0.0007436128237927825
2006-10-11,5,-0.011153465690115896
2006-10-12,5,0.005330673311662771
2006-10-13,5,-0.03598827394599062
2006-10-16,5,-0.005297358161245183
2006-10-17,5,0.03652433307264397
2006-10-18,5,0.02741148367810708
2006-10-19,5,-0.011613992310767277
2006-10-20,5,-0.04073039551882064
2006-10-23,5,-0.08533031601310258
2006-10-24,5,-0.10591651849776033
2006-10-25,5,-0.1260223372969919
2006-10-26,5,-0.12154484685101871
2006-10-27,5,-0.06579357181910252
2006-10-30,5,-0.012745085425764682
2006-10-31,5,0.006494077160569004
2006-11-01,5,0.04774292607162545
2006-11-02,5,0.044006622941376534
2006-11-03,5,0.01923153293552109
2006-11-06,5,-0.03346356935281247
2006-11-07,5,-0.06572375362920678
2006-11-08,5,-0.06321223259719715
2006-11-09,5,-0.06985623522975583
2006-11-10,5,-0.07802367040789325
2006-11-13,5,-0.040797468719758236
2006-11-14,5,-0.017291295619888403
2006-11-15,5,-0.01411571078526365
2006-11-16,5,0.03877634522307395
2006-11-17,5,0.03075846732096846
2006-11-20,5,0.01968226568915651
2006-11-21,5,0.023394503240946555
2006-11-22,5,-0.013244924257337694
2006-11-24,5,-0.029725529603666315
2006-11-27,5,0.0509461530620413
2006-11-28,5,0.051008071678927666
2006-11-29,5,0.024535177086969083
2006-11-30,5,0.0693513283465021
2006-12-01,5,0.10534783572327412
2006-12-04,5,0.042309702885325345
2006-12-05,5,0.0031793244881228315
2006-12-06,5,0.027626165459541403
2006-12-07,5,0.02292934369079779
2006-12-08,5,-0.031090191754164633
2006-12-11,5,-0.06678405777837086
2006-12-12,5,0.021280292339242033
2006-12-13,5,-0.033382010492618096
2006-12-14,5,-0.030886780917497497
2006-12-15,5,-0.01590219559763772
2006-12-18,5,-0.01147221049612637
2006-12-19,5,-0.02132521610842315
2006-12-20,5,-0.019780550456400568
2006-12-21,5,-0.024452898027092714
2006-12-22,5,-0.034407854194742786
2006-12-26,5,-0.0057662557979822554
2006-12-27,5,-0.04816496687663189
2006-12-28,5,-0.00429141585484207
2006-12-29,5,0.018262400097728494
2007-01-03,5,0.046359518262594726
2007-01-04,5,0.11233947209205816
2007-01-05,5,0.11183872231193183
2007-01-08,5,0.04387438209561117
2007-01-09,5,0.05699146198076874
2007-01-10,5,0.0019713262339197796
2007-01-11,5,-0.007284361446460463
2007-01-12,5,-0.016653812060339914
2007-01-16,5,0.01315505785436403
2007-01-17,5,0.029194534087260075
2007-01-18,5,0.017563879960507074
2007-01-19,5,0.028901191113039022
2007-01-22,5,0.02669842109764646
2007-01-23,5,-0.012034076369886189
2007-01-24,5,-0.032218590390357967
2007-01-25,5,-0.004346415313287098
2007-01-26,5,-0.04810003803657672
2007-01-29,5,-0.03157633943725827
2007-01-30,5,0.004416343977838863
2007-01-31,5,0.02593375690520376
2007-02-01,5,0.03777525188798229
2007-02-02,5,0.05574231259504897
2007-02-05,5,-0.013128679706711971
2007-02-06,5,0.010825094578522734
2007-02-07,5,0.004211068136983129
2007-02-08,5,0.0055469133438768555
2007-02-09,5,-0.019983528307051565
2007-02-12,5,0.04961707353879743
2007-02-13,5,0.027555710326287484
2007-02-14,5,-0.0193686601160817
2007-02-15,5,-0.03860708904220624
2007-02-16,5,-0.030449702068774186
2007-02-20,5,-0.08918634794449581
2007-02-21,5,-0.04701228498640727
2007-02-22,5,-0.0016293946688795986
2007-02-23,5,0.016298663352634232
2007-02-26,5,0.0499350803881438
2007-02-27,5,0.16114764397845532
2007-02-28,5,0.1318191211106358
2007-03-01,5,0.22907991388613472
2007-03-02,5,0.23375916225949558
2007-03-05,5,0.223048635135672
2007-03-06,5,0.1523845876315589
2007-03-07,5,0.13137843757923143
2007-03-08,5,0.06479137170062368
2007-03-09,5,0.0680812074807111
2007-03-12,5,0.08252311982971289
2007-03-13,5,0.11699404396270592
2007-03-14,5,0.12585786989922804
2007-03-15,5,0.08234229464502602
2007-03-16,5,0.03483609434405863
2007-03-19,5,0.019104750976317333
2007-03-20,5,-0.005556975355666903
2007-03-21,5,0.005663651659329591
2007-03-22,5,0.019489517132769047
2007-03-23,5,0.049862505145411434
2007-03-26,5,0.052633533594476686
2007-03-27,5,0.11386666141415332
2007-03-28,5,0.1272951450605617
2007-03-29,5,0.13479071770087878
2007-03-30,5,0.13901877182625222
2007-04-02,5,0.094689456423517
2007-04-03,5,0.04417962802825902
2007-04-04,5,0.01830605519601817
2007-04-05,5,-0.02404939772793435
2007-04-09,5,-0.07290877336030897
2007-04-10,5,-0.06889367653035747
2007-04-11,5,-0.07208786928216063
2007-04-12,5,-0.09353997519270021
2007-04-13,5,-0.0416951312424842
2007-04-16,5,0.05300855850700302
2007-04-17,5,0.009539491188536335
2007-04-18,5,0.037835909562701046
2007-04-19,5,0.04570040280089326
2007-04-20,5,0.061936822140869374
2007-04-23,5,0.008471701822312676
2007-04-24,5,0.02147329080033206
2007-04-25,5,0.04964429900565208
2007-04-26,5,0.0630459233727238
2007-04-27,5,0.05225862147969489
2007-04-30,5,0.05734372227054825
2007-05-01,5,0.0759940780069318
2007-05-02,5,0.06249961174134572
2007-05-03,5,0.092866075469385
2007-05-04,5,0.06513802873949194
2007-05-07,5,0.0654715895447291
2007-05-08,5,0.06654686960570012
2007-05-09,5,0.03468941863276655
2007-05-10,5,0.004210526948079258
2007-05-11,5,-0.0022165990765579398
2007-05-14,5,0.02059099423881072
2007-05-15,5,-0.03600730680293394
2007-05-16,5,-0.03443838267198258
2007-05-17,5,-0.09751408689901078
2007-05-18,5,-0.07867166840047117
2007-05-21,5,-0.05729376965022191
2007-05-22,5,0.03800011739072484
2007-05-23,5,0.0666683266166057
2007-05-24,5,0.14996160941710684
2007-05-25,5,0.1409826415716167
2007-05-29,5,0.11244319908151534
2007-05-30,5,0.06342244339175836
2007-05-31,5,-0.00870376359877268
2007-06-01,5,-0.03342266309326119
2007-06-04,5,-0.02811738325038019
2007-06-05,5,-0.03239987857678214
2007-06-06,5,0.02361565857617025
2007-06-07,5,0.11252732707571707
2007-06-08,5,0.12707750771035947
2007-06-11,5,0.09424364218465288
2007-06-12,5,0.11535574421413738
2007-06-13,5,0.004962536929089597
2007-06-14,5,-0.001995076165822182
2007-06-15,5,-0.048490840237116126
2007-06-18,5,-0.06473415904795068
2007-06-19,5,-0.0961454776530953
2007-06-20,5,-0.04249183421455113
2007-06-21,5,-0.03433970070277843
2007-06-22,5,0.06160073866499883
2007-06-25,5,0.19000533167658654
2007-06-26,5,0.2319408351011898
2007-06-27,5,0.2521967894732733
2007-06-28,5,0.22652642094870387
2007-06-29,5,0.13379376849116303
2007-07-02,5,0.03160006144537432
2007-07-03,5,0.07018137558061699
2007-07-05,5,0.047023039001369206
2007-07-06,5,0.032828509561633225
2007-07-09,5,0.07391330996378351
2007-07-10,5,0.10246999365778285
2007-07-11,5,0.08234092238304473
2007-07-12,5,0.04457286945230707
2007-07-13,5,0.007390491574576432
2007-07-16,5,0.06027965460016891
2007-07-17,5,-0.005227587031498145
2007-07-18,5,-0.059100474622181695
2007-07-19,5,-0.10043378762829751
2007-07-20,5,-0.07832006147803605
2007-07-23,5,-0.08433950323985727
2007-07-24,5,-0.028672902528874854
2007-07-25,5,0.03417496377685586
2007-07-26,5,0.13273593707913192
2007-07-27,5,0.1214872968929047
2007-07-30,5,0.03192125736383234
2007-07-31,5,0.004871399196875049
2007-08-01,5,-0.10308394434627066
2007-08-02,5,-0.18489969692384514
2007-08-03,5,-0.12199158251351284
2007-08-06,5,0.03454791736295433
2007-08-07,5,0.00656254712628904
2007-08-08,5,0.09994078495498139
2007-08-09,5,0.09109780937925412
2007-08-10,5,-0.011643728370937797
2007-08-13,5,-0.10740686500613672
2007-08-14,5,0.010000157522222506
2007-08-15,5,0.16167779354527317
2007-08-16,5,0.30156434502997864
2007-08-17,5,0.31835578454725244
2007-08-20,5,0.25145584789073744
2007-08-21,5,0.13959562325055996
2007-08-22,5,0.12057105494637602
2007-08-23,5,0.08906405913976222
2007-08-24,5,0.07380657657129042
2007-08-27,5,0.08084795656644495
2007-08-28,5,0.15981257187507486
2007-08-29,5,0.12208946205421736
2007-08-30,5,0.07326046151724235
2007-08-31,5,0.09790039499713492
2007-09-04,5,0.14006627399845323
2007-09-05,5,0.11118643041609706
2007-09-06,5,0.12404800668566149
2007-09-07,5,0.15089551778892818
2007-09-10,5,0.11693463018447636
2007-09-11,5,0.10755625489557992
2007-09-12,5,0.11146645956990232
2007-09-13,5,0.154137571538014
2007-09-14,5,0.20084955926929673
2007-09-17,5,0.21887112817054663
2007-09-18,5,0.23341010026670314
2007-09-19,5,0.22134229859619717
2007-09-20,5,0.18583561366013396
2007-09-21,5,0.15710216904408658
2007-09-24,5,0.15931911536499263
2007-09-25,5,0.015061631106029472
2007-09-26,5,-0.06105362786102694
2007-09-27,5,-0.04286045719348477
2007-09-28,5,-0.03090292373332365
2007-10-01,5,-0.009685015446460294
2007-10-02,5,0.07237735539331694
2007-10-03,5,0.15644433225556667
2007-10-04,5,0.06358691398617598
2007-10-05,5,0.1719528280345045
2007-10-08,5,0.1761496908991543
2007-10-09,5,0.17873381883317385
2007-10-10,5,0.1916757782470336
2007-10-11,5,0.2709101051904967
2007-10-12,5,0.15664444583927173
2007-10-15,5,0.07110165468379848
2007-10-16,5,0.10939302905112977
2007-10-17,5,0.08004434730639279
2007-10-18,5,0.004367817606099906
2007-10-19,5,0.07147712684491124
2007-10-22,5,0.141535127371385
2007-10-23,5,-0.003392566870898131
2007-10-24,5,0.021404403369614772
2007-10-25,5,0.043954911844671374
2007-10-26,5,0.04280316934867496
2007-10-29,5,0.016145993960650824
2007-10-30,5,0.12070103852427015
2007-10-31,5,0.10843097740561843
2007-11-01,5,0.06801485582838397
2007-11-02,5,-0.025752879371150138
2007-11-05,5,-0.18326237325200004
2007-11-06,5,-0.2545731952455419
2007-11-07,5,-0.22944414508870853
2007-11-08,5,-0.21136368515884799
2007-11-09,5,-0.08462106516034729
2007-11-12,5,0.13898175933714335
2007-11-13,5,0.1655170843855784
2007-11-14,5,0.08770237799110918
2007-11-15,5,0.08710209213686439
2007-11-16,5,0.1110536282146668
2007-11-19,5,0.14610232281143937
2007-11-20,5,0.14015849255605145
2007-11-21,5,0.18893014516513448
2007-11-23,5,0.15516127666479476
2007-11-26,5,0.15968152076819975
2007-11-27,5,0.1664860410226406
2007-11-28,5,0.12517645793590457
2007-11-29,5,0.05203128876627944
2007-11-30,5,0.032303988399487414
2007-12-03,5,-0.09011669413334152
2007-12-04,5,-0.14259474793496799
2007-12-05,5,-0.1282907623953322
2007-12-06,5,-0.04166078400821057
2007-12-07,5,0.06781390198379918
2007-12-10,5,0.09935175096258744
2007-12-11,5,0.09041687693333221
2007-12-12,5,0.09869823909639454
2007-12-13,5,0.07824519600439625
2007-12-14,5,0.02022524350210167
2007-12-17,5,0.048394551239558305
2007-12-18,5,0.08526379061639147
2007-12-19,5,0.08546159577677921
2007-12-20,5,0.13431824895176384
2007-12-21,5,0.11196341946709797
2007-12-24,5,0.15256385046175663
2007-12-26,5,0.22910862556013914
2007-12-27,5,0.20066308541611252
2007-12-28,5,0.07705427876937375
2007-12-31,5,0.09211968450080162
2008-01-02,5,0.1004921430683164
2008-01-03,5,-0.07190880572874117
2008-01-04,5,-0.09594302104140587
2008-01-07,5,-0.008620302455601948
2008-01-08,5,-0.06320181820435433
2008-01-09,5,-0.28798509093802144
2008-01-10,5,-0.2933147004637089
2008-01-11,5,-0.22318899620080387
2008-01-14,5,-0.2304406848357464
2008-01-15,5,-0.28006893768731134
2008-01-16,5,-0.1170302682262174
2008-01-17,5,-0.06263624789788388
2008-01-18,5,-0.16037927419623535
2008-01-22,5,-0.1900568684503684
2008-01-23,5,-0.06445145948997891
2008-01-24,5,-0.14476020645547552
2008-01-25,5,-0.16679097095639567
2008-01-28,5,-0.10242590538601765
2008-01-29,5,-0.04072930840302115
2008-01-30,5,-0.06286814412137827
2008-01-31,5,-0.0037638241946236534
2008-02-01,5,0.09490683956569165
2008-02-04,5,0.12941629778608743
2008-02-05,5,0.13000452989720748
2008-02-06,5,0.14003263660555143
2008-02-07,5,0.2097119231837323
2008-02-08,5,0.12178136114108831
2008-02-11,5,0.07465548973691827
2008-02-12,5,0.054108160254665645
2008-02-13,5,0.08960287875544487
2008-02-14,5,0.03426617087910685
2008-02-15,5,0.01605645378297401
2008-02-19,5,-0.048757269958197805
2008-02-20,5,-0.011335267414390667
2008-02-21,5,0.09263110976702006
2008-02-22,5,0.10812340771947206
2008-02-25,5,0.159768431848697
2008-02-26,5,0.16135608190634074
2008-02-27,5,0.2293417482310709
2008-02-28,5,0.20780154399758285
2008-02-29,5,0.1627928488497669
2008-03-03,5,0.05734491897339712
2008-03-04,5,0.0897346112874049
2008-03-05,5,0.059985513246731334
2008-03-06,5,-0.010771830532587623
2008-03-07,5,0.08808080894834552
2008-03-10,5,0.08965275304607652
2008-03-11,5,0.08082375989037469
2008-03-12,5,-0.06021608489925226
2008-03-13,5,-0.10013495242985511
2008-03-14,5,-0.22600618403581046
2008-03-17,5,-0.21412795291995382
2008-03-18,5,-0.17338024222701823
2008-03-19,5,-0.08394045454094526
2008-03-20,5,0.02229943624460597
2008-03-24,5,0.09531974813435655
2008-03-25,5,0.02222216462218581
2008-03-26,5,-0.06629796034438579
2008-03-27,5,-0.0540851009308242
2008-03-28,5,-0.06627402862808103
2008-03-31,5,-0.03190521756597657
2008-04-01,5,0.05778989137291188
2008-04-02,5,0.1628527642921458
2008-04-03,5,0.16386866270091965
2008-04-04,5,0.18493741070852748
2008-04-07,5,0.23353420402033062
2008-04-08,5,0.20742603518210603
2008-04-09,5,0.16283894267931345
2008-04-10,5,0.1898941533641807
2008-04-11,5,0.12255454157921024
2008-04-14,5,0.13058707362175584
2008-04-15,5,0.19859818389796344
2008-04-16,5,0.13751960991661513
2008-04-17,5,-0.0414282455828111
2008-04-18,5,-0.028904809760519654
2008-04-21,5,-0.12490250768380887
2008-04-22,5,-0.2550510579272338
2008-04-23,5,-0.2790528536682642
2008-04-24,5,-0.23258602132936435
2008-04-25,5,-0.1790055854231055
2008-04-28,5,-0.08222319201303474
2008-04-29,5,0.030691694263712748
2008-04-30,5,0.06028672923492978
2008-05-01,5,0.16323254249452507
2008-05-02,5,0.1440437024484033
2008-05-05,5,0.07454517708097333
2008-05-06,5,0.08527461687254806
2008-05-07,5,0.011046701210962486
2008-05-08,5,-0.046135750973412465
2008-05-09,5,-0.011800861384736414
2008-05-12,5,-0.028883378543235767
2008-05-13,5,-0.012361005239139187
2008-05-14,5,0.03935356442868746
2008-05-15,5,0.008731326184681622
2008-05-16,5,-0.008840943443547631
2008-05-19,5,-0.0008530888388731704
2008-05-20,5,0.012114635331757025
2008-05-21,5,-0.05064040641720714
2008-05-22,5,0.038074728925902926
2008-05-23,5,0.05747041578325965
2008-05-27,5,0.04891405381919421
2008-05-28,5,-0.044165647092944356
2008-05-29,5,0.07115722116133733
2008-05-30,5,0.10622556499225828
2008-06-02,5,0.14294049618237972
2008-06-03,5,0.15247533214513528
2008-06-04,5,0.20719833078249705
2008-06-05,5,0.19310361750254046
2008-06-06,5,0.12241191658016295
2008-06-09,5,0.03596337380621641
2008-06-10,5,0.15120242298476963
2008-06-11,5,0.1550952425034574
2008-06-12,5,0.15482802358706246
2008-06-13,5,0.20407070272167244
2008-06-16,5,0.2560691571010175
2008-06-17,5,0.16918988146927375
2008-06-18,5,0.06107035240644592
2008-06-19,5,0.13753400907014057
2008-06-20,5,0.20016771970878747
2008-06-23,5,0.13739853608172262
2008-06-24,5,0.2022501547247889
2008-06-25,5,0.17782481254553842
2008-06-26,5,0.13336446272875746
2008-06-27,5,0.07976270954890842
2008-06-30,5,-0.03949662733789726
2008-07-01,5,-0.018858668619356693
2008-07-02,5,0.09140574084720782
2008-07-03,5,0.1549311101513439
2008-07-07,5,0.20143345196723716
2008-07-08,5,0.24937777555165483
2008-07-09,5,0.028487467026073642
2008-07-10,5,-0.19405726768976342
2008-07-11,5,-0.1747887891547091
2008-07-14,5,-0.24181807431322508
2008-07-15,5,-0.2914493898212613
2008-07-16,5,-0.30780305301827326
2008-07-17,5,-0.19874617996585675
2008-07-18,5,-0.16365183439423506
2008-07-21,5,-0.12328334296159549
2008-07-22,5,-0.07274536570553408
2008-07-23,5,0.16006113205741973
2008-07-24,5,0.03166146505811088
2008-07-25,5,-0.02859778440977866
2008-07-28,5,-0.15212098750189337
2008-07-29,5,-0.16257905623857208
2008-07-30,5,-0.20629782103188649
2008-07-31,5,-0.1473243886918271
2008-08-01,5,-0.21189693354665123
2008-08-04,5,-0.24905384313739679
2008-08-05,5,-0.21059715450573896
2008-08-06,5,-0.158717376533791
2008-08-07,5,-0.23314774538484465
2008-08-08,5,-0.18161890950018372
2008-08-11,5,0.010863098073294157
2008-08-12,5,0.1437189772561792
2008-08-13,5,0.14594768061470728
2008-08-14,5,0.17906615119127006
2008-08-15,5,0.20481146982574425
2008-08-18,5,0.19373555283760924
2008-08-19,5,0.09373226223763952
2008-08-20,5,0.005707261857012582
2008-08-21,5,-0.13620214972278213
2008-08-22,5,-0.015353171524428832
2008-08-25,5,-0.19042798325516988
2008-08-26,5,-0.247526205630014
2008-08-27,5,-0.2376515152369026
2008-08-28,5,-0.18817567256169856
2008-08-29,5,-0.19624946565230122
2008-09-02,5,-0.16901656616172853
2008-09-03,5,-0.042734210982507265
2008-09-04,5,-0.009619731697402382
2008-09-05,5,0.000204202936898428
2008-09-08,5,0.11223849134794193
2008-09-09,5,0.21322675776705335
2008-09-10,5,0.09210256693913288
2008-09-11,5,-0.016304842605915977
2008-09-12,5,0.0016636733917281786
2008-09-15,5,0.05188489311576979
2008-09-16,5,0.04089385730171941
2008-09-17,5,0.06051394138231727
2008-09-18,5,0.14009992014870976
2008-09-19,5,0.09220827109744117
2008-09-22,5,0.03481396553014027
2008-09-23,5,0.07609103660011429
2008-09-24,5,0.01758566947441592
2008-09-25,5,-0.004014432520247805
2008-09-26,5,0.03535118238913656
2008-09-29,5,0.07014539109441166
2008-09-30,5,0.05971290223854691
2008-10-01,5,0.13607169772906993
2008-10-02,5,0.1815872255635989
2008-10-03,5,0.1594511936136729
2008-10-06,5,0.09531622135067709
2008-10-07,5,0.10229963827901188
2008-10-08,5,0.07505315184636335
2008-10-09,5,0.09723439834687263
2008-10-10,5,0.06124282616365015
2008-10-13,5,0.1198632261855106
2008-10-14,5,0.13629209199531056
2008-10-15,5,0.1000157800300615
2008-10-16,5,0.04255678912490028
2008-10-17,5,0.05779492522186822
2008-10-20,5,0.050595244493073586
2008-10-21,5,0.06233808916345501
2008-10-22,5,0.07093808077575287
2008-10-23,5,0.005008832676970437
2008-10-24,5,-0.016938956596865215
2008-10-27,5,-0.09600224417520119
2008-10-28,5,-0.1253408740138974
2008-10-29,5,-0.14625658224749805
2008-10-30,5,0.021804892714813808
2008-10-31,5,0.03907838090221492
2008-11-03,5,0.1397432979687082
2008-11-04,5,0.23925681686149955
2008-11-05,5,0.27487832177514054
2008-11-06,5,0.18942385526473868
2008-11-07,5,0.2538817518475443
2008-11-10,5,0.23241700012176847
2008-11-11,5,0.1866053715311603
2008-11-12,5,0.1650978892748954
2008-11-13,5,0.2248718092645833
2008-11-14,5,0.19110473743163658
2008-11-17,5,0.09775123395049988
2008-11-18,5,0.059609718104050836
2008-11-19,5,-0.10666087020495446
2008-11-20,5,-0.2734363244162467
2008-11-21,5,-0.16919378096480533
2008-11-24,5,-0.15355620888058366
2008-11-25,5,-0.10563600227907742
2008-11-26,5,0.06205541478260032
2008-11-28,5,0.09169469828211026
2008-12-01,5,-0.13515627165148333
2008-12-02,5,-0.1494446739637435
2008-12-03,5,-0.1881078437807778
2008-12-04,5,-0.208065781126752
2008-12-05,5,-0.1987794023157546
2008-12-08,5,-0.03147474000838404
2008-12-09,5,-0.027949791524179615
2008-12-10,5,-0.031320348357528234
2008-12-11,5,0.005553385735695933
2008-12-12,5,-0.04005792938429334
2008-12-15,5,-0.04906233705638363
2008-12-16,5,0.04989694874267815
2008-12-17,5,0.11417727609351787
2008-12-18,5,0.03806241539442124
2008-12-19,5,0.23737156820200797
2008-12-22,5,0.0925986519774234
2008-12-23,5,-0.10207299332640887
2008-12-24,5,-0.29251542430179406
2008-12-26,5,-0.29482922037271925
2008-12-29,5,-0.45584349917032535
2008-12-30,5,-0.42609885531200736
2008-12-31,5,-0.39838557429198357
2009-01-02,5,-0.2422309951282723
2009-01-05,5,-0.0167287429797619
2009-01-06,5,0.19777831256972064
2009-01-07,5,0.1988107426240874
2009-01-08,5,0.28810166910625273
2009-01-09,5,0.2764221245945814
2009-01-12,5,0.2760480620500582
2009-01-13,5,0.22194804575947508
2009-01-14,5,0.20643668248978317
2009-01-15,5,0.11448445996408733
2009-01-16,5,0.09186202306886133
2009-01-20,5,-0.05654321300978526
2009-01-21,5,-0.085327428745713
2009-01-22,5,-0.06887648156391792
2009-01-23,5,0.034708516170397385
2009-01-26,5,0.060780352979413685
2009-01-27,5,0.1319519099458853
2009-01-28,5,0.16017760146594348
2009-01-29,5,0.04577960076018596
2009-01-30,5,-0.11665690413444939
2009-02-02,5,-0.13980777604647335
2009-02-03,5,-0.08850606109149248
2009-02-04,5,-0.09129406486312677
2009-02-05,5,-0.03502962671232389
2009-02-06,5,0.06896882418538115
2009-02-09,5,0.19593920706710527
2009-02-10,5,0.1336843735119129
2009-02-11,5,0.18485282758109073
2009-02-12,5,0.203111369873305
2009-02-13,5,0.23559762974685003
2009-02-17,5,0.0756895188819355
2009-02-18,5,0.1585765543494688
2009-02-19,5,0.10415326259331592
2009-02-20,5,0.08957345892288202
2009-02-23,5,0.1834498694996563
2009-02-24,5,0.23740542601578551
2009-02-25,5,0.14831760586897857
2009-02-26,5,0.24958663439026202
2009-02-27,5,0.25048290138494
2009-03-02,5,0.12483849546377634
2009-03-03,5,-0.04332110052268328
2009-03-04,5,-0.013563365409375432
2009-03-05,5,-0.18019086092913353
2009-03-06,5,-0.23835631709993713
2009-03-09,5,-0.28729311376803296
2009-03-10,5,-0.19673991363408697
2009-03-11,5,-0.21745857981605127
2009-03-12,5,-0.25403691835729975
2009-03-13,5,-0.18758447168928727
2009-03-16,5,-0.23059184873209
2009-03-17,5,-0.3049011231689336
2009-03-18,5,-0.25726627618061315
2009-03-19,5,-0.2361608337874622
2009-03-20,5,-0.27643752887523765
2009-03-23,5,0.10424881391651998
2009-03-24,5,0.12553714606113806
2009-03-25,5,0.03637871950529557
2009-03-26,5,-0.07247937104525526
2009-03-27,5,-0.21107123430522415
2009-03-30,5,-0.38010284279128126
2009-03-31,5,-0.3548895086570087
2009-04-01,5,-0.2696197808288516
2009-04-02,5,-0.3123112035589781
2009-04-03,5,-0.2580312682502257
2009-04-06,5,-0.2595072944351363
2009-04-07,5,-0.37156820162812704
2009-04-08,5,-0.38321335356229363
2009-04-09,5,-0.28660270551985045
2009-04-13,5,-0.008537676489741111
2009-04-14,5,-0.1725406238852103
2009-04-15,5,-0.16672893963557994
2009-04-16,5,-0.09619832623657582
2009-04-17,5,-0.1162949933687845
2009-04-20,5,-0.24457580575003576
2009-04-21,5,-0.09385518284499818
2009-04-22,5,-0.14596411493679326
2009-04-23,5,-0.2221536698709488
2009-04-24,5,-0.20992013838730023
2009-04-27,5,-0.34781626055055836
2009-04-28,5,-0.36136538678283986
2009-04-29,5,-0.31985731058679284
2009-04-30,5,-0.2317473749418002
2009-05-01,5,-0.24690096855790428
2009-05-04,5,-0.10577566633591517
2009-05-05,5,-0.06149953486590761
2009-05-06,5,0.13269764822469918
2009-05-07,5,0.06685432150231518
2009-05-08,5,0.21737903683070212
2009-05-11,5,0.11438020833810975
2009-05-12,5,0.010531292633013521
2009-05-13,5,-0.2089197757132901
2009-05-14,5,-0.1332494570136669
2009-05-15,5,-0.18666322041632774
2009-05-18,5,-0.13682622232779307
2009-05-19,5,-0.022692085613352182
2009-05-20,5,-0.009996067777591119
2009-05-21,5,-0.07363455340552646
2009-05-22,5,-0.14493365366655905
2009-05-26,5,-0.10694248369216432
2009-05-27,5,-0.04578655091491856
2009-05-28,5,-0.0782585118632275
2009-05-29,5,-0.09750131972539246
2009-06-01,5,-0.0021557097785413516
2009-06-02,5,-0.11601977467976486
2009-06-03,5,-0.2278825455805492
2009-06-04,5,-0.18388068669163418
2009-06-05,5,-0.1483492121649999
2009-06-08,5,-0.13444192884664802
2009-06-09,5,-0.06503204772320531
2009-06-10,5,0.06999066458890692
2009-06-11,5,0.1883312882666011
2009-06-12,5,0.186857653541323
2009-06-15,5,0.2096500186972972
2009-06-16,5,0.19913721777012913
2009-06-17,5,0.13304616560583377
2009-06-18,5,0.10235333292004094
2009-06-19,5,0.0676109894768096
2009-06-22,5,0.0009928586885945237
2009-06-23,5,0.019243964136762572
2009-06-24,5,0.044794141614611926
2009-06-25,5,0.07185088344764512
2009-06-26,5,0.09966341109209485
2009-06-29,5,0.10235780803978205
2009-06-30,5,0.10074740268428914
2009-07-01,5,0.0754369661050325
2009-07-02,5,0.1057570958769532
2009-07-06,5,0.08151282595004042
2009-07-07,5,-0.015959188137483468
2009-07-08,5,-0.04644230806319158
2009-07-09,5,-0.07481647546782573
2009-07-10,5,-0.08833191179671494
2009-07-13,5,-0.11333463928913413
2009-07-14,5,-0.13109745000252623
2009-07-15,5,-0.07524844834393736
2009-07-16,5,-0.0881853317010768
2009-07-17,5,-0.16670221931854995
2009-07-20,5,-0.16345315792838228
2009-07-21,5,-0.15436755858022513
2009-07-22,5,-0.09464424057581015
2009-07-23,5,-0.08739522362258334
2009-07-24,5,-0.021164341269102604
2009-07-27,5,-0.011091413270879244
2009-07-28,5,-0.06087732402119939
2009-07-29,5,-0.10824662941572066
2009-07-30,5,-0.1592359203352992
2009-07-31,5,-0.1933760666771055
2009-08-03,5,-0.22346565244693462
2009-08-04,5,-0.1956952917704266
2009-08-05,5,-0.22916215946385024
2009-08-06,5,-0.22978754053873546
2009-08-07,5,-0.17092118451751842
2009-08-10,5,-0.06525467461280965
2009-08-11,5,-0.11258064134844227
2009-08-12,5,-0.03285979396735944
2009-08-13,5,0.01085361963630229
2009-08-14,5,-0.03700167765750092
2009-08-17,5,-0.0741924198261523
2009-08-18,5,-0.05990002836798387
2009-08-19,5,-0.06314399445717978
2009-08-20,5,-0.09984571190010323
2009-08-21,5,-0.059227495669620024
2009-08-24,5,-0.059659128963171444
2009-08-25,5,-0.06738345965130843
2009-08-26,5,-0.03353994170767049
2009-08-27,5,0.019485712248930562
2009-08-28,5,0.02177689315849484
2009-08-31,5,-0.009033495218911404
2009-09-01,5,-0.0012458201447871533
2009-09-02,5,-0.008416208973329975
2009-09-03,5,-0.08298230119903921
2009-09-04,5,-0.10671321293492762
2009-09-08,5,-0.10077489730797771
2009-09-09,5,-0.1123106301321365
2009-09-10,5,-0.16184947875200023
2009-09-11,5,-0.11931150632936381
2009-09-14,5,-0.07133684912959053
2009-09-15,5,-0.08580565158470616
2009-09-16,5,-0.08140757976075705
2009-09-17,5,-0.044731736576748456
2009-09-18,5,-0.02533596944297562
2009-09-21,5,-0.010996850881133204
2009-09-22,5,0.009532184520142668
2009-09-23,5,0.07779408871222115
2009-09-24,5,0.023704179877411455
2009-09-25,5,0.05591035727389144
2009-09-28,5,0.08469181406212342
2009-09-29,5,0.06012576312863636
2009-09-30,5,0.03758412026591409
2009-10-01,5,0.08632533707749099
2009-10-02,5,0.09544365450378091
2009-10-05,5,-0.005704395683646111
2009-10-06,5,-0.008789929710890059
2009-10-07,5,0.050701127104095405
2009-10-08,5,0.031996367543417024
2009-10-09,5,-0.054227460794402174
2009-10-12,5,-0.03482192455787092
2009-10-13,5,-0.05448706012814443
2009-10-14,5,-0.11244315927506886
2009-10-15,5,-0.1401202377523339
2009-10-16,5,-0.1024790999718992
2009-10-19,5,-0.1569905141794298
2009-10-20,5,-0.22756602895016073
2009-10-21,5,-0.2954624165151915
2009-10-22,5,-0.22782309493574518
2009-10-23,5,-0.2647079660476539
2009-10-26,5,-0.23415192202835533
2009-10-27,5,-0.11687048613341297
2009-10-28,5,0.020060416827908142
2009-10-29,5,-0.020577444123259497
2009-10-30,5,0.10340779314620281
2009-11-02,5,0.17462787467170368
2009-11-03,5,0.13172678017276537
2009-11-04,5,0.1592598863772464
2009-11-05,5,0.03860665733478932
2009-11-06,5,0.0943132112026353
2009-11-09,5,0.05106254304925332
2009-11-10,5,0.02698997933006001
2009-11-11,5,-0.01526940126653757
2009-11-12,5,-0.02422598863224179
2009-11-13,5,-0.11594485845967667
2009-11-16,5,-0.14990934640773432
2009-11-17,5,-0.17771066946271988
2009-11-18,5,-0.09201073215616172
2009-11-19,5,-0.14029095031479477
2009-11-20,5,-0.12015930219136106
2009-11-23,5,-0.02092405813365145
2009-11-24,5,-0.0001909776049834727
2009-11-25,5,-0.07149865428617716
2009-11-27,5,0.0387887847568111
2009-11-30,5,0.04055097859812015
2009-12-01,5,-0.05145812111861599
2009-12-02,5,-0.041054015993835444
2009-12-03,5,-0.014178644508008197
2009-12-04,5,-0.04048601292722434
2009-12-07,5,0.057567125411253896
2009-12-08,5,0.06830926051041028
2009-12-09,5,0.08009934264595531
2009-12-10,5,0.031162598117877343
2009-12-11,5,0.030120149679414815
2009-12-14,5,-0.005676522136415929
2009-12-15,5,0.05517281419206961
2009-12-16,5,0.03671139258089062
2009-12-17,5,0.04881998011960252
2009-12-18,5,0.05202764897527903
2009-12-21,5,0.003755646008308697
2009-12-22,5,-0.03213030213895581
2009-12-23,5,-0.13330064731092095
2009-12-24,5,0.011027677321870936
2009-12-28,5,0.1338525850251436
2009-12-29,5,0.16251254781981114
2009-12-30,5,0.14254741983425484
2009-12-31,5,0.14552199533970278
2010-01-04,5,0.05396208450164339
2010-01-05,5,-0.13487162147801826
2010-01-06,5,-0.11907821620755342
2010-01-07,5,-0.10375199768427978
2010-01-08,5,-0.1412846155156367
2010-01-11,5,-0.11888117227342047
2010-01-12,5,-0.08173908685697745
2010-01-13,5,-0.16672609793888107
2010-01-14,5,-0.25830112690194756
2010-01-15,5,-0.20274921511644134
2010-01-19,5,-0.20044953415735234
2010-01-20,5,-0.19407443638667876
2010-01-21,5,-0.1550929875849765
2010-01-22,5,-0.12192287314010683
2010-01-25,5,-0.05170682346308983
2010-01-26,5,0.01433524596747978
2010-01-27,5,0.05199579931012272
2010-01-28,5,-0.10086451448381743
2010-01-29,5,-0.03253844601850755
2010-02-01,5,-0.12784615856449383
2010-02-02,5,-0.14548324676125451
2010-02-03,5,-0.1159334671547557
2010-02-04,5,0.1886679484878219
2010-02-05,5,0.21927915451040023
2010-02-08,5,0.27239753952150075
2010-02-09,5,0.20894208571110687
2010-02-10,5,0.22092969991691855
2010-02-11,5,0.13682234404807408
2010-02-12,5,0.10693930221384572
2010-02-16,5,-0.1139335364329207
2010-02-17,5,-0.09037742659678887
2010-02-18,5,-0.13035249048639716
2010-02-19,5,-0.09258242914695172
2010-02-22,5,0.07349143723575684
2010-02-23,5,0.19560470001385136
2010-02-24,5,0.1745161330587292
2010-02-25,5,0.19357668605476258
2010-02-26,5,0.2040260138301361
2010-03-01,5,0.07812897703322812
2010-03-02,5,0.058578601732870036
2010-03-03,5,0.10540144117594864
2010-03-04,5,0.09812403326401756
2010-03-05,5,0.020507472659969533
2010-03-08,5,-0.03583049388642946
2010-03-09,5,-0.013759059387889598
2010-03-10,5,-0.03425260921839263
2010-03-11,5,-0.11310853898160396
2010-03-12,5,-0.21813116396417948
2010-03-15,5,-0.11759517925983107
2010-03-16,5,-0.05597117054467878
2010-03-17,5,-0.08085620249175823
2010-03-18,5,-0.035989444614401477
2010-03-19,5,0.11618626704353571
2010-03-22,5,0.12319983476647366
2010-03-23,5,0.0009644899603296239
2010-03-24,5,-0.039648518851053645
2010-03-25,5,0.07466638429388305
2010-03-26,5,0.16424345752340322
2010-03-29,5,0.14817553121206745
2010-03-30,5,0.09618366514068481
2010-03-31,5,0.14955038418065109
2010-04-01,5,0.12299711525791349
2010-04-05,5,0.026152145051467037
2010-04-06,5,-0.03010216396149408
2010-04-07,5,0.11302755356371814
2010-04-08,5,0.10922212675851076
2010-04-09,5,-0.009934637194823695
2010-04-12,5,-0.09603326606193037
2010-04-13,5,-0.02002480946540159
2010-04-14,5,-0.05966842006686989
2010-04-15,5,-0.020207977876456118
2010-04-16,5,0.12249657365147784
2010-04-19,5,0.2039175036378623
2010-04-20,5,0.06050736162215369
2010-04-21,5,0.03213043085994405
2010-04-22,5,0.009838789441715024
2010-04-23,5,-0.10907944664501308
2010-04-26,5,-0.07676075236230731
2010-04-27,5,-0.07310724770283754
2010-04-28,5,-0.14728047067910863
2010-04-29,5,-0.19580289918579044
2010-04-30,5,-0.20231468760928184
2010-05-03,5,-0.10609316823648324
2010-05-04,5,-0.008551219641844285
2010-05-05,5,0.1516283952304838
2010-05-06,5,0.22386379562485756
2010-05-07,5,0.19718560912124228
2010-05-10,5,-0.084917014629292
2010-05-11,5,-0.1991668265505287
2010-05-12,5,-0.33917551450429406
2010-05-13,5,-0.3946745861676098
2010-05-14,5,-0.26084682092105443
2010-05-17,5,-0.14025012302441392
2010-05-18,5,-0.01960991562702899
2010-05-19,5,0.10177827594385333
2010-05-20,5,0.3571658691239538
2010-05-21,5,0.24946210950634948
2010-05-24,5,0.12228484319787698
2010-05-25,5,0.19738832850107485
2010-05-26,5,0.17173190529474858
2010-05-27,5,-0.15013719378755877
2010-05-28,5,-0.16335641190686911
2010-06-01,5,-0.1530964147701459
2010-06-02,5,-0.1725151645750171
2010-06-03,5,-0.12086566338280393
2010-06-04,5,0.0785454513849299
2010-06-07,5,0.2070069639044512
2010-06-08,5,0.24584446156824197
2010-06-09,5,0.2123042897411384
2010-06-10,5,0.16383214929737694
2010-06-11,5,0.10642357194232005
2010-06-14,5,0.0521840359756248
2010-06-15,5,-0.042545790836265945
2010-06-16,5,-0.07808228674669174
2010-06-17,5,-0.11918682740943023
2010-06-18,5,-0.09135723945846197
2010-06-21,5,-0.08553835009339233
2010-06-22,5,-0.16362531757025753
2010-06-23,5,-0.1784046982757205
2010-06-24,5,-0.14725239481196917
2010-06-25,5,-0.18825484333788986
2010-06-28,5,-0.16739813892548835
2010-06-29,5,0.027169761945970042
2010-06-30,5,0.10462581333732722
2010-07-01,5,0.1411919922732187
2010-07-02,5,0.12441086818897173
2010-07-06,5,0.14973140970277718
2010-07-07,5,0.047349292965247286
2010-07-08,5,0.016152331457461578
2010-07-09,5,-0.08197010395091076
2010-07-12,5,-0.04712912083609944
2010-07-13,5,-0.019001996315905125
2010-07-14,5,-0.015915264136962905
2010-07-15,5,0.07814735094535616
2010-07-16,5,0.1370540805179254
2010-07-19,5,0.15794733492313995
2010-07-20,5,0.08557501209868686
2010-07-21,5,0.07214504922891607
2010-07-22,5,0.06675471501553432
2010-07-23,5,0.0467173934032573
2010-07-26,5,0.06314694441200457
2010-07-27,5,0.10636969782395428
2010-07-28,5,0.08973488911736392
2010-07-29,5,0.05320241394603991
2010-07-30,5,0.019204370481936454
2010-08-02,5,-0.007959340947874835
2010-08-03,5,0.012238140538503858
2010-08-04,5,-0.001758988465606024
2010-08-05,5,0.012344359065679147
2010-08-06,5,0.027049426009202453
2010-08-09,5,0.06870216627311895
2010-08-10,5,0.0848577522270576
2010-08-11,5,0.13601697129817764
2010-08-12,5,0.09287867922820355
2010-08-13,5,0.06914834341659958
2010-08-16,5,0.06975011749492986
2010-08-17,5,-0.013459048271183988
2010-08-18,5,-0.023525430892480284
2010-08-19,5,-0.0187547645487504
2010-08-20,5,0.021082447571488083
2010-08-23,5,-0.006221677528087439
2010-08-24,5,0.09444791024270235
2010-08-25,5,0.1367540736368562
2010-08-26,5,0.11483700527673497
2010-08-27,5,0.10485020273877936
2010-08-30,5,0.1447623279514738
2010-08-31,5,0.08096862213852475
2010-09-01,5,0.0035896073826776325
2010-09-02,5,-0.022925850793337105
2010-09-03,5,0.014166444969074383
2010-09-07,5,0.02267631194892604
2010-09-08,5,-0.032448727019353474
2010-09-09,5,0.030741415771874815
2010-09-10,5,0.06086945564584243
2010-09-13,5,0.04650153309689183
2010-09-14,5,0.025722214077544128
2010-09-15,5,0.04709310038504945
2010-09-16,5,-0.001836922318156956
2010-09-17,5,-0.060624113428861044
2010-09-20,5,-0.02473509308234234
2010-09-21,5,-0.07566215874820999
2010-09-22,5,-0.12108294366367899
2010-09-23,5,-0.16502670279393247
2010-09-24,5,-0.0915139871219524
2010-09-27,5,-0.023479906650462543
2010-09-28,5,0.00578206885871069
2010-09-29,5,-0.019367973106783322
2010-09-30,5,0.07262316789069481
2010-10-01,5,0.03482446819273732
2010-10-04,5,-0.026665485782058792
2010-10-05,5,-0.029876278882561166
2010-10-06,5,-0.024781612831196426
2010-10-07,5,-0.040909093969903
2010-10-08,5,-0.004875702882160697
2010-10-11,5,-0.043494197638187085
2010-10-12,5,-0.01754040644432945
2010-10-13,5,0.05928274511500372
2010-10-14,5,0.07350052448185547
2010-10-15,5,0.07570812197836214
2010-10-18,5,0.16541665803146907
2010-10-19,5,0.15039590635104963
2010-10-20,5,0.1401064318683123
2010-10-21,5,0.10811012734399325
2010-10-22,5,0.09575983318843156
2010-10-25,5,0.0579376074234269
2010-10-26,5,0.006147133636589244
2010-10-27,5,0.022649349462432418
2010-10-28,5,0.012468632178159827
2010-10-29,5,-0.0005813946257549238
2010-11-01,5,0.0016888104161440051
2010-11-02,5,-0.016687161086140656
2010-11-03,5,-0.039630027806915956
2010-11-04,5,0.018251785413639147
2010-11-05,5,0.01695168261042744
2010-11-08,5,-0.03504533817160417
2010-11-09,5,-0.004344822534562324
2010-11-10,5,0.022526188365443914
2010-11-11,5,0.07054218769241329
2010-11-12,5,0.13398730120012864
2010-11-15,5,0.21427626723109736
2010-11-16,5,0.24168832728267306
2010-11-17,5,0.22938372060057344
2010-11-18,5,0.23179021381320594
2010-11-19,5,0.1839643073663147
2010-11-22,5,0.1224932562939594
2010-11-23,5,0.1023909921710428
2010-11-24,5,0.007163348446021869
2010-11-26,5,-0.05004177615553474
2010-11-29,5,-0.030363503399553873
2010-11-30,5,-0.03701760831708713
2010-12-01,5,-0.09279925158507446
2010-12-02,5,-0.04909642328364794
2010-12-03,5,-0.0016343630717809896
2010-12-06,5,-0.06973585745281993
2010-12-07,5,-0.0830984810109424
2010-12-08,5,-0.043799639415576505
2010-12-09,5,-0.024162696834284337
2010-12-10,5,-0.04557673477369467
2010-12-13,5,-0.014166727991735198
2010-12-14,5,0.04961579846895088
2010-12-15,5,-0.05159162864040354
2010-12-16,5,-0.1047928308952627
2010-12-17,5,-0.12348371014764802
2010-12-20,5,-0.15114646220635955
2010-12-21,5,-0.18817264370509412
2010-12-22,5,-0.07456646252076028
2010-12-23,5,-0.09376082112332931
2010-12-27,5,-0.02186869444864688
2010-12-28,5,-0.03585819660449546
2010-12-29,5,-0.03900697543870308
2010-12-30,5,-0.06041600632788934
2010-12-31,5,-0.021207599747275797
2011-01-03,5,0.0010056122200750963
2011-01-04,5,0.03008521880501019
2011-01-05,5,0.02452344559090667
2011-01-06,5,0.09383812632197817
2011-01-07,5,0.029218299100704552
2011-01-10,5,-0.05433138591532843
2011-01-11,5,-0.042641202409325195
2011-01-12,5,-0.10478410358778507
2011-01-13,5,-0.10842240154248567
2011-01-14,5,-0.12486134955207517
2011-01-18,5,-0.12377448975551064
2011-01-19,5,-0.04326230895260676
2011-01-20,5,0.06027514636408138
2011-01-21,5,0.07842233102568794
2011-01-24,5,0.14029200160702898
2011-01-25,5,0.21288971425078285
2011-01-26,5,0.12284830172530199
2011-01-27,5,0.19021140773173642
2011-01-28,5,0.18669628332789034
2011-01-31,5,0.17226755976936414
2011-02-01,5,0.10159809303468471
2011-02-02,5,0.11018480596229462
2011-02-03,5,0.09590525952470778
2011-02-04,5,0.1309982352565874
2011-02-07,5,0.17834014748121624
2011-02-08,5,0.1480721277718658
2011-02-09,5,0.17020987900352388
2011-02-10,5,0.09622931026541127
2011-02-11,5,0.0007535495350595529
2011-02-14,5,-0.10321608329330653
2011-02-15,5,-0.12248446526785052
2011-02-16,5,-0.10007219434014235
2011-02-17,5,-0.03209785113742472
2011-02-18,5,-0.00602318568347753
2011-02-22,5,0.04223813255122534
2011-02-23,5,0.1422634215706687
2011-02-24,5,0.1913035024789726
2011-02-25,5,0.16400950168133455
2011-02-28,5,0.16053968867331295
2011-03-01,5,0.15199041405481825
2011-03-02,5,0.032430455215294765
2011-03-03,5,-0.07616254136297107
2011-03-04,5,-0.08856702665648296
2011-03-07,5,-0.07564537446936834
2011-03-08,5,-0.03518136754871724
2011-03-09,5,0.02480282079935778
2011-03-10,5,0.09815079614285552
2011-03-11,5,0.03969653593976693
2011-03-14,5,0.12789867017652334
2011-03-15,5,0.08695860518476486
2011-03-16,5,0.1300049867925444
2011-03-17,5,0.10707822124519066
2011-03-18,5,0.22325362600358964
2011-03-21,5,0.08210424963110284
2011-03-22,5,0.16844571740490594
2011-03-23,5,0.15092368544762116
2011-03-24,5,0.19367921793012996
2011-03-25,5,0.15361379157127183
2011-03-28,5,0.19980557004957467
2011-03-29,5,0.16859355226670925
2011-03-30,5,0.012566170449635221
2011-03-31,5,-0.08086226215268931
2011-04-01,5,-0.11849755875049539
2011-04-04,5,-0.18139916764538191
2011-04-05,5,-0.1959178078436249
2011-04-06,5,-0.025284090543087934
2011-04-07,5,0.046235019364341164
2011-04-08,5,0.07322469997137726
2011-04-11,5,0.041234200168378816
2011-04-12,5,0.10652652529240413
2011-04-13,5,0.10514599263232315
2011-04-14,5,0.1477685363534306
2011-04-15,5,0.09009755312187541
2011-04-18,5,0.12449074763740565
2011-04-19,5,0.07790144761410686
2011-04-20,5,0.021938686282403717
2011-04-21,5,0.0008158196495412109
2011-04-25,5,-0.005060021732327293
2011-04-26,5,-0.062425502809798604
2011-04-27,5,-0.12191700653565371
2011-04-28,5,-0.12090539806879065
2011-04-29,5,-0.12560308181017227
2011-05-02,5,-0.0032666627641122306
2011-05-03,5,0.05973849224660483
2011-05-04,5,0.03436811852947641
2011-05-05,5,0.04104086693044489
2011-05-06,5,-0.04398594941883797
2011-05-09,5,-0.18226761087399265
2011-05-10,5,-0.17245879122768096
2011-05-11,5,0.03345926881826377
2011-05-12,5,0.07791697334831534
2011-05-13,5,0.08089394557540823
2011-05-16,5,0.11723444296002555
2011-05-17,5,0.13033299681713634
2011-05-18,5,0.11702554824035813
2011-05-19,5,0.14050433737452558
2011-05-20,5,0.21295389957642427
2011-05-23,5,0.2646678838857948
2011-05-24,5,0.2335057557558404
2011-05-25,5,0.10090653392259837
2011-05-26,5,0.015878625036124985
2011-05-27,5,-0.06417356020192246
2011-05-31,5,-0.029756530899614445
2011-06-01,5,-0.04569309162209902
2011-06-02,5,0.015994461702395376
2011-06-03,5,-0.046422942037012145
2011-06-06,5,-0.03476508165265499
2011-06-07,5,-0.00398129141498452
2011-06-08,5,-0.04806855431777962
2011-06-09,5,-0.14984168101431664
2011-06-10,5,-0.09058410392431421
2011-06-13,5,-0.004586390586181135
2011-06-14,5,0.03705956139307702
2011-06-15,5,0.13781988036496517
2011-06-16,5,0.2442112756964383
2011-06-17,5,0.22166688885242958
2011-06-20,5,0.19751393390553246
2011-06-21,5,0.18851964296180862
2011-06-22,5,0.2015110421537585
2011-06-23,5,0.20501766397945834
2011-06-24,5,0.2297439259288585
2011-06-27,5,0.3096257426431761
2011-06-28,5,0.2814179244097746
2011-06-29,5,0.20183052353664963
2011-06-30,5,0.23086703210461568
2011-07-01,5,0.09700155236616771
2011-07-05,5,-0.10273630955778099
2011-07-06,5,-0.07132010132682202
2011-07-07,5,-0.03158944347950178
2011-07-08,5,-0.022999999515921115
2011-07-11,5,0.03877347085724191
2011-07-12,5,0.17491323496007627
2011-07-13,5,0.10166157477620967
2011-07-14,5,0.06022123174617284
2011-07-15,5,0.07135807628599969
2011-07-18,5,0.04939097164908012
2011-07-19,5,-0.0765826558577213
2011-07-20,5,-0.13852608382795117
2011-07-21,5,-0.039161156428404835
2011-07-22,5,-0.061491813038316016
2011-07-25,5,-0.004114580894070593
2011-07-26,5,0.002317483276022421
2011-07-27,5,0.06945837910378957
2011-07-28,5,-0.015933757031746404
2011-07-29,5,-0.060077500940760344
2011-08-01,5,-0.10554042911673049
2011-08-02,5,-0.04475757384091991
2011-08-03,5,-0.023803337738146642
2011-08-04,5,0.08896055568810685
2011-08-05,5,0.18784389875810448
2011-08-08,5,0.2511019723732529
2011-08-09,5,0.12003020853306966
2011-08-10,5,0.03160511297459714
2011-08-11,5,-0.1968511205886823
2011-08-12,5,-0.2770812358648489
2011-08-15,5,-0.2266368572396335
2011-08-16,5,-0.11714875160006079
2011-08-17,5,-0.06332018289623755
2011-08-18,5,0.07296508248529127
2011-08-19,5,0.2362463398972328
2011-08-22,5,0.25926594853753937
2011-08-23,5,0.19647729364952954
2011-08-24,5,0.15867586137976017
2011-08-25,5,0.17084383919001517
2011-08-26,5,0.03837269729370287
2011-08-29,5,0.061979094260815264
2011-08-30,5,0.042289762857386205
2011-08-31,5,0.08419300480397353
2011-09-01,5,0.038338129608982724
2011-09-02,5,0.05855602583548786
2011-09-06,5,-0.016424766407704447
2011-09-07,5,0.020178090360285787
2011-09-08,5,-0.010253473420608126
2011-09-09,5,0.044362440136153085
2011-09-12,5,0.13599654724034999
2011-09-13,5,0.03920289177053811
2011-09-14,5,0.07057332646934938
2011-09-15,5,0.030368310762221924
2011-09-16,5,-0.012555596499504487
2011-09-19,5,-0.10373017983855434
2011-09-20,5,-0.08023319501545578
2011-09-21,5,-0.08993262035025924
2011-09-22,5,-0.16213344149768436
2011-09-23,5,-0.06689330911465233
2011-09-26,5,-0.006237571852972771
2011-09-27,5,-0.028854119375213122
2011-09-28,5,-0.022137998963839108
2011-09-29,5,0.09834405906480766
2011-09-30,5,0.1383232728857686
2011-10-03,5,0.05488070548616467
2011-10-04,5,0.053666075325153495
2011-10-05,5,0.025437586387744845
2011-10-06,5,0.040602731320447324
2011-10-07,5,-0.03650526079406841
2011-10-10,5,0.01767177965921833
2011-10-11,5,-0.013907266503195872
2011-10-12,5,0.0351320051997265
2011-10-13,5,0.0463055982925783
2011-10-14,5,0.004978946541646347
2011-10-17,5,-0.0805054898088291
2011-10-18,5,0.037755411148582316
2011-10-19,5,-0.0429648009609122
2011-10-20,5,-0.10771697870519505
2011-10-21,5,-0.12516239371692472
2011-10-24,5,0.022524704977825483
2011-10-25,5,0.044855360473403126
2011-10-26,5,0.07445414244580417
2011-10-27,5,0.13753021471595178
2011-10-28,5,0.1456473265862229
2011-10-31,5,0.02586429262846695
2011-11-01,5,-0.0726617330641346
2011-11-02,5,0.03379157412228606
2011-11-03,5,-0.002317787223274572
2011-11-04,5,0.02444681648293019
2011-11-07,5,0.09603090444487297
2011-11-08,5,0.12417871520235951
2011-11-09,5,0.020360599181869218
2011-11-10,5,0.09154843912679107
2011-11-11,5,0.05500288182212288
2011-11-14,5,0.032316949745849026
2011-11-15,5,0.0710420526160899
2011-11-16,5,0.11466124541328455
2011-11-17,5,0.13034461373724118
2011-11-18,5,0.17290079383548146
2011-11-21,5,0.12973385199809354
2011-11-22,5,-0.022398980017897165
2011-11-23,5,0.013466020315279928
2011-11-25,5,0.05606071746605975
2011-11-28,5,0.021076932877665197
2011-11-29,5,-0.01889075967938564
2011-11-30,5,-0.054202892464762016
2011-12-01,5,0.02791049300733834
2011-12-02,5,0.018877167283165124
2011-12-05,5,0.03293649971568186
2011-12-06,5,0.07373173129136285
2011-12-07,5,0.06706752125679435
2011-12-08,5,0.0338304501787608
2011-12-09,5,0.07855834766649758
2011-12-12,5,0.1233585647311485
2011-12-13,5,0.04840111907688342
2011-12-14,5,0.06474254928376323
2011-12-15,5,-0.06462888194774082
2011-12-16,5,-0.10370042104168477
2011-12-19,5,-0.13874286907205607
2011-12-20,5,-0.01264149266664547
2011-12-21,5,-0.005690155816493548
2011-12-22,5,0.09176307081467432
2011-12-23,5,-0.20908010299855864
2011-12-27,5,-0.17773598431558021
2011-12-28,5,-0.19254553116715806
2011-12-29,5,-0.12996591045185163
2011-12-30,5,-0.0918363336016521
2012-01-03,5,0.014816956713643234
2012-01-04,5,-0.08206158982663458
2012-01-05,5,-0.15618874135685157
2012-01-06,5,-0.07512450256645026
2012-01-09,5,0.0006726598705054703
2012-01-10,5,-0.04458743433761027
2012-01-11,5,-0.026584651266225782
2012-01-12,5,-0.06377730942527446
2012-01-13,5,-0.19233835485757314
2012-01-17,5,-0.2340047444341215
2012-01-18,5,-0.20795657821548763
2012-01-19,5,-0.1187659190320138
2012-01-20,5,-0.05344445976188037
2012-01-23,5,0.014169493923343289
2012-01-24,5,0.02701683668017152
2012-01-25,5,0.02142195599867988
2012-01-26,5,-0.06894929356600453
2012-01-27,5,-0.10580234971637732
2012-01-30,5,-0.13857752256583855
2012-01-31,5,-0.15175144016749478
2012-02-01,5,-0.15292128411534622
2012-02-02,5,-0.09072354239168048
2012-02-03,5,0.03278006955006437
2012-02-06,5,0.08359770744023606
2012-02-07,5,0.1258572173885598
2012-02-08,5,0.09549407832941344
2012-02-09,5,0.06052500003823559
2012-02-10,5,-0.02387716631193745
2012-02-13,5,0.0007199238346543176
2012-02-14,5,0.028794386424135322
2012-02-15,5,0.07462421584223478
2012-02-16,5,0.13096982781959474
2012-02-17,5,0.1849464779837435
2012-02-21,5,0.16151349697933692
2012-02-22,5,0.11790656647436058
2012-02-23,5,0.15553414242161684
2012-02-24,5,0.1699489485038733
2012-02-27,5,0.20261343622035924
2012-02-28,5,0.2324207612669868
2012-02-29,5,0.24681060622648943
2012-03-01,5,0.20598760531506946
2012-03-02,5,0.15207136606780033
2012-03-05,5,0.08165371314248335
2012-03-06,5,-0.011124251615597
2012-03-07,5,-0.01364423214141415
2012-03-08,5,-0.08563388354946289
2012-03-09,5,-0.15063616913413433
2012-03-12,5,-0.15218826083088974
2012-03-13,5,-0.10831554933555912
2012-03-14,5,-0.08019136676797455
2012-03-15,5,0.016157627338630475
2012-03-16,5,0.15695934434187125
2012-03-19,5,0.16565912990751872
2012-03-20,5,0.14575779249333293
2012-03-21,5,0.1394264624505126
2012-03-22,5,0.0976563206481093
2012-03-23,5,0.07129904765279478
2012-03-26,5,0.11759391453392386
2012-03-27,5,0.2321514605002482
2012-03-28,5,0.21314508692382936
2012-03-29,5,0.31015875575881796
2012-03-30,5,0.33634690969618464
2012-04-02,5,0.22839044029766523
2012-04-03,5,0.11588670511771544
2012-04-04,5,0.006322468170919801
2012-04-05,5,0.06101950749347192
2012-04-09,5,0.0051531539411294605
2012-04-10,5,0.02753218252398277
2012-04-11,5,0.16501534283637415
2012-04-12,5,0.16917899765094874
2012-04-13,5,0.10994793607260624
2012-04-16,5,0.12159055014117341
2012-04-17,5,0.07695197762596695
2012-04-18,5,0.03689437007016821
2012-04-19,5,0.03449550886793831
2012-04-20,5,0.007216165481957037
2012-04-23,5,-0.01668859283483591
2012-04-24,5,0.04966902559478553
2012-04-25,5,0.10369695979108574
2012-04-26,5,0.15012807540526485
2012-04-27,5,0.10162617716188019
2012-04-30,5,0.1109204135608775
2012-05-01,5,0.08701087584631745
2012-05-02,5,0.008639146158245606
2012-05-03,5,0.03225848519451547
2012-05-04,5,0.07109620482513086
2012-05-07,5,0.07336763967407095
2012-05-08,5,0.1590319219377289
2012-05-09,5,0.1850877689553645
2012-05-10,5,0.07311637182661342
2012-05-11,5,0.06090155073054994
2012-05-14,5,0.07815744750865829
2012-05-15,5,0.06819073522723708
2012-05-16,5,0.03330774871923732
2012-05-17,5,0.14264432193285304
2012-05-18,5,0.07506789496786563
2012-05-21,5,0.03653864053361617
2012-05-22,5,0.00024385423930905093
2012-05-23,5,-0.0034618721592260013
2012-05-24,5,-0.12056614725758247
2012-05-25,5,-0.044541546269035
2012-05-29,5,-0.010016689473059592
2012-05-30,5,-0.12735176238591017
2012-05-31,5,-0.1212571183198288
2012-06-01,5,-0.004219608019928942
2012-06-04,5,0.11078978858019432
2012-06-05,5,0.1255505281260883
2012-06-06,5,0.17561452771820707
2012-06-07,5,0.1486837201139958
2012-06-08,5,0.06132038344789343
2012-06-11,5,0.029242313218886748
2012-06-12,5,-0.05005470023171993
2012-06-13,5,-0.11598742676984614
2012-06-14,5,-0.05046597557496482
2012-06-15,5,-0.02079954938152594
2012-06-18,5,-0.007927601274475782
2012-06-19,5,0.0997410752641863
2012-06-20,5,0.08040689988258294
2012-06-21,5,-0.022900019068764176
2012-06-22,5,-0.006277187663967201
2012-06-25,5,-0.00980748223158229
2012-06-26,5,-0.11474720483626814
2012-06-27,5,-0.07085746328959375
2012-06-28,5,0.030745014095428215
2012-06-29,5,0.1522296435058978
2012-07-02,5,0.18763437394860819
2012-07-03,5,0.19837515979834247
2012-07-05,5,0.23761473907278932
2012-07-06,5,0.23636726203932035
2012-07-09,5,0.1924922217386499
2012-07-10,5,0.13502425681059196
2012-07-11,5,0.10140672426758615
2012-07-12,5,0.034808662546299926
2012-07-13,5,0.0165431719920168
2012-07-16,5,0.02392039140825995
2012-07-17,5,0.08926847555777374
2012-07-18,5,0.09877231429036178
2012-07-19,5,0.09555086249230958
2012-07-20,5,0.03453180966914834
2012-07-23,5,-0.015489761320860895
2012-07-24,5,-0.08174006709353318
2012-07-25,5,-0.06857692822428561
2012-07-26,5,0.028627315549394287
2012-07-27,5,0.041255372770932074
2012-07-30,5,-0.029443831540478436
2012-07-31,5,-0.053259863636364285
2012-08-01,5,-0.03277598869158365
2012-08-02,5,-0.18617576748562426
2012-08-03,5,-0.20185605382246952
2012-08-06,5,-0.1354089030955584
2012-08-07,5,-0.011480181537905757
2012-08-08,5,-0.033046599682711904
2012-08-09,5,-0.00896664800952246
2012-08-10,5,0.05765565900024101
2012-08-13,5,-0.00448328083362444
2012-08-14,5,-0.1305951010494152
2012-08-15,5,-0.06533997580303667
2012-08-16,5,0.022391153729690052
2012-08-17,5,0.031522489305257195
2012-08-20,5,0.1157181262770268
2012-08-21,5,0.1470053099382754
2012-08-22,5,0.12423180459720173
2012-08-23,5,0.14533522973057325
2012-08-24,5,0.10971308913947043
2012-08-27,5,0.11942683202933295
2012-08-28,5,0.09182050523120584
2012-08-29,5,0.003197096591773584
2012-08-30,5,-0.17651721973004905
2012-08-31,5,-0.1538417326260851
2012-09-04,5,-0.22885561268279958
2012-09-05,5,-0.1973312287627872
2012-09-06,5,-0.18757087373926148
2012-09-07,5,-0.16166992140454198
2012-09-10,5,-0.10694069596567354
2012-09-11,5,-0.08361401549148872
2012-09-12,5,-0.021179961533648914
2012-09-13,5,0.059419240252204616
2012-09-14,5,0.1728612181871481
2012-09-17,5,0.13805274141934812
2012-09-18,5,0.2073786771968634
2012-09-19,5,0.09254160708990547
2012-09-20,5,0.07710584139913537
2012-09-21,5,0.05311041380428793
2012-09-24,5,0.06620257908253811
2012-09-25,5,0.04173840694894463
2012-09-26,5,0.1990709310194375
2012-09-27,5,0.13339766281974116
2012-09-28,5,0.10891265660043027
2012-10-01,5,0.0296255734890631
2012-10-02,5,-0.04312570661286485
2012-10-03,5,-0.05838233960669917
2012-10-04,5,-0.13398814527037572
2012-10-05,5,-0.11037370249240167
2012-10-08,5,-0.021580647824747144
2012-10-09,5,0.05049125154618038
2012-10-10,5,0.007685811875636005
2012-10-11,5,0.049905824466387416
2012-10-12,5,0.039592127835770936
2012-10-15,5,0.02698829132633195
2012-10-16,5,-0.001886021095694218
2012-10-17,5,0.1015667438175792
2012-10-18,5,0.04680091854169747
2012-10-19,5,0.0032982620084281685
2012-10-22,5,0.05884701126386784
2012-10-23,5,0.012306464770265193
2012-10-24,5,-0.054215140202416176
2012-10-25,5,0.0030141479970225787
2012-10-26,5,-0.03433110922846786
2012-10-31,5,-0.010980851639509041
2012-11-01,5,0.05654760512137011
2012-11-02,5,0.07773064709474474
2012-11-05,5,0.05229251180941512
2012-11-06,5,0.13575910950129724
2012-11-07,5,0.054622834309182786
2012-11-08,5,0.02630446542636658
2012-11-09,5,0.11038117074131204
2012-11-12,5,0.11762601672730182
2012-11-13,5,0.08016143823216876
2012-11-14,5,0.11997944907120246
2012-11-15,5,0.1335948016326329
2012-11-16,5,-0.007696178138633538
2012-11-19,5,-0.015033883095145873
2012-11-20,5,-0.13243934629986673
2012-11-21,5,-0.13060778086577818
2012-11-23,5,-0.10429390751069602
2012-11-26,5,-0.04571765364549958
2012-11-27,5,-0.08249072634249274
2012-11-28,5,-0.16216572689381067
2012-11-29,5,-0.1560929166294817
2012-11-30,5,-0.1493297959870545
2012-12-03,5,-0.16972656010026704
2012-12-04,5,-0.1856806928674892
2012-12-05,5,-0.10329165662143866
2012-12-06,5,-0.14902656248555549
2012-12-07,5,-0.1512366350075449
2012-12-10,5,-0.11853003037406844
2012-12-11,5,-0.12200828632363972
2012-12-12,5,-0.11192790493968571
2012-12-13,5,-0.03203201770430434
2012-12-14,5,-0.0195990880548545
2012-12-17,5,-0.0149996571324654
2012-12-18,5,-0.017961046511225674
2012-12-19,5,0.061615505959885734
2012-12-20,5,0.06389710263266853
2012-12-21,5,0.09725205533046112
2012-12-24,5,0.02435903004138516
2012-12-26,5,0.045832604227511085
2012-12-27,5,-0.04884413938539005
2012-12-28,5,-0.05202573451342214
2012-12-31,5,0.042865800497591124
2013-01-02,5,0.10124327689707173
2013-01-03,5,0.12834597769431666
2013-01-04,5,0.1651165420026922
2013-01-07,5,0.15777807345758804
2013-01-08,5,0.04074517562047759
2013-01-09,5,0.004378583053679696
2013-01-10,5,0.05881550037749881
2013-01-11,5,0.05571028419783963
2013-01-14,5,0.009046626666147715
2013-01-15,5,0.09598422792742427
2013-01-16,5,0.037685083640159045
2013-01-17,5,0.04862934721555735
2013-01-18,5,-0.0247969992092326
2013-01-22,5,-0.005315920575159785
2013-01-23,5,-0.0061875075151242845
2013-01-24,5,-0.029209778374121066
2013-01-25,5,-0.015644242059557445
2013-01-28,5,0.05746674059231682
2013-01-29,5,0.07481251913330432
2013-01-30,5,0.024841041088695948
2013-01-31,5,0.033097680340474715
2013-02-01,5,0.007504815455196589
2013-02-04,5,-0.012012332043930962
2013-02-05,5,-0.05580997591774966
2013-02-06,5,-0.03029477853158428
2013-02-07,5,-0.04495827583857657
2013-02-08,5,-0.016504667998146004
2013-02-11,5,-0.021823333035890017
2013-02-12,5,-0.007143093024470565
2013-02-13,5,-0.02387989757956809
2013-02-14,5,0.034146079298798857
2013-02-15,5,0.003976068452987275
2013-02-19,5,0.09373661990689153
2013-02-20,5,0.16644250800364324
2013-02-21,5,0.27763375356938114
2013-02-22,5,0.3242559060599832
2013-02-25,5,0.385041801062884
2013-02-26,5,0.34318083891232193
2013-02-27,5,0.26880549290049277
2013-02-28,5,0.12425825728124382
2013-03-01,5,-0.0010787055399837328
2013-03-04,5,-0.13523239799577308
2013-03-05,5,-0.2171760994469186
2013-03-06,5,-0.10667400503005416
2013-03-07,5,-0.04463504107345352
2013-03-08,5,-0.09224548312124312
2013-03-11,5,-0.0804867353299181
2013-03-12,5,0.005150106482865077
2013-03-13,5,0.05905300401756574
2013-03-14,5,0.0724585591500546
2013-03-15,5,0.1887025716776432
2013-03-18,5,0.16411775266222978
2013-03-19,5,0.17068200677869322
2013-03-20,5,0.10072734086372198
2013-03-21,5,0.14636910400441444
2013-03-22,5,0.1239285188092174
2013-03-25,5,0.1062658882551879
2013-03-26,5,-0.0432684682008531
2013-03-27,5,-0.01968599169468648
2013-03-28,5,-0.05520094800771841
2013-04-01,5,-0.031144262212957657
2013-04-02,5,-0.0802722268320215
2013-04-03,5,-0.013641904054840412
2013-04-04,5,0.010259753908433294
2013-04-05,5,0.01484797597366149
2013-04-08,5,-0.09381019153284138
2013-04-09,5,0.007568197566893914
2013-04-10,5,0.03846163230895155
2013-04-11,5,-0.017288044791204712
2013-04-12,5,0.05224687468414599
2013-04-15,5,0.2011937161061699
2013-04-16,5,0.13704243498876612
2013-04-17,5,0.06751518466374146
2013-04-18,5,0.03489206963893541
2013-04-19,5,-0.05963351667035339
2013-04-22,5,-0.11948116966561767
2013-04-23,5,-0.12207758791038106
2013-04-24,5,-0.12773646298231833
2013-04-25,5,-0.014042741634495726
2013-04-26,5,-0.055233468144236554
2013-04-29,5,-0.008364924868756727
2013-04-30,5,-0.0029873298163377213
2013-05-01,5,-0.060731171410169885
2013-05-02,5,-0.13007880084924162
2013-05-03,5,-0.10519543830955613
2013-05-06,5,-0.06824225836679579
2013-05-07,5,-0.0481147260487491
2013-05-08,5,0.03922011901700401
2013-05-09,5,-0.0018642632537101726
2013-05-10,5,0.02733990890569337
2013-05-13,5,-0.10271768888672657
2013-05-14,5,-0.1682221943024927
2013-05-15,5,-0.194382622054035
2013-05-16,5,-0.14529675790120727
2013-05-17,5,-0.14984345518691516
2013-05-20,5,0.009828738951993349
2013-05-21,5,-0.02758754875564388
2013-05-22,5,-0.02219726322988751
2013-05-23,5,-0.0036851018471368907
2013-05-24,5,-0.0683641338004809
2013-05-28,5,-0.12218343955348761
2013-05-29,5,-0.11288017617687995
2013-05-30,5,-0.037875262412383065
2013-05-31,5,-0.007894536261228399
2013-06-03,5,0.0721850181377017
2013-06-04,5,0.08242357062098842
2013-06-05,5,0.11892996806660772
2013-06-06,5,0.08473704191448256
2013-06-07,5,0.11962596913568846
2013-06-10,5,0.15929143820222277
2013-06-11,5,0.18063103321470042
2013-06-12,5,0.17837381326393242
2013-06-13,5,0.004190665198288313
2013-06-14,5,-0.09738866700343653
2013-06-17,5,-0.15946582218551142
2013-06-18,5,-0.15373756942067743
2013-06-19,5,-0.09562188606619632
2013-06-20,5,0.018355045550314218
2013-06-21,5,0.04594700733707076
2013-06-24,5,0.0935952575154909
2013-06-25,5,0.09790900132339997
2013-06-26,5,0.014195833120919465
2013-06-27,5,0.05547350780738453
2013-06-28,5,0.104971882784586
2013-07-01,5,0.11239551341055762
2013-07-02,5,-0.0008026664489130481
2013-07-03,5,-0.023388782053095407
2013-07-05,5,-0.02713203756855037
2013-07-08,5,-0.061088603306687334
2013-07-09,5,-0.16207516910519298
2013-07-10,5,-0.061286217811819886
2013-07-11,5,-0.04041958030600509
2013-07-12,5,-0.041069518308875945
2013-07-15,5,-0.07641812788834293
2013-07-16,5,0.020763792344665383
2013-07-17,5,-0.001630371261189638
2013-07-18,5,-0.002047679692994685
2013-07-19,5,-0.02081651702094162
2013-07-22,5,-0.025618454158951073
2013-07-23,5,0.03527020186962808
2013-07-24,5,0.06238370413778689
2013-07-25,5,0.08577248041271944
2013-07-26,5,0.11784945978508009
2013-07-29,5,0.13519428461871774
2013-07-30,5,0.08601467727138228
2013-07-31,5,0.020888119232940042
2013-08-01,5,-0.014842804510729913
2013-08-02,5,-0.0298601754443586
2013-08-05,5,-0.020310428250309633
2013-08-06,5,0.006765981266239929
2013-08-07,5,-0.022771256961054084
2013-08-08,5,-0.10853489783738114
2013-08-09,5,-0.05381182785601345
2013-08-12,5,-0.09978350006032688
2013-08-13,5,-0.000298302955616399
2013-08-14,5,0.07142872635523177
2013-08-15,5,0.20685010979621446
2013-08-16,5,0.06512213264091009
2013-08-19,5,0.05113662543562094
2013-08-20,5,-0.09584375701769818
2013-08-21,5,-0.07447019754128209
2013-08-22,5,-0.0213347564475373
2013-08-23,5,-0.03685716603628689
2013-08-26,5,0.05088244362113514
2013-08-27,5,0.15504350807861567
2013-08-28,5,0.11444380534747199
2013-08-29,5,0.033860363472635366
2013-08-30,5,0.08781336856520107
2013-09-03,5,0.10377538146306703
2013-09-04,5,0.04368867249516546
2013-09-05,5,0.007278632891751336
2013-09-06,5,0.04583890625135968
2013-09-09,5,0.023933314542275017
2013-09-10,5,-0.03454212831268777
2013-09-11,5,-0.021401533923545914
2013-09-12,5,0.015264155931837347
2013-09-13,5,0.048411181477708586
2013-09-16,5,0.017558803695468854
2013-09-17,5,0.07620684820401942
2013-09-18,5,0.15189259096690677
2013-09-19,5,0.15954638569177362
2013-09-20,5,0.14773315071610574
2013-09-23,5,0.21533677366391016
2013-09-24,5,0.19433150732702104
2013-09-25,5,0.12177300771102768
2013-09-26,5,0.08029815676927267
2013-09-27,5,0.09572150334181516
2013-09-30,5,-0.025187308787472204
2013-10-01,5,-0.1334533082821618
2013-10-02,5,-0.1082557533280781
2013-10-03,5,-0.04005911036507272
2013-10-04,5,-0.06197193177092748
2013-10-07,5,0.029753423092493146
2013-10-08,5,0.1278055461870612
2013-10-09,5,0.16958837322250236
2013-10-10,5,0.06662525224639107
2013-10-11,5,0.08405406987379749
2013-10-14,5,0.03609271997984469
2013-10-15,5,0.03711400355653518
2013-10-16,5,-0.06956605221043637
2013-10-17,5,-0.051527996874316626
2013-10-18,5,-0.10551719082293709
2013-10-21,5,-0.12463106982575226
2013-10-22,5,-0.07155846765422702
2013-10-23,5,-0.05020973590539932
2013-10-24,5,-5.469761803479983e-05
2013-10-25,5,-0.020351365643762588
2013-10-28,5,0.026972899285927283
2013-10-29,5,0.035897517698378886
2013-10-30,5,0.017105023434764766
2013-10-31,5,-0.1583221540077087
2013-11-01,5,-0.02656152230888576
2013-11-04,5,-0.03269244569512701
2013-11-05,5,-0.07543313917793713
2013-11-06,5,0.035378749666469235
2013-11-07,5,0.15148380338679288
2013-11-08,5,0.032355430481110496
2013-11-11,5,-0.08552526536907962
2013-11-12,5,-0.15613106953452674
2013-11-13,5,-0.1968886340227829
2013-11-14,5,-0.05391277843058572
2013-11-15,5,-0.05434927012160091
2013-11-18,5,0.030983965016052023
2013-11-19,5,0.1634978358738195
2013-11-20,5,0.1685617967626342
2013-11-21,5,0.06316989720221075
2013-11-22,5,0.05776853632290972
2013-11-25,5,0.09101998719529539
2013-11-26,5,-0.007017989517644493
2013-11-27,5,0.05154871954182283
2013-11-29,5,0.08483602212116444
2013-12-02,5,0.019050193233951195
2013-12-03,5,0.016348058475425357
2013-12-04,5,-0.040377385223338544
2013-12-05,5,0.0227387035706252
2013-12-06,5,0.005528387148010295
2013-12-09,5,0.05720529352130137
2013-12-10,5,0.06678318680211454
2013-12-11,5,0.12240606089386179
2013-12-12,5,0.02025813624190675
2013-12-13,5,0.054519038839857877
2013-12-16,5,0.0012194827704480253
2013-12-17,5,-0.004674450855995054
2013-12-18,5,-0.002998178907158153
2013-12-19,5,-0.085004703822313
2013-12-20,5,-0.1550292321373441
2013-12-23,5,-0.12999791118530224
2013-12-24,5,-0.1492168493995158
2013-12-26,5,-0.17852596683078342
2013-12-27,5,-0.09292292696328679
2013-12-30,5,0.0012513407123592342
2013-12-31,5,0.037708268896522075
2014-01-02,5,0.10900299737382535
2014-01-03,5,0.07990219938191681
2014-01-06,5,0.031319786090982835
2014-01-07,5,0.04814776520771309
2014-01-08,5,-0.03272377101541896
2014-01-09,5,-0.033542643496208155
2014-01-10,5,-0.031150533913839762
2014-01-13,5,0.02650476677888177
2014-01-14,5,-0.008447719243859888
2014-01-15,5,0.004413686805536562
2014-01-16,5,-0.08729726058439809
2014-01-17,5,-0.09175715661820331
2014-01-21,5,-0.02658705372754418
2014-01-22,5,-0.09236678993470993
2014-01-23,5,0.0032555371732913723
2014-01-24,5,0.12620555863834207
2014-01-27,5,0.0876822996045951
2014-01-28,5,0.06388275955230041
2014-01-29,5,0.04632296077737233
2014-01-30,5,0.01197902170919201
2014-01-31,5,0.011266640775425846
2014-02-03,5,0.010764961021940876
2014-02-04,5,-0.0013521077014589534
2014-02-05,5,0.05159189347201261
2014-02-06,5,0.09441920576612815
2014-02-07,5,0.05365975952593451
2014-02-10,5,0.13943228050968323
2014-02-11,5,0.13827354518179832
2014-02-12,5,0.16376889123261312
2014-02-13,5,0.13530217568902297
2014-02-14,5,0.15353442396437633
2014-02-18,5,0.09638978423295816
2014-02-19,5,0.12316396519264018
2014-02-20,5,0.07961811690603948
2014-02-21,5,0.04882924968107186
2014-02-24,5,0.008816239159820308
2014-02-25,5,0.08787435003269317
2014-02-26,5,0.06260145247515549
2014-02-27,5,-0.003957805878503778
2014-02-28,5,-0.02364649109792013
2014-03-03,5,-0.03575628261807797
2014-03-04,5,-0.10537667571324957
2014-03-05,5,-0.06590148187434396
2014-03-06,5,-0.03758020205041059
2014-03-07,5,-0.017176769716252448
2014-03-10,5,0.02492936469752423
2014-03-11,5,0.07998645679956526
2014-03-12,5,0.038350679617362715
2014-03-13,5,0.03191288740800692
2014-03-14,5,-0.08370806478330807
2014-03-17,5,-0.17921955155786554
2014-03-18,5,-0.16678315199652793
2014-03-19,5,-0.1504031717107952
2014-03-20,5,-0.141123051324247
2014-03-21,5,-0.09156992493417887
2014-03-24,5,0.02023846743448828
2014-03-25,5,0.08725957448698692
2014-03-26,5,0.11463749383429157
2014-03-27,5,0.011167084440147421
2014-03-28,5,-0.08607616637982894
2014-03-31,5,-0.2478241014549158
2014-04-01,5,-0.2764434344584295
2014-04-02,5,-0.20123267306069803
2014-04-03,5,-0.2124452401501128
2014-04-04,5,-0.12340876204950363
2014-04-07,5,-0.012914494874967292
2014-04-08,5,-0.040353245310856475
2014-04-09,5,-0.030424037476839194
2014-04-10,5,0.1335951248517494
2014-04-11,5,0.17206959063114438
2014-04-14,5,0.23720488654707736
2014-04-15,5,0.20737420685078495
2014-04-16,5,0.07036395109732618
2014-04-17,5,-0.07941186659905684
2014-04-21,5,-0.18575571040359254
2014-04-22,5,-0.16836851301504385
2014-04-23,5,-0.09937583363859151
2014-04-24,5,-0.033960419592896814
2014-04-25,5,0.08329134378889119
2014-04-28,5,0.17554784866567563
2014-04-29,5,0.11483100324487887
2014-04-30,5,0.04358018417486373
2014-05-01,5,-0.06086121537370178
2014-05-02,5,-0.1011460814100266
2014-05-05,5,-0.059514736765301765
2014-05-06,5,-0.04609051839106606
2014-05-07,5,-0.08458912593647702
2014-05-08,5,-0.08127572850311274
2014-05-09,5,-0.03450604150740938
2014-05-12,5,-0.05619648700369522
2014-05-13,5,-0.014260584176798314
2014-05-14,5,0.09097943524254101
2014-05-15,5,0.12540350634493194
2014-05-16,5,0.15515447753391598
2014-05-19,5,0.0995393773492842
2014-05-20,5,0.13146938328377175
2014-05-21,5,0.08245095787021205
2014-05-22,5,0.10673512999407755
2014-05-23,5,0.1308107472115187
2014-05-27,5,0.1430247502770169
2014-05-28,5,0.16687039015643426
2014-05-29,5,0.14175333018354935
2014-05-30,5,0.12361694816322177
2014-06-02,5,-0.0017683622977848138
2014-06-03,5,-0.06052960668959522
2014-06-04,5,-0.08667895211382465
2014-06-05,5,-0.11522132963377812
2014-06-06,5,-0.115697677328833
2014-06-09,5,-0.0564836086334932
2014-06-10,5,-0.07759155278340843
2014-06-11,5,-0.03745473606362198
2014-06-12,5,0.009437886904139284
2014-06-13,5,0.07003290067444741
2014-06-16,5,0.03915339201937209
2014-06-17,5,0.01164521415404236
2014-06-18,5,0.07852964294451183
2014-06-19,5,0.09651151590728127
2014-06-20,5,-0.02905206023143828
2014-06-23,5,-0.03135022342488305
2014-06-24,5,0.08215505881695379
2014-06-25,5,-0.003228161835544914
2014-06-26,5,-0.018742814185980693
2014-06-27,5,0.053189817757638376
2014-06-30,5,0.06027165061205048
2014-07-01,5,0.10453189554999526
2014-07-02,5,0.15179549384288507
2014-07-03,5,0.12433816541627016
2014-07-07,5,0.14947700749946535
2014-07-08,5,0.12145779975392589
2014-07-09,5,0.03674892645609724
2014-07-10,5,-0.03970132673348458
2014-07-11,5,0.0011314200280624592
2014-07-14,5,-0.012366103984414387
2014-07-15,5,0.06978332519716812
2014-07-16,5,0.10336821474305158
2014-07-17,5,0.1550695793212318
2014-07-18,5,0.07732030450528643
2014-07-21,5,0.059507505467485684
2014-07-22,5,0.026041521536635602
2014-07-23,5,-0.05492730373700299
2014-07-24,5,-0.1787556454552147
2014-07-25,5,-0.1304731503660681
2014-07-28,5,-0.08431355476410488
2014-07-29,5,-0.11254364422706359
2014-07-30,5,-0.09265107657457256
2014-07-31,5,0.021845033188258717
2014-08-01,5,-0.01892898206032465
2014-08-04,5,-0.056688236697006934
2014-08-05,5,0.02548104892114306
2014-08-06,5,0.13595804720291021
2014-08-07,5,0.11443644656744488
2014-08-08,5,0.15250980043660795
2014-08-11,5,0.1703721964373799
2014-08-12,5,0.15037988494301302
2014-08-13,5,0.09746665531307373
2014-08-14,5,0.05650056645058283
2014-08-15,5,0.0237118022824814
2014-08-18,5,0.05531062380330931
2014-08-19,5,-0.010609960436248261
2014-08-20,5,-0.04978794607328837
2014-08-21,5,0.045522070935845566
2014-08-22,5,0.020646329803914863
2014-08-25,5,0.020778992779548925
2014-08-26,5,0.13133980175456494
2014-08-27,5,0.09978746436475026
2014-08-28,5,0.08630905681495468
2014-08-29,5,0.08093193012854687
2014-09-02,5,0.047804223391414706
2014-09-03,5,0.02981785010356222
2014-09-04,5,0.022288040731873574
2014-09-05,5,-0.020795812206906995
2014-09-08,5,-0.009962332935099905
2014-09-09,5,0.09585876137353525
2014-09-10,5,0.07644923171084513
2014-09-11,5,0.13549187402421883
2014-09-12,5,0.15049169834632076
2014-09-15,5,0.1639680553020568
2014-09-16,5,0.05387550660889331
2014-09-17,5,0.09917408352276776
2014-09-18,5,0.05467254540040627
2014-09-19,5,0.11291743163995713
2014-09-22,5,0.11896610183145134
2014-09-23,5,0.13428058345881605
2014-09-24,5,0.009038345251575357
2014-09-25,5,-0.044970173426354176
2014-09-26,5,-0.02397803490895615
2014-09-29,5,-0.0551312304032294
2014-09-30,5,-0.07429440601082962
2014-10-01,5,-0.04536292677364627
2014-10-02,5,0.020094378470310082
2014-10-03,5,-0.07295894174827189
2014-10-06,5,-0.14575836331065392
2014-10-07,5,-0.19248734680389412
2014-10-08,5,-0.2701033095207766
2014-10-09,5,-0.28505243996061763
2014-10-10,5,-0.12482973595036514
2014-10-13,5,0.053487057911735005
2014-10-14,5,0.1631638268278485
2014-10-15,5,0.316560618532881
2014-10-16,5,0.3043376907214323
2014-10-17,5,0.22052393790346164
2014-10-20,5,0.20102328853360615
2014-10-21,5,0.048194510923345944
2014-10-22,5,0.027399843622211605
2014-10-23,5,-0.015764737887549726
2014-10-24,5,-0.049763328567045816
2014-10-27,5,-0.04087377377141648
2014-10-28,5,0.037210481553716396
2014-10-29,5,-0.03882372415553006
2014-10-30,5,0.010865624754223265
2014-10-31,5,-0.058080798218559215
2014-11-03,5,-0.04537412772912577
2014-11-04,5,-0.04338448745239003
2014-11-05,5,-0.027289902067603813
2014-11-06,5,0.024466677470023596
2014-11-07,5,0.09129543344456995
2014-11-10,5,0.11305755661514728
2014-11-11,5,0.1784102167232524
2014-11-12,5,0.18959696204486645
2014-11-13,5,0.025796462839801425
2014-11-14,5,0.01836124196673335
2014-11-17,5,-0.030556406376336814
2014-11-18,5,-0.04962292270804159
2014-11-19,5,-0.029190962199302485
2014-11-20,5,0.1015288993607422
2014-11-21,5,0.12217225289433643
2014-11-24,5,0.17586804884275586
2014-11-25,5,0.1268438344372579
2014-11-26,5,0.15010633092723855
2014-11-28,5,0.04770650093719667
2014-12-01,5,0.06089682558377373
2014-12-02,5,-0.033022678346540775
2014-12-03,5,0.025477746649702326
2014-12-04,5,-0.021120072112588
2014-12-05,5,0.017102815397441833
2014-12-08,5,0.01126611899086537
2014-12-09,5,0.02349055507932258
2014-12-10,5,-0.09439192030547262
2014-12-11,5,-0.10438174094058388
2014-12-12,5,-0.16559087552091434
2014-12-15,5,-0.1556415283007126
2014-12-16,5,-0.11772612930003996
2014-12-17,5,-0.030772295558469474
2014-12-18,5,-0.08013425502200934
2014-12-19,5,0.03518341218430478
2014-12-22,5,0.0036357391474605566
2014-12-23,5,0.009870753771187648
2014-12-24,5,-0.03339527380302995
2014-12-26,5,0.05801657493984078
2014-12-29,5,0.13103318452576
2014-12-30,5,0.17198757802228024
2014-12-31,5,0.21061076550458485
2015-01-02,5,0.20558638798720366
2015-01-05,5,0.17029400820327442
2015-01-06,5,0.11260897175738975
2015-01-07,5,0.0778567898817976
2015-01-08,5,0.12514884808353435
2015-01-09,5,0.1370753652080658
2015-01-12,5,0.21737091597645222
2015-01-13,5,0.17241844193888334
2015-01-14,5,0.19819749934345499
2015-01-15,5,0.14865844122192617
2015-01-16,5,0.08417864689400689
2015-01-20,5,0.004159700967113238
2015-01-21,5,0.08027558653254438
2015-01-22,5,0.05973246392364473
2015-01-23,5,0.001255461530617543
2015-01-26,5,-0.04040462835029482
2015-01-27,5,-0.13994411552846925
2015-01-28,5,-0.14838215907937435
2015-01-29,5,-0.18189503551272893
2015-01-30,5,-0.2163180030973443
2015-02-02,5,-0.2371369529657909
2015-02-03,5,-0.005453075415370108
2015-02-04,5,-0.06358276647201355
2015-02-05,5,-0.005557290495348249
2015-02-06,5,-0.027743474760812785
2015-02-09,5,0.04241161902039904
2015-02-10,5,-0.10120889033642469
2015-02-11,5,-0.11091844506981739
2015-02-12,5,-0.007184821084920486
2015-02-13,5,0.1748390414114519
2015-02-17,5,0.16102282719575975
2015-02-18,5,0.07243219300993856
2015-02-19,5,0.08468455522172243
2015-02-20,5,0.007903382149728458
2015-02-23,5,-0.01722475374073568
2015-02-24,5,0.009559477150416208
2015-02-25,5,0.07736147164014526
2015-02-26,5,0.08720113671510836
2015-02-27,5,0.08044093797767272
2015-03-02,5,0.1151107773953014
2015-03-03,5,0.14097963367536964
2015-03-04,5,0.10447232032541909
2015-03-05,5,0.11698168702573478
2015-03-06,5,0.17261702964085146
2015-03-09,5,0.20183645007608944
2015-03-10,5,0.17387294065473397
2015-03-11,5,0.11792274464539709
2015-03-12,5,0.1699621101322085
2015-03-13,5,0.080193341620214
2015-03-16,5,-0.14417494890400206
2015-03-17,5,-0.194525297671008
2015-03-18,5,-0.14019386384145252
2015-03-19,5,-0.14849991898688616
2015-03-20,5,-0.008003437662994894
2015-03-23,5,0.11180329083684051
2015-03-24,5,0.1325666420155312
2015-03-25,5,0.1484937513634247
2015-03-26,5,0.030263107667318913
2015-03-27,5,-0.22886443915872448
2015-03-30,5,-0.279162017408199
2015-03-31,5,-0.19426483986944887
2015-04-01,5,-0.20119666857095
2015-04-02,5,-0.09166009038163037
2015-04-06,5,0.029863043978881315
2015-04-07,5,-0.013908695230580567
2015-04-08,5,-0.22653080443288956
2015-04-09,5,-0.18628462546249333
2015-04-10,5,-0.1799101650968064
2015-04-13,5,-0.1338253137090263
2015-04-14,5,0.08801678486117995
2015-04-15,5,0.2139852917773748
2015-04-16,5,0.14139763621769946
2015-04-17,5,0.12183559802724427
2015-04-20,5,0.013936612793705994
2015-04-21,5,-0.14580688065474837
2015-04-22,5,-0.20724423535564007
2015-04-23,5,-0.16227460708229893
2015-04-24,5,-0.08832706614784465
2015-04-27,5,-0.06451478005869929
2015-04-28,5,-0.03158808148570844
2015-04-29,5,0.042765014814063765
2015-04-30,5,0.11564557981401381
2015-05-01,5,0.05665305896192453
2015-05-04,5,0.06324434945970421
2015-05-05,5,0.10038559967180637
2015-05-06,5,0.053634421589302095
2015-05-07,5,0.059444816013555196
2015-05-08,5,0.023314756246801835
2015-05-11,5,0.10213470887369147
2015-05-12,5,0.16531377981771947
2015-05-13,5,0.16302065760653858
2015-05-14,5,0.07957248308092378
2015-05-15,5,0.10766624601829741
2015-05-18,5,0.13451237265870017
2015-05-19,5,0.07196957730430081
2015-05-20,5,0.11851494468972577
2015-05-21,5,0.1815195327567389
2015-05-22,5,0.2008566467580863
2015-05-26,5,0.05966172447666697
2015-05-27,5,-0.00297352176421542
2015-05-28,5,-0.014058324106366104
2015-05-29,5,-0.06942020904393734
2015-06-01,5,-0.10359765474118626
2015-06-02,5,0.0021336485376895024
2015-06-03,5,0.005023949467878184
2015-06-04,5,0.04284798185351931
2015-06-05,5,0.04230541857257841
2015-06-08,5,0.08421199398405713
2015-06-09,5,0.10005854607294519
2015-06-10,5,0.13726729525187528
2015-06-11,5,0.1332940677246916
2015-06-12,5,0.13799875562918432
2015-06-15,5,0.1279984785360008
2015-06-16,5,0.034559046659857116
2015-06-17,5,0.052687825023422674
2015-06-18,5,0.09790809747695542
2015-06-19,5,0.044837846533433104
2015-06-22,5,0.0925949298363114
2015-06-23,5,0.21098014472061677
2015-06-24,5,0.2928431353624063
2015-06-25,5,0.2493149162164089
2015-06-26,5,0.32185281520297543
2015-06-29,5,0.3266441687717795
2015-06-30,5,0.26507475884968507
2015-07-01,5,0.20598659435911965
2015-07-02,5,0.28927041537346315
2015-07-06,5,0.1826971019485895
2015-07-07,5,0.19714897288586253
2015-07-08,5,0.20621773948788993
2015-07-09,5,0.2289968289669512
2015-07-10,5,0.1849259943374745
2015-07-13,5,0.267248407831789
2015-07-14,5,0.25726991379949776
2015-07-15,5,0.25727071642091415
2015-07-16,5,0.2226455201983211
2015-07-17,5,0.22397083915106827
2015-07-20,5,0.14492153460897003
2015-07-21,5,0.12864902887622212
2015-07-22,5,-0.010514958388618226
2015-07-23,5,0.017522145698321608
2015-07-24,5,0.004742564175005527
2015-07-27,5,0.07113862605220522
2015-07-28,5,0.1152827750322608
2015-07-29,5,0.15120368898631348
2015-07-30,5,0.06935875375861675
2015-07-31,5,0.09043171854175812
2015-08-03,5,-0.07850221098287236
2015-08-04,5,-0.056235406127208336
2015-08-05,5,-0.11185701577561229
2015-08-06,5,0.11266035373050236
2015-08-07,5,0.08035831039656341
2015-08-10,5,0.26519836014947423
2015-08-11,5,0.25741761140612573
2015-08-12,5,0.2689473792334174
2015-08-13,5,0.13000074033195688
2015-08-14,5,0.04029778976979329
2015-08-17,5,-0.03812091602964716
2015-08-18,5,0.010088121973523585
2015-08-19,5,0.001529174810329632
2015-08-20,5,-0.09719542862449755
2015-08-21,5,-0.1559088716855228
2015-08-24,5,-0.20029833728441948
2015-08-25,5,-0.2446229773694383
2015-08-26,5,-0.18675327211544038
2015-08-27,5,-0.11585291455859571
2015-08-28,5,0.08499502203638058
2015-08-31,5,0.2117910802649655
2015-09-01,5,0.16365317892561249
2015-09-02,5,0.10026898855403787
2015-09-03,5,0.18821516810157388
2015-09-04,5,0.17957211317533348
2015-09-08,5,0.1338771279843106
2015-09-09,5,-0.0021339643831806377
2015-09-10,5,0.054501058007681284
2015-09-11,5,0.023240613249921847
2015-09-14,5,0.08214923503241137
2015-09-15,5,0.17483741156242438
2015-09-16,5,0.3508221225719918
2015-09-17,5,0.24867610229047182
2015-09-18,5,0.23781542794816377
2015-09-21,5,0.14699001955381347
2015-09-22,5,0.07389858088153041
2015-09-23,5,-0.033755207357040434
2015-09-24,5,0.14032953389665964
2015-09-25,5,-0.02130138465659063
2015-09-28,5,-0.13301995698939056
2015-09-29,5,-0.21822340728073208
2015-09-30,5,-0.28157410109107056
2015-10-01,5,-0.3909390351407514
2015-10-02,5,-0.3598473869685117
2015-10-05,5,-0.15704146422265078
2015-10-06,5,0.025757125918707588
2015-10-07,5,0.022808184041631284
2015-10-08,5,0.19304169128467746
2015-10-09,5,0.26788597035326095
2015-10-12,5,0.14152580751770524
2015-10-13,5,0.08276250445905818
2015-10-14,5,0.17887146426622388
2015-10-15,5,0.13423428588603176
2015-10-16,5,0.07094127428297783
2015-10-19,5,0.10312848080675321
2015-10-20,5,0.2284341915324357
2015-10-21,5,0.151196874431634
2015-10-22,5,0.12414847620190549
2015-10-23,5,0.12410316149999545
2015-10-26,5,-0.09360038577536636
2015-10-27,5,-0.2369309299272943
2015-10-28,5,-0.176059621954105
2015-10-29,5,-0.13400594295599344
2015-10-30,5,-0.11213576178343937
2015-11-02,5,0.027403890542700718
2015-11-03,5,0.16809469382376552
2015-11-04,5,0.2032126665559457
2015-11-05,5,0.23516711668188245
2015-11-06,5,0.2459147749469875
2015-11-09,5,0.18872993925438275
2015-11-10,5,0.20589167912513753
2015-11-11,5,0.08122233699296848
2015-11-12,5,0.03513251602798058
2015-11-13,5,0.08009246664037842
2015-11-16,5,0.13129745763475337
2015-11-17,5,-0.058520672682139514
2015-11-18,5,-0.05658202930802962
2015-11-19,5,-0.01316061025552455
2015-11-20,5,-0.12794457902738016
2015-11-23,5,-0.12627016929368876
2015-11-24,5,0.05047379586227578
2015-11-25,5,0.06508348542851862
2015-11-27,5,0.11716421031544481
2015-11-30,5,0.19858364984989413
2015-12-01,5,0.21086446184374744
2015-12-02,5,0.13099667456240596
2015-12-03,5,0.07849922617520536
2015-12-04,5,0.009502290247129626
2015-12-07,5,0.04012121508260577
2015-12-08,5,-0.03654775560603145
2015-12-09,5,0.020700674743092652
2015-12-10,5,0.06003861079953417
2015-12-11,5,0.00773240011582774
2015-12-14,5,-0.10754862849128165
2015-12-15,5,-0.206394482588199
2015-12-16,5,-0.27667156000371906
2015-12-17,5,-0.29192618870364645
2015-12-18,5,-0.17130432200707416
2015-12-21,5,-0.12917961309464718
2015-12-22,5,0.03514274201977405
2015-12-23,5,0.11723271931750696
2015-12-24,5,-0.05481260370743069
2015-12-28,5,-0.06609724224353505
2015-12-29,5,0.05707989181120897
2015-12-30,5,0.1004648690211638
2015-12-31,5,0.1430370421810822
2016-01-04,5,0.2875549056056383
2016-01-05,5,0.31878654144717433
2016-01-06,5,0.2310991091617048
2016-01-07,5,0.17544132644352534
2016-01-08,5,0.15749921537080439
2016-01-11,5,0.1398601928705297
2016-01-12,5,0.06680927075339688
2016-01-13,5,-0.08326673438023552
2016-01-14,5,-0.03166295999978874
2016-01-15,5,-0.022796011310776073
2016-01-19,5,-0.19106084139397503
2016-01-20,5,-0.1584873199505211
2016-01-21,5,-0.005959519809771149
2016-01-22,5,-0.08523072714468602
2016-01-25,5,-0.1170746344304905
2016-01-26,5,0.01801811382808379
2016-01-27,5,-0.0951699497079084
2016-01-28,5,-0.22741833148785554
2016-01-29,5,-0.201066901926105
2016-02-01,5,-0.1582542107940946
2016-02-02,5,-0.13172291609628653
2016-02-03,5,-0.016583297413278963
2016-02-04,5,0.11703421781421378
2016-02-05,5,0.17254080174665218
2016-02-08,5,0.05779869041512899
2016-02-09,5,-0.11468851669078038
2016-02-10,5,-0.1629103953198206
2016-02-11,5,-0.1418960004235942
2016-02-12,5,-0.14694862595395464
2016-02-16,5,-0.0041301750588791045
2016-02-17,5,0.09172636420656574
2016-02-18,5,0.13164272348377815
2016-02-19,5,-0.09658585710469918
2016-02-22,5,-0.08008878582219259
2016-02-23,5,-0.165833162201035
2016-02-24,5,-0.2525452317708585
2016-02-25,5,-0.31199633738474813
2016-02-26,5,-0.30746410007242586
2016-02-29,5,-0.3564265706041339
2016-03-01,5,-0.26713334614101975
2016-03-02,5,-0.1790202372905281
2016-03-03,5,-0.012160531202493035
2016-03-04,5,-0.07037236448641052
2016-03-07,5,0.14065047684396637
2016-03-08,5,0.09206098675105562
2016-03-09,5,0.02140997859289873
2016-03-10,5,-0.12433274390851615
2016-03-11,5,-0.12803685867595382
2016-03-14,5,-0.11044193601619602
2016-03-15,5,-0.2057668907665217
2016-03-16,5,0.058572758209813655
2016-03-17,5,0.11591198008728557
2016-03-18,5,0.29558136925900613
2016-03-21,5,0.2288431689722264
2016-03-22,5,0.18888030754513851
2016-03-23,5,-0.12343523405094498
2016-03-24,5,0.05233603466412066
2016-03-28,5,0.054777250570429384
2016-03-29,5,0.16412850375686988
2016-03-30,5,0.12134739618212752
2016-03-31,5,0.2226277055743792
2016-04-01,5,0.11160588739509694
2016-04-04,5,0.002848486282797695
2016-04-05,5,-0.06716366627628949
2016-04-06,5,-0.23281441506521514
2016-04-07,5,-0.2801562120163302
2016-04-08,5,-0.30083475045391145
2016-04-11,5,-0.24107585854395197
2016-04-12,5,-0.20801914528483104
2016-04-13,5,-0.11955274958317785
2016-04-14,5,-0.14037073417150012
2016-04-15,5,-0.2069957020705555
2016-04-18,5,-0.12349267693349494
2016-04-19,5,-0.23415168363025646
2016-04-20,5,-0.13959195859256168
2016-04-21,5,-0.07105968805358238
2016-04-22,5,0.048074070432762454
2016-04-25,5,0.04675990648559495
2016-04-26,5,0.17745370538077573
2016-04-27,5,0.20547196318476219
2016-04-28,5,0.27063717189576464
2016-04-29,5,0.2232051904641743
2016-05-02,5,0.18853614892356724
2016-05-03,5,0.0996519590076537
2016-05-04,5,0.0811570145850193
2016-05-05,5,0.1363106780762814
2016-05-06,5,0.19631911475935088
2016-05-09,5,0.10894971658238665
2016-05-10,5,0.10640868723449798
2016-05-11,5,0.09549862729085534
2016-05-12,5,0.018662884767845993
2016-05-13,5,-0.1271615959155641
2016-05-16,5,-0.11644726896502763
2016-05-17,5,0.0020411069748674997
2016-05-18,5,-0.18181912636354142
2016-05-19,5,-0.14803055246328864
2016-05-20,5,-0.13018273320155044
2016-05-23,5,-0.18259354460728064
2016-05-24,5,-0.2381217956887791
2016-05-25,5,-0.14718963682617395
2016-05-26,5,-0.1589635445026263
2016-05-27,5,-0.17244818513044688
2016-05-31,5,-0.1060973688559679
2016-06-01,5,-0.09336561917415008
2016-06-02,5,0.07508420102403902
2016-06-03,5,0.16502804717914565
2016-06-06,5,0.31082928333395926
2016-06-07,5,0.32203205271380264
2016-06-08,5,0.2930624789857084
2016-06-09,5,0.2026789276525504
2016-06-10,5,-0.038157552212225825
2016-06-13,5,-0.12454427070632147
2016-06-14,5,-0.0938204869507379
2016-06-15,5,0.024371519008360737
2016-06-16,5,-0.14440990786686736
2016-06-17,5,0.16413387031826054
2016-06-20,5,0.2943366763279752
2016-06-21,5,0.24743439791202942
2016-06-22,5,0.14882398521849077
2016-06-23,5,0.22394141516047406
2016-06-24,5,0.0857038933448878
2016-06-27,5,0.014491345500217814
2016-06-28,5,0.02669917667645725
2016-06-29,5,0.06357080849096987
2016-06-30,5,-0.0888412326435238
2016-07-01,5,-0.0406590855231114
2016-07-05,5,-0.29234037923545325
2016-07-06,5,-0.27745824501051314
2016-07-07,5,-0.25802418838862246
2016-07-08,5,-0.1776184426404885
2016-07-11,5,-0.18779141268994942
2016-07-12,5,0.019222395001704556
2016-07-13,5,-0.08914138290300545
2016-07-14,5,-0.07153123337273325
2016-07-15,5,-0.04248587556505445
2016-07-18,5,0.0029995025520407792
2016-07-19,5,-0.0788479148926205
2016-07-20,5,-0.005939385801455617
2016-07-21,5,0.07262342979950737
2016-07-22,5,0.06820858513343753
2016-07-25,5,0.05879535099397026
2016-07-26,5,0.15301042056135958
2016-07-27,5,0.048759128422776396
2016-07-28,5,0.06706453102430113
2016-07-29,5,-0.021905506315375776
2016-08-01,5,-0.06987083621968314
2016-08-02,5,-0.08822621101432163
2016-08-03,5,0.038802966187567345
2016-08-04,5,-0.05281095800637279
2016-08-05,5,-0.007365777683097661
2016-08-08,5,-0.032502360163055605
2016-08-09,5,-0.12159186745782248
2016-08-10,5,-0.10945914501472816
2016-08-11,5,-0.058905748412631416
2016-08-12,5,-0.06804902036773129
2016-08-15,5,0.0462986136821623
2016-08-16,5,5.314093845345026e-05
2016-08-17,5,-0.041043813575060296
2016-08-18,5,-0.04018854796034838
2016-08-19,5,-0.0010364201718654445
2016-08-22,5,-0.05127276011986653
2016-08-23,5,-0.04367488586411169
2016-08-24,5,-0.06087492847560497
2016-08-25,5,-0.04636547910525059
2016-08-26,5,-0.045493074954093236
2016-08-29,5,0.034387906061783616
2016-08-30,5,0.03112766973866691
2016-08-31,5,-0.004704600958430393
2016-09-01,5,-0.07576677137327922
2016-09-02,5,-0.05756314929212271
2016-09-06,5,-0.13378804549118498
2016-09-07,5,-0.03212502320577589
2016-09-08,5,0.054410750595192806
2016-09-09,5,0.10303758663560438
2016-09-12,5,0.10766042423081273
2016-09-13,5,0.17241000436261208
2016-09-14,5,0.2124338533498399
2016-09-15,5,0.1455366163447684
2016-09-16,5,0.04136106447620622
2016-09-19,5,0.06828157031351012
2016-09-20,5,0.030807737070372956
2016-09-21,5,-0.015734490280125954
2016-09-22,5,0.03997002376513561
2016-09-23,5,0.05313532613542304
2016-09-26,5,0.0273781383033552
2016-09-27,5,-0.035100396701208604
2016-09-28,5,-0.1011393064638797
2016-09-29,5,-0.05113106321977851
2016-09-30,5,-0.023815253241652293
2016-10-03,5,-0.06762202507652004
2016-10-04,5,-0.003702724254590755
2016-10-05,5,0.11046735365438944
2016-10-06,5,0.08189997897251065
2016-10-07,5,0.09087310755104624
2016-10-10,5,0.13526612104493704
2016-10-11,5,0.10819612841274717
2016-10-12,5,0.053454262584010856
2016-10-13,5,0.008952923355006161
2016-10-14,5,-0.008795683294811826
2016-10-17,5,-0.04055651574823282
2016-10-18,5,-0.013116516520898566
2016-10-19,5,-0.030192430192188823
2016-10-20,5,-0.06608292378196058
2016-10-21,5,-0.029142358512095935
2016-10-24,5,0.009068135155381784
2016-10-25,5,-0.03141297253890356
2016-10-26,5,-0.029352526592166556
2016-10-27,5,0.04277956872086812
2016-10-28,5,0.01275439453696206
2016-10-31,5,0.030548786989180645
2016-11-01,5,0.05109874508510053
2016-11-02,5,0.017700768443390656
2016-11-03,5,-0.07346851971001589
2016-11-04,5,-0.09620435177348435
2016-11-07,5,-0.15687891625357528
2016-11-08,5,-0.12664431268804674
2016-11-09,5,-0.09005468890468622
2016-11-10,5,0.00043464176369235056
2016-11-11,5,0.048976692266580496
2016-11-14,5,0.07810474897514023
2016-11-15,5,0.050645022012191024
2016-11-16,5,0.040680670345862625
2016-11-17,5,0.00991415060775881
2016-11-18,5,0.01680438855277417
2016-11-21,5,0.05391277052272051
2016-11-22,5,0.06218543787806427
2016-11-23,5,-0.005117084278743076
2016-11-25,5,0.05209780370640631
2016-11-28,5,0.007080429297144123
2016-11-29,5,-0.0528032205652465
2016-11-30,5,-0.14825009075880402
2016-12-01,5,-0.1577136471240691
2016-12-02,5,-0.27248787773736016
2016-12-05,5,-0.24468675352942812
2016-12-06,5,-0.21033158607439043
2016-12-07,5,-0.1153102384672176
2016-12-08,5,-0.04954421789057284
2016-12-09,5,-0.0656589644733053
2016-12-12,5,-0.06865668764533527
2016-12-13,5,0.03099206662737439
2016-12-14,5,0.007003201668505885
2016-12-15,5,-0.04901115162923498
2016-12-16,5,0.07552063315725747
2016-12-19,5,0.0656032649287387
2016-12-20,5,-0.03692957242433397
2016-12-21,5,-0.03739280578937288
2016-12-22,5,-0.07780243203985347
2016-12-23,5,-0.1623473334059426
2016-12-27,5,-0.11727583498262269
2016-12-28,5,-0.1480546817090428
2016-12-29,5,-0.15249549633962925
2016-12-30,5,-0.15608806660875546
2017-01-03,5,-0.028045013297761164
2017-01-04,5,-0.0465098955178696
2017-01-05,5,-0.02081416886578318
2017-01-06,5,0.0629723275762344
2017-01-09,5,-0.020225754921140225
2017-01-10,5,-0.1116953206222928
2017-01-11,5,-0.09179860659151864
2017-01-12,5,-0.05029974286002745
2017-01-13,5,-0.10083540310441268
2017-01-17,5,0.0642671394181624
2017-01-18,5,0.046088875882017835
2017-01-19,5,0.0660998027530967
2017-01-20,5,0.091735988913357
2017-01-23,5,0.03629242814115292
2017-01-24,5,-0.009566972080976625
2017-01-25,5,0.014355023013336769
2017-01-26,5,-0.0003915332466287143
2017-01-27,5,0.004315374070600164
2017-01-30,5,0.0370378903548629
2017-01-31,5,0.022810355055571097
2017-02-01,5,-0.08082606228842892
2017-02-02,5,-0.04351591130810789
2017-02-03,5,-0.0728348241272201
2017-02-06,5,-0.0364438455542828
2017-02-07,5,-0.06168869539851566
2017-02-08,5,0.028918385755224648
2017-02-09,5,-0.0027335391037447373
2017-02-10,5,-0.019445820696235176
2017-02-13,5,-0.02511139728462728
2017-02-14,5,0.010644213096528198
2017-02-15,5,-0.053056507798389406
2017-02-16,5,-0.05478025049090689
2017-02-17,5,-0.0012238618296710774
2017-02-21,5,-0.0199234922828449
2017-02-22,5,0.07701742737611497
2017-02-23,5,0.05582377108193344
2017-02-24,5,0.13593207165199736
2017-02-27,5,0.07932759610546143
2017-02-28,5,0.12401302739773873
2017-03-01,5,-0.07327533464924217
2017-03-02,5,-0.03777788726531755
2017-03-03,5,-0.08634681099561707
2017-03-06,5,-0.05856501959749799
2017-03-07,5,-0.08072506366583061
2017-03-08,5,0.06446707766881092
2017-03-09,5,0.09891888361177968
2017-03-10,5,0.12333563010278932
2017-03-13,5,0.13183776121648236
2017-03-14,5,0.013475608974120104
2017-03-15,5,-0.025080587754178207
2017-03-16,5,0.030681967848575735
2017-03-17,5,0.04250743148554496
2017-03-20,5,-0.037967316249543796
2017-03-21,5,0.09507348140670878
2017-03-22,5,0.010801893309467979
2017-03-23,5,0.015750575210785423
2017-03-24,5,-0.0054350154306686705
2017-03-27,5,0.03854186340595024
2017-03-28,5,0.09889823423885105
2017-03-29,5,0.09763343842225043
2017-03-30,5,0.08330420738364998
2017-03-31,5,0.08308929956837965
2017-04-03,5,-0.014960191924259009
2017-04-04,5,-0.06612570366203553
2017-04-05,5,-0.12420678946801957
2017-04-06,5,-0.14664461457948483
2017-04-07,5,-0.09341343393124348
2017-04-10,5,0.025150148600447918
2017-04-11,5,0.030577964078799987
2017-04-12,5,0.10099641527465095
2017-04-13,5,0.09949699917357334
2017-04-17,5,0.08463966576954489
2017-04-18,5,0.08289874613906592
2017-04-19,5,0.0543960543107221
2017-04-20,5,0.06061562998263402
2017-04-21,5,0.07457880334712749
2017-04-24,5,0.10936999362839027
2017-04-25,5,-0.006579389504477316
2017-04-26,5,0.045371559016200935
2017-04-27,5,0.013800131653473229
2017-04-28,5,0.0026764387295680155
2017-05-01,5,-0.07894617274796335
2017-05-02,5,-0.02771157319018695
2017-05-03,5,-0.010636170745848873
2017-05-04,5,0.09939403495092096
2017-05-05,5,0.1218569042537427
2017-05-08,5,0.15911941807138213
2017-05-09,5,0.1995007475417415
2017-05-10,5,0.037861504951167774
2017-05-11,5,0.06034822380622712
2017-05-12,5,0.03153390829279068
2017-05-15,5,0.01364666614491129
2017-05-16,5,-0.02870897760029715
2017-05-17,5,0.10289679765595995
2017-05-18,5,0.05483343165145162
2017-05-19,5,0.11753414015964947
2017-05-22,5,0.09184337499423434
2017-05-23,5,0.049087883610908684
2017-05-24,5,-0.0002511268233851874
2017-05-25,5,0.03962614975008555
2017-05-26,5,-0.015663274391637286
2017-05-30,5,0.08246203761590497
2017-05-31,5,0.09220718085051227
2017-06-01,5,0.16606832633606028
2017-06-02,5,0.009370560003938069
2017-06-05,5,-0.051991577036112555
2017-06-06,5,-0.05928814389396467
2017-06-07,5,-0.16338608956374456
2017-06-08,5,-0.1795982148578014
2017-06-09,5,-0.05927692098735429
2017-06-12,5,0.07485962342066489
2017-06-13,5,0.054376672221925625
2017-06-14,5,0.17084956372356377
2017-06-15,5,0.12048794760811517
2017-06-16,5,0.08237125154612336
2017-06-19,5,-0.014810599045924718
2017-06-20,5,-0.14252668896019535
2017-06-21,5,-0.14324312840550926
2017-06-22,5,-0.15191671015346525
2017-06-23,5,-0.14958442275510092
2017-06-26,5,-0.12880692909816585
2017-06-27,5,0.05673242065149262
2017-06-28,5,0.09674305674813552
2017-06-29,5,0.275574017547007
2017-06-30,5,0.31482103174905024
2017-07-03,5,0.3368498206676325
2017-07-05,5,0.29504588032571766
2017-07-06,5,0.1859406256342357
2017-07-07,5,0.0777516565789409
2017-07-10,5,-0.04649647942883901
2017-07-11,5,-0.0403259877883774
2017-07-12,5,-0.10059640032882156
2017-07-13,5,-0.043660732468923005
2017-07-14,5,-0.01825600137070711
2017-07-17,5,0.09464822247227239
2017-07-18,5,-0.019485502383864782
2017-07-19,5,0.02229591449306101
2017-07-20,5,-0.04619517037731308
2017-07-21,5,-0.05332512379496701
2017-07-24,5,-0.15921562381784587
2017-07-25,5,-0.06470346730458396
2017-07-26,5,-0.0166792654362489
2017-07-27,5,0.07260726271394884
2017-07-28,5,0.059762358675260696
2017-07-31,5,0.11545410281475914
2017-08-01,5,0.12374138608700215
2017-08-02,5,0.09972865415597364
2017-08-03,5,0.056680148608165344
2017-08-04,5,0.0900958000060195
2017-08-07,5,0.10511454326709516
2017-08-08,5,0.1626448919256698
2017-08-09,5,0.14283657858275262
2017-08-10,5,0.11797140072555501
2017-08-11,5,0.13123060833559916
2017-08-14,5,0.08626278512867551
2017-08-15,5,0.03194207593083389
2017-08-16,5,0.01922735284412274
2017-08-17,5,0.017689513074122504
2017-08-18,5,-0.07580955134927277
2017-08-21,5,-0.0653382938664138
2017-08-22,5,-0.044098617436179724
2017-08-23,5,0.07581134953021462
2017-08-24,5,0.14798208004697871
2017-08-25,5,0.1537909940281256
2017-08-28,5,0.08447674331271214
2017-08-29,5,-0.03717497523820136
2017-08-30,5,-0.053536833076619855
2017-08-31,5,-0.031489774914496414
2017-09-01,5,0.022677838339418825
2017-09-05,5,-0.021138923143122074
2017-09-06,5,-0.06504821463663864
2017-09-07,5,-0.07079828595463283
2017-09-08,5,-0.16695330569862124
2017-09-11,5,-0.09679198276259325
2017-09-12,5,0.030030443088513784
2017-09-13,5,0.08735395800855647
2017-09-14,5,0.08110076611056767
2017-09-15,5,0.0758491702084467
2017-09-18,5,-0.077268023905586
2017-09-19,5,-0.1741343461786156
2017-09-20,5,-0.14398593947327246
2017-09-21,5,-0.09577775702485228
2017-09-22,5,-0.029925889679650194
2017-09-25,5,0.07906186522411775
2017-09-26,5,0.13028922453446107
2017-09-27,5,0.16757790775888842
2017-09-28,5,0.052794294473218026
2017-09-29,5,0.1074867810938192
2017-10-02,5,0.14962089250059987
2017-10-03,5,0.1607199601168344
2017-10-04,5,0.14368713567829325
2017-10-05,5,0.23842169861570603
2017-10-06,5,0.16211406421339017
2017-10-09,5,0.1904085856280213
2017-10-10,5,0.17246691485405857
2017-10-11,5,0.11819066921576322
2017-10-12,5,0.07194915666208666
2017-10-13,5,0.05736290845580664
2017-10-16,5,0.006501221514108516
2017-10-17,5,0.08442150693761341
2017-10-18,5,0.06266334364905925
2017-10-19,5,0.07246845240643432
2017-10-20,5,0.15247630843935417
2017-10-23,5,0.12818050819609164
2017-10-24,5,0.11313168680494538
2017-10-25,5,0.10781128703986767
2017-10-26,5,0.1093878160065927
2017-10-27,5,0.09148492665533074
2017-10-30,5,0.08924831429268894
2017-10-31,5,0.030152054552609667
2017-11-01,5,0.06781997057962817
2017-11-02,5,-0.004614237726727736
2017-11-03,5,-0.06726943184688737
2017-11-06,5,-0.012972325671273445
2017-11-07,5,-0.005963381141669708
2017-11-08,5,-0.0259450668058692
2017-11-09,5,0.014188863843710708
2017-11-10,5,-0.02870402812194408
2017-11-13,5,-0.07608706504909488
2017-11-14,5,-0.056725290767188706
2017-11-15,5,-0.09621305711165015
2017-11-16,5,-0.03178871771004562
2017-11-17,5,0.04684292037965317
2017-11-20,5,-0.0856097706416491
2017-11-21,5,-0.3018779303588711
2017-11-22,5,-0.1527474785581122
2017-11-24,5,-0.21777292188162642
2017-11-27,5,-0.2688250525737794
2017-11-28,5,-0.17436302961521613
2017-11-29,5,-0.0033369459511900217
2017-11-30,5,0.00493398776719981
2017-12-01,5,0.004695232788243235
2017-12-04,5,0.15846883356978844
2017-12-05,5,0.0028135209926864837
2017-12-06,5,-0.04497183491654472
2017-12-07,5,-0.08036910479593824
2017-12-08,5,-0.050046717033310525
2017-12-11,5,-0.004991228770023127
2017-12-12,5,0.0429920887013568
2017-12-13,5,0.04564627938746095
2017-12-14,5,-0.052700299595510036
2017-12-15,5,-0.05021560751783478
2017-12-18,5,-0.07044870231684873
2017-12-19,5,-0.016989485521062584
2017-12-20,5,-0.04462257947949645
2017-12-21,5,0.037144306095267546
2017-12-22,5,-0.07026889153473649
2017-12-26,5,0.026316656120077702
2017-12-27,5,-0.05438967219410525
2017-12-28,5,-0.006108561032321162
2017-12-29,5,0.016434122637529785
2018-01-02,5,0.12250013395060852
2018-01-03,5,0.04146992834668925
2018-01-04,5,0.03965520325277646
2018-01-05,5,0.01490675078925575
2018-01-08,5,-0.013497769732964317
2018-01-09,5,0.021666258841634884
2018-01-10,5,0.11582942634536376
2018-01-11,5,0.1629548430864527
2018-01-12,5,0.14360702023296834
2018-01-16,5,0.20454992029069136
2018-01-17,5,0.07655793477253221
2018-01-18,5,0.054395912935308106
2018-01-19,5,0.0540024446723119
2018-01-22,5,0.04520348649165854
2018-01-23,5,0.05001459271997753
2018-01-24,5,0.10973111761153849
2018-01-25,5,0.09426414705427331
2018-01-26,5,0.06666004149734599
2018-01-29,5,0.08984464114722411
2018-01-30,5,0.08146230931155352
2018-01-31,5,0.04612467573117848
2018-02-01,5,-0.07194087972689875
2018-02-02,5,-0.04289005308064412
2018-02-05,5,0.0008980796876686809
2018-02-06,5,-0.006435802511061471
2018-02-07,5,0.020734771315381685
2018-02-08,5,0.1431633008963346
2018-02-09,5,0.09238034744777461
2018-02-12,5,0.07117839871359644
2018-02-13,5,0.07609112129540155
2018-02-14,5,0.046048771767518495
2018-02-15,5,0.0422657554091167
2018-02-16,5,0.024352919267248335
2018-02-20,5,0.025068303437513782
2018-02-21,5,0.022870888365979763
2018-02-22,5,-0.03642381277827515
2018-02-23,5,-0.030596571865379937
2018-02-26,5,-0.06154195734117818
2018-02-27,5,-0.06286961116093817
2018-02-28,5,-0.03775667554507104
2018-03-01,5,0.024403409942060625
2018-03-02,5,0.08187079486322349
2018-03-05,5,0.0658400588419544
2018-03-06,5,0.044423324612558844
2018-03-07,5,0.031553012575568876
2018-03-08,5,0.07259754209228317
2018-03-09,5,-0.013790798578844845
2018-03-12,5,0.14242011173733946
2018-03-13,5,0.2922347280976588
2018-03-14,5,0.2206308849694984
2018-03-15,5,0.15202602224029862
2018-03-16,5,0.20425176679755652
2018-03-19,5,0.2631845248701677
2018-03-20,5,-0.01949981498944493
2018-03-21,5,-0.10335924244751286
2018-03-22,5,-0.06195853342481568
2018-03-23,5,-0.07142670887005369
2018-03-26,5,-0.14060689837305704
2018-03-27,5,-0.053788342421226466
2018-03-28,5,0.03397469314655099
2018-03-29,5,-0.05474009492664949
2018-04-02,5,-0.037664392846517354
2018-04-03,5,-0.02794373681512067
2018-04-04,5,-0.041502318270806596
2018-04-05,5,0.03483154322370033
2018-04-06,5,0.029443278668068312
2018-04-09,5,0.011070398403425689
2018-04-10,5,0.06781017600345496
2018-04-11,5,0.14133123986220444
2018-04-12,5,0.04586135349535287
2018-04-13,5,0.07679560804694603
2018-04-16,5,0.07288635027821236
2018-04-17,5,-0.10086012646746612
2018-04-18,5,-0.18065584894899842
2018-04-19,5,-0.09764981889739144
2018-04-20,5,-0.11903898849753176
2018-04-23,5,-0.059919857159899025
2018-04-24,5,0.010503009497357376
2018-04-25,5,0.08150278507900746
2018-04-26,5,0.08316686102513711
2018-04-27,5,0.10269565429338655
2018-04-30,5,0.08030425242652608
2018-05-01,5,0.12800828025331742
2018-05-02,5,0.13624490337335682
2018-05-03,5,0.12843818403283278
2018-05-04,5,0.1608370657282093
2018-05-07,5,0.08196465045014088
2018-05-08,5,0.050156524777087264
2018-05-09,5,-0.020415860278856328
2018-05-10,5,-0.03957339675065765
2018-05-11,5,0.014640590445613125
2018-05-14,5,0.10592429024109648
2018-05-15,5,0.005785979085091776
2018-05-16,5,0.055311287358239564
2018-05-17,5,0.07354966028582087
2018-05-18,5,-0.05145413920954632
2018-05-21,5,-0.015402985430074286
2018-05-22,5,0.06627534015191519
2018-05-23,5,0.05244689493910794
2018-05-24,5,0.05066297282398314
2018-05-25,5,0.12744500714771695
2018-05-29,5,0.10540718064529485
2018-05-30,5,0.08789511093657712
2018-05-31,5,-0.0428796612658377
2018-06-01,5,-0.054946942007389456
2018-06-04,5,-0.12324701799078001
2018-06-05,5,-0.11764348352860403
2018-06-06,5,-0.09225562010741484
2018-06-07,5,-0.02534084178815399
2018-06-08,5,-0.07807187439139779
2018-06-11,5,0.02911707940015972
2018-06-12,5,-0.029672492698278014
2018-06-13,5,-0.06863675499549822
2018-06-14,5,-0.08232589989844265
2018-06-15,5,-0.05369007159422136
2018-06-18,5,-0.14143226338560005
2018-06-19,5,-0.08083820895717209
2018-06-20,5,-0.07779039424560677
2018-06-21,5,-0.0007593508103344148
2018-06-22,5,0.017282889637706293
2018-06-25,5,0.1565879148409596
2018-06-26,5,0.06407381900000446
2018-06-27,5,0.002113009037068618
2018-06-28,5,-0.07360977536406152
2018-06-29,5,-0.011647886745086326
2018-07-02,5,-0.06828343698690337
2018-07-03,5,-0.02142519211202758
2018-07-05,5,0.08650426262033062
2018-07-06,5,0.0955106020946711
2018-07-09,5,0.1279447510089476
2018-07-10,5,0.21113059043586133
2018-07-11,5,0.19257150161942446
2018-07-12,5,0.0586914672780476
2018-07-13,5,0.08937208494217706
2018-07-16,5,0.08883633022463384
2018-07-17,5,-0.057234685659676564
2018-07-18,5,0.04752184949144689
2018-07-19,5,0.038853721207765764
2018-07-20,5,-0.07486562908215802
2018-07-23,5,-0.1776209896345966
2018-07-24,5,-0.17292962144160925
2018-07-25,5,-0.18647496749613426
2018-07-26,5,-0.10327066666660852
2018-07-27,5,-0.09536446317215076
2018-07-30,5,0.07997056733192236
2018-07-31,5,0.11748875169531585
2018-08-01,5,0.04906588897632064
2018-08-02,5,0.010531626603521914
2018-08-03,5,0.1320321432121399
2018-08-06,5,0.04287297877363986
2018-08-07,5,0.07791147770503845
2018-08-08,5,0.0033009385241259234
2018-08-09,5,0.01174364348640177
2018-08-10,5,-0.09217007415316154
2018-08-13,5,-0.07473096227648676
2018-08-14,5,-0.1414672062822807
2018-08-15,5,0.11077789431537476
2018-08-16,5,0.21365253645996407
2018-08-17,5,0.2654191952007741
2018-08-20,5,0.16423454909838203
2018-08-21,5,0.17858935714706706
2018-08-22,5,0.12870261465023425
2018-08-23,5,0.11652123976489659
2018-08-24,5,0.15128797801118957
2018-08-27,5,0.24221476645945883
2018-08-28,5,0.05981574665911782
2018-08-29,5,0.017976268514176334
2018-08-30,5,-0.01328276179387238
2018-08-31,5,-0.04391175748913618
2018-09-04,5,-0.06383279573287359
2018-09-05,5,0.022138726210679943
2018-09-06,5,-0.00823777795624264
2018-09-07,5,-0.021916993780117813
2018-09-10,5,-0.15762553530226203
2018-09-11,5,-0.18679025349971248
2018-09-12,5,-0.25860414818682514
2018-09-13,5,-0.29752202204472705
2018-09-14,5,-0.2537667843808282
2018-09-17,5,-0.06472215605997968
2018-09-18,5,0.04915010350956
2018-09-19,5,0.26247033199768605
2018-09-20,5,0.3246472438313864
2018-09-21,5,0.3417245927110137
2018-09-24,5,0.21850707810924647
2018-09-25,5,-0.06802638159035335
2018-09-26,5,-0.07445158067053798
2018-09-27,5,-0.12950817679445062
2018-09-28,5,-0.11251956408812691
2018-10-01,5,-0.18463078653325846
2018-10-02,5,-0.04742952030682313
2018-10-03,5,-0.14840963551309533
2018-10-04,5,-0.12242720342127945
2018-10-05,5,-0.034584531375154125
2018-10-08,5,0.01511659821481942
2018-10-09,5,0.02089922217510522
2018-10-10,5,0.13487294182995072
2018-10-11,5,0.16771705778604817
2018-10-12,5,-0.07447097943612381
2018-10-15,5,0.0716600918480088
2018-10-16,5,-0.0155017163871663
2018-10-17,5,-0.028224682908593826
2018-10-18,5,0.007963856256330391
2018-10-19,5,0.07991614347276274
2018-10-22,5,-0.006745099842522537
2018-10-23,5,0.033195956055283235
2018-10-24,5,0.09847941147009612
2018-10-25,5,-0.0668167661462442
2018-10-26,5,-0.08719350572008441
2018-10-29,5,-0.10088293785467907
2018-10-30,5,-0.1152704287677475
2018-10-31,5,-0.03866280720978335
2018-11-01,5,0.07229736216271836
2018-11-02,5,0.08571024985460278
2018-11-05,5,0.06341114623877035
2018-11-06,5,0.023999528982875735
2018-11-07,5,-0.08392300677165337
2018-11-08,5,-0.07925622600243004
2018-11-09,5,-0.11280122100585212
2018-11-12,5,-0.21472243145690498
2018-11-13,5,-0.22651800661468255
2018-11-14,5,-0.2071091801893291
2018-11-15,5,-0.25075539715061096
2018-11-16,5,-0.22824915230642867
2018-11-19,5,-0.0422169877541455
2018-11-20,5,0.06979709906806901
2018-11-21,5,0.10678321127351649
2018-11-23,5,0.1534256934293393
2018-11-26,5,0.1531115269768233
2018-11-27,5,0.22039230078856523
2018-11-28,5,0.18139629496510343
2018-11-29,5,0.12871976518414932
2018-11-30,5,0.1719095838644626
2018-12-03,5,0.16805676170733755
2018-12-04,5,0.15446898667398312
2018-12-06,5,0.13946978652107536
2018-12-07,5,0.16773881682937367
2018-12-10,5,0.0036455813445294386
2018-12-11,5,-0.017950059547774063
2018-12-12,5,0.02029234239129142
2018-12-13,5,-0.04563497461068377
2018-12-14,5,-0.06076906598177183
2018-12-17,5,0.02657531493060163
2018-12-18,5,0.0475573599316663
2018-12-19,5,0.012828220480243428
2018-12-20,5,0.07627116917392764
2018-12-21,5,0.12238611411777132
2018-12-24,5,-0.0819654665826706
2018-12-26,5,-0.15478759881676749
2018-12-27,5,-0.20482055385109205
2018-12-28,5,-0.21258692086769376
2018-12-31,5,-0.21861329745092722
2001-01-02,10,
2001-01-03,10,
2001-01-04,10,
2001-01-05,10,
2001-01-08,10,
2001-01-09,10,
2001-01-10,10,
2001-01-11,10,
2001-01-12,10,
2001-01-16,10,
2001-01-17,10,
2001-01-18,10,
2001-01-19,10,
2001-01-22,10,
2001-01-23,10,
2001-01-24,10,
2001-01-25,10,
2001-01-26,10,
2001-01-29,10,
2001-01-30,10,
2001-01-31,10,
2001-02-01,10,
2001-02-02,10,
2001-02-05,10,
2001-02-06,10,
2001-02-07,10,
2001-02-08,10,
2001-02-09,10,
2001-02-12,10,
2001-02-13,10,
2001-02-14,10,
2001-02-15,10,
2001-02-16,10,
2001-02-20,10,
2001-02-21,10,
2001-02-22,10,
2001-02-23,10,
2001-02-26,10,
2001-02-27,10,
2001-02-28,10,
2001-03-01,10,
2001-03-02,10,
2001-03-05,10,
2001-03-06,10,
2001-03-07,10,
2001-03-08,10,
2001-03-09,10,
2001-03-12,10,
2001-03-13,10,
2001-03-14,10,
2001-03-15,10,
2001-03-16,10,
2001-03-19,10,
2001-03-20,10,
2001-03-21,10,
2001-03-22,10,
2001-03-23,10,
2001-03-26,10,
2001-03-27,10,
2001-03-28,10,
2001-03-29,10,
2001-03-30,10,
2001-04-02,10,
2001-04-03,10,
2001-04-04,10,
2001-04-05,10,
2001-04-06,10,
2001-04-09,10,
2001-04-10,10,
2001-04-11,10,
2001-04-12,10,
2001-04-16,10,
2001-04-17,10,
2001-04-18,10,
2001-04-19,10,
2001-04-20,10,
2001-04-23,10,
2001-04-24,10,
2001-04-25,10,
2001-04-26,10,
2001-04-27,10,
2001-04-30,10,
2001-05-01,10,
2001-05-02,10,
2001-05-03,10,
2001-05-04,10,
2001-05-07,10,
2001-05-08,10,
2001-05-09,10,
2001-05-10,10,
2001-05-11,10,
2001-05-14,10,
2001-05-15,10,
2001-05-16,10,
2001-05-17,10,
2001-05-18,10,
2001-05-21,10,
2001-05-22,10,
2001-05-23,10,
2001-05-24,10,
2001-05-25,10,
2001-05-29,10,
2001-05-30,10,
2001-05-31,10,
2001-06-01,10,
2001-06-04,10,
2001-06-05,10,
2001-06-06,10,
2001-06-07,10,
2001-06-08,10,
2001-06-11,10,
2001-06-12,10,
2001-06-13,10,
2001-06-14,10,
2001-06-15,10,
2001-06-18,10,
2001-06-19,10,
2001-06-20,10,
2001-06-21,10,
2001-06-22,10,
2001-06-25,10,
2001-06-26,10,
2001-06-27,10,
2001-06-28,10,
2001-06-29,10,
2001-07-02,10,
2001-07-03,10,
2001-07-05,10,
2001-07-06,10,
2001-07-09,10,
2001-07-10,10,
2001-07-11,10,
2001-07-12,10,
2001-07-13,10,
2001-07-16,10,
2001-07-17,10,
2001-07-18,10,
2001-07-19,10,
2001-07-20,10,
2001-07-23,10,
2001-07-24,10,
2001-07-25,10,
2001-07-26,10,
2001-07-27,10,
2001-07-30,10,
2001-07-31,10,
2001-08-01,10,
2001-08-02,10,
2001-08-03,10,
2001-08-06,10,
2001-08-07,10,
2001-08-08,10,
2001-08-09,10,
2001-08-10,10,
2001-08-13,10,
2001-08-14,10,
2001-08-15,10,
2001-08-16,10,
2001-08-17,10,
2001-08-20,10,
2001-08-21,10,
2001-08-22,10,
2001-08-23,10,
2001-08-24,10,
2001-08-27,10,
2001-08-28,10,
2001-08-29,10,
2001-08-30,10,
2001-08-31,10,
2001-09-04,10,
2001-09-05,10,
2001-09-06,10,
2001-09-07,10,
2001-09-10,10,
2001-09-17,10,
2001-09-18,10,
2001-09-19,10,
2001-09-20,10,
2001-09-21,10,
2001-09-24,10,
2001-09-25,10,
2001-09-26,10,
2001-09-27,10,
2001-09-28,10,
2001-10-01,10,
2001-10-02,10,
2001-10-03,10,
2001-10-04,10,
2001-10-05,10,
2001-10-08,10,
2001-10-09,10,
2001-10-10,10,
2001-10-11,10,
2001-10-12,10,
2001-10-15,10,
2001-10-16,10,
2001-10-17,10,
2001-10-18,10,
2001-10-19,10,
2001-10-22,10,
2001-10-23,10,
2001-10-24,10,
2001-10-25,10,
2001-10-26,10,
2001-10-29,10,
2001-10-30,10,
2001-10-31,10,
2001-11-01,10,
2001-11-02,10,
2001-11-05,10,
2001-11-06,10,
2001-11-07,10,
2001-11-08,10,
2001-11-09,10,
2001-11-12,10,
2001-11-13,10,
2001-11-14,10,
2001-11-15,10,
2001-11-16,10,
2001-11-19,10,
2001-11-20,10,
2001-11-21,10,
2001-11-23,10,
2001-11-26,10,
2001-11-27,10,
2001-11-28,10,
2001-11-29,10,
2001-11-30,10,
2001-12-03,10,
2001-12-04,10,
2001-12-05,10,
2001-12-06,10,
2001-12-07,10,
2001-12-10,10,
2001-12-11,10,
2001-12-12,10,
2001-12-13,10,
2001-12-14,10,
2001-12-17,10,
2001-12-18,10,
2001-12-19,10,
2001-12-20,10,
2001-12-21,10,
2001-12-24,10,
2001-12-26,10,
2001-12-27,10,
2001-12-28,10,
2001-12-31,10,
2002-01-02,10,
2002-01-03,10,
2002-01-04,10,0.1220988395576631
2002-01-07,10,0.10099607941437323
2002-01-08,10,0.08724240815753301
2002-01-09,10,0.11390773869854359
2002-01-10,10,0.09644484637288513
2002-01-11,10,0.09334738757538856
2002-01-14,10,0.10382057001290285
2002-01-15,10,0.11376227357056157
2002-01-16,10,0.13217769932268036
2002-01-17,10,0.12196311172428424
2002-01-18,10,0.17030021522179103
2002-01-22,10,0.17764698095270812
2002-01-23,10,0.1796399198539857
2002-01-24,10,0.1758303730320788
2002-01-25,10,0.1742459023746098
2002-01-28,10,0.152825408800776
2002-01-29,10,0.14829740604092453
2002-01-30,10,0.1368753563897522
2002-01-31,10,0.08573652425758775
2002-02-01,10,0.07091500915570505
2002-02-04,10,-0.002033916883277886
2002-02-05,10,-0.010896438487866752
2002-02-06,10,-0.058880009775917605
2002-02-07,10,-0.038838498361437844
2002-02-08,10,-0.020448576854812408
2002-02-11,10,-0.03280618339356874
2002-02-12,10,-0.02650525723686431
2002-02-13,10,-0.07536426319213008
2002-02-14,10,-0.03308091812860141
2002-02-15,10,-0.040569324510996665
2002-02-19,10,-0.054662087231928475
2002-02-20,10,-0.14081880851168432
2002-02-21,10,-0.1449363665012841
2002-02-22,10,-0.1465575106827885
2002-02-25,10,-0.1687422223576539
2002-02-26,10,-0.15410330196962602
2002-02-27,10,-0.1629475983896618
2002-02-28,10,-0.10640967977685793
2002-03-01,10,-0.14182235131337906
2002-03-04,10,-0.15449700645684877
2002-03-05,10,-0.15345786160854372
2002-03-06,10,-0.08216037406555166
2002-03-07,10,-0.03988365752195068
2002-03-08,10,-0.02641773594813825
2002-03-11,10,-0.016187841452707748
2002-03-12,10,-0.01108167146731597
2002-03-13,10,-0.029360499488166693
2002-03-14,10,-0.010777612078857943
2002-03-15,10,-0.012259293454682388
2002-03-18,10,-0.052917360827549796
2002-03-19,10,-0.006939011289677488
2002-03-20,10,0.005543521687413077
2002-03-21,10,0.02824389973532997
2002-03-22,10,0.023675008167336635
2002-03-25,10,0.018539358001560632
2002-03-26,10,0.02217187671081162
2002-03-27,10,0.04603435968991561
2002-03-28,10,0.08219108134124462
2002-04-01,10,0.07027927511527834
2002-04-02,10,0.054418661948859574
2002-04-03,10,-0.011677546686851635
2002-04-04,10,0.018878945414237874
2002-04-05,10,0.007567204933106266
2002-04-08,10,-0.013156283454335841
2002-04-09,10,-0.0023915766085902523
2002-04-10,10,0.022473320811584596
2002-04-11,10,0.04231932707818717
2002-04-12,10,-0.005496399156193473
2002-04-15,10,-0.01850573740898194
2002-04-16,10,0.036458455627665275
2002-04-17,10,0.07583045390520274
2002-04-18,10,0.09374938588945922
2002-04-19,10,0.08713095032932026
2002-04-22,10,0.06880880950830964
2002-04-23,10,0.0832353524512615
2002-04-24,10,0.08132649652798667
2002-04-25,10,0.08779111092159177
2002-04-26,10,0.06419215197635489
2002-04-29,10,0.07020807384086716
2002-04-30,10,0.05131605149787955
2002-05-01,10,0.03932283551956475
2002-05-02,10,-0.013304683263496831
2002-05-03,10,-0.019634047149444802
2002-05-06,10,-0.06582530331732878
2002-05-07,10,-0.07545521363241899
2002-05-08,10,-0.042695832543930674
2002-05-09,10,-0.03501542932443445
2002-05-10,10,-0.06343343038928698
2002-05-13,10,-0.06946606039650728
2002-05-14,10,-0.06780922391330345
2002-05-15,10,-0.051616948155512266
2002-05-16,10,-0.005339331791043254
2002-05-17,10,0.013551460255240903
2002-05-20,10,0.011725467157550528
2002-05-21,10,0.04446656760721549
2002-05-22,10,0.07182874741815425
2002-05-23,10,0.08740051163900586
2002-05-24,10,0.10688421594739193
2002-05-28,10,0.12881416401046375
2002-05-29,10,0.11035979770363492
2002-05-30,10,0.0781194645853571
2002-05-31,10,0.10777064086015228
2002-06-03,10,0.09493885271217077
2002-06-04,10,0.1272750573495411
2002-06-05,10,0.10339734595599874
2002-06-06,10,0.07363652472220705
2002-06-07,10,0.08929609991413405
2002-06-10,10,0.08092764531314978
2002-06-11,10,0.04703863592371145
2002-06-12,10,0.07355224121021017
2002-06-13,10,0.09441314997012573
2002-06-14,10,0.061561400540906676
2002-06-17,10,0.05712031721509114
2002-06-18,10,0.04609612935620127
2002-06-19,10,0.0169679162741275
2002-06-20,10,0.01581924184784176
2002-06-21,10,0.029783399080636142
2002-06-24,10,0.013125184439310718
2002-06-25,10,0.050706771741622365
2002-06-26,10,0.021560069935684736
2002-06-27,10,0.023463209995758013
2002-06-28,10,-0.0032205100613317385
2002-07-01,10,0.015314019964140856
2002-07-02,10,-0.004650473522427856
2002-07-03,10,-0.016395427280703923
2002-07-05,10,-0.0034145538246534365
2002-07-08,10,-0.030160147689582133
2002-07-09,10,0.009423816775855699
2002-07-10,10,0.03085933184962608
2002-07-11,10,0.08879681956201055
2002-07-12,10,0.0711128563714272
2002-07-15,10,0.0900606327298308
2002-07-16,10,0.12667860264469535
2002-07-17,10,0.15807106214124178
2002-07-18,10,0.1605342900663278
2002-07-19,10,0.16173192188668964
2002-07-22,10,0.1627433502902377
2002-07-23,10,0.15174521008180433
2002-07-24,10,0.1249726717871921
2002-07-25,10,0.11317942150678294
2002-07-26,10,0.11676995988170655
2002-07-29,10,0.1421568943911256
2002-07-30,10,0.09756970405961445
2002-07-31,10,0.08239249031119657
2002-08-01,10,0.1119495267256698
2002-08-02,10,0.12936219920090575
2002-08-05,10,0.11594889889051384
2002-08-06,10,0.08273710199233178
2002-08-07,10,0.03287934219785798
2002-08-08,10,-0.025004700877659984
2002-08-09,10,-0.03257466556317834
2002-08-12,10,-0.07802122003174765
2002-08-13,10,-0.1119831364560506
2002-08-14,10,-0.11772440405235937
2002-08-15,10,-0.12834804916339662
2002-08-16,10,-0.1200182846130958
2002-08-19,10,-0.1106778667874425
2002-08-20,10,-0.11995883728771928
2002-08-21,10,-0.024895610352706266
2002-08-22,10,0.05753000354214898
2002-08-23,10,0.07357487377221071
2002-08-26,10,0.12023707639191537
2002-08-27,10,0.1535998573051196
2002-08-28,10,0.1288320622750656
2002-08-29,10,0.12726708054168517
2002-08-30,10,0.13608783117473183
2002-09-03,10,0.14333187673096054
2002-09-04,10,0.17144145512711878
2002-09-05,10,0.18144214978111836
2002-09-06,10,0.16332631938209755
2002-09-09,10,0.16986604369250627
2002-09-10,10,0.18977907070814254
2002-09-11,10,0.21881525402088395
2002-09-12,10,0.21976923080070188
2002-09-13,10,0.23548812037618888
2002-09-16,10,0.19014105857089006
2002-09-17,10,0.1611720555953717
2002-09-18,10,0.1682455139901242
2002-09-19,10,0.1524803320340587
2002-09-20,10,0.1437255100174445
2002-09-23,10,0.13436618887252513
2002-09-24,10,0.15692941420003945
2002-09-25,10,0.1743751756841965
2002-09-26,10,0.17957651461672483
2002-09-27,10,0.14182492245801745
2002-09-30,10,0.12560698532973683
2002-10-01,10,0.08213942236925258
2002-10-02,10,0.0596769403668416
2002-10-03,10,0.05609836902617551
2002-10-04,10,0.06489156590703901
2002-10-07,10,0.058632736478658964
2002-10-08,10,-0.0159462539117517
2002-10-09,10,-0.04541800551105043
2002-10-10,10,-0.12215060437181462
2002-10-11,10,-0.15217810865514053
2002-10-14,10,-0.1581594407289653
2002-10-15,10,-0.05487730297877508
2002-10-16,10,-0.13025523197608296
2002-10-17,10,-0.12300554784541454
2002-10-18,10,-0.17397131877099964
2002-10-21,10,-0.21695687893176469
2002-10-22,10,-0.20600405304251057
2002-10-23,10,-0.22083294025061123
2002-10-24,10,-0.2207317424198099
2002-10-25,10,-0.1284846730984376
2002-10-28,10,-0.08700088862474249
2002-10-29,10,-0.13897330806310645
2002-10-30,10,-0.12228503901961124
2002-10-31,10,-0.15860594427721839
2002-11-01,10,-0.1177105079690034
2002-11-04,10,-0.08772043236039537
2002-11-05,10,-0.07684699046488418
2002-11-06,10,-0.04889500892336157
2002-11-07,10,-0.16820458460121288
2002-11-08,10,-0.2420388420253092
2002-11-11,10,-0.2775554319303332
2002-11-12,10,-0.3031371101075234
2002-11-13,10,-0.32846686608185655
2002-11-14,10,-0.33963934997800294
2002-11-15,10,-0.3279117292031615
2002-11-18,10,-0.29133791249483865
2002-11-19,10,-0.2865938745139038
2002-11-20,10,-0.22703470694547856
2002-11-21,10,-0.10495474075140485
2002-11-22,10,0.02285196417855716
2002-11-25,10,0.044564426028821186
2002-11-26,10,0.0901773194464927
2002-11-27,10,0.11163430557967569
2002-11-29,10,0.1443371844762519
2002-12-02,10,0.13851827733824254
2002-12-03,10,0.13479058271797714
2002-12-04,10,0.1598256003402263
2002-12-05,10,0.12606795879603813
2002-12-06,10,0.1349130971742616
2002-12-09,10,0.07905623318907454
2002-12-10,10,0.139494970407248
2002-12-11,10,0.10362826498595461
2002-12-12,10,0.10322916595983142
2002-12-13,10,0.05894712705337733
2002-12-16,10,0.006212958247483965
2002-12-17,10,-0.07252469944486947
2002-12-18,10,-0.08216081726106036
2002-12-19,10,-0.07611634591741599
2002-12-20,10,-0.09297492054016858
2002-12-23,10,-0.10070702099297567
2002-12-24,10,-0.08943159200200822
2002-12-26,10,-0.0750877941863943
2002-12-27,10,-0.05771220035441383
2002-12-30,10,-0.07278046447321156
2002-12-31,10,-0.03628731423929422
2003-01-02,10,-0.040363440786693836
2003-01-03,10,-0.050350941305247095
2003-01-06,10,-0.03090950088552311
2003-01-07,10,0.022592249155655005
2003-01-08,10,0.0240212075290627
2003-01-09,10,0.08282068477271678
2003-01-10,10,0.11877949947013576
2003-01-13,10,0.13775353661518716
2003-01-14,10,0.16881332147498634
2003-01-15,10,0.1623679753048443
2003-01-16,10,0.15713558594939367
2003-01-17,10,0.13274024640299115
2003-01-21,10,0.15644380776223593
2003-01-22,10,0.14845373312800664
2003-01-23,10,0.17601002818533182
2003-01-24,10,0.15984007150707785
2003-01-27,10,0.12900086465711758
2003-01-28,10,0.17254509386986017
2003-01-29,10,0.18985899615873778
2003-01-30,10,0.1635869128107005
2003-01-31,10,0.15254299854911552
2003-02-03,10,0.1384627888564479
2003-02-04,10,0.10853833632539629
2003-02-05,10,0.09389303985197948
2003-02-06,10,0.04820182228080111
2003-02-07,10,0.04715510571541713
2003-02-10,10,0.09220005665598857
2003-02-11,10,0.061428297982320364
2003-02-12,10,0.006671120244869333
2003-02-13,10,0.004876825352407868
2003-02-14,10,-0.004294596185045317
2003-02-18,10,0.07398512781518944
2003-02-19,10,0.08462805684450055
2003-02-20,10,0.07754086522628174
2003-02-21,10,0.0731687972615824
2003-02-24,10,0.08884598845487006
2003-02-25,10,0.09431430142341615
2003-02-26,10,0.07369326769290423
2003-02-27,10,0.10407294889481768
2003-02-28,10,0.10016692089622596
2003-03-03,10,0.020266684123247204
2003-03-04,10,-0.07740337614386252
2003-03-05,10,-0.10424414316704375
2003-03-06,10,-0.11831387976617792
2003-03-07,10,-0.15047945138460764
2003-03-10,10,-0.12297710617791006
2003-03-11,10,-0.16146181200513454
2003-03-12,10,-0.1463091357315673
2003-03-13,10,-0.1421950795447658
2003-03-14,10,-0.14736628519683426
2003-03-17,10,-0.029223108519948724
2003-03-18,10,0.01680622230671614
2003-03-19,10,0.038179564733621704
2003-03-20,10,0.037399675523880266
2003-03-21,10,0.09656547648734519
2003-03-24,10,-0.0200983036862148
2003-03-25,10,0.01953423787413825
2003-03-26,10,0.0003918228234022126
2003-03-27,10,-0.02061272579689293
2003-03-28,10,-0.026195229462378122
2003-03-31,10,-0.0900367168330933
2003-04-01,10,-0.055678131092726214
2003-04-02,10,-0.03665016929783861
2003-04-03,10,-0.10125690101250422
2003-04-04,10,-0.11045366367218552
2003-04-07,10,-0.10797022021493374
2003-04-08,10,-0.16852385020142358
2003-04-09,10,-0.16580325951795483
2003-04-10,10,-0.1522554298568109
2003-04-11,10,-0.2151155458590761
2003-04-14,10,-0.18637119679546058
2003-04-15,10,-0.2337574653303104
2003-04-16,10,-0.2128045075645078
2003-04-17,10,-0.2099951452135012
2003-04-21,10,-0.18694362329995282
2003-04-22,10,-0.20551254363038493
2003-04-23,10,-0.1907272455564826
2003-04-24,10,-0.21968435001453823
2003-04-25,10,-0.27078794333678824
2003-04-28,10,-0.24260857831362137
2003-04-29,10,-0.2457371007204861
2003-04-30,10,-0.24627141436283814
2003-05-01,10,-0.24532013315659731
2003-05-02,10,-0.16206898047919502
2003-05-05,10,-0.17432994642906127
2003-05-06,10,-0.14111736546676307
2003-05-07,10,-0.11766380300840086
2003-05-08,10,-0.09845674538304619
2003-05-09,10,-0.04969990921968125
2003-05-12,10,-0.06067830767127877
2003-05-13,10,-0.060947861933159604
2003-05-14,10,-0.07017382769638053
2003-05-15,10,-0.0849179273420105
2003-05-16,10,-0.1253891203208902
2003-05-19,10,-0.11682303123909085
2003-05-20,10,-0.1492735084538811
2003-05-21,10,-0.13851280946558206
2003-05-22,10,-0.1819297648753043
2003-05-23,10,-0.1561492559641497
2003-05-27,10,-0.15137781496094993
2003-05-28,10,-0.17085545988681386
2003-05-29,10,-0.12750454044589377
2003-05-30,10,-0.0750305108577057
2003-06-02,10,-0.04381513332733069
2003-06-03,10,-0.0633639934305015
2003-06-04,10,-0.03403078258781506
2003-06-05,10,-0.049873318671390235
2003-06-06,10,-0.06534732614581887
2003-06-09,10,-0.06230631124432928
2003-06-10,10,-0.06543850855613455
2003-06-11,10,-0.03716585314300246
2003-06-12,10,-0.006578813556928765
2003-06-13,10,-0.01195089988018541
2003-06-16,10,-0.004394136579859178
2003-06-17,10,0.04394088090320059
2003-06-18,10,0.04886211897854633
2003-06-19,10,0.09583243719044764
2003-06-20,10,0.14460067371179758
2003-06-23,10,0.12343876949315362
2003-06-24,10,0.11557953933483314
2003-06-25,10,0.09365279810495385
2003-06-26,10,0.07889083926532416
2003-06-27,10,0.08728959235486088
2003-06-30,10,0.04942584102035503
2003-07-01,10,0.013553549428933848
2003-07-02,10,-0.041341831662742905
2003-07-03,10,-0.0658932917842303
2003-07-07,10,-0.0595622497526239
2003-07-08,10,-0.11997553992903903
2003-07-09,10,-0.07225974750554114
2003-07-10,10,-0.05563983488437231
2003-07-11,10,-0.07979826093470514
2003-07-14,10,-0.11494273996774772
2003-07-15,10,-0.06807673203981235
2003-07-16,10,-0.044032403916772204
2003-07-17,10,-0.03933682356018687
2003-07-18,10,-0.03319998814502255
2003-07-21,10,-0.07472283905317355
2003-07-22,10,-0.0257335927483869
2003-07-23,10,-0.05285221485771152
2003-07-24,10,-0.07711039110943092
2003-07-25,10,-0.05543449864068488
2003-07-28,10,-0.011995674851345377
2003-07-29,10,-0.007945381378775259
2003-07-30,10,0.011512861490009428
2003-07-31,10,0.008679460692829905
2003-08-01,10,0.011912864079663407
2003-08-04,10,0.07190523436612051
2003-08-05,10,0.08192277764133118
2003-08-06,10,0.10197148736200054
2003-08-07,10,0.07910065373161122
2003-08-08,10,0.05275453174539293
2003-08-11,10,0.008464115913933765
2003-08-12,10,0.012906887292858047
2003-08-13,10,0.03298746454420885
2003-08-14,10,0.06289810544521929
2003-08-15,10,0.03317855361768817
2003-08-18,10,-0.0393916474388866
2003-08-19,10,-0.03842227075489809
2003-08-20,10,-0.040082334138384
2003-08-21,10,-0.04873776312010664
2003-08-22,10,-0.026961122044996767
2003-08-25,10,-0.019410700998993398
2003-08-26,10,-0.05101798078679796
2003-08-27,10,-0.06175289710737065
2003-08-28,10,-0.05855814128451061
2003-08-29,10,-0.06424613795661825
2003-09-02,10,-0.02339871965390278
2003-09-03,10,0.0059926541506524125
2003-09-04,10,0.0520137049978933
2003-09-05,10,0.08876526425151837
2003-09-08,10,0.07385060166873061
2003-09-09,10,0.09842777454521834
2003-09-10,10,0.09467584347341958
2003-09-11,10,0.07047146102868541
2003-09-12,10,0.004077407205014685
2003-09-15,10,0.03115505310226636
2003-09-16,10,0.004296561310884951
2003-09-17,10,-0.036073762126419454
2003-09-18,10,-0.007786032034606586
2003-09-19,10,0.03456773207607311
2003-09-22,10,0.09381878351388016
2003-09-23,10,0.08888595510026244
2003-09-24,10,0.14401931132309326
2003-09-25,10,0.21467101738735617
2003-09-26,10,0.23708277950913928
2003-09-29,10,0.24276785683128704
2003-09-30,10,0.2549564735887338
2003-10-01,10,0.214955796406439
2003-10-02,10,0.2027570948726302
2003-10-03,10,0.09686963419551577
2003-10-06,10,0.04576231349323696
2003-10-07,10,0.07065676022189168
2003-10-08,10,0.020434962568818653
2003-10-09,10,-0.08005863782277436
2003-10-10,10,-0.11501913534065067
2003-10-13,10,-0.08201051709827768
2003-10-14,10,-0.050124684763984316
2003-10-15,10,-0.0003178809929904965
2003-10-16,10,-0.03583851716794178
2003-10-17,10,-0.019569727517696547
2003-10-20,10,0.02642192854745503
2003-10-21,10,0.0045036945390648404
2003-10-22,10,0.04800849018212085
2003-10-23,10,0.03943786780891978
2003-10-24,10,0.05315078988384854
2003-10-27,10,-0.024331335696739623
2003-10-28,10,-0.058444532651130095
2003-10-29,10,-0.05848061282732971
2003-10-30,10,-0.04847765051362304
2003-10-31,10,-0.042036319182113945
2003-11-03,10,-0.13735471807289587
2003-11-04,10,-0.16887392711932928
2003-11-05,10,-0.1803989569400908
2003-11-06,10,-0.1573393039934463
2003-11-07,10,-0.12585126562876342
2003-11-10,10,-0.05394181204745474
2003-11-11,10,0.012388914157809646
2003-11-12,10,-0.004167980949684726
2003-11-13,10,0.044469862250148345
2003-11-14,10,0.091364752228345
2003-11-17,10,0.14591402296264194
2003-11-18,10,0.09742334774281426
2003-11-19,10,0.011638691408079733
2003-11-20,10,-0.03124823947839338
2003-11-21,10,-0.04490763686750725
2003-11-24,10,-0.11286024451364696
2003-11-25,10,-0.2091148746179201
2003-11-26,10,-0.21416126873878283
2003-11-28,10,-0.22457367855699448
2003-12-01,10,-0.25188892598981344
2003-12-02,10,-0.2716194822744461
2003-12-03,10,-0.25596252927307384
2003-12-04,10,-0.20155439529205563
2003-12-05,10,-0.17010776565771937
2003-12-08,10,-0.20209514370253667
2003-12-09,10,-0.11523109183223695
2003-12-10,10,-0.01840604544596827
2003-12-11,10,-0.09471581046977486
2003-12-12,10,-0.0532346100291872
2003-12-15,10,-0.010148810374648624
2003-12-16,10,0.00028126955160710944
2003-12-17,10,-0.022156651825199086
2003-12-18,10,-0.00270545923384855
2003-12-19,10,0.08024346560466152
2003-12-22,10,0.15125680925086366
2003-12-23,10,0.14371245125813212
2003-12-24,10,0.15039727815519782
2003-12-26,10,0.13646149339591473
2003-12-29,10,0.12434861801781695
2003-12-30,10,0.12395321951025032
2003-12-31,10,0.13144928671024633
2004-01-02,10,0.14209422622635978
2004-01-05,10,0.16399382595340428
2004-01-06,10,0.1444886255420247
2004-01-07,10,0.12162315767428789
2004-01-08,10,0.1157626867890076
2004-01-09,10,0.09944219204310695
2004-01-12,10,0.06515406933800776
2004-01-13,10,0.01410865764167517
2004-01-14,10,-0.052562283723710766
2004-01-15,10,-0.021065646191002423
2004-01-16,10,-0.05491106694957768
2004-01-20,10,-0.07974663151918125
2004-01-21,10,-0.11820845943896184
2004-01-22,10,-0.12963164560253743
2004-01-23,10,-0.0748751250348628
2004-01-26,10,-0.060231134108665235
2004-01-27,10,-0.040345183526280165
2004-01-28,10,0.041502270421772784
2004-01-29,10,0.10509912190461479
2004-01-30,10,0.03031222129999041
2004-02-02,10,0.08923610680305587
2004-02-03,10,0.09386613955980465
2004-02-04,10,0.11154078878726129
2004-02-05,10,0.05021102553505683
2004-02-06,10,-0.09691973602606554
2004-02-09,10,-0.12609049855974683
2004-02-10,10,-0.06422878421664364
2004-02-11,10,-0.04304930145645152
2004-02-12,10,-0.029997474566878155
2004-02-13,10,0.059302711350073645
2004-02-17,10,0.0034410254798767164
2004-02-18,10,-0.0242995932654383
2004-02-19,10,0.07195922177512049
2004-02-20,10,0.11559815852956566
2004-02-23,10,0.12157041454715269
2004-02-24,10,0.07455519243366325
2004-02-25,10,-0.02781755396448387
2004-02-26,10,-0.10777951404496909
2004-02-27,10,-0.08263377645743063
2004-03-01,10,-0.16472982904574673
2004-03-02,10,-0.14720908585314946
2004-03-03,10,-0.09815643618881612
2004-03-04,10,-0.14312158400513014
2004-03-05,10,-0.14327115350163555
2004-03-08,10,-0.18528590436569792
2004-03-09,10,-0.13968150237462215
2004-03-10,10,-0.10519367489869072
2004-03-11,10,0.021300844386100807
2004-03-12,10,-0.006885655688958531
2004-03-15,10,0.09936747419533697
2004-03-16,10,0.14628898616193337
2004-03-17,10,0.10609446397299924
2004-03-18,10,0.12388714161937853
2004-03-19,10,0.1468725127158192
2004-03-22,10,0.19589078311931166
2004-03-23,10,0.19679635244821986
2004-03-24,10,0.21621887168724818
2004-03-25,10,0.17242008616866222
2004-03-26,10,0.12314844741427407
2004-03-29,10,0.004052516116639778
2004-03-30,10,-0.08350480167423761
2004-03-31,10,-0.13211500502005852
2004-04-01,10,-0.11475040595473604
2004-04-02,10,-0.1385935653933713
2004-04-05,10,-0.17125523075128574
2004-04-06,10,-0.15598389901807694
2004-04-07,10,-0.1343821795554157
2004-04-08,10,-0.14189341558517807
2004-04-12,10,-0.1290667817556965
2004-04-13,10,-0.09675505247094714
2004-04-14,10,-0.12382357200738503
2004-04-15,10,-0.16875675346913113
2004-04-16,10,-0.20386677299590483
2004-04-19,10,-0.16336337004097973
2004-04-20,10,-0.13273597510030194
2004-04-21,10,-0.126428951614195
2004-04-22,10,-0.19028606548243196
2004-04-23,10,-0.2288997174195101
2004-04-26,10,-0.26578555125302633
2004-04-27,10,-0.197700584993288
2004-04-28,10,-0.14224239587476048
2004-04-29,10,-0.07779406948852204
2004-04-30,10,-0.053894613030739474
2004-05-03,10,-0.14021192814139258
2004-05-04,10,-0.1287479122725704
2004-05-05,10,-0.1601992236864162
2004-05-06,10,-0.09418534293972404
2004-05-07,10,-0.03968777011959172
2004-05-10,10,0.0729112680789256
2004-05-11,10,0.07120071328300201
2004-05-12,10,0.0948640715988558
2004-05-13,10,0.12684427315454141
2004-05-14,10,0.12755770341181744
2004-05-17,10,0.20073542403621472
2004-05-18,10,0.1598446048666749
2004-05-19,10,0.11258861324603951
2004-05-20,10,0.13709750715511282
2004-05-21,10,0.15622060170193555
2004-05-24,10,0.10006995909833134
2004-05-25,10,-0.016764394669877627
2004-05-26,10,0.005142205322113653
2004-05-27,10,0.01396405463728096
2004-05-28,10,0.07409322397093056
2004-06-01,10,0.03843471090927011
2004-06-02,10,0.05180131664134899
2004-06-03,10,0.07431163211057347
2004-06-04,10,0.0715274242336474
2004-06-07,10,0.031070764157206585
2004-06-08,10,0.07893517293161999
2004-06-09,10,0.10367375865320384
2004-06-10,10,0.13341516865728262
2004-06-14,10,0.12067066652447538
2004-06-15,10,0.06216762048000756
2004-06-16,10,0.07306823246837998
2004-06-17,10,0.08260114847242274
2004-06-18,10,0.08490474741830564
2004-06-21,10,0.08670907821685539
2004-06-22,10,0.0779941634438844
2004-06-23,10,0.009215039751293865
2004-06-24,10,-0.011511615970943415
2004-06-25,10,-0.0751383922661437
2004-06-28,10,-0.04055094171421277
2004-06-29,10,-0.009332576201107678
2004-06-30,10,-0.033330598121236996
2004-07-01,10,-0.024117032169162198
2004-07-02,10,-0.024612941003529884
2004-07-06,10,-0.027034166049329032
2004-07-07,10,-0.059132118473887
2004-07-08,10,-0.038125854683454634
2004-07-09,10,0.0014034143357217882
2004-07-12,10,-0.023042892626663553
2004-07-13,10,0.02396625090861491
2004-07-14,10,0.01560135394291546
2004-07-15,10,0.04038070623533939
2004-07-16,10,0.05049224248300262
2004-07-19,10,0.07060442426025271
2004-07-20,10,0.020812421201671004
2004-07-21,10,0.042564278709929376
2004-07-22,10,-0.010362779568869735
2004-07-23,10,-0.09486462884635492
2004-07-26,10,-0.033267394223434776
2004-07-27,10,-0.05059489497364316
2004-07-28,10,-0.0966761257280595
2004-07-29,10,-0.1044687405687332
2004-07-30,10,-0.11979936963280365
2004-08-02,10,-0.1099497313535831
2004-08-03,10,-0.08702135741626427
2004-08-04,10,-0.058573011664299936
2004-08-05,10,0.010149833045596813
2004-08-06,10,0.08585656436389817
2004-08-09,10,0.031370384200329296
2004-08-10,10,-0.03899369397558162
2004-08-11,10,-0.03286905764825346
2004-08-12,10,-0.02581268885719712
2004-08-13,10,-0.030708645314749154
2004-08-16,10,-0.028938042388636665
2004-08-17,10,-0.005314941134867309
2004-08-18,10,0.024315176416213988
2004-08-19,10,-0.0340450906231118
2004-08-20,10,0.0002236045945507214
2004-08-23,10,0.058416951076854476
2004-08-24,10,0.10963694540417782
2004-08-25,10,0.12369808825242848
2004-08-26,10,0.09566545445404333
2004-08-27,10,0.06095662298470993
2004-08-30,10,0.06916673892471517
2004-08-31,10,0.06128511091743917
2004-09-01,10,0.029388446975628785
2004-09-02,10,0.02457228646032765
2004-09-03,10,0.017241844549014146
2004-09-07,10,0.004835325690245286
2004-09-08,10,0.012392743717213094
2004-09-09,10,0.0332031852625817
2004-09-10,10,0.11540059731930381
2004-09-13,10,0.1516075070723826
2004-09-14,10,0.1599686775869111
2004-09-15,10,0.11367312357370529
2004-09-16,10,0.12465857687904465
2004-09-17,10,0.11301017944205666
2004-09-20,10,0.1134406819111082
2004-09-21,10,0.10551130144461651
2004-09-22,10,0.07916446527784654
2004-09-23,10,0.0842109070936139
2004-09-24,10,0.04968329149201659
2004-09-27,10,0.02506135720869744
2004-09-28,10,0.0004777963306831912
2004-09-29,10,-0.044918316311012486
2004-09-30,10,0.005914977593712316
2004-10-01,10,0.04864542104024267
2004-10-04,10,0.07157629697324772
2004-10-05,10,0.08063518779066
2004-10-06,10,0.05082132647401624
2004-10-07,10,0.03088119756228703
2004-10-08,10,0.007851201467423559
2004-10-11,10,0.01708773336966307
2004-10-12,10,0.04399862777583683
2004-10-13,10,0.06264295752366471
2004-10-14,10,-0.05884615541443326
2004-10-15,10,-0.08327277386534025
2004-10-18,10,-0.10567919062852091
2004-10-19,10,-0.12241596828921775
2004-10-20,10,-0.09028367025275305
2004-10-21,10,-0.04129508011390694
2004-10-22,10,-0.07972161051685575
2004-10-25,10,-0.06897412706135017
2004-10-26,10,-0.09234015099393969
2004-10-27,10,-0.010327668065243947
2004-10-28,10,0.03947572387908232
2004-10-29,10,0.04901160338636347
2004-11-01,10,0.01013932139304353
2004-11-02,10,0.0002279081012082839
2004-11-03,10,-0.05593174251569468
2004-11-04,10,-0.0919646644506017
2004-11-05,10,-0.04565367628002921
2004-11-08,10,-0.00851143494941448
2004-11-09,10,-1.283557144401645e-05
2004-11-10,10,-0.043432600273286305
2004-11-11,10,-0.03819904024015954
2004-11-12,10,-0.017180471885545823
2004-11-15,10,0.0989591499021854
2004-11-16,10,0.0786522462736274
2004-11-17,10,0.069145591641691
2004-11-18,10,0.08376369488814082
2004-11-19,10,0.04186601689311721
2004-11-22,10,-0.01278068928529012
2004-11-23,10,-0.024570619582602034
2004-11-24,10,-0.017861230159467684
2004-11-26,10,-0.013635438517573364
2004-11-29,10,0.046446261897576106
2004-11-30,10,-0.06344659273424894
2004-12-01,10,-0.011541932119326966
2004-12-02,10,0.022677371864038474
2004-12-03,10,0.008325678641502679
2004-12-06,10,0.02421637374365364
2004-12-07,10,0.029954004767292857
2004-12-08,10,0.0007277245836184933
2004-12-09,10,0.006754606228732801
2004-12-10,10,-0.019465627688203056
2004-12-13,10,-0.05194667220789807
2004-12-14,10,-0.03570049735323633
2004-12-15,10,-0.107949163775399
2004-12-16,10,-0.10630002772146722
2004-12-17,10,-0.12778116752761978
2004-12-20,10,-0.0757774391262194
2004-12-21,10,-0.04410744638305562
2004-12-22,10,-0.008898869532263737
2004-12-23,10,-0.011511720279584158
2004-12-27,10,0.05297554486523138
2004-12-28,10,0.030659761327706654
2004-12-29,10,0.06432183997249444
2004-12-30,10,0.14660481431872668
2004-12-31,10,0.14121444529472588
2005-01-03,10,0.17661088579538678
2005-01-04,10,0.18794628997354915
2005-01-05,10,0.1697117472268125
2005-01-06,10,0.15378686340066708
2005-01-07,10,0.15260444050457453
2005-01-10,10,0.10085529115997567
2005-01-11,10,0.11053020465074453
2005-01-12,10,0.15009606722113972
2005-01-13,10,0.10165055447759357
2005-01-14,10,0.11684828992749953
2005-01-18,10,0.12356953280224056
2005-01-19,10,0.09531342140049082
2005-01-20,10,0.1195955140160654
2005-01-21,10,0.10397998211609906
2005-01-24,10,0.08561791905581423
2005-01-25,10,0.08762438308441241
2005-01-26,10,0.10021554975413681
2005-01-27,10,0.06674501312458861
2005-01-28,10,0.04054834475199229
2005-01-31,10,0.022623427616597518
2005-02-01,10,0.0052114298884311005
2005-02-02,10,0.015963120601666686
2005-02-03,10,0.0040128533638151085
2005-02-04,10,0.010806732989031698
2005-02-07,10,0.010009130600360315
2005-02-08,10,0.04234864001417978
2005-02-09,10,0.04594147324395743
2005-02-10,10,0.08347431917932356
2005-02-11,10,0.12516682556566106
2005-02-14,10,0.06476201897137536
2005-02-15,10,0.11035249392704478
2005-02-16,10,0.09117279397396512
2005-02-17,10,0.08994749903509144
2005-02-18,10,0.08617908515476
2005-02-22,10,0.09984543862068707
2005-02-23,10,0.06696486912236024
2005-02-24,10,-0.008432723571870466
2005-02-25,10,0.01334693598496252
2005-02-28,10,-0.019306312049610273
2005-03-01,10,0.07372514170669431
2005-03-02,10,0.026456644694078543
2005-03-03,10,0.04067198617790125
2005-03-04,10,0.01924462352206987
2005-03-07,10,0.022662867736269996
2005-03-08,10,0.035321631855545585
2005-03-09,10,0.045603760998675386
2005-03-10,10,0.10754785018699439
2005-03-11,10,0.04443200938989122
2005-03-14,10,0.055938843526890145
2005-03-15,10,-0.011842861550743424
2005-03-16,10,0.005822804026676024
2005-03-17,10,0.051272710471429644
2005-03-18,10,0.05770098109000162
2005-03-21,10,0.08265216617093775
2005-03-22,10,0.07536496416865794
2005-03-23,10,0.09752247901596062
2005-03-24,10,0.04778812003152721
2005-03-28,10,0.07804985903016556
2005-03-29,10,0.13372707375054566
2005-03-30,10,0.10039076220961435
2005-03-31,10,0.03453933957668245
2005-04-01,10,-0.05376750783479109
2005-04-04,10,-0.062003360620806074
2005-04-05,10,-0.02154434019232576
2005-04-06,10,-0.035356267376526716
2005-04-07,10,-0.017644672465845328
2005-04-08,10,0.0314288623538275
2005-04-11,10,0.05903534406118152
2005-04-12,10,0.042330794652332505
2005-04-13,10,0.06626881162248142
2005-04-14,10,0.07524947173973616
2005-04-15,10,0.10387538388558161
2005-04-18,10,0.11517101981149355
2005-04-19,10,0.06244087782828513
2005-04-20,10,0.07077570033084289
2005-04-21,10,0.10217028104561413
2005-04-22,10,0.12013734647881154
2005-04-25,10,0.07358122714555485
2005-04-26,10,0.07083685765282138
2005-04-27,10,0.0750337869944044
2005-04-28,10,0.031636806119393165
2005-04-29,10,0.008053722543435468
2005-05-02,10,-0.008351483203471751
2005-05-03,10,0.023270400062677152
2005-05-04,10,0.0206978915890031
2005-05-05,10,-0.010876380019486044
2005-05-06,10,-0.06542169098181487
2005-05-09,10,-0.05242506957776295
2005-05-10,10,-0.04886691109196336
2005-05-11,10,-0.07221910270273237
2005-05-12,10,-0.00527810485296785
2005-05-13,10,0.025361835019414695
2005-05-16,10,0.046170432331608016
2005-05-17,10,0.023087838548762032
2005-05-18,10,-0.008455271227908727
2005-05-19,10,0.014662448323129027
2005-05-20,10,0.0737749103486305
2005-05-23,10,0.03761646470847499
2005-05-24,10,-0.002595459404812903
2005-05-25,10,0.012471467177696254
2005-05-26,10,-0.023857677914520734
2005-05-27,10,-0.015412500322013715
2005-05-31,10,-0.05463704224393825
2005-06-01,10,-0.030590175663001568
2005-06-02,10,-0.01413234396247271
2005-06-03,10,-0.008969316552566834
2005-06-06,10,-0.01322001546951883
2005-06-07,10,0.00928875623307978
2005-06-08,10,0.04025593359840788
2005-06-09,10,0.02616959867567665
2005-06-10,10,0.02715449650340511
2005-06-13,10,0.059076952108281955
2005-06-14,10,0.07296922581009235
2005-06-15,10,0.05075405985382802
2005-06-16,10,0.053523487039467056
2005-06-17,10,0.052844957948727546
2005-06-20,10,0.060539289470026174
2005-06-21,10,0.08359548752275567
2005-06-22,10,0.11686428295358926
2005-06-23,10,0.08814966400737964
2005-06-24,10,0.07962303048281306
2005-06-27,10,0.049511521431582786
2005-06-28,10,0.03491342786999165
2005-06-29,10,-0.016503201809219152
2005-06-30,10,-0.018434466758187457
2005-07-01,10,-0.023156413351803372
2005-07-05,10,-0.0140877576775643
2005-07-06,10,-0.012665863681792353
2005-07-07,10,-0.06612850334216212
2005-07-08,10,-0.06125504253965181
2005-07-11,10,-0.08143363360137174
2005-07-12,10,-0.09010252450520038
2005-07-13,10,-0.07793163327141157
2005-07-14,10,0.05719400701479282
2005-07-15,10,0.022561958218213437
2005-07-18,10,0.04405229147144361
2005-07-19,10,0.009776138430246432
2005-07-20,10,-0.002721901895748611
2005-07-21,10,0.021189829769434305
2005-07-22,10,0.014259532274962225
2005-07-25,10,0.019994944352914375
2005-07-26,10,0.02766635636160059
2005-07-27,10,0.03233064077318022
2005-07-28,10,-0.008303493862198055
2005-07-29,10,0.009081503975924544
2005-08-01,10,-0.00997185624579512
2005-08-02,10,-0.03651628661991797
2005-08-03,10,-0.018317657963309354
2005-08-04,10,-0.03204134073615798
2005-08-05,10,-0.006356337867769226
2005-08-08,10,0.018674216428277435
2005-08-09,10,-0.0026144904595118306
2005-08-10,10,-0.011267064265611318
2005-08-11,10,-0.027059974254868006
2005-08-12,10,-0.029957500378164467
2005-08-15,10,-0.007319571057183964
2005-08-16,10,0.05405726757496387
2005-08-17,10,0.09228886396989569
2005-08-18,10,0.11815343420526284
2005-08-19,10,0.1136113938075691
2005-08-22,10,0.12593572126222397
2005-08-23,10,0.17295058191561505
2005-08-24,10,0.15575502008455547
2005-08-25,10,0.18384729648610565
2005-08-26,10,0.17997198882569765
2005-08-29,10,0.1870210713826282
2005-08-30,10,0.15458292303478732
2005-08-31,10,0.060932199896225635
2005-09-01,10,0.05071676211277476
2005-09-02,10,0.0913853205633944
2005-09-06,10,0.02225186442505559
2005-09-07,10,0.002276990428910177
2005-09-08,10,0.02662389451869273
2005-09-09,10,0.01713195017252022
2005-09-12,10,0.07440164203096729
2005-09-13,10,0.052996829562139386
2005-09-14,10,0.07101739411592042
2005-09-15,10,0.08959950345835309
2005-09-16,10,0.1463851920287866
2005-09-19,10,0.1665518234044023
2005-09-20,10,0.1641485568166251
2005-09-21,10,0.08834877549213974
2005-09-22,10,-0.009109538484029777
2005-09-23,10,0.007246739671676633
2005-09-26,10,-0.04401535946005262
2005-09-27,10,-0.03034080174901084
2005-09-28,10,-0.09014549819054984
2005-09-29,10,-0.0924814135156029
2005-09-30,10,-0.08108940179617405
2005-10-03,10,-0.09992151840698783
2005-10-04,10,-0.10144077251509993
2005-10-05,10,-0.027120169571829247
2005-10-06,10,0.03399796798660007
2005-10-07,10,0.019770536956452287
2005-10-10,10,0.08978654519124406
2005-10-11,10,0.10581016222288857
2005-10-12,10,0.08692955568694637
2005-10-13,10,0.0568259996666802
2005-10-14,10,0.03721940344465951
2005-10-17,10,0.053164326960991395
2005-10-18,10,0.08326200827552727
2005-10-19,10,0.09173636373124319
2005-10-20,10,0.11679667399516573
2005-10-21,10,0.09312705823493378
2005-10-24,10,0.04700734960445624
2005-10-25,10,0.016629148180276377
2005-10-26,10,0.024581527958801818
2005-10-27,10,0.023351999753514555
2005-10-28,10,0.030926120818275987
2005-10-31,10,-0.005212206191080244
2005-11-01,10,0.026984042618186755
2005-11-02,10,0.03491671433172757
2005-11-03,10,0.03876546913625909
2005-11-04,10,0.012226443503648517
2005-11-07,10,0.04280555009207366
2005-11-08,10,0.06618471361590296
2005-11-09,10,0.0340679782916247
2005-11-10,10,0.05915484242022986
2005-11-11,10,0.00969605015668807
2005-11-14,10,0.039636566369421256
2005-11-15,10,0.018559009661691116
2005-11-16,10,0.006453568051766654
2005-11-17,10,-0.00604526418845557
2005-11-18,10,0.03374524030700339
2005-11-21,10,0.02734135393196451
2005-11-22,10,-0.02359761051439206
2005-11-23,10,0.04203593784187706
2005-11-25,10,0.006354498790848527
2005-11-28,10,0.041476401232648424
2005-11-29,10,0.0301543683240346
2005-11-30,10,0.02241329222638666
2005-12-01,10,0.001527233500574806
2005-12-02,10,0.003578271112664909
2005-12-05,10,-0.04958228281237869
2005-12-06,10,-0.02385881361478406
2005-12-07,10,0.026039645286380954
2005-12-08,10,-0.0027462219805076504
2005-12-09,10,0.017912730078340912
2005-12-12,10,-0.007561514959093876
2005-12-13,10,0.013583680857705387
2005-12-14,10,0.03314986360083482
2005-12-15,10,0.02301558739241419
2005-12-16,10,0.08057049260326268
2005-12-19,10,0.12495054904012959
2005-12-20,10,0.10047261617149054
2005-12-21,10,0.09472295955219644
2005-12-22,10,0.08495879679752368
2005-12-23,10,0.12050979856870574
2005-12-27,10,0.10327359552020537
2005-12-28,10,0.09046996244970332
2005-12-29,10,0.08425561756315877
2005-12-30,10,0.11833835616720836
2006-01-03,10,0.04256635270091026
2006-01-04,10,0.048969401246636304
2006-01-05,10,0.04174325901900655
2006-01-06,10,0.025765593212854012
2006-01-09,10,0.027618555392300206
2006-01-10,10,0.0051305883769388935
2006-01-11,10,0.04638728958563154
2006-01-12,10,0.06036427166703693
2006-01-13,10,0.0852463478099433
2006-01-17,10,0.06365994895082235
2006-01-18,10,0.06498748288996875
2006-01-19,10,0.022076227397665897
2006-01-20,10,0.053833649123560756
2006-01-23,10,0.06050764513691046
2006-01-24,10,0.0025727488859075514
2006-01-25,10,0.01051986137481652
2006-01-26,10,-0.012413888605866112
2006-01-27,10,-0.04496576155452583
2006-01-30,10,-0.06589451607193988
2006-01-31,10,-0.051706806068461585
2006-02-01,10,-0.05256724435369346
2006-02-02,10,-0.025289956615926708
2006-02-03,10,-0.03896906726045246
2006-02-06,10,-0.03814235925222227
2006-02-07,10,0.023817833078051565
2006-02-08,10,0.04135255036766133
2006-02-09,10,0.054363972169868616
2006-02-10,10,0.05670701883568743
2006-02-13,10,0.07900105766163165
2006-02-14,10,0.14273191930536933
2006-02-15,10,0.18161808626067272
2006-02-16,10,0.14007893687888276
2006-02-17,10,0.09493588165575861
2006-02-21,10,0.007866954336098086
2006-02-22,10,-0.007235271295062329
2006-02-23,10,-0.022184795975579052
2006-02-24,10,-0.024808357950012922
2006-02-27,10,-0.0006554786596151397
2006-02-28,10,0.04146960881052512
2006-03-01,10,0.02821920636072721
2006-03-02,10,0.009534634935848064
2006-03-03,10,0.0151811739139593
2006-03-06,10,0.04488359391334821
2006-03-07,10,0.09228984693837422
2006-03-08,10,0.10194660783669106
2006-03-09,10,0.11459479372601922
2006-03-10,10,0.1268982532588425
2006-03-13,10,0.11196674651216436
2006-03-14,10,0.09243584584505624
2006-03-15,10,0.08234455978500642
2006-03-16,10,0.06608858051968994
2006-03-17,10,0.09619200889492967
2006-03-20,10,0.12110648366543644
2006-03-21,10,0.15529186098534306
2006-03-22,10,0.1756016976447036
2006-03-23,10,0.1819052383053931
2006-03-24,10,0.13613822842501383
2006-03-27,10,0.11270535283315797
2006-03-28,10,0.06790627788296344
2006-03-29,10,0.07845659363531865
2006-03-30,10,0.10963275067177823
2006-03-31,10,0.09488488104294565
2006-04-03,10,0.09198122127238695
2006-04-04,10,0.10411556930432402
2006-04-05,10,0.04877334014310513
2006-04-06,10,0.03927805971204114
2006-04-07,10,0.08649818166656616
2006-04-10,10,0.08446380448714809
2006-04-11,10,0.10835478403861028
2006-04-12,10,0.01099768568867891
2006-04-13,10,0.012198240226945949
2006-04-17,10,0.045487348719360256
2006-04-18,10,0.02526966030519252
2006-04-19,10,0.014741486696798704
2006-04-20,10,0.06308085080316231
2006-04-21,10,0.07326667924536799
2006-04-24,10,0.050518890493469464
2006-04-25,10,0.0838511857337983
2006-04-26,10,0.09268655465688051
2006-04-27,10,0.08331242728619187
2006-04-28,10,-0.0044658306351192875
2006-05-01,10,-0.14924458140712418
2006-05-02,10,-0.15241190115920783
2006-05-03,10,-0.2244945250685173
2006-05-04,10,-0.291758612122567
2006-05-05,10,-0.2778341241595641
2006-05-08,10,-0.31112516146583585
2006-05-09,10,-0.3066469470341029
2006-05-10,10,-0.3334086230768882
2006-05-11,10,-0.25248019050590736
2006-05-12,10,-0.18313583199632852
2006-05-15,10,-0.1582000121017213
2006-05-16,10,-0.15275610193324954
2006-05-17,10,-0.022264310143524056
2006-05-18,10,0.08774148691082286
2006-05-19,10,-0.009529322073113093
2006-05-22,10,0.061031515232640124
2006-05-23,10,-0.09295010037134117
2006-05-24,10,-0.07186079176897993
2006-05-25,10,-0.15235478207466482
2006-05-26,10,-0.262273471372147
2006-05-30,10,-0.2549488559663567
2006-05-31,10,-0.24449184907768118
2006-06-01,10,-0.18390750585842755
2006-06-02,10,-0.23041975861287742
2006-06-05,10,-0.19806027174069119
2006-06-06,10,-0.1837659844802469
2006-06-07,10,-0.038748684795979836
2006-06-08,10,0.048711136678803106
2006-06-09,10,0.12728953141645083
2006-06-12,10,0.26006532954598777
2006-06-13,10,0.2992117042109522
2006-06-14,10,0.2593968064088237
2006-06-15,10,0.23236059998384823
2006-06-16,10,0.26855979806165503
2006-06-19,10,0.2764955636984613
2006-06-20,10,0.2342527756271042
2006-06-21,10,0.18438499216905604
2006-06-22,10,0.1173164986076572
2006-06-23,10,0.060536305098705966
2006-06-26,10,0.0658792297479088
2006-06-27,10,0.0656745477163354
2006-06-28,10,0.02509517698464441
2006-06-29,10,-0.07856649647079449
2006-06-30,10,-0.1389002180300006
2006-07-03,10,-0.15019509571627218
2006-07-05,10,-0.0654148612285147
2006-07-06,10,-0.09776595789064846
2006-07-07,10,-0.1206776841514837
2006-07-10,10,-0.05311390001962764
2006-07-11,10,-0.05319806922995501
2006-07-12,10,-0.08342130817662692
2006-07-13,10,-0.08127296678319686
2006-07-14,10,-0.013964400944185227
2006-07-17,10,0.05258893552873018
2006-07-18,10,0.011707633891765518
2006-07-19,10,-0.02286093871478256
2006-07-20,10,0.04370905233851704
2006-07-21,10,0.03793899950838096
2006-07-24,10,-0.0018125717039745623
2006-07-25,10,-0.003184032537626488
2006-07-26,10,0.043900356926162086
2006-07-27,10,0.06579221897705316
2006-07-28,10,-0.009752821971620024
2006-07-31,10,-0.04341043107058967
2006-08-01,10,0.02198116156620884
2006-08-02,10,0.014761200839347689
2006-08-03,10,-0.053062978865946686
2006-08-04,10,-0.017777830809441366
2006-08-07,10,-0.019334177526495896
2006-08-08,10,-0.006697534202827269
2006-08-09,10,-0.01707794784874109
2006-08-10,10,-0.06656500576425764
2006-08-11,10,-0.05181999470455861
2006-08-14,10,-0.03944602821969228
2006-08-15,10,-0.09523498054542241
2006-08-16,10,-0.12262857258593794
2006-08-17,10,-0.07471833107610991
2006-08-18,10,-0.07007424760511212
2006-08-21,10,-0.07540413020049816
2006-08-22,10,-0.0985571945480208
2006-08-23,10,-0.09111096315592489
2006-08-24,10,-0.0777486807369498
2006-08-25,10,-0.11522047484380941
2006-08-28,10,-0.1553855662081822
2006-08-29,10,-0.10633857588648933
2006-08-30,10,-0.10348464824980941
2006-08-31,10,-0.10296172949164509
2006-09-01,10,-0.08859230876491601
2006-09-05,10,-0.10977530509886056
2006-09-06,10,-0.0798384188965613
2006-09-07,10,-0.07467592433027365
2006-09-08,10,-0.06978221522997652
2006-09-11,10,-0.042380963546945996
2006-09-12,10,0.004650892704077338
2006-09-13,10,-0.00020295108771516482
2006-09-14,10,0.03255771932022071
2006-09-15,10,0.09062686008087606
2006-09-18,10,0.0501017660074952
2006-09-19,10,0.025933894581648582
2006-09-20,10,0.04428873698994471
2006-09-21,10,0.07272789990282438
2006-09-22,10,0.04908187735335442
2006-09-25,10,0.05227724809152993
2006-09-26,10,0.06843792968186552
2006-09-27,10,0.021002096544341375
2006-09-28,10,0.0279042398232485
2006-09-29,10,0.04161470654177971
2006-10-02,10,0.04221600439636715
2006-10-03,10,0.0621445575997922
2006-10-04,10,0.01787900745423941
2006-10-05,10,0.005089200588083345
2006-10-06,10,0.004527316119243304
2006-10-09,10,0.013052921548422823
2006-10-10,10,0.016203435262327263
2006-10-11,10,0.004097469759942867
2006-10-12,10,-0.0033141956320671194
2006-10-13,10,-0.051744871572266066
2006-10-16,10,-0.06864010794662995
2006-10-17,10,-0.06418945867477623
2006-10-18,10,-0.09011806504161915
2006-10-19,10,-0.10272505007167232
2006-10-20,10,-0.07678310832946733
2006-10-23,10,-0.07089153952384543
2006-10-24,10,-0.08388855024869929
2006-10-25,10,-0.08417835263745778
2006-10-26,10,-0.06020185423194373
2006-10-27,10,-0.02867317497349292
2006-10-30,10,-0.03290039877862086
2006-10-31,10,-0.04549292935100451
2006-11-01,10,-0.005229504846914395
2006-11-02,10,-0.025531101260513916
2006-11-03,10,-0.049167880759104755
2006-11-06,10,-0.040960147820104376
2006-11-07,10,-0.056304800040663475
2006-11-08,10,-0.040010380414496186
2006-11-09,10,-0.04137078311728103
2006-11-10,10,-0.04512129624057012
2006-11-13,10,-0.03893013489833163
2006-11-14,10,-0.0022231396572447
2006-11-15,10,-0.011898397883774569
2006-11-16,10,-0.004207120850790617
2006-11-17,10,0.06361726571634917
2006-11-20,10,0.04978272321506382
2006-11-21,10,0.018879944757170933
2006-11-22,10,0.02322526643370781
2006-11-24,10,0.03241753675448775
2006-11-27,10,0.05674182039489601
2006-11-28,10,0.0009984402937123504
2006-11-29,10,-0.01082047627293289
2006-11-30,10,0.029785971388013893
2006-12-01,10,0.03873581340848023
2006-12-04,10,-0.0300891758662574
2006-12-05,10,0.013042065952910306
2006-12-06,10,0.0034989160145799942
2006-12-07,10,-0.007177986106317123
2006-12-08,10,-0.023002043856980858
2006-12-11,10,-0.05261737639793645
2006-12-12,10,0.0023475489537694567
2006-12-13,10,-0.02175110722966215
2006-12-14,10,-0.03838000346033815
2006-12-15,10,-0.03180739471248105
2006-12-18,10,-0.014568887772303992
2006-12-19,10,-0.04309436970706272
2006-12-20,10,0.005059502761335633
2006-12-21,10,0.02342954092642498
2006-12-22,10,0.022717320520676255
2006-12-26,10,0.05471181836615411
2006-12-27,10,0.031776648235241164
2006-12-28,10,0.022004800850587213
2006-12-29,10,0.03328605480461643
2007-01-03,10,0.02918886080433943
2007-01-04,10,0.060853475378454015
2007-01-05,10,0.04519257377300236
2007-01-08,10,0.03277965644986546
2007-01-09,10,0.0527417026352744
2007-01-10,10,0.03237633057626525
2007-01-11,10,0.02357486181988946
2007-01-12,10,0.019672478226407587
2007-01-16,10,-0.0038403186995007803
2007-01-17,10,-0.02470921306789866
2007-01-18,10,0.008555001545319237
2007-01-19,10,-0.011541877305822389
2007-01-22,10,0.005851231855788067
2007-01-23,10,-0.009296395794772509
2007-01-24,10,-0.00689998284389391
2007-01-25,10,0.034730802669993364
2007-01-26,10,0.029923461115645388
2007-01-29,10,-0.003236757188515393
2007-01-30,10,0.0141492402437638
2007-01-31,10,0.011471884193936202
2007-02-01,10,0.0031900361672254052
2007-02-02,10,0.008557055761279164
2007-02-05,10,-0.003326401239539746
2007-02-06,10,-0.0006071169842693198
2007-02-07,10,-0.042605047149975164
2007-02-08,10,-0.047327680992190674
2007-02-09,10,-0.053284617942226595
2007-02-12,10,-0.04313274100725102
2007-02-13,10,-0.015643581053268726
2007-02-14,10,-0.01930251046083384
2007-02-15,10,-0.02441570747365718
2007-02-16,10,0.0020483970636660073
2007-02-20,10,0.027236039821083764
2007-02-21,10,0.03984083474283401
2007-02-22,10,0.12675850133727365
2007-02-23,10,0.16826786163008725
2007-02-26,10,0.20350096276957086
2007-02-27,10,0.20208770275776042
2007-02-28,10,0.16650026562755418
2007-03-01,10,0.17154634729095045
2007-03-02,10,0.18728240139965535
2007-03-05,10,0.2083202345213613
2007-03-06,10,0.19126748536702518
2007-03-07,10,0.18338846452460195
2007-03-08,10,0.10483199000343346
2007-03-09,10,0.07447313485230761
2007-03-12,10,0.06194351101493864
2007-03-13,10,0.04446234516577427
2007-03-14,10,0.06436692953002725
2007-03-15,10,0.07384376380903888
2007-03-16,10,0.053229430269911115
2007-03-19,10,0.04222050963711581
2007-03-20,10,0.0536166752652853
2007-03-21,10,0.07822300261303643
2007-03-22,10,0.08971420078310194
2007-03-23,10,0.12175513127314608
2007-03-26,10,0.09987589645704598
2007-03-27,10,0.1020199593093383
2007-03-28,10,0.08354802197683082
2007-03-29,10,0.06258092487510669
2007-03-30,10,0.052247626438485024
2007-04-02,10,0.013606438014131904
2007-04-03,10,-0.01785949085908528
2007-04-04,10,-0.06456623145598682
2007-04-05,10,-0.06632788106372127
2007-04-09,10,-0.021541141031323346
2007-04-10,10,-0.04376902488253722
2007-04-11,10,-0.036690508628094184
2007-04-12,10,-0.02507621342092129
2007-04-13,10,0.00998175482228257
2007-04-16,10,0.027746421515884783
2007-04-17,10,0.02378927137092317
2007-04-18,10,0.057898696119620174
2007-04-19,10,0.06200488482074524
2007-04-20,10,0.06271740260622283
2007-04-23,10,0.02241738753163404
2007-04-24,10,0.04640827863008717
2007-04-25,10,0.0603391026604544
2007-04-26,10,0.07552690530057438
2007-04-27,10,0.06422114474318902
2007-04-30,10,0.05381304350382061
2007-05-01,10,0.07517282515532758
2007-05-02,10,0.05041966025814659
2007-05-03,10,0.06735110173388967
2007-05-04,10,0.06111927977987431
2007-05-07,10,0.04789343048823851
2007-05-08,10,0.008101979445035693
2007-05-09,10,-0.01620411719646094
2007-05-10,10,-0.060666585597456725
2007-05-11,10,-0.06350974738210906
2007-05-14,10,-0.023429032148525916
2007-05-15,10,-0.00637647237209585
2007-05-16,10,0.0005670146000596949
2007-05-17,10,0.017197752901255966
2007-05-18,10,0.007312394494619033
2007-05-21,10,0.019616677995737082
2007-05-22,10,0.04707502191431248
2007-05-23,10,0.03064795355270486
2007-05-24,10,0.07173821056111657
2007-05-25,10,0.07021145132881654
2007-05-29,10,0.05072316808769973
2007-05-30,10,0.04852199065519
2007-05-31,10,0.07526783003479083
2007-06-01,10,0.06311994767958011
2007-06-04,10,0.019033937472427397
2007-06-05,10,0.03166941475800392
2007-06-06,10,0.008585391850391843
2007-06-07,10,0.06008430680615304
2007-06-08,10,0.03830898467821205
2007-06-11,10,0.01767368291473854
2007-06-12,10,0.003303900473785209
2007-06-13,10,-0.028794826168395096
2007-06-14,10,-0.029944780128110693
2007-06-15,10,0.010776997800554846
2007-06-18,10,0.09498237518361824
2007-06-19,10,0.09052646075427452
2007-06-20,10,0.1486083846955447
2007-06-21,10,0.12415962694213578
2007-06-22,10,0.1254445038285902
2007-06-25,10,0.17002545158859975
2007-06-26,10,0.19262335733282834
2007-06-27,10,0.20371715879347066
2007-06-28,10,0.1839720946671678
2007-06-29,10,0.140040890220601
2007-07-02,10,0.09815483996895472
2007-07-03,10,0.08888091490545266
2007-07-05,10,0.04629900495770569
2007-07-06,10,0.023871563833726645
2007-07-09,10,0.08358157657737283
2007-07-10,10,0.07429446219861345
2007-07-11,10,0.0216590502683326
2007-07-12,10,-0.022397433625185637
2007-07-13,10,-0.0466134775855439
2007-07-16,10,-0.01735187453286562
2007-07-17,10,-0.021383600586429102
2007-07-18,10,-0.009981845850640658
2007-07-19,10,0.01380313232263723
2007-07-20,10,0.017890221308227604
2007-07-23,10,-0.023466293363021844
2007-07-24,10,-0.01176782036130605
2007-07-25,10,-0.0620228577078225
2007-07-26,10,-0.10340194541569261
2007-07-27,10,-0.005762737343640907
2007-07-30,10,0.05834683491976596
2007-07-31,10,0.01935849674368716
2007-08-01,10,-0.03322980663063449
2007-08-02,10,-0.12804697138110482
2007-08-03,10,-0.10298588506579298
2007-08-06,10,-0.05763037960067125
2007-08-07,10,0.0008143681605909262
2007-08-08,10,0.16802574390890807
2007-08-09,10,0.22084887205021433
2007-08-10,10,0.19926129798677641
2007-08-13,10,0.08579423777803746
2007-08-14,10,0.08531841612999307
2007-08-15,10,0.1831291365506934
2007-08-16,10,0.2670905719327373
2007-08-17,10,0.2781104133357019
2007-08-20,10,0.24684566439467365
2007-08-21,10,0.2199845114829133
2007-08-22,10,0.14905782247233187
2007-08-23,10,0.10109147941231933
2007-08-24,10,0.08531377149278978
2007-08-27,10,0.12367000635085591
2007-08-28,10,0.15964715679861297
2007-08-29,10,0.1546945356565957
2007-08-30,10,0.13796126591099583
2007-08-31,10,0.14495906604263675
2007-09-04,10,0.17680151619954815
2007-09-05,10,0.16269785297389744
2007-09-06,10,0.1913630337964275
2007-09-07,10,0.2316248530628652
2007-09-10,10,0.2333705143296467
2007-09-11,10,0.2522559992423505
2007-09-12,10,0.24904329647151677
2007-09-13,10,0.24306695888621377
2007-09-14,10,0.24042216850327033
2007-09-17,10,0.2423300157393507
2007-09-18,10,0.20166711016997174
2007-09-19,10,0.1643620166948727
2007-09-20,10,0.1346999923147209
2007-09-21,10,0.10738399226956764
2007-09-24,10,0.10002120796629276
2007-09-25,10,0.04566317545416727
2007-09-26,10,0.04535587556020106
2007-09-27,10,0.015530017419920349
2007-09-28,10,0.09397274254855992
2007-10-01,10,0.10737570307821831
2007-10-02,10,0.1569593163478992
2007-10-03,10,0.2178155095549627
2007-10-04,10,0.23524392310551948
2007-10-05,10,0.21115883422358875
2007-10-08,10,0.1697482824290218
2007-10-09,10,0.20055330989377926
2007-10-10,10,0.1765308780430769
2007-10-11,10,0.18050481647702074
2007-10-12,10,0.14575219478501594
2007-10-15,10,0.13667454152844977
2007-10-16,10,0.06491975105854154
2007-10-17,10,0.05349292097700936
2007-10-18,10,0.011593295640142087
2007-10-19,10,0.059729147428814466
2007-10-22,10,0.09244223002385127
2007-10-23,10,0.07674016165798479
2007-10-24,10,0.07327974498136704
2007-10-25,10,0.047805077205948454
2007-10-26,10,-0.0001090035330856547
2007-10-29,10,-0.11542074529656593
2007-10-30,10,-0.09088575698570288
2007-10-31,10,-0.08391332197396942
2007-11-01,10,-0.09924581484005233
2007-11-02,10,-0.09283824960881885
2007-11-05,10,-0.09430692237685678
2007-11-06,10,-0.08796920046066982
2007-11-07,10,-0.10576225192527942
2007-11-08,10,-0.08497424304881335
2007-11-09,10,0.0113301322114132
2007-11-12,10,0.18956356532483298
2007-11-13,10,0.21689013278983102
2007-11-14,10,0.20072888349024587
2007-11-15,10,0.19422099413205451
2007-11-16,10,0.20564058268471871
2007-11-19,10,0.22030386520901815
2007-11-20,10,0.18231883802187795
2007-11-21,10,0.14596314984528508
2007-11-23,10,0.12596425187387342
2007-11-26,10,0.04733691360607872
2007-11-27,10,0.020797178496562492
2007-11-28,10,0.01553301441018318
2007-11-29,10,-0.007094769007799031
2007-11-30,10,0.05898504562857484
2007-12-03,10,-0.01568356421324246
2007-12-04,10,-0.05641139511446958
2007-12-05,10,-0.041371214287622984
2007-12-06,10,0.023143801929757058
2007-12-07,10,0.04902496473503577
2007-12-10,10,0.0979242064552561
2007-12-11,10,0.11891822783593824
2007-12-12,10,0.13321564016201345
2007-12-13,10,0.14180648025902332
2007-12-14,10,0.06937152445955584
2007-12-17,10,0.11214863338894834
2007-12-18,10,0.21174827367614904
2007-12-19,10,0.19212792139734267
2007-12-20,10,0.12917812121275213
2007-12-21,10,0.13301801252047785
2007-12-24,10,0.1567775732990458
2007-12-26,10,0.09939603752609687
2007-12-27,10,0.06670738332208802
2007-12-28,10,0.033758780192459224
2007-12-31,10,0.021417529983363753
2008-01-02,10,-0.10526947398378769
2008-01-03,10,-0.2195235253020068
2008-01-04,10,-0.21128828650806628
2008-01-07,10,-0.1904249142249063
2008-01-08,10,-0.2521003149077769
2008-01-09,10,-0.2500439822633838
2008-01-10,10,-0.23270682803248474
2008-01-11,10,-0.26731713297405224
2008-01-14,10,-0.3009448436268458
2008-01-15,10,-0.2728063494873742
2008-01-16,10,-0.1677179730040434
2008-01-17,10,-0.13874317927422228
2008-01-18,10,-0.17154969649121057
2008-01-22,10,-0.18403399861775846
2008-01-23,10,-0.09852506272926041
2008-01-24,10,-0.12126601061975523
2008-01-25,10,-0.08666015474414165
2008-01-28,10,0.010117921794250376
2008-01-29,10,0.0639745901381912
2008-01-30,10,0.07294062776450169
2008-01-31,10,0.15238295063772622
2008-02-01,10,0.14766170917318058
2008-02-04,10,0.13979484336299763
2008-02-05,10,0.12696354775359084
2008-02-06,10,0.15239241690854974
2008-02-07,10,0.15324574591764567
2008-02-08,10,0.08256787883691447
2008-02-11,10,0.017311298161131358
2008-02-12,10,0.03952545680207652
2008-02-13,10,0.10558855076398684
2008-02-14,10,0.09814221033932806
2008-02-15,10,0.12406672144852489
2008-02-19,10,0.1006160548953089
2008-02-20,10,0.17762035341147522
2008-02-21,10,0.22418801774557343
2008-02-22,10,0.17830262771443423
2008-02-25,10,0.14283134591103308
2008-02-26,10,0.16715318491402625
2008-02-27,10,0.18107891619354952
2008-02-28,10,0.11812552095652035
2008-02-29,10,0.14560607282540164
2008-03-03,10,0.09182537163761874
2008-03-04,10,0.11024495030489904
2008-03-05,10,0.010902050362994428
2008-03-06,10,-0.07611548511736338
2008-03-07,10,-0.10811660752265438
2008-03-10,10,-0.09913237095959304
2008-03-11,10,-0.07292780108041279
2008-03-12,10,-0.10300935225336637
2008-03-13,10,-0.08265158432953844
2008-03-14,10,-0.1527829238353009
2008-03-17,10,-0.1714830592317488
2008-03-18,10,-0.18106619646806144
2008-03-19,10,-0.10833015212656252
2008-03-20,10,-0.04322264791285166
2008-03-24,10,0.03085857478488795
2008-03-25,10,0.049487019330491995
2008-03-26,10,0.07382267187205059
2008-03-27,10,0.061147275409089534
2008-03-28,10,0.0661022583741706
2008-03-31,10,0.10507811553240054
2008-04-01,10,0.15685911477483516
2008-04-02,10,0.18370242811471874
2008-04-03,10,0.20687818646729358
2008-04-04,10,0.1850960511271368
2008-04-07,10,0.24456800665330566
2008-04-08,10,0.2624223928439263
2008-04-09,10,0.20636567105238857
2008-04-10,10,0.09430163146530617
2008-04-11,10,0.049551828318672705
2008-04-14,10,-0.00686304475748018
2008-04-15,10,-0.08639738564387364
2008-04-16,10,-0.11072101872712183
2008-04-17,10,-0.17588992759538677
2008-04-18,10,-0.13140038711964253
2008-04-21,10,-0.12792437877766236
2008-04-22,10,-0.17491881883513072
2008-04-23,10,-0.16259997441869659
2008-04-24,10,-0.0332996693730481
2008-04-25,10,-0.009731761507410463
2008-04-28,10,-0.012066264087269846
2008-04-29,10,0.07791865680663922
2008-04-30,10,0.04287462592610052
2008-05-01,10,0.10085496686822899
2008-05-02,10,0.09947612668552853
2008-05-05,10,0.030545704491226646
2008-05-06,10,0.046764915024798195
2008-05-07,10,0.03669814441344258
2008-05-08,10,-0.041433441702559685
2008-05-09,10,-0.033629487922524744
2008-05-12,10,-0.01146053301631997
2008-05-13,10,-0.0003515195655415147
2008-05-14,10,-0.021555292871796094
2008-05-15,10,0.01566166953458357
2008-05-16,10,0.010821183864086655
2008-05-19,10,0.02839860498511478
2008-05-20,10,-0.024559978414727197
2008-05-21,10,-0.0109370728826555
2008-05-22,10,0.0781763313922358
2008-05-23,10,0.11486125819822661
2008-05-27,10,0.12186474963596705
2008-05-28,10,0.13036007676948008
2008-05-29,10,0.16006526110481878
2008-05-30,10,0.14669002264386308
2008-06-02,10,0.13472764151732947
2008-06-03,10,0.1837605164262955
2008-06-04,10,0.22151370020104716
2008-06-05,10,0.2223906613511543
2008-06-06,10,0.20283217087996824
2008-06-09,10,0.21323356574685193
2008-06-10,10,0.20673096821409973
2008-06-11,10,0.14505900652755468
2008-06-12,10,0.2067893663959699
2008-06-13,10,0.24144784032937838
2008-06-16,10,0.24524148285649996
2008-06-17,10,0.23521896918255325
2008-06-18,10,0.16191995736305279
2008-06-19,10,0.1716152180681649
2008-06-20,10,0.17521002776155245
2008-06-23,10,0.03957129106986349
2008-06-24,10,0.09264457491088679
2008-06-25,10,0.1906179509113471
2008-06-26,10,0.17713482407448566
2008-06-27,10,0.182314120684776
2008-06-30,10,0.10892674040994203
2008-07-01,10,0.004075600928081138
2008-07-02,10,-0.05371799097873471
2008-07-03,10,-0.030803514876446662
2008-07-07,10,-0.07214964844606382
2008-07-08,10,-0.1053290076305681
2008-07-09,10,-0.21969452510868256
2008-07-10,10,-0.2248249999939482
2008-07-11,10,-0.20711621833100885
2008-07-14,10,-0.22781942217516643
2008-07-15,10,-0.25374824655947115
2008-07-16,10,-0.18861859762992753
2008-07-17,10,-0.1089825723947592
2008-07-18,10,-0.1301543148103202
2008-07-21,10,-0.15871430894297098
2008-07-22,10,-0.1571874776201835
2008-07-23,10,-0.061924624671885545
2008-07-24,10,-0.09257891288949692
2008-07-25,10,-0.18234472725117754
2008-07-28,10,-0.24959967269283898
2008-07-29,10,-0.2378654295208563
2008-07-30,10,-0.2534636202518467
2008-07-31,10,-0.25509643418659134
2008-08-01,10,-0.2820998903567597
2008-08-04,10,-0.23778132392799708
2008-08-05,10,-0.09135387246680267
2008-08-06,10,-0.04516858195299703
2008-08-07,10,-0.033992103843586655
2008-08-08,10,0.014547550568584379
2008-08-11,10,0.1422651726142998
2008-08-12,10,0.14241901314337835
2008-08-13,10,0.10395046698199603
2008-08-14,10,0.07558136319683613
2008-08-15,10,0.14302714623828608
2008-08-18,10,-0.01231558598485019
2008-08-19,10,-0.195700591102614
2008-08-20,10,-0.22705136367585413
2008-08-21,10,-0.2294527420593721
2008-08-22,10,-0.21393552697514498
2008-08-25,10,-0.2252986766422937
2008-08-26,10,-0.17634873475903276
2008-08-27,10,-0.1604770821178695
2008-08-28,10,-0.12990035390943194
2008-08-29,10,-0.0787620542321635
2008-09-02,10,-0.009834096310012629
2008-09-03,10,0.05282028273642025
2008-09-04,10,-0.03693733425322606
2008-09-05,10,-0.03082545733919485
2008-09-08,10,0.09240171901276463
2008-09-09,10,0.14992818370422945
2008-09-10,10,0.11877860386401871
2008-09-11,10,0.07955843790227576
2008-09-12,10,0.05242604403109947
2008-09-15,10,0.03767494955995541
2008-09-16,10,0.06460174255781208
2008-09-17,10,0.03671975158419352
2008-09-18,10,0.054613261461238
2008-09-19,10,0.0727077433820748
2008-09-22,10,0.07049804723202145
2008-09-23,10,0.07320691907751849
2008-09-24,10,0.09736716890459765
2008-09-25,10,0.1126163281784506
2008-09-26,10,0.13597536194762727
2008-09-29,10,0.12379498083444523
2008-09-30,10,0.12147785467655968
2008-10-01,10,0.13169255793492662
2008-10-02,10,0.1974410193346201
2008-10-03,10,0.17824732517566108
2008-10-06,10,0.17138372613936742
2008-10-07,10,0.18088441387384763
2008-10-08,10,0.1259131658634029
2008-10-09,10,0.10931135649539381
2008-10-10,10,0.08847066078564114
2008-10-13,10,0.13404195038139335
2008-10-14,10,0.1309979746315812
2008-10-15,10,0.12124840163802703
2008-10-16,10,0.03320296060521926
2008-10-17,10,0.03511130295311364
2008-10-20,10,-0.013575409857853844
2008-10-21,10,-0.05386353042538413
2008-10-22,10,-0.04425955040460166
2008-10-23,10,-0.01737965138043544
2008-10-24,10,-0.030659504803525993
2008-10-27,10,-0.0033488709975785435
2008-10-28,10,0.03756990203090035
2008-10-29,10,0.10487341669159846
2008-10-30,10,0.1466137390720906
2008-10-31,10,0.17347642773058497
2008-11-03,10,0.22096615132689199
2008-11-04,10,0.2603009783112141
2008-11-05,10,0.2746324633000563
2008-11-06,10,0.2863753201836976
2008-11-07,10,0.28317005461688677
2008-11-10,10,0.21759009743832575
2008-11-11,10,0.16748092497169953
2008-11-12,10,0.02069757912494424
2008-11-13,10,-0.012335150484351215
2008-11-14,10,0.062023677257293124
2008-11-17,10,-0.02929351568177341
2008-11-18,10,-0.03756084558089232
2008-11-19,10,-0.0651458195439442
2008-11-20,10,-0.17893449745334222
2008-11-21,10,-0.22001737748841915
2008-11-24,10,-0.22479873929787472
2008-11-25,10,-0.2336690039192809
2008-11-26,10,-0.13109051478300404
2008-11-28,10,-0.08671015942949857
2008-12-01,10,-0.1513746834668847
2008-12-02,10,-0.12792114618109268
2008-12-03,10,-0.15691522188195794
2008-12-04,10,-0.1719154380430668
2008-12-05,10,-0.18771599025219418
2008-12-08,10,-0.0640620531903946
2008-12-09,10,0.007618232860628812
2008-12-10,10,0.040069548742292946
2008-12-11,10,0.009071215528424627
2008-12-12,10,0.08354532554027252
2008-12-15,10,0.014711345979651895
2008-12-16,10,-0.003856688935877238
2008-12-17,10,-0.1160420445983127
2008-12-18,10,-0.25781577348037815
2008-12-19,10,-0.339412932626603
2008-12-22,10,-0.33877536062606156
2008-12-23,10,-0.3701116745322629
2008-12-24,10,-0.3239211031598748
2008-12-26,10,-0.22121668929481167
2008-12-29,10,-0.26379402908913197
2008-12-30,10,-0.18297670583454725
2008-12-31,10,-0.11928137398187087
2009-01-02,10,0.019877250508676794
2009-01-05,10,0.1703753186441105
2009-01-06,10,0.25847955485771906
2009-01-07,10,0.24920608024294683
2009-01-08,10,0.25834801376401817
2009-01-09,10,0.24007295109801916
2009-01-12,10,0.15388667096388603
2009-01-13,10,0.07754685735260668
2009-01-14,10,0.08851033231752939
2009-01-15,10,0.09462524945078603
2009-01-16,10,0.0838626637252264
2009-01-20,10,0.06700287604854875
2009-01-21,10,0.05384655384275154
2009-01-22,10,-0.006607233038615466
2009-01-23,10,-0.05657677636583184
2009-01-26,10,-0.06237597158619525
2009-01-27,10,0.0415193054743024
2009-01-28,10,0.07362558680561201
2009-01-29,10,0.01916430404808502
2009-01-30,10,-0.040478943586690595
2009-02-02,10,0.03135561592904588
2009-02-03,10,0.0163566078905795
2009-02-04,10,0.06067233240664677
2009-02-05,10,0.11259827219476629
2009-02-06,10,0.18475977310964237
2009-02-09,10,0.18522317218594447
2009-02-10,10,0.16932905099944673
2009-02-11,10,0.17407810415504765
2009-02-12,10,0.18732134276367524
2009-02-13,10,0.25281279032579124
2009-02-17,10,0.20922106584243588
2009-02-18,10,0.18985443205033944
2009-02-19,10,0.23756286866167745
2009-02-20,10,0.23023313940907866
2009-02-23,10,0.18341216668085264
2009-02-24,10,0.13426913281691957
2009-02-25,10,0.08148775052745064
2009-02-26,10,0.04758631656666789
2009-02-27,10,-0.011645312246107643
2009-03-02,10,-0.1537299395689617
2009-03-03,10,-0.14920477131386392
2009-03-04,10,-0.16573329226158806
2009-03-05,10,-0.29934027919874856
2009-03-06,10,-0.30783508364977646
2009-03-09,10,-0.3089197611976019
2009-03-10,10,-0.3086530416454313
2009-03-11,10,-0.31317811298868936
2009-03-12,10,-0.32911798116035584
2009-03-13,10,-0.32414559071695276
2009-03-16,10,-0.15486135696477177
2009-03-17,10,-0.14898235000292176
2009-03-18,10,-0.16988874790505382
2009-03-19,10,-0.2166682305491855
2009-03-20,10,-0.3305932899402416
2009-03-23,10,-0.21998177730240273
2009-03-24,10,-0.18105646980671056
2009-03-25,10,-0.19332172674439616
2009-03-26,10,-0.258574894535245
2009-03-27,10,-0.2967003842811222
2009-03-30,10,-0.41834946702455406
2009-03-31,10,-0.4496474569731538
2009-04-01,10,-0.41877419912354136
2009-04-02,10,-0.38728700323995424
2009-04-03,10,-0.18464981654031254
2009-04-06,10,-0.3102534831917703
2009-04-07,10,-0.365713522153522
2009-04-08,10,-0.3551474913388169
2009-04-09,10,-0.2966487796695742
2009-04-13,10,-0.19775313067112327
2009-04-14,10,-0.1803799287375339
2009-04-15,10,-0.23130557951348776
2009-04-16,10,-0.2336556123603185
2009-04-17,10,-0.24741644109244237
2009-04-20,10,-0.3976556540177037
2009-04-21,10,-0.3325489129037076
2009-04-22,10,-0.3428889699473592
2009-04-23,10,-0.3349048470397757
2009-04-24,10,-0.32624477864129603
2009-04-27,10,-0.332595986476586
2009-04-28,10,-0.33386464349992
2009-04-29,10,-0.18057546022052795
2009-04-30,10,-0.15062528137670275
2009-05-01,10,-0.06464504002407413
2009-05-04,10,-0.02076897975298478
2009-05-05,10,-0.061543876984226316
2009-05-06,10,-0.013335257730007054
2009-05-07,10,-0.02332881370919772
2009-05-08,10,0.0645199671512632
2009-05-11,10,-0.005600958424653263
2009-05-12,10,-8.106194195933444e-05
2009-05-13,10,-0.14930902917681801
2009-05-14,10,-0.1313661095648499
2009-05-15,10,-0.2116651025475784
2009-05-18,10,-0.15306448564089536
2009-05-19,10,-0.026393017157977972
2009-05-20,10,-0.06571639815813383
2009-05-21,10,-0.14314422675013994
2009-05-22,10,-0.12142698015560202
2009-05-26,10,-0.150747856675922
2009-05-27,10,-0.20225248786344474
2009-05-28,10,-0.21008235481600976
2009-05-29,10,-0.20031372290878183
2009-06-01,10,-0.08512788304694127
2009-06-02,10,-0.11640242514636538
2009-06-03,10,-0.1156001766136126
2009-06-04,10,-0.02490500739565729
2009-06-05,10,0.03195588637479346
2009-06-08,10,0.05606784956091379
2009-06-09,10,0.08732183718643044
2009-06-10,10,0.12938202229735443
2009-06-11,10,0.22070218766664954
2009-06-12,10,0.18949699883451934
2009-06-15,10,0.18362744220046315
2009-06-16,10,0.18668489460177065
2009-06-17,10,0.12930851211206976
2009-06-18,10,0.12223669308946847
2009-06-19,10,0.15228322439338293
2009-06-22,10,0.10616121358169076
2009-06-23,10,0.14953864783640283
2009-06-24,10,0.14218087992778256
2009-06-25,10,0.13529443281484044
2009-06-26,10,0.12932175650005423
2009-06-29,10,0.09888985837162927
2009-06-30,10,0.05034706434088094
2009-07-01,10,-0.027677186160025666
2009-07-02,10,-0.013933542130737888
2009-07-06,10,-0.06298834543427198
2009-07-07,10,-0.08823746959364162
2009-07-08,10,-0.08605660961843392
2009-07-09,10,-0.09304724965878221
2009-07-10,10,-0.13384308178408405
2009-07-13,10,-0.15426758736967633
2009-07-14,10,-0.154590750001088
2009-07-15,10,-0.09116524157019587
2009-07-16,10,-0.09436866370367589
2009-07-17,10,-0.12048518949138605
2009-07-20,10,-0.11578806281061109
2009-07-21,10,-0.13809644749388317
2009-07-22,10,-0.1489524573387569
2009-07-23,10,-0.15269861146320168
2009-07-24,10,-0.13411040005255606
2009-07-27,10,-0.16225833507718646
2009-07-28,10,-0.1709117528721609
2009-07-29,10,-0.21230199905051636
2009-07-30,10,-0.22092986433462616
2009-07-31,10,-0.2533484968130951
2009-08-03,10,-0.2298095886766362
2009-08-04,10,-0.2325818086095378
2009-08-05,10,-0.2194029212717173
2009-08-06,10,-0.1851680804066906
2009-08-07,10,-0.1607359849856035
2009-08-10,10,-0.14328088566914657
2009-08-11,10,-0.15863862577826882
2009-08-12,10,-0.10942524494234834
2009-08-13,10,-0.08905318359180706
2009-08-14,10,-0.07765001809808508
2009-08-17,10,-0.09255927022812328
2009-08-18,10,-0.07641152696404369
2009-08-19,10,-0.04442611823553141
2009-08-20,10,-0.04858215913259471
2009-08-21,10,-0.027983835021955377
2009-08-24,10,-0.027155490110944112
2009-08-25,10,-0.05497027822964534
2009-08-26,10,-0.08920405071260164
2009-08-27,10,-0.09986086630030754
2009-08-28,10,-0.10897211575766357
2009-08-31,10,-0.10526952857185282
2009-09-01,10,-0.08314241108571328
2009-09-02,10,-0.09327392766895762
2009-09-03,10,-0.1427043066159275
2009-09-04,10,-0.13337830777876936
2009-09-08,10,-0.122539863397034
2009-09-09,10,-0.1633489713196351
2009-09-10,10,-0.16841258874164994
2009-09-11,10,-0.12189716580411177
2009-09-14,10,-0.069051405632435
2009-09-15,10,-0.062175214682388534
2009-09-16,10,-0.015902817731667112
2009-09-17,10,-0.01621711732153331
2009-09-18,10,0.038382381340792145
2009-09-21,10,0.0622112842949298
2009-09-22,10,0.055397633996020886
2009-09-23,10,0.06487037340545548
2009-09-24,10,0.0656710975279728
2009-09-25,10,0.08383104126768542
2009-09-28,10,0.0385448690302158
2009-09-29,10,0.02156069783689971
2009-09-30,10,0.02059979829677968
2009-10-01,10,0.05391833120405801
2009-10-02,10,0.04267675377733526
2009-10-05,10,-0.023492766242674667
2009-10-06,10,-0.019945141396902216
2009-10-07,10,-0.030834792328720287
2009-10-08,10,-0.07579867437639562
2009-10-09,10,-0.10880505878478243
2009-10-12,10,-0.12970149489101665
2009-10-13,10,-0.18862740957402896
2009-10-14,10,-0.28308101583671297
2009-10-15,10,-0.2385185244200947
2009-10-16,10,-0.24445066148176703
2009-10-19,10,-0.24046364775555942
2009-10-20,10,-0.21756792348245604
2009-10-21,10,-0.2109704618605907
2009-10-22,10,-0.1737811495508403
2009-10-23,10,-0.161201390535378
2009-10-26,10,-0.06625691921693488
2009-10-27,10,-0.01276249050200003
2009-10-28,10,0.1195345419683728
2009-10-29,10,0.016440915171758757
2009-10-30,10,0.11857816371151902
2009-11-02,10,0.148650160826991
2009-11-03,10,0.10567924799581621
2009-11-04,10,0.10233886357089424
2009-11-05,10,0.02797367755208119
2009-11-06,10,0.021630625278726775
2009-11-09,10,-0.05643818613793907
2009-11-10,10,-0.08515674460710697
2009-11-11,10,-0.06632648757033877
2009-11-12,10,-0.09431753676705129
2009-11-13,10,-0.13206643059446113
2009-11-16,10,-0.1114847694158896
2009-11-17,10,-0.11641718458174573
2009-11-18,10,-0.11065861275613803
2009-11-19,10,-0.051030886753738576
2009-11-20,10,-0.03641635358578492
2009-11-23,10,-0.058537557416270036
2009-11-24,10,-0.0261297820254474
2009-11-25,10,-0.04195894690869472
2009-11-27,10,0.01947989742085809
2009-11-30,10,0.07243678873681489
2009-12-01,10,-0.008162439740248363
2009-12-02,10,0.02685502102827223
2009-12-03,10,0.017787440099160345
2009-12-04,10,0.006527221901297626
2009-12-07,10,0.039026056146749165
2009-12-08,10,0.06078768881510874
2009-12-09,10,0.06394058245430974
2009-12-10,10,0.053006871917508996
2009-12-11,10,0.04293477157484785
2009-12-14,10,-0.005862365764326197
2009-12-15,10,0.017864233409379152
2009-12-16,10,-0.042813550871426645
2009-12-17,10,0.05085012388695252
2009-12-18,10,0.13374253062080674
2009-12-21,10,0.14286804326607533
2009-12-22,10,0.11320680000023364
2009-12-23,10,0.09495242943229704
2009-12-24,10,0.06575195660992954
2009-12-28,10,0.003368099647950202
2009-12-29,10,0.044379382480280075
2009-12-30,10,0.04576548434120273
2009-12-31,10,0.027417395238051277
2010-01-04,10,-0.027614702428786705
2010-01-05,10,-0.13314212864020164
2010-01-06,10,-0.19665291919973069
2010-01-07,10,-0.22578352286153877
2010-01-08,10,-0.22350171222032075
2010-01-11,10,-0.212580102769672
2010-01-12,10,-0.16930970503390685
2010-01-13,10,-0.19679921608494758
2010-01-14,10,-0.2513177216667831
2010-01-15,10,-0.18768240067432815
2010-01-19,10,-0.1402576354828569
2010-01-20,10,-0.11997508454339394
2010-01-21,10,-0.16997087170147768
2010-01-22,10,-0.10943697173116464
2010-01-25,10,-0.11810223103166981
2010-01-26,10,-0.07991917078154104
2010-01-27,10,-0.03956757384096468
2010-01-28,10,0.07617232944146503
2010-01-29,10,0.12786768997997058
2010-02-01,10,0.12038963940887211
2010-02-02,10,0.0426876974574047
2010-02-03,10,0.06571288743747006
2010-02-04,10,0.189919944177736
2010-02-05,10,0.2061299198541123
2010-02-08,10,0.13498369638567695
2010-02-09,10,0.08905895969336855
2010-02-10,10,0.0789744855679704
2010-02-11,10,0.033148330391450584
2010-02-12,10,0.11079019880721833
2010-02-16,10,0.06651846107593586
2010-02-17,10,0.0782205892034105
2010-02-18,10,0.06827910741187014
2010-02-19,10,0.10138065883528544
2010-02-22,10,0.10966331088810796
2010-02-23,10,0.18734527388616518
2010-02-24,10,0.18634085199469208
2010-02-25,10,0.1930736856746116
2010-02-26,10,0.17576229164202253
2010-03-01,10,0.03718787075396835
2010-03-02,10,0.03935454701018813
2010-03-03,10,0.0469830471741926
2010-03-04,10,-0.00232361391615136
2010-03-05,10,-0.14240226228764952
2010-03-08,10,-0.09875599452101633
2010-03-09,10,-0.03901082921834655
2010-03-10,10,-0.06314641784640171
2010-03-11,10,-0.08431068816101221
2010-03-12,10,-0.06862215174360106
2010-03-15,10,-0.0014125731781526832
2010-03-16,10,-0.04630818884800177
2010-03-17,10,-0.07460750175347869
2010-03-18,10,0.02270668200707522
2010-03-19,10,0.20561879830562418
2010-03-22,10,0.19069743273703085
2010-03-23,10,0.07117423866000867
2010-03-24,10,0.08870801904091358
2010-03-25,10,0.11771902059958951
2010-03-26,10,0.1382898670159067
2010-03-29,10,0.09502256626467483
2010-03-30,10,0.15537253009680213
2010-03-31,10,0.1909893693590322
2010-04-01,10,0.07502903010764125
2010-04-05,10,-0.06889770174534414
2010-04-06,10,-0.033561166787048444
2010-04-07,10,0.03209029216061613
2010-04-08,10,0.07055897073837769
2010-04-09,10,0.09221365811934842
2010-04-12,10,0.0962053963657679
2010-04-13,10,0.027181373359313046
2010-04-14,10,-0.01668704837111197
2010-04-15,10,0.001972190375394312
2010-04-16,10,-0.0038761320706254747
2010-04-19,10,0.07109642777272852
2010-04-20,10,-0.022573172694358545
2010-04-21,10,-0.09323024363018442
2010-04-22,10,-0.14355429332705308
2010-04-23,10,-0.21843875613127353
2010-04-26,10,-0.14216129846489606
2010-04-27,10,-0.08055732404629669
2010-04-28,10,-0.024306755688730954
2010-04-29,10,-0.034474709754436964
2010-04-30,10,-0.04249771591944102
2010-05-03,10,-0.1258815447094014
2010-05-04,10,-0.11399625817567141
2010-05-05,10,-0.12858455923143797
2010-05-06,10,-0.1626764755051767
2010-05-07,10,-0.043636009639823205
2010-05-10,10,-0.1256732245672601
2010-05-11,10,-0.1510079898910377
2010-05-12,10,-0.1953349008166716
2010-05-13,10,-0.08326921755304297
2010-05-14,10,-0.03954623791529795
2010-05-17,10,-0.024644456157287883
2010-05-18,10,0.1050481220771451
2010-05-19,10,0.1734625713864625
2010-05-20,10,0.13664096932694916
2010-05-21,10,-0.04035593528938305
2010-05-24,10,-0.07382164225631396
2010-05-25,10,-0.036392654358799396
2010-05-26,10,0.0051237523015327845
2010-05-27,10,-0.07345901471237103
2010-05-28,10,0.0035446318356148333
2010-06-01,10,0.06412931081723343
2010-06-02,10,0.03239650135916213
2010-06-03,10,0.034299759545818286
2010-06-04,10,0.13739553491449266
2010-06-07,10,0.17402623553535643
2010-06-08,10,0.15880333878861658
2010-06-09,10,0.11361730834074066
2010-06-10,10,0.0323266411125933
2010-06-11,10,0.008846489311356528
2010-06-14,10,-0.02494171779881253
2010-06-15,10,-0.12139013482146248
2010-06-16,10,-0.14751666096561966
2010-06-17,10,-0.18169636354508767
2010-06-18,10,-0.18317237497108016
2010-06-21,10,-0.17115792375146358
2010-06-22,10,-0.10920623550262668
2010-06-23,10,-0.07930460380394341
2010-06-24,10,-0.015546877665776853
2010-06-25,10,-0.057621794692538676
2010-06-28,10,-0.04498501900396671
2010-06-29,10,0.0640992959315057
2010-06-30,10,0.10263570746992216
2010-07-01,10,0.04772042956612816
2010-07-02,10,0.0657449937025952
2010-07-06,10,0.10743221803063431
2010-07-07,10,0.03174455136266541
2010-07-08,10,0.07888869846230163
2010-07-09,10,0.08255053022482355
2010-07-12,10,0.14169763349763445
2010-07-13,10,0.07171124846814446
2010-07-14,10,0.054683723221969384
2010-07-15,10,0.09520591697072493
2010-07-16,10,0.1231420698053481
2010-07-19,10,0.1567718361383049
2010-07-20,10,0.13983775890947983
2010-07-21,10,0.11609733416650055
2010-07-22,10,0.09709842199893474
2010-07-23,10,0.058740476515721084
2010-07-26,10,0.056632683900810256
2010-07-27,10,0.0790518738748815
2010-07-28,10,0.04513380846210606
2010-07-29,10,0.024280764189955062
2010-07-30,10,0.025983886677270335
2010-08-02,10,0.016776911460326515
2010-08-03,10,0.059732929542511
2010-08-04,10,0.06824220789677256
2010-08-05,10,0.06022382936129204
2010-08-06,10,0.06988789432782028
2010-08-09,10,0.08857264638898807
2010-08-10,10,0.02885144993687157
2010-08-11,10,0.04359430336465107
2010-08-12,10,0.05178789442519508
2010-08-13,10,0.06397390159165013
2010-08-16,10,0.049015249086233205
2010-08-17,10,0.04515377933578432
2010-08-18,10,0.06176414135485309
2010-08-19,10,0.09350288664502363
2010-08-20,10,0.0989175291559509
2010-08-23,10,0.09167468992979107
2010-08-24,10,0.11505087506800943
2010-08-25,10,0.10205546289991765
2010-08-26,10,0.06940768527222638
2010-08-27,10,0.07808414250014557
2010-08-30,10,0.09004748279341433
2010-08-31,10,0.03674407544173861
2010-09-01,10,0.029122985077865704
2010-09-02,10,0.026990508408196893
2010-09-03,10,0.0419769359058498
2010-09-07,10,0.04668275068735575
2010-09-08,10,0.01800410729919132
2010-09-09,10,0.025276654348016868
2010-09-10,10,0.012848748152244696
2010-09-13,10,0.01323208338522919
2010-09-14,10,-0.02783156669352736
2010-09-15,10,-0.039594093164201094
2010-09-16,10,-0.10238349023929441
2010-09-17,10,-0.10940087464766259
2010-09-20,10,-0.026248564301920376
2010-09-21,10,-0.053450302707965774
2010-09-22,10,-0.10593636444219698
2010-09-23,10,-0.05489456903631491
2010-09-24,10,-0.046184725498737554
2010-09-27,10,-0.05959877803227131
2010-09-28,10,-0.04505987012013621
2010-09-29,10,-0.0649110931391409
2010-09-30,10,0.0008842475206044003
2010-10-01,10,0.01997808923763818
2010-10-04,10,-0.05228220488324448
2010-10-05,10,-0.05923583568014123
2010-10-06,10,-0.006525131905196417
2010-10-07,10,-0.0003566792183442782
2010-10-08,10,0.04396257672050619
2010-10-11,10,0.093582238910703
2010-10-12,10,0.0975712723256998
2010-10-13,10,0.14122678704503278
2010-10-14,10,0.12013082486034143
2010-10-15,10,0.11552580575490749
2010-10-18,10,0.13971769638420772
2010-10-19,10,0.09814283103395859
2010-10-20,10,0.10014401802838153
2010-10-21,10,0.04878301020347656
2010-10-22,10,0.042864751878913004
2010-10-25,10,0.011143165276679705
2010-10-26,10,-0.013757826049572553
2010-10-27,10,-0.0199375212440212
2010-10-28,10,0.0019012963036709012
2010-10-29,10,-0.015009589201870526
2010-11-01,10,-0.02101869117820363
2010-11-02,10,-0.017632626545031505
2010-11-03,10,0.0007092579882518471
2010-11-04,10,0.05726894157908367
2010-11-05,10,0.09012058263302658
2010-11-08,10,0.13607524930557183
2010-11-09,10,0.18713995917255988
2010-11-10,10,0.19070490609639879
2010-11-11,10,0.21092613956035636
2010-11-12,10,0.22074775152022233
2010-11-15,10,0.22715782790309536
2010-11-16,10,0.2076263010214896
2010-11-17,10,0.14847582428383505
2010-11-18,10,0.09678509649886405
2010-11-19,10,0.07987092126056293
2010-11-22,10,0.028564285732109392
2010-11-23,10,-0.026656093387733927
2010-11-24,10,-0.0382781163408167
2010-11-26,10,-0.049259699073001276
2010-11-29,10,-0.04847309273351798
2010-11-30,10,-0.08319877038432093
2010-12-01,10,-0.10628191550098633
2010-12-02,10,-0.059239198392198884
2010-12-03,10,-0.0429912631123348
2010-12-06,10,-0.05664816119405318
2010-12-07,10,-0.03397783154119087
2010-12-08,10,-0.06752222798755095
2010-12-09,10,-0.088528345539024
2010-12-10,10,-0.11374458995560165
2010-12-13,10,-0.09932710744702675
2010-12-14,10,-0.08336611848220168
2010-12-15,10,-0.10037221960741262
2010-12-16,10,-0.1262307656208369
2010-12-17,10,-0.0783103654331298
2010-12-20,10,-0.09855751201042738
2010-12-21,10,-0.12607251587103258
2010-12-22,10,-0.10100096411060992
2010-12-23,10,-0.07059725430371505
2010-12-27,10,-0.020146413320379416
2010-12-28,10,-0.014762071836503222
2010-12-29,10,-0.021094390394861613
2010-12-30,10,0.003261608784346047
2010-12-31,10,0.007540626444430884
2011-01-03,10,-0.0016589257048205577
2011-01-04,10,0.005314366396792604
2011-01-05,10,-0.06640036673217564
2011-01-06,10,-0.018643465138676717
2011-01-07,10,-0.07354063692866707
2011-01-10,10,-0.12988007422805578
2011-01-11,10,-0.06986355601363364
2011-01-12,10,-0.038570867796019856
2011-01-13,10,-0.033355311695742774
2011-01-14,10,0.004859317652119936
2011-01-18,10,0.04202515923263257
2011-01-19,10,0.049854789075854236
2011-01-20,10,0.17196823611687415
2011-01-21,10,0.18312667138906638
2011-01-24,10,0.21679523056269126
2011-01-25,10,0.22266602759813334
2011-01-26,10,0.17757464893703384
2011-01-27,10,0.19796999742459984
2011-01-28,10,0.21562305516068045
2011-01-31,10,0.21379857311632375
2011-02-01,10,0.16595984589687862
2011-02-02,10,0.19219819455026368
2011-02-03,10,0.12685848407524425
2011-02-04,10,0.10557554373333553
2011-02-07,10,0.04838782957749593
2011-02-08,10,-0.0011632431991735535
2011-02-09,10,0.03852447230158675
2011-02-10,10,0.05288305288048362
2011-02-11,10,-0.00843244522783812
2011-02-14,10,-0.03825197980120231
2011-02-15,10,0.0026924457481328073
2011-02-16,10,0.03781488037336483
2011-02-17,10,0.07495346941760975
2011-02-18,10,0.09693710476115627
2011-02-22,10,0.11653917199191319
2011-02-23,10,0.12548365123172275
2011-02-24,10,0.055729535052727715
2011-02-25,10,0.030726701956750847
2011-02-28,10,0.05846207418008529
2011-03-01,10,0.07590268324796906
2011-03-02,10,0.03210600072266959
2011-03-03,10,0.027458217526759653
2011-03-04,10,-0.03460099312735405
2011-03-07,10,0.02449841006213887
2011-03-08,10,0.03534842688420521
2011-03-09,10,0.10435652264771524
2011-03-10,10,0.14470538860479354
2011-03-11,10,0.15864539329308408
2011-03-14,10,0.15131017900725757
2011-03-15,10,0.167512471269669
2011-03-16,10,0.18709828144278803
2011-03-17,10,0.18434459839969766
2011-03-18,10,0.23754238259117016
2011-03-21,10,0.18461459627414237
2011-03-22,10,0.21014493882115032
2011-03-23,10,0.10288528369871201
2011-03-24,10,0.06649548232556653
2011-03-25,10,0.038998768976718994
2011-03-28,10,0.013111577970820349
2011-03-29,10,-0.037798687438425356
2011-03-30,10,-0.02281798808309405
2011-03-31,10,-0.0356153213727616
2011-04-01,10,-0.037500671202833624
2011-04-04,10,-0.10584443905183194
2011-04-05,10,-0.07109051032089006
2011-04-06,10,0.061234833818321906
2011-04-07,10,0.14081323408566343
2011-04-08,10,0.11572042994928171
2011-04-11,10,0.11804114643726375
2011-04-12,10,0.1239373248269962
2011-04-13,10,0.06444351488095067
2011-04-14,10,0.09270184291074758
2011-04-15,10,0.06273940658879354
2011-04-18,10,0.0389818350634405
2011-04-19,10,-0.029607247229962864
2011-04-20,10,-0.06914079538302904
2011-04-21,10,-0.07356343397904429
2011-04-25,10,-0.011068724182059092
2011-04-26,10,0.01103210566849612
2011-04-27,10,-0.0456506824285389
2011-04-28,10,-0.060764481891759196
2011-04-29,10,-0.09096540270596563
2011-05-02,10,-0.10458411194087255
2011-05-03,10,-0.07289084009127204
2011-05-04,10,0.024072627277020715
2011-05-05,10,0.06539683678876981
2011-05-06,10,0.012142718552818725
2011-05-09,10,-0.06762224368390589
2011-05-10,10,-0.05022154559873549
2011-05-11,10,0.10436562100105395
2011-05-12,10,0.16044123218308268
2011-05-13,10,0.19841689995986744
2011-05-16,10,0.2467917070522388
2011-05-17,10,0.2108335754151283
2011-05-18,10,0.13386346791641182
2011-05-19,10,0.1106934878505781
2011-05-20,10,0.09357256427524478
2011-05-23,10,0.1562870739733318
2011-05-24,10,0.0973828342581815
2011-05-25,10,0.054974680275157256
2011-05-26,10,-0.016278277485125375
2011-05-27,10,-0.07299440934897355
2011-05-31,10,-0.03295956721292198
2011-06-01,10,-0.05679910561698634
2011-06-02,10,-0.08106481794126638
2011-06-03,10,-0.06544371545133297
2011-06-06,10,-0.027892661411862356
2011-06-07,10,0.03139155126662738
2011-06-08,10,0.07057167321640223
2011-06-09,10,0.047650290159762236
2011-06-10,10,0.08294238192564045
2011-06-13,10,0.1276869062199232
2011-06-14,10,0.15139340695762654
2011-06-15,10,0.24687609733780877
2011-06-16,10,0.31504761459684205
2011-06-17,10,0.31794383694638634
2011-06-20,10,0.32761494262674273
2011-06-21,10,0.3085993798729004
2011-06-22,10,0.24640311995902245
2011-06-23,10,0.27480910249476886
2011-06-24,10,0.23290696441333894
2011-06-27,10,0.16498496074420108
2011-06-28,10,0.11974185085206192
2011-06-29,10,0.07844514391463296
2011-06-30,10,0.10509969704958716
2011-07-01,10,0.0748493497023049
2011-07-05,10,0.061192499099321306
2011-07-06,10,0.01935689049326876
2011-07-07,10,0.00956477542079442
2011-07-08,10,0.02163579823924035
2011-07-11,10,0.06611244226184712
2011-07-12,10,0.062382863300651924
2011-07-13,10,-0.020579921012818532
2011-07-14,10,-0.018796454730519392
2011-07-15,10,-0.009922399184234532
2011-07-18,10,0.017669728952763974
2011-07-19,10,-0.06142626721670142
2011-07-20,10,-0.02196699711385546
2011-07-21,10,-0.03839469989058508
2011-07-22,10,-0.0636081270797493
2011-07-25,10,-0.07551350311399256
2011-07-26,10,-0.023196144719636984
2011-07-27,10,0.01759218137495259
2011-07-28,10,0.05255174861583672
2011-07-29,10,0.0707092979171085
2011-08-01,10,0.0551137345708894
2011-08-02,10,0.031525699822240946
2011-08-03,10,-0.016701867876051022
2011-08-04,10,-0.05016563369905978
2011-08-05,10,-0.0641337437062837
2011-08-08,10,0.009586241579282692
2011-08-09,10,-0.0026195494536338433
2011-08-10,10,-0.02610700036135858
2011-08-11,10,-0.10168388120692298
2011-08-12,10,-0.09403875620593925
2011-08-15,10,-0.07156692314645197
2011-08-16,10,0.008680451211951932
2011-08-17,10,0.029327287566027503
2011-08-18,10,0.16427757686467287
2011-08-19,10,0.207977609674719
2011-08-22,10,0.25684642968943955
2011-08-23,10,0.1512999221116685
2011-08-24,10,0.11246717535348907
2011-08-25,10,0.08469496031334235
2011-08-26,10,0.02354248809356376
2011-08-29,10,0.04053351292570315
2011-08-30,10,0.020008264869349316
2011-08-31,10,0.05771258812748513
2011-09-01,10,0.0605402468228839
2011-09-02,10,0.1223061488439059
2011-09-06,10,0.015977696515029508
2011-09-07,10,0.04827441864717891
2011-09-08,10,0.02822061804011527
2011-09-09,10,-0.009975970573956232
2011-09-12,10,-0.03269769832030289
2011-09-13,10,-0.045492151385788396
2011-09-14,10,-0.0315358146758169
2011-09-15,10,-0.07658848075943557
2011-09-16,10,-0.053695241963143896
2011-09-19,10,-0.04809644333887537
2011-09-20,10,-0.026644712154003228
2011-09-21,10,-0.05307175023435148
2011-09-22,10,-0.05181356160261455
2011-09-23,10,0.02313056830158419
2011-09-26,10,0.05449316219664444
2011-09-27,10,0.025378197989233256
2011-09-28,10,0.013707044019937
2011-09-29,10,0.10885637338600546
2011-09-30,10,0.10845234000181882
2011-10-03,10,0.0642661074926491
2011-10-04,10,0.033857866631618536
2011-10-05,10,0.03283497830348273
2011-10-06,10,0.03621852023876107
2011-10-07,10,-0.03222546442801852
2011-10-10,10,-0.06123782316683785
2011-10-11,10,0.007651945495804451
2011-10-12,10,0.01607951755706354
2011-10-13,10,-0.004995411278149965
2011-10-14,10,-0.054660091474811205
2011-10-17,10,-0.04184041816166015
2011-10-18,10,0.052336599254729395
2011-10-19,10,0.02109885848591849
2011-10-20,10,0.0079860613513561
2011-10-21,10,0.006825875323323959
2011-10-24,10,0.0327212929444649
2011-10-25,10,-0.0008936963600479295
2011-10-26,10,0.07459831127004479
2011-10-27,10,0.06349610599052898
2011-10-28,10,0.08797486848812154
2011-10-31,10,0.06847210743207457
2011-11-01,10,0.02080086623914709
2011-11-02,10,0.022305122898918225
2011-11-03,10,0.052672918831253066
2011-11-04,10,0.06271308848054474
2011-11-07,10,0.07778652100165612
2011-11-08,10,0.1344144175247349
2011-11-09,10,0.1048555807797092
2011-11-10,10,0.11839182395394866
2011-11-11,10,0.11978125161845277
2011-11-14,10,0.08824123421612692
2011-11-15,10,0.05359685084162892
2011-11-16,10,0.08837445909584332
2011-11-17,10,0.07275747056579779
2011-11-18,10,0.08625052466398798
2011-11-21,10,0.06251734885755413
2011-11-22,10,-0.047415502616600116
2011-11-23,10,0.01513589336846926
2011-11-25,10,0.042001919981388976
2011-11-28,10,0.010687747556317677
2011-11-29,10,0.017218672997004594
2011-11-30,10,0.02423940531469547
2011-12-01,10,0.03054527913267808
2011-12-02,10,0.048235653018934746
2011-12-05,10,0.08420412240850411
2011-12-06,10,0.08129896790606339
2011-12-07,10,0.08979944513121081
2011-12-08,10,-0.024918896467732127
2011-12-09,10,0.01209371486564002
2011-12-12,10,0.049427558460771806
2011-12-13,10,0.042118981185612255
2011-12-14,10,0.05537380785523441
2011-12-15,10,-0.03625193671733902
2011-12-16,10,-0.19604645162027226
2011-12-19,10,-0.21618454082914199
2011-12-20,10,-0.14905156263737507
2011-12-21,10,-0.11564353089619316
2011-12-22,10,-0.05323918260837157
2011-12-23,10,-0.11861768067827656
2011-12-27,10,-0.19192936133511102
2011-12-28,10,-0.21504567560889298
2011-12-29,10,-0.13266096409838857
2011-12-30,10,-0.06590746337256066
2012-01-03,10,-0.012403180017340972
2012-01-04,10,-0.07720600807170958
2012-01-05,10,-0.15283857285447194
2012-01-06,10,-0.1793931939679002
2012-01-09,10,-0.16135286648581004
2012-01-10,10,-0.157586652764239
2012-01-11,10,-0.09506961025893616
2012-01-12,10,-0.10521051958427077
2012-01-13,10,-0.15051443637186063
2012-01-17,10,-0.1536736050466639
2012-01-18,10,-0.11937716210958672
2012-01-19,10,-0.12042748666969452
2012-01-20,10,-0.10920157348944125
2012-01-23,10,-0.09948628742414782
2012-01-24,10,-0.1033234045925453
2012-01-25,10,-0.09503153647084202
2012-01-26,10,-0.11383024595740839
2012-01-27,10,-0.043502422086949606
2012-01-30,10,-0.036686272630246604
2012-01-31,10,-0.02511325834877618
2012-02-01,10,-0.024462166132669418
2012-02-02,10,-0.007323243835493513
2012-02-03,10,0.012820676699546993
2012-02-06,10,0.0784461164943166
2012-02-07,10,0.11898471304374302
2012-02-08,10,0.13472225639631058
2012-02-09,10,0.1241739057191506
2012-02-10,10,0.1296962978526165
2012-02-13,10,0.11665495212239031
2012-02-14,10,0.11244829197661904
2012-02-15,10,0.16644155595689988
2012-02-16,10,0.19364532830235584
2012-02-17,10,0.23208782426719252
2012-02-21,10,0.25347782772871597
2012-02-22,10,0.21820894985703443
2012-02-23,10,0.2278362585992273
2012-02-24,10,0.21970658731473072
2012-02-27,10,0.206577081461459
2012-02-28,10,0.16744628086779892
2012-02-29,10,0.14683724587351163
2012-03-01,10,0.08306422721467592
2012-03-02,10,-0.006597227991111398
2012-03-05,10,-0.06809197209514507
2012-03-06,10,-0.06554878883913758
2012-03-07,10,-0.06474172108425075
2012-03-08,10,-0.050390057643533506
2012-03-09,10,-0.03325808888969242
2012-03-12,10,-0.01207508361813159
2012-03-13,10,0.039393036584291205
2012-03-14,10,0.059710216482297546
2012-03-15,10,0.09477248705961928
2012-03-16,10,0.15845516774616628
2012-03-19,10,0.18094133462025266
2012-03-20,10,0.23410297939204197
2012-03-21,10,0.2243615476374168
2012-03-22,10,0.2659014761651308
2012-03-23,10,0.2573901484561211
2012-03-26,10,0.19699939888769014
2012-03-27,10,0.19613877646338776
2012-03-28,10,0.1456177531721932
2012-03-29,10,0.2419462366921849
2012-03-30,10,0.23817118118448707
2012-04-02,10,0.18602673426645394
2012-04-03,10,0.18307206184441707
2012-04-04,10,0.15614515518251543
2012-04-05,10,0.12337335177534317
2012-04-09,10,0.09924157507499953
2012-04-10,10,0.08240139188063099
2012-04-11,10,0.12937741254776483
2012-04-12,10,0.14391909271174227
2012-04-13,10,0.09069038278828792
2012-04-16,10,0.08196775962833121
2012-04-17,10,0.08838515571966167
2012-04-18,10,0.0929801273248946
2012-04-19,10,0.11266992584721919
2012-04-20,10,0.0944147795542929
2012-04-23,10,0.08118871283115982
2012-04-24,10,0.1240604042978739
2012-04-25,10,0.09163940696816113
2012-04-26,10,0.13356696674065066
2012-04-27,10,0.11746960400134746
2012-04-30,10,0.11360531153477091
2012-05-01,10,0.13854951921944844
2012-05-02,10,0.1069732672438724
2012-05-03,10,0.06385268334011303
2012-05-04,10,0.07686727222023321
2012-05-07,10,0.09930597668105104
2012-05-08,10,0.1721163030286889
2012-05-09,10,0.17890821914761482
2012-05-10,10,0.1545223022033209
2012-05-11,10,0.11658140579246826
2012-05-14,10,0.08596566599660815
2012-05-15,10,0.04583608566127286
2012-05-16,10,0.009156124395929057
2012-05-17,10,0.015618404971693405
2012-05-18,10,0.0039753201921126
2012-05-21,10,-0.006596931571138106
2012-05-22,10,-0.10407991229763465
2012-05-23,10,-0.08996097175932237
2012-05-24,10,-0.0969203124065411
2012-05-25,10,0.01163467839813619
2012-05-29,10,0.03602868711985572
2012-05-30,10,0.0028322567905454486
2012-05-31,10,0.00012926136353958164
2012-06-01,10,0.023424761972476605
2012-06-04,10,0.06184611543810176
2012-06-05,10,0.047977314142580975
2012-06-06,10,0.05646247817408503
2012-06-07,10,0.08134194730047874
2012-06-08,10,0.027089864379319675
2012-06-11,10,0.005680436749906657
2012-06-12,10,0.030641916669888435
2012-06-13,10,-0.030821540842987178
2012-06-14,10,-0.05543068402016695
2012-06-15,10,-0.041902991934865616
2012-06-18,10,-0.033099664667316044
2012-06-19,10,-0.03365161249699484
2012-06-20,10,0.006141071924785462
2012-06-21,10,-0.00165920190705974
2012-06-22,10,0.08702077221900054
2012-06-25,10,0.09292667185279777
2012-06-26,10,0.021973424068117742
2012-06-27,10,0.1339088152462783
2012-06-28,10,0.19330352052970234
2012-06-29,10,0.23860495211931787
2012-07-02,10,0.21232825006515108
2012-07-03,10,0.212361478009088
2012-07-05,10,0.19564330603872027
2012-07-06,10,0.16408529476063935
2012-07-09,10,0.13389792560207203
2012-07-10,10,0.14799789415373674
2012-07-11,10,0.1495643159569875
2012-07-12,10,0.09497745888891589
2012-07-13,10,0.03676272985924797
2012-07-16,10,0.013484575418088202
2012-07-17,10,-0.013469499007726347
2012-07-18,10,0.030774103355151013
2012-07-19,10,0.08355871495165147
2012-07-20,10,0.04177386748414279
2012-07-23,10,-0.03802895625591457
2012-07-24,10,-0.12016686547932924
2012-07-25,10,-0.1250242853317914
2012-07-26,10,-0.14180945209572618
2012-07-27,10,-0.12583847746438145
2012-07-30,10,-0.10790027702506172
2012-07-31,10,-0.06763345445925284
2012-08-01,10,-0.05939227431205636
2012-08-02,10,-0.15171821321694953
2012-08-03,10,-0.12350043811798427
2012-08-06,10,-0.10737678215406336
2012-08-07,10,-0.07818896876431618
2012-08-08,10,-0.05799251873738509
2012-08-09,10,0.008994256831771819
2012-08-10,10,0.051124032830039585
2012-08-13,10,0.06626061042349198
2012-08-14,10,0.02247783563731882
2012-08-15,10,0.054279182894604115
2012-08-16,10,0.12465117114756392
2012-08-17,10,0.1015885554664574
2012-08-20,10,0.14697775528604023
2012-08-21,10,0.14311828743912527
2012-08-22,10,0.08506751631549142
2012-08-23,10,-0.031218500663497486
2012-08-24,10,-0.04788366098692739
2012-08-27,10,-0.14105857728534532
2012-08-28,10,-0.1540884954956431
2012-08-29,10,-0.18683850007495933
2012-08-30,10,-0.243753982097841
2012-08-31,10,-0.20256424042803628
2012-09-04,10,-0.21098915672583318
2012-09-05,10,-0.1603272695854028
2012-09-06,10,-0.11314112613816284
2012-09-07,10,-0.023445407469347083
2012-09-10,10,0.01737084020339426
2012-09-11,10,0.09721298764771212
2012-09-12,10,0.0674022313223504
2012-09-13,10,0.10557626237555819
2012-09-14,10,0.17437471787507366
2012-09-17,10,0.131867145195435
2012-09-18,10,0.1625024332164611
2012-09-19,10,0.16618008781252996
2012-09-20,10,0.1259932563005355
2012-09-21,10,0.09979384813459286
2012-09-24,10,0.06382568675075069
2012-09-25,10,0.00218158496180997
2012-09-26,10,0.0831505306735877
2012-09-27,10,-0.022044905512240292
2012-09-28,10,-0.009177597874047682
2012-10-01,10,0.011154930399486583
2012-10-02,10,0.01608554894552818
2012-10-03,10,-0.01743183575839799
2012-10-04,10,-0.024698704269392482
2012-10-05,10,-0.018939695005448894
2012-10-08,10,0.010663559421186452
2012-10-09,10,0.034286729871160805
2012-10-10,10,0.06083488728287856
2012-10-11,10,0.06887851535488715
2012-10-12,10,0.05000873921447857
2012-10-15,10,0.07277318942539526
2012-10-16,10,0.018173674468803525
2012-10-17,10,0.023476035832244446
2012-10-18,10,0.040625674899084814
2012-10-19,10,-0.005046461212538189
2012-10-22,10,0.03180220937374816
2012-10-23,10,0.042078105167838394
2012-10-24,10,0.011791052589932507
2012-10-25,10,0.041433151189707036
2012-10-26,10,0.07286041168734385
2012-10-31,10,0.02513577949845742
2012-11-01,10,0.047385748160922295
2012-11-02,10,0.10255674819006352
2012-11-05,10,0.10016111589822223
2012-11-06,10,0.16334757286659518
2012-11-07,10,0.11801694189374212
2012-11-08,10,0.0982401552481234
2012-11-09,10,0.06412845397480874
2012-11-12,10,0.05790913434131256
2012-11-13,10,-0.022957580655318256
2012-11-14,10,-0.003275609682466556
2012-11-15,10,0.02824034518126176
2012-11-16,10,-0.029199744762670746
2012-11-19,10,-0.07672306254144583
2012-11-20,10,-0.21275587673804122
2012-11-21,10,-0.2041231131212703
2012-11-23,10,-0.17786373485596366
2012-11-26,10,-0.15854130247895598
2012-11-27,10,-0.17215826310957494
2012-11-28,10,-0.17157018158385542
2012-11-29,10,-0.20465376470670146
2012-11-30,10,-0.1774048892515909
2012-12-03,10,-0.18491093970339506
2012-12-04,10,-0.18995983604390665
2012-12-05,10,-0.11403933114463728
2012-12-06,10,-0.11373191971868875
2012-12-07,10,-0.12235678102887118
2012-12-10,10,-0.09268054977511993
2012-12-11,10,-0.08205747247814593
2012-12-12,10,-0.03537212592047233
2012-12-13,10,0.0049938785546343265
2012-12-14,10,0.03906557423659113
2012-12-17,10,0.0011647088317268814
2012-12-18,10,0.01710190404087739
2012-12-19,10,-0.012273683398741986
2012-12-20,10,-0.004129907386767339
2012-12-21,10,0.10325630069603338
2012-12-24,10,0.11652023146685864
2012-12-26,10,0.14153944414901828
2012-12-27,10,0.09837982455794314
2012-12-28,10,0.07543815022068255
2012-12-31,10,0.05187661158423737
2013-01-02,10,0.09387775716469061
2013-01-03,10,0.14315396372319492
2013-01-04,10,0.1794893962245405
2013-01-07,10,0.1388783638422262
2013-01-08,10,0.09556629846532329
2013-01-09,10,0.030867969835051277
2013-01-10,10,0.06836194790868182
2013-01-11,10,0.03697733662104261
2013-01-14,10,0.020323668400246835
2013-01-15,10,0.058515062641360305
2013-01-16,10,-0.0028184244355354306
2013-01-17,10,0.010809110022617885
2013-01-18,10,-0.002255005553601616
2013-01-22,10,0.023573901798025265
2013-01-23,10,-0.008602597815605883
2013-01-24,10,-0.009555624018642432
2013-01-25,10,-0.011545385742876517
2013-01-28,10,0.012769932792372365
2013-01-29,10,0.010006618983312584
2013-01-30,10,-0.0023139735325768233
2013-01-31,10,0.0025658887771087737
2013-02-01,10,0.01858523315396396
2013-02-04,10,-0.026071625256774422
2013-02-05,10,-0.07936653825555173
2013-02-06,10,-0.07315886014643348
2013-02-07,10,-0.024817230301012405
2013-02-08,10,-0.013268985421187407
2013-02-11,10,0.060286915843185414
2013-02-12,10,0.09358360735306093
2013-02-13,10,0.13703869019548132
2013-02-14,10,0.2051527603011387
2013-02-15,10,0.23328015023034454
2013-02-19,10,0.2690193428581311
2013-02-20,10,0.2639287550449804
2013-02-21,10,0.2400041640467233
2013-02-22,10,0.21986073633179967
2013-02-25,10,0.20607086043900305
2013-02-26,10,0.14644448711176797
2013-02-27,10,0.1071807701020754
2013-02-28,10,0.05115189388353237
2013-03-01,10,-0.06388070184638034
2013-03-04,10,-0.12733901528222233
2013-03-05,10,-0.1314306337336465
2013-03-06,10,-0.035228759176234886
2013-03-07,10,0.0047085158160937906
2013-03-08,10,0.04216833022178792
2013-03-11,10,0.04910392856188156
2013-03-12,10,0.11500903771758207
2013-03-13,10,0.09403200311111043
2013-03-14,10,0.11094030386922427
2013-03-15,10,0.17436480080321012
2013-03-18,10,0.1435127537221963
2013-03-19,10,0.06469624182278637
2013-03-20,10,0.05158115806930106
2013-03-21,10,0.04577103667361986
2013-03-22,10,0.03518794078978627
2013-03-25,10,0.018960777915390494
2013-03-26,10,-0.05117479160384878
2013-03-27,10,-0.018985691823160313
2013-03-28,10,-0.034533747339166615
2013-04-01,10,-0.08045140523069877
2013-04-02,10,-0.00800682325967166
2013-04-03,10,0.08231015472602662
2013-04-04,10,0.03813328580020798
2013-04-05,10,0.09469273002339357
2013-04-08,10,0.07148174401161371
2013-04-09,10,0.0869389076739405
2013-04-10,10,0.10072611339614893
2013-04-11,10,0.030136195962463835
2013-04-12,10,0.018039202843263397
2013-04-15,10,0.0430596418341753
2013-04-16,10,-0.033359986023879205
2013-04-17,10,-0.07133379970087945
2013-04-18,10,-0.0015088525052392792
2013-04-19,10,-0.08035899123798566
2013-04-22,10,-0.10007453819713652
2013-04-23,10,-0.09239127479762968
2013-04-24,10,-0.11213202906746211
2013-04-25,10,-0.08751229654747093
2013-04-26,10,-0.097550735517453
2013-04-29,10,-0.0649863702715881
2013-04-30,10,-0.048033883091751
2013-05-01,10,-0.04034109691515751
2013-05-02,10,-0.1025088913105166
2013-05-03,10,-0.058557285465530136
2013-05-06,10,-0.12845373342053806
2013-05-07,10,-0.16242868447880293
2013-05-08,10,-0.11096044888381638
2013-05-09,10,-0.09644710044958232
2013-05-10,10,-0.07302592306725365
2013-05-13,10,-0.07796065447411336
2013-05-14,10,-0.12625300391468883
2013-05-15,10,-0.17126764308729797
2013-05-16,10,-0.126580961595521
2013-05-17,10,-0.1601304452528238
2013-05-20,10,-0.1010334159992134
2013-05-21,10,-0.11749012007640984
2013-05-22,10,-0.05436521204712628
2013-05-23,10,-0.021990313929403493
2013-05-24,10,-0.012614604569318441
2013-05-28,10,-0.041660962915213685
2013-05-29,10,0.004460097676262696
2013-05-30,10,0.03300049622169465
2013-05-31,10,0.057504554484292154
2013-06-03,10,0.14355955124639488
2013-06-04,10,0.17440390467301864
2013-06-05,10,0.22063440781248247
2013-06-06,10,0.08875021005268556
2013-06-07,10,0.00011970523947222321
2013-06-10,10,-0.020164619536481136
2013-06-11,10,0.006124314241203878
2013-06-12,10,0.05057169140108325
2013-06-13,10,0.02525609896426748
2013-06-14,10,-0.048083474573373475
2013-06-17,10,-0.06119875609624202
2013-06-18,10,-0.06531517213321408
2013-06-19,10,-0.06562077159273519
2013-06-20,10,0.04051237273745526
2013-06-21,10,0.0902774492844331
2013-06-24,10,0.13465512399244867
2013-06-25,10,0.09592220504865533
2013-06-26,10,0.010552897708955199
2013-06-27,10,0.050122080972126205
2013-06-28,10,0.06440239222142737
2013-07-01,10,-0.0379330864534455
2013-07-02,10,-0.03694279687664714
2013-07-03,10,-0.046432097887034444
2013-07-05,10,-0.07050268359913014
2013-07-08,10,-0.08616792749188837
2013-07-09,10,-0.11666301863832938
2013-07-10,10,-0.031085180864367356
2013-07-11,10,-0.03586130331708241
2013-07-12,10,-0.06850948675310727
2013-07-15,10,-0.0768980140607933
2013-07-16,10,0.019299025037442515
2013-07-17,10,0.04748443646502335
2013-07-18,10,0.07948419819811896
2013-07-19,10,0.07330276068550189
2013-07-22,10,0.07867300586504007
2013-07-23,10,0.07782913836006819
2013-07-24,10,0.07738005419724779
2013-07-25,10,0.06603650426602811
2013-07-26,10,0.06573363294076404
2013-07-29,10,0.0850460670261659
2013-07-30,10,0.05872011674678703
2013-07-31,10,0.006089873827818307
2013-08-01,10,-0.06877313615880223
2013-08-02,10,-0.05570008719557797
2013-08-05,10,-0.05983226915600427
2013-08-06,10,-0.007290094522667037
2013-08-07,10,0.005155607090994523
2013-08-08,10,0.036907695173496194
2013-08-09,10,0.012085020108833196
2013-08-12,10,-0.0015800268145126696
2013-08-13,10,-0.03084249514943911
2013-08-14,10,0.023084692281293787
2013-08-15,10,0.14667867617241126
2013-08-16,10,0.029332179411296903
2013-08-19,10,0.08023666227819225
2013-08-20,10,0.053121867406337314
2013-08-21,10,0.022019055033249534
2013-08-22,10,-0.005675015595458264
2013-08-23,10,0.027611997740883163
2013-08-26,10,0.08985253912134362
2013-08-27,10,0.11669677260291655
2013-08-28,10,0.07957080920223293
2013-08-29,10,0.06073891460235905
2013-08-30,10,0.08949886200818938
2013-09-03,10,0.0520545789298917
2013-09-04,10,0.015284715913845406
2013-09-05,10,0.03373278671198151
2013-09-06,10,0.06924773242995115
2013-09-09,10,0.04134788165512737
2013-09-10,10,0.03019037804934317
2013-09-11,10,0.08196705690214297
2013-09-12,10,0.11168108613738155
2013-09-13,10,0.10828180088475504
2013-09-16,10,0.12993830178351262
2013-09-17,10,0.16409239927980607
2013-09-18,10,0.17860740735329592
2013-09-19,10,0.15420855113825613
2013-09-20,10,0.13844774416427302
2013-09-23,10,0.10898233323766605
2013-09-24,10,0.02183009241877564
2013-09-25,10,-0.001786777777961724
2013-09-26,10,0.04011104673426587
2013-09-27,10,0.04440735061343031
2013-09-30,10,0.012637675996886298
2013-10-01,10,-0.012530089733273452
2013-10-02,10,0.036623339577145
2013-10-03,10,0.02103263056339482
2013-10-04,10,0.018967308822070428
2013-10-07,10,0.06316010354294396
2013-10-08,10,0.10122324922356693
2013-10-09,10,0.05072648959425268
2013-10-10,10,0.011704908436920285
2013-10-11,10,-0.007739555951872587
2013-10-14,10,-0.04948681963171799
2013-10-15,10,-0.028548942391250925
2013-10-16,10,-0.07299414881899582
2013-10-17,10,-0.014279987568431836
2013-10-18,10,-0.057597458130863276
2013-10-21,10,-0.03374760936902562
2013-10-22,10,0.01908554270282635
2013-10-23,10,0.005176970107843696
2013-10-24,10,-0.08496809086410924
2013-10-25,10,-0.029355349802321656
2013-10-28,10,0.006371935629823231
2013-10-29,10,-0.01746116409067782
2013-10-30,10,0.022748140299117172
2013-10-31,10,-0.04406878652744242
2013-11-01,10,0.002089686770402205
2013-11-04,10,-0.07350538340445636
2013-11-05,10,-0.13447396469691134
2013-11-06,10,-0.0862586569726896
2013-11-07,10,0.07261654507867807
2013-11-08,10,-0.022276873671824998
2013-11-11,10,-0.04930379943237676
2013-11-12,10,0.014199925425347232
2013-11-13,10,-0.029115331539445437
2013-11-14,10,-0.004121302510382591
2013-11-15,10,0.013115942221487617
2013-11-18,10,0.08049694756169429
2013-11-19,10,0.13176681360351028
2013-11-20,10,0.1699744347161732
2013-11-21,10,0.09469764748108239
2013-11-22,10,0.04603353854209245
2013-11-25,10,0.061714765566946765
2013-11-26,10,-0.047062022012921235
2013-11-27,10,0.0282273684729651
2013-11-29,10,0.06479661737538894
2013-12-02,10,0.0702854309070031
2013-12-03,10,0.07119758202711493
2013-12-04,10,0.059733547291244894
2013-12-05,10,0.04641035600046141
2013-12-06,10,0.03231753830083827
2013-12-09,10,0.04958376944587979
2013-12-10,10,0.04240067939886886
2013-12-11,10,0.10267392336608273
2013-12-12,10,-0.027500116443458286
2013-12-13,10,-0.04998396798810584
2013-12-16,10,-0.0778887920827587
2013-12-17,10,-0.11515682689793805
2013-12-18,10,-0.1325869068501718
2013-12-19,10,-0.14117600816835438
2013-12-20,10,-0.10610387137761054
2013-12-23,10,-0.038241979045861144
2013-12-24,10,-0.006917882154817511
2013-12-26,10,-0.025470395691946562
2013-12-27,10,-0.019424328664655398
2013-12-30,10,0.031131112634100726
2013-12-31,10,0.008782366351648745
2014-01-02,10,0.038317276749765226
2014-01-03,10,0.024816782172095483
2014-01-06,10,0.03362824350408687
2014-01-07,10,0.030571652987881223
2014-01-08,10,-0.02730027931435831
2014-01-09,10,-0.07760019204118039
2014-01-10,10,-0.08868657765105294
2014-01-13,10,-0.004189883871854544
2014-01-14,10,-0.0701037309016524
2014-01-15,10,-0.007052257649292739
2014-01-16,10,0.035246180273989285
2014-01-17,10,0.009132332146503453
2014-01-21,10,0.029010662826550158
2014-01-22,10,-0.01581128941468401
2014-01-23,10,0.012838218398254532
2014-01-24,10,0.09305253023733603
2014-01-27,10,0.06339786139049647
2014-01-28,10,0.03975545698410726
2014-01-29,10,0.07498862919492173
2014-01-30,10,0.07468359368455894
2014-01-31,10,0.04476162171833447
2014-02-03,10,0.10940500920417792
2014-02-04,10,0.09963637382975656
2014-02-05,10,0.14859684932826608
2014-02-06,10,0.16051698057654254
2014-02-07,10,0.1448542491227754
2014-02-10,10,0.17951184758631697
2014-02-11,10,0.1713400550523148
2014-02-12,10,0.1474722485829523
2014-02-13,10,0.10871075042664437
2014-02-14,10,0.0961695544706672
2014-02-18,10,0.12168404896721817
2014-02-19,10,0.12620512023120553
2014-02-20,10,0.056399185416682436
2014-02-21,10,0.03486636810108697
2014-02-24,10,0.014073689761766461
2014-02-25,10,-0.001623305927922369
2014-02-26,10,-0.014791094524321206
2014-02-27,10,-0.015325810565492112
2014-02-28,10,0.005659981174038224
2014-03-03,10,0.019368435340464542
2014-03-04,10,-0.02729335442769462
2014-03-05,10,-0.02346998090977929
2014-03-06,10,-0.0030001835854808587
2014-03-07,10,-0.051447848062873
2014-03-10,10,-0.093304194922662
2014-03-11,10,-0.07865741695921938
2014-03-12,10,-0.09706267324690702
2014-03-13,10,-0.08233085140777065
2014-03-14,10,-0.09738660400415396
2014-03-17,10,-0.0787780273239379
2014-03-18,10,-0.05763781369055487
2014-03-19,10,-0.06207840524516395
2014-03-20,10,-0.11958710958658508
2014-03-21,10,-0.10755209283806093
2014-03-24,10,-0.1439601718323679
2014-03-25,10,-0.16145015615132546
2014-03-26,10,-0.08217275051677678
2014-03-27,10,-0.16120605110614186
2014-03-28,10,-0.13685670660952623
2014-03-31,10,-0.17529462876373797
2014-04-01,10,-0.2203874814490569
2014-04-02,10,-0.14105626587604747
2014-04-03,10,-0.07689511886586992
2014-04-04,10,0.03869537097319025
2014-04-07,10,0.18670527444785148
2014-04-08,10,0.12586788898492995
2014-04-09,10,0.015136917735061728
2014-04-10,10,0.025649330042259964
2014-04-11,10,-0.036519846185883116
2014-04-14,10,0.019829815018446658
2014-04-15,10,0.06121853081058954
2014-04-16,10,0.022460738612052205
2014-04-17,10,0.015120142994860763
2014-04-21,10,0.001300519396976596
2014-04-22,10,-0.057669261944256485
2014-04-23,10,-0.02834723310578659
2014-04-24,10,-0.04222787078552963
2014-04-25,10,-0.009933719447049037
2014-04-28,10,0.06902713134503094
2014-04-29,10,0.016277886883682022
2014-04-30,10,-0.029988916171303507
2014-05-01,10,-0.10878613191447517
2014-05-02,10,-0.111901109825423
2014-05-05,10,-0.08319969421841329
2014-05-06,10,-0.050496112430212015
2014-05-07,10,-0.022876420898620388
2014-05-08,10,0.019476648947967173
2014-05-09,10,0.08180038723318815
2014-05-12,10,0.033902880119897866
2014-05-13,10,0.07389397990295356
2014-05-14,10,0.09967389952866572
2014-05-15,10,0.13506313837571982
2014-05-16,10,0.17909366008603209
2014-05-19,10,0.18323855002078565
2014-05-20,10,0.21352122157754538
2014-05-21,10,0.17272891963675094
2014-05-22,10,0.16092874923976608
2014-05-23,10,0.10511833276338113
2014-05-27,10,0.09921227960144978
2014-05-28,10,0.09417637574891509
2014-05-29,10,0.030037436327002228
2014-05-30,10,-0.0011531567016772313
2014-06-02,10,-0.033346392144871
2014-06-03,10,-0.07305088085936853
2014-06-04,10,-0.08399562202572104
2014-06-05,10,-0.07834846614972331
2014-06-06,10,-0.032179489545705334
2014-06-09,10,-0.0032394758785731933
2014-06-10,10,-0.034289116712690644
2014-06-11,10,0.01965567293941302
2014-06-12,10,0.07653059077838185
2014-06-13,10,0.018718028827640905
2014-06-16,10,0.016786796999782857
2014-06-17,10,0.05738992109669221
2014-06-18,10,0.023797241046535574
2014-06-19,10,0.04335786206634379
2014-06-20,10,0.02335889395807481
2014-06-23,10,0.029857651084865634
2014-06-24,10,0.11077575446126267
2014-06-25,10,0.07996746283919759
2014-06-26,10,0.07331451221056907
2014-06-27,10,0.13439961445010154
2014-06-30,10,0.12112863235008026
2014-07-01,10,0.0882889701429275
2014-07-02,10,0.07347341256925048
2014-07-03,10,0.09019549816488942
2014-07-07,10,0.10181238728554722
2014-07-08,10,0.11576334470854543
2014-07-09,10,0.06395188182018136
2014-07-10,10,0.06198202471965987
2014-07-11,10,0.04452668688186984
2014-07-14,10,0.025766102047286566
2014-07-15,10,0.047141097741545034
2014-07-16,10,0.010302083042531458
2014-07-17,10,-0.04741678125320811
2014-07-18,10,-0.059694563647659044
2014-07-21,10,-0.0355921574177619
2014-07-22,10,-0.07080222000347887
2014-07-23,10,-0.10895118580243446
2014-07-24,10,-0.13219065410496342
2014-07-25,10,-0.10491974951019538
2014-07-28,10,-0.09912875980610515
2014-07-29,10,-0.08810965103019149
2014-07-30,10,-0.002566631441107371
2014-07-31,10,0.08421795460463082
2014-08-01,10,0.07055219023693468
2014-08-04,10,0.061337245242785
2014-08-05,10,0.08967966596497996
2014-08-06,10,0.12971990693475322
2014-08-07,10,0.11492196269615
2014-08-08,10,0.10957499623589484
2014-08-11,10,0.14110034527765644
2014-08-12,10,0.08480429669398483
2014-08-13,10,0.04194727159987083
2014-08-14,10,0.06666509381526745
2014-08-15,10,0.04487963791786353
2014-08-18,10,0.06558840944991419
2014-08-19,10,0.07401121928328727
2014-08-20,10,0.03764134170614661
2014-08-21,10,0.10139023583937937
2014-08-22,10,0.06903595008019967
2014-08-25,10,0.04014428728175352
2014-08-26,10,0.09385374469198529
2014-08-27,10,0.07845017653772729
2014-08-28,10,0.03663543868619533
2014-08-29,10,0.019356183678693743
2014-09-02,10,0.06819224110424783
2014-09-03,10,0.05420529048184623
2014-09-04,10,0.09532578652864027
2014-09-05,10,0.08754641909487644
2014-09-08,10,0.09896342501218319
2014-09-09,10,0.10507348392992599
2014-09-10,10,0.14026663940269815
2014-09-11,10,0.13659584305800504
2014-09-12,10,0.17956149633064725
2014-09-15,10,0.19900036716639793
2014-09-16,10,0.12381510361220895
2014-09-17,10,0.06653609459494127
2014-09-18,10,0.018672743288704892
2014-09-19,10,0.042528224468438514
2014-09-22,10,0.012801476519904594
2014-09-23,10,0.0011677270590884613
2014-09-24,10,-0.025291471763516055
2014-09-25,10,-0.01617827114810262
2014-09-26,10,-0.06774021588876764
2014-09-29,10,-0.14049743178210045
2014-09-30,10,-0.17350284277074898
2014-10-01,10,-0.21876600201963803
2014-10-02,10,-0.20082673290165026
2014-10-03,10,-0.1581964819198284
2014-10-06,10,-0.11294322248793551
2014-10-07,10,-0.0797894744173996
2014-10-08,10,-0.045492133418306165
2014-10-09,10,-0.0464593647676843
2014-10-10,10,0.03152938713614018
2014-10-13,10,0.16952784805318266
2014-10-14,10,0.1590173951204717
2014-10-15,10,0.24741747488401575
2014-10-16,10,0.18721654508149974
2014-10-17,10,0.09535700952587486
2014-10-20,10,0.09563918085098344
2014-10-21,10,0.042925766891324185
2014-10-22,10,-0.01855352868139845
2014-10-23,10,-0.004192542122337311
2014-10-24,10,-0.06816662235489436
2014-10-27,10,-0.04962525582025981
2014-10-28,10,0.0060077356299679035
2014-10-29,10,-0.040618755706379114
2014-10-30,10,0.02500745636873679
2014-10-31,10,0.03372180859942671
2014-11-03,10,0.038884403505528305
2014-11-04,10,0.09311213291986345
2014-11-05,10,0.16740801695872948
2014-11-06,10,0.07954678327092977
2014-11-07,10,0.1115852395738495
2014-11-10,10,0.05777987360095696
2014-11-11,10,0.07767228823329982
2014-11-12,10,0.13691469507997006
2014-11-13,10,0.12068972622445336
2014-11-14,10,0.12176077107481864
2014-11-17,10,0.12745111440275989
2014-11-18,10,0.06986532548756823
2014-11-19,10,0.09228042629922203
2014-11-20,10,0.08256617990299422
2014-11-21,10,0.09976895153435948
2014-11-24,10,0.07415833763272986
2014-11-25,10,0.0783573194812036
2014-11-26,10,0.05898657556740502
2014-11-28,10,0.030538577446346454
2014-12-01,10,0.046895112811949094
2014-12-02,10,-0.018829058231001915
2014-12-03,10,-0.04313011948738759
2014-12-04,10,-0.09418596917543182
2014-12-05,10,-0.13635129741956944
2014-12-08,10,-0.11908873888183
2014-12-09,10,-0.08996509642243541
2014-12-10,10,-0.09857571362220012
2014-12-11,10,-0.12410624953556082
2014-12-12,10,-0.1347156637376293
2014-12-15,10,-0.1470491588602732
2014-12-16,10,-0.11910580546319668
2014-12-17,10,-0.05596488809414382
2014-12-18,10,-0.02627104928110915
2014-12-19,10,0.11742636033510163
2014-12-22,10,0.11039403603427474
2014-12-23,10,0.16277788154732228
2014-12-24,10,0.16254860331267595
2014-12-26,10,0.1499905214576323
2014-12-29,10,0.15312351780480377
2014-12-30,10,0.16251697085453742
2014-12-31,10,0.2072089451382678
2015-01-02,10,0.1939703231787405
2015-01-05,10,0.23576934449893056
2015-01-06,10,0.22012229475032757
2015-01-07,10,0.20669746422682575
2015-01-08,10,0.19754030911030554
2015-01-09,10,0.16796812705877312
2015-01-12,10,0.1500200916128209
2015-01-13,10,0.21069186350952332
2015-01-14,10,0.19746868723522007
2015-01-15,10,0.10837944502681096
2015-01-16,10,0.03010054474438918
2015-01-20,10,-0.1297744961573205
2015-01-21,10,-0.0859205188151262
2015-01-22,10,-0.13461329258496976
2015-01-23,10,-0.18017769675891712
2015-01-26,10,-0.1954219969990553
2015-01-27,10,-0.12841711631405633
2015-01-28,10,-0.13376637174206135
2015-01-29,10,-0.14890952253816864
2015-01-30,10,-0.17943085589343397
2015-02-02,10,-0.16400776479837856
2015-02-03,10,-0.07279409860810053
2015-02-04,10,-0.11308409960090836
2015-02-05,10,-0.006488336667074338
2015-02-06,10,0.09775927918145617
2015-02-09,10,0.14051234601817195
2015-02-10,10,-0.015435461067644322
2015-02-11,10,-0.01378081394123918
2015-02-12,10,-0.010185823811965602
2015-02-13,10,0.07430240736248216
2015-02-17,10,0.0918502961666788
2015-02-18,10,0.10210049742191266
2015-02-19,10,0.09512448614564921
2015-02-20,10,0.046090273052679265
2015-02-23,10,0.04697487054256779
2015-02-24,10,0.0906728898167326
2015-02-25,10,0.10873252929179884
2015-02-26,10,0.13496848423801477
2015-02-27,10,0.17480322459148812
2015-03-02,10,0.22797262925611175
2015-03-03,10,0.22021257779396855
2015-03-04,10,0.16733294804762983
2015-03-05,10,0.19303201031824654
2015-03-06,10,0.17790139190443643
2015-03-09,10,0.07638400516021994
2015-03-10,10,0.0034869671312586542
2015-03-11,10,-0.012500285759924923
2015-03-12,10,0.002400985688574572
2015-03-13,10,0.034127903795060754
2015-03-16,10,-0.035094138444437296
2015-03-17,10,-0.04875240235889882
2015-03-18,10,-0.006880227561247457
2015-03-19,10,-0.09678084591468701
2015-03-20,10,-0.14504036049707775
2015-03-23,10,-0.11272634681723287
2015-03-24,10,-0.04349388752593962
2015-03-25,10,-0.053515472914547835
2015-03-26,10,-0.0491244613229072
2015-03-27,10,-0.15880682483547393
2015-03-30,10,-0.2142496094160777
2015-03-31,10,-0.2748692586447688
2015-04-01,10,-0.2394609409542872
2015-04-02,10,-0.15883252285431415
2015-04-06,10,-0.07224054796515646
2015-04-07,10,0.05725210407421371
2015-04-08,10,-0.03348363705887241
2015-04-09,10,-0.04265766209782438
2015-04-10,10,-0.04741905692456545
2015-04-13,10,-0.08122434510745008
2015-04-14,10,-0.0699626877145601
2015-04-15,10,0.0007676845528976318
2015-04-16,10,-0.036362754711714386
2015-04-17,10,0.005683648144631144
2015-04-20,10,-0.02017496746670456
2015-04-21,10,-0.10588236877411929
2015-04-22,10,-0.09534708310055749
2015-04-23,10,-0.029821734656779685
2015-04-24,10,-0.01921620778570468
2015-04-27,10,0.008592784347003451
2015-04-28,10,0.022219245149563256
2015-04-29,10,0.05154463159717545
2015-04-30,10,0.09939098721200261
2015-05-01,10,0.043154495261281324
2015-05-04,10,0.09792955391061882
2015-05-05,10,0.15300104182826807
2015-05-06,10,0.12850215149862942
2015-05-07,10,0.0800032772868731
2015-05-08,10,0.08042671498606896
2015-05-11,10,0.1454519138377056
2015-05-12,10,0.15221787339837203
2015-05-13,10,0.1639318186827401
2015-05-14,10,0.16145120119089756
2015-05-15,10,0.20911571044658567
2015-05-18,10,0.1201370057756494
2015-05-19,10,0.02503362060318894
2015-05-20,10,0.059445708661829265
2015-05-21,10,0.08239938408285165
2015-05-22,10,0.08307297289149272
2015-05-26,10,0.033171151423436074
2015-05-27,10,-0.0078042387228347615
2015-05-28,10,-0.005429154902783019
2015-05-29,10,-0.02722154473677865
2015-06-01,10,-0.0568294538358083
2015-06-02,10,0.04297590477605565
2015-06-03,10,0.07312927803414616
2015-06-04,10,0.11264113178052446
2015-06-05,10,0.11673274842201861
2015-06-08,10,0.1322687446586878
2015-06-09,10,0.08368082295858359
2015-06-10,10,0.11149057661545082
2015-06-11,10,0.1332630907558155
2015-06-12,10,0.12140684070865833
2015-06-15,10,0.13452029793179374
2015-06-16,10,0.18403067857297117
2015-06-17,10,0.2629514486794544
2015-06-18,10,0.24813038546802324
2015-06-19,10,0.2656560108290449
2015-06-22,10,0.28014989490805925
2015-06-23,10,0.3054787653336841
2015-06-24,10,0.3107808152888103
2015-06-25,10,0.32262824906824367
2015-06-26,10,0.31849994028924944
2015-06-29,10,0.32627765813399395
2015-06-30,10,0.2973765015791448
2015-07-01,10,0.276794524415745
2015-07-02,10,0.29035660059040586
2015-07-06,10,0.2912077105514479
2015-07-07,10,0.28015561481173695
2015-07-08,10,0.2834361268033139
2015-07-09,10,0.2825589421498152
2015-07-10,10,0.25871504592726713
2015-07-13,10,0.25588194975869905
2015-07-14,10,0.24724098185867666
2015-07-15,10,0.1897904510525381
2015-07-16,10,0.14646500076284613
2015-07-17,10,0.12939650318380957
2015-07-20,10,0.122925410398988
2015-07-21,10,0.1565200299483422
2015-07-22,10,0.11794375641093977
2015-07-23,10,0.050136755554185966
2015-07-24,10,0.0544324051485748
2015-07-27,10,-0.021126962139593086
2015-07-28,10,0.03414543338430313
2015-07-29,10,0.04051732312943734
2015-07-30,10,0.1222450859165578
2015-07-31,10,0.10651712050502818
2015-08-03,10,0.11016183086749942
2015-08-04,10,0.10640628204034826
2015-08-05,10,0.10542496073834494
2015-08-06,10,0.16576218619760644
2015-08-07,10,0.08967363964594043
2015-08-10,10,0.11257463668167486
2015-08-11,10,0.1269604692078417
2015-08-12,10,0.17829170047457019
2015-08-13,10,0.03913550941026478
2015-08-14,10,-0.08242459654085783
2015-08-17,10,-0.2064366351722654
2015-08-18,10,-0.17518130099317591
2015-08-19,10,-0.15649435299663567
2015-08-20,10,-0.14658754944355412
2015-08-21,10,-0.08270723840764595
2015-08-24,10,-0.05227393137501114
2015-08-25,10,-0.09067084530552148
2015-08-26,10,-0.08298777341742615
2015-08-27,10,0.06608463275434816
2015-08-28,10,0.17532596061491654
2015-08-31,10,0.21281314604134116
2015-09-01,10,0.10221994612234662
2015-09-02,10,0.09392406266269605
2015-09-03,10,0.14542384614031229
2015-09-04,10,0.18209487131518906
2015-09-08,10,0.21067350749351513
2015-09-09,10,0.28014503918365474
2015-09-10,10,0.21645086376452477
2015-09-11,10,0.17568249972694064
2015-09-14,10,0.12847328298260638
2015-09-15,10,0.13582743689945576
2015-09-16,10,0.21088783710995834
2015-09-17,10,0.256255512872568
2015-09-18,10,0.17206320785225024
2015-09-21,10,0.010675047648775771
2015-09-22,10,-0.1719537967853404
2015-09-23,10,-0.2688399744399273
2015-09-24,10,-0.2776255426545004
2015-09-25,10,-0.29926525174514496
2015-09-28,10,-0.19599733314135548
2015-09-29,10,-0.18807598092235553
2015-09-30,10,-0.24841275546863084
2015-10-01,10,-0.27664230572735976
2015-10-02,10,-0.16101925970748496
2015-10-05,10,-0.012500910600743069
2015-10-06,10,0.10411913819570187
2015-10-07,10,0.15558939093197593
2015-10-08,10,0.21569737919056828
2015-10-09,10,0.20896884521188192
2015-10-12,10,0.1643807611348459
2015-10-13,10,0.2282719542017392
2015-10-14,10,0.21452914548503232
2015-10-15,10,0.15999734981491748
2015-10-16,10,0.12050152859963481
2015-10-19,10,0.02800769789335876
2015-10-20,10,-0.0017107971625836531
2015-10-21,10,-0.013522755539741364
2015-10-22,10,0.01168683200779522
2015-10-23,10,0.01965112542028742
2015-10-26,10,-0.011959506942814477
2015-10-27,10,-0.024962663690818867
2015-10-28,10,0.03257264895099746
2015-10-29,10,0.07360983908575618
2015-10-30,10,0.07079574829102525
2015-11-02,10,0.11887223436576844
2015-11-03,10,0.21648624828475052
2015-11-04,10,0.1922009280044998
2015-11-05,10,0.1974168427357955
2015-11-06,10,0.21477347087028695
2015-11-09,10,0.20109602891388995
2015-11-10,10,0.1205490315430302
2015-11-11,10,0.016085768471808756
2015-11-12,10,0.019051309365507394
2015-11-13,10,-0.04042017318424619
2015-11-16,10,0.009811264235854402
2015-11-17,10,-0.029391252373554416
2015-11-18,10,-0.021060755401704684
2015-11-19,10,0.04964867289452766
2015-11-20,10,0.08266084755659789
2015-11-23,10,0.13212066615062687
2015-11-24,10,0.13486396337688294
2015-11-25,10,0.10475426601149335
2015-11-27,10,0.08909440092416714
2015-11-30,10,0.1667478982168518
2015-12-01,10,0.12788040430427555
2015-12-02,10,0.09671975836233432
2015-12-03,10,0.09271044764613245
2015-12-04,10,7.198409671109381e-05
2015-12-07,10,-0.05673075680805
2015-12-08,10,-0.18477903872232615
2015-12-09,10,-0.19539331767071
2015-12-10,10,-0.17535673788687725
2015-12-11,10,-0.13267609148262965
2015-12-14,10,-0.2032110804175527
2015-12-15,10,-0.17689611879590994
2015-12-16,10,-0.18347553771517208
2015-12-17,10,-0.2781003767464858
2015-12-18,10,-0.1613265059851172
2015-12-21,10,-0.003269977992371451
2015-12-22,10,0.12711428389352872
2015-12-23,10,0.17763077612716777
2015-12-24,10,0.21889547556891678
2015-12-28,10,0.23348847473280449
2015-12-29,10,0.19082850254969477
2015-12-30,10,0.1664511503869396
2015-12-31,10,0.18877124996021954
2016-01-04,10,0.25661029347549985
2016-01-05,10,0.22962967820634717
2016-01-06,10,0.13803012620940047
2016-01-07,10,0.10853765266391499
2016-01-08,10,0.11430338030531718
2016-01-11,10,-0.010334845100844611
2016-01-12,10,-0.07437361347190825
2016-01-13,10,-0.06705617461459894
2016-01-14,10,-0.08480708604279352
2016-01-15,10,-0.1192722934674856
2016-01-19,10,-0.14545697693431778
2016-01-20,10,-0.18242783726495004
2016-01-21,10,-0.18030325307820502
2016-01-22,10,-0.19881139424742422
2016-01-25,10,-0.18267945862028137
2016-01-26,10,-0.08850101634956034
2016-01-27,10,-0.06565918063422839
2016-01-28,10,-0.05124271931266423
2016-01-29,10,-0.035189763935971084
2016-02-01,10,-0.09520142390623951
2016-02-02,10,-0.1699145111846021
2016-02-03,10,-0.1241290574398411
2016-02-04,10,4.7588910894524806e-05
2016-02-05,10,0.032790377828919505
2016-02-08,10,0.025492428571885495
2016-02-09,10,-0.03527235751060557
2016-02-10,10,-0.033455569276664
2016-02-11,10,-0.12585669828752816
2016-02-12,10,-0.14790410373262336
2016-02-16,10,-0.10044538129394592
2016-02-17,10,-0.1314418213956913
2016-02-18,10,-0.18868530476340944
2016-02-19,10,-0.2683830917185303
2016-02-22,10,-0.32186399540253446
2016-02-23,10,-0.28427511923780235
2016-02-24,10,-0.2700037729710733
2016-02-25,10,-0.257243070297163
2016-02-26,10,-0.2760145069224656
2016-02-29,10,-0.22859064191799186
2016-03-01,10,-0.13955477236589545
2016-03-02,10,-0.09864748321677279
2016-03-03,10,-0.07794405665082357
2016-03-04,10,-0.1122073087585963
2016-03-07,10,0.029904792807258333
2016-03-08,10,-0.08688965935990176
2016-03-09,10,0.0477668164085193
2016-03-10,10,-0.012959986282646446
2016-03-11,10,0.10579836375453434
2016-03-14,10,0.0785113419870698
2016-03-15,10,-0.04702841617732604
2016-03-16,10,-0.057307385431348855
2016-03-17,10,0.10068735609422545
2016-03-18,10,0.22801316305628758
2016-03-21,10,0.24069787542288268
2016-03-22,10,0.20698587434304958
2016-03-23,10,0.10093633863696008
2016-03-24,10,0.11109956989389674
2016-03-28,10,0.0261851928541519
2016-03-29,10,0.040130387043545955
2016-03-30,10,-0.10231409033362672
2016-03-31,10,-0.06097433205212152
2016-04-01,10,-0.12145998169541457
2016-04-04,10,-0.14809456153565886
2016-04-05,10,-0.17750297080767885
2016-04-06,10,-0.2169666525665872
2016-04-07,10,-0.2660702811984799
2016-04-08,10,-0.32216644947492573
2016-04-11,10,-0.24878873588985007
2016-04-12,10,-0.3010121384291177
2016-04-13,10,-0.1799751427661072
2016-04-14,10,-0.15909150497587005
2016-04-15,10,-0.10594882566425953
2016-04-18,10,-0.062166638905579615
2016-04-19,10,0.014901909351285244
2016-04-20,10,0.09144346735579556
2016-04-21,10,0.1446702165146495
2016-04-22,10,0.169330872953057
2016-04-25,10,0.14647740642362492
2016-04-26,10,0.16689792430147293
2016-04-27,10,0.1837730297685759
2016-04-28,10,0.2416353884089843
2016-04-29,10,0.23608287753307367
2016-05-02,10,0.1795327415991145
2016-05-03,10,0.10540938846570312
2016-05-04,10,0.09281090102346859
2016-05-05,10,0.09019543242171973
2016-05-06,10,0.05018233746887035
2016-05-09,10,0.020757590501935028
2016-05-10,10,0.057583667873397214
2016-05-11,10,-0.0469230769306154
2016-05-12,10,-0.09293660516996222
2016-05-13,10,-0.16000896397606912
2016-05-16,10,-0.19467016074832694
2016-05-17,10,-0.15920767352732215
2016-05-18,10,-0.24382565561244915
2016-05-19,10,-0.2311622596865529
2016-05-20,10,-0.22545103011971954
2016-05-23,10,-0.2361761162195359
2016-05-24,10,-0.21769308535435816
2016-05-25,10,-0.03830895062872141
2016-05-26,10,-0.01905505507587159
2016-05-27,10,0.07140713855885804
2016-05-31,10,0.1634618335139079
2016-06-01,10,0.14425369282664854
2016-06-02,10,0.19475340119187529
2016-06-03,10,0.09879293974459225
2016-06-06,10,0.1671694507841716
2016-06-07,10,0.21038508321065164
2016-06-08,10,0.22489071986482928
2016-06-09,10,0.05259215638917469
2016-06-10,10,0.09747978523326473
2016-06-13,10,0.21536251806314163
2016-06-14,10,0.14385043249204787
2016-06-15,10,0.13230377326757248
2016-06-16,10,0.12764119935762663
2016-06-17,10,0.1551772837699622
2016-06-20,10,0.2455794216784623
2016-06-21,10,0.18780088910849166
2016-06-22,10,0.1372013292280967
2016-06-23,10,0.12114101925882523
2016-06-24,10,0.010497940574485035
2016-06-27,10,-0.23716823607378004
2016-06-28,10,-0.21728582793234233
2016-06-29,10,-0.18678699084986872
2016-06-30,10,-0.21811032201237485
2016-07-01,10,-0.17232962256789996
2016-07-05,10,-0.24236007914259367
2016-07-06,10,-0.2471935954396765
2016-07-07,10,-0.2332538748413125
2016-07-08,10,-0.15052518030375056
2016-07-11,10,-0.14175073769363722
2016-07-12,10,-0.07119536224819517
2016-07-13,10,-0.06665004354388478
2016-07-14,10,0.00787813154588336
2016-07-15,10,0.0149790111142914
2016-07-18,10,0.05645863026376543
2016-07-19,10,0.08042051028375513
2016-07-20,10,0.042474625026783404
2016-07-21,10,0.08073770113902051
2016-07-22,10,0.023627280009550722
2016-07-25,10,-0.006965244019515064
2016-07-26,10,0.051281149458846875
2016-07-27,10,0.051804606835840004
2016-07-28,10,-0.0021682211558912774
2016-07-29,10,-0.025505702378041083
2016-08-01,10,-0.07838265949167134
2016-08-02,10,-0.1343100384946085
2016-08-03,10,-0.05210256721949316
2016-08-04,10,-0.0749086139710414
2016-08-05,10,-0.05447828897734117
2016-08-08,10,-0.0009909129013256554
2016-08-09,10,-0.08476740214234382
2016-08-10,10,-0.10711911635791073
2016-08-11,10,-0.0530427468516388
2016-08-12,10,-0.033411140052639766
2016-08-15,10,-0.020477347565418642
2016-08-16,10,-0.03674183191305413
2016-08-17,10,-0.09574150775737353
2016-08-18,10,-0.07888058602660401
2016-08-19,10,-0.03705310354583071
2016-08-22,10,-0.03918757750784586
2016-08-23,10,-0.020386874151157256
2016-08-24,10,-0.027511767514082363
2016-08-25,10,-0.08624936721765306
2016-08-26,10,-0.08334516723465785
2016-08-29,10,-0.0732296587986579
2016-08-30,10,0.0073117158455699395
2016-08-31,10,0.030036881387671056
2016-09-01,10,0.0015629247518366336
2016-09-02,10,0.018752270876634905
2016-09-06,10,0.016391788063420072
2016-09-07,10,0.10809228098348969
2016-09-08,10,0.12411226028156115
2016-09-09,10,0.10629145768444435
2016-09-12,10,0.11418509963578415
2016-09-13,10,0.12863121268885802
2016-09-14,10,0.12014210683918572
2016-09-15,10,0.10723398493596284
2016-09-16,10,0.061636708689271076
2016-09-19,10,0.06229294113214303
2016-09-20,10,-0.01547392666242331
2016-09-21,10,-0.09598177375735133
2016-09-22,10,-0.035245645682389866
2016-09-23,10,0.019857769273662645
2016-09-26,10,-0.01585250445424833
2016-09-27,10,-0.03408388496672022
2016-09-28,10,-0.03656858653428022
2016-09-29,10,-0.03201496928975998
2016-09-30,10,-0.014177745821216975
2016-10-03,10,0.010499414691513144
2016-10-04,10,0.05523002604850021
2016-10-05,10,0.10004264629149344
2016-10-06,10,0.07569978689307733
2016-10-07,10,0.05695468505357808
2016-10-10,10,0.05865687274776043
2016-10-11,10,0.057178187711501065
2016-10-12,10,0.009957565315311978
2016-10-13,10,-0.03215897326019435
2016-10-14,10,-0.013541660510587859
2016-10-17,10,-0.01809801732950472
2016-10-18,10,-0.024417592831443027
2016-10-19,10,-0.018407293744349795
2016-10-20,10,0.005552609275112017
2016-10-21,10,0.0002993443320615128
2016-10-24,10,0.00717492118725477
2016-10-25,10,0.007293143316493733
2016-10-26,10,0.007115111038101706
2016-10-27,10,-0.06355039152111022
2016-10-28,10,-0.05968393212050442
2016-10-31,10,-0.07902937817488367
2016-11-01,10,-0.05687430004920782
2016-11-02,10,-0.04363580322658682
2016-11-03,10,-0.05793006781371577
2016-11-04,10,-0.06264941085593816
2016-11-07,10,-0.08653359791141876
2016-11-08,10,-0.08269860643694887
2016-11-09,10,-0.05885737364420542
2016-11-10,10,0.006681453215709453
2016-11-11,10,0.02834512262867399
2016-11-14,10,0.09869549757323605
2016-11-15,10,0.07274804949293676
2016-11-16,10,0.011400966728948
2016-11-17,10,0.044012605585818015
2016-11-18,10,0.016693077937707402
2016-11-21,10,-0.03109817759506049
2016-11-22,10,-0.10384638919792966
2016-11-23,10,-0.12074429940482793
2016-11-25,10,-0.13857725443247218
2016-11-28,10,-0.12528732040945698
2016-11-29,10,-0.13866108875862326
2016-11-30,10,-0.205090077924228
2016-12-01,10,-0.16965872155661937
2016-12-02,10,-0.24988313253067232
2016-12-05,10,-0.22058969580155918
2016-12-06,10,-0.1716196682464363
2016-12-07,10,-0.10798753538355685
2016-12-08,10,-0.06371449336383378
2016-12-09,10,-0.017561956627347122
2016-12-12,10,-0.03353827618142897
2016-12-13,10,-0.021957678590745242
2016-12-14,10,0.004366914856384676
2016-12-15,10,-0.04884115341024701
2016-12-16,10,-0.018231671268221762
2016-12-19,10,-0.024467438298505416
2016-12-20,10,-0.10983922581223333
2016-12-21,10,-0.13785689369317106
2016-12-22,10,-0.1669532987108177
2016-12-23,10,-0.09557439527000307
2016-12-27,10,-0.10556094175315658
2016-12-28,10,-0.1045956270879602
2016-12-29,10,-0.09605288379659524
2016-12-30,10,-0.11925366793097186
2017-01-03,10,-0.05749521551774033
2017-01-04,10,-0.060981059062685895
2017-01-05,10,-0.0438227241525835
2017-01-06,10,-0.0192994122944961
2017-01-09,10,0.03419632729565896
2017-01-10,10,-0.029476583219979487
2017-01-11,10,-0.012420160030004627
2017-01-12,10,0.044786516293494415
2017-01-13,10,-0.013578374348695361
2017-01-17,10,0.05276319013615405
2017-01-18,10,0.05094252457214423
2017-01-19,10,0.047748079040811575
2017-01-20,10,0.07288483337047783
2017-01-23,10,0.05481740646539024
2017-01-24,10,0.0030903040437093026
2017-01-25,10,-0.054262502612327054
2017-01-26,10,-0.029767522538790413
2017-01-27,10,-0.04981582721343205
2017-01-30,10,0.006722711947297771
2017-01-31,10,-0.028568656941834435
2017-02-01,10,-0.05803054800085194
2017-02-02,10,-0.03655486796848716
2017-02-03,10,-0.07422521835079474
2017-02-06,10,-0.04585749168661284
2017-02-07,10,-0.05422937300589887
2017-02-08,10,-0.04832170997683083
2017-02-09,10,-0.07661682145095101
2017-02-10,10,-0.02463389098670628
2017-02-13,10,-0.04230367011119861
2017-02-14,10,0.03864717911576742
2017-02-15,10,0.0010472583184093706
2017-02-16,10,0.030014796983292038
2017-02-17,10,0.05824441118874942
2017-02-21,10,0.030578080426810417
2017-02-22,10,-0.02413553201933645
2017-02-23,10,-0.021924728611081624
2017-02-24,10,-0.007287520401832121
2017-02-27,10,0.005694746492304743
2017-02-28,10,0.024398366700998927
2017-03-01,10,-0.027773459232413904
2017-03-02,10,0.03558756785506165
2017-03-03,10,-0.002928230890530888
2017-03-06,10,0.02447506193537726
2017-03-07,10,-0.054556896942798555
2017-03-08,10,0.03341661044291126
2017-03-09,10,0.0863711928567879
2017-03-10,10,0.10010985292311984
2017-03-13,10,0.045209924827120454
2017-03-14,10,0.0937424854621193
2017-03-15,10,0.012570062588726215
2017-03-16,10,0.03171548181486189
2017-03-17,10,0.016130514440750972
2017-03-20,10,0.005036400626202926
2017-03-21,10,0.13122738675020548
2017-03-22,10,0.06766550657541945
2017-03-23,10,0.07386667510222668
2017-03-24,10,0.07190709584112465
2017-03-27,10,0.021728450334523607
2017-03-28,10,0.03959285849992441
2017-03-29,10,0.01489183416003337
2017-03-30,10,-0.0314755039842549
2017-03-31,10,-0.016031497610949273
2017-04-03,10,-0.03948059284358832
2017-04-04,10,-0.0693250865676535
2017-04-05,10,-0.003974235482323477
2017-04-06,10,-0.024686966578560583
2017-04-07,10,0.022579714201585263
2017-04-10,10,0.10302859304541225
2017-04-11,10,0.07549262655549098
2017-04-12,10,0.09481679549550749
2017-04-13,10,0.10737568640949315
2017-04-17,10,0.11570140833320323
2017-04-18,10,0.0463716359529107
2017-04-19,10,0.04607793329978815
2017-04-20,10,0.029192599512613115
2017-04-21,10,0.024443656361674785
2017-04-24,10,-0.0022393617256545313
2017-04-25,10,-0.021077535365789584
2017-04-26,10,0.004772946834971864
2017-04-27,10,0.039605548570433385
2017-04-28,10,0.07109299090345185
2017-05-01,10,0.0471765726730745
2017-05-02,10,0.1183294306056166
2017-05-03,10,0.04967367226410895
2017-05-04,10,0.09528629633814206
2017-05-05,10,0.0950617312086533
2017-05-08,10,0.11760531514834127
2017-05-09,10,0.13890179866473118
2017-05-10,10,0.1015312929352349
2017-05-11,10,0.08822828750821211
2017-05-12,10,0.09140773472814484
2017-05-15,10,0.060366898146414466
2017-05-16,10,0.03167485511718602
2017-05-17,10,0.09588667279804244
2017-05-18,10,0.067444881995218
2017-05-19,10,0.0866042661747191
2017-05-22,10,0.12862618302309264
2017-05-23,10,0.10932705423052749
2017-05-24,10,0.13153190888941485
2017-05-25,10,0.04969106475656739
2017-05-26,10,-0.024788612271921123
2017-05-30,10,-0.00324973125315917
2017-05-31,10,-0.07241578511571052
2017-06-01,10,-0.02535606831784886
2017-06-02,10,-0.030450425736086285
2017-06-05,10,-0.0006817840955846407
2017-06-06,10,-0.012191337179241105
2017-06-07,10,-0.007858024149132725
2017-06-08,10,-0.07646709642662458
2017-06-09,10,0.007584811790837784
2017-06-12,10,0.029354975203754057
2017-06-13,10,-0.05724828335130058
2017-06-14,10,0.04887556810645325
2017-06-15,10,-0.039845652880125614
2017-06-16,10,-0.060893509941798346
2017-06-19,10,-0.13590542324511043
2017-06-20,10,-0.0754008501756709
2017-06-21,10,-0.05206616539294089
2017-06-22,10,0.03613600595201192
2017-06-23,10,0.08821871283485519
2017-06-26,10,0.17766015871790392
2017-06-27,10,0.2754185737411797
2017-06-28,10,0.19414433698714675
2017-06-29,10,0.232933028750313
2017-06-30,10,0.20962073619430846
2017-07-03,10,0.26394119848230335
2017-07-05,10,0.14415059308819528
2017-07-06,10,0.08386118645050548
2017-07-07,10,0.03898375529989297
2017-07-10,10,0.03767323843593586
2017-07-11,10,-0.04024406378317254
2017-07-12,10,-0.06075480948428714
2017-07-13,10,-0.06306338775753559
2017-07-14,10,-0.0342566024101885
2017-07-17,10,-0.04337665431675174
2017-07-18,10,-0.04554746962538476
2017-07-19,10,-0.002039130985051512
2017-07-20,10,0.03454514400274564
2017-07-21,10,0.02219534133102237
2017-07-24,10,-0.0005781916009832433
2017-07-25,10,0.0473619844942125
2017-07-26,10,0.057577764806938374
2017-07-27,10,0.09003316080840998
2017-07-28,10,0.0798897202370236
2017-07-31,10,0.14022504237421732
2017-08-01,10,0.16803408794348382
2017-08-02,10,0.13965043492903004
2017-08-03,10,0.10400541629523535
2017-08-04,10,0.11615282477375126
2017-08-07,10,0.11860714581519398
2017-08-08,10,0.11716001336752473
2017-08-09,10,0.10240529233809388
2017-08-10,10,0.09275441941494769
2017-08-11,10,0.0483560949218522
2017-08-14,10,0.012455789802050053
2017-08-15,10,-0.033933496202351345
2017-08-16,10,0.03227232951093561
2017-08-17,10,0.07805097169566956
2017-08-18,10,0.04234833083779796
2017-08-21,10,-0.01121647210080717
2017-08-22,10,-0.0478983397919529
2017-08-23,10,0.00035354533788708217
2017-08-24,10,0.050833952293468536
2017-08-25,10,0.12297507122168891
2017-08-28,10,0.03960892908350748
2017-08-29,10,-0.04995691835296361
2017-08-30,10,-0.08284867899014423
2017-08-31,10,-0.1421407388212223
2017-09-01,10,-0.05118923082338901
2017-09-05,10,-0.004633553366780761
2017-09-06,10,0.02393290364513521
2017-09-07,10,0.006480888933673634
2017-09-08,10,-0.06548828307447735
2017-09-11,10,-0.11155967828444575
2017-09-12,10,-0.10424862093154948
2017-09-13,10,-0.03559845904301598
2017-09-14,10,-0.00036922210400210554
2017-09-15,10,0.03177482493607797
2017-09-18,10,-0.015295011505426321
2017-09-19,10,-0.056622500011100675
2017-09-20,10,0.0012332341622894101
2017-09-21,10,-0.03639636222118776
2017-09-22,10,0.036071782216935896
2017-09-25,10,0.15147321831968186
2017-09-26,10,0.20236120215427303
2017-09-27,10,0.20326635947271857
2017-09-28,10,0.20670812962711388
2017-09-29,10,0.18256786204003428
2017-10-02,10,0.21787131784111208
2017-10-03,10,0.20785421952159006
2017-10-04,10,0.1715732996779379
2017-10-05,10,0.22786470555508215
2017-10-06,10,0.17925779424351956
2017-10-09,10,0.13039810725455767
2017-10-10,10,0.16903901056331824
2017-10-11,10,0.09689898796181537
2017-10-12,10,0.061914369587496326
2017-10-13,10,0.126236253406136
2017-10-16,10,0.09871347642604726
2017-10-17,10,0.12263466025599426
2017-10-18,10,0.09785007639072414
2017-10-19,10,0.09729787438340594
2017-10-20,10,0.13134037987491243
2017-10-23,10,0.11182984340300242
2017-10-24,10,0.0946009832744554
2017-10-25,10,0.11762204306468567
2017-10-26,10,0.0751316877479745
2017-10-27,10,0.019803417646577684
2017-10-30,10,0.04949717781283047
2017-10-31,10,0.011297543813992799
2017-11-01,10,0.012217027425602317
2017-11-02,10,0.010385359841018365
2017-11-03,10,-0.07017111203393112
2017-11-06,10,-0.02930589015316289
2017-11-07,10,-0.006649783793886118
2017-11-08,10,-0.062488947890560975
2017-11-09,10,0.0007363999378252338
2017-11-10,10,-0.01151589282290817
2017-11-13,10,-0.11172428384840352
2017-11-14,10,-0.2663777551245896
2017-11-15,10,-0.2062040291916238
2017-11-16,10,-0.2236352585981038
2017-11-17,10,-0.22910369898711117
2017-11-20,10,-0.18754171354230328
2017-11-21,10,-0.1725489734172525
2017-11-22,10,-0.10544623999159336
2017-11-24,10,-0.14362518348271164
2017-11-27,10,-0.17201103465898718
2017-11-28,10,-0.15683361713965577
2017-11-29,10,-0.030144584650891624
2017-11-30,10,-0.0413587128241434
2017-12-01,10,-0.010591876970539111
2017-12-04,10,0.13165080776602883
2017-12-05,10,0.04409105078026592
2017-12-06,10,0.0049505004862275
2017-12-07,10,-0.09057696296858417
2017-12-08,10,-0.0790098646889319
2017-12-11,10,-0.06432889967875344
2017-12-12,10,0.01620150938300484
2017-12-13,10,0.0004270971982533145
2017-12-14,10,-0.03342080513980355
2017-12-15,10,-0.08871918638267985
2017-12-18,10,-0.044891771751364815
2017-12-19,10,-0.030183343195553804
2017-12-20,10,-0.0024545010751937696
2017-12-21,10,0.03853412777609079
2017-12-22,10,0.07651680708162989
2017-12-26,10,0.04160677230159567
2017-12-27,10,-0.022647613704530067
2017-12-28,10,-0.00010588021864273754
2017-12-29,10,-0.012162623605854635
2018-01-02,10,0.0982824625095218
2018-01-03,10,0.11476103008435008
2018-01-04,10,0.15362827109236085
2018-01-05,10,0.11095656429452708
2018-01-08,10,0.12130914922712137
2018-01-09,10,0.059159925723322015
2018-01-10,10,0.12090571566397484
2018-01-11,10,0.15879371382727334
2018-01-12,10,0.12939648176746132
2018-01-16,10,0.17132486529596233
2018-01-17,10,0.1248145509833096
2018-01-18,10,0.12322749940971142
2018-01-19,10,0.09183733432981472
2018-01-22,10,0.0830611627921777
2018-01-23,10,0.0825461975418832
2018-01-24,10,0.10048470562949914
2018-01-25,10,0.003609966159224323
2018-01-26,10,0.02311822946908959
2018-01-29,10,0.0693580625603542
2018-01-30,10,0.059824066213640906
2018-01-31,10,0.04795870737048277
2018-02-01,10,0.03049001044572449
2018-02-02,10,0.004548079246674188
2018-02-05,10,0.02852462691067933
2018-02-06,10,0.020463838070381955
2018-02-07,10,0.01599112004952881
2018-02-08,10,0.10331401507026688
2018-02-09,10,0.04369422447238278
2018-02-12,10,0.031989812327124924
2018-02-13,10,0.02813885920109863
2018-02-14,10,-0.006475365323522568
2018-02-15,10,-0.01446126666954508
2018-02-16,10,-0.030483996148725937
2018-02-20,10,-0.03814326808529584
2018-02-21,10,-0.018837736965693887
2018-02-22,10,-0.0010595682191254132
2018-02-23,10,0.036334659557616666
2018-02-26,10,0.010383974235942244
2018-02-27,10,-0.03266747673213535
2018-02-28,10,-0.01935547414414187
2018-03-01,10,0.05146860428573433
2018-03-02,10,0.023673650518169543
2018-03-05,10,0.09792853390607435
2018-03-06,10,0.18133151690464674
2018-03-07,10,0.14973768849668048
2018-03-08,10,0.13394992733882002
2018-03-09,10,0.12376308036367897
2018-03-12,10,0.24618037211624724
2018-03-13,10,0.16915071141601715
2018-03-14,10,0.05937243183095576
2018-03-15,10,0.053459426378345914
2018-03-16,10,0.1075256247700045
2018-03-19,10,0.05310186174951805
2018-03-20,10,-0.06602374967464329
2018-03-21,10,-0.06729993942433353
2018-03-22,10,-0.06901051984384933
2018-03-23,10,-0.06324892766096846
2018-03-26,10,-0.1438895807023953
2018-03-27,10,-0.09206677928159503
2018-03-28,10,0.034494240458708074
2018-03-29,10,-0.03436581614491937
2018-04-02,10,-0.031578193938189864
2018-04-03,10,0.019124558231124536
2018-04-04,10,0.0711262069801945
2018-04-05,10,0.07037808427329242
2018-04-06,10,0.08791606424342487
2018-04-09,10,0.05161516775813065
2018-04-10,10,-0.04222193349258587
2018-04-11,10,-0.055765562406039026
2018-04-12,10,-0.048118006432605255
2018-04-13,10,-0.05106919904659514
2018-04-16,10,-0.021909956705282587
2018-04-17,10,-0.06966301473222644
2018-04-18,10,-0.05352132804614462
2018-04-19,10,0.003876619781916944
2018-04-20,10,0.0016384809509472802
2018-04-23,10,0.022750648048796267
2018-04-24,10,0.10704329154166291
2018-04-25,10,0.13530999914465863
2018-04-26,10,0.12483342255285383
2018-04-27,10,0.15660844619174835
2018-04-30,10,0.11657891040358352
2018-05-01,10,0.14203328580675662
2018-05-02,10,0.1171633310004402
2018-05-03,10,0.09491091153327899
2018-05-04,10,0.12962465679438215
2018-05-07,10,0.10804130595425707
2018-05-08,10,0.04560717022825381
2018-05-09,10,0.034864543690336404
2018-05-10,10,0.023351514184857664
2018-05-11,10,-0.019446697616874925
2018-05-14,10,0.04360563542363447
2018-05-15,10,0.033357086111184334
2018-05-16,10,0.060690157970622806
2018-05-17,10,0.0829281704002884
2018-05-18,10,0.060115561093423996
2018-05-21,10,0.05266315810811153
2018-05-22,10,0.08927956621900178
2018-05-23,10,-0.008668190298722275
2018-05-24,10,-0.01146415308770411
2018-05-25,10,0.0025006877616447665
2018-05-29,10,-0.004122830329446894
2018-05-30,10,-0.017067648684286143
2018-05-31,10,-0.02444517642235585
2018-06-01,10,-0.07843715513680542
2018-06-04,10,-0.06975148909451706
2018-06-05,10,-0.09941744357970049
2018-06-06,10,-0.10004547387396624
2018-06-07,10,-0.0646265624787857
2018-06-08,10,-0.10835927296320476
2018-06-11,10,-0.11431057882895952
2018-06-12,10,-0.1065226287416036
2018-06-13,10,-0.10250244038194874
2018-06-14,10,-0.039610917175135416
2018-06-15,10,-0.03098745084431703
2018-06-18,10,-0.032483191295665556
2018-06-19,10,-0.03269205635291413
2018-06-20,10,-0.07866953897542753
2018-06-21,10,-0.0517028448090334
2018-06-22,10,-0.009366432883431
2018-06-25,10,0.059369098611587706
2018-06-26,10,0.049516255821203774
2018-06-27,10,0.06216189275271658
2018-06-28,10,0.021127924026206512
2018-06-29,10,0.06664148465963152
2018-07-02,10,0.10141669952799769
2018-07-03,10,0.1375669311516191
2018-07-05,10,0.12905856091115836
2018-07-06,10,0.11211673486238939
2018-07-09,10,0.12989882607882233
2018-07-10,10,0.10501418121658378
2018-07-11,10,0.1475081181802233
2018-07-12,10,0.07084378391668586
2018-07-13,10,-0.009372520567768446
2018-07-16,10,-0.12094183308332233
2018-07-17,10,-0.15837836638649283
2018-07-18,10,-0.11656039440644458
2018-07-19,10,-0.05340347403242266
2018-07-20,10,-0.1037509050436056
2018-07-23,10,-0.09675094698188486
2018-07-24,10,-0.053380432613702275
2018-07-25,10,-0.09920201932606165
2018-07-26,10,-0.06921078429074012
2018-07-27,10,0.01928094181198134
2018-07-30,10,0.08511741146684494
2018-07-31,10,0.12295400236403092
2018-08-01,10,0.02498351415485446
2018-08-02,10,-0.01776288979328392
2018-08-03,10,0.008832776962602224
2018-08-06,10,-0.02759150650043457
2018-08-07,10,-0.012141097161960816
2018-08-08,10,0.06525087629454317
2018-08-09,10,0.13093943477974448
2018-08-10,10,0.10683862298693168
2018-08-13,10,0.0789924588816497
2018-08-14,10,0.03603794354562031
2018-08-15,10,0.16861353094483963
2018-08-16,10,0.21488586205657004
2018-08-17,10,0.28694840624696183
2018-08-20,10,0.2857509978454118
2018-08-21,10,0.15841662266777184
2018-08-22,10,0.08944754767448354
2018-08-23,10,0.049692887031453616
2018-08-24,10,0.043689224596893964
2018-08-27,10,0.11318084264820638
2018-08-28,10,0.06565437609261947
2018-08-29,10,0.025234551666519393
2018-08-30,10,-0.026471392490443363
2018-08-31,10,-0.14170785160361413
2018-09-04,10,-0.17836440133279285
2018-09-05,10,-0.16834549015317352
2018-09-06,10,-0.21167310208368917
2018-09-07,10,-0.190016582743916
2018-09-10,10,-0.12734275263331735
2018-09-11,10,-0.06753395106405519
2018-09-12,10,-0.02230999902552016
2018-09-13,10,0.0029004607379381165
2018-09-14,10,0.03731784976617013
2018-09-17,10,0.07954919757727295
2018-09-18,10,-0.013961629787896855
2018-09-19,10,0.09430128617903205
2018-09-20,10,0.11150736442741725
2018-09-21,10,0.13770055016387395
2018-09-24,10,-0.01388430250324425
2018-09-25,10,-0.06905127065929376
2018-09-26,10,-0.1579532134359355
2018-09-27,10,-0.16801689467733255
2018-09-28,10,-0.10300419948042952
2018-10-01,10,-0.10661743333315493
2018-10-02,10,-0.01731429662163173
2018-10-03,10,-0.023835599468351298
2018-10-04,10,0.0007600543559856121
2018-10-05,10,-0.0706375110204711
2018-10-08,10,0.06804430766885641
2018-10-09,10,0.013485145544040367
2018-10-10,10,0.08681105493934786
2018-10-11,10,0.12809539054397992
2018-10-12,10,0.029895483780995928
2018-10-15,10,0.04319741391491333
2018-10-16,10,0.03409735487520001
2018-10-17,10,0.053833905936057906
2018-10-18,10,-0.037696670678549093
2018-10-19,10,-0.0035500715690021858
2018-10-22,10,-0.08442833841311727
2018-10-23,10,-0.05349257378846209
2018-10-24,10,0.024248627249025063
2018-10-25,10,-0.017183866566115983
2018-10-26,10,-0.039231300121976634
2018-10-29,10,-0.04994638971128497
2018-10-30,10,-0.07607921068182322
2018-10-31,10,-0.11652658743947054
2018-11-01,10,-0.014356280485927643
2018-11-02,10,-0.007075841634435934
2018-11-05,10,-0.08766209271349087
2018-11-06,10,-0.12232831538515271
2018-11-07,10,-0.18333326578529902
2018-11-08,10,-0.2036595606900568
2018-11-09,10,-0.21893828182490055
2018-11-12,10,-0.20477546786735948
2018-11-13,10,-0.1162273769929905
2018-11-14,10,-0.05696459617274607
2018-11-15,10,-0.07489892065370594
2018-11-16,10,-0.05744221879815103
2018-11-19,10,0.09169845203644317
2018-11-20,10,0.15752564356213908
2018-11-21,10,0.17032339935988317
2018-11-23,10,0.2268506056178811
2018-11-26,10,0.22731471535289677
2018-11-27,10,0.22001354122192432
2018-11-28,10,0.18694172588076413
2018-11-29,10,0.17494456760471008
2018-11-30,10,0.11981794331514797
2018-12-03,10,0.11018709410444884
2018-12-04,10,0.07558742259299359
2018-12-06,10,0.026927313557294042
2018-12-07,10,0.02797865457263944
2018-12-10,10,-0.0013559339201930523
2018-12-11,10,0.010618712526883999
2018-12-12,10,0.021123227014671474
2018-12-13,10,-0.0012545073974730937
2018-12-14,10,0.0279951200808666
2018-12-17,10,-0.01942378768638499
2018-12-18,10,-0.06030819798977899
2018-12-19,10,-0.15857186350367575
2018-12-20,10,-0.14555865625711842
2018-12-21,10,-0.11447590908085535
2018-12-24,10,-0.15761140583491745
2018-12-26,10,-0.2181853851666636
2018-12-27,10,-0.2550784721103507
2018-12-28,10,-0.2753586572015395
2018-12-31,10,-0.24169560399480045
2001-01-02,20,
2001-01-03,20,
2001-01-04,20,
2001-01-05,20,
2001-01-08,20,
2001-01-09,20,
2001-01-10,20,
2001-01-11,20,
2001-01-12,20,
2001-01-16,20,
2001-01-17,20,
2001-01-18,20,
2001-01-19,20,
2001-01-22,20,
2001-01-23,20,
2001-01-24,20,
2001-01-25,20,
2001-01-26,20,
2001-01-29,20,
2001-01-30,20,
2001-01-31,20,
2001-02-01,20,
2001-02-02,20,
2001-02-05,20,
2001-02-06,20,
2001-02-07,20,
2001-02-08,20,
2001-02-09,20,
2001-02-12,20,
2001-02-13,20,
2001-02-14,20,
2001-02-15,20,
2001-02-16,20,
2001-02-20,20,
2001-02-21,20,
2001-02-22,20,
2001-02-23,20,
2001-02-26,20,
2001-02-27,20,
2001-02-28,20,
2001-03-01,20,
2001-03-02,20,
2001-03-05,20,
2001-03-06,20,
2001-03-07,20,
2001-03-08,20,
2001-03-09,20,
2001-03-12,20,
2001-03-13,20,
2001-03-14,20,
2001-03-15,20,
2001-03-16,20,
2001-03-19,20,
2001-03-20,20,
2001-03-21,20,
2001-03-22,20,
2001-03-23,20,
2001-03-26,20,
2001-03-27,20,
2001-03-28,20,
2001-03-29,20,
2001-03-30,20,
2001-04-02,20,
2001-04-03,20,
2001-04-04,20,
2001-04-05,20,
2001-04-06,20,
2001-04-09,20,
2001-04-10,20,
2001-04-11,20,
2001-04-12,20,
2001-04-16,20,
2001-04-17,20,
2001-04-18,20,
2001-04-19,20,
2001-04-20,20,
2001-04-23,20,
2001-04-24,20,
2001-04-25,20,
2001-04-26,20,
2001-04-27,20,
2001-04-30,20,
2001-05-01,20,
2001-05-02,20,
2001-05-03,20,
2001-05-04,20,
2001-05-07,20,
2001-05-08,20,
2001-05-09,20,
2001-05-10,20,
2001-05-11,20,
2001-05-14,20,
2001-05-15,20,
2001-05-16,20,
2001-05-17,20,
2001-05-18,20,
2001-05-21,20,
2001-05-22,20,
2001-05-23,20,
2001-05-24,20,
2001-05-25,20,
2001-05-29,20,
2001-05-30,20,
2001-05-31,20,
2001-06-01,20,
2001-06-04,20,
2001-06-05,20,
2001-06-06,20,
2001-06-07,20,
2001-06-08,20,
2001-06-11,20,
2001-06-12,20,
2001-06-13,20,
2001-06-14,20,
2001-06-15,20,
2001-06-18,20,
2001-06-19,20,
2001-06-20,20,
2001-06-21,20,
2001-06-22,20,
2001-06-25,20,
2001-06-26,20,
2001-06-27,20,
2001-06-28,20,
2001-06-29,20,
2001-07-02,20,
2001-07-03,20,
2001-07-05,20,
2001-07-06,20,
2001-07-09,20,
2001-07-10,20,
2001-07-11,20,
2001-07-12,20,
2001-07-13,20,
2001-07-16,20,
2001-07-17,20,
2001-07-18,20,
2001-07-19,20,
2001-07-20,20,
2001-07-23,20,
2001-07-24,20,
2001-07-25,20,
2001-07-26,20,
2001-07-27,20,
2001-07-30,20,
2001-07-31,20,
2001-08-01,20,
2001-08-02,20,
2001-08-03,20,
2001-08-06,20,
2001-08-07,20,
2001-08-08,20,
2001-08-09,20,
2001-08-10,20,
2001-08-13,20,
2001-08-14,20,
2001-08-15,20,
2001-08-16,20,
2001-08-17,20,
2001-08-20,20,
2001-08-21,20,
2001-08-22,20,
2001-08-23,20,
2001-08-24,20,
2001-08-27,20,
2001-08-28,20,
2001-08-29,20,
2001-08-30,20,
2001-08-31,20,
2001-09-04,20,
2001-09-05,20,
2001-09-06,20,
2001-09-07,20,
2001-09-10,20,
2001-09-17,20,
2001-09-18,20,
2001-09-19,20,
2001-09-20,20,
2001-09-21,20,
2001-09-24,20,
2001-09-25,20,
2001-09-26,20,
2001-09-27,20,
2001-09-28,20,
2001-10-01,20,
2001-10-02,20,
2001-10-03,20,
2001-10-04,20,
2001-10-05,20,
2001-10-08,20,
2001-10-09,20,
2001-10-10,20,
2001-10-11,20,
2001-10-12,20,
2001-10-15,20,
2001-10-16,20,
2001-10-17,20,
2001-10-18,20,
2001-10-19,20,
2001-10-22,20,
2001-10-23,20,
2001-10-24,20,
2001-10-25,20,
2001-10-26,20,
2001-10-29,20,
2001-10-30,20,
2001-10-31,20,
2001-11-01,20,
2001-11-02,20,
2001-11-05,20,
2001-11-06,20,
2001-11-07,20,
2001-11-08,20,
2001-11-09,20,
2001-11-12,20,
2001-11-13,20,
2001-11-14,20,
2001-11-15,20,
2001-11-16,20,
2001-11-19,20,
2001-11-20,20,
2001-11-21,20,
2001-11-23,20,
2001-11-26,20,
2001-11-27,20,
2001-11-28,20,
2001-11-29,20,
2001-11-30,20,
2001-12-03,20,
2001-12-04,20,
2001-12-05,20,
2001-12-06,20,
2001-12-07,20,
2001-12-10,20,
2001-12-11,20,
2001-12-12,20,
2001-12-13,20,
2001-12-14,20,
2001-12-17,20,
2001-12-18,20,
2001-12-19,20,
2001-12-20,20,
2001-12-21,20,
2001-12-24,20,
2001-12-26,20,
2001-12-27,20,
2001-12-28,20,
2001-12-31,20,
2002-01-02,20,
2002-01-03,20,
2002-01-04,20,0.15551082944585687
2002-01-07,20,0.15289774922264318
2002-01-08,20,0.12583680715974765
2002-01-09,20,0.14666189168200733
2002-01-10,20,0.12942076641398995
2002-01-11,20,0.12210833182033681
2002-01-14,20,0.12069007268285557
2002-01-15,20,0.13423298731296107
2002-01-16,20,0.1320537838410955
2002-01-17,20,0.1150734275901981
2002-01-18,20,0.08903426481927966
2002-01-22,20,0.0987518202209931
2002-01-23,20,0.07883094960869463
2002-01-24,20,0.08225886450897577
2002-01-25,20,0.08822343691758967
2002-01-28,20,0.07930936921906657
2002-01-29,20,0.07536145002313142
2002-01-30,20,0.044741054890066946
2002-01-31,20,0.03458214053142355
2002-02-01,20,0.04119919031824928
2002-02-04,20,0.0006691384856870547
2002-02-05,20,-0.06379160984867695
2002-02-06,20,-0.08606374149263568
2002-02-07,20,-0.09180158723959168
2002-02-08,20,-0.0946515474894117
2002-02-11,20,-0.08840174552108562
2002-02-12,20,-0.10822829259521839
2002-02-13,20,-0.13972027517952507
2002-02-14,20,-0.12928302615375661
2002-02-15,20,-0.13850203008263529
2002-02-19,20,-0.14539709880653917
2002-02-20,20,-0.16000120893870318
2002-02-21,20,-0.1505940765991625
2002-02-22,20,-0.1399825760107485
2002-02-25,20,-0.14456790985626652
2002-02-26,20,-0.1367325378047153
2002-02-27,20,-0.14731813666053298
2002-02-28,20,-0.08874000566558538
2002-03-01,20,-0.12652274856905843
2002-03-04,20,-0.1374946611317976
2002-03-05,20,-0.11230386100406567
2002-03-06,20,-0.056472007100040696
2002-03-07,20,-0.025776182851185693
2002-03-08,20,-0.019981901683831703
2002-03-11,20,-0.025162228628870995
2002-03-12,20,-0.016021246253235873
2002-03-13,20,-0.0037210905070556364
2002-03-14,20,0.013998513955324504
2002-03-15,20,0.004393955060938121
2002-03-18,20,0.004206784635269987
2002-03-19,20,-0.019710437307562695
2002-03-20,20,0.01249110099214034
2002-03-21,20,0.006847882333957569
2002-03-22,20,0.000719578748251496
2002-03-25,20,-0.0072540248547033285
2002-03-26,20,0.009551203472233321
2002-03-27,20,0.01667149638404494
2002-03-28,20,0.045336157177098595
2002-04-01,20,0.01946971997100257
2002-04-02,20,0.055710919140051655
2002-04-03,20,0.034886978337637986
2002-04-04,20,0.025003569111887624
2002-04-05,20,0.018991655210549463
2002-04-08,20,-0.013206700790629371
2002-04-09,20,0.008176242566535532
2002-04-10,20,0.04945717731600814
2002-04-11,20,0.041902757757535596
2002-04-12,20,0.006478926691518369
2002-04-15,20,0.019787910729821397
2002-04-16,20,0.04818853504745241
2002-04-17,20,0.08338149215675496
2002-04-18,20,0.07517883854408369
2002-04-19,20,0.05779113717223807
2002-04-22,20,0.018122705356747912
2002-04-23,20,0.02463017628544792
2002-04-24,20,0.012502273457999931
2002-04-25,20,0.02486447127875616
2002-04-26,20,0.015221232755910235
2002-04-29,20,-0.008874482112187878
2002-04-30,20,-0.029364310282223093
2002-05-01,20,-0.026973440089298133
2002-05-02,20,-0.02375665464602902
2002-05-03,20,-0.00042246565428456784
2002-05-06,20,-0.026779255082353078
2002-05-07,20,-0.036358842949284154
2002-05-08,20,0.014974234465275021
2002-05-09,20,0.01777493772194616
2002-05-10,20,0.027584140217034286
2002-05-13,20,0.01893335374945966
2002-05-14,20,0.012179544288331704
2002-05-15,20,0.005811020552130874
2002-05-16,20,0.0372725128124666
2002-05-17,20,0.03752268795195463
2002-05-20,20,0.068193410829157
2002-05-21,20,0.08161024452347528
2002-05-22,20,0.0799779367624916
2002-05-23,20,0.0997595365847288
2002-05-24,20,0.11717993713453255
2002-05-28,20,0.11622491879551897
2002-05-29,20,0.12960830541613522
2002-05-30,20,0.11256150155930823
2002-05-31,20,0.11013378848848591
2002-06-03,20,0.11573385899741867
2002-06-04,20,0.1194519903366718
2002-06-05,20,0.10541031321919016
2002-06-06,20,0.08925739864701114
2002-06-07,20,0.0881471230758252
2002-06-10,20,0.07065134887643595
2002-06-11,20,0.06263002732873194
2002-06-12,20,0.041202320666467576
2002-06-13,20,0.06992502213335071
2002-06-14,20,0.04916761406929954
2002-06-17,20,0.040698042274738326
2002-06-18,20,0.017915386054332717
2002-06-19,20,0.025394151398691257
2002-06-20,20,0.037733521795299055
2002-06-21,20,0.02548415460822142
2002-06-24,20,0.04189350591839608
2002-06-25,20,0.07208947215157172
2002-06-26,20,0.06200632870766676
2002-06-27,20,0.04952763536030222
2002-06-28,20,0.03855845222914222
2002-07-01,20,0.071841554856736
2002-07-02,20,0.1035887034138763
2002-07-03,20,0.0832813208942324
2002-07-05,20,0.08859799992953474
2002-07-08,20,0.09706732728608042
2002-07-09,20,0.10815514495032899
2002-07-10,20,0.1149092773824155
2002-07-11,20,0.14445779826562177
2002-07-12,20,0.14607632739970847
2002-07-15,20,0.16661749405360993
2002-07-16,20,0.15887899584514184
2002-07-17,20,0.18082425548772352
2002-07-18,20,0.20711102233511244
2002-07-19,20,0.21108632125656357
2002-07-22,20,0.20477278770566837
2002-07-23,20,0.18215967162260316
2002-07-24,20,0.13766974558735856
2002-07-25,20,0.08122557089548073
2002-07-26,20,0.0761104572961367
2002-07-29,20,0.058938012074496886
2002-07-30,20,0.00529704882787402
2002-07-31,20,-0.005235182349908129
2002-08-01,20,-0.009717708535301484
2002-08-02,20,0.007369577148917853
2002-08-05,20,-0.008374898031389596
2002-08-06,20,-0.005072333339884892
2002-08-07,20,0.009323057097199232
2002-08-08,20,-0.01115988952773566
2002-08-09,20,-0.0011539432301291453
2002-08-12,20,-0.008967154174860242
2002-08-13,20,-0.01470003959009436
2002-08-14,20,-0.005912490336846469
2002-08-15,20,-0.019348371518076175
2002-08-16,20,0.008320819354613155
2002-08-19,20,0.035932230882229105
2002-08-20,20,0.05181132908737764
2002-08-21,20,0.11714664476946139
2002-08-22,20,0.15298837788586608
2002-08-23,20,0.15876447793238382
2002-08-26,20,0.18031168118107366
2002-08-27,20,0.20646479676766868
2002-08-28,20,0.21150092489872818
2002-08-29,20,0.24202844724618322
2002-08-30,20,0.24590530943426878
2002-09-03,20,0.2568669707431665
2002-09-04,20,0.26020336738842126
2002-09-05,20,0.24964690729052952
2002-09-06,20,0.2410263923323737
2002-09-09,20,0.23876437440753573
2002-09-10,20,0.26558544900482683
2002-09-11,20,0.28678245262439395
2002-09-12,20,0.2998214024714178
2002-09-13,20,0.2721039237705317
2002-09-16,20,0.23247195383432348
2002-09-17,20,0.1969249926851711
2002-09-18,20,0.20089066839680875
2002-09-19,20,0.20679115552106184
2002-09-20,20,0.23519619127565028
2002-09-23,20,0.2188628356994865
2002-09-24,20,0.17064600397327853
2002-09-25,20,0.13995798676092752
2002-09-26,20,0.10357813054202816
2002-09-27,20,0.0600736123665613
2002-09-30,20,0.025603506197276492
2002-10-01,20,0.026987851164849575
2002-10-02,20,-0.0002117777566884461
2002-10-03,20,-0.04498367679279964
2002-10-04,20,-0.06246567757082078
2002-10-07,20,-0.09694467294730483
2002-10-08,20,-0.11118319902159363
2002-10-09,20,-0.1336213225177524
2002-10-10,20,-0.18946181332403728
2002-10-11,20,-0.18780891562229712
2002-10-14,20,-0.17661271818323465
2002-10-15,20,-0.140598749284882
2002-10-16,20,-0.17163036794079375
2002-10-17,20,-0.1936148196021918
2002-10-18,20,-0.22023595066871565
2002-10-21,20,-0.2364624887580142
2002-10-22,20,-0.22352668286854227
2002-10-23,20,-0.23280215573585006
2002-10-24,20,-0.2563647725572522
2002-10-25,20,-0.2606531320622788
2002-10-28,20,-0.26474439466069133
2002-10-29,20,-0.2730982774574942
2002-10-30,20,-0.2801747303025042
2002-10-31,20,-0.30193048206449247
2002-11-01,20,-0.3065655216506269
2002-11-04,20,-0.2777636901198179
2002-11-05,20,-0.27391749192917153
2002-11-06,20,-0.1866521539315701
2002-11-07,20,-0.1946827335554975
2002-11-08,20,-0.1956332787424718
2002-11-11,20,-0.2713699158343153
2002-11-12,20,-0.24898344960544738
2002-11-13,20,-0.255161015259702
2002-11-14,20,-0.20188650953979548
2002-11-15,20,-0.19322850152805335
2002-11-18,20,-0.13449113081554023
2002-11-19,20,-0.09102654382164548
2002-11-20,20,-0.045281289933458396
2002-11-21,20,0.03509019118605313
2002-11-22,20,0.0668648612545691
2002-11-25,20,0.11405142977935662
2002-11-26,20,0.12496964429494868
2002-11-27,20,0.12599483875839196
2002-11-29,20,0.14716818565347536
2002-12-02,20,0.11850006381458232
2002-12-03,20,0.08994026537743685
2002-12-04,20,0.09844485297346692
2002-12-05,20,0.051934991936616166
2002-12-06,20,0.017203478252028823
2002-12-09,20,-0.02890489005309559
2002-12-10,20,-0.023440748647378662
2002-12-11,20,-0.05451459415657089
2002-12-12,20,-0.056558861263644865
2002-12-13,20,-0.09341941138681523
2002-12-16,20,-0.06547410673801707
2002-12-17,20,-0.08220969531773896
2002-12-18,20,-0.06556694737450143
2002-12-19,20,-0.07842309149456135
2002-12-20,20,-0.05159268934615817
2002-12-23,20,-0.05483326662154545
2002-12-24,20,-0.04177029644304332
2002-12-26,20,-0.01881464460659963
2002-12-27,20,-0.004977239224476713
2002-12-30,20,0.018027749457229385
2002-12-31,20,0.05282238966709018
2003-01-02,20,0.07754877958203951
2003-01-03,20,0.05823866469286435
2003-01-06,20,0.09312274563265524
2003-01-07,20,0.11989164460960161
2003-01-08,20,0.14680045012188064
2003-01-09,20,0.15725415912817267
2003-01-10,20,0.1845556479218655
2003-01-13,20,0.21274023071618545
2003-01-14,20,0.2441730161581484
2003-01-15,20,0.21784356324764162
2003-01-16,20,0.2171876245361772
2003-01-17,20,0.19507828743022115
2003-01-21,20,0.210524796994481
2003-01-22,20,0.18533895439269377
2003-01-23,20,0.1843916266665911
2003-01-24,20,0.1348222541606983
2003-01-27,20,0.13926426645282083
2003-01-28,20,0.1405015151210327
2003-01-29,20,0.14846489709954946
2003-01-30,20,0.12080709009779093
2003-01-31,20,0.10430479893686237
2003-02-03,20,0.1305499620562263
2003-02-04,20,0.10536082622260931
2003-02-05,20,0.09074866771338212
2003-02-06,20,0.06178267120783173
2003-02-07,20,0.07144564031420475
2003-02-10,20,0.08353732282260659
2003-02-11,20,0.06414884025601547
2003-02-12,20,0.06017227480534373
2003-02-13,20,0.04746750108467921
2003-02-14,20,-0.0004803547976058623
2003-02-18,20,-0.010084614213059844
2003-02-19,20,-0.03336670351821198
2003-02-20,20,-0.02905784525648325
2003-02-21,20,-0.0627686377657129
2003-02-24,20,-0.02506448353157428
2003-02-25,20,-0.04553120178251767
2003-02-26,20,-0.056570239982151084
2003-02-27,20,-0.02846795319172741
2003-02-28,20,-0.01244657909216936
2003-03-03,20,0.007344111633684572
2003-03-04,20,-0.04396191362823827
2003-03-05,20,-0.05431631314286077
2003-03-06,20,-0.05997327854528047
2003-03-07,20,-0.06049334441709226
2003-03-10,20,-0.1035271609526517
2003-03-11,20,-0.11144140920483178
2003-03-12,20,-0.11289679508796
2003-03-13,20,-0.11602211430392538
2003-03-14,20,-0.12069529997234191
2003-03-17,20,-0.08112283927536423
2003-03-18,20,-0.0378029174718344
2003-03-19,20,-0.004967482345885198
2003-03-20,20,-0.03700026871568066
2003-03-21,20,-0.0080241307841041
2003-03-24,20,-0.09663636042547115
2003-03-25,20,-0.1074746993486804
2003-03-26,20,-0.1374046077501605
2003-03-27,20,-0.13341651710401947
2003-03-28,20,-0.17463413378215
2003-03-31,20,-0.19346165649405542
2003-04-01,20,-0.19493230431180916
2003-04-02,20,-0.19784301513207522
2003-04-03,20,-0.2307678467017173
2003-04-04,20,-0.22228020038372157
2003-04-07,20,-0.22770126544691924
2003-04-08,20,-0.2376515686872775
2003-04-09,20,-0.25644165271382124
2003-04-10,20,-0.2593601166872161
2003-04-11,20,-0.2865581085117067
2003-04-14,20,-0.292307980581397
2003-04-15,20,-0.3179273265387247
2003-04-16,20,-0.33140518839548616
2003-04-17,20,-0.29774352660447784
2003-04-21,20,-0.2933090211044981
2003-04-22,20,-0.2775909182684726
2003-04-23,20,-0.23433372268290598
2003-04-24,20,-0.2438452809640285
2003-04-25,20,-0.2497946065318185
2003-04-28,20,-0.22532512216400813
2003-04-29,20,-0.23450563834589516
2003-04-30,20,-0.23443090561337246
2003-05-01,20,-0.2432968944896882
2003-05-02,20,-0.24205236585616258
2003-05-05,20,-0.22580154941401612
2003-05-06,20,-0.22323165485305732
2003-05-07,20,-0.22242378756429376
2003-05-08,20,-0.24974076844205106
2003-05-09,20,-0.198023508503942
2003-05-12,20,-0.20205731533622534
2003-05-13,20,-0.1835190949703406
2003-05-14,20,-0.1725916036138503
2003-05-15,20,-0.1348018769039766
2003-05-16,20,-0.14608074135465948
2003-05-19,20,-0.14676869721557034
2003-05-20,20,-0.15046305654309017
2003-05-21,20,-0.15754237495571985
2003-05-22,20,-0.19396538151021298
2003-05-23,20,-0.17116962110666356
2003-05-27,20,-0.15150881272600897
2003-05-28,20,-0.12846757768213207
2003-05-29,20,-0.08258017337673423
2003-05-30,20,-0.04479358604765668
2003-06-02,20,-0.02733396587041359
2003-06-03,20,-0.0011458238158270735
2003-06-04,20,0.015396577581878427
2003-06-05,20,0.03856248533572395
2003-06-06,20,0.06175937081799649
2003-06-09,20,0.03875505030234155
2003-06-10,20,0.03371043787964354
2003-06-11,20,0.03445455197778869
2003-06-12,20,0.04077308719308863
2003-06-13,20,0.04261531692079092
2003-06-16,20,0.03482526656028275
2003-06-17,20,0.01032399328495917
2003-06-18,20,0.0003078677383912621
2003-06-19,20,0.005111644387538732
2003-06-20,20,0.05891923380716392
2003-06-23,20,0.032185914166113376
2003-06-24,20,0.042631862697977745
2003-06-25,20,0.02959026058895663
2003-06-26,20,-0.002323543930483454
2003-06-27,20,-0.020416549879820133
2003-06-30,20,-0.018985558398984095
2003-07-01,20,-0.06485734508137576
2003-07-02,20,-0.05786688736868342
2003-07-03,20,-0.06524895932918273
2003-07-07,20,-0.08793993821477322
2003-07-08,20,-0.09852826212693976
2003-07-09,20,-0.09923916893309745
2003-07-10,20,-0.09084696141089142
2003-07-11,20,-0.07841778950349028
2003-07-14,20,-0.08093097155910145
2003-07-15,20,-0.04205915779892761
2003-07-16,20,-0.025800145517490103
2003-07-17,20,-0.026278248095849544
2003-07-18,20,-0.026480223322616323
2003-07-21,20,-0.040433612745109204
2003-07-22,20,-0.01377287155137279
2003-07-23,20,-0.009328642103229201
2003-07-24,20,-0.05257628071298158
2003-07-25,20,-0.029309453929719138
2003-07-28,20,-0.04017453292177482
2003-07-29,20,-0.038281078589916764
2003-07-30,20,-0.005648682200531966
2003-07-31,20,0.043468505876927
2003-08-01,20,0.037412137817953196
2003-08-04,20,0.0474623356367707
2003-08-05,20,0.067087069385748
2003-08-06,20,0.05756601465678481
2003-08-07,20,0.031994696953114375
2003-08-08,20,0.0268624630272543
2003-08-11,20,0.008453868737206171
2003-08-12,20,-0.011064503187466764
2003-08-13,20,-0.0031017165927588143
2003-08-14,20,0.002941345718879065
2003-08-15,20,-0.008850823193019079
2003-08-18,20,-0.05161427126092478
2003-08-19,20,-0.02057906100915758
2003-08-20,20,-0.011470214849363692
2003-08-21,20,0.027669929949101914
2003-08-22,20,0.037844346000038664
2003-08-25,20,0.05569948885912648
2003-08-26,20,0.033717912842340395
2003-08-27,20,0.030285375475760972
2003-08-28,20,-0.0069224328885867294
2003-08-29,20,0.004522599412361136
2003-09-02,20,0.012313270435304396
2003-09-03,20,0.019308295066295417
2003-09-04,20,0.06770841436559506
2003-09-05,20,0.12000065785408752
2003-09-08,20,0.14406675595534807
2003-09-09,20,0.15843613703981643
2003-09-10,20,0.16468879221001553
2003-09-11,20,0.16967965057656992
2003-09-12,20,0.1353733654537711
2003-09-15,20,0.14774105874634222
2003-09-16,20,0.13557689523690541
2003-09-17,20,0.07582058816520623
2003-09-18,20,0.09667794908190909
2003-09-19,20,0.04681166999513375
2003-09-22,20,0.07180574215437695
2003-09-23,20,0.08121203879095973
2003-09-24,20,0.07039204835940276
2003-09-25,20,0.08054943950709341
2003-09-26,20,0.09849711064430391
2003-09-29,20,0.10870811715828302
2003-09-30,20,0.14763399295655727
2003-10-01,20,0.14742256719814953
2003-10-02,20,0.09786749344364551
2003-10-03,20,0.04928055895594858
2003-10-06,20,0.04138117224751331
2003-10-07,20,0.032447738712255744
2003-10-08,20,0.03230824505113843
2003-10-09,20,-0.00153370940639738
2003-10-10,20,-0.01035694178504521
2003-10-13,20,-0.06420821196223779
2003-10-14,20,-0.07001875434391891
2003-10-15,20,-0.027452275225868957
2003-10-16,20,-0.029147823227176333
2003-10-17,20,-0.027614091389278384
2003-10-20,20,-0.06086047262348804
2003-10-21,20,-0.09230688909468342
2003-10-22,20,-0.06559489186481335
2003-10-23,20,-0.06302427452244527
2003-10-24,20,-0.04032293308325863
2003-10-27,20,-0.05553286723223981
2003-10-28,20,-0.043859739739682505
2003-10-29,20,-0.05342552661675112
2003-10-30,20,-0.02562058910628528
2003-10-31,20,0.021962021651989218
2003-11-03,20,-0.029358542462897205
2003-11-04,20,-0.08459973486637894
2003-11-05,20,-0.13150533872684128
2003-11-06,20,-0.14519925061846659
2003-11-07,20,-0.1344727604635891
2003-11-10,20,-0.13653318539066742
2003-11-11,20,-0.17633496547073926
2003-11-12,20,-0.1522763732421132
2003-11-13,20,-0.14188708075138054
2003-11-14,20,-0.13271627642683043
2003-11-17,20,-0.11685004989645408
2003-11-18,20,-0.10793614454263181
2003-11-19,20,-0.10377091513932157
2003-11-20,20,-0.11963464568955909
2003-11-21,20,-0.15523444180381665
2003-11-24,20,-0.1760001076204164
2003-11-25,20,-0.20881419147018793
2003-11-26,20,-0.2275366690772987
2003-11-28,20,-0.22774880026929242
2003-12-01,20,-0.2555533251013156
2003-12-02,20,-0.2724997526687974
2003-12-03,20,-0.24732755912167814
2003-12-04,20,-0.15415136017279746
2003-12-05,20,-0.059381038944723394
2003-12-08,20,-0.011786321009193152
2003-12-09,20,0.04985491293074699
2003-12-10,20,0.09800335198993855
2003-12-11,20,0.07297045922078339
2003-12-12,20,0.0882599408233789
2003-12-15,20,0.11986700163415387
2003-12-16,20,0.12872722671450043
2003-12-17,20,0.1189366684937047
2003-12-18,20,0.14450164765173112
2003-12-19,20,0.15626072298288524
2003-12-22,20,0.18095317935601618
2003-12-23,20,0.16322346155928463
2003-12-24,20,0.1579540231649192
2003-12-26,20,0.1191846627384966
2003-12-29,20,0.0680327531026657
2003-12-30,20,0.029134953959513557
2003-12-31,20,0.05508685300189939
2004-01-02,20,0.04962791261449829
2004-01-05,20,0.04653668336326827
2004-01-06,20,0.0012408870181696888
2004-01-07,20,0.0020215793572404936
2004-01-08,20,0.045224323996615225
2004-01-09,20,0.04518340804093022
2004-01-12,20,0.02882840919063208
2004-01-13,20,0.04063554666437911
2004-01-14,20,0.032715501413863854
2004-01-15,20,0.014281910182317314
2004-01-16,20,0.02330365200461128
2004-01-20,20,-0.011810455195895804
2004-01-21,20,-0.03473612312410475
2004-01-22,20,-0.06963559357811944
2004-01-23,20,-0.08861349106550932
2004-01-26,20,-0.09480356640875562
2004-01-27,20,-0.05450008537783244
2004-01-28,20,0.013553294934393525
2004-01-29,20,0.06799936381295714
2004-01-30,20,0.07486870425875401
2004-02-02,20,0.072294654245708
2004-02-03,20,0.04651253324663587
2004-02-04,20,0.11479502441827323
2004-02-05,20,0.08455524284010349
2004-02-06,20,-0.012654329546894594
2004-02-09,20,-0.052583433658746605
2004-02-10,20,-0.08256315333078097
2004-02-11,20,-0.11136884093978627
2004-02-12,20,-0.08970072116541196
2004-02-13,20,-0.10311915503375439
2004-02-17,20,-0.1159844036552938
2004-02-18,20,-0.06902284136730179
2004-02-19,20,-0.04720699131806375
2004-02-20,20,-0.02385129577528838
2004-02-23,20,-0.04363185083890634
2004-02-24,20,-0.044122865366247
2004-02-25,20,-0.07274708640083345
2004-02-26,20,-0.06927106542009052
2004-02-27,20,-0.06480060538019505
2004-03-01,20,-0.0728912091526543
2004-03-02,20,-0.024340810058515162
2004-03-03,20,-0.018032553705712523
2004-03-04,20,-0.03359372029877498
2004-03-05,20,0.004468964446383937
2004-03-08,20,0.05094102186401341
2004-03-09,20,0.08391659117409409
2004-03-10,20,0.12284567783069178
2004-03-11,20,0.14321491402106915
2004-03-12,20,0.08805815257827042
2004-03-15,20,0.09487407368902663
2004-03-16,20,0.05912015664847913
2004-03-17,20,-0.009253539677842029
2004-03-18,20,-0.004658586176611123
2004-03-19,20,0.005287853739491831
2004-03-22,20,0.030631360882932522
2004-03-23,20,0.05229768240676802
2004-03-24,20,0.0453666723011683
2004-03-25,20,0.0027220904391579456
2004-03-26,20,-0.03363887772855209
2004-03-29,20,-0.0757269522171843
2004-03-30,20,-0.1435252021534132
2004-03-31,20,-0.19034044033390712
2004-04-01,20,-0.2007574900033214
2004-04-02,20,-0.1805897787947867
2004-04-05,20,-0.1755546263667558
2004-04-06,20,-0.1685065897276007
2004-04-07,20,-0.19741431792865677
2004-04-08,20,-0.23334494709390688
2004-04-12,20,-0.2721981017487061
2004-04-13,20,-0.23560014037320673
2004-04-14,20,-0.2227633814807188
2004-04-15,20,-0.21603340554656894
2004-04-16,20,-0.2301075358004087
2004-04-19,20,-0.24751581765636663
2004-04-20,20,-0.21325074973469327
2004-04-21,20,-0.21946525089030475
2004-04-22,20,-0.22977907302601228
2004-04-23,20,-0.22976836521162197
2004-04-26,20,-0.21064556092850545
2004-04-27,20,-0.12651557528276616
2004-04-28,20,-0.06663398345029978
2004-04-29,20,0.009726704857740104
2004-04-30,20,0.0531839558853574
2004-05-03,20,0.05055531073749239
2004-05-04,20,0.0003217164069454499
2004-05-05,20,-0.034867469221724845
2004-05-06,20,0.04074316200715312
2004-05-07,20,0.09191592809417319
2004-05-10,20,0.12474863500421023
2004-05-11,20,0.05615579607809023
2004-05-12,20,0.06233693476232936
2004-05-13,20,0.060497634002893076
2004-05-14,20,0.0984583391655966
2004-05-17,20,0.15276174975870832
2004-05-18,20,0.1259026815332597
2004-05-19,20,0.10469342196107163
2004-05-20,20,0.11375310150790065
2004-05-21,20,0.09749305015926762
2004-05-24,20,0.10718009015624706
2004-05-25,20,0.0807631398171982
2004-05-26,20,0.11276928621670476
2004-05-27,20,0.11076398703436395
2004-05-28,20,0.1037009359804198
2004-06-01,20,0.08154902749086357
2004-06-02,20,0.0929490195009627
2004-06-03,20,0.10535675230011139
2004-06-04,20,0.10438033870970087
2004-06-07,20,0.06568731976293611
2004-06-08,20,0.04801981972512033
2004-06-09,20,0.05380477375600182
2004-06-10,20,0.03040375304411591
2004-06-14,20,0.04511039341118303
2004-06-15,20,0.030869089254199615
2004-06-16,20,0.03032409548898964
2004-06-17,20,0.02906373015251003
2004-06-18,20,0.03126666221916618
2004-06-21,20,0.030370152029374074
2004-06-22,20,0.002987349848290121
2004-06-23,20,-0.018165519932480976
2004-06-24,20,-0.02847736416232302
2004-06-25,20,-0.08262737086282759
2004-06-28,20,-0.028209058432563255
2004-06-29,20,-0.010814977070051735
2004-06-30,20,-0.015889511499551697
2004-07-01,20,0.005557462314684523
2004-07-02,20,0.019365090199734283
2004-07-06,20,-0.004758032119215237
2004-07-07,20,-0.03362616255898877
2004-07-08,20,-0.04447638560084875
2004-07-09,20,-0.0558064274903857
2004-07-12,20,-0.029867262536775872
2004-07-13,20,-0.01945810614527194
2004-07-14,20,-0.046108538305944774
2004-07-15,20,-0.04423024522633309
2004-07-16,20,-0.04864662050877011
2004-07-19,20,-0.039740618902127454
2004-07-20,20,-0.045046300539661556
2004-07-21,20,-0.009296761860000006
2004-07-22,20,-0.012258474143195365
2004-07-23,20,-0.016048960342700876
2004-07-26,20,-0.007441114838000379
2004-07-27,20,-0.07513052060874033
2004-07-28,20,-0.07915406013872729
2004-07-29,20,-0.07519362199747481
2004-07-30,20,-0.087789666356168
2004-08-02,20,-0.08376600993887626
2004-08-03,20,-0.05968166012748932
2004-08-04,20,-0.028931075069736637
2004-08-05,20,-0.01278483067295883
2004-08-06,20,0.038768414984589564
2004-08-09,20,0.04729655451440985
2004-08-10,20,0.020695693291112885
2004-08-11,20,0.06032075773582329
2004-08-12,20,0.059388860298274546
2004-08-13,20,0.028490282941908772
2004-08-16,20,0.049690386072068944
2004-08-17,20,0.06546269636449069
2004-08-18,20,0.05770255959634257
2004-08-19,20,0.02386897278255194
2004-08-20,20,0.03412771592881442
2004-08-23,20,0.06193758012415555
2004-08-24,20,0.10144836354205898
2004-08-25,20,0.11773537141340916
2004-08-26,20,0.13214419264098445
2004-08-27,20,0.13004158238303656
2004-08-30,20,0.13832682076355568
2004-08-31,20,0.12503581921626197
2004-09-01,20,0.11139079926450302
2004-09-02,20,0.08456576248017486
2004-09-03,20,0.068361401159822
2004-09-07,20,0.061838344911540395
2004-09-08,20,0.04466870604900542
2004-09-09,20,0.06660992902916678
2004-09-10,20,0.10616919360903485
2004-09-13,20,0.10356259378902168
2004-09-14,20,0.10693106213910958
2004-09-15,20,0.04274917713105719
2004-09-16,20,0.0864076891373292
2004-09-17,20,0.11611953893357814
2004-09-20,20,0.11071319490612909
2004-09-21,20,0.11094855766368814
2004-09-22,20,0.08410561964165707
2004-09-23,20,0.063674824105275
2004-09-24,20,0.02495838918403041
2004-09-27,20,0.014037870849670201
2004-09-28,20,0.022486688774318316
2004-09-29,20,0.010648771711522434
2004-09-30,20,-0.023893211301905016
2004-10-01,20,-0.02619636998080914
2004-10-04,20,-0.04128136945998199
2004-10-05,20,-0.058206729195641876
2004-10-06,20,-0.05272131284596799
2004-10-07,20,-0.03842586656748424
2004-10-08,20,-0.06820280360052121
2004-10-11,20,-0.057205083610951654
2004-10-12,20,-0.05056842988018734
2004-10-13,20,0.023206669052276054
2004-10-14,20,-0.026220746508145154
2004-10-15,20,-0.04454136926919025
2004-10-18,20,-0.07563775137907906
2004-10-19,20,-0.09751805847290344
2004-10-20,20,-0.11076205884574533
2004-10-21,20,-0.1130587573499447
2004-10-22,20,-0.09593683835071938
2004-10-25,20,-0.0574821447893678
2004-10-26,20,-0.06413840943526292
2004-10-27,20,-0.030620889259578603
2004-10-28,20,0.017893099798690828
2004-10-29,20,0.01229172562852211
2004-11-01,20,0.060934969426385446
2004-11-02,20,0.02963595527659249
2004-11-03,20,-0.024620113476993593
2004-11-04,20,-0.019661263704176313
2004-11-05,20,0.00369210297822025
2004-11-08,20,-0.017990338925153927
2004-11-09,20,-0.005623462008349545
2004-11-10,20,-0.04415362018643282
2004-11-11,20,-0.050763399525988885
2004-11-12,20,0.0030120915713594426
2004-11-15,20,0.021407946992816663
2004-11-16,20,0.03598348328658613
2004-11-17,20,0.04193422475132611
2004-11-18,20,0.04432323834802106
2004-11-19,20,0.04514519668033241
2004-11-22,20,0.026346792920986354
2004-11-23,20,-0.01647259375193456
2004-11-24,20,-0.015413445759977554
2004-11-26,20,-0.02985933403486021
2004-11-29,20,-0.009501831184273045
2004-11-30,20,-0.07559714479972475
2004-12-01,20,-0.07432808343302254
2004-12-02,20,-0.04379478541856296
2004-12-03,20,-0.07596590389141562
2004-12-06,20,-0.0317529234162437
2004-12-07,20,-0.003627844090089657
2004-12-08,20,-0.0005214738829333171
2004-12-09,20,-0.01319506214174615
2004-12-10,20,0.01795109557475437
2004-12-13,20,-0.0011881880233176028
2004-12-14,20,0.03246139078799107
2004-12-15,20,0.05538774602149462
2004-12-16,20,0.06411850930700097
2004-12-17,20,0.06389334624802881
2004-12-20,20,0.08702274200172531
2004-12-21,20,0.08063184353269767
2004-12-22,20,0.10899668886749307
2004-12-23,20,0.09245423148483382
2004-12-27,20,0.08349862179904986
2004-12-28,20,0.07769400849034734
2004-12-29,20,0.11521846921948846
2004-12-30,20,0.13040949771906826
2004-12-31,20,0.145990542135923
2005-01-03,20,0.1711467948674704
2005-01-04,20,0.17357547244142443
2005-01-05,20,0.1690320750121464
2005-01-06,20,0.14379576661620078
2005-01-07,20,0.15552884914558932
2005-01-10,20,0.12065043858509873
2005-01-11,20,0.12425695850098036
2005-01-12,20,0.1313523628410965
2005-01-13,20,0.08612124685019143
2005-01-14,20,0.08905460263035754
2005-01-18,20,0.08613867868985124
2005-01-19,20,0.07580039214111832
2005-01-20,20,0.09880062659035241
2005-01-21,20,0.08857112061521567
2005-01-24,20,0.07415066192119367
2005-01-25,20,0.08369885907689714
2005-01-26,20,0.09471229165470185
2005-01-27,20,0.10294410605313416
2005-01-28,20,0.09446577765921267
2005-01-31,20,0.05688646418654263
2005-02-01,20,0.07832674413334866
2005-02-02,20,0.06494880232241423
2005-02-03,20,0.05735473911852769
2005-02-04,20,0.06016212481304343
2005-02-07,20,0.07053720530042953
2005-02-08,20,0.06356190624259207
2005-02-09,20,0.027974926073367476
2005-02-10,20,0.06896323452127166
2005-02-11,20,0.07382812141931726
2005-02-14,20,0.08643495697588402
2005-02-15,20,0.0916240268022661
2005-02-16,20,0.0866533933081099
2005-02-17,20,0.07479174241774846
2005-02-18,20,0.07890009570684031
2005-02-22,20,0.10448080367905002
2005-02-23,20,0.07291519244802051
2005-02-24,20,0.06064500064570046
2005-02-25,20,0.0367254535778135
2005-02-28,20,0.02877284244554869
2005-03-01,20,0.03347870704425252
2005-03-02,20,0.03134081984235101
2005-03-03,20,0.06624592772510919
2005-03-04,20,0.060538831719414654
2005-03-07,20,0.06563587442079273
2005-03-08,20,0.06739706498620639
2005-03-09,20,0.0870470416852595
2005-03-10,20,0.10613265706298042
2005-03-11,20,0.08758816270729253
2005-03-14,20,0.12394267522260977
2005-03-15,20,0.06921700001105237
2005-03-16,20,0.02794955259840379
2005-03-17,20,-0.005430922555424791
2005-03-18,20,0.002917466547873229
2005-03-21,20,0.04199376523765195
2005-03-22,20,0.02596447006013897
2005-03-23,20,0.04391855914692322
2005-03-24,20,0.04653563552462996
2005-03-28,20,0.09101490426201997
2005-03-29,20,0.10882593264271538
2005-03-30,20,0.11213929583278023
2005-03-31,20,0.07833747284632527
2005-04-01,20,0.04344105595004658
2005-04-04,20,0.05111893310468733
2005-04-05,20,0.04308600707009743
2005-04-06,20,0.04199518078087491
2005-04-07,20,0.062311315106222905
2005-04-08,20,0.10678968552933844
2005-04-11,20,0.08055604176861361
2005-04-12,20,0.06489925226198978
2005-04-13,20,0.09782617325852047
2005-04-14,20,0.08517884670972069
2005-04-15,20,0.07810135876826699
2005-04-18,20,0.0772589068486652
2005-04-19,20,0.06869990612211434
2005-04-20,20,0.07668991185041821
2005-04-21,20,0.0771652820480396
2005-04-22,20,0.031011058512899
2005-04-25,20,0.009417559726670048
2005-04-26,20,0.019032164441206312
2005-04-27,20,0.018857936697836815
2005-04-28,20,0.024585440410378738
2005-04-29,20,0.01939927376432939
2005-05-02,20,0.0109277993889987
2005-05-03,20,0.014332552019476403
2005-05-04,20,0.0026567721083084962
2005-05-05,20,-0.0031937873568745026
2005-05-06,20,-0.022195190752409916
2005-05-09,20,-0.02961251467382342
2005-05-10,20,-0.0340793919456734
2005-05-11,20,-0.04629784809465685
2005-05-12,20,-0.0240634589596829
2005-05-13,20,-0.0031266289980565885
2005-05-16,20,-0.006043447894617768
2005-05-17,20,-0.00830582044911216
2005-05-18,20,-0.015360710100285098
2005-05-19,20,-0.006178743165878004
2005-05-20,20,0.019566538467486308
2005-05-23,20,-0.0010239311646291225
2005-05-24,20,0.0001780078393660454
2005-05-25,20,0.02215691973998634
2005-05-26,20,-0.0013148813167313863
2005-05-27,20,0.0280980114258205
2005-05-31,20,0.012080745233287834
2005-06-01,20,0.01293940045607873
2005-06-02,20,0.03777432266670464
2005-06-03,20,0.02664847411826637
2005-06-06,20,0.03248174432459512
2005-06-07,20,0.04884804195098866
2005-06-08,20,0.08179583990313972
2005-06-09,20,0.06737227309386243
2005-06-10,20,0.05795232360003051
2005-06-13,20,0.06328041076599893
2005-06-14,20,0.060745227870111024
2005-06-15,20,0.026313524001637882
2005-06-16,20,0.021324439123337872
2005-06-17,20,0.011894148443046815
2005-06-20,20,0.02437877022783034
2005-06-21,20,0.044705912418314696
2005-06-22,20,0.011161960811405499
2005-06-23,20,0.010856025973940314
2005-06-24,20,0.009450076273282986
2005-06-27,20,-0.015472511958107688
2005-06-28,20,-0.015408784250557906
2005-06-29,20,0.02533520133438317
2005-06-30,20,0.006867782325563756
2005-07-01,20,0.006376397238162996
2005-07-05,20,-0.0005785540926515056
2005-07-06,20,-0.004891207372781839
2005-07-07,20,-0.029933721300710703
2005-07-08,20,-0.037372685088994315
2005-07-11,20,-0.03415695772059575
2005-07-12,20,-0.03056401050410571
2005-07-13,20,-0.004826695213096332
2005-07-14,20,0.02568460480128365
2005-07-15,20,0.021015611460631155
2005-07-18,20,0.028494222068326996
2005-07-19,20,-0.0039324942395565785
2005-07-20,20,-0.007612692263175608
2005-07-21,20,0.008557924121703486
2005-07-22,20,0.016269616227562397
2005-07-25,20,0.029661289187460273
2005-07-26,20,0.032336043932883085
2005-07-27,20,0.023642287575629115
2005-07-28,20,-0.021145850853781012
2005-07-29,20,-0.012996330114375336
2005-08-01,20,-0.01968380656117726
2005-08-02,20,-0.013724036737462666
2005-08-03,20,0.03860406320931644
2005-08-04,20,0.05803739318482078
2005-08-05,20,0.06067128721039196
2005-08-08,20,0.09436537677479184
2005-08-09,20,0.10481938033409477
2005-08-10,20,0.09295760461820911
2005-08-11,20,0.10646100889433839
2005-08-12,20,0.09757264641565733
2005-08-15,20,0.10922604068868089
2005-08-16,20,0.11932093160195771
2005-08-17,20,0.10357803875131733
2005-08-18,20,0.11003962301801812
2005-08-19,20,0.12008114856258752
2005-08-22,20,0.09523647828175255
2005-08-23,20,0.09583110803488741
2005-08-24,20,0.09796928279570909
2005-08-25,20,0.1295237283455897
2005-08-26,20,0.15377716747550896
2005-08-29,20,0.14381950288164752
2005-08-30,20,0.12929227458313727
2005-08-31,20,0.10889658216038754
2005-09-01,20,0.14091615002523747
2005-09-02,20,0.16239496507915993
2005-09-06,20,0.11535442984408822
2005-09-07,20,0.06209142342247729
2005-09-08,20,0.014781747002106601
2005-09-09,20,0.021013182686141094
2005-09-12,20,0.010763936956208038
2005-09-13,20,0.007996565339985834
2005-09-14,20,-0.021043912803738598
2005-09-15,20,-0.014109702800387992
2005-09-16,20,0.031409967041650555
2005-09-19,20,0.03632279614856427
2005-09-20,20,0.018993750701445173
2005-09-21,20,0.03202895491749281
2005-09-22,20,0.0010907014975850685
2005-09-23,20,0.007243620098573087
2005-09-26,20,0.017670682976147347
2005-09-27,20,0.026404501847656657
2005-09-28,20,-0.016044888962546244
2005-09-29,20,-0.04503505482602224
2005-09-30,20,-0.035770204704317354
2005-10-03,20,-0.02938073345034026
2005-10-04,20,-0.009331196996975297
2005-10-05,20,0.03794431529059821
2005-10-06,20,0.11068405629022596
2005-10-07,20,0.07255631881564344
2005-10-10,20,0.0918926307751295
2005-10-11,20,0.07398556639980426
2005-10-12,20,0.08667751286455903
2005-10-13,20,0.0791248307325525
2005-10-14,20,0.047269398934753314
2005-10-17,20,0.020273591985205546
2005-10-18,20,0.05387561039792895
2005-10-19,20,0.057227259178093695
2005-10-20,20,0.09492675921574854
2005-10-21,20,0.05170097526115628
2005-10-24,20,0.032858911176447965
2005-10-25,20,0.035972693994752655
2005-10-26,20,0.019831292687173655
2005-10-27,20,0.053400202990174915
2005-10-28,20,0.017088016303800056
2005-10-31,20,0.007464165853738454
2005-11-01,20,0.02793882511640245
2005-11-02,20,0.02521035697898994
2005-11-03,20,0.022572410859281793
2005-11-04,20,0.04095264406970494
2005-11-07,20,0.039943122259787016
2005-11-08,20,0.016776466141853526
2005-11-09,20,0.055459886772778695
2005-11-10,20,0.04264958828228462
2005-11-11,20,0.03434626488706124
2005-11-14,20,0.04412921875980053
2005-11-15,20,0.017818912222753284
2005-11-16,20,-0.006241117292765634
2005-11-17,20,-0.031092599065279815
2005-11-18,20,-0.012922601454258976
2005-11-21,20,-0.009662469238392436
2005-11-22,20,-0.006697707328990529
2005-11-23,20,0.035489208687123845
2005-11-25,20,0.027807871670947865
2005-11-28,20,0.04791101121696156
2005-11-29,20,0.05321302066700418
2005-11-30,20,0.04683122137236052
2005-12-01,20,0.016119497311322614
2005-12-02,20,0.05081253895897887
2005-12-05,20,0.039788534342518035
2005-12-06,20,0.038288674201055015
2005-12-07,20,0.08035436201029897
2005-12-08,20,0.047896154385052236
2005-12-09,20,0.08263964438336985
2005-12-12,20,0.06688778342261079
2005-12-13,20,0.06690236938106593
2005-12-14,20,0.07163975740743803
2005-12-15,20,0.09511033242740316
2005-12-16,20,0.0845264077246053
2005-12-19,20,0.11543668273863553
2005-12-20,20,0.09181479460916755
2005-12-21,20,0.07943361391157107
2005-12-22,20,0.05741130298166308
2005-12-23,20,0.05359690693739924
2005-12-27,20,0.06893040563351187
2005-12-28,20,0.06108932421846464
2005-12-29,20,0.08214612798627574
2005-12-30,20,0.09818157204469367
2006-01-03,20,0.07640393245730376
2006-01-04,20,0.0530647747142311
2006-01-05,20,0.06582990936062098
2006-01-06,20,0.06931750514524489
2006-01-09,20,0.036626876317526195
2006-01-10,20,0.028871260189300838
2006-01-11,20,0.016430695443408264
2006-01-12,20,0.008301397534255598
2006-01-13,20,-0.013621028765083604
2006-01-17,20,-0.016252259134209367
2006-01-18,20,-0.00716715753737473
2006-01-19,20,0.003922630978837156
2006-01-20,20,0.02090062705600475
2006-01-23,20,0.032321066017179295
2006-01-24,20,0.024878445975249366
2006-01-25,20,0.03779934409131327
2006-01-26,20,0.026264103284543098
2006-01-27,20,0.0026480852443105714
2006-01-30,20,-0.0033264033854932228
2006-01-31,20,0.03199498823988522
2006-02-01,20,0.04842344584676302
2006-02-02,20,0.05454430787387012
2006-02-03,20,0.022398708615505917
2006-02-06,20,-0.013216282801691268
2006-02-07,20,0.016520660780704785
2006-02-08,20,0.014840760927274085
2006-02-09,20,0.016579309089126006
2006-02-10,20,0.03724226038267527
2006-02-13,20,0.07900239108614276
2006-02-14,20,0.109778071825284
2006-02-15,20,0.11979394397676611
2006-02-16,20,0.08440274895025966
2006-02-17,20,0.07653956669111334
2006-02-21,20,0.039906790515377016
2006-02-22,20,0.04152654475955574
2006-02-23,20,0.04750526715345228
2006-02-24,20,0.05886548616306129
2006-02-27,20,0.07820179057977895
2006-02-28,20,0.09191557917912363
2006-03-01,20,0.09003657502982948
2006-03-02,20,0.055409577414242545
2006-03-03,20,0.07374914725883584
2006-03-06,20,0.12591769753540202
2006-03-07,20,0.17591543062967743
2006-03-08,20,0.18143728380062377
2006-03-09,20,0.1984499503328409
2006-03-10,20,0.1749514178797093
2006-03-13,20,0.15279207553433863
2006-03-14,20,0.1112374341673284
2006-03-15,20,0.10719868522378452
2006-03-16,20,0.11167420675930013
2006-03-17,20,0.1163552699570862
2006-03-20,20,0.131018467832833
2006-03-21,20,0.1567192759557534
2006-03-22,20,0.15285585440488358
2006-03-23,20,0.14042819210019722
2006-03-24,20,0.1250462328714467
2006-03-27,20,0.11000412579823554
2006-03-28,20,0.09630454935200371
2006-03-29,20,0.04146919228467132
2006-03-30,20,0.06480790843936608
2006-03-31,20,0.09080708561100527
2006-04-03,20,0.06987841221072058
2006-04-04,20,0.0676177705793305
2006-04-05,20,0.0668537243066235
2006-04-06,20,0.07067985187402065
2006-04-07,20,0.08159167582322698
2006-04-10,20,0.11187054726175354
2006-04-11,20,0.12236583565826026
2006-04-12,20,0.05899022225690777
2006-04-13,20,0.01054419055336737
2006-04-17,20,-0.059901554705659686
2006-04-18,20,-0.07196991337010833
2006-04-19,20,-0.11943939326127556
2006-04-20,20,-0.14398782838559795
2006-04-21,20,-0.1363885002826718
2006-04-24,20,-0.19803286738157755
2006-04-25,20,-0.16080712641696873
2006-04-26,20,-0.19092351421227075
2006-04-27,20,-0.12298981533990143
2006-04-28,20,-0.13450094051395486
2006-05-01,20,-0.2128628668948213
2006-05-02,20,-0.20040256808903012
2006-05-03,20,-0.18339810194291178
2006-05-04,20,-0.20162498170664866
2006-05-05,20,-0.2455006300804599
2006-05-08,20,-0.23736868340678977
2006-05-09,20,-0.2821578024618215
2006-05-10,20,-0.31252153259132426
2006-05-11,20,-0.28534143505059434
2006-05-12,20,-0.31471918726586845
2006-05-15,20,-0.2942043019409587
2006-05-16,20,-0.28641930423408907
2006-05-17,20,-0.1617290751576069
2006-05-18,20,-0.13388303219731024
2006-05-19,20,-0.17826933417474447
2006-05-22,20,-0.10243829915027554
2006-05-23,20,-0.0779269528214526
2006-05-24,20,-0.015731048019161614
2006-05-25,20,-0.02247882487522777
2006-05-26,20,-0.03074988905878901
2006-05-30,20,0.0053289464216140425
2006-05-31,20,-0.025945352551718277
2006-06-01,20,0.021055588873193476
2006-06-02,20,0.04424431512010513
2006-06-05,20,0.12076937685779783
2006-06-06,20,0.08748721480712865
2006-06-07,20,0.13367347023363046
2006-06-08,20,0.1481887101561601
2006-06-09,20,0.13317941972205852
2006-06-12,20,0.21881106698045696
2006-06-13,20,0.23049600985105698
2006-06-14,20,0.18444947467155873
2006-06-15,20,0.0791429649809164
2006-06-16,20,0.07293604825446923
2006-06-19,20,0.08419226333525448
2006-06-20,20,0.12150637925848444
2006-06-21,20,0.025587642794105973
2006-06-22,20,-0.027225664056046813
2006-06-23,20,-0.024249722818585194
2006-06-26,20,-0.025250003152046032
2006-06-27,20,-0.04895001617662494
2006-06-28,20,-0.06799434298405505
2006-06-29,20,-0.07567111128468156
2006-06-30,20,-0.06035203691671466
2006-07-03,20,-0.09435957576538682
2006-07-05,20,-0.05491795051237834
2006-07-06,20,-0.029679052803695555
2006-07-07,20,-0.0406603350006007
2006-07-10,20,-0.023609917603183782
2006-07-11,20,-0.035340038509682106
2006-07-12,20,-0.03401236270060503
2006-07-13,20,-0.008232718197906112
2006-07-14,20,-0.020373091477418368
2006-07-17,20,-0.0016510319388868835
2006-07-18,20,0.007096216080962886
2006-07-19,20,-0.01922584772970702
2006-07-20,20,-0.017595939658410723
2006-07-21,20,0.005982788249345171
2006-07-24,20,-0.018699599278744726
2006-07-25,20,-0.01998249488983635
2006-07-26,20,-0.010260265296939294
2006-07-27,20,-0.012433731990064343
2006-07-28,20,-0.046889547992588196
2006-07-31,20,-0.06937337713129334
2006-08-01,20,-0.0593447311076575
2006-08-02,20,-0.08821704197819562
2006-08-03,20,-0.11226939848876402
2006-08-04,20,-0.07670418942242356
2006-08-07,20,-0.06700037134590071
2006-08-08,20,-0.07787644715264734
2006-08-09,20,-0.08727451618413189
2006-08-10,20,-0.11578232814864366
2006-08-11,20,-0.11942940401647607
2006-08-14,20,-0.12285441212334028
2006-08-15,20,-0.1252506869176921
2006-08-16,20,-0.14257869902765857
2006-08-17,20,-0.13425883655501517
2006-08-18,20,-0.12702464374124228
2006-08-21,20,-0.1329209180973672
2006-08-22,20,-0.12838188953584834
2006-08-23,20,-0.11571111396266155
2006-08-24,20,-0.10272779145303731
2006-08-25,20,-0.10065854968333458
2006-08-28,20,-0.10820762611122431
2006-08-29,20,-0.0766136031672524
2006-08-30,20,-0.05283560640167006
2006-08-31,20,-0.034966606643447036
2006-09-01,20,-0.04552454853215987
2006-09-05,20,-0.07686976570156698
2006-09-06,20,-0.04515372422138829
2006-09-07,20,-0.030658599250844673
2006-09-08,20,-0.023413247848405466
2006-09-11,20,0.008970443477959163
2006-09-12,20,0.05106012397713274
2006-09-13,20,0.022672711613223942
2006-09-14,20,0.04897530745007034
2006-09-15,20,0.08959512614571556
2006-09-18,20,0.07957609524096333
2006-09-19,20,0.07579119646465218
2006-09-20,20,0.04522542015280965
2006-09-21,20,0.04771597928263893
2006-09-22,20,0.04769077893979677
2006-09-25,20,0.056257776321313645
2006-09-26,20,0.06685739643281052
2006-09-27,20,0.010144561509975288
2006-09-28,20,0.0015517018217298376
2006-09-29,20,-0.01766266328838441
2006-10-02,20,-0.020684011897565188
2006-10-03,20,0.011295886890459685
2006-10-04,20,-0.038241712507529294
2006-10-05,20,-0.06297256204506568
2006-10-06,20,-0.04991115743825039
2006-10-09,20,-0.05255113695859748
2006-10-10,20,-0.05937431642855135
2006-10-11,20,-0.06753229184475114
2006-10-12,20,-0.06382218483719945
2006-10-13,20,-0.07717661295577798
2006-10-16,20,-0.08495184042663545
2006-10-17,20,-0.09521423696127723
2006-10-18,20,-0.08545976181162615
2006-10-19,20,-0.105023424247583
2006-10-20,20,-0.10173832391586288
2006-10-23,20,-0.08760919502545687
2006-10-24,20,-0.0945722231544868
2006-10-25,20,-0.0661551254432168
2006-10-26,20,-0.056066749535469286
2006-10-27,20,-0.027905130601865013
2006-10-30,20,-0.028299868348050868
2006-10-31,20,-0.021834238744671042
2006-11-01,20,-0.0061503542001270775
2006-11-02,20,-0.022100328959483957
2006-11-03,20,0.008429440949984953
2006-11-06,20,0.008902583606154492
2006-11-07,20,-0.007042802154366301
2006-11-08,20,0.013556444716909637
2006-11-09,20,0.003619447453077044
2006-11-10,20,0.020991981835153266
2006-11-13,20,-0.004389839826723434
2006-11-14,20,-0.0013688621420354446
2006-11-15,20,0.006724548888885102
2006-11-16,20,0.012837757325728
2006-11-17,20,0.007533664046322716
2006-11-20,20,0.015922664296840843
2006-11-21,20,-0.011221975736048306
2006-11-22,20,-0.007933299233415961
2006-11-24,20,-0.006541825499287747
2006-11-27,20,-0.009817367799290029
2006-11-28,20,-0.006249416426537395
2006-11-29,20,-0.0411183749411131
2006-11-30,20,-0.027280705261792142
2006-12-01,20,-0.01286619564804821
2006-12-04,20,-0.05732139016909086
2006-12-05,20,-0.046839268728106835
2006-12-06,20,-0.008774546317398808
2006-12-07,20,-0.003424244418671531
2006-12-08,20,-0.00570640313535967
2006-12-11,20,0.004393290644012277
2006-12-12,20,0.03359817997694861
2006-12-13,20,0.01390022315268729
2006-12-14,20,0.025365651789781247
2006-12-15,20,0.00750752093551048
2006-12-18,20,0.013409612983563884
2006-12-19,20,-0.014239372123953131
2006-12-20,20,0.014936510551172937
2006-12-21,20,0.03378560578698274
2006-12-22,20,0.012608868599232992
2006-12-26,20,0.03143433185469375
2006-12-27,20,0.0027736601430252226
2006-12-28,20,0.005730777494614325
2006-12-29,20,0.009349130514935928
2007-01-03,20,0.05347968936090111
2007-01-04,20,0.04892811924561356
2007-01-05,20,0.0648506698592113
2007-01-08,20,0.038128345211453044
2007-01-09,20,0.04617388458201253
2007-01-10,20,0.05031080860001273
2007-01-11,20,0.036914665574705026
2007-01-12,20,0.0298088922608099
2007-01-16,20,0.029904547492364996
2007-01-17,20,0.018823494149811798
2007-01-18,20,0.03190267159051262
2007-01-19,20,0.03261012236854225
2007-01-22,20,0.03265972042491697
2007-01-23,20,0.021308495220454134
2007-01-24,20,-0.009504144251031799
2007-01-25,20,-0.010968912114427172
2007-01-26,20,-0.021679071549010113
2007-01-29,20,-0.04009752314109916
2007-01-30,20,-0.014646080872395613
2007-01-31,20,-0.01358115203819084
2007-02-01,20,-0.015575540793196988
2007-02-02,20,0.01298604710290721
2007-02-05,20,0.025413382664905414
2007-02-06,20,0.03391553034190512
2007-02-07,20,0.06532539834892184
2007-02-08,20,0.07159343966725788
2007-02-09,20,0.08470483232888126
2007-02-12,20,0.1023094593568224
2007-02-13,20,0.09241013749226917
2007-02-14,20,0.09859841430673952
2007-02-15,20,0.10089798770800458
2007-02-16,20,0.134452488816573
2007-02-20,20,0.1276438535986721
2007-02-21,20,0.1349175766713503
2007-02-22,20,0.14556048444940856
2007-02-23,20,0.14518268811560994
2007-02-26,20,0.1559253070694022
2007-02-27,20,0.15068526818162217
2007-02-28,20,0.15047462406292203
2007-03-01,20,0.16114570018379612
2007-03-02,20,0.1639402484995794
2007-03-05,20,0.15223207209256398
2007-03-06,20,0.13786385782561814
2007-03-07,20,0.15208648104543032
2007-03-08,20,0.10481666371840673
2007-03-09,20,0.10808812382390737
2007-03-12,20,0.0860811735282367
2007-03-13,20,0.07942063143753249
2007-03-14,20,0.09927110605788893
2007-03-15,20,0.08035146375778361
2007-03-16,20,0.07588012713605091
2007-03-19,20,0.0463258972764187
2007-03-20,20,0.01725468638277816
2007-03-21,20,0.006033697556573194
2007-03-22,20,0.026550952740689523
2007-03-23,20,0.07833113915434275
2007-03-26,20,0.04233523119134741
2007-03-27,20,0.03293814676792296
2007-03-28,20,0.02278945498257361
2007-03-29,20,0.03930562597561196
2007-03-30,20,0.0485529648674405
2007-04-02,20,0.01267033335436078
2007-04-03,20,0.01462002230724153
2007-04-04,20,-0.004670910351543228
2007-04-05,20,0.005640870648823853
2007-04-09,20,-0.003253023127078363
2007-04-10,20,-0.001165630748427564
2007-04-11,20,0.015149242808793267
2007-04-12,20,0.025444731521901645
2007-04-13,20,0.03901874854787741
2007-04-16,20,0.04493157419260228
2007-04-17,20,0.0564309157017616
2007-04-18,20,0.055448208722754216
2007-04-19,20,0.052135463140029856
2007-04-20,20,0.05555198660896897
2007-04-23,20,0.020393968970008267
2007-04-24,20,0.018601589133451616
2007-04-25,20,0.02589800040329925
2007-04-26,20,0.008053002409636677
2007-04-27,20,-0.0045473808928297365
2007-04-30,20,0.01729768509117076
2007-05-01,20,0.037640513053925274
2007-05-02,20,0.023715589582514192
2007-05-03,20,0.034288817514355384
2007-05-04,20,0.012749615597319595
2007-05-07,20,0.0113735266443941
2007-05-08,20,0.009647761692070551
2007-05-09,20,-0.007049458120628324
2007-05-10,20,-0.01970423108379939
2007-05-11,20,-0.020234063958503648
2007-05-14,20,-0.017393819350656075
2007-05-15,20,0.0007737124809740815
2007-05-16,20,0.016402016124570613
2007-05-17,20,0.01757087985599213
2007-05-18,20,0.0027289402962128438
2007-05-21,20,0.021609294566412227
2007-05-22,20,0.022444514897535923
2007-05-23,20,0.04561609782116435
2007-05-24,20,0.059073894299274336
2007-05-25,20,0.03519606350587408
2007-05-29,20,0.013152032172323866
2007-05-30,20,-0.004670515555454826
2007-05-31,20,0.00468707376033314
2007-06-01,20,0.0346723102090424
2007-06-04,20,0.05916181335969404
2007-06-05,20,0.06324684630879027
2007-06-06,20,0.08554488666184433
2007-06-07,20,0.11379239425899443
2007-06-08,20,0.10869199790027435
2007-06-11,20,0.11406440769715274
2007-06-12,20,0.129061830437334
2007-06-13,20,0.129676039640468
2007-06-14,20,0.1050852493974272
2007-06-15,20,0.09016129378901867
2007-06-18,20,0.1210662510435011
2007-06-19,20,0.10887482453133766
2007-06-20,20,0.12881421425604922
2007-06-21,20,0.09147730717900607
2007-06-22,20,0.12833792749321324
2007-06-25,20,0.13329816269708483
2007-06-26,20,0.10546646684374467
2007-06-27,20,0.076738650014505
2007-06-28,20,0.05287173346160474
2007-06-29,20,0.04809733216226845
2007-07-02,20,0.02911628822108715
2007-07-03,20,0.03268971653339829
2007-07-05,20,0.044629476884444075
2007-07-06,20,0.03644764687186146
2007-07-09,20,0.03958321164733832
2007-07-10,20,0.037626081594176436
2007-07-11,20,-0.043610108547197934
2007-07-12,20,-0.10281339066026947
2007-07-13,20,-0.04597870675402598
2007-07-16,20,0.024295774820239435
2007-07-17,20,-0.0025699587619466
2007-07-18,20,-0.03238072674937838
2007-07-19,20,-0.07159415174766004
2007-07-20,20,-0.05196372669484612
2007-07-23,20,-0.048493318735143315
2007-07-24,20,-0.004931705827509388
2007-07-25,20,0.05130473053057513
2007-07-26,20,0.08323838366609544
2007-07-27,20,0.12755527996228938
2007-07-30,20,0.08987311054691907
2007-07-31,20,0.04966566246613725
2007-08-01,20,0.07869101278577388
2007-08-02,20,0.04861631017764042
2007-08-03,20,0.08404577572072473
2007-08-06,20,0.11298381668614978
2007-08-07,20,0.13823062585267445
2007-08-08,20,0.21832611769155652
2007-08-09,20,0.22860703670591262
2007-08-10,20,0.18307154926856262
2007-08-13,20,0.13446159056490806
2007-08-14,20,0.16579602483346537
2007-08-15,20,0.21866511548833478
2007-08-16,20,0.24642383862385508
2007-08-17,20,0.2541005621081905
2007-08-20,20,0.2563233462808362
2007-08-21,20,0.24865985470483318
2007-08-22,20,0.2205927226966483
2007-08-23,20,0.20916196103237342
2007-08-24,20,0.20240724810970548
2007-08-27,20,0.23224366785531483
2007-08-28,20,0.26371310442219753
2007-08-29,20,0.25400325107466315
2007-08-30,20,0.24803024741554627
2007-08-31,20,0.2509870740963251
2007-09-04,20,0.23929347956400895
2007-09-05,20,0.21994569035248693
2007-09-06,20,0.2497103075185518
2007-09-07,20,0.26347257188885603
2007-09-10,20,0.258636810494587
2007-09-11,20,0.23980185985628683
2007-09-12,20,0.2467111720995418
2007-09-13,20,0.22304168677212935
2007-09-14,20,0.26271200220428303
2007-09-17,20,0.26404311001857456
2007-09-18,20,0.24384807470975967
2007-09-19,20,0.25296493850135987
2007-09-20,20,0.2472757403612928
2007-09-21,20,0.21835112881889973
2007-09-24,20,0.17496485055028727
2007-09-25,20,0.16472517056987143
2007-09-26,20,0.14599009603978783
2007-09-27,20,0.11049206640807162
2007-09-28,20,0.13326970041392971
2007-10-01,20,0.13513561946027994
2007-10-02,20,0.11855167443079495
2007-10-03,20,0.15052213691160374
2007-10-04,20,0.1296702291516528
2007-10-05,20,0.1508629668908975
2007-10-08,20,0.13201988947846363
2007-10-09,20,0.13580423227805796
2007-10-10,20,0.12981018412245304
2007-10-11,20,0.1216991618306905
2007-10-12,20,0.06783790707185665
2007-10-15,20,-0.021633294653840514
2007-10-16,20,-0.039088670432179784
2007-10-17,20,-0.03753725175163402
2007-10-18,20,-0.0718320558047196
2007-10-19,20,-0.029539144456917278
2007-10-22,20,-0.0006305433974247463
2007-10-23,20,-0.002530677319823942
2007-10-24,20,-0.017792706696402608
2007-10-25,20,-0.019889170750418655
2007-10-26,20,-0.005619722927141324
2007-10-29,20,0.007187759675242958
2007-10-30,20,0.045332094685662044
2007-10-31,20,0.0576835859907685
2007-11-01,20,0.04274348283250253
2007-11-02,20,0.05509110985547811
2007-11-05,20,0.06741748542954772
2007-11-06,20,0.0384405077324742
2007-11-07,20,0.016252382036803896
2007-11-08,20,0.032975958010197
2007-11-09,20,0.05790450960495571
2007-11-12,20,0.15317809006345498
2007-11-13,20,0.1567995421733609
2007-11-14,20,0.13973234824003936
2007-11-15,20,0.1579568081567202
2007-11-16,20,0.11839839281967293
2007-11-19,20,0.11083362727383063
2007-11-20,20,0.09633786891526291
2007-11-21,20,0.10022524516083967
2007-11-23,20,0.11577180027575959
2007-11-26,20,0.08896002934751196
2007-11-27,20,0.08242093930550125
2007-11-28,20,0.08175613839810383
2007-11-29,20,0.088416874629631
2007-11-30,20,0.09351548218266045
2007-12-03,20,0.04805197838373759
2007-12-04,20,0.09439583193550367
2007-12-05,20,0.09668317977861914
2007-12-06,20,0.09102017670144508
2007-12-07,20,0.10830896645177435
2007-12-10,20,0.15436589294622263
2007-12-11,20,0.13838240603716542
2007-12-12,20,0.11006267351600157
2007-12-13,20,0.09774309946786952
2007-12-14,20,0.04757504453599917
2007-12-17,20,-0.019722353590400938
2007-12-18,20,-0.04527337420366302
2007-12-19,20,-0.04079342602454888
2007-12-20,20,-0.06483074049045648
2007-12-21,20,-0.13707852376885266
2007-12-24,20,-0.09995623326770887
2007-12-26,20,-0.1052570546900589
2007-12-27,20,-0.15364568239706322
2007-12-28,20,-0.2072716828563337
2007-12-31,20,-0.19199363636785607
2008-01-02,20,-0.19974164309791143
2008-01-03,20,-0.2608354349434773
2008-01-04,20,-0.2754435192001158
2008-01-07,20,-0.2671311579456594
2008-01-08,20,-0.2752802245118201
2008-01-09,20,-0.26943736512350197
2008-01-10,20,-0.22509275801404513
2008-01-11,20,-0.19100327697296152
2008-01-14,20,-0.2073563216589244
2008-01-15,20,-0.18629132461010872
2008-01-16,20,-0.07424275768076205
2008-01-17,20,-0.0427445842484172
2008-01-18,20,-0.058325906561639634
2008-01-22,20,-0.04337266913659407
2008-01-23,20,0.04750159099784545
2008-01-24,20,0.025557950318577605
2008-01-25,20,0.017532697615799352
2008-01-28,20,0.04266563555845209
2008-01-29,20,0.08722794652160722
2008-01-30,20,0.13639875027518997
2008-01-31,20,0.16662768606585598
2008-02-01,20,0.18608990301575812
2008-02-04,20,0.14995258388238544
2008-02-05,20,0.18702821996757585
2008-02-06,20,0.22406688325019786
2008-02-07,20,0.20612681183829337
2008-02-08,20,0.1495006722730877
2008-02-11,20,0.12404942433438912
2008-02-12,20,0.15229168186717745
2008-02-13,20,0.15183645798609136
2008-02-14,20,0.14992467831079984
2008-02-15,20,0.12626633651489122
2008-02-19,20,0.11610480642696008
2008-02-20,20,0.11746721208871741
2008-02-21,20,0.08037579328239407
2008-02-22,20,0.014373035068941855
2008-02-25,20,0.016885804578953674
2008-02-26,20,0.0688719756909299
2008-02-27,20,0.07318701459853189
2008-02-28,20,0.035658286275318626
2008-02-29,20,0.009032233528453767
2008-03-03,20,-0.0234589499872037
2008-03-04,20,-0.02080074610161615
2008-03-05,20,-0.06746239090897518
2008-03-06,20,-0.0926370291291306
2008-03-07,20,-0.0873029526127324
2008-03-10,20,-0.05057286892922623
2008-03-11,20,-0.004505360321633036
2008-03-12,20,-0.03011401935099845
2008-03-13,20,-0.020445779356511262
2008-03-14,20,-0.03139946502879154
2008-03-17,20,-0.022955740640198247
2008-03-18,20,0.023392997051292518
2008-03-19,20,0.05508735735935119
2008-03-20,20,0.0685624117021714
2008-03-24,20,0.13978378935972607
2008-03-25,20,0.17159361991854413
2008-03-26,20,0.15765606890878714
2008-03-27,20,0.09158320132848204
2008-03-28,20,0.06421751715308825
2008-03-31,20,0.06489170468502985
2008-04-01,20,0.0605051888239858
2008-04-02,20,0.07633848639028668
2008-04-03,20,0.02246298917870433
2008-04-04,20,0.03911610636870921
2008-04-07,20,0.07674427407340906
2008-04-08,20,0.0550690028109972
2008-04-09,20,0.03680401928121174
2008-04-10,20,0.05994407172640511
2008-04-11,20,0.03631524239003511
2008-04-14,20,-0.0007672550097319521
2008-04-15,20,-0.013394690111667084
2008-04-16,20,-0.055956088458397266
2008-04-17,20,-0.07229053218185634
2008-04-18,20,-0.048926303226115415
2008-04-21,20,-0.08028930174708439
2008-04-22,20,-0.09477296416335243
2008-04-23,20,-0.09212475982128712
2008-04-24,20,-0.042653107223972316
2008-04-25,20,-0.018895816629286133
2008-04-28,20,-0.025400188293434035
2008-04-29,20,0.05156037498412641
2008-04-30,20,0.00123191796529584
2008-05-01,20,0.05685033149870758
2008-05-02,20,0.06449076591568648
2008-05-05,20,0.031746772179292976
2008-05-06,20,0.0020650453923583196
2008-05-07,20,0.0033205518845142927
2008-05-08,20,0.018882472365612954
2008-05-09,20,0.04715410420902696
2008-05-12,20,0.05867156092167771
2008-05-13,20,0.07872846245510848
2008-05-14,20,0.08890477770766811
2008-05-15,20,0.08122214488812586
2008-05-16,20,0.0649834953246169
2008-05-19,20,0.11076985065498349
2008-05-20,20,0.12211791913121678
2008-05-21,20,0.11096503787357212
2008-05-22,20,0.15489048309442158
2008-05-23,20,0.19936538955997543
2008-05-27,20,0.19478369447926025
2008-05-28,20,0.15796108924658245
2008-05-29,20,0.2033928658389778
2008-05-30,20,0.21594933206606753
2008-06-02,20,0.23888642820223083
2008-06-03,20,0.2617764944383387
2008-06-04,20,0.2457839246469375
2008-06-05,20,0.24296379888671393
2008-06-06,20,0.238145498057308
2008-06-09,20,0.149023317210995
2008-06-10,20,0.19184301013254754
2008-06-11,20,0.216099131649082
2008-06-12,20,0.23755018063492847
2008-06-13,20,0.2540460085962937
2008-06-16,20,0.21523753796684678
2008-06-17,20,0.13711229417812987
2008-06-18,20,0.04270891840900972
2008-06-19,20,0.07339879560262307
2008-06-20,20,0.07981381997063636
2008-06-23,20,-0.03329066706726814
2008-06-24,20,-0.07539496000428357
2008-06-25,20,-0.05004127085027886
2008-06-26,20,-0.03884813742820208
2008-06-27,20,-0.056533737142970414
2008-06-30,20,-0.09969321118491917
2008-07-01,20,-0.11143946962859852
2008-07-02,20,-0.09931928668771912
2008-07-03,20,-0.10675524350213074
2008-07-07,20,-0.1522358085426667
2008-07-08,20,-0.15902984127476885
2008-07-09,20,-0.18610505788455448
2008-07-10,20,-0.20667481564953694
2008-07-11,20,-0.23587290164179534
2008-07-14,20,-0.2849060379284444
2008-07-15,20,-0.28988907215176934
2008-07-16,20,-0.28021902387695025
2008-07-17,20,-0.23312241209088883
2008-07-18,20,-0.268075037611618
2008-07-21,20,-0.24471563013020073
2008-07-22,20,-0.18230711702839023
2008-07-23,20,-0.06583884247164433
2008-07-24,20,-0.09559434796025906
2008-07-25,20,-0.1710933224896112
2008-07-28,20,-0.18215458558111924
2008-07-29,20,-0.13222047017396563
2008-07-30,20,-0.17614900039914527
2008-07-31,20,-0.19126400036903304
2008-08-01,20,-0.19494300253001917
2008-08-04,20,-0.21118231391447578
2008-08-05,20,-0.2268256593681466
2008-08-06,20,-0.21850806208776252
2008-08-07,20,-0.2254389648659169
2008-08-08,20,-0.18825014646007834
2008-08-11,20,-0.17782953785188316
2008-08-12,20,-0.12676136700794527
2008-08-13,20,-0.13026498650377516
2008-08-14,20,-0.09936418808819426
2008-08-15,20,-0.05847647600513836
2008-08-18,20,-0.07014832607724471
2008-08-19,20,-0.10043181993449923
2008-08-20,20,-0.1646539805891206
2008-08-21,20,-0.1750007651683029
2008-08-22,20,-0.08807392040526106
2008-08-25,20,-0.09287843059918591
2008-08-26,20,-0.08213762497660868
2008-08-27,20,-0.09811297580795161
2008-08-28,20,-0.06939852516961607
2008-08-29,20,-0.053284212338743045
2008-09-02,20,0.022304123906799873
2008-09-03,20,0.042194510589503985
2008-09-04,20,0.011583285774461674
2008-09-05,20,0.05091788503365415
2008-09-08,20,0.08391932469713412
2008-09-09,20,0.11009606661490158
2008-09-10,20,0.10374408938277475
2008-09-11,20,0.09882650689149143
2008-09-12,20,0.1048043745316594
2008-09-15,20,0.11599679936492202
2008-09-16,20,0.09941395029105675
2008-09-17,20,0.08948804129212155
2008-09-18,20,0.14230251324591478
2008-09-19,20,0.13041467803651968
2008-09-22,20,0.13733936900681643
2008-09-23,20,0.14958809005715393
2008-09-24,20,0.12117855133779439
2008-09-25,20,0.11541175995813403
2008-09-26,20,0.12905818390143295
2008-09-29,20,0.12326599451282182
2008-09-30,20,0.1405331827943111
2008-10-01,20,0.1654973355687386
2008-10-02,20,0.1813343331636922
2008-10-03,20,0.13713510840100437
2008-10-06,20,0.08473240430205897
2008-10-07,20,0.06984019017495022
2008-10-08,20,0.03971547589481935
2008-10-09,20,0.05455081712851413
2008-10-10,20,0.030706614510483697
2008-10-13,20,0.08514905295692068
2008-10-14,20,0.09964663317433956
2008-10-15,20,0.12370535005260577
2008-10-16,20,0.08063152268101109
2008-10-17,20,0.0821216324928102
2008-10-20,20,0.09530611914921693
2008-10-21,20,0.0945516425227356
2008-10-22,20,0.11818835294480581
2008-10-23,20,0.13369836154506373
2008-10-24,20,0.13827848901768222
2008-10-27,20,0.12474216401551667
2008-10-28,20,0.12102954954943289
2008-10-29,20,0.10047087011693151
2008-10-30,20,0.09404033074156268
2008-10-31,20,0.14196278534093798
2008-11-03,20,0.1524192480997075
2008-11-04,20,0.18959442917907493
2008-11-05,20,0.18910305657726567
2008-11-06,20,0.1264624721502241
2008-11-07,20,0.10601158067534384
2008-11-10,20,0.04578480247190565
2008-11-11,20,-0.013958425589798326
2008-11-12,20,-0.08276785618745879
2008-11-13,20,-0.06578758033186298
2008-11-14,20,-0.06462237269530659
2008-11-17,20,-0.12216959069847481
2008-11-18,20,-0.16128507828872865
2008-11-19,20,-0.18436215063706302
2008-11-20,20,-0.265893691312908
2008-11-21,20,-0.24771252911335265
2008-11-24,20,-0.1999615192005341
2008-11-25,20,-0.17483477178982282
2008-11-26,20,-0.09994526534351575
2008-11-28,20,-0.02152562141376639
2008-12-01,20,-0.09850956508258413
2008-12-02,20,-0.1172790997782288
2008-12-03,20,-0.18734719934836655
2008-12-04,20,-0.2521798008684686
2008-12-05,20,-0.3058171500114939
2008-12-08,20,-0.24186932547831802
2008-12-09,20,-0.24369967374500592
2008-12-10,20,-0.2329399838485529
2008-12-11,20,-0.17747378766253075
2008-12-12,20,-0.1466819164990275
2008-12-15,20,-0.13096628885219377
2008-12-16,20,-0.07066842065473124
2008-12-17,20,-0.033875962587955125
2008-12-18,20,0.023395967740107857
2008-12-19,20,0.011823024534513293
2008-12-22,20,0.009680662412348549
2008-12-23,20,-0.04419387888285991
2008-12-24,20,-0.05659915072005749
2008-12-26,20,-0.07316604213424438
2008-12-29,20,-0.16373564458427736
2008-12-30,20,-0.08310074423558024
2008-12-31,20,-0.02494869269816954
2009-01-02,20,0.056050508121664094
2009-01-05,20,0.12379197818270042
2009-01-06,20,0.18002975377862115
2009-01-07,20,0.12749634947243418
2009-01-08,20,0.13171178657595847
2009-01-09,20,0.12890799325806832
2009-01-12,20,0.12675829575949876
2009-01-13,20,0.09766171304118984
2009-01-14,20,0.08077454397512888
2009-01-15,20,0.05804468581788006
2009-01-16,20,0.08832302956969652
2009-01-20,20,0.05571792515349563
2009-01-21,20,0.07732638371029572
2009-01-22,20,0.08296691216607557
2009-01-23,20,0.12215236709723186
2009-01-26,20,0.09234056372021338
2009-01-27,20,0.14318130924467184
2009-01-28,20,0.16183561279163894
2009-01-29,20,0.13187893001485063
2009-01-30,20,0.15024412880277768
2009-02-02,20,0.15466286451312528
2009-02-03,20,0.12344211207708237
2009-02-04,20,0.17347847559232202
2009-02-05,20,0.1997337392277202
2009-02-06,20,0.20949093651110762
2009-02-09,20,0.18247692799804563
2009-02-10,20,0.1469254397833542
2009-02-11,20,0.12888248250628898
2009-02-12,20,0.11367718000806531
2009-02-13,20,0.08921876081831549
2009-02-17,20,0.044899554613888164
2009-02-18,20,0.01728395561630562
2009-02-19,20,-0.030245709515222628
2009-02-20,20,-0.031561378747131205
2009-02-23,20,-0.11553591648032623
2009-02-24,20,-0.1018517692854882
2009-02-25,20,-0.14674555695274316
2009-02-26,20,-0.17015365547662792
2009-02-27,20,-0.2053417950990863
2009-03-02,20,-0.21097438850587735
2009-03-03,20,-0.22553186013732207
2009-03-04,20,-0.24939112045452658
2009-03-05,20,-0.3576576595030404
2009-03-06,20,-0.3846895787785485
2009-03-09,20,-0.3614110844626245
2009-03-10,20,-0.354876328541068
2009-03-11,20,-0.35119988693783416
2009-03-12,20,-0.37838432537366123
2009-03-13,20,-0.38468159379214
2009-03-16,20,-0.3648774311544909
2009-03-17,20,-0.4031397325073024
2009-03-18,20,-0.40636743837712597
2009-03-19,20,-0.3875224793426171
2009-03-20,20,-0.34864302291242144
2009-03-23,20,-0.34058541378329105
2009-03-24,20,-0.3531164211279469
2009-03-25,20,-0.3503550657637307
2009-03-26,20,-0.3690420862614954
2009-03-27,20,-0.34294419516074076
2009-03-30,20,-0.41277278397771017
2009-03-31,20,-0.45088282704655713
2009-04-01,20,-0.4352524055735041
2009-04-02,20,-0.4230144565742139
2009-04-03,20,-0.449714692039581
2009-04-06,20,-0.44618370973119753
2009-04-07,20,-0.4660038180765005
2009-04-08,20,-0.47538094939059466
2009-04-09,20,-0.4503332440704181
2009-04-13,20,-0.4260599225195945
2009-04-14,20,-0.4121869785374794
2009-04-15,20,-0.32822261800243213
2009-04-16,20,-0.30796587350345433
2009-04-17,20,-0.23597153518309158
2009-04-20,20,-0.3559856331535765
2009-04-21,20,-0.32220689852441203
2009-04-22,20,-0.3130062223697572
2009-04-23,20,-0.29444729338737435
2009-04-24,20,-0.24764167856733857
2009-04-27,20,-0.2953046218375151
2009-04-28,20,-0.2990044241163358
2009-04-29,20,-0.24187726023133227
2009-04-30,20,-0.20550282127828617
2009-05-01,20,-0.20410339776071362
2009-05-04,20,-0.11484503856653475
2009-05-05,20,-0.07646630963075925
2009-05-06,20,-0.07338241223574825
2009-05-07,20,-0.11910838512700514
2009-05-08,20,-0.01180045597317757
2009-05-11,20,-0.08298559645450315
2009-05-12,20,-0.1347089335238321
2009-05-13,20,-0.2582797277812166
2009-05-14,20,-0.24549642470531832
2009-05-15,20,-0.23927759214880187
2009-05-18,20,-0.19134085062949382
2009-05-19,20,-0.10801456435603066
2009-05-20,20,-0.053296594804411845
2009-05-21,20,-0.09242278476726336
2009-05-22,20,-0.011626370436558378
2009-05-26,20,-0.008989947442086659
2009-05-27,20,-0.008415968966843672
2009-05-28,20,0.021151745012035126
2009-05-29,20,-0.018522009054194353
2009-06-01,20,0.04774788885178018
2009-06-02,20,0.010496361948898492
2009-06-03,20,-0.02806557609044001
2009-06-04,20,0.041157278800259274
2009-06-05,20,0.10507649680888655
2009-06-08,20,0.07907750722726808
2009-06-09,20,0.12150853156468372
2009-06-10,20,0.1591608910546408
2009-06-11,20,0.23124228142853165
2009-06-12,20,0.22349099573401884
2009-06-15,20,0.1992476701622388
2009-06-16,20,0.14360345763445725
2009-06-17,20,0.0725059456407167
2009-06-18,20,0.06129422566531174
2009-06-19,20,0.032477297771025
2009-06-22,20,-0.025943006251115303
2009-06-23,20,-0.004861816049060459
2009-06-24,20,-0.034197171015858445
2009-06-25,20,-0.0777219250900878
2009-06-26,20,-0.0682485257757136
2009-06-29,20,-0.05449498227778021
2009-06-30,20,-0.033472636755882856
2009-07-01,20,-0.06210217594564391
2009-07-02,20,-0.06642925675676935
2009-07-06,20,-0.08900275231125408
2009-07-07,20,-0.10618463008224806
2009-07-08,20,-0.11528188077195646
2009-07-09,20,-0.14589595140363848
2009-07-10,20,-0.16191803544144456
2009-07-13,20,-0.18605329911978055
2009-07-14,20,-0.1859009263230473
2009-07-15,20,-0.18390784168337568
2009-07-16,20,-0.20007552813648014
2009-07-17,20,-0.22814202519184731
2009-07-20,20,-0.21518630673601633
2009-07-21,20,-0.22017701880192356
2009-07-22,20,-0.22666484360629305
2009-07-23,20,-0.21157437310094984
2009-07-24,20,-0.2073918988928225
2009-07-27,20,-0.20270171257259406
2009-07-28,20,-0.20330833174477175
2009-07-29,20,-0.2293280152673765
2009-07-30,20,-0.23111638067178505
2009-07-31,20,-0.2510184532498797
2009-08-03,20,-0.2437674749104815
2009-08-04,20,-0.2327680770675658
2009-08-05,20,-0.20687271311393376
2009-08-06,20,-0.1701364093076415
2009-08-07,20,-0.13154432017406634
2009-08-10,20,-0.12025260945588719
2009-08-11,20,-0.1475242319028653
2009-08-12,20,-0.11926317940245011
2009-08-13,20,-0.13763868370812143
2009-08-14,20,-0.1384829894877248
2009-08-17,20,-0.1321673554858801
2009-08-18,20,-0.13609248681075747
2009-08-19,20,-0.14174884841196825
2009-08-20,20,-0.16051409382018803
2009-08-21,20,-0.1298437029215588
2009-08-24,20,-0.1427127839818841
2009-08-25,20,-0.16116504066425827
2009-08-26,20,-0.1567839608624111
2009-08-27,20,-0.13397869345975966
2009-08-28,20,-0.11688041068594474
2009-08-31,20,-0.10663220178064767
2009-09-01,20,-0.07486489832981592
2009-09-02,20,-0.10323522615373953
2009-09-03,20,-0.10484970957358342
2009-09-04,20,-0.08417306442242277
2009-09-08,20,-0.07607730276080774
2009-09-09,20,-0.07825308863384974
2009-09-10,20,-0.07113705896202954
2009-09-11,20,-0.04720628735878562
2009-09-14,20,-0.03854486970877507
2009-09-15,20,-0.04455917118979917
2009-09-16,20,-0.013432781327224929
2009-09-17,20,9.766692304078405e-05
2009-09-18,20,0.007887439577923575
2009-09-21,20,-0.0145830324847453
2009-09-22,20,-0.015454691502249464
2009-09-23,20,-0.0023002245039519136
2009-09-24,20,-0.015242559593950515
2009-09-25,20,-0.006375281058423924
2009-09-28,20,-0.030621000599291494
2009-09-29,20,-0.0803366225181268
2009-09-30,20,-0.13243646640065795
2009-10-01,20,-0.07049294664804684
2009-10-02,20,-0.10837683567301333
2009-10-05,20,-0.16054759918665587
2009-10-06,20,-0.1551072276097172
2009-10-07,20,-0.17477810842347183
2009-10-08,20,-0.1829430254001704
2009-10-09,20,-0.19091608812624808
2009-10-12,20,-0.139133197514845
2009-10-13,20,-0.14309954945785747
2009-10-14,20,-0.1515639894435082
2009-10-15,20,-0.17813423477609236
2009-10-16,20,-0.11405487576386805
2009-10-19,20,-0.10503823447745658
2009-10-20,20,-0.09864085684918876
2009-10-21,20,-0.09701139812488059
2009-10-22,20,-0.10999820706977717
2009-10-23,20,-0.11283371725321976
2009-10-26,20,-0.09490979022145632
2009-10-27,20,-0.05664843262139261
2009-10-28,20,0.04385701886619294
2009-10-29,20,-0.042873938123951946
2009-10-30,20,0.01319723656011119
2009-11-02,20,0.046505490471994135
2009-11-03,20,0.0017864815998871048
2009-11-04,20,0.0034972125904191697
2009-11-05,20,-0.03007249114400781
2009-11-06,20,-0.018912930384842284
2009-11-09,20,-0.0630619360413487
2009-11-10,20,-0.05983165736038256
2009-11-11,20,-0.0729931248511207
2009-11-12,20,-0.04500834485969442
2009-11-13,20,-0.03064437037437107
2009-11-16,20,-0.07168839925034179
2009-11-17,20,-0.04772281322779994
2009-11-18,20,-0.04641952718882427
2009-11-19,20,-0.00040360506232662246
2009-11-20,20,0.03065451818061072
2009-11-23,20,0.03927507166824487
2009-11-24,20,0.06747765362210409
2009-11-25,20,0.03795416975381429
2009-11-27,20,0.051077887464205274
2009-11-30,20,0.04378247039801639
2009-12-01,20,0.004065413713312454
2009-12-02,20,-0.002073531338827559
2009-12-03,20,0.03870170794555117
2009-12-04,20,0.0922607324831575
2009-12-07,20,0.1217461624304299
2009-12-08,20,0.11441209040711833
2009-12-09,20,0.1103964093761919
2009-12-10,20,0.0932984752629283
2009-12-11,20,0.048147581357120585
2009-12-14,20,0.049334152337383155
2009-12-15,20,0.06429375716834827
2009-12-16,20,0.01932430074056618
2009-12-17,20,0.0260385788448852
2009-12-18,20,0.00034789271839693367
2009-12-21,20,-0.04726584679359325
2009-12-22,20,-0.11508467573834733
2009-12-23,20,-0.12889010665993308
2009-12-24,20,-0.12067634372666726
2009-12-28,20,-0.12669277275804489
2009-12-29,20,-0.1186153148707209
2009-12-30,20,-0.14473762698465056
2009-12-31,20,-0.08579351503232888
2010-01-04,20,-0.08323378974184065
2010-01-05,20,-0.1315141173797526
2010-01-06,20,-0.20067908970705675
2010-01-07,20,-0.20666253468240173
2010-01-08,20,-0.1926544345537463
2010-01-11,20,-0.1686720281569581
2010-01-12,20,-0.12786569942392412
2010-01-13,20,-0.10841919068466786
2010-01-14,20,-0.10364372413699914
2010-01-15,20,-0.05025235847017024
2010-01-19,20,-0.08014572447673007
2010-01-20,20,-0.049745543307968036
2010-01-21,20,0.003722861439858923
2010-01-22,20,0.04944972532796495
2010-01-25,20,-0.02291926488293195
2010-01-26,20,-0.0030096421991049364
2010-01-27,20,0.014571478680361377
2010-01-28,20,0.05168813576528279
2010-01-29,20,0.1605788325617522
2010-02-01,20,0.12015254394756877
2010-02-02,20,0.08888417039032996
2010-02-03,20,0.11068706589351682
2010-02-04,20,0.22589412385020327
2010-02-05,20,0.23820692767940324
2010-02-08,20,0.2201585496114109
2010-02-09,20,0.18945259605633846
2010-02-10,20,0.18253076364808804
2010-02-11,20,0.143168350711255
2010-02-12,20,0.1072810649645997
2010-02-16,20,0.08166124085066354
2010-02-17,20,0.09560289216376516
2010-02-18,20,0.04497917014401789
2010-02-19,20,-0.010835337619197258
2010-02-22,20,0.021057992136222732
2010-02-23,20,0.12127669752189188
2010-02-24,20,0.11251254907473564
2010-02-25,20,0.09806196402208164
2010-02-26,20,0.08536643009583478
2010-03-01,20,0.04666854153329253
2010-03-02,20,0.02639783630281941
2010-03-03,20,0.012351697862963142
2010-03-04,20,0.03387788799463174
2010-03-05,20,0.056969426964223455
2010-03-08,20,0.07074254041106036
2010-03-09,20,0.03572176000282972
2010-03-10,20,0.018611923300842985
2010-03-11,20,0.028415119044662342
2010-03-12,20,0.04648979651826435
2010-03-15,20,0.06721058251224736
2010-03-16,20,0.09893392946109225
2010-03-17,20,0.10095090440135497
2010-03-18,20,0.0707291860084701
2010-03-19,20,0.11067613183256837
2010-03-22,20,0.11533835998607109
2010-03-23,20,0.05263438664364513
2010-03-24,20,0.08902173152485948
2010-03-25,20,0.12279930207562262
2010-03-26,20,0.13797061083952347
2010-03-29,20,0.0717515182065722
2010-03-30,20,0.08692865862860942
2010-03-31,20,0.1202572207224693
2010-04-01,20,0.04333905877466529
2010-04-05,20,0.025254625102835205
2010-04-06,20,-0.04121840779822004
2010-04-07,20,-0.046401967524809754
2010-04-08,20,-0.0951239809284925
2010-04-09,20,-0.1553193693350851
2010-04-12,20,-0.06637225503667099
2010-04-13,20,-0.05477442779698552
2010-04-14,20,-0.018228954480163182
2010-04-15,20,-0.037085871553161114
2010-04-16,20,-0.04081911911258172
2010-04-19,20,-0.05382741088967205
2010-04-20,20,-0.10683656433408134
2010-04-21,20,-0.1539990485863595
2010-04-22,20,-0.21751670738461587
2010-04-23,20,-0.19849478320892344
2010-04-26,20,-0.1780676773718584
2010-04-27,20,-0.15842684668784432
2010-04-28,20,-0.14904409780781916
2010-04-29,20,-0.073888334561608
2010-04-30,20,-0.05470384909816795
2010-05-03,20,-0.10311549335899414
2010-05-04,20,-0.026403454037874596
2010-05-05,20,0.01528653933629213
2010-05-06,20,-0.011911732189200705
2010-05-07,20,-0.033657095626967684
2010-05-10,20,-0.10640533305415752
2010-05-11,20,-0.11252943502025291
2010-05-12,20,-0.12536969193555114
2010-05-13,20,-0.10806261543786547
2010-05-14,20,-0.02659834474164451
2010-05-17,20,0.06181697340364621
2010-05-18,20,0.10572057947799372
2010-05-19,20,0.14256744524737883
2010-05-20,20,0.19706245041587972
2010-05-21,20,0.13872203672195121
2010-05-24,20,0.08080665653275503
2010-05-25,20,0.08105399295830562
2010-05-26,20,0.039317303604413725
2010-05-27,20,-0.034293523355109844
2010-05-28,20,-0.010711598152424407
2010-06-01,20,-0.05812698193280105
2010-06-02,20,-0.1082641150356238
2010-06-03,20,-0.12465932144147515
2010-06-04,20,-0.06288749616357218
2010-06-07,20,-0.019374030081341476
2010-06-08,20,0.02944794130821212
2010-06-09,20,0.025598983268705477
2010-06-10,20,0.010051657022396403
2010-06-11,20,-0.03138279181658525
2010-06-14,20,-0.03232920628712504
2010-06-15,20,-0.04862984106608953
2010-06-16,20,-0.06884686056238651
2010-06-17,20,-0.10730841525266398
2010-06-18,20,-0.09885817578220918
2010-06-21,20,-0.08552741245150132
2010-06-22,20,-0.05501909255368029
2010-06-23,20,0.0017875293079746488
2010-06-24,20,0.05735174675316221
2010-06-25,20,0.0633722305675242
2010-06-28,20,0.0072764119584846024
2010-06-29,20,0.06633290885068782
2010-06-30,20,0.12447372767930116
2010-07-01,20,0.12820183006416455
2010-07-02,20,0.16413806046675664
2010-07-06,20,0.15534453841049267
2010-07-07,20,0.11019131378108166
2010-07-08,20,0.11197753699532711
2010-07-09,20,0.0864156731770519
2010-07-12,20,0.11431246060628103
2010-07-13,20,0.08850704893315449
2010-07-14,20,0.04782158036948188
2010-07-15,20,0.057613544986281
2010-07-16,20,0.0885493387887825
2010-07-19,20,0.10123790498231318
2010-07-20,20,0.10536101720452079
2010-07-21,20,0.09755240572360133
2010-07-22,20,0.0660503332287092
2010-07-23,20,0.06632204903111587
2010-07-26,20,0.04943947994766267
2010-07-27,20,0.05433139502219322
2010-07-28,20,0.04242037549107996
2010-07-29,20,0.02570668981313902
2010-07-30,20,0.04650651684938434
2010-08-02,20,0.033769493418146404
2010-08-03,20,0.08571060737309562
2010-08-04,20,0.09097809992238097
2010-08-05,20,0.09934507473505767
2010-08-06,20,0.11388604240165234
2010-08-09,20,0.12400927503313047
2010-08-10,20,0.09871595071536426
2010-08-11,20,0.08816570266089492
2010-08-12,20,0.0803320935813105
2010-08-13,20,0.06240689635637387
2010-08-16,20,0.06530831519143573
2010-08-17,20,0.04390458330963005
2010-08-18,20,0.07611758543977368
2010-08-19,20,0.08104204140968871
2010-08-20,20,0.08419104361549555
2010-08-23,20,0.08089799030685613
2010-08-24,20,0.09703338256848247
2010-08-25,20,0.09330981290550193
2010-08-26,20,0.08146345246226847
2010-08-27,20,0.0720901072345994
2010-08-30,20,0.07309588280268232
2010-08-31,20,0.038331221539368986
2010-09-01,20,-0.0028919621922986706
2010-09-02,20,-0.006710764404712306
2010-09-03,20,0.01957576016643063
2010-09-07,20,0.02933743221370181
2010-09-08,20,-0.017025872527146775
2010-09-09,20,0.0030903718643842727
2010-09-10,20,-0.0038263836035380867
2010-09-13,20,-0.025248545357796057
2010-09-14,20,-0.035634363182949574
2010-09-15,20,-0.04040553447236157
2010-09-16,20,-0.04005366568617847
2010-09-17,20,-0.04814075859701053
2010-09-20,20,-0.07666360791994932
2010-09-21,20,-0.06495911836886333
2010-09-22,20,-0.07249530057998876
2010-09-23,20,-0.040143687717407874
2010-09-24,20,0.0017182727658641393
2010-09-27,20,0.019204161998320684
2010-09-28,20,0.03376006153815563
2010-09-29,20,0.05210975332018327
2010-09-30,20,0.09606131128066395
2010-10-01,20,0.1042688979297006
2010-10-04,20,0.07583857917115808
2010-10-05,20,0.042981680465825164
2010-10-06,20,0.0685120977443827
2010-10-07,20,0.031038805330085188
2010-10-08,20,0.054317481704885186
2010-10-11,20,0.063689265249121
2010-10-12,20,0.0534013629549243
2010-10-13,20,0.053971454067136236
2010-10-14,20,0.045125106453519824
2010-10-15,20,0.049022006479964166
2010-10-18,20,0.08950183360591674
2010-10-19,20,0.07790295880337414
2010-10-20,20,0.08201123102054196
2010-10-21,20,0.0763816900081466
2010-10-22,20,0.08315340641609119
2010-10-25,20,0.09081671655037465
2010-10-26,20,0.08999351809145256
2010-10-27,20,0.09902089155290703
2010-10-28,20,0.13437649848450364
2010-10-29,20,0.11676877814566194
2010-11-01,20,0.11944896981716534
2010-11-02,20,0.1337508449162945
2010-11-03,20,0.10570323594476014
2010-11-04,20,0.12259756200981578
2010-11-05,20,0.12537739030610806
2010-11-08,20,0.1125616082334123
2010-11-09,20,0.11080284076165788
2010-11-10,20,0.11425452127272917
2010-11-11,20,0.11545502932849647
2010-11-12,20,0.11548211359686332
2010-11-15,20,0.09789919731253177
2010-11-16,20,0.0690647440686952
2010-11-17,20,0.05552821736185007
2010-11-18,20,0.018873680266393033
2010-11-19,20,0.006844848955609509
2010-11-22,20,-0.011066396848245926
2010-11-23,20,-0.06500991965036032
2010-11-24,20,-0.09327583828868935
2010-11-26,20,-0.10537020427478619
2010-11-29,20,-0.09187407841423585
2010-11-30,20,-0.10374455718840411
2010-12-01,20,-0.12666354720837894
2010-12-02,20,-0.12305737230006508
2010-12-03,20,-0.07895025829471976
2010-12-06,20,-0.10434306080589446
2010-12-07,20,-0.08558742550304803
2010-12-08,20,-0.08426735571161074
2010-12-09,20,-0.07386196560051518
2010-12-10,20,-0.0435840286456559
2010-12-13,20,-0.029488329169874428
2010-12-14,20,-0.033652772197404174
2010-12-15,20,-0.04055381168741473
2010-12-16,20,-0.06817185595339577
2010-12-17,20,-0.04959789340178588
2010-12-20,20,-0.05462026065231065
2010-12-21,20,-0.12471285939315063
2010-12-22,20,-0.06945173466766887
2010-12-23,20,-0.08522962342501958
2010-12-27,20,-0.07902038773544612
2010-12-28,20,-0.03742631548649596
2010-12-29,20,-0.03526635124284936
2010-12-30,20,-0.003394873687633547
2010-12-31,20,0.023718719190528422
2011-01-03,20,0.01515592511429101
2011-01-04,20,0.025552462586939103
2011-01-05,20,0.05650973530572993
2011-01-06,20,0.09175349779276461
2011-01-07,20,0.0684751293745059
2011-01-10,20,0.04487689884585585
2011-01-11,20,0.06572517311517623
2011-01-12,20,0.095899134088358
2011-01-13,20,0.12763778968651646
2011-01-14,20,0.15886165661891255
2011-01-18,20,0.1561895682285838
2011-01-19,20,0.1708927440265575
2011-01-20,20,0.20023935188186665
2011-01-21,20,0.1979828047971649
2011-01-24,20,0.18817797541986997
2011-01-25,20,0.1504031131466224
2011-01-26,20,0.13912294511541173
2011-01-27,20,0.16116394326988612
2011-01-28,20,0.1523829251330743
2011-01-31,20,0.1503773876944737
2011-02-01,20,0.14269504465281466
2011-02-02,20,0.17503167057056904
2011-02-03,20,0.15903961296412797
2011-02-04,20,0.1361697786715292
2011-02-07,20,0.12062472648131269
2011-02-08,20,0.08582304339384669
2011-02-09,20,0.05332767096974875
2011-02-10,20,0.042743385831697484
2011-02-11,20,0.0222166739308999
2011-02-14,20,0.0007536234993959912
2011-02-15,20,0.0174886087436872
2011-02-16,20,0.041522320389054755
2011-02-17,20,0.02390663501276123
2011-02-18,20,0.09816191109825419
2011-02-22,20,0.10690431305185935
2011-02-23,20,0.15070227702756578
2011-02-24,20,0.1537109205484293
2011-02-25,20,0.14226765573224187
2011-02-28,20,0.14402654960118036
2011-03-01,20,0.157430813069563
2011-03-02,20,0.1539377772858274
2011-03-03,20,0.1373981400750498
2011-03-04,20,0.12812543054743555
2011-03-07,20,0.13631308284862165
2011-03-08,20,0.15520532607604523
2011-03-09,20,0.12912886942376128
2011-03-10,20,0.14545146072569703
2011-03-11,20,0.13868382124206904
2011-03-14,20,0.10691198786354512
2011-03-15,20,0.08444493118257258
2011-03-16,20,0.12037489263321637
2011-03-17,20,0.09910603841124405
2011-03-18,20,0.14143365513684183
2011-03-21,20,0.05227910350635175
2011-03-22,20,0.09801298554039813
2011-03-23,20,0.12317257585699277
2011-03-24,20,0.13740679120703048
2011-03-25,20,0.08693116223716936
2011-03-28,20,0.08022856105477735
2011-03-29,20,0.06261911898201364
2011-03-30,20,0.030200809534233083
2011-03-31,20,0.043675889283271645
2011-04-01,20,0.018186741313629348
2011-04-04,20,-0.035950550605927646
2011-04-05,20,-0.042132604665433775
2011-04-06,20,-0.0040295174962835315
2011-04-07,20,0.03494326797933791
2011-04-08,20,0.08270924402476407
2011-04-11,20,0.07945009548263103
2011-04-12,20,0.047362734092320204
2011-04-13,20,0.006049293609678189
2011-04-14,20,-0.00617998132605747
2011-04-15,20,-0.034501052821887465
2011-04-18,20,-0.010644212775259157
2011-04-19,20,0.006055788159576423
2011-04-20,20,-0.015917302117204095
2011-04-21,20,-0.02413979471262028
2011-04-25,20,-0.012441140181489995
2011-04-26,20,-0.0036332980280594624
2011-04-27,20,0.023337748451811514
2011-04-28,20,0.03793665552133715
2011-04-29,20,0.020533839553417015
2011-05-02,20,0.05488345070954149
2011-05-03,20,0.08265197904701982
2011-05-04,20,0.10903759090724376
2011-05-05,20,0.12055810845176217
2011-05-06,20,0.06884189412311156
2011-05-09,20,0.06017758675925952
2011-05-10,20,0.04444644748425657
2011-05-11,20,0.12221889432535553
2011-05-12,20,0.1165413163595788
2011-05-13,20,0.09744742529115169
2011-05-16,20,0.15912253231377324
2011-05-17,20,0.12082303508403963
2011-05-18,20,0.027865245704059072
2011-05-19,20,0.01517761888617486
2011-05-20,20,0.033134364353409065
2011-05-23,20,0.11711580599978784
2011-05-24,20,0.12951319992230848
2011-05-25,20,0.06412293725743326
2011-05-26,20,0.03448904210962465
2011-05-27,20,0.028303195864574707
2011-05-31,20,0.07315796127307271
2011-06-01,20,0.13931408644554738
2011-06-02,20,0.14628917941829456
2011-06-03,20,0.1767873687277813
2011-06-06,20,0.2518596517382678
2011-06-07,20,0.2340442584065579
2011-06-08,20,0.2569827297653799
2011-06-09,20,0.2258880039575092
2011-06-10,20,0.22982642579870652
2011-06-13,20,0.19110989711871765
2011-06-14,20,0.1776058132685775
2011-06-15,20,0.2146730723183638
2011-06-16,20,0.24608307072711708
2011-06-17,20,0.2377905791021778
2011-06-20,20,0.24415752627852574
2011-06-21,20,0.18056549130287228
2011-06-22,20,0.1262801354542215
2011-06-23,20,0.15564415053320846
2011-06-24,20,0.15672716635530315
2011-06-27,20,0.11754620982806603
2011-06-28,20,0.044127631129585905
2011-06-29,20,0.02450413688338703
2011-06-30,20,0.03289401296940353
2011-07-01,20,0.03096919888593304
2011-07-05,20,-0.05585109343997039
2011-07-06,20,-0.04369384717094111
2011-07-07,20,-0.0728830529878138
2011-07-08,20,-0.08011292067372779
2011-07-11,20,-0.09406163916411901
2011-07-12,20,-0.0172007474813904
2011-07-13,20,-0.012762307508724412
2011-07-14,20,0.01861032357022123
2011-07-15,20,0.021960688217792162
2011-07-18,20,0.026246135091058175
2011-07-19,20,-0.024608769928556713
2011-07-20,20,-0.040240960486551694
2011-07-21,20,-0.046532484042754264
2011-07-22,20,-0.06677427768417095
2011-07-25,20,-0.04664622572241619
2011-07-26,20,-0.012107307024807586
2011-07-27,20,-0.0004093410850457862
2011-07-28,20,-0.003880687375466489
2011-07-29,20,0.011766753536183864
2011-08-01,20,0.004448752610961048
2011-08-02,20,0.039203745896187
2011-08-03,20,0.026136275573491748
2011-08-04,20,0.07094513798485327
2011-08-05,20,0.07421415864092275
2011-08-08,20,0.17061309869144198
2011-08-09,20,0.10402991292392601
2011-08-10,20,0.06578050473543777
2011-08-11,20,-0.012200890101529475
2011-08-12,20,-0.05833499011906081
2011-08-15,20,-0.028452873840862584
2011-08-16,20,0.007812315589714541
2011-08-17,20,0.033402174183604624
2011-08-18,20,0.1302577656111213
2011-08-19,20,0.19653806134669147
2011-08-22,20,0.1543172155304771
2011-08-23,20,0.04092367642512815
2011-08-24,20,-0.030132012450290707
2011-08-25,20,-0.03207750580615873
2011-08-26,20,-0.059219278781016065
2011-08-29,20,-0.029724038240446837
2011-08-30,20,-0.0602584206361554
2011-08-31,20,-0.06231698776878694
2011-09-01,20,-0.05012863155579529
2011-09-02,20,-0.020641159873731996
2011-09-06,20,-0.016950225040180858
2011-09-07,20,-0.012218882583502951
2011-09-08,20,-0.019998061397394417
2011-09-09,20,0.00533523265848792
2011-09-12,20,0.02095389323814713
2011-09-13,20,-0.009461516637778899
2011-09-14,20,-0.0037808730218102425
2011-09-15,20,0.013133067824343677
2011-09-16,20,0.023057946002509797
2011-09-19,20,-0.012021209110111722
2011-09-20,20,-0.017381969681786562
2011-09-21,20,-0.0186143504369514
2011-09-22,20,0.005428003560551716
2011-09-23,20,0.026656241576319836
2011-09-26,20,0.030475682470697003
2011-09-27,20,0.039092339008628664
2011-09-28,20,0.03665815038597982
2011-09-29,20,0.08684408295296409
2011-09-30,20,0.05654496957270786
2011-10-03,20,0.028589052105126276
2011-10-04,20,0.054815181145064056
2011-10-05,20,0.07970647094848227
2011-10-06,20,0.06987589476991886
2011-10-07,20,0.016667954315883166
2011-10-10,20,0.006842551742042444
2011-10-11,20,0.011662801346302916
2011-10-12,20,0.054239994475192475
2011-10-13,20,0.023320021810604243
2011-10-14,20,0.016426220868840616
2011-10-17,20,0.011648654517966928
2011-10-18,20,0.048538471810374954
2011-10-19,20,0.038092477032052284
2011-10-20,20,0.03474082151495609
2011-10-21,20,0.01840466966230399
2011-10-24,20,0.051163501499990285
2011-10-25,20,0.07347714888846606
2011-10-26,20,0.11522931612739791
2011-10-27,20,0.12331770071187603
2011-10-28,20,0.1703732733871094
2011-10-31,20,0.12678811200598025
2011-11-01,20,0.04682279043923875
2011-11-02,20,0.05763619674585116
2011-11-03,20,0.06855580567810016
2011-11-04,20,0.0748890827201362
2011-11-07,20,0.06830202304281201
2011-11-08,20,0.04916947203340702
2011-11-09,20,0.06622334525543257
2011-11-10,20,0.080608685687557
2011-11-11,20,0.08099249149028616
2011-11-14,20,0.06633595595649054
2011-11-15,20,0.05615333622474069
2011-11-16,20,0.09895149439640256
2011-11-17,20,0.10802427891131067
2011-11-18,20,0.14562081593692508
2011-11-21,20,0.11007868430173155
2011-11-22,20,0.05366944317837863
2011-11-23,20,0.0027000798369225362
2011-11-25,20,0.024841745457381638
2011-11-28,20,0.02019041138009131
2011-11-29,20,0.038771117838566425
2011-11-30,20,0.053724993889948953
2011-12-01,20,0.02157182640170809
2011-12-02,20,-0.05149598074409876
2011-12-05,20,-0.022467479577470563
2011-12-06,20,-0.009082582958617236
2011-12-07,20,0.01998667950802704
2011-12-08,20,-0.040041726701994254
2011-12-09,20,-0.03648023736938956
2011-12-12,20,-0.08571460743148006
2011-12-13,20,-0.12443995173414651
2011-12-14,20,-0.056591529034733
2011-12-15,20,-0.042449800548421124
2011-12-16,20,-0.10381680797748818
2011-12-19,20,-0.17100865236449503
2011-12-20,20,-0.20513226589876657
2011-12-21,20,-0.21531009161055298
2011-12-22,20,-0.1689328171088963
2011-12-23,20,-0.19368859625123463
2011-12-27,20,-0.2052181444911771
2011-12-28,20,-0.222091314452692
2011-12-29,20,-0.18868343717324718
2011-12-30,20,-0.15711660113035966
2012-01-03,20,-0.11091006569321996
2012-01-04,20,-0.1463882325523178
2012-01-05,20,-0.17281305615766143
2012-01-06,20,-0.18677207207777347
2012-01-09,20,-0.17308831600576524
2012-01-10,20,-0.17130137413770538
2012-01-11,20,-0.15398202556808738
2012-01-12,20,-0.11684224049847614
2012-01-13,20,-0.15737568793084503
2012-01-17,20,-0.14589598826681865
2012-01-18,20,-0.12198411809188629
2012-01-19,20,-0.10713469882856252
2012-01-20,20,-0.07446196088802322
2012-01-23,20,-0.02987814652017458
2012-01-24,20,0.005363987265608379
2012-01-25,20,0.03897323366816845
2012-01-26,20,0.030394288954911645
2012-01-27,20,0.0625600700810922
2012-01-30,20,0.05125597489563464
2012-01-31,20,0.06586503184711708
2012-02-01,20,0.09300482339824262
2012-02-02,20,0.13629002250556083
2012-02-03,20,0.18837756122691926
2012-02-06,20,0.21666030354515226
2012-02-07,20,0.21801508529902125
2012-02-08,20,0.22360464984801148
2012-02-09,20,0.22437395372396443
2012-02-10,20,0.2141510764094336
2012-02-13,20,0.17753114834453426
2012-02-14,20,0.16257183136799033
2012-02-15,20,0.160450695617508
2012-02-16,20,0.14890621275241145
2012-02-17,20,0.15142716189968214
2012-02-21,20,0.1524066502527659
2012-02-22,20,0.1341967534484631
2012-02-23,20,0.15088941933182035
2012-02-24,20,0.1590301036396833
2012-02-27,20,0.15104909490792104
2012-02-28,20,0.14455885651165662
2012-02-29,20,0.14873520247989727
2012-03-01,20,0.11974006878770287
2012-03-02,20,0.09474369879779923
2012-03-05,20,0.072597120461956
2012-03-06,20,0.10256060560102337
2012-03-07,20,0.10179151232623332
2012-03-08,20,0.13502163359626063
2012-03-09,20,0.1479629532130216
2012-03-12,20,0.12393516460964486
2012-03-13,20,0.14383145969837496
2012-03-14,20,0.12919747832183992
2012-03-15,20,0.20314423456424027
2012-03-16,20,0.2366519956446247
2012-03-19,20,0.22407190109980502
2012-03-20,20,0.25105384912686196
2012-03-21,20,0.224159519116975
2012-03-22,20,0.2304402643648499
2012-03-23,20,0.2252495064959476
2012-03-26,20,0.1753907110074289
2012-03-27,20,0.20805260009522716
2012-03-28,20,0.19716015508451953
2012-03-29,20,0.21263839605952306
2012-03-30,20,0.21860887853686164
2012-04-02,20,0.18230462369551345
2012-04-03,20,0.1784131150072784
2012-04-04,20,0.17916403301499872
2012-04-05,20,0.1473941602842874
2012-04-09,20,0.12082765843043039
2012-04-10,20,0.13804717720756543
2012-04-11,20,0.12247739974473254
2012-04-12,20,0.15393007903703781
2012-04-13,20,0.1352560336240558
2012-04-16,20,0.12710533974812888
2012-04-17,20,0.1573005900046302
2012-04-18,20,0.12961666410170686
2012-04-19,20,0.10029556581287945
2012-04-20,20,0.11198769180329292
2012-04-23,20,0.1104537211742974
2012-04-24,20,0.1648484932727519
2012-04-25,20,0.1519622840922741
2012-04-26,20,0.1631436498692088
2012-04-27,20,0.12730434056133225
2012-04-30,20,0.11838301074010378
2012-05-01,20,0.1309021943105311
2012-05-02,20,0.09688605658655645
2012-05-03,20,0.04566791376239894
2012-05-04,20,0.05622956730593512
2012-05-07,20,0.056142076094508414
2012-05-08,20,0.05108704953512094
2012-05-09,20,0.05245762408385045
2012-05-10,20,0.037648220549161386
2012-05-11,20,0.05523016421660762
2012-05-14,20,0.0512130744494916
2012-05-15,20,0.016654496939590077
2012-05-16,20,-0.010719828246232741
2012-05-17,20,0.010284427753979862
2012-05-18,20,0.010500701921541703
2012-05-21,20,-0.011173969592605276
2012-05-22,20,-0.06980580843473334
2012-05-23,20,-0.05436220758059644
2012-05-24,20,-0.08407576184332252
2012-05-25,20,-0.01995956233954313
2012-05-29,20,0.01893829046795195
2012-05-30,20,-0.04375843316618817
2012-05-31,20,-0.06674611056350226
2012-06-01,20,-0.03587582950022448
2012-06-04,20,-0.01563937418275946
2012-06-05,20,-0.006813236789531905
2012-06-06,20,0.02727910251657798
2012-06-07,20,0.03984083084480238
2012-06-08,20,0.05719649356840671
2012-06-11,20,0.03542418632660108
2012-06-12,20,0.02257623959661849
2012-06-13,20,0.06972605710348385
2012-06-14,20,0.09939117275275801
2012-06-15,20,0.12887970802654264
2012-06-18,20,0.12571501590388215
2012-06-19,20,0.1313349797375556
2012-06-20,20,0.16583304221325093
2012-06-21,20,0.14094568756169318
2012-06-22,20,0.1575805415210977
2012-06-25,20,0.1570972719687243
2012-06-26,20,0.11043020286316235
2012-06-27,20,0.12931446259263835
2012-06-28,20,0.12529170234116246
2012-06-29,20,0.14274560354061525
2012-07-02,20,0.11010707559374311
2012-07-03,20,0.14704657556815093
2012-07-05,20,0.17408649169919474
2012-07-06,20,0.13448877879753968
2012-07-09,20,0.05922404047147623
2012-07-10,20,0.007575106582903979
2012-07-11,20,0.03232558109607021
2012-07-12,20,-0.03619677605292228
2012-07-13,20,-0.07587213021761141
2012-07-16,20,-0.07092331755915561
2012-07-17,20,-0.0534284537863261
2012-07-18,20,-0.04863381331709864
2012-07-19,20,-0.07134367689507004
2012-07-20,20,-0.08292799773495359
2012-07-23,20,-0.12018256657042457
2012-07-24,20,-0.17304722982940787
2012-07-25,20,-0.15770687760190313
2012-07-26,20,-0.12903918673064685
2012-07-27,20,-0.07389139649059394
2012-07-30,20,-0.053823093644903
2012-07-31,20,-0.027282070840228056
2012-08-01,20,-0.012163123969950616
2012-08-02,20,-0.062305733531288404
2012-08-03,20,-0.05522078538303736
2012-08-06,20,0.006565821275613065
2012-08-07,20,0.04849649445685937
2012-08-08,20,0.01689758075482333
2012-08-09,20,-0.02621440788396413
2012-08-10,20,-0.01144382090351697
2012-08-13,20,-0.062043478136507
2012-08-14,20,-0.09062513914935588
2012-08-15,20,-0.09595747876516035
2012-08-16,20,-0.11990594271479219
2012-08-17,20,-0.08256340362971704
2012-08-20,20,-0.08122795848896805
2012-08-21,20,-0.043716210866947304
2012-08-22,20,-0.03182493872260634
2012-08-23,20,-0.03767304979429904
2012-08-24,20,-0.028951350064875835
2012-08-27,20,-0.019792450157962462
2012-08-28,20,-0.056851838786551104
2012-08-29,20,-0.06340118221246395
2012-08-30,20,-0.06086498302362979
2012-08-31,20,-0.03972736343026272
2012-09-04,20,-0.05490586226184799
2012-09-05,20,-0.0075603061070904495
2012-09-06,20,0.00834809730144677
2012-09-07,20,0.07917316521655393
2012-09-10,20,0.0774366641995186
2012-09-11,20,0.0821684438635005
2012-09-12,20,0.09953253811806342
2012-09-13,20,0.0569712092820905
2012-09-14,20,0.11469985085651704
2012-09-17,20,0.10236997444314866
2012-09-18,20,0.12557173748734005
2012-09-19,20,0.09372788324782448
2012-09-20,20,0.0754239638550223
2012-09-21,20,0.055177519830680984
2012-09-24,20,0.05969429586041492
2012-09-25,20,0.034208994221919115
2012-09-26,20,0.10691322969889876
2012-09-27,20,0.05830578041383961
2012-09-28,20,0.05515410520563838
2012-10-01,20,0.05759258744950519
2012-10-02,20,0.01924400655410844
2012-10-03,20,-0.0008424483047795608
2012-10-04,20,0.012014657708906935
2012-10-05,20,0.010460876354933956
2012-10-08,20,0.030651199633891815
2012-10-09,20,0.047516907244118355
2012-10-10,20,0.04663841800364581
2012-10-11,20,0.06920165841423008
2012-10-12,20,0.08991747818177671
2012-10-15,20,0.05985739779352091
2012-10-16,20,0.03511053920740424
2012-10-17,20,0.07620751850740654
2012-10-18,20,0.07639063777412788
2012-10-19,20,0.07700961961144966
2012-10-22,20,0.08783692513957057
2012-10-23,20,0.08827109893329307
2012-10-24,20,0.04218124049982662
2012-10-25,20,0.06352788061272
2012-10-26,20,0.04381809493863907
2012-10-31,20,0.007402812117923329
2012-11-01,20,0.03314436666981126
2012-11-02,20,0.06099001364437642
2012-11-05,20,0.019523372300763283
2012-11-06,20,-0.0217280383036955
2012-11-07,20,-0.05910816811757962
2012-11-08,20,-0.06418801534953329
2012-11-09,20,-0.09846307538483255
2012-11-12,20,-0.10821976692995305
2012-11-13,20,-0.18196421949971084
2012-11-14,20,-0.16527362509556728
2012-11-15,20,-0.14829331187754963
2012-11-16,20,-0.16363410001990364
2012-11-19,20,-0.18289503181638075
2012-11-20,20,-0.21903625353748835
2012-11-21,20,-0.19540992577732264
2012-11-23,20,-0.1831680870413731
2012-11-26,20,-0.14118049407383743
2012-11-27,20,-0.14389820819725882
2012-11-28,20,-0.10688483421031009
2012-11-29,20,-0.10849116786368597
2012-11-30,20,-0.09007483918745292
2012-12-03,20,-0.1262242617563435
2012-12-04,20,-0.12586808146105202
2012-12-05,20,-0.07363544622814594
2012-12-06,20,-0.08478820866527291
2012-12-07,20,-0.023396584402554172
2012-12-10,20,-8.229082484548295e-05
2012-12-11,20,0.02903905668429039
2012-12-12,20,0.03036635451968103
2012-12-13,20,0.04909104501047775
2012-12-14,20,0.07025732277513307
2012-12-17,20,0.07187313359060746
2012-12-18,20,0.11177785287291733
2012-12-19,20,0.13712102028942189
2012-12-20,20,0.10483156254199019
2012-12-21,20,0.15588977715862234
2012-12-24,20,0.12677302695766896
2012-12-26,20,0.14935141011892847
2012-12-27,20,0.09713098054404104
2012-12-28,20,0.09199053455242985
2012-12-31,20,0.10294974666352794
2013-01-02,20,0.08218771974342193
2013-01-03,20,0.12361785907534219
2013-01-04,20,0.14266635717877402
2013-01-07,20,0.13935823243829334
2013-01-08,20,0.08107512375505191
2013-01-09,20,0.040250846560499674
2013-01-10,20,0.04956980042772093
2013-01-11,20,0.036308072505402876
2013-01-14,20,0.016856706476306747
2013-01-15,20,0.01794934464319899
2013-01-16,20,-0.008145202612786475
2013-01-17,20,-4.4428875686216155e-05
2013-01-18,20,-0.0238025965239508
2013-01-22,20,-0.03891201987858112
2013-01-23,20,-0.059097017900221004
2013-01-24,20,-0.024161565831887256
2013-01-25,20,-0.03449222120146421
2013-01-28,20,0.03478135495813044
2013-01-29,20,0.04679585343768707
2013-01-30,20,0.0594940493546694
2013-01-31,20,0.11333361151079219
2013-02-01,20,0.1295879565463748
2013-02-04,20,0.14990344060627767
2013-02-05,20,0.12504666684689605
2013-02-06,20,0.12045522728853239
2013-02-07,20,0.13550433894725786
2013-02-08,20,0.13035442704705202
2013-02-11,20,0.13636503536566574
2013-02-12,20,0.13526562564684608
2013-02-13,20,0.12722447065850578
2013-02-14,20,0.11095253376691495
2013-02-15,20,0.09428080483174064
2013-02-19,20,0.13015365065754134
2013-02-20,20,0.15425787075413264
2013-02-21,20,0.16801035230560732
2013-02-22,20,0.18359390109252097
2013-02-25,20,0.17976336239287025
2013-02-26,20,0.15796359619210668
2013-02-27,20,0.12741590361990146
2013-02-28,20,0.11082062358967622
2013-03-01,20,0.07781201525895245
2013-03-04,20,0.004653831269685158
2013-03-05,20,-0.04216944023515545
2013-03-06,20,-0.013752283398722358
2013-03-07,20,0.001325353476309088
2013-03-08,20,0.02548131146778688
2013-03-11,20,0.0253641689175789
2013-03-12,20,0.03796226022490287
2013-03-13,20,0.05165074761703877
2013-03-14,20,0.05044507255753427
2013-03-15,20,0.06420568178599562
2013-03-18,20,0.09717946042870625
2013-03-19,20,0.08038983191943666
2013-03-20,20,0.04958967795851435
2013-03-21,20,0.08287824457215912
2013-03-22,20,0.07102123512648786
2013-03-25,20,0.07725363347654628
2013-03-26,20,0.0246677256263577
2013-03-27,20,-0.005735553174664814
2013-03-28,20,-0.020603740252319997
2013-04-01,20,-0.041555975023183374
2013-04-02,20,-0.025953012188456817
2013-04-03,20,0.0071099518297542495
2013-04-04,20,0.011833606601067408
2013-04-05,20,-0.008208708199924648
2013-04-08,20,-0.03697436719731348
2013-04-09,20,-0.01424162256658615
2013-04-10,20,-0.03919855856582075
2013-04-11,20,-0.051727273089883216
2013-04-12,20,-0.05536221976643425
2013-04-15,20,-0.016974978458304306
2013-04-16,20,-0.05803839879564175
2013-04-17,20,-0.05296056521443093
2013-04-18,20,-0.056015745614444744
2013-04-19,20,-0.08852816739452833
2013-04-22,20,-0.13571841170670643
2013-04-23,20,-0.16193284565714466
2013-04-24,20,-0.1510919004070988
2013-04-25,20,-0.12611623091002275
2013-04-26,20,-0.13203976744128512
2013-04-29,20,-0.10229509921986561
2013-04-30,20,-0.12383056350795267
2013-05-01,20,-0.13184800357856438
2013-05-02,20,-0.13897769825509002
2013-05-03,20,-0.1509534118665544
2013-05-06,20,-0.1614205312535956
2013-05-07,20,-0.17724082763620921
2013-05-08,20,-0.10140805134766138
2013-05-09,20,-0.08413027510074639
2013-05-10,20,-0.0664998415686177
2013-05-13,20,-0.08044596933394037
2013-05-14,20,-0.09487056941576025
2013-05-15,20,-0.10511666981342696
2013-05-16,20,-0.05622991368020978
2013-05-17,20,-0.029963565439374985
2013-05-20,20,0.035607627290897635
2013-05-21,20,0.04049208826088103
2013-05-22,20,0.027596185818834745
2013-05-23,20,0.00668292522981083
2013-05-24,20,0.005325031336467987
2013-05-28,20,-0.0030429945167377817
2013-05-29,20,0.04219523153171445
2013-05-30,20,0.0569348782378278
2013-05-31,20,0.026523056480189405
2013-06-03,20,0.05578270955244174
2013-06-04,20,0.06914485204553128
2013-06-05,20,0.09377131733839396
2013-06-06,20,0.06312848549171056
2013-06-07,20,0.046975597670705645
2013-06-10,20,0.06037772491389421
2013-06-11,20,0.028880107312692836
2013-06-12,20,0.04101390027062402
2013-06-13,20,0.03733590268810125
2013-06-14,20,-0.0007203965215553058
2013-06-17,20,-0.06976510494427121
2013-06-18,20,-0.06495159211054152
2013-06-19,20,-0.06044959686035493
2013-06-20,20,0.003397435541533832
2013-06-21,20,0.029379019555474433
2013-06-24,20,0.026070242004292123
2013-06-25,20,0.023690873536166463
2013-06-26,20,-0.017286882397079702
2013-06-27,20,-0.01918176739470583
2013-06-28,20,-0.010822599873402228
2013-07-01,20,-0.022372733383184486
2013-07-02,20,0.012570247487488567
2013-07-03,20,0.03290174862590634
2013-07-05,20,0.02419709019219525
2013-07-08,20,0.020350205320639258
2013-07-09,20,0.0006902877544084308
2013-07-10,20,0.03178033700013433
2013-07-11,20,0.034706965405101216
2013-07-12,20,0.01204344970510191
2013-07-15,20,0.0279815328860342
2013-07-16,20,0.0785548073760368
2013-07-17,20,0.059620313290854585
2013-07-18,20,0.026285076194567332
2013-07-19,20,0.030794040490756975
2013-07-22,20,0.02445960525162341
2013-07-23,20,0.05337418416103827
2013-07-24,20,0.06242226957907855
2013-07-25,20,0.05744435259704936
2013-07-26,20,0.04725687668331821
2013-07-29,20,0.07188759643747325
2013-07-30,20,0.028632186518524103
2013-07-31,20,0.01458263884658209
2013-08-01,20,0.022149711496962616
2013-08-02,20,-0.020251065196761973
2013-08-05,20,0.01419457518393683
2013-08-06,20,0.034951405407458384
2013-08-07,20,0.037586963590779364
2013-08-08,20,0.030525611410569132
2013-08-09,20,0.031229134642275298
2013-08-12,20,0.059697846487219555
2013-08-13,20,0.06592403147450476
2013-08-14,20,0.07532648419415539
2013-08-15,20,0.1253969636512018
2013-08-16,20,0.09113988647491622
2013-08-19,20,0.09827841841975939
2013-08-20,20,0.04750859995777205
2013-08-21,20,0.04564493362320232
2013-08-22,20,0.05456121468630435
2013-08-23,20,0.05180862899005069
2013-08-26,20,0.0862158187504015
2013-08-27,20,0.13594932320581712
2013-08-28,20,0.12908632459932032
2013-08-29,20,0.11238895548043346
2013-08-30,20,0.15484664116568192
2013-09-03,20,0.14970476388357828
2013-09-04,20,0.1260152515552024
2013-09-05,20,0.11909986966702037
2013-09-06,20,0.1396822465700076
2013-09-09,20,0.10909797657033847
2013-09-10,20,0.03275462210326464
2013-09-11,20,0.04567233476046685
2013-09-12,20,0.09355487413216451
2013-09-13,20,0.10444555471151121
2013-09-16,20,0.10652612504073618
2013-09-17,20,0.10663691547512
2013-09-18,20,0.14681055761687928
2013-09-19,20,0.1188045183115433
2013-09-20,20,0.12425440504636295
2013-09-23,20,0.12503127851560236
2013-09-24,20,0.08893876962403756
2013-09-25,20,0.05361353723937187
2013-09-26,20,0.03691660427341299
2013-09-27,20,0.029388270711658664
2013-09-30,20,-0.009183620252532138
2013-10-01,20,-0.012300431479469909
2013-10-02,20,-0.0026002632481602213
2013-10-03,20,0.025812449196228757
2013-10-04,20,-0.004115110207639196
2013-10-07,20,0.0383194216780422
2013-10-08,20,0.07301755288191013
2013-10-09,20,0.05944049011957485
2013-10-10,20,-0.022056844666043518
2013-10-11,20,-0.0051521060115773945
2013-10-14,20,-0.008601860610549922
2013-10-15,20,-0.006016805187445541
2013-10-16,20,-0.01026907088189799
2013-10-17,20,-0.022439758285585046
2013-10-18,20,-0.04367831780575747
2013-10-21,20,-0.05800612529320452
2013-10-22,20,-0.07468514787724474
2013-10-23,20,-0.06478637858559787
2013-10-24,20,-0.03939994078517368
2013-10-25,20,-0.032904429161763574
2013-10-28,20,-0.018143474474919454
2013-10-29,20,-0.0006255877854700996
2013-10-30,20,0.0037699192577979454
2013-10-31,20,-0.02696162112581983
2013-11-01,20,-0.0036184516461559477
2013-11-04,20,-0.026592912284932924
2013-11-05,20,-0.0385186314193513
2013-11-06,20,0.02416641315035711
2013-11-07,20,0.10674488628923982
2013-11-08,20,0.02601564439303021
2013-11-11,20,0.01010375820225647
2013-11-12,20,-0.015332112462761383
2013-11-13,20,0.004625517220812151
2013-11-14,20,0.030334125136858937
2013-11-15,20,0.037833883356002025
2013-11-18,20,0.10662380636419476
2013-11-19,20,0.13379257441593628
2013-11-20,20,0.1300170943862898
2013-11-21,20,0.1021992265571999
2013-11-22,20,0.08259430973335025
2013-11-25,20,0.10641463990653718
2013-11-26,20,0.06867121577835691
2013-11-27,20,0.04054581390919399
2013-11-29,20,0.036837060461664496
2013-12-02,20,0.02489181148421849
2013-12-03,20,0.00246405369430076
2013-12-04,20,-0.018266140147482617
2013-12-05,20,-0.030472383041331638
2013-12-06,20,-0.027578520152461608
2013-12-09,20,0.021673405030478196
2013-12-10,20,0.02285463464447479
2013-12-11,20,0.044383514659805806
2013-12-12,20,-0.03581301339224651
2013-12-13,20,-0.0005901603791906668
2013-12-16,20,-0.03501306360184862
2013-12-17,20,-0.02869846648761999
2013-12-18,20,-0.03387479533045523
2013-12-19,20,-0.04291048048430448
2013-12-20,20,-0.03742499177570165
2013-12-23,20,-0.039789233055691216
2013-12-24,20,-0.07351706031032992
2013-12-26,20,-0.10236865672292796
2013-12-27,20,-0.0424174733639785
2013-12-30,20,-0.02998279023446014
2013-12-31,20,-0.004997606547901822
2014-01-02,20,0.03298566638786981
2014-01-03,20,0.008085267134050724
2014-01-06,20,0.0255980987965407
2014-01-07,20,0.006438364588664258
2014-01-08,20,-0.009607461521687344
2014-01-09,20,0.0009897948788190807
2014-01-10,20,-0.014547637684967937
2014-01-13,20,0.019598206101268566
2014-01-14,20,0.009909844931070479
2014-01-15,20,0.0539074864638055
2014-01-16,20,0.05203159382577633
2014-01-17,20,0.07436108697167002
2014-01-21,20,0.07775329889311043
2014-01-22,20,0.07303532012961393
2014-01-23,20,0.09251327462400005
2014-01-24,20,0.1441676894862503
2014-01-27,20,0.15727533935300847
2014-01-28,20,0.14930949650628741
2014-01-29,20,0.1445368939458843
2014-01-30,20,0.13360413313507968
2014-01-31,20,0.1050368283269949
2014-02-03,20,0.1648580996150878
2014-02-04,20,0.15998347732376514
2014-02-05,20,0.1554520036297249
2014-02-06,20,0.1490776316078292
2014-02-07,20,0.12740100481726815
2014-02-10,20,0.13763623566252073
2014-02-11,20,0.12099695999640692
2014-02-12,20,0.1029326420601748
2014-02-13,20,0.07721536978572371
2014-02-14,20,0.0980580866355691
2014-02-18,20,0.09483325262127247
2014-02-19,20,0.08392152473656891
2014-02-20,20,0.051328731487014216
2014-02-21,20,0.009761695315929539
2014-02-24,20,-0.02431671779933875
2014-02-25,20,-0.032594853252764296
2014-02-26,20,-0.05495016179242587
2014-02-27,20,-0.06159279345511557
2014-02-28,20,-0.06634582662929102
2014-03-03,20,-0.04605118236722168
2014-03-04,20,-0.05124151726509155
2014-03-05,20,-0.04709971592741662
2014-03-06,20,-0.04996949418104892
2014-03-07,20,-0.08189546912127338
2014-03-10,20,-0.12472072837725215
2014-03-11,20,-0.1257665391015333
2014-03-12,20,-0.10519720588734759
2014-03-13,20,-0.13492070805090456
2014-03-14,20,-0.13363860719541984
2014-03-17,20,-0.14548291433030702
2014-03-18,20,-0.156799833680132
2014-03-19,20,-0.11055476197379366
2014-03-20,20,-0.10670355646510452
2014-03-21,20,-0.06469149761157045
2014-03-24,20,-0.012887050787361817
2014-03-25,20,-0.033371990449410416
2014-03-26,20,-0.037006694416522386
2014-03-27,20,-0.07647115568786639
2014-03-28,20,-0.09474439323525874
2014-03-31,20,-0.08542252921811909
2014-04-01,20,-0.09734616972414889
2014-04-02,20,-0.06659620746360435
2014-04-03,20,-0.018745904719223702
2014-04-04,20,0.047586017673007644
2014-04-07,20,0.06821778377003052
2014-04-08,20,0.04690520540646201
2014-04-09,20,-0.020219446651349664
2014-04-10,20,0.0026672304213538186
2014-04-11,20,0.02191304125402452
2014-04-14,20,0.007864772143609101
2014-04-15,20,-0.00946085569006997
2014-04-16,20,-0.06859591490926834
2014-04-17,20,-0.07528136260497231
2014-04-21,20,-0.06569443272173353
2014-04-22,20,-0.08214695276273937
2014-04-23,20,-0.0395530265056311
2014-04-24,20,-0.022419269964313537
2014-04-25,20,0.04270966907874003
2014-04-28,20,0.07955249280809729
2014-04-29,20,0.0749803042838765
2014-04-30,20,0.056401186906928205
2014-05-01,20,0.030406586043763742
2014-05-02,20,0.04153322780760798
2014-05-05,20,0.04681382856300254
2014-05-06,20,0.08140234728552824
2014-05-07,20,0.09112654297090045
2014-05-08,20,0.12940228903225956
2014-05-09,20,0.12864870716741858
2014-05-12,20,0.09083705672128604
2014-05-13,20,0.10518666580117404
2014-05-14,20,0.0955363153035085
2014-05-15,20,0.11646310773178428
2014-05-16,20,0.1252731822006634
2014-05-19,20,0.10919680663098538
2014-05-20,20,0.12394782097619648
2014-05-21,20,0.07162014101699492
2014-05-22,20,0.12168400326222674
2014-05-23,20,0.09259461726366443
2014-05-27,20,0.07783086860039326
2014-05-28,20,0.09282750330949824
2014-05-29,20,0.08245749629668224
2014-05-30,20,0.034199517190145676
2014-06-02,20,-0.0028411780421326144
2014-06-03,20,-0.0057688918735194945
2014-06-04,20,-0.04411688698438599
2014-06-05,20,-0.028962895611016903
2014-06-06,20,-0.013327316991663946
2014-06-09,20,0.02322050418109269
2014-06-10,20,0.06349436140918777
2014-06-11,20,0.06839151803865551
2014-06-12,20,0.10689688526905884
2014-06-13,20,0.10957076542678593
2014-06-16,20,0.10095707887118041
2014-06-17,20,0.0914049446838399
2014-06-18,20,0.08961723605412102
2014-06-19,20,0.11805753884741184
2014-06-20,20,0.07666175749746167
2014-06-23,20,0.09947970846893969
2014-06-24,20,0.10745706043906075
2014-06-25,20,0.08935450359021606
2014-06-26,20,0.05415107990817777
2014-06-27,20,0.0821745599022474
2014-06-30,20,0.07105632320293086
2014-07-01,20,0.043858877261804756
2014-07-02,20,-0.01156076396899002
2014-07-03,20,-0.005494037945274204
2014-07-07,20,0.003012294984251372
2014-07-08,20,-0.027769290396979493
2014-07-09,20,-0.06738949215746626
2014-07-10,20,-0.06577759735541996
2014-07-11,20,-0.05045042709937746
2014-07-14,20,-0.060658080388810945
2014-07-15,20,-0.04215295660376617
2014-07-16,20,-0.003697359722093583
2014-07-17,20,-0.002837920716965602
2014-07-18,20,-0.009433747794970866
2014-07-21,20,-0.009249091557999509
2014-07-22,20,-0.020601409190647114
2014-07-23,20,-0.016513185363162305
2014-07-24,20,-0.055115751708600794
2014-07-25,20,-0.033213790620420625
2014-07-28,20,-0.005821124676483522
2014-07-29,20,-0.010858337230694239
2014-07-30,20,0.0053762775480370424
2014-07-31,20,0.06820679890655683
2014-08-01,20,0.05575758904885549
2014-08-04,20,0.05966174462654317
2014-08-05,20,0.08778096987467074
2014-08-06,20,0.09365149930388848
2014-08-07,20,0.12257533112654685
2014-08-08,20,0.10713363331768726
2014-08-11,20,0.10592428244930677
2014-08-12,20,0.11981521025045298
2014-08-13,20,0.06779218809183615
2014-08-14,20,0.06389330565337763
2014-08-15,20,0.022251231751720554
2014-08-18,20,0.06644751794140995
2014-08-19,20,0.05396335062379007
2014-08-20,20,0.05526025535837247
2014-08-21,20,0.08200427937677104
2014-08-22,20,0.07570458828636663
2014-08-25,20,0.07302513240397064
2014-08-26,20,0.11825763128830087
2014-08-27,20,0.09481299444926722
2014-08-28,20,0.11769435564917842
2014-08-29,20,0.1238208600876347
2014-09-02,20,0.10950697215643967
2014-09-03,20,0.062221226378029695
2014-09-04,20,0.05095990528639058
2014-09-05,20,0.07612514742732253
2014-09-08,20,0.0778234319096576
2014-09-09,20,0.07253898530498387
2014-09-10,20,0.07135727383291662
2014-09-11,20,0.06990023168744161
2014-09-12,20,0.04010336044243412
2014-09-15,20,-0.01950039153605916
2014-09-16,20,-0.06350443722598
2014-09-17,20,-0.09746306366064146
2014-09-18,20,-0.1134175251196079
2014-09-19,20,-0.06582921304720309
2014-09-22,20,-0.06427229071026509
2014-09-23,20,-0.03574861183723364
2014-09-24,20,-0.03936571892688059
2014-09-25,20,-0.03473637125458892
2014-09-26,20,-0.032626082679244314
2014-09-29,20,-0.02605631129542891
2014-09-30,20,-0.04609902841402463
2014-10-01,20,-0.01022319861902254
2014-10-02,20,-0.0026513389009664907
2014-10-03,20,-0.02943511544145505
2014-10-06,20,-0.0003925989907150426
2014-10-07,20,-0.007083734492516959
2014-10-08,20,-0.037964375061673654
2014-10-09,20,-0.0470443582615479
2014-10-10,20,-0.04082127333800144
2014-10-13,20,0.05091898975874702
2014-10-14,20,0.07493883899909638
2014-10-15,20,0.11209543303563842
2014-10-16,20,0.12083127881575922
2014-10-17,20,0.06448953926466794
2014-10-20,20,0.08349023361720986
2014-10-21,20,0.08432779540705165
2014-10-22,20,0.07378903378026817
2014-10-23,20,0.05299384629274942
2014-10-24,20,0.010578322585000993
2014-10-27,20,-0.010176864612653847
2014-10-28,20,0.04915627271406058
2014-10-29,20,0.05616609455120931
2014-10-30,20,0.0880748111325586
2014-10-31,20,0.09753530636943064
2014-11-03,20,0.10339509437893075
2014-11-04,20,0.10026872439496777
2014-11-05,20,0.15303196330755287
2014-11-06,20,0.11001248289346184
2014-11-07,20,0.12457452065132377
2014-11-10,20,0.08538855065606991
2014-11-11,20,0.10806345889962701
2014-11-12,20,0.10491742160323628
2014-11-13,20,0.08209886678358425
2014-11-14,20,0.08442498527468177
2014-11-17,20,0.048263390535291065
2014-11-18,20,-0.00934486633161737
2014-11-19,20,-0.013707530901700432
2014-11-20,20,-0.022713281950061306
2014-11-21,20,-0.008800921083570263
2014-11-24,20,-0.0023593347194317232
2014-11-25,20,0.008442331926148202
2014-11-26,20,-0.013345090210872032
2014-11-28,20,-0.05239240798673555
2014-12-01,20,-0.04648107077848247
2014-12-02,20,-0.08103984214381144
2014-12-03,20,-0.05981688578654836
2014-12-04,20,-0.08517636137190647
2014-12-05,20,-0.04443048436726218
2014-12-08,20,-0.047939182460384464
2014-12-09,20,0.026144334048199512
2014-12-10,20,0.026196105750486167
2014-12-11,20,-0.003279737987798944
2014-12-12,20,-0.023625148682027412
2014-12-15,20,-0.02819882760278359
2014-12-16,20,0.07539613405673241
2014-12-17,20,0.11810376915261822
2014-12-18,20,0.17280227389978486
2014-12-19,20,0.21052883738621153
2014-12-22,20,0.20357173311781385
2014-12-23,20,0.21742904048706072
2014-12-24,20,0.1968086642290505
2014-12-26,20,0.1943607425601148
2014-12-29,20,0.2321553937524439
2014-12-30,20,0.2375218487899747
2014-12-31,20,0.2322931096141853
2015-01-02,20,0.18852271708188137
2015-01-05,20,0.1133761589766974
2015-01-06,20,0.1220350833205096
2015-01-07,20,0.06411693806842018
2015-01-08,20,0.022865151777027498
2015-01-09,20,-0.04154403287171318
2015-01-12,20,0.013439591261255929
2015-01-13,20,0.020336613480214382
2015-01-14,20,-0.011873248198403536
2015-01-15,20,-0.07830842726897326
2015-01-16,20,-0.09042430259713356
2015-01-20,20,-0.1307291322303885
2015-01-21,20,-0.11731353392814038
2015-01-22,20,-0.1062343429923746
2015-01-23,20,-0.09267619334067342
2015-01-26,20,-0.07793150837642586
2015-01-27,20,-0.09275045273583571
2015-01-28,20,-0.1279548393184118
2015-01-29,20,-0.14380154692345556
2015-01-30,20,-0.11400973016832652
2015-02-02,20,-0.0763180733441755
2015-02-03,20,0.012066942584428504
2015-02-04,20,-0.014220247882495766
2015-02-05,20,0.033894707764591664
2015-02-06,20,0.0860691755047034
2015-02-09,20,0.13033537470222092
2015-02-10,20,0.06527190298907737
2015-02-11,20,0.07237414806936714
2015-02-12,20,0.10214324495921712
2015-02-13,20,0.1763722170175749
2015-02-17,20,0.18148218705042937
2015-02-18,20,0.17718960483554816
2015-02-19,20,0.1869412657881528
2015-02-20,20,0.1466291261715576
2015-02-23,20,0.0861743126734474
2015-02-24,20,0.07527307970528567
2015-02-25,20,0.11212806003960823
2015-02-26,20,0.1398841376293462
2015-02-27,20,0.17357693766619336
2015-03-02,20,0.1661532704206538
2015-03-03,20,0.1504743746115139
2015-03-04,20,0.12708390524197238
2015-03-05,20,0.08667076203402577
2015-03-06,20,0.022815650917848724
2015-03-09,20,-0.06254195200065703
2015-03-10,20,-0.043335685386621886
2015-03-11,20,-0.047330125949906855
2015-03-12,20,-0.02503110808189733
2015-03-13,20,-0.06586219524398992
2015-03-16,20,-0.14499114368608068
2015-03-17,20,-0.20711324419047725
2015-03-18,20,-0.18716063071768685
2015-03-19,20,-0.17398265330921103
2015-03-20,20,-0.1661773079392563
2015-03-23,20,-0.07989303398919852
2015-03-24,20,-0.0668449537049378
2015-03-25,20,-0.0952815938835213
2015-03-26,20,-0.08594050900014277
2015-03-27,20,-0.16706985017337203
2015-03-30,20,-0.21465858708215926
2015-03-31,20,-0.20017230819744158
2015-04-01,20,-0.1697806666039113
2015-04-02,20,-0.08099008590557023
2015-04-06,20,-0.04040526380343223
2015-04-07,20,-0.04243033089801051
2015-04-08,20,-0.07432377124547379
2015-04-09,20,-0.050918448993765617
2015-04-10,20,-0.04400347959576627
2015-04-13,20,-0.04114954638774373
2015-04-14,20,-0.02799697159096062
2015-04-15,20,0.02991093366484428
2015-04-16,20,0.041042078836524505
2015-04-17,20,0.03130290038390401
2015-04-20,20,0.04260567073079619
2015-04-21,20,0.028533638232116385
2015-04-22,20,0.02356017798058104
2015-04-23,20,0.02626711527871498
2015-04-24,20,0.02128423521888412
2015-04-27,20,0.07645184175182608
2015-04-28,20,0.10816410783109293
2015-04-29,20,0.13998150557680247
2015-04-30,20,0.16212520105047465
2015-05-01,20,0.14341640532979297
2015-05-04,20,0.12635626738655112
2015-05-05,20,0.11406038727821799
2015-05-06,20,0.1074637037284609
2015-05-07,20,0.09433845446577555
2015-05-08,20,0.07785294519569667
2015-05-11,20,0.08525943595038228
2015-05-12,20,0.08120836657414844
2015-05-13,20,0.10476884624102373
2015-05-14,20,0.10239804248028198
2015-05-15,20,0.12417852218717117
2015-05-18,20,0.12004234255754365
2015-05-19,20,0.07336370922574888
2015-05-20,20,0.10573336996541131
2015-05-21,20,0.1130778517381218
2015-05-22,20,0.10766349261450775
2015-05-26,20,0.062104161342105196
2015-05-27,20,0.058019821852427544
2015-05-28,20,0.06379050592174808
2015-05-29,20,0.03870037496140432
2015-06-01,20,0.042745931554358255
2015-06-02,20,0.12799248282063916
2015-06-03,20,0.18370759408904
2015-06-04,20,0.20067990591306323
2015-06-05,20,0.23710459720219892
2015-06-08,20,0.26272797571138684
2015-06-09,20,0.25927510366800544
2015-06-10,20,0.2739968933319305
2015-06-11,20,0.30282865789178626
2015-06-12,20,0.29931903935721155
2015-06-15,20,0.291985160299445
2015-06-16,20,0.29603500396670757
2015-06-17,20,0.3211555291940573
2015-06-18,20,0.32596988818640854
2015-06-19,20,0.3325338797030803
2015-06-22,20,0.3322915105142849
2015-06-23,20,0.3497348453915772
2015-06-24,20,0.35277775531347755
2015-06-25,20,0.3471120271693682
2015-06-26,20,0.33278501121624693
2015-06-29,20,0.33782322252220404
2015-06-30,20,0.3039990704040278
2015-07-01,20,0.2668677226086961
2015-07-02,20,0.2645160251865028
2015-07-06,20,0.2581423066207199
2015-07-07,20,0.2547712097720047
2015-07-08,20,0.2433568718014828
2015-07-09,20,0.20651628209336353
2015-07-10,20,0.1850673772064352
2015-07-13,20,0.15379640508450512
2015-07-14,20,0.1663456414226834
2015-07-15,20,0.12906993521723353
2015-07-16,20,0.15605271513258645
2015-07-17,20,0.13766210133007395
2015-07-20,20,0.13208565130133773
2015-07-21,20,0.15510001400820012
2015-07-22,20,0.12816119754960123
2015-07-23,20,0.11490173642499359
2015-07-24,20,0.07550007244278194
2015-07-27,20,0.0684427839597591
2015-07-28,20,0.11641358382260455
2015-07-29,20,0.14317095020414478
2015-07-30,20,0.12030161025941938
2015-07-31,20,0.06281660492948082
2015-08-03,20,-0.037250412776768806
2015-08-04,20,-0.02873292034201914
2015-08-05,20,-0.008046170076654403
2015-08-06,20,0.014564557183672255
2015-08-07,20,0.014796375754613907
2015-08-10,20,0.08592178113198579
2015-08-11,20,0.06549045100941348
2015-08-12,20,0.0815886521508634
2015-08-13,20,0.03976243887203186
2015-08-14,20,0.04743926559947002
2015-08-17,20,-0.01184607197154813
2015-08-18,20,-0.07483001205361484
2015-08-19,20,-0.06319193690002596
2015-08-20,20,-0.009545401489533291
2015-08-21,20,0.05249147378251905
2015-08-24,20,0.10671297563848262
2015-08-25,20,0.1369854462239139
2015-08-26,20,0.08602133470367854
2015-08-27,20,0.14355074315900487
2015-08-28,20,0.16567308267949218
2015-08-31,20,0.1985750222696096
2015-09-01,20,0.1885739852341711
2015-09-02,20,0.20730634137002285
2015-09-03,20,0.18585352436405286
2015-09-04,20,0.11985450772158296
2015-09-08,20,0.0048751827346971656
2015-09-09,20,-0.026963900294596735
2015-09-10,20,-0.09695866188063106
2015-09-11,20,-0.13839625898362787
2015-09-14,20,-0.0466855660620811
2015-09-15,20,-0.029875216169884294
2015-09-16,20,0.0061755515410693304
2015-09-17,20,-0.01448209161588715
2015-09-18,20,0.009826775679634962
2015-09-21,20,0.0008996580582141226
2015-09-22,20,-0.06664054459448236
2015-09-23,20,-0.11053001276785332
2015-09-24,20,-0.0844005444742811
2015-09-25,20,-0.07229874843808057
2015-09-28,20,-0.026055726752569383
2015-09-29,20,0.05336369945446233
2015-09-30,20,-0.004776355060584386
2015-10-01,20,-0.07922900680248203
2015-10-02,20,-0.014234437034609516
2015-10-05,20,0.01117108152742671
2015-10-06,20,0.05660637963193429
2015-10-07,20,0.09393760930967403
2015-10-08,20,0.15078471471969038
2015-10-09,20,0.15386606317431084
2015-10-12,20,0.10467043980733612
2015-10-13,20,0.12626604414552078
2015-10-14,20,0.16964300123387055
2015-10-15,20,0.17137641263585116
2015-10-16,20,0.13942637332895877
2015-10-19,20,0.10354099491764937
2015-10-20,20,0.14914600941469855
2015-10-21,20,0.11264912102272323
2015-10-22,20,0.12388746483339268
2015-10-23,20,0.14020721364772576
2015-10-26,20,0.10615391580256663
2015-10-27,20,0.041155145010425054
2015-10-28,20,0.030455635727098793
2015-10-29,20,0.06424212344470101
2015-10-30,20,0.030090160443162386
2015-11-02,20,0.08129907600457162
2015-11-03,20,0.15860951810671814
2015-11-04,20,0.13764688277153259
2015-11-05,20,0.18148350465893576
2015-11-06,20,0.18770848695426398
2015-11-09,20,0.2197012266665058
2015-11-10,20,0.1621564870842213
2015-11-11,20,0.10074529418505088
2015-11-12,20,0.08966237685223118
2015-11-13,20,0.11293993020668767
2015-11-16,20,0.1220087335352907
2015-11-17,20,0.055328277801764615
2015-11-18,20,0.06682050485972527
2015-11-19,20,0.042568559804468685
2015-11-20,20,0.03165650653280006
2015-11-23,20,-0.013229889866167932
2015-11-24,20,-0.019565065779783827
2015-11-25,20,-0.0010190379139977728
2015-11-27,20,0.01820284318523984
2015-11-30,20,0.0476567554443335
2015-12-01,20,0.023878132267767707
2015-12-02,20,-0.005892590478728775
2015-12-03,20,-0.06798776097021535
2015-12-04,20,-0.10068166664222845
2015-12-07,20,-0.08899786997781356
2015-12-08,20,-0.0773043880044175
2015-12-09,20,-0.0044400705300812575
2015-12-10,20,0.06839459232405892
2015-12-11,20,0.10404989695776977
2015-12-14,20,0.04289943362498631
2015-12-15,20,0.023272151099992863
2015-12-16,20,0.0602686693160051
2015-12-17,20,0.10350318028017202
2015-12-18,20,0.12483528833568727
2015-12-21,20,0.10253094113913061
2015-12-22,20,0.1439935145643585
2015-12-23,20,0.18578509298803655
2015-12-24,20,0.14990619952885775
2015-12-28,20,0.13025692753501525
2015-12-29,20,0.10215420322698404
2015-12-30,20,0.07099035156763385
2015-12-31,20,0.09411815109301117
2016-01-04,20,0.14503144369524867
2016-01-05,20,0.08582033668136976
2016-01-06,20,-0.022549178273277206
2016-01-07,20,-0.08678771103638616
2016-01-08,20,-0.07923242574446386
2016-01-11,20,-0.0729042754085464
2016-01-12,20,-0.07704744760545156
2016-01-13,20,-0.05391631866743439
2016-01-14,20,-0.07531675801638066
2016-01-15,20,-0.1398832886139855
2016-01-19,20,-0.2055520473122251
2016-01-20,20,-0.2101425870857485
2016-01-21,20,-0.10666354887890098
2016-01-22,20,-0.11882326951850511
2016-01-25,20,-0.1281513822104183
2016-01-26,20,-0.09139939727014292
2016-01-27,20,-0.08882505027043779
2016-01-28,20,-0.12253970012944501
2016-01-29,20,-0.126130226789748
2016-02-01,20,-0.13227231752816457
2016-02-02,20,-0.1792250959153792
2016-02-03,20,-0.18462111615338628
2016-02-04,20,-0.15989983723744325
2016-02-05,20,-0.21356816027072012
2016-02-08,20,-0.17166062710955451
2016-02-09,20,-0.22122535815029942
2016-02-10,20,-0.23070177394792568
2016-02-11,20,-0.27150291741979793
2016-02-12,20,-0.26591277191384854
2016-02-16,20,-0.1872335904073988
2016-02-17,20,-0.17302928812036275
2016-02-18,20,-0.197111384505526
2016-02-19,20,-0.26627387728324003
2016-02-22,20,-0.2505452404490171
2016-02-23,20,-0.24590585466651935
2016-02-24,20,-0.19866830984249448
2016-02-25,20,-0.20920359788443593
2016-02-26,20,-0.1658432695192615
2016-02-29,20,-0.14590033596916388
2016-03-01,20,-0.14642496064095045
2016-03-02,20,-0.1175395118111886
2016-03-03,20,0.022736054929471505
2016-03-04,20,0.066467957436712
2016-03-07,20,0.1742449184977266
2016-03-08,20,0.04985267383884776
2016-03-09,20,0.08530287951560352
2016-03-10,20,0.06137965247481228
2016-03-11,20,0.08055586863347305
2016-03-14,20,0.06850518874084659
2016-03-15,20,-0.10023544068998336
2016-03-16,20,-0.0797473132271121
2016-03-17,20,-0.02783647828317541
2016-03-18,20,0.05342743928722068
2016-03-21,20,0.044177938600644465
2016-03-22,20,-0.020955911627834438
2016-03-23,20,-0.13915517289244894
2016-03-24,20,-0.1690911074870126
2016-03-28,20,-0.13355238744785536
2016-03-29,20,-0.17180294445657823
2016-03-30,20,-0.1879020930751556
2016-03-31,20,-0.1350197419098849
2016-04-01,20,-0.12957465342251986
2016-04-04,20,-0.1402460324412738
2016-04-05,20,-0.12065199249679907
2016-04-06,20,-0.1027784760765301
2016-04-07,20,-0.10881409550487615
2016-04-08,20,-0.10797669168313233
2016-04-11,20,-0.061079281275398196
2016-04-12,20,-0.05998595540162782
2016-04-13,20,0.025721006156624145
2016-04-14,20,0.060808717762975674
2016-04-15,20,0.07368638160468877
2016-04-18,20,0.059711779041008245
2016-04-19,20,0.05222842137655017
2016-04-20,20,0.08497601222902842
2016-04-21,20,0.116221438824284
2016-04-22,20,0.12400073327306553
2016-04-25,20,0.08713594337380427
2016-04-26,20,0.12131289157008543
2016-04-27,20,0.09219616927083622
2016-04-28,20,0.10805067185853301
2016-04-29,20,0.07736219790812357
2016-05-02,20,0.00933996788699657
2016-05-03,20,-0.026323993415719813
2016-05-04,20,-0.06916074737977829
2016-05-05,20,-0.08799333193043359
2016-05-06,20,-0.09881037301566706
2016-05-09,20,-0.11806158802420466
2016-05-10,20,-0.09047281525629114
2016-05-11,20,-0.06970685920366895
2016-05-12,20,-0.07900546817077393
2016-05-13,20,-0.08289055145320633
2016-05-16,20,-0.04998662803039619
2016-05-17,20,-0.034704952032888904
2016-05-18,20,-0.046053095150995815
2016-05-19,20,-0.12109860989560352
2016-05-20,20,-0.08154466036387596
2016-05-23,20,-0.05734641854111581
2016-05-24,20,-0.039422480331384804
2016-05-25,20,-0.007532775598507944
2016-05-26,20,0.039099871563891435
2016-05-27,20,0.18483347891674107
2016-05-31,20,0.20297423683535165
2016-06-01,20,0.19718336007182657
2016-06-02,20,0.23788315891410672
2016-06-03,20,0.18628627720811342
2016-06-06,20,0.2843360065291112
2016-06-07,20,0.2648764841978971
2016-06-08,20,0.2340021812165664
2016-06-09,20,0.13723057538377553
2016-06-10,20,0.06756696066949541
2016-06-13,20,-0.021005749313912
2016-06-14,20,-0.049750833946434155
2016-06-15,20,-0.029481370817263815
2016-06-16,20,-0.04678543895079936
2016-06-17,20,-0.010113124596262528
2016-06-20,20,0.0326414447190089
2016-06-21,20,-0.04458675318885856
2016-06-22,20,-0.07703956379432839
2016-06-23,20,-0.00912805112625869
2016-06-24,20,-0.08855559660977672
2016-06-27,20,-0.21192087899806794
2016-06-28,20,-0.1701786555366004
2016-06-29,20,-0.10480676960594341
2016-06-30,20,-0.11264901642763646
2016-07-01,20,-0.06659995216510074
2016-07-05,20,-0.10315995946986607
2016-07-06,20,-0.12972592643075256
2016-07-07,20,-0.08495216127607151
2016-07-08,20,-0.08383032266761128
2016-07-11,20,-0.08866866505316533
2016-07-12,20,-0.01882234710212324
2016-07-13,20,-0.021914770755732574
2016-07-14,20,-0.030175074411171846
2016-07-15,20,-0.04430666145401305
2016-07-18,20,-0.04335628336413095
2016-07-19,20,-0.05219162802608074
2016-07-20,20,-0.019763778045284303
2016-07-21,20,-0.006405477162443799
2016-07-22,20,-0.029953211571260515
2016-07-25,20,-0.022456771196347137
2016-07-26,20,-0.03916235729811808
2016-07-27,20,-0.04788218198159701
2016-07-28,20,-0.05162931751925985
2016-07-29,20,-0.05312569636428863
2016-08-01,20,-0.08185903816883026
2016-08-02,20,-0.12079186578375131
2016-08-03,20,-0.08563946168963903
2016-08-04,20,-0.09160612844907208
2016-08-05,20,-0.06783747572207091
2016-08-08,20,-0.03961753138798469
2016-08-09,20,-0.09132024282700654
2016-08-10,20,-0.1116853826190047
2016-08-11,20,-0.10312553620662351
2016-08-12,20,-0.0895086312173738
2016-08-15,20,-0.07284241163445236
2016-08-16,20,-0.039278781743955264
2016-08-17,20,-0.0408338469146914
2016-08-18,20,-0.043285336361289166
2016-08-19,20,-0.009089102842118904
2016-08-22,20,-0.006988268945212468
2016-08-23,20,0.058318892131543634
2016-08-24,20,0.050288582204970074
2016-08-25,20,0.0014958207846636402
2016-08-26,20,0.02075145071476114
2016-08-29,20,0.03743645488522667
2016-08-30,20,0.06442322103288482
2016-08-31,20,0.09184346865205129
2016-09-01,20,0.04128616555868735
2016-09-02,20,0.0391376267118456
2016-09-06,20,-0.0048040608255186705
2016-09-07,20,-0.010813009624384248
2016-09-08,20,0.0230096292726489
2016-09-09,20,0.03997536923403899
2016-09-12,20,0.04346146581605549
2016-09-13,20,0.0457535469455022
2016-09-14,20,0.03541222510010562
2016-09-15,20,0.028978754390869662
2016-09-16,20,0.0191416138028208
2016-09-19,20,0.05265580408652235
2016-09-20,20,0.013313278135229428
2016-09-21,20,-0.030913075286542895
2016-09-22,20,-0.013895918380927571
2016-09-23,20,0.016119912445023386
2016-09-26,20,0.0008872753817945711
2016-09-27,20,-0.005738580207474568
2016-09-28,20,-0.026383832076400975
2016-09-29,20,-0.048676807580628284
2016-09-30,20,-0.03046878918561187
2016-10-03,20,-0.025823815855254166
2016-10-04,20,0.009206540812759342
2016-10-05,20,0.021258198890103025
2016-10-06,20,0.033484993683769594
2016-10-07,20,0.035874349153348244
2016-10-10,20,0.04125936133989564
2016-10-11,20,0.054668169167927
2016-10-12,20,0.008872916635864288
2016-10-13,20,-0.06382833076948209
2016-10-14,20,-0.06725608383630148
2016-10-17,20,-0.08956485286841205
2016-10-18,20,-0.07250021944771663
2016-10-19,20,-0.07181698733107865
2016-10-20,20,-0.06206413171564998
2016-10-21,20,-0.05936857817955826
2016-10-24,20,-0.07514210856063373
2016-10-25,20,-0.06141131362251888
2016-10-26,20,-0.03335236842987954
2016-10-27,20,-0.04211686824247946
2016-10-28,20,-0.033196558183454704
2016-10-31,20,-0.025370771671360814
2016-11-01,20,-0.010583837693235044
2016-11-02,20,-0.020695631452424115
2016-11-03,20,-0.0072072364926814856
2016-11-04,20,-0.037540638204893485
2016-11-07,20,-0.07295106585161751
2016-11-08,20,-0.09755219647895508
2016-11-09,20,-0.09965556667053369
2016-11-10,20,-0.07917486609491566
2016-11-11,20,-0.0677394321825567
2016-11-14,20,-0.0452380699574554
2016-11-15,20,-0.0892522199230547
2016-11-16,20,-0.08066366585129386
2016-11-17,20,-0.11984870705354299
2016-11-18,20,-0.1343345136055826
2016-11-21,20,-0.12551364819945898
2016-11-22,20,-0.1429595266055767
2016-11-23,20,-0.13066796767446814
2016-11-25,20,-0.10605360774351896
2016-11-28,20,-0.12595242272344312
2016-11-29,20,-0.1451037903401548
2016-11-30,20,-0.17853926576196227
2016-12-01,20,-0.1588249662316944
2016-12-02,20,-0.20215945088275133
2016-12-05,20,-0.19569913155267904
2016-12-06,20,-0.15929863357704302
2016-12-07,20,-0.10985714654205324
2016-12-08,20,-0.10134249168601785
2016-12-09,20,-0.0360615757149003
2016-12-12,20,-0.07236717942191571
2016-12-13,20,-0.08067080242058135
2016-12-14,20,-0.062394781289862346
2016-12-15,20,-0.11256108503212199
2016-12-16,20,-0.031118812262819893
2016-12-19,20,-0.0553643630587602
2016-12-20,20,-0.08457002303874034
2016-12-21,20,-0.09954536037348416
2016-12-22,20,-0.07894725066595508
2016-12-23,20,-0.08027929823899063
2016-12-27,20,-0.07194858921360506
2016-12-28,20,-0.05279459320661973
2016-12-29,20,-0.06969343406678795
2016-12-30,20,-0.06478246889930772
2017-01-03,20,-0.028831320229472428
2017-01-04,20,-0.038952060151504604
2017-01-05,20,0.005683829633966506
2017-01-06,20,0.02742400361276202
2017-01-09,20,0.01880187598022129
2017-01-10,20,-0.06607971434974007
2017-01-11,20,-0.05014865676107807
2017-01-12,20,-0.026887187919678857
2017-01-13,20,-0.025360087694043687
2017-01-17,20,-0.00525617761564762
2017-01-18,20,-0.022756682197956266
2017-01-19,20,-0.008680140294977946
2017-01-20,20,-0.010270666354674494
2017-01-23,20,-0.010350067393262897
2017-01-24,20,-0.03127377361635419
2017-01-25,20,-0.06923128987155908
2017-01-26,20,-0.06919990519297936
2017-01-27,20,-0.061502649687739226
2017-01-30,20,-0.0339424314548903
2017-01-31,20,0.010342033311412344
2017-02-01,20,-0.06452861088074942
2017-02-02,20,-0.032909593643853166
2017-02-03,20,-0.03610852759545543
2017-02-06,20,-0.021731870585606005
2017-02-07,20,-0.06061453797037992
2017-02-08,20,-0.05600250078210026
2017-02-09,20,-0.07527692061468899
2017-02-10,20,-0.029383037844802607
2017-02-13,20,-0.043980403384762105
2017-02-14,20,-0.0012722358877183695
2017-02-15,20,0.008833367190458368
2017-02-16,20,0.011902523388489503
2017-02-17,20,0.03101843606564416
2017-02-21,20,-0.025020410979433676
2017-02-22,20,-0.0200856589502249
2017-02-23,20,0.015286035569620682
2017-02-24,20,0.026938858919824987
2017-02-27,20,0.019979105382516422
2017-02-28,20,0.04693905808702306
2017-03-01,20,-0.024523325616617856
2017-03-02,20,0.03413373116287281
2017-03-03,20,0.009729270792219458
2017-03-06,20,0.0032701044817881678
2017-03-07,20,0.024269901937849604
2017-03-08,20,0.07130046573250419
2017-03-09,20,0.11998862549163888
2017-03-10,20,0.13589454289042285
2017-03-13,20,0.06923733304848846
2017-03-14,20,0.10280658702903053
2017-03-15,20,0.0076930403926013516
2017-03-16,20,-0.006844776802719438
2017-03-17,20,0.011521444257278614
2017-03-20,20,-0.005461370770059823
2017-03-21,20,0.03790404828274097
2017-03-22,20,0.034156058658253614
2017-03-23,20,0.015335812698087615
2017-03-24,20,0.03143749952872588
2017-03-27,20,0.0760005878571464
2017-03-28,20,0.06199903614097305
2017-03-29,20,0.08214982419692284
2017-03-30,20,0.06642018191097153
2017-03-31,20,0.08570357579920995
2017-04-03,20,0.015905432946301586
2017-04-04,20,-0.011462001968566572
2017-04-05,20,0.0014041991013486813
2017-04-06,20,-0.014462984615742676
2017-04-07,20,-0.020902002723119414
2017-04-10,20,0.009854473445628082
2017-04-11,20,0.001091612982299744
2017-04-12,20,0.04062093841283559
2017-04-13,20,0.05603229450100984
2017-04-17,20,0.05362554853337597
2017-04-18,20,0.0801756560012231
2017-04-19,20,0.0458887281268125
2017-04-20,20,0.056764568776419465
2017-04-21,20,0.06102534284192798
2017-04-24,20,0.057975235339412526
2017-04-25,20,0.07243023655175125
2017-04-26,20,0.08169659088891183
2017-04-27,20,0.08349799102664456
2017-04-28,20,0.0935073746766573
2017-05-01,20,0.05038814598965773
2017-05-02,20,0.08670405460989809
2017-05-03,20,0.07824171190123706
2017-05-04,20,0.10376704604350359
2017-05-05,20,0.09665227046164353
2017-05-08,20,0.1410497314492669
2017-05-09,20,0.14427785883232042
2017-05-10,20,0.15134188728753772
2017-05-11,20,0.07869980510831455
2017-05-12,20,0.026690861593569516
2017-05-15,20,0.0428423340875902
2017-05-16,20,-0.029078415123973654
2017-05-17,20,0.045654668798597677
2017-05-18,20,0.010043560699483029
2017-05-19,20,0.04818094175078246
2017-05-22,20,0.044124664530833434
2017-05-23,20,0.016309315173858155
2017-05-24,20,-0.0028880919340626937
2017-05-25,20,0.0027955958396219
2017-05-26,20,-0.025223225888641964
2017-05-30,20,-0.051258966200351426
2017-05-31,20,-0.032459336403743544
2017-06-01,20,-0.04983778848779659
2017-06-02,20,-0.06750389497696278
2017-06-05,20,-0.08439985001143786
2017-06-06,20,-0.04069768656861998
2017-06-07,20,-0.03622901700173441
2017-06-08,20,-0.041156662705084605
2017-06-09,20,0.06042334605075693
2017-06-12,20,0.11896674303268433
2017-06-13,20,0.12317157975181349
2017-06-14,20,0.1470455164847599
2017-06-15,20,0.1077133598204067
2017-06-16,20,0.0833744184547078
2017-06-19,20,0.09140316237039921
2017-06-20,20,0.0493514977412185
2017-06-21,20,0.009918897850442915
2017-06-22,20,0.03925831982833915
2017-06-23,20,0.09840346993705058
2017-06-26,20,0.0981153711825719
2017-06-27,20,0.15101128156483293
2017-06-28,20,0.07574921507597096
2017-06-29,20,0.11471833545643756
2017-06-30,20,0.09188121162745644
2017-07-03,20,0.14479834886533094
2017-07-05,20,0.08744466180666323
2017-07-06,20,0.0645617117589264
2017-07-07,20,0.034580160504085966
2017-07-10,20,0.031390426108774204
2017-07-11,20,0.03595518774502783
2017-07-12,20,0.02288456198949504
2017-07-13,20,0.042517448985225754
2017-07-14,20,0.06455860339825775
2017-07-17,20,0.08762902831322625
2017-07-18,20,0.10736547895448202
2017-07-19,20,0.10825533967115135
2017-07-20,20,0.10890898101594866
2017-07-21,20,0.11420447755082826
2017-07-24,20,0.08563482867773765
2017-07-25,20,0.10893834503628273
2017-07-26,20,0.09900617256717614
2017-07-27,20,0.10194268294051012
2017-07-28,20,0.0676213395451896
2017-07-31,20,0.09320414249736407
2017-08-01,20,0.08695344658115774
2017-08-02,20,0.10607138594861548
2017-08-03,20,0.11062588479137686
2017-08-04,20,0.10260460020509227
2017-08-07,20,0.07770089805587291
2017-08-08,20,0.034373944358934996
2017-08-09,20,0.05740078554702759
2017-08-10,20,0.09621388777798572
2017-08-11,20,0.10032218614058042
2017-08-14,20,0.034449906737177634
2017-08-15,20,-0.0441853666358802
2017-08-16,20,-0.025048191239704063
2017-08-17,20,-0.019354270307070768
2017-08-18,20,-0.019313661446297283
2017-08-21,20,-0.003778473991759329
2017-08-22,20,-0.0034364029968287154
2017-08-23,20,0.002255906754097078
2017-08-24,20,0.00225681649785216
2017-08-25,20,-0.01096364175049561
2017-08-28,20,-0.04629102329256125
2017-08-29,20,-0.05107044352085745
2017-08-30,20,-0.05996377878974534
2017-08-31,20,-0.05515018452543568
2017-09-01,20,-0.03416909669464815
2017-09-05,20,-0.03308937550490276
2017-09-06,20,0.01823935713902311
2017-09-07,20,-0.009983191888654094
2017-09-08,20,-0.024701876729148916
2017-09-11,20,0.0063530771320245765
2017-09-12,20,0.04609413780217465
2017-09-13,20,0.12449358466000754
2017-09-14,20,0.15952831434033204
2017-09-15,20,0.173217111558487
2017-09-18,20,0.16054900329040475
2017-09-19,20,0.12460165347762045
2017-09-20,20,0.14088753003257729
2017-09-21,20,0.14300280556093004
2017-09-22,20,0.1659028472611043
2017-09-25,20,0.20761679680702022
2017-09-26,20,0.24349338994984204
2017-09-27,20,0.2064845693199152
2017-09-28,20,0.18727575830056012
2017-09-29,20,0.20835004676457786
2017-10-02,20,0.2049125078721224
2017-10-03,20,0.20979284412797297
2017-10-04,20,0.17260797821049426
2017-10-05,20,0.17771624210358405
2017-10-06,20,0.16347572128367263
2017-10-09,20,0.13556145043550025
2017-10-10,20,0.14403279210093514
2017-10-11,20,0.12706299613360705
2017-10-12,20,0.07728724451427683
2017-10-13,20,0.052557339800814805
2017-10-16,20,0.05491227811647333
2017-10-17,20,0.08114532687932884
2017-10-18,20,0.07313021913344514
2017-10-19,20,0.06666478102488667
2017-10-20,20,0.03459806051430797
2017-10-23,20,0.038848549289891336
2017-10-24,20,0.05079629640756603
2017-10-25,20,0.03401497796606596
2017-10-26,20,0.05008202208294143
2017-10-27,20,0.00931407000944982
2017-10-30,20,-0.00623744357825237
2017-10-31,20,-0.10079221122103268
2017-11-01,20,-0.07076579588340347
2017-11-02,20,-0.10718901183751607
2017-11-03,20,-0.17965099190030276
2017-11-06,20,-0.14693922333374348
2017-11-07,20,-0.13121340394115047
2017-11-08,20,-0.11971974950869078
2017-11-09,20,-0.12360078650926337
2017-11-10,20,-0.1524044346206623
2017-11-13,20,-0.1880591747940617
2017-11-14,20,-0.20684475167036037
2017-11-15,20,-0.18121851669864592
2017-11-16,20,-0.16274390132741753
2017-11-17,20,-0.11221878266876154
2017-11-20,20,-0.12884072924023787
2017-11-21,20,-0.14987247257802294
2017-11-22,20,-0.13435441069616724
2017-11-24,20,-0.15535017969277184
2017-11-27,20,-0.15784410688503273
2017-11-28,20,-0.11277875532780324
2017-11-29,20,-0.027293859728749134
2017-11-30,20,-0.07057963046152192
2017-12-01,20,-0.08623644192337378
2017-12-04,20,0.053077393006079054
2017-12-05,20,0.00408832626808754
2017-12-06,20,0.007639217426606511
2017-12-07,20,-0.021356474883939113
2017-12-08,20,0.02311451977942737
2017-12-11,20,0.016195511623180038
2017-12-12,20,0.01832215632094559
2017-12-13,20,0.020163953816985176
2017-12-14,20,-0.01906191780690669
2017-12-15,20,0.0318989340983366
2017-12-18,20,0.04027091597907744
2017-12-19,20,0.07289664441953153
2017-12-20,20,0.06302375542765014
2017-12-21,20,0.09497794180889091
2017-12-22,20,0.09636467533942918
2017-12-26,20,0.10671408859865439
2017-12-27,20,0.08726463784142967
2017-12-28,20,0.07809844154372635
2017-12-29,20,0.09736455330399774
2018-01-02,20,0.1576171807286931
2018-01-03,20,0.14539010073460476
2018-01-04,20,0.16286860892025548
2018-01-05,20,0.15431877416247125
2018-01-08,20,0.1578054842280307
2018-01-09,20,0.12454222597947728
2018-01-10,20,0.08455771465834938
2018-01-11,20,0.10244060905795593
2018-01-12,20,0.11847595134446028
2018-01-16,20,0.14900025557916224
2018-01-17,20,0.10232388976291519
2018-01-18,20,0.08791661650462361
2018-01-19,20,0.051836977804843136
2018-01-22,20,0.06634708980835315
2018-01-23,20,0.056189258209934076
2018-01-24,20,0.07377540263267005
2018-01-25,20,0.05277137865358533
2018-01-26,20,0.031517242791519434
2018-01-29,20,0.05429839565854458
2018-01-30,20,0.0361070424680975
2018-01-31,20,0.0013143476535384497
2018-02-01,20,-0.006221157329474117
2018-02-02,20,-0.041980129366648196
2018-02-05,20,-0.03831741932944515
2018-02-06,20,-0.03502015065346698
2018-02-07,20,-0.019060350949267595
2018-02-08,20,0.07058273502880483
2018-02-09,20,0.023789568613977276
2018-02-12,20,0.010354299179443232
2018-02-13,20,0.010363684327788098
2018-02-14,20,0.02454783358800464
2018-02-15,20,0.0005525617212940742
2018-02-16,20,0.037215163426905284
2018-02-20,20,0.0722940185824394
2018-02-21,20,0.07556592217946316
2018-02-22,20,0.06566407829661144
2018-02-23,20,0.08101994791025248
2018-02-26,20,0.14882598908018876
2018-02-27,20,0.0786034184384094
2018-02-28,20,0.012302313666620598
2018-03-01,20,0.06516811394817641
2018-03-02,20,0.08245996674904166
2018-03-05,20,0.11589718327686317
2018-03-06,20,0.09753297722919341
2018-03-07,20,0.05517047237294862
2018-03-08,20,0.02655481269543319
2018-03-09,20,0.034186352644161415
2018-03-12,20,0.0709074131039301
2018-03-13,20,0.05479336376098348
2018-03-14,20,0.06166707580297959
2018-03-15,20,0.01796449771957676
2018-03-16,20,0.046795775342153983
2018-03-19,20,0.04971570354763348
2018-03-20,20,-0.019417954858709632
2018-03-21,20,-0.0029293880898835644
2018-03-22,20,0.011872693296459432
2018-03-23,20,0.005025867377071403
2018-03-26,20,-0.1092066303541671
2018-03-27,20,-0.07571938284861714
2018-03-28,20,0.008680876540885132
2018-03-29,20,-0.03631464925886396
2018-04-02,20,-0.024412804438493658
2018-04-03,20,-0.03654854988916614
2018-04-04,20,-0.019288024235372195
2018-04-05,20,0.012374184389519741
2018-04-06,20,0.02293249447591662
2018-04-09,20,0.02276001807943853
2018-04-10,20,0.04630110230773528
2018-04-11,20,0.06672161363288179
2018-04-12,20,0.06359063944395313
2018-04-13,20,0.07884659763579535
2018-04-16,20,0.06705661637704978
2018-04-17,20,0.03779374435186144
2018-04-18,20,0.030098439458926915
2018-04-19,20,0.051502314262687005
2018-04-20,20,0.06462327351412878
2018-04-23,20,0.07946834918819498
2018-04-24,20,0.09086360281283154
2018-04-25,20,0.11737116568216295
2018-04-26,20,0.10167979721658015
2018-04-27,20,0.10208290472222495
2018-04-30,20,0.09293360061510088
2018-05-01,20,0.1007191871831334
2018-05-02,20,0.11397143527707966
2018-05-03,20,0.10607839521702606
2018-05-04,20,0.11096862313536206
2018-05-07,20,0.09255412131575924
2018-05-08,20,0.07544213491889193
2018-05-09,20,0.01064884974495328
2018-05-10,20,0.002990912603290081
2018-05-11,20,-0.03342607951326277
2018-05-14,20,0.023922729098079458
2018-05-15,20,0.02199922139771026
2018-05-16,20,0.01671725423827214
2018-05-17,20,-0.002126306218807954
2018-05-18,20,-0.015200486301164108
2018-05-21,20,-0.036187392340054685
2018-05-22,20,-0.014240959906787818
2018-05-23,20,-0.043482027927183635
2018-05-24,20,-0.0959621844164274
2018-05-25,20,-0.08206083110148296
2018-05-29,20,-0.0846294439560867
2018-05-30,20,-0.09028226119197215
2018-05-31,20,-0.06002885958998885
2018-06-01,20,-0.08257627885404524
2018-06-04,20,-0.0712432099921186
2018-06-05,20,-0.09244161360843232
2018-06-06,20,-0.10696900832805425
2018-06-07,20,-0.05990589885908208
2018-06-08,20,-0.07060008485656409
2018-06-11,20,-0.038521075424282444
2018-06-12,20,-0.038380886411306006
2018-06-13,20,-0.03128628969264343
2018-06-14,20,-0.035641109173199674
2018-06-15,20,0.007831156216631309
2018-06-18,20,0.026212603371994606
2018-06-19,20,0.06442081103082684
2018-06-20,20,0.011358940319687264
2018-06-21,20,0.05023854105506008
2018-06-22,20,0.07862850130294644
2018-06-25,20,0.10558914201375548
2018-06-26,20,0.1317943798603166
2018-06-27,20,0.09377907341750907
2018-06-28,20,0.008042321428377281
2018-06-29,20,-0.06376508821117097
2018-07-02,20,-0.07239937077154875
2018-07-03,20,-0.012565787635456587
2018-07-05,20,0.03817085037753846
2018-07-06,20,-0.02024775852225882
2018-07-09,20,-0.009722121910093797
2018-07-10,20,0.006511544166899967
2018-07-11,20,-0.0052909290050167585
2018-07-12,20,-0.014471690182338496
2018-07-13,20,-0.0013343903028980005
2018-07-16,20,-0.015104673714860262
2018-07-17,20,-0.018360142135823
2018-07-18,20,-0.061001329364430444
2018-07-19,20,-0.04029142135138727
2018-07-20,20,-0.05737393055802933
2018-07-23,20,-0.06571383436399421
2018-07-24,20,-0.040015543296117645
2018-07-25,20,-0.04633317298296407
2018-07-26,20,-0.004120428196588691
2018-07-27,20,0.05058276161944752
2018-07-30,20,0.09386848082404292
2018-07-31,20,0.11904501555876358
2018-08-01,20,0.10776718421886146
2018-08-02,20,0.10235273382038032
2018-08-03,20,0.15597624227432852
2018-08-06,20,0.14765617539484516
2018-08-07,20,0.0853146567548384
2018-08-08,20,0.0926879606480954
2018-08-09,20,0.09717159084541752
2018-08-10,20,0.06940828674736327
2018-08-13,20,0.10925431505805336
2018-08-14,20,0.06526870928428088
2018-08-15,20,0.09976762597923332
2018-08-16,20,0.09478780175364719
2018-08-17,20,0.06075652307998312
2018-08-20,20,0.05833079995581472
2018-08-21,20,-0.0030386610186136764
2018-08-22,20,-0.05479091624006454
2018-08-23,20,-0.08520022256234651
2018-08-24,20,-0.04623235908516175
2018-08-27,20,0.03264756653882947
2018-08-28,20,0.036275508885351394
2018-08-29,20,0.031009090216700546
2018-08-30,20,0.02227430274981693
2018-08-31,20,-0.029986858658448776
2018-09-04,20,-0.11657203549947395
2018-09-05,20,-0.045524244556825084
2018-09-06,20,-0.07060464987276777
2018-09-07,20,-0.04734873218749879
2018-09-10,20,-0.09356547021396164
2018-09-11,20,-0.08651711546217464
2018-09-12,20,-0.12452359415114195
2018-09-13,20,-0.12256232111979397
2018-09-14,20,-0.047462376237840574
2018-09-17,20,-0.02608159332394976
2018-09-18,20,-0.018619368739715304
2018-09-19,20,0.03549325133288742
2018-09-20,20,0.06305787279622127
2018-09-21,20,0.02542261750586398
2018-09-24,20,0.03273458763125045
2018-09-25,20,-0.05430361316614599
2018-09-26,20,-0.07090950799574067
2018-09-27,20,-0.04580116732464119
2018-09-28,20,-0.05390949269473914
2018-10-01,20,-0.015004450962920317
2018-10-02,20,0.04348932469777845
2018-10-03,20,0.04289718767842219
2018-10-04,20,-0.0052915727476566905
2018-10-05,20,-0.051236346732195265
2018-10-08,20,-0.012216066719383953
2018-10-09,20,-0.026065125993111428
2018-10-10,20,0.07068772809316773
2018-10-11,20,0.06167533153827014
2018-10-12,20,-0.003477600833504753
2018-10-15,20,0.0021850728403223583
2018-10-16,20,-0.03209014833346364
2018-10-17,20,-0.04704201819355522
2018-10-18,20,-0.04854840247867416
2018-10-19,20,-0.02264599155641226
2018-10-22,20,-0.12378107664387032
2018-10-23,20,-0.13214234985166903
2018-10-24,20,-0.11635702156424757
2018-10-25,20,-0.14702540316179064
2018-10-26,20,-0.14261067531901134
2018-10-29,20,-0.13796710494943998
2018-10-30,20,-0.10314760558097884
2018-10-31,20,-0.11846497656226504
2018-11-01,20,-0.04821035948659747
2018-11-02,20,-0.018258690552748626
2018-11-05,20,-0.0067944997060906094
2018-11-06,20,0.002866934411774335
2018-11-07,20,-0.03988724727719794
2018-11-08,20,-0.007862317130189233
2018-11-09,20,0.005442935997967359
2018-11-12,20,0.020824910652518087
2018-11-13,20,0.0394027069151742
2018-11-14,20,0.05180286379561728
2018-11-15,20,0.014360223143841524
2018-11-16,20,0.03575246473694712
2018-11-19,20,0.09773113184889591
2018-11-20,20,0.12223537083828113
2018-11-21,20,0.13655769569845122
2018-11-23,20,0.15249444110120472
2018-11-26,20,0.16751469294250645
2018-11-27,20,0.15535894330763206
2018-11-28,20,0.12754662314677748
2018-11-29,20,0.1347698422920879
2018-11-30,20,0.09553304012812261
2018-12-03,20,0.06073336352157965
2018-12-04,20,-0.0024072933275322756
2018-12-06,20,-0.0315264748546192
2018-12-07,20,-0.020072507630238337
2018-12-10,20,-0.09293197213412285
2018-12-11,20,-0.1567337402179107
2018-12-12,20,-0.20142197311362528
2018-12-13,20,-0.224716602688307
2018-12-14,20,-0.18674212587393532
2018-12-17,20,-0.14984942845866311
2018-12-18,20,-0.14659277907422888
2018-12-19,20,-0.20232925863732207
2018-12-20,20,-0.17570788095780399
2018-12-21,20,-0.14616586852526792
2018-12-24,20,-0.19461464188130562
2018-12-26,20,-0.23489680902982218
2018-12-27,20,-0.2710771608952608
2018-12-28,20,-0.28334985716886396
2018-12-31,20,-0.2740109334895198
