strategy,rebalance_date,next_rebalance_date,symbol,rank,score,qualifies_absolute_filter,selected_by_canonical,universe_size,rank_percentile_from_top,forward_return,forward_mfe,forward_mae,spy_forward_return,universe_median_forward_return,universe_top_quartile_threshold,beat_spy,beat_universe_median,future_top_quartile
Market-Residual Momentum,2021-08-23 00:00:00-04:00,2021-09-01 00:00:00-04:00,KO,1,-0.003339323750220391,True,True,29,0.0,-0.005117242975526404,0.001411714022227173,-0.021527914886103283,0.016623349473201987,0.002578613158768839,0.028158235989242497,False,False,False
Market-Residual Momentum,2021-08-23 00:00:00-04:00,2021-09-01 00:00:00-04:00,JNJ,2,-0.0037212702140352327,True,True,29,0.03571428571428571,-0.030775213092632647,0.003027037883179373,-0.033129735361615564,0.016623349473201987,0.002578613158768839,0.028158235989242497,False,False,False
Market-Residual Momentum,2021-08-23 00:00:00-04:00,2021-09-01 00:00:00-04:00,CSCO,3,-0.00392859135753143,True,True,29,0.07142857142857142,0.020224720829344456,0.041832347224669775,-0.0019014139767609128,0.016623349473201987,0.002578613158768839,0.028158235989242497,True,True,False
Market-Residual Momentum,2021-08-23 00:00:00-04:00,2021-09-01 00:00:00-04:00,MCD,4,-0.003964519390041832,True,True,29,0.10714285714285714,-0.001151990423891469,0.0038838369197295997,-0.015033588747105808,0.016623349473201987,0.002578613158768839,0.028158235989242497,False,False,False
Market-Residual Momentum,2021-08-23 00:00:00-04:00,2021-09-01 00:00:00-04:00,MSFT,5,-0.004251480338590907,True,True,29,0.14285714285714285,-0.0012528456041481784,0.00791416471888895,-0.021170390452368126,0.016623349473201987,0.002578613158768839,0.028158235989242497,False,False,False
Market-Residual Momentum,2021-08-23 00:00:00-04:00,2021-09-01 00:00:00-04:00,VZ,6,-0.004620522210605715,True,False,29,0.17857142857142858,-0.009901026120352374,0.0028802853215048607,-0.018361847625708916,0.016623349473201987,0.002578613158768839,0.028158235989242497,False,False,False
Market-Residual Momentum,2021-08-23 00:00:00-04:00,2021-09-01 00:00:00-04:00,PG,7,-0.00489191710020076,True,False,29,0.21428571428571427,-0.013583235459303178,0.007277033062685012,-0.019543651018690933,0.016623349473201987,0.002578613158768839,0.028158235989242497,False,False,False
Market-Residual Momentum,2021-08-23 00:00:00-04:00,2021-09-01 00:00:00-04:00,MMM,8,-0.005362363657252955,True,False,29,0.25,-0.0023075820545493952,0.011743765700360065,-0.011692270476102773,0.016623349473201987,0.002578613158768839,0.028158235989242497,False,False,False
Market-Residual Momentum,2021-08-23 00:00:00-04:00,2021-09-01 00:00:00-04:00,UNH,9,-0.006308911125801675,True,False,29,0.2857142857142857,-0.0325623628669649,0.0,-0.03795067478913283,0.016623349473201987,0.002578613158768839,0.028158235989242497,False,False,False
Market-Residual Momentum,2021-08-23 00:00:00-04:00,2021-09-01 00:00:00-04:00,WMT,10,-0.006350499807374788,True,False,29,0.32142857142857145,-0.02619913369308735,0.001715896352307844,-0.03636228094526561,0.016623349473201987,0.002578613158768839,0.028158235989242497,False,False,False
Market-Residual Momentum,2021-08-23 00:00:00-04:00,2021-09-01 00:00:00-04:00,AAPL,11,-0.006634052619940656,True,False,29,0.35714285714285715,0.030476668708101284,0.034926893639624534,-0.00997902988942101,0.016623349473201987,0.002578613158768839,0.028158235989242497,True,True,True
Market-Residual Momentum,2021-08-23 00:00:00-04:00,2021-09-01 00:00:00-04:00,HD,12,-0.0066864313674573905,True,False,29,0.39285714285714285,-0.008438342624938255,0.0016060569069600295,-0.03136318454858922,0.016623349473201987,0.002578613158768839,0.028158235989242497,False,False,False
Market-Residual Momentum,2021-08-23 00:00:00-04:00,2021-09-01 00:00:00-04:00,MRK,13,-0.006858811296123868,True,False,29,0.42857142857142855,-0.036531342530389144,0.0015169099438272493,-0.03893306047596323,0.016623349473201987,0.002578613158768839,0.028158235989242497,False,False,False
Market-Residual Momentum,2021-08-23 00:00:00-04:00,2021-09-01 00:00:00-04:00,V,14,-0.006933168986617,True,False,29,0.4642857142857143,-0.01547058814445279,0.014997988090456493,-0.017361309620198884,0.016623349473201987,0.002578613158768839,0.028158235989242497,False,False,False
Market-Residual Momentum,2021-08-23 00:00:00-04:00,2021-09-01 00:00:00-04:00,HON,15,-0.006955035992207592,True,False,29,0.5,0.028158235989242497,0.03085062295581653,0.0,0.016623349473201987,0.002578613158768839,0.028158235989242497,True,True,True
Market-Residual Momentum,2021-08-23 00:00:00-04:00,2021-09-01 00:00:00-04:00,IBM,16,-0.008178132352111844,True,False,29,0.5357142857142857,0.002578613158768839,0.00945431230906868,-0.008737713152670357,0.016623349473201987,0.002578613158768839,0.028158235989242497,False,False,False
Market-Residual Momentum,2021-08-23 00:00:00-04:00,2021-09-01 00:00:00-04:00,TRV,17,-0.008705061743856657,True,False,29,0.5714285714285714,-0.012878601170624338,0.011021064655301283,-0.0173363001924991,0.016623349473201987,0.002578613158768839,0.028158235989242497,False,False,False
Market-Residual Momentum,2021-08-23 00:00:00-04:00,2021-09-01 00:00:00-04:00,JPM,18,-0.008839599411425758,True,False,29,0.6071428571428571,0.03148136222976072,0.05472237013485359,-0.0005793879922082468,0.016623349473201987,0.002578613158768839,0.028158235989242497,True,True,True
Market-Residual Momentum,2021-08-23 00:00:00-04:00,2021-09-01 00:00:00-04:00,AMGN,19,-0.010247978422211035,True,False,29,0.6428571428571429,0.0061111756687894925,0.014541930021113814,-0.01793194892745975,0.016623349473201987,0.002578613158768839,0.028158235989242497,False,True,False
Market-Residual Momentum,2021-08-23 00:00:00-04:00,2021-09-01 00:00:00-04:00,DIS,20,-0.011140808244528677,True,False,29,0.6785714285714286,0.027558209860939265,0.03331821603672647,-0.006607172785448534,0.016623349473201987,0.002578613158768839,0.028158235989242497,True,True,False
Market-Residual Momentum,2021-08-23 00:00:00-04:00,2021-09-01 00:00:00-04:00,AXP,21,-0.011342972462872858,True,False,29,0.7142857142857143,0.031693901427512605,0.0475100937333619,-0.006946567926976677,0.016623349473201987,0.002578613158768839,0.028158235989242497,True,True,True
Market-Residual Momentum,2021-08-23 00:00:00-04:00,2021-09-01 00:00:00-04:00,INTC,22,-0.01143722224818855,True,False,29,0.75,0.028902845470707206,0.043354167190257975,-0.002091664005179794,0.016623349473201987,0.002578613158768839,0.028158235989242497,True,True,True
Market-Residual Momentum,2021-08-23 00:00:00-04:00,2021-09-01 00:00:00-04:00,GS,23,-0.011920155011383882,True,False,29,0.7857142857142857,0.03303779552744657,0.04695340462590192,-0.007191058605836798,0.016623349473201987,0.002578613158768839,0.028158235989242497,True,True,True
Market-Residual Momentum,2021-08-23 00:00:00-04:00,2021-09-01 00:00:00-04:00,CRM,24,-0.012261157897022756,True,False,29,0.8214285714285714,0.036069955055611835,0.07089486055695993,-0.0016731232520671435,0.016623349473201987,0.002578613158768839,0.028158235989242497,True,True,True
Market-Residual Momentum,2021-08-23 00:00:00-04:00,2021-09-01 00:00:00-04:00,CVX,25,-0.013177547038433768,True,False,29,0.8571428571428571,0.008013618256869082,0.0350716256310617,-0.00031219461380127544,0.016623349473201987,0.002578613158768839,0.028158235989242497,False,True,False
Market-Residual Momentum,2021-08-23 00:00:00-04:00,2021-09-01 00:00:00-04:00,CAT,26,-0.013968814009849284,True,False,29,0.8928571428571429,0.01746660404450484,0.04077186584925574,-0.006851619633029271,0.016623349473201987,0.002578613158768839,0.028158235989242497,True,True,False
Market-Residual Momentum,2021-08-23 00:00:00-04:00,2021-09-01 00:00:00-04:00,DOW,27,-0.016589794708993244,True,False,29,0.9285714285714286,0.032682657990746655,0.07374023500606919,-0.0006504213906884937,0.016623349473201987,0.002578613158768839,0.028158235989242497,True,True,True
Market-Residual Momentum,2021-08-23 00:00:00-04:00,2021-09-01 00:00:00-04:00,NKE,28,-0.018739964417752275,True,False,29,0.9642857142857143,-0.02512755748025164,0.008557078632967396,-0.029383644230959627,0.016623349473201987,0.002578613158768839,0.028158235989242497,False,False,False
Market-Residual Momentum,2021-08-23 00:00:00-04:00,2021-09-01 00:00:00-04:00,BA,29,-0.024652570102673188,True,False,29,1.0,0.01932075306291048,0.033683937408070186,-0.002084960127991975,0.016623349473201987,0.002578613158768839,0.028158235989242497,True,True,False
Market-Residual Momentum,2021-09-01 00:00:00-04:00,2021-10-01 00:00:00-04:00,KO,1,-0.0031819974114223326,True,True,29,0.0,-0.05678706431876779,0.011528986756576876,-0.06304182718918583,-0.044633528938620604,-0.05302557129856533,0.007955254663188471,False,False,False
Market-Residual Momentum,2021-09-01 00:00:00-04:00,2021-10-01 00:00:00-04:00,VZ,2,-0.003300249633539809,True,True,29,0.03571428571428571,-0.017818145826597243,0.009091016906951133,-0.018181799208429328,-0.044633528938620604,-0.05302557129856533,0.007955254663188471,True,True,False
Market-Residual Momentum,2021-09-01 00:00:00-04:00,2021-10-01 00:00:00-04:00,JNJ,3,-0.0037417808709797606,True,True,29,0.07142857142857142,-0.06576038817801,0.013417854296359666,-0.06645475612215679,-0.044633528938620604,-0.05302557129856533,0.007955254663188471,False,False,False
Market-Residual Momentum,2021-09-01 00:00:00-04:00,2021-10-01 00:00:00-04:00,MCD,4,-0.0037940577787198837,True,True,29,0.10714285714285714,0.02181786497285687,0.046326062640658305,-0.008113200296749334,-0.044633528938620604,-0.05302557129856533,0.007955254663188471,True,True,True
Market-Residual Momentum,2021-09-01 00:00:00-04:00,2021-10-01 00:00:00-04:00,WMT,5,-0.00401021308957672,True,True,29,0.14285714285714285,-0.0562486283892486,0.014163461159895085,-0.056316199438085746,-0.044633528938620604,-0.05302557129856533,0.007955254663188471,False,False,False
Market-Residual Momentum,2021-09-01 00:00:00-04:00,2021-10-01 00:00:00-04:00,MSFT,6,-0.0043626402563750055,True,False,29,0.17857142857142858,-0.06851150130095363,0.008089296104890176,-0.07016248867464014,-0.044633528938620604,-0.05302557129856533,0.007955254663188471,False,False,False
Market-Residual Momentum,2021-09-01 00:00:00-04:00,2021-10-01 00:00:00-04:00,CSCO,7,-0.004413430403463425,True,False,29,0.21428571428571427,-0.07489008310836431,0.011860509711244305,-0.07810921816790473,-0.044633528938620604,-0.05302557129856533,0.007955254663188471,False,False,False
Market-Residual Momentum,2021-09-01 00:00:00-04:00,2021-10-01 00:00:00-04:00,PG,8,-0.00483067626635969,True,False,29,0.25,-0.016862561114643015,0.03442700467713933,-0.019672701703342788,-0.044633528938620604,-0.05302557129856533,0.007955254663188471,True,True,False
Market-Residual Momentum,2021-09-01 00:00:00-04:00,2021-10-01 00:00:00-04:00,MMM,9,-0.005182397130015448,True,False,29,0.2857142857142857,-0.09406332701615794,0.00544859208047721,-0.09858626909794088,-0.044633528938620604,-0.05302557129856533,0.007955254663188471,False,False,False
Market-Residual Momentum,2021-09-01 00:00:00-04:00,2021-10-01 00:00:00-04:00,V,10,-0.005950318340653182,True,False,29,0.32142857142857145,-0.021518727177371355,0.018463614526964323,-0.05582722592707379,-0.044633528938620604,-0.05302557129856533,0.007955254663188471,True,True,False
Market-Residual Momentum,2021-09-01 00:00:00-04:00,2021-10-01 00:00:00-04:00,HD,11,-0.006096767207474985,True,False,29,0.35714285714285715,0.007955254663188471,0.0558422356653816,-0.01621820499721116,-0.044633528938620604,-0.05302557129856533,0.007955254663188471,True,True,True
Market-Residual Momentum,2021-09-01 00:00:00-04:00,2021-10-01 00:00:00-04:00,AAPL,12,-0.006111028617097669,True,False,29,0.39285714285714285,-0.07151770926067402,0.028986495425474157,-0.07563965470125933,-0.044633528938620604,-0.05302557129856533,0.007955254663188471,False,False,False
Market-Residual Momentum,2021-09-01 00:00:00-04:00,2021-10-01 00:00:00-04:00,UNH,13,-0.006695025258895204,True,False,29,0.42857142857142855,-0.056574280719560166,0.02003694624981045,-0.05932070214115637,-0.044633528938620604,-0.05302557129856533,0.007955254663188471,False,False,False
Market-Residual Momentum,2021-09-01 00:00:00-04:00,2021-10-01 00:00:00-04:00,HON,14,-0.006724095658228402,True,False,29,0.4642857142857143,-0.08572660920617581,0.0010302438564080418,-0.08950425833343567,-0.044633528938620604,-0.05302557129856533,0.007955254663188471,False,False,False
Market-Residual Momentum,2021-09-01 00:00:00-04:00,2021-10-01 00:00:00-04:00,MRK,15,-0.006834763318773529,True,False,29,0.5,0.07964970350797129,0.07964970350797129,-0.061594367635083525,-0.044633528938620604,-0.05302557129856533,0.007955254663188471,True,True,True
Market-Residual Momentum,2021-09-01 00:00:00-04:00,2021-10-01 00:00:00-04:00,IBM,16,-0.007932648985560231,True,False,29,0.5357142857142857,0.00728677048077464,0.00728677048077464,-0.051435980450619145,-0.044633528938620604,-0.05302557129856533,0.007955254663188471,True,True,False
Market-Residual Momentum,2021-09-01 00:00:00-04:00,2021-10-01 00:00:00-04:00,JPM,17,-0.008285718977155132,True,False,29,0.5714285714285714,0.023592987952839817,0.056672321627479594,-0.06072862392435563,-0.044633528938620604,-0.05302557129856533,0.007955254663188471,True,True,True
Market-Residual Momentum,2021-09-01 00:00:00-04:00,2021-10-01 00:00:00-04:00,TRV,18,-0.008566101905884027,True,False,29,0.6071428571428571,-0.03870280957811756,0.00677330633995088,-0.05018186527009483,-0.044633528938620604,-0.05302557129856533,0.007955254663188471,True,True,False
Market-Residual Momentum,2021-09-01 00:00:00-04:00,2021-10-01 00:00:00-04:00,DIS,19,-0.009601368431613078,True,False,29,0.6428571428571429,-0.0531985866466026,0.03088589463615432,-0.07105951626071416,-0.044633528938620604,-0.05302557129856533,0.007955254663188471,False,False,False
Market-Residual Momentum,2021-09-01 00:00:00-04:00,2021-10-01 00:00:00-04:00,AMGN,20,-0.01009882623992664,True,False,29,0.6785714285714286,-0.05302557129856533,0.007271297144817224,-0.06162707527321698,-0.044633528938620604,-0.05302557129856533,0.007955254663188471,False,False,False
Market-Residual Momentum,2021-09-01 00:00:00-04:00,2021-10-01 00:00:00-04:00,AXP,21,-0.010287653757118709,True,False,29,0.7142857142857143,0.012985742261128363,0.07490690007950129,-0.05735222608532642,-0.044633528938620604,-0.05302557129856533,0.007955254663188471,True,True,True
Market-Residual Momentum,2021-09-01 00:00:00-04:00,2021-10-01 00:00:00-04:00,INTC,22,-0.010794975292567899,True,False,29,0.75,-0.008501124251857561,0.025503800344313987,-0.033080806859728806,-0.044633528938620604,-0.05302557129856533,0.007955254663188471,True,True,False
Market-Residual Momentum,2021-09-01 00:00:00-04:00,2021-10-01 00:00:00-04:00,GS,23,-0.011513995141250954,True,False,29,0.7857142857142857,-0.08161472489660582,0.01069814330471619,-0.09841202609832156,-0.044633528938620604,-0.05302557129856533,0.007955254663188471,False,False,False
Market-Residual Momentum,2021-09-01 00:00:00-04:00,2021-10-01 00:00:00-04:00,CRM,24,-0.011814646707592136,True,False,29,0.8214285714285714,0.019641806440531262,0.07544974810414873,-0.052878576461198756,-0.044633528938620604,-0.05302557129856533,0.007955254663188471,True,True,True
Market-Residual Momentum,2021-09-01 00:00:00-04:00,2021-10-01 00:00:00-04:00,CAT,25,-0.012034903283888676,True,False,29,0.8571428571428571,-0.08521846098521346,0.009863954444740308,-0.11329238612484005,-0.044633528938620604,-0.05302557129856533,0.007955254663188471,False,False,False
Market-Residual Momentum,2021-09-01 00:00:00-04:00,2021-10-01 00:00:00-04:00,CVX,26,-0.012182891882560498,True,False,29,0.8928571428571429,0.055337545186572745,0.08290301322774929,-0.03665085065056073,-0.044633528938620604,-0.05302557129856533,0.007955254663188471,True,True,True
Market-Residual Momentum,2021-09-01 00:00:00-04:00,2021-10-01 00:00:00-04:00,DOW,27,-0.014660292868347469,True,False,29,0.9285714285714286,-0.08212640313451824,0.008435520594428425,-0.12127956731469802,-0.044633528938620604,-0.05302557129856533,0.007955254663188471,False,False,False
Market-Residual Momentum,2021-09-01 00:00:00-04:00,2021-10-01 00:00:00-04:00,NKE,28,-0.018013800344404585,True,False,29,0.9642857142857143,-0.11945176432826232,0.010308009744826263,-0.12430281246358699,-0.044633528938620604,-0.05302557129856533,0.007955254663188471,False,False,False
Market-Residual Momentum,2021-09-01 00:00:00-04:00,2021-10-01 00:00:00-04:00,BA,29,-0.021955676780991307,True,False,29,1.0,0.012954573197798247,0.04518182927911929,-0.061227278275923336,-0.044633528938620604,-0.05302557129856533,0.007955254663188471,True,True,True
Market-Residual Momentum,2021-10-01 00:00:00-04:00,2021-11-01 00:00:00-04:00,VZ,1,-0.0020539650785599273,True,True,29,0.0,-0.002734374214906632,0.018057314685904657,-0.04731555916356234,0.06803115731924425,0.03865864124141094,0.07957367663991555,False,False,False
Market-Residual Momentum,2021-10-01 00:00:00-04:00,2021-11-01 00:00:00-04:00,KO,2,-0.002572823847084127,True,True,29,0.03571428571428571,0.06839704899077281,0.06991308188764611,-0.00719981312572382,0.06803115731924425,0.03865864124141094,0.07957367663991555,True,True,False
Market-Residual Momentum,2021-10-01 00:00:00-04:00,2021-11-01 00:00:00-04:00,MCD,3,-0.002826449728932645,True,True,29,0.07142857142857142,0.0112313522678531,0.028304526987749323,-0.0285103730932611,0.06803115731924425,0.03865864124141094,0.07957367663991555,False,False,False
Market-Residual Momentum,2021-10-01 00:00:00-04:00,2021-11-01 00:00:00-04:00,JNJ,4,-0.0033700704701433715,True,True,29,0.10714285714285714,0.010090851900217412,0.02785820198655964,-0.02593947000348973,0.06803115731924425,0.03865864124141094,0.07957367663991555,False,False,False
Market-Residual Momentum,2021-10-01 00:00:00-04:00,2021-11-01 00:00:00-04:00,MSFT,5,-0.003370548864954692,True,True,29,0.14285714285714285,0.1745359338462984,0.17680430121582136,-0.00662827676155342,0.06803115731924425,0.03865864124141094,0.07957367663991555,True,True,True
Market-Residual Momentum,2021-10-01 00:00:00-04:00,2021-11-01 00:00:00-04:00,WMT,6,-0.0034083311383668047,True,False,29,0.17857142857142858,0.07697855138712728,0.08107156256343129,-0.03267239547627443,0.06803115731924425,0.03865864124141094,0.07957367663991555,True,True,False
Market-Residual Momentum,2021-10-01 00:00:00-04:00,2021-11-01 00:00:00-04:00,CSCO,7,-0.003506336870158666,True,False,29,0.21428571428571427,0.03017283770135637,0.04584581276721833,-0.023115162239036202,0.06803115731924425,0.03865864124141094,0.07957367663991555,False,False,False
Market-Residual Momentum,2021-10-01 00:00:00-04:00,2021-11-01 00:00:00-04:00,PG,8,-0.0038481071416026635,True,False,29,0.25,0.030863777729431163,0.03530355773689631,-0.016650735494254,0.06803115731924425,0.03865864124141094,0.07957367663991555,False,False,False
Market-Residual Momentum,2021-10-01 00:00:00-04:00,2021-11-01 00:00:00-04:00,V,9,-0.004106713053434241,True,False,29,0.2857142857142857,-0.04764260842708612,0.05705490554502912,-0.06972383921873038,0.06803115731924425,0.03865864124141094,0.07957367663991555,False,False,False
Market-Residual Momentum,2021-10-01 00:00:00-04:00,2021-11-01 00:00:00-04:00,MMM,10,-0.004384315344730161,True,False,29,0.32142857142857145,0.012936168323516961,0.04295050273021839,-0.014013956580239295,0.06803115731924425,0.03865864124141094,0.07957367663991555,False,False,False
Market-Residual Momentum,2021-10-01 00:00:00-04:00,2021-11-01 00:00:00-04:00,HD,11,-0.004733091814709933,True,False,29,0.35714285714285715,0.1366756589734266,0.14322746381456586,-0.01215876016904327,0.06803115731924425,0.03865864124141094,0.07957367663991555,True,True,True
Market-Residual Momentum,2021-10-01 00:00:00-04:00,2021-11-01 00:00:00-04:00,AAPL,12,-0.005087657705773907,True,False,29,0.39285714285714285,0.04996517595137173,0.0794223686443487,-0.025581046517718864,0.06803115731924425,0.03865864124141094,0.07957367663991555,False,True,False
Market-Residual Momentum,2021-10-01 00:00:00-04:00,2021-11-01 00:00:00-04:00,HON,13,-0.005699931459937302,True,False,29,0.42857142857142855,0.02685695152756362,0.055780030408387304,-0.006291686335887392,0.06803115731924425,0.03865864124141094,0.07957367663991555,False,False,False
Market-Residual Momentum,2021-10-01 00:00:00-04:00,2021-11-01 00:00:00-04:00,UNH,14,-0.006181107297723587,True,False,29,0.4642857142857143,0.17931568110652352,0.17931568110652352,-0.021654777462098762,0.06803115731924425,0.03865864124141094,0.07957367663991555,True,True,True
Market-Residual Momentum,2021-10-01 00:00:00-04:00,2021-11-01 00:00:00-04:00,JPM,15,-0.006312912695820794,True,False,29,0.5,0.055345418212627395,0.06098919508644274,-0.018143300384204086,0.06803115731924425,0.03865864124141094,0.07957367663991555,False,True,False
Market-Residual Momentum,2021-10-01 00:00:00-04:00,2021-11-01 00:00:00-04:00,IBM,16,-0.006390068271040494,True,False,29,0.5357142857142857,-0.11312060039860594,0.03546103078804119,-0.11617021564100616,0.06803115731924425,0.03865864124141094,0.07957367663991555,False,False,False
Market-Residual Momentum,2021-10-01 00:00:00-04:00,2021-11-01 00:00:00-04:00,TRV,17,-0.006397674063140291,True,False,29,0.5714285714285714,0.058001550265631696,0.07053354860392691,-0.014106541330328848,0.06803115731924425,0.03865864124141094,0.07957367663991555,False,True,False
Market-Residual Momentum,2021-10-01 00:00:00-04:00,2021-11-01 00:00:00-04:00,MRK,18,-0.006406615274328176,True,False,29,0.6071428571428571,0.07957367663991555,0.08460063861950617,-0.05456085169728775,0.06803115731924425,0.03865864124141094,0.07957367663991555,True,True,True
Market-Residual Momentum,2021-10-01 00:00:00-04:00,2021-11-01 00:00:00-04:00,DIS,19,-0.0073404613151074605,True,False,29,0.6428571428571429,-0.0178198004039809,0.04266332996236999,-0.023972473706209252,0.06803115731924425,0.03865864124141094,0.07957367663991555,False,False,False
Market-Residual Momentum,2021-10-01 00:00:00-04:00,2021-11-01 00:00:00-04:00,AXP,20,-0.008639954112378945,True,False,29,0.6785714285714286,0.03865864124141094,0.12462866871246403,-0.005962337149224339,0.06803115731924425,0.03865864124141094,0.07957367663991555,False,False,False
Market-Residual Momentum,2021-10-01 00:00:00-04:00,2021-11-01 00:00:00-04:00,GS,21,-0.009269673832651537,True,False,29,0.7142857142857143,0.0991723088135883,0.10639367969617952,-0.017446726812725077,0.06803115731924425,0.03865864124141094,0.07957367663991555,True,True,True
Market-Residual Momentum,2021-10-01 00:00:00-04:00,2021-11-01 00:00:00-04:00,CAT,22,-0.00935799421819139,True,False,29,0.75,0.06489398384733724,0.09335498095690942,-0.026852942466417118,0.06803115731924425,0.03865864124141094,0.07957367663991555,False,True,False
Market-Residual Momentum,2021-10-01 00:00:00-04:00,2021-11-01 00:00:00-04:00,INTC,23,-0.00944679388966807,True,False,29,0.7857142857142857,-0.07921716897318687,0.045107042013416754,-0.10773553898903121,0.06803115731924425,0.03865864124141094,0.07957367663991555,False,False,False
Market-Residual Momentum,2021-10-01 00:00:00-04:00,2021-11-01 00:00:00-04:00,AMGN,24,-0.010058967032105737,True,False,29,0.8214285714285714,-0.02617171065928292,0.009597569430010333,-0.061426217651721626,0.06803115731924425,0.03865864124141094,0.07957367663991555,False,False,False
Market-Residual Momentum,2021-10-01 00:00:00-04:00,2021-11-01 00:00:00-04:00,CVX,25,-0.010429552039005974,True,False,29,0.8571428571428571,0.12531789681762273,0.12786146076040983,-0.0033261980358526566,0.06803115731924425,0.03865864124141094,0.07957367663991555,True,True,True
Market-Residual Momentum,2021-10-01 00:00:00-04:00,2021-11-01 00:00:00-04:00,DOW,26,-0.011191474619504538,True,False,29,0.8928571428571429,-0.028784573570858063,0.06069029228264089,-0.034853452680595476,0.06803115731924425,0.03865864124141094,0.07957367663991555,False,False,False
Market-Residual Momentum,2021-10-01 00:00:00-04:00,2021-11-01 00:00:00-04:00,CRM,27,-0.011433112222741681,True,False,29,0.9285714285714286,0.11049720461878176,0.11049720461878176,-0.01974211548538851,0.06803115731924425,0.03865864124141094,0.07957367663991555,True,True,True
Market-Residual Momentum,2021-10-01 00:00:00-04:00,2021-11-01 00:00:00-04:00,BA,28,-0.015186301381619693,True,False,29,0.9642857142857143,-0.07112409993003621,0.04150773949588005,-0.08189364819457412,0.06803115731924425,0.03865864124141094,0.07957367663991555,False,False,False
Market-Residual Momentum,2021-10-01 00:00:00-04:00,2021-11-01 00:00:00-04:00,NKE,29,-0.016363749247823245,True,False,29,1.0,0.15548845204919926,0.15548845204919926,-0.005853230246319785,0.06803115731924425,0.03865864124141094,0.07957367663991555,True,True,True
Market-Residual Momentum,2021-11-01 00:00:00-04:00,2021-12-01 00:00:00-05:00,KO,1,-0.002231524692975384,True,True,29,0.0,-0.053185901947466085,0.013654860145750014,-0.06283630666562023,0.0029112157771542524,-0.029903393436745196,0.005380299012788248,False,False,False
Market-Residual Momentum,2021-11-01 00:00:00-04:00,2021-12-01 00:00:00-05:00,VZ,2,-0.0023429327412166634,True,True,29,0.03571428571428571,-0.051465169066616134,0.002441721437258071,-0.060105203137384544,0.0029112157771542524,-0.029903393436745196,0.005380299012788248,False,False,False
Market-Residual Momentum,2021-11-01 00:00:00-04:00,2021-12-01 00:00:00-05:00,MCD,3,-0.002771615097076574,True,True,29,0.07142857142857142,0.005380299012788248,0.048779464776125936,-0.002024253486269778,0.0029112157771542524,-0.029903393436745196,0.005380299012788248,True,True,True
Market-Residual Momentum,2021-11-01 00:00:00-04:00,2021-12-01 00:00:00-05:00,JNJ,4,-0.003035353569166621,True,True,29,0.10714285714285714,-0.032191958432683965,0.027335162889988718,-0.038546110588392635,0.0029112157771542524,-0.029903393436745196,0.005380299012788248,False,False,False
Market-Residual Momentum,2021-11-01 00:00:00-04:00,2021-12-01 00:00:00-05:00,CSCO,5,-0.003283493677507243,True,True,29,0.14285714285714285,-0.006085681715015667,0.04940030705925591,-0.08573478675828783,0.0029112157771542524,-0.029903393436745196,0.005380299012788248,False,True,False
Market-Residual Momentum,2021-11-01 00:00:00-04:00,2021-12-01 00:00:00-05:00,MSFT,6,-0.0034631812092449366,True,False,29,0.17857142857142858,0.013227639835240446,0.05718755353117366,-0.015059121363374173,0.0029112157771542524,-0.029903393436745196,0.005380299012788248,True,True,True
Market-Residual Momentum,2021-11-01 00:00:00-04:00,2021-12-01 00:00:00-05:00,WMT,7,-0.0034709528461772665,True,False,29,0.21428571428571427,-0.06314192601155155,0.013468312520301007,-0.06647556702322632,0.0029112157771542524,-0.029903393436745196,0.005380299012788248,False,False,False
Market-Residual Momentum,2021-11-01 00:00:00-04:00,2021-12-01 00:00:00-05:00,PG,8,-0.003509500654429676,True,False,29,0.25,0.010393070422885398,0.044363672733546355,-0.007533706040612986,0.0029112157771542524,-0.029903393436745196,0.005380299012788248,True,True,True
Market-Residual Momentum,2021-11-01 00:00:00-04:00,2021-12-01 00:00:00-05:00,AAPL,9,-0.004314617555418732,True,False,29,0.2857142857142857,0.12574279260822396,0.12574279260822396,-0.008690438643291554,0.0029112157771542524,-0.029903393436745196,0.005380299012788248,True,True,True
Market-Residual Momentum,2021-11-01 00:00:00-04:00,2021-12-01 00:00:00-05:00,MMM,10,-0.004390691028768989,True,False,29,0.32142857142857145,-0.025630207993986742,0.04352229443090927,-0.04036836617285211,0.0029112157771542524,-0.029903393436745196,0.005380299012788248,False,True,False
Market-Residual Momentum,2021-11-01 00:00:00-04:00,2021-12-01 00:00:00-05:00,V,11,-0.004726585568914254,True,False,29,0.35714285714285715,-0.0801672667810478,0.038034657319314435,-0.0964964077732331,0.0029112157771542524,-0.029903393436745196,0.005380299012788248,False,False,False
Market-Residual Momentum,2021-11-01 00:00:00-04:00,2021-12-01 00:00:00-05:00,HD,12,-0.005015472147486766,True,False,29,0.39285714285714285,0.08242061078741214,0.11678284190839361,-0.022251977997235328,0.0029112157771542524,-0.029903393436745196,0.005380299012788248,True,True,True
Market-Residual Momentum,2021-11-01 00:00:00-04:00,2021-12-01 00:00:00-05:00,HON,13,-0.005067206325943818,True,False,29,0.42857142857142855,-0.05843224986874518,0.043713035483272655,-0.07921864695165781,0.0029112157771542524,-0.029903393436745196,0.005380299012788248,False,False,False
Market-Residual Momentum,2021-11-01 00:00:00-04:00,2021-12-01 00:00:00-05:00,TRV,14,-0.005971112135548906,True,False,29,0.4642857142857143,-0.07119385336794593,0.006945706153100861,-0.09122472635355838,0.0029112157771542524,-0.029903393436745196,0.005380299012788248,False,False,False
Market-Residual Momentum,2021-11-01 00:00:00-04:00,2021-12-01 00:00:00-05:00,UNH,15,-0.006043049493440589,True,False,29,0.5,-0.01933656732419531,0.00905119008294153,-0.05590928727913891,0.0029112157771542524,-0.029903393436745196,0.005380299012788248,False,True,False
Market-Residual Momentum,2021-11-01 00:00:00-04:00,2021-12-01 00:00:00-05:00,JPM,16,-0.006868508166432696,True,False,29,0.5357142857142857,-0.0641713371679199,0.001685704232965879,-0.07992325608731776,0.0029112157771542524,-0.029903393436745196,0.005380299012788248,False,False,False
Market-Residual Momentum,2021-11-01 00:00:00-04:00,2021-12-01 00:00:00-05:00,DIS,17,-0.007591567410494715,True,False,29,0.5714285714285714,-0.13302998975831115,0.05933457487191318,-0.1542460746726304,0.0029112157771542524,-0.029903393436745196,0.005380299012788248,False,False,False
Market-Residual Momentum,2021-11-01 00:00:00-04:00,2021-12-01 00:00:00-05:00,GS,18,-0.00832061949018803,True,False,29,0.6071428571428571,-0.07486634777150791,0.021795002944236863,-0.09545142622890335,0.0029112157771542524,-0.029903393436745196,0.005380299012788248,False,False,False
Market-Residual Momentum,2021-11-01 00:00:00-04:00,2021-12-01 00:00:00-05:00,AXP,19,-0.009801142715580746,True,False,29,0.6428571428571429,-0.10585414096646961,0.05355712860196271,-0.1310572490796399,0.0029112157771542524,-0.029903393436745196,0.005380299012788248,False,False,False
Market-Residual Momentum,2021-11-01 00:00:00-04:00,2021-12-01 00:00:00-05:00,IBM,20,-0.010054335301301287,True,False,29,0.6785714285714286,0.002319428676336832,0.04374157203096374,-0.028958111020064625,0.0029112157771542524,-0.029903393436745196,0.005380299012788248,False,True,False
Market-Residual Momentum,2021-11-01 00:00:00-04:00,2021-12-01 00:00:00-05:00,CAT,21,-0.0100697252438533,True,False,29,0.7142857142857143,-0.032845356411504545,0.059620963950072436,-0.06236225107512383,0.0029112157771542524,-0.029903393436745196,0.005380299012788248,False,False,False
Market-Residual Momentum,2021-11-01 00:00:00-04:00,2021-12-01 00:00:00-05:00,AMGN,22,-0.010154685344659464,True,False,29,0.75,-0.028255822361596517,0.05408623463374562,-0.03654589079514614,0.0029112157771542524,-0.029903393436745196,0.005380299012788248,False,True,False
Market-Residual Momentum,2021-11-01 00:00:00-04:00,2021-12-01 00:00:00-05:00,MRK,23,-0.010600724012763574,True,False,29,0.7857142857142857,-0.14219206652293737,0.038046542694561314,-0.16138576421934803,0.0029112157771542524,-0.029903393436745196,0.005380299012788248,False,False,False
Market-Residual Momentum,2021-11-01 00:00:00-04:00,2021-12-01 00:00:00-05:00,CVX,24,-0.010770420722410301,True,False,29,0.8214285714285714,0.010854201352126225,0.03767562443990169,-0.026601825542335256,0.0029112157771542524,-0.029903393436745196,0.005380299012788248,True,True,True
Market-Residual Momentum,2021-11-01 00:00:00-04:00,2021-12-01 00:00:00-05:00,DOW,25,-0.011706002634502055,True,False,29,0.8571428571428571,0.0029040389473466988,0.08587760310596626,-0.01661526066688157,0.0029112157771542524,-0.029903393436745196,0.005380299012788248,False,True,False
Market-Residual Momentum,2021-11-01 00:00:00-04:00,2021-12-01 00:00:00-05:00,CRM,26,-0.011743148392591829,True,False,29,0.8928571428571429,-0.10029839900314774,0.03399678366136949,-0.10029839900314774,0.0029112157771542524,-0.029903393436745196,0.005380299012788248,False,False,False
Market-Residual Momentum,2021-11-01 00:00:00-04:00,2021-12-01 00:00:00-05:00,INTC,27,-0.01313700290143327,True,False,29,0.9285714285714286,0.01592310110841444,0.05974789269339098,-0.01913723695351066,0.0029112157771542524,-0.029903393436745196,0.005380299012788248,True,True,True
Market-Residual Momentum,2021-11-01 00:00:00-04:00,2021-12-01 00:00:00-05:00,BA,28,-0.014907990289852346,True,False,29,0.9642857142857143,-0.029903393436745196,0.130144939330465,-0.06352654056272644,0.0029112157771542524,-0.029903393436745196,0.005380299012788248,False,False,False
Market-Residual Momentum,2021-11-01 00:00:00-04:00,2021-12-01 00:00:00-05:00,NKE,29,-0.017725655287507025,True,False,29,1.0,0.018414390354562382,0.06734190243942861,-0.011382619948584027,0.0029112157771542524,-0.029903393436745196,0.005380299012788248,True,True,True
Market-Residual Momentum,2021-12-01 00:00:00-05:00,2022-01-03 00:00:00-05:00,VZ,1,-0.0021677112621022454,True,True,29,0.0,0.031088920726085156,0.056237763390339035,-0.016039596568450443,0.03538095076112402,0.03631612395572015,0.09655753190380967,False,False,False
Market-Residual Momentum,2021-12-01 00:00:00-05:00,2022-01-03 00:00:00-05:00,KO,2,-0.0025489224109387365,True,True,29,0.03571428571428571,0.11023048005116687,0.12023404695574635,-0.01321254754601131,0.03538095076112402,0.03631612395572015,0.09655753190380967,True,True,True
Market-Residual Momentum,2021-12-01 00:00:00-05:00,2022-01-03 00:00:00-05:00,JNJ,3,-0.0030746877542322526,True,True,29,0.07142857142857142,0.08496966016455176,0.10600436342566844,-0.004015839260606224,0.03538095076112402,0.03631612395572015,0.09655753190380967,True,True,False
Market-Residual Momentum,2021-12-01 00:00:00-05:00,2022-01-03 00:00:00-05:00,MCD,4,-0.0032266789947781316,True,True,29,0.10714285714285714,0.09655753190380967,0.09749352708914127,-0.006713842502297451,0.03538095076112402,0.03631612395572015,0.09655753190380967,True,True,True
Market-Residual Momentum,2021-12-01 00:00:00-05:00,2022-01-03 00:00:00-05:00,PG,5,-0.0032649192263389804,True,True,29,0.14285714285714285,0.11625829810722665,0.13897167531944143,0.0,0.03538095076112402,0.03631612395572015,0.09655753190380967,True,True,True
Market-Residual Momentum,2021-12-01 00:00:00-05:00,2022-01-03 00:00:00-05:00,WMT,6,-0.003499972967417553,True,False,29,0.17857142857142858,0.028964517319234773,0.047042823916698895,-0.03750608363799379,0.03538095076112402,0.03631612395572015,0.09655753190380967,False,False,False
Market-Residual Momentum,2021-12-01 00:00:00-05:00,2022-01-03 00:00:00-05:00,MMM,7,-0.003940059089554859,True,False,29,0.21428571428571427,0.033439453790177875,0.03842380699085468,-0.019530529813256314,0.03538095076112402,0.03631612395572015,0.09655753190380967,False,False,False
Market-Residual Momentum,2021-12-01 00:00:00-05:00,2022-01-03 00:00:00-05:00,MSFT,8,-0.004073232448120412,True,False,29,0.25,0.0006566685148512441,0.027362598204246913,-0.053352319589652364,0.03538095076112402,0.03631612395572015,0.09655753190380967,False,False,False
Market-Residual Momentum,2021-12-01 00:00:00-05:00,2022-01-03 00:00:00-05:00,AAPL,9,-0.0047550199066185295,True,False,29,0.2857142857142857,0.06179840198585884,0.08747328756953654,-0.05779790459534451,0.03538095076112402,0.03631612395572015,0.09655753190380967,True,True,False
Market-Residual Momentum,2021-12-01 00:00:00-05:00,2022-01-03 00:00:00-05:00,HON,10,-0.004957428856580903,True,False,29,0.32142857142857145,0.0137792330350619,0.030459306336050318,-0.03382245028715636,0.03538095076112402,0.03631612395572015,0.09655753190380967,False,False,False
Market-Residual Momentum,2021-12-01 00:00:00-05:00,2022-01-03 00:00:00-05:00,HD,11,-0.005756017134640579,True,False,29,0.35714285714285715,0.03603755734048586,0.046085252023934986,-0.05267605879357873,0.03538095076112402,0.03631612395572015,0.09655753190380967,True,False,False
Market-Residual Momentum,2021-12-01 00:00:00-05:00,2022-01-03 00:00:00-05:00,CSCO,12,-0.005873415223656142,True,False,29,0.39285714285714285,0.13272114371848165,0.15775272901494763,-0.010804943045393811,0.03538095076112402,0.03631612395572015,0.09655753190380967,True,True,True
Market-Residual Momentum,2021-12-01 00:00:00-05:00,2022-01-03 00:00:00-05:00,UNH,13,-0.005981668068891333,True,False,29,0.42857142857142855,0.10762165711702809,0.1280684288889391,-0.03018382499869865,0.03538095076112402,0.03631612395572015,0.09655753190380967,True,True,True
Market-Residual Momentum,2021-12-01 00:00:00-05:00,2022-01-03 00:00:00-05:00,TRV,14,-0.006666710795927955,True,False,29,0.4642857142857143,0.053773986065202006,0.09460345611486032,-0.02917814149238218,0.03538095076112402,0.03631612395572015,0.09655753190380967,True,True,False
Market-Residual Momentum,2021-12-01 00:00:00-05:00,2022-01-03 00:00:00-05:00,JPM,15,-0.006832789566851738,True,False,29,0.5,-0.00708057790499228,0.014844847737098599,-0.056894294479000296,0.03538095076112402,0.03631612395572015,0.09655753190380967,False,False,False
Market-Residual Momentum,2021-12-01 00:00:00-05:00,2022-01-03 00:00:00-05:00,AMGN,16,-0.007351037700090379,True,False,29,0.5357142857142857,0.11569569981229488,0.1526642352566101,-0.008980258580290057,0.03538095076112402,0.03631612395572015,0.09655753190380967,True,True,True
Market-Residual Momentum,2021-12-01 00:00:00-05:00,2022-01-03 00:00:00-05:00,CVX,17,-0.008805160787288435,True,False,29,0.5714285714285714,0.021487505447923327,0.03819056097712625,-0.03671162981249576,0.03538095076112402,0.03631612395572015,0.09655753190380967,False,False,False
Market-Residual Momentum,2021-12-01 00:00:00-05:00,2022-01-03 00:00:00-05:00,GS,18,-0.009010140373906461,True,False,29,0.6071428571428571,0.013496064507240169,0.04671482599578436,-0.044734431271431285,0.03538095076112402,0.03631612395572015,0.09655753190380967,False,False,False
Market-Residual Momentum,2021-12-01 00:00:00-05:00,2022-01-03 00:00:00-05:00,DIS,19,-0.009583981464741265,True,False,29,0.6428571428571429,0.06223607272823273,0.07068867095753695,-0.031765533463191,0.03538095076112402,0.03631612395572015,0.09655753190380967,True,True,False
Market-Residual Momentum,2021-12-01 00:00:00-05:00,2022-01-03 00:00:00-05:00,IBM,20,-0.009881505649425693,True,False,29,0.6785714285714286,0.1337842938742635,0.141564544523332,-0.014291814712063644,0.03538095076112402,0.03631612395572015,0.09655753190380967,True,True,True
Market-Residual Momentum,2021-12-01 00:00:00-05:00,2022-01-03 00:00:00-05:00,CAT,21,-0.010063462194226935,True,False,29,0.7142857142857143,0.049346921421529855,0.05734335861211037,-0.03148092500789457,0.03538095076112402,0.03631612395572015,0.09655753190380967,True,True,False
Market-Residual Momentum,2021-12-01 00:00:00-05:00,2022-01-03 00:00:00-05:00,V,22,-0.010252473842114473,True,False,29,0.75,0.10962623553259188,0.12089988057455692,-0.030250434692180028,0.03538095076112402,0.03631612395572015,0.09655753190380967,True,True,True
Market-Residual Momentum,2021-12-01 00:00:00-05:00,2022-01-03 00:00:00-05:00,CRM,23,-0.010468132851385037,True,False,29,0.7857142857142857,-0.05990576480014076,0.02093929245482551,-0.09588588459742875,0.03538095076112402,0.03631612395572015,0.09655753190380967,False,False,False
Market-Residual Momentum,2021-12-01 00:00:00-05:00,2022-01-03 00:00:00-05:00,AXP,24,-0.011630344102109391,True,False,29,0.8214285714285714,0.05387597200326866,0.09276123057018903,-0.03978223235781997,0.03538095076112402,0.03631612395572015,0.09655753190380967,True,True,False
Market-Residual Momentum,2021-12-01 00:00:00-05:00,2022-01-03 00:00:00-05:00,DOW,25,-0.012272089780452244,True,False,29,0.8571428571428571,0.03081656867579463,0.04216998304729658,-0.06163259058506643,0.03538095076112402,0.03631612395572015,0.09655753190380967,False,False,False
Market-Residual Momentum,2021-12-01 00:00:00-05:00,2022-01-03 00:00:00-05:00,INTC,26,-0.013513343993934335,True,False,29,0.8928571428571429,0.03631612395572015,0.1035311648093955,-0.03029701107722549,0.03538095076112402,0.03631612395572015,0.09655753190380967,True,False,False
Market-Residual Momentum,2021-12-01 00:00:00-05:00,2022-01-03 00:00:00-05:00,MRK,27,-0.01658040195041066,True,False,29,0.9285714285714286,0.023520553454555948,0.03902462268319273,-0.053356278559833825,0.03538095076112402,0.03631612395572015,0.09655753190380967,False,False,False
Market-Residual Momentum,2021-12-01 00:00:00-05:00,2022-01-03 00:00:00-05:00,NKE,28,-0.018717460041038136,True,False,29,0.9642857142857143,-0.01789993961134939,0.01621860880079007,-0.0885983699145857,0.03538095076112402,0.03631612395572015,0.09655753190380967,False,False,False
Market-Residual Momentum,2021-12-01 00:00:00-05:00,2022-01-03 00:00:00-05:00,BA,29,-0.01904707894795321,True,False,29,1.0,0.015885675415515443,0.05911057846472012,-0.07743639878896236,0.03538095076112402,0.03631612395572015,0.09655753190380967,False,False,False
Market-Residual Momentum,2022-01-03 00:00:00-05:00,2022-02-01 00:00:00-05:00,MCD,1,-0.003551057262674462,True,True,29,0.0,-0.03614225062549936,0.006159706088137318,-0.08994754259517213,-0.05378971508206931,-0.021481041560488245,0.03553196787714441,True,False,False
Market-Residual Momentum,2022-01-03 00:00:00-05:00,2022-02-01 00:00:00-05:00,PG,2,-0.0037095804243746366,True,True,29,0.03571428571428571,-0.00019662566283773497,0.02815766645775586,-0.03494325223610828,-0.05378971508206931,-0.021481041560488245,0.03553196787714441,True,True,False
Market-Residual Momentum,2022-01-03 00:00:00-05:00,2022-02-01 00:00:00-05:00,KO,3,-0.003915614887440966,True,True,29,0.07142857142857142,0.03553196787714441,0.04471251286799438,-0.007480425518392231,-0.05378971508206931,-0.021481041560488245,0.03553196787714441,True,True,True
Market-Residual Momentum,2022-01-03 00:00:00-05:00,2022-02-01 00:00:00-05:00,VZ,4,-0.003934586809600349,True,True,29,0.10714285714285714,0.03789863069272004,0.06569249801571853,-0.012441491722550713,-0.05378971508206931,-0.021481041560488245,0.03553196787714441,True,True,True
Market-Residual Momentum,2022-01-03 00:00:00-05:00,2022-02-01 00:00:00-05:00,JNJ,5,-0.004039541026116589,True,True,29,0.14285714285714285,0.008988712714274705,0.024029098944429172,-0.07020751901545252,-0.05378971508206931,-0.021481041560488245,0.03553196787714441,True,True,False
Market-Residual Momentum,2022-01-03 00:00:00-05:00,2022-02-01 00:00:00-05:00,MSFT,6,-0.004703626411110884,True,False,29,0.17857142857142858,-0.07437034174653734,0.007902173395715861,-0.17683028730551842,-0.05378971508206931,-0.021481041560488245,0.03553196787714441,False,False,False
Market-Residual Momentum,2022-01-03 00:00:00-05:00,2022-02-01 00:00:00-05:00,WMT,7,-0.005100395376865463,True,False,29,0.21428571428571427,-0.03326394114822273,0.01826403396970333,-0.06979163855971937,-0.05378971508206931,-0.021481041560488245,0.03553196787714441,True,False,False
Market-Residual Momentum,2022-01-03 00:00:00-05:00,2022-02-01 00:00:00-05:00,MMM,8,-0.005152481209175441,True,False,29,0.25,-0.07138828243125261,0.019403708615916226,-0.09970812741454149,-0.05378971508206931,-0.021481041560488245,0.03553196787714441,False,False,False
Market-Residual Momentum,2022-01-03 00:00:00-05:00,2022-02-01 00:00:00-05:00,HON,9,-0.0051978261456744335,True,False,29,0.2857142857142857,-0.018906980039020582,0.06430397600968707,-0.05681697667772545,-0.05378971508206931,-0.021481041560488245,0.03553196787714441,True,True,False
Market-Residual Momentum,2022-01-03 00:00:00-05:00,2022-02-01 00:00:00-05:00,HD,10,-0.006431312763897856,True,False,29,0.32142857142857145,-0.11306628264156415,0.0030486808731848836,-0.17514466939335172,-0.05378971508206931,-0.021481041560488245,0.03553196787714441,False,False,False
Market-Residual Momentum,2022-01-03 00:00:00-05:00,2022-02-01 00:00:00-05:00,UNH,11,-0.006579152615940442,True,False,29,0.35714285714285715,-0.0499999724297312,0.007499982137386452,-0.10545989964872893,-0.05378971508206931,-0.021481041560488245,0.03553196787714441,True,False,False
Market-Residual Momentum,2022-01-03 00:00:00-05:00,2022-02-01 00:00:00-05:00,AAPL,12,-0.006706270274589254,True,False,29,0.39285714285714285,-0.021481041560488245,0.0287353996491595,-0.13006780877010382,-0.05378971508206931,-0.021481041560488245,0.03553196787714441,True,False,False
Market-Residual Momentum,2022-01-03 00:00:00-05:00,2022-02-01 00:00:00-05:00,CSCO,13,-0.006712436010797407,True,False,29,0.42857142857142855,-0.11324735762041427,0.007154164345402281,-0.14523113983856728,-0.05378971508206931,-0.021481041560488245,0.03553196787714441,False,False,False
Market-Residual Momentum,2022-01-03 00:00:00-05:00,2022-02-01 00:00:00-05:00,JPM,14,-0.007055582969862306,True,False,29,0.4642857142857143,-0.06429836391077048,0.06860932866481328,-0.12169015112151438,-0.05378971508206931,-0.021481041560488245,0.03553196787714441,False,False,False
Market-Residual Momentum,2022-01-03 00:00:00-05:00,2022-02-01 00:00:00-05:00,TRV,15,-0.007770313946253493,True,False,29,0.5,0.060922929440438534,0.09265880822319028,-0.012681656362381055,-0.05378971508206931,-0.021481041560488245,0.03553196787714441,True,True,True
Market-Residual Momentum,2022-01-03 00:00:00-05:00,2022-02-01 00:00:00-05:00,AMGN,16,-0.007980090508738158,True,False,29,0.5357142857142857,0.015695401494365324,0.05442011136054714,-0.016321736654871466,-0.05378971508206931,-0.021481041560488245,0.03553196787714441,True,True,False
Market-Residual Momentum,2022-01-03 00:00:00-05:00,2022-02-01 00:00:00-05:00,CVX,17,-0.008409428638098682,True,False,29,0.5714285714285714,0.11420558695949934,0.16675186679028942,-0.0011071134001460203,-0.05378971508206931,-0.021481041560488245,0.03553196787714441,True,True,True
Market-Residual Momentum,2022-01-03 00:00:00-05:00,2022-02-01 00:00:00-05:00,CAT,18,-0.009272690179633947,True,False,29,0.6071428571428571,-0.026796198543142524,0.11380465516722449,-0.056457655461990885,-0.05378971508206931,-0.021481041560488245,0.03553196787714441,True,False,False
Market-Residual Momentum,2022-01-03 00:00:00-05:00,2022-02-01 00:00:00-05:00,GS,19,-0.009519984944632576,True,False,29,0.6428571428571429,-0.08449883598233565,0.06082248989495831,-0.16136240292816373,-0.05378971508206931,-0.021481041560488245,0.03553196787714441,False,False,False
Market-Residual Momentum,2022-01-03 00:00:00-05:00,2022-02-01 00:00:00-05:00,NKE,20,-0.009793687570312959,True,False,29,0.6785714285714286,-0.10762248575018685,0.0022682796250308446,-0.16695500003213792,-0.05378971508206931,-0.021481041560488245,0.03553196787714441,False,False,False
Market-Residual Momentum,2022-01-03 00:00:00-05:00,2022-02-01 00:00:00-05:00,DIS,21,-0.010427268378542687,True,False,29,0.7142857142857143,-0.08220504373426851,0.028813325612849106,-0.1705065241897714,-0.05378971508206931,-0.021481041560488245,0.03553196787714441,False,False,False
Market-Residual Momentum,2022-01-03 00:00:00-05:00,2022-02-01 00:00:00-05:00,IBM,22,-0.010579348554856427,True,False,29,0.75,-0.0023125391227258874,0.06064000646945211,-0.07369270239943859,-0.05378971508206931,-0.021481041560488245,0.03553196787714441,True,True,False
Market-Residual Momentum,2022-01-03 00:00:00-05:00,2022-02-01 00:00:00-05:00,DOW,23,-0.011506344687418402,True,False,29,0.7857142857142857,0.04545457218033433,0.0715036290627753,-0.0454546847649141,-0.05378971508206931,-0.021481041560488245,0.03553196787714441,True,True,True
Market-Residual Momentum,2022-01-03 00:00:00-05:00,2022-02-01 00:00:00-05:00,V,24,-0.011728827293835509,True,False,29,0.8214285714285714,0.04312225261317626,0.048731084060851027,-0.10054249979107588,-0.05378971508206931,-0.021481041560488245,0.03553196787714441,True,True,True
Market-Residual Momentum,2022-01-03 00:00:00-05:00,2022-02-01 00:00:00-05:00,AXP,25,-0.01312152683995782,True,False,29,0.8571428571428571,0.09641701785713686,0.09769655359512242,-0.0685453216125026,-0.05378971508206931,-0.021481041560488245,0.03553196787714441,True,True,True
Market-Residual Momentum,2022-01-03 00:00:00-05:00,2022-02-01 00:00:00-05:00,INTC,26,-0.013990548159659721,True,False,29,0.8928571428571429,-0.05556641523207151,0.08964177144330665,-0.10358200081770863,-0.05378971508206931,-0.021481041560488245,0.03553196787714441,False,False,False
Market-Residual Momentum,2022-01-03 00:00:00-05:00,2022-02-01 00:00:00-05:00,CRM,27,-0.01603183300677491,True,False,29,0.9285714285714286,-0.08878083568096884,0.007293894614275764,-0.18626715881138156,-0.05378971508206931,-0.021481041560488245,0.03553196787714441,False,False,False
Market-Residual Momentum,2022-01-03 00:00:00-05:00,2022-02-01 00:00:00-05:00,MRK,28,-0.018491430437861278,True,False,29,0.9642857142857143,0.07025367555805495,0.07808827471978952,-0.01606167834321981,-0.05378971508206931,-0.021481041560488245,0.03553196787714441,True,True,True
Market-Residual Momentum,2022-01-03 00:00:00-05:00,2022-02-01 00:00:00-05:00,BA,29,-0.021215915118490747,True,False,29,1.0,-0.007451001335592844,0.1258333243575751,-0.09916664572323075,-0.05378971508206931,-0.021481041560488245,0.03553196787714441,True,True,False
Market-Residual Momentum,2022-02-01 00:00:00-05:00,2022-03-01 00:00:00-05:00,MCD,1,-0.0037751593341277534,True,True,29,0.0,-0.06199072302742026,0.012050063456269244,-0.0775361683550998,-0.03470301877853488,-0.04315935211401811,0.0014428801431847216,False,False,False
Market-Residual Momentum,2022-02-01 00:00:00-05:00,2022-03-01 00:00:00-05:00,KO,2,-0.004020893995337116,True,True,29,0.03571428571428571,0.020193661978037847,0.03267120788182565,-0.027745802739416625,-0.03470301877853488,-0.04315935211401811,0.0014428801431847216,True,True,True
Market-Residual Momentum,2022-02-01 00:00:00-05:00,2022-03-01 00:00:00-05:00,JNJ,3,-0.004235727091141395,True,True,29,0.07142857142857142,-0.04456415961031912,0.010946608188665996,-0.08746027495992625,-0.03470301877853488,-0.04315935211401811,0.0014428801431847216,False,False,False
Market-Residual Momentum,2022-02-01 00:00:00-05:00,2022-03-01 00:00:00-05:00,VZ,4,-0.004468778250847905,True,True,29,0.10714285714285714,0.0018726990095587759,0.021910170525539785,-0.03164769347042906,-0.03470301877853488,-0.04315935211401811,0.0014428801431847216,True,True,True
Market-Residual Momentum,2022-02-01 00:00:00-05:00,2022-03-01 00:00:00-05:00,HON,5,-0.0044826908074764305,True,True,29,0.14285714285714285,-0.07969523210956131,0.01917324998188774,-0.14256998165521184,-0.03470301877853488,-0.04315935211401811,0.0014428801431847216,False,False,False
Market-Residual Momentum,2022-02-01 00:00:00-05:00,2022-03-01 00:00:00-05:00,PG,6,-0.004699856203686736,True,False,29,0.17857142857142858,-0.04030148844099668,0.026058784221668185,-0.06362350717349596,-0.03470301877853488,-0.04315935211401811,0.0014428801431847216,False,True,False
Market-Residual Momentum,2022-02-01 00:00:00-05:00,2022-03-01 00:00:00-05:00,MSFT,7,-0.005229441322302519,True,False,29,0.21428571428571427,-0.04315935211401811,0.015173678852537398,-0.12347721765544328,-0.03470301877853488,-0.04315935211401811,0.0014428801431847216,False,False,False
Market-Residual Momentum,2022-02-01 00:00:00-05:00,2022-03-01 00:00:00-05:00,MMM,8,-0.005496191189471089,True,False,29,0.25,-0.09404996651969155,0.022102760242785013,-0.1479509481532496,-0.03470301877853488,-0.04315935211401811,0.0014428801431847216,False,False,False
Market-Residual Momentum,2022-02-01 00:00:00-05:00,2022-03-01 00:00:00-05:00,WMT,9,-0.005639527627434027,True,False,29,0.2857142857142857,-0.023992273772176165,0.019969952961198967,-0.05172026108379191,-0.03470301877853488,-0.04315935211401811,0.0014428801431847216,True,True,False
Market-Residual Momentum,2022-02-01 00:00:00-05:00,2022-03-01 00:00:00-05:00,AAPL,10,-0.006385386684087946,True,False,29,0.32142857142857145,-0.05229690559952238,0.016464607517649776,-0.1253740122176804,-0.03470301877853488,-0.04315935211401811,0.0014428801431847216,False,False,False
Market-Residual Momentum,2022-02-01 00:00:00-05:00,2022-03-01 00:00:00-05:00,CSCO,11,-0.007045801584731004,True,False,29,0.35714285714285715,0.0014428801431847216,0.04039700528602541,-0.04959413649133315,-0.03470301877853488,-0.04315935211401811,0.0014428801431847216,True,True,True
Market-Residual Momentum,2022-02-01 00:00:00-05:00,2022-03-01 00:00:00-05:00,CVX,12,-0.007392748160315543,True,False,29,0.39285714285714285,0.12002176931919073,0.12002176931919073,-0.0024459781375834044,-0.03470301877853488,-0.04315935211401811,0.0014428801431847216,True,True,True
Market-Residual Momentum,2022-02-01 00:00:00-05:00,2022-03-01 00:00:00-05:00,UNH,13,-0.0077744191801383256,True,False,29,0.42857142857142855,-0.008652612967056328,0.05458952828903807,-0.061599934328997796,-0.03470301877853488,-0.04315935211401811,0.0014428801431847216,True,True,False
Market-Residual Momentum,2022-02-01 00:00:00-05:00,2022-03-01 00:00:00-05:00,AMGN,14,-0.007933503895499294,True,False,29,0.4642857142857143,0.00031530505261878616,0.07735319219047354,-0.04803961875222207,-0.03470301877853488,-0.04315935211401811,0.0014428801431847216,True,True,False
Market-Residual Momentum,2022-02-01 00:00:00-05:00,2022-03-01 00:00:00-05:00,HD,15,-0.00879768624222299,True,False,29,0.5,-0.14853700649512225,0.014074312656087162,-0.1899477937763222,-0.03470301877853488,-0.04315935211401811,0.0014428801431847216,False,False,False
Market-Residual Momentum,2022-02-01 00:00:00-05:00,2022-03-01 00:00:00-05:00,TRV,16,-0.008908620266705247,True,False,29,0.5357142857142857,0.03309695641448829,0.0484743037522537,-0.02210476608577483,-0.03470301877853488,-0.04315935211401811,0.0014428801431847216,True,True,True
Market-Residual Momentum,2022-02-01 00:00:00-05:00,2022-03-01 00:00:00-05:00,JPM,17,-0.009318089604840152,True,False,29,0.5714285714285714,-0.05817484234226311,0.06954077506307033,-0.05992325594388659,-0.03470301877853488,-0.04315935211401811,0.0014428801431847216,False,False,False
Market-Residual Momentum,2022-02-01 00:00:00-05:00,2022-03-01 00:00:00-05:00,IBM,18,-0.009876521731302601,True,False,29,0.6071428571428571,-0.07186259760138647,0.037829333670619025,-0.10106794310409128,-0.03470301877853488,-0.04315935211401811,0.0014428801431847216,False,False,False
Market-Residual Momentum,2022-02-01 00:00:00-05:00,2022-03-01 00:00:00-05:00,NKE,19,-0.010841128499754049,True,False,29,0.6428571428571429,-0.08548447607869714,0.0012039643864967253,-0.12421391496292111,-0.03470301877853488,-0.04315935211401811,0.0014428801431847216,False,False,False
Market-Residual Momentum,2022-02-01 00:00:00-05:00,2022-03-01 00:00:00-05:00,DIS,20,-0.010980592009875778,True,False,29,0.6785714285714286,0.033841235205118725,0.10124470626870474,-0.026359913049653128,-0.03470301877853488,-0.04315935211401811,0.0014428801431847216,True,True,True
Market-Residual Momentum,2022-02-01 00:00:00-05:00,2022-03-01 00:00:00-05:00,GS,21,-0.011479137508976112,True,False,29,0.7142857142857143,-0.04700846479610732,0.059725535178636546,-0.08193618182794249,-0.03470301877853488,-0.04315935211401811,0.0014428801431847216,False,False,False
Market-Residual Momentum,2022-02-01 00:00:00-05:00,2022-03-01 00:00:00-05:00,DOW,22,-0.011674170459518352,True,False,29,0.75,0.0005564031076044085,0.05200654469053867,-0.03812727352499479,-0.03470301877853488,-0.04315935211401811,0.0014428801431847216,True,True,False
Market-Residual Momentum,2022-02-01 00:00:00-05:00,2022-03-01 00:00:00-05:00,V,23,-0.012185390989344569,True,False,29,0.7857142857142857,-0.05319969857858009,0.03944475666107716,-0.11071948420678823,-0.03470301877853488,-0.04315935211401811,0.0014428801431847216,False,False,False
Market-Residual Momentum,2022-02-01 00:00:00-05:00,2022-03-01 00:00:00-05:00,CAT,24,-0.012188090051111766,True,False,29,0.8214285714285714,-0.06489039339674685,0.02963154635337162,-0.10522911331711005,-0.03470301877853488,-0.04315935211401811,0.0014428801431847216,False,False,False
Market-Residual Momentum,2022-02-01 00:00:00-05:00,2022-03-01 00:00:00-05:00,INTC,25,-0.012994130054794661,True,False,29,0.8571428571428571,-0.017996258926028297,0.032198736804623485,-0.0987625113663565,-0.03470301877853488,-0.04315935211401811,0.0014428801431847216,True,True,False
Market-Residual Momentum,2022-02-01 00:00:00-05:00,2022-03-01 00:00:00-05:00,AXP,26,-0.013960126247260174,True,False,29,0.8928571428571429,0.08198079121848312,0.10910391442346024,-0.005113373601090321,-0.03470301877853488,-0.04315935211401811,0.0014428801431847216,True,True,True
Market-Residual Momentum,2022-02-01 00:00:00-05:00,2022-03-01 00:00:00-05:00,CRM,27,-0.01743115625452507,True,False,29,0.9285714285714286,-0.08163701429929726,0.009123475254703584,-0.2062658592865202,-0.03470301877853488,-0.04315935211401811,0.0014428801431847216,False,False,False
Market-Residual Momentum,2022-02-01 00:00:00-05:00,2022-03-01 00:00:00-05:00,MRK,28,-0.01932749082934837,True,False,29,0.9642857142857143,-0.0666179009202148,0.004148487113870392,-0.11078573315585949,-0.03470301877853488,-0.04315935211401811,0.0014428801431847216,False,False,False
Market-Residual Momentum,2022-02-01 00:00:00-05:00,2022-03-01 00:00:00-05:00,BA,29,-0.02160330148458456,True,False,29,1.0,0.0031114425923846056,0.10247925937296842,-0.07704460279482728,-0.03470301877853488,-0.04315935211401811,0.0014428801431847216,True,True,True
Market-Residual Momentum,2022-03-01 00:00:00-05:00,2022-04-01 00:00:00-04:00,MCD,1,-0.003449564078675693,True,True,29,0.0,0.02401955663401445,0.03735020219525631,-0.10160963883169483,0.04523333257425577,0.04009693840497741,0.07879086523088308,False,False,False
Market-Residual Momentum,2022-03-01 00:00:00-05:00,2022-04-01 00:00:00-04:00,JNJ,2,-0.004823190361303409,True,True,29,0.03571428571428571,0.08592997783295853,0.10531175297681172,-0.003864018952195458,0.04523333257425577,0.04009693840497741,0.07879086523088308,True,True,True
Market-Residual Momentum,2022-03-01 00:00:00-05:00,2022-04-01 00:00:00-04:00,PG,3,-0.00485655107391425,True,True,29,0.07142857142857142,-0.005119102198015035,0.013998364387118656,-0.07309930537271381,0.04523333257425577,0.04009693840497741,0.07879086523088308,False,False,False
Market-Residual Momentum,2022-03-01 00:00:00-05:00,2022-04-01 00:00:00-04:00,KO,4,-0.004971380805935288,True,True,29,0.10714285714285714,0.01073594585597104,0.01576292521294942,-0.07466994144895167,0.04523333257425577,0.04009693840497741,0.07879086523088308,False,False,False
Market-Residual Momentum,2022-03-01 00:00:00-05:00,2022-04-01 00:00:00-04:00,VZ,5,-0.005619984268620981,True,True,29,0.14285714285714285,-0.04635514551034703,0.035327234772311256,-0.050467342423654915,0.04523333257425577,0.04009693840497741,0.07879086523088308,False,False,False
Market-Residual Momentum,2022-03-01 00:00:00-05:00,2022-04-01 00:00:00-04:00,HON,6,-0.005796101363352735,True,False,29,0.17857142857142858,0.04641827790786124,0.0650602998630696,-0.027723261774844854,0.04523333257425577,0.04009693840497741,0.07879086523088308,True,True,False
Market-Residual Momentum,2022-03-01 00:00:00-05:00,2022-04-01 00:00:00-04:00,MSFT,7,-0.005895728426469682,True,False,29,0.21428571428571427,0.04375835774986436,0.0659581082649161,-0.08906870874483774,0.04523333257425577,0.04009693840497741,0.07879086523088308,False,True,False
Market-Residual Momentum,2022-03-01 00:00:00-05:00,2022-04-01 00:00:00-04:00,WMT,8,-0.006647879653319699,True,False,29,0.25,0.10575415876750283,0.11225609688010763,-0.006255968623968378,0.04523333257425577,0.04009693840497741,0.07879086523088308,True,True,True
Market-Residual Momentum,2022-03-01 00:00:00-05:00,2022-04-01 00:00:00-04:00,AAPL,9,-0.006903695721746095,True,False,29,0.2857142857142857,0.05664844721508788,0.09052821514757259,-0.08864592102835556,0.04523333257425577,0.04009693840497741,0.07879086523088308,True,True,False
Market-Residual Momentum,2022-03-01 00:00:00-05:00,2022-04-01 00:00:00-04:00,UNH,10,-0.007664281067752965,True,False,29,0.32142857142857145,0.08770880951187543,0.11158533294359474,-0.006710704333937945,0.04523333257425577,0.04009693840497741,0.07879086523088308,True,True,True
Market-Residual Momentum,2022-03-01 00:00:00-05:00,2022-04-01 00:00:00-04:00,MMM,11,-0.007763457850264999,True,False,29,0.35714285714285715,0.007066723241659467,0.03149818377048064,-0.05216055096750094,0.04523333257425577,0.04009693840497741,0.07879086523088308,False,False,False
Market-Residual Momentum,2022-03-01 00:00:00-05:00,2022-04-01 00:00:00-04:00,CSCO,12,-0.008048047792748259,True,False,29,0.39285714285714285,0.011525166221463046,0.02647220868606115,-0.03331537896621939,0.04523333257425577,0.04009693840497741,0.07879086523088308,False,False,False
Market-Residual Momentum,2022-03-01 00:00:00-05:00,2022-04-01 00:00:00-04:00,HD,13,-0.008093442222688374,True,False,29,0.42857142857142855,-0.039023935400921195,0.08966047296279878,-0.04417252767303226,0.04523333257425577,0.04009693840497741,0.07879086523088308,False,False,False
Market-Residual Momentum,2022-03-01 00:00:00-05:00,2022-04-01 00:00:00-04:00,AMGN,14,-0.008921616699179347,True,False,29,0.4642857142857143,0.07879086523088308,0.08966624896970088,-0.00683590773471876,0.04523333257425577,0.04009693840497741,0.07879086523088308,True,True,True
Market-Residual Momentum,2022-03-01 00:00:00-05:00,2022-04-01 00:00:00-04:00,TRV,15,-0.009089829253830506,True,False,29,0.5,0.07784445171158927,0.0987104736432396,-0.03128091581476422,0.04523333257425577,0.04009693840497741,0.07879086523088308,True,True,False
Market-Residual Momentum,2022-03-01 00:00:00-05:00,2022-04-01 00:00:00-04:00,JPM,16,-0.009789292184600007,True,False,29,0.5357142857142857,-0.01885178292792633,0.027778099633106956,-0.0911881844708834,0.04523333257425577,0.04009693840497741,0.07879086523088308,False,False,False
Market-Residual Momentum,2022-03-01 00:00:00-05:00,2022-04-01 00:00:00-04:00,CVX,17,-0.010190100146609038,True,False,29,0.5714285714285714,0.12254340759866822,0.20515815464929643,-0.0021377668459888755,0.04523333257425577,0.04009693840497741,0.07879086523088308,True,True,True
Market-Residual Momentum,2022-03-01 00:00:00-05:00,2022-04-01 00:00:00-04:00,NKE,18,-0.011055446101469912,True,False,29,0.6071428571428571,-0.014359821761422698,0.02530061778153181,-0.14411667103801773,0.04523333257425577,0.04009693840497741,0.07879086523088308,False,False,False
Market-Residual Momentum,2022-03-01 00:00:00-05:00,2022-04-01 00:00:00-04:00,GS,19,-0.011135512827067595,True,False,29,0.6428571428571429,-0.010284475871824239,0.027771351930872212,-0.0558684437059892,0.04523333257425577,0.04009693840497741,0.07879086523088308,False,False,False
Market-Residual Momentum,2022-03-01 00:00:00-05:00,2022-04-01 00:00:00-04:00,IBM,20,-0.012210448152989328,True,False,29,0.6785714285714286,0.0569822700956677,0.08486199120119164,-0.016059356404244496,0.04523333257425577,0.04009693840497741,0.07879086523088308,True,True,False
Market-Residual Momentum,2022-03-01 00:00:00-05:00,2022-04-01 00:00:00-04:00,DIS,21,-0.012846662829353539,True,False,29,0.7142857142857143,-0.07114841394045957,0.005342923417303913,-0.13174610040232138,0.04523333257425577,0.04009693840497741,0.07879086523088308,False,False,False
Market-Residual Momentum,2022-03-01 00:00:00-05:00,2022-04-01 00:00:00-04:00,DOW,22,-0.013680611836122236,True,False,29,0.75,0.08744916099838784,0.09844365713746805,-0.048207011596950844,0.04523333257425577,0.04009693840497741,0.07879086523088308,True,True,True
Market-Residual Momentum,2022-03-01 00:00:00-05:00,2022-04-01 00:00:00-04:00,CAT,23,-0.013977539717823118,True,False,29,0.7857142857142857,0.1948127770065724,0.20919200281817374,-0.03797201214559609,0.04523333257425577,0.04009693840497741,0.07879086523088308,True,True,True
Market-Residual Momentum,2022-03-01 00:00:00-05:00,2022-04-01 00:00:00-04:00,V,24,-0.015612523869543815,True,False,29,0.8214285714285714,0.04009693840497741,0.06681279606507595,-0.1296625110363926,0.04523333257425577,0.04009693840497741,0.07879086523088308,False,False,False
Market-Residual Momentum,2022-03-01 00:00:00-05:00,2022-04-01 00:00:00-04:00,INTC,25,-0.016585718472976185,True,False,29,0.8571428571428571,0.048169913610975,0.10454354995341175,-0.07299118831086215,0.04523333257425577,0.04009693840497741,0.07879086523088308,True,True,False
Market-Residual Momentum,2022-03-01 00:00:00-05:00,2022-04-01 00:00:00-04:00,CRM,26,-0.018181013011728142,True,False,29,0.8928571428571429,-0.004311158678936056,0.04104979892735661,-0.11340199006420515,0.04523333257425577,0.04009693840497741,0.07879086523088308,False,False,False
Market-Residual Momentum,2022-03-01 00:00:00-05:00,2022-04-01 00:00:00-04:00,AXP,27,-0.019182717818500672,True,False,29,0.9285714285714286,-0.033235797376364506,0.0005137211920493989,-0.2000824030393017,0.04523333257425577,0.04009693840497741,0.07879086523088308,False,False,False
Market-Residual Momentum,2022-03-01 00:00:00-05:00,2022-04-01 00:00:00-04:00,MRK,28,-0.019730263605052145,True,False,29,0.9642857142857143,0.08393581927700233,0.09962969328271898,-0.007189582375919157,0.04523333257425577,0.04009693840497741,0.07879086523088308,True,True,True
Market-Residual Momentum,2022-03-01 00:00:00-05:00,2022-04-01 00:00:00-04:00,BA,29,-0.023283369240136076,True,False,29,1.0,-0.051843822301481546,0.0019201387842866513,-0.17492983443714327,0.04523333257425577,0.04009693840497741,0.07879086523088308,False,False,False
Market-Residual Momentum,2022-04-01 00:00:00-04:00,2022-05-02 00:00:00-04:00,MCD,1,-0.0051828072581832085,True,True,29,0.0,0.011043044696576576,0.04630836458706722,-0.023133814171984568,-0.09097534965511189,-0.05069927785664019,0.011043044696576576,True,True,True
Market-Residual Momentum,2022-04-01 00:00:00-04:00,2022-05-02 00:00:00-04:00,HON,2,-0.006220665934673741,True,True,29,0.03571428571428571,-0.0042188893485222145,0.03418099019809251,-0.05152711838670865,-0.09097534965511189,-0.05069927785664019,0.011043044696576576,True,True,False
Market-Residual Momentum,2022-04-01 00:00:00-04:00,2022-05-02 00:00:00-04:00,KO,3,-0.006501532429938783,True,True,29,0.07142857142857142,0.047328683098724955,0.0781323555178588,-0.009786696953429486,-0.09097534965511189,-0.05069927785664019,0.011043044696576576,True,True,True
Market-Residual Momentum,2022-04-01 00:00:00-04:00,2022-05-02 00:00:00-04:00,MSFT,4,-0.00660887207869898,True,True,29,0.10714285714285714,-0.1023369956174901,0.018553533775137465,-0.12725858346009644,-0.09097534965511189,-0.05069927785664019,0.011043044696576576,False,False,False
Market-Residual Momentum,2022-04-01 00:00:00-04:00,2022-05-02 00:00:00-04:00,JNJ,5,-0.0067960658848805755,True,True,29,0.14285714285714285,0.01931651740309559,0.05444792065094606,-0.008641517150334344,-0.09097534965511189,-0.05069927785664019,0.011043044696576576,True,True,True
Market-Residual Momentum,2022-04-01 00:00:00-04:00,2022-05-02 00:00:00-04:00,AAPL,6,-0.007001647187687365,True,False,29,0.17857142857142858,-0.09952288181726876,0.02562789579624347,-0.10716556668010657,-0.09097534965511189,-0.05069927785664019,0.011043044696576576,False,False,False
Market-Residual Momentum,2022-04-01 00:00:00-04:00,2022-05-02 00:00:00-04:00,VZ,7,-0.007013045200712775,True,False,29,0.21428571428571427,-0.07729664690814508,0.10125289811286176,-0.08404171063550347,-0.09097534965511189,-0.05069927785664019,0.011043044696576576,True,False,False
Market-Residual Momentum,2022-04-01 00:00:00-04:00,2022-05-02 00:00:00-04:00,PG,8,-0.007767111232717561,True,False,29,0.25,0.058537162461028025,0.08015321267562792,-0.014721590678684393,-0.09097534965511189,-0.05069927785664019,0.011043044696576576,True,True,True
Market-Residual Momentum,2022-04-01 00:00:00-04:00,2022-05-02 00:00:00-04:00,WMT,9,-0.007851898907370147,True,False,29,0.2857142857142857,0.035413503355310016,0.07423471484857691,-0.0054790330560374745,-0.09097534965511189,-0.05069927785664019,0.011043044696576576,True,True,True
Market-Residual Momentum,2022-04-01 00:00:00-04:00,2022-05-02 00:00:00-04:00,MMM,10,-0.008294246265335481,True,False,29,0.32142857142857145,-0.03421764491590573,0.023190616134016073,-0.04517802373376789,-0.09097534965511189,-0.05069927785664019,0.011043044696576576,True,True,False
Market-Residual Momentum,2022-04-01 00:00:00-04:00,2022-05-02 00:00:00-04:00,UNH,11,-0.008392765538072555,True,False,29,0.35714285714285715,0.000254492230654213,0.08343792126350147,-0.012042718658796692,-0.09097534965511189,-0.05069927785664019,0.011043044696576576,True,True,False
Market-Residual Momentum,2022-04-01 00:00:00-04:00,2022-05-02 00:00:00-04:00,CSCO,12,-0.00898720252255547,True,False,29,0.39285714285714285,-0.11557951011155831,0.0003560701159988078,-0.12400443484647594,-0.09097534965511189,-0.05069927785664019,0.011043044696576576,False,False,False
Market-Residual Momentum,2022-04-01 00:00:00-04:00,2022-05-02 00:00:00-04:00,AMGN,13,-0.00929867503731674,True,False,29,0.42857142857142855,-0.039748254774699565,0.06344884438621068,-0.04888300999424733,-0.09097534965511189,-0.05069927785664019,0.011043044696576576,True,True,False
Market-Residual Momentum,2022-04-01 00:00:00-04:00,2022-05-02 00:00:00-04:00,TRV,14,-0.010367253045624691,True,False,29,0.4642857142857143,-0.07016999616664032,0.017244126641914104,-0.07472490169363577,-0.09097534965511189,-0.05069927785664019,0.011043044696576576,True,False,False
Market-Residual Momentum,2022-04-01 00:00:00-04:00,2022-05-02 00:00:00-04:00,GS,15,-0.011242376102854945,True,False,29,0.5,-0.08420941546888483,0.04018788931105011,-0.08750334508932411,-0.09097534965511189,-0.05069927785664019,0.011043044696576576,True,False,False
Market-Residual Momentum,2022-04-01 00:00:00-04:00,2022-05-02 00:00:00-04:00,JPM,16,-0.011767564712563239,True,False,29,0.5357142857142857,-0.12104359660515052,7.285128143852404e-05,-0.1282288179222435,-0.09097534965511189,-0.05069927785664019,0.011043044696576576,False,False,False
Market-Residual Momentum,2022-04-01 00:00:00-04:00,2022-05-02 00:00:00-04:00,IBM,17,-0.012407005133876603,True,False,29,0.5714285714285714,0.025759523302903764,0.09424645428115763,-0.03663426404524328,-0.09097534965511189,-0.05069927785664019,0.011043044696576576,True,True,True
Market-Residual Momentum,2022-04-01 00:00:00-04:00,2022-05-02 00:00:00-04:00,DIS,18,-0.012491600852694185,True,False,29,0.6071428571428571,-0.18661706168922487,0.01398008137582507,-0.1891654836479918,-0.09097534965511189,-0.05069927785664019,0.011043044696576576,False,False,False
Market-Residual Momentum,2022-04-01 00:00:00-04:00,2022-05-02 00:00:00-04:00,NKE,19,-0.012925230235649843,True,False,29,0.6428571428571429,-0.07452568503933144,0.03488333611507577,-0.10390444668731091,-0.09097534965511189,-0.05069927785664019,0.011043044696576576,True,False,False
Market-Residual Momentum,2022-04-01 00:00:00-04:00,2022-05-02 00:00:00-04:00,HD,20,-0.01309385006474173,True,False,29,0.6785714285714286,0.004958347462723278,0.05956736041167465,-0.022995005550122016,-0.09097534965511189,-0.05069927785664019,0.011043044696576576,True,True,False
Market-Residual Momentum,2022-04-01 00:00:00-04:00,2022-05-02 00:00:00-04:00,CVX,21,-0.015327797255362596,True,False,29,0.7142857142857143,-0.03974683103673027,0.07224470645941805,-0.07015611487961149,-0.09097534965511189,-0.05069927785664019,0.011043044696576576,True,True,False
Market-Residual Momentum,2022-04-01 00:00:00-04:00,2022-05-02 00:00:00-04:00,DOW,22,-0.015558990749835244,True,False,29,0.75,0.044485914983348085,0.11774754582298463,-0.06626220803168792,-0.09097534965511189,-0.05069927785664019,0.011043044696576576,True,True,True
Market-Residual Momentum,2022-04-01 00:00:00-04:00,2022-05-02 00:00:00-04:00,V,23,-0.016527449832666297,True,False,29,0.7857142857142857,-0.05069927785664019,0.027613420545459455,-0.09852974058822428,-0.09097534965511189,-0.05069927785664019,0.011043044696576576,True,False,False
Market-Residual Momentum,2022-04-01 00:00:00-04:00,2022-05-02 00:00:00-04:00,CAT,24,-0.017275942633861563,True,False,29,0.8214285714285714,-0.059473610718995595,0.0603967008124604,-0.09530312434605326,-0.09097534965511189,-0.05069927785664019,0.011043044696576576,True,False,False
Market-Residual Momentum,2022-04-01 00:00:00-04:00,2022-05-02 00:00:00-04:00,CRM,25,-0.018005976016633007,True,False,29,0.8571428571428571,-0.17596948423348857,0.040097903180338346,-0.21145520377064575,-0.09097534965511189,-0.05069927785664019,0.011043044696576576,False,False,False
Market-Residual Momentum,2022-04-01 00:00:00-04:00,2022-05-02 00:00:00-04:00,INTC,26,-0.01981599449641669,True,False,29,0.8928571428571429,-0.12261674524406574,0.001404770063255123,-0.1270317119418053,-0.09097534965511189,-0.05069927785664019,0.011043044696576576,False,False,False
Market-Residual Momentum,2022-04-01 00:00:00-04:00,2022-05-02 00:00:00-04:00,MRK,27,-0.0204260102504491,True,False,29,0.9285714285714286,0.07945003803465811,0.09514536320008316,-0.006691848587666249,-0.09097534965511189,-0.05069927785664019,0.011043044696576576,True,True,True
Market-Residual Momentum,2022-04-01 00:00:00-04:00,2022-05-02 00:00:00-04:00,AXP,28,-0.02268585157758407,True,False,29,0.9642857142857143,-0.06936377864681265,0.025325166220973028,-0.07282704645164007,-0.09097534965511189,-0.05069927785664019,0.011043044696576576,True,False,False
Market-Residual Momentum,2022-04-01 00:00:00-04:00,2022-05-02 00:00:00-04:00,BA,29,-0.02630669217985071,True,False,29,1.0,-0.2313843448692302,0.00020767102374374957,-0.24187351432220927,-0.09097534965511189,-0.05069927785664019,0.011043044696576576,False,False,False
Market-Residual Momentum,2022-05-02 00:00:00-04:00,2022-06-01 00:00:00-04:00,MCD,1,-0.005421526719867065,True,True,29,0.0,0.009288357130524227,0.01562626798050304,-0.0897710641652325,0.007522967845105866,0.0054823047382996926,0.0402856460115919,True,True,False
Market-Residual Momentum,2022-05-02 00:00:00-04:00,2022-06-01 00:00:00-04:00,KO,2,-0.006685737230347488,True,True,29,0.03571428571428571,-0.028492624359373386,0.016850597731069783,-0.08609061890220626,0.007522967845105866,0.0054823047382996926,0.0402856460115919,False,False,False
Market-Residual Momentum,2022-05-02 00:00:00-04:00,2022-06-01 00:00:00-04:00,MSFT,3,-0.006940474173414035,True,True,29,0.07142857142857142,-0.006730047409718165,0.047423835367535805,-0.11053267545234058,0.007522967845105866,0.0054823047382996926,0.0402856460115919,False,False,False
Market-Residual Momentum,2022-05-02 00:00:00-04:00,2022-06-01 00:00:00-04:00,HON,4,-0.0070822564486476836,True,True,29,0.10714285714285714,0.005181679964743946,0.05806242519200544,-0.04734177744790502,0.007522967845105866,0.0054823047382996926,0.0402856460115919,False,False,False
Market-Residual Momentum,2022-05-02 00:00:00-04:00,2022-06-01 00:00:00-04:00,JNJ,5,-0.007263074224729049,True,True,29,0.14285714285714285,-0.0009353660519683116,0.013508586300886805,-0.04310956760581386,0.007522967845105866,0.0054823047382996926,0.0402856460115919,False,False,False
Market-Residual Momentum,2022-05-02 00:00:00-04:00,2022-06-01 00:00:00-04:00,AAPL,6,-0.007304204431367589,True,False,29,0.17857142857142858,-0.042050985920415895,0.062344494897525804,-0.1525443039603127,0.007522967845105866,0.0054823047382996926,0.0402856460115919,False,False,False
Market-Residual Momentum,2022-05-02 00:00:00-04:00,2022-06-01 00:00:00-04:00,PG,7,-0.008045199662957248,True,False,29,0.21428571428571427,-0.08415869618575744,0.0024752096619857777,-0.13873786534809007,0.007522967845105866,0.0054823047382996926,0.0402856460115919,False,False,False
Market-Residual Momentum,2022-05-02 00:00:00-04:00,2022-06-01 00:00:00-04:00,VZ,8,-0.008478331452998367,True,False,29,0.25,0.10599888930476276,0.1096537632604091,-0.02064070348564595,0.007522967845105866,0.0054823047382996926,0.0402856460115919,True,True,True
Market-Residual Momentum,2022-05-02 00:00:00-04:00,2022-06-01 00:00:00-04:00,WMT,9,-0.00861728870411238,True,False,29,0.2857142857142857,-0.16773941931705283,0.00019363971094077392,-0.24047310006828304,0.007522967845105866,0.0054823047382996926,0.0402856460115919,False,False,False
Market-Residual Momentum,2022-05-02 00:00:00-04:00,2022-06-01 00:00:00-04:00,MMM,10,-0.008647225587583796,True,False,29,0.32142857142857145,0.043796922546582406,0.0702374705560187,-0.014428706997938967,0.007522967845105866,0.0054823047382996926,0.0402856460115919,True,True,True
Market-Residual Momentum,2022-05-02 00:00:00-04:00,2022-06-01 00:00:00-04:00,AMGN,11,-0.008749002525144656,True,False,29,0.35714285714285715,0.11390446371272223,0.11390446371272223,-0.02592444581374198,0.007522967845105866,0.0054823047382996926,0.0402856460115919,True,True,True
Market-Residual Momentum,2022-05-02 00:00:00-04:00,2022-06-01 00:00:00-04:00,UNH,12,-0.008757805959076714,True,False,29,0.39285714285714285,-0.02445120012439561,0.005285746598413965,-0.09295048006530948,0.007522967845105866,0.0054823047382996926,0.0402856460115919,False,False,False
Market-Residual Momentum,2022-05-02 00:00:00-04:00,2022-06-01 00:00:00-04:00,CSCO,13,-0.009139098193216455,True,False,29,0.42857142857142855,-0.07681411027838558,0.0470204545243218,-0.1686259988500689,0.007522967845105866,0.0054823047382996926,0.0402856460115919,False,False,False
Market-Residual Momentum,2022-05-02 00:00:00-04:00,2022-06-01 00:00:00-04:00,IBM,14,-0.0093470119271728,True,False,29,0.4642857142857143,0.06288930345946109,0.06410696358643375,-0.04266132422264124,0.007522967845105866,0.0054823047382996926,0.0402856460115919,True,True,True
Market-Residual Momentum,2022-05-02 00:00:00-04:00,2022-06-01 00:00:00-04:00,GS,15,-0.011124968697739157,True,False,29,0.5,0.0758398750924254,0.08478884438237189,-0.03894579314369151,0.007522967845105866,0.0054823047382996926,0.0402856460115919,True,True,True
Market-Residual Momentum,2022-05-02 00:00:00-04:00,2022-06-01 00:00:00-04:00,JPM,16,-0.012049342126902562,True,False,29,0.5357142857142857,0.10835830252655576,0.11069415290292817,-0.04054021649963657,0.007522967845105866,0.0054823047382996926,0.0402856460115919,True,True,True
Market-Residual Momentum,2022-05-02 00:00:00-04:00,2022-06-01 00:00:00-04:00,TRV,17,-0.012546680859046089,True,False,29,0.5714285714285714,0.03825750380727433,0.049513380710787924,-0.030092595497438035,0.007522967845105866,0.0054823047382996926,0.0402856460115919,True,True,False
Market-Residual Momentum,2022-05-02 00:00:00-04:00,2022-06-01 00:00:00-04:00,NKE,18,-0.012614487057986401,True,False,29,0.6071428571428571,-0.03696863239639081,0.014224883282404122,-0.16852845755643797,0.007522967845105866,0.0054823047382996926,0.0402856460115919,False,False,False
Market-Residual Momentum,2022-05-02 00:00:00-04:00,2022-06-01 00:00:00-04:00,DIS,19,-0.013360612900813917,True,False,29,0.6428571428571429,0.0026855968723289436,0.042341846723691345,-0.1095693196914258,0.007522967845105866,0.0054823047382996926,0.0402856460115919,False,False,False
Market-Residual Momentum,2022-05-02 00:00:00-04:00,2022-06-01 00:00:00-04:00,HD,20,-0.014081801404124739,True,False,29,0.6785714285714286,0.0054823047382996926,0.045564480600950086,-0.07417476450788107,0.007522967845105866,0.0054823047382996926,0.0402856460115919,False,False,False
Market-Residual Momentum,2022-05-02 00:00:00-04:00,2022-06-01 00:00:00-04:00,DOW,21,-0.01455383906362362,True,False,29,0.7142857142857143,0.03299695614354081,0.05405785823431808,-0.027847965319899637,0.007522967845105866,0.0054823047382996926,0.0402856460115919,True,True,False
Market-Residual Momentum,2022-05-02 00:00:00-04:00,2022-06-01 00:00:00-04:00,MRK,22,-0.016488776735299582,True,False,29,0.75,0.03325076734323429,0.06988297597535431,-0.02660057972141472,0.007522967845105866,0.0054823047382996926,0.0402856460115919,True,True,False
Market-Residual Momentum,2022-05-02 00:00:00-04:00,2022-06-01 00:00:00-04:00,V,23,-0.016734228316141686,True,False,29,0.7857142857142857,0.0032345247205398664,0.014307888457939733,-0.10132332779260711,0.007522967845105866,0.0054823047382996926,0.0402856460115919,False,False,False
Market-Residual Momentum,2022-05-02 00:00:00-04:00,2022-06-01 00:00:00-04:00,CVX,24,-0.017069346353515313,True,False,29,0.8214285714285714,0.13993908736153338,0.1672235408025433,-0.007421173822707905,0.007522967845105866,0.0054823047382996926,0.0402856460115919,True,True,True
Market-Residual Momentum,2022-05-02 00:00:00-04:00,2022-06-01 00:00:00-04:00,CRM,25,-0.018327698071626597,True,False,29,0.8571428571428571,0.016677056938172896,0.062196570904508475,-0.11731113002805216,0.007522967845105866,0.0054823047382996926,0.0402856460115919,True,True,False
Market-Residual Momentum,2022-05-02 00:00:00-04:00,2022-06-01 00:00:00-04:00,CAT,26,-0.018876140413107922,True,False,29,0.8928571428571429,0.0402856460115919,0.063285625175721,-0.07600003906409736,0.007522967845105866,0.0054823047382996926,0.0402856460115919,True,True,True
Market-Residual Momentum,2022-05-02 00:00:00-04:00,2022-06-01 00:00:00-04:00,INTC,27,-0.02064231540814765,True,False,29,0.9285714285714286,0.03211107084802567,0.0667887287421094,-0.07070819822488761,0.007522967845105866,0.0054823047382996926,0.0402856460115919,True,True,False
Market-Residual Momentum,2022-05-02 00:00:00-04:00,2022-06-01 00:00:00-04:00,AXP,28,-0.021783069989169346,True,False,29,0.9642857142857143,-0.03406786952540908,0.020154767585943922,-0.14279963853200783,0.007522967845105866,0.0054823047382996926,0.0402856460115919,False,False,False
Market-Residual Momentum,2022-05-02 00:00:00-04:00,2022-06-01 00:00:00-04:00,BA,29,-0.026215449205199248,True,False,29,1.0,-0.10147279988462621,0.06735576903748308,-0.20902581778375628,0.007522967845105866,0.0054823047382996926,0.0402856460115919,False,False,False
Market-Residual Momentum,2022-06-01 00:00:00-04:00,2022-07-01 00:00:00-04:00,MCD,1,-0.005710438111941274,True,True,29,0.0,-0.02162299577071125,0.0009083918216410414,-0.07793870989502716,-0.08908006214489361,-0.07196418019732931,-0.02162299577071125,True,True,True
Market-Residual Momentum,2022-06-01 00:00:00-04:00,2022-07-01 00:00:00-04:00,MSFT,2,-0.007354311899087085,True,True,29,0.03571428571428571,-0.06835029508409018,0.009047929229384577,-0.12242022468301061,-0.08908006214489361,-0.07196418019732931,-0.02162299577071125,True,True,False
Market-Residual Momentum,2022-06-01 00:00:00-04:00,2022-07-01 00:00:00-04:00,JNJ,3,-0.007789845023070563,True,True,29,0.07142857142857142,-0.00948901297496596,0.023444170554256072,-0.0663689263152013,-0.08908006214489361,-0.07196418019732931,-0.02162299577071125,True,True,True
Market-Residual Momentum,2022-06-01 00:00:00-04:00,2022-07-01 00:00:00-04:00,AAPL,4,-0.007790895780059315,True,True,29,0.10714285714285714,-0.09246141624322257,0.012274927762507604,-0.13915943865721137,-0.08908006214489361,-0.07196418019732931,-0.02162299577071125,False,False,False
Market-Residual Momentum,2022-06-01 00:00:00-04:00,2022-07-01 00:00:00-04:00,HON,5,-0.008185760517890994,True,True,29,0.14285714285714285,-0.10986892685678973,0.017943204212956143,-0.12765613556077593,-0.08908006214489361,-0.07196418019732931,-0.02162299577071125,False,False,False
Market-Residual Momentum,2022-06-01 00:00:00-04:00,2022-07-01 00:00:00-04:00,UNH,6,-0.008757880737550683,True,False,29,0.17857142857142858,0.03176071339100783,0.044609363913354017,-0.09434968345633021,-0.08908006214489361,-0.07196418019732931,-0.02162299577071125,True,True,True
Market-Residual Momentum,2022-06-01 00:00:00-04:00,2022-07-01 00:00:00-04:00,KO,7,-0.00899027054046142,True,False,29,0.21428571428571427,0.0024603387085344597,0.012624698938116019,-0.07488404903731438,-0.08908006214489361,-0.07196418019732931,-0.02162299577071125,True,True,True
Market-Residual Momentum,2022-06-01 00:00:00-04:00,2022-07-01 00:00:00-04:00,PG,8,-0.00994267721487696,True,False,29,0.25,-0.02540488983828948,0.0008107778188346515,-0.12499982894715944,-0.08908006214489361,-0.07196418019732931,-0.02162299577071125,True,True,False
Market-Residual Momentum,2022-06-01 00:00:00-04:00,2022-07-01 00:00:00-04:00,AMGN,9,-0.009980607934829244,True,False,29,0.2857142857142857,-0.05673168931219308,0.0003489853272320431,-0.11008979955968168,-0.08908006214489361,-0.07196418019732931,-0.02162299577071125,True,True,False
Market-Residual Momentum,2022-06-01 00:00:00-04:00,2022-07-01 00:00:00-04:00,MMM,10,-0.01009442685837525,True,False,29,0.32142857142857145,-0.13339583147612877,0.0010714698825304847,-0.1475256594708696,-0.08908006214489361,-0.07196418019732931,-0.02162299577071125,False,False,False
Market-Residual Momentum,2022-06-01 00:00:00-04:00,2022-07-01 00:00:00-04:00,MRK,11,-0.010129785958055804,True,False,29,0.35714285714285715,0.004114726459919726,0.05272579499446839,-0.0866186663918811,-0.08908006214489361,-0.07196418019732931,-0.02162299577071125,True,True,True
Market-Residual Momentum,2022-06-01 00:00:00-04:00,2022-07-01 00:00:00-04:00,VZ,12,-0.010177399744414672,True,False,29,0.39285714285714285,-0.00933145286770165,0.01438564545828025,-0.06667979421139547,-0.08908006214489361,-0.07196418019732931,-0.02162299577071125,True,True,True
Market-Residual Momentum,2022-06-01 00:00:00-04:00,2022-07-01 00:00:00-04:00,GS,13,-0.010665512386786036,True,False,29,0.42857142857142855,-0.09703353282548044,0.006941862427131129,-0.14938847303325453,-0.08908006214489361,-0.07196418019732931,-0.02162299577071125,False,False,False
Market-Residual Momentum,2022-06-01 00:00:00-04:00,2022-07-01 00:00:00-04:00,DIS,14,-0.010855328142712728,True,False,29,0.4642857142857143,-0.158646643067468,0.00749929757941592,-0.1785554064953282,-0.08908006214489361,-0.07196418019732931,-0.02162299577071125,False,False,False
Market-Residual Momentum,2022-06-01 00:00:00-04:00,2022-07-01 00:00:00-04:00,IBM,15,-0.011056121868555202,True,False,29,0.5,0.009522329621034498,0.03622854877532933,-0.04882933740059936,-0.08908006214489361,-0.07196418019732931,-0.02162299577071125,True,True,True
Market-Residual Momentum,2022-06-01 00:00:00-04:00,2022-07-01 00:00:00-04:00,TRV,16,-0.012190963428123203,True,False,29,0.5357142857142857,-0.046694421235624395,0.0039320610032049785,-0.10581739084162312,-0.08908006214489361,-0.07196418019732931,-0.02162299577071125,True,True,False
Market-Residual Momentum,2022-06-01 00:00:00-04:00,2022-07-01 00:00:00-04:00,DOW,17,-0.012893792694616435,True,False,29,0.5714285714285714,-0.25841220059728764,0.016576845782767524,-0.2655499198854421,-0.08908006214489361,-0.07196418019732931,-0.02162299577071125,False,False,False
Market-Residual Momentum,2022-06-01 00:00:00-04:00,2022-07-01 00:00:00-04:00,NKE,18,-0.013397407774680792,True,False,29,0.6071428571428571,-0.14969686325820242,0.035857286645929465,-0.15689137397018504,-0.08908006214489361,-0.07196418019732931,-0.02162299577071125,False,False,False
Market-Residual Momentum,2022-06-01 00:00:00-04:00,2022-07-01 00:00:00-04:00,JPM,19,-0.013668736784500868,True,False,29,0.6428571428571429,-0.15217853343455978,0.0,-0.16512376436705556,-0.08908006214489361,-0.07196418019732931,-0.02162299577071125,False,False,False
Market-Residual Momentum,2022-06-01 00:00:00-04:00,2022-07-01 00:00:00-04:00,INTC,20,-0.014027756776774036,True,False,29,0.6785714285714286,-0.1715435630425326,0.003573818310836252,-0.18248832138908833,-0.08908006214489361,-0.07196418019732931,-0.02162299577071125,False,False,False
Market-Residual Momentum,2022-06-01 00:00:00-04:00,2022-07-01 00:00:00-04:00,V,21,-0.014092446665923242,True,False,29,0.7142857142857143,-0.07196418019732931,0.026078627962357936,-0.12327273806753791,-0.08908006214489361,-0.07196418019732931,-0.02162299577071125,True,False,False
Market-Residual Momentum,2022-06-01 00:00:00-04:00,2022-07-01 00:00:00-04:00,HD,22,-0.014153711148375714,True,False,29,0.75,-0.08619976458774048,0.02227099868969007,-0.12338424847632512,-0.08908006214489361,-0.07196418019732931,-0.02162299577071125,True,False,False
Market-Residual Momentum,2022-06-01 00:00:00-04:00,2022-07-01 00:00:00-04:00,CSCO,23,-0.01752507338598408,True,False,29,0.7857142857142857,-0.06652040845335072,0.011855114362933294,-0.0737653123677855,-0.08908006214489361,-0.07196418019732931,-0.02162299577071125,True,True,False
Market-Residual Momentum,2022-06-01 00:00:00-04:00,2022-07-01 00:00:00-04:00,WMT,24,-0.01841321825027109,True,False,29,0.8214285714285714,-0.05105042723398734,0.0032684683378483292,-0.08249014447348002,-0.08908006214489361,-0.07196418019732931,-0.02162299577071125,True,True,False
Market-Residual Momentum,2022-06-01 00:00:00-04:00,2022-07-01 00:00:00-04:00,CAT,25,-0.01952184784407529,True,False,29,0.8571428571428571,-0.17920885871255732,0.063581451886086,-0.19426888616037252,-0.08908006214489361,-0.07196418019732931,-0.02162299577071125,False,False,False
Market-Residual Momentum,2022-06-01 00:00:00-04:00,2022-07-01 00:00:00-04:00,AXP,26,-0.019689983822928525,True,False,29,0.8928571428571429,-0.17850197967733294,0.009246968405199896,-0.20093313634468535,-0.08908006214489361,-0.07196418019732931,-0.02162299577071125,False,False,False
Market-Residual Momentum,2022-06-01 00:00:00-04:00,2022-07-01 00:00:00-04:00,CVX,27,-0.020521849844479356,True,False,29,0.9285714285714286,-0.17048597743412963,0.03208275944523553,-0.20698251022000513,-0.08908006214489361,-0.07196418019732931,-0.02162299577071125,False,False,False
Market-Residual Momentum,2022-06-01 00:00:00-04:00,2022-07-01 00:00:00-04:00,CRM,28,-0.020742320644774548,True,False,29,0.9642857142857143,-0.07443405267023473,0.08241112729086386,-0.11145432131149724,-0.08908006214489361,-0.07196418019732931,-0.02162299577071125,True,False,False
Market-Residual Momentum,2022-06-01 00:00:00-04:00,2022-07-01 00:00:00-04:00,BA,29,-0.030196848402944454,True,False,29,1.0,0.021654172051221776,0.1066164862840695,-0.1502255891498766,-0.08908006214489361,-0.07196418019732931,-0.02162299577071125,True,True,True
Market-Residual Momentum,2022-07-01 00:00:00-04:00,2022-08-01 00:00:00-04:00,AAPL,1,-0.005573171524014486,True,True,29,0.0,0.18354898604916192,0.20280787935339006,-0.0027932199557243464,0.08654673768713717,0.06927502748588754,0.10038866302965888,True,True,True
Market-Residual Momentum,2022-07-01 00:00:00-04:00,2022-08-01 00:00:00-04:00,MCD,2,-0.006207838710445168,True,True,29,0.03571428571428571,0.06571962935008946,0.07306677407890749,-0.001420767586133409,0.08654673768713717,0.06927502748588754,0.10038866302965888,False,False,False
Market-Residual Momentum,2022-07-01 00:00:00-04:00,2022-08-01 00:00:00-04:00,MSFT,3,-0.007084307491176167,True,True,29,0.07142857142857142,0.08358322482207337,0.09988640130488924,-0.040758417881634035,0.08654673768713717,0.06927502748588754,0.10038866302965888,False,True,False
Market-Residual Momentum,2022-07-01 00:00:00-04:00,2022-08-01 00:00:00-04:00,JNJ,4,-0.007225652233743052,True,True,29,0.10714285714285714,-0.01848423084669193,0.014313581278909249,-0.043336248842339,0.08654673768713717,0.06927502748588754,0.10038866302965888,False,False,False
Market-Residual Momentum,2022-07-01 00:00:00-04:00,2022-08-01 00:00:00-04:00,HON,5,-0.00798735499840586,True,True,29,0.14285714285714285,0.10227486767504868,0.11217972452166358,-0.03627973361430381,0.08654673768713717,0.06927502748588754,0.10038866302965888,True,True,True
Market-Residual Momentum,2022-07-01 00:00:00-04:00,2022-08-01 00:00:00-04:00,KO,6,-0.008352557712934416,True,False,29,0.17857142857142858,0.015367561147561881,0.021070944848916584,-0.03691381858187437,0.08654673768713717,0.06927502748588754,0.10038866302965888,False,False,False
Market-Residual Momentum,2022-07-01 00:00:00-04:00,2022-08-01 00:00:00-04:00,MRK,7,-0.008573708085584109,True,False,29,0.21428571428571427,-0.02146764484218766,0.04435932488462324,-0.04249719198728086,0.08654673768713717,0.06927502748588754,0.10038866302965888,False,False,False
Market-Residual Momentum,2022-07-01 00:00:00-04:00,2022-08-01 00:00:00-04:00,VZ,8,-0.009359930051430987,True,False,29,0.25,-0.08021204219143963,0.02052929431717465,-0.13028492224631827,0.08654673768713717,0.06927502748588754,0.10038866302965888,False,False,False
Market-Residual Momentum,2022-07-01 00:00:00-04:00,2022-08-01 00:00:00-04:00,GS,9,-0.009364475065735678,True,False,29,0.2857142857142857,0.12348023654299856,0.13516438595907543,-0.05903060032093854,0.08654673768713717,0.06927502748588754,0.10038866302965888,True,True,True
Market-Residual Momentum,2022-07-01 00:00:00-04:00,2022-08-01 00:00:00-04:00,AMGN,10,-0.009606875949930926,True,False,29,0.32142857142857145,0.016814126586909728,0.043247844930897505,-0.01040081718107666,0.08654673768713717,0.06927502748588754,0.10038866302965888,False,False,False
Market-Residual Momentum,2022-07-01 00:00:00-04:00,2022-08-01 00:00:00-04:00,UNH,11,-0.009736200057525402,True,False,29,0.35714285714285715,0.0584594078267886,0.06250010804532313,-0.039174783059514384,0.08654673768713717,0.06927502748588754,0.10038866302965888,False,False,False
Market-Residual Momentum,2022-07-01 00:00:00-04:00,2022-08-01 00:00:00-04:00,MMM,12,-0.009737197833972533,True,False,29,0.39285714285714285,0.09844690963302027,0.1258790621506516,-0.02944140424896835,0.08654673768713717,0.06927502748588754,0.10038866302965888,True,True,False
Market-Residual Momentum,2022-07-01 00:00:00-04:00,2022-08-01 00:00:00-04:00,TRV,13,-0.010237541598875688,True,False,29,0.42857142857142855,-0.06450696850579507,0.02600387204028798,-0.09898123675837045,0.08654673768713717,0.06927502748588754,0.10038866302965888,False,False,False
Market-Residual Momentum,2022-07-01 00:00:00-04:00,2022-08-01 00:00:00-04:00,PG,14,-0.010536758671813251,True,False,29,0.4642857142857143,-0.0346782105915191,0.03698514917853557,-0.035445704571538506,0.08654673768713717,0.06927502748588754,0.10038866302965888,False,False,False
Market-Residual Momentum,2022-07-01 00:00:00-04:00,2022-08-01 00:00:00-04:00,IBM,15,-0.010681344742359045,True,False,29,0.5,-0.07269483731471704,0.006170479554393538,-0.11255293127182286,0.08654673768713717,0.06927502748588754,0.10038866302965888,False,False,False
Market-Residual Momentum,2022-07-01 00:00:00-04:00,2022-08-01 00:00:00-04:00,DIS,16,-0.011417529619089595,True,False,29,0.5357142857142857,0.11279719928789711,0.12839562572461016,-0.042550837535513364,0.08654673768713717,0.06927502748588754,0.10038866302965888,True,True,True
Market-Residual Momentum,2022-07-01 00:00:00-04:00,2022-08-01 00:00:00-04:00,V,17,-0.012697180169180755,True,False,29,0.5714285714285714,0.05925097918431099,0.10813566334465285,-0.013465947186156457,0.08654673768713717,0.06927502748588754,0.10038866302965888,False,False,False
Market-Residual Momentum,2022-07-01 00:00:00-04:00,2022-08-01 00:00:00-04:00,JPM,18,-0.012924687401058121,True,False,29,0.6071428571428571,0.025413394546511592,0.04332457006066903,-0.05017170157423245,0.08654673768713717,0.06927502748588754,0.10038866302965888,False,False,False
Market-Residual Momentum,2022-07-01 00:00:00-04:00,2022-08-01 00:00:00-04:00,NKE,19,-0.013662094217031906,True,False,29,0.6428571428571429,0.1216057220713429,0.13351049563218753,-0.020759549616511053,0.08654673768713717,0.06927502748588754,0.10038866302965888,True,True,True
Market-Residual Momentum,2022-07-01 00:00:00-04:00,2022-08-01 00:00:00-04:00,INTC,20,-0.014220368317488519,True,False,29,0.6785714285714286,-0.028039831473945953,0.09813971329540028,-0.04987849985780102,0.08654673768713717,0.06927502748588754,0.10038866302965888,False,False,False
Market-Residual Momentum,2022-07-01 00:00:00-04:00,2022-08-01 00:00:00-04:00,HD,21,-0.015041467300989653,True,False,29,0.7142857142857143,0.09034182236535493,0.1267183620949175,-0.004279632779682796,0.08654673768713717,0.06927502748588754,0.10038866302965888,True,True,False
Market-Residual Momentum,2022-07-01 00:00:00-04:00,2022-08-01 00:00:00-04:00,DOW,22,-0.015309042181894883,True,False,29,0.75,0.03280287986060437,0.056668348167440374,-0.05185628895075289,0.08654673768713717,0.06927502748588754,0.10038866302965888,False,False,False
Market-Residual Momentum,2022-07-01 00:00:00-04:00,2022-08-01 00:00:00-04:00,CSCO,23,-0.016894175369639886,True,False,29,0.7857142857142857,0.06927502748588754,0.08849622708580807,-0.03134039906819219,0.08654673768713717,0.06927502748588754,0.10038866302965888,False,False,False
Market-Residual Momentum,2022-07-01 00:00:00-04:00,2022-08-01 00:00:00-04:00,WMT,24,-0.018345770304408204,True,False,29,0.8214285714285714,0.07479093165124517,0.09389862883048394,-0.015417501738019257,0.08654673768713717,0.06927502748588754,0.10038866302965888,False,True,False
Market-Residual Momentum,2022-07-01 00:00:00-04:00,2022-08-01 00:00:00-04:00,AXP,25,-0.018800704383061473,True,False,29,0.8571428571428571,0.10697437634291473,0.16520584897123602,-0.02860888402949635,0.08654673768713717,0.06927502748588754,0.10038866302965888,True,True,True
Market-Residual Momentum,2022-07-01 00:00:00-04:00,2022-08-01 00:00:00-04:00,CAT,26,-0.022078004744949364,True,False,29,0.8928571428571429,0.09552560854618464,0.12029118668852457,-0.06820613174449941,0.08654673768713717,0.06927502748588754,0.10038866302965888,True,True,False
Market-Residual Momentum,2022-07-01 00:00:00-04:00,2022-08-01 00:00:00-04:00,CRM,27,-0.022665359028000376,True,False,29,0.9285714285714286,0.10038866302965888,0.1383833536756247,-0.04315359480071679,0.08654673768713717,0.06927502748588754,0.10038866302965888,True,True,True
Market-Residual Momentum,2022-07-01 00:00:00-04:00,2022-08-01 00:00:00-04:00,CVX,28,-0.02540102576515968,True,False,29,0.9642857142857143,0.09945403281321674,0.12319221953582238,-0.0959071585902802,0.08654673768713717,0.06927502748588754,0.10038866302965888,True,True,False
Market-Residual Momentum,2022-07-01 00:00:00-04:00,2022-08-01 00:00:00-04:00,BA,29,-0.0347866682214909,True,False,29,1.0,0.22129813795166609,0.22129813795166609,-0.03377988984205782,0.08654673768713717,0.06927502748588754,0.10038866302965888,True,True,True
Market-Residual Momentum,2022-08-01 00:00:00-04:00,2022-09-01 00:00:00-04:00,AAPL,1,-0.0061581194851911825,True,True,29,0.0,-0.02578972572258631,0.09555086841475413,-0.02578972572258631,-0.03974082562735559,-0.034453977103002464,-0.010567716517955184,True,True,False
Market-Residual Momentum,2022-08-01 00:00:00-04:00,2022-09-01 00:00:00-04:00,MCD,2,-0.006386851593435994,True,True,29,0.03571428571428571,-0.03558159589687071,0.020682334653769008,-0.037975269632673614,-0.03974082562735559,-0.034453977103002464,-0.010567716517955184,True,False,False
Market-Residual Momentum,2022-08-01 00:00:00-04:00,2022-09-01 00:00:00-04:00,MSFT,3,-0.006969137146329185,True,True,29,0.07142857142857142,-0.06623142135903581,0.05888752013751852,-0.06623142135903581,-0.03974082562735559,-0.034453977103002464,-0.010567716517955184,False,False,False
Market-Residual Momentum,2022-08-01 00:00:00-04:00,2022-09-01 00:00:00-04:00,HON,4,-0.007753164826737158,True,True,29,0.10714285714285714,-0.00687237910605909,0.07568006288556317,-0.015916314720641367,-0.03974082562735559,-0.034453977103002464,-0.010567716517955184,True,True,True
Market-Residual Momentum,2022-08-01 00:00:00-04:00,2022-09-01 00:00:00-04:00,JNJ,5,-0.007818126254690583,True,True,29,0.14285714285714285,-0.06657230634133993,0.007578717099127941,-0.06784424363922503,-0.03974082562735559,-0.034453977103002464,-0.010567716517955184,False,False,False
Market-Residual Momentum,2022-08-01 00:00:00-04:00,2022-09-01 00:00:00-04:00,GS,6,-0.00840926723043478,True,False,29,0.17857142857142858,0.0019006144815205683,0.08105995615306472,-0.013595495185739659,-0.03974082562735559,-0.034453977103002464,-0.010567716517955184,True,True,True
Market-Residual Momentum,2022-08-01 00:00:00-04:00,2022-09-01 00:00:00-04:00,KO,7,-0.008772879922837151,True,False,29,0.21428571428571427,-0.03916359381933221,0.021532340912067793,-0.03916359381933221,-0.03974082562735559,-0.034453977103002464,-0.010567716517955184,True,False,False
Market-Residual Momentum,2022-08-01 00:00:00-04:00,2022-09-01 00:00:00-04:00,MRK,8,-0.009148337311047583,True,False,29,0.25,-0.041414808089672794,0.04119090432840511,-0.046787406043595214,-0.03974082562735559,-0.034453977103002464,-0.010567716517955184,False,False,False
Market-Residual Momentum,2022-08-01 00:00:00-04:00,2022-09-01 00:00:00-04:00,MMM,9,-0.00942374968190951,True,False,29,0.2857142857142857,-0.11659769681603871,0.07140336881389531,-0.12562368103857768,-0.03974082562735559,-0.034453977103002464,-0.010567716517955184,False,False,False
Market-Residual Momentum,2022-08-01 00:00:00-04:00,2022-09-01 00:00:00-04:00,AMGN,10,-0.00946351319459282,True,False,29,0.32142857142857145,-0.017619343949126343,0.029356886796777282,-0.030290311014930404,-0.03974082562735559,-0.034453977103002464,-0.010567716517955184,True,True,False
Market-Residual Momentum,2022-08-01 00:00:00-04:00,2022-09-01 00:00:00-04:00,PG,11,-0.010202374813459425,True,False,29,0.35714285714285715,-0.0036863326744975833,0.08883923190401322,-0.0036863326744975833,-0.03974082562735559,-0.034453977103002464,-0.010567716517955184,True,True,True
Market-Residual Momentum,2022-08-01 00:00:00-04:00,2022-09-01 00:00:00-04:00,JPM,12,-0.010886742206467348,True,False,29,0.39285714285714285,-0.010567716517955184,0.08506534998637627,-0.030393328863854485,-0.03974082562735559,-0.034453977103002464,-0.010567716517955184,True,True,True
Market-Residual Momentum,2022-08-01 00:00:00-04:00,2022-09-01 00:00:00-04:00,TRV,13,-0.011127677666658786,True,False,29,0.42857142857142855,0.02083250837453665,0.10662983904855805,-0.017602728476053375,-0.03974082562735559,-0.034453977103002464,-0.010567716517955184,True,True,True
Market-Residual Momentum,2022-08-01 00:00:00-04:00,2022-09-01 00:00:00-04:00,UNH,14,-0.01126007490783787,True,False,29,0.4642857142857143,-0.04230356923298373,0.020027047437455314,-0.04261702785464472,-0.03974082562735559,-0.034453977103002464,-0.010567716517955184,False,False,False
Market-Residual Momentum,2022-08-01 00:00:00-04:00,2022-09-01 00:00:00-04:00,DIS,15,-0.011638622000525123,True,False,29,0.5,0.06598645654279611,0.20606470410837097,-0.00963099179725524,-0.03974082562735559,-0.034453977103002464,-0.010567716517955184,True,True,True
Market-Residual Momentum,2022-08-01 00:00:00-04:00,2022-09-01 00:00:00-04:00,V,16,-0.012174337179862382,True,False,29,0.5357142857142857,-0.04498924239485236,0.045792487849811714,-0.04537383053970423,-0.03974082562735559,-0.034453977103002464,-0.010567716517955184,False,False,False
Market-Residual Momentum,2022-08-01 00:00:00-04:00,2022-09-01 00:00:00-04:00,VZ,17,-0.012452993298419424,True,False,29,0.5714285714285714,-0.10045380986178287,0.004536597112103635,-0.10045380986178287,-0.03974082562735559,-0.034453977103002464,-0.010567716517955184,False,False,False
Market-Residual Momentum,2022-08-01 00:00:00-04:00,2022-09-01 00:00:00-04:00,IBM,18,-0.01335104875517601,True,False,29,0.6071428571428571,-0.005600354339650115,0.07912504818597443,-0.005600536980024939,-0.03974082562735559,-0.034453977103002464,-0.010567716517955184,True,True,True
Market-Residual Momentum,2022-08-01 00:00:00-04:00,2022-09-01 00:00:00-04:00,INTC,19,-0.014098961873721838,True,False,29,0.6428571428571429,-0.11543103847391623,0.04549235573804,-0.11543103847391623,-0.03974082562735559,-0.034453977103002464,-0.010567716517955184,False,False,False
Market-Residual Momentum,2022-08-01 00:00:00-04:00,2022-09-01 00:00:00-04:00,HD,20,-0.014145025146371504,True,False,29,0.6785714285714286,-0.034453977103002464,0.10757039608295882,-0.03485591427242585,-0.03974082562735559,-0.034453977103002464,-0.010567716517955184,True,False,False
Market-Residual Momentum,2022-08-01 00:00:00-04:00,2022-09-01 00:00:00-04:00,NKE,21,-0.014587619806770147,True,False,29,0.7142857142857143,-0.07192969190350695,0.03921041005527792,-0.07192969190350695,-0.03974082562735559,-0.034453977103002464,-0.010567716517955184,False,False,False
Market-Residual Momentum,2022-08-01 00:00:00-04:00,2022-09-01 00:00:00-04:00,DOW,22,-0.01589230162239441,True,False,29,0.75,-0.027613392954177085,0.07312680228416135,-0.03518449061454698,-0.03974082562735559,-0.034453977103002464,-0.010567716517955184,True,True,False
Market-Residual Momentum,2022-08-01 00:00:00-04:00,2022-09-01 00:00:00-04:00,CSCO,23,-0.016588387003367733,True,False,29,0.7857142857142857,-0.010874387246891382,0.10963145113962569,-0.011540256548782768,-0.03974082562735559,-0.034453977103002464,-0.010567716517955184,True,True,False
Market-Residual Momentum,2022-08-01 00:00:00-04:00,2022-09-01 00:00:00-04:00,WMT,24,-0.017786586799440673,True,False,29,0.8214285714285714,0.015697031832626163,0.09370951490933499,-0.04532285544898362,-0.03974082562735559,-0.034453977103002464,-0.010567716517955184,True,True,True
Market-Residual Momentum,2022-08-01 00:00:00-04:00,2022-09-01 00:00:00-04:00,AXP,25,-0.018382954368274307,True,False,29,0.8571428571428571,-0.013216511277440168,0.08649580233467757,-0.013216511277440168,-0.03974082562735559,-0.034453977103002464,-0.010567716517955184,True,True,False
Market-Residual Momentum,2022-08-01 00:00:00-04:00,2022-09-01 00:00:00-04:00,CAT,26,-0.021482080134035297,True,False,29,0.8928571428571429,-0.06566525676796575,0.027116994330032895,-0.07156032073206053,-0.03974082562735559,-0.034453977103002464,-0.010567716517955184,False,False,False
Market-Residual Momentum,2022-08-01 00:00:00-04:00,2022-09-01 00:00:00-04:00,CRM,27,-0.02295556336663096,True,False,29,0.9285714285714286,-0.14578057027700342,0.0720904400288711,-0.14578057027700342,-0.03974082562735559,-0.034453977103002464,-0.010567716517955184,False,False,False
Market-Residual Momentum,2022-08-01 00:00:00-04:00,2022-09-01 00:00:00-04:00,CVX,28,-0.026742539549402977,True,False,29,0.9642857142857143,-0.02033855547274288,0.04445874145926654,-0.07544359147100954,-0.03974082562735559,-0.034453977103002464,-0.010567716517955184,True,True,False
Market-Residual Momentum,2022-08-01 00:00:00-04:00,2022-09-01 00:00:00-04:00,BA,29,-0.036149940655919255,True,False,29,1.0,-0.047905978273212635,0.047604756255207104,-0.048448288243358006,-0.03974082562735559,-0.034453977103002464,-0.010567716517955184,False,False,False
Market-Residual Momentum,2022-09-01 00:00:00-04:00,2022-10-03 00:00:00-04:00,AAPL,1,-0.0056086156740902116,True,True,29,0.0,-0.11765833934528169,0.048646409186981154,-0.11899908414042248,-0.07718910087841402,-0.07809514193193279,-0.0532928890746317,False,False,False
Market-Residual Momentum,2022-09-01 00:00:00-04:00,2022-10-03 00:00:00-04:00,AMGN,2,-0.006200219657991668,True,True,29,0.03571428571428571,-0.0532928890746317,0.03363487086508865,-0.07390498011730295,-0.07718910087841402,-0.07809514193193279,-0.0532928890746317,True,True,True
Market-Residual Momentum,2022-09-01 00:00:00-04:00,2022-10-03 00:00:00-04:00,HON,3,-0.006271869857344181,True,True,29,0.07142857142857142,-0.10087240908201378,0.026968420202511778,-0.11905894828617225,-0.07718910087841402,-0.07809514193193279,-0.0532928890746317,False,False,False
Market-Residual Momentum,2022-09-01 00:00:00-04:00,2022-10-03 00:00:00-04:00,MSFT,4,-0.006832990329754152,True,True,29,0.10714285714285714,-0.09062473802688542,0.033144003435294334,-0.10097747553170733,-0.07718910087841402,-0.07809514193193279,-0.0532928890746317,False,False,False
Market-Residual Momentum,2022-09-01 00:00:00-04:00,2022-10-03 00:00:00-04:00,MCD,5,-0.006946349437123134,True,True,29,0.14285714285714285,-0.07267117509719256,0.03804298402344575,-0.08434601894514615,-0.07718910087841402,-0.07809514193193279,-0.0532928890746317,True,True,False
Market-Residual Momentum,2022-09-01 00:00:00-04:00,2022-10-03 00:00:00-04:00,JNJ,6,-0.007661704470644404,True,False,29,0.17857142857142858,0.017338090872416334,0.03826839760309464,-0.004211004204361379,-0.07718910087841402,-0.07809514193193279,-0.0532928890746317,True,True,True
Market-Residual Momentum,2022-09-01 00:00:00-04:00,2022-10-03 00:00:00-04:00,GS,7,-0.00793191098825441,True,False,29,0.21428571428571427,-0.09912999633652952,0.04395672363267522,-0.1250494371913169,-0.07718910087841402,-0.07809514193193279,-0.0532928890746317,False,False,False
Market-Residual Momentum,2022-09-01 00:00:00-04:00,2022-10-03 00:00:00-04:00,KO,8,-0.008096522344512525,True,False,29,0.25,-0.07809514193193279,0.021110672904068872,-0.08545587133412713,-0.07718910087841402,-0.07809514193193279,-0.0532928890746317,False,False,False
Market-Residual Momentum,2022-09-01 00:00:00-04:00,2022-10-03 00:00:00-04:00,MRK,9,-0.008914239605613106,True,False,29,0.2857142857142857,0.02077441679739067,0.04121906025033062,-0.006655745469852703,-0.07718910087841402,-0.07809514193193279,-0.0532928890746317,True,True,True
Market-Residual Momentum,2022-09-01 00:00:00-04:00,2022-10-03 00:00:00-04:00,V,10,-0.009343989092893357,True,False,29,0.32142857142857145,-0.09752422039841668,0.04262264328534027,-0.12021937002934491,-0.07718910087841402,-0.07809514193193279,-0.0532928890746317,False,False,False
Market-Residual Momentum,2022-09-01 00:00:00-04:00,2022-10-03 00:00:00-04:00,MMM,11,-0.009451335804247396,True,False,29,0.35714285714285715,-0.10144837143389696,0.017859860045009945,-0.11190675264074923,-0.07718910087841402,-0.07809514193193279,-0.0532928890746317,False,False,False
Market-Residual Momentum,2022-09-01 00:00:00-04:00,2022-10-03 00:00:00-04:00,DIS,12,-0.010475005941470328,True,False,29,0.39285714285714285,-0.14366220187562595,0.05098837231904496,-0.15663301587748935,-0.07718910087841402,-0.07809514193193279,-0.0532928890746317,False,False,False
Market-Residual Momentum,2022-09-01 00:00:00-04:00,2022-10-03 00:00:00-04:00,JPM,13,-0.01071824980939462,True,False,29,0.42857142857142855,-0.06770247612488256,0.07291003427068321,-0.07847125257584597,-0.07718910087841402,-0.07809514193193279,-0.0532928890746317,True,True,False
Market-Residual Momentum,2022-09-01 00:00:00-04:00,2022-10-03 00:00:00-04:00,UNH,14,-0.010840631193510974,True,False,29,0.4642857142857143,-0.020524409598789428,0.03344471273577976,-0.03613169034193375,-0.07718910087841402,-0.07809514193193279,-0.0532928890746317,True,True,True
Market-Residual Momentum,2022-09-01 00:00:00-04:00,2022-10-03 00:00:00-04:00,IBM,15,-0.010982380104342715,True,False,29,0.5,-0.06417447928491615,0.02017139727187711,-0.0762462211435676,-0.07718910087841402,-0.07809514193193279,-0.0532928890746317,True,True,False
Market-Residual Momentum,2022-09-01 00:00:00-04:00,2022-10-03 00:00:00-04:00,HD,16,-0.01120762549652532,True,False,29,0.5357142857142857,-0.025658989035230895,0.0500344285884593,-0.07902218880292122,-0.07718910087841402,-0.07809514193193279,-0.0532928890746317,True,True,True
Market-Residual Momentum,2022-09-01 00:00:00-04:00,2022-10-03 00:00:00-04:00,TRV,17,-0.011653887613611635,True,False,29,0.5714285714285714,-0.03783961558929916,0.03695494277085465,-0.066472322362234,-0.07718910087841402,-0.07809514193193279,-0.0532928890746317,True,True,True
Market-Residual Momentum,2022-09-01 00:00:00-04:00,2022-10-03 00:00:00-04:00,VZ,18,-0.012335081094220102,True,False,29,0.6071428571428571,-0.07540834413414566,0.029058447615335492,-0.08861677982633775,-0.07718910087841402,-0.07809514193193279,-0.0532928890746317,True,True,False
Market-Residual Momentum,2022-09-01 00:00:00-04:00,2022-10-03 00:00:00-04:00,PG,19,-0.012476671293073949,True,False,29,0.6428571428571429,-0.07676132388838008,0.028803607871068726,-0.08430685098181001,-0.07718910087841402,-0.07809514193193279,-0.0532928890746317,True,True,False
Market-Residual Momentum,2022-09-01 00:00:00-04:00,2022-10-03 00:00:00-04:00,AXP,20,-0.012508735431348006,True,False,29,0.6785714285714286,-0.08533311794124154,0.08374251159827462,-0.10741249387414264,-0.07718910087841402,-0.07809514193193279,-0.0532928890746317,False,False,False
Market-Residual Momentum,2022-09-01 00:00:00-04:00,2022-10-03 00:00:00-04:00,NKE,21,-0.013916120263109177,True,False,29,0.7142857142857143,-0.21201548832364392,0.07453306374959512,-0.21798717784592625,-0.07718910087841402,-0.07809514193193279,-0.0532928890746317,False,False,False
Market-Residual Momentum,2022-09-01 00:00:00-04:00,2022-10-03 00:00:00-04:00,DOW,22,-0.014848714818672337,True,False,29,0.75,-0.10939353264732743,0.026357360716638745,-0.14704718467823386,-0.07718910087841402,-0.07809514193193279,-0.0532928890746317,False,False,False
Market-Residual Momentum,2022-09-01 00:00:00-04:00,2022-10-03 00:00:00-04:00,INTC,23,-0.016266996181411808,True,False,29,0.7857142857142857,-0.1659803172816129,0.02565727540615237,-0.1846690117419535,-0.07718910087841402,-0.07809514193193279,-0.0532928890746317,False,False,False
Market-Residual Momentum,2022-09-01 00:00:00-04:00,2022-10-03 00:00:00-04:00,CSCO,24,-0.01635654567878908,True,False,29,0.8214285714285714,-0.08750307127119206,0.04846293278105729,-0.1034329502226442,-0.07718910087841402,-0.07809514193193279,-0.0532928890746317,False,False,False
Market-Residual Momentum,2022-09-01 00:00:00-04:00,2022-10-03 00:00:00-04:00,CAT,25,-0.021817447836091075,True,False,29,0.8571428571428571,-0.08141784076129843,0.057222685177126476,-0.1188898172635161,-0.07718910087841402,-0.07809514193193279,-0.0532928890746317,False,False,False
Market-Residual Momentum,2022-09-01 00:00:00-04:00,2022-10-03 00:00:00-04:00,CRM,26,-0.022011848187371785,True,False,29,0.8928571428571429,-0.06385998811778437,0.0696712700702189,-0.07180220236778456,-0.07718910087841402,-0.07809514193193279,-0.0532928890746317,True,True,False
Market-Residual Momentum,2022-09-01 00:00:00-04:00,2022-10-03 00:00:00-04:00,WMT,27,-0.022024488288378108,True,False,29,0.9285714285714286,-0.017353372239927833,0.04308121126807718,-0.03221699663455513,-0.07718910087841402,-0.07809514193193279,-0.0532928890746317,True,True,True
Market-Residual Momentum,2022-09-01 00:00:00-04:00,2022-10-03 00:00:00-04:00,CVX,28,-0.028553085481517804,True,False,29,0.9642857142857143,-0.04799309989721523,0.051444289773709295,-0.10237728025779935,-0.07718910087841402,-0.07809514193193279,-0.0532928890746317,True,True,True
Market-Residual Momentum,2022-09-01 00:00:00-04:00,2022-10-03 00:00:00-04:00,BA,29,-0.03476247583029812,True,False,29,1.0,-0.22784810126582278,0.0187974760803995,-0.23424051984955996,-0.07718910087841402,-0.07809514193193279,-0.0532928890746317,False,False,False
Market-Residual Momentum,2022-10-03 00:00:00-04:00,2022-11-01 00:00:00-04:00,MCD,1,-0.005245788590467981,True,True,29,0.0,0.17201969245302084,0.17681573899962855,-0.007750931506843917,0.08048100868914077,0.13501667971770392,0.17201969245302084,True,True,True
Market-Residual Momentum,2022-10-03 00:00:00-04:00,2022-11-01 00:00:00-04:00,AAPL,2,-0.00565672355868263,True,True,29,0.03571428571428571,0.12206049914520589,0.1395700097913919,-0.02778397595495896,0.08048100868914077,0.13501667971770392,0.17201969245302084,True,False,False
Market-Residual Momentum,2022-10-03 00:00:00-04:00,2022-11-01 00:00:00-04:00,MSFT,3,-0.006268672146321541,True,True,29,0.07142857142857142,-0.003440861331817313,0.06639476134005817,-0.06915590339168998,0.08048100868914077,0.13501667971770392,0.17201969245302084,False,False,False
Market-Residual Momentum,2022-10-03 00:00:00-04:00,2022-11-01 00:00:00-04:00,KO,4,-0.006331141663610151,True,True,29,0.10714285714285714,0.06511730178297737,0.08073109391852507,-0.04151861199539819,0.08048100868914077,0.13501667971770392,0.17201969245302084,False,False,False
Market-Residual Momentum,2022-10-03 00:00:00-04:00,2022-11-01 00:00:00-04:00,JNJ,5,-0.006360570935432297,True,True,29,0.14285714285714285,0.059468109916486434,0.06756364107809065,-0.031164265181433115,0.08048100868914077,0.13501667971770392,0.17201969245302084,False,False,False
Market-Residual Momentum,2022-10-03 00:00:00-04:00,2022-11-01 00:00:00-04:00,HON,6,-0.00636789734184362,True,False,29,0.17857142857142858,0.2021522506359139,0.20632692973209066,-0.005821075539283682,0.08048100868914077,0.13501667971770392,0.17201969245302084,True,True,True
Market-Residual Momentum,2022-10-03 00:00:00-04:00,2022-11-01 00:00:00-04:00,AMGN,7,-0.007246594956585195,True,False,29,0.21428571428571427,0.1810576900863421,0.20269852373640962,-0.008104464313705706,0.08048100868914077,0.13501667971770392,0.17201969245302084,True,True,True
Market-Residual Momentum,2022-10-03 00:00:00-04:00,2022-11-01 00:00:00-04:00,GS,8,-0.007666509116670883,True,False,29,0.25,0.16138922716411197,0.16492251200063968,-0.03169909144131766,0.08048100868914077,0.13501667971770392,0.17201969245302084,True,True,False
Market-Residual Momentum,2022-10-03 00:00:00-04:00,2022-11-01 00:00:00-04:00,V,9,-0.007889917120556422,True,False,29,0.2857142857142857,0.16488251860984815,0.17943568421899725,-0.026430255827194937,0.08048100868914077,0.13501667971770392,0.17201969245302084,True,True,False
Market-Residual Momentum,2022-10-03 00:00:00-04:00,2022-11-01 00:00:00-04:00,AXP,10,-0.008143934741744241,True,False,29,0.32142857142857145,0.09120989341941876,0.09812274782033881,-0.049302808849988056,0.08048100868914077,0.13501667971770392,0.17201969245302084,True,False,False
Market-Residual Momentum,2022-10-03 00:00:00-04:00,2022-11-01 00:00:00-04:00,JPM,11,-0.008611137781132427,True,False,29,0.35714285714285715,0.2119399882271955,0.2172894870504558,-0.03251128627841415,0.08048100868914077,0.13501667971770392,0.17201969245302084,True,True,True
Market-Residual Momentum,2022-10-03 00:00:00-04:00,2022-11-01 00:00:00-04:00,MRK,12,-0.009124011661250098,True,False,29,0.39285714285714285,0.16063180960863122,0.17043343423599278,-0.008072008392333796,0.08048100868914077,0.13501667971770392,0.17201969245302084,True,True,False
Market-Residual Momentum,2022-10-03 00:00:00-04:00,2022-11-01 00:00:00-04:00,DIS,13,-0.009767327111718682,True,False,29,0.42857142857142855,0.12503911253945144,0.12503911253945144,-0.05243910241035543,0.08048100868914077,0.13501667971770392,0.17201969245302084,True,False,False
Market-Residual Momentum,2022-10-03 00:00:00-04:00,2022-11-01 00:00:00-04:00,UNH,14,-0.009891184123281715,True,False,29,0.4642857142857143,0.09450200741635628,0.10061533757402863,-0.038139884522705114,0.08048100868914077,0.13501667971770392,0.17201969245302084,True,False,False
Market-Residual Momentum,2022-10-03 00:00:00-04:00,2022-11-01 00:00:00-04:00,TRV,15,-0.009991869346658189,True,False,29,0.5,0.19806794030423647,0.20014251919284543,-0.014458058265739315,0.08048100868914077,0.13501667971770392,0.17201969245302084,True,True,True
Market-Residual Momentum,2022-10-03 00:00:00-04:00,2022-11-01 00:00:00-04:00,PG,16,-0.010149664283921167,True,False,29,0.5357142857142857,0.06605853981474463,0.07373541222826807,-0.0398428875365372,0.08048100868914077,0.13501667971770392,0.17201969245302084,False,False,False
Market-Residual Momentum,2022-10-03 00:00:00-04:00,2022-11-01 00:00:00-04:00,HD,17,-0.010533242158833223,True,False,29,0.5714285714285714,0.06893242076443395,0.06893242076443395,-0.04672594229900062,0.08048100868914077,0.13501667971770392,0.17201969245302084,False,False,False
Market-Residual Momentum,2022-10-03 00:00:00-04:00,2022-11-01 00:00:00-04:00,IBM,18,-0.010974441985703964,True,False,29,0.6071428571428571,0.1505491728771542,0.15562556404671568,-0.03836567442324901,0.08048100868914077,0.13501667971770392,0.17201969245302084,True,True,False
Market-Residual Momentum,2022-10-03 00:00:00-04:00,2022-11-01 00:00:00-04:00,VZ,19,-0.011679287518467474,True,False,29,0.6428571428571429,0.003118875063153448,0.047490591328580356,-0.08747357415842738,0.08048100868914077,0.13501667971770392,0.17201969245302084,False,False,False
Market-Residual Momentum,2022-10-03 00:00:00-04:00,2022-11-01 00:00:00-04:00,NKE,20,-0.012708611453740803,True,False,29,0.6785714285714286,0.1510886317138782,0.1510886317138782,-0.010946662610137659,0.08048100868914077,0.13501667971770392,0.17201969245302084,True,True,False
Market-Residual Momentum,2022-10-03 00:00:00-04:00,2022-11-01 00:00:00-04:00,DOW,21,-0.012750010549439028,True,False,29,0.7142857142857143,0.05518458387664871,0.08032930891159618,-0.045171458064255376,0.08048100868914077,0.13501667971770392,0.17201969245302084,False,False,False
Market-Residual Momentum,2022-10-03 00:00:00-04:00,2022-11-01 00:00:00-04:00,MMM,22,-0.012816665404889904,True,False,29,0.75,0.13501667971770392,0.13501667971770392,-0.04136428183584984,0.08048100868914077,0.13501667971770392,0.17201969245302084,True,False,False
Market-Residual Momentum,2022-10-03 00:00:00-04:00,2022-11-01 00:00:00-04:00,INTC,23,-0.013474652277078891,True,False,29,0.7857142857142857,0.09380928083651785,0.10976064666418295,-0.06608431862205777,0.08048100868914077,0.13501667971770392,0.17201969245302084,True,False,False
Market-Residual Momentum,2022-10-03 00:00:00-04:00,2022-11-01 00:00:00-04:00,CSCO,24,-0.015600140134506502,True,False,29,0.8214285714285714,0.1311379747110284,0.13436421193814896,-0.042081468103606245,0.08048100868914077,0.13501667971770392,0.17201969245302084,True,False,False
Market-Residual Momentum,2022-10-03 00:00:00-04:00,2022-11-01 00:00:00-04:00,CAT,25,-0.017416291400225492,True,False,29,0.8571428571428571,0.3145368636616661,0.3197679474226225,-0.00824218888127004,0.08048100868914077,0.13501667971770392,0.17201969245302084,True,True,True
Market-Residual Momentum,2022-10-03 00:00:00-04:00,2022-11-01 00:00:00-04:00,WMT,26,-0.02116035127127669,True,False,29,0.8928571428571429,0.09774242583338921,0.09851025353392284,-0.016661675038650015,0.08048100868914077,0.13501667971770392,0.17201969245302084,True,False,False
Market-Residual Momentum,2022-10-03 00:00:00-04:00,2022-11-01 00:00:00-04:00,CRM,27,-0.022293528679139252,True,False,29,0.9285714285714286,0.13808794990391493,0.1451924960556572,-0.050972719242416864,0.08048100868914077,0.13501667971770392,0.17201969245302084,True,True,False
Market-Residual Momentum,2022-10-03 00:00:00-04:00,2022-11-01 00:00:00-04:00,CVX,28,-0.023052423105162756,True,False,29,0.9642857142857143,0.23427492842506648,0.23427492842506648,-0.004497537513963534,0.08048100868914077,0.13501667971770392,0.17201969245302084,True,True,True
Market-Residual Momentum,2022-10-03 00:00:00-04:00,2022-11-01 00:00:00-04:00,BA,29,-0.03398920913419645,True,False,29,1.0,0.18024594666527927,0.23065573270203643,-0.008032814401095045,0.08048100868914077,0.13501667971770392,0.17201969245302084,True,True,True
Market-Residual Momentum,2022-11-01 00:00:00-04:00,2022-12-01 00:00:00-05:00,JNJ,1,-0.005530884810844516,True,True,29,0.0,0.03501869323769835,0.03501869323769835,-0.041594729645068496,0.04775173660046428,0.06715196740211127,0.09293244067493944,False,False,False
Market-Residual Momentum,2022-11-01 00:00:00-04:00,2022-12-01 00:00:00-05:00,MCD,2,-0.005766184737966862,True,True,29,0.03571428571428571,0.003684408534296635,0.029156963822298154,-0.0268554484770942,0.04775173660046428,0.06715196740211127,0.09293244067493944,False,False,False
Market-Residual Momentum,2022-11-01 00:00:00-04:00,2022-12-01 00:00:00-05:00,MSFT,3,-0.005810037708728122,True,True,29,0.07142857142857142,0.0851893559791026,0.09143037110429342,-0.09023860470228673,0.04775173660046428,0.06715196740211127,0.09293244067493944,True,True,False
Market-Residual Momentum,2022-11-01 00:00:00-04:00,2022-12-01 00:00:00-05:00,HON,4,-0.006174179477406949,True,True,29,0.10714285714285714,0.08595194138712015,0.08930437151476589,-0.02582565131555581,0.04775173660046428,0.06715196740211127,0.09293244067493944,True,True,False
Market-Residual Momentum,2022-11-01 00:00:00-04:00,2022-12-01 00:00:00-05:00,AAPL,5,-0.006607377954004345,True,True,29,0.14285714285714285,-0.042714342743136124,0.002385833845879093,-0.13204207461172446,0.04775173660046428,0.06715196740211127,0.09293244067493944,False,False,False
Market-Residual Momentum,2022-11-01 00:00:00-04:00,2022-12-01 00:00:00-05:00,KO,6,-0.006649113240127402,True,False,29,0.17857142857142858,0.06715196740211127,0.06832631789403143,-0.03215061392195995,0.04775173660046428,0.06715196740211127,0.09293244067493944,True,False,False
Market-Residual Momentum,2022-11-01 00:00:00-04:00,2022-12-01 00:00:00-05:00,GS,7,-0.007465530078592408,True,False,29,0.21428571428571427,0.12721199429855257,0.1287919548169114,-0.007359748411946976,0.04775173660046428,0.06715196740211127,0.09293244067493944,True,True,True
Market-Residual Momentum,2022-11-01 00:00:00-04:00,2022-12-01 00:00:00-05:00,V,8,-0.007765076704643659,True,False,29,0.25,0.04104643550390419,0.04104643550390419,-0.07250915020567383,0.04775173660046428,0.06715196740211127,0.09293244067493944,False,False,False
Market-Residual Momentum,2022-11-01 00:00:00-04:00,2022-12-01 00:00:00-05:00,DIS,9,-0.00846440819662908,True,False,29,0.2857142857142857,-0.09127204284507695,0.010584952850057006,-0.19888587265456537,0.04775173660046428,0.06715196740211127,0.09293244067493944,False,False,False
Market-Residual Momentum,2022-11-01 00:00:00-04:00,2022-12-01 00:00:00-05:00,AXP,10,-0.008581297719353786,True,False,29,0.32142857142857145,0.05174721345867339,0.059482709658123856,-0.07461953396898857,0.04775173660046428,0.06715196740211127,0.09293244067493944,True,False,False
Market-Residual Momentum,2022-11-01 00:00:00-04:00,2022-12-01 00:00:00-05:00,UNH,11,-0.008691023614936122,True,False,29,0.35714285714285715,-0.004756955990490641,0.0012432476421735394,-0.09771165242473256,0.04775173660046428,0.06715196740211127,0.09293244067493944,False,False,False
Market-Residual Momentum,2022-11-01 00:00:00-04:00,2022-12-01 00:00:00-05:00,MRK,12,-0.009393233640370258,True,False,29,0.39285714285714285,0.09041233468225962,0.09617487864586227,-0.032985686728836505,0.04775173660046428,0.06715196740211127,0.09293244067493944,True,True,False
Market-Residual Momentum,2022-11-01 00:00:00-04:00,2022-12-01 00:00:00-05:00,AMGN,13,-0.009547245609326516,True,False,29,0.42857142857142855,0.07560691903637884,0.10040807649234051,-0.03620200903563531,0.04775173660046428,0.06715196740211127,0.09293244067493944,True,True,False
Market-Residual Momentum,2022-11-01 00:00:00-04:00,2022-12-01 00:00:00-05:00,JPM,14,-0.00970377723948812,True,False,29,0.4642857142857143,0.0891463578807219,0.08914640458584855,-0.007566762414037864,0.04775173660046428,0.06715196740211127,0.09293244067493944,True,True,False
Market-Residual Momentum,2022-11-01 00:00:00-04:00,2022-12-01 00:00:00-05:00,TRV,15,-0.009833810273782717,True,False,29,0.5,0.033443308726617715,0.033443308726617715,-0.0373937611946491,0.04775173660046428,0.06715196740211127,0.09293244067493944,False,False,False
Market-Residual Momentum,2022-11-01 00:00:00-04:00,2022-12-01 00:00:00-05:00,PG,16,-0.00992830828108715,True,False,29,0.5357142857142857,0.11009661871525589,0.11009661871525589,-0.02776530994649462,0.04775173660046428,0.06715196740211127,0.09293244067493944,True,True,True
Market-Residual Momentum,2022-11-01 00:00:00-04:00,2022-12-01 00:00:00-05:00,HD,17,-0.010218389327840804,True,False,29,0.5714285714285714,0.09293244067493944,0.09558196959427079,-0.07613955962625574,0.04775173660046428,0.06715196740211127,0.09293244067493944,True,True,True
Market-Residual Momentum,2022-11-01 00:00:00-04:00,2022-12-01 00:00:00-05:00,IBM,18,-0.010276499136644413,True,False,29,0.6071428571428571,0.09778069750412888,0.10129394890295029,-0.030958288868756623,0.04775173660046428,0.06715196740211127,0.09293244067493944,True,True,True
Market-Residual Momentum,2022-11-01 00:00:00-04:00,2022-12-01 00:00:00-05:00,VZ,19,-0.011751101411473619,True,False,29,0.6428571428571429,0.031595591911813825,0.03633484565624778,-0.031069195339992084,0.04775173660046428,0.06715196740211127,0.09293244067493944,False,False,False
Market-Residual Momentum,2022-11-01 00:00:00-04:00,2022-12-01 00:00:00-05:00,DOW,20,-0.011955269989129214,True,False,29,0.6785714285714286,0.09605132398836291,0.1269507643158101,-0.030577667198335212,0.04775173660046428,0.06715196740211127,0.09293244067493944,True,True,True
Market-Residual Momentum,2022-11-01 00:00:00-04:00,2022-12-01 00:00:00-05:00,MMM,21,-0.013467920061833505,True,False,29,0.7142857142857143,0.015938932847985976,0.056322488685634386,-0.044568759523082147,0.04775173660046428,0.06715196740211127,0.09293244067493944,False,False,False
Market-Residual Momentum,2022-11-01 00:00:00-04:00,2022-12-01 00:00:00-05:00,INTC,22,-0.013638881812661374,True,False,29,0.75,0.06418126924612544,0.10289160146533405,-0.0565972568910863,0.04775173660046428,0.06715196740211127,0.09293244067493944,True,False,False
Market-Residual Momentum,2022-11-01 00:00:00-04:00,2022-12-01 00:00:00-05:00,CSCO,23,-0.015255355544441684,True,False,29,0.7857142857142857,0.09433982074625957,0.09433982074625957,-0.048047409250324136,0.04775173660046428,0.06715196740211127,0.09293244067493944,True,True,True
Market-Residual Momentum,2022-11-01 00:00:00-04:00,2022-12-01 00:00:00-05:00,CAT,24,-0.016145772392289093,True,False,29,0.8214285714285714,0.08356593666954226,0.0970589645600104,-0.033252567151192625,0.04775173660046428,0.06715196740211127,0.09293244067493944,True,True,False
Market-Residual Momentum,2022-11-01 00:00:00-04:00,2022-12-01 00:00:00-05:00,NKE,25,-0.017424906609351143,True,False,29,0.8571428571428571,0.15048594660391346,0.15048594660391346,-0.0728393415743035,0.04775173660046428,0.06715196740211127,0.09293244067493944,True,True,True
Market-Residual Momentum,2022-11-01 00:00:00-04:00,2022-12-01 00:00:00-05:00,WMT,26,-0.02090955926069049,True,False,29,0.8928571428571429,0.06350994978341906,0.08162550996589912,-0.03287392983696524,0.04775173660046428,0.06715196740211127,0.09293244067493944,True,False,False
Market-Residual Momentum,2022-11-01 00:00:00-04:00,2022-12-01 00:00:00-05:00,CRM,27,-0.02201347601233461,True,False,29,0.9285714285714286,-0.10575739364427317,0.004242405746922362,-0.17551512863211483,0.04775173660046428,0.06715196740211127,0.09293244067493944,False,False,False
Market-Residual Momentum,2022-11-01 00:00:00-04:00,2022-12-01 00:00:00-05:00,CVX,28,-0.023238568106674906,True,False,29,0.9642857142857143,0.009872833797810232,0.031598483405028244,-0.03638389877833559,0.04775173660046428,0.06715196740211127,0.09293244067493944,False,False,False
Market-Residual Momentum,2022-11-01 00:00:00-04:00,2022-12-01 00:00:00-05:00,BA,29,-0.03526281522593888,True,False,29,1.0,0.24230848016256834,0.24994783569255175,-0.017015154618822192,0.04775173660046428,0.06715196740211127,0.09293244067493944,True,True,True
Market-Residual Momentum,2022-12-01 00:00:00-05:00,2023-01-03 00:00:00-05:00,KO,1,-0.004409862924465657,True,True,29,0.0,-0.0007861067075355388,0.01713551431375926,-0.020122649700158646,-0.05537319869108115,-0.0352540081748266,-0.012682959700282104,True,True,True
Market-Residual Momentum,2022-12-01 00:00:00-05:00,2023-01-03 00:00:00-05:00,JNJ,2,-0.005666693592309757,True,True,29,0.03571428571428571,-0.015865756277662513,0.011396819174462447,-0.02754174870208148,-0.05537319869108115,-0.0352540081748266,-0.012682959700282104,True,True,False
Market-Residual Momentum,2022-12-01 00:00:00-05:00,2023-01-03 00:00:00-05:00,HON,3,-0.005768793519500992,True,True,29,0.07142857142857142,-0.023288483688231,0.0015434657473942792,-0.06378235735633497,-0.05537319869108115,-0.0352540081748266,-0.012682959700282104,True,True,False
Market-Residual Momentum,2022-12-01 00:00:00-05:00,2023-01-03 00:00:00-05:00,CSCO,4,-0.006130110928728172,True,True,29,0.10714285714285714,-0.04049745847024777,0.016639703252920413,-0.06395387372802952,-0.05537319869108115,-0.0352540081748266,-0.012682959700282104,True,False,False
Market-Residual Momentum,2022-12-01 00:00:00-05:00,2023-01-03 00:00:00-05:00,MCD,5,-0.006299594659387675,True,True,29,0.14285714285714285,-0.0352540081748266,0.024674361119219057,-0.043051651805153135,-0.05537319869108115,-0.0352540081748266,-0.012682959700282104,True,False,False
Market-Residual Momentum,2022-12-01 00:00:00-05:00,2023-01-03 00:00:00-05:00,V,6,-0.006350125150941355,True,False,29,0.17857142857142858,-0.03557613353071487,0.013732596875140057,-0.06852538729723434,-0.05537319869108115,-0.0352540081748266,-0.012682959700282104,True,False,False
Market-Residual Momentum,2022-12-01 00:00:00-05:00,2023-01-03 00:00:00-05:00,MSFT,7,-0.007405557969451637,True,False,29,0.21428571428571427,-0.0425018458110582,0.03958729083527146,-0.07878032475926455,-0.05537319869108115,-0.0352540081748266,-0.012682959700282104,True,False,False
Market-Residual Momentum,2022-12-01 00:00:00-05:00,2023-01-03 00:00:00-05:00,AAPL,8,-0.00765499585778584,True,False,29,0.25,-0.1209771692685161,0.018284727780997656,-0.15073213158527743,-0.05537319869108115,-0.0352540081748266,-0.012682959700282104,False,False,False
Market-Residual Momentum,2022-12-01 00:00:00-05:00,2023-01-03 00:00:00-05:00,GS,9,-0.007775534396855521,True,False,29,0.2857142857142857,-0.1060802839752164,0.0,-0.12212182561960616,-0.05537319869108115,-0.0352540081748266,-0.012682959700282104,False,False,False
Market-Residual Momentum,2022-12-01 00:00:00-05:00,2023-01-03 00:00:00-05:00,AXP,10,-0.008026267071302273,True,False,29,0.32142857142857145,-0.051864081570040965,0.024283676336289695,-0.09510520415311352,-0.05537319869108115,-0.0352540081748266,-0.012682959700282104,True,False,False
Market-Residual Momentum,2022-12-01 00:00:00-05:00,2023-01-03 00:00:00-05:00,IBM,11,-0.00834636888576712,True,False,29,0.35714285714285715,-0.059207926960299084,0.021536398674163237,-0.08521131899239864,-0.05537319869108115,-0.0352540081748266,-0.012682959700282104,False,False,False
Market-Residual Momentum,2022-12-01 00:00:00-05:00,2023-01-03 00:00:00-05:00,JPM,12,-0.008354096400083999,True,False,29,0.39285714285714285,-0.02127644990758637,0.0034738096089959036,-0.07070486600897286,-0.05537319869108115,-0.0352540081748266,-0.012682959700282104,True,True,False
Market-Residual Momentum,2022-12-01 00:00:00-05:00,2023-01-03 00:00:00-05:00,PG,13,-0.008492481385004358,True,False,29,0.42857142857142855,0.009496542142104936,0.03424028766080456,-0.009697120458698971,-0.05537319869108115,-0.0352540081748266,-0.012682959700282104,True,True,True
Market-Residual Momentum,2022-12-01 00:00:00-05:00,2023-01-03 00:00:00-05:00,HD,14,-0.009275878283950822,True,False,29,0.4642857142857143,-0.027243727464035694,0.06417201467324318,-0.04774593897958734,-0.05537319869108115,-0.0352540081748266,-0.012682959700282104,True,True,False
Market-Residual Momentum,2022-12-01 00:00:00-05:00,2023-01-03 00:00:00-05:00,MRK,15,-0.009878635033371386,True,False,29,0.5,0.012679034325366212,0.035425541000977834,-0.022141246770970846,-0.05537319869108115,-0.0352540081748266,-0.012682959700282104,True,True,True
Market-Residual Momentum,2022-12-01 00:00:00-05:00,2023-01-03 00:00:00-05:00,AMGN,16,-0.010169824040926367,True,False,29,0.5357142857142857,-0.09420133725404967,0.00031248728434252193,-0.09892362683487921,-0.05537319869108115,-0.0352540081748266,-0.012682959700282104,False,False,False
Market-Residual Momentum,2022-12-01 00:00:00-05:00,2023-01-03 00:00:00-05:00,TRV,17,-0.010359699003465117,True,False,29,0.5714285714285714,-0.017447670417002237,0.006285772838897641,-0.04670719860493677,-0.05537319869108115,-0.0352540081748266,-0.012682959700282104,True,True,False
Market-Residual Momentum,2022-12-01 00:00:00-05:00,2023-01-03 00:00:00-05:00,UNH,18,-0.01080157007749638,True,False,29,0.6071428571428571,-0.04636672708103917,0.0011586911894607699,-0.0634553479750054,-0.05537319869108115,-0.0352540081748266,-0.012682959700282104,True,False,False
Market-Residual Momentum,2022-12-01 00:00:00-05:00,2023-01-03 00:00:00-05:00,VZ,19,-0.011089375466468154,True,False,29,0.6428571428571429,0.0150587275634535,0.0150587275634535,-0.06636049805335742,-0.05537319869108115,-0.0352540081748266,-0.012682959700282104,True,True,True
Market-Residual Momentum,2022-12-01 00:00:00-05:00,2023-01-03 00:00:00-05:00,WMT,20,-0.01239907673534546,True,False,29,0.6785714285714286,-0.05894524302963233,0.010259791792046169,-0.07043202437300722,-0.05537319869108115,-0.0352540081748266,-0.012682959700282104,False,False,False
Market-Residual Momentum,2022-12-01 00:00:00-05:00,2023-01-03 00:00:00-05:00,MMM,21,-0.01244487771620617,True,False,29,0.7142857142857143,-0.04540439640223726,0.021366992304336252,-0.07462681927366577,-0.05537319869108115,-0.0352540081748266,-0.012682959700282104,True,False,False
Market-Residual Momentum,2022-12-01 00:00:00-05:00,2023-01-03 00:00:00-05:00,DOW,22,-0.013664326827243167,True,False,29,0.75,-0.012682959700282104,0.030829141544341576,-0.04858542191649817,-0.05537319869108115,-0.0352540081748266,-0.012682959700282104,True,True,True
Market-Residual Momentum,2022-12-01 00:00:00-05:00,2023-01-03 00:00:00-05:00,DIS,23,-0.017396180528250316,True,False,29,0.7857142857142857,-0.09083470855134401,0.018596184270281535,-0.14100343464047704,-0.05537319869108115,-0.0352540081748266,-0.012682959700282104,False,False,False
Market-Residual Momentum,2022-12-01 00:00:00-05:00,2023-01-03 00:00:00-05:00,CAT,24,-0.017713118058704458,True,False,29,0.8214285714285714,0.01595595190200183,0.03440254128910447,-0.04786847253320403,-0.05537319869108115,-0.0352540081748266,-0.012682959700282104,True,True,True
Market-Residual Momentum,2022-12-01 00:00:00-05:00,2023-01-03 00:00:00-05:00,INTC,25,-0.01771929364085778,True,False,29,0.8571428571428571,-0.10548944787100012,0.007936500427734305,-0.16170633259367906,-0.05537319869108115,-0.0352540081748266,-0.012682959700282104,False,False,False
Market-Residual Momentum,2022-12-01 00:00:00-05:00,2023-01-03 00:00:00-05:00,NKE,26,-0.018680693096511325,True,False,29,0.8928571428571429,0.08015167105129928,0.08589183131384925,-0.07355696858755356,-0.05537319869108115,-0.0352540081748266,-0.012682959700282104,True,True,True
Market-Residual Momentum,2022-12-01 00:00:00-05:00,2023-01-03 00:00:00-05:00,CVX,27,-0.021756957945442745,True,False,29,0.9285714285714286,-0.033756608847113845,0.001573909440831578,-0.09312883073148892,-0.05537319869108115,-0.0352540081748266,-0.012682959700282104,True,True,False
Market-Residual Momentum,2022-12-01 00:00:00-05:00,2023-01-03 00:00:00-05:00,CRM,28,-0.024445822402957673,True,False,29,0.9642857142857143,-0.08376836421544998,0.00027104903629715515,-0.14374813501553618,-0.05537319869108115,-0.0352540081748266,-0.012682959700282104,False,False,False
Market-Residual Momentum,2022-12-01 00:00:00-05:00,2023-01-03 00:00:00-05:00,BA,29,-0.034363084063830596,True,False,29,1.0,0.07865603578581748,0.09794269082869,-0.03370974180846675,-0.05537319869108115,-0.0352540081748266,-0.012682959700282104,True,True,True
Market-Residual Momentum,2023-01-03 00:00:00-05:00,2023-02-01 00:00:00-05:00,KO,1,-0.003757935643713073,True,True,29,0.0,-0.03807427009292175,0.002517345467949905,-0.06544994413485694,0.05421835359083116,0.018323147736303946,0.0788695507064785,False,False,False
Market-Residual Momentum,2023-01-03 00:00:00-05:00,2023-02-01 00:00:00-05:00,JNJ,2,-0.0050166014091445055,True,True,29,0.03571428571428571,-0.07476166723127453,0.027077487018960733,-0.08577447069759936,0.05421835359083116,0.018323147736303946,0.0788695507064785,False,False,False
Market-Residual Momentum,2023-01-03 00:00:00-05:00,2023-02-01 00:00:00-05:00,HON,3,-0.005225215778072556,True,True,29,0.07142857142857142,-0.038858846800082,0.009621064663292156,-0.07594717517278804,0.05421835359083116,0.018323147736303946,0.0788695507064785,False,False,False
Market-Residual Momentum,2023-01-03 00:00:00-05:00,2023-02-01 00:00:00-05:00,CSCO,4,-0.005293411967969397,True,True,29,0.10714285714285714,0.019152420412771765,0.0410560943819267,-0.038134128329058936,0.05421835359083116,0.018323147736303946,0.0788695507064785,False,True,False
Market-Residual Momentum,2023-01-03 00:00:00-05:00,2023-02-01 00:00:00-05:00,MCD,5,-0.006110204008264675,True,True,29,0.14285714285714285,0.013243521452793727,0.04500435509219414,-0.015254388617208514,0.05421835359083116,0.018323147736303946,0.0788695507064785,False,False,False
Market-Residual Momentum,2023-01-03 00:00:00-05:00,2023-02-01 00:00:00-05:00,V,6,-0.006416072044480803,True,False,29,0.17857142857142858,0.0959958161502299,0.11257651261702373,-0.014908233636210078,0.05421835359083116,0.018323147736303946,0.0788695507064785,True,True,True
Market-Residual Momentum,2023-01-03 00:00:00-05:00,2023-02-01 00:00:00-05:00,AXP,7,-0.0065955407657013465,True,False,29,0.21428571428571427,0.16344099838765325,0.19350361187086662,-0.03236697715499781,0.05421835359083116,0.018323147736303946,0.0788695507064785,True,True,True
Market-Residual Momentum,2023-01-03 00:00:00-05:00,2023-02-01 00:00:00-05:00,GS,8,-0.006663402476717817,True,False,29,0.25,0.03936335121177881,0.0835024258228676,-0.02703329380227748,0.05421835359083116,0.018323147736303946,0.0788695507064785,False,True,False
Market-Residual Momentum,2023-01-03 00:00:00-05:00,2023-02-01 00:00:00-05:00,PG,9,-0.00691977650388409,True,False,29,0.2857142857142857,-0.05285512333225917,0.02550521551271201,-0.07518712263768079,0.05421835359083116,0.018323147736303946,0.0788695507064785,False,False,False
Market-Residual Momentum,2023-01-03 00:00:00-05:00,2023-02-01 00:00:00-05:00,MSFT,10,-0.006951374876066674,True,False,29,0.32142857142857145,0.018323147736303946,0.02776849027348738,-0.09762217689105157,0.05421835359083116,0.018323147736303946,0.0788695507064785,False,False,False
Market-Residual Momentum,2023-01-03 00:00:00-05:00,2023-02-01 00:00:00-05:00,AAPL,11,-0.007754245160239925,True,False,29,0.35714285714285715,0.10508156178667583,0.13010438609353536,-0.04689899192202418,0.05421835359083116,0.018323147736303946,0.0788695507064785,True,True,True
Market-Residual Momentum,2023-01-03 00:00:00-05:00,2023-02-01 00:00:00-05:00,HD,12,-0.007907393705657517,True,False,29,0.39285714285714285,0.015656924734835043,0.05588777806754219,-0.03159887364413072,0.05421835359083116,0.018323147736303946,0.0788695507064785,False,False,False
Market-Residual Momentum,2023-01-03 00:00:00-05:00,2023-02-01 00:00:00-05:00,JPM,13,-0.008238991689121122,True,False,29,0.42857142857142855,0.029509654721819656,0.06883981606263734,-0.009982298496607589,0.05421835359083116,0.018323147736303946,0.0788695507064785,False,True,False
Market-Residual Momentum,2023-01-03 00:00:00-05:00,2023-02-01 00:00:00-05:00,MRK,14,-0.008656574821524488,True,False,29,0.4642857142857143,-0.031156643654884797,0.046010169768008424,-0.04800291274986468,0.05421835359083116,0.018323147736303946,0.0788695507064785,False,False,False
Market-Residual Momentum,2023-01-03 00:00:00-05:00,2023-02-01 00:00:00-05:00,IBM,15,-0.008775704962987296,True,False,29,0.5,-0.04684621494537888,0.04309009496029503,-0.05754784994181472,0.05421835359083116,0.018323147736303946,0.0788695507064785,False,False,False
Market-Residual Momentum,2023-01-03 00:00:00-05:00,2023-02-01 00:00:00-05:00,TRV,16,-0.009341427106148048,True,False,29,0.5357142857142857,0.012211259085599169,0.04177581025109145,-0.028654364665904652,0.05421835359083116,0.018323147736303946,0.0788695507064785,False,False,False
Market-Residual Momentum,2023-01-03 00:00:00-05:00,2023-02-01 00:00:00-05:00,UNH,17,-0.009540185297294945,True,False,29,0.5714285714285714,-0.04795014519399843,0.0009521451742442455,-0.09593808237695955,0.05421835359083116,0.018323147736303946,0.0788695507064785,False,False,False
Market-Residual Momentum,2023-01-03 00:00:00-05:00,2023-02-01 00:00:00-05:00,AMGN,18,-0.010060521152179924,True,False,29,0.6071428571428571,-0.044888281358112514,0.06121808543491847,-0.044888281358112514,0.05421835359083116,0.018323147736303946,0.0788695507064785,False,False,False
Market-Residual Momentum,2023-01-03 00:00:00-05:00,2023-02-01 00:00:00-05:00,VZ,19,-0.010804815948170288,True,False,29,0.6428571428571429,0.0724194390955275,0.07727200752148589,-0.019013223427088555,0.05421835359083116,0.018323147736303946,0.0788695507064785,True,True,False
Market-Residual Momentum,2023-01-03 00:00:00-05:00,2023-02-01 00:00:00-05:00,WMT,20,-0.01115231138566486,True,False,29,0.6785714285714286,0.007786735065794748,0.037250195664463526,-0.030726125654499392,0.05421835359083116,0.018323147736303946,0.0788695507064785,False,False,False
Market-Residual Momentum,2023-01-03 00:00:00-05:00,2023-02-01 00:00:00-05:00,DOW,21,-0.011490815043133207,True,False,29,0.7142857142857143,0.17154154078691608,0.17490118948171074,-0.005731168173421897,0.05421835359083116,0.018323147736303946,0.0788695507064785,True,True,True
Market-Residual Momentum,2023-01-03 00:00:00-05:00,2023-02-01 00:00:00-05:00,MMM,22,-0.012588929793157844,True,False,29,0.75,-0.05735694599288599,0.06895969045268702,-0.08031603865796433,0.05421835359083116,0.018323147736303946,0.0788695507064785,False,False,False
Market-Residual Momentum,2023-01-03 00:00:00-05:00,2023-02-01 00:00:00-05:00,CAT,23,-0.014417854102683703,True,False,29,0.7857142857142857,0.050983171986885845,0.11063972607334294,-0.018613910021071156,0.05421835359083116,0.018323147736303946,0.0788695507064785,False,True,False
Market-Residual Momentum,2023-01-03 00:00:00-05:00,2023-02-01 00:00:00-05:00,INTC,24,-0.01699743524486763,True,False,29,0.8214285714285714,0.031053633646629386,0.1271720642963925,-0.02513857364163985,0.05421835359083116,0.018323147736303946,0.0788695507064785,False,True,False
Market-Residual Momentum,2023-01-03 00:00:00-05:00,2023-02-01 00:00:00-05:00,DIS,25,-0.017688660257420885,True,False,29,0.8571428571428571,0.2193751635896266,0.24275117210775843,-0.012924269302011515,0.05421835359083116,0.018323147736303946,0.0788695507064785,True,True,True
Market-Residual Momentum,2023-01-03 00:00:00-05:00,2023-02-01 00:00:00-05:00,CVX,26,-0.017793223339397812,True,False,29,0.8928571428571429,-0.03498865248614258,0.05487552891737146,-0.045512453408993014,0.05421835359083116,0.018323147736303946,0.0788695507064785,False,False,False
Market-Residual Momentum,2023-01-03 00:00:00-05:00,2023-02-01 00:00:00-05:00,CRM,27,-0.02139856469568846,True,False,29,0.9285714285714286,0.24069823414510938,0.24276950653104867,-0.015977539929741158,0.05421835359083116,0.018323147736303946,0.0788695507064785,True,True,True
Market-Residual Momentum,2023-01-03 00:00:00-05:00,2023-02-01 00:00:00-05:00,NKE,28,-0.022342018342026537,True,False,29,0.9642857142857143,0.0788695507064785,0.09008852768973652,-0.009363142823935133,0.05421835359083116,0.018323147736303946,0.0788695507064785,True,True,True
Market-Residual Momentum,2023-01-03 00:00:00-05:00,2023-02-01 00:00:00-05:00,BA,29,-0.02862198832418228,True,False,29,1.0,0.09930035742498067,0.1227779363363295,-0.0028504952602064204,0.05421835359083116,0.018323147736303946,0.0788695507064785,True,True,True
Market-Residual Momentum,2023-02-01 00:00:00-05:00,2023-03-01 00:00:00-05:00,KO,1,-0.0035775540121182337,True,True,29,0.0,-0.032875319555324856,0.00719663797511827,-0.03696423255206682,-0.02418476285949489,-0.029791633602742507,-0.017806873129187606,False,False,False
Market-Residual Momentum,2023-02-01 00:00:00-05:00,2023-03-01 00:00:00-05:00,JNJ,2,-0.004683487250792484,True,True,29,0.03571428571428571,-0.05447864582081785,0.020553493583193472,-0.05447864582081785,-0.02418476285949489,-0.029791633602742507,-0.017806873129187606,False,False,False
Market-Residual Momentum,2023-02-01 00:00:00-05:00,2023-03-01 00:00:00-05:00,IBM,3,-0.0053042269234321315,True,True,29,0.07142857142857142,-0.029791633602742507,0.034111195872226,-0.030092701886636153,-0.02418476285949489,-0.029791633602742507,-0.017806873129187606,False,False,False
Market-Residual Momentum,2023-02-01 00:00:00-05:00,2023-03-01 00:00:00-05:00,CSCO,4,-0.005478760314025055,True,True,29,0.10714285714285714,0.0010333065733170166,0.06922925650650447,-0.04050433765945238,-0.02418476285949489,-0.029791633602742507,-0.017806873129187606,True,True,True
Market-Residual Momentum,2023-02-01 00:00:00-05:00,2023-03-01 00:00:00-05:00,AXP,5,-0.005748659667536682,True,True,29,0.14285714285714285,0.0007498435486554822,0.05058242610383257,-0.013265881824420012,-0.02418476285949489,-0.029791633602742507,-0.017806873129187606,True,True,True
Market-Residual Momentum,2023-02-01 00:00:00-05:00,2023-03-01 00:00:00-05:00,HON,6,-0.00596010552274806,True,False,29,0.17857142857142858,-0.07326202329381082,0.005014174489491374,-0.08088119240201197,-0.02418476285949489,-0.029791633602742507,-0.017806873129187606,False,False,False
Market-Residual Momentum,2023-02-01 00:00:00-05:00,2023-03-01 00:00:00-05:00,MCD,7,-0.006261332609325598,True,False,29,0.21428571428571427,-0.011100848242666106,0.012957531579084192,-0.02557883171502162,-0.02418476285949489,-0.029791633602742507,-0.017806873129187606,True,True,True
Market-Residual Momentum,2023-02-01 00:00:00-05:00,2023-03-01 00:00:00-05:00,V,8,-0.006398988531780114,True,False,29,0.25,-0.041331249172024465,0.021493617625367945,-0.050067961006053374,-0.02418476285949489,-0.029791633602742507,-0.017806873129187606,False,False,False
Market-Residual Momentum,2023-02-01 00:00:00-05:00,2023-03-01 00:00:00-05:00,PG,9,-0.0068240015305711665,True,False,29,0.2857142857142857,-0.02836401862167459,0.014217372229927916,-0.04398902883022626,-0.02418476285949489,-0.029791633602742507,-0.017806873129187606,False,True,False
Market-Residual Momentum,2023-02-01 00:00:00-05:00,2023-03-01 00:00:00-05:00,JPM,10,-0.007816068230487971,True,False,29,0.32142857142857145,0.0281456426179163,0.04435283881604524,-0.0055709570396847985,-0.02418476285949489,-0.029791633602742507,-0.017806873129187606,True,True,True
Market-Residual Momentum,2023-02-01 00:00:00-05:00,2023-03-01 00:00:00-05:00,AAPL,11,-0.007870135017576163,True,False,29,0.35714285714285715,0.02142252536722289,0.09314440139618219,-0.018406569938288597,-0.02418476285949489,-0.029791633602742507,-0.017806873129187606,True,True,True
Market-Residual Momentum,2023-02-01 00:00:00-05:00,2023-03-01 00:00:00-05:00,HD,12,-0.007996019857436365,True,False,29,0.39285714285714285,-0.09451263649133312,0.05918315986851019,-0.09451263649133312,-0.02418476285949489,-0.029791633602742507,-0.017806873129187606,False,False,False
Market-Residual Momentum,2023-02-01 00:00:00-05:00,2023-03-01 00:00:00-05:00,MSFT,13,-0.008017230420229615,True,False,29,0.42857142857142855,0.015569801168741071,0.11806857956502337,-0.010201607981035754,-0.02418476285949489,-0.029791633602742507,-0.017806873129187606,True,True,True
Market-Residual Momentum,2023-02-01 00:00:00-05:00,2023-03-01 00:00:00-05:00,GS,14,-0.008169442341606659,True,False,29,0.4642857142857143,-0.020073113028501566,0.057309720587461976,-0.02163739341537263,-0.02418476285949489,-0.029791633602742507,-0.017806873129187606,True,True,False
Market-Residual Momentum,2023-02-01 00:00:00-05:00,2023-03-01 00:00:00-05:00,UNH,15,-0.008187562331710141,True,False,29,0.5,-0.05268523889789456,0.008860871222354794,-0.07212711708965658,-0.02418476285949489,-0.029791633602742507,-0.017806873129187606,False,False,False
Market-Residual Momentum,2023-02-01 00:00:00-05:00,2023-03-01 00:00:00-05:00,MRK,16,-0.008435851157469143,True,False,29,0.5357142857142857,-0.009441786452068945,0.039917660446251224,-0.04879877512309527,-0.02418476285949489,-0.029791633602742507,-0.017806873129187606,True,True,True
Market-Residual Momentum,2023-02-01 00:00:00-05:00,2023-03-01 00:00:00-05:00,TRV,17,-0.009311497558604387,True,False,29,0.5714285714285714,-0.026456481680426913,0.004815044478552188,-0.0651886495107592,-0.02418476285949489,-0.029791633602742507,-0.017806873129187606,False,True,False
Market-Residual Momentum,2023-02-01 00:00:00-05:00,2023-03-01 00:00:00-05:00,VZ,18,-0.00969248319363436,True,False,29,0.6071428571428571,-0.07811395102752194,0.0002381119584078384,-0.0928792729379182,-0.02418476285949489,-0.029791633602742507,-0.017806873129187606,False,False,False
Market-Residual Momentum,2023-02-01 00:00:00-05:00,2023-03-01 00:00:00-05:00,AMGN,19,-0.010615968103947826,True,False,29,0.6428571428571429,-0.06725976643567888,0.0032106641804927616,-0.06725976643567888,-0.02418476285949489,-0.029791633602742507,-0.017806873129187606,False,False,False
Market-Residual Momentum,2023-02-01 00:00:00-05:00,2023-03-01 00:00:00-05:00,DOW,20,-0.01068224142037133,True,False,29,0.6785714285714286,-0.02171990516720468,0.026906156814672233,-0.05431855957865761,-0.02418476285949489,-0.029791633602742507,-0.017806873129187606,True,True,False
Market-Residual Momentum,2023-02-01 00:00:00-05:00,2023-03-01 00:00:00-05:00,WMT,21,-0.011314299511976711,True,False,29,0.7142857142857143,-0.018098251171653423,0.0325769922159409,-0.03459554675515697,-0.02418476285949489,-0.029791633602742507,-0.017806873129187606,True,True,False
Market-Residual Momentum,2023-02-01 00:00:00-05:00,2023-03-01 00:00:00-05:00,CAT,22,-0.013001008649542567,True,False,29,0.75,-0.038689203243587156,0.003773572783484447,-0.0743990741706545,-0.02418476285949489,-0.029791633602742507,-0.017806873129187606,False,False,False
Market-Residual Momentum,2023-02-01 00:00:00-05:00,2023-03-01 00:00:00-05:00,MMM,23,-0.01530287405937314,True,False,29,0.7857142857142857,-0.017806873129187606,0.05499788261323757,-0.055665166465475924,-0.02418476285949489,-0.029791633602742507,-0.017806873129187606,True,True,True
Market-Residual Momentum,2023-02-01 00:00:00-05:00,2023-03-01 00:00:00-05:00,INTC,24,-0.016718375247307016,True,False,29,0.8214285714285714,-0.09161021910128553,0.11760489969884946,-0.10249797172362873,-0.02418476285949489,-0.029791633602742507,-0.017806873129187606,False,False,False
Market-Residual Momentum,2023-02-01 00:00:00-05:00,2023-03-01 00:00:00-05:00,CVX,25,-0.017192872132134163,True,False,29,0.8571428571428571,-0.05510727271651861,0.015013046016730591,-0.06690967290723004,-0.02418476285949489,-0.029791633602742507,-0.017806873129187606,False,False,False
Market-Residual Momentum,2023-02-01 00:00:00-05:00,2023-03-01 00:00:00-05:00,DIS,26,-0.01849099279623201,True,False,29,0.8928571428571429,-0.08580650482410668,0.08921649385757147,-0.08792646719923058,-0.02418476285949489,-0.029791633602742507,-0.017806873129187606,False,False,False
Market-Residual Momentum,2023-02-01 00:00:00-05:00,2023-03-01 00:00:00-05:00,NKE,27,-0.020584895524956792,True,False,29,0.9285714285714286,-0.07779504197638809,0.026661528447293303,-0.08256454439567451,-0.02418476285949489,-0.029791633602742507,-0.017806873129187606,False,False,False
Market-Residual Momentum,2023-02-01 00:00:00-05:00,2023-03-01 00:00:00-05:00,CRM,28,-0.021714727295236824,True,False,29,0.9642857142857143,-0.028259459560211142,0.06623750134674755,-0.048113061894561326,-0.02418476285949489,-0.029791633602742507,-0.017806873129187606,False,True,False
Market-Residual Momentum,2023-02-01 00:00:00-05:00,2023-03-01 00:00:00-05:00,BA,29,-0.026128355649951973,True,False,29,1.0,-0.050162648432566015,0.04346801751059526,-0.06953938973908125,-0.02418476285949489,-0.029791633602742507,-0.017806873129187606,False,False,False
Market-Residual Momentum,2023-03-01 00:00:00-05:00,2023-04-03 00:00:00-04:00,KO,1,-0.003722260318254844,True,True,29,0.0,0.061692267092019026,0.061692267092019026,-0.012853071579602693,0.0379364734424652,0.026291650509159714,0.061692267092019026,True,True,True
Market-Residual Momentum,2023-03-01 00:00:00-05:00,2023-04-03 00:00:00-04:00,PG,2,-0.004352822733076356,True,True,29,0.03571428571428571,0.07518982232378613,0.07707342947821116,-0.014125332522406775,0.0379364734424652,0.026291650509159714,0.061692267092019026,True,True,True
Market-Residual Momentum,2023-03-01 00:00:00-05:00,2023-04-03 00:00:00-04:00,JNJ,3,-0.004917045052844737,True,True,29,0.07142857142857142,0.012678994299173851,0.021174932166858618,-0.018952841526179598,0.0379364734424652,0.026291650509159714,0.061692267092019026,False,False,False
Market-Residual Momentum,2023-03-01 00:00:00-05:00,2023-04-03 00:00:00-04:00,V,4,-0.0056633073452001526,True,True,29,0.10714285714285714,0.026291650509159714,0.036270682794465436,-0.048756113502059883,0.0379364734424652,0.026291650509159714,0.061692267092019026,False,False,False
Market-Residual Momentum,2023-03-01 00:00:00-05:00,2023-04-03 00:00:00-04:00,HON,5,-0.005979736303305172,True,True,29,0.14285714285714285,-0.003305536309906265,0.04240535443516791,-0.0364640262387077,0.0379364734424652,0.026291650509159714,0.061692267092019026,False,False,False
Market-Residual Momentum,2023-03-01 00:00:00-05:00,2023-04-03 00:00:00-04:00,CSCO,6,-0.006089689146158261,True,False,29,0.17857142857142858,0.07473161674923201,0.08071859807924087,-0.008670482676556679,0.0379364734424652,0.026291650509159714,0.061692267092019026,True,True,True
Market-Residual Momentum,2023-03-01 00:00:00-05:00,2023-04-03 00:00:00-04:00,MCD,7,-0.0063187399602064875,True,False,29,0.21428571428571427,0.07027474292915437,0.07027474292915437,-0.008265600602095358,0.0379364734424652,0.026291650509159714,0.061692267092019026,True,True,True
Market-Residual Momentum,2023-03-01 00:00:00-05:00,2023-04-03 00:00:00-04:00,WMT,8,-0.006611538356371516,True,False,29,0.25,0.05157744401047748,0.05663117323223221,-0.035233179557778826,0.0379364734424652,0.026291650509159714,0.061692267092019026,True,True,False
Market-Residual Momentum,2023-03-01 00:00:00-05:00,2023-04-03 00:00:00-04:00,IBM,9,-0.00687358238237612,True,False,29,0.2857142857142857,0.016058939461194965,0.02001542952954871,-0.055779748320014644,0.0379364734424652,0.026291650509159714,0.061692267092019026,False,False,False
Market-Residual Momentum,2023-03-01 00:00:00-05:00,2023-04-03 00:00:00-04:00,JPM,10,-0.0071965124274522285,True,False,29,0.32142857142857145,-0.08578472615300448,0.013652294329077774,-0.13363825280874542,0.0379364734424652,0.026291650509159714,0.061692267092019026,False,False,False
Market-Residual Momentum,2023-03-01 00:00:00-05:00,2023-04-03 00:00:00-04:00,MSFT,11,-0.008404825075111755,True,False,29,0.35714285714285715,0.14045953543390266,0.15140563376088712,-0.02053756257918815,0.0379364734424652,0.026291650509159714,0.061692267092019026,True,True,True
Market-Residual Momentum,2023-03-01 00:00:00-05:00,2023-04-03 00:00:00-04:00,GS,12,-0.00840720138349349,True,False,29,0.39285714285714285,-0.06654479202767927,0.027104210028803255,-0.1360087619623963,0.0379364734424652,0.026291650509159714,0.061692267092019026,False,False,False
Market-Residual Momentum,2023-03-01 00:00:00-05:00,2023-04-03 00:00:00-04:00,AAPL,13,-0.008496279770579762,True,False,29,0.42857142857142855,0.1187766853150587,0.12374852803692504,-0.019955148632125885,0.0379364734424652,0.026291650509159714,0.061692267092019026,True,True,True
Market-Residual Momentum,2023-03-01 00:00:00-05:00,2023-04-03 00:00:00-04:00,HD,14,-0.008850027120890891,True,False,29,0.4642857142857143,0.01742013694813105,0.02805553210262346,-0.03412872217337015,0.0379364734424652,0.026291650509159714,0.061692267092019026,False,False,False
Market-Residual Momentum,2023-03-01 00:00:00-05:00,2023-04-03 00:00:00-04:00,VZ,15,-0.009335707656091818,True,False,29,0.5,0.00878313632213601,0.00878321669151405,-0.06587429555625501,0.0379364734424652,0.026291650509159714,0.061692267092019026,False,False,False
Market-Residual Momentum,2023-03-01 00:00:00-05:00,2023-04-03 00:00:00-04:00,MRK,16,-0.009468306246177671,True,False,29,0.5357142857142857,0.006857206513184,0.05870139979383615,-0.026498849555378734,0.0379364734424652,0.026291650509159714,0.061692267092019026,False,False,False
Market-Residual Momentum,2023-03-01 00:00:00-05:00,2023-04-03 00:00:00-04:00,TRV,17,-0.009902347144376544,True,False,29,0.5714285714285714,-0.06560441228546876,0.005108903497761386,-0.11854758903957174,0.0379364734424652,0.026291650509159714,0.061692267092019026,False,False,False
Market-Residual Momentum,2023-03-01 00:00:00-05:00,2023-04-03 00:00:00-04:00,DOW,18,-0.010144132622409763,True,False,29,0.6071428571428571,-0.036131821766795524,0.02548441071116825,-0.14121138062649985,0.0379364734424652,0.026291650509159714,0.061692267092019026,False,False,False
Market-Residual Momentum,2023-03-01 00:00:00-05:00,2023-04-03 00:00:00-04:00,UNH,19,-0.010654612675738417,True,False,29,0.6428571428571429,0.02812069503804615,0.030430326507704386,-0.030384082937917167,0.0379364734424652,0.026291650509159714,0.061692267092019026,False,True,False
Market-Residual Momentum,2023-03-01 00:00:00-05:00,2023-04-03 00:00:00-04:00,AMGN,20,-0.01117781247308336,True,False,29,0.6785714285714286,0.050484048023069494,0.054000155873418,-0.021573978537366756,0.0379364734424652,0.026291650509159714,0.061692267092019026,True,True,False
Market-Residual Momentum,2023-03-01 00:00:00-05:00,2023-04-03 00:00:00-04:00,AXP,21,-0.011959660521084214,True,False,29,0.7142857142857143,-0.05417559363716562,0.040401143039580756,-0.10725620240004552,0.0379364734424652,0.026291650509159714,0.061692267092019026,False,False,False
Market-Residual Momentum,2023-03-01 00:00:00-05:00,2023-04-03 00:00:00-04:00,MMM,22,-0.012856826553590217,True,False,29,0.75,-0.05304411171925283,0.011617381837742524,-0.09798279422544498,0.0379364734424652,0.026291650509159714,0.061692267092019026,False,False,False
Market-Residual Momentum,2023-03-01 00:00:00-05:00,2023-04-03 00:00:00-04:00,CAT,23,-0.013282675755912465,True,False,29,0.7857142857142857,-0.04958471240069895,0.056567875222551134,-0.1263583738256694,0.0379364734424652,0.026291650509159714,0.061692267092019026,False,False,False
Market-Residual Momentum,2023-03-01 00:00:00-05:00,2023-04-03 00:00:00-04:00,INTC,24,-0.013794364769517453,True,False,29,0.8214285714285714,0.31602077173222676,0.31602077173222676,-0.0023971782518978912,0.0379364734424652,0.026291650509159714,0.061692267092019026,True,True,True
Market-Residual Momentum,2023-03-01 00:00:00-05:00,2023-04-03 00:00:00-04:00,CVX,25,-0.01603084854222936,True,False,29,0.8571428571428571,0.04605354414653662,0.04605354414653662,-0.07647894322808202,0.0379364734424652,0.026291650509159714,0.061692267092019026,True,True,False
Market-Residual Momentum,2023-03-01 00:00:00-05:00,2023-04-03 00:00:00-04:00,DIS,26,-0.01745742652484139,True,False,29,0.8928571428571429,0.010283267897348125,0.035386621735972845,-0.088012946851039,0.0379364734424652,0.026291650509159714,0.061692267092019026,False,False,False
Market-Residual Momentum,2023-03-01 00:00:00-05:00,2023-04-03 00:00:00-04:00,NKE,27,-0.020131570479526406,True,False,29,0.9285714285714286,0.04153695842890537,0.0718053817051254,-0.015513798831173542,0.0379364734424652,0.026291650509159714,0.061692267092019026,True,True,False
Market-Residual Momentum,2023-03-01 00:00:00-05:00,2023-04-03 00:00:00-04:00,CRM,28,-0.023084194028628602,True,False,29,0.9642857142857143,0.21614790346051382,0.22706888426953165,-6.14133706832165e-05,0.0379364734424652,0.026291650509159714,0.061692267092019026,True,True,True
Market-Residual Momentum,2023-03-01 00:00:00-05:00,2023-04-03 00:00:00-04:00,BA,29,-0.024304094870922555,True,False,29,1.0,0.05623666929273052,0.07271551003980892,-0.04496946197299545,0.0379364734424652,0.026291650509159714,0.061692267092019026,True,True,False
Market-Residual Momentum,2023-04-03 00:00:00-04:00,2023-05-01 00:00:00-04:00,KO,1,-0.0041185317117092834,True,True,29,0.0,0.02969510914042739,0.04317822123643311,-0.007062578364322669,0.016191572210576544,0.021954025574769664,0.05242186622459566,True,True,False
Market-Residual Momentum,2023-04-03 00:00:00-04:00,2023-05-01 00:00:00-04:00,JNJ,2,-0.004239477368727873,True,True,29,0.03571428571428571,0.05582441646771663,0.07925121642975186,-0.006518196364813766,0.016191572210576544,0.021954025574769664,0.05242186622459566,True,True,True
Market-Residual Momentum,2023-04-03 00:00:00-04:00,2023-05-01 00:00:00-04:00,PG,3,-0.00452355910488067,True,True,29,0.07142857142857142,0.05778421877501927,0.07188521249197355,-0.009027800336941616,0.016191572210576544,0.021954025574769664,0.05242186622459566,True,True,True
Market-Residual Momentum,2023-04-03 00:00:00-04:00,2023-05-01 00:00:00-04:00,V,4,-0.005739191884712613,True,True,29,0.10714285714285714,0.03392090390418079,0.04590880228833294,-0.004928298323525038,0.016191572210576544,0.021954025574769664,0.05242186622459566,True,True,False
Market-Residual Momentum,2023-04-03 00:00:00-04:00,2023-05-01 00:00:00-04:00,CSCO,5,-0.00608283451349767,True,True,29,0.14285714285714285,-0.08654339441033121,0.011962899545330696,-0.11034747937030309,0.016191572210576544,0.021954025574769664,0.05242186622459566,False,False,False
Market-Residual Momentum,2023-04-03 00:00:00-04:00,2023-05-01 00:00:00-04:00,HON,6,-0.006161966896419235,True,False,29,0.17857142857142858,0.049483327304645996,0.053733750793766744,-0.008185768561349671,0.016191572210576544,0.021954025574769664,0.05242186622459566,True,True,False
Market-Residual Momentum,2023-04-03 00:00:00-04:00,2023-05-01 00:00:00-04:00,MCD,7,-0.00634407850797325,True,False,29,0.21428571428571427,0.05242186622459566,0.054058867710562675,-0.004662079092216276,0.016191572210576544,0.021954025574769664,0.05242186622459566,True,True,True
Market-Residual Momentum,2023-04-03 00:00:00-04:00,2023-05-01 00:00:00-04:00,IBM,8,-0.006864494760807527,True,False,29,0.25,-0.03527533891400825,0.012521946815017726,-0.04894259894323971,0.016191572210576544,0.021954025574769664,0.05242186622459566,False,False,False
Market-Residual Momentum,2023-04-03 00:00:00-04:00,2023-05-01 00:00:00-04:00,WMT,9,-0.007016655815990758,True,False,29,0.2857142857142857,0.022405658457919975,0.04074985841001566,-0.00480623596291696,0.016191572210576544,0.021954025574769664,0.05242186622459566,True,True,False
Market-Residual Momentum,2023-04-03 00:00:00-04:00,2023-05-01 00:00:00-04:00,AAPL,10,-0.008095141163647623,True,False,29,0.32142857142857145,0.030498463550068244,0.033968459909608395,-0.027333105061955187,0.016191572210576544,0.021954025574769664,0.05242186622459566,True,True,False
Market-Residual Momentum,2023-04-03 00:00:00-04:00,2023-05-01 00:00:00-04:00,HD,11,-0.008825367580871935,True,False,29,0.35714285714285715,0.013938572813170014,0.02824982663811504,-0.036049835079973724,0.016191572210576544,0.021954025574769664,0.05242186622459566,False,False,False
Market-Residual Momentum,2023-04-03 00:00:00-04:00,2023-05-01 00:00:00-04:00,VZ,12,-0.00944593764751267,True,False,29,0.39285714285714285,0.01967361371670373,0.03555344959063533,-0.04800961832302675,0.016191572210576544,0.021954025574769664,0.05242186622459566,True,False,False
Market-Residual Momentum,2023-04-03 00:00:00-04:00,2023-05-01 00:00:00-04:00,MMM,13,-0.009783590376393758,True,False,29,0.42857142857142855,0.01131726064653571,0.020447178091791418,-0.03899177129219855,0.016191572210576544,0.021954025574769664,0.05242186622459566,False,False,False
Market-Residual Momentum,2023-04-03 00:00:00-04:00,2023-05-01 00:00:00-04:00,UNH,14,-0.00998262535207417,True,False,29,0.4642857142857143,0.01935284875388632,0.09326028973828793,-0.014097406373206223,0.016191572210576544,0.021954025574769664,0.05242186622459566,True,False,False
Market-Residual Momentum,2023-04-03 00:00:00-04:00,2023-05-01 00:00:00-04:00,MRK,15,-0.010255420456480535,True,False,29,0.5,0.09296838703795207,0.10297303803231928,-0.003586571631555624,0.016191572210576544,0.021954025574769664,0.05242186622459566,True,True,True
Market-Residual Momentum,2023-04-03 00:00:00-04:00,2023-05-01 00:00:00-04:00,DOW,16,-0.010265171666196116,True,False,29,0.5357142857142857,-0.013763366668587351,0.04563567982307659,-0.05450924478180963,0.016191572210576544,0.021954025574769664,0.05242186622459566,False,False,False
Market-Residual Momentum,2023-04-03 00:00:00-04:00,2023-05-01 00:00:00-04:00,JPM,17,-0.010448707384911105,True,False,29,0.5714285714285714,0.10366010719974583,0.10366010719974583,-0.02077900560807222,0.016191572210576544,0.021954025574769664,0.05242186622459566,True,True,True
Market-Residual Momentum,2023-04-03 00:00:00-04:00,2023-05-01 00:00:00-04:00,MSFT,18,-0.010457826165601425,True,False,29,0.6071428571428571,0.07137370054313297,0.07821452792391637,-0.03710566211124977,0.016191572210576544,0.021954025574769664,0.05242186622459566,True,True,True
Market-Residual Momentum,2023-04-03 00:00:00-04:00,2023-05-01 00:00:00-04:00,GS,19,-0.010588674730354297,True,False,29,0.6428571428571429,0.0549151429974033,0.05801199563760129,-0.020757794162266863,0.016191572210576544,0.021954025574769664,0.05242186622459566,True,True,True
Market-Residual Momentum,2023-04-03 00:00:00-04:00,2023-05-01 00:00:00-04:00,AMGN,20,-0.011098227138171213,True,False,29,0.6785714285714286,-0.008140569767047023,0.05966953425568078,-0.036487643391387325,0.016191572210576544,0.021954025574769664,0.05242186622459566,False,False,False
Market-Residual Momentum,2023-04-03 00:00:00-04:00,2023-05-01 00:00:00-04:00,TRV,21,-0.011943374192976752,True,False,29,0.7142857142857143,0.05408696096592891,0.08361580208673836,-0.023506271733405026,0.016191572210576544,0.021954025574769664,0.05242186622459566,True,True,True
Market-Residual Momentum,2023-04-03 00:00:00-04:00,2023-05-01 00:00:00-04:00,AXP,22,-0.013745774800465571,True,False,29,0.75,-0.010117517597971082,0.018627648333275015,-0.05806747376156096,0.016191572210576544,0.021954025574769664,0.05242186622459566,False,False,False
Market-Residual Momentum,2023-04-03 00:00:00-04:00,2023-05-01 00:00:00-04:00,CAT,23,-0.015096522703390347,True,False,29,0.7857142857142857,-0.0412129825090658,0.016694977124420474,-0.10809291987489744,0.016191572210576544,0.021954025574769664,0.05242186622459566,False,False,False
Market-Residual Momentum,2023-04-03 00:00:00-04:00,2023-05-01 00:00:00-04:00,CVX,24,-0.015617389887854327,True,False,29,0.8214285714285714,-0.012308611290134497,0.027024479333968232,-0.033863383848180884,0.016191572210576544,0.021954025574769664,0.05242186622459566,False,False,False
Market-Residual Momentum,2023-04-03 00:00:00-04:00,2023-05-01 00:00:00-04:00,DIS,25,-0.017479836873689703,True,False,29,0.8571428571428571,0.021954025574769664,0.02345081597228349,-0.03742138885413271,0.016191572210576544,0.021954025574769664,0.05242186622459566,True,False,False
Market-Residual Momentum,2023-04-03 00:00:00-04:00,2023-05-01 00:00:00-04:00,INTC,26,-0.019225002621910514,True,False,29,0.8928571428571429,-0.0555555841636074,0.027322292546660076,-0.13448699036470435,0.016191572210576544,0.021954025574769664,0.05242186622459566,False,False,False
Market-Residual Momentum,2023-04-03 00:00:00-04:00,2023-05-01 00:00:00-04:00,NKE,27,-0.02038515462799051,True,False,29,0.9285714285714286,0.036081551080795915,0.04073482709293641,-0.037959109301890614,0.016191572210576544,0.021954025574769664,0.05242186622459566,True,True,False
Market-Residual Momentum,2023-04-03 00:00:00-04:00,2023-05-01 00:00:00-04:00,BA,28,-0.02396140719374451,True,False,29,0.9642857142857143,-0.030780089087520834,0.027114681342638614,-0.06884402699801762,0.016191572210576544,0.021954025574769664,0.05242186622459566,False,False,False
Market-Residual Momentum,2023-04-03 00:00:00-04:00,2023-05-01 00:00:00-04:00,CRM,29,-0.02612696448402696,True,False,29,1.0,-0.002320619135985247,0.009585373072012349,-0.055039751278766924,0.016191572210576544,0.021954025574769664,0.05242186622459566,False,False,False
Market-Residual Momentum,2023-05-01 00:00:00-04:00,2023-06-01 00:00:00-04:00,KO,1,-0.003478068741496032,True,True,29,0.0,-0.06562732648662783,0.00841778492101053,-0.07451287406582563,0.006306032897097857,-0.04309701360194351,-0.013748870782771538,False,False,False
Market-Residual Momentum,2023-05-01 00:00:00-04:00,2023-06-01 00:00:00-04:00,PG,2,-0.0043396818891995315,True,True,29,0.03571428571428571,-0.08190735019500273,0.009869951875413951,-0.0905596086596504,0.006306032897097857,-0.04309701360194351,-0.013748870782771538,False,False,False
Market-Residual Momentum,2023-05-01 00:00:00-04:00,2023-06-01 00:00:00-04:00,MCD,3,-0.005169169525768513,True,True,29,0.07142857142857142,-0.03652088108584295,0.010618309704733875,-0.04183003687176434,0.006306032897097857,-0.04309701360194351,-0.013748870782771538,False,True,False
Market-Residual Momentum,2023-05-01 00:00:00-04:00,2023-06-01 00:00:00-04:00,V,4,-0.005338814413460957,True,True,29,0.10714285714285714,-0.04167891828645187,0.008330930067522724,-0.07003303343138545,0.006306032897097857,-0.04309701360194351,-0.013748870782771538,False,True,False
Market-Residual Momentum,2023-05-01 00:00:00-04:00,2023-06-01 00:00:00-04:00,JNJ,5,-0.005583148792032366,True,True,29,0.14285714285714285,-0.04825205675829225,0.015770150134885252,-0.055765353242605675,0.006306032897097857,-0.04309701360194351,-0.013748870782771538,False,False,False
Market-Residual Momentum,2023-05-01 00:00:00-04:00,2023-06-01 00:00:00-04:00,HON,6,-0.00588401436468422,True,False,29,0.17857142857142858,-0.035717081031375386,0.010799942914863081,-0.04506577360303754,0.006306032897097857,-0.04309701360194351,-0.013748870782771538,False,True,False
Market-Residual Momentum,2023-05-01 00:00:00-04:00,2023-06-01 00:00:00-04:00,WMT,7,-0.006370116582217311,True,False,29,0.21428571428571427,-0.028301041718600595,0.02579655426714189,-0.03627623708361327,0.006306032897097857,-0.04309701360194351,-0.013748870782771538,False,True,False
Market-Residual Momentum,2023-05-01 00:00:00-04:00,2023-06-01 00:00:00-04:00,AAPL,8,-0.007033873011334735,True,False,29,0.25,0.05119213276123791,0.06095279973045442,-0.029359523147049815,0.006306032897097857,-0.04309701360194351,-0.013748870782771538,True,True,True
Market-Residual Momentum,2023-05-01 00:00:00-04:00,2023-06-01 00:00:00-04:00,IBM,9,-0.007056021958930292,True,False,29,0.2857142857142857,0.030402659882909022,0.043479196679545584,-0.03632744517011577,0.006306032897097857,-0.04309701360194351,-0.013748870782771538,True,True,True
Market-Residual Momentum,2023-05-01 00:00:00-04:00,2023-06-01 00:00:00-04:00,CSCO,10,-0.00755185910881051,True,False,29,0.32142857142857145,0.05423722727333824,0.06970359057759978,-0.0347457404307876,0.006306032897097857,-0.04309701360194351,-0.013748870782771538,True,True,True
Market-Residual Momentum,2023-05-01 00:00:00-04:00,2023-06-01 00:00:00-04:00,HD,11,-0.007846789319580938,True,False,29,0.35714285714285715,-0.04309701360194351,0.001939884109149137,-0.07321568738902029,0.006306032897097857,-0.04309701360194351,-0.013748870782771538,False,False,False
Market-Residual Momentum,2023-05-01 00:00:00-04:00,2023-06-01 00:00:00-04:00,MMM,12,-0.009066302362893852,True,False,29,0.39285714285714285,-0.10766598255746906,0.004607856008361111,-0.11033901459597661,0.006306032897097857,-0.04309701360194351,-0.013748870782771538,False,False,False
Market-Residual Momentum,2023-05-01 00:00:00-04:00,2023-06-01 00:00:00-04:00,VZ,13,-0.00935467439599802,True,False,29,0.42857142857142855,-0.09114115290195246,0.00025535197084591843,-0.11488377857195886,0.006306032897097857,-0.04309701360194351,-0.013748870782771538,False,False,False
Market-Residual Momentum,2023-05-01 00:00:00-04:00,2023-06-01 00:00:00-04:00,AMGN,14,-0.009490570321674885,True,False,29,0.4642857142857143,-0.07496816058815658,0.005291023117609095,-0.09801403269663878,0.006306032897097857,-0.04309701360194351,-0.013748870782771538,False,False,False
Market-Residual Momentum,2023-05-01 00:00:00-04:00,2023-06-01 00:00:00-04:00,DOW,15,-0.009944453328668446,True,False,29,0.5,-0.08756911403258572,0.008263181820339582,-0.09985905856192401,0.006306032897097857,-0.04309701360194351,-0.013748870782771538,False,False,False
Market-Residual Momentum,2023-05-01 00:00:00-04:00,2023-06-01 00:00:00-04:00,GS,16,-0.010004558309284817,True,False,29,0.5357142857142857,-0.04961229820919211,0.00991136109024171,-0.0776922790525213,0.006306032897097857,-0.04309701360194351,-0.013748870782771538,False,False,False
Market-Residual Momentum,2023-05-01 00:00:00-04:00,2023-06-01 00:00:00-04:00,MRK,17,-0.010339987504920267,True,False,29,0.5714285714285714,-0.04438677462888585,0.03324703117376515,-0.06329879767889146,0.006306032897097857,-0.04309701360194351,-0.013748870782771538,False,False,False
Market-Residual Momentum,2023-05-01 00:00:00-04:00,2023-06-01 00:00:00-04:00,MSFT,18,-0.010674062170873744,True,False,29,0.6071428571428571,0.06408605545100676,0.09817704432041907,-0.01162973168811443,0.006306032897097857,-0.04309701360194351,-0.013748870782771538,True,True,True
Market-Residual Momentum,2023-05-01 00:00:00-04:00,2023-06-01 00:00:00-04:00,JPM,19,-0.011348987862240478,True,False,29,0.6428571428571429,-0.04034873575877218,0.007802619522090604,-0.07345708183940425,0.006306032897097857,-0.04309701360194351,-0.013748870782771538,False,True,False
Market-Residual Momentum,2023-05-01 00:00:00-04:00,2023-06-01 00:00:00-04:00,TRV,20,-0.012476802761582362,True,False,29,0.6785714285714286,-0.05702539354903302,0.030509813481105263,-0.06251722081680733,0.006306032897097857,-0.04309701360194351,-0.013748870782771538,False,False,False
Market-Residual Momentum,2023-05-01 00:00:00-04:00,2023-06-01 00:00:00-04:00,UNH,21,-0.012575616375021359,True,False,29,0.7142857142857143,-0.013748870782771538,0.012656779329107692,-0.044582457422568056,0.006306032897097857,-0.04309701360194351,-0.013748870782771538,False,True,True
Market-Residual Momentum,2023-05-01 00:00:00-04:00,2023-06-01 00:00:00-04:00,CVX,22,-0.01263767201993049,True,False,29,0.75,-0.0890132238099941,0.006081861384765741,-0.09467301425185215,0.006306032897097857,-0.04309701360194351,-0.013748870782771538,False,False,False
Market-Residual Momentum,2023-05-01 00:00:00-04:00,2023-06-01 00:00:00-04:00,NKE,23,-0.014018927415952676,True,False,29,0.7857142857142857,-0.17916792823797256,0.01386695975596508,-0.17916792823797256,0.006306032897097857,-0.04309701360194351,-0.013748870782771538,False,False,False
Market-Residual Momentum,2023-05-01 00:00:00-04:00,2023-06-01 00:00:00-04:00,AXP,24,-0.014271458296196693,True,False,29,0.8214285714285714,-0.01723823402149305,0.0,-0.09620025084316408,0.006306032897097857,-0.04309701360194351,-0.013748870782771538,False,True,False
Market-Residual Momentum,2023-05-01 00:00:00-04:00,2023-06-01 00:00:00-04:00,CAT,25,-0.01639719688286667,True,False,29,0.8571428571428571,-0.053159444555161195,0.011944973191029273,-0.06264234219448173,0.006306032897097857,-0.04309701360194351,-0.013748870782771538,False,False,False
Market-Residual Momentum,2023-05-01 00:00:00-04:00,2023-06-01 00:00:00-04:00,DIS,26,-0.017625184105661718,True,False,29,0.8928571428571429,-0.13680319259764828,0.01464692563216241,-0.15037598926753093,0.006306032897097857,-0.04309701360194351,-0.013748870782771538,False,False,False
Market-Residual Momentum,2023-05-01 00:00:00-04:00,2023-06-01 00:00:00-04:00,INTC,27,-0.01986593803959269,True,False,29,0.9285714285714286,0.026365223883876077,0.04218031745378403,-0.13307639870533627,0.006306032897097857,-0.04309701360194351,-0.013748870782771538,True,True,True
Market-Residual Momentum,2023-05-01 00:00:00-04:00,2023-06-01 00:00:00-04:00,BA,28,-0.02265167458957429,True,False,29,0.9642857142857143,0.0010182143702650581,0.011296978574810712,-0.0629333126183712,0.006306032897097857,-0.04309701360194351,-0.013748870782771538,False,True,True
Market-Residual Momentum,2023-05-01 00:00:00-04:00,2023-06-01 00:00:00-04:00,CRM,29,-0.025614697950103515,True,False,29,1.0,0.052892543984209395,0.137742728039711,-0.03539640766605345,0.006306032897097857,-0.04309701360194351,-0.013748870782771538,True,True,True
Market-Residual Momentum,2023-06-01 00:00:00-04:00,2023-07-03 00:00:00-04:00,KO,1,-0.003196207904576087,True,True,29,0.0,0.011986663231518646,0.04510305779006352,-0.0028361390196889324,0.06332431755917023,0.05071824680237991,0.07200180251569965,False,False,False
Market-Residual Momentum,2023-06-01 00:00:00-04:00,2023-07-03 00:00:00-04:00,MCD,2,-0.003442451774802846,True,True,29,0.03571428571428571,0.05071824680237991,0.055340710379020885,-0.012051602974565201,0.06332431755917023,0.05071824680237991,0.07200180251569965,False,False,False
Market-Residual Momentum,2023-06-01 00:00:00-04:00,2023-07-03 00:00:00-04:00,V,3,-0.0037272135301019693,True,True,29,0.07142857142857142,0.06406856069741695,0.06981549458724201,-0.007677379522764927,0.06332431755917023,0.05071824680237991,0.07200180251569965,True,True,False
Market-Residual Momentum,2023-06-01 00:00:00-04:00,2023-07-03 00:00:00-04:00,WMT,4,-0.004110003336590506,True,True,29,0.10714285714285714,0.07249848197283737,0.08221046849974667,-0.001846662009506006,0.06332431755917023,0.05071824680237991,0.07200180251569965,True,True,True
Market-Residual Momentum,2023-06-01 00:00:00-04:00,2023-07-03 00:00:00-04:00,PG,5,-0.0046562124090727686,True,True,29,0.14285714285714285,0.05745193175540497,0.06157053489953257,-0.005584663537576362,0.06332431755917023,0.05071824680237991,0.07200180251569965,False,True,False
Market-Residual Momentum,2023-06-01 00:00:00-04:00,2023-07-03 00:00:00-04:00,HON,6,-0.004789115358820539,True,False,29,0.17857142857142858,0.07787340050468616,0.08673461759870271,-0.007193119863767028,0.06332431755917023,0.05071824680237991,0.07200180251569965,True,True,True
Market-Residual Momentum,2023-06-01 00:00:00-04:00,2023-07-03 00:00:00-04:00,JNJ,7,-0.004866224471706926,True,False,29,0.21428571428571427,0.06341428373555469,0.07590275746602138,-0.008994431538992265,0.06332431755917023,0.05071824680237991,0.07200180251569965,True,True,False
Market-Residual Momentum,2023-06-01 00:00:00-04:00,2023-07-03 00:00:00-04:00,AAPL,8,-0.005297096178635385,True,False,29,0.25,0.09048941574648772,0.09442881863558505,-0.004333169868794284,0.06332431755917023,0.05071824680237991,0.07200180251569965,True,True,True
Market-Residual Momentum,2023-06-01 00:00:00-04:00,2023-07-03 00:00:00-04:00,IBM,9,-0.005369053460968054,True,False,29,0.2857142857142857,0.038772861006042936,0.0858767595054839,-0.005138614524789142,0.06332431755917023,0.05071824680237991,0.07200180251569965,False,False,False
Market-Residual Momentum,2023-06-01 00:00:00-04:00,2023-07-03 00:00:00-04:00,CSCO,10,-0.006099186760633035,True,False,29,0.32142857142857145,0.032154458413477194,0.053255540646044874,-0.012459848733020307,0.06332431755917023,0.05071824680237991,0.07200180251569965,False,False,False
Market-Residual Momentum,2023-06-01 00:00:00-04:00,2023-07-03 00:00:00-04:00,AMGN,11,-0.006899548082860751,True,False,29,0.35714285714285715,0.00568291076115468,0.05450988626033948,-0.03750681827688762,0.06332431755917023,0.05071824680237991,0.07200180251569965,False,False,False
Market-Residual Momentum,2023-06-01 00:00:00-04:00,2023-07-03 00:00:00-04:00,DOW,12,-0.007677275877222223,True,False,29,0.39285714285714285,0.0867347439689865,0.10897956527325281,-0.010000034254424306,0.06332431755917023,0.05071824680237991,0.07200180251569965,True,True,True
Market-Residual Momentum,2023-06-01 00:00:00-04:00,2023-07-03 00:00:00-04:00,HD,13,-0.008224858580028527,True,False,29,0.42857142857142855,0.0905828468827905,0.1105792931521048,-0.014328382262093431,0.06332431755917023,0.05071824680237991,0.07200180251569965,True,True,True
Market-Residual Momentum,2023-06-01 00:00:00-04:00,2023-07-03 00:00:00-04:00,MMM,14,-0.008282264072047019,True,False,29,0.4642857142857143,0.07200180251569965,0.1221783332553319,-0.011661470882882385,0.06332431755917023,0.05071824680237991,0.07200180251569965,True,True,True
Market-Residual Momentum,2023-06-01 00:00:00-04:00,2023-07-03 00:00:00-04:00,VZ,15,-0.00829295484252024,True,False,29,0.5,0.044101142625373235,0.046348449859457075,-0.052808902603529106,0.06332431755917023,0.05071824680237991,0.07200180251569965,False,False,False
Market-Residual Momentum,2023-06-01 00:00:00-04:00,2023-07-03 00:00:00-04:00,MRK,16,-0.008929939338953474,True,False,29,0.5357142857142857,0.04134103668724709,0.05171167456464776,-0.03424915132943451,0.06332431755917023,0.05071824680237991,0.07200180251569965,False,False,False
Market-Residual Momentum,2023-06-01 00:00:00-04:00,2023-07-03 00:00:00-04:00,GS,17,-0.009175382261394693,True,False,29,0.5714285714285714,-0.006471169215768069,0.07155409001909141,-0.04298804072293638,0.06332431755917023,0.05071824680237991,0.07200180251569965,False,False,False
Market-Residual Momentum,2023-06-01 00:00:00-04:00,2023-07-03 00:00:00-04:00,UNH,18,-0.010396596363642208,True,False,29,0.6071428571428571,-0.01584164945537292,0.03097649647197831,-0.08632823402576328,0.06332431755917023,0.05071824680237991,0.07200180251569965,False,False,False
Market-Residual Momentum,2023-06-01 00:00:00-04:00,2023-07-03 00:00:00-04:00,TRV,19,-0.010718936239152876,True,False,29,0.6428571428571429,0.019624591757519516,0.052933705552406174,-0.010548547496045724,0.06332431755917023,0.05071824680237991,0.07200180251569965,False,False,False
Market-Residual Momentum,2023-06-01 00:00:00-04:00,2023-07-03 00:00:00-04:00,JPM,20,-0.010824530153722756,True,False,29,0.6785714285714286,0.07083215428674694,0.07083215428674694,-0.007837732865018543,0.06332431755917023,0.05071824680237991,0.07200180251569965,True,True,False
Market-Residual Momentum,2023-06-01 00:00:00-04:00,2023-07-03 00:00:00-04:00,MSFT,21,-0.010831857538322387,True,False,29,0.7142857142857143,0.04068371128056114,0.0783603368409056,-0.010523572150948013,0.06332431755917023,0.05071824680237991,0.07200180251569965,False,False,False
Market-Residual Momentum,2023-06-01 00:00:00-04:00,2023-07-03 00:00:00-04:00,CAT,22,-0.011964061486427036,True,False,29,0.75,0.1842738450327568,0.20806057237069453,-0.007896761592286361,0.06332431755917023,0.05071824680237991,0.07200180251569965,True,True,True
Market-Residual Momentum,2023-06-01 00:00:00-04:00,2023-07-03 00:00:00-04:00,NKE,23,-0.01233539454631527,True,False,29,0.7857142857142857,0.06954859715019257,0.10518095565076768,-0.012286415584059962,0.06332431755917023,0.05071824680237991,0.07200180251569965,True,True,False
Market-Residual Momentum,2023-06-01 00:00:00-04:00,2023-07-03 00:00:00-04:00,CVX,24,-0.013584802939045404,True,False,29,0.8214285714285714,0.03886318338772643,0.07186463780554786,-0.01031062476621436,0.06332431755917023,0.05071824680237991,0.07200180251569965,False,False,False
Market-Residual Momentum,2023-06-01 00:00:00-04:00,2023-07-03 00:00:00-04:00,AXP,25,-0.014079954739318334,True,False,29,0.8571428571428571,0.09581301988395885,0.11303889732133765,-0.005218168262255407,0.06332431755917023,0.05071824680237991,0.07200180251569965,True,True,True
Market-Residual Momentum,2023-06-01 00:00:00-04:00,2023-07-03 00:00:00-04:00,BA,26,-0.014397935782700988,True,False,29,0.8928571428571429,0.01956792189652412,0.08451998634498792,-0.028334815040586214,0.06332431755917023,0.05071824680237991,0.07200180251569965,False,False,False
Market-Residual Momentum,2023-06-01 00:00:00-04:00,2023-07-03 00:00:00-04:00,DIS,27,-0.014811052435990235,True,False,29,0.9285714285714286,0.008144793674750517,0.0692307288693439,-0.014592770285752676,0.06332431755917023,0.05071824680237991,0.07200180251569965,False,False,False
Market-Residual Momentum,2023-06-01 00:00:00-04:00,2023-07-03 00:00:00-04:00,INTC,28,-0.02025768170913378,True,False,29,0.9642857142857143,0.05471708462754199,0.16698128200885765,-0.06603771373468348,0.06332431755917023,0.05071824680237991,0.07200180251569965,False,True,False
Market-Residual Momentum,2023-06-01 00:00:00-04:00,2023-07-03 00:00:00-04:00,CRM,29,-0.02055027810342336,True,False,29,1.0,0.011286083742917619,0.05844782330914233,-0.016521006185165055,0.06332431755917023,0.05071824680237991,0.07200180251569965,False,False,False
Market-Residual Momentum,2023-07-03 00:00:00-04:00,2023-08-01 00:00:00-04:00,KO,1,-0.00323319556800461,True,True,29,0.0,0.03139520866030332,0.050996529767958654,-0.02259155156826642,0.030140888184609915,0.03139520866030332,0.06797844416153964,True,False,False
Market-Residual Momentum,2023-07-03 00:00:00-04:00,2023-08-01 00:00:00-04:00,MCD,2,-0.0034072393785528066,True,True,29,0.03571428571428571,-0.016085251719194504,0.005238634395770214,-0.02783847103103998,0.030140888184609915,0.03139520866030332,0.06797844416153964,False,False,False
Market-Residual Momentum,2023-07-03 00:00:00-04:00,2023-08-01 00:00:00-04:00,WMT,3,-0.0038403033063455494,True,True,29,0.07142857142857142,0.020024175104340847,0.02633749247396655,-0.02142727518025367,0.030140888184609915,0.03139520866030332,0.06797844416153964,False,False,False
Market-Residual Momentum,2023-07-03 00:00:00-04:00,2023-08-01 00:00:00-04:00,V,4,-0.0038628262415227876,True,True,29,0.10714285714285714,0.0005907298080094492,0.03531653362037046,-0.03932487361401871,0.030140888184609915,0.03139520866030332,0.06797844416153964,False,False,False
Market-Residual Momentum,2023-07-03 00:00:00-04:00,2023-08-01 00:00:00-04:00,AAPL,5,-0.004710296546604487,True,True,29,0.14285714285714285,0.012694967460341378,0.02296433744147608,-0.03705217315631759,0.030140888184609915,0.03139520866030332,0.06797844416153964,False,False,False
Market-Residual Momentum,2023-07-03 00:00:00-04:00,2023-08-01 00:00:00-04:00,HON,6,-0.004740071542998492,True,False,29,0.17857142857142858,-0.06499337005369177,0.01973023007433783,-0.06499337005369177,0.030140888184609915,0.03139520866030332,0.06797844416153964,False,False,False
Market-Residual Momentum,2023-07-03 00:00:00-04:00,2023-08-01 00:00:00-04:00,PG,7,-0.004958706008135749,True,False,29,0.21428571428571427,0.03553054834712399,0.04748807687499235,-0.029838979074873873,0.030140888184609915,0.03139520866030332,0.06797844416153964,True,True,False
Market-Residual Momentum,2023-07-03 00:00:00-04:00,2023-08-01 00:00:00-04:00,JNJ,8,-0.005105234948494131,True,False,29,0.25,0.012352185705468477,0.0670560083354439,-0.0426555891675684,0.030140888184609915,0.03139520866030332,0.06797844416153964,False,False,False
Market-Residual Momentum,2023-07-03 00:00:00-04:00,2023-08-01 00:00:00-04:00,IBM,9,-0.005184681775161848,True,False,29,0.2857142857142857,0.08117218251619507,0.08379546852663489,-0.014015832922068872,0.030140888184609915,0.03139520866030332,0.06797844416153964,True,True,True
Market-Residual Momentum,2023-07-03 00:00:00-04:00,2023-08-01 00:00:00-04:00,CSCO,10,-0.006266349375177227,True,False,29,0.32142857142857145,0.03132070658168318,0.057216749903549635,-0.017920403438356436,0.030140888184609915,0.03139520866030332,0.06797844416153964,True,False,False
Market-Residual Momentum,2023-07-03 00:00:00-04:00,2023-08-01 00:00:00-04:00,AMGN,11,-0.008009351779245222,True,False,29,0.35714285714285715,0.06202243270442054,0.07807050896116818,-0.012522039899128035,0.030140888184609915,0.03139520866030332,0.06797844416153964,True,True,False
Market-Residual Momentum,2023-07-03 00:00:00-04:00,2023-08-01 00:00:00-04:00,HD,12,-0.008439816655199328,True,False,29,0.39285714285714285,0.0709534901716975,0.07841055160364285,-0.02869774455887264,0.030140888184609915,0.03139520866030332,0.06797844416153964,True,True,True
Market-Residual Momentum,2023-07-03 00:00:00-04:00,2023-08-01 00:00:00-04:00,DOW,13,-0.009301421300093149,True,False,29,0.42857142857142855,0.05633791588379666,0.060845198371751286,-0.02798121330661585,0.030140888184609915,0.03139520866030332,0.06797844416153964,True,True,False
Market-Residual Momentum,2023-07-03 00:00:00-04:00,2023-08-01 00:00:00-04:00,VZ,14,-0.009339897554220489,True,False,29,0.4642857142857143,-0.06096726623055826,0.013720629730000988,-0.14421779355596875,0.030140888184609915,0.03139520866030332,0.06797844416153964,False,False,False
Market-Residual Momentum,2023-07-03 00:00:00-04:00,2023-08-01 00:00:00-04:00,MRK,15,-0.009659039278213655,True,False,29,0.5,-0.04254386570190605,0.0013104003169328582,-0.08124408997726862,0.030140888184609915,0.03139520866030332,0.06797844416153964,False,False,False
Market-Residual Momentum,2023-07-03 00:00:00-04:00,2023-08-01 00:00:00-04:00,GS,16,-0.010375341469736732,True,False,29,0.5357142857142857,0.09798087641177333,0.1216152987561736,-0.03011692582202541,0.030140888184609915,0.03139520866030332,0.06797844416153964,True,True,True
Market-Residual Momentum,2023-07-03 00:00:00-04:00,2023-08-01 00:00:00-04:00,JPM,17,-0.010603839030574269,True,False,29,0.5714285714285714,0.08428205963468649,0.09771197389289998,-0.02584738938038167,0.030140888184609915,0.03139520866030332,0.06797844416153964,True,True,True
Market-Residual Momentum,2023-07-03 00:00:00-04:00,2023-08-01 00:00:00-04:00,TRV,18,-0.011233681839875831,True,False,29,0.6071428571428571,-0.0014505435918988896,0.024254506137039833,-0.04404073556057697,0.030140888184609915,0.03139520866030332,0.06797844416153964,False,False,False
Market-Residual Momentum,2023-07-03 00:00:00-04:00,2023-08-01 00:00:00-04:00,DIS,19,-0.011315887476238795,True,False,29,0.6428571428571429,1.3609236404477087e-07,0.0205340456155938,-0.04443432813565451,0.030140888184609915,0.03139520866030332,0.06797844416153964,False,False,False
Market-Residual Momentum,2023-07-03 00:00:00-04:00,2023-08-01 00:00:00-04:00,MMM,20,-0.01161813146408941,True,False,29,0.6785714285714286,0.11277447335378987,0.12914179313469054,-0.046207458453777384,0.030140888184609915,0.03139520866030332,0.06797844416153964,True,True,True
Market-Residual Momentum,2023-07-03 00:00:00-04:00,2023-08-01 00:00:00-04:00,MSFT,21,-0.011672383841583311,True,False,29,0.7142857142857143,-0.00993238179374345,0.0833763972727688,-0.03593865000241625,0.030140888184609915,0.03139520866030332,0.06797844416153964,False,False,False
Market-Residual Momentum,2023-07-03 00:00:00-04:00,2023-08-01 00:00:00-04:00,UNH,22,-0.012472121560148097,True,False,29,0.75,0.06149335018175961,0.07897931870283847,-0.06467271036377953,0.030140888184609915,0.03139520866030332,0.06797844416153964,True,True,False
Market-Residual Momentum,2023-07-03 00:00:00-04:00,2023-08-01 00:00:00-04:00,BA,23,-0.01342185311985089,True,False,29,0.7857142857142857,0.1285035774430301,0.1407601182081355,-0.012399052780767472,0.030140888184609915,0.03139520866030332,0.06797844416153964,True,True,True
Market-Residual Momentum,2023-07-03 00:00:00-04:00,2023-08-01 00:00:00-04:00,CVX,24,-0.014039528052322114,True,False,29,0.8214285714285714,0.05018537060304018,0.05236702922637937,-0.028883938634206463,0.030140888184609915,0.03139520866030332,0.06797844416153964,True,True,False
Market-Residual Momentum,2023-07-03 00:00:00-04:00,2023-08-01 00:00:00-04:00,AXP,25,-0.014382620007737823,True,False,29,0.8571428571428571,-0.03312744942070145,0.029277604341715557,-0.06064545070559457,0.030140888184609915,0.03139520866030332,0.06797844416153964,False,False,False
Market-Residual Momentum,2023-07-03 00:00:00-04:00,2023-08-01 00:00:00-04:00,NKE,26,-0.01517404478963924,True,False,29,0.8928571428571429,-0.009544325397346953,0.0021610435660006644,-0.06654062816807016,0.030140888184609915,0.03139520866030332,0.06797844416153964,False,False,False
Market-Residual Momentum,2023-07-03 00:00:00-04:00,2023-08-01 00:00:00-04:00,CAT,27,-0.015478385706416575,True,False,29,0.9285714285714286,0.11445702252524526,0.11445702252524526,-0.02890828894311248,0.030140888184609915,0.03139520866030332,0.06797844416153964,True,True,True
Market-Residual Momentum,2023-07-03 00:00:00-04:00,2023-08-01 00:00:00-04:00,CRM,28,-0.019274198340392568,True,False,29,0.9642857142857143,0.06325678313861705,0.1313102935149999,-0.01301232012393716,0.030140888184609915,0.03139520866030332,0.06797844416153964,True,True,False
Market-Residual Momentum,2023-07-03 00:00:00-04:00,2023-08-01 00:00:00-04:00,INTC,29,-0.030875148345247294,True,False,29,1.0,0.06797844416153964,0.10882514868894466,-0.06440079083123729,0.030140888184609915,0.03139520866030332,0.06797844416153964,True,True,True
Market-Residual Momentum,2023-08-01 00:00:00-04:00,2023-09-01 00:00:00-04:00,MCD,1,-0.002911767935162568,True,True,29,0.0,-0.030515059392301258,0.0031058145464484266,-0.04887361142454638,-0.006794141693279632,-0.009482763222981916,0.0071137516668320355,False,False,False
Market-Residual Momentum,2023-08-01 00:00:00-04:00,2023-09-01 00:00:00-04:00,KO,2,-0.0029993405321725453,True,True,29,0.03571428571428571,-0.033660778823114135,0.008052798173514342,-0.03672094412384408,-0.006794141693279632,-0.009482763222981916,0.0071137516668320355,False,False,False
Market-Residual Momentum,2023-08-01 00:00:00-04:00,2023-09-01 00:00:00-04:00,WMT,3,-0.00384608988724211,True,True,29,0.07142857142857142,0.021875573833293638,0.0226284841458273,-0.02737676046447801,-0.006794141693279632,-0.009482763222981916,0.0071137516668320355,True,True,True
Market-Residual Momentum,2023-08-01 00:00:00-04:00,2023-09-01 00:00:00-04:00,V,4,-0.004084259547989633,True,True,29,0.10714285714285714,0.04552325691864434,0.04873418210030667,-0.007969770508804763,-0.006794141693279632,-0.009482763222981916,0.0071137516668320355,True,True,True
Market-Residual Momentum,2023-08-01 00:00:00-04:00,2023-09-01 00:00:00-04:00,AAPL,5,-0.0041071010301800825,True,True,29,0.14285714285714285,-0.033092697859854026,0.0024968926857886764,-0.12254264079914556,-0.006794141693279632,-0.009482763222981916,0.0071137516668320355,False,False,False
Market-Residual Momentum,2023-08-01 00:00:00-04:00,2023-09-01 00:00:00-04:00,HON,6,-0.004537078798346861,True,False,29,0.17857142857142858,-0.01409526704874875,0.010085370810620997,-0.04013385584333262,-0.006794141693279632,-0.009482763222981916,0.0071137516668320355,False,False,False
Market-Residual Momentum,2023-08-01 00:00:00-04:00,2023-09-01 00:00:00-04:00,PG,7,-0.0046632195098910145,True,False,29,0.21428571428571427,-0.006286869417432728,0.016037901173531433,-0.03175529491473139,-0.006794141693279632,-0.009482763222981916,0.0071137516668320355,True,True,False
Market-Residual Momentum,2023-08-01 00:00:00-04:00,2023-09-01 00:00:00-04:00,IBM,8,-0.005644117371463309,True,False,29,0.25,0.03261456800590845,0.03591033522438947,-0.01997682651510191,-0.006794141693279632,-0.009482763222981916,0.0071137516668320355,True,True,True
Market-Residual Momentum,2023-08-01 00:00:00-04:00,2023-09-01 00:00:00-04:00,JNJ,9,-0.006860422506656083,True,False,29,0.2857142857142857,-0.022708209696872816,0.0577030164244281,-0.023556064391041742,-0.006794141693279632,-0.009482763222981916,0.0071137516668320355,False,False,False
Market-Residual Momentum,2023-08-01 00:00:00-04:00,2023-09-01 00:00:00-04:00,CSCO,10,-0.006964636024314297,True,False,29,0.32142857142857145,0.09168731666260621,0.09435052926151699,-0.006277335243020876,-0.006794141693279632,-0.009482763222981916,0.0071137516668320355,True,True,True
Market-Residual Momentum,2023-08-01 00:00:00-04:00,2023-09-01 00:00:00-04:00,AMGN,11,-0.008319875970926094,True,False,29,0.35714285714285715,0.11001522555639776,0.14391493394978383,-0.028604249629494594,-0.006794141693279632,-0.009482763222981916,0.0071137516668320355,True,True,True
Market-Residual Momentum,2023-08-01 00:00:00-04:00,2023-09-01 00:00:00-04:00,DOW,12,-0.008798226674558207,True,False,29,0.39285714285714285,-0.009132668525424381,0.0030221896701390083,-0.06115548776403623,-0.006794141693279632,-0.009482763222981916,0.0071137516668320355,False,True,False
Market-Residual Momentum,2023-08-01 00:00:00-04:00,2023-09-01 00:00:00-04:00,GS,13,-0.00883338883315421,True,False,29,0.42857142857142855,-0.06096349711631677,0.013361470352875715,-0.1016952688100149,-0.006794141693279632,-0.009482763222981916,0.0071137516668320355,False,False,False
Market-Residual Momentum,2023-08-01 00:00:00-04:00,2023-09-01 00:00:00-04:00,HD,14,-0.009033311827701729,True,False,29,0.4642857142857143,0.0071137516668320355,0.019321299672969916,-0.03182997967326162,-0.006794141693279632,-0.009482763222981916,0.0071137516668320355,True,True,True
Market-Residual Momentum,2023-08-01 00:00:00-04:00,2023-09-01 00:00:00-04:00,MRK,15,-0.010075803207590495,True,False,29,0.5,0.0004562243331562854,0.022080183705382117,-0.04726284209194409,-0.006794141693279632,-0.009482763222981916,0.0071137516668320355,True,True,False
Market-Residual Momentum,2023-08-01 00:00:00-04:00,2023-09-01 00:00:00-04:00,DIS,16,-0.010098998140562143,True,False,29,0.5357142857142857,-0.07865798622584252,0.03826297914878052,-0.07865798622584252,-0.006794141693279632,-0.009482763222981916,0.0071137516668320355,False,False,False
Market-Residual Momentum,2023-08-01 00:00:00-04:00,2023-09-01 00:00:00-04:00,NKE,17,-0.010606977375887339,True,False,29,0.5714285714285714,-0.06989076883518619,0.017727205591202555,-0.12227259352755737,-0.006794141693279632,-0.009482763222981916,0.0071137516668320355,False,False,False
Market-Residual Momentum,2023-08-01 00:00:00-04:00,2023-09-01 00:00:00-04:00,JPM,18,-0.010895203416244836,True,False,29,0.6071428571428571,-0.07203230135272587,0.0036207034919493175,-0.07603380316562491,-0.006794141693279632,-0.009482763222981916,0.0071137516668320355,False,False,False
Market-Residual Momentum,2023-08-01 00:00:00-04:00,2023-09-01 00:00:00-04:00,TRV,19,-0.01102600022286504,True,False,29,0.6428571428571429,-0.05642387091618395,0.004997388742242759,-0.07298510234687683,-0.006794141693279632,-0.009482763222981916,0.0071137516668320355,False,False,False
Market-Residual Momentum,2023-08-01 00:00:00-04:00,2023-09-01 00:00:00-04:00,MSFT,20,-0.011033777043623738,True,False,29,0.6785714285714286,-0.009482763222981916,0.009994349709464334,-0.07030968472949284,-0.006794141693279632,-0.009482763222981916,0.0071137516668320355,False,False,False
Market-Residual Momentum,2023-08-01 00:00:00-04:00,2023-09-01 00:00:00-04:00,BA,21,-0.011826469489807812,True,False,29,0.7142857142857143,-0.04862135509735721,0.023363514967198684,-0.1038518116270879,-0.006794141693279632,-0.009482763222981916,0.0071137516668320355,False,False,False
Market-Residual Momentum,2023-08-01 00:00:00-04:00,2023-09-01 00:00:00-04:00,VZ,22,-0.012607401395541284,True,False,29,0.75,0.020414163287501896,0.02478851462975995,-0.061533827503850724,-0.006794141693279632,-0.009482763222981916,0.0071137516668320355,True,True,True
Market-Residual Momentum,2023-08-01 00:00:00-04:00,2023-09-01 00:00:00-04:00,MMM,23,-0.012637581681343879,True,False,29,0.7857142857142857,-0.023276260962982298,0.003766846529380752,-0.1106626462464807,-0.006794141693279632,-0.009482763222981916,0.0071137516668320355,False,False,False
Market-Residual Momentum,2023-08-01 00:00:00-04:00,2023-09-01 00:00:00-04:00,CVX,24,-0.014033264723576355,True,False,29,0.8214285714285714,0.003440679690238646,0.0037275869000856776,-0.05360303281851553,-0.006794141693279632,-0.009482763222981916,0.0071137516668320355,True,True,False
Market-Residual Momentum,2023-08-01 00:00:00-04:00,2023-09-01 00:00:00-04:00,UNH,25,-0.014794487120517674,True,False,29,0.8571428571428571,-0.05615757014080336,0.01211826729422727,-0.06149745292717579,-0.006794141693279632,-0.009482763222981916,0.0071137516668320355,False,False,False
Market-Residual Momentum,2023-08-01 00:00:00-04:00,2023-09-01 00:00:00-04:00,AXP,26,-0.015375055910648694,True,False,29,0.8928571428571429,-0.05287277973637383,0.011074728455784166,-0.06323304289465637,-0.006794141693279632,-0.009482763222981916,0.0071137516668320355,False,False,False
Market-Residual Momentum,2023-08-01 00:00:00-04:00,2023-09-01 00:00:00-04:00,CAT,27,-0.015462082392886378,True,False,29,0.9285714285714286,0.04417965145602287,0.07747040606192379,-0.014482085735345485,-0.006794141693279632,-0.009482763222981916,0.0071137516668320355,True,True,True
Market-Residual Momentum,2023-08-01 00:00:00-04:00,2023-09-01 00:00:00-04:00,CRM,28,-0.01835554332060274,True,False,29,0.9642857142857143,-0.001741840907222958,0.021885804893688077,-0.1058109960014908,-0.006794141693279632,-0.009482763222981916,0.0071137516668320355,True,True,False
Market-Residual Momentum,2023-08-01 00:00:00-04:00,2023-09-01 00:00:00-04:00,INTC,29,-0.03251304957615653,True,False,29,1.0,0.002757182168205974,0.005583494266985012,-0.10286999572247746,-0.006794141693279632,-0.009482763222981916,0.0071137516668320355,True,True,False
Market-Residual Momentum,2023-09-01 00:00:00-04:00,2023-10-02 00:00:00-04:00,MCD,1,-0.0023829089333999853,True,True,29,0.0,-0.07269777481076689,0.010830352832079226,-0.07358253492449995,-0.055266501715619865,-0.055804783711945194,-0.0207527322397566,False,False,False
Market-Residual Momentum,2023-09-01 00:00:00-04:00,2023-10-02 00:00:00-04:00,KO,2,-0.0027059905768824777,True,True,29,0.03571428571428571,-0.06077376009200042,0.0021666844685872544,-0.06564536753019135,-0.055266501715619865,-0.055804783711945194,-0.0207527322397566,False,False,False
Market-Residual Momentum,2023-09-01 00:00:00-04:00,2023-10-02 00:00:00-04:00,WMT,3,-0.003178310655015837,True,True,29,0.07142857142857142,-0.0207527322397566,0.018296829923546643,-0.022594815503244714,-0.055266501715619865,-0.055804783711945194,-0.0207527322397566,True,True,True
Market-Residual Momentum,2023-09-01 00:00:00-04:00,2023-10-02 00:00:00-04:00,V,4,-0.003559840149072846,True,True,29,0.10714285714285714,-0.07366560931224253,0.0104658525764596,-0.07899946230461041,-0.055266501715619865,-0.055804783711945194,-0.0207527322397566,False,False,False
Market-Residual Momentum,2023-09-01 00:00:00-04:00,2023-10-02 00:00:00-04:00,IBM,5,-0.004314365792988717,True,True,29,0.14285714285714285,-0.049029127001703254,0.03171265305901838,-0.05194902912625343,-0.055266501715619865,-0.055804783711945194,-0.0207527322397566,True,True,False
Market-Residual Momentum,2023-09-01 00:00:00-04:00,2023-10-02 00:00:00-04:00,PG,6,-0.0043359967070984995,True,False,29,0.17857142857142858,-0.06533245019461886,0.002711455246710459,-0.06533245019461886,-0.055266501715619865,-0.055804783711945194,-0.0207527322397566,False,False,False
Market-Residual Momentum,2023-09-01 00:00:00-04:00,2023-10-02 00:00:00-04:00,AAPL,7,-0.0044891568455697195,True,False,29,0.21428571428571427,-0.09641673720157162,0.0025858273783734287,-0.11541506333377927,-0.055266501715619865,-0.055804783711945194,-0.0207527322397566,False,False,False
Market-Residual Momentum,2023-09-01 00:00:00-04:00,2023-10-02 00:00:00-04:00,HON,8,-0.0056321063554379824,True,False,29,0.25,-0.029470058500485785,0.0395745342977738,-0.03353163158737171,-0.055266501715619865,-0.055804783711945194,-0.0207527322397566,True,True,False
Market-Residual Momentum,2023-09-01 00:00:00-04:00,2023-10-02 00:00:00-04:00,CSCO,9,-0.0059643835544545,True,False,29,0.2857142857142857,-0.06185732630852814,0.013939697605308776,-0.08468370718678453,-0.055266501715619865,-0.055804783711945194,-0.0207527322397566,False,False,False
Market-Residual Momentum,2023-09-01 00:00:00-04:00,2023-10-02 00:00:00-04:00,HD,10,-0.006831104468002058,True,False,29,0.32142857142857145,-0.09481904648874451,0.004367506647684483,-0.09692752623087675,-0.055266501715619865,-0.055804783711945194,-0.0207527322397566,False,False,False
Market-Residual Momentum,2023-09-01 00:00:00-04:00,2023-10-02 00:00:00-04:00,JNJ,11,-0.007680504984540648,True,False,29,0.35714285714285715,-0.037170236122834766,0.02385071634871183,-0.03816154185921172,-0.055266501715619865,-0.055804783711945194,-0.0207527322397566,True,True,False
Market-Residual Momentum,2023-09-01 00:00:00-04:00,2023-10-02 00:00:00-04:00,GS,12,-0.008744748731101426,True,False,29,0.39285714285714285,-0.023174626231355466,0.05011058271457469,-0.032426439086619796,-0.055266501715619865,-0.055804783711945194,-0.0207527322397566,True,True,False
Market-Residual Momentum,2023-09-01 00:00:00-04:00,2023-10-02 00:00:00-04:00,AXP,13,-0.008852102922130234,True,False,29,0.42857142857142855,-0.06695164307001034,0.033067179772553024,-0.06695164307001034,-0.055266501715619865,-0.055804783711945194,-0.0207527322397566,False,False,False
Market-Residual Momentum,2023-09-01 00:00:00-04:00,2023-10-02 00:00:00-04:00,TRV,14,-0.008937533627178862,True,False,29,0.4642857142857143,0.010665024093402531,0.05534519086445888,-0.017736011192437284,-0.055266501715619865,-0.055804783711945194,-0.0207527322397566,True,True,True
Market-Residual Momentum,2023-09-01 00:00:00-04:00,2023-10-02 00:00:00-04:00,MRK,15,-0.009540632857710118,True,False,29,0.5,-0.055804783711945194,0.006566358510566861,-0.05690644682749535,-0.055266501715619865,-0.055804783711945194,-0.0207527322397566,False,False,False
Market-Residual Momentum,2023-09-01 00:00:00-04:00,2023-10-02 00:00:00-04:00,DOW,16,-0.009993542152062385,True,False,29,0.5357142857142857,-0.06796296009430769,0.009631157654932165,-0.09004176635073025,-0.055266501715619865,-0.055804783711945194,-0.0207527322397566,False,False,False
Market-Residual Momentum,2023-09-01 00:00:00-04:00,2023-10-02 00:00:00-04:00,AMGN,17,-0.010296228193581114,True,False,29,0.5714285714285714,0.034908214211377686,0.05771602274113974,-0.03981737432343191,-0.055266501715619865,-0.055804783711945194,-0.0207527322397566,True,True,True
Market-Residual Momentum,2023-09-01 00:00:00-04:00,2023-10-02 00:00:00-04:00,JPM,18,-0.010567531491245341,True,False,29,0.6071428571428571,-0.00862480778208008,0.028475705805584228,-0.02354704539438568,-0.055266501715619865,-0.055804783711945194,-0.0207527322397566,True,True,True
Market-Residual Momentum,2023-09-01 00:00:00-04:00,2023-10-02 00:00:00-04:00,MSFT,19,-0.010954934247844994,True,False,29,0.6428571428571429,-0.04715943021686364,0.028824640007645952,-0.06601856654782456,-0.055266501715619865,-0.055804783711945194,-0.0207527322397566,True,True,False
Market-Residual Momentum,2023-09-01 00:00:00-04:00,2023-10-02 00:00:00-04:00,NKE,20,-0.011438381016892651,True,False,29,0.6785714285714286,-0.05658540306616455,0.009708716798255024,-0.13052862993837544,-0.055266501715619865,-0.055804783711945194,-0.0207527322397566,False,False,False
Market-Residual Momentum,2023-09-01 00:00:00-04:00,2023-10-02 00:00:00-04:00,CVX,21,-0.011594640421046298,True,False,29,0.7142857142857143,0.026091895713937996,0.055705868325354846,0.0,-0.055266501715619865,-0.055804783711945194,-0.0207527322397566,True,True,True
Market-Residual Momentum,2023-09-01 00:00:00-04:00,2023-10-02 00:00:00-04:00,DIS,22,-0.011950563657181834,True,False,29,0.75,-0.014493003800067461,0.04968939192573818,-0.03519673247845323,-0.055266501715619865,-0.055804783711945194,-0.0207527322397566,True,True,True
Market-Residual Momentum,2023-09-01 00:00:00-04:00,2023-10-02 00:00:00-04:00,VZ,23,-0.012157975173246793,True,False,29,0.7857142857142857,-0.07287804235076856,0.004572730486908538,-0.07659338227258872,-0.055266501715619865,-0.055804783711945194,-0.0207527322397566,False,False,False
Market-Residual Momentum,2023-09-01 00:00:00-04:00,2023-10-02 00:00:00-04:00,UNH,24,-0.012336030791685326,True,False,29,0.8214285714285714,0.059494785321996035,0.07756070758095235,-0.01177456085268791,-0.055266501715619865,-0.055804783711945194,-0.0207527322397566,True,True,True
Market-Residual Momentum,2023-09-01 00:00:00-04:00,2023-10-02 00:00:00-04:00,MMM,25,-0.012339614190796766,True,False,29,0.8571428571428571,-0.13653322786052147,0.01397935740145484,-0.13876997932916169,-0.055266501715619865,-0.055804783711945194,-0.0207527322397566,False,False,False
Market-Residual Momentum,2023-09-01 00:00:00-04:00,2023-10-02 00:00:00-04:00,BA,26,-0.01534722232395569,True,False,29,0.8928571428571429,-0.15278760521812773,0.0010176802103498694,-0.1591592974367395,-0.055266501715619865,-0.055804783711945194,-0.0207527322397566,False,False,False
Market-Residual Momentum,2023-09-01 00:00:00-04:00,2023-10-02 00:00:00-04:00,CRM,27,-0.016293600872343328,True,False,29,0.9285714285714286,-0.10156610295057367,0.014899399339449948,-0.10715883569084084,-0.055266501715619865,-0.055804783711945194,-0.0207527322397566,False,False,False
Market-Residual Momentum,2023-09-01 00:00:00-04:00,2023-10-02 00:00:00-04:00,CAT,28,-0.01675017960564129,True,False,29,0.9642857142857143,-0.04269648435461948,0.016186875404547107,-0.054950567189582245,-0.055266501715619865,-0.055804783711945194,-0.0207527322397566,True,True,False
Market-Residual Momentum,2023-09-01 00:00:00-04:00,2023-10-02 00:00:00-04:00,INTC,29,-0.03162849200171036,True,False,29,1.0,-0.0050294636428385164,0.11958627561015511,-0.06007268855966663,-0.055266501715619865,-0.055804783711945194,-0.0207527322397566,True,True,True
Market-Residual Momentum,2023-10-02 00:00:00-04:00,2023-11-01 00:00:00-04:00,MCD,1,-0.002471638639868212,True,True,29,0.0,0.003816910625245029,0.006450549828396657,-0.06209917294086731,-0.01739257400194094,0.0010325205902894652,0.03009949229717601,True,True,False
Market-Residual Momentum,2023-10-02 00:00:00-04:00,2023-11-01 00:00:00-04:00,KO,2,-0.0025838114153001746,True,True,29,0.03571428571428571,0.015918404128710817,0.015918404128710817,-0.07798247617573395,-0.01739257400194094,0.0010325205902894652,0.03009949229717601,True,True,False
Market-Residual Momentum,2023-10-02 00:00:00-04:00,2023-11-01 00:00:00-04:00,WMT,3,-0.0029466052370850093,True,True,29,0.07142857142857142,0.029594304150525774,0.030346797127668967,-0.04915674064737552,-0.01739257400194094,0.0010325205902894652,0.03009949229717601,True,True,False
Market-Residual Momentum,2023-10-02 00:00:00-04:00,2023-11-01 00:00:00-04:00,V,4,-0.004059357187053858,True,True,29,0.10714285714285714,0.03009949229717601,0.05339380883677425,-0.0063687729668151505,-0.01739257400194094,0.0010325205902894652,0.03009949229717601,True,True,True
Market-Residual Momentum,2023-10-02 00:00:00-04:00,2023-11-01 00:00:00-04:00,PG,5,-0.004072877968807398,True,True,29,0.14285714285714285,0.04732026843649817,0.05218566759761889,-0.023000673042899322,-0.01739257400194094,0.0010325205902894652,0.03009949229717601,True,True,True
Market-Residual Momentum,2023-10-02 00:00:00-04:00,2023-11-01 00:00:00-04:00,IBM,6,-0.004431035787575532,True,False,29,0.17857142857142858,0.03541862396379236,0.03541862396379236,-0.029777042316133095,-0.01739257400194094,0.0010325205902894652,0.03009949229717601,True,True,True
Market-Residual Momentum,2023-10-02 00:00:00-04:00,2023-11-01 00:00:00-04:00,AAPL,7,-0.00516454433141611,True,False,29,0.21428571428571427,-0.0012849567243802262,0.06494573800020786,-0.03241440589267075,-0.01739257400194094,0.0010325205902894652,0.03009949229717601,True,False,False
Market-Residual Momentum,2023-10-02 00:00:00-04:00,2023-11-01 00:00:00-04:00,HON,8,-0.005262367685851088,True,False,29,0.25,0.0010325205902894652,0.023315043901176002,-0.04956524117943195,-0.01739257400194094,0.0010325205902894652,0.03009949229717601,True,False,False
Market-Residual Momentum,2023-10-02 00:00:00-04:00,2023-11-01 00:00:00-04:00,CSCO,9,-0.00611647321926001,True,False,29,0.2857142857142857,-0.026451586224747192,0.021252863655405463,-0.04422397498887276,-0.01739257400194094,0.0010325205902894652,0.03009949229717601,False,False,False
Market-Residual Momentum,2023-10-02 00:00:00-04:00,2023-11-01 00:00:00-04:00,HD,10,-0.006278939291574748,True,False,29,0.32142857142857145,-0.049680629220581474,0.0097498446042672,-0.0873818767398492,-0.01739257400194094,0.0010325205902894652,0.03009949229717601,False,False,False
Market-Residual Momentum,2023-10-02 00:00:00-04:00,2023-11-01 00:00:00-04:00,GS,11,-0.007205657750518291,True,False,29,0.35714285714285715,-0.05806932718750901,0.004813178271726892,-0.1014502835739215,-0.01739257400194094,0.0010325205902894652,0.03009949229717601,False,False,False
Market-Residual Momentum,2023-10-02 00:00:00-04:00,2023-11-01 00:00:00-04:00,TRV,12,-0.007310506456601917,True,False,29,0.39285714285714285,0.030412747094545,0.0636458233850492,-0.03531798692270838,-0.01739257400194094,0.0010325205902894652,0.03009949229717601,True,True,True
Market-Residual Momentum,2023-10-02 00:00:00-04:00,2023-11-01 00:00:00-04:00,JPM,13,-0.007499947687511055,True,False,29,0.42857142857142855,-0.03143328425590941,0.06497121348830759,-0.05967299321290842,-0.01739257400194094,0.0010325205902894652,0.03009949229717601,False,False,False
Market-Residual Momentum,2023-10-02 00:00:00-04:00,2023-11-01 00:00:00-04:00,AXP,14,-0.007579402407648761,True,False,29,0.4642857142857143,-0.008948550476667982,0.05572802493780871,-0.04669888522524801,-0.01739257400194094,0.0010325205902894652,0.03009949229717601,True,False,False
Market-Residual Momentum,2023-10-02 00:00:00-04:00,2023-11-01 00:00:00-04:00,JNJ,15,-0.007798598884833918,True,False,29,0.5,-0.04008507106165937,0.02477159008505514,-0.06736586894103425,-0.01739257400194094,0.0010325205902894652,0.03009949229717601,False,False,False
Market-Residual Momentum,2023-10-02 00:00:00-04:00,2023-11-01 00:00:00-04:00,MRK,16,-0.007884633301368793,True,False,29,0.5357142857142857,0.007001908886168806,0.04278921204706143,-0.03588422692004889,-0.01739257400194094,0.0010325205902894652,0.03009949229717601,True,True,False
Market-Residual Momentum,2023-10-02 00:00:00-04:00,2023-11-01 00:00:00-04:00,DOW,17,-0.009080214069831949,True,False,29,0.5714285714285714,-0.059465670125589565,0.014817792856985923,-0.07857283033261886,-0.01739257400194094,0.0010325205902894652,0.03009949229717601,False,False,False
Market-Residual Momentum,2023-10-02 00:00:00-04:00,2023-11-01 00:00:00-04:00,MSFT,18,-0.00913604417834335,True,False,29,0.6071428571428571,0.07433295452853028,0.09666049296295709,-0.014177513688439891,-0.01739257400194094,0.0010325205902894652,0.03009949229717601,True,True,True
Market-Residual Momentum,2023-10-02 00:00:00-04:00,2023-11-01 00:00:00-04:00,AMGN,19,-0.009811284902038975,True,False,29,0.6428571428571429,-0.04273301904402904,0.07750902905215407,-0.0672744484400617,-0.01739257400194094,0.0010325205902894652,0.03009949229717601,False,False,False
Market-Residual Momentum,2023-10-02 00:00:00-04:00,2023-11-01 00:00:00-04:00,NKE,20,-0.01081483449942977,True,False,29,0.6785714285714286,0.06600859036131945,0.09823293801653121,-0.025675609871770644,-0.01739257400194094,0.0010325205902894652,0.03009949229717601,True,True,True
Market-Residual Momentum,2023-10-02 00:00:00-04:00,2023-11-01 00:00:00-04:00,CVX,21,-0.01093176682986663,True,False,29,0.7142857142857143,-0.13282650104854965,0.019692863475127886,-0.14482583301325902,-0.01739257400194094,0.0010325205902894652,0.03009949229717601,False,False,False
Market-Residual Momentum,2023-10-02 00:00:00-04:00,2023-11-01 00:00:00-04:00,CRM,22,-0.011049960011980109,True,False,29,0.75,0.0005977301653818934,0.05547816652418147,-0.03545809673602962,-0.01739257400194094,0.0010325205902894652,0.03009949229717601,True,False,False
Market-Residual Momentum,2023-10-02 00:00:00-04:00,2023-11-01 00:00:00-04:00,VZ,23,-0.012141998915517926,True,False,29,0.7857142857142857,0.11485281352572296,0.11485281352572296,-0.05106846493731021,-0.01739257400194094,0.0010325205902894652,0.03009949229717601,True,True,True
Market-Residual Momentum,2023-10-02 00:00:00-04:00,2023-11-01 00:00:00-04:00,UNH,24,-0.013422634060085703,True,False,29,0.8214285714285714,0.04836486413731467,0.08159747671133122,-0.004727680131011991,-0.01739257400194094,0.0010325205902894652,0.03009949229717601,True,True,True
Market-Residual Momentum,2023-10-02 00:00:00-04:00,2023-11-01 00:00:00-04:00,BA,25,-0.013909248431732246,True,False,29,0.8571428571428571,-0.009296489099851812,0.042565382799000684,-0.07949026543933313,-0.01739257400194094,0.0010325205902894652,0.03009949229717601,True,False,False
Market-Residual Momentum,2023-10-02 00:00:00-04:00,2023-11-01 00:00:00-04:00,DIS,26,-0.01395819772286555,True,False,29,0.8928571428571429,0.007538546598982121,0.06636208138816024,-0.02706352576742499,-0.01739257400194094,0.0010325205902894652,0.03009949229717601,True,True,False
Market-Residual Momentum,2023-10-02 00:00:00-04:00,2023-11-01 00:00:00-04:00,MMM,27,-0.014413139883147186,True,False,29,0.9285714285714286,-0.01608203805220587,0.0019428393365330532,-0.07879100706839803,-0.01739257400194094,0.0010325205902894652,0.03009949229717601,True,False,False
Market-Residual Momentum,2023-10-02 00:00:00-04:00,2023-11-01 00:00:00-04:00,CAT,28,-0.014663741005488728,True,False,29,0.9642857142857143,-0.17006622645515446,0.015294830861615871,-0.1750433351815447,-0.01739257400194094,0.0010325205902894652,0.03009949229717601,False,False,False
Market-Residual Momentum,2023-10-02 00:00:00-04:00,2023-11-01 00:00:00-04:00,INTC,29,-0.02914913087783011,True,False,29,1.0,0.024993010688056483,0.04521202816440839,-0.09716375102306707,-0.01739257400194094,0.0010325205902894652,0.03009949229717601,True,True,False
Market-Residual Momentum,2023-11-01 00:00:00-04:00,2023-12-01 00:00:00-05:00,WMT,1,-0.0032563127169218387,True,True,29,0.0,-0.0537727105366157,0.03489429977119074,-0.06138479182915768,0.08723744152454915,0.08551945371012715,0.11899450992478289,False,False,False
Market-Residual Momentum,2023-11-01 00:00:00-04:00,2023-12-01 00:00:00-05:00,MCD,2,-0.00376483057700161,True,True,29,0.03571428571428571,0.08344959642853511,0.08344959642853511,-0.012053282995187709,0.08723744152454915,0.08551945371012715,0.11899450992478289,False,False,False
Market-Residual Momentum,2023-11-01 00:00:00-04:00,2023-12-01 00:00:00-05:00,V,3,-0.003955230995329906,True,True,29,0.07142857142857142,0.08551945371012715,0.08967851508169011,-0.0019480253877199871,0.08723744152454915,0.08551945371012715,0.11899450992478289,False,False,False
Market-Residual Momentum,2023-11-01 00:00:00-04:00,2023-12-01 00:00:00-05:00,IBM,4,-0.0040109290118079954,True,True,29,0.10714285714285714,0.10487276249137345,0.1061980065872008,-0.00379312449488145,0.08723744152454915,0.08551945371012715,0.11899450992478289,True,True,False
Market-Residual Momentum,2023-11-01 00:00:00-04:00,2023-12-01 00:00:00-05:00,PG,5,-0.004223594917154294,True,True,29,0.14285714285714285,0.01758695528320997,0.01957795964095066,-0.012277614379151203,0.08723744152454915,0.08551945371012715,0.11899450992478289,False,False,False
Market-Residual Momentum,2023-11-01 00:00:00-04:00,2023-12-01 00:00:00-05:00,JPM,6,-0.00438729023509532,True,False,29,0.17857142857142858,0.11899450992478289,0.12122070135494734,-0.005601427499439038,0.08723744152454915,0.08551945371012715,0.11899450992478289,True,True,True
Market-Residual Momentum,2023-11-01 00:00:00-04:00,2023-12-01 00:00:00-05:00,KO,7,-0.0046133349137049695,True,False,29,0.21428571428571427,0.034049050129918434,0.037420725139042155,-0.0130279815773654,0.08723744152454915,0.08551945371012715,0.11899450992478289,False,False,False
Market-Residual Momentum,2023-11-01 00:00:00-04:00,2023-12-01 00:00:00-05:00,CSCO,8,-0.004748933374159714,True,False,29,0.25,-0.07225232745274046,0.02805536193361169,-0.11222148459084968,0.08723744152454915,0.08551945371012715,0.11899450992478289,False,False,False
Market-Residual Momentum,2023-11-01 00:00:00-04:00,2023-12-01 00:00:00-05:00,AAPL,9,-0.005128083931748129,True,False,29,0.2857142857142857,0.11450743377095418,0.12973202297665298,-0.005146227384868474,0.08723744152454915,0.08551945371012715,0.11899450992478289,True,True,False
Market-Residual Momentum,2023-11-01 00:00:00-04:00,2023-12-01 00:00:00-05:00,HON,10,-0.005535110490260675,True,False,29,0.32142857142857145,0.07311068122162734,0.07311068122162734,-0.015038835364804992,0.08723744152454915,0.08551945371012715,0.11899450992478289,False,False,False
Market-Residual Momentum,2023-11-01 00:00:00-04:00,2023-12-01 00:00:00-05:00,TRV,11,-0.005731396062227612,True,False,29,0.35714285714285715,0.07075266469276076,0.07813131837955356,-0.01315097881420435,0.08723744152454915,0.08551945371012715,0.11899450992478289,False,False,False
Market-Residual Momentum,2023-11-01 00:00:00-04:00,2023-12-01 00:00:00-05:00,HD,12,-0.005950793102663887,True,False,29,0.39285714285714285,0.10626169447000233,0.10707255312275121,-0.012500463496609826,0.08723744152454915,0.08551945371012715,0.11899450992478289,True,True,False
Market-Residual Momentum,2023-11-01 00:00:00-04:00,2023-12-01 00:00:00-05:00,JNJ,13,-0.006480758152922816,True,False,29,0.42857142857142855,0.05699321414848124,0.05699321414848124,-0.023795032146929684,0.08723744152454915,0.08551945371012715,0.11899450992478289,False,False,False
Market-Residual Momentum,2023-11-01 00:00:00-04:00,2023-12-01 00:00:00-05:00,GS,14,-0.007087193337967812,True,False,29,0.4642857142857143,0.13494841736690266,0.14591692569716708,-0.0016153702438458373,0.08723744152454915,0.08551945371012715,0.11899450992478289,True,True,True
Market-Residual Momentum,2023-11-01 00:00:00-04:00,2023-12-01 00:00:00-05:00,AXP,15,-0.007478987050235086,True,False,29,0.5,0.16506262541446692,0.16847578802297036,-0.00921568743868062,0.08723744152454915,0.08551945371012715,0.11899450992478289,True,True,True
Market-Residual Momentum,2023-11-01 00:00:00-04:00,2023-12-01 00:00:00-05:00,MRK,16,-0.007491931318585721,True,False,29,0.5357142857142857,-0.006759916656501885,0.015644723460609855,-0.036214290517818104,0.08723744152454915,0.08551945371012715,0.11899450992478289,False,False,False
Market-Residual Momentum,2023-11-01 00:00:00-04:00,2023-12-01 00:00:00-05:00,DOW,17,-0.008333202563637232,True,False,29,0.5714285714285714,0.08853899467336213,0.09211160998553058,-0.013267064305086618,0.08723744152454915,0.08551945371012715,0.11899450992478289,True,True,False
Market-Residual Momentum,2023-11-01 00:00:00-04:00,2023-12-01 00:00:00-05:00,MSFT,18,-0.008905661375935847,True,False,29,0.6071428571428571,0.11314470964604317,0.13328817722328723,-0.00041206228822654456,0.08723744152454915,0.08551945371012715,0.11899450992478289,True,True,False
Market-Residual Momentum,2023-11-01 00:00:00-04:00,2023-12-01 00:00:00-05:00,AMGN,19,-0.010618887937015598,True,False,29,0.6428571428571429,0.06170303090312035,0.07932217555942933,-0.004604490289022101,0.08723744152454915,0.08551945371012715,0.11899450992478289,False,False,False
Market-Residual Momentum,2023-11-01 00:00:00-04:00,2023-12-01 00:00:00-05:00,CRM,20,-0.010648466211439778,True,False,29,0.6785714285714286,0.24427630189323435,0.25671909250294833,-0.0021401188517814473,0.08723744152454915,0.08551945371012715,0.11899450992478289,True,True,True
Market-Residual Momentum,2023-11-01 00:00:00-04:00,2023-12-01 00:00:00-05:00,UNH,21,-0.011142454821239878,True,False,29,0.7142857142857143,0.04211081055441723,0.04520951886965996,-0.006000212824961104,0.08723744152454915,0.08551945371012715,0.11899450992478289,False,False,False
Market-Residual Momentum,2023-11-01 00:00:00-04:00,2023-12-01 00:00:00-05:00,CVX,22,-0.012813862368968976,True,False,29,0.75,0.0019150330861892328,0.031875739672856396,-0.029113609316084532,0.08723744152454915,0.08551945371012715,0.11899450992478289,False,False,False
Market-Residual Momentum,2023-11-01 00:00:00-04:00,2023-12-01 00:00:00-05:00,NKE,23,-0.012971758879815831,True,False,29,0.7857142857142857,0.07948734805723623,0.09361267061375078,-0.025158476394706142,0.08723744152454915,0.08551945371012715,0.11899450992478289,False,False,False
Market-Residual Momentum,2023-11-01 00:00:00-04:00,2023-12-01 00:00:00-05:00,CAT,24,-0.013266901525996078,True,False,29,0.8214285714285714,0.11905299855456342,0.12949227853146006,-0.005286315304427802,0.08723744152454915,0.08551945371012715,0.11899450992478289,True,True,True
Market-Residual Momentum,2023-11-01 00:00:00-04:00,2023-12-01 00:00:00-05:00,BA,25,-0.013571617411996084,True,False,29,0.8571428571428571,0.22183563334632184,0.22831987453831082,-0.011545165339342134,0.08723744152454915,0.08551945371012715,0.11899450992478289,True,True,True
Market-Residual Momentum,2023-11-01 00:00:00-04:00,2023-12-01 00:00:00-05:00,DIS,26,-0.013692106076574784,True,False,29,0.8928571428571429,0.13749539625045037,0.18373601064402467,-0.016558303622394965,0.08723744152454915,0.08551945371012715,0.11899450992478289,True,True,True
Market-Residual Momentum,2023-11-01 00:00:00-04:00,2023-12-01 00:00:00-05:00,MMM,27,-0.016165439214722577,True,False,29,0.9285714285714286,0.10130995286449118,0.1151263288095492,-0.01744183718696468,0.08723744152454915,0.08551945371012715,0.11899450992478289,True,True,False
Market-Residual Momentum,2023-11-01 00:00:00-04:00,2023-12-01 00:00:00-05:00,VZ,28,-0.01628296624768777,True,False,29,0.9642857142857143,0.08443964373907886,0.08556898308375871,-0.0073425112299797535,0.08723744152454915,0.08551945371012715,0.11899450992478289,False,False,False
Market-Residual Momentum,2023-11-01 00:00:00-04:00,2023-12-01 00:00:00-05:00,INTC,29,-0.028283010896983374,True,False,29,1.0,0.21933879030759518,0.24627630709088888,-0.0060274307041952024,0.08723744152454915,0.08551945371012715,0.11899450992478289,True,True,True
Market-Residual Momentum,2023-12-01 00:00:00-05:00,2024-01-02 00:00:00-05:00,V,1,-0.0037421856081835125,True,True,29,0.0,0.014934213393595464,0.0291646489624402,-0.01426961624283618,0.04016146939275056,0.045299261674597524,0.08516231188318368,False,False,False
Market-Residual Momentum,2023-12-01 00:00:00-05:00,2024-01-02 00:00:00-05:00,MCD,2,-0.0039028366926289193,True,True,29,0.03571428571428571,0.04165901334098576,0.048013836864883475,-0.0008826125330979595,0.04016146939275056,0.045299261674597524,0.08516231188318368,True,False,False
Market-Residual Momentum,2023-12-01 00:00:00-05:00,2024-01-02 00:00:00-05:00,PG,3,-0.004050610099185836,True,True,29,0.07142857142857142,-0.04545758054358584,0.001043524817052388,-0.07063222397422719,0.04016146939275056,0.045299261674597524,0.08516231188318368,False,False,False
Market-Residual Momentum,2023-12-01 00:00:00-05:00,2024-01-02 00:00:00-05:00,JPM,4,-0.004347201166016168,True,True,29,0.10714285714285714,0.08516231188318368,0.09543079400487064,0.0,0.04016146939275056,0.045299261674597524,0.08516231188318368,True,True,True
Market-Residual Momentum,2023-12-01 00:00:00-05:00,2024-01-02 00:00:00-05:00,KO,5,-0.004636534134863979,True,True,29,0.14285714285714285,0.00909557350390422,0.030375785996587856,-0.013729193514563476,0.04016146939275056,0.045299261674597524,0.08516231188318368,False,False,False
Market-Residual Momentum,2023-12-01 00:00:00-05:00,2024-01-02 00:00:00-05:00,AAPL,6,-0.005089512366698745,True,False,29,0.17857142857142858,-0.016707982906554397,0.0488100835214873,-0.016707982906554397,0.04016146939275056,0.045299261674597524,0.08516231188318368,False,False,False
Market-Residual Momentum,2023-12-01 00:00:00-05:00,2024-01-02 00:00:00-05:00,IBM,7,-0.0051252338052442115,True,False,29,0.21428571428571427,0.027902151606054915,0.050060078760245874,-0.002588243498712006,0.04016146939275056,0.045299261674597524,0.08516231188318368,False,False,False
Market-Residual Momentum,2023-12-01 00:00:00-05:00,2024-01-02 00:00:00-05:00,HON,8,-0.0051883015256908305,True,False,29,0.25,0.06290074119493005,0.06956743162234869,-0.017760934722499733,0.04016146939275056,0.045299261674597524,0.08516231188318368,True,True,False
Market-Residual Momentum,2023-12-01 00:00:00-05:00,2024-01-02 00:00:00-05:00,HD,9,-0.005447767471953191,True,False,29,0.2857142857142857,0.09680407575354688,0.13093100849893857,-0.002644701296173113,0.04016146939275056,0.045299261674597524,0.08516231188318368,True,True,True
Market-Residual Momentum,2023-12-01 00:00:00-05:00,2024-01-02 00:00:00-05:00,WMT,10,-0.006760095868795668,True,False,29,0.32142857142857145,0.015793897221504816,0.02277041309660044,-0.03401072680284989,0.04016146939275056,0.045299261674597524,0.08516231188318368,False,False,False
Market-Residual Momentum,2023-12-01 00:00:00-05:00,2024-01-02 00:00:00-05:00,AXP,11,-0.006794969709177923,True,False,29,0.35714285714285715,0.09269343083975468,0.10329880770597377,-0.027773005776349335,0.04016146939275056,0.045299261674597524,0.08516231188318368,True,True,True
Market-Residual Momentum,2023-12-01 00:00:00-05:00,2024-01-02 00:00:00-05:00,JNJ,12,-0.006940390432754073,True,False,29,0.39285714285714285,0.003132063426496634,0.022884102541767648,-0.02985167673563005,0.04016146939275056,0.045299261674597524,0.08516231188318368,False,False,False
Market-Residual Momentum,2023-12-01 00:00:00-05:00,2024-01-02 00:00:00-05:00,MRK,13,-0.007650716517486389,True,False,29,0.42857142857142855,0.06903665655611801,0.06982009673313017,-0.0019445388284591303,0.04016146939275056,0.045299261674597524,0.08516231188318368,True,True,False
Market-Residual Momentum,2023-12-01 00:00:00-05:00,2024-01-02 00:00:00-05:00,TRV,14,-0.007695789674845521,True,False,29,0.4642857142857143,0.06282258790879958,0.06628738734599193,-0.0042236843131781,0.04016146939275056,0.045299261674597524,0.08516231188318368,True,True,False
Market-Residual Momentum,2023-12-01 00:00:00-05:00,2024-01-02 00:00:00-05:00,MSFT,15,-0.007819720755089299,True,False,29,0.5,-0.00769746389880599,0.003715877110618049,-0.03678744489785213,0.04016146939275056,0.045299261674597524,0.08516231188318368,False,False,False
Market-Residual Momentum,2023-12-01 00:00:00-05:00,2024-01-02 00:00:00-05:00,GS,16,-0.008111049698598882,True,False,29,0.5357142857142857,0.12165400654679992,0.13559427437389493,-0.003045680470242007,0.04016146939275056,0.045299261674597524,0.08516231188318368,True,True,True
Market-Residual Momentum,2023-12-01 00:00:00-05:00,2024-01-02 00:00:00-05:00,DOW,17,-0.00885404272408985,True,False,29,0.5714285714285714,0.05675688716477323,0.07905412977182213,-0.025868755835530832,0.04016146939275056,0.045299261674597524,0.08516231188318368,True,True,False
Market-Residual Momentum,2023-12-01 00:00:00-05:00,2024-01-02 00:00:00-05:00,CSCO,18,-0.009701889822736454,True,False,29,0.6071428571428571,0.04577489729285733,0.048674375367361744,-0.014291576782727633,0.04016146939275056,0.045299261674597524,0.08516231188318368,True,True,False
Market-Residual Momentum,2023-12-01 00:00:00-05:00,2024-01-02 00:00:00-05:00,CRM,19,-0.010428908067387055,True,False,29,0.6428571428571429,0.04215989529896058,0.07343983493337491,-0.01243999785237293,0.04016146939275056,0.045299261674597524,0.08516231188318368,True,False,False
Market-Residual Momentum,2023-12-01 00:00:00-05:00,2024-01-02 00:00:00-05:00,UNH,20,-0.011033414049211432,True,False,29,0.6785714285714286,-0.04284010420413864,0.007775933704742499,-0.0627703545507664,0.04016146939275056,0.045299261674597524,0.08516231188318368,False,False,False
Market-Residual Momentum,2023-12-01 00:00:00-05:00,2024-01-02 00:00:00-05:00,AMGN,21,-0.01128987619879429,True,False,29,0.7142857142857143,0.06415765566678333,0.07067718647055177,-0.012335082791479435,0.04016146939275056,0.045299261674597524,0.08516231188318368,True,True,False
Market-Residual Momentum,2023-12-01 00:00:00-05:00,2024-01-02 00:00:00-05:00,DIS,22,-0.012695810011566833,True,False,29,0.75,-0.025300266555446815,0.02586862786649169,-0.03029990828668616,0.04016146939275056,0.045299261674597524,0.08516231188318368,False,False,False
Market-Residual Momentum,2023-12-01 00:00:00-05:00,2024-01-02 00:00:00-05:00,NKE,23,-0.013401043890180486,True,False,29,0.7857142857142857,-0.024653191551511133,0.11837212286825327,-0.031904335036121556,0.04016146939275056,0.045299261674597524,0.08516231188318368,False,False,False
Market-Residual Momentum,2023-12-01 00:00:00-05:00,2024-01-02 00:00:00-05:00,BA,24,-0.014993320198734339,True,False,29,0.8214285714285714,0.1100659879906083,0.15433405364402097,-0.00763689968431025,0.04016146939275056,0.045299261674597524,0.08516231188318368,True,True,True
Market-Residual Momentum,2023-12-01 00:00:00-05:00,2024-01-02 00:00:00-05:00,CVX,25,-0.015146079741445106,True,False,29,0.8571428571428571,0.045299261674597524,0.06634562025633017,-0.021364351246155877,0.04016146939275056,0.045299261674597524,0.08516231188318368,True,False,False
Market-Residual Momentum,2023-12-01 00:00:00-05:00,2024-01-02 00:00:00-05:00,MMM,26,-0.015786567208214364,True,False,29,0.8928571428571429,0.09894764670588474,0.11473071815513736,-0.006879847814882378,0.04016146939275056,0.045299261674597524,0.08516231188318368,True,True,True
Market-Residual Momentum,2023-12-01 00:00:00-05:00,2024-01-02 00:00:00-05:00,CAT,27,-0.016224998312572292,True,False,29,0.9285714285714286,0.1648207750610755,0.1877259046799935,-0.003572740828826415,0.04016146939275056,0.045299261674597524,0.08516231188318368,True,True,True
Market-Residual Momentum,2023-12-01 00:00:00-05:00,2024-01-02 00:00:00-05:00,VZ,28,-0.01623354518723752,True,False,29,0.9642857142857143,-0.017447961454112315,0.01249999933257917,-0.05052093768843369,0.04016146939275056,0.045299261674597524,0.08516231188318368,False,False,False
Market-Residual Momentum,2023-12-01 00:00:00-05:00,2024-01-02 00:00:00-05:00,INTC,29,-0.03226209242239608,True,False,29,1.0,0.10910727478132021,0.15599629862022768,-0.07191170292375282,0.04016146939275056,0.045299261674597524,0.08516231188318368,True,True,True
Market-Residual Momentum,2024-01-02 00:00:00-05:00,2024-02-01 00:00:00-05:00,V,1,-0.003153805806026422,True,True,29,0.0,0.05307966430259481,0.07850222670468754,-0.010592916523894491,0.02641058501606408,0.02669892665497442,0.07784503997800263,True,True,False
Market-Residual Momentum,2024-01-02 00:00:00-05:00,2024-02-01 00:00:00-05:00,MCD,2,-0.00409676497589051,True,True,29,0.03571428571428571,-0.011353916818629961,0.024877345753253177,-0.026605617423542283,0.02641058501606408,0.02669892665497442,0.07784503997800263,False,False,False
Market-Residual Momentum,2024-01-02 00:00:00-05:00,2024-02-01 00:00:00-05:00,JPM,3,-0.0041795646938055375,True,True,29,0.07142857142857142,0.03324113758379599,0.06097045705567483,-0.02233627128392146,0.02641058501606408,0.02669892665497442,0.07784503997800263,True,True,False
Market-Residual Momentum,2024-01-02 00:00:00-05:00,2024-02-01 00:00:00-05:00,KO,4,-0.0045845639127986,True,True,29,0.10714285714285714,0.013095290677169746,0.028231333537376502,-0.0023809045221038216,0.02641058501606408,0.02669892665497442,0.07784503997800263,False,False,False
Market-Residual Momentum,2024-01-02 00:00:00-05:00,2024-02-01 00:00:00-05:00,IBM,5,-0.004766760886539045,True,True,29,0.14285714285714285,0.1277407504344079,0.2092368219074483,-0.03033818189440407,0.02641058501606408,0.02669892665497442,0.07784503997800263,True,True,True
Market-Residual Momentum,2024-01-02 00:00:00-05:00,2024-02-01 00:00:00-05:00,PG,6,-0.004839663543933614,True,False,29,0.17857142857142858,0.07789077509763986,0.08978543378406711,-0.0003416442439826417,0.02641058501606408,0.02669892665497442,0.07784503997800263,True,True,True
Market-Residual Momentum,2024-01-02 00:00:00-05:00,2024-02-01 00:00:00-05:00,AAPL,7,-0.005280006799214587,True,False,29,0.21428571428571427,-0.0168847062316555,0.049318941551136586,-0.03729623229001511,0.02641058501606408,0.02669892665497442,0.07784503997800263,False,False,False
Market-Residual Momentum,2024-01-02 00:00:00-05:00,2024-02-01 00:00:00-05:00,HD,8,-0.005316572402786268,True,False,29,0.25,0.02669892665497442,0.05447264163526344,-0.022137572640653747,0.02641058501606408,0.02669892665497442,0.07784503997800263,True,False,False
Market-Residual Momentum,2024-01-02 00:00:00-05:00,2024-02-01 00:00:00-05:00,HON,9,-0.005397307185894706,True,False,29,0.2857142857142857,-0.062194755244955546,0.008378836398204692,-0.062194755244955546,0.02641058501606408,0.02669892665497442,0.07784503997800263,False,False,False
Market-Residual Momentum,2024-01-02 00:00:00-05:00,2024-02-01 00:00:00-05:00,AXP,10,-0.006534845285109281,True,False,29,0.32142857142857145,0.07784503997800263,0.10452761996682747,-0.0434637130288954,0.02641058501606408,0.02669892665497442,0.07784503997800263,True,True,True
Market-Residual Momentum,2024-01-02 00:00:00-05:00,2024-02-01 00:00:00-05:00,WMT,11,-0.0071028164534897575,True,False,29,0.35714285714285715,0.05373615914081897,0.0670905080893458,-0.010492813598812711,0.02641058501606408,0.02669892665497442,0.07784503997800263,True,True,False
Market-Residual Momentum,2024-01-02 00:00:00-05:00,2024-02-01 00:00:00-05:00,MRK,12,-0.007144316370802817,True,False,29,0.39285714285714285,0.1327408023775325,0.1327408023775325,0.0,0.02641058501606408,0.02669892665497442,0.07784503997800263,True,True,True
Market-Residual Momentum,2024-01-02 00:00:00-05:00,2024-02-01 00:00:00-05:00,DOW,13,-0.007160380921750309,True,False,29,0.42857142857142855,-0.01516262954166725,0.01717206061173293,-0.04932418741045841,0.02641058501606408,0.02669892665497442,0.07784503997800263,False,False,False
Market-Residual Momentum,2024-01-02 00:00:00-05:00,2024-02-01 00:00:00-05:00,JNJ,14,-0.007329485130027957,True,False,29,0.4642857142857143,0.007837868045401208,0.04237565696208301,-0.0008921136569328691,0.02641058501606408,0.02669892665497442,0.07784503997800263,False,False,False
Market-Residual Momentum,2024-01-02 00:00:00-05:00,2024-02-01 00:00:00-05:00,TRV,15,-0.007362001306834398,True,False,29,0.5,0.10478464885466554,0.1314934355389592,-0.0017348596412162243,0.02641058501606408,0.02669892665497442,0.07784503997800263,True,True,True
Market-Residual Momentum,2024-01-02 00:00:00-05:00,2024-02-01 00:00:00-05:00,MSFT,16,-0.007577478158189321,True,False,29,0.5357142857142857,0.07481439856330585,0.11089722302346994,-0.019739635335754957,0.02641058501606408,0.02669892665497442,0.07784503997800263,True,True,False
Market-Residual Momentum,2024-01-02 00:00:00-05:00,2024-02-01 00:00:00-05:00,GS,17,-0.00847926866925508,True,False,29,0.5714285714285714,0.0037337029381800946,0.02848565140510817,-0.02853781255640131,0.02641058501606408,0.02669892665497442,0.07784503997800263,False,False,False
Market-Residual Momentum,2024-01-02 00:00:00-05:00,2024-02-01 00:00:00-05:00,UNH,18,-0.008825330481795346,True,False,29,0.6071428571428571,-0.03418498189944996,0.04206226510150657,-0.09080565083747838,0.02641058501606408,0.02669892665497442,0.07784503997800263,False,False,False
Market-Residual Momentum,2024-01-02 00:00:00-05:00,2024-02-01 00:00:00-05:00,CSCO,19,-0.009687402717783455,True,False,29,0.6428571428571429,0.0025914472881727324,0.05029591496862307,-0.013376333328341872,0.02641058501606408,0.02669892665497442,0.07784503997800263,False,False,False
Market-Residual Momentum,2024-01-02 00:00:00-05:00,2024-02-01 00:00:00-05:00,AMGN,20,-0.010123730283315147,True,False,29,0.6785714285714286,0.09475082042119287,0.10219996950468824,0.0,0.02641058501606408,0.02669892665497442,0.07784503997800263,True,True,True
Market-Residual Momentum,2024-01-02 00:00:00-05:00,2024-02-01 00:00:00-05:00,CRM,21,-0.010660454969403488,True,False,29,0.7142857142857143,0.08240601568740336,0.11034786791493767,-0.04106836195593144,0.02641058501606408,0.02669892665497442,0.07784503997800263,True,True,True
Market-Residual Momentum,2024-01-02 00:00:00-05:00,2024-02-01 00:00:00-05:00,NKE,22,-0.01099948524633787,True,False,29,0.75,-0.053061975391030636,0.0022302561324067938,-0.07378505170390215,0.02641058501606408,0.02669892665497442,0.07784503997800263,False,False,False
Market-Residual Momentum,2024-01-02 00:00:00-05:00,2024-02-01 00:00:00-05:00,MMM,23,-0.012910456440876295,True,False,29,0.7857142857142857,-0.1310072394484102,0.01878110330413274,-0.14628962941981194,0.02641058501606408,0.02669892665497442,0.07784503997800263,False,False,False
Market-Residual Momentum,2024-01-02 00:00:00-05:00,2024-02-01 00:00:00-05:00,DIS,24,-0.01303779058994825,True,False,29,0.8214285714285714,0.06958918869440023,0.08290768966826123,-0.01564938862166143,0.02641058501606408,0.02669892665497442,0.07784503997800263,True,True,False
Market-Residual Momentum,2024-01-02 00:00:00-05:00,2024-02-01 00:00:00-05:00,CAT,25,-0.01426952377671209,True,False,29,0.8571428571428571,0.03821994929969552,0.0468136553844003,-0.05619750067347351,0.02641058501606408,0.02669892665497442,0.07784503997800263,True,True,False
Market-Residual Momentum,2024-01-02 00:00:00-05:00,2024-02-01 00:00:00-05:00,BA,26,-0.014641750793091157,True,False,29,0.8928571428571429,-0.1688432938724883,0.0050917193905830604,-0.22916663454144337,0.02641058501606408,0.02669892665497442,0.07784503997800263,False,False,False
Market-Residual Momentum,2024-01-02 00:00:00-05:00,2024-02-01 00:00:00-05:00,CVX,27,-0.01482932446480878,True,False,29,0.9285714285714286,-0.012000994269139142,0.02016514037720607,-0.06913815911984811,0.02641058501606408,0.02669892665497442,0.07784503997800263,False,False,False
Market-Residual Momentum,2024-01-02 00:00:00-05:00,2024-02-01 00:00:00-05:00,VZ,28,-0.015146011597934717,True,False,29,0.9642857142857143,0.15027072973996747,0.1645549123932739,-0.001325185201886181,0.02641058501606408,0.02669892665497442,0.07784503997800263,True,True,True
Market-Residual Momentum,2024-01-02 00:00:00-05:00,2024-02-01 00:00:00-05:00,INTC,29,-0.023271512973542796,True,False,29,1.0,-0.12296747636891425,0.0223576761218367,-0.13902440848868147,0.02641058501606408,0.02669892665497442,0.07784503997800263,False,False,False
Market-Residual Momentum,2024-02-01 00:00:00-05:00,2024-03-01 00:00:00-05:00,V,1,-0.0025689452898706167,True,True,29,0.0,0.03781440686106752,0.048551503127918005,-0.00044405575760064764,0.05024436275824362,0.02297441619608076,0.05058767082709714,False,True,False
Market-Residual Momentum,2024-02-01 00:00:00-05:00,2024-03-01 00:00:00-05:00,JPM,2,-0.0033570592905238783,True,True,29,0.03571428571428571,0.06945396580855845,0.07365794283129867,-0.012727520857149677,0.05024436275824362,0.02297441619608076,0.05058767082709714,True,True,True
Market-Residual Momentum,2024-02-01 00:00:00-05:00,2024-03-01 00:00:00-05:00,MCD,3,-0.004020511079655176,True,True,29,0.07142857142857142,0.0046208996301508876,0.02413432073271804,-0.03483028208299943,0.05024436275824362,0.02297441619608076,0.05058767082709714,False,False,False
Market-Residual Momentum,2024-02-01 00:00:00-05:00,2024-03-01 00:00:00-05:00,KO,4,-0.004439732270963281,True,True,29,0.10714285714285714,0.00553962315281864,0.034413179142151806,-0.013093903682827257,0.05024436275824362,0.02297441619608076,0.05058767082709714,False,False,False
Market-Residual Momentum,2024-02-01 00:00:00-05:00,2024-03-01 00:00:00-05:00,IBM,5,-0.0046500898022450166,True,True,29,0.14285714285714285,0.019338169722316056,0.03835219921280464,-0.017700748006587275,0.05024436275824362,0.02297441619608076,0.05058767082709714,False,False,False
Market-Residual Momentum,2024-02-01 00:00:00-05:00,2024-03-01 00:00:00-05:00,HD,6,-0.004815736599609877,True,False,29,0.17857142857142858,0.0762873798622159,0.08030552592003226,-0.009564290234973183,0.05024436275824362,0.02297441619608076,0.05058767082709714,True,True,True
Market-Residual Momentum,2024-02-01 00:00:00-05:00,2024-03-01 00:00:00-05:00,HON,7,-0.004912147690082969,True,False,29,0.21428571428571427,0.014326042698580732,0.03451261398884298,-0.03170474090644282,0.05024436275824362,0.02297441619608076,0.05058767082709714,False,False,False
Market-Residual Momentum,2024-02-01 00:00:00-05:00,2024-03-01 00:00:00-05:00,PG,8,-0.0054809609501179635,True,False,29,0.25,0.008164814365671624,0.03170244208982176,-0.011864555466140292,0.05024436275824362,0.02297441619608076,0.05058767082709714,False,False,False
Market-Residual Momentum,2024-02-01 00:00:00-05:00,2024-03-01 00:00:00-05:00,JNJ,9,-0.005534593065471882,True,False,29,0.2857142857142857,0.03097339380431463,0.03364895496626996,-0.020991248056753453,0.05024436275824362,0.02297441619608076,0.05058767082709714,False,True,False
Market-Residual Momentum,2024-02-01 00:00:00-05:00,2024-03-01 00:00:00-05:00,AAPL,10,-0.0057116321593539965,True,False,29,0.32142857142857145,-0.02288658056721371,0.03837171129130734,-0.025762319477000473,0.05024436275824362,0.02297441619608076,0.05058767082709714,False,False,False
Market-Residual Momentum,2024-02-01 00:00:00-05:00,2024-03-01 00:00:00-05:00,AXP,11,-0.005839813937093208,True,False,29,0.35714285714285715,0.09457968357957114,0.09672588578186758,-0.002395666430808796,0.05024436275824362,0.02297441619608076,0.05058767082709714,True,True,True
Market-Residual Momentum,2024-02-01 00:00:00-05:00,2024-03-01 00:00:00-05:00,MSFT,12,-0.0062272008212814756,True,False,29,0.39285714285714285,0.025385191855771705,0.04529093132940121,-0.011505377138536166,0.05024436275824362,0.02297441619608076,0.05058767082709714,False,True,False
Market-Residual Momentum,2024-02-01 00:00:00-05:00,2024-03-01 00:00:00-05:00,MRK,13,-0.006631062952162536,True,False,29,0.42857142857142855,0.026041319798840945,0.05329572636285196,-0.007116901511952878,0.05024436275824362,0.02297441619608076,0.05058767082709714,False,True,False
Market-Residual Momentum,2024-02-01 00:00:00-05:00,2024-03-01 00:00:00-05:00,UNH,14,-0.006813845961393117,True,False,29,0.4642857142857143,-0.03814634713590992,0.04712777781267308,-0.04803170909735943,0.05024436275824362,0.02297441619608076,0.05058767082709714,False,False,False
Market-Residual Momentum,2024-02-01 00:00:00-05:00,2024-03-01 00:00:00-05:00,WMT,15,-0.006880983033910493,True,False,29,0.5,0.0645743886552812,0.09444779614891208,-0.0031381812955472155,0.05024436275824362,0.02297441619608076,0.05058767082709714,True,True,True
Market-Residual Momentum,2024-02-01 00:00:00-05:00,2024-03-01 00:00:00-05:00,DOW,16,-0.006976400823614615,True,False,29,0.5357142857142857,0.04941154706109985,0.05397887460967943,-0.02875166963981257,0.05024436275824362,0.02297441619608076,0.05058767082709714,False,True,False
Market-Residual Momentum,2024-02-01 00:00:00-05:00,2024-03-01 00:00:00-05:00,GS,17,-0.0071198545039303784,True,False,29,0.5714285714285714,0.02070903907085242,0.037344072021803454,-0.024009593493748538,0.05024436275824362,0.02297441619608076,0.05058767082709714,False,False,False
Market-Residual Momentum,2024-02-01 00:00:00-05:00,2024-03-01 00:00:00-05:00,TRV,18,-0.007815471569934673,True,False,29,0.6071428571428571,0.05058767082709714,0.0654356536007692,-0.0052348835385459536,0.05024436275824362,0.02297441619608076,0.05058767082709714,True,True,True
Market-Residual Momentum,2024-02-01 00:00:00-05:00,2024-03-01 00:00:00-05:00,CSCO,19,-0.008750500260244598,True,False,29,0.6428571428571429,-0.042205728042316704,0.007565386000667029,-0.047381850740519926,0.05024436275824362,0.02297441619608076,0.05058767082709714,False,False,False
Market-Residual Momentum,2024-02-01 00:00:00-05:00,2024-03-01 00:00:00-05:00,CRM,20,-0.00995635826259611,True,False,29,0.6785714285714286,0.08861374801573985,0.10116657567344167,-0.019822274156999442,0.05024436275824362,0.02297441619608076,0.05058767082709714,True,True,True
Market-Residual Momentum,2024-02-01 00:00:00-05:00,2024-03-01 00:00:00-05:00,AMGN,21,-0.01050303514038553,True,False,29,0.7142857142857143,-0.1139538758717571,0.04839428065086104,-0.12379176766099131,0.05024436275824362,0.02297441619608076,0.05058767082709714,False,False,False
Market-Residual Momentum,2024-02-01 00:00:00-05:00,2024-03-01 00:00:00-05:00,DIS,22,-0.013447585477038948,True,False,29,0.75,0.1563765678027258,0.1717338876927108,-0.0057071804394482895,0.05024436275824362,0.02297441619608076,0.05058767082709714,True,True,True
Market-Residual Momentum,2024-02-01 00:00:00-05:00,2024-03-01 00:00:00-05:00,VZ,23,-0.013670557448171805,True,False,29,0.7857142857142857,-0.06302716506979866,0.0009372285670412595,-0.08013115022641748,0.05024436275824362,0.02297441619608076,0.05058767082709714,False,False,False
Market-Residual Momentum,2024-02-01 00:00:00-05:00,2024-03-01 00:00:00-05:00,CAT,24,-0.014252541671209151,True,False,29,0.8214285714285714,0.10143764655828691,0.10437278747850476,-0.004286993255619098,0.05024436275824362,0.02297441619608076,0.05058767082709714,True,True,True
Market-Residual Momentum,2024-02-01 00:00:00-05:00,2024-03-01 00:00:00-05:00,CVX,25,-0.014863696677348548,True,False,29,0.8571428571428571,0.04406541973193856,0.06848733203367807,-0.0112693038763233,0.05024436275824362,0.02297441619608076,0.05058767082709714,False,True,False
Market-Residual Momentum,2024-02-01 00:00:00-05:00,2024-03-01 00:00:00-05:00,MMM,26,-0.017188011488428523,True,False,29,0.8928571428571429,-0.008700221547042086,0.017268787146960785,-0.03178302837889513,0.05024436275824362,0.02297441619608076,0.05058767082709714,False,False,False
Market-Residual Momentum,2024-02-01 00:00:00-05:00,2024-03-01 00:00:00-05:00,NKE,27,-0.018403660834767743,True,False,29,0.9285714285714286,0.02297441619608076,0.05426877766728144,-0.027968632362169066,0.05024436275824362,0.02297441619608076,0.05058767082709714,False,False,False
Market-Residual Momentum,2024-02-01 00:00:00-05:00,2024-03-01 00:00:00-05:00,INTC,28,-0.02280316245427605,True,False,29,0.9642857142857143,0.008974271474517126,0.05220611880634607,-0.03592127430909442,0.05024436275824362,0.02297441619608076,0.05058767082709714,False,False,False
Market-Residual Momentum,2024-02-01 00:00:00-05:00,2024-03-01 00:00:00-05:00,BA,29,-0.023123014853314916,True,False,29,1.0,-0.04601569634495484,0.0036943909392590513,-0.07804902135816638,0.05024436275824362,0.02297441619608076,0.05058767082709714,False,False,False
Market-Residual Momentum,2024-03-01 00:00:00-05:00,2024-04-01 00:00:00-04:00,V,1,-0.0029763122137627107,True,True,29,0.0,-0.010028420947234218,0.027401040022666745,-0.024858885771184558,0.032373786615141675,0.0288944352784819,0.0444963759459267,False,False,False
Market-Residual Momentum,2024-03-01 00:00:00-05:00,2024-04-01 00:00:00-04:00,JPM,2,-0.003387878235338815,True,True,29,0.03571428571428571,0.07695209994793006,0.08088319347888429,-0.007700376310710855,0.032373786615141675,0.0288944352784819,0.0444963759459267,True,True,True
Market-Residual Momentum,2024-03-01 00:00:00-05:00,2024-04-01 00:00:00-04:00,JNJ,3,-0.004119344117746615,True,True,29,0.07142857142857142,-0.025397154459727678,0.007909550118903708,-0.04368792136650579,0.032373786615141675,0.0288944352784819,0.0444963759459267,False,False,False
Market-Residual Momentum,2024-03-01 00:00:00-05:00,2024-04-01 00:00:00-04:00,HON,4,-0.004511807972286452,True,True,29,0.10714285714285714,0.03947558873166912,0.046712895351965544,-0.01331036856930845,0.032373786615141675,0.0288944352784819,0.0444963759459267,True,True,False
Market-Residual Momentum,2024-03-01 00:00:00-05:00,2024-04-01 00:00:00-04:00,HD,5,-0.004665873268961285,True,True,29,0.14285714285714285,0.008916729773830623,0.049646885919875317,-0.02440802198837344,0.032373786615141675,0.0288944352784819,0.0444963759459267,False,False,False
Market-Residual Momentum,2024-03-01 00:00:00-05:00,2024-04-01 00:00:00-04:00,KO,6,-0.0047182217620592715,True,False,29,0.17857142857142858,0.02953868968762685,0.033745524932631055,-0.015525825082847833,0.032373786615141675,0.0288944352784819,0.0444963759459267,False,True,False
Market-Residual Momentum,2024-03-01 00:00:00-05:00,2024-04-01 00:00:00-04:00,MCD,7,-0.004863931135702604,True,False,29,0.21428571428571427,-0.033940845995896085,0.01705614928800414,-0.0488006174934662,0.032373786615141675,0.0288944352784819,0.0444963759459267,False,False,False
Market-Residual Momentum,2024-03-01 00:00:00-05:00,2024-04-01 00:00:00-04:00,AAPL,8,-0.00507468923945209,True,False,29,0.25,-0.04656067804707986,0.005458065780464372,-0.06159825245347328,0.032373786615141675,0.0288944352784819,0.0444963759459267,False,False,False
Market-Residual Momentum,2024-03-01 00:00:00-05:00,2024-04-01 00:00:00-04:00,MSFT,9,-0.005359693467671289,True,False,29,0.2857142857142857,0.0288944352784819,0.045567304633228556,-0.033137842665387884,0.032373786615141675,0.0288944352784819,0.0444963759459267,False,False,False
Market-Residual Momentum,2024-03-01 00:00:00-05:00,2024-04-01 00:00:00-04:00,PG,10,-0.00546261493941147,True,False,29,0.32142857142857145,0.023599918553935728,0.032204868036225465,-0.0027839445296445886,0.032373786615141675,0.0288944352784819,0.0444963759459267,False,False,False
Market-Residual Momentum,2024-03-01 00:00:00-05:00,2024-04-01 00:00:00-04:00,MRK,11,-0.00691119691821418,True,False,29,0.35714285714285715,0.0444963759459267,0.055760052858173204,-0.054257868765579254,0.032373786615141675,0.0288944352784819,0.0444963759459267,True,True,True
Market-Residual Momentum,2024-03-01 00:00:00-05:00,2024-04-01 00:00:00-04:00,DOW,12,-0.007380059683835705,True,False,29,0.39285714285714285,0.035618249080047404,0.05136921763481106,-0.006980589713806773,0.032373786615141675,0.0288944352784819,0.0444963759459267,True,True,False
Market-Residual Momentum,2024-03-01 00:00:00-05:00,2024-04-01 00:00:00-04:00,TRV,13,-0.007383286822987389,True,False,29,0.42857142857142855,0.045734792615531594,0.05055808309382415,-0.012647446427679232,0.032373786615141675,0.0288944352784819,0.0444963759459267,True,True,True
Market-Residual Momentum,2024-03-01 00:00:00-05:00,2024-04-01 00:00:00-04:00,WMT,14,-0.007399595495683253,True,False,29,0.4642857142857143,0.029173622156547285,0.052211001904296506,-0.010204055814730717,0.032373786615141675,0.0288944352784819,0.0444963759459267,False,True,False
Market-Residual Momentum,2024-03-01 00:00:00-05:00,2024-04-01 00:00:00-04:00,GS,15,-0.007652849338071643,True,False,29,0.5,0.06942465943772835,0.07589250169587536,-0.02107140057582857,0.032373786615141675,0.0288944352784819,0.0444963759459267,True,True,True
Market-Residual Momentum,2024-03-01 00:00:00-05:00,2024-04-01 00:00:00-04:00,UNH,16,-0.007714018795723643,True,False,29,0.5357142857142857,0.01430107481707954,0.01784983332316248,-0.04337785655695248,0.032373786615141675,0.0288944352784819,0.0444963759459267,False,False,False
Market-Residual Momentum,2024-03-01 00:00:00-05:00,2024-04-01 00:00:00-04:00,AXP,17,-0.008078722873502087,True,False,29,0.5714285714285714,0.03707077556514604,0.05644969314240833,-0.014545581333522573,0.032373786615141675,0.0288944352784819,0.0444963759459267,True,True,False
Market-Residual Momentum,2024-03-01 00:00:00-05:00,2024-04-01 00:00:00-04:00,CSCO,18,-0.008501393242514421,True,False,29,0.6071428571428571,0.0384535105671584,0.05071708702511368,-0.009353580487018953,0.032373786615141675,0.0288944352784819,0.0444963759459267,True,True,False
Market-Residual Momentum,2024-03-01 00:00:00-05:00,2024-04-01 00:00:00-04:00,IBM,19,-0.009227091562511669,True,False,29,0.6428571428571429,0.024314046509141374,0.07380449848424608,-0.0016713181745753314,0.032373786615141675,0.0288944352784819,0.0444963759459267,False,False,False
Market-Residual Momentum,2024-03-01 00:00:00-05:00,2024-04-01 00:00:00-04:00,CRM,20,-0.009945617183553468,True,False,29,0.6785714285714286,-0.016012634617910138,0.03814329464194821,-0.04184456785949031,0.032373786615141675,0.0288944352784819,0.0444963759459267,False,False,False
Market-Residual Momentum,2024-03-01 00:00:00-05:00,2024-04-01 00:00:00-04:00,CAT,21,-0.010830483388168277,True,False,29,0.7142857142857143,0.10023975624901671,0.10023975624901671,-0.007394993197980315,0.032373786615141675,0.0288944352784819,0.0444963759459267,True,True,True
Market-Residual Momentum,2024-03-01 00:00:00-05:00,2024-04-01 00:00:00-04:00,AMGN,22,-0.010848455659479783,True,False,29,0.75,0.020289209023750088,0.04365295188295004,-0.030126404272051377,0.032373786615141675,0.0288944352784819,0.0444963759459267,False,False,False
Market-Residual Momentum,2024-03-01 00:00:00-05:00,2024-04-01 00:00:00-04:00,VZ,23,-0.014283533304067286,True,False,29,0.7857142857142857,0.0500126358513453,0.05401364740141479,-0.021255373838153457,0.032373786615141675,0.0288944352784819,0.0444963759459267,True,True,True
Market-Residual Momentum,2024-03-01 00:00:00-05:00,2024-04-01 00:00:00-04:00,CVX,24,-0.01540527409395298,True,False,29,0.8214285714285714,0.025159844207041093,0.033583659688599,-0.040455155336001414,0.032373786615141675,0.0288944352784819,0.0444963759459267,False,False,False
Market-Residual Momentum,2024-03-01 00:00:00-05:00,2024-04-01 00:00:00-04:00,MMM,25,-0.017479095788793253,True,False,29,0.8571428571428571,0.18313539833488823,0.18633189750795642,-0.016949185757086704,0.032373786615141675,0.0288944352784819,0.0444963759459267,True,True,True
Market-Residual Momentum,2024-03-01 00:00:00-05:00,2024-04-01 00:00:00-04:00,DIS,26,-0.018327173933979424,True,False,29,0.8928571428571429,0.09529785183043882,0.11037319166066695,-0.02010063125556205,0.032373786615141675,0.0288944352784819,0.0444963759459267,True,True,True
Market-Residual Momentum,2024-03-01 00:00:00-05:00,2024-04-01 00:00:00-04:00,NKE,27,-0.01944591536064788,True,False,29,0.9285714285714286,-0.09685183408206,0.0006739163663544989,-0.11697317761772463,0.032373786615141675,0.0288944352784819,0.0444963759459267,False,False,False
Market-Residual Momentum,2024-03-01 00:00:00-05:00,2024-04-01 00:00:00-04:00,BA,28,-0.023510783146834746,True,False,29,0.9642857142857143,-0.05764703189625464,0.0051960664636947484,-0.12980390062519154,0.032373786615141675,0.0288944352784819,0.0444963759459267,False,False,False
Market-Residual Momentum,2024-03-01 00:00:00-05:00,2024-04-01 00:00:00-04:00,INTC,29,-0.030349277663916485,True,False,29,1.0,0.02027188351863396,0.07417649692092221,-0.0654226650474008,0.032373786615141675,0.0288944352784819,0.0444963759459267,False,False,False
Market-Residual Momentum,2024-04-01 00:00:00-04:00,2024-05-01 00:00:00-04:00,V,1,-0.002594744089397749,True,True,29,0.0,-0.04355127447531071,0.009416606231091196,-0.04355127447531071,-0.04285752259356945,-0.03595025211447522,-0.01417208609228049,False,False,False
Market-Residual Momentum,2024-04-01 00:00:00-04:00,2024-05-01 00:00:00-04:00,JPM,2,-0.003729060497709047,True,True,29,0.03571428571428571,-0.03299382546972962,0.00475022212184828,-0.09872849119074201,-0.04285752259356945,-0.03595025211447522,-0.01417208609228049,True,True,False
Market-Residual Momentum,2024-04-01 00:00:00-04:00,2024-05-01 00:00:00-04:00,JNJ,3,-0.0037920843468537413,True,True,29,0.07142857142857142,-0.05693627218825714,0.0027263040353362467,-0.09250564364048164,-0.04285752259356945,-0.03595025211447522,-0.01417208609228049,False,False,False
Market-Residual Momentum,2024-04-01 00:00:00-04:00,2024-05-01 00:00:00-04:00,HON,4,-0.004520524650145297,True,True,29,0.10714285714285714,-0.06533920318886044,0.002434376858523546,-0.07614777783367832,-0.04285752259356945,-0.03595025211447522,-0.01417208609228049,False,False,False
Market-Residual Momentum,2024-04-01 00:00:00-04:00,2024-05-01 00:00:00-04:00,KO,5,-0.004804195504027775,True,True,29,0.14285714285714285,0.010133922414413021,0.026969448008782093,-0.053121978712409534,-0.04285752259356945,-0.03595025211447522,-0.01417208609228049,True,True,True
Market-Residual Momentum,2024-04-01 00:00:00-04:00,2024-05-01 00:00:00-04:00,HD,6,-0.005012073772096559,True,False,29,0.17857142857142858,-0.12703494674680582,0.004377836847957672,-0.14305179262631973,-0.04285752259356945,-0.03595025211447522,-0.01417208609228049,False,False,False
Market-Residual Momentum,2024-04-01 00:00:00-04:00,2024-05-01 00:00:00-04:00,PG,7,-0.005162412622004897,True,False,29,0.21428571428571427,0.01578886748436026,0.022258976822751686,-0.044929356310524304,-0.04285752259356945,-0.03595025211447522,-0.01417208609228049,True,True,True
Market-Residual Momentum,2024-04-01 00:00:00-04:00,2024-05-01 00:00:00-04:00,MSFT,8,-0.005642832309085577,True,False,29,0.25,-0.0739239066552756,0.013036746900339624,-0.08300411801063645,-0.04285752259356945,-0.03595025211447522,-0.01417208609228049,False,False,False
Market-Residual Momentum,2024-04-01 00:00:00-04:00,2024-05-01 00:00:00-04:00,MCD,9,-0.005673819633501664,True,False,29,0.2857142857142857,-0.03595025211447522,0.000177576529196255,-0.06703390287793198,-0.04285752259356945,-0.03595025211447522,-0.01417208609228049,True,False,False
Market-Residual Momentum,2024-04-01 00:00:00-04:00,2024-05-01 00:00:00-04:00,AAPL,10,-0.005682649040936405,True,False,29,0.32142857142857145,-0.009404841160883026,0.0418831804981421,-0.04153279394208975,-0.04285752259356945,-0.03595025211447522,-0.01417208609228049,True,True,True
Market-Residual Momentum,2024-04-01 00:00:00-04:00,2024-05-01 00:00:00-04:00,MRK,11,-0.0061266640608020895,True,False,29,0.35714285714285715,-0.023313959435055986,0.008505589024457638,-0.05452603258227495,-0.04285752259356945,-0.03595025211447522,-0.01417208609228049,True,True,False
Market-Residual Momentum,2024-04-01 00:00:00-04:00,2024-05-01 00:00:00-04:00,DOW,12,-0.007203037708449211,True,False,29,0.39285714285714285,-0.01417208609228049,0.04891110920906572,-0.04839264673518706,-0.04285752259356945,-0.03595025211447522,-0.01417208609228049,True,True,True
Market-Residual Momentum,2024-04-01 00:00:00-04:00,2024-05-01 00:00:00-04:00,TRV,13,-0.007269964351546143,True,False,29,0.42857142857142855,-0.07680265172091794,0.012793005118618028,-0.11840221123397576,-0.04285752259356945,-0.03595025211447522,-0.01417208609228049,False,False,False
Market-Residual Momentum,2024-04-01 00:00:00-04:00,2024-05-01 00:00:00-04:00,AXP,14,-0.007575288073545017,True,False,29,0.4642857142857143,0.02859041705832177,0.060918519486377276,-0.053927992697046956,-0.04285752259356945,-0.03595025211447522,-0.01417208609228049,True,True,True
Market-Residual Momentum,2024-04-01 00:00:00-04:00,2024-05-01 00:00:00-04:00,WMT,15,-0.0077474879451818746,True,False,29,0.5,-0.01658088590393758,0.009616836767272874,-0.02901677058028196,-0.04285752259356945,-0.03595025211447522,-0.01417208609228049,True,True,False
Market-Residual Momentum,2024-04-01 00:00:00-04:00,2024-05-01 00:00:00-04:00,UNH,16,-0.00824453057831509,True,False,29,0.5357142857142857,-0.030760095602722415,0.025946982776795968,-0.11747926276619458,-0.04285752259356945,-0.03595025211447522,-0.01417208609228049,True,True,False
Market-Residual Momentum,2024-04-01 00:00:00-04:00,2024-05-01 00:00:00-04:00,GS,17,-0.008348275003167038,True,False,29,0.5714285714285714,0.02402337624159734,0.039958734560208375,-0.07094181582779624,-0.04285752259356945,-0.03595025211447522,-0.01417208609228049,True,True,True
Market-Residual Momentum,2024-04-01 00:00:00-04:00,2024-05-01 00:00:00-04:00,CSCO,18,-0.009053085546901318,True,False,29,0.6071428571428571,-0.057615281184349,0.013013161006188989,-0.057615281184349,-0.04285752259356945,-0.03595025211447522,-0.01417208609228049,False,False,False
Market-Residual Momentum,2024-04-01 00:00:00-04:00,2024-05-01 00:00:00-04:00,IBM,19,-0.009915343001233423,True,False,29,0.6428571428571429,-0.12794715500949616,0.01726319116292485,-0.13021040634728975,-0.04285752259356945,-0.03595025211447522,-0.01417208609228049,False,False,False
Market-Residual Momentum,2024-04-01 00:00:00-04:00,2024-05-01 00:00:00-04:00,AMGN,20,-0.010581541475474743,True,False,29,0.6785714285714286,-0.028109542781361574,0.006380532383987392,-0.07596317516728157,-0.04285752259356945,-0.03595025211447522,-0.01417208609228049,True,True,False
Market-Residual Momentum,2024-04-01 00:00:00-04:00,2024-05-01 00:00:00-04:00,CAT,21,-0.010934290230669275,True,False,29,0.7142857142857143,-0.08948709998968718,0.039539503908706086,-0.09784447397754037,-0.04285752259356945,-0.03595025211447522,-0.01417208609228049,False,False,False
Market-Residual Momentum,2024-04-01 00:00:00-04:00,2024-05-01 00:00:00-04:00,CRM,22,-0.01093790302520592,True,False,29,0.75,-0.10829007938373547,0.03185370198461013,-0.11047789087583415,-0.04285752259356945,-0.03595025211447522,-0.01417208609228049,False,False,False
Market-Residual Momentum,2024-04-01 00:00:00-04:00,2024-05-01 00:00:00-04:00,VZ,23,-0.014134962042591348,True,False,29,0.7857142857142857,-0.04818041848154575,0.034055555379687075,-0.06681530098168231,-0.04285752259356945,-0.03595025211447522,-0.01417208609228049,False,False,False
Market-Residual Momentum,2024-04-01 00:00:00-04:00,2024-05-01 00:00:00-04:00,CVX,24,-0.0152733895901902,True,False,29,0.8214285714285714,0.015858859778237644,0.06506843244822114,-0.011878561886684347,-0.04285752259356945,-0.03595025211447522,-0.01417208609228049,True,True,True
Market-Residual Momentum,2024-04-01 00:00:00-04:00,2024-05-01 00:00:00-04:00,DIS,25,-0.017200606486876602,True,False,29,0.8571428571428571,-0.08823535269865124,0.013354006411698816,-0.09601835950991167,-0.04285752259356945,-0.03595025211447522,-0.01417208609228049,False,False,False
Market-Residual Momentum,2024-04-01 00:00:00-04:00,2024-05-01 00:00:00-04:00,MMM,26,-0.017751566950348074,True,False,29,0.8928571428571429,0.07743014411964211,0.07743014411964211,-0.03097198902037568,-0.04285752259356945,-0.03595025211447522,-0.01417208609228049,True,True,True
Market-Residual Momentum,2024-04-01 00:00:00-04:00,2024-05-01 00:00:00-04:00,NKE,27,-0.019599928613070472,True,False,29,0.9285714285714286,-0.02131973138680654,0.025690293090276484,-0.053725717464177536,-0.04285752259356945,-0.03595025211447522,-0.01417208609228049,True,True,False
Market-Residual Momentum,2024-04-01 00:00:00-04:00,2024-05-01 00:00:00-04:00,BA,28,-0.02484148946912268,True,False,29,0.9642857142857143,-0.12869332493877716,0.0032770994903339457,-0.16926762180143085,-0.04285752259356945,-0.03595025211447522,-0.01417208609228049,False,False,False
Market-Residual Momentum,2024-04-01 00:00:00-04:00,2024-05-01 00:00:00-04:00,INTC,29,-0.03137963627743767,True,False,29,1.0,-0.31880787301537483,0.02528785072777273,-0.31880787301537483,-0.04285752259356945,-0.03595025211447522,-0.01417208609228049,False,False,False
Market-Residual Momentum,2024-05-01 00:00:00-04:00,2024-06-03 00:00:00-04:00,V,1,-0.0027013617651027166,True,True,29,0.0,0.020307546430767376,0.05501639500591016,-0.006152946595012199,0.055128064310500324,0.022466642718343977,0.052218079831295006,False,False,False
Market-Residual Momentum,2024-05-01 00:00:00-04:00,2024-06-03 00:00:00-04:00,KO,2,-0.00335850919859515,True,True,29,0.03571428571428571,0.014724793955003923,0.03171526373566613,-0.01181223324660674,0.055128064310500324,0.022466642718343977,0.052218079831295006,False,False,False
Market-Residual Momentum,2024-05-01 00:00:00-04:00,2024-06-03 00:00:00-04:00,JNJ,3,-0.004184678371166983,True,True,29,0.07142857142857142,-0.0020149191770540975,0.04427530923115097,-0.026007260225434092,0.055128064310500324,0.022466642718343977,0.052218079831295006,False,False,False
Market-Residual Momentum,2024-05-01 00:00:00-04:00,2024-06-03 00:00:00-04:00,HON,4,-0.004755966910716891,True,True,29,0.10714285714285714,0.0673500962762612,0.08541666210137988,-0.00036467002790319114,0.055128064310500324,0.022466642718343977,0.052218079831295006,True,True,True
Market-Residual Momentum,2024-05-01 00:00:00-04:00,2024-06-03 00:00:00-04:00,MCD,5,-0.004875718933587514,True,True,29,0.14285714285714285,-0.043390854928033296,0.019750843143038876,-0.08187783566516604,0.055128064310500324,0.022466642718343977,0.052218079831295006,False,False,False
Market-Residual Momentum,2024-05-01 00:00:00-04:00,2024-06-03 00:00:00-04:00,PG,6,-0.005012265572616248,True,False,29,0.17857142857142858,0.003980833044072707,0.03221461812108961,-0.011391527914771493,0.055128064310500324,0.022466642718343977,0.052218079831295006,False,False,False
Market-Residual Momentum,2024-05-01 00:00:00-04:00,2024-06-03 00:00:00-04:00,MSFT,7,-0.0053978970250599945,True,False,29,0.21428571428571427,0.06028755300029265,0.10847869902765406,-0.005858199940863118,0.055128064310500324,0.022466642718343977,0.052218079831295006,True,True,True
Market-Residual Momentum,2024-05-01 00:00:00-04:00,2024-06-03 00:00:00-04:00,JPM,8,-0.005777292217449159,True,False,29,0.25,0.052218079831295006,0.07078574430723528,-0.019815979294010022,0.055128064310500324,0.022466642718343977,0.052218079831295006,False,True,True
Market-Residual Momentum,2024-05-01 00:00:00-04:00,2024-06-03 00:00:00-04:00,HD,9,-0.0063467377170220995,True,False,29,0.2857142857142857,0.008886974316058449,0.05234084354657087,-0.027746937981363184,0.055128064310500324,0.022466642718343977,0.052218079831295006,False,False,False
Market-Residual Momentum,2024-05-01 00:00:00-04:00,2024-06-03 00:00:00-04:00,AAPL,10,-0.0064917838304562325,True,False,29,0.32142857142857145,0.13905890521860909,0.1396496146653634,-0.0027715604176684616,0.055128064310500324,0.022466642718343977,0.052218079831295006,True,True,True
Market-Residual Momentum,2024-05-01 00:00:00-04:00,2024-06-03 00:00:00-04:00,MRK,11,-0.006618591501854398,True,False,29,0.35714285714285715,-0.02208233755403377,0.03250122872019534,-0.0459529186841805,0.055128064310500324,0.022466642718343977,0.052218079831295006,False,False,False
Market-Residual Momentum,2024-05-01 00:00:00-04:00,2024-06-03 00:00:00-04:00,DOW,12,-0.007113498743438362,True,False,29,0.39285714285714285,0.02139942327077593,0.05522446172372142,-0.011395449805851499,0.055128064310500324,0.022466642718343977,0.052218079831295006,False,False,False
Market-Residual Momentum,2024-05-01 00:00:00-04:00,2024-06-03 00:00:00-04:00,WMT,13,-0.007763215646385713,True,False,29,0.42857142857142855,0.10835874633879583,0.11495705371480835,-0.012308320829265695,0.055128064310500324,0.022466642718343977,0.052218079831295006,True,True,True
Market-Residual Momentum,2024-05-01 00:00:00-04:00,2024-06-03 00:00:00-04:00,AXP,14,-0.009106766421143386,True,False,29,0.4642857142857143,0.02984308074897668,0.04798049153505901,-0.017537230113962243,0.055128064310500324,0.022466642718343977,0.052218079831295006,False,True,False
Market-Residual Momentum,2024-05-01 00:00:00-04:00,2024-06-03 00:00:00-04:00,CSCO,15,-0.00934309435652625,True,False,29,0.5,0.0004281636333738348,0.07301904859055663,-0.018201352220098443,0.055128064310500324,0.022466642718343977,0.052218079831295006,False,False,False
Market-Residual Momentum,2024-05-01 00:00:00-04:00,2024-06-03 00:00:00-04:00,GS,16,-0.009426113468228192,True,False,29,0.5357142857142857,0.08192563122347307,0.10497059385498786,-0.003515432729657153,0.055128064310500324,0.022466642718343977,0.052218079831295006,True,True,True
Market-Residual Momentum,2024-05-01 00:00:00-04:00,2024-06-03 00:00:00-04:00,IBM,17,-0.009775825549008355,True,False,29,0.5714285714285714,0.015107578393017684,0.06947747915362301,-0.01852886331538961,0.055128064310500324,0.022466642718343977,0.052218079831295006,False,False,False
Market-Residual Momentum,2024-05-01 00:00:00-04:00,2024-06-03 00:00:00-04:00,TRV,18,-0.010042100288326972,True,False,29,0.6071428571428571,0.011500751744359938,0.03935709626439832,-0.017628294556292334,0.055128064310500324,0.022466642718343977,0.052218079831295006,False,False,False
Market-Residual Momentum,2024-05-01 00:00:00-04:00,2024-06-03 00:00:00-04:00,AMGN,19,-0.010194659274018969,True,False,29,0.6428571428571429,0.12688389474206963,0.17659939243346723,-0.0029177467880187047,0.055128064310500324,0.022466642718343977,0.052218079831295006,True,True,True
Market-Residual Momentum,2024-05-01 00:00:00-04:00,2024-06-03 00:00:00-04:00,CAT,20,-0.01065309676183468,True,False,29,0.6785714285714286,0.022466642718343977,0.09313684159827029,-0.012388312814413549,0.055128064310500324,0.022466642718343977,0.052218079831295006,False,False,False
Market-Residual Momentum,2024-05-01 00:00:00-04:00,2024-06-03 00:00:00-04:00,UNH,21,-0.01215113308881477,True,False,29,0.7142857142857143,0.031026961830287636,0.10203234088792978,-0.01249848652775476,0.055128064310500324,0.022466642718343977,0.052218079831295006,False,True,False
Market-Residual Momentum,2024-05-01 00:00:00-04:00,2024-06-03 00:00:00-04:00,CRM,22,-0.012861015404064036,True,False,29,0.75,-0.12787151392834317,0.07806120777153125,-0.21195453308701273,0.055128064310500324,0.022466642718343977,0.052218079831295006,False,False,False
Market-Residual Momentum,2024-05-01 00:00:00-04:00,2024-06-03 00:00:00-04:00,CVX,23,-0.013605218390306373,True,False,29,0.7857142857142857,0.014558625458116703,0.04718650048659989,-0.023261521409453145,0.055128064310500324,0.022466642718343977,0.052218079831295006,False,False,False
Market-Residual Momentum,2024-05-01 00:00:00-04:00,2024-06-03 00:00:00-04:00,VZ,24,-0.01493242743787182,True,False,29,0.8214285714285714,0.047037558564120285,0.04958036978224145,-0.014747123672179785,0.055128064310500324,0.022466642718343977,0.052218079831295006,False,True,False
Market-Residual Momentum,2024-05-01 00:00:00-04:00,2024-06-03 00:00:00-04:00,DIS,25,-0.017705658365494092,True,False,29,0.8571428571428571,-0.06397696099535566,0.05076832631830075,-0.09902060726751927,0.055128064310500324,0.022466642718343977,0.052218079831295006,False,False,False
Market-Residual Momentum,2024-05-01 00:00:00-04:00,2024-06-03 00:00:00-04:00,MMM,26,-0.019083935304359034,True,False,29,0.8928571428571429,0.030245420070773132,0.08093775258013824,-0.0314984685442502,0.055128064310500324,0.022466642718343977,0.052218079831295006,False,True,False
Market-Residual Momentum,2024-05-01 00:00:00-04:00,2024-06-03 00:00:00-04:00,NKE,27,-0.02027716757168463,True,False,29,0.9285714285714286,0.03354088637620789,0.035508179981160515,-0.018734356458352086,0.055128064310500324,0.022466642718343977,0.052218079831295006,False,True,False
Market-Residual Momentum,2024-05-01 00:00:00-04:00,2024-06-03 00:00:00-04:00,BA,28,-0.024326934193102834,True,False,29,0.9642857142857143,0.06322385873367531,0.12614928288246263,0.0,0.055128064310500324,0.022466642718343977,0.052218079831295006,True,True,True
Market-Residual Momentum,2024-05-01 00:00:00-04:00,2024-06-03 00:00:00-04:00,INTC,29,-0.036517548087514395,True,False,29,1.0,0.032682657908452706,0.07894202159454844,-0.01058152149237468,0.055128064310500324,0.022466642718343977,0.052218079831295006,False,True,False
Market-Residual Momentum,2024-06-03 00:00:00-04:00,2024-07-01 00:00:00-04:00,V,1,-0.0025816091575154854,True,True,29,0.0,-0.03405457161956249,0.026731136710594683,-0.04335562156878614,0.03472492168023544,0.0058281441437455506,0.029890494711201754,False,False,False
Market-Residual Momentum,2024-06-03 00:00:00-04:00,2024-07-01 00:00:00-04:00,KO,2,-0.0029704031377255635,True,True,29,0.03571428571428571,0.028972060656963672,0.03282897850622013,-0.0044537910389667035,0.03472492168023544,0.0058281441437455506,0.029890494711201754,False,True,False
Market-Residual Momentum,2024-06-03 00:00:00-04:00,2024-07-01 00:00:00-04:00,MSFT,3,-0.0038604175406949937,True,True,29,0.07142857142857142,0.081762204822458,0.09780289233393002,-0.01590736016889427,0.03472492168023544,0.0058281441437455506,0.029890494711201754,True,True,True
Market-Residual Momentum,2024-06-03 00:00:00-04:00,2024-07-01 00:00:00-04:00,PG,4,-0.004735830058067658,True,True,29,0.10714285714285714,0.010126407908318757,0.033428975109565995,-0.001829975028194264,0.03472492168023544,0.0058281441437455506,0.029890494711201754,False,True,False
Market-Residual Momentum,2024-06-03 00:00:00-04:00,2024-07-01 00:00:00-04:00,CSCO,5,-0.004891355477727233,True,True,29,0.14285714285714285,0.016267160384621393,0.02440065876174069,-0.03788533237809166,0.03472492168023544,0.0058281441437455506,0.029890494711201754,False,True,False
Market-Residual Momentum,2024-06-03 00:00:00-04:00,2024-07-01 00:00:00-04:00,HON,6,-0.004953307038875865,True,False,29,0.17857142857142858,0.045726663514856325,0.0745519156593637,-0.013884828532451987,0.03472492168023544,0.0058281441437455506,0.029890494711201754,True,True,True
Market-Residual Momentum,2024-06-03 00:00:00-04:00,2024-07-01 00:00:00-04:00,JNJ,7,-0.005353691381400183,True,False,29,0.21428571428571427,-0.008013598019529278,0.01677417483547261,-0.022886489637835905,0.03472492168023544,0.0058281441437455506,0.029890494711201754,False,False,False
Market-Residual Momentum,2024-06-03 00:00:00-04:00,2024-07-01 00:00:00-04:00,MCD,8,-0.005570384016123309,True,False,29,0.25,-0.01201878144024715,0.02000526366015909,-0.03326475084588765,0.03472492168023544,0.0058281441437455506,0.029890494711201754,False,False,False
Market-Residual Momentum,2024-06-03 00:00:00-04:00,2024-07-01 00:00:00-04:00,HD,9,-0.0063149718436757984,True,False,29,0.2857142857142857,0.03078093615605071,0.0720514991878849,-0.029132450731878312,0.03472492168023544,0.0058281441437455506,0.029890494711201754,False,True,True
Market-Residual Momentum,2024-06-03 00:00:00-04:00,2024-07-01 00:00:00-04:00,MRK,10,-0.006478094530972811,True,False,29,0.32142857142857145,0.002862973017365711,0.07685008116396896,-0.03321065612730145,0.03472492168023544,0.0058281441437455506,0.029890494711201754,False,False,False
Market-Residual Momentum,2024-06-03 00:00:00-04:00,2024-07-01 00:00:00-04:00,DOW,11,-0.006580295639284084,True,False,29,0.35714285714285715,-0.07906172305935122,0.0006950637021310158,-0.09209383783608927,0.03472492168023544,0.0058281441437455506,0.029890494711201754,False,False,False
Market-Residual Momentum,2024-06-03 00:00:00-04:00,2024-07-01 00:00:00-04:00,JPM,12,-0.006618428875408977,True,False,29,0.39285714285714285,0.0026198507207917388,0.0026198507207917388,-0.05649735822064694,0.03472492168023544,0.0058281441437455506,0.029890494711201754,False,False,False
Market-Residual Momentum,2024-06-03 00:00:00-04:00,2024-07-01 00:00:00-04:00,WMT,13,-0.006638688815210125,True,False,29,0.42857142857142855,0.03633020758533556,0.05388461065416594,-0.005342672305112428,0.03472492168023544,0.0058281441437455506,0.029890494711201754,True,True,True
Market-Residual Momentum,2024-06-03 00:00:00-04:00,2024-07-01 00:00:00-04:00,AAPL,14,-0.008103962305631818,True,False,29,0.4642857142857143,0.09948181821589497,0.14152423936710457,-0.003887955891371475,0.03472492168023544,0.0058281441437455506,0.029890494711201754,True,True,True
Market-Residual Momentum,2024-06-03 00:00:00-04:00,2024-07-01 00:00:00-04:00,GS,15,-0.008275216885627934,True,False,29,0.5,-0.009501442282580208,0.012312943636271667,-0.042975060455887726,0.03472492168023544,0.0058281441437455506,0.029890494711201754,False,False,False
Market-Residual Momentum,2024-06-03 00:00:00-04:00,2024-07-01 00:00:00-04:00,TRV,16,-0.008645589704783019,True,False,29,0.5357142857142857,-0.040047785238474964,0.0016775424049984,-0.06243207658469685,0.03472492168023544,0.0058281441437455506,0.029890494711201754,False,False,False
Market-Residual Momentum,2024-06-03 00:00:00-04:00,2024-07-01 00:00:00-04:00,AXP,17,-0.009308127383094056,True,False,29,0.5714285714285714,-0.032683864484591485,0.004913015115972641,-0.08093926269468654,0.03472492168023544,0.0058281441437455506,0.029890494711201754,False,False,False
Market-Residual Momentum,2024-06-03 00:00:00-04:00,2024-07-01 00:00:00-04:00,CVX,18,-0.009315072040857242,True,False,29,0.6071428571428571,-0.018319814338184526,0.001176464029690294,-0.05919897135339158,0.03472492168023544,0.0058281441437455506,0.029890494711201754,False,False,False
Market-Residual Momentum,2024-06-03 00:00:00-04:00,2024-07-01 00:00:00-04:00,VZ,19,-0.009960413968962967,True,False,29,0.6428571428571429,0.0058281441437455506,0.013113495060858904,-0.05415219246699832,0.03472492168023544,0.0058281441437455506,0.029890494711201754,False,False,False
Market-Residual Momentum,2024-06-03 00:00:00-04:00,2024-07-01 00:00:00-04:00,CAT,20,-0.010277580868479075,True,False,29,0.6785714285714286,-0.01689777920143465,0.0015548413966874897,-0.07340044149397895,0.03472492168023544,0.0058281441437455506,0.029890494711201754,False,False,False
Market-Residual Momentum,2024-06-03 00:00:00-04:00,2024-07-01 00:00:00-04:00,IBM,21,-0.011914063495707006,True,False,29,0.7142857142857143,0.0414915319320972,0.07157446116194688,-0.018073703783958006,0.03472492168023544,0.0058281441437455506,0.029890494711201754,True,True,True
Market-Residual Momentum,2024-06-03 00:00:00-04:00,2024-07-01 00:00:00-04:00,UNH,22,-0.012555000792204396,True,False,29,0.75,0.029890494711201754,0.03527618561472301,-0.02831595496831152,0.03472492168023544,0.0058281441437455506,0.029890494711201754,False,True,True
Market-Residual Momentum,2024-06-03 00:00:00-04:00,2024-07-01 00:00:00-04:00,CRM,23,-0.012974977492846262,True,False,29,0.7857142857142857,0.10028975618405167,0.1089419757233061,-0.029196204367032408,0.03472492168023544,0.0058281441437455506,0.029890494711201754,True,True,True
Market-Residual Momentum,2024-06-03 00:00:00-04:00,2024-07-01 00:00:00-04:00,AMGN,24,-0.015977348049029727,True,False,29,0.8214285714285714,0.021350031371442757,0.06300693130475121,-0.037452384878909006,0.03472492168023544,0.0058281441437455506,0.029890494711201754,False,True,False
Market-Residual Momentum,2024-06-03 00:00:00-04:00,2024-07-01 00:00:00-04:00,NKE,25,-0.018868772929774513,True,False,29,0.8571428571428571,-0.2012274112804402,0.037240693880058906,-0.2112781233103831,0.03472492168023544,0.0058281441437455506,0.029890494711201754,False,False,False
Market-Residual Momentum,2024-06-03 00:00:00-04:00,2024-07-01 00:00:00-04:00,DIS,26,-0.019372030608910462,True,False,29,0.8928571428571429,-0.04579049193734408,0.00048001394486663074,-0.0555823658899931,0.03472492168023544,0.0058281441437455506,0.029890494711201754,False,False,False
Market-Residual Momentum,2024-06-03 00:00:00-04:00,2024-07-01 00:00:00-04:00,MMM,27,-0.020589105948106035,True,False,29,0.9285714285714286,0.024808069668149857,0.03656471756359392,-0.026800886840909977,0.03472492168023544,0.0058281441437455506,0.029890494711201754,False,True,False
Market-Residual Momentum,2024-06-03 00:00:00-04:00,2024-07-01 00:00:00-04:00,BA,28,-0.028055591600470997,True,False,29,0.9642857142857143,0.023078222779867152,0.0816441621871622,-0.033915399013615066,0.03472492168023544,0.0058281441437455506,0.029890494711201754,False,True,False
Market-Residual Momentum,2024-06-03 00:00:00-04:00,2024-07-01 00:00:00-04:00,INTC,29,-0.034463135721674254,True,False,29,1.0,-0.003867208645325193,0.014502077149127324,-0.035127255882495434,0.03472492168023544,0.0058281441437455506,0.029890494711201754,False,False,False
Market-Residual Momentum,2024-07-01 00:00:00-04:00,2024-08-01 00:00:00-04:00,KO,1,-0.0030742015148612634,True,True,29,0.0,0.04638448009808527,0.059347267465485354,-0.02717475049672069,0.0127192657401074,0.03760041125932956,0.07260493245140842,True,True,False
Market-Residual Momentum,2024-07-01 00:00:00-04:00,2024-08-01 00:00:00-04:00,V,2,-0.003102961696682227,True,True,29,0.03571428571428571,0.009628664736609727,0.03726456904086617,-0.04204114090831379,0.0127192657401074,0.03760041125932956,0.07260493245140842,False,False,False
Market-Residual Momentum,2024-07-01 00:00:00-04:00,2024-08-01 00:00:00-04:00,MSFT,3,-0.0034625852318923567,True,True,29,0.07142857142857142,-0.06388064391595383,0.04388609516824671,-0.08296836874558444,0.0127192657401074,0.03760041125932956,0.07260493245140842,False,False,False
Market-Residual Momentum,2024-07-01 00:00:00-04:00,2024-08-01 00:00:00-04:00,PG,4,-0.003848710478536632,True,True,29,0.10714285714285714,-0.02260048932746328,0.036087143297301116,-0.03985444821662909,0.0127192657401074,0.03760041125932956,0.07260493245140842,False,False,False
Market-Residual Momentum,2024-07-01 00:00:00-04:00,2024-08-01 00:00:00-04:00,HON,5,-0.004929125932645939,True,True,29,0.14285714285714285,-0.041334537325401155,0.035891770466224715,-0.06990730489377572,0.0127192657401074,0.03760041125932956,0.07260493245140842,False,False,False
Market-Residual Momentum,2024-07-01 00:00:00-04:00,2024-08-01 00:00:00-04:00,JNJ,6,-0.005397022245617666,True,False,29,0.17857142857142858,0.08495915928682152,0.10618170182320119,-0.010748257877387202,0.0127192657401074,0.03760041125932956,0.07260493245140842,True,True,True
Market-Residual Momentum,2024-07-01 00:00:00-04:00,2024-08-01 00:00:00-04:00,CSCO,7,-0.0056766112613708675,True,False,29,0.21428571428571427,0.03278303282887851,0.03596939099692387,-0.030305562072495906,0.0127192657401074,0.03760041125932956,0.07260493245140842,True,False,False
Market-Residual Momentum,2024-07-01 00:00:00-04:00,2024-08-01 00:00:00-04:00,WMT,8,-0.006312094491643272,True,False,29,0.25,0.015024202932348851,0.05067003694296224,-0.009427005382268816,0.0127192657401074,0.03760041125932956,0.07260493245140842,True,False,False
Market-Residual Momentum,2024-07-01 00:00:00-04:00,2024-08-01 00:00:00-04:00,HD,9,-0.006389286894856627,True,False,29,0.2857142857142857,0.07580234250171913,0.09252125177711301,-0.03570601539301366,0.0127192657401074,0.03760041125932956,0.07260493245140842,True,True,True
Market-Residual Momentum,2024-07-01 00:00:00-04:00,2024-08-01 00:00:00-04:00,MCD,10,-0.006407369601760138,True,False,29,0.32142857142857145,0.047050938943661746,0.05038652127969723,-0.04434328791067588,0.0127192657401074,0.03760041125932956,0.07260493245140842,True,True,False
Market-Residual Momentum,2024-07-01 00:00:00-04:00,2024-08-01 00:00:00-04:00,DOW,11,-0.00647372953885994,True,False,29,0.35714285714285715,0.03169812880158185,0.05603778811118865,-0.04754717724465063,0.0127192657401074,0.03760041125932956,0.07260493245140842,True,False,False
Market-Residual Momentum,2024-07-01 00:00:00-04:00,2024-08-01 00:00:00-04:00,GS,12,-0.006615672031051956,True,False,29,0.39285714285714285,0.12208748471026909,0.1380606356781915,-0.001100085783056426,0.0127192657401074,0.03760041125932956,0.07260493245140842,True,True,True
Market-Residual Momentum,2024-07-01 00:00:00-04:00,2024-08-01 00:00:00-04:00,MRK,13,-0.006742270962154406,True,False,29,0.42857142857142855,-0.09770298264880684,0.03628980508623636,-0.10496075881641975,0.0127192657401074,0.03760041125932956,0.07260493245140842,False,False,False
Market-Residual Momentum,2024-07-01 00:00:00-04:00,2024-08-01 00:00:00-04:00,JPM,14,-0.007684642352018822,True,False,29,0.4642857142857143,0.05689878982849028,0.07851258968730179,-0.0008873628427867875,0.0127192657401074,0.03760041125932956,0.07260493245140842,True,True,False
Market-Residual Momentum,2024-07-01 00:00:00-04:00,2024-08-01 00:00:00-04:00,CVX,15,-0.008803057289163085,True,False,29,0.5,0.0011254461739866883,0.04530425460493914,-0.03224312865981882,0.0127192657401074,0.03760041125932956,0.07260493245140842,False,False,False
Market-Residual Momentum,2024-07-01 00:00:00-04:00,2024-08-01 00:00:00-04:00,CAT,16,-0.009206656828591453,True,False,29,0.5357142857142857,0.03760041125932956,0.1018171414082536,-0.040195929469820535,0.0127192657401074,0.03760041125932956,0.07260493245140842,True,False,False
Market-Residual Momentum,2024-07-01 00:00:00-04:00,2024-08-01 00:00:00-04:00,TRV,17,-0.009453379909279858,True,False,29,0.5714285714285714,0.06453978285019324,0.09644385153267887,-0.02239131369285452,0.0127192657401074,0.03760041125932956,0.07260493245140842,True,True,False
Market-Residual Momentum,2024-07-01 00:00:00-04:00,2024-08-01 00:00:00-04:00,AXP,18,-0.009713531788544172,True,False,29,0.6071428571428571,0.0958813534696974,0.10619902897216837,-0.003357288224290933,0.0127192657401074,0.03760041125932956,0.07260493245140842,True,True,True
Market-Residual Momentum,2024-07-01 00:00:00-04:00,2024-08-01 00:00:00-04:00,VZ,19,-0.010297406467415948,True,False,29,0.6428571428571429,-0.002038251534580704,0.04335720419130462,-0.05037802411509085,0.0127192657401074,0.03760041125932956,0.07260493245140842,False,False,False
Market-Residual Momentum,2024-07-01 00:00:00-04:00,2024-08-01 00:00:00-04:00,AAPL,20,-0.011182435521981615,True,False,29,0.6785714285714286,0.057899889942735205,0.11853450909695007,-0.0008015378937271667,0.0127192657401074,0.03760041125932956,0.07260493245140842,True,True,False
Market-Residual Momentum,2024-07-01 00:00:00-04:00,2024-08-01 00:00:00-04:00,IBM,21,-0.01195967033952594,True,False,29,0.7142857142857143,0.11161717231054435,0.13150769238729287,-0.00040352877867477766,0.0127192657401074,0.03760041125932956,0.07260493245140842,True,True,True
Market-Residual Momentum,2024-07-01 00:00:00-04:00,2024-08-01 00:00:00-04:00,UNH,22,-0.013326473099705138,True,False,29,0.75,0.13902315075240868,0.14750865008342617,-0.0439072661033999,0.0127192657401074,0.03760041125932956,0.07260493245140842,True,True,True
Market-Residual Momentum,2024-07-01 00:00:00-04:00,2024-08-01 00:00:00-04:00,AMGN,23,-0.016270544212003912,True,False,29,0.7857142857142857,0.07260493245140842,0.10694467098727212,-0.023074016184403634,0.0127192657401074,0.03760041125932956,0.07260493245140842,True,True,True
Market-Residual Momentum,2024-07-01 00:00:00-04:00,2024-08-01 00:00:00-04:00,NKE,24,-0.01877281730131808,True,False,29,0.8214285714285714,-0.010595945341954294,0.020662219319122377,-0.06079458038383889,0.0127192657401074,0.03760041125932956,0.07260493245140842,False,False,False
Market-Residual Momentum,2024-07-01 00:00:00-04:00,2024-08-01 00:00:00-04:00,DIS,25,-0.019419584431073722,True,False,29,0.8571428571428571,-0.05137812617601867,0.0034204862441786776,-0.09837474168137372,0.0127192657401074,0.03760041125932956,0.07260493245140842,False,False,False
Market-Residual Momentum,2024-07-01 00:00:00-04:00,2024-08-01 00:00:00-04:00,MMM,26,-0.019855453854927596,True,False,29,0.8928571428571429,0.23954901370931858,0.25072913142442843,-0.04472097250762286,0.0127192657401074,0.03760041125932956,0.07260493245140842,True,True,True
Market-Residual Momentum,2024-07-01 00:00:00-04:00,2024-08-01 00:00:00-04:00,BA,27,-0.02796238351644975,True,False,29,0.9285714285714286,0.04281011625907749,0.08095499586748112,-0.0272777239514167,0.0127192657401074,0.03760041125932956,0.07260493245140842,True,True,False
Market-Residual Momentum,2024-07-01 00:00:00-04:00,2024-08-01 00:00:00-04:00,CRM,28,-0.032481105379108866,True,False,29,0.9642857142857143,0.008346077397718865,0.03232311240074415,-0.04880243595207634,0.0127192657401074,0.03760041125932956,0.07260493245140842,False,False,False
Market-Residual Momentum,2024-07-01 00:00:00-04:00,2024-08-01 00:00:00-04:00,INTC,29,-0.0331865131801129,True,False,29,1.0,-0.01552899020670584,0.20219985063418977,-0.029116808148361484,0.0127192657401074,0.03760041125932956,0.07260493245140842,False,False,False
Market-Residual Momentum,2024-08-01 00:00:00-04:00,2024-09-03 00:00:00-04:00,KO,1,-0.0033870857099010943,True,True,29,0.0,0.08119422650376751,0.0831342389878924,-0.004477657488922593,0.01429683176047547,0.026541884619424527,0.04883938714770286,True,True,True
Market-Residual Momentum,2024-08-01 00:00:00-04:00,2024-09-03 00:00:00-04:00,PG,2,-0.003434828160853609,True,True,29,0.03571428571428571,0.06309062708355073,0.06843613213957034,-0.0012432384445595357,0.01429683176047547,0.026541884619424527,0.04883938714770286,True,True,True
Market-Residual Momentum,2024-08-01 00:00:00-04:00,2024-09-03 00:00:00-04:00,MSFT,3,-0.0038796493910989716,True,True,29,0.07142857142857142,-0.0050541213367137905,0.01608705718968717,-0.08367599606901799,0.01429683176047547,0.026541884619424527,0.04883938714770286,False,False,False
Market-Residual Momentum,2024-08-01 00:00:00-04:00,2024-09-03 00:00:00-04:00,V,4,-0.0045369546518707615,True,True,29,0.10714285714285714,0.03977851102678365,0.04211120382026756,-0.04438102862545501,0.01429683176047547,0.026541884619424527,0.04883938714770286,True,True,False
Market-Residual Momentum,2024-08-01 00:00:00-04:00,2024-09-03 00:00:00-04:00,HON,5,-0.005092856942244928,True,True,29,0.14285714285714285,0.021808839323512963,0.027221823816172996,-0.04287170845966637,0.01429683176047547,0.026541884619424527,0.04883938714770286,True,False,False
Market-Residual Momentum,2024-08-01 00:00:00-04:00,2024-09-03 00:00:00-04:00,JNJ,6,-0.006234635981204106,True,False,29,0.17857142857142858,0.050569107890898746,0.05527378187702281,-0.012872214879904864,0.01429683176047547,0.026541884619424527,0.04883938714770286,True,True,True
Market-Residual Momentum,2024-08-01 00:00:00-04:00,2024-09-03 00:00:00-04:00,CSCO,7,-0.006707245496277325,True,False,29,0.21428571428571427,0.03475924094252747,0.049362373371678814,-0.08473882796081555,0.01429683176047547,0.026541884619424527,0.04883938714770286,True,True,False
Market-Residual Momentum,2024-08-01 00:00:00-04:00,2024-09-03 00:00:00-04:00,WMT,8,-0.006919161631011916,True,False,29,0.25,0.12538721879740589,0.12742457865923873,-0.03250615050043537,0.01429683176047547,0.026541884619424527,0.04883938714770286,True,True,True
Market-Residual Momentum,2024-08-01 00:00:00-04:00,2024-09-03 00:00:00-04:00,MCD,9,-0.00751931333028133,True,False,29,0.2857142857142857,0.07947815888338261,0.09515785694769585,-0.016565524722302882,0.01429683176047547,0.026541884619424527,0.04883938714770286,True,True,True
Market-Residual Momentum,2024-08-01 00:00:00-04:00,2024-09-03 00:00:00-04:00,DOW,10,-0.00761015140021204,True,False,29,0.32142857142857145,-0.023149106619784754,0.006217998366684574,-0.07827361707613467,0.01429683176047547,0.026541884619424527,0.04883938714770286,False,False,False
Market-Residual Momentum,2024-08-01 00:00:00-04:00,2024-09-03 00:00:00-04:00,GS,11,-0.008264940642518703,True,False,29,0.35714285714285715,0.0009257480944206975,0.008263054966696659,-0.1424119067705062,0.01429683176047547,0.026541884619424527,0.04883938714770286,False,False,False
Market-Residual Momentum,2024-08-01 00:00:00-04:00,2024-09-03 00:00:00-04:00,HD,12,-0.008359365243005623,True,False,29,0.39285714285714285,0.0003906989357442825,0.02321676421258112,-0.08275900511717915,0.01429683176047547,0.026541884619424527,0.04883938714770286,False,False,False
Market-Residual Momentum,2024-08-01 00:00:00-04:00,2024-09-03 00:00:00-04:00,MRK,13,-0.008431968134990142,True,False,29,0.42857142857142855,0.0453461049309114,0.04967741622860289,-0.021302810953165663,0.01429683176047547,0.026541884619424527,0.04883938714770286,True,True,False
Market-Residual Momentum,2024-08-01 00:00:00-04:00,2024-09-03 00:00:00-04:00,JPM,14,-0.009080985478290837,True,False,29,0.4642857142857143,0.04268287300061058,0.05759844272695158,-0.1045966070216463,0.01429683176047547,0.026541884619424527,0.04883938714770286,True,True,False
Market-Residual Momentum,2024-08-01 00:00:00-04:00,2024-09-03 00:00:00-04:00,CVX,15,-0.00909294818537032,True,False,29,0.5,-0.07265438566109084,0.004977589645982938,-0.1198410459526954,0.01429683176047547,0.026541884619424527,0.04883938714770286,False,False,False
Market-Residual Momentum,2024-08-01 00:00:00-04:00,2024-09-03 00:00:00-04:00,VZ,16,-0.009529951365733424,True,False,29,0.5357142857142857,0.031718920615234625,0.031718920615234625,-0.025325704511543035,0.01429683176047547,0.026541884619424527,0.04883938714770286,True,True,False
Market-Residual Momentum,2024-08-01 00:00:00-04:00,2024-09-03 00:00:00-04:00,AXP,17,-0.009875768981334132,True,False,29,0.5714285714285714,0.007563521640765458,0.03112068396251777,-0.12534963984432712,0.01429683176047547,0.026541884619424527,0.04883938714770286,False,False,False
Market-Residual Momentum,2024-08-01 00:00:00-04:00,2024-09-03 00:00:00-04:00,CAT,18,-0.010497439437133438,True,False,29,0.6071428571428571,0.017066331481345953,0.029338813565936706,-0.11334090370891048,0.01429683176047547,0.026541884619424527,0.04883938714770286,True,False,False
Market-Residual Momentum,2024-08-01 00:00:00-04:00,2024-09-03 00:00:00-04:00,TRV,19,-0.011341314416317694,True,False,29,0.6428571428571429,0.03675186301131572,0.04577956133154326,-0.054028046945777675,0.01429683176047547,0.026541884619424527,0.04883938714770286,True,True,False
Market-Residual Momentum,2024-08-01 00:00:00-04:00,2024-09-03 00:00:00-04:00,AAPL,20,-0.011512745458854723,True,False,29,0.6785714285714286,0.019809017852211896,0.03930833770113007,-0.12644303917309097,0.01429683176047547,0.026541884619424527,0.04883938714770286,True,False,False
Market-Residual Momentum,2024-08-01 00:00:00-04:00,2024-09-03 00:00:00-04:00,IBM,21,-0.012795249906064177,True,False,29,0.7142857142857143,0.05635597350950494,0.05771599000521377,-0.057050942567063445,0.01429683176047547,0.026541884619424527,0.04883938714770286,True,True,True
Market-Residual Momentum,2024-08-01 00:00:00-04:00,2024-09-03 00:00:00-04:00,MMM,22,-0.01338771490084445,True,False,29,0.75,0.04883938714770286,0.06445258625866179,-0.06423523298373213,0.01429683176047547,0.026541884619424527,0.04883938714770286,True,True,True
Market-Residual Momentum,2024-08-01 00:00:00-04:00,2024-09-03 00:00:00-04:00,AMGN,23,-0.016548978152302163,True,False,29,0.7857142857142857,-0.005620959495470701,0.01428194341649247,-0.0877741920905214,0.01429683176047547,0.026541884619424527,0.04883938714770286,False,False,False
Market-Residual Momentum,2024-08-01 00:00:00-04:00,2024-09-03 00:00:00-04:00,UNH,24,-0.01682255473829164,True,False,29,0.8214285714285714,0.026541884619424527,0.027824079555400116,-0.03494456048993766,0.01429683176047547,0.026541884619424527,0.04883938714770286,True,False,False
Market-Residual Momentum,2024-08-01 00:00:00-04:00,2024-09-03 00:00:00-04:00,DIS,25,-0.018759730311727396,True,False,29,0.8571428571428571,-0.04528013825784338,0.0009588358971381883,-0.10600884478353556,0.01429683176047547,0.026541884619424527,0.04883938714770286,False,False,False
Market-Residual Momentum,2024-08-01 00:00:00-04:00,2024-09-03 00:00:00-04:00,BA,26,-0.022608498053455217,True,False,29,0.8928571428571429,-0.12089474326685856,0.006157885099712157,-0.14473684210526316,0.01429683176047547,0.026541884619424527,0.04883938714770286,False,False,False
Market-Residual Momentum,2024-08-01 00:00:00-04:00,2024-09-03 00:00:00-04:00,CRM,27,-0.03354754680967864,True,False,29,0.9285714285714286,-0.02801057804071616,0.04636420827811061,-0.10654087666819145,0.01429683176047547,0.026541884619424527,0.04883938714770286,False,False,False
Market-Residual Momentum,2024-08-01 00:00:00-04:00,2024-09-03 00:00:00-04:00,NKE,28,-0.03397733456116514,True,False,29,0.9642857142857143,0.11216771171563411,0.14364099657868912,-0.05287799746137478,0.01429683176047547,0.026541884619424527,0.04883938714770286,True,True,True
Market-Residual Momentum,2024-08-01 00:00:00-04:00,2024-09-03 00:00:00-04:00,INTC,29,-0.03480704265793988,True,False,29,1.0,-0.28765552275146755,0.009201405734105439,-0.3769466346501811,0.01429683176047547,0.026541884619424527,0.04883938714770286,False,False,False
Market-Residual Momentum,2024-09-03 00:00:00-04:00,2024-10-01 00:00:00-04:00,KO,1,-0.0034761176501212354,True,True,29,0.0,0.0021299571560173813,0.015046633395231268,-0.025814598764835273,0.026207965084110718,0.027150800038795664,0.06338182866036335,False,False,False
Market-Residual Momentum,2024-09-03 00:00:00-04:00,2024-10-01 00:00:00-04:00,V,2,-0.004591097058861071,True,True,29,0.03571428571428571,0.0021708587741202656,0.06042624282722997,-0.029453252112405903,0.026207965084110718,0.027150800038795664,0.06338182866036335,False,False,False
Market-Residual Momentum,2024-09-03 00:00:00-04:00,2024-10-01 00:00:00-04:00,MSFT,3,-0.00467287149963147,True,True,29,0.07142857142857142,0.027150800038795664,0.05728509651535485,-0.040941954067838515,0.026207965084110718,0.027150800038795664,0.06338182866036335,True,False,False
Market-Residual Momentum,2024-09-03 00:00:00-04:00,2024-10-01 00:00:00-04:00,HON,4,-0.0052762333573550535,True,True,29,0.10714285714285714,-0.0058751982863195495,0.015410619766193179,-0.04955446702977773,0.026207965084110718,0.027150800038795664,0.06338182866036335,False,False,False
Market-Residual Momentum,2024-09-03 00:00:00-04:00,2024-10-01 00:00:00-04:00,PG,5,-0.005482746256283866,True,True,29,0.14285714285714285,0.012921797314562777,0.04040219059686767,-0.003800727259148262,0.026207965084110718,0.027150800038795664,0.06338182866036335,False,False,False
Market-Residual Momentum,2024-09-03 00:00:00-04:00,2024-10-01 00:00:00-04:00,DOW,6,-0.006655097165247259,True,False,29,0.17857142857142858,0.03509103203888575,0.05595592353201373,-0.060697949482866,0.026207965084110718,0.027150800038795664,0.06338182866036335,True,True,False
Market-Residual Momentum,2024-09-03 00:00:00-04:00,2024-10-01 00:00:00-04:00,JNJ,7,-0.007155545109767236,True,False,29,0.21428571428571427,-0.01700546002319947,0.021847014168822287,-0.03159043700576514,0.026207965084110718,0.027150800038795664,0.06338182866036335,False,False,False
Market-Residual Momentum,2024-09-03 00:00:00-04:00,2024-10-01 00:00:00-04:00,CSCO,8,-0.008084232317901896,True,False,29,0.25,0.05565498539666458,0.05963035766433267,-0.04889669512117856,0.026207965084110718,0.027150800038795664,0.06338182866036335,True,True,False
Market-Residual Momentum,2024-09-03 00:00:00-04:00,2024-10-01 00:00:00-04:00,WMT,9,-0.008463387341096418,True,False,29,0.2857142857142857,0.043320639666845295,0.05521781690020733,-0.013319511444887189,0.026207965084110718,0.027150800038795664,0.06338182866036335,True,True,False
Market-Residual Momentum,2024-09-03 00:00:00-04:00,2024-10-01 00:00:00-04:00,HD,10,-0.008933147655515561,True,False,29,0.32142857142857145,0.09817891082131225,0.10168530724854374,-0.02805109240039172,0.026207965084110718,0.027150800038795664,0.06338182866036335,True,True,True
Market-Residual Momentum,2024-09-03 00:00:00-04:00,2024-10-01 00:00:00-04:00,MCD,11,-0.008952629290354452,True,False,29,0.35714285714285715,0.06338182866036335,0.07193733391538948,-0.009254064925415362,0.026207965084110718,0.027150800038795664,0.06338182866036335,True,True,True
Market-Residual Momentum,2024-09-03 00:00:00-04:00,2024-10-01 00:00:00-04:00,CVX,12,-0.009228360704040761,True,False,29,0.39285714285714285,0.005496380214096375,0.024390181594855287,-0.06994174879882187,0.026207965084110718,0.027150800038795664,0.06338182866036335,False,False,False
Market-Residual Momentum,2024-09-03 00:00:00-04:00,2024-10-01 00:00:00-04:00,VZ,13,-0.009327376741231852,True,False,29,0.42857142857142855,0.07149653748238527,0.08102954021290554,-0.025262157126500706,0.026207965084110718,0.027150800038795664,0.06338182866036335,True,True,True
Market-Residual Momentum,2024-09-03 00:00:00-04:00,2024-10-01 00:00:00-04:00,GS,14,-0.009439677002205382,True,False,29,0.4642857142857143,-0.0254005208729845,0.004394370073036669,-0.09850831227176793,0.026207965084110718,0.027150800038795664,0.06338182866036335,False,False,False
Market-Residual Momentum,2024-09-03 00:00:00-04:00,2024-10-01 00:00:00-04:00,IBM,15,-0.009455931819127739,True,False,29,0.5,0.09271445658157984,0.11014785044777753,-0.01272859161635942,0.026207965084110718,0.027150800038795664,0.06338182866036335,True,True,True
Market-Residual Momentum,2024-09-03 00:00:00-04:00,2024-10-01 00:00:00-04:00,AXP,16,-0.009868720688021693,True,False,29,0.5357142857142857,0.06064040106357349,0.06611384204964565,-0.059350262478409355,0.026207965084110718,0.027150800038795664,0.06338182866036335,True,True,False
Market-Residual Momentum,2024-09-03 00:00:00-04:00,2024-10-01 00:00:00-04:00,JPM,17,-0.01018105431883709,True,False,29,0.5714285714285714,-0.06027895227309732,0.008097179608849148,-0.09757072602644645,0.026207965084110718,0.027150800038795664,0.06338182866036335,False,False,False
Market-Residual Momentum,2024-09-03 00:00:00-04:00,2024-10-01 00:00:00-04:00,CAT,18,-0.010554810974433448,True,False,29,0.6071428571428571,0.11089968400126549,0.12779289309743036,-0.0741036738075248,0.026207965084110718,0.027150800038795664,0.06338182866036335,True,True,True
Market-Residual Momentum,2024-09-03 00:00:00-04:00,2024-10-01 00:00:00-04:00,AAPL,19,-0.011699168059004506,True,False,29,0.6428571428571429,0.004244169285750887,0.01986427347209907,-0.06401225089556706,0.026207965084110718,0.027150800038795664,0.06338182866036335,False,False,False
Market-Residual Momentum,2024-09-03 00:00:00-04:00,2024-10-01 00:00:00-04:00,TRV,20,-0.012794372408965193,True,False,29,0.6785714285714286,0.03655996106882764,0.0809096253280821,-0.0002652617394168777,0.026207965084110718,0.027150800038795664,0.06338182866036335,True,True,False
Market-Residual Momentum,2024-09-03 00:00:00-04:00,2024-10-01 00:00:00-04:00,MRK,21,-0.01332772121251491,True,False,29,0.7142857142857143,-0.029913338873645556,0.017250276699429357,-0.04946723628285332,0.026207965084110718,0.027150800038795664,0.06338182866036335,False,False,False
Market-Residual Momentum,2024-09-03 00:00:00-04:00,2024-10-01 00:00:00-04:00,DIS,22,-0.013589897658013106,True,False,29,0.75,0.06226978597215127,0.0888293122247934,-0.03370168487139624,0.026207965084110718,0.027150800038795664,0.06338182866036335,True,True,False
Market-Residual Momentum,2024-09-03 00:00:00-04:00,2024-10-01 00:00:00-04:00,AMGN,23,-0.014700012202610968,True,False,29,0.7857142857142857,-0.029648288557287628,0.021935098531880914,-0.05944724301554094,0.026207965084110718,0.027150800038795664,0.06338182866036335,False,False,False
Market-Residual Momentum,2024-09-03 00:00:00-04:00,2024-10-01 00:00:00-04:00,UNH,24,-0.016865774618700757,True,False,29,0.8214285714285714,-0.009190645780440598,0.026024391298032246,-0.04137063604228297,0.026207965084110718,0.027150800038795664,0.06338182866036335,False,False,False
Market-Residual Momentum,2024-09-03 00:00:00-04:00,2024-10-01 00:00:00-04:00,BA,25,-0.022482485807559405,True,False,29,0.8571428571428571,-0.09321674058085172,0.015386501484769832,-0.0945338765582866,0.026207965084110718,0.027150800038795664,0.06338182866036335,False,False,False
Market-Residual Momentum,2024-09-03 00:00:00-04:00,2024-10-01 00:00:00-04:00,MMM,26,-0.033098843934588285,True,False,29,0.8928571428571429,0.02247961441176849,0.057965599153344094,-0.04428224435750783,0.026207965084110718,0.027150800038795664,0.06338182866036335,False,False,False
Market-Residual Momentum,2024-09-03 00:00:00-04:00,2024-10-01 00:00:00-04:00,NKE,27,-0.034421064588783135,True,False,29,0.9285714285714286,0.06395841159242455,0.09563544402047675,-0.07217986437269996,0.026207965084110718,0.027150800038795664,0.06338182866036335,True,True,True
Market-Residual Momentum,2024-09-03 00:00:00-04:00,2024-10-01 00:00:00-04:00,CRM,28,-0.03461113779309588,True,False,29,0.9642857142857143,0.08689097138216195,0.10473210039947634,-0.04425619838161954,0.026207965084110718,0.027150800038795664,0.06338182866036335,True,True,True
Market-Residual Momentum,2024-09-03 00:00:00-04:00,2024-10-01 00:00:00-04:00,INTC,29,-0.0562539681385843,True,False,29,1.0,0.08913640145489787,0.14484674091335248,-0.14066854957565478,0.026207965084110718,0.027150800038795664,0.06338182866036335,True,True,True
Market-Residual Momentum,2024-10-01 00:00:00-04:00,2024-11-01 00:00:00-04:00,KO,1,-0.003878845314812307,True,True,29,0.0,-0.09195578464658416,0.009015277942234778,-0.09486847795987063,-0.0036275018480911303,-0.019607804877414203,0.022930173019685363,False,False,False
Market-Residual Momentum,2024-10-01 00:00:00-04:00,2024-11-01 00:00:00-04:00,MSFT,2,-0.004128534590665867,True,True,29,0.03571428571428571,-0.047166703543597754,0.023456576393784845,-0.05348003285382241,-0.0036275018480911303,-0.019607804877414203,0.022930173019685363,False,False,False
Market-Residual Momentum,2024-10-01 00:00:00-04:00,2024-11-01 00:00:00-04:00,V,3,-0.005070820481993921,True,True,29,0.07142857142857142,0.041593144615723165,0.06993557664949845,-0.013467010764254272,-0.0036275018480911303,-0.019607804877414203,0.022930173019685363,True,True,True
Market-Residual Momentum,2024-10-01 00:00:00-04:00,2024-11-01 00:00:00-04:00,HON,4,-0.005218417748098836,True,True,29,0.10714285714285714,-0.0006781001141641374,0.08017250505084639,-0.023397687074213747,-0.0036275018480911303,-0.019607804877414203,0.022930173019685363,True,True,False
Market-Residual Momentum,2024-10-01 00:00:00-04:00,2024-11-01 00:00:00-04:00,PG,5,-0.006344756954630881,True,True,29,0.14285714285714285,-0.04016448884771373,0.009639646266174973,-0.041441957679462016,-0.0036275018480911303,-0.019607804877414203,0.022930173019685363,False,False,False
Market-Residual Momentum,2024-10-01 00:00:00-04:00,2024-11-01 00:00:00-04:00,DOW,6,-0.006754728230738749,True,False,29,0.17857142857142858,-0.092908121098216,0.019333003223438894,-0.09950516663330666,-0.0036275018480911303,-0.019607804877414203,0.022930173019685363,False,False,False
Market-Residual Momentum,2024-10-01 00:00:00-04:00,2024-11-01 00:00:00-04:00,JNJ,7,-0.0072240566289081265,True,False,29,0.21428571428571427,-0.011389747279697549,0.026595829052836972,-0.022471344934071213,-0.0036275018480911303,-0.019607804877414203,0.022930173019685363,False,True,False
Market-Residual Momentum,2024-10-01 00:00:00-04:00,2024-11-01 00:00:00-04:00,CSCO,8,-0.008050561532451983,True,False,29,0.25,0.038567960263265366,0.08258474065160604,-0.01506306209502506,-0.0036275018480911303,-0.019607804877414203,0.022930173019685363,True,True,True
Market-Residual Momentum,2024-10-01 00:00:00-04:00,2024-11-01 00:00:00-04:00,MCD,9,-0.008186491665422957,True,False,29,0.2857142857142857,-0.032839713550022576,0.0439720424763248,-0.0481759528554615,-0.0036275018480911303,-0.019607804877414203,0.022930173019685363,False,False,False
Market-Residual Momentum,2024-10-01 00:00:00-04:00,2024-11-01 00:00:00-04:00,HD,10,-0.008445348724689938,True,False,29,0.32142857142857145,-0.02282068965471551,0.04341368111781119,-0.03705272014095762,-0.0036275018480911303,-0.019607804877414203,0.022930173019685363,False,False,False
Market-Residual Momentum,2024-10-01 00:00:00-04:00,2024-11-01 00:00:00-04:00,WMT,11,-0.008736502977831906,True,False,29,0.35714285714285715,0.022930173019685363,0.03296986290693482,-0.02107072826689016,-0.0036275018480911303,-0.019607804877414203,0.022930173019685363,True,True,True
Market-Residual Momentum,2024-10-01 00:00:00-04:00,2024-11-01 00:00:00-04:00,IBM,12,-0.009086862776635951,True,False,29,0.39285714285714285,-0.0582876754249122,0.07587350106210167,-0.0775960572628347,-0.0036275018480911303,-0.019607804877414203,0.022930173019685363,False,False,False
Market-Residual Momentum,2024-10-01 00:00:00-04:00,2024-11-01 00:00:00-04:00,CVX,13,-0.009156667990265044,True,False,29,0.42857142857142855,0.04188571407056063,0.052839457466607564,-0.0061497035718390824,-0.0036275018480911303,-0.019607804877414203,0.022930173019685363,True,True,True
Market-Residual Momentum,2024-10-01 00:00:00-04:00,2024-11-01 00:00:00-04:00,GS,14,-0.009889829632643399,True,False,29,0.4642857142857143,0.05139723975830024,0.09286678780761015,-0.020987462734335716,-0.0036275018480911303,-0.019607804877414203,0.022930173019685363,True,True,True
Market-Residual Momentum,2024-10-01 00:00:00-04:00,2024-11-01 00:00:00-04:00,AAPL,15,-0.01076066943445586,True,False,29,0.5,-0.03725167611187552,0.03472455564318966,-0.03725167611187552,-0.0036275018480911303,-0.019607804877414203,0.022930173019685363,False,False,False
Market-Residual Momentum,2024-10-01 00:00:00-04:00,2024-11-01 00:00:00-04:00,AXP,16,-0.01082268524670782,True,False,29,0.5357142857142857,0.006382806461038726,0.05834655555214696,-0.0185416020583985,-0.0036275018480911303,-0.019607804877414203,0.022930173019685363,True,True,False
Market-Residual Momentum,2024-10-01 00:00:00-04:00,2024-11-01 00:00:00-04:00,CAT,17,-0.010826757642816376,True,False,29,0.5714285714285714,-0.03026473626851256,0.03151269369765286,-0.05814583074313018,-0.0036275018480911303,-0.019607804877414203,0.022930173019685363,False,False,False
Market-Residual Momentum,2024-10-01 00:00:00-04:00,2024-11-01 00:00:00-04:00,VZ,18,-0.010942152146127815,True,False,29,0.6071428571428571,-0.04854257161181197,0.007117261912053641,-0.07948995390211566,-0.0036275018480911303,-0.019607804877414203,0.022930173019685363,False,False,False
Market-Residual Momentum,2024-10-01 00:00:00-04:00,2024-11-01 00:00:00-04:00,JPM,19,-0.011472617403580743,True,False,29,0.6428571428571429,0.07673525187639263,0.0920993606640581,-0.02182861475697495,-0.0036275018480911303,-0.019607804877414203,0.022930173019685363,True,True,True
Market-Residual Momentum,2024-10-01 00:00:00-04:00,2024-11-01 00:00:00-04:00,DIS,20,-0.01307436606918988,True,False,29,0.6785714285714286,0.005357661865003971,0.024687460563791896,-0.039184837092143154,-0.0036275018480911303,-0.019607804877414203,0.022930173019685363,True,True,False
Market-Residual Momentum,2024-10-01 00:00:00-04:00,2024-11-01 00:00:00-04:00,AMGN,21,-0.013906468850740317,True,False,29,0.7142857142857143,-0.010433250040029485,0.0221084495947641,-0.03546036388653184,-0.0036275018480911303,-0.019607804877414203,0.022930173019685363,False,True,False
Market-Residual Momentum,2024-10-01 00:00:00-04:00,2024-11-01 00:00:00-04:00,MRK,22,-0.014049316465902795,True,False,29,0.75,-0.10687975077266898,0.007283273409290469,-0.1347841955522442,-0.0036275018480911303,-0.019607804877414203,0.022930173019685363,False,False,False
Market-Residual Momentum,2024-10-01 00:00:00-04:00,2024-11-01 00:00:00-04:00,TRV,23,-0.014171430663408646,True,False,29,0.7857142857142857,0.05606232126925881,0.15448201043579624,-0.037988865182470466,-0.0036275018480911303,-0.019607804877414203,0.022930173019685363,True,True,True
Market-Residual Momentum,2024-10-01 00:00:00-04:00,2024-11-01 00:00:00-04:00,UNH,24,-0.015997799215616504,True,False,29,0.8214285714285714,-0.033982904494233135,0.04039310822937536,-0.07179455124260514,-0.0036275018480911303,-0.019607804877414203,0.022930173019685363,False,False,False
Market-Residual Momentum,2024-10-01 00:00:00-04:00,2024-11-01 00:00:00-04:00,BA,25,-0.021802632723178395,True,False,29,0.8571428571428571,0.008715119549171702,0.0790967595173242,-0.035917088341896775,-0.0036275018480911303,-0.019607804877414203,0.022930173019685363,True,True,False
Market-Residual Momentum,2024-10-01 00:00:00-04:00,2024-11-01 00:00:00-04:00,MMM,26,-0.030818580768597448,True,False,29,0.8928571428571429,-0.0553676433697573,0.039264804571231826,-0.08455888061968575,-0.0036275018480911303,-0.019607804877414203,0.022930173019685363,False,False,False
Market-Residual Momentum,2024-10-01 00:00:00-04:00,2024-11-01 00:00:00-04:00,CRM,27,-0.033636539719890224,True,False,29,0.9285714285714286,0.058692536414392205,0.09651984453244666,-0.016232625553544322,-0.0036275018480911303,-0.019607804877414203,0.022930173019685363,True,True,True
Market-Residual Momentum,2024-10-01 00:00:00-04:00,2024-11-01 00:00:00-04:00,NKE,28,-0.03452834847795527,True,False,29,0.9642857142857143,-0.12443174794921796,0.018636356700550527,-0.14545453433108513,-0.0036275018480911303,-0.019607804877414203,0.022930173019685363,False,False,False
Market-Residual Momentum,2024-10-01 00:00:00-04:00,2024-11-01 00:00:00-04:00,INTC,29,-0.06121500650626366,True,False,29,1.0,-0.019607804877414203,0.015345295157740857,-0.08482522799565129,-0.0036275018480911303,-0.019607804877414203,0.022930173019685363,False,False,False
Market-Residual Momentum,2024-11-01 00:00:00-04:00,2024-12-02 00:00:00-05:00,KO,1,-0.003977673544824034,True,True,29,0.0,-0.014269115550853195,0.002902129797825115,-0.062318574374698565,0.05539799412702706,0.08238946481383524,0.10359028405442894,False,False,False
Market-Residual Momentum,2024-11-01 00:00:00-04:00,2024-12-02 00:00:00-05:00,MSFT,2,-0.004161150106510636,True,True,29,0.03571428571428571,0.03471566539058313,0.051657077984505584,-0.00841050630434137,0.05539799412702706,0.08238946481383524,0.10359028405442894,False,False,False
Market-Residual Momentum,2024-11-01 00:00:00-04:00,2024-12-02 00:00:00-05:00,PG,3,-0.005932902583689392,True,True,29,0.07142857142857142,0.08353999884533736,0.09146466398748099,-0.03327076319728517,0.05539799412702706,0.08238946481383524,0.10359028405442894,True,True,False
Market-Residual Momentum,2024-11-01 00:00:00-04:00,2024-12-02 00:00:00-05:00,HON,4,-0.006411429065975249,True,True,29,0.10714285714285714,0.13596366082691014,0.17683842051744625,-0.0024722461596300427,0.05539799412702706,0.08238946481383524,0.10359028405442894,True,True,True
Market-Residual Momentum,2024-11-01 00:00:00-04:00,2024-12-02 00:00:00-05:00,JNJ,5,-0.006567251256022866,True,True,29,0.14285714285714285,-0.02857322598996337,0.0029891376389699076,-0.06115311755286068,0.05539799412702706,0.08238946481383524,0.10359028405442894,False,False,False
Market-Residual Momentum,2024-11-01 00:00:00-04:00,2024-12-02 00:00:00-05:00,V,6,-0.007286502398499151,True,False,29,0.17857142857142858,0.10056652259588228,0.10056652259588228,-0.004506179891761941,0.05539799412702706,0.08238946481383524,0.10359028405442894,True,True,False
Market-Residual Momentum,2024-11-01 00:00:00-04:00,2024-12-02 00:00:00-05:00,HD,7,-0.0076708234472622205,True,False,29,0.21428571428571427,0.0923483089198025,0.11289261408562457,-0.03313076661554426,0.05539799412702706,0.08238946481383524,0.10359028405442894,True,True,False
Market-Residual Momentum,2024-11-01 00:00:00-04:00,2024-12-02 00:00:00-05:00,IBM,8,-0.007699982456639942,True,False,29,0.25,0.10359028405442894,0.11746403533181682,-0.01058874029968726,0.05539799412702706,0.08238946481383524,0.10359028405442894,True,True,True
Market-Residual Momentum,2024-11-01 00:00:00-04:00,2024-12-02 00:00:00-05:00,DOW,9,-0.007794667595950933,True,False,29,0.2857142857142857,-0.09120381970375613,0.0044444691051135354,-0.12464643076382886,0.05539799412702706,0.08238946481383524,0.10359028405442894,False,False,False
Market-Residual Momentum,2024-11-01 00:00:00-04:00,2024-12-02 00:00:00-05:00,CSCO,10,-0.007987942466126552,True,False,29,0.32142857142857145,0.08238946481383524,0.09371580515078382,-0.0038363699804658813,0.05539799412702706,0.08238946481383524,0.10359028405442894,True,False,False
Market-Residual Momentum,2024-11-01 00:00:00-04:00,2024-12-02 00:00:00-05:00,GS,11,-0.008803435239255641,True,False,29,0.35714285714285715,0.17502301272042753,0.17832684918873887,-0.01825003731543695,0.05539799412702706,0.08238946481383524,0.10359028405442894,True,True,True
Market-Residual Momentum,2024-11-01 00:00:00-04:00,2024-12-02 00:00:00-05:00,MCD,12,-0.009000940417323466,True,False,29,0.39285714285714285,0.0025653746349947326,0.0315777780739237,-0.0375198399550819,0.05539799412702706,0.08238946481383524,0.10359028405442894,False,False,False
Market-Residual Momentum,2024-11-01 00:00:00-04:00,2024-12-02 00:00:00-05:00,WMT,13,-0.009114572445813929,True,False,29,0.42857142857142855,0.1246819017396601,0.1246819017396601,-0.01199561224297363,0.05539799412702706,0.08238946481383524,0.10359028405442894,True,True,True
Market-Residual Momentum,2024-11-01 00:00:00-04:00,2024-12-02 00:00:00-05:00,AXP,14,-0.009748947901949467,True,False,29,0.4642857142857143,0.12453163835528214,0.13044452248612592,-0.009511626114861671,0.05539799412702706,0.08238946481383524,0.10359028405442894,True,True,True
Market-Residual Momentum,2024-11-01 00:00:00-04:00,2024-12-02 00:00:00-05:00,CVX,15,-0.010314248672114723,True,False,29,0.5,0.08457694033522611,0.09102757600379396,-0.005115417111439591,0.05539799412702706,0.08238946481383524,0.10359028405442894,True,True,False
Market-Residual Momentum,2024-11-01 00:00:00-04:00,2024-12-02 00:00:00-05:00,AAPL,16,-0.010348076013347973,True,False,29,0.5357142857142857,0.07494701743382182,0.07739343928405518,-0.005702196897105494,0.05539799412702706,0.08238946481383524,0.10359028405442894,True,False,False
Market-Residual Momentum,2024-11-01 00:00:00-04:00,2024-12-02 00:00:00-05:00,CAT,17,-0.010356880587624628,True,False,29,0.5714285714285714,0.07773683187388936,0.10693789300612866,-0.007326722084655235,0.05539799412702706,0.08238946481383524,0.10359028405442894,True,False,False
Market-Residual Momentum,2024-11-01 00:00:00-04:00,2024-12-02 00:00:00-05:00,JPM,18,-0.010531813488183883,True,False,29,0.6071428571428571,0.1162551437577315,0.13754699857959696,-0.01963675096986761,0.05539799412702706,0.08238946481383524,0.10359028405442894,True,True,True
Market-Residual Momentum,2024-11-01 00:00:00-04:00,2024-12-02 00:00:00-05:00,VZ,19,-0.011175177840940131,True,False,29,0.6428571428571429,0.05104461012503925,0.061965607850279936,-0.048670709082681674,0.05539799412702706,0.08238946481383524,0.10359028405442894,False,False,False
Market-Residual Momentum,2024-11-01 00:00:00-04:00,2024-12-02 00:00:00-05:00,DIS,20,-0.012450428186870255,True,False,29,0.6785714285714286,0.23072096864649883,0.2351097694162363,-0.009090858358731468,0.05539799412702706,0.08238946481383524,0.10359028405442894,True,True,True
Market-Residual Momentum,2024-11-01 00:00:00-04:00,2024-12-02 00:00:00-05:00,MRK,21,-0.013241500554308061,True,False,29,0.7142857142857143,-0.0004911631200720246,0.016408050408259767,-0.07172320235924834,0.05539799412702706,0.08238946481383524,0.10359028405442894,False,False,False
Market-Residual Momentum,2024-11-01 00:00:00-04:00,2024-12-02 00:00:00-05:00,UNH,22,-0.015030848923301976,True,False,29,0.75,0.08649491539705112,0.11609918500569538,-0.018969345361493306,0.05539799412702706,0.08238946481383524,0.10359028405442894,True,True,False
Market-Residual Momentum,2024-11-01 00:00:00-04:00,2024-12-02 00:00:00-05:00,AMGN,23,-0.015297673702903025,True,False,29,0.7857142857142857,-0.10779809461239032,0.02999796087512574,-0.18459451310818087,0.05539799412702706,0.08238946481383524,0.10359028405442894,False,False,False
Market-Residual Momentum,2024-11-01 00:00:00-04:00,2024-12-02 00:00:00-05:00,TRV,24,-0.01546174626854746,True,False,29,0.8214285714285714,0.08366454296364645,0.09112660602503442,-0.01910132533128006,0.05539799412702706,0.08238946481383524,0.10359028405442894,True,True,False
Market-Residual Momentum,2024-11-01 00:00:00-04:00,2024-12-02 00:00:00-05:00,BA,25,-0.024232432739707765,True,False,29,0.8571428571428571,0.020487006858365353,0.03194138579528372,-0.10308941043226583,0.05539799412702706,0.08238946481383524,0.10359028405442894,False,False,False
Market-Residual Momentum,2024-11-01 00:00:00-04:00,2024-12-02 00:00:00-05:00,MMM,26,-0.029395179664353788,True,False,29,0.8928571428571429,0.04491444525248656,0.060721643286520965,-0.02833354866216009,0.05539799412702706,0.08238946481383524,0.10359028405442894,False,False,False
Market-Residual Momentum,2024-11-01 00:00:00-04:00,2024-12-02 00:00:00-05:00,CRM,27,-0.03278869981264532,True,False,29,0.9285714285714286,0.1439202723685038,0.20201204134199613,-0.0007925127575416635,0.05539799412702706,0.08238946481383524,0.10359028405442894,True,True,True
Market-Residual Momentum,2024-11-01 00:00:00-04:00,2024-12-02 00:00:00-05:00,NKE,28,-0.03625296995313254,True,False,29,0.9642857142857143,0.01645290322018189,0.03646975702604194,-0.05632704953252743,0.05539799412702706,0.08238946481383524,0.10359028405442894,False,False,False
Market-Residual Momentum,2024-11-01 00:00:00-04:00,2024-12-02 00:00:00-05:00,INTC,29,-0.05591095494788301,True,False,29,1.0,0.0800000066342561,0.14913044805112086,-0.04739131098208216,0.05539799412702706,0.08238946481383524,0.10359028405442894,True,False,False
Market-Residual Momentum,2024-12-02 00:00:00-05:00,2025-01-02 00:00:00-05:00,KO,1,-0.004628940207753285,True,True,29,0.0,-0.026541913960426156,0.0021857827162834464,-0.03934441929056165,-0.01923189734636621,-0.02844902741823785,-0.008688122537812037,False,True,False
Market-Residual Momentum,2024-12-02 00:00:00-05:00,2025-01-02 00:00:00-05:00,MSFT,2,-0.0050648343587835765,True,True,29,0.03571428571428571,0.0074968314352135135,0.0800172611807215,-0.004033546824290801,-0.01923189734636621,-0.02844902741823785,-0.008688122537812037,True,True,True
Market-Residual Momentum,2024-12-02 00:00:00-05:00,2025-01-02 00:00:00-05:00,JNJ,3,-0.005563028054647812,True,True,29,0.07142857142857142,-0.06151874955435788,0.001615508885298933,-0.07754456683724298,-0.01923189734636621,-0.02844902741823785,-0.008688122537812037,False,False,False
Market-Residual Momentum,2024-12-02 00:00:00-05:00,2025-01-02 00:00:00-05:00,PG,4,-0.006829744614626265,True,True,29,0.10714285714285714,-0.06157874610800462,0.005806211329123068,-0.07123711698431856,-0.01923189734636621,-0.02844902741823785,-0.008688122537812037,False,False,False
Market-Residual Momentum,2024-12-02 00:00:00-05:00,2025-01-02 00:00:00-05:00,WMT,5,-0.007301899287121882,True,True,29,0.14285714285714285,-0.02844902741823785,0.03619921684834915,-0.040002302341021756,-0.01923189734636621,-0.02844902741823785,-0.008688122537812037,False,False,False
Market-Residual Momentum,2024-12-02 00:00:00-05:00,2025-01-02 00:00:00-05:00,CSCO,6,-0.0073230456579385095,True,False,29,0.17857142857142858,0.0003375808151573345,0.016540007544678215,-0.03341778072974033,-0.01923189734636621,-0.02844902741823785,-0.008688122537812037,True,True,True
Market-Residual Momentum,2024-12-02 00:00:00-05:00,2025-01-02 00:00:00-05:00,HON,7,-0.007549758405181239,True,False,29,0.21428571428571427,-0.02624467747789483,0.021956337086337374,-0.043012160239465747,-0.01923189734636621,-0.02844902741823785,-0.008688122537812037,False,True,False
Market-Residual Momentum,2024-12-02 00:00:00-05:00,2025-01-02 00:00:00-05:00,V,8,-0.008342955093783466,True,False,29,0.25,0.0027772166014801147,0.014894402753215186,-0.03237599192530538,-0.01923189734636621,-0.02844902741823785,-0.008688122537812037,True,True,True
Market-Residual Momentum,2024-12-02 00:00:00-05:00,2025-01-02 00:00:00-05:00,IBM,9,-0.008844590099742033,True,False,29,0.2857142857142857,-0.024967081861818397,0.05208779432254529,-0.04329673522259492,-0.01923189734636621,-0.02844902741823785,-0.008688122537812037,False,True,False
Market-Residual Momentum,2024-12-02 00:00:00-05:00,2025-01-02 00:00:00-05:00,MCD,10,-0.009022165267074778,True,False,29,0.32142857142857145,-0.008688122537812037,0.035093751227913694,-0.016763156356838116,-0.01923189734636621,-0.02844902741823785,-0.008688122537812037,True,True,True
Market-Residual Momentum,2024-12-02 00:00:00-05:00,2025-01-02 00:00:00-05:00,HD,11,-0.009236641037715265,True,False,29,0.35714285714285715,-0.08594402699321957,0.01715620029987086,-0.107109583896973,-0.01923189734636621,-0.02844902741823785,-0.008688122537812037,False,False,False
Market-Residual Momentum,2024-12-02 00:00:00-05:00,2025-01-02 00:00:00-05:00,DOW,12,-0.009573923629927816,True,False,29,0.39285714285714285,-0.0892049587030802,0.006097571481639585,-0.12262872593191654,-0.01923189734636621,-0.02844902741823785,-0.008688122537812037,False,False,False
Market-Residual Momentum,2024-12-02 00:00:00-05:00,2025-01-02 00:00:00-05:00,AAPL,13,-0.009639204576470162,True,False,29,0.42857142857142855,0.0491422408529687,0.09621958359558924,-0.0004636094254260037,-0.01923189734636621,-0.02844902741823785,-0.008688122537812037,True,True,True
Market-Residual Momentum,2024-12-02 00:00:00-05:00,2025-01-02 00:00:00-05:00,CVX,14,-0.01071272268458312,True,False,29,0.4642857142857143,-0.11133562885582216,0.004066816744182855,-0.14145038409791078,-0.01923189734636621,-0.02844902741823785,-0.008688122537812037,False,False,False
Market-Residual Momentum,2024-12-02 00:00:00-05:00,2025-01-02 00:00:00-05:00,AXP,15,-0.011229675138047623,True,False,29,0.5,-0.02028000355163606,0.0020901168031657313,-0.06459619599883992,-0.01923189734636621,-0.02844902741823785,-0.008688122537812037,False,True,False
Market-Residual Momentum,2024-12-02 00:00:00-05:00,2025-01-02 00:00:00-05:00,VZ,16,-0.011607708200241151,True,False,29,0.5357142857142857,-0.09577597492092826,0.003388116603114222,-0.11000687684382149,-0.01923189734636621,-0.02844902741823785,-0.008688122537812037,False,False,False
Market-Residual Momentum,2024-12-02 00:00:00-05:00,2025-01-02 00:00:00-05:00,AMGN,17,-0.011773820675611946,True,False,29,0.5714285714285714,-0.07054742420133508,0.0010990785980220519,-0.10202784130669185,-0.01923189734636621,-0.02844902741823785,-0.008688122537812037,False,False,False
Market-Residual Momentum,2024-12-02 00:00:00-05:00,2025-01-02 00:00:00-05:00,DIS,18,-0.011851035157383616,True,False,29,0.6071428571428571,-0.04741929508320364,0.007216832084655289,-0.0633666909268561,-0.01923189734636621,-0.02844902741823785,-0.008688122537812037,False,False,False
Market-Residual Momentum,2024-12-02 00:00:00-05:00,2025-01-02 00:00:00-05:00,CAT,19,-0.012704799328494443,True,False,29,0.6428571428571429,-0.10295481325411904,0.00552213170127569,-0.12325134771018498,-0.01923189734636621,-0.02844902741823785,-0.008688122537812037,False,False,False
Market-Residual Momentum,2024-12-02 00:00:00-05:00,2025-01-02 00:00:00-05:00,MRK,20,-0.014111211510060784,True,False,29,0.6785714285714286,-0.006362742332136628,0.032831999638248455,-0.03073807158047137,-0.01923189734636621,-0.02844902741823785,-0.008688122537812037,True,True,True
Market-Residual Momentum,2024-12-02 00:00:00-05:00,2025-01-02 00:00:00-05:00,JPM,21,-0.01517104548999526,True,False,29,0.7142857142857143,-0.034582270739582754,0.0028050368250127633,-0.08022437075723077,-0.01923189734636621,-0.02844902741823785,-0.008688122537812037,False,False,False
Market-Residual Momentum,2024-12-02 00:00:00-05:00,2025-01-02 00:00:00-05:00,GS,22,-0.015228283212297966,True,False,29,0.75,-0.047187398119651225,0.006430876882452585,-0.10445721661590834,-0.01923189734636621,-0.02844902741823785,-0.008688122537812037,False,False,False
Market-Residual Momentum,2024-12-02 00:00:00-05:00,2025-01-02 00:00:00-05:00,TRV,23,-0.015985048872384056,True,False,29,0.7857142857142857,-0.0896903607089814,0.00011226668259500805,-0.1199801932282164,-0.01923189734636621,-0.02844902741823785,-0.008688122537812037,False,False,False
Market-Residual Momentum,2024-12-02 00:00:00-05:00,2025-01-02 00:00:00-05:00,UNH,24,-0.017457886122406396,True,False,29,0.8214285714285714,-0.16946507722947957,0.014381163224610027,-0.22207647561076094,-0.01923189734636621,-0.02844902741823785,-0.008688122537812037,False,False,False
Market-Residual Momentum,2024-12-02 00:00:00-05:00,2025-01-02 00:00:00-05:00,BA,25,-0.023654436255035494,True,False,29,0.8571428571428571,0.14367258912410774,0.1709961069585204,-0.0162915046197204,-0.01923189734636621,-0.02844902741823785,-0.008688122537812037,True,True,True
Market-Residual Momentum,2024-12-02 00:00:00-05:00,2025-01-02 00:00:00-05:00,MMM,26,-0.028679914808484086,True,False,29,0.8928571428571429,-0.02426413124972826,0.015352345432428693,-0.0611098940424446,-0.01923189734636621,-0.02844902741823785,-0.008688122537812037,False,True,False
Market-Residual Momentum,2024-12-02 00:00:00-05:00,2025-01-02 00:00:00-05:00,CRM,27,-0.03533759225918309,True,False,29,0.9285714285714286,0.01413787367515007,0.111445869847282,-0.025150531184961133,-0.01923189734636621,-0.02844902741823785,-0.008688122537812037,True,True,True
Market-Residual Momentum,2024-12-02 00:00:00-05:00,2025-01-02 00:00:00-05:00,NKE,28,-0.037935436310526316,True,False,29,0.9642857142857143,-0.02143225769739132,0.041837789867539055,-0.04324941847252339,-0.01923189734636621,-0.02844902741823785,-0.008688122537812037,False,True,False
Market-Residual Momentum,2024-12-02 00:00:00-05:00,2025-01-02 00:00:00-05:00,INTC,29,-0.053023700331241375,True,False,29,1.0,-0.18558778510600293,0.02576487060052446,-0.2391304548135751,-0.01923189734636621,-0.02844902741823785,-0.008688122537812037,False,False,False
Market-Residual Momentum,2025-01-02 00:00:00-05:00,2025-02-03 00:00:00-05:00,KO,1,-0.004855560394233405,True,True,29,0.0,0.013311989867220264,0.031114701012884716,-0.02774656236559958,0.00556490245392216,0.0016100291591740756,0.0669292000111894,True,True,False
Market-Residual Momentum,2025-01-02 00:00:00-05:00,2025-02-03 00:00:00-05:00,MSFT,2,-0.005224035688185635,True,True,29,0.03571428571428571,-0.032735615345496294,0.053697633323972704,-0.03298671747119919,0.00556490245392216,0.0016100291591740756,0.0669292000111894,False,False,False
Market-Residual Momentum,2025-01-02 00:00:00-05:00,2025-02-03 00:00:00-05:00,JNJ,3,-0.005793043030897005,True,True,29,0.07142857142857142,0.046615869006154664,0.06135105628680715,-0.031329658524845594,0.00556490245392216,0.0016100291591740756,0.0669292000111894,True,True,False
Market-Residual Momentum,2025-01-02 00:00:00-05:00,2025-02-03 00:00:00-05:00,CSCO,4,-0.006430880701904007,True,True,29,0.10714285714285714,0.022442216627922118,0.05862436046313224,-0.011871320820869613,0.00556490245392216,0.0016100291591740756,0.0669292000111894,True,True,False
Market-Residual Momentum,2025-01-02 00:00:00-05:00,2025-02-03 00:00:00-05:00,AAPL,5,-0.006809362401263508,True,True,29,0.14285714285714285,-0.07608560980484891,0.0006829768719587292,-0.11870807115287696,0.00556490245392216,0.0016100291591740756,0.0669292000111894,False,False,False
Market-Residual Momentum,2025-01-02 00:00:00-05:00,2025-02-03 00:00:00-05:00,PG,6,-0.007140049348662747,True,False,29,0.17857142857142858,-0.009584277294568566,0.01717084420542303,-0.0631804310987023,0.00556490245392216,0.0016100291591740756,0.0669292000111894,False,False,False
Market-Residual Momentum,2025-01-02 00:00:00-05:00,2025-02-03 00:00:00-05:00,WMT,7,-0.007731030613143508,True,False,29,0.21428571428571427,0.07546119713082122,0.1002444795518691,-0.005112321590414193,0.00556490245392216,0.0016100291591740756,0.0669292000111894,True,True,True
Market-Residual Momentum,2025-01-02 00:00:00-05:00,2025-02-03 00:00:00-05:00,HON,8,-0.008082167352912006,True,False,29,0.25,-0.020126026829572763,0.008367530190646066,-0.05491699452015886,0.00556490245392216,0.0016100291591740756,0.0669292000111894,False,False,False
Market-Residual Momentum,2025-01-02 00:00:00-05:00,2025-02-03 00:00:00-05:00,MCD,9,-0.008126810724591982,True,False,29,0.2857142857142857,-0.013507623337327246,0.016532041095674854,-0.049561883431033404,0.00556490245392216,0.0016100291591740756,0.0669292000111894,False,False,False
Market-Residual Momentum,2025-01-02 00:00:00-05:00,2025-02-03 00:00:00-05:00,V,10,-0.0081581583726541,True,False,29,0.32142857142857145,0.0699225059576698,0.1053242789628579,-0.04386705315534645,0.00556490245392216,0.0016100291591740756,0.0669292000111894,True,True,True
Market-Residual Momentum,2025-01-02 00:00:00-05:00,2025-02-03 00:00:00-05:00,HD,11,-0.008689408755942374,True,False,29,0.35714285714285715,0.0356769605423215,0.08685893811832912,-0.030678576492177534,0.00556490245392216,0.0016100291591740756,0.0669292000111894,True,True,False
Market-Residual Momentum,2025-01-02 00:00:00-05:00,2025-02-03 00:00:00-05:00,IBM,12,-0.00953884327753629,True,False,29,0.39285714285714285,0.137859618461889,0.18023621217197827,-0.03250372573097282,0.00556490245392216,0.0016100291591740756,0.0669292000111894,True,True,True
Market-Residual Momentum,2025-01-02 00:00:00-05:00,2025-02-03 00:00:00-05:00,DOW,13,-0.010340162112441265,True,False,29,0.42857142857142855,-0.05281421176681744,0.04572270068764728,-0.07041902500444608,0.00556490245392216,0.0016100291591740756,0.0669292000111894,False,False,False
Market-Residual Momentum,2025-01-02 00:00:00-05:00,2025-02-03 00:00:00-05:00,AXP,14,-0.010853240235627948,True,False,29,0.4642857142857143,0.04307997134207131,0.09012350524094503,-0.027184888521885053,0.00556490245392216,0.0016100291591740756,0.0669292000111894,True,True,False
Market-Residual Momentum,2025-01-02 00:00:00-05:00,2025-02-03 00:00:00-05:00,CVX,15,-0.011334847545909965,True,False,29,0.5,0.0241958965136142,0.11197439846667878,0.0,0.00556490245392216,0.0016100291591740756,0.0669292000111894,True,True,False
Market-Residual Momentum,2025-01-02 00:00:00-05:00,2025-02-03 00:00:00-05:00,DIS,16,-0.011448740693288162,True,False,29,0.5357142857142857,-0.0031333146226004693,0.031154899419350013,-0.049597072491826766,0.00556490245392216,0.0016100291591740756,0.0669292000111894,False,False,False
Market-Residual Momentum,2025-01-02 00:00:00-05:00,2025-02-03 00:00:00-05:00,VZ,17,-0.011688351717483614,True,False,29,0.5714285714285714,-0.0005853679993655936,0.03933030322362008,-0.04431446819333973,0.00556490245392216,0.0016100291591740756,0.0669292000111894,False,False,False
Market-Residual Momentum,2025-01-02 00:00:00-05:00,2025-02-03 00:00:00-05:00,AMGN,18,-0.01252923590898336,True,False,29,0.6071428571428571,0.09432430727289587,0.09432430727289587,-0.019566720966707307,0.00556490245392216,0.0016100291591740756,0.0669292000111894,True,True,True
Market-Residual Momentum,2025-01-02 00:00:00-05:00,2025-02-03 00:00:00-05:00,CAT,19,-0.012579919182489907,True,False,29,0.6428571428571429,-9.577741519639638e-05,0.12470669175652183,-0.042981068049566695,0.00556490245392216,0.0016100291591740756,0.0669292000111894,False,False,False
Market-Residual Momentum,2025-01-02 00:00:00-05:00,2025-02-03 00:00:00-05:00,JPM,20,-0.014130122231357012,True,False,29,0.6785714285714286,0.09240512410805257,0.12991347685914367,-0.006101615606323718,0.00556490245392216,0.0016100291591740756,0.0669292000111894,True,True,True
Market-Residual Momentum,2025-01-02 00:00:00-05:00,2025-02-03 00:00:00-05:00,GS,21,-0.014511436773078645,True,False,29,0.7142857142857143,0.0805959478070537,0.12202455029295223,-0.038925541315591006,0.00556490245392216,0.0016100291591740756,0.0669292000111894,True,True,True
Market-Residual Momentum,2025-01-02 00:00:00-05:00,2025-02-03 00:00:00-05:00,MRK,22,-0.014691492929693739,True,False,29,0.75,-0.02143995792207376,0.026824929821198884,-0.051156736173673334,0.00556490245392216,0.0016100291591740756,0.0669292000111894,False,False,False
Market-Residual Momentum,2025-01-02 00:00:00-05:00,2025-02-03 00:00:00-05:00,TRV,23,-0.015855974454166977,True,False,29,0.7857142857142857,0.0016100291591740756,0.050323973463904714,-0.04953976723669162,0.00556490245392216,0.0016100291591740756,0.0669292000111894,False,False,False
Market-Residual Momentum,2025-01-02 00:00:00-05:00,2025-02-03 00:00:00-05:00,CRM,24,-0.015995041136565358,True,False,29,0.8214285714285714,-0.0010109935401213521,0.09152256222378341,-0.06693227589932704,0.00556490245392216,0.0016100291591740756,0.0669292000111894,False,False,False
Market-Residual Momentum,2025-01-02 00:00:00-05:00,2025-02-03 00:00:00-05:00,UNH,25,-0.023389260615462093,True,False,29,0.8571428571428571,0.0669292000111894,0.08643692638002354,-0.010236237711088614,0.00556490245392216,0.0016100291591740756,0.0669292000111894,True,True,True
Market-Residual Momentum,2025-01-02 00:00:00-05:00,2025-02-03 00:00:00-05:00,BA,26,-0.02515202277405104,True,False,29,0.8928571428571429,-0.02355446697183672,0.057035490483944296,-0.07677641539368896,0.00556490245392216,0.0016100291591740756,0.0669292000111894,False,False,False
Market-Residual Momentum,2025-01-02 00:00:00-05:00,2025-02-03 00:00:00-05:00,MMM,27,-0.028549990054860808,True,False,29,0.9285714285714286,0.14498398232654752,0.18965365964719072,-0.010054475601336765,0.00556490245392216,0.0016100291591740756,0.0669292000111894,True,True,True
Market-Residual Momentum,2025-01-02 00:00:00-05:00,2025-02-03 00:00:00-05:00,NKE,28,-0.03793741532659456,True,False,29,0.9642857142857143,-0.01770482291914821,0.034229505359014034,-0.07777034638545988,0.00556490245392216,0.0016100291591740756,0.0669292000111894,False,False,False
Market-Residual Momentum,2025-01-02 00:00:00-05:00,2025-02-03 00:00:00-05:00,INTC,29,-0.05841634042497945,True,False,29,1.0,-0.062283749747556794,0.10776076888308195,-0.07414730765901845,0.00556490245392216,0.0016100291591740756,0.0669292000111894,False,False,False
Market-Residual Momentum,2025-02-03 00:00:00-05:00,2025-03-03 00:00:00-05:00,CSCO,1,-0.004784377786095639,True,True,29,0.0,0.06977897249912335,0.10483475182519464,-0.01063298561639181,0.0059223891656297045,0.031084686640632242,0.07336264741243448,True,True,False
Market-Residual Momentum,2025-02-03 00:00:00-05:00,2025-03-03 00:00:00-05:00,KO,2,-0.004904889291134529,True,True,29,0.03571428571428571,0.11174427869201775,0.135960714570301,-0.013137039809906104,0.0059223891656297045,0.031084686640632242,0.07336264741243448,True,True,True
Market-Residual Momentum,2025-02-03 00:00:00-05:00,2025-03-03 00:00:00-05:00,MSFT,3,-0.005145492051596645,True,True,29,0.07142857142857142,-0.0291067183091942,0.02077440055029256,-0.05892839155402951,0.0059223891656297045,0.031084686640632242,0.07336264741243448,False,False,False
Market-Residual Momentum,2025-02-03 00:00:00-05:00,2025-03-03 00:00:00-05:00,JNJ,4,-0.0056953809021327295,True,True,29,0.10714285714285714,0.09395040064115467,0.10369868501652912,-0.00802632382041546,0.0059223891656297045,0.031084686640632242,0.07336264741243448,True,True,True
Market-Residual Momentum,2025-02-03 00:00:00-05:00,2025-03-03 00:00:00-05:00,V,5,-0.006820495192982778,True,True,29,0.14285714285714285,0.06944345894756632,0.07238968321333905,-0.0022353228400735503,0.0059223891656297045,0.031084686640632242,0.07336264741243448,True,True,False
Market-Residual Momentum,2025-02-03 00:00:00-05:00,2025-03-03 00:00:00-05:00,MCD,6,-0.007052875397403069,True,False,29,0.17857142857142858,0.07967718893235465,0.09591660409197345,-0.009859893668001107,0.0059223891656297045,0.031084686640632242,0.07336264741243448,True,True,True
Market-Residual Momentum,2025-02-03 00:00:00-05:00,2025-03-03 00:00:00-05:00,AAPL,7,-0.007503047742695501,True,False,29,0.21428571428571427,0.05246243948609419,0.08819896953925532,-0.018653021620321564,0.0059223891656297045,0.031084686640632242,0.07336264741243448,True,True,False
Market-Residual Momentum,2025-02-03 00:00:00-05:00,2025-03-03 00:00:00-05:00,PG,8,-0.007579172474649121,True,False,29,0.25,0.04901205221106664,0.05547839036665092,-0.01976187587488687,0.0059223891656297045,0.031084686640632242,0.07336264741243448,True,True,False
Market-Residual Momentum,2025-02-03 00:00:00-05:00,2025-03-03 00:00:00-05:00,HD,9,-0.007676918689082823,True,False,29,0.2857142857142857,-0.022579579230181834,0.02925236289430755,-0.06874821396085196,0.0059223891656297045,0.031084686640632242,0.07336264741243448,False,False,False
Market-Residual Momentum,2025-02-03 00:00:00-05:00,2025-03-03 00:00:00-05:00,WMT,10,-0.007794916920636719,True,False,29,0.32142857142857145,0.012503939599813219,0.0881472520108233,-0.04805204366091609,0.0059223891656297045,0.031084686640632242,0.07336264741243448,True,False,False
Market-Residual Momentum,2025-02-03 00:00:00-05:00,2025-03-03 00:00:00-05:00,HON,11,-0.008384614114486766,True,False,29,0.35714285714285715,-0.03431990612300395,0.014382063870923334,-0.0942021733372087,0.0059223891656297045,0.031084686640632242,0.07336264741243448,False,False,False
Market-Residual Momentum,2025-02-03 00:00:00-05:00,2025-03-03 00:00:00-05:00,IBM,12,-0.009026072240680194,True,False,29,0.39285714285714285,0.015994886788178286,0.05727444891228228,-0.01670964550831966,0.0059223891656297045,0.031084686640632242,0.07336264741243448,True,False,False
Market-Residual Momentum,2025-02-03 00:00:00-05:00,2025-03-03 00:00:00-05:00,VZ,13,-0.009423290364392711,True,False,29,0.42857142857142855,0.0928517210207751,0.11854494612230759,-0.004070207118354818,0.0059223891656297045,0.031084686640632242,0.07336264741243448,True,True,True
Market-Residual Momentum,2025-02-03 00:00:00-05:00,2025-03-03 00:00:00-05:00,AXP,14,-0.010303983513408,True,False,29,0.4642857142857143,-0.03446619515975624,0.0354271660974641,-0.0725839106374252,0.0059223891656297045,0.031084686640632242,0.07336264741243448,False,False,False
Market-Residual Momentum,2025-02-03 00:00:00-05:00,2025-03-03 00:00:00-05:00,DOW,15,-0.010415420762499572,True,False,29,0.5,0.031084686640632242,0.04947636107088571,-0.04031415928717497,0.0059223891656297045,0.031084686640632242,0.07336264741243448,True,False,False
Market-Residual Momentum,2025-02-03 00:00:00-05:00,2025-03-03 00:00:00-05:00,DIS,16,-0.010568661817754843,True,False,29,0.5357142857142857,0.024427382014112986,0.0650200851594942,-0.03286936382251471,0.0059223891656297045,0.031084686640632242,0.07336264741243448,True,False,False
Market-Residual Momentum,2025-02-03 00:00:00-05:00,2025-03-03 00:00:00-05:00,CVX,17,-0.011220079513279524,True,False,29,0.5714285714285714,0.08207170842761147,0.08350640574059809,-0.008053670793571777,0.0059223891656297045,0.031084686640632242,0.07336264741243448,True,True,True
Market-Residual Momentum,2025-02-03 00:00:00-05:00,2025-03-03 00:00:00-05:00,CAT,18,-0.012279251201325336,True,False,29,0.6071428571428571,-0.04533973790433554,0.015158832831291269,-0.07664640312389104,0.0059223891656297045,0.031084686640632242,0.07336264741243448,False,False,False
Market-Residual Momentum,2025-02-03 00:00:00-05:00,2025-03-03 00:00:00-05:00,AMGN,19,-0.012400089911114853,True,False,29,0.6428571428571429,0.07986140954487864,0.11837003624838305,-0.012233835421642136,0.0059223891656297045,0.031084686640632242,0.07336264741243448,True,True,True
Market-Residual Momentum,2025-02-03 00:00:00-05:00,2025-03-03 00:00:00-05:00,JPM,20,-0.012802549556803267,True,False,29,0.6785714285714286,0.008287892131081387,0.07035123606061022,-0.03238731232511949,0.0059223891656297045,0.031084686640632242,0.07336264741243448,True,False,False
Market-Residual Momentum,2025-02-03 00:00:00-05:00,2025-03-03 00:00:00-05:00,MRK,21,-0.013384482772924144,True,False,29,0.7142857142857143,-0.06471008112678422,0.020584982462032997,-0.17415667540640123,0.0059223891656297045,0.031084686640632242,0.07336264741243448,False,False,False
Market-Residual Momentum,2025-02-03 00:00:00-05:00,2025-03-03 00:00:00-05:00,TRV,22,-0.01351347948163939,True,False,29,0.75,0.06648256847713019,0.06664755389172772,-0.023328697793267295,0.0059223891656297045,0.031084686640632242,0.07336264741243448,True,True,False
Market-Residual Momentum,2025-02-03 00:00:00-05:00,2025-03-03 00:00:00-05:00,GS,23,-0.013523441352790155,True,False,29,0.7857142857142857,-0.0008208248936860674,0.07378575620349448,-0.03194884231701933,0.0059223891656297045,0.031084686640632242,0.07336264741243448,False,False,False
Market-Residual Momentum,2025-02-03 00:00:00-05:00,2025-03-03 00:00:00-05:00,CRM,24,-0.015194607362185697,True,False,29,0.8214285714285714,-0.1040866768684402,0.035925863734402874,-0.13042837707955957,0.0059223891656297045,0.031084686640632242,0.07336264741243448,False,False,False
Market-Residual Momentum,2025-02-03 00:00:00-05:00,2025-03-03 00:00:00-05:00,NKE,25,-0.015659184167760576,True,False,29,0.8571428571428571,0.07336264741243448,0.10066749182534718,-0.08384513318298081,0.0059223891656297045,0.031084686640632242,0.07336264741243448,True,True,True
Market-Residual Momentum,2025-02-03 00:00:00-05:00,2025-03-03 00:00:00-05:00,UNH,26,-0.021575431686639335,True,False,29,0.8928571428571429,-0.12477860714939149,0.021974120192862046,-0.19095947044025086,0.0059223891656297045,0.031084686640632242,0.07336264741243448,False,False,False
Market-Residual Momentum,2025-02-03 00:00:00-05:00,2025-03-03 00:00:00-05:00,BA,27,-0.0241500033768679,True,False,29,0.9285714285714286,0.016713592854564308,0.0835678766340362,-0.013095162663283144,0.0059223891656297045,0.031084686640632242,0.07336264741243448,True,False,False
Market-Residual Momentum,2025-02-03 00:00:00-05:00,2025-03-03 00:00:00-05:00,MMM,28,-0.028956911538025265,True,False,29,0.9642857142857143,0.04750678564615729,0.0475068705810322,-0.045051138341308694,0.0059223891656297045,0.031084686640632242,0.07336264741243448,True,True,False
Market-Residual Momentum,2025-02-03 00:00:00-05:00,2025-03-03 00:00:00-05:00,INTC,29,-0.05876594033212468,True,False,29,1.0,0.31787036926250756,0.4522931067090714,-0.010015742413613582,0.0059223891656297045,0.031084686640632242,0.07336264741243448,True,True,True
Market-Residual Momentum,2025-03-03 00:00:00-05:00,2025-04-01 00:00:00-04:00,CSCO,1,-0.004142275362904568,True,True,29,0.0,-0.04674640960838261,0.007609844205842542,-0.08013656512171186,-0.0621507302691362,-0.04674640960838261,-0.0122121821089205,True,False,False
Market-Residual Momentum,2025-03-03 00:00:00-05:00,2025-04-01 00:00:00-04:00,JNJ,2,-0.005990294687150732,True,True,29,0.03571428571428571,-0.025642731657509743,0.030492198005244164,-0.0266732759476469,-0.0621507302691362,-0.04674640960838261,-0.0122121821089205,True,True,False
Market-Residual Momentum,2025-03-03 00:00:00-05:00,2025-04-01 00:00:00-04:00,MCD,3,-0.006524918274078084,True,True,29,0.07142857142857142,0.016130627647664042,0.05910216460473938,-0.04024522056661939,-0.0621507302691362,-0.04674640960838261,-0.0122121821089205,True,True,True
Market-Residual Momentum,2025-03-03 00:00:00-05:00,2025-04-01 00:00:00-04:00,KO,4,-0.0067600469737473246,True,True,29,0.10714285714285714,0.028031847919401276,0.042426012725848894,-0.022164912994992014,-0.0621507302691362,-0.04674640960838261,-0.0122121821089205,True,True,True
Market-Residual Momentum,2025-03-03 00:00:00-05:00,2025-04-01 00:00:00-04:00,V,5,-0.00683598129172136,True,True,29,0.14285714285714285,-0.034600600221798894,0.009752089655432172,-0.10088153677539524,-0.0621507302691362,-0.04674640960838261,-0.0122121821089205,True,True,False
Market-Residual Momentum,2025-03-03 00:00:00-05:00,2025-04-01 00:00:00-04:00,MSFT,6,-0.007031498820328275,True,False,29,0.17857142857142858,-0.060603910340834344,0.008349496648207388,-0.07745021040155642,-0.0621507302691362,-0.04674640960838261,-0.0122121821089205,True,False,False
Market-Residual Momentum,2025-03-03 00:00:00-05:00,2025-04-01 00:00:00-04:00,PG,7,-0.007435541009707336,True,False,29,0.21428571428571427,-0.01734078348086321,0.03692828394723535,-0.06556060378444717,-0.0621507302691362,-0.04674640960838261,-0.0122121821089205,True,True,False
Market-Residual Momentum,2025-03-03 00:00:00-05:00,2025-04-01 00:00:00-04:00,HD,8,-0.00839416571461038,True,False,29,0.25,-0.07683364269207138,0.000302292766084733,-0.12469805194313388,-0.0621507302691362,-0.04674640960838261,-0.0122121821089205,False,False,False
Market-Residual Momentum,2025-03-03 00:00:00-05:00,2025-04-01 00:00:00-04:00,MMM,9,-0.008409717674991435,True,False,29,0.2857142857142857,-0.0630223735470129,0.005466277193026503,-0.094662450580967,-0.0621507302691362,-0.04674640960838261,-0.0122121821089205,False,False,False
Market-Residual Momentum,2025-03-03 00:00:00-05:00,2025-04-01 00:00:00-04:00,WMT,10,-0.008951283809139676,True,False,29,0.32142857142857145,-0.10409891426498263,0.015411251838144402,-0.14400909109807747,-0.0621507302691362,-0.04674640960838261,-0.0122121821089205,False,False,False
Market-Residual Momentum,2025-03-03 00:00:00-05:00,2025-04-01 00:00:00-04:00,DIS,11,-0.009200668000850176,True,False,29,0.35714285714285715,-0.13807307619274944,0.012974518812072455,-0.16104146310788459,-0.0621507302691362,-0.04674640960838261,-0.0122121821089205,False,False,False
Market-Residual Momentum,2025-03-03 00:00:00-05:00,2025-04-01 00:00:00-04:00,AAPL,12,-0.009284522095702186,True,False,29,0.39285714285714285,-0.0909053417325204,0.009264260537503954,-0.13801230756200955,-0.0621507302691362,-0.04674640960838261,-0.0122121821089205,False,False,False
Market-Residual Momentum,2025-03-03 00:00:00-05:00,2025-04-01 00:00:00-04:00,AXP,13,-0.009384439032069869,True,False,29,0.42857142857142855,-0.11840233532982125,0.006734561352958579,-0.15894238037430974,-0.0621507302691362,-0.04674640960838261,-0.0122121821089205,False,False,False
Market-Residual Momentum,2025-03-03 00:00:00-05:00,2025-04-01 00:00:00-04:00,VZ,14,-0.00964563793708817,True,False,29,0.4642857142857143,0.0588918709035835,0.10242087736477146,-0.04166676902499633,-0.0621507302691362,-0.04674640960838261,-0.0122121821089205,True,True,True
Market-Residual Momentum,2025-03-03 00:00:00-05:00,2025-04-01 00:00:00-04:00,HON,15,-0.010142114513906342,True,False,29,0.5,-0.0122121821089205,0.02222526386428436,-0.04206436525065049,-0.0621507302691362,-0.04674640960838261,-0.0122121821089205,True,True,True
Market-Residual Momentum,2025-03-03 00:00:00-05:00,2025-04-01 00:00:00-04:00,CVX,16,-0.01092065277550014,True,False,29,0.5357142857142857,0.049103088896431446,0.05957615294658991,-0.07349799217441788,-0.0621507302691362,-0.04674640960838261,-0.0122121821089205,True,True,True
Market-Residual Momentum,2025-03-03 00:00:00-05:00,2025-04-01 00:00:00-04:00,GS,17,-0.012534766126009456,True,False,29,0.5714285714285714,-0.12716883428691794,0.010250650116568893,-0.16442790693807696,-0.0621507302691362,-0.04674640960838261,-0.0122121821089205,False,False,False
Market-Residual Momentum,2025-03-03 00:00:00-05:00,2025-04-01 00:00:00-04:00,JPM,18,-0.01304715814099977,True,False,29,0.6071428571428571,-0.08098481636017896,0.008787906531131595,-0.1506439608560156,-0.0621507302691362,-0.04674640960838261,-0.0122121821089205,False,False,False
Market-Residual Momentum,2025-03-03 00:00:00-05:00,2025-04-01 00:00:00-04:00,CAT,19,-0.013266624206596744,True,False,29,0.6428571428571429,-0.05931591510357992,0.013750163569484108,-0.083278204887833,-0.0621507302691362,-0.04674640960838261,-0.0122121821089205,True,False,False
Market-Residual Momentum,2025-03-03 00:00:00-05:00,2025-04-01 00:00:00-04:00,MRK,20,-0.013520768846086328,True,False,29,0.6785714285714286,-0.013670013829252925,0.06090652480780756,-0.04301269923748641,-0.0621507302691362,-0.04674640960838261,-0.0122121821089205,True,True,False
Market-Residual Momentum,2025-03-03 00:00:00-05:00,2025-04-01 00:00:00-04:00,TRV,21,-0.013523492503180523,True,False,29,0.7142857142857143,0.028344460010291783,0.03509663956042619,-0.037275446877112484,-0.0621507302691362,-0.04674640960838261,-0.0122121821089205,True,True,True
Market-Residual Momentum,2025-03-03 00:00:00-05:00,2025-04-01 00:00:00-04:00,DOW,22,-0.014345143897716572,True,False,29,0.75,-0.10835269347180887,0.0005172086555651489,-0.12257557670457997,-0.0621507302691362,-0.04674640960838261,-0.0122121821089205,False,False,False
Market-Residual Momentum,2025-03-03 00:00:00-05:00,2025-04-01 00:00:00-04:00,AMGN,23,-0.014604342529409009,True,False,29,0.7857142857142857,0.010542084027892917,0.092861469484123,-0.012461796181721274,-0.0621507302691362,-0.04674640960838261,-0.0122121821089205,True,True,True
Market-Residual Momentum,2025-03-03 00:00:00-05:00,2025-04-01 00:00:00-04:00,IBM,24,-0.01627359437259468,True,False,29,0.8214285714285714,-0.02634052648756069,0.0459683992182669,-0.0687760489834528,-0.0621507302691362,-0.04674640960838261,-0.0122121821089205,True,True,False
Market-Residual Momentum,2025-03-03 00:00:00-05:00,2025-04-01 00:00:00-04:00,CRM,25,-0.018232056539222996,True,False,29,0.8571428571428571,-0.10677757984139002,0.0068771007449128785,-0.13890360016938263,-0.0621507302691362,-0.04674640960838261,-0.0122121821089205,False,False,False
Market-Residual Momentum,2025-03-03 00:00:00-05:00,2025-04-01 00:00:00-04:00,NKE,26,-0.018821595283931014,True,False,29,0.8928571428571429,-0.2020252676177362,0.012126531399027307,-0.21677715263432262,-0.0621507302691362,-0.04674640960838261,-0.0122121821089205,False,False,False
Market-Residual Momentum,2025-03-03 00:00:00-05:00,2025-04-01 00:00:00-04:00,BA,27,-0.02158350344633586,True,False,29,0.9285714285714286,-0.03965655916297506,0.04169014487574252,-0.17834146741759005,-0.0621507302691362,-0.04674640960838261,-0.0122121821089205,True,True,False
Market-Residual Momentum,2025-03-03 00:00:00-05:00,2025-04-01 00:00:00-04:00,UNH,28,-0.02427097364607278,True,False,29,0.9642857142857143,0.113027350546131,0.11806613004809408,-0.019309829366097375,-0.0621507302691362,-0.04674640960838261,-0.0122121821089205,True,True,True
Market-Residual Momentum,2025-03-03 00:00:00-05:00,2025-04-01 00:00:00-04:00,INTC,29,-0.052053916491392904,True,False,29,1.0,-0.09760002136230472,0.05639999389648431,-0.22839996337890622,-0.0621507302691362,-0.04674640960838261,-0.0122121821089205,False,False,False
Market-Residual Momentum,2025-04-01 00:00:00-04:00,2025-05-01 00:00:00-04:00,CSCO,1,-0.0041994088906811555,True,True,29,0.0,-0.052366143734959625,0.010752685498973458,-0.1453581723430919,0.005238186997322369,-0.0265694460325675,0.004464210963665227,False,False,False
Market-Residual Momentum,2025-04-01 00:00:00-04:00,2025-05-01 00:00:00-04:00,JNJ,2,-0.006137595424937303,True,True,29,0.03571428571428571,-0.035649852903129275,0.006719354568299973,-0.11964157417246113,0.005238186997322369,-0.0265694460325675,0.004464210963665227,False,False,False
Market-Residual Momentum,2025-04-01 00:00:00-04:00,2025-05-01 00:00:00-04:00,V,3,-0.0070616806538364996,True,True,29,0.07142857142857142,-0.013868189202723702,2.856342185619809e-05,-0.14678685270305314,0.005238186997322369,-0.0265694460325675,0.004464210963665227,False,True,False
Market-Residual Momentum,2025-04-01 00:00:00-04:00,2025-05-01 00:00:00-04:00,KO,4,-0.007326559661169796,True,True,29,0.10714285714285714,0.004464210963665227,0.03766733261188504,-0.07854337553548585,0.005238186997322369,-0.0265694460325675,0.004464210963665227,False,True,True
Market-Residual Momentum,2025-04-01 00:00:00-04:00,2025-05-01 00:00:00-04:00,MSFT,5,-0.007431862460316574,True,True,29,0.14285714285714285,0.15070069252944007,0.15070069252944007,-0.07970089128327307,0.005238186997322369,-0.0265694460325675,0.004464210963665227,True,True,True
Market-Residual Momentum,2025-04-01 00:00:00-04:00,2025-05-01 00:00:00-04:00,PG,6,-0.007659838081259918,True,False,29,0.17857142857142858,-0.05222804147323501,0.024799287280910187,-0.08137425897243822,0.005238186997322369,-0.0265694460325675,0.004464210963665227,False,False,False
Market-Residual Momentum,2025-04-01 00:00:00-04:00,2025-05-01 00:00:00-04:00,MCD,7,-0.00843060891922176,True,False,29,0.21428571428571427,0.00022356591725958275,0.027788484838739524,-0.07212205159167728,0.005238186997322369,-0.0265694460325675,0.004464210963665227,False,True,False
Market-Residual Momentum,2025-04-01 00:00:00-04:00,2025-05-01 00:00:00-04:00,AXP,8,-0.008534537559174105,True,False,29,0.25,0.01185261712126473,0.04357650150137782,-0.1677511756723492,0.005238186997322369,-0.0265694460325675,0.004464210963665227,True,True,True
Market-Residual Momentum,2025-04-01 00:00:00-04:00,2025-05-01 00:00:00-04:00,HD,9,-0.009804103214528737,True,False,29,0.2857142857142857,-0.010518035030070205,0.022436373049187663,-0.10388864725968905,0.005238186997322369,-0.0265694460325675,0.004464210963665227,False,True,False
Market-Residual Momentum,2025-04-01 00:00:00-04:00,2025-05-01 00:00:00-04:00,AAPL,10,-0.00992019894692353,True,False,29,0.32142857142857145,-0.04881481723375769,0.02447573723125429,-0.2301987897260046,0.005238186997322369,-0.0265694460325675,0.004464210963665227,False,False,False
Market-Residual Momentum,2025-04-01 00:00:00-04:00,2025-05-01 00:00:00-04:00,MMM,11,-0.010324187892794101,True,False,29,0.35714285714285715,-0.050926708540343535,0.020521657898361134,-0.1628003170900748,0.005238186997322369,-0.0265694460325675,0.004464210963665227,False,False,False
Market-Residual Momentum,2025-04-01 00:00:00-04:00,2025-05-01 00:00:00-04:00,HON,12,-0.010632345751966144,True,False,29,0.39285714285714285,-0.0033631293129188222,0.02510540067814282,-0.15039544872705013,0.005238186997322369,-0.0265694460325675,0.004464210963665227,False,True,False
Market-Residual Momentum,2025-04-01 00:00:00-04:00,2025-05-01 00:00:00-04:00,DIS,13,-0.01134111787860037,True,False,29,0.42857142857142855,-0.0717047365433282,0.0027461009347482523,-0.1853132867641386,0.005238186997322369,-0.0265694460325675,0.004464210963665227,False,False,False
Market-Residual Momentum,2025-04-01 00:00:00-04:00,2025-05-01 00:00:00-04:00,WMT,14,-0.011495087214601574,True,False,29,0.4642857142857143,0.10829326747227408,0.11697512076065952,-0.08830248742402969,0.005238186997322369,-0.0265694460325675,0.004464210963665227,True,True,True
Market-Residual Momentum,2025-04-01 00:00:00-04:00,2025-05-01 00:00:00-04:00,GS,15,-0.011698812025561667,True,False,29,0.5,0.008927472386488278,0.04430712608571774,-0.1912012091134332,0.005238186997322369,-0.0265694460325675,0.004464210963665227,True,True,True
Market-Residual Momentum,2025-04-01 00:00:00-04:00,2025-05-01 00:00:00-04:00,CVX,16,-0.011742072627433653,True,False,29,0.5357142857142857,-0.1905073998879071,0.007830790064903281,-0.21071189397542767,0.005238186997322369,-0.0265694460325675,0.004464210963665227,False,False,False
Market-Residual Momentum,2025-04-01 00:00:00-04:00,2025-05-01 00:00:00-04:00,VZ,17,-0.011947288354750007,True,False,29,0.5714285714285714,-0.022355845364468885,0.015388023072092194,-0.10134088013678266,0.005238186997322369,-0.0265694460325675,0.004464210963665227,False,True,False
Market-Residual Momentum,2025-04-01 00:00:00-04:00,2025-05-01 00:00:00-04:00,JPM,18,-0.012019451596114838,True,False,29,0.6071428571428571,0.007071891736010416,0.023660036829937336,-0.16163047524704222,0.005238186997322369,-0.0265694460325675,0.004464210963665227,True,True,True
Market-Residual Momentum,2025-04-01 00:00:00-04:00,2025-05-01 00:00:00-04:00,CAT,19,-0.013468777598014459,True,False,29,0.6428571428571429,-0.043211979092473984,0.02856176590391546,-0.1825938926629831,0.005238186997322369,-0.0265694460325675,0.004464210963665227,False,False,False
Market-Residual Momentum,2025-04-01 00:00:00-04:00,2025-05-01 00:00:00-04:00,MRK,20,-0.01362066599038525,True,False,29,0.6785714285714286,-0.05838450232845649,0.0,-0.15398332458398933,0.005238186997322369,-0.0265694460325675,0.004464210963665227,False,False,False
Market-Residual Momentum,2025-04-01 00:00:00-04:00,2025-05-01 00:00:00-04:00,TRV,21,-0.013945177148172117,True,False,29,0.7142857142857143,-0.01222638586669722,0.004603927772637073,-0.13045280019189043,0.005238186997322369,-0.0265694460325675,0.004464210963665227,False,True,False
Market-Residual Momentum,2025-04-01 00:00:00-04:00,2025-05-01 00:00:00-04:00,AMGN,22,-0.01626621797994554,True,False,29,0.75,-0.07579369259629243,0.013909499208905496,-0.1390302726520174,0.005238186997322369,-0.0265694460325675,0.004464210963665227,False,False,False
Market-Residual Momentum,2025-04-01 00:00:00-04:00,2025-05-01 00:00:00-04:00,DOW,23,-0.017111226832222437,True,False,29,0.7857142857142857,-0.1102088786272698,0.020011379711010413,-0.27320184660863966,0.005238186997322369,-0.0265694460325675,0.004464210963665227,False,False,False
Market-Residual Momentum,2025-04-01 00:00:00-04:00,2025-05-01 00:00:00-04:00,IBM,24,-0.01836737500078034,True,False,29,0.8214285714285714,-0.0265694460325675,0.019191061215023897,-0.13518541100554193,0.005238186997322369,-0.0265694460325675,0.004464210963665227,False,False,False
Market-Residual Momentum,2025-04-01 00:00:00-04:00,2025-05-01 00:00:00-04:00,CRM,25,-0.018440391946358936,True,False,29,0.8571428571428571,0.018484097588624016,0.018484097588624016,-0.14453602720907022,0.005238186997322369,-0.0265694460325675,0.004464210963665227,True,True,True
Market-Residual Momentum,2025-04-01 00:00:00-04:00,2025-05-01 00:00:00-04:00,NKE,26,-0.022218863838691538,True,False,29,0.8928571428571429,-0.11201637630274486,0.024596462379960382,-0.18094945995730993,0.005238186997322369,-0.0265694460325675,0.004464210963665227,False,False,False
Market-Residual Momentum,2025-04-01 00:00:00-04:00,2025-05-01 00:00:00-04:00,BA,27,-0.02503050944777807,True,False,29,0.9285714285714286,0.07558827119715072,0.08547058105468741,-0.24188232421875,0.005238186997322369,-0.0265694460325675,0.004464210963665227,True,True,True
Market-Residual Momentum,2025-04-01 00:00:00-04:00,2025-05-01 00:00:00-04:00,UNH,28,-0.025462748689154435,True,False,29,0.9642857142857143,-0.21763607965499643,0.1533458253301947,-0.23726550737374796,0.005238186997322369,-0.0265694460325675,0.004464210963665227,False,False,False
Market-Residual Momentum,2025-04-01 00:00:00-04:00,2025-05-01 00:00:00-04:00,INTC,29,-0.06627877095637036,True,False,29,1.0,-0.10372341347438696,0.0593971712903103,-0.2167552972255432,0.005238186997322369,-0.0265694460325675,0.004464210963665227,False,False,False
Market-Residual Momentum,2025-05-01 00:00:00-04:00,2025-06-02 00:00:00-04:00,CSCO,1,-0.004219937226668025,True,True,29,0.0,0.08566983287154639,0.13793705112276022,-0.0017306762934187203,0.04887824673712604,0.04454472323308711,0.07507397326269905,True,True,True
Market-Residual Momentum,2025-05-01 00:00:00-04:00,2025-06-02 00:00:00-04:00,V,2,-0.006091308766164261,True,True,29,0.03571428571428571,0.05148580141545267,0.0699781990135484,-0.015799501323078946,0.04887824673712604,0.04454472323308711,0.07507397326269905,True,True,False
Market-Residual Momentum,2025-05-01 00:00:00-04:00,2025-06-02 00:00:00-04:00,AXP,3,-0.007969256219021337,True,True,29,0.07142857142857142,0.09085833111189179,0.13291037494537483,-0.005522429053463229,0.04887824673712604,0.04454472323308711,0.07507397326269905,True,True,True
Market-Residual Momentum,2025-05-01 00:00:00-04:00,2025-06-02 00:00:00-04:00,MSFT,4,-0.008278031920990303,True,True,29,0.10714285714285714,0.06432566745875623,0.07489576201952364,-0.014404656969413399,0.04887824673712604,0.04454472323308711,0.07507397326269905,True,True,False
Market-Residual Momentum,2025-05-01 00:00:00-04:00,2025-06-02 00:00:00-04:00,KO,5,-0.009362091697665886,True,True,29,0.14285714285714285,0.00041685695195115,0.009583563059887945,-0.04749982908182693,0.04887824673712604,0.04454472323308711,0.07507397326269905,False,False,False
Market-Residual Momentum,2025-05-01 00:00:00-04:00,2025-06-02 00:00:00-04:00,PG,6,-0.010396050906661403,True,False,29,0.17857142857142858,0.052035312222888264,0.06429720116123683,-0.024710749628547246,0.04887824673712604,0.04454472323308711,0.07507397326269905,True,True,False
Market-Residual Momentum,2025-05-01 00:00:00-04:00,2025-06-02 00:00:00-04:00,MCD,7,-0.01100318799438349,True,False,29,0.21428571428571427,-0.002100052251981288,0.02736710067872039,-0.02599382916506432,0.04887824673712604,0.04454472323308711,0.07507397326269905,False,False,False
Market-Residual Momentum,2025-05-01 00:00:00-04:00,2025-06-02 00:00:00-04:00,HD,8,-0.011191025582093839,True,False,29,0.25,0.01343290202566605,0.08170748843443043,-0.008825671528641998,0.04887824673712604,0.04454472323308711,0.07507397326269905,False,False,False
Market-Residual Momentum,2025-05-01 00:00:00-04:00,2025-06-02 00:00:00-04:00,JNJ,9,-0.011500917664963861,True,False,29,0.2857142857142857,0.0051892727432159,0.018967714929413626,-0.05729030726276907,0.04887824673712604,0.04454472323308711,0.07507397326269905,False,False,False
Market-Residual Momentum,2025-05-01 00:00:00-04:00,2025-06-02 00:00:00-04:00,HON,10,-0.011784109402776188,True,False,29,0.32142857142857145,0.0748556589205489,0.08866154312616548,-0.0043251557357189,0.04887824673712604,0.04454472323308711,0.07507397326269905,True,True,False
Market-Residual Momentum,2025-05-01 00:00:00-04:00,2025-06-02 00:00:00-04:00,CAT,11,-0.012017924878312547,True,False,29,0.35714285714285715,0.11269183991293508,0.14114562145965803,-0.0011561945645036653,0.04887824673712604,0.04454472323308711,0.07507397326269905,True,True,True
Market-Residual Momentum,2025-05-01 00:00:00-04:00,2025-06-02 00:00:00-04:00,AAPL,12,-0.012207133714384089,True,False,29,0.39285714285714285,-0.040832982347857816,0.02621004246961478,-0.07571263990691635,0.04887824673712604,0.04454472323308711,0.07507397326269905,False,False,False
Market-Residual Momentum,2025-05-01 00:00:00-04:00,2025-06-02 00:00:00-04:00,TRV,13,-0.012681682894518875,True,False,29,0.42857142857142855,0.04454472323308711,0.06070446581549516,-0.006303577141290262,0.04887824673712604,0.04454472323308711,0.07507397326269905,False,False,False
Market-Residual Momentum,2025-05-01 00:00:00-04:00,2025-06-02 00:00:00-04:00,JPM,14,-0.012720243601792136,True,False,29,0.4642857142857143,0.0830999359720288,0.10986653289821047,-0.0027590107850811174,0.04887824673712604,0.04454472323308711,0.07507397326269905,True,True,True
Market-Residual Momentum,2025-05-01 00:00:00-04:00,2025-06-02 00:00:00-04:00,MMM,15,-0.012777937090660996,True,False,29,0.5,0.07458936755873569,0.1189615506356565,-0.004700557801769034,0.04887824673712604,0.04454472323308711,0.07507397326269905,True,True,False
Market-Residual Momentum,2025-05-01 00:00:00-04:00,2025-06-02 00:00:00-04:00,GS,16,-0.013234340927985477,True,False,29,0.5357142857142857,0.09758032252570104,0.13262187059314368,-0.004743615584288374,0.04887824673712604,0.04454472323308711,0.07507397326269905,True,True,True
Market-Residual Momentum,2025-05-01 00:00:00-04:00,2025-06-02 00:00:00-04:00,WMT,17,-0.013241625855271999,True,False,29,0.5714285714285714,0.021222235270360157,0.028035517141772992,-0.050585712508726344,0.04887824673712604,0.04454472323308711,0.07507397326269905,False,False,False
Market-Residual Momentum,2025-05-01 00:00:00-04:00,2025-06-02 00:00:00-04:00,DIS,18,-0.01365489955639243,True,False,29,0.6071428571428571,0.2345788167738163,0.2429058817797196,-0.01818772298333271,0.04887824673712604,0.04454472323308711,0.07507397326269905,True,True,True
Market-Residual Momentum,2025-05-01 00:00:00-04:00,2025-06-02 00:00:00-04:00,CVX,19,-0.013815534727707024,True,False,29,0.6428571428571429,0.03512682951521806,0.06121688406637826,-0.005907530815124962,0.04887824673712604,0.04454472323308711,0.07507397326269905,False,False,False
Market-Residual Momentum,2025-05-01 00:00:00-04:00,2025-06-02 00:00:00-04:00,VZ,20,-0.015147581332598747,True,False,29,0.6785714285714286,0.0006853705240374985,0.017820299462879774,-0.034727175150835565,0.04887824673712604,0.04454472323308711,0.07507397326269905,False,False,False
Market-Residual Momentum,2025-05-01 00:00:00-04:00,2025-06-02 00:00:00-04:00,AMGN,21,-0.01728005685764722,True,False,29,0.7142857142857143,0.003916986847651849,0.015921129417999946,-0.08922097617737579,0.04887824673712604,0.04454472323308711,0.07507397326269905,False,False,False
Market-Residual Momentum,2025-05-01 00:00:00-04:00,2025-06-02 00:00:00-04:00,MRK,22,-0.018004608419770363,True,False,29,0.75,-0.08862869089137315,0.0023666616583051248,-0.1325286590400384,0.04887824673712604,0.04454472323308711,0.07507397326269905,False,False,False
Market-Residual Momentum,2025-05-01 00:00:00-04:00,2025-06-02 00:00:00-04:00,CRM,23,-0.018428718097448504,True,False,29,0.7857142857142857,-0.037637189431367624,0.08284567206306281,-0.06912954010342653,0.04887824673712604,0.04454472323308711,0.07507397326269905,False,False,False
Market-Residual Momentum,2025-05-01 00:00:00-04:00,2025-06-02 00:00:00-04:00,IBM,24,-0.01867146605998682,True,False,29,0.8214285714285714,0.07507397326269905,0.12272999978635868,-0.014454959649907284,0.04887824673712604,0.04454472323308711,0.07507397326269905,True,True,True
Market-Residual Momentum,2025-05-01 00:00:00-04:00,2025-06-02 00:00:00-04:00,DOW,25,-0.02340522861280936,True,False,29,0.8571428571428571,-0.07596856941699881,0.0557367298316378,-0.09028678594018225,0.04887824673712604,0.04454472323308711,0.07507397326269905,False,False,False
Market-Residual Momentum,2025-05-01 00:00:00-04:00,2025-06-02 00:00:00-04:00,BA,26,-0.02767917759049876,True,False,29,0.8928571428571429,0.15384188506998675,0.16095155424342855,-0.004484590083932094,0.04887824673712604,0.04454472323308711,0.07507397326269905,True,True,True
Market-Residual Momentum,2025-05-01 00:00:00-04:00,2025-06-02 00:00:00-04:00,NKE,27,-0.03043533303274104,True,False,29,0.9285714285714286,0.06649731335322673,0.12473539440887405,-0.007410056128814624,0.04887824673712604,0.04454472323308711,0.07507397326269905,True,True,False
Market-Residual Momentum,2025-05-01 00:00:00-04:00,2025-06-02 00:00:00-04:00,UNH,28,-0.05543258889402136,True,False,29,0.9642857142857143,-0.2630554900283105,0.0016288604935965623,-0.39492366776436905,0.04887824673712604,0.04454472323308711,0.07507397326269905,False,False,False
Market-Residual Momentum,2025-05-01 00:00:00-04:00,2025-06-02 00:00:00-04:00,INTC,29,-0.07177767827931225,True,False,29,1.0,-0.036597418212048316,0.13155291482405174,-0.045004939580343684,0.04887824673712604,0.04454472323308711,0.07507397326269905,False,False,False
Market-Residual Momentum,2025-06-02 00:00:00-04:00,2025-07-01 00:00:00-04:00,CSCO,1,-0.005022565392517775,True,True,29,0.0,0.10600984708518069,0.11238633489840577,-0.0003188340173699844,0.05175951002140766,0.035020428822377214,0.1006980625197571,True,True,True
Market-Residual Momentum,2025-06-02 00:00:00-04:00,2025-07-01 00:00:00-04:00,V,2,-0.005407489234857343,True,True,29,0.03571428571428571,-0.02467125291954808,0.035118770815799616,-0.07677033946995826,0.05175951002140766,0.035020428822377214,0.1006980625197571,False,False,False
Market-Residual Momentum,2025-06-02 00:00:00-04:00,2025-07-01 00:00:00-04:00,AXP,3,-0.006227074569465474,True,True,29,0.07142857142857142,0.08407720126919949,0.0950230318648313,-0.021207645159230015,0.05175951002140766,0.035020428822377214,0.1006980625197571,True,True,False
Market-Residual Momentum,2025-06-02 00:00:00-04:00,2025-07-01 00:00:00-04:00,JPM,4,-0.006998982727073666,True,True,29,0.10714285714285714,0.10596157873006962,0.11265305009913074,-0.010303332077596039,0.05175951002140766,0.035020428822377214,0.1006980625197571,True,True,True
Market-Residual Momentum,2025-06-02 00:00:00-04:00,2025-07-01 00:00:00-04:00,GS,5,-0.007096714188700171,True,True,29,0.14285714285714285,0.1827598823644061,0.19328442691791947,-0.010741718907501308,0.05175951002140766,0.035020428822377214,0.1006980625197571,True,True,True
Market-Residual Momentum,2025-06-02 00:00:00-04:00,2025-07-01 00:00:00-04:00,MSFT,6,-0.009082399495344284,True,False,29,0.17857142857142858,0.08399419373058548,0.09336109364514655,-0.0005468784004660776,0.05175951002140766,0.035020428822377214,0.1006980625197571,True,True,False
Market-Residual Momentum,2025-06-02 00:00:00-04:00,2025-07-01 00:00:00-04:00,CAT,7,-0.00935813018642806,True,False,29,0.21428571428571427,0.11579631702052096,0.12318525348777953,-0.020117185315167263,0.05175951002140766,0.035020428822377214,0.1006980625197571,True,True,True
Market-Residual Momentum,2025-06-02 00:00:00-04:00,2025-07-01 00:00:00-04:00,HD,8,-0.00939415949870992,True,False,29,0.25,0.003982477475583446,0.02798853090433262,-0.047106685905095036,0.05175951002140766,0.035020428822377214,0.1006980625197571,False,False,False
Market-Residual Momentum,2025-06-02 00:00:00-04:00,2025-07-01 00:00:00-04:00,KO,9,-0.009600953354747754,True,False,29,0.2857142857142857,-0.0074311020299389074,0.009162831624676349,-0.03833087534552604,0.05175951002140766,0.035020428822377214,0.1006980625197571,False,False,False
Market-Residual Momentum,2025-06-02 00:00:00-04:00,2025-07-01 00:00:00-04:00,MCD,10,-0.009688333434321628,True,False,29,0.32142857142857145,-0.058668434632261346,0.011778716707026682,-0.0877289468046154,0.05175951002140766,0.035020428822377214,0.1006980625197571,False,False,False
Market-Residual Momentum,2025-06-02 00:00:00-04:00,2025-07-01 00:00:00-04:00,HON,11,-0.010516013806844304,True,False,29,0.35714285714285715,0.03813323576717287,0.03813323576717287,-0.021333480284892015,0.05175951002140766,0.035020428822377214,0.1006980625197571,False,True,False
Market-Residual Momentum,2025-06-02 00:00:00-04:00,2025-07-01 00:00:00-04:00,PG,12,-0.010793545083634837,True,False,29,0.39285714285714285,-0.05407651966286109,0.00011826418865568122,-0.07011005322211283,0.05175951002140766,0.035020428822377214,0.1006980625197571,False,False,False
Market-Residual Momentum,2025-06-02 00:00:00-04:00,2025-07-01 00:00:00-04:00,MMM,13,-0.01110226210439369,True,False,29,0.42857142857142855,0.02792999431454124,0.033813605383077316,-0.04260493393498932,0.05175951002140766,0.035020428822377214,0.1006980625197571,False,False,False
Market-Residual Momentum,2025-06-02 00:00:00-04:00,2025-07-01 00:00:00-04:00,JNJ,14,-0.01218835834802745,True,False,29,0.4642857142857143,-0.009580426784277285,0.020649928068013912,-0.03521487003013857,0.05175951002140766,0.035020428822377214,0.1006980625197571,False,False,False
Market-Residual Momentum,2025-06-02 00:00:00-04:00,2025-07-01 00:00:00-04:00,TRV,15,-0.012381328291432014,True,False,29,0.5,-0.02209668389191255,0.016128896752118926,-0.0494197924162697,0.05175951002140766,0.035020428822377214,0.1006980625197571,False,False,False
Market-Residual Momentum,2025-06-02 00:00:00-04:00,2025-07-01 00:00:00-04:00,CVX,16,-0.012938806038758632,True,False,29,0.5357142857142857,0.035020428822377214,0.09863504375062315,-0.01487481215736175,0.05175951002140766,0.035020428822377214,0.1006980625197571,False,False,False
Market-Residual Momentum,2025-06-02 00:00:00-04:00,2025-07-01 00:00:00-04:00,WMT,17,-0.01319982217853477,True,False,29,0.5714285714285714,-0.01254556663686568,0.020740562099893278,-0.054734862921223204,0.05175951002140766,0.035020428822377214,0.1006980625197571,False,False,False
Market-Residual Momentum,2025-06-02 00:00:00-04:00,2025-07-01 00:00:00-04:00,AAPL,18,-0.01329814530345319,True,False,29,0.6071428571428571,0.031905339059412396,0.03550028727213084,-0.026013607056071364,0.05175951002140766,0.035020428822377214,0.1006980625197571,False,False,False
Market-Residual Momentum,2025-06-02 00:00:00-04:00,2025-07-01 00:00:00-04:00,VZ,19,-0.013668930347804809,True,False,29,0.6428571428571429,-0.00867599105798933,0.013698511900608779,-0.050228419513121736,0.05175951002140766,0.035020428822377214,0.1006980625197571,False,False,False
Market-Residual Momentum,2025-06-02 00:00:00-04:00,2025-07-01 00:00:00-04:00,DIS,20,-0.013679472611279109,True,False,29,0.6785714285714286,0.1006980625197571,0.11130399064361574,-0.007454786607931196,0.05175951002140766,0.035020428822377214,0.1006980625197571,True,True,True
Market-Residual Momentum,2025-06-02 00:00:00-04:00,2025-07-01 00:00:00-04:00,CRM,21,-0.016424622569817027,True,False,29,0.7142857142857143,0.03573190947204119,0.05210081045151105,-0.01988418251933899,0.05175951002140766,0.035020428822377214,0.1006980625197571,False,True,False
Market-Residual Momentum,2025-06-02 00:00:00-04:00,2025-07-01 00:00:00-04:00,AMGN,22,-0.016538961749763104,True,False,29,0.75,-0.019710120444608514,0.04848755524260717,-0.06235128784666544,0.05175951002140766,0.035020428822377214,0.1006980625197571,False,False,False
Market-Residual Momentum,2025-06-02 00:00:00-04:00,2025-07-01 00:00:00-04:00,IBM,23,-0.02028257161589353,True,False,29,0.7857142857142857,0.14233075760989422,0.148574724233683,-0.0024432998561170205,0.05175951002140766,0.035020428822377214,0.1006980625197571,True,True,True
Market-Residual Momentum,2025-06-02 00:00:00-04:00,2025-07-01 00:00:00-04:00,DOW,24,-0.022561816669988466,True,False,29,0.8214285714285714,-0.04446849138564979,0.12725968161464363,-0.04627617341580237,0.05175951002140766,0.035020428822377214,0.1006980625197571,False,False,False
Market-Residual Momentum,2025-06-02 00:00:00-04:00,2025-07-01 00:00:00-04:00,MRK,25,-0.022789154828294134,True,False,29,0.8571428571428571,0.03545293303878272,0.07037146606669142,-0.021033435312845183,0.05175951002140766,0.035020428822377214,0.1006980625197571,False,True,False
Market-Residual Momentum,2025-06-02 00:00:00-04:00,2025-07-01 00:00:00-04:00,BA,26,-0.02282658348986366,True,False,29,0.8928571428571429,-0.007014862818797041,0.037065160122183194,-0.07441462350069084,0.05175951002140766,0.035020428822377214,0.1006980625197571,False,False,False
Market-Residual Momentum,2025-06-02 00:00:00-04:00,2025-07-01 00:00:00-04:00,NKE,27,-0.03012077658267187,True,False,29,0.9285714285714286,0.19883424432320007,0.2354704615693859,-0.014321373570532536,0.05175951002140766,0.035020428822377214,0.1006980625197571,True,True,True
Market-Residual Momentum,2025-06-02 00:00:00-04:00,2025-07-01 00:00:00-04:00,INTC,28,-0.07043758520854926,True,False,29,0.9642857142857143,0.14630392445802598,0.20020532393105728,-0.005646750800195388,0.05175951002140766,0.035020428822377214,0.1006980625197571,True,True,True
Market-Residual Momentum,2025-06-02 00:00:00-04:00,2025-07-01 00:00:00-04:00,UNH,29,-0.08280304516167847,True,False,29,1.0,0.03650244659212554,0.05172861628852443,-0.029724262236385246,0.05175951002140766,0.035020428822377214,0.1006980625197571,False,True,False
Market-Residual Momentum,2025-07-01 00:00:00-04:00,2025-08-01 00:00:00-04:00,CSCO,1,-0.005198508237814314,True,True,29,0.0,-0.021101549774522277,0.007318569629771066,-0.028786633022805264,0.016126817923419967,-0.011904828237844334,0.020322178697292914,False,False,False
Market-Residual Momentum,2025-07-01 00:00:00-04:00,2025-08-01 00:00:00-04:00,AXP,2,-0.005872559694912516,True,True,29,0.03571428571428571,-0.06991342103199516,0.0411479132207897,-0.06991342103199516,0.016126817923419967,-0.011904828237844334,0.020322178697292914,False,False,False
Market-Residual Momentum,2025-07-01 00:00:00-04:00,2025-08-01 00:00:00-04:00,JPM,3,-0.006564628338243117,True,True,29,0.07142857142857142,0.003124983507574841,0.04074231897553182,-0.0317287153230561,0.016126817923419967,-0.011904828237844334,0.020322178697292914,False,True,False
Market-Residual Momentum,2025-07-01 00:00:00-04:00,2025-08-01 00:00:00-04:00,GS,4,-0.007177559732436833,True,True,29,0.10714285714285714,0.003545254785701779,0.04220332629907486,-0.023587672926308922,0.016126817923419967,-0.011904828237844334,0.020322178697292914,False,True,False
Market-Residual Momentum,2025-07-01 00:00:00-04:00,2025-08-01 00:00:00-04:00,V,5,-0.007277926753879171,True,True,29,0.14285714285714285,-0.027471633875182033,0.016505556498936702,-0.027471633875182033,0.016126817923419967,-0.011904828237844334,0.020322178697292914,False,False,False
Market-Residual Momentum,2025-07-01 00:00:00-04:00,2025-08-01 00:00:00-04:00,MSFT,6,-0.00869937994275316,True,False,29,0.17857142857142858,0.077608043020434,0.12090479518442909,-0.015650403178492867,0.016126817923419967,-0.011904828237844334,0.020322178697292914,True,True,True
Market-Residual Momentum,2025-07-01 00:00:00-04:00,2025-08-01 00:00:00-04:00,CAT,7,-0.008700461257177383,True,False,29,0.21428571428571427,0.10849779503899182,0.1453117911808397,-0.006052914871199633,0.016126817923419967,-0.011904828237844334,0.020322178697292914,True,True,True
Market-Residual Momentum,2025-07-01 00:00:00-04:00,2025-08-01 00:00:00-04:00,HD,8,-0.008779508612836828,True,False,29,0.25,0.009551575885859087,0.04594615846694361,-0.03260690656028775,0.016126817923419967,-0.011904828237844334,0.020322178697292914,False,True,False
Market-Residual Momentum,2025-07-01 00:00:00-04:00,2025-08-01 00:00:00-04:00,KO,9,-0.009233731108691079,True,False,29,0.2857142857142857,-0.03366688147907171,0.020566264662726486,-0.045781111214242554,0.016126817923419967,-0.011904828237844334,0.020322178697292914,False,False,False
Market-Residual Momentum,2025-07-01 00:00:00-04:00,2025-08-01 00:00:00-04:00,HON,10,-0.00942644194356157,True,False,29,0.32142857142857145,-0.05227327165487716,0.03484884667323018,-0.05291564365112644,0.016126817923419967,-0.011904828237844334,0.020322178697292914,False,False,False
Market-Residual Momentum,2025-07-01 00:00:00-04:00,2025-08-01 00:00:00-04:00,MCD,11,-0.009733477636286403,True,False,29,0.35714285714285715,0.03760691488319168,0.044205166875226576,-0.007657948660059866,0.016126817923419967,-0.011904828237844334,0.020322178697292914,True,True,True
Market-Residual Momentum,2025-07-01 00:00:00-04:00,2025-08-01 00:00:00-04:00,PG,12,-0.010595579177173353,True,False,29,0.39285714285714285,-0.04417074971368129,0.016574892516589168,-0.05594707451775649,0.016126817923419967,-0.011904828237844334,0.020322178697292914,False,False,False
Market-Residual Momentum,2025-07-01 00:00:00-04:00,2025-08-01 00:00:00-04:00,MMM,13,-0.011196678319246756,True,False,29,0.42857142857142855,-0.036184205924809865,0.07993428272998848,-0.04236839751659516,0.016126817923419967,-0.011904828237844334,0.020322178697292914,False,False,False
Market-Residual Momentum,2025-07-01 00:00:00-04:00,2025-08-01 00:00:00-04:00,CRM,14,-0.01165562701863676,True,False,29,0.4642857142857143,-0.06281234643352707,0.01734790385891749,-0.06453980057296893,0.016126817923419967,-0.011904828237844334,0.020322178697292914,False,False,False
Market-Residual Momentum,2025-07-01 00:00:00-04:00,2025-08-01 00:00:00-04:00,TRV,15,-0.011762333323495966,True,False,29,0.5,-0.022983210162527135,0.010665451220181588,-0.06418054346911306,0.016126817923419967,-0.011904828237844334,0.020322178697292914,False,False,False
Market-Residual Momentum,2025-07-01 00:00:00-04:00,2025-08-01 00:00:00-04:00,JNJ,16,-0.011917028870079505,True,False,29,0.5357142857142857,0.08156852586979801,0.11104566907558722,-0.0012418460222629601,0.016126817923419967,-0.011904828237844334,0.020322178697292914,True,True,True
Market-Residual Momentum,2025-07-01 00:00:00-04:00,2025-08-01 00:00:00-04:00,CVX,17,-0.012364799497382783,True,False,29,0.5714285714285714,0.06418301037404239,0.09676310191679005,-0.005790441274312275,0.016126817923419967,-0.011904828237844334,0.020322178697292914,True,True,True
Market-Residual Momentum,2025-07-01 00:00:00-04:00,2025-08-01 00:00:00-04:00,WMT,18,-0.01280005711578791,True,False,29,0.6071428571428571,0.0040984310103917565,0.01793035453689984,-0.034528580807592024,0.016126817923419967,-0.011904828237844334,0.020322178697292914,False,True,False
Market-Residual Momentum,2025-07-01 00:00:00-04:00,2025-08-01 00:00:00-04:00,VZ,19,-0.012922079052015478,True,False,29,0.6428571428571429,0.013126741393654662,0.017807400758323544,-0.047721772113208716,0.016126817923419967,-0.011904828237844334,0.020322178697292914,False,True,False
Market-Residual Momentum,2025-07-01 00:00:00-04:00,2025-08-01 00:00:00-04:00,AAPL,20,-0.013241098332045564,True,False,29,0.6785714285714286,0.020322178697292914,0.046257337960529776,-0.0025644688827239914,0.016126817923419967,-0.011904828237844334,0.020322178697292914,True,True,True
Market-Residual Momentum,2025-07-01 00:00:00-04:00,2025-08-01 00:00:00-04:00,DIS,21,-0.01329649698392632,True,False,29,0.7142857142857143,-0.04785427491681371,0.008987835628946339,-0.04785427491681371,0.016126817923419967,-0.011904828237844334,0.020322178697292914,False,False,False
Market-Residual Momentum,2025-07-01 00:00:00-04:00,2025-08-01 00:00:00-04:00,AMGN,22,-0.0168153942026098,True,False,29,0.75,0.06089057167312739,0.11167445039343571,-0.0036784355679249092,0.016126817923419967,-0.011904828237844334,0.020322178697292914,True,True,True
Market-Residual Momentum,2025-07-01 00:00:00-04:00,2025-08-01 00:00:00-04:00,IBM,23,-0.019394188893750997,True,False,29,0.7857142857142857,-0.14646061714522618,0.0035987108476427387,-0.14646061714522618,0.016126817923419967,-0.011904828237844334,0.020322178697292914,False,False,False
Market-Residual Momentum,2025-07-01 00:00:00-04:00,2025-08-01 00:00:00-04:00,MRK,24,-0.02244871629601064,True,False,29,0.8214285714285714,-0.011904828237844334,0.07928064286848335,-0.029128616476510882,0.016126817923419967,-0.011904828237844334,0.020322178697292914,False,False,False
Market-Residual Momentum,2025-07-01 00:00:00-04:00,2025-08-01 00:00:00-04:00,BA,25,-0.02259089741724951,True,False,29,0.8571428571428571,0.047494018846024666,0.15842483265587703,-0.013031005859375,0.016126817923419967,-0.011904828237844334,0.020322178697292914,True,True,True
Market-Residual Momentum,2025-07-01 00:00:00-04:00,2025-08-01 00:00:00-04:00,DOW,26,-0.02414971603555094,True,False,29,0.8928571428571429,-0.12996598995760067,0.17014754311687574,-0.13204682793056022,0.016126817923419967,-0.011904828237844334,0.020322178697292914,False,False,False
Market-Residual Momentum,2025-07-01 00:00:00-04:00,2025-08-01 00:00:00-04:00,NKE,27,-0.030184903219935832,True,False,29,0.9285714285714286,0.020141733084220403,0.11112655183311793,-0.013335046643650705,0.016126817923419967,-0.011904828237844334,0.020322178697292914,True,True,False
Market-Residual Momentum,2025-07-01 00:00:00-04:00,2025-08-01 00:00:00-04:00,INTC,28,-0.07000056463894844,True,False,29,0.9642857142857143,-0.12673533064823972,0.07657863849815394,-0.12673533064823972,0.016126817923419967,-0.011904828237844334,0.020322178697292914,False,False,False
Market-Residual Momentum,2025-07-01 00:00:00-04:00,2025-08-01 00:00:00-04:00,UNH,29,-0.07781622346821482,True,False,29,1.0,-0.1966855917848087,0.04673521978143991,-0.205853153563204,0.016126817923419967,-0.011904828237844334,0.020322178697292914,False,False,False
Market-Residual Momentum,2025-08-01 00:00:00-04:00,2025-09-02 00:00:00-04:00,CSCO,1,-0.005341918752946873,True,True,29,0.0,0.008887514698268317,0.07465561237372298,-0.026070293183824145,0.01788289193432413,0.03676370143534502,0.06893435420372573,False,False,False
Market-Residual Momentum,2025-08-01 00:00:00-04:00,2025-09-02 00:00:00-04:00,AXP,2,-0.006540100701634577,True,True,29,0.03571428571428571,0.11097509115944293,0.12934050991964763,-0.019351775210111333,0.01788289193432413,0.03676370143534502,0.06893435420372573,True,True,True
Market-Residual Momentum,2025-08-01 00:00:00-04:00,2025-09-02 00:00:00-04:00,JPM,3,-0.006857781918373607,True,True,29,0.07142857142857142,0.03395312504597037,0.04321621740889836,-0.02121213426851909,0.01788289193432413,0.03676370143534502,0.06893435420372573,True,False,False
Market-Residual Momentum,2025-08-01 00:00:00-04:00,2025-09-02 00:00:00-04:00,GS,4,-0.007022257519060715,True,True,29,0.10714285714285714,0.04197268171191304,0.06026647706597754,-0.023166488503217453,0.01788289193432413,0.03676370143534502,0.06893435420372573,True,True,False
Market-Residual Momentum,2025-08-01 00:00:00-04:00,2025-09-02 00:00:00-04:00,V,5,-0.007678601071084756,True,True,29,0.14285714285714285,0.016927158939189058,0.02892145771637855,-0.044754417268347724,0.01788289193432413,0.03676370143534502,0.06893435420372573,False,False,False
Market-Residual Momentum,2025-08-01 00:00:00-04:00,2025-09-02 00:00:00-04:00,MSFT,6,-0.00811700586738262,True,False,29,0.17857142857142858,-0.06300436914055763,0.006074660004921073,-0.0666738468791378,0.01788289193432413,0.03676370143534502,0.06893435420372573,False,False,False
Market-Residual Momentum,2025-08-01 00:00:00-04:00,2025-09-02 00:00:00-04:00,CAT,7,-0.008226023166978513,True,False,29,0.21428571428571427,-0.03058755776010258,0.02990843695348966,-0.05037833550912629,0.01788289193432413,0.03676370143534502,0.06893435420372573,False,False,False
Market-Residual Momentum,2025-08-01 00:00:00-04:00,2025-09-02 00:00:00-04:00,HD,8,-0.008472741409723095,True,False,29,0.25,0.09749326608508335,0.12690987349291527,-0.005627772505572781,0.01788289193432413,0.03676370143534502,0.06893435420372573,True,True,True
Market-Residual Momentum,2025-08-01 00:00:00-04:00,2025-09-02 00:00:00-04:00,KO,9,-0.009368984824808524,True,False,29,0.2857142857142857,0.005247931850176579,0.04533541487638337,-0.004810522425582442,0.01788289193432413,0.03676370143534502,0.06893435420372573,False,False,False
Market-Residual Momentum,2025-08-01 00:00:00-04:00,2025-09-02 00:00:00-04:00,MCD,10,-0.010279252825121432,True,False,29,0.32142857142857145,0.03732209969844047,0.04382196749288214,-0.016902829501872052,0.01788289193432413,0.03676370143534502,0.06893435420372573,True,True,False
Market-Residual Momentum,2025-08-01 00:00:00-04:00,2025-09-02 00:00:00-04:00,PG,11,-0.010482104112655377,True,False,29,0.35714285714285715,0.03676370143534502,0.06094338444547587,-0.011595804070894444,0.01788289193432413,0.03676370143534502,0.06893435420372573,True,False,False
Market-Residual Momentum,2025-08-01 00:00:00-04:00,2025-09-02 00:00:00-04:00,MMM,12,-0.010629457664572017,True,False,29,0.39285714285714285,0.055708683987479635,0.09535833589422227,-0.015358361774743812,0.01788289193432413,0.03676370143534502,0.06893435420372573,True,True,False
Market-Residual Momentum,2025-08-01 00:00:00-04:00,2025-09-02 00:00:00-04:00,HON,13,-0.011504129335513147,True,False,29,0.42857142857142855,-0.014501691862716659,0.012970535255681037,-0.032389293911083916,0.01788289193432413,0.03676370143534502,0.06893435420372573,False,False,False
Market-Residual Momentum,2025-08-01 00:00:00-04:00,2025-09-02 00:00:00-04:00,AAPL,14,-0.011927515925442389,True,False,29,0.4642857142857143,0.08839658378021675,0.11626521510209509,-0.04443493780127561,0.01788289193432413,0.03676370143534502,0.06893435420372573,True,True,True
Market-Residual Momentum,2025-08-01 00:00:00-04:00,2025-09-02 00:00:00-04:00,CRM,15,-0.012116196702179227,True,False,29,0.5,-0.0006666213668061749,0.010392700252588538,-0.11180837356933959,0.01788289193432413,0.03676370143534502,0.06893435420372573,False,False,False
Market-Residual Momentum,2025-08-01 00:00:00-04:00,2025-09-02 00:00:00-04:00,WMT,16,-0.012702638573461211,True,False,29,0.5357142857142857,-0.005539872165209236,0.06857134079909377,-0.02405242925044926,0.01788289193432413,0.03676370143534502,0.06893435420372573,False,False,False
Market-Residual Momentum,2025-08-01 00:00:00-04:00,2025-09-02 00:00:00-04:00,CVX,17,-0.012718175010931643,True,False,29,0.5714285714285714,0.06376344608671758,0.06787316808728772,-0.01783133178015872,0.01788289193432413,0.03676370143534502,0.06893435420372573,True,True,False
Market-Residual Momentum,2025-08-01 00:00:00-04:00,2025-09-02 00:00:00-04:00,DIS,18,-0.012815329092282557,True,False,29,0.6071428571428571,-0.004847346092166638,0.01862404400052431,-0.05144993171363332,0.01788289193432413,0.03676370143534502,0.06893435420372573,False,False,False
Market-Residual Momentum,2025-08-01 00:00:00-04:00,2025-09-02 00:00:00-04:00,TRV,19,-0.012900029878675445,True,False,29,0.6428571428571429,0.04266603301286409,0.07257066068156037,-0.01575955583411137,0.01788289193432413,0.03676370143534502,0.06893435420372573,True,True,False
Market-Residual Momentum,2025-08-01 00:00:00-04:00,2025-09-02 00:00:00-04:00,JNJ,20,-0.012990481930132414,True,False,29,0.6785714285714286,0.08032783863615878,0.09475479588029612,-0.004169703040978634,0.01788289193432413,0.03676370143534502,0.06893435420372573,True,True,True
Market-Residual Momentum,2025-08-01 00:00:00-04:00,2025-09-02 00:00:00-04:00,VZ,21,-0.013820356922025767,True,False,29,0.7142857142857143,0.020097073326860615,0.0568261041555036,-0.025871966682785907,0.01788289193432413,0.03676370143534502,0.06893435420372573,True,False,False
Market-Residual Momentum,2025-08-01 00:00:00-04:00,2025-09-02 00:00:00-04:00,AMGN,22,-0.01828554711829733,True,False,29,0.75,-0.02436470581168071,0.017740524937574387,-0.05187496758450039,0.01788289193432413,0.03676370143534502,0.06893435420372573,False,False,False
Market-Residual Momentum,2025-08-01 00:00:00-04:00,2025-09-02 00:00:00-04:00,BA,23,-0.022053904721825113,True,False,29,0.7857142857142857,0.05390750510625364,0.08475737690669671,-0.016176819781843488,0.01788289193432413,0.03676370143534502,0.06893435420372573,True,True,False
Market-Residual Momentum,2025-08-01 00:00:00-04:00,2025-09-02 00:00:00-04:00,IBM,24,-0.02261952118005417,True,False,29,0.8214285714285714,-0.035325820407390296,0.014279439437400843,-0.06551938935757529,0.01788289193432413,0.03676370143534502,0.06893435420372573,False,False,False
Market-Residual Momentum,2025-08-01 00:00:00-04:00,2025-09-02 00:00:00-04:00,MRK,25,-0.02348132834331096,True,False,29,0.8571428571428571,0.08305567800757485,0.12586527425619565,-0.006280413802261631,0.01788289193432413,0.03676370143534502,0.06893435420372573,True,True,True
Market-Residual Momentum,2025-08-01 00:00:00-04:00,2025-09-02 00:00:00-04:00,NKE,26,-0.04071945952166123,True,False,29,0.8928571428571429,0.03530900039987861,0.09163960515675829,-0.012391116991525286,0.01788289193432413,0.03676370143534502,0.06893435420372573,True,False,False
Market-Residual Momentum,2025-08-01 00:00:00-04:00,2025-09-02 00:00:00-04:00,DOW,27,-0.04458188445991751,True,False,29,0.9285714285714286,0.06893435420372573,0.09805105195213537,-0.1127635186704381,0.01788289193432413,0.03676370143534502,0.06893435420372573,True,True,True
Market-Residual Momentum,2025-08-01 00:00:00-04:00,2025-09-02 00:00:00-04:00,INTC,28,-0.07173782507487936,True,False,29,0.9642857142857143,0.22461534157777452,0.3605128557254107,-0.027179522392077327,0.01788289193432413,0.03676370143534502,0.06893435420372573,True,True,True
Market-Residual Momentum,2025-08-01 00:00:00-04:00,2025-09-02 00:00:00-04:00,UNH,29,-0.0784692569289489,True,False,29,1.0,0.2302381649098073,0.2625195169969978,-0.06388410066575223,0.01788289193432413,0.03676370143534502,0.06893435420372573,True,True,True
Market-Residual Momentum,2025-09-02 00:00:00-04:00,2025-10-01 00:00:00-04:00,JPM,1,-0.00561019535610463,True,True,29,0.0,0.0456605408345776,0.059115601544258434,-0.029374422663868804,0.04315072119045049,0.003247871306122363,0.04806443731897758,True,True,False
Market-Residual Momentum,2025-09-02 00:00:00-04:00,2025-10-01 00:00:00-04:00,CSCO,2,-0.005959570949286341,True,True,29,0.03571428571428571,-0.0030831184781600074,0.01189262625576748,-0.029070547196706098,0.04315072119045049,0.003247871306122363,0.04806443731897758,False,False,False
Market-Residual Momentum,2025-09-02 00:00:00-04:00,2025-10-01 00:00:00-04:00,AXP,3,-0.006116687367284768,True,True,29,0.07142857142857142,0.013286013181337708,0.0689708366642916,-0.017939194121544988,0.04315072119045049,0.003247871306122363,0.04806443731897758,False,True,False
Market-Residual Momentum,2025-09-02 00:00:00-04:00,2025-10-01 00:00:00-04:00,GS,4,-0.0062625324017353545,True,True,29,0.10714285714285714,0.07771691862591212,0.12066970148064105,-0.02068203153349013,0.04315072119045049,0.003247871306122363,0.04806443731897758,True,True,True
Market-Residual Momentum,2025-09-02 00:00:00-04:00,2025-10-01 00:00:00-04:00,MSFT,5,-0.006768638688258277,True,True,29,0.14285714285714285,0.028633024952197106,0.03957801336064959,-0.016184685022133327,0.04315072119045049,0.003247871306122363,0.04806443731897758,False,True,False
Market-Residual Momentum,2025-09-02 00:00:00-04:00,2025-10-01 00:00:00-04:00,CAT,6,-0.007095500510201802,True,False,29,0.17857142857142858,0.1452006049483514,0.17257361836134755,-0.008190221590307134,0.04315072119045049,0.003247871306122363,0.04806443731897758,True,True,True
Market-Residual Momentum,2025-09-02 00:00:00-04:00,2025-10-01 00:00:00-04:00,V,7,-0.007349478285518352,True,False,29,0.21428571428571427,-0.02576511196969411,0.009504488759785268,-0.045346552008490804,0.04315072119045049,0.003247871306122363,0.04806443731897758,False,False,False
Market-Residual Momentum,2025-09-02 00:00:00-04:00,2025-10-01 00:00:00-04:00,KO,8,-0.007534940079154007,True,False,29,0.25,-0.028131074576622117,0.00725070111116799,-0.04508146852097927,0.04315072119045049,0.003247871306122363,0.04806443731897758,False,False,False
Market-Residual Momentum,2025-09-02 00:00:00-04:00,2025-10-01 00:00:00-04:00,HON,9,-0.00834977884154442,True,False,29,0.2857142857142857,-0.030087960743409692,0.005022370606439397,-0.05833284562401542,0.04315072119045049,0.003247871306122363,0.04806443731897758,False,False,False
Market-Residual Momentum,2025-09-02 00:00:00-04:00,2025-10-01 00:00:00-04:00,PG,10,-0.008574588946325568,True,False,29,0.32142857142857145,-0.023258796426843253,0.027389290072417527,-0.04060752796079403,0.04315072119045049,0.003247871306122363,0.04806443731897758,False,False,False
Market-Residual Momentum,2025-09-02 00:00:00-04:00,2025-10-01 00:00:00-04:00,HD,11,-0.009258797023117937,True,False,29,0.35714285714285715,0.007442184115202588,0.06314672754390593,-0.002303786892228321,0.04315072119045049,0.003247871306122363,0.04806443731897758,False,True,False
Market-Residual Momentum,2025-09-02 00:00:00-04:00,2025-10-01 00:00:00-04:00,MCD,12,-0.009400318489027892,True,False,29,0.39285714285714285,-0.03127288201881673,0.020380183615117176,-0.0484586834214068,0.04315072119045049,0.003247871306122363,0.04806443731897758,False,False,False
Market-Residual Momentum,2025-09-02 00:00:00-04:00,2025-10-01 00:00:00-04:00,CRM,13,-0.010600079093306736,True,False,29,0.42857142857142855,-0.07031706768142998,0.012479282553927495,-0.07927172977352881,0.04315072119045049,0.003247871306122363,0.04806443731897758,False,False,False
Market-Residual Momentum,2025-09-02 00:00:00-04:00,2025-10-01 00:00:00-04:00,AAPL,14,-0.011099637774737547,True,False,29,0.4642857142857143,0.11249724596419886,0.12366411085496876,-0.014394759682469838,0.04315072119045049,0.003247871306122363,0.04806443731897758,True,True,True
Market-Residual Momentum,2025-09-02 00:00:00-04:00,2025-10-01 00:00:00-04:00,WMT,15,-0.011791483650335333,True,False,29,0.5,0.054818402632325736,0.09132973029233393,-0.007405134175096029,0.04315072119045049,0.003247871306122363,0.04806443731897758,True,True,True
Market-Residual Momentum,2025-09-02 00:00:00-04:00,2025-10-01 00:00:00-04:00,CVX,16,-0.01190212838960003,True,False,29,0.5357142857142857,-0.03520682448289403,0.012058600405485453,-0.04735785576790341,0.04315072119045049,0.003247871306122363,0.04806443731897758,False,False,False
Market-Residual Momentum,2025-09-02 00:00:00-04:00,2025-10-01 00:00:00-04:00,MMM,17,-0.011925129366454734,True,False,29,0.5714285714285714,0.003247871306122363,0.05293944387084992,-0.02286459142419095,0.04315072119045049,0.003247871306122363,0.04806443731897758,False,False,False
Market-Residual Momentum,2025-09-02 00:00:00-04:00,2025-10-01 00:00:00-04:00,JNJ,18,-0.012111586230343696,True,False,29,0.6071428571428571,0.04806443731897758,0.04806443731897758,-0.023327869117212963,0.04315072119045049,0.003247871306122363,0.04806443731897758,True,True,True
Market-Residual Momentum,2025-09-02 00:00:00-04:00,2025-10-01 00:00:00-04:00,DIS,19,-0.012152152972376373,True,False,29,0.6428571428571429,-0.02512386331357941,0.023585697542003015,-0.047000552064743295,0.04315072119045049,0.003247871306122363,0.04806443731897758,False,False,False
Market-Residual Momentum,2025-09-02 00:00:00-04:00,2025-10-01 00:00:00-04:00,TRV,20,-0.012235158001475566,True,False,29,0.6785714285714286,0.027652289275195807,0.036609597470377286,-0.008884478269361118,0.04315072119045049,0.003247871306122363,0.04806443731897758,False,True,False
Market-Residual Momentum,2025-09-02 00:00:00-04:00,2025-10-01 00:00:00-04:00,VZ,21,-0.013279086059113099,True,False,29,0.7142857142857143,-0.005434830169044669,0.007246369925949514,-0.02898553995169395,0.04315072119045049,0.003247871306122363,0.04806443731897758,False,False,False
Market-Residual Momentum,2025-09-02 00:00:00-04:00,2025-10-01 00:00:00-04:00,IBM,22,-0.015453783280483413,True,False,29,0.75,0.1631383575224421,0.1990453492056099,-0.011000390052409381,0.04315072119045049,0.003247871306122363,0.04806443731897758,True,True,True
Market-Residual Momentum,2025-09-02 00:00:00-04:00,2025-10-01 00:00:00-04:00,AMGN,23,-0.017066374979259336,True,False,29,0.7857142857142857,-0.010574172000014204,0.0043479774686447925,-0.0616369233147116,0.04315072119045049,0.003247871306122363,0.04806443731897758,False,False,False
Market-Residual Momentum,2025-09-02 00:00:00-04:00,2025-10-01 00:00:00-04:00,MRK,24,-0.0190352150731119,True,False,29,0.8214285714285714,0.018124476539490564,0.018124476539490564,-0.07282429686059333,0.04315072119045049,0.003247871306122363,0.04806443731897758,False,True,False
Market-Residual Momentum,2025-09-02 00:00:00-04:00,2025-10-01 00:00:00-04:00,BA,25,-0.022015304359226495,True,False,29,0.8571428571428571,-0.07467141284854961,0.030482545351815826,-0.08582673040593469,0.04315072119045049,0.003247871306122363,0.04806443731897758,False,False,False
Market-Residual Momentum,2025-09-02 00:00:00-04:00,2025-10-01 00:00:00-04:00,NKE,26,-0.036712038604440944,True,False,29,0.8928571428571429,-0.01705452269665153,0.0054204609388917024,-0.10060813655821377,0.04315072119045049,0.003247871306122363,0.04806443731897758,False,False,False
Market-Residual Momentum,2025-09-02 00:00:00-04:00,2025-10-01 00:00:00-04:00,DOW,27,-0.04788982344843273,True,False,29,0.9285714285714286,-0.05489059106745764,0.06355761253047221,-0.08522484804249508,0.04315072119045049,0.003247871306122363,0.04806443731897758,False,False,False
Market-Residual Momentum,2025-09-02 00:00:00-04:00,2025-10-01 00:00:00-04:00,INTC,28,-0.06682135847101989,True,False,29,0.9642857142857143,0.40410385082360634,0.5201005239857486,-0.00837516175123687,0.04315072119045049,0.003247871306122363,0.04806443731897758,True,True,True
Market-Residual Momentum,2025-09-02 00:00:00-04:00,2025-10-01 00:00:00-04:00,UNH,29,-0.08947751462501086,True,False,29,1.0,0.12247298889374347,0.17514848566675,-0.014952366156104402,0.04315072119045049,0.003247871306122363,0.04806443731897758,True,True,True
Market-Residual Momentum,2025-10-01 00:00:00-04:00,2025-11-03 00:00:00-05:00,JPM,1,-0.004992934494999712,True,True,29,0.0,-0.0046437382777473335,0.0019746954001240713,-0.07012608255310504,0.033928005720840426,0.009731914976569334,0.060304243295442594,False,False,False
Market-Residual Momentum,2025-10-01 00:00:00-04:00,2025-11-03 00:00:00-05:00,GS,2,-0.005730949044623013,True,True,29,0.03571428571428571,-0.005103153186641229,0.01703585373704919,-0.06755120408201509,0.033928005720840426,0.009731914976569334,0.060304243295442594,False,False,False
Market-Residual Momentum,2025-10-01 00:00:00-04:00,2025-11-03 00:00:00-05:00,CSCO,3,-0.006243674910541119,True,True,29,0.07142857142857142,0.10545677875198756,0.10545677875198756,-0.010111712523461547,0.033928005720840426,0.009731914976569334,0.060304243295442594,True,True,True
Market-Residual Momentum,2025-10-01 00:00:00-04:00,2025-11-03 00:00:00-05:00,AXP,4,-0.006533051977371085,True,True,29,0.10714285714285714,0.09339790665914571,0.10778461579249976,-0.04304963931469896,0.033928005720840426,0.009731914976569334,0.060304243295442594,True,True,True
Market-Residual Momentum,2025-10-01 00:00:00-04:00,2025-11-03 00:00:00-05:00,KO,5,-0.006817421882502228,True,True,29,0.14285714285714285,0.03443097786554139,0.07683045980041481,-0.010073755895244063,0.033928005720840426,0.009731914976569334,0.060304243295442594,True,True,False
Market-Residual Momentum,2025-10-01 00:00:00-04:00,2025-11-03 00:00:00-05:00,MSFT,6,-0.006863997001996691,True,False,29,0.17857142857142858,0.009731914976569334,0.07560209611227764,-0.017094045710453698,0.033928005720840426,0.009731914976569334,0.060304243295442594,False,False,False
Market-Residual Momentum,2025-10-01 00:00:00-04:00,2025-11-03 00:00:00-05:00,V,7,-0.00731098767788263,True,False,29,0.21428571428571427,0.0020276025557506294,0.043166600711893155,-0.01804229300738902,0.033928005720840426,0.009731914976569334,0.060304243295442594,False,False,False
Market-Residual Momentum,2025-10-01 00:00:00-04:00,2025-11-03 00:00:00-05:00,CAT,8,-0.007343352976991069,True,False,29,0.25,0.21850726972894519,0.26141412538216846,-0.006054714158054475,0.033928005720840426,0.009731914976569334,0.060304243295442594,True,True,True
Market-Residual Momentum,2025-10-01 00:00:00-04:00,2025-11-03 00:00:00-05:00,HON,9,-0.007510988319302525,True,False,29,0.2857142857142857,0.014779787268135225,0.0569121265181336,-0.04698332693003815,0.033928005720840426,0.009731914976569334,0.060304243295442594,False,True,False
Market-Residual Momentum,2025-10-01 00:00:00-04:00,2025-11-03 00:00:00-05:00,MCD,10,-0.007803742817672932,True,False,29,0.32142857142857145,-0.0184330808798,0.03142510578068136,-0.03699804457820177,0.033928005720840426,0.009731914976569334,0.060304243295442594,False,False,False
Market-Residual Momentum,2025-10-01 00:00:00-04:00,2025-11-03 00:00:00-05:00,HD,11,-0.007919670241618215,True,False,29,0.35714285714285715,-0.06770696387761699,0.0018298924492938795,-0.07322144503929795,0.033928005720840426,0.009731914976569334,0.060304243295442594,False,False,False
Market-Residual Momentum,2025-10-01 00:00:00-04:00,2025-11-03 00:00:00-05:00,PG,12,-0.008430273173684721,True,False,29,0.39285714285714285,-0.016593081483848193,0.031234031905885917,-0.04378651689689639,0.033928005720840426,0.009731914976569334,0.060304243295442594,False,False,False
Market-Residual Momentum,2025-10-01 00:00:00-04:00,2025-11-03 00:00:00-05:00,VZ,13,-0.008943341833047569,True,False,29,0.42857142857142855,-0.08494603044856264,0.0038707192789180223,-0.11088534440264464,0.033928005720840426,0.009731914976569334,0.060304243295442594,False,False,False
Market-Residual Momentum,2025-10-01 00:00:00-04:00,2025-11-03 00:00:00-05:00,WMT,14,-0.009601656556999183,True,False,29,0.4642857142857143,-0.016965642030744243,0.06844779554538527,-0.026228398569117295,0.033928005720840426,0.009731914976569334,0.060304243295442594,False,False,False
Market-Residual Momentum,2025-10-01 00:00:00-04:00,2025-11-03 00:00:00-05:00,MMM,15,-0.010541791942388135,True,False,29,0.5,0.07484621984799666,0.11913245080020762,-0.03878277201788394,0.033928005720840426,0.009731914976569334,0.060304243295442594,True,True,True
Market-Residual Momentum,2025-10-01 00:00:00-04:00,2025-11-03 00:00:00-05:00,TRV,16,-0.01081364553860431,True,False,29,0.5357142857142857,-0.03695429725484767,0.037134379720362265,-0.09141345392151878,0.033928005720840426,0.009731914976569334,0.060304243295442594,False,False,False
Market-Residual Momentum,2025-10-01 00:00:00-04:00,2025-11-03 00:00:00-05:00,CVX,17,-0.011030527826020875,True,False,29,0.5714285714285714,0.016663379321779415,0.028095313228335694,-0.03836458382034302,0.033928005720840426,0.009731914976569334,0.060304243295442594,False,True,False
Market-Residual Momentum,2025-10-01 00:00:00-04:00,2025-11-03 00:00:00-05:00,DIS,18,-0.011048505056162283,True,False,29,0.6071428571428571,-0.013411616301920004,0.017356203504198087,-0.048825417241026514,0.033928005720840426,0.009731914976569334,0.060304243295442594,False,False,False
Market-Residual Momentum,2025-10-01 00:00:00-04:00,2025-11-03 00:00:00-05:00,AAPL,19,-0.011814577235562562,True,False,29,0.6428571428571429,0.060304243295442594,0.08735882122111072,-0.043287325754916894,0.033928005720840426,0.009731914976569334,0.060304243295442594,True,True,True
Market-Residual Momentum,2025-10-01 00:00:00-04:00,2025-11-03 00:00:00-05:00,JNJ,20,-0.011888202590443875,True,False,29,0.6785714285714286,0.016129110624882204,0.045591438681201524,-0.016451578945401613,0.033928005720840426,0.009731914976569334,0.060304243295442594,False,True,False
Market-Residual Momentum,2025-10-01 00:00:00-04:00,2025-11-03 00:00:00-05:00,CRM,21,-0.013116288658545194,True,False,29,0.7142857142857143,0.0994121799081269,0.1295614858470986,-0.012601001806033074,0.033928005720840426,0.009731914976569334,0.060304243295442594,True,True,True
Market-Residual Momentum,2025-10-01 00:00:00-04:00,2025-11-03 00:00:00-05:00,IBM,22,-0.013867619802399589,True,False,29,0.75,0.09921472300250311,0.13972168229624438,-0.059386213761610684,0.033928005720840426,0.009731914976569334,0.060304243295442594,True,True,True
Market-Residual Momentum,2025-10-01 00:00:00-04:00,2025-11-03 00:00:00-05:00,AMGN,23,-0.01612770425432153,True,False,29,0.7857142857142857,0.04914741911684173,0.06820177588372212,-0.005097599384091045,0.033928005720840426,0.009731914976569334,0.060304243295442594,True,True,False
Market-Residual Momentum,2025-10-01 00:00:00-04:00,2025-11-03 00:00:00-05:00,MRK,24,-0.01828920419159874,True,False,29,0.8214285714285714,0.00680828691882529,0.06820044775412493,-0.02382903386351365,0.033928005720840426,0.009731914976569334,0.060304243295442594,False,False,False
Market-Residual Momentum,2025-10-01 00:00:00-04:00,2025-11-03 00:00:00-05:00,BA,25,-0.01839327486105835,True,False,29,0.8571428571428571,-0.05593197293559471,0.05691326689035203,-0.07340774663949778,0.033928005720840426,0.009731914976569334,0.060304243295442594,False,False,False
Market-Residual Momentum,2025-10-01 00:00:00-04:00,2025-11-03 00:00:00-05:00,NKE,26,-0.03220313117563911,True,False,29,0.8928571428571429,-0.1295224598157585,0.03523887785828839,-0.1358439128176716,0.033928005720840426,0.009731914976569334,0.060304243295442594,False,False,False
Market-Residual Momentum,2025-10-01 00:00:00-04:00,2025-11-03 00:00:00-05:00,DOW,27,-0.04725722569455504,True,False,29,0.9285714285714286,0.030131033082267944,0.1375545295020728,-0.09825330492826156,0.033928005720840426,0.009731914976569334,0.060304243295442594,False,True,False
Market-Residual Momentum,2025-10-01 00:00:00-04:00,2025-11-03 00:00:00-05:00,INTC,28,-0.06823137892299946,True,False,29,0.9642857142857143,0.20041758023720524,0.2669251741358738,-0.0008946847715186612,0.033928005720840426,0.009731914976569334,0.060304243295442594,True,True,True
Market-Residual Momentum,2025-10-01 00:00:00-04:00,2025-11-03 00:00:00-05:00,UNH,29,-0.09248903016189147,True,False,29,1.0,-0.013870392439564783,0.10788018403285227,-0.019714997585249083,0.033928005720840426,0.009731914976569334,0.060304243295442594,False,False,False
Market-Residual Momentum,2025-11-03 00:00:00-05:00,2025-12-01 00:00:00-05:00,JPM,1,-0.004154761368899695,True,True,29,0.0,0.006270007131292887,0.03617355252958698,-0.05848885877855792,-0.010004907839144317,0.006270007131292887,0.0367542108595198,True,False,False
Market-Residual Momentum,2025-11-03 00:00:00-05:00,2025-12-01 00:00:00-05:00,MCD,2,-0.005345481782032313,True,True,29,0.03571428571428571,0.045913696525081704,0.05250780680655032,-0.010850978736937189,-0.010004907839144317,0.006270007131292887,0.0367542108595198,True,True,True
Market-Residual Momentum,2025-11-03 00:00:00-05:00,2025-12-01 00:00:00-05:00,PG,3,-0.005398682270783106,True,True,29,0.07142857142857142,-0.013324411519796686,0.009327089178653214,-0.040040131219542974,-0.010004907839144317,0.006270007131292887,0.0367542108595198,False,False,False
Market-Residual Momentum,2025-11-03 00:00:00-05:00,2025-12-01 00:00:00-05:00,KO,4,-0.005475393414824281,True,True,29,0.10714285714285714,0.06264422203601616,0.06438945895520098,-0.016569757835487642,-0.010004907839144317,0.006270007131292887,0.0367542108595198,True,True,True
Market-Residual Momentum,2025-11-03 00:00:00-05:00,2025-12-01 00:00:00-05:00,GS,5,-0.005999310976768202,True,True,29,0.14285714285714285,0.0367542108595198,0.06549136558440893,-0.045049920309350844,-0.010004907839144317,0.006270007131292887,0.0367542108595198,True,True,True
Market-Residual Momentum,2025-11-03 00:00:00-05:00,2025-12-01 00:00:00-05:00,MSFT,6,-0.006104785409300595,True,False,29,0.17857142857142858,-0.058590151717371475,0.009907513203383456,-0.10398000783035999,-0.010004907839144317,0.006270007131292887,0.0367542108595198,False,False,False
Market-Residual Momentum,2025-11-03 00:00:00-05:00,2025-12-01 00:00:00-05:00,CSCO,7,-0.006306864671900558,True,False,29,0.21428571428571427,0.02761019529768216,0.07304643921678755,-0.05455026940349095,-0.010004907839144317,0.006270007131292887,0.0367542108595198,True,True,False
Market-Residual Momentum,2025-11-03 00:00:00-05:00,2025-12-01 00:00:00-05:00,HD,8,-0.006741904214819572,True,False,29,0.25,-0.06090024306983366,0.01769175882917473,-0.12105782730692227,-0.010004907839144317,0.006270007131292887,0.0367542108595198,False,False,False
Market-Residual Momentum,2025-11-03 00:00:00-05:00,2025-12-01 00:00:00-05:00,JNJ,9,-0.006928882653182589,True,False,29,0.2857142857142857,0.09952967124880296,0.10650487370827033,-0.020529064921823825,-0.010004907839144317,0.006270007131292887,0.0367542108595198,True,True,True
Market-Residual Momentum,2025-11-03 00:00:00-05:00,2025-12-01 00:00:00-05:00,V,10,-0.006937874901947527,True,False,29,0.32142857142857145,-0.02170236908137979,0.01155985099646406,-0.06560151389472346,-0.010004907839144317,0.006270007131292887,0.0367542108595198,False,False,False
Market-Residual Momentum,2025-11-03 00:00:00-05:00,2025-12-01 00:00:00-05:00,WMT,11,-0.008122212558076547,True,False,29,0.35714285714285715,0.09611197376412961,0.09799648131586713,-0.01924223501760769,-0.010004907839144317,0.006270007131292887,0.0367542108595198,True,True,True
Market-Residual Momentum,2025-11-03 00:00:00-05:00,2025-12-01 00:00:00-05:00,CVX,12,-0.008334884177200075,True,False,29,0.39285714285714285,-0.025190262614228187,0.0036846563892274364,-0.05094953068990882,-0.010004907839144317,0.006270007131292887,0.0367542108595198,False,False,False
Market-Residual Momentum,2025-11-03 00:00:00-05:00,2025-12-01 00:00:00-05:00,CAT,13,-0.008356344699307794,True,False,29,0.42857142857142855,-0.009584508026939664,0.013994685962541276,-0.0674559913995354,-0.010004907839144317,0.006270007131292887,0.0367542108595198,True,False,False
Market-Residual Momentum,2025-11-03 00:00:00-05:00,2025-12-01 00:00:00-05:00,VZ,14,-0.008393068140884141,True,False,29,0.4642857142857143,0.036699642534602006,0.056188408634189724,-0.016957686596006716,-0.010004907839144317,0.006270007131292887,0.0367542108595198,True,True,False
Market-Residual Momentum,2025-11-03 00:00:00-05:00,2025-12-01 00:00:00-05:00,TRV,15,-0.00885394477713819,True,False,29,0.5,0.09402341974054407,0.11021758875983023,-0.011706204000498488,-0.010004907839144317,0.006270007131292887,0.0367542108595198,True,True,True
Market-Residual Momentum,2025-11-03 00:00:00-05:00,2025-12-01 00:00:00-05:00,AXP,16,-0.00893645108099439,True,False,29,0.5357142857142857,0.00792233880140758,0.04495845597157544,-0.07451528921484951,-0.010004907839144317,0.006270007131292887,0.0367542108595198,True,True,False
Market-Residual Momentum,2025-11-03 00:00:00-05:00,2025-12-01 00:00:00-05:00,HON,17,-0.010133625675921909,True,False,29,0.5714285714285714,-0.04922416864612311,0.008493481478912157,-0.06681271350623585,-0.010004907839144317,0.006270007131292887,0.0367542108595198,False,False,False
Market-Residual Momentum,2025-11-03 00:00:00-05:00,2025-12-01 00:00:00-05:00,DIS,18,-0.010218560968959789,True,False,29,0.6071428571428571,-0.06779213887459234,0.040337495189563644,-0.09471350991040617,-0.010004907839144317,0.006270007131292887,0.0367542108595198,False,False,False
Market-Residual Momentum,2025-11-03 00:00:00-05:00,2025-12-01 00:00:00-05:00,AAPL,19,-0.010632244290169512,True,False,29,0.6428571428571429,0.029064133628151412,0.03783672561058271,-0.01790836741841162,-0.010004907839144317,0.006270007131292887,0.0367542108595198,True,True,False
Market-Residual Momentum,2025-11-03 00:00:00-05:00,2025-12-01 00:00:00-05:00,MMM,20,-0.01141713601730121,True,False,29,0.6785714285714286,0.03254853468562158,0.042772505756414336,-0.04011798193358551,-0.010004907839144317,0.006270007131292887,0.0367542108595198,True,True,False
Market-Residual Momentum,2025-11-03 00:00:00-05:00,2025-12-01 00:00:00-05:00,BA,21,-0.014576411772513564,True,False,29,0.7142857142857143,-0.06473959120430928,0.017917296061527033,-0.1250741925034814,-0.010004907839144317,0.006270007131292887,0.0367542108595198,False,False,False
Market-Residual Momentum,2025-11-03 00:00:00-05:00,2025-12-01 00:00:00-05:00,IBM,22,-0.0148902145980363,True,False,29,0.75,0.0006493460475733848,0.060686346643688216,-0.05955087555900762,-0.010004907839144317,0.006270007131292887,0.0367542108595198,True,False,False
Market-Residual Momentum,2025-11-03 00:00:00-05:00,2025-12-01 00:00:00-05:00,AMGN,23,-0.016062493444929826,True,False,29,0.7857142857142857,0.15778205047888094,0.1665226979672061,-0.021143979202683738,-0.010004907839144317,0.006270007131292887,0.0367542108595198,True,True,True
Market-Residual Momentum,2025-11-03 00:00:00-05:00,2025-12-01 00:00:00-05:00,CRM,24,-0.01651592747729458,True,False,29,0.8214285714285714,-0.12050006427317206,0.005999990609976136,-0.1463076577151543,-0.010004907839144317,0.006270007131292887,0.0367542108595198,False,False,False
Market-Residual Momentum,2025-11-03 00:00:00-05:00,2025-12-01 00:00:00-05:00,MRK,25,-0.019302060186390357,True,False,29,0.8571428571428571,0.22093966411944077,0.23399784674057678,-0.04383813599075914,-0.010004907839144317,0.006270007131292887,0.0367542108595198,True,True,True
Market-Residual Momentum,2025-11-03 00:00:00-05:00,2025-12-01 00:00:00-05:00,NKE,26,-0.0229629801985054,True,False,29,0.8928571428571429,-0.008388103994978025,0.023794879783206824,-0.06844868686271055,-0.010004907839144317,0.006270007131292887,0.0367542108595198,True,False,False
Market-Residual Momentum,2025-11-03 00:00:00-05:00,2025-12-01 00:00:00-05:00,DOW,27,-0.05318072055636225,True,False,29,0.9285714285714286,0.015285884460868537,0.03335457948162501,-0.11275963154253132,-0.010004907839144317,0.006270007131292887,0.0367542108595198,True,True,False
Market-Residual Momentum,2025-11-03 00:00:00-05:00,2025-12-01 00:00:00-05:00,UNH,28,-0.06146447823042067,True,False,29,0.9642857142857143,-0.03529607117926814,0.011912880807700699,-0.10202570431683922,-0.010004907839144317,0.006270007131292887,0.0367542108595198,False,False,False
Market-Residual Momentum,2025-11-03 00:00:00-05:00,2025-12-01 00:00:00-05:00,INTC,29,-0.06906824030454217,True,False,29,1.0,-0.009689425829774834,0.008447208759947644,-0.18285715802115687,-0.010004907839144317,0.006270007131292887,0.0367542108595198,True,False,False
Market-Residual Momentum,2025-12-01 00:00:00-05:00,2026-01-02 00:00:00-05:00,MSFT,1,-0.004770791344575476,True,True,29,0.0,-0.008291725765819491,0.010359471049731228,-0.035951250976777316,0.013149893728817696,0.0027677952762414915,0.018231987765925606,False,False,False
Market-Residual Momentum,2025-12-01 00:00:00-05:00,2026-01-02 00:00:00-05:00,JPM,2,-0.0049346247300476875,True,True,29,0.03571428571428571,0.030516074767891865,0.05722954662051327,-0.046301395403875234,0.013149893728817696,0.0027677952762414915,0.018231987765925606,True,True,True
Market-Residual Momentum,2025-12-01 00:00:00-05:00,2026-01-02 00:00:00-05:00,KO,3,-0.005244378860105203,True,True,29,0.07142857142857142,-0.03787882553464261,0.004270044001430273,-0.05247937498490318,0.013149893728817696,0.0027677952762414915,0.018231987765925606,False,False,False
Market-Residual Momentum,2025-12-01 00:00:00-05:00,2026-01-02 00:00:00-05:00,PG,4,-0.0053111774366761955,True,True,29,0.10714285714285714,-0.033693513815208465,0.005334188072758428,-0.06725192277803682,0.013149893728817696,0.0027677952762414915,0.018231987765925606,False,False,False
Market-Residual Momentum,2025-12-01 00:00:00-05:00,2026-01-02 00:00:00-05:00,MCD,5,-0.005585825568898417,True,True,29,0.14285714285714285,-0.01353889488861193,0.03977637878462903,-0.031956818819850685,0.013149893728817696,0.0027677952762414915,0.018231987765925606,False,False,False
Market-Residual Momentum,2025-12-01 00:00:00-05:00,2026-01-02 00:00:00-05:00,JNJ,6,-0.006284193652584369,True,False,29,0.17857142857142858,0.0015496602443296759,0.04208230548285119,-0.0319128099508027,0.013149893728817696,0.0027677952762414915,0.018231987765925606,False,False,False
Market-Residual Momentum,2025-12-01 00:00:00-05:00,2026-01-02 00:00:00-05:00,GS,7,-0.007428601680343316,True,False,29,0.21428571428571427,0.08525929677328392,0.12835039741427767,-0.010970133044989727,0.013149893728817696,0.0027677952762414915,0.018231987765925606,True,True,True
Market-Residual Momentum,2025-12-01 00:00:00-05:00,2026-01-02 00:00:00-05:00,V,8,-0.007537506030802499,True,False,29,0.25,0.050849896076919254,0.07145439152950028,-0.0260106579827033,0.013149893728817696,0.0027677952762414915,0.018231987765925606,True,True,True
Market-Residual Momentum,2025-12-01 00:00:00-05:00,2026-01-02 00:00:00-05:00,DIS,9,-0.007670581980785962,True,False,29,0.2857142857142857,0.08852008657720645,0.10617582400062697,-0.004289024248402273,0.013149893728817696,0.0027677952762414915,0.018231987765925606,True,True,True
Market-Residual Momentum,2025-12-01 00:00:00-05:00,2026-01-02 00:00:00-05:00,VZ,10,-0.008250934000288535,True,False,29,0.32142857142857145,-0.004638700194701584,0.026855472765721977,-0.03173838288311204,0.013149893728817696,0.0027677952762414915,0.018231987765925606,False,False,False
Market-Residual Momentum,2025-12-01 00:00:00-05:00,2026-01-02 00:00:00-05:00,CSCO,11,-0.008750893197866039,True,False,29,0.35714285714285715,0.005088842420461814,0.05412808697989613,-0.013303636491351134,0.013149893728817696,0.0027677952762414915,0.018231987765925606,False,True,False
Market-Residual Momentum,2025-12-01 00:00:00-05:00,2026-01-02 00:00:00-05:00,CVX,12,-0.008830038779752414,True,False,29,0.39285714285714285,0.0027677952762414915,0.014497508719882646,-0.034662257153735165,0.013149893728817696,0.0027677952762414915,0.018231987765925606,False,False,False
Market-Residual Momentum,2025-12-01 00:00:00-05:00,2026-01-02 00:00:00-05:00,HD,13,-0.008963048132301421,True,False,29,0.42857142857142855,-0.02372200569193117,0.041291232483943396,-0.027957638939282825,0.013149893728817696,0.0027677952762414915,0.018231987765925606,False,False,False
Market-Residual Momentum,2025-12-01 00:00:00-05:00,2026-01-02 00:00:00-05:00,HON,14,-0.00899645300475238,True,False,29,0.4642857142857143,0.02843162881641015,0.06401082131711022,-0.003941682591360518,0.013149893728817696,0.0027677952762414915,0.018231987765925606,True,True,True
Market-Residual Momentum,2025-12-01 00:00:00-05:00,2026-01-02 00:00:00-05:00,AAPL,15,-0.009045421054061475,True,False,29,0.5,-0.02068264395553665,0.038164085211169096,-0.039782672575633726,0.013149893728817696,0.0027677952762414915,0.018231987765925606,False,False,False
Market-Residual Momentum,2025-12-01 00:00:00-05:00,2026-01-02 00:00:00-05:00,TRV,16,-0.009221495666403734,True,False,29,0.5357142857142857,-0.00946366323607395,0.012810767019154845,-0.05127849135360141,0.013149893728817696,0.0027677952762414915,0.018231987765925606,False,False,False
Market-Residual Momentum,2025-12-01 00:00:00-05:00,2026-01-02 00:00:00-05:00,AXP,17,-0.01002933363459757,True,False,29,0.5714285714285714,0.01775639469533541,0.0649425998875699,-0.01789142248322395,0.013149893728817696,0.0027677952762414915,0.018231987765925606,True,True,False
Market-Residual Momentum,2025-12-01 00:00:00-05:00,2026-01-02 00:00:00-05:00,WMT,18,-0.010106507729807479,True,False,29,0.6071428571428571,0.010380420925434564,0.06496613392661277,-0.0013573570082279218,0.013149893728817696,0.0027677952762414915,0.018231987765925606,False,True,False
Market-Residual Momentum,2025-12-01 00:00:00-05:00,2026-01-02 00:00:00-05:00,MMM,19,-0.011853677818397967,True,False,29,0.6428571428571429,-0.06198720720606643,0.02349442919655309,-0.07165452018435792,0.013149893728817696,0.0027677952762414915,0.018231987765925606,False,False,False
Market-Residual Momentum,2025-12-01 00:00:00-05:00,2026-01-02 00:00:00-05:00,IBM,20,-0.015362773496923388,True,False,29,0.6785714285714286,-0.029199725130878096,0.028840827703199956,-0.03526799507505496,0.013149893728817696,0.0027677952762414915,0.018231987765925606,False,False,False
Market-Residual Momentum,2025-12-01 00:00:00-05:00,2026-01-02 00:00:00-05:00,CAT,21,-0.015484913795713817,True,False,29,0.7142857142857143,0.012587558005771271,0.1000860123567493,-0.02270288356314598,0.013149893728817696,0.0027677952762414915,0.018231987765925606,False,True,False
Market-Residual Momentum,2025-12-01 00:00:00-05:00,2026-01-02 00:00:00-05:00,BA,22,-0.016501646217416344,True,False,29,0.75,0.1544770646987652,0.17421674957280486,-0.013494935230496496,0.013149893728817696,0.0027677952762414915,0.018231987765925606,True,True,True
Market-Residual Momentum,2025-12-01 00:00:00-05:00,2026-01-02 00:00:00-05:00,AMGN,23,-0.017391122379326385,True,False,29,0.7857142857142857,-0.041682555588753556,0.009648107041593912,-0.0894277476506834,0.013149893728817696,0.0027677952762414915,0.018231987765925606,False,False,False
Market-Residual Momentum,2025-12-01 00:00:00-05:00,2026-01-02 00:00:00-05:00,MRK,24,-0.01778537302818295,True,False,29,0.8214285714285714,0.01634805030320008,0.03618764674664354,-0.08269679849229461,0.013149893728817696,0.0027677952762414915,0.018231987765925606,True,True,False
Market-Residual Momentum,2025-12-01 00:00:00-05:00,2026-01-02 00:00:00-05:00,CRM,25,-0.018230315862942992,True,False,29,0.8571428571428571,0.16074592392552867,0.17874829044501217,-0.0003060832902880284,0.013149893728817696,0.0027677952762414915,0.018231987765925606,True,True,True
Market-Residual Momentum,2025-12-01 00:00:00-05:00,2026-01-02 00:00:00-05:00,NKE,26,-0.026234678240486753,True,False,29,0.8928571428571429,0.0036068058217471055,0.08420893376633165,-0.1063194776383719,0.013149893728817696,0.0027677952762414915,0.018231987765925606,False,True,False
Market-Residual Momentum,2025-12-01 00:00:00-05:00,2026-01-02 00:00:00-05:00,UNH,27,-0.03225941341526839,True,False,29,0.9285714285714286,0.018231987765925606,0.061558506590420725,-0.016539839661765643,0.013149893728817696,0.0027677952762414915,0.018231987765925606,True,True,True
Market-Residual Momentum,2025-12-01 00:00:00-05:00,2026-01-02 00:00:00-05:00,DOW,28,-0.056572733491222826,True,False,29,0.9642857142857143,-0.0021187112810439057,0.06144064280708461,-0.045762784144060875,0.013149893728817696,0.0027677952762414915,0.018231987765925606,False,False,False
Market-Residual Momentum,2025-12-01 00:00:00-05:00,2026-01-02 00:00:00-05:00,INTC,29,-0.07007980094809874,True,False,29,1.0,-0.05243352033580051,0.10436527304848475,-0.12318112825459893,0.013149893728817696,0.0027677952762414915,0.018231987765925606,False,False,False
Market-Residual Momentum,2026-01-02 00:00:00-05:00,2026-02-02 00:00:00-05:00,KO,1,-0.005487894826577078,True,True,29,0.0,0.07387267366329975,0.07387267366329975,-0.03693628199477472,0.005643786778186444,0.04349478219421976,0.08971254536362916,True,True,False
Market-Residual Momentum,2026-01-02 00:00:00-05:00,2026-02-02 00:00:00-05:00,MSFT,2,-0.006153649098864178,True,True,29,0.03571428571428571,-0.11179006704072625,0.01096225145588603,-0.13082440649194738,0.005643786778186444,0.04349478219421976,0.08971254536362916,False,False,False
Market-Residual Momentum,2026-01-02 00:00:00-05:00,2026-02-02 00:00:00-05:00,MCD,3,-0.0063808024016708265,True,True,29,0.07142857142857142,0.04490825926991571,0.04490825926991571,-0.02279804352308179,0.005643786778186444,0.04349478219421976,0.08971254536362916,True,True,False
Market-Residual Momentum,2026-01-02 00:00:00-05:00,2026-02-02 00:00:00-05:00,PG,4,-0.00638539908936242,True,True,29,0.10714285714285714,0.0726167333096781,0.0726167333096781,-0.03836214343310029,0.005643786778186444,0.04349478219421976,0.08971254536362916,True,True,False
Market-Residual Momentum,2026-01-02 00:00:00-05:00,2026-02-02 00:00:00-05:00,JNJ,5,-0.006973043889594854,True,True,29,0.14285714285714285,0.10395520631279398,0.112078113629005,-0.028575570500204095,0.005643786778186444,0.04349478219421976,0.08971254536362916,True,True,True
Market-Residual Momentum,2026-01-02 00:00:00-05:00,2026-02-02 00:00:00-05:00,V,6,-0.007016116331511224,True,False,29,0.17857142857142858,-0.07156940850812665,0.02500930691483938,-0.08091567694416069,0.005643786778186444,0.04349478219421976,0.08971254536362916,False,False,False
Market-Residual Momentum,2026-01-02 00:00:00-05:00,2026-02-02 00:00:00-05:00,JPM,7,-0.007095095755431324,True,False,29,0.21428571428571427,-0.051679617948446555,0.046155112034111045,-0.07644182352349849,0.005643786778186444,0.04349478219421976,0.08971254536362916,False,False,False
Market-Residual Momentum,2026-01-02 00:00:00-05:00,2026-02-02 00:00:00-05:00,GS,8,-0.007719200476644872,True,False,29,0.25,0.05444568055378052,0.11391399133766633,-0.003676470588235281,0.005643786778186444,0.04349478219421976,0.08971254536362916,True,True,False
Market-Residual Momentum,2026-01-02 00:00:00-05:00,2026-02-02 00:00:00-05:00,CVX,9,-0.00844768428037701,True,False,29,0.2857142857142857,0.13977796867020365,0.1651442951722042,-0.006045857790731524,0.005643786778186444,0.04349478219421976,0.08971254536362916,True,True,True
Market-Residual Momentum,2026-01-02 00:00:00-05:00,2026-02-02 00:00:00-05:00,AAPL,10,-0.008738627517235531,True,False,29,0.32142857142857145,-0.04492043820889757,0.020495064908978566,-0.10592823397619688,0.005643786778186444,0.04349478219421976,0.08971254536362916,False,False,False
Market-Residual Momentum,2026-01-02 00:00:00-05:00,2026-02-02 00:00:00-05:00,CSCO,11,-0.008828017184874581,True,False,29,0.35714285714285715,0.019178145209117314,0.03692104707714927,-0.0502282231658272,0.005643786778186444,0.04349478219421976,0.08971254536362916,True,False,False
Market-Residual Momentum,2026-01-02 00:00:00-05:00,2026-02-02 00:00:00-05:00,VZ,12,-0.008843999912556022,True,False,29,0.39285714285714285,0.11242220620709875,0.11366983803566555,-0.034802837770160466,0.005643786778186444,0.04349478219421976,0.08971254536362916,True,True,True
Market-Residual Momentum,2026-01-02 00:00:00-05:00,2026-02-02 00:00:00-05:00,TRV,13,-0.008892948896405573,True,False,29,0.42857142857142855,-0.009355109624782698,0.009978975573452953,-0.07141109228918308,0.005643786778186444,0.04349478219421976,0.08971254536362916,False,False,False
Market-Residual Momentum,2026-01-02 00:00:00-05:00,2026-02-02 00:00:00-05:00,DIS,14,-0.009171824121097849,True,False,29,0.4642857142857143,-0.08312768072555843,0.022831396365330603,-0.08312768072555843,0.005643786778186444,0.04349478219421976,0.08971254536362916,False,False,False
Market-Residual Momentum,2026-01-02 00:00:00-05:00,2026-02-02 00:00:00-05:00,HON,15,-0.009917088509253325,True,False,29,0.5,0.15611434013302072,0.17323325380001608,-0.011957690060938275,0.005643786778186444,0.04349478219421976,0.08971254536362916,True,True,True
Market-Residual Momentum,2026-01-02 00:00:00-05:00,2026-02-02 00:00:00-05:00,AXP,16,-0.010388705600879455,True,False,29,0.5357142857142857,-0.05182681757650287,0.045358626552757686,-0.06765903942496576,0.005643786778186444,0.04349478219421976,0.08971254536362916,False,False,False
Market-Residual Momentum,2026-01-02 00:00:00-05:00,2026-02-02 00:00:00-05:00,WMT,17,-0.011155677734190905,True,False,29,0.5714285714285714,0.07242213356518445,0.09144754522892495,-0.014538336265418561,0.005643786778186444,0.04349478219421976,0.08971254536362916,True,True,False
Market-Residual Momentum,2026-01-02 00:00:00-05:00,2026-02-02 00:00:00-05:00,HD,18,-0.011214728481490743,True,False,29,0.6071428571428571,0.08971254536362916,0.1373497059066866,-0.016655506235738082,0.005643786778186444,0.04349478219421976,0.08971254536362916,True,True,True
Market-Residual Momentum,2026-01-02 00:00:00-05:00,2026-02-02 00:00:00-05:00,MMM,19,-0.011970715608529692,True,False,29,0.6428571428571429,-0.040911910201050894,0.08094943902230689,-0.05059334693875506,0.005643786778186444,0.04349478219421976,0.08971254536362916,False,False,False
Market-Residual Momentum,2026-01-02 00:00:00-05:00,2026-02-02 00:00:00-05:00,IBM,20,-0.01533462926273721,True,False,29,0.6785714285714286,0.03343865611709873,0.0750773162056464,-0.028767299465070728,0.005643786778186444,0.04349478219421976,0.08971254536362916,True,False,False
Market-Residual Momentum,2026-01-02 00:00:00-05:00,2026-02-02 00:00:00-05:00,AMGN,21,-0.016752619848020456,True,False,29,0.7142857142857143,0.032545633344768676,0.07445941280925994,-0.03211964051208216,0.005643786778186444,0.04349478219421976,0.08971254536362916,True,False,False
Market-Residual Momentum,2026-01-02 00:00:00-05:00,2026-02-02 00:00:00-05:00,CAT,22,-0.01694623418735175,True,False,29,0.75,0.1450401581965366,0.18004285246811103,-0.003947487302175201,0.005643786778186444,0.04349478219421976,0.08971254536362916,True,True,True
Market-Residual Momentum,2026-01-02 00:00:00-05:00,2026-02-02 00:00:00-05:00,CRM,23,-0.019874025046532573,True,False,29,0.7857142857142857,-0.19113209143623766,0.010679095433403951,-0.2121509891100103,0.005643786778186444,0.04349478219421976,0.08971254536362916,False,False,False
Market-Residual Momentum,2026-01-02 00:00:00-05:00,2026-02-02 00:00:00-05:00,MRK,24,-0.019879142269342176,True,False,29,0.8214285714285714,0.04349478219421976,0.06983802976726539,-0.010423561895623767,0.005643786778186444,0.04349478219421976,0.08971254536362916,True,False,False
Market-Residual Momentum,2026-01-02 00:00:00-05:00,2026-02-02 00:00:00-05:00,BA,25,-0.020241850867859013,True,False,29,0.8571428571428571,0.06642221360794442,0.1659409269761829,-0.013339392549793772,0.005643786778186444,0.04349478219421976,0.08971254536362916,True,True,False
Market-Residual Momentum,2026-01-02 00:00:00-05:00,2026-02-02 00:00:00-05:00,UNH,26,-0.03317977147037554,True,False,29,0.8928571428571429,-0.13563004232700737,0.08150494627180183,-0.15261412179224643,0.005643786778186444,0.04349478219421976,0.08971254536362916,False,False,False
Market-Residual Momentum,2026-01-02 00:00:00-05:00,2026-02-02 00:00:00-05:00,NKE,27,-0.034234589207717825,True,False,29,0.9285714285714286,-0.03656255355038929,0.048906278077817555,-0.04656254828954742,0.005643786778186444,0.04349478219421976,0.08971254536362916,False,False,False
Market-Residual Momentum,2026-01-02 00:00:00-05:00,2026-02-02 00:00:00-05:00,DOW,28,-0.05709113073663041,True,False,29,0.9642857142857143,0.16772828078230062,0.23524420393917422,-0.010403352009422218,0.005643786778186444,0.04349478219421976,0.08971254536362916,True,True,True
Market-Residual Momentum,2026-01-02 00:00:00-05:00,2026-02-02 00:00:00-05:00,INTC,29,-0.07486099692709636,True,False,29,1.0,0.20810168162801612,0.4455916815563077,-0.00026481694755742247,0.005643786778186444,0.04349478219421976,0.08971254536362916,True,True,True
Market-Residual Momentum,2026-02-02 00:00:00-05:00,2026-03-02 00:00:00-05:00,JNJ,1,-0.0056467146393226475,True,True,29,0.0,0.09720874606315877,0.09720874606315877,-0.004686436973958652,-0.01577764548015448,0.010097060395595658,0.08443777828674293,True,True,True
Market-Residual Momentum,2026-02-02 00:00:00-05:00,2026-03-02 00:00:00-05:00,KO,2,-0.005804418957110369,True,True,29,0.03571428571428571,0.08318882345009859,0.09318742914539913,-0.008132256938797155,-0.01577764548015448,0.010097060395595658,0.08443777828674293,True,True,False
Market-Residual Momentum,2026-02-02 00:00:00-05:00,2026-03-02 00:00:00-05:00,MCD,3,-0.006158312544448541,True,True,29,0.07142857142857142,0.06915351497447664,0.07006259866560471,-0.011880904529535607,-0.01577764548015448,0.010097060395595658,0.08443777828674293,True,True,False
Market-Residual Momentum,2026-02-02 00:00:00-05:00,2026-03-02 00:00:00-05:00,PG,4,-0.006794730314692798,True,True,29,0.10714285714285714,0.08443777828674293,0.09729690936568458,-0.007676146063513634,-0.01577764548015448,0.010097060395595658,0.08443777828674293,True,True,True
Market-Residual Momentum,2026-02-02 00:00:00-05:00,2026-03-02 00:00:00-05:00,TRV,5,-0.007548860826639636,True,True,29,0.14285714285714285,0.07572316045926519,0.08359274143576223,-0.009198661593848967,-0.01577764548015448,0.010097060395595658,0.08443777828674293,True,True,False
Market-Residual Momentum,2026-02-02 00:00:00-05:00,2026-03-02 00:00:00-05:00,MSFT,6,-0.0075897550524343105,True,False,29,0.17857142857142858,-0.0847976999573199,0.0011621420866239074,-0.11077253668486431,-0.01577764548015448,0.010097060395595658,0.08443777828674293,False,False,False
Market-Residual Momentum,2026-02-02 00:00:00-05:00,2026-03-02 00:00:00-05:00,V,7,-0.008036919390592256,True,False,29,0.21428571428571427,-0.026719818067762913,0.03928209398434768,-0.06503407085927959,-0.01577764548015448,0.010097060395595658,0.08443777828674293,False,False,False
Market-Residual Momentum,2026-02-02 00:00:00-05:00,2026-03-02 00:00:00-05:00,JPM,8,-0.008072932318419768,True,False,29,0.25,-0.03169535149197278,0.07206214557454205,-0.042961215801187724,-0.01577764548015448,0.010097060395595658,0.08443777828674293,False,False,False
Market-Residual Momentum,2026-02-02 00:00:00-05:00,2026-03-02 00:00:00-05:00,VZ,9,-0.008109317425549323,True,False,29,0.2857142857142857,0.12113048599828935,0.1323462812860523,-0.01570212503786461,-0.01577764548015448,0.010097060395595658,0.08443777828674293,True,True,True
Market-Residual Momentum,2026-02-02 00:00:00-05:00,2026-03-02 00:00:00-05:00,HON,10,-0.008894663055830865,True,False,29,0.32142857142857145,0.07808063130677279,0.08734087847186389,-0.005127287653962864,-0.01577764548015448,0.010097060395595658,0.08443777828674293,True,True,False
Market-Residual Momentum,2026-02-02 00:00:00-05:00,2026-03-02 00:00:00-05:00,AAPL,11,-0.00890837891127294,True,False,29,0.35714285714285715,0.010097060395595658,0.080298375121574,-0.016694078830489234,-0.01577764548015448,0.010097060395595658,0.08443777828674293,True,False,False
Market-Residual Momentum,2026-02-02 00:00:00-05:00,2026-03-02 00:00:00-05:00,CSCO,12,-0.009055466780527821,True,False,29,0.39285714285714285,0.008064424384270685,0.12890417613035088,-0.06016397483396563,-0.01577764548015448,0.010097060395595658,0.08443777828674293,True,False,False
Market-Residual Momentum,2026-02-02 00:00:00-05:00,2026-03-02 00:00:00-05:00,GS,13,-0.00988846856186032,True,False,29,0.42857142857142855,-0.09409555756248555,0.03890012960137024,-0.09409555756248555,-0.01577764548015448,0.010097060395595658,0.08443777828674293,False,False,False
Market-Residual Momentum,2026-02-02 00:00:00-05:00,2026-03-02 00:00:00-05:00,CVX,14,-0.009963066070120319,True,False,29,0.4642857142857143,0.10811736128000371,0.10811736128000371,-0.004554938502083772,-0.01577764548015448,0.010097060395595658,0.08443777828674293,True,True,True
Market-Residual Momentum,2026-02-02 00:00:00-05:00,2026-03-02 00:00:00-05:00,DIS,15,-0.010088563650006654,True,False,29,0.5,0.005768691035825224,0.06826263624080742,-0.028747299918624125,-0.01577764548015448,0.010097060395595658,0.08443777828674293,True,False,False
Market-Residual Momentum,2026-02-02 00:00:00-05:00,2026-03-02 00:00:00-05:00,AXP,16,-0.011233869763789484,True,False,29,0.5357142857142857,-0.1345796600833974,0.054659706636285055,-0.1345796600833974,-0.01577764548015448,0.010097060395595658,0.08443777828674293,False,False,False
Market-Residual Momentum,2026-02-02 00:00:00-05:00,2026-03-02 00:00:00-05:00,WMT,17,-0.01141711471505058,True,False,29,0.5714285714285714,0.06661090271057457,0.12711287662505022,-0.0037656648388467717,-0.01577764548015448,0.010097060395595658,0.08443777828674293,True,True,False
Market-Residual Momentum,2026-02-02 00:00:00-05:00,2026-03-02 00:00:00-05:00,HD,18,-0.01189350272655676,True,False,29,0.6071428571428571,0.0020307878680767555,0.0625000762087844,-0.01603249293653075,-0.01577764548015448,0.010097060395595658,0.08443777828674293,True,False,False
Market-Residual Momentum,2026-02-02 00:00:00-05:00,2026-03-02 00:00:00-05:00,MMM,19,-0.013184633030278503,True,False,29,0.6428571428571429,0.0615312108370345,0.15538905246874957,-0.019537609510751675,-0.01577764548015448,0.010097060395595658,0.08443777828674293,True,True,False
Market-Residual Momentum,2026-02-02 00:00:00-05:00,2026-03-02 00:00:00-05:00,IBM,20,-0.014950481254114134,True,False,29,0.6785714285714286,-0.22915082640577522,0.029690106314819165,-0.2781424054571683,-0.01577764548015448,0.010097060395595658,0.08443777828674293,False,False,False
Market-Residual Momentum,2026-02-02 00:00:00-05:00,2026-03-02 00:00:00-05:00,AMGN,21,-0.017165134525095715,True,False,29,0.7142857142857143,0.15087788291281612,0.15722556603186355,-0.0025922552443216063,-0.01577764548015448,0.010097060395595658,0.08443777828674293,True,True,True
Market-Residual Momentum,2026-02-02 00:00:00-05:00,2026-03-02 00:00:00-05:00,MRK,22,-0.018773844438974452,True,False,29,0.75,0.12159460006996281,0.1363966273506807,-0.0015438230484889903,-0.01577764548015448,0.010097060395595658,0.08443777828674293,True,True,True
Market-Residual Momentum,2026-02-02 00:00:00-05:00,2026-03-02 00:00:00-05:00,CAT,23,-0.019004186125142986,True,False,29,0.7857142857142857,0.1116516705036692,0.19700826016897222,-0.0036222221543870115,-0.01577764548015448,0.010097060395595658,0.08443777828674293,True,True,True
Market-Residual Momentum,2026-02-02 00:00:00-05:00,2026-03-02 00:00:00-05:00,BA,24,-0.01974526208791605,True,False,29,0.8214285714285714,-0.028541950683756312,0.06542297653298723,-0.033227285711053045,-0.01577764548015448,0.010097060395595658,0.08443777828674293,False,False,False
Market-Residual Momentum,2026-02-02 00:00:00-05:00,2026-03-02 00:00:00-05:00,CRM,25,-0.023796707615056256,True,False,29,0.8571428571428571,-0.1019360910413184,0.011849746740413725,-0.18558430257239278,-0.01577764548015448,0.010097060395595658,0.08443777828674293,False,False,False
Market-Residual Momentum,2026-02-02 00:00:00-05:00,2026-03-02 00:00:00-05:00,NKE,26,-0.02496166977271752,True,False,29,0.8928571428571429,-0.02209552902066647,0.1107688038467014,-0.02209552902066647,-0.01577764548015448,0.010097060395595658,0.08443777828674293,False,False,False
Market-Residual Momentum,2026-02-02 00:00:00-05:00,2026-03-02 00:00:00-05:00,UNH,27,-0.02974192848469559,True,False,29,0.9285714285714286,0.007482007660800871,0.032305402104409575,-0.06898122019939357,-0.01577764548015448,0.010097060395595658,0.08443777828674293,True,False,False
Market-Residual Momentum,2026-02-02 00:00:00-05:00,2026-03-02 00:00:00-05:00,DOW,28,-0.040721300786890846,True,False,29,0.9642857142857143,0.1295862927405338,0.264363658843491,-0.014545440673828125,-0.01577764548015448,0.010097060395595658,0.08443777828674293,True,True,True
Market-Residual Momentum,2026-02-02 00:00:00-05:00,2026-03-02 00:00:00-05:00,INTC,29,-0.10363102424814219,True,False,29,1.0,-0.031339037293492855,0.12842429264035982,-0.06026736654892628,-0.01577764548015448,0.010097060395595658,0.08443777828674293,False,False,False
Market-Residual Momentum,2026-03-02 00:00:00-05:00,2026-04-01 00:00:00-04:00,JNJ,1,-0.0055483958025940305,True,True,29,0.0,-0.014406655088718745,0.010112782406081822,-0.06802039618112099,-0.0339092644447434,-0.03174412256600856,0.001800739939127327,True,True,False
Market-Residual Momentum,2026-03-02 00:00:00-05:00,2026-04-01 00:00:00-04:00,MCD,2,-0.005881318567069416,True,True,29,0.03571428571428571,-0.0854902100391064,0.002023111611873185,-0.1013822612749099,-0.0339092644447434,-0.03174412256600856,0.001800739939127327,False,False,False
Market-Residual Momentum,2026-03-02 00:00:00-05:00,2026-04-01 00:00:00-04:00,KO,3,-0.006153789517778119,True,True,29,0.07142857142857142,-0.05632481100321851,0.001846172626202014,-0.08210084771199755,-0.0339092644447434,-0.03174412256600856,0.001800739939127327,False,False,False
Market-Residual Momentum,2026-03-02 00:00:00-05:00,2026-04-01 00:00:00-04:00,PG,4,-0.006751976240284896,True,True,29,0.10714285714285714,-0.1292878713465685,0.007623025088057345,-0.14084343824889445,-0.0339092644447434,-0.03174412256600856,0.001800739939127327,False,False,False
Market-Residual Momentum,2026-03-02 00:00:00-05:00,2026-04-01 00:00:00-04:00,TRV,5,-0.007834354339529725,True,True,29,0.14285714285714285,-0.050528442978369115,0.01807776564809771,-0.07108685618274224,-0.0339092644447434,-0.03174412256600856,0.001800739939127327,False,False,False
Market-Residual Momentum,2026-03-02 00:00:00-05:00,2026-04-01 00:00:00-04:00,JPM,6,-0.00910493988080685,True,False,29,0.17857142857142858,0.0019673802305253396,0.025711453100570214,-0.05328857456975833,-0.0339092644447434,-0.03174412256600856,0.001800739939127327,True,True,True
Market-Residual Momentum,2026-03-02 00:00:00-05:00,2026-04-01 00:00:00-04:00,V,7,-0.009539156715443253,True,False,29,0.21428571428571427,-0.0331221053691334,0.032551457086426705,-0.06713145431233725,-0.0339092644447434,-0.03174412256600856,0.001800739939127327,True,False,False
Market-Residual Momentum,2026-03-02 00:00:00-05:00,2026-04-01 00:00:00-04:00,AAPL,8,-0.009635656557083094,True,False,29,0.25,-0.03174412256600856,0.01570060233866921,-0.06440300959528777,-0.0339092644447434,-0.03174412256600856,0.001800739939127327,True,False,False
Market-Residual Momentum,2026-03-02 00:00:00-05:00,2026-04-01 00:00:00-04:00,GS,9,-0.010275159748119767,True,False,29,0.2857142857142857,0.02375000606414135,0.04619046100080526,-0.07083337491568953,-0.0339092644447434,-0.03174412256600856,0.001800739939127327,True,True,True
Market-Residual Momentum,2026-03-02 00:00:00-05:00,2026-04-01 00:00:00-04:00,HON,10,-0.0105138138563724,True,False,29,0.32142857142857145,-0.063823711648613,0.0225793414001072,-0.09423165829413083,-0.0339092644447434,-0.03174412256600856,0.001800739939127327,False,False,False
Market-Residual Momentum,2026-03-02 00:00:00-05:00,2026-04-01 00:00:00-04:00,CVX,11,-0.010779984539482812,True,False,29,0.35714285714285715,0.06126199392624043,0.12809325375835812,-0.032469983907356226,-0.0339092644447434,-0.03174412256600856,0.001800739939127327,True,True,True
Market-Residual Momentum,2026-03-02 00:00:00-05:00,2026-04-01 00:00:00-04:00,HD,12,-0.011222464277783395,True,False,29,0.39285714285714285,-0.11580788122981578,0.00029329427083335524,-0.14026352756293714,-0.0339092644447434,-0.03174412256600856,0.001800739939127327,False,False,False
Market-Residual Momentum,2026-03-02 00:00:00-05:00,2026-04-01 00:00:00-04:00,AXP,13,-0.0122040288371702,True,False,29,0.42857142857142855,0.011774352922731879,0.03054076773301473,-0.04033642385550007,-0.0339092644447434,-0.03174412256600856,0.001800739939127327,True,True,True
Market-Residual Momentum,2026-03-02 00:00:00-05:00,2026-04-01 00:00:00-04:00,MSFT,14,-0.013211949812060308,True,False,29,0.4642857142857143,-0.049305026728782564,0.05139242428162172,-0.09311202338025648,-0.0339092644447434,-0.03174412256600856,0.001800739939127327,False,False,False
Market-Residual Momentum,2026-03-02 00:00:00-05:00,2026-04-01 00:00:00-04:00,WMT,15,-0.0140877192041573,True,False,29,0.5,-0.026721548532736117,0.010120829474292048,-0.07216222783108195,-0.0339092644447434,-0.03174412256600856,0.001800739939127327,True,True,False
Market-Residual Momentum,2026-03-02 00:00:00-05:00,2026-04-01 00:00:00-04:00,DIS,16,-0.015122598440971746,True,False,29,0.5357142857142857,-0.07026097727817249,0.0,-0.11872672636971804,-0.0339092644447434,-0.03174412256600856,0.001800739939127327,False,False,False
Market-Residual Momentum,2026-03-02 00:00:00-05:00,2026-04-01 00:00:00-04:00,MMM,17,-0.015538555472451643,True,False,29,0.5714285714285714,-0.10014172525781351,0.012078581398119459,-0.14130769655574804,-0.0339092644447434,-0.03174412256600856,0.001800739939127327,False,False,False
Market-Residual Momentum,2026-03-02 00:00:00-05:00,2026-04-01 00:00:00-04:00,VZ,18,-0.015789592450083267,True,False,29,0.6071428571428571,0.001800739939127327,0.03401364369341242,-0.0214086044553935,-0.0339092644447434,-0.03174412256600856,0.001800739939127327,True,True,True
Market-Residual Momentum,2026-03-02 00:00:00-05:00,2026-04-01 00:00:00-04:00,CSCO,19,-0.01618566442026803,True,False,29,0.6428571428571429,-0.009523760300096717,0.05536507307632621,-0.0450794253210165,-0.0339092644447434,-0.03174412256600856,0.001800739939127327,True,True,False
Market-Residual Momentum,2026-03-02 00:00:00-05:00,2026-04-01 00:00:00-04:00,MRK,20,-0.018598966724835075,True,False,29,0.6785714285714286,-0.0140447943889761,0.0015382949455555739,-0.08060167346817226,-0.0339092644447434,-0.03174412256600856,0.001800739939127327,True,True,False
Market-Residual Momentum,2026-03-02 00:00:00-05:00,2026-04-01 00:00:00-04:00,IBM,21,-0.019575814246799994,True,False,29,0.7142857142857143,0.027238075315520582,0.10470946096944678,-0.008273139294030507,-0.0339092644447434,-0.03174412256600856,0.001800739939127327,True,True,True
Market-Residual Momentum,2026-03-02 00:00:00-05:00,2026-04-01 00:00:00-04:00,AMGN,22,-0.01980126299232654,True,False,29,0.75,-0.08530930280699911,0.008479403466293611,-0.11095357354568869,-0.0339092644447434,-0.03174412256600856,0.001800739939127327,False,False,False
Market-Residual Momentum,2026-03-02 00:00:00-05:00,2026-04-01 00:00:00-04:00,BA,23,-0.02010157598251594,True,False,29,0.7857142857142857,-0.0995575221238938,0.026371711123306163,-0.16938052557211003,-0.0339092644447434,-0.03174412256600856,0.001800739939127327,False,False,False
Market-Residual Momentum,2026-03-02 00:00:00-05:00,2026-04-01 00:00:00-04:00,CAT,24,-0.02148671893899512,True,False,29,0.8214285714285714,-0.015664828683689125,0.030320782192635676,-0.09630672746356794,-0.0339092644447434,-0.03174412256600856,0.001800739939127327,True,True,False
Market-Residual Momentum,2026-03-02 00:00:00-05:00,2026-04-01 00:00:00-04:00,NKE,25,-0.026773007616072153,True,False,29,0.8571428571428571,-0.22270447409982663,0.02721197348740878,-0.22270447409982663,-0.0339092644447434,-0.03174412256600856,0.001800739939127327,False,False,False
Market-Residual Momentum,2026-03-02 00:00:00-05:00,2026-04-01 00:00:00-04:00,CRM,26,-0.027231836698855316,True,False,29,0.8928571428571429,-0.029350639823251368,0.06420773005901315,-0.07106494097190463,-0.0339092644447434,-0.03174412256600856,0.001800739939127327,True,True,False
Market-Residual Momentum,2026-03-02 00:00:00-05:00,2026-04-01 00:00:00-04:00,UNH,27,-0.04025337452127353,True,False,29,0.9285714285714286,-0.041012756162422837,0.024812582612499856,-0.10480297533351546,-0.0339092644447434,-0.03174412256600856,0.001800739939127327,False,False,False
Market-Residual Momentum,2026-03-02 00:00:00-05:00,2026-04-01 00:00:00-04:00,DOW,28,-0.04153993793624666,True,False,29,0.9642857142857143,0.3547230636787553,0.3921824254741373,-0.04283390133419762,-0.0339092644447434,-0.03174412256600856,0.001800739939127327,True,True,True
Market-Residual Momentum,2026-03-02 00:00:00-05:00,2026-04-01 00:00:00-04:00,INTC,29,-0.10058944488887289,True,False,29,1.0,0.018099529937821268,0.11244337828548345,-0.08076922247063778,-0.0339092644447434,-0.03174412256600856,0.001800739939127327,True,True,True
Market-Residual Momentum,2026-04-01 00:00:00-04:00,2026-05-01 00:00:00-04:00,JNJ,1,-0.006052477467322737,True,True,29,0.0,-0.06734533819100108,0.0065553943043605845,-0.08884367083863431,0.10299734048914799,0.04123440006099455,0.09123102466737243,False,False,False
Market-Residual Momentum,2026-04-01 00:00:00-04:00,2026-05-01 00:00:00-04:00,MCD,2,-0.006707125580926565,True,True,29,0.03571428571428571,-0.049875903432626045,0.007640895753157073,-0.06728575479004117,0.10299734048914799,0.04123440006099455,0.09123102466737243,False,False,False
Market-Residual Momentum,2026-04-01 00:00:00-04:00,2026-05-01 00:00:00-04:00,KO,3,-0.006799656053829595,True,True,29,0.07142857142857142,0.04123440006099455,0.05476027918455606,-0.02101116001916592,0.10299734048914799,0.04123440006099455,0.09123102466737243,False,False,False
Market-Residual Momentum,2026-04-01 00:00:00-04:00,2026-05-01 00:00:00-04:00,TRV,4,-0.007548616656906204,True,True,29,0.10714285714285714,0.05529966484789317,0.07086881394291944,-0.008386041081469453,0.10299734048914799,0.04123440006099455,0.09123102466737243,False,True,False
Market-Residual Momentum,2026-04-01 00:00:00-04:00,2026-05-01 00:00:00-04:00,AAPL,5,-0.007837502145962016,True,True,29,0.14285714285714285,0.09752829417302289,0.09752829417302289,-0.03298179567813819,0.10299734048914799,0.04123440006099455,0.09123102466737243,False,True,True
Market-Residual Momentum,2026-04-01 00:00:00-04:00,2026-05-01 00:00:00-04:00,PG,6,-0.008690051851643066,True,False,29,0.17857142857142858,0.035182374128667426,0.0670353224461111,-0.022095689401313123,0.10299734048914799,0.04123440006099455,0.09123102466737243,False,False,False
Market-Residual Momentum,2026-04-01 00:00:00-04:00,2026-05-01 00:00:00-04:00,JPM,7,-0.009784179870583665,True,False,29,0.21428571428571427,0.06827147800603406,0.0896742492765552,-0.022580380221962293,0.10299734048914799,0.04123440006099455,0.09123102466737243,False,True,False
Market-Residual Momentum,2026-04-01 00:00:00-04:00,2026-05-01 00:00:00-04:00,V,8,-0.010048482775941836,True,False,29,0.25,0.09123102466737243,0.12106223767393098,-0.036584079957758586,0.10299734048914799,0.04123440006099455,0.09123102466737243,False,True,True
Market-Residual Momentum,2026-04-01 00:00:00-04:00,2026-05-01 00:00:00-04:00,CVX,9,-0.011192749548692649,True,False,29,0.2857142857142857,-0.05292335668932979,0.017278064812578764,-0.12005547160147823,0.10299734048914799,0.04123440006099455,0.09123102466737243,False,False,False
Market-Residual Momentum,2026-04-01 00:00:00-04:00,2026-05-01 00:00:00-04:00,HON,10,-0.011219551718337328,True,False,29,0.32142857142857145,-0.05360674981078861,0.04233962578421502,-0.08529561072260272,0.10299734048914799,0.04123440006099455,0.09123102466737243,False,False,False
Market-Residual Momentum,2026-04-01 00:00:00-04:00,2026-05-01 00:00:00-04:00,HD,11,-0.012412404945412847,True,False,29,0.35714285714285715,0.0022164192454454668,0.07341287356970216,-0.042687479001433104,0.10299734048914799,0.04123440006099455,0.09123102466737243,False,False,False
Market-Residual Momentum,2026-04-01 00:00:00-04:00,2026-05-01 00:00:00-04:00,GS,12,-0.013659941337114567,True,False,29,0.39285714285714285,0.06564336830005946,0.10705274729345526,-0.03366473097179601,0.10299734048914799,0.04123440006099455,0.09123102466737243,False,True,False
Market-Residual Momentum,2026-04-01 00:00:00-04:00,2026-05-01 00:00:00-04:00,MSFT,13,-0.014084027029484414,True,False,29,0.42857142857142855,0.10525044942483608,0.16120918228485404,-0.025007360058162287,0.10299734048914799,0.04123440006099455,0.09123102466737243,True,True,True
Market-Residual Momentum,2026-04-01 00:00:00-04:00,2026-05-01 00:00:00-04:00,WMT,14,-0.014266638761315842,True,False,29,0.4642857142857143,0.0655896006415988,0.06995150347625367,-0.019951535119198782,0.10299734048914799,0.04123440006099455,0.09123102466737243,False,True,False
Market-Residual Momentum,2026-04-01 00:00:00-04:00,2026-05-01 00:00:00-04:00,DIS,15,-0.015343309974760189,True,False,29,0.5,0.07341150370929261,0.10127490157359054,-0.022311402195860586,0.10299734048914799,0.04123440006099455,0.09123102466737243,False,True,False
Market-Residual Momentum,2026-04-01 00:00:00-04:00,2026-05-01 00:00:00-04:00,VZ,16,-0.016036706655987776,True,False,29,0.5357142857142857,-0.021044147610346564,0.0019971734517791884,-0.10253933607689159,0.10299734048914799,0.04123440006099455,0.09123102466737243,False,False,False
Market-Residual Momentum,2026-04-01 00:00:00-04:00,2026-05-01 00:00:00-04:00,AXP,17,-0.01630218519919746,True,False,29,0.5714285714285714,0.06104180466417586,0.11176065701049298,-0.043241021097280896,0.10299734048914799,0.04123440006099455,0.09123102466737243,False,True,False
Market-Residual Momentum,2026-04-01 00:00:00-04:00,2026-05-01 00:00:00-04:00,MMM,18,-0.01666718275768031,True,False,29,0.6071428571428571,0.008628887169417565,0.08300226523598009,-0.0265032899098675,0.10299734048914799,0.04123440006099455,0.09123102466737243,False,False,False
Market-Residual Momentum,2026-04-01 00:00:00-04:00,2026-05-01 00:00:00-04:00,CSCO,19,-0.017315398478888744,True,False,29,0.6428571428571429,0.18265590604766269,0.18265590604766269,-0.01340076518329425,0.10299734048914799,0.04123440006099455,0.09123102466737243,True,True,True
Market-Residual Momentum,2026-04-01 00:00:00-04:00,2026-05-01 00:00:00-04:00,MRK,20,-0.019017080890847415,True,False,29,0.6785714285714286,-0.07073126875436397,0.02581074054510779,-0.10737920984499749,0.10299734048914799,0.04123440006099455,0.09123102466737243,False,False,False
Market-Residual Momentum,2026-04-01 00:00:00-04:00,2026-05-01 00:00:00-04:00,AMGN,21,-0.019886900754342185,True,False,29,0.7142857142857143,-0.06305999710593213,0.01282063267600253,-0.06305999710593213,0.10299734048914799,0.04123440006099455,0.09123102466737243,False,False,False
Market-Residual Momentum,2026-04-01 00:00:00-04:00,2026-05-01 00:00:00-04:00,CAT,22,-0.02212976659514221,True,False,29,0.75,0.24452550072355894,0.24471974115781925,-0.02455681179576452,0.10299734048914799,0.04123440006099455,0.09123102466737243,True,True,True
Market-Residual Momentum,2026-04-01 00:00:00-04:00,2026-05-01 00:00:00-04:00,BA,23,-0.022201533709718113,True,False,29,0.7857142857142857,0.1321867021940264,0.1619164469201091,-0.0058967909004530306,0.10299734048914799,0.04123440006099455,0.09123102466737243,True,True,True
Market-Residual Momentum,2026-04-01 00:00:00-04:00,2026-05-01 00:00:00-04:00,NKE,24,-0.0273681232513443,True,False,29,0.8214285714285714,-0.037371145543847684,0.008805819073968602,-0.09600516027945338,0.10299734048914799,0.04123440006099455,0.09123102466737243,False,False,False
Market-Residual Momentum,2026-04-01 00:00:00-04:00,2026-05-01 00:00:00-04:00,IBM,25,-0.029743717890358123,True,False,29,0.8571428571428571,-0.03126548624121628,0.06765235135169445,-0.08421448162203715,0.10299734048914799,0.04123440006099455,0.09123102466737243,False,False,False
Market-Residual Momentum,2026-04-01 00:00:00-04:00,2026-05-01 00:00:00-04:00,CRM,26,-0.03157463167408492,True,False,29,0.8928571428571429,-0.02250114441301021,0.03850188741216032,-0.12267082491314152,0.10299734048914799,0.04123440006099455,0.09123102466737243,False,False,False
Market-Residual Momentum,2026-04-01 00:00:00-04:00,2026-05-01 00:00:00-04:00,UNH,27,-0.03796243922422382,True,False,29,0.9285714285714286,0.3564786619502922,0.3565879901081921,-0.012581531661724044,0.10299734048914799,0.04123440006099455,0.09123102466737243,True,True,True
Market-Residual Momentum,2026-04-01 00:00:00-04:00,2026-05-01 00:00:00-04:00,DOW,28,-0.05014940937309664,True,False,29,0.9642857142857143,-0.0156287470726979,0.018754435468733233,-0.16326045644091902,0.10299734048914799,0.04123440006099455,0.09123102466737243,False,False,False
Market-Residual Momentum,2026-04-01 00:00:00-04:00,2026-05-01 00:00:00-04:00,INTC,29,-0.08605874043289274,True,False,29,1.0,1.071111043294271,1.1264444986979165,-0.00044445461697051325,0.10299734048914799,0.04123440006099455,0.09123102466737243,True,True,True
Market-Residual Momentum,2026-05-01 00:00:00-04:00,2026-06-01 00:00:00-04:00,KO,1,-0.006632049293485043,True,True,29,0.0,-0.008954416056738745,0.04250227139632168,-0.019674573090179392,0.04729289090034916,-0.008954416056738745,0.09089405158571906,False,False,False
Market-Residual Momentum,2026-05-01 00:00:00-04:00,2026-06-01 00:00:00-04:00,TRV,2,-0.006746353957080342,True,True,29,0.03571428571428571,-0.05712418537771413,0.01094289530278747,-0.05712418537771413,0.04729289090034916,-0.008954416056738745,0.09089405158571906,False,False,False
Market-Residual Momentum,2026-05-01 00:00:00-04:00,2026-06-01 00:00:00-04:00,JNJ,3,-0.006849682181481076,True,True,29,0.07142857142857142,-0.019978862062088654,0.028114945375046885,-0.03793763945776052,0.04729289090034916,-0.008954416056738745,0.09089405158571906,False,False,False
Market-Residual Momentum,2026-05-01 00:00:00-04:00,2026-06-01 00:00:00-04:00,MCD,4,-0.007022603604078692,True,True,29,0.10714285714285714,-0.056260701851559514,0.002986000437001035,-0.07709532272149444,0.04729289090034916,-0.008954416056738745,0.09089405158571906,False,False,False
Market-Residual Momentum,2026-05-01 00:00:00-04:00,2026-06-01 00:00:00-04:00,AAPL,5,-0.008186897399809268,True,True,29,0.14285714285714285,0.1113651184711053,0.13063985741131257,-0.014344138832980247,0.04729289090034916,-0.008954416056738745,0.09089405158571906,True,True,True
Market-Residual Momentum,2026-05-01 00:00:00-04:00,2026-06-01 00:00:00-04:00,PG,6,-0.00962551327626393,True,False,29,0.17857142857142858,-0.04294301402373957,0.009535427799209462,-0.05261371803216752,0.04729289090034916,-0.008954416056738745,0.09089405158571906,False,False,False
Market-Residual Momentum,2026-05-01 00:00:00-04:00,2026-06-01 00:00:00-04:00,V,7,-0.009749784832609132,True,False,29,0.21428571428571427,-0.014844826511770881,0.008966747917916962,-0.05022828301840554,0.04729289090034916,-0.008954416056738745,0.09089405158571906,False,False,False
Market-Residual Momentum,2026-05-01 00:00:00-04:00,2026-06-01 00:00:00-04:00,JPM,8,-0.009856049039239534,True,False,29,0.25,-0.051791726998575593,0.007485177975068202,-0.06459622468790738,0.04729289090034916,-0.008954416056738745,0.09089405158571906,False,False,False
Market-Residual Momentum,2026-05-01 00:00:00-04:00,2026-06-01 00:00:00-04:00,HON,9,-0.011742316198604663,True,False,29,0.2857142857142857,0.09420077868753274,0.12197665104076805,-0.030181889241122084,0.04729289090034916,-0.008954416056738745,0.09089405158571906,True,True,True
Market-Residual Momentum,2026-05-01 00:00:00-04:00,2026-06-01 00:00:00-04:00,CVX,10,-0.013125153683062663,True,False,29,0.32142857142857145,-0.02734574666753098,0.0490928680936924,-0.061526467962030984,0.04729289090034916,-0.008954416056738745,0.09089405158571906,False,False,False
Market-Residual Momentum,2026-05-01 00:00:00-04:00,2026-06-01 00:00:00-04:00,GS,11,-0.01336374151098041,True,False,29,0.35714285714285715,0.11283799627730162,0.12092966671473815,-0.01898739737218702,0.04729289090034916,-0.008954416056738745,0.09089405158571906,True,True,True
Market-Residual Momentum,2026-05-01 00:00:00-04:00,2026-06-01 00:00:00-04:00,HD,12,-0.013663707897337951,True,False,29,0.39285714285714285,-0.045349870411398596,0.0012722899193906567,-0.12420481261347527,0.04729289090034916,-0.008954416056738745,0.09089405158571906,False,False,False
Market-Residual Momentum,2026-05-01 00:00:00-04:00,2026-06-01 00:00:00-04:00,MMM,13,-0.014110961192739357,True,False,29,0.42857142857142855,0.02598774237284096,0.0693941322366407,-0.03999184451254201,0.04729289090034916,-0.008954416056738745,0.09089405158571906,False,True,False
Market-Residual Momentum,2026-05-01 00:00:00-04:00,2026-06-01 00:00:00-04:00,AXP,14,-0.014296184654473243,True,False,29,0.4642857142857143,-0.03485685781468073,0.0016334292147284213,-0.0660461443097603,0.04729289090034916,-0.008954416056738745,0.09089405158571906,False,False,False
Market-Residual Momentum,2026-05-01 00:00:00-04:00,2026-06-01 00:00:00-04:00,WMT,15,-0.014711481673988613,True,False,29,0.5,-0.12864645648086803,0.026515686281642692,-0.12879838529795473,0.04729289090034916,-0.008954416056738745,0.09089405158571906,False,False,False
Market-Residual Momentum,2026-05-01 00:00:00-04:00,2026-06-01 00:00:00-04:00,DIS,16,-0.015515969690514053,True,False,29,0.5357142857142857,-0.02624520753139392,0.05823753032434986,-0.04157094775696224,0.04729289090034916,-0.008954416056738745,0.09089405158571906,False,False,False
Market-Residual Momentum,2026-05-01 00:00:00-04:00,2026-06-01 00:00:00-04:00,VZ,17,-0.015717078898477288,True,False,29,0.5714285714285714,-0.016359487981939536,0.013874487143420211,-0.051356359153521325,0.04729289090034916,-0.008954416056738745,0.09089405158571906,False,False,False
Market-Residual Momentum,2026-05-01 00:00:00-04:00,2026-06-01 00:00:00-04:00,MRK,18,-0.016338279812960876,True,False,29,0.6071428571428571,0.046470221396261335,0.09614523636256922,-0.014065712790504059,0.04729289090034916,-0.008954416056738745,0.09089405158571906,False,True,False
Market-Residual Momentum,2026-05-01 00:00:00-04:00,2026-06-01 00:00:00-04:00,MSFT,19,-0.016621346606947807,True,False,29,0.6428571428571429,0.12850487181837766,0.12850487181837766,-0.028875972177436315,0.04729289090034916,-0.008954416056738745,0.09089405158571906,True,True,True
Market-Residual Momentum,2026-05-01 00:00:00-04:00,2026-06-01 00:00:00-04:00,AMGN,20,-0.018321332561866743,True,False,29,0.6785714285714286,0.010157344955157743,0.04173039107920906,-0.036088099997032,0.04729289090034916,-0.008954416056738745,0.09089405158571906,False,True,False
Market-Residual Momentum,2026-05-01 00:00:00-04:00,2026-06-01 00:00:00-04:00,CSCO,21,-0.01906720019669761,True,False,29,0.7142857142857143,0.3057220274742718,0.32348770224042545,-0.008174435422328319,0.04729289090034916,-0.008954416056738745,0.09089405158571906,True,True,True
Market-Residual Momentum,2026-05-01 00:00:00-04:00,2026-06-01 00:00:00-04:00,CAT,22,-0.022918677329693105,True,False,29,0.75,-0.04089918330636311,0.038479537238811146,-0.05718970212409957,0.04729289090034916,-0.008954416056738745,0.09089405158571906,False,False,False
Market-Residual Momentum,2026-05-01 00:00:00-04:00,2026-06-01 00:00:00-04:00,BA,23,-0.0230421613711409,True,False,29,0.7857142857142857,-0.008854137761172609,0.0593316570740714,-0.07118053095024246,0.04729289090034916,-0.008954416056738745,0.09089405158571906,False,True,False
Market-Residual Momentum,2026-05-01 00:00:00-04:00,2026-06-01 00:00:00-04:00,IBM,24,-0.03311706459722752,True,False,29,0.8214285714285714,0.3853077903295168,0.3853077903295168,-0.08802891376958133,0.04729289090034916,-0.008954416056738745,0.09089405158571906,True,True,True
Market-Residual Momentum,2026-05-01 00:00:00-04:00,2026-06-01 00:00:00-04:00,CRM,25,-0.03587418731669845,True,False,29,0.8571428571428571,0.09089405158571906,0.09089405158571906,-0.09802959975733794,0.04729289090034916,-0.008954416056738745,0.09089405158571906,True,True,True
Market-Residual Momentum,2026-05-01 00:00:00-04:00,2026-06-01 00:00:00-04:00,NKE,26,-0.03883607647560072,True,False,29,0.8928571428571429,0.024705807423917037,0.0631414823759,-0.0774208643254507,0.04729289090034916,-0.008954416056738745,0.09089405158571906,False,True,False
Market-Residual Momentum,2026-05-01 00:00:00-04:00,2026-06-01 00:00:00-04:00,UNH,27,-0.04473901769046695,True,False,29,0.9285714285714286,0.01115708661586412,0.08654153653200058,-0.03685879067290132,0.04729289090034916,-0.008954416056738745,0.09089405158571906,False,True,False
Market-Residual Momentum,2026-05-01 00:00:00-04:00,2026-06-01 00:00:00-04:00,DOW,28,-0.061330814520640264,True,False,29,0.9642857142857143,-0.15490300548311875,0.013067878733585392,-0.1747658766798844,0.04729289090034916,-0.008954416056738745,0.09089405158571906,False,False,False
Market-Residual Momentum,2026-05-01 00:00:00-04:00,2026-06-01 00:00:00-04:00,INTC,29,-0.08643136749848856,True,False,29,1.0,0.17414167262201508,0.42435626981534735,-0.0063304330172700984,0.04729289090034916,-0.008954416056738745,0.09089405158571906,True,True,True
Market-Residual Momentum,2026-06-01 00:00:00-04:00,2026-07-01 00:00:00-04:00,KO,1,-0.006728110979316804,True,True,29,0.0,0.04641729838316011,0.07100882048139945,-0.022524895412676327,-0.011174391690643826,-0.005249541528497992,0.09681442325960399,True,True,False
Market-Residual Momentum,2026-06-01 00:00:00-04:00,2026-07-01 00:00:00-04:00,TRV,2,-0.006842834846366386,True,True,29,0.03571428571428571,0.15117789735350584,0.15898214018916068,-0.0082899831974933,-0.011174391690643826,-0.005249541528497992,0.09681442325960399,True,True,True
Market-Residual Momentum,2026-06-01 00:00:00-04:00,2026-07-01 00:00:00-04:00,JNJ,3,-0.006994269009745091,True,True,29,0.07142857142857142,0.13463263200100362,0.16442651187290358,-0.010573479581627465,-0.011174391690643826,-0.005249541528497992,0.09681442325960399,True,True,True
Market-Residual Momentum,2026-06-01 00:00:00-04:00,2026-07-01 00:00:00-04:00,MCD,4,-0.007484512416846778,True,True,29,0.10714285714285714,-0.021706845656177642,0.04721715071068622,-0.04241299935479814,-0.011174391690643826,-0.005249541528497992,0.09681442325960399,False,False,False
Market-Residual Momentum,2026-06-01 00:00:00-04:00,2026-07-01 00:00:00-04:00,AAPL,5,-0.00876994988994828,True,True,29,0.14285714285714285,-0.052288207913766205,0.025094464327964472,-0.11588024210800285,-0.011174391690643826,-0.005249541528497992,0.09681442325960399,False,False,False
Market-Residual Momentum,2026-06-01 00:00:00-04:00,2026-07-01 00:00:00-04:00,JPM,6,-0.010220398401589947,True,False,29,0.17857142857142858,0.10306024114111079,0.15371694937115166,-0.00812934087686612,-0.011174391690643826,-0.005249541528497992,0.09681442325960399,True,True,True
Market-Residual Momentum,2026-06-01 00:00:00-04:00,2026-07-01 00:00:00-04:00,PG,7,-0.010329773564402789,True,False,29,0.21428571428571427,0.035401320992344276,0.0835923978317068,-0.018795955213428472,-0.011174391690643826,-0.005249541528497992,0.09681442325960399,True,True,False
Market-Residual Momentum,2026-06-01 00:00:00-04:00,2026-07-01 00:00:00-04:00,HON,8,-0.010577204431251874,True,False,29,0.25,-0.0737603246038564,0.02684616916956073,-0.1217093818274052,-0.011174391690643826,-0.005249541528497992,0.09681442325960399,False,False,False
Market-Residual Momentum,2026-06-01 00:00:00-04:00,2026-07-01 00:00:00-04:00,GS,9,-0.012400164356301868,True,False,29,0.2857142857142857,-0.005249541528497992,0.10801412453508874,-0.015059181551949519,-0.011174391690643826,-0.005249541528497992,0.09681442325960399,True,False,False
Market-Residual Momentum,2026-06-01 00:00:00-04:00,2026-07-01 00:00:00-04:00,HD,10,-0.013387344461365136,True,False,29,0.32142857142857145,0.13170778812515005,0.13170778812515005,-0.025418092205149012,-0.011174391690643826,-0.005249541528497992,0.09681442325960399,True,True,True
Market-Residual Momentum,2026-06-01 00:00:00-04:00,2026-07-01 00:00:00-04:00,V,11,-0.013531301149105612,True,False,29,0.35714285714285715,0.05286314259311098,0.0566827377325021,-0.05579665143547308,-0.011174391690643826,-0.005249541528497992,0.09681442325960399,True,True,False
Market-Residual Momentum,2026-06-01 00:00:00-04:00,2026-07-01 00:00:00-04:00,CVX,12,-0.013670924462575673,True,False,29,0.39285714285714285,-0.10630225828329032,0.045069947874456284,-0.10630225828329032,-0.011174391690643826,-0.005249541528497992,0.09681442325960399,False,False,False
Market-Residual Momentum,2026-06-01 00:00:00-04:00,2026-07-01 00:00:00-04:00,AXP,13,-0.014218233793652835,True,False,29,0.42857142857142855,0.09059260744624487,0.12568649879562455,-0.041927483994841586,-0.011174391690643826,-0.005249541528497992,0.09681442325960399,True,True,False
Market-Residual Momentum,2026-06-01 00:00:00-04:00,2026-07-01 00:00:00-04:00,MMM,14,-0.014760049728689606,True,False,29,0.4642857142857143,0.07836093019233514,0.12924893526986891,-0.01283847476260469,-0.011174391690643826,-0.005249541528497992,0.09681442325960399,True,True,False
Market-Residual Momentum,2026-06-01 00:00:00-04:00,2026-07-01 00:00:00-04:00,MRK,15,-0.01488021784624538,True,False,29,0.5,0.09681442325960399,0.11634989434357124,-0.04404663604748482,-0.011174391690643826,-0.005249541528497992,0.09681442325960399,True,True,True
Market-Residual Momentum,2026-06-01 00:00:00-04:00,2026-07-01 00:00:00-04:00,VZ,16,-0.015021137871286117,True,False,29,0.5357142857142857,-0.10757894991049033,0.014947322952563846,-0.11578947553932373,-0.011174391690643826,-0.005249541528497992,0.09681442325960399,False,False,False
Market-Residual Momentum,2026-06-01 00:00:00-04:00,2026-07-01 00:00:00-04:00,DIS,17,-0.015866312479485778,True,False,29,0.5714285714285714,-0.04298831246096235,0.02823128875042724,-0.04853913061785031,-0.011174391690643826,-0.005249541528497992,0.09681442325960399,False,False,False
Market-Residual Momentum,2026-06-01 00:00:00-04:00,2026-07-01 00:00:00-04:00,AMGN,18,-0.016313522757268495,True,False,29,0.6071428571428571,0.08773771543461861,0.08917745525620369,-0.03323539782698881,-0.011174391690643826,-0.005249541528497992,0.09681442325960399,True,True,False
Market-Residual Momentum,2026-06-01 00:00:00-04:00,2026-07-01 00:00:00-04:00,MSFT,19,-0.018604529503200684,True,False,29,0.6428571428571429,-0.1807288793137629,0.003183914891119466,-0.24877376697834042,-0.011174391690643826,-0.005249541528497992,0.09681442325960399,False,False,False
Market-Residual Momentum,2026-06-01 00:00:00-04:00,2026-07-01 00:00:00-04:00,WMT,20,-0.018656234053108678,True,False,29,0.6785714285714286,-0.040094186079683625,0.071559303096425,-0.040094186079683625,-0.011174391690643826,-0.005249541528497992,0.09681442325960399,False,False,False
Market-Residual Momentum,2026-06-01 00:00:00-04:00,2026-07-01 00:00:00-04:00,CAT,21,-0.020536982963064165,True,False,29,0.7142857142857143,0.2020090217941528,0.24797715554581923,-0.007893854909943432,-0.011174391690643826,-0.005249541528497992,0.09681442325960399,True,True,True
Market-Residual Momentum,2026-06-01 00:00:00-04:00,2026-07-01 00:00:00-04:00,BA,22,-0.023687526388215807,True,False,29,0.75,-0.04860748849994734,0.01304955210883807,-0.08937643898913261,-0.011174391690643826,-0.005249541528497992,0.09681442325960399,False,False,False
Market-Residual Momentum,2026-06-01 00:00:00-04:00,2026-07-01 00:00:00-04:00,CSCO,23,-0.026820759047117115,True,False,29,0.7857142857142857,-0.027211996803068406,0.08823034027546206,-0.057929911120453204,-0.011174391690643826,-0.005249541528497992,0.09681442325960399,False,False,False
Market-Residual Momentum,2026-06-01 00:00:00-04:00,2026-07-01 00:00:00-04:00,NKE,24,-0.037617987598765446,True,False,29,0.8214285714285714,-0.09050964170590381,0.0173550287254578,-0.12126538669272369,-0.011174391690643826,-0.005249541528497992,0.09681442325960399,False,False,False
Market-Residual Momentum,2026-06-01 00:00:00-04:00,2026-07-01 00:00:00-04:00,IBM,25,-0.03856991494137996,True,False,29,0.8571428571428571,-0.13297157428990225,0.03072394501001874,-0.2445201948679835,-0.011174391690643826,-0.005249541528497992,0.09681442325960399,False,False,False
Market-Residual Momentum,2026-06-01 00:00:00-04:00,2026-07-01 00:00:00-04:00,CRM,26,-0.039842064465818394,True,False,29,0.8928571428571429,-0.18169213481382507,0.0633458935239779,-0.261898582625421,-0.011174391690643826,-0.005249541528497992,0.09681442325960399,False,False,False
Market-Residual Momentum,2026-06-01 00:00:00-04:00,2026-07-01 00:00:00-04:00,UNH,27,-0.043951169106693166,True,False,29,0.9285714285714286,0.11534471365724408,0.14427722161585477,-0.003695685963733042,-0.011174391690643826,-0.005249541528497992,0.09681442325960399,True,True,True
Market-Residual Momentum,2026-06-01 00:00:00-04:00,2026-07-01 00:00:00-04:00,DOW,28,-0.054675804795756844,True,False,29,0.9642857142857143,-0.21751827045078698,0.052262800453353186,-0.21751827045078698,-0.011174391690643826,-0.005249541528497992,0.09681442325960399,False,False,False
Market-Residual Momentum,2026-06-01 00:00:00-04:00,2026-07-01 00:00:00-04:00,INTC,29,-0.1248894342932444,True,False,29,1.0,0.23366535340871075,0.3008316339809314,-0.10143469289194629,-0.011174391690643826,-0.005249541528497992,0.09681442325960399,True,True,True
Market-Residual Momentum,2026-07-01 00:00:00-04:00,2026-08-03 00:00:00-04:00,MCD,1,-0.007588417330091968,True,True,29,0.0,0.020203483645062414,0.06234969881041863,-0.03437560978694498,0.005959734820679463,0.026968140332092494,0.0829866176492835,True,False,False
Market-Residual Momentum,2026-07-01 00:00:00-04:00,2026-08-03 00:00:00-04:00,KO,2,-0.007727532321049058,True,True,29,0.03571428571428571,0.0829866176492835,0.11285191634149139,-0.010648655442896171,0.005959734820679463,0.026968140332092494,0.0829866176492835,True,True,True
Market-Residual Momentum,2026-07-01 00:00:00-04:00,2026-08-03 00:00:00-04:00,JNJ,3,-0.007877999407724046,True,True,29,0.07142857142857142,0.006791712618768431,0.08548862348068864,-0.030641636749598966,0.005959734820679463,0.026968140332092494,0.0829866176492835,True,False,False
Market-Residual Momentum,2026-07-01 00:00:00-04:00,2026-08-03 00:00:00-04:00,TRV,4,-0.007936101317327582,True,True,29,0.10714285714285714,0.13615948033777614,0.20130161984344075,-0.019584801329094792,0.005959734820679463,0.026968140332092494,0.0829866176492835,True,True,True
Market-Residual Momentum,2026-07-01 00:00:00-04:00,2026-08-03 00:00:00-04:00,AAPL,5,-0.010167538740148085,True,True,29,0.14285714285714285,0.05500269831438409,0.17424347234324178,-0.014449257766829704,0.005959734820679463,0.026968140332092494,0.0829866176492835,True,True,False
Market-Residual Momentum,2026-07-01 00:00:00-04:00,2026-08-03 00:00:00-04:00,PG,6,-0.011184940813046329,True,False,29,0.17857142857142858,0.002789700292519459,0.05662466470468375,-0.036056859531724994,0.005959734820679463,0.026968140332092494,0.0829866176492835,False,False,False
Market-Residual Momentum,2026-07-01 00:00:00-04:00,2026-08-03 00:00:00-04:00,JPM,7,-0.011694446885136545,True,False,29,0.21428571428571427,0.0821439540032638,0.09912172286532184,-0.010232315380591883,0.005959734820679463,0.026968140332092494,0.0829866176492835,True,True,False
Market-Residual Momentum,2026-07-01 00:00:00-04:00,2026-08-03 00:00:00-04:00,V,8,-0.013369866938764408,True,False,29,0.25,0.0694798798033438,0.0853551960116532,-0.010390023791594816,0.005959734820679463,0.026968140332092494,0.0829866176492835,True,True,False
Market-Residual Momentum,2026-07-01 00:00:00-04:00,2026-08-03 00:00:00-04:00,HON,9,-0.013667065117085264,True,False,29,0.2857142857142857,0.07989093326565988,0.10861821017962936,-0.040517356774840474,0.005959734820679463,0.026968140332092494,0.0829866176492835,True,True,False
Market-Residual Momentum,2026-07-01 00:00:00-04:00,2026-08-03 00:00:00-04:00,HD,10,-0.013725068797845852,True,False,29,0.32142857142857145,-0.040058824660319736,0.013757825204925522,-0.0873778807655724,0.005959734820679463,0.026968140332092494,0.0829866176492835,False,False,False
Market-Residual Momentum,2026-07-01 00:00:00-04:00,2026-08-03 00:00:00-04:00,GS,11,-0.013967940562630177,True,False,29,0.35714285714285715,0.014851485148514865,0.14256434676670793,-0.03198018593363239,0.005959734820679463,0.026968140332092494,0.0829866176492835,True,False,False
Market-Residual Momentum,2026-07-01 00:00:00-04:00,2026-08-03 00:00:00-04:00,CVX,12,-0.014522152015138734,True,False,29,0.39285714285714285,0.18570226099769993,0.1997209460027205,0.0,0.005959734820679463,0.026968140332092494,0.0829866176492835,True,True,True
Market-Residual Momentum,2026-07-01 00:00:00-04:00,2026-08-03 00:00:00-04:00,DIS,13,-0.015253528163411967,True,False,29,0.42857142857142855,0.011082337244988194,0.03417913327868294,-0.04205080331081734,0.005959734820679463,0.026968140332092494,0.0829866176492835,True,False,False
Market-Residual Momentum,2026-07-01 00:00:00-04:00,2026-08-03 00:00:00-04:00,AXP,14,-0.015326979727603773,True,False,29,0.4642857142857143,0.0008876888562165952,0.06618473599343644,-0.06575981075369608,0.005959734820679463,0.026968140332092494,0.0829866176492835,False,False,False
Market-Residual Momentum,2026-07-01 00:00:00-04:00,2026-08-03 00:00:00-04:00,MMM,15,-0.015579530294168809,True,False,29,0.5,0.09801985892185461,0.14058351243185152,-0.05274198395883445,0.005959734820679463,0.026968140332092494,0.0829866176492835,True,True,True
Market-Residual Momentum,2026-07-01 00:00:00-04:00,2026-08-03 00:00:00-04:00,VZ,16,-0.016066354305028785,True,False,29,0.5357142857142857,0.13533066316283437,0.17587815415987373,-0.03845253391665615,0.005959734820679463,0.026968140332092494,0.0829866176492835,True,True,True
Market-Residual Momentum,2026-07-01 00:00:00-04:00,2026-08-03 00:00:00-04:00,MRK,17,-0.016669412527715144,True,False,29,0.5714285714285714,0.014530120226293963,0.05499577257263244,-0.06132326522603948,0.005959734820679463,0.026968140332092494,0.0829866176492835,True,False,False
Market-Residual Momentum,2026-07-01 00:00:00-04:00,2026-08-03 00:00:00-04:00,WMT,18,-0.016905337021828948,True,False,29,0.6071428571428571,0.026968140332092494,0.07227821014247415,-0.03032776192852371,0.005959734820679463,0.026968140332092494,0.0829866176492835,True,False,False
Market-Residual Momentum,2026-07-01 00:00:00-04:00,2026-08-03 00:00:00-04:00,AMGN,19,-0.01723481570178198,True,False,29,0.6428571428571429,0.07133991883972102,0.09116065922598393,-0.02393622303423648,0.005959734820679463,0.026968140332092494,0.0829866176492835,True,True,False
Market-Residual Momentum,2026-07-01 00:00:00-04:00,2026-08-03 00:00:00-04:00,BA,20,-0.02060471880415926,True,False,29,0.6785714285714286,0.017214423215160313,0.093068221172522,-0.06149314622177804,0.005959734820679463,0.026968140332092494,0.0829866176492835,True,False,False
Market-Residual Momentum,2026-07-01 00:00:00-04:00,2026-08-03 00:00:00-04:00,MSFT,21,-0.022081629176345152,True,False,29,0.7142857142857143,0.2502429049810142,0.2502429049810142,-0.019641265045824197,0.005959734820679463,0.026968140332092494,0.0829866176492835,True,True,True
Market-Residual Momentum,2026-07-01 00:00:00-04:00,2026-08-03 00:00:00-04:00,CAT,22,-0.023937503725797282,True,False,29,0.75,-0.21358950331344517,0.007099161935486098,-0.24806607780091516,0.005959734820679463,0.026968140332092494,0.0829866176492835,False,False,False
Market-Residual Momentum,2026-07-01 00:00:00-04:00,2026-08-03 00:00:00-04:00,CSCO,23,-0.029952104101282573,True,False,29,0.7857142857142857,-0.012967998206539488,0.047408062292819686,-0.07386080836689335,0.005959734820679463,0.026968140332092494,0.0829866176492835,False,False,False
Market-Residual Momentum,2026-07-01 00:00:00-04:00,2026-08-03 00:00:00-04:00,NKE,24,-0.039490970446154905,True,False,29,0.8214285714285714,0.028260824295234688,0.08792268733065378,-0.03115944125559922,0.005959734820679463,0.026968140332092494,0.0829866176492835,True,True,False
Market-Residual Momentum,2026-07-01 00:00:00-04:00,2026-08-03 00:00:00-04:00,UNH,25,-0.0438661618751619,True,False,29,0.8571428571428571,0.0007672013029105251,0.10671048723062726,-0.01395309872942807,0.005959734820679463,0.026968140332092494,0.0829866176492835,False,False,False
Market-Residual Momentum,2026-07-01 00:00:00-04:00,2026-08-03 00:00:00-04:00,CRM,26,-0.047898033044207144,True,False,29,0.8928571428571429,0.1650228336272781,0.17235847148736028,-0.043582833627278106,0.005959734820679463,0.026968140332092494,0.0829866176492835,True,True,True
Market-Residual Momentum,2026-07-01 00:00:00-04:00,2026-08-03 00:00:00-04:00,DOW,27,-0.05187494597237585,True,False,29,0.9285714285714286,0.126492589309823,0.2212686744026262,0.0,0.005959734820679463,0.026968140332092494,0.0829866176492835,True,True,True
Market-Residual Momentum,2026-07-01 00:00:00-04:00,2026-08-03 00:00:00-04:00,IBM,28,-0.05536654051972645,True,False,29,0.9642857142857143,-0.18354427593142786,0.11492517822372306,-0.28774226950244663,0.005959734820679463,0.026968140332092494,0.0829866176492835,False,False,False
Market-Residual Momentum,2026-07-01 00:00:00-04:00,2026-08-03 00:00:00-04:00,INTC,29,-0.13563029767006052,True,False,29,1.0,-0.34518517388237846,0.0054815221715855955,-0.39414814136646414,0.005959734820679463,0.026968140332092494,0.0829866176492835,False,False,False
